17520,55.23,49.62,49.0,49.46,48.54
17521,55.23,49.62,49.0,49.46,48.54
17522,55.23,49.62,49.0,49.46,48.54
17523,55.23,49.62,49.0,49.46,48.54
17524,55.23,49.62,49.0,49.46,48.54
17525,55.23,49.62,49.0,49.46,48.54
17526,55.23,49.62,49.0,49.46,48.54
17527,55.23,49.62,49.0,49.46,48.54
17528,55.23,49.62,49.0,49.46,48.54
17529,55.23,49.62,49.0,49.46,48.54
17530,55.23,49.62,49.0,49.46,48.54
17531,55.23,49.62,49.0,49.46,48.54
17532,55.23,49.62,49.0,49.46,48.54
17533,55.23,49.62,49.0,49.46,48.54
17534,55.2,49.62,49.0,49.46,48.54
17535,55.15,49.62,49.0,49.46,48.54
17536,55.11,49.62,49.0,49.46,48.54
17537,55.06,49.62,49.0,49.46,48.54
17538,55.01,49.62,49.0,49.46,48.54
17539,54.97,49.62,49.0,49.46,48.54
17540,54.92,49.62,49.0,49.46,48.54
17541,54.87,49.62,49.0,49.46,48.54
17542,54.83,49.62,49.0,49.46,48.54
17543,54.78,49.62,49.0,49.46,48.54
17544,54.74,49.62,49.0,49.46,48.54
17545,54.69,49.62,49.0,49.46,48.54
17546,54.64,49.62,49.0,49.46,48.54
17547,54.58,49.62,49.0,49.46,48.54
17548,54.49,49.62,49.0,49.46,48.54
17549,54.41,49.62,49.0,49.46,48.54
17550,54.32,49.62,49.0,49.46,48.54
17551,54.23,49.62,49.0,49.46,48.54
17552,54.15,49.62,49.0,49.46,48.54
17553,54.06,49.62,49.0,49.46,48.54
17554,53.97,49.62,49.0,49.46,48.54
17555,53.89,49.62,49.0,49.46,48.54
17556,53.8,49.62,49.0,49.46,48.54
17557,53.71,49.62,49.0,49.46,48.54
17558,53.62,49.62,49.0,49.46,48.54
17559,53.54,49.62,49.0,49.46,48.54
17560,53.45,49.62,49.0,49.46,48.54
17561,53.36,49.62,49.0,49.46,48.54
17562,53.28,49.62,49.0,49.46,48.54
17563,53.19,49.62,49.0,49.46,48.54
17564,53.1,49.62,49.0,49.46,48.54
17565,53.02,49.62,49.0,49.46,48.54
17566,52.93,49.62,49.0,49.46,48.54
17567,52.84,49.62,49.0,49.46,48.54
17568,52.76,49.62,49.0,49.46,48.54
17569,52.67,49.62,49.0,49.46,48.54
17570,52.58,49.62,49.0,49.46,48.54
17571,52.5,49.62,49.0,49.46,48.54
17572,52.41,49.62,49.0,49.46,48.54
17573,52.32,49.62,49.0,49.46,48.54
17574,52.32,49.62,49.0,49.46,48.54
17575,52.33,49.62,49.0,49.46,48.54
17576,52.35,49.62,49.0,49.46,48.54
17577,52.36,49.62,49.0,49.46,48.54
17578,52.38,49.62,49.0,49.46,48.54
17579,52.39,49.62,49.0,49.46,48.54
17580,52.41,49.62,49.0,49.46,48.54
17581,52.42,49.62,49.0,49.46,48.54
17582,52.44,49.62,49.0,49.46,48.54
17583,52.45,49.62,49.0,49.46,48.54
17584,52.47,49.62,49.0,49.46,48.54
17585,52.48,49.62,49.0,49.46,48.54
17586,52.5,49.62,49.0,49.46,48.54
17587,52.51,49.62,49.0,49.46,48.54
17588,52.53,49.62,49.0,49.46,48.54
17589,52.54,49.62,49.0,49.46,48.54
17590,52.56,49.62,49.0,49.46,48.54
17591,52.57,49.62,49.0,49.46,48.54
17592,52.59,49.62,49.0,49.46,48.54
17593,52.6,49.62,49.0,49.46,48.54
17594,52.62,49.62,49.0,49.46,48.54
17595,52.63,49.62,49.0,49.46,48.54
17596,52.65,49.62,49.0,49.46,48.54
17597,52.66,49.62,49.0,49.46,48.54
17598,52.68,49.62,49.0,49.46,48.54
17599,52.69,49.62,49.0,49.46,48.54
17600,52.71,49.62,49.0,49.46,48.54
17601,52.72,49.62,49.0,49.46,48.54
17602,52.74,49.62,49.0,49.46,48.54
17603,52.75,49.62,49.0,49.46,48.54
17604,52.77,49.62,49.0,49.46,48.54
17605,52.78,49.62,49.0,49.46,48.54
17606,52.8,49.62,49.0,49.46,48.54
17607,52.81,49.62,49.0,49.46,48.54
17608,52.83,49.62,49.0,49.46,48.54
17609,52.84,49.62,49.0,49.46,48.54
17610,52.86,49.62,49.0,49.46,48.54
17611,52.87,49.62,49.0,49.46,48.54
17612,52.89,49.62,49.0,49.46,48.54
17613,52.9,49.62,49.0,49.46,48.54
17614,52.92,49.62,49.0,49.46,48.54
17615,52.93,49.62,49.0,49.46,48.54
17616,52.94,49.62,49.0,49.46,48.54
17617,52.96,49.62,49.0,49.46,48.54
17618,52.97,49.62,49.0,49.46,48.54
17619,52.99,49.62,49.0,49.46,48.54
17620,53.0,49.62,49.0,49.45,48.54
17621,53.02,49.62,49.0,49.45,48.54
17622,53.03,49.62,49.0,49.45,48.54
17623,53.05,49.62,49.0,49.45,48.54
17624,53.06,49.62,49.0,49.45,48.54
17625,53.08,49.62,49.0,49.45,48.54
17626,53.09,49.62,49.0,49.45,48.54
17627,53.11,49.61,49.0,49.45,48.54
17628,53.12,49.6,49.0,49.45,48.54
17629,53.14,49.58,49.0,49.44,48.54
17630,53.15,49.57,49.0,49.44,48.54
17631,53.17,49.56,49.0,49.44,48.54
17632,53.18,49.55,49.0,49.44,48.54
17633,53.2,49.54,49.0,49.44,48.54
17634,53.21,49.53,49.0,49.44,48.54
17635,53.23,49.52,49.0,49.44,48.54
17636,53.24,49.5,49.0,49.44,48.54
17637,53.26,49.49,49.0,49.44,48.54
17638,53.27,49.48,49.0,49.44,48.54
17639,53.29,49.47,49.0,49.43,48.54
17640,53.3,49.47,49.0,49.43,48.54
17641,53.32,49.48,49.0,49.43,48.54
17642,53.33,49.49,49.0,49.43,48.54
17643,53.35,49.5,49.0,49.43,48.54
17644,53.36,49.51,49.0,49.43,48.54
17645,53.38,49.52,49.0,49.43,48.54
17646,53.39,49.54,49.0,49.43,48.54
17647,53.41,49.55,49.0,49.43,48.54
17648,53.42,49.56,49.0,49.42,48.54
17649,53.44,49.57,49.0,49.42,48.54
17650,53.45,49.58,49.0,49.42,48.54
17651,53.47,49.59,49.0,49.42,48.54
17652,53.48,49.6,49.0,49.42,48.54
17653,53.5,49.62,49.0,49.42,48.54
17654,53.51,49.62,49.0,49.42,48.54
17655,53.53,49.62,49.0,49.42,48.54
17656,53.54,49.62,49.0,49.42,48.54
17657,53.56,49.62,49.0,49.42,48.54
17658,53.57,49.62,49.0,49.41,48.54
17659,53.58,49.62,49.0,49.41,48.54
17660,53.6,49.62,49.0,49.41,48.54
17661,53.61,49.62,49.0,49.41,48.54
17662,53.63,49.62,49.0,49.41,48.54
17663,53.64,49.62,49.0,49.41,48.54
17664,53.66,49.62,49.0,49.41,48.54
17665,53.67,49.62,49.0,49.41,48.54
17666,53.69,49.62,49.0,49.41,48.54
17667,53.64,49.62,49.0,49.4,48.54
17668,53.57,49.62,49.0,49.4,48.54
17669,53.51,49.62,49.0,49.4,48.54
17670,53.44,49.62,49.0,49.4,48.54
17671,53.37,49.62,49.0,49.4,48.54
17672,53.31,49.62,49.0,49.4,48.54
17673,53.24,49.62,49.0,49.4,48.54
17674,53.17,49.62,49.0,49.4,48.54
17675,53.11,49.62,49.0,49.4,48.54
17676,53.04,49.62,49.0,49.4,48.54
17677,52.98,49.62,49.0,49.39,48.54
17678,52.91,49.62,49.0,49.39,48.54
17679,52.84,49.62,49.0,49.39,48.54
17680,52.78,49.62,49.0,49.39,48.54
17681,52.71,49.62,49.0,49.39,48.54
17682,52.64,49.62,49.0,49.39,48.54
17683,52.58,49.62,49.0,49.39,48.54
17684,52.51,49.62,49.0,49.39,48.54
17685,52.44,49.62,49.0,49.39,48.54
17686,52.38,49.62,49.0,49.38,48.54
17687,52.31,49.62,49.0,49.38,48.54
17688,52.24,49.62,49.0,49.38,48.54
17689,52.18,49.62,49.0,49.38,48.54
17690,52.11,49.62,49.0,49.38,48.54
17691,52.04,49.62,49.0,49.38,48.54
17692,51.98,49.62,49.0,49.38,48.54
17693,51.92,49.62,49.0,49.38,48.54
17694,51.9,49.62,49.0,49.38,48.54
17695,51.88,49.62,49.0,49.38,48.54
17696,51.86,49.62,49.0,49.37,48.54
17697,51.85,49.62,49.0,49.37,48.54
17698,51.83,49.62,49.0,49.37,48.54
17699,51.81,49.62,49.0,49.37,48.54
17700,51.79,49.62,49.0,49.37,48.54
17701,51.77,49.62,49.0,49.37,48.54
17702,51.75,49.62,49.0,49.37,48.54
17703,51.73,49.62,49.0,49.37,48.54
17704,51.72,49.62,49.0,49.37,48.54
17705,51.7,49.62,49.0,49.36,48.54
17706,51.68,49.62,49.0,49.36,48.54
17707,51.66,49.61,49.0,49.36,48.54
17708,51.64,49.61,49.0,49.36,48.54
17709,51.62,49.61,49.0,49.36,48.54
17710,51.6,49.61,49.0,49.36,48.54
17711,51.59,49.61,49.0,49.36,48.54
17712,51.57,49.61,49.0,49.36,48.54
17713,51.55,49.61,49.0,49.36,48.54
17714,51.53,49.61,49.0,49.36,48.54
17715,51.51,49.61,49.0,49.35,48.54
17716,51.49,49.6,49.0,49.35,48.54
17717,51.48,49.6,49.0,49.35,48.54
17718,51.46,49.6,49.0,49.35,48.54
17719,51.44,49.6,49.0,49.35,48.54
17720,51.42,49.6,49.0,49.35,48.54
17721,51.4,49.6,49.0,49.35,48.54
17722,51.38,49.6,49.0,49.35,48.54
17723,51.36,49.6,49.0,49.35,48.54
17724,51.35,49.6,49.0,49.34,48.54
17725,51.33,49.6,49.0,49.34,48.54
17726,51.31,49.59,49.0,49.34,48.54
17727,51.29,49.59,49.0,49.34,48.54
17728,51.27,49.59,49.0,49.34,48.54
17729,51.25,49.59,49.0,49.34,48.54
17730,51.23,49.59,49.0,49.34,48.54
17731,51.22,49.59,49.0,49.34,48.54
17732,51.2,49.59,49.0,49.34,48.54
17733,51.18,49.59,49.0,49.34,48.54
17734,51.16,49.59,49.0,49.33,48.54
17735,51.14,49.58,49.0,49.33,48.54
17736,51.12,49.58,49.0,49.33,48.54
17737,51.1,49.58,49.0,49.33,48.54
17738,51.09,49.58,49.0,49.33,48.54
17739,51.07,49.58,49.0,49.33,48.54
17740,51.05,49.58,49.0,49.33,48.54
17741,51.03,49.58,49.0,49.33,48.54
17742,51.01,49.58,49.0,49.33,48.54
17743,50.99,49.58,49.0,49.32,48.54
17744,50.98,49.58,49.0,49.32,48.54
17745,50.96,49.57,49.0,49.32,48.54
17746,50.94,49.57,49.0,49.32,48.54
17747,50.92,49.57,49.0,49.32,48.54
17748,50.9,49.57,49.0,49.32,48.54
17749,50.88,49.57,49.0,49.32,48.54
17750,50.86,49.57,49.0,49.32,48.54
17751,50.85,49.57,49.0,49.32,48.54
17752,50.83,49.57,49.0,49.32,48.54
17753,50.81,49.57,49.0,49.31,48.54
17754,50.79,49.56,49.0,49.31,48.54
17755,50.77,49.56,49.0,49.31,48.54
17756,50.75,49.56,49.0,49.31,48.54
17757,50.73,49.56,49.0,49.31,48.54
17758,50.72,49.56,49.0,49.31,48.54
17759,50.7,49.56,49.0,49.31,48.54
17760,50.79,49.56,49.0,49.31,48.54
17761,50.93,49.56,49.0,49.31,48.54
17762,51.07,49.56,49.0,49.31,48.54
17763,51.21,49.56,49.0,49.31,48.54
17764,51.35,49.55,49.0,49.31,48.54
17765,51.49,49.55,49.0,49.31,48.54
17766,51.63,49.55,49.0,49.31,48.54
17767,51.77,49.55,49.0,49.31,48.54
17768,51.9,49.55,49.0,49.31,48.54
17769,52.04,49.55,49.0,49.31,48.54
17770,52.18,49.55,49.0,49.31,48.54
17771,52.32,49.55,49.0,49.31,48.54
17772,52.46,49.55,49.0,49.31,48.54
17773,52.6,49.54,49.0,49.31,48.54
17774,52.74,49.54,49.0,49.31,48.54
17775,52.88,49.54,49.0,49.31,48.54
17776,53.02,49.54,49.0,49.31,48.54
17777,53.15,49.54,49.0,49.31,48.54
17778,53.29,49.54,49.0,49.31,48.54
17779,53.43,49.54,49.0,49.31,48.54
17780,53.57,49.54,49.0,49.31,48.54
17781,53.71,49.54,49.0,49.31,48.54
17782,53.85,49.54,49.0,49.31,48.54
17783,53.99,49.53,49.0,49.31,48.54
17784,54.13,49.53,49.0,49.31,48.54
17785,54.27,49.53,49.0,49.31,48.54
17786,54.38,49.53,49.0,49.31,48.54
17787,54.36,49.53,49.0,49.31,48.54
17788,54.33,49.53,49.0,49.31,48.54
17789,54.31,49.53,49.0,49.31,48.54
17790,54.28,49.53,49.0,49.31,48.54
17791,54.26,49.53,49.0,49.31,48.54
17792,54.23,49.53,49.0,49.31,48.54
17793,54.21,49.52,49.0,49.31,48.54
17794,54.18,49.52,49.0,49.31,48.54
17795,54.16,49.52,49.0,49.31,48.54
17796,54.14,49.52,49.0,49.31,48.54
17797,54.11,49.52,49.0,49.31,48.54
17798,54.09,49.52,49.0,49.31,48.54
17799,54.06,49.52,49.0,49.31,48.54
17800,54.04,49.52,49.0,49.31,48.54
17801,54.01,49.52,49.0,49.31,48.54
17802,53.99,49.51,49.0,49.31,48.54
17803,53.96,49.51,49.0,49.31,48.54
17804,53.94,49.51,49.0,49.31,48.54
17805,53.91,49.51,49.0,49.31,48.54
17806,53.89,49.51,49.0,49.31,48.54
17807,53.86,49.51,49.0,49.31,48.54
17808,53.84,49.51,49.0,49.31,48.54
17809,53.82,49.51,49.0,49.31,48.54
17810,53.79,49.51,49.0,49.31,48.54
17811,53.77,49.51,49.0,49.31,48.54
17812,53.74,49.5,49.0,49.31,48.54
17813,53.72,49.5,49.0,49.31,48.54
17814,53.69,49.5,49.0,49.31,48.54
17815,53.67,49.5,49.0,49.31,48.54
17816,53.64,49.5,49.0,49.31,48.54
17817,53.62,49.5,49.0,49.31,48.54
17818,53.59,49.5,49.0,49.31,48.54
17819,53.57,49.5,49.0,49.31,48.54
17820,53.54,49.5,49.0,49.31,48.54
17821,53.52,49.49,49.0,49.31,48.54
17822,53.5,49.49,49.0,49.31,48.54
17823,53.47,49.49,49.0,49.31,48.54
17824,53.45,49.49,49.0,49.31,48.54
17825,53.42,49.49,49.0,49.31,48.54
17826,53.4,49.49,49.0,49.31,48.54
17827,53.37,49.49,49.0,49.31,48.54
17828,53.35,49.49,49.0,49.31,48.54
17829,53.32,49.49,49.0,49.31,48.54
17830,53.3,49.49,49.0,49.31,48.54
17831,53.27,49.48,49.0,49.31,48.54
17832,53.25,49.48,49.0,49.31,48.54
17833,53.23,49.48,49.0,49.31,48.54
17834,53.2,49.48,49.0,49.31,48.54
17835,53.18,49.48,49.0,49.31,48.54
17836,53.15,49.48,49.0,49.31,48.54
17837,53.13,49.48,49.0,49.31,48.54
17838,53.1,49.48,49.0,49.31,48.54
17839,53.08,49.48,49.0,49.31,48.54
17840,53.08,49.47,49.0,49.31,48.54
17841,53.09,49.47,49.0,49.31,48.54
17842,53.1,49.47,49.0,49.31,48.54
17843,53.11,49.47,49.0,49.31,48.54
17844,53.11,49.47,49.0,49.31,48.54
17845,53.12,49.47,49.0,49.31,48.54
17846,53.13,49.47,49.0,49.31,48.54
17847,53.14,49.47,49.0,49.31,48.54
17848,53.14,49.47,49.0,49.31,48.54
17849,53.15,49.47,49.0,49.31,48.54
17850,53.16,49.46,49.0,49.31,48.54
17851,53.17,49.46,49.0,49.31,48.54
17852,53.18,49.46,49.0,49.31,48.54
17853,53.18,49.46,49.0,49.31,48.54
17854,53.19,49.46,49.0,49.31,48.54
17855,53.2,49.46,49.0,49.31,48.54
17856,53.21,49.46,49.0,49.31,48.54
17857,53.21,49.46,49.0,49.31,48.54
17858,53.22,49.46,49.0,49.31,48.54
17859,53.23,49.46,49.0,49.31,48.54
17860,53.24,49.46,49.0,49.31,48.54
17861,53.24,49.46,49.0,49.31,48.54
17862,53.25,49.46,49.0,49.31,48.54
17863,53.26,49.46,49.0,49.31,48.54
17864,53.27,49.46,49.0,49.31,48.54
17865,53.27,49.46,49.0,49.31,48.54
17866,53.28,49.46,49.0,49.31,48.54
17867,53.29,49.46,49.0,49.31,48.54
17868,53.3,49.46,49.0,49.31,48.54
17869,53.3,49.46,49.0,49.31,48.54
17870,53.31,49.46,49.0,49.31,48.54
17871,53.32,49.46,49.0,49.31,48.54
17872,53.33,49.46,49.0,49.31,48.54
17873,53.33,49.46,49.0,49.31,48.54
17874,53.34,49.46,49.0,49.31,48.54
17875,53.35,49.46,49.0,49.31,48.54
17876,53.36,49.46,49.0,49.31,48.54
17877,53.36,49.46,49.0,49.31,48.54
17878,53.37,49.46,49.0,49.31,48.54
17879,53.38,49.46,49.0,49.31,48.54
17880,53.39,49.46,49.0,49.31,48.54
17881,53.39,49.46,49.0,49.31,48.54
17882,53.4,49.46,49.0,49.31,48.54
17883,53.41,49.46,49.0,49.31,48.54
17884,53.42,49.46,49.0,49.31,48.54
17885,53.42,49.46,49.0,49.31,48.54
17886,53.43,49.46,49.0,49.31,48.54
17887,53.44,49.46,49.0,49.31,48.54
17888,53.45,49.46,49.0,49.31,48.54
17889,53.46,49.46,49.0,49.31,48.54
17890,53.46,49.46,49.0,49.31,48.54
17891,53.47,49.46,49.0,49.31,48.54
17892,53.48,49.46,49.0,49.31,48.54
17893,53.49,49.46,49.0,49.31,48.54
17894,53.49,49.46,49.0,49.31,48.54
17895,53.5,49.46,49.0,49.31,48.54
17896,53.51,49.46,49.0,49.31,48.54
17897,53.52,49.46,49.0,49.31,48.54
17898,53.52,49.46,49.0,49.31,48.54
17899,53.53,49.46,49.0,49.31,48.54
17900,53.54,49.46,49.0,49.31,48.54
17901,53.55,49.46,49.0,49.31,48.54
17902,53.55,49.46,49.0,49.31,48.54
17903,53.56,49.46,49.0,49.31,48.54
17904,53.57,49.46,49.0,49.31,48.54
17905,53.58,49.46,49.0,49.31,48.54
17906,53.58,49.46,49.0,49.31,48.54
17907,53.59,49.46,49.0,49.31,48.54
17908,53.6,49.46,49.0,49.31,48.54
17909,53.61,49.46,49.0,49.31,48.54
17910,53.61,49.46,49.0,49.31,48.54
17911,53.62,49.46,49.0,49.31,48.54
17912,53.63,49.46,49.0,49.31,48.54
17913,53.64,49.46,49.0,49.31,48.54
17914,53.64,49.46,49.0,49.31,48.54
17915,53.65,49.46,49.0,49.31,48.54
17916,53.66,49.46,49.0,49.31,48.54
17917,53.67,49.46,49.0,49.31,48.54
17918,53.67,49.46,49.0,49.31,48.54
17919,53.68,49.46,49.0,49.31,48.54
17920,53.69,49.46,49.0,49.31,48.54
17921,53.7,49.46,49.0,49.31,48.54
17922,53.7,49.46,49.0,49.31,48.54
17923,53.71,49.46,49.0,49.31,48.54
17924,53.72,49.46,49.0,49.31,48.54
17925,53.73,49.46,49.0,49.31,48.54
17926,53.74,49.46,49.0,49.31,48.54
17927,53.74,49.46,49.0,49.31,48.54
17928,53.75,49.46,49.0,49.31,48.54
17929,53.76,49.46,49.0,49.31,48.54
17930,53.77,49.46,49.0,49.31,48.54
17931,53.77,49.46,49.0,49.31,48.54
17932,53.78,49.46,49.0,49.31,48.54
17933,53.75,49.46,49.0,49.31,48.54
17934,53.71,49.46,49.0,49.31,48.54
17935,53.68,49.46,49.0,49.31,48.54
17936,53.64,49.46,49.0,49.31,48.54
17937,53.61,49.46,49.0,49.31,48.54
17938,53.57,49.46,49.0,49.31,48.54
17939,53.54,49.46,49.0,49.31,48.54
17940,53.5,49.46,49.0,49.31,48.54
17941,53.47,49.46,49.0,49.31,48.54
17942,53.43,49.46,49.0,49.31,48.54
17943,53.4,49.46,49.0,49.31,48.54
17944,53.36,49.46,49.0,49.31,48.54
17945,53.33,49.46,49.0,49.31,48.54
17946,53.29,49.46,49.0,49.31,48.54
17947,53.26,49.46,49.0,49.31,48.54
17948,53.22,49.46,49.0,49.31,48.54
17949,53.19,49.46,49.0,49.31,48.54
17950,53.15,49.46,49.0,49.31,48.54
17951,53.12,49.46,49.0,49.31,48.54
17952,53.08,49.46,49.0,49.31,48.54
17953,53.05,49.46,49.0,49.31,48.54
17954,53.01,49.46,49.0,49.31,48.54
17955,52.98,49.46,49.0,49.31,48.54
17956,52.94,49.46,49.0,49.31,48.54
17957,52.9,49.46,49.0,49.31,48.54
17958,52.87,49.46,49.0,49.31,48.54
17959,52.85,49.46,49.0,49.31,48.54
17960,52.87,49.46,49.0,49.31,48.54
17961,52.89,49.46,49.0,49.31,48.54
17962,52.91,49.46,49.0,49.31,48.54
17963,52.93,49.46,49.0,49.31,48.54
17964,52.95,49.46,49.0,49.31,48.54
17965,52.97,49.46,49.0,49.31,48.54
17966,52.98,49.46,49.0,49.31,48.54
17967,53.0,49.46,49.0,49.31,48.54
17968,53.02,49.46,49.0,49.31,48.54
17969,53.04,49.46,49.0,49.31,48.54
17970,53.06,49.46,49.0,49.31,48.54
17971,53.08,49.46,49.0,49.31,48.54
17972,53.1,49.46,49.0,49.31,48.54
17973,53.12,49.46,49.0,49.31,48.54
17974,53.14,49.46,49.0,49.31,48.54
17975,53.15,49.46,49.0,49.31,48.54
17976,53.17,49.46,49.0,49.31,48.54
17977,53.19,49.46,49.0,49.31,48.54
17978,53.21,49.46,49.0,49.31,48.54
17979,53.23,49.46,49.0,49.31,48.54
17980,53.25,49.46,49.0,49.31,48.54
17981,53.27,49.46,49.0,49.31,48.54
17982,53.29,49.46,49.0,49.31,48.54
17983,53.31,49.46,49.0,49.31,48.54
17984,53.32,49.46,49.0,49.31,48.54
17985,53.34,49.46,49.0,49.31,48.54
17986,53.36,49.46,49.0,49.31,48.54
17987,53.38,49.46,49.0,49.31,48.54
17988,53.4,49.46,49.0,49.31,48.54
17989,53.42,49.46,49.0,49.31,48.54
17990,53.44,49.46,49.0,49.31,48.54
17991,53.46,49.46,49.0,49.31,48.54
17992,53.48,49.46,49.0,49.31,48.54
17993,53.49,49.46,49.0,49.31,48.54
17994,53.51,49.46,49.0,49.31,48.54
17995,53.53,49.46,49.0,49.31,48.54
17996,53.55,49.46,49.0,49.31,48.54
17997,53.57,49.46,49.0,49.31,48.54
17998,53.59,49.46,49.0,49.31,48.54
17999,53.61,49.46,49.0,49.31,48.54
18000,53.63,49.46,49.0,49.31,48.54
18001,53.64,49.46,49.0,49.31,48.54
18002,53.66,49.46,49.0,49.31,48.54
18003,53.68,49.46,49.0,49.31,48.54
18004,53.7,49.46,49.0,49.31,48.54
18005,53.72,49.46,49.0,49.31,48.54
18006,53.74,49.46,49.0,49.31,48.54
18007,53.76,49.46,49.0,49.31,48.54
18008,53.78,49.46,49.0,49.31,48.54
18009,53.8,49.46,49.0,49.31,48.54
18010,53.81,49.46,49.0,49.31,48.54
18011,53.83,49.46,49.0,49.31,48.54
18012,53.85,49.46,49.0,49.31,48.54
18013,53.87,49.46,49.0,49.31,48.54
18014,53.89,49.46,49.0,49.31,48.54
18015,53.91,49.46,49.0,49.31,48.54
18016,53.93,49.46,49.0,49.31,48.54
18017,53.95,49.46,49.0,49.31,48.54
18018,53.97,49.46,49.0,49.31,48.54
18019,53.98,49.46,49.0,49.31,48.54
18020,54.0,49.46,49.0,49.31,48.54
18021,54.02,49.46,49.0,49.31,48.54
18022,54.04,49.46,49.0,49.31,48.54
18023,54.06,49.46,49.0,49.31,48.54
18024,54.08,49.46,49.0,49.31,48.54
18025,54.1,49.46,49.0,49.31,48.54
18026,54.12,49.46,49.0,49.31,48.54
18027,54.14,49.46,49.0,49.31,48.54
18028,54.15,49.46,49.0,49.31,48.54
18029,54.17,49.46,49.0,49.31,48.54
18030,54.19,49.46,49.0,49.31,48.54
18031,54.21,49.46,49.0,49.31,48.54
18032,54.23,49.46,49.0,49.31,48.54
18033,54.25,49.46,49.0,49.31,48.54
18034,54.27,49.46,49.0,49.31,48.54
18035,54.29,49.46,49.0,49.31,48.54
18036,54.31,49.46,49.0,49.31,48.54
18037,54.32,49.46,49.0,49.31,48.54
18038,54.34,49.46,49.0,49.31,48.54
18039,54.36,49.46,49.0,49.3,48.54
18040,54.38,49.46,49.0,49.3,48.54
18041,54.4,49.46,49.0,49.29,48.54
18042,54.42,49.46,49.0,49.29,48.54
18043,54.44,49.46,49.0,49.28,48.54
18044,54.46,49.46,49.0,49.28,48.54
18045,54.47,49.46,49.0,49.27,48.54
18046,54.49,49.46,49.0,49.26,48.54
18047,54.51,49.46,49.0,49.26,48.54
18048,54.53,49.46,49.0,49.25,48.54
18049,54.55,49.46,49.0,49.25,48.54
18050,54.57,49.46,49.0,49.24,48.54
18051,54.59,49.46,49.0,49.23,48.54
18052,54.61,49.46,49.0,49.23,48.54
18053,54.63,49.46,49.0,49.22,48.54
18054,54.64,49.46,49.0,49.22,48.54
18055,54.66,49.46,49.0,49.21,48.54
18056,54.68,49.46,49.0,49.21,48.54
18057,54.7,49.46,49.0,49.2,48.54
18058,54.72,49.46,49.0,49.19,48.54
18059,54.74,49.46,49.0,49.19,48.54
18060,54.76,49.46,49.0,49.18,48.54
18061,54.78,49.46,49.0,49.18,48.54
18062,54.8,49.46,49.0,49.17,48.54
18063,54.81,49.46,49.0,49.17,48.54
18064,54.83,49.46,49.0,49.16,48.54
18065,54.85,49.46,49.0,49.15,48.54
18066,54.87,49.46,49.0,49.15,48.54
18067,54.89,49.46,49.0,49.15,48.54
18068,54.91,49.46,49.0,49.15,48.54
18069,54.93,49.46,49.0,49.15,48.54
18070,54.95,49.46,49.0,49.15,48.54
18071,54.97,49.46,49.0,49.15,48.54
18072,54.98,49.46,49.0,49.15,48.54
18073,55.0,49.46,49.0,49.15,48.54
18074,55.02,49.46,49.0,49.15,48.54
18075,55.04,49.46,49.0,49.15,48.54
18076,55.06,49.46,49.0,49.15,48.54
18077,55.08,49.46,49.0,49.15,48.54
18078,55.1,49.46,49.0,49.15,48.54
18079,55.12,49.46,49.0,49.15,48.54
18080,55.14,49.46,49.0,49.15,48.54
18081,55.15,49.46,49.0,49.15,48.54
18082,55.17,49.46,49.0,49.15,48.54
18083,55.19,49.46,49.0,49.15,48.54
18084,55.21,49.46,49.0,49.15,48.54
18085,55.23,49.46,49.0,49.15,48.54
18086,55.25,49.46,49.0,49.15,48.54
18087,55.27,49.46,49.0,49.15,48.54
18088,55.29,49.46,49.0,49.15,48.54
18089,55.3,49.46,49.0,49.15,48.54
18090,55.32,49.46,49.0,49.15,48.54
18091,55.34,49.46,49.0,49.15,48.54
18092,55.3,49.46,49.0,49.15,48.54
18093,55.15,49.46,49.0,49.15,48.54
18094,55.01,49.46,49.0,49.15,48.54
18095,54.87,49.46,49.0,49.15,48.54
18096,54.73,49.46,49.0,49.15,48.54
18097,54.58,49.46,49.0,49.15,48.54
18098,54.44,49.46,49.0,49.15,48.54
18099,54.3,49.46,49.0,49.15,48.54
18100,54.16,49.46,49.0,49.15,48.54
18101,54.01,49.46,49.0,49.15,48.54
18102,53.87,49.46,49.0,49.15,48.54
18103,53.73,49.46,49.0,49.15,48.54
18104,53.59,49.46,49.0,49.15,48.54
18105,53.46,49.46,49.0,49.15,48.54
18106,53.4,49.46,49.0,49.15,48.54
18107,53.35,49.46,49.0,49.15,48.54
18108,53.3,49.46,49.0,49.15,48.54
18109,53.25,49.46,49.0,49.15,48.54
18110,53.2,49.46,49.0,49.15,48.54
18111,53.14,49.46,49.0,49.15,48.54
18112,53.09,49.46,49.0,49.15,48.54
18113,53.04,49.46,49.0,49.15,48.54
18114,52.99,49.46,49.0,49.15,48.54
18115,52.93,49.46,49.0,49.15,48.54
18116,52.88,49.46,49.0,49.15,48.54
18117,52.83,49.46,49.0,49.15,48.54
18118,52.78,49.46,49.0,49.15,48.54
18119,52.78,49.46,49.0,49.15,48.54
18120,52.8,49.46,49.0,49.15,48.54
18121,52.81,49.46,49.0,49.15,48.54
18122,52.83,49.46,49.0,49.15,48.54
18123,52.84,49.46,49.0,49.15,48.54
18124,52.86,49.46,49.0,49.15,48.54
18125,52.88,49.46,49.0,49.15,48.54
18126,52.89,49.46,49.0,49.15,48.54
18127,52.91,49.46,49.0,49.15,48.54
18128,52.92,49.46,49.0,49.15,48.54
18129,52.94,49.46,49.0,49.15,48.54
18130,52.95,49.46,49.0,49.15,48.54
18131,52.97,49.46,49.0,49.15,48.54
18132,52.98,49.46,49.0,49.15,48.54
18133,53.0,49.45,49.0,49.15,48.56
18134,53.01,49.45,49.0,49.15,48.57
18135,53.02,49.44,49.0,49.15,48.58
18136,53.03,49.44,49.0,49.15,48.59
18137,53.05,49.43,49.0,49.15,48.6
18138,53.06,49.42,49.0,49.15,48.61
18139,53.07,49.42,49.0,49.15,48.63
18140,53.08,49.41,49.0,49.15,48.64
18141,53.1,49.41,49.0,49.15,48.65
18142,53.11,49.4,49.0,49.15,48.66
18143,53.12,49.39,49.0,49.15,48.67
18144,53.13,49.39,49.0,49.15,48.68
18145,53.15,49.39,49.0,49.15,48.69
18146,53.16,49.39,49.0,49.15,48.69
18147,53.17,49.4,49.0,49.15,48.69
18148,53.18,49.4,49.0,49.15,48.69
18149,53.2,49.41,49.0,49.15,48.69
18150,53.21,49.41,49.0,49.15,48.69
18151,53.22,49.42,49.0,49.15,48.69
18152,53.23,49.43,49.0,49.15,48.69
18153,53.24,49.43,49.0,49.15,48.69
18154,53.26,49.44,49.0,49.15,48.69
18155,53.27,49.44,49.0,49.15,48.69
18156,53.28,49.45,49.0,49.15,48.69
18157,53.29,49.46,49.0,49.15,48.69
18158,53.31,49.46,49.0,49.15,48.69
18159,53.23,49.46,49.0,49.15,48.69
18160,53.14,49.46,49.0,49.15,48.69
18161,53.05,49.46,49.0,49.15,48.69
18162,52.97,49.46,49.0,49.15,48.69
18163,52.88,49.46,49.0,49.15,48.69
18164,52.79,49.46,49.0,49.15,48.69
18165,52.71,49.46,49.0,49.15,48.69
18166,52.62,49.46,49.0,49.15,48.69
18167,52.53,49.46,49.0,49.15,48.69
18168,52.44,49.46,49.0,49.15,48.69
18169,52.36,49.46,49.0,49.15,48.69
18170,52.27,49.46,49.0,49.15,48.69
18171,52.18,49.46,49.0,49.15,48.69
18172,52.14,49.46,49.0,49.15,48.69
18173,52.12,49.46,49.0,49.15,48.69
18174,52.1,49.46,49.0,49.15,48.69
18175,52.07,49.46,49.0,49.15,48.69
18176,52.05,49.46,49.0,49.15,48.69
18177,52.03,49.46,49.0,49.15,48.69
18178,52.01,49.46,49.0,49.15,48.69
18179,51.98,49.46,49.0,49.15,48.69
18180,51.96,49.46,49.0,49.15,48.69
18181,51.94,49.46,49.0,49.15,48.69
18182,51.92,49.46,49.0,49.15,48.69
18183,51.9,49.46,49.0,49.15,48.69
18184,51.87,49.46,49.0,49.15,48.69
18185,51.85,49.46,49.0,49.15,48.69
18186,51.83,49.46,49.0,49.15,48.69
18187,51.81,49.46,49.0,49.15,48.69
18188,51.78,49.46,49.0,49.15,48.69
18189,51.76,49.46,49.0,49.15,48.69
18190,51.74,49.46,49.0,49.15,48.69
18191,51.72,49.46,49.0,49.15,48.69
18192,51.7,49.46,49.0,49.15,48.69
18193,51.67,49.46,49.0,49.15,48.69
18194,51.65,49.46,49.0,49.15,48.69
18195,51.63,49.46,49.0,49.15,48.69
18196,51.61,49.46,49.0,49.15,48.69
18197,51.58,49.46,49.0,49.15,48.69
18198,51.56,49.46,49.0,49.15,48.69
18199,51.54,49.46,49.0,49.15,48.69
18200,51.52,49.46,49.0,49.15,48.69
18201,51.5,49.46,49.0,49.15,48.69
18202,51.47,49.46,49.0,49.15,48.69
18203,51.45,49.46,49.0,49.15,48.69
18204,51.43,49.46,49.0,49.15,48.69
18205,51.41,49.46,49.0,49.15,48.69
18206,51.39,49.46,49.0,49.15,48.69
18207,51.36,49.46,49.0,49.15,48.69
18208,51.34,49.46,49.0,49.15,48.69
18209,51.32,49.46,49.0,49.15,48.69
18210,51.3,49.46,49.0,49.15,48.69
18211,51.27,49.46,49.0,49.15,48.68
18212,51.25,49.46,49.0,49.15,48.68
18213,51.23,49.46,49.0,49.15,48.68
18214,51.21,49.46,49.0,49.15,48.68
18215,51.19,49.46,49.0,49.15,48.68
18216,51.16,49.46,49.0,49.15,48.68
18217,51.14,49.46,49.0,49.15,48.68
18218,51.12,49.46,49.0,49.15,48.68
18219,51.1,49.46,49.0,49.15,48.68
18220,51.07,49.46,49.0,49.15,48.68
18221,51.05,49.46,49.0,49.15,48.68
18222,51.03,49.46,49.0,49.15,48.68
18223,51.01,49.46,49.0,49.15,48.68
18224,50.99,49.46,49.0,49.15,48.68
18225,50.96,49.46,49.0,49.15,48.68
18226,50.94,49.46,49.0,49.15,48.68
18227,50.92,49.46,49.0,49.15,48.68
18228,50.9,49.46,49.0,49.15,48.67
18229,50.88,49.46,49.0,49.15,48.67
18230,50.85,49.46,49.0,49.15,48.67
18231,50.83,49.46,49.0,49.15,48.67
18232,50.81,49.46,49.0,49.15,48.67
18233,50.79,49.46,49.0,49.15,48.67
18234,50.76,49.46,49.0,49.15,48.67
18235,50.74,49.46,49.0,49.15,48.67
18236,50.72,49.46,49.0,49.15,48.67
18237,50.7,49.46,49.0,49.15,48.67
18238,50.68,49.46,49.0,49.15,48.67
18239,50.65,49.46,49.0,49.15,48.67
18240,50.63,49.46,49.0,49.15,48.67
18241,50.61,49.46,49.0,49.15,48.67
18242,50.59,49.46,49.0,49.15,48.67
18243,50.56,49.46,49.0,49.15,48.67
18244,50.54,49.46,49.0,49.15,48.67
18245,50.52,49.46,49.0,49.15,48.67
18246,50.5,49.46,49.0,49.15,48.66
18247,50.48,49.46,49.0,49.15,48.66
18248,50.45,49.46,49.0,49.15,48.66
18249,50.43,49.46,49.0,49.15,48.66
18250,50.41,49.46,49.0,49.15,48.66
18251,50.39,49.46,49.0,49.15,48.66
18252,50.39,49.46,49.0,49.15,48.66
18253,50.4,49.46,49.0,49.15,48.66
18254,50.4,49.46,49.0,49.15,48.66
18255,50.41,49.46,49.0,49.15,48.66
18256,50.41,49.46,49.0,49.15,48.66
18257,50.42,49.46,49.0,49.15,48.66
18258,50.42,49.46,49.0,49.15,48.66
18259,50.43,49.46,49.0,49.15,48.66
18260,50.44,49.46,49.0,49.15,48.66
18261,50.44,49.46,49.0,49.15,48.66
18262,50.45,49.46,49.0,49.15,48.66
18263,50.45,49.46,49.0,49.15,48.65
18264,50.46,49.46,49.0,49.15,48.65
18265,50.47,49.46,49.0,49.15,48.65
18266,50.5,49.46,49.0,49.15,48.65
18267,50.52,49.46,49.0,49.15,48.65
18268,50.54,49.46,49.0,49.15,48.65
18269,50.56,49.46,49.0,49.15,48.65
18270,50.58,49.46,49.0,49.15,48.65
18271,50.6,49.46,49.0,49.15,48.65
18272,50.62,49.46,49.0,49.15,48.65
18273,50.64,49.46,49.0,49.15,48.65
18274,50.67,49.46,49.0,49.15,48.65
18275,50.69,49.46,49.0,49.15,48.65
18276,50.71,49.46,49.0,49.15,48.65
18277,50.73,49.46,49.0,49.15,48.65
18278,50.75,49.46,49.0,49.15,48.65
18279,50.75,49.46,49.0,49.15,48.65
18280,50.76,49.46,49.0,49.15,48.64
18281,50.76,49.46,49.0,49.15,48.64
18282,50.77,49.46,49.0,49.15,48.64
18283,50.77,49.46,49.0,49.14,48.64
18284,50.78,49.46,49.0,49.14,48.64
18285,50.78,49.46,49.0,49.14,48.64
18286,50.79,49.46,49.0,49.14,48.64
18287,50.79,49.46,49.0,49.14,48.64
18288,50.8,49.46,49.0,49.13,48.64
18289,50.8,49.46,49.0,49.13,48.64
18290,50.81,49.46,49.0,49.13,48.64
18291,50.81,49.46,49.0,49.13,48.64
18292,50.82,49.46,49.0,49.13,48.64
18293,50.82,49.46,49.0,49.12,48.64
18294,50.83,49.46,49.0,49.12,48.64
18295,50.84,49.46,49.0,49.12,48.64
18296,50.84,49.46,49.0,49.12,48.64
18297,50.85,49.46,49.0,49.12,48.63
18298,50.85,49.46,49.0,49.11,48.63
18299,50.86,49.46,49.0,49.11,48.63
18300,50.86,49.46,49.0,49.11,48.63
18301,50.87,49.46,49.0,49.11,48.63
18302,50.87,49.46,49.0,49.11,48.63
18303,50.88,49.46,49.0,49.11,48.63
18304,50.88,49.46,49.0,49.1,48.63
18305,50.89,49.46,49.0,49.1,48.63
18306,50.89,49.46,49.0,49.1,48.63
18307,50.9,49.46,49.0,49.1,48.63
18308,50.9,49.46,49.0,49.1,48.63
18309,50.91,49.46,49.0,49.09,48.63
18310,50.91,49.46,49.0,49.09,48.63
18311,50.92,49.46,49.0,49.09,48.63
18312,50.93,49.46,49.0,49.09,48.63
18313,50.93,49.46,49.0,49.09,48.63
18314,50.94,49.46,49.0,49.08,48.63
18315,50.94,49.46,49.0,49.08,48.62
18316,50.95,49.46,49.0,49.08,48.62
18317,50.95,49.46,49.0,49.08,48.62
18318,50.96,49.46,49.0,49.08,48.62
18319,50.96,49.46,49.0,49.07,48.62
18320,50.97,49.46,49.0,49.07,48.62
18321,50.97,49.46,49.0,49.07,48.62
18322,50.98,49.46,49.0,49.07,48.62
18323,50.98,49.46,49.0,49.07,48.62
18324,50.99,49.46,49.0,49.06,48.62
18325,50.99,49.46,49.0,49.06,48.62
18326,51.0,49.46,49.0,49.06,48.62
18327,51.01,49.46,49.0,49.06,48.62
18328,51.01,49.46,49.0,49.06,48.62
18329,51.02,49.46,49.0,49.05,48.62
18330,51.02,49.46,49.0,49.05,48.62
18331,51.03,49.46,49.0,49.05,48.62
18332,51.03,49.46,49.0,49.05,48.61
18333,51.04,49.46,49.0,49.05,48.61
18334,51.04,49.46,49.0,49.05,48.61
18335,51.05,49.46,49.0,49.04,48.61
18336,51.05,49.46,49.0,49.04,48.61
18337,51.06,49.46,49.0,49.04,48.61
18338,51.06,49.46,49.0,49.04,48.61
18339,51.07,49.46,49.0,49.04,48.61
18340,51.07,49.46,49.0,49.03,48.61
18341,51.08,49.46,49.0,49.03,48.61
18342,51.08,49.46,49.0,49.03,48.61
18343,51.09,49.46,49.0,49.03,48.61
18344,51.1,49.46,49.0,49.03,48.61
18345,51.1,49.46,49.0,49.02,48.61
18346,51.11,49.46,49.0,49.02,48.61
18347,51.11,49.46,49.0,49.02,48.61
18348,51.12,49.46,49.0,49.02,48.61
18349,51.12,49.46,49.0,49.02,48.6
18350,51.13,49.46,49.0,49.01,48.6
18351,51.13,49.46,49.0,49.01,48.6
18352,51.14,49.46,49.0,49.01,48.6
18353,51.14,49.46,49.0,49.01,48.6
18354,51.15,49.46,49.0,49.01,48.6
18355,51.15,49.46,49.0,49.0,48.6
18356,51.16,49.46,49.0,49.0,48.6
18357,51.16,49.46,49.0,49.0,48.6
18358,51.17,49.46,49.0,49.0,48.6
18359,51.17,49.46,49.0,49.0,48.6
18360,51.18,49.46,49.0,49.0,48.6
18361,51.19,49.46,49.0,49.0,48.6
18362,51.19,49.46,49.0,49.0,48.6
18363,51.2,49.46,49.0,49.0,48.6
18364,51.2,49.46,49.0,49.0,48.6
18365,51.21,49.46,49.0,49.0,48.6
18366,51.21,49.46,49.0,49.0,48.6
18367,51.22,49.46,49.0,49.0,48.59
18368,51.22,49.46,49.0,49.0,48.59
18369,51.23,49.46,49.0,49.0,48.59
18370,51.23,49.46,49.0,49.0,48.59
18371,51.24,49.46,49.0,49.0,48.59
18372,51.24,49.46,49.0,49.0,48.59
18373,51.25,49.46,49.0,49.0,48.59
18374,51.25,49.46,49.0,49.0,48.59
18375,51.26,49.46,49.0,49.0,48.59
18376,51.27,49.46,49.0,49.0,48.59
18377,51.27,49.46,49.0,49.0,48.59
18378,51.28,49.46,49.0,49.0,48.59
18379,51.28,49.46,49.0,49.0,48.59
18380,51.29,49.46,49.0,49.0,48.59
18381,51.29,49.46,49.0,49.0,48.59
18382,51.3,49.46,49.0,49.0,48.59
18383,51.3,49.46,49.0,49.0,48.59
18384,51.31,49.46,49.0,49.0,48.58
18385,51.47,49.46,49.0,49.0,48.58
18386,51.64,49.46,49.0,49.0,48.58
18387,51.81,49.46,49.0,49.0,48.58
18388,51.97,49.46,49.0,49.0,48.58
18389,52.14,49.46,49.0,49.0,48.58
18390,52.31,49.46,49.0,49.0,48.58
18391,52.48,49.46,49.0,49.0,48.58
18392,52.64,49.46,49.0,49.0,48.58
18393,52.81,49.46,49.0,49.0,48.58
18394,52.98,49.46,49.0,49.0,48.58
18395,53.15,49.46,49.0,49.0,48.58
18396,53.32,49.46,49.0,49.0,48.58
18397,53.48,49.46,49.0,49.0,48.58
18398,53.57,49.46,49.0,49.0,48.58
18399,53.62,49.46,49.0,49.0,48.58
18400,53.67,49.46,49.0,49.0,48.58
18401,53.71,49.46,49.0,49.0,48.57
18402,53.76,49.46,49.0,49.0,48.57
18403,53.81,49.46,49.0,49.0,48.57
18404,53.85,49.46,49.0,49.0,48.57
18405,53.9,49.46,49.0,49.0,48.57
18406,53.95,49.46,49.0,49.0,48.57
18407,54.0,49.46,49.0,49.0,48.57
18408,54.04,49.46,49.0,49.0,48.57
18409,54.09,49.46,49.0,49.0,48.57
18410,54.14,49.46,49.0,49.0,48.57
18411,54.17,49.46,49.0,49.0,48.57
18412,54.17,49.46,49.0,49.0,48.57
18413,54.17,49.46,49.0,49.0,48.57
18414,54.16,49.46,49.0,49.0,48.57
18415,54.16,49.46,49.0,49.0,48.57
18416,54.16,49.46,49.0,49.0,48.57
18417,54.16,49.46,49.0,49.0,48.57
18418,54.16,49.46,49.0,49.0,48.56
18419,54.15,49.46,49.0,49.0,48.56
18420,54.15,49.46,49.0,49.0,48.56
18421,54.15,49.46,49.0,49.0,48.56
18422,54.15,49.46,49.0,49.0,48.56
18423,54.15,49.46,49.0,49.0,48.56
18424,54.15,49.46,49.0,49.0,48.56
18425,54.14,49.46,49.0,49.0,48.56
18426,54.14,49.46,49.0,49.0,48.56
18427,54.14,49.46,49.0,49.0,48.56
18428,54.14,49.46,49.0,49.0,48.56
18429,54.14,49.46,49.0,49.0,48.56
18430,54.14,49.46,49.0,49.0,48.56
18431,54.13,49.46,49.0,49.0,48.56
18432,54.13,49.46,49.0,49.0,48.56
18433,54.13,49.46,49.0,49.0,48.56
18434,54.13,49.46,49.0,49.0,48.56
18435,54.13,49.46,49.0,49.0,48.56
18436,54.13,49.46,49.0,49.0,48.55
18437,54.12,49.46,49.0,49.0,48.55
18438,54.12,49.46,49.0,49.0,48.55
18439,54.12,49.46,49.0,49.0,48.55
18440,54.12,49.46,49.0,49.0,48.55
18441,54.12,49.46,49.0,49.0,48.55
18442,54.11,49.46,49.0,49.0,48.55
18443,54.11,49.46,49.0,49.0,48.55
18444,54.11,49.46,49.0,49.0,48.55
18445,54.11,49.46,49.0,49.0,48.55
18446,54.11,49.46,49.0,49.0,48.55
18447,54.11,49.46,49.0,49.0,48.55
18448,54.1,49.46,49.0,49.0,48.55
18449,54.1,49.46,49.0,49.0,48.55
18450,54.1,49.46,49.0,49.0,48.55
18451,54.1,49.46,49.0,49.0,48.55
18452,54.1,49.46,49.0,49.0,48.55
18453,54.1,49.46,49.0,49.0,48.54
18454,54.09,49.46,49.0,49.0,48.54
18455,54.09,49.46,49.0,49.0,48.54
18456,54.09,49.46,49.0,49.0,48.54
18457,54.09,49.46,49.0,49.0,48.54
18458,54.09,49.46,49.0,49.0,48.54
18459,54.09,49.46,49.0,49.0,48.54
18460,54.08,49.46,49.0,49.0,48.54
18461,54.08,49.46,49.0,49.0,48.54
18462,54.08,49.46,49.0,49.0,48.54
18463,54.08,49.46,49.0,49.0,48.54
18464,54.13,49.46,49.0,49.0,48.54
18465,54.41,49.46,49.0,49.0,48.54
18466,54.69,49.46,49.0,49.0,48.54
18467,54.97,49.46,49.0,49.0,48.54
18468,55.25,49.46,49.0,49.0,48.54
18469,55.52,49.46,49.0,49.0,48.54
18470,55.8,49.46,49.0,49.0,48.54
18471,56.08,49.46,49.0,49.0,48.53
18472,56.36,49.46,49.0,49.0,48.53
18473,56.63,49.46,49.0,49.0,48.53
18474,56.91,49.46,49.0,49.0,48.53
18475,57.19,49.46,49.0,49.0,48.53
18476,57.47,49.46,49.0,49.0,48.53
18477,57.75,49.46,49.0,49.0,48.53
18478,57.61,49.46,49.0,49.0,48.53
18479,57.43,49.46,49.0,49.0,48.53
18480,57.26,49.46,49.0,49.0,48.53
18481,57.08,49.46,49.0,49.0,48.53
18482,56.9,49.46,49.0,49.0,48.53
18483,56.73,49.46,49.0,49.0,48.53
18484,56.55,49.46,49.0,49.0,48.53
18485,56.38,49.46,49.0,49.0,48.53
18486,56.2,49.46,49.0,49.0,48.53
18487,56.03,49.46,49.0,49.0,48.53
18488,55.85,49.46,49.0,49.0,48.53
18489,55.67,49.46,49.0,49.0,48.53
18490,55.5,49.46,49.0,49.0,48.52
18491,55.37,49.46,49.0,49.0,48.52
18492,55.28,49.46,49.0,49.0,48.52
18493,55.19,49.46,49.0,49.0,48.52
18494,55.1,49.46,49.0,49.0,48.52
18495,55.01,49.46,49.0,49.0,48.52
18496,54.92,49.46,49.0,49.0,48.52
18497,54.83,49.46,49.0,49.0,48.52
18498,54.74,49.46,49.0,49.0,48.52
18499,54.65,49.46,49.0,49.0,48.52
18500,54.56,49.46,49.0,49.0,48.52
18501,54.47,49.46,49.0,49.0,48.52
18502,54.38,49.46,49.0,49.0,48.52
18503,54.29,49.46,49.0,49.0,48.52
18504,54.2,49.46,49.0,49.0,48.52
18505,54.11,49.46,49.0,49.0,48.52
18506,54.02,49.46,49.0,49.0,48.52
18507,53.93,49.46,49.0,49.0,48.52
18508,53.83,49.46,49.0,49.0,48.52
18509,53.74,49.46,49.0,49.0,48.51
18510,53.65,49.46,49.0,49.0,48.51
18511,53.56,49.46,49.0,49.0,48.51
18512,53.47,49.46,49.0,49.0,48.51
18513,53.38,49.46,49.0,49.0,48.51
18514,53.29,49.46,49.0,49.0,48.51
18515,53.2,49.46,49.0,49.0,48.51
18516,53.11,49.46,49.0,49.0,48.51
18517,53.02,49.46,49.0,49.0,48.51
18518,52.93,49.46,49.0,49.0,48.51
18519,52.84,49.46,49.0,49.0,48.51
18520,52.75,49.46,49.0,49.0,48.51
18521,52.66,49.46,49.0,49.0,48.51
18522,52.57,49.46,49.0,49.0,48.51
18523,52.48,49.46,49.0,49.0,48.51
18524,52.39,49.46,49.0,49.0,48.51
18525,52.3,49.46,49.0,49.0,48.51
18526,52.2,49.46,49.0,49.0,48.51
18527,52.11,49.46,49.0,49.0,48.51
18528,52.02,49.46,49.0,49.0,48.5
18529,51.93,49.46,49.0,49.0,48.5
18530,51.84,49.46,49.0,49.0,48.5
18531,51.75,49.46,49.0,49.0,48.5
18532,51.66,49.46,49.0,49.0,48.5
18533,51.57,49.46,49.0,49.0,48.5
18534,51.48,49.46,49.0,49.0,48.5
18535,51.39,49.46,49.0,49.0,48.5
18536,51.3,49.46,49.0,49.0,48.5
18537,51.21,49.46,49.0,49.0,48.5
18538,51.12,49.46,49.0,49.0,48.5
18539,51.03,49.46,49.0,49.0,48.5
18540,50.94,49.46,49.0,49.0,48.5
18541,50.85,49.46,49.0,49.0,48.5
18542,50.76,49.46,49.0,49.0,48.5
18543,50.67,49.46,49.0,49.0,48.5
18544,50.62,49.46,49.0,49.0,48.5
18545,50.62,49.46,49.0,49.0,48.5
18546,50.62,49.46,49.0,49.0,48.5
18547,50.62,49.46,49.0,49.0,48.49
18548,50.62,49.46,49.0,49.0,48.49
18549,50.62,49.46,49.0,49.0,48.49
18550,50.62,49.46,49.0,49.0,48.49
18551,50.62,49.46,49.0,49.0,48.49
18552,50.62,49.46,49.0,49.0,48.49
18553,50.62,49.46,49.0,49.0,48.49
18554,50.62,49.46,49.0,49.0,48.49
18555,50.62,49.46,49.0,49.0,48.49
18556,50.62,49.46,49.0,49.0,48.49
18557,50.62,49.46,49.0,49.0,48.49
18558,50.63,49.46,49.0,49.0,48.49
18559,50.65,49.46,49.0,49.0,48.49
18560,50.66,49.46,49.0,49.0,48.49
18561,50.68,49.46,49.0,49.0,48.49
18562,50.69,49.46,49.0,49.0,48.49
18563,50.71,49.46,49.0,49.0,48.49
18564,50.73,49.46,49.0,49.0,48.49
18565,50.74,49.46,49.0,49.0,48.49
18566,50.76,49.46,49.0,49.0,48.48
18567,50.77,49.46,49.0,49.0,48.48
18568,50.79,49.46,49.0,49.0,48.48
18569,50.8,49.46,49.0,49.0,48.48
18570,50.82,49.46,49.0,49.0,48.48
18571,50.83,49.46,49.0,49.0,48.48
18572,50.85,49.46,49.0,49.0,48.48
18573,50.86,49.46,49.0,49.0,48.48
18574,50.88,49.46,49.0,49.0,48.48
18575,50.89,49.46,49.0,49.0,48.48
18576,50.91,49.46,49.0,49.0,48.48
18577,50.92,49.46,49.0,49.0,48.48
18578,50.94,49.46,49.0,49.0,48.48
18579,50.96,49.46,49.0,49.0,48.48
18580,50.97,49.46,49.0,49.0,48.48
18581,50.99,49.46,49.0,49.0,48.48
18582,51.0,49.46,49.0,49.0,48.48
18583,51.02,49.46,49.0,49.0,48.48
18584,51.03,49.46,49.0,49.0,48.48
18585,51.05,49.46,49.0,49.0,48.47
18586,51.06,49.46,49.0,49.0,48.47
18587,51.08,49.46,49.0,49.0,48.47
18588,51.09,49.46,49.0,49.0,48.47
18589,51.11,49.46,49.0,49.0,48.47
18590,51.12,49.46,49.0,49.0,48.47
18591,51.14,49.46,49.0,49.0,48.47
18592,51.15,49.46,49.0,49.0,48.47
18593,51.17,49.46,49.0,49.0,48.47
18594,51.19,49.46,49.0,49.0,48.47
18595,51.2,49.46,49.0,49.0,48.47
18596,51.22,49.46,49.0,49.0,48.47
18597,51.23,49.46,49.0,49.0,48.47
18598,51.25,49.46,49.0,49.0,48.47
18599,51.26,49.46,49.0,49.0,48.47
18600,51.28,49.46,49.0,49.0,48.47
18601,51.29,49.46,49.0,49.0,48.47
18602,51.31,49.46,49.0,49.0,48.47
18603,51.32,49.46,49.0,49.0,48.47
18604,51.34,49.46,49.0,49.0,48.46
18605,51.35,49.46,49.0,49.0,48.46
18606,51.37,49.46,49.0,49.0,48.46
18607,51.38,49.46,49.0,49.0,48.46
18608,51.4,49.46,49.0,49.0,48.46
18609,51.42,49.46,49.0,49.0,48.46
18610,51.43,49.46,49.0,49.0,48.46
18611,51.45,49.46,49.0,49.0,48.46
18612,51.46,49.46,49.0,49.0,48.46
18613,51.48,49.46,49.0,49.0,48.46
18614,51.49,49.46,49.0,49.0,48.46
18615,51.51,49.46,49.0,49.0,48.46
18616,51.52,49.46,49.0,49.0,48.46
18617,51.54,49.46,49.0,49.0,48.46
18618,51.55,49.46,49.0,49.0,48.46
18619,51.57,49.46,49.0,49.0,48.46
18620,51.58,49.46,49.0,49.0,48.46
18621,51.6,49.46,49.0,49.0,48.46
18622,51.61,49.46,49.0,49.0,48.46
18623,51.63,49.46,49.0,49.0,48.45
18624,51.65,49.46,49.0,49.0,48.45
18625,51.66,49.46,49.0,49.0,48.45
18626,51.68,49.46,49.0,49.0,48.45
18627,51.69,49.46,49.0,49.0,48.45
18628,51.71,49.46,49.0,49.0,48.45
18629,51.72,49.46,49.0,49.0,48.45
18630,51.74,49.46,49.0,49.0,48.45
18631,51.75,49.46,49.0,49.0,48.45
18632,51.77,49.46,49.0,49.0,48.45
18633,51.78,49.46,49.0,49.0,48.45
18634,51.8,49.46,49.0,49.0,48.45
18635,51.81,49.46,49.0,49.0,48.45
18636,51.83,49.46,49.0,49.0,48.45
18637,51.84,49.46,49.0,49.0,48.45
18638,51.86,49.46,49.0,49.0,48.45
18639,51.88,49.46,49.0,49.0,48.45
18640,51.89,49.46,49.0,49.0,48.45
18641,51.91,49.46,49.0,49.0,48.45
18642,51.92,49.46,49.0,49.0,48.44
18643,51.94,49.46,49.0,49.0,48.44
18644,51.95,49.46,49.0,49.0,48.44
18645,51.97,49.46,49.0,49.0,48.44
18646,51.98,49.46,49.0,49.0,48.44
18647,52.0,49.46,49.0,49.0,48.44
18648,52.01,49.46,49.0,49.0,48.44
18649,52.03,49.46,49.0,49.0,48.44
18650,52.04,49.46,49.0,49.0,48.44
18651,52.06,49.46,49.0,48.99,48.44
18652,52.07,49.46,49.0,48.99,48.44
18653,52.09,49.46,49.0,48.98,48.44
18654,52.11,49.46,49.0,48.98,48.44
18655,52.12,49.46,49.0,48.97,48.44
18656,52.14,49.46,49.0,48.96,48.44
18657,52.15,49.46,49.0,48.96,48.44
18658,52.17,49.46,49.0,48.95,48.44
18659,52.18,49.46,49.0,48.95,48.44
18660,52.2,49.46,49.0,48.94,48.44
18661,52.21,49.46,49.0,48.94,48.43
18662,52.23,49.46,49.0,48.93,48.43
18663,52.24,49.46,49.0,48.92,48.43
18664,52.26,49.46,49.0,48.92,48.43
18665,52.27,49.46,49.0,48.91,48.43
18666,52.29,49.46,49.0,48.91,48.43
18667,52.3,49.46,49.0,48.9,48.43
18668,52.32,49.46,49.0,48.9,48.43
18669,52.34,49.46,49.0,48.89,48.43
18670,52.35,49.46,49.0,48.88,48.43
18671,52.37,49.46,49.0,48.88,48.43
18672,52.38,49.46,49.0,48.87,48.43
18673,52.4,49.46,49.0,48.87,48.43
18674,52.41,49.46,49.0,48.86,48.43
18675,52.43,49.46,49.0,48.85,48.43
18676,52.44,49.46,49.0,48.85,48.43
18677,52.46,49.46,49.0,48.85,48.43
18678,52.47,49.47,49.0,48.85,48.43
18679,52.49,49.47,49.0,48.85,48.43
18680,52.5,49.48,49.0,48.85,48.42
18681,52.52,49.48,49.0,48.85,48.42
18682,52.53,49.48,49.0,48.85,48.42
18683,52.55,49.49,49.0,48.85,48.42
18684,52.57,49.49,49.0,48.85,48.42
18685,52.58,49.49,49.0,48.85,48.42
18686,52.6,49.5,49.0,48.85,48.42
18687,52.61,49.5,49.0,48.85,48.42
18688,52.63,49.51,49.0,48.85,48.42
18689,52.64,49.51,49.0,48.85,48.42
18690,52.66,49.51,49.0,48.85,48.42
18691,52.67,49.52,49.0,48.85,48.42
18692,52.69,49.52,49.0,48.85,48.42
18693,52.7,49.53,49.0,48.85,48.42
18694,52.72,49.53,49.0,48.85,48.42
18695,52.73,49.53,49.0,48.85,48.42
18696,52.75,49.54,49.0,48.85,48.42
18697,52.76,49.54,49.0,48.85,48.42
18698,52.78,49.54,49.0,48.85,48.42
18699,52.8,49.55,49.0,48.85,48.41
18700,52.81,49.55,49.0,48.85,48.41
18701,52.83,49.56,49.0,48.85,48.41
18702,52.84,49.56,49.0,48.85,48.41
18703,52.86,49.56,49.0,48.85,48.41
18704,52.87,49.57,49.0,48.85,48.41
18705,52.89,49.57,49.0,48.86,48.41
18706,52.9,49.58,49.0,48.86,48.41
18707,52.92,49.58,49.0,48.87,48.41
18708,52.93,49.58,49.0,48.87,48.41
18709,52.95,49.59,49.0,48.88,48.41
18710,52.96,49.59,49.0,48.89,48.41
18711,52.98,49.59,49.0,48.89,48.41
18712,52.99,49.6,49.0,48.9,48.41
18713,53.01,49.6,49.0,48.9,48.41
18714,53.03,49.61,49.0,48.91,48.41
18715,53.04,49.61,49.0,48.92,48.41
18716,53.06,49.61,49.0,48.92,48.41
18717,53.07,49.62,49.0,48.92,48.41
18718,53.09,49.62,49.0,48.92,48.4
18719,53.1,49.62,49.0,48.92,48.4
18720,53.12,49.62,49.0,48.92,48.4
18721,53.13,49.62,49.0,48.92,48.4
18722,53.15,49.62,49.0,48.92,48.4
18723,53.16,49.62,49.0,48.92,48.4
18724,53.18,49.62,49.0,48.92,48.4
18725,53.19,49.62,49.0,48.92,48.4
18726,53.21,49.62,49.0,48.92,48.4
18727,53.22,49.62,49.0,48.92,48.4
18728,53.24,49.62,49.0,48.92,48.4
18729,53.26,49.62,49.0,48.92,48.4
18730,53.27,49.62,49.0,48.92,48.4
18731,53.29,49.62,49.0,48.92,48.4
18732,53.3,49.62,49.0,48.92,48.4
18733,53.32,49.62,49.0,48.92,48.4
18734,53.33,49.62,49.0,48.92,48.4
18735,53.35,49.62,49.0,48.92,48.4
18736,53.36,49.62,49.0,48.92,48.4
18737,53.38,49.62,49.0,48.92,48.39
18738,53.39,49.62,49.0,48.92,48.39
18739,53.41,49.62,49.0,48.92,48.39
18740,53.42,49.62,49.0,48.92,48.39
18741,53.44,49.62,49.0,48.92,48.39
18742,53.45,49.62,49.0,48.92,48.39
18743,53.47,49.62,49.0,48.92,48.39
18744,53.49,49.62,49.0,48.92,48.39
18745,53.5,49.62,49.0,48.92,48.39
18746,53.52,49.62,49.0,48.92,48.39
18747,53.53,49.62,49.0,48.92,48.39
18748,53.55,49.62,49.0,48.92,48.39
18749,53.56,49.62,49.0,48.92,48.39
18750,53.58,49.62,49.0,48.92,48.39
18751,53.59,49.62,49.0,48.92,48.39
18752,53.61,49.62,49.0,48.92,48.39
18753,53.62,49.62,49.0,48.92,48.39
18754,53.64,49.62,49.0,48.92,48.39
18755,53.65,49.62,49.0,48.92,48.39
18756,53.67,49.62,49.0,48.92,48.38
18757,53.68,49.62,49.0,48.92,48.38
18758,53.7,49.62,49.0,48.92,48.38
18759,53.72,49.62,49.0,48.92,48.38
18760,53.73,49.62,49.0,48.92,48.38
18761,53.75,49.62,49.0,48.92,48.38
18762,53.76,49.62,49.0,48.92,48.38
18763,53.78,49.62,49.0,48.92,48.38
18764,53.79,49.62,49.0,48.92,48.38
18765,53.81,49.62,49.0,48.92,48.38
18766,53.82,49.62,49.0,48.92,48.38
18767,53.84,49.62,49.0,48.92,48.38
18768,53.85,49.62,49.0,48.92,48.38
18769,53.87,49.62,49.0,48.92,48.38
18770,53.88,49.62,49.0,48.92,48.38
18771,53.9,49.62,49.0,48.92,48.38
18772,53.91,49.62,49.0,48.92,48.38
18773,53.93,49.62,49.0,48.92,48.38
18774,53.95,49.62,49.0,48.92,48.38
18775,53.96,49.63,49.0,48.92,48.37
18776,53.98,49.63,49.0,48.92,48.37
18777,53.99,49.63,49.0,48.92,48.37
18778,54.01,49.63,49.0,48.92,48.37
18779,54.02,49.63,49.0,48.92,48.37
18780,54.04,49.64,49.0,48.91,48.37
18781,54.05,49.64,49.0,48.91,48.37
18782,54.07,49.64,49.0,48.91,48.37
18783,54.08,49.64,49.0,48.91,48.37
18784,54.1,49.64,49.0,48.91,48.37
18785,54.11,49.65,49.0,48.91,48.37
18786,54.13,49.65,49.0,48.91,48.37
18787,54.14,49.65,49.0,48.91,48.37
18788,54.16,49.65,49.0,48.91,48.37
18789,54.18,49.65,49.0,48.91,48.37
18790,54.19,49.65,49.0,48.91,48.37
18791,54.21,49.66,49.0,48.91,48.37
18792,54.22,49.66,49.0,48.91,48.37
18793,54.24,49.66,49.0,48.9,48.37
18794,54.25,49.66,49.0,48.9,48.36
18795,54.27,49.66,49.0,48.9,48.36
18796,54.28,49.67,49.0,48.9,48.36
18797,54.3,49.67,49.0,48.9,48.36
18798,54.31,49.67,49.0,48.9,48.36
18799,54.33,49.67,49.0,48.9,48.36
18800,54.34,49.67,49.0,48.9,48.36
18801,54.36,49.68,49.0,48.9,48.36
18802,54.37,49.68,49.0,48.9,48.36
18803,54.39,49.68,49.0,48.9,48.36
18804,54.41,49.68,49.0,48.9,48.36
18805,54.42,49.68,49.0,48.9,48.36
18806,54.44,49.69,49.0,48.89,48.36
18807,54.45,49.69,49.0,48.89,48.36
18808,54.47,49.69,49.0,48.89,48.36
18809,54.48,49.69,49.0,48.89,48.36
18810,54.5,49.69,49.0,48.89,48.36
18811,54.51,49.7,49.0,48.89,48.36
18812,54.53,49.7,49.0,48.89,48.36
18813,54.54,49.7,49.0,48.89,48.35
18814,54.56,49.7,49.0,48.89,48.35
18815,54.57,49.7,49.0,48.89,48.35
18816,54.59,49.71,49.0,48.89,48.35
18817,54.6,49.71,49.0,48.89,48.35
18818,54.62,49.71,49.0,48.88,48.35
18819,54.64,49.71,49.0,48.88,48.35
18820,54.65,49.71,49.0,48.88,48.35
18821,54.67,49.71,49.0,48.88,48.35
18822,54.68,49.72,49.0,48.88,48.35
18823,54.68,49.72,49.0,48.88,48.35
18824,54.65,49.72,49.0,48.88,48.35
18825,54.61,49.72,49.0,48.88,48.35
18826,54.58,49.72,49.0,48.88,48.35
18827,54.54,49.73,49.0,48.88,48.35
18828,54.5,49.73,49.0,48.88,48.35
18829,54.47,49.73,49.0,48.88,48.35
18830,54.43,49.73,49.0,48.88,48.35
18831,54.4,49.73,49.0,48.87,48.35
18832,54.36,49.74,49.0,48.87,48.34
18833,54.33,49.74,49.0,48.87,48.34
18834,54.29,49.74,49.0,48.87,48.34
18835,54.26,49.74,49.0,48.87,48.34
18836,54.22,49.74,49.0,48.87,48.34
18837,54.19,49.75,49.0,48.87,48.34
18838,54.15,49.75,49.0,48.87,48.34
18839,54.11,49.75,49.0,48.87,48.34
18840,54.08,49.75,49.0,48.87,48.34
18841,54.04,49.75,49.0,48.87,48.34
18842,54.01,49.76,49.0,48.87,48.34
18843,53.97,49.76,49.0,48.87,48.34
18844,53.94,49.76,49.0,48.86,48.34
18845,53.9,49.76,49.0,48.86,48.34
18846,53.87,49.76,49.0,48.86,48.34
18847,53.83,49.76,49.0,48.86,48.34
18848,53.8,49.77,49.0,48.86,48.34
18849,53.76,49.77,49.0,48.86,48.34
18850,53.72,49.77,49.0,48.86,48.34
18851,53.69,49.77,49.0,48.86,48.33
18852,53.65,49.77,49.0,48.86,48.33
18853,53.62,49.77,49.0,48.86,48.33
18854,53.58,49.77,49.0,48.86,48.33
18855,53.55,49.77,49.0,48.86,48.33
18856,53.51,49.77,49.0,48.85,48.33
18857,53.48,49.77,49.0,48.85,48.33
18858,53.44,49.77,49.0,48.85,48.33
18859,53.41,49.77,49.0,48.85,48.33
18860,53.37,49.77,49.0,48.85,48.33
18861,53.33,49.77,49.0,48.85,48.33
18862,53.3,49.77,49.0,48.85,48.33
18863,53.26,49.77,49.0,48.85,48.33
18864,53.23,49.77,49.0,48.85,48.33
18865,53.19,49.77,49.0,48.85,48.33
18866,53.16,49.77,49.0,48.85,48.33
18867,53.12,49.77,49.0,48.85,48.33
18868,53.09,49.77,49.0,48.85,48.33
18869,53.05,49.77,49.0,48.84,48.33
18870,53.02,49.77,49.0,48.84,48.32
18871,52.98,49.77,49.0,48.84,48.32
18872,52.94,49.77,49.0,48.84,48.32
18873,52.91,49.77,49.0,48.84,48.32
18874,52.87,49.77,49.0,48.84,48.32
18875,52.84,49.77,49.0,48.84,48.32
18876,52.8,49.77,49.0,48.84,48.32
18877,52.77,49.77,49.0,48.84,48.32
18878,52.73,49.77,49.0,48.84,48.32
18879,52.7,49.77,49.0,48.84,48.32
18880,52.66,49.77,49.0,48.84,48.32
18881,52.63,49.77,49.0,48.84,48.32
18882,52.59,49.77,49.0,48.83,48.32
18883,52.56,49.77,49.0,48.83,48.32
18884,52.52,49.77,49.0,48.83,48.32
18885,52.48,49.77,49.0,48.83,48.32
18886,52.45,49.77,49.0,48.83,48.32
18887,52.41,49.77,49.0,48.83,48.32
18888,52.38,49.77,49.0,48.83,48.32
18889,52.34,49.77,49.0,48.83,48.31
18890,52.31,49.77,49.0,48.83,48.31
18891,52.27,49.77,49.0,48.83,48.31
18892,52.24,49.77,49.0,48.83,48.31
18893,52.2,49.77,49.0,48.83,48.31
18894,52.17,49.77,49.0,48.82,48.31
18895,52.13,49.77,49.0,48.82,48.31
18896,52.09,49.77,49.0,48.82,48.31
18897,52.06,49.77,49.0,48.82,48.31
18898,52.02,49.77,49.0,48.82,48.31
18899,51.99,49.77,49.0,48.82,48.31
18900,51.95,49.77,49.0,48.82,48.31
18901,51.92,49.77,49.0,48.82,48.31
18902,51.88,49.77,49.0,48.82,48.31
18903,51.85,49.77,49.0,48.82,48.31
18904,51.81,49.77,49.0,48.82,48.31
18905,51.78,49.77,49.0,48.82,48.31
18906,51.74,49.77,49.0,48.82,48.31
18907,51.7,49.77,49.0,48.81,48.31
18908,51.67,49.77,49.0,48.81,48.3
18909,51.63,49.77,49.0,48.81,48.3
18910,51.6,49.77,49.0,48.81,48.3
18911,51.56,49.77,49.0,48.81,48.3
18912,51.53,49.77,49.0,48.81,48.3
18913,51.49,49.77,49.0,48.81,48.3
18914,51.46,49.77,49.0,48.81,48.3
18915,51.42,49.77,49.0,48.81,48.3
18916,51.39,49.77,49.0,48.81,48.3
18917,51.35,49.77,49.0,48.81,48.3
18918,51.31,49.77,49.0,48.81,48.3
18919,51.28,49.77,49.0,48.81,48.3
18920,51.24,49.77,49.0,48.8,48.3
18921,51.21,49.77,49.0,48.8,48.3
18922,51.17,49.77,49.0,48.8,48.3
18923,51.14,49.77,49.0,48.8,48.3
18924,51.1,49.77,49.0,48.8,48.3
18925,51.07,49.77,49.0,48.8,48.3
18926,51.03,49.77,49.0,48.8,48.3
18927,51.0,49.77,49.0,48.8,48.29
18928,50.96,49.77,49.0,48.8,48.29
18929,50.92,49.77,49.0,48.8,48.29
18930,51.04,49.77,49.0,48.8,48.29
18931,51.17,49.77,49.0,48.8,48.29
18932,51.29,49.77,49.0,48.79,48.29
18933,51.41,49.77,49.0,48.79,48.29
18934,51.54,49.77,49.0,48.79,48.29
18935,51.66,49.77,49.0,48.79,48.29
18936,51.78,49.77,49.0,48.79,48.29
18937,51.91,49.77,49.0,48.79,48.29
18938,52.03,49.77,49.0,48.79,48.29
18939,52.15,49.77,49.0,48.79,48.29
18940,52.28,49.77,49.0,48.79,48.29
18941,52.4,49.77,49.0,48.79,48.29
18942,52.53,49.77,49.0,48.79,48.29
18943,52.65,49.77,49.0,48.79,48.29
18944,52.77,49.77,49.0,48.79,48.29
18945,52.9,49.77,49.0,48.78,48.29
18946,53.02,49.77,49.0,48.78,48.28
18947,53.14,49.77,49.0,48.78,48.28
18948,53.27,49.77,49.0,48.78,48.28
18949,53.39,49.77,49.0,48.78,48.28
18950,53.52,49.77,49.0,48.78,48.28
18951,53.64,49.77,49.0,48.78,48.28
18952,53.76,49.77,49.0,48.78,48.28
18953,53.89,49.77,49.0,48.78,48.28
18954,54.01,49.77,49.0,48.78,48.28
18955,54.13,49.77,49.0,48.78,48.28
18956,54.26,49.77,49.0,48.78,48.28
18957,54.38,49.77,49.0,48.78,48.28
18958,54.5,49.77,49.0,48.77,48.28
18959,54.63,49.77,49.0,48.77,48.28
18960,54.75,49.77,49.0,48.77,48.28
18961,54.88,49.77,49.0,48.77,48.28
18962,55.0,49.77,49.0,48.77,48.28
18963,55.12,49.77,49.0,48.77,48.28
18964,55.25,49.77,49.0,48.77,48.28
18965,55.37,49.77,49.0,48.77,48.27
18966,55.49,49.77,49.0,48.77,48.27
18967,55.62,49.77,49.0,48.77,48.27
18968,55.74,49.77,49.0,48.77,48.27
18969,55.87,49.77,49.0,48.77,48.27
18970,55.99,49.77,49.0,48.76,48.27
18971,56.11,49.77,49.0,48.76,48.27
18972,56.24,49.77,49.0,48.76,48.27
18973,56.36,49.77,49.0,48.76,48.27
18974,56.48,49.77,49.0,48.76,48.27
18975,56.61,49.77,49.0,48.76,48.27
18976,56.73,49.77,49.0,48.76,48.27
18977,56.85,49.77,49.0,48.76,48.27
18978,56.98,49.77,49.0,48.76,48.27
18979,57.1,49.77,49.0,48.76,48.27
18980,57.23,49.77,49.0,48.76,48.27
18981,57.35,49.77,49.0,48.76,48.27
18982,57.47,49.77,49.0,48.76,48.27
18983,57.6,49.77,49.0,48.75,48.27
18984,57.72,49.77,49.0,48.75,48.26
18985,57.84,49.77,49.0,48.75,48.26
18986,57.97,49.77,49.0,48.75,48.26
18987,58.09,49.77,49.0,48.75,48.26
18988,58.22,49.77,49.0,48.75,48.26
18989,58.34,49.77,49.0,48.75,48.26
18990,58.46,49.77,49.0,48.75,48.26
18991,58.59,49.77,49.0,48.75,48.26
18992,58.71,49.77,49.0,48.75,48.26
18993,58.83,49.77,49.0,48.75,48.26
18994,58.96,49.77,49.0,48.75,48.26
18995,59.08,49.77,49.0,48.75,48.26
18996,59.21,49.77,49.0,48.74,48.26
18997,59.33,49.77,49.0,48.74,48.26
18998,59.45,49.77,49.0,48.74,48.26
18999,59.58,49.77,49.0,48.74,48.26
19000,59.7,49.77,49.0,48.74,48.26
19001,59.82,49.77,49.0,48.74,48.26
19002,59.95,49.77,49.0,48.74,48.26
19003,60.07,49.77,49.0,48.74,48.25
19004,60.19,49.77,49.0,48.74,48.25
19005,60.32,49.77,49.0,48.74,48.25
19006,60.44,49.77,49.0,48.74,48.25
19007,60.57,49.77,49.0,48.74,48.25
19008,60.69,49.77,49.0,48.73,48.25
19009,60.81,49.77,49.0,48.73,48.25
19010,60.94,49.77,49.0,48.73,48.25
19011,61.06,49.77,49.0,48.73,48.25
19012,61.18,49.77,49.0,48.73,48.25
19013,61.31,49.77,49.0,48.73,48.25
19014,61.43,49.77,49.0,48.73,48.25
19015,61.56,49.77,49.0,48.73,48.25
19016,61.68,49.77,49.0,48.73,48.25
19017,61.8,49.77,49.0,48.73,48.25
19018,61.93,49.77,49.0,48.73,48.25
19019,62.05,49.77,49.0,48.73,48.25
19020,62.17,49.77,49.0,48.73,48.25
19021,62.3,49.77,49.0,48.72,48.25
19022,62.42,49.77,49.0,48.72,48.24
19023,62.54,49.77,49.0,48.72,48.24
19024,62.67,49.77,49.0,48.72,48.24
19025,62.79,49.77,49.0,48.72,48.24
19026,62.92,49.77,49.0,48.72,48.24
19027,63.04,49.77,49.0,48.72,48.24
19028,63.16,49.77,49.0,48.72,48.24
19029,63.29,49.77,49.01,48.72,48.24
19030,63.41,49.77,49.01,48.72,48.24
19031,63.53,49.77,49.01,48.72,48.24
19032,63.66,49.77,49.01,48.72,48.24
19033,63.78,49.77,49.01,48.72,48.24
19034,63.91,49.77,49.01,48.71,48.24
19035,64.03,49.77,49.01,48.71,48.24
19036,63.92,49.77,49.01,48.71,48.24
19037,63.68,49.77,49.01,48.71,48.24
19038,63.43,49.77,49.01,48.71,48.24
19039,63.18,49.77,49.01,48.71,48.24
19040,62.93,49.77,49.01,48.71,48.24
19041,62.68,49.77,49.01,48.71,48.23
19042,62.43,49.77,49.02,48.71,48.23
19043,62.18,49.77,49.02,48.71,48.23
19044,61.93,49.77,49.02,48.71,48.23
19045,61.68,49.77,49.02,48.71,48.23
19046,61.44,49.77,49.02,48.7,48.23
19047,61.19,49.77,49.02,48.7,48.23
19048,60.94,49.77,49.02,48.7,48.23
19049,60.72,49.77,49.02,48.7,48.23
19050,60.57,49.77,49.02,48.7,48.23
19051,60.42,49.77,49.02,48.7,48.23
19052,60.27,49.77,49.02,48.7,48.23
19053,60.12,49.77,49.02,48.7,48.23
19054,59.97,49.77,49.02,48.7,48.23
19055,59.82,49.77,49.03,48.7,48.23
19056,59.67,49.77,49.03,48.7,48.23
19057,59.52,49.77,49.03,48.7,48.23
19058,59.37,49.77,49.03,48.7,48.23
19059,59.23,49.77,49.03,48.69,48.23
19060,59.08,49.77,49.03,48.69,48.23
19061,58.93,49.77,49.03,48.69,48.23
19062,58.79,49.77,49.03,48.69,48.23
19063,58.97,49.77,49.03,48.69,48.23
19064,59.16,49.77,49.03,48.69,48.23
19065,59.34,49.77,49.03,48.69,48.23
19066,59.53,49.77,49.03,48.69,48.23
19067,59.71,49.77,49.03,48.69,48.23
19068,59.9,49.77,49.04,48.69,48.23
19069,60.08,49.77,49.04,48.69,48.24
19070,60.27,49.77,49.04,48.69,48.24
19071,60.45,49.77,49.04,48.69,48.24
19072,60.64,49.77,49.04,48.69,48.24
19073,60.82,49.77,49.04,48.69,48.24
19074,61.01,49.77,49.04,48.69,48.24
19075,61.19,49.77,49.04,48.69,48.24
19076,61.18,49.77,49.04,48.69,48.24
19077,61.11,49.77,49.04,48.69,48.24
19078,61.04,49.77,49.04,48.69,48.24
19079,60.96,49.77,49.04,48.69,48.24
19080,60.89,49.77,49.04,48.69,48.24
19081,60.81,49.77,49.05,48.69,48.24
19082,60.74,49.77,49.05,48.69,48.24
19083,60.66,49.77,49.05,48.69,48.24
19084,60.59,49.77,49.05,48.69,48.25
19085,60.51,49.77,49.05,48.69,48.25
19086,60.44,49.77,49.05,48.69,48.25
19087,60.36,49.77,49.05,48.69,48.25
19088,60.29,49.77,49.05,48.69,48.25
19089,60.21,49.77,49.05,48.69,48.25
19090,60.14,49.77,49.05,48.69,48.25
19091,60.07,49.77,49.05,48.69,48.25
19092,59.99,49.77,49.05,48.69,48.25
19093,59.92,49.77,49.05,48.69,48.25
19094,59.84,49.77,49.06,48.69,48.25
19095,59.77,49.77,49.06,48.69,48.25
19096,59.69,49.77,49.06,48.69,48.25
19097,59.62,49.77,49.06,48.69,48.25
19098,59.54,49.77,49.06,48.69,48.25
19099,59.47,49.77,49.06,48.69,48.25
19100,59.39,49.77,49.06,48.69,48.26
19101,59.32,49.77,49.06,48.69,48.26
19102,59.25,49.77,49.06,48.69,48.26
19103,59.17,49.77,49.06,48.69,48.26
19104,59.1,49.77,49.06,48.69,48.26
19105,59.02,49.77,49.06,48.69,48.26
19106,58.95,49.77,49.06,48.69,48.26
19107,58.87,49.77,49.07,48.69,48.26
19108,58.8,49.77,49.07,48.69,48.26
19109,58.72,49.77,49.07,48.69,48.26
19110,58.65,49.77,49.07,48.69,48.26
19111,58.57,49.77,49.07,48.69,48.26
19112,58.5,49.77,49.07,48.69,48.26
19113,58.42,49.77,49.07,48.69,48.26
19114,58.35,49.77,49.07,48.69,48.26
19115,58.28,49.77,49.07,48.69,48.27
19116,58.2,49.77,49.07,48.69,48.27
19117,58.13,49.77,49.07,48.69,48.27
19118,58.05,49.77,49.07,48.69,48.27
19119,57.98,49.77,49.07,48.69,48.27
19120,57.9,49.77,49.08,48.69,48.27
19121,57.83,49.77,49.08,48.69,48.27
19122,57.75,49.77,49.08,48.69,48.27
19123,57.68,49.77,49.08,48.69,48.27
19124,57.6,49.77,49.08,48.69,48.27
19125,57.53,49.77,49.08,48.69,48.27
19126,57.46,49.77,49.08,48.69,48.27
19127,57.38,49.77,49.08,48.69,48.27
19128,57.31,49.77,49.08,48.69,48.27
19129,57.23,49.77,49.08,48.69,48.27
19130,57.16,49.77,49.08,48.69,48.27
19131,57.08,49.77,49.08,48.69,48.28
19132,57.01,49.77,49.08,48.69,48.28
19133,56.93,49.77,49.09,48.69,48.28
19134,56.86,49.77,49.09,48.69,48.28
19135,56.78,49.77,49.09,48.69,48.28
19136,56.71,49.77,49.09,48.69,48.28
19137,56.63,49.77,49.09,48.69,48.28
19138,56.56,49.77,49.09,48.69,48.28
19139,56.49,49.77,49.09,48.69,48.28
19140,56.41,49.77,49.09,48.69,48.28
19141,56.34,49.77,49.09,48.69,48.28
19142,56.26,49.77,49.09,48.69,48.28
19143,56.19,49.77,49.09,48.69,48.28
19144,56.11,49.77,49.09,48.69,48.28
19145,56.04,49.77,49.09,48.69,48.28
19146,55.96,49.77,49.1,48.69,48.29
19147,55.89,49.77,49.1,48.69,48.29
19148,55.81,49.77,49.1,48.69,48.29
19149,55.74,49.77,49.1,48.69,48.29
19150,55.67,49.77,49.1,48.69,48.29
19151,55.59,49.77,49.1,48.69,48.29
19152,55.52,49.77,49.1,48.69,48.29
19153,55.44,49.77,49.1,48.69,48.29
19154,55.37,49.77,49.1,48.69,48.29
19155,55.29,49.77,49.1,48.69,48.29
19156,55.22,49.77,49.1,48.69,48.29
19157,55.14,49.77,49.1,48.69,48.29
19158,55.07,49.77,49.1,48.69,48.29
19159,54.99,49.77,49.11,48.69,48.29
19160,54.92,49.77,49.11,48.69,48.29
19161,54.84,49.77,49.11,48.69,48.3
19162,54.77,49.77,49.11,48.69,48.3
19163,54.7,49.77,49.11,48.69,48.3
19164,54.62,49.77,49.11,48.69,48.3
19165,54.55,49.77,49.11,48.69,48.3
19166,54.47,49.77,49.11,48.69,48.3
19167,54.4,49.77,49.11,48.69,48.3
19168,54.32,49.77,49.11,48.69,48.3
19169,54.25,49.77,49.11,48.69,48.3
19170,54.17,49.77,49.11,48.69,48.3
19171,54.1,49.77,49.11,48.69,48.3
19172,54.02,49.77,49.12,48.69,48.3
19173,53.95,49.77,49.12,48.69,48.3
19174,53.88,49.77,49.12,48.69,48.3
19175,53.8,49.77,49.12,48.69,48.3
19176,53.73,49.77,49.12,48.69,48.3
19177,53.65,49.77,49.12,48.69,48.31
19178,53.58,49.77,49.12,48.69,48.31
19179,53.5,49.77,49.12,48.69,48.31
19180,53.43,49.77,49.12,48.69,48.31
19181,53.35,49.77,49.12,48.69,48.31
19182,53.25,49.77,49.12,48.69,48.31
19183,53.09,49.77,49.12,48.69,48.31
19184,52.93,49.77,49.12,48.69,48.31
19185,52.78,49.77,49.13,48.69,48.31
19186,52.62,49.77,49.13,48.69,48.31
19187,52.47,49.77,49.13,48.69,48.31
19188,52.31,49.77,49.13,48.69,48.31
19189,52.15,49.77,49.13,48.69,48.31
19190,52.0,49.77,49.13,48.69,48.31
19191,51.84,49.77,49.13,48.69,48.31
19192,51.68,49.77,49.13,48.69,48.32
19193,51.53,49.77,49.13,48.69,48.32
19194,51.37,49.77,49.13,48.69,48.32
19195,51.23,49.77,49.13,48.69,48.32
19196,51.22,49.77,49.13,48.69,48.32
19197,51.21,49.77,49.13,48.69,48.32
19198,51.19,49.77,49.14,48.69,48.32
19199,51.18,49.77,49.14,48.69,48.32
19200,51.17,49.77,49.14,48.69,48.32
19201,51.16,49.77,49.14,48.69,48.32
19202,51.15,49.77,49.14,48.69,48.32
19203,51.14,49.77,49.14,48.69,48.32
19204,51.13,49.77,49.14,48.69,48.32
19205,51.11,49.77,49.14,48.69,48.32
19206,51.1,49.77,49.14,48.69,48.32
19207,51.09,49.77,49.14,48.69,48.32
19208,51.08,49.77,49.14,48.69,48.33
19209,51.23,49.77,49.14,48.69,48.33
19210,51.41,49.77,49.14,48.69,48.33
19211,51.6,49.77,49.15,48.69,48.33
19212,51.78,49.77,49.15,48.69,48.33
19213,51.97,49.77,49.15,48.69,48.33
19214,52.15,49.77,49.15,48.69,48.33
19215,52.34,49.77,49.15,48.69,48.33
19216,52.52,49.77,49.15,48.69,48.33
19217,52.71,49.77,49.15,48.69,48.33
19218,52.9,49.77,49.15,48.69,48.33
19219,53.08,49.77,49.15,48.69,48.33
19220,53.27,49.77,49.15,48.69,48.33
19221,53.45,49.77,49.15,48.69,48.33
19222,53.64,49.77,49.15,48.69,48.33
19223,53.82,49.77,49.15,48.69,48.34
19224,54.01,49.77,49.15,48.69,48.34
19225,54.19,49.77,49.15,48.69,48.34
19226,54.38,49.77,49.15,48.69,48.34
19227,54.56,49.77,49.15,48.69,48.34
19228,54.75,49.77,49.15,48.69,48.34
19229,54.94,49.77,49.15,48.69,48.34
19230,55.12,49.77,49.15,48.69,48.34
19231,55.31,49.77,49.15,48.69,48.34
19232,55.49,49.77,49.15,48.69,48.34
19233,55.68,49.77,49.15,48.69,48.34
19234,55.86,49.77,49.15,48.69,48.34
19235,56.05,49.77,49.15,48.69,48.34
19236,56.23,49.77,49.15,48.69,48.34
19237,56.42,49.77,49.15,48.69,48.34
19238,56.6,49.77,49.15,48.69,48.35
19239,56.79,49.77,49.15,48.69,48.35
19240,56.98,49.77,49.15,48.69,48.35
19241,57.16,49.77,49.15,48.69,48.35
19242,57.35,49.77,49.15,48.69,48.35
19243,57.53,49.77,49.15,48.69,48.35
19244,57.72,49.77,49.15,48.69,48.35
19245,57.9,49.77,49.15,48.69,48.35
19246,58.09,49.77,49.15,48.69,48.35
19247,58.27,49.77,49.15,48.69,48.35
19248,58.46,49.77,49.15,48.69,48.35
19249,58.26,49.77,49.15,48.69,48.35
19250,58.02,49.77,49.15,48.69,48.35
19251,57.79,49.77,49.15,48.69,48.35
19252,57.56,49.77,49.15,48.69,48.35
19253,57.33,49.77,49.15,48.69,48.35
19254,57.1,49.77,49.15,48.69,48.36
19255,56.86,49.77,49.15,48.69,48.36
19256,56.63,49.77,49.15,48.69,48.36
19257,56.4,49.77,49.15,48.69,48.36
19258,56.17,49.77,49.15,48.69,48.36
19259,55.93,49.77,49.15,48.69,48.36
19260,55.7,49.77,49.15,48.69,48.36
19261,55.47,49.77,49.15,48.69,48.36
19262,55.36,49.77,49.15,48.69,48.36
19263,55.31,49.77,49.16,48.69,48.36
19264,55.27,49.77,49.16,48.69,48.36
19265,55.22,49.77,49.16,48.69,48.36
19266,55.18,49.77,49.16,48.69,48.36
19267,55.13,49.77,49.16,48.69,48.36
19268,55.09,49.77,49.16,48.69,48.36
19269,55.05,49.77,49.16,48.69,48.37
19270,55.0,49.77,49.17,48.69,48.37
19271,54.96,49.77,49.17,48.69,48.37
19272,54.91,49.77,49.17,48.69,48.37
19273,54.87,49.77,49.17,48.69,48.37
19274,54.82,49.77,49.17,48.69,48.37
19275,54.84,49.77,49.17,48.69,48.37
19276,54.97,49.77,49.18,48.69,48.37
19277,55.1,49.77,49.18,48.69,48.37
19278,55.23,49.77,49.18,48.69,48.37
19279,55.36,49.77,49.18,48.69,48.37
19280,55.49,49.77,49.18,48.69,48.37
19281,55.61,49.77,49.18,48.69,48.37
19282,55.74,49.77,49.18,48.69,48.37
19283,55.87,49.77,49.19,48.69,48.37
19284,56.0,49.77,49.19,48.69,48.37
19285,56.13,49.77,49.19,48.69,48.38
19286,56.26,49.77,49.19,48.69,48.38
19287,56.39,49.77,49.19,48.69,48.38
19288,56.52,49.77,49.19,48.69,48.38
19289,56.65,49.77,49.19,48.69,48.38
19290,56.78,49.77,49.2,48.69,48.38
19291,56.91,49.77,49.2,48.69,48.38
19292,57.04,49.77,49.2,48.69,48.38
19293,57.17,49.77,49.2,48.69,48.38
19294,57.29,49.77,49.2,48.69,48.38
19295,57.42,49.77,49.2,48.69,48.38
19296,57.55,49.77,49.2,48.69,48.38
19297,57.68,49.77,49.21,48.69,48.38
19298,57.81,49.77,49.21,48.69,48.38
19299,57.94,49.77,49.21,48.69,48.38
19300,58.07,49.77,49.21,48.69,48.39
19301,58.2,49.77,49.21,48.69,48.39
19302,58.25,49.77,49.21,48.69,48.39
19303,58.27,49.77,49.21,48.69,48.39
19304,58.29,49.77,49.22,48.69,48.39
19305,58.32,49.77,49.22,48.69,48.39
19306,58.34,49.77,49.22,48.69,48.39
19307,58.36,49.77,49.22,48.69,48.39
19308,58.39,49.77,49.22,48.69,48.39
19309,58.41,49.77,49.22,48.69,48.39
19310,58.43,49.77,49.22,48.69,48.39
19311,58.46,49.77,49.23,48.69,48.39
19312,58.48,49.77,49.23,48.69,48.39
19313,58.5,49.77,49.23,48.69,48.39
19314,58.53,49.77,49.23,48.69,48.39
19315,58.55,49.77,49.23,48.69,48.39
19316,58.57,49.77,49.23,48.69,48.4
19317,58.6,49.77,49.23,48.69,48.4
19318,58.62,49.77,49.24,48.69,48.4
19319,58.64,49.77,49.24,48.69,48.4
19320,58.66,49.77,49.24,48.69,48.4
19321,58.69,49.77,49.24,48.69,48.4
19322,58.71,49.77,49.24,48.69,48.4
19323,58.73,49.77,49.24,48.69,48.4
19324,58.76,49.77,49.24,48.69,48.4
19325,58.78,49.77,49.25,48.69,48.4
19326,58.8,49.77,49.25,48.69,48.4
19327,58.83,49.77,49.25,48.69,48.4
19328,58.85,49.77,49.25,48.69,48.4
19329,58.87,49.77,49.25,48.69,48.4
19330,58.9,49.77,49.25,48.69,48.4
19331,58.92,49.77,49.25,48.69,48.41
19332,58.94,49.77,49.26,48.69,48.41
19333,58.97,49.77,49.26,48.69,48.41
19334,58.99,49.77,49.26,48.69,48.41
19335,59.01,49.77,49.26,48.69,48.41
19336,59.04,49.77,49.26,48.69,48.41
19337,59.06,49.77,49.26,48.69,48.41
19338,59.08,49.77,49.26,48.69,48.41
19339,59.1,49.77,49.27,48.69,48.41
19340,59.13,49.77,49.27,48.69,48.41
19341,59.15,49.77,49.27,48.69,48.41
19342,59.17,49.77,49.27,48.69,48.41
19343,59.2,49.77,49.27,48.69,48.41
19344,59.22,49.77,49.27,48.69,48.41
19345,59.24,49.77,49.27,48.69,48.41
19346,59.27,49.77,49.28,48.69,48.42
19347,59.29,49.77,49.28,48.69,48.42
19348,59.31,49.77,49.28,48.69,48.42
19349,59.34,49.77,49.28,48.69,48.42
19350,59.36,49.77,49.28,48.69,48.42
19351,59.38,49.77,49.28,48.69,48.42
19352,59.41,49.77,49.28,48.69,48.42
19353,59.43,49.77,49.29,48.69,48.42
19354,59.45,49.77,49.29,48.69,48.42
19355,59.48,49.77,49.29,48.69,48.42
19356,59.5,49.77,49.29,48.69,48.42
19357,59.52,49.77,49.29,48.69,48.42
19358,59.54,49.77,49.29,48.69,48.42
19359,59.57,49.78,49.3,48.69,48.42
19360,59.59,49.78,49.3,48.69,48.42
19361,59.61,49.78,49.3,48.69,48.42
19362,59.64,49.78,49.3,48.69,48.43
19363,59.66,49.78,49.3,48.69,48.43
19364,59.68,49.78,49.3,48.69,48.43
19365,59.71,49.78,49.3,48.69,48.43
19366,59.73,49.79,49.31,48.69,48.43
19367,59.75,49.79,49.31,48.69,48.43
19368,59.78,49.79,49.31,48.69,48.43
19369,59.8,49.79,49.31,48.69,48.43
19370,59.82,49.79,49.31,48.69,48.43
19371,59.85,49.79,49.31,48.69,48.43
19372,59.87,49.79,49.31,48.69,48.43
19373,59.89,49.8,49.31,48.69,48.43
19374,59.91,49.8,49.31,48.69,48.43
19375,59.94,49.8,49.32,48.69,48.43
19376,59.96,49.8,49.32,48.69,48.43
19377,59.98,49.8,49.32,48.69,48.44
19378,60.01,49.8,49.32,48.69,48.44
19379,60.03,49.8,49.32,48.69,48.44
19380,60.05,49.81,49.32,48.69,48.44
19381,60.08,49.81,49.32,48.69,48.44
19382,60.1,49.81,49.32,48.69,48.44
19383,60.12,49.81,49.33,48.69,48.44
19384,60.15,49.81,49.33,48.69,48.44
19385,60.17,49.81,49.33,48.69,48.44
19386,60.19,49.81,49.33,48.69,48.44
19387,60.22,49.82,49.33,48.69,48.44
19388,60.24,49.82,49.33,48.69,48.44
19389,60.26,49.82,49.33,48.69,48.44
19390,60.29,49.82,49.33,48.69,48.44
19391,60.31,49.82,49.33,48.69,48.44
19392,60.33,49.82,49.34,48.69,48.44
19393,60.35,49.83,49.34,48.69,48.45
19394,60.38,49.83,49.34,48.69,48.45
19395,60.4,49.83,49.34,48.69,48.45
19396,60.42,49.83,49.34,48.69,48.45
19397,60.45,49.83,49.34,48.69,48.45
19398,60.47,49.83,49.34,48.69,48.45
19399,60.49,49.83,49.34,48.69,48.45
19400,60.52,49.84,49.35,48.69,48.45
19401,60.54,49.84,49.35,48.69,48.45
19402,60.56,49.84,49.35,48.69,48.45
19403,60.59,49.84,49.35,48.69,48.45
19404,60.61,49.84,49.35,48.69,48.45
19405,60.63,49.84,49.35,48.69,48.45
19406,60.66,49.84,49.35,48.69,48.45
19407,60.68,49.85,49.35,48.69,48.45
19408,60.7,49.85,49.35,48.69,48.46
19409,60.73,49.85,49.36,48.69,48.46
19410,60.75,49.85,49.36,48.69,48.46
19411,60.77,49.85,49.36,48.7,48.46
19412,60.79,49.85,49.36,48.7,48.46
19413,60.82,49.85,49.36,48.7,48.46
19414,60.84,49.86,49.36,48.7,48.46
19415,60.86,49.86,49.36,48.7,48.46
19416,60.89,49.86,49.36,48.7,48.46
19417,60.91,49.86,49.36,48.7,48.46
19418,60.93,49.86,49.37,48.7,48.46
19419,60.96,49.86,49.37,48.7,48.46
19420,60.98,49.86,49.37,48.71,48.46
19421,60.97,49.87,49.37,48.71,48.46
19422,60.75,49.87,49.37,48.71,48.46
19423,60.53,49.87,49.37,48.71,48.47
19424,60.31,49.87,49.37,48.71,48.47
19425,60.09,49.87,49.37,48.71,48.47
19426,59.87,49.87,49.38,48.71,48.47
19427,59.65,49.87,49.38,48.71,48.47
19428,59.43,49.88,49.38,48.71,48.47
19429,59.21,49.88,49.38,48.71,48.47
19430,58.99,49.88,49.38,48.72,48.47
19431,58.77,49.88,49.38,48.72,48.47
19432,58.55,49.88,49.38,48.72,48.47
19433,58.33,49.88,49.38,48.72,48.47
19434,58.11,49.88,49.38,48.72,48.47
19435,57.9,49.89,49.39,48.72,48.47
19436,57.68,49.89,49.39,48.72,48.47
19437,57.46,49.89,49.39,48.72,48.47
19438,57.24,49.89,49.39,48.72,48.47
19439,57.02,49.89,49.39,48.73,48.48
19440,56.8,49.89,49.39,48.73,48.48
19441,56.58,49.89,49.39,48.73,48.48
19442,56.36,49.9,49.39,48.73,48.48
19443,56.14,49.9,49.39,48.73,48.48
19444,55.92,49.9,49.4,48.73,48.48
19445,55.7,49.9,49.4,48.73,48.48
19446,55.48,49.9,49.4,48.73,48.48
19447,55.26,49.9,49.4,48.73,48.48
19448,55.21,49.9,49.4,48.73,48.48
19449,55.31,49.91,49.4,48.74,48.48
19450,55.41,49.91,49.4,48.74,48.48
19451,55.51,49.91,49.4,48.74,48.48
19452,55.61,49.91,49.41,48.74,48.48
19453,55.71,49.91,49.41,48.74,48.48
19454,55.81,49.91,49.41,48.74,48.49
19455,55.91,49.91,49.41,48.74,48.49
19456,56.01,49.92,49.41,48.74,48.49
19457,56.11,49.92,49.41,48.74,48.49
19458,56.21,49.92,49.41,48.75,48.49
19459,56.32,49.92,49.41,48.75,48.49
19460,56.42,49.92,49.41,48.75,48.49
19461,56.52,49.92,49.42,48.75,48.49
19462,56.62,49.92,49.42,48.75,48.49
19463,56.72,49.92,49.42,48.75,48.49
19464,56.82,49.92,49.42,48.75,48.49
19465,56.92,49.92,49.42,48.75,48.49
19466,57.02,49.92,49.42,48.75,48.49
19467,57.12,49.92,49.42,48.75,48.49
19468,57.22,49.92,49.42,48.76,48.49
19469,57.32,49.92,49.42,48.76,48.49
19470,57.42,49.92,49.43,48.76,48.5
19471,57.52,49.92,49.43,48.76,48.5
19472,57.62,49.92,49.43,48.76,48.5
19473,57.72,49.92,49.43,48.76,48.5
19474,57.83,49.92,49.43,48.76,48.5
19475,57.93,49.92,49.43,48.76,48.5
19476,58.03,49.92,49.43,48.76,48.5
19477,58.13,49.92,49.43,48.77,48.5
19478,58.23,49.92,49.44,48.77,48.5
19479,58.33,49.92,49.44,48.77,48.5
19480,58.43,49.92,49.44,48.77,48.5
19481,58.53,49.92,49.44,48.77,48.5
19482,58.63,49.92,49.44,48.77,48.5
19483,58.73,49.92,49.44,48.77,48.5
19484,58.83,49.92,49.44,48.77,48.5
19485,58.93,49.92,49.44,48.77,48.51
19486,59.03,49.92,49.44,48.77,48.51
19487,59.13,49.92,49.45,48.78,48.51
19488,59.24,49.92,49.45,48.78,48.51
19489,59.34,49.92,49.45,48.78,48.51
19490,59.44,49.92,49.45,48.78,48.51
19491,59.54,49.92,49.45,48.78,48.51
19492,59.64,49.92,49.45,48.78,48.51
19493,59.74,49.92,49.45,48.78,48.51
19494,59.84,49.92,49.45,48.78,48.51
19495,59.94,49.92,49.46,48.78,48.51
19496,60.04,49.92,49.46,48.79,48.51
19497,60.14,49.92,49.46,48.79,48.51
19498,60.24,49.92,49.46,48.79,48.51
19499,60.34,49.92,49.46,48.79,48.51
19500,60.44,49.92,49.46,48.79,48.52
19501,60.54,49.92,49.46,48.79,48.52
19502,60.64,49.92,49.46,48.79,48.52
19503,60.75,49.92,49.46,48.79,48.52
19504,60.85,49.92,49.46,48.79,48.52
19505,60.95,49.92,49.46,48.79,48.52
19506,61.05,49.92,49.46,48.8,48.52
19507,61.15,49.92,49.46,48.8,48.52
19508,61.25,49.92,49.46,48.8,48.52
19509,61.35,49.92,49.46,48.8,48.52
19510,61.45,49.92,49.46,48.8,48.52
19511,61.55,49.92,49.46,48.8,48.52
19512,61.65,49.92,49.46,48.8,48.52
19513,61.75,49.92,49.46,48.8,48.52
19514,61.84,49.92,49.46,48.8,48.52
19515,61.83,49.92,49.46,48.81,48.52
19516,61.81,49.92,49.46,48.81,48.53
19517,61.79,49.92,49.46,48.81,48.53
19518,61.77,49.92,49.46,48.81,48.53
19519,61.76,49.92,49.46,48.81,48.53
19520,61.74,49.92,49.46,48.81,48.53
19521,61.72,49.92,49.46,48.81,48.53
19522,61.7,49.92,49.46,48.81,48.53
19523,61.68,49.92,49.46,48.81,48.53
19524,61.67,49.92,49.46,48.81,48.53
19525,61.65,49.92,49.46,48.82,48.53
19526,61.63,49.92,49.46,48.82,48.53
19527,61.61,49.92,49.46,48.82,48.53
19528,61.6,49.92,49.46,48.82,48.53
19529,61.58,49.92,49.46,48.82,48.53
19530,61.56,49.92,49.46,48.82,48.53
19531,61.54,49.92,49.46,48.82,48.54
19532,61.52,49.92,49.47,48.82,48.54
19533,61.51,49.92,49.47,48.82,48.54
19534,61.49,49.92,49.47,48.83,48.54
19535,61.47,49.92,49.47,48.83,48.54
19536,61.45,49.92,49.47,48.83,48.54
19537,61.44,49.92,49.47,48.83,48.54
19538,61.42,49.92,49.47,48.83,48.54
19539,61.4,49.92,49.47,48.83,48.54
19540,61.38,49.92,49.47,48.83,48.54
19541,61.37,49.92,49.47,48.83,48.54
19542,61.35,49.92,49.47,48.83,48.54
19543,61.33,49.92,49.48,48.83,48.54
19544,61.31,49.92,49.48,48.84,48.54
19545,61.29,49.92,49.48,48.84,48.54
19546,61.28,49.92,49.48,48.84,48.54
19547,61.26,49.92,49.48,48.84,48.55
19548,61.24,49.92,49.48,48.84,48.55
19549,61.22,49.92,49.48,48.84,48.55
19550,61.21,49.92,49.48,48.84,48.55
19551,61.19,49.92,49.48,48.84,48.55
19552,61.17,49.92,49.48,48.84,48.55
19553,61.15,49.92,49.48,48.85,48.55
19554,61.13,49.92,49.49,48.85,48.55
19555,61.12,49.92,49.49,48.85,48.55
19556,61.1,49.92,49.49,48.85,48.55
19557,61.08,49.92,49.49,48.85,48.55
19558,61.06,49.92,49.49,48.85,48.55
19559,61.05,49.92,49.49,48.85,48.55
19560,61.03,49.92,49.49,48.85,48.55
19561,61.01,49.92,49.49,48.85,48.55
19562,60.99,49.92,49.49,48.85,48.56
19563,60.97,49.92,49.49,48.85,48.56
19564,60.96,49.92,49.49,48.85,48.56
19565,60.94,49.92,49.5,48.85,48.56
19566,60.92,49.92,49.5,48.85,48.56
19567,60.9,49.92,49.5,48.85,48.56
19568,60.89,49.91,49.5,48.85,48.56
19569,60.87,49.9,49.5,48.85,48.56
19570,60.85,49.89,49.5,48.85,48.56
19571,60.83,49.88,49.5,48.85,48.56
19572,60.81,49.87,49.5,48.85,48.56
19573,60.8,49.85,49.5,48.85,48.56
19574,60.78,49.84,49.5,48.85,48.56
19575,60.76,49.83,49.5,48.86,48.56
19576,60.74,49.82,49.5,48.86,48.56
19577,60.73,49.81,49.51,48.86,48.57
19578,60.71,49.8,49.51,48.86,48.57
19579,60.69,49.79,49.51,48.86,48.57
19580,60.67,49.77,49.51,48.86,48.57
19581,60.65,49.77,49.51,48.86,48.57
19582,60.64,49.77,49.51,48.86,48.57
19583,60.62,49.77,49.51,48.86,48.57
19584,60.6,49.77,49.51,48.87,48.57
19585,60.58,49.77,49.51,48.87,48.57
19586,60.57,49.77,49.51,48.87,48.57
19587,60.55,49.77,49.51,48.87,48.57
19588,60.53,49.77,49.52,48.87,48.57
19589,60.51,49.77,49.52,48.87,48.57
19590,60.49,49.77,49.52,48.87,48.57
19591,60.48,49.77,49.52,48.87,48.57
19592,60.46,49.77,49.52,48.87,48.57
19593,60.44,49.77,49.52,48.88,48.58
19594,60.42,49.77,49.52,48.88,48.58
19595,60.41,49.77,49.52,48.88,48.58
19596,60.39,49.77,49.52,48.88,48.58
19597,60.37,49.77,49.52,48.88,48.58
19598,60.35,49.77,49.52,48.88,48.58
19599,60.33,49.77,49.53,48.88,48.58
19600,60.32,49.77,49.53,48.88,48.58
19601,60.3,49.77,49.53,48.89,48.58
19602,60.28,49.77,49.53,48.89,48.58
19603,60.26,49.77,49.53,48.89,48.58
19604,60.25,49.77,49.53,48.89,48.58
19605,60.23,49.77,49.53,48.89,48.58
19606,60.21,49.77,49.53,48.89,48.58
19607,60.19,49.77,49.53,48.89,48.58
19608,60.3,49.78,49.53,48.89,48.59
19609,60.41,49.79,49.53,48.89,48.59
19610,60.51,49.8,49.54,48.9,48.59
19611,60.62,49.82,49.54,48.9,48.59
19612,60.72,49.83,49.54,48.9,48.59
19613,60.83,49.84,49.54,48.9,48.59
19614,60.93,49.85,49.54,48.9,48.59
19615,61.04,49.86,49.54,48.9,48.59
19616,61.14,49.87,49.54,48.9,48.59
19617,61.25,49.89,49.54,48.9,48.59
19618,61.36,49.9,49.54,48.91,48.59
19619,61.46,49.91,49.54,48.91,48.59
19620,61.57,49.92,49.54,48.91,48.59
19621,61.67,49.92,49.55,48.91,48.59
19622,61.78,49.92,49.55,48.91,48.59
19623,61.88,49.92,49.55,48.91,48.59
19624,61.99,49.92,49.55,48.91,48.6
19625,62.1,49.92,49.55,48.91,48.6
19626,62.2,49.92,49.55,48.91,48.6
19627,62.31,49.92,49.55,48.92,48.6
19628,62.41,49.92,49.55,48.92,48.6
19629,62.52,49.92,49.55,48.92,48.6
19630,62.62,49.92,49.55,48.92,48.6
19631,62.73,49.92,49.55,48.92,48.6
19632,62.83,49.92,49.55,48.92,48.6
19633,62.94,49.92,49.56,48.92,48.6
19634,63.02,49.92,49.56,48.92,48.6
19635,63.08,49.92,49.56,48.92,48.6
19636,63.13,49.92,49.56,48.93,48.6
19637,63.18,49.92,49.56,48.93,48.6
19638,63.23,49.92,49.56,48.93,48.6
19639,63.29,49.92,49.56,48.93,48.61
19640,63.34,49.92,49.56,48.93,48.61
19641,63.39,49.92,49.56,48.93,48.61
19642,63.45,49.92,49.56,48.93,48.61
19643,63.5,49.92,49.56,48.93,48.61
19644,63.55,49.92,49.57,48.94,48.61
19645,63.6,49.92,49.57,48.94,48.61
19646,63.66,49.92,49.57,48.94,48.61
19647,63.71,49.92,49.57,48.94,48.61
19648,63.76,49.92,49.57,48.94,48.61
19649,63.82,49.92,49.57,48.94,48.61
19650,63.87,49.92,49.57,48.94,48.61
19651,63.92,49.92,49.57,48.94,48.61
19652,63.98,49.92,49.57,48.94,48.61
19653,64.03,49.92,49.57,48.95,48.61
19654,64.08,49.92,49.57,48.95,48.61
19655,64.13,49.92,49.58,48.95,48.62
19656,64.19,49.92,49.58,48.95,48.62
19657,64.24,49.92,49.58,48.95,48.62
19658,64.29,49.92,49.58,48.95,48.62
19659,64.35,49.92,49.58,48.95,48.62
19660,64.4,49.92,49.58,48.95,48.62
19661,64.46,49.92,49.58,48.95,48.62
19662,64.53,49.92,49.58,48.96,48.62
19663,64.6,49.92,49.58,48.96,48.62
19664,64.67,49.92,49.58,48.96,48.62
19665,64.74,49.92,49.58,48.96,48.62
19666,64.8,49.92,49.59,48.96,48.62
19667,64.87,49.92,49.59,48.96,48.62
19668,64.94,49.92,49.59,48.96,48.62
19669,65.01,49.92,49.59,48.96,48.62
19670,65.07,49.92,49.59,48.97,48.63
19671,65.14,49.92,49.59,48.97,48.63
19672,65.21,49.92,49.59,48.97,48.63
19673,65.28,49.92,49.59,48.97,48.63
19674,65.27,49.92,49.59,48.97,48.63
19675,65.2,49.92,49.59,48.97,48.63
19676,65.13,49.92,49.59,48.97,48.63
19677,65.06,49.92,49.59,48.97,48.63
19678,64.99,49.92,49.6,48.97,48.63
19679,64.92,49.92,49.6,48.98,48.63
19680,64.85,49.92,49.6,48.98,48.63
19681,64.78,49.92,49.6,48.98,48.63
19682,64.71,49.92,49.6,48.98,48.63
19683,64.64,49.92,49.6,48.98,48.63
19684,64.57,49.92,49.6,48.98,48.63
19685,64.51,49.92,49.6,48.98,48.64
19686,64.44,49.92,49.6,48.98,48.64
19687,64.38,49.92,49.6,48.98,48.64
19688,64.35,49.92,49.6,48.99,48.64
19689,64.32,49.92,49.61,48.99,48.64
19690,64.29,49.92,49.61,48.99,48.64
19691,64.26,49.92,49.61,48.99,48.64
19692,64.23,49.92,49.61,48.99,48.64
19693,64.2,49.92,49.61,48.99,48.64
19694,64.17,49.92,49.61,48.99,48.64
19695,64.15,49.92,49.61,48.99,48.64
19696,64.12,49.92,49.61,49.0,48.64
19697,64.09,49.92,49.61,49.0,48.64
19698,64.06,49.92,49.61,49.0,48.64
19699,64.03,49.92,49.61,49.0,48.64
19700,64.0,49.92,49.62,49.0,48.64
19701,63.96,49.92,49.62,49.0,48.65
19702,63.92,49.91,49.62,49.0,48.65
19703,63.88,49.91,49.62,49.0,48.65
19704,63.84,49.9,49.62,49.0,48.65
19705,63.8,49.89,49.62,49.0,48.65
19706,63.76,49.89,49.62,49.0,48.65
19707,63.72,49.88,49.62,49.0,48.65
19708,63.68,49.88,49.62,49.0,48.65
19709,63.64,49.87,49.62,49.0,48.65
19710,63.6,49.87,49.62,49.0,48.65
19711,63.56,49.86,49.62,49.0,48.65
19712,63.52,49.85,49.62,49.0,48.65
19713,63.47,49.85,49.62,49.0,48.65
19714,63.43,49.85,49.62,49.0,48.65
19715,63.37,49.86,49.62,49.0,48.65
19716,63.32,49.86,49.62,49.0,48.66
19717,63.27,49.87,49.62,49.0,48.66
19718,63.22,49.87,49.62,49.0,48.66
19719,63.17,49.88,49.62,49.0,48.66
19720,63.11,49.88,49.62,49.0,48.66
19721,63.06,49.89,49.62,49.0,48.66
19722,63.01,49.9,49.62,49.0,48.66
19723,62.96,49.9,49.62,49.0,48.66
19724,62.91,49.91,49.62,49.0,48.66
19725,62.85,49.91,49.62,49.0,48.66
19726,62.8,49.92,49.62,49.0,48.66
19727,62.77,49.92,49.62,49.0,48.66
19728,62.78,49.92,49.62,49.0,48.66
19729,62.78,49.92,49.62,49.0,48.66
19730,62.79,49.92,49.62,49.0,48.66
19731,62.79,49.92,49.62,49.0,48.66
19732,62.8,49.92,49.62,49.0,48.67
19733,62.81,49.92,49.62,49.0,48.67
19734,62.81,49.92,49.62,49.0,48.67
19735,62.82,49.92,49.62,49.0,48.67
19736,62.82,49.92,49.62,49.0,48.67
19737,62.83,49.92,49.62,49.0,48.67
19738,62.84,49.92,49.62,49.0,48.67
19739,62.84,49.92,49.62,49.0,48.67
19740,62.88,49.92,49.62,49.0,48.67
19741,63.2,49.92,49.62,49.0,48.67
19742,63.52,49.92,49.62,49.0,48.67
19743,63.84,49.92,49.62,49.01,48.67
19744,64.16,49.92,49.62,49.01,48.67
19745,64.48,49.92,49.62,49.01,48.67
19746,64.8,49.92,49.62,49.01,48.67
19747,65.12,49.92,49.62,49.02,48.68
19748,65.44,49.92,49.62,49.02,48.68
19749,65.76,49.92,49.62,49.02,48.68
19750,66.08,49.92,49.62,49.02,48.68
19751,66.4,49.92,49.62,49.03,48.68
19752,66.72,49.92,49.62,49.03,48.68
19753,67.04,49.92,49.62,49.03,48.68
19754,67.36,49.93,49.62,49.03,48.68
19755,67.68,49.93,49.62,49.03,48.68
19756,68.0,49.94,49.62,49.04,48.68
19757,68.32,49.95,49.62,49.04,48.68
19758,68.64,49.95,49.62,49.04,48.68
19759,68.96,49.96,49.62,49.04,48.68
19760,69.28,49.96,49.62,49.05,48.68
19761,69.6,49.97,49.62,49.05,48.68
19762,69.92,49.97,49.62,49.05,48.69
19763,70.24,49.98,49.62,49.05,48.69
19764,70.56,49.99,49.62,49.06,48.69
19765,70.88,49.99,49.62,49.06,48.69
19766,71.2,50.0,49.62,49.06,48.69
19767,71.52,50.0,49.62,49.06,48.69
19768,71.84,50.01,49.62,49.07,48.69
19769,72.16,50.01,49.63,49.07,48.69
19770,72.48,50.02,49.63,49.07,48.69
19771,72.8,50.03,49.63,49.07,48.69
19772,73.12,50.03,49.63,49.07,48.69
19773,73.44,50.04,49.63,49.08,48.69
19774,73.76,50.04,49.63,49.08,48.69
19775,74.08,50.05,49.63,49.08,48.69
19776,74.4,50.06,49.63,49.08,48.69
19777,74.72,50.06,49.63,49.09,48.69
19778,75.04,50.07,49.63,49.09,48.7
19779,75.36,50.07,49.63,49.09,48.7
19780,75.63,50.08,49.63,49.09,48.7
19781,75.71,50.08,49.63,49.1,48.7
19782,75.79,50.08,49.63,49.1,48.7
19783,75.88,50.08,49.63,49.1,48.7
19784,75.96,50.08,49.64,49.1,48.7
19785,76.04,50.08,49.64,49.1,48.7
19786,76.12,50.08,49.64,49.11,48.7
19787,76.2,50.08,49.64,49.11,48.7
19788,76.28,50.08,49.64,49.11,48.7
19789,76.36,50.08,49.64,49.11,48.7
19790,76.44,50.08,49.64,49.12,48.7
19791,76.52,50.08,49.64,49.12,48.7
19792,76.6,50.08,49.64,49.12,48.7
19793,76.69,50.08,49.64,49.12,48.71
19794,76.59,50.07,49.64,49.13,48.71
19795,76.48,50.05,49.64,49.13,48.71
19796,76.37,50.04,49.64,49.13,48.71
19797,76.26,50.03,49.64,49.13,48.71
19798,76.15,50.02,49.64,49.13,48.71
19799,76.04,50.01,49.64,49.14,48.71
19800,75.93,50.0,49.65,49.14,48.71
19801,75.82,49.99,49.65,49.14,48.71
19802,75.71,49.97,49.65,49.14,48.71
19803,75.6,49.96,49.65,49.15,48.71
19804,75.49,49.95,49.65,49.15,48.71
19805,75.38,49.94,49.65,49.15,48.71
19806,75.27,49.93,49.65,49.15,48.71
19807,75.2,49.93,49.65,49.15,48.71
19808,75.15,49.94,49.65,49.15,48.71
19809,75.09,49.95,49.65,49.15,48.72
19810,75.04,49.97,49.65,49.15,48.72
19811,74.99,49.98,49.65,49.15,48.72
19812,74.94,49.99,49.65,49.15,48.72
19813,74.89,50.0,49.65,49.15,48.72
19814,74.83,50.01,49.65,49.15,48.72
19815,74.78,50.02,49.66,49.15,48.72
19816,74.73,50.03,49.66,49.15,48.72
19817,74.68,50.05,49.66,49.15,48.72
19818,74.63,50.06,49.66,49.15,48.72
19819,74.57,50.07,49.66,49.15,48.72
19820,74.44,50.08,49.66,49.15,48.72
19821,74.16,50.08,49.66,49.15,48.72
19822,73.88,50.08,49.66,49.15,48.72
19823,73.59,50.08,49.66,49.15,48.72
19824,73.31,50.08,49.66,49.15,48.73
19825,73.03,50.08,49.66,49.15,48.73
19826,72.74,50.08,49.66,49.15,48.73
19827,72.46,50.08,49.66,49.15,48.73
19828,72.18,50.08,49.66,49.15,48.73
19829,71.89,50.08,49.66,49.15,48.73
19830,71.61,50.08,49.66,49.15,48.73
19831,71.32,50.08,49.67,49.15,48.73
19832,71.04,50.08,49.67,49.15,48.73
19833,70.77,50.08,49.67,49.15,48.73
19834,70.73,50.08,49.67,49.16,48.73
19835,70.69,50.08,49.67,49.16,48.73
19836,70.65,50.08,49.67,49.16,48.73
19837,70.61,50.08,49.67,49.16,48.73
19838,70.57,50.08,49.67,49.16,48.73
19839,70.52,50.08,49.67,49.16,48.74
19840,70.48,50.08,49.67,49.16,48.74
19841,70.44,50.08,49.67,49.16,48.74
19842,70.4,50.08,49.67,49.16,48.74
19843,70.36,50.08,49.67,49.17,48.74
19844,70.32,50.08,49.67,49.17,48.74
19845,70.28,50.08,49.67,49.17,48.74
19846,70.24,50.08,49.68,49.17,48.74
19847,70.13,50.08,49.68,49.17,48.74
19848,69.99,50.08,49.68,49.17,48.74
19849,69.85,50.08,49.68,49.17,48.74
19850,69.71,50.08,49.68,49.17,48.74
19851,69.57,50.08,49.68,49.17,48.74
19852,69.43,50.08,49.68,49.18,48.74
19853,69.29,50.08,49.68,49.18,48.74
19854,69.15,50.08,49.68,49.18,48.74
19855,69.02,50.08,49.68,49.18,48.75
19856,68.88,50.08,49.68,49.18,48.75
19857,68.74,50.08,49.68,49.18,48.75
19858,68.6,50.08,49.68,49.18,48.75
19859,68.46,50.08,49.68,49.18,48.75
19860,68.33,50.08,49.68,49.19,48.75
19861,68.2,50.08,49.68,49.19,48.75
19862,68.07,50.08,49.69,49.19,48.75
19863,67.95,50.08,49.69,49.19,48.75
19864,67.82,50.08,49.69,49.19,48.75
19865,67.7,50.08,49.69,49.19,48.75
19866,67.57,50.08,49.69,49.19,48.75
19867,67.44,50.08,49.69,49.19,48.75
19868,67.32,50.08,49.69,49.19,48.75
19869,67.19,50.08,49.69,49.2,48.75
19870,67.07,50.08,49.69,49.2,48.76
19871,66.94,50.08,49.69,49.2,48.76
19872,66.81,50.08,49.69,49.2,48.76
19873,66.69,50.08,49.69,49.2,48.76
19874,66.56,50.08,49.69,49.2,48.76
19875,66.43,50.08,49.69,49.2,48.76
19876,66.31,50.08,49.69,49.2,48.76
19877,66.18,50.08,49.69,49.2,48.76
19878,66.06,50.08,49.7,49.21,48.76
19879,65.93,50.08,49.7,49.21,48.76
19880,65.8,50.08,49.7,49.21,48.76
19881,65.68,50.08,49.7,49.21,48.76
19882,65.55,50.08,49.7,49.21,48.76
19883,65.43,50.08,49.7,49.21,48.76
19884,65.3,50.08,49.7,49.21,48.76
19885,65.17,50.08,49.7,49.21,48.76
19886,65.05,50.08,49.7,49.22,48.77
19887,64.92,50.07,49.7,49.22,48.77
19888,64.79,50.06,49.7,49.22,48.77
19889,64.67,50.04,49.7,49.22,48.77
19890,64.54,50.03,49.7,49.22,48.77
19891,64.42,50.02,49.7,49.22,48.77
19892,64.29,50.01,49.7,49.22,48.77
19893,64.16,50.0,49.71,49.22,48.77
19894,64.04,49.99,49.71,49.22,48.77
19895,63.91,49.97,49.71,49.23,48.77
19896,63.79,49.96,49.71,49.23,48.77
19897,63.66,49.95,49.71,49.23,48.77
19898,63.53,49.94,49.71,49.23,48.77
19899,63.41,49.93,49.71,49.23,48.77
19900,63.28,49.92,49.71,49.23,48.77
19901,63.15,49.9,49.71,49.23,48.78
19902,63.03,49.89,49.71,49.23,48.78
19903,62.9,49.88,49.71,49.23,48.78
19904,62.78,49.87,49.71,49.24,48.78
19905,62.65,49.86,49.71,49.24,48.78
19906,62.52,49.85,49.71,49.24,48.78
19907,62.4,49.84,49.71,49.24,48.78
19908,62.27,49.82,49.71,49.24,48.78
19909,62.15,49.81,49.72,49.24,48.78
19910,62.02,49.8,49.72,49.24,48.78
19911,61.89,49.79,49.72,49.24,48.78
19912,61.77,49.78,49.72,49.25,48.78
19913,61.64,49.77,49.72,49.25,48.78
19914,61.51,49.78,49.72,49.25,48.78
19915,61.39,49.8,49.72,49.25,48.78
19916,61.26,49.81,49.72,49.25,48.79
19917,61.14,49.82,49.72,49.25,48.79
19918,61.01,49.83,49.72,49.25,48.79
19919,60.88,49.84,49.72,49.25,48.79
19920,60.76,49.85,49.72,49.25,48.79
19921,60.63,49.87,49.72,49.26,48.79
19922,60.51,49.88,49.72,49.26,48.79
19923,60.38,49.89,49.72,49.26,48.79
19924,60.25,49.9,49.73,49.26,48.79
19925,60.13,49.91,49.73,49.26,48.79
19926,60.0,49.92,49.73,49.26,48.79
19927,60.04,49.93,49.73,49.26,48.79
19928,60.07,49.95,49.73,49.26,48.79
19929,60.11,49.96,49.73,49.26,48.79
19930,60.15,49.97,49.73,49.27,48.79
19931,60.18,49.98,49.73,49.27,48.79
19932,60.22,49.99,49.73,49.27,48.8
19933,60.26,50.0,49.73,49.27,48.8
19934,60.29,50.02,49.73,49.27,48.8
19935,60.33,50.03,49.73,49.27,48.8
19936,60.37,50.04,49.73,49.27,48.8
19937,60.41,50.05,49.73,49.27,48.8
19938,60.44,50.06,49.73,49.28,48.8
19939,60.48,50.07,49.73,49.28,48.8
19940,60.52,50.08,49.74,49.28,48.8
19941,60.55,50.08,49.74,49.28,48.8
19942,60.59,50.08,49.74,49.28,48.8
19943,60.63,50.08,49.74,49.28,48.8
19944,60.66,50.08,49.74,49.28,48.8
19945,60.7,50.08,49.74,49.28,48.8
19946,60.74,50.08,49.74,49.28,48.8
19947,60.77,50.08,49.74,49.29,48.81
19948,60.81,50.08,49.74,49.29,48.81
19949,60.85,50.08,49.74,49.29,48.81
19950,60.89,50.08,49.74,49.29,48.81
19951,60.92,50.08,49.74,49.29,48.81
19952,60.96,50.08,49.74,49.29,48.81
19953,61.0,50.08,49.74,49.29,48.81
19954,61.03,50.08,49.74,49.29,48.81
19955,61.07,50.08,49.75,49.3,48.81
19956,61.11,50.08,49.75,49.3,48.81
19957,61.14,50.08,49.75,49.3,48.81
19958,61.18,50.08,49.75,49.3,48.81
19959,61.22,50.08,49.75,49.3,48.81
19960,61.25,50.08,49.75,49.3,48.81
19961,61.29,50.08,49.75,49.3,48.81
19962,61.33,50.08,49.75,49.3,48.81
19963,61.36,50.08,49.75,49.3,48.82
19964,61.4,50.08,49.75,49.31,48.82
19965,61.44,50.08,49.75,49.31,48.82
19966,61.48,50.08,49.75,49.31,48.82
19967,61.51,50.08,49.75,49.31,48.82
19968,61.55,50.08,49.75,49.31,48.82
19969,61.59,50.08,49.75,49.31,48.82
19970,61.62,50.08,49.75,49.31,48.82
19971,61.66,50.08,49.76,49.31,48.82
19972,61.7,50.08,49.76,49.31,48.82
19973,61.73,50.08,49.76,49.31,48.82
19974,61.77,50.08,49.76,49.31,48.82
19975,61.81,50.08,49.76,49.31,48.82
19976,61.84,50.08,49.76,49.31,48.82
19977,61.88,50.08,49.76,49.31,48.82
19978,61.92,50.08,49.76,49.31,48.83
19979,61.95,50.08,49.76,49.31,48.83
19980,61.99,50.08,49.76,49.31,48.83
19981,62.03,50.08,49.76,49.31,48.83
19982,62.07,50.08,49.76,49.31,48.83
19983,62.1,50.08,49.76,49.31,48.83
19984,62.14,50.08,49.76,49.31,48.83
19985,62.18,50.08,49.76,49.31,48.83
19986,62.21,50.08,49.77,49.31,48.83
19987,62.25,50.08,49.77,49.31,48.83
19988,62.29,50.08,49.77,49.31,48.83
19989,62.32,50.08,49.77,49.31,48.83
19990,62.36,50.08,49.77,49.32,48.83
19991,62.4,50.08,49.77,49.32,48.83
19992,62.43,50.08,49.77,49.32,48.83
19993,62.47,50.08,49.77,49.32,48.83
19994,62.51,50.08,49.77,49.32,48.84
19995,62.55,50.08,49.77,49.32,48.84
19996,62.58,50.08,49.77,49.32,48.84
19997,62.62,50.08,49.77,49.32,48.84
19998,62.66,50.08,49.77,49.32,48.84
19999,62.69,50.08,49.77,49.32,48.84
20000,62.73,50.08,49.77,49.32,48.84
20001,62.77,50.08,49.77,49.32,48.84
20002,62.8,50.08,49.77,49.32,48.84
20003,62.84,50.08,49.77,49.32,48.84
20004,62.88,50.08,49.77,49.33,48.84
20005,62.91,50.08,49.77,49.33,48.84
20006,62.95,50.08,49.77,49.33,48.84
20007,62.99,50.08,49.77,49.33,48.84
20008,63.02,50.08,49.77,49.33,48.84
20009,63.06,50.08,49.77,49.33,48.85
20010,63.1,50.08,49.77,49.33,48.85
20011,63.14,50.08,49.77,49.33,48.85
20012,63.17,50.08,49.77,49.33,48.85
20013,63.21,50.08,49.77,49.33,48.85
20014,63.25,50.08,49.77,49.33,48.85
20015,63.28,50.08,49.77,49.33,48.85
20016,63.32,50.08,49.77,49.33,48.85
20017,63.36,50.08,49.77,49.34,48.85
20018,63.39,50.08,49.77,49.34,48.85
20019,63.43,50.08,49.77,49.34,48.85
20020,63.47,50.08,49.77,49.34,48.85
20021,63.5,50.08,49.77,49.34,48.85
20022,63.54,50.08,49.77,49.34,48.85
20023,63.58,50.08,49.77,49.34,48.85
20024,63.61,50.08,49.77,49.34,48.86
20025,63.65,50.08,49.77,49.34,48.86
20026,63.69,50.08,49.77,49.34,48.86
20027,63.73,50.08,49.77,49.34,48.86
20028,63.76,50.08,49.77,49.34,48.86
20029,63.8,50.08,49.77,49.34,48.86
20030,63.84,50.08,49.77,49.34,48.86
20031,63.87,50.08,49.77,49.35,48.86
20032,63.91,50.08,49.77,49.35,48.86
20033,63.84,50.08,49.77,49.35,48.86
20034,63.7,50.08,49.77,49.35,48.86
20035,63.57,50.08,49.77,49.35,48.86
20036,63.44,50.08,49.77,49.35,48.86
20037,63.3,50.08,49.77,49.35,48.86
20038,63.17,50.08,49.77,49.35,48.86
20039,63.04,50.08,49.77,49.35,48.86
20040,62.91,50.08,49.77,49.35,48.87
20041,62.77,50.08,49.77,49.35,48.87
20042,62.64,50.08,49.77,49.35,48.87
20043,62.51,50.08,49.77,49.35,48.87
20044,62.37,50.08,49.77,49.35,48.87
20045,62.24,50.08,49.77,49.36,48.87
20046,62.13,50.08,49.77,49.36,48.87
20047,62.06,50.08,49.77,49.36,48.87
20048,61.99,50.08,49.77,49.36,48.87
20049,61.92,50.08,49.77,49.36,48.87
20050,61.85,50.08,49.77,49.36,48.87
20051,61.78,50.08,49.77,49.36,48.87
20052,61.71,50.08,49.77,49.36,48.87
20053,61.64,50.08,49.77,49.36,48.87
20054,61.57,50.08,49.77,49.36,48.87
20055,61.5,50.08,49.77,49.36,48.88
20056,61.43,50.08,49.77,49.36,48.88
20057,61.37,50.08,49.77,49.36,48.88
20058,61.3,50.08,49.77,49.36,48.88
20059,61.23,50.08,49.77,49.37,48.88
20060,61.16,50.08,49.77,49.37,48.88
20061,61.09,50.08,49.77,49.37,48.88
20062,61.02,50.08,49.77,49.37,48.88
20063,60.95,50.08,49.77,49.37,48.88
20064,60.88,50.08,49.77,49.37,48.88
20065,60.81,50.08,49.77,49.37,48.88
20066,60.74,50.08,49.77,49.37,48.88
20067,60.67,50.08,49.77,49.37,48.88
20068,60.6,50.08,49.77,49.37,48.88
20069,60.53,50.08,49.77,49.37,48.88
20070,60.46,50.08,49.77,49.37,48.88
20071,60.39,50.08,49.77,49.37,48.89
20072,60.32,50.08,49.77,49.37,48.89
20073,60.43,50.07,49.77,49.38,48.89
20074,60.59,50.07,49.77,49.38,48.89
20075,60.75,50.06,49.77,49.38,48.89
20076,60.91,50.06,49.77,49.38,48.89
20077,61.07,50.05,49.77,49.38,48.89
20078,61.22,50.04,49.77,49.38,48.89
20079,61.38,50.04,49.77,49.38,48.89
20080,61.54,50.03,49.77,49.38,48.89
20081,61.7,50.03,49.77,49.38,48.89
20082,61.86,50.02,49.77,49.38,48.89
20083,62.02,50.01,49.77,49.38,48.89
20084,62.18,50.01,49.77,49.38,48.89
20085,62.34,50.0,49.77,49.38,48.89
20086,62.31,50.0,49.77,49.38,48.9
20087,62.07,50.01,49.77,49.39,48.9
20088,61.84,50.01,49.77,49.39,48.9
20089,61.61,50.02,49.77,49.39,48.9
20090,61.37,50.03,49.77,49.39,48.9
20091,61.14,50.03,49.77,49.39,48.9
20092,60.9,50.04,49.77,49.39,48.9
20093,60.67,50.04,49.77,49.39,48.9
20094,60.44,50.05,49.77,49.39,48.9
20095,60.2,50.05,49.77,49.39,48.9
20096,59.97,50.06,49.77,49.39,48.9
20097,59.73,50.07,49.77,49.39,48.9
20098,59.5,50.07,49.77,49.39,48.9
20099,59.31,50.08,49.77,49.39,48.9
20100,59.3,50.07,49.77,49.4,48.9
20101,59.3,50.06,49.77,49.4,48.91
20102,59.29,50.06,49.77,49.4,48.91
20103,59.28,50.05,49.77,49.4,48.91
20104,59.28,50.05,49.77,49.4,48.91
20105,59.27,50.04,49.77,49.4,48.91
20106,59.27,50.04,49.77,49.4,48.91
20107,59.26,50.03,49.77,49.4,48.91
20108,59.25,50.02,49.77,49.4,48.91
20109,59.25,50.02,49.77,49.4,48.91
20110,59.24,50.01,49.77,49.4,48.91
20111,59.24,50.01,49.77,49.4,48.91
20112,59.23,50.0,49.77,49.4,48.91
20113,59.23,49.99,49.77,49.4,48.91
20114,59.22,49.99,49.77,49.41,48.91
20115,59.21,49.98,49.77,49.41,48.91
20116,59.21,49.98,49.77,49.41,48.91
20117,59.2,49.97,49.77,49.41,48.92
20118,59.2,49.97,49.77,49.41,48.92
20119,59.19,49.96,49.77,49.41,48.92
20120,59.19,49.95,49.77,49.41,48.92
20121,59.18,49.95,49.77,49.41,48.92
20122,59.17,49.94,49.77,49.41,48.92
20123,59.17,49.94,49.77,49.41,48.92
20124,59.16,49.93,49.77,49.41,48.92
20125,59.16,49.93,49.77,49.41,48.92
20126,59.15,49.93,49.77,49.41,48.92
20127,59.14,49.93,49.77,49.41,48.92
20128,59.14,49.94,49.77,49.42,48.92
20129,59.13,49.94,49.77,49.42,48.92
20130,59.13,49.95,49.78,49.42,48.92
20131,59.12,49.96,49.78,49.42,48.92
20132,59.12,49.96,49.78,49.42,48.93
20133,59.11,49.97,49.78,49.42,48.93
20134,59.1,49.97,49.78,49.42,48.93
20135,59.1,49.98,49.78,49.42,48.93
20136,59.09,49.98,49.78,49.42,48.93
20137,59.09,49.99,49.78,49.42,48.93
20138,59.08,50.0,49.78,49.42,48.93
20139,59.18,50.0,49.78,49.42,48.93
20140,59.54,50.0,49.78,49.42,48.93
20141,59.89,50.0,49.78,49.42,48.93
20142,60.24,50.0,49.78,49.43,48.93
20143,60.6,50.0,49.78,49.43,48.93
20144,60.95,50.0,49.78,49.43,48.93
20145,61.3,50.0,49.78,49.43,48.93
20146,61.66,50.0,49.78,49.43,48.93
20147,62.01,50.0,49.78,49.43,48.93
20148,62.36,50.0,49.78,49.43,48.94
20149,62.71,50.0,49.78,49.43,48.94
20150,63.07,50.0,49.78,49.43,48.94
20151,63.42,50.0,49.78,49.43,48.94
20152,63.77,50.0,49.78,49.43,48.94
20153,64.13,49.99,49.78,49.43,48.94
20154,64.48,49.99,49.78,49.43,48.94
20155,64.83,49.98,49.78,49.43,48.94
20156,65.19,49.98,49.78,49.44,48.94
20157,65.54,49.97,49.78,49.44,48.94
20158,65.89,49.97,49.78,49.44,48.94
20159,66.24,49.96,49.78,49.44,48.94
20160,66.6,49.95,49.78,49.44,48.94
20161,66.95,49.95,49.78,49.44,48.94
20162,67.3,49.94,49.78,49.44,48.94
20163,67.66,49.94,49.78,49.44,48.95
20164,68.01,49.93,49.78,49.44,48.95
20165,68.36,49.92,49.78,49.44,48.95
20166,68.58,49.92,49.78,49.44,48.95
20167,68.74,49.92,49.78,49.44,48.95
20168,68.9,49.92,49.78,49.44,48.95
20169,69.06,49.92,49.78,49.44,48.95
20170,69.23,49.92,49.78,49.45,48.95
20171,69.39,49.92,49.78,49.45,48.95
20172,69.55,49.92,49.78,49.45,48.95
20173,69.71,49.92,49.78,49.45,48.95
20174,69.87,49.92,49.78,49.45,48.95
20175,70.04,49.92,49.78,49.45,48.95
20176,70.2,49.92,49.78,49.45,48.95
20177,70.36,49.92,49.78,49.45,48.95
20178,70.52,49.92,49.78,49.45,48.96
20179,70.58,49.93,49.78,49.45,48.96
20180,70.49,49.93,49.78,49.45,48.96
20181,70.4,49.94,49.78,49.45,48.96
20182,70.32,49.94,49.79,49.45,48.96
20183,70.23,49.95,49.79,49.46,48.96
20184,70.14,49.95,49.79,49.46,48.96
20185,70.06,49.96,49.79,49.46,48.96
20186,69.97,49.97,49.79,49.46,48.96
20187,69.88,49.97,49.79,49.46,48.96
20188,69.8,49.98,49.79,49.46,48.96
20189,69.71,49.98,49.79,49.46,48.96
20190,69.62,49.99,49.79,49.46,48.96
20191,69.54,49.99,49.79,49.46,48.96
20192,69.45,50.0,49.79,49.46,48.96
20193,69.34,50.0,49.79,49.46,48.96
20194,69.23,50.0,49.79,49.46,48.97
20195,69.12,50.0,49.79,49.46,48.97
20196,69.01,50.0,49.79,49.46,48.97
20197,68.9,50.0,49.79,49.46,48.97
20198,68.79,50.0,49.79,49.46,48.97
20199,68.68,50.0,49.79,49.46,48.97
20200,68.57,50.0,49.79,49.46,48.97
20201,68.46,50.0,49.79,49.46,48.97
20202,68.35,50.0,49.79,49.46,48.97
20203,68.24,50.0,49.79,49.46,48.97
20204,68.13,50.0,49.79,49.46,48.97
20205,68.02,50.0,49.79,49.46,48.97
20206,67.95,50.0,49.79,49.46,48.97
20207,67.89,49.99,49.79,49.46,48.97
20208,67.84,49.98,49.79,49.46,48.97
20209,67.78,49.98,49.79,49.46,48.98
20210,67.72,49.97,49.79,49.46,48.98
20211,67.66,49.97,49.79,49.46,48.98
20212,67.6,49.96,49.79,49.46,48.98
20213,67.55,49.95,49.79,49.46,48.98
20214,67.49,49.95,49.79,49.46,48.98
20215,67.43,49.94,49.79,49.46,48.98
20216,67.37,49.94,49.79,49.46,48.98
20217,67.31,49.93,49.79,49.46,48.98
20218,67.26,49.93,49.79,49.46,48.98
20219,67.22,49.92,49.79,49.46,48.98
20220,67.19,49.92,49.79,49.46,48.98
20221,67.17,49.92,49.79,49.46,48.98
20222,67.15,49.92,49.79,49.46,48.98
20223,67.13,49.92,49.79,49.46,48.98
20224,67.1,49.92,49.79,49.46,48.98
20225,67.08,49.92,49.79,49.46,48.99
20226,67.06,49.92,49.79,49.46,48.99
20227,67.03,49.92,49.79,49.46,48.99
20228,67.01,49.92,49.79,49.46,48.99
20229,66.99,49.92,49.79,49.46,48.99
20230,66.96,49.92,49.79,49.46,48.99
20231,66.94,49.92,49.79,49.46,48.99
20232,66.87,49.92,49.79,49.46,48.99
20233,66.65,49.93,49.79,49.46,48.99
20234,66.43,49.94,49.79,49.46,48.99
20235,66.22,49.94,49.8,49.46,48.99
20236,66.0,49.95,49.8,49.46,48.99
20237,65.78,49.95,49.8,49.46,48.99
20238,65.57,49.96,49.8,49.46,48.99
20239,65.35,49.97,49.8,49.46,48.99
20240,65.13,49.97,49.8,49.46,49.0
20241,64.91,49.98,49.8,49.46,49.0
20242,64.7,49.98,49.8,49.46,49.0
20243,64.48,49.99,49.8,49.46,49.0
20244,64.26,49.99,49.8,49.46,49.0
20245,64.05,50.0,49.8,49.46,49.0
20246,63.83,50.0,49.8,49.46,49.0
20247,63.61,50.0,49.8,49.46,49.0
20248,63.4,50.0,49.8,49.46,49.0
20249,63.18,50.0,49.8,49.46,49.0
20250,62.96,50.0,49.8,49.46,49.0
20251,62.74,50.0,49.8,49.46,49.0
20252,62.53,50.0,49.8,49.46,49.0
20253,62.31,50.0,49.8,49.46,49.0
20254,62.09,50.0,49.8,49.46,49.0
20255,61.88,50.0,49.8,49.46,49.01
20256,61.66,50.0,49.8,49.46,49.01
20257,61.44,50.0,49.8,49.46,49.01
20258,61.23,50.0,49.8,49.46,49.01
20259,61.23,50.0,49.8,49.46,49.01
20260,61.34,49.99,49.8,49.46,49.01
20261,61.45,49.98,49.8,49.46,49.01
20262,61.56,49.98,49.8,49.46,49.01
20263,61.67,49.97,49.8,49.46,49.01
20264,61.78,49.97,49.8,49.46,49.01
20265,61.89,49.96,49.8,49.46,49.01
20266,62.0,49.96,49.8,49.46,49.01
20267,62.11,49.95,49.8,49.46,49.01
20268,62.22,49.94,49.8,49.46,49.01
20269,62.33,49.94,49.8,49.46,49.01
20270,62.44,49.93,49.8,49.46,49.01
20271,62.55,49.93,49.8,49.46,49.02
20272,62.66,49.92,49.8,49.46,49.02
20273,62.77,49.92,49.8,49.46,49.02
20274,62.88,49.92,49.8,49.46,49.02
20275,62.99,49.92,49.8,49.46,49.02
20276,63.1,49.92,49.8,49.46,49.02
20277,63.21,49.92,49.8,49.46,49.02
20278,63.32,49.92,49.8,49.46,49.02
20279,63.43,49.92,49.8,49.46,49.02
20280,63.54,49.92,49.8,49.46,49.02
20281,63.65,49.92,49.8,49.46,49.02
20282,63.76,49.92,49.8,49.46,49.02
20283,63.87,49.92,49.8,49.46,49.02
20284,63.98,49.92,49.8,49.46,49.02
20285,64.08,49.92,49.8,49.46,49.02
20286,64.12,49.93,49.8,49.46,49.03
20287,64.16,49.94,49.8,49.46,49.03
20288,64.2,49.94,49.81,49.46,49.03
20289,64.24,49.95,49.81,49.46,49.03
20290,64.27,49.95,49.81,49.46,49.03
20291,64.31,49.96,49.81,49.46,49.03
20292,64.35,49.96,49.81,49.46,49.03
20293,64.39,49.97,49.81,49.46,49.03
20294,64.43,49.98,49.81,49.46,49.03
20295,64.47,49.98,49.81,49.46,49.03
20296,64.51,49.99,49.81,49.46,49.03
20297,64.55,49.99,49.81,49.46,49.03
20298,64.58,50.0,49.81,49.46,49.03
20299,64.62,50.0,49.81,49.46,49.03
20300,64.66,50.0,49.81,49.46,49.03
20301,64.7,50.0,49.81,49.46,49.03
20302,64.74,50.0,49.81,49.46,49.04
20303,64.78,50.0,49.81,49.46,49.04
20304,64.82,50.0,49.81,49.46,49.04
20305,64.86,50.0,49.81,49.46,49.04
20306,64.89,50.0,49.81,49.46,49.04
20307,64.93,50.0,49.81,49.46,49.04
20308,64.97,50.0,49.81,49.46,49.04
20309,65.01,50.0,49.81,49.46,49.04
20310,65.05,50.0,49.81,49.46,49.04
20311,65.09,50.0,49.81,49.46,49.04
20312,65.13,50.0,49.81,49.46,49.04
20313,65.17,49.99,49.81,49.46,49.04
20314,65.2,49.99,49.81,49.46,49.04
20315,65.24,49.98,49.81,49.46,49.04
20316,65.28,49.97,49.81,49.46,49.04
20317,65.32,49.97,49.81,49.47,49.05
20318,65.36,49.96,49.81,49.47,49.05
20319,65.4,49.96,49.81,49.47,49.05
20320,65.44,49.95,49.81,49.47,49.05
20321,65.48,49.95,49.81,49.47,49.05
20322,65.51,49.94,49.81,49.47,49.05
20323,65.55,49.93,49.81,49.47,49.05
20324,65.59,49.93,49.81,49.47,49.05
20325,65.63,49.92,49.81,49.47,49.05
20326,65.67,49.92,49.81,49.47,49.05
20327,65.71,49.92,49.81,49.47,49.05
20328,65.75,49.92,49.81,49.47,49.05
20329,65.79,49.92,49.81,49.47,49.05
20330,65.82,49.92,49.81,49.47,49.05
20331,65.86,49.92,49.81,49.47,49.05
20332,65.9,49.92,49.81,49.48,49.05
20333,65.94,49.92,49.81,49.48,49.06
20334,65.98,49.92,49.81,49.48,49.06
20335,66.02,49.92,49.81,49.48,49.06
20336,66.06,49.92,49.81,49.48,49.06
20337,66.1,49.92,49.81,49.48,49.06
20338,66.14,49.92,49.81,49.48,49.06
20339,66.17,49.93,49.81,49.48,49.06
20340,66.21,49.93,49.81,49.48,49.06
20341,66.25,49.94,49.82,49.48,49.06
20342,66.29,49.95,49.82,49.48,49.06
20343,66.33,49.95,49.82,49.48,49.06
20344,66.37,49.96,49.82,49.48,49.06
20345,66.41,49.96,49.82,49.48,49.06
20346,66.45,49.97,49.82,49.49,49.06
20347,66.48,49.97,49.82,49.49,49.06
20348,66.52,49.98,49.82,49.49,49.07
20349,66.56,49.99,49.82,49.49,49.07
20350,66.6,49.99,49.82,49.49,49.07
20351,66.64,50.0,49.82,49.49,49.07
20352,66.68,50.0,49.82,49.49,49.07
20353,66.72,50.0,49.82,49.49,49.07
20354,66.76,50.0,49.82,49.49,49.07
20355,66.79,50.0,49.82,49.49,49.07
20356,66.83,50.0,49.82,49.49,49.07
20357,66.87,50.0,49.82,49.49,49.07
20358,66.91,50.0,49.82,49.49,49.07
20359,66.95,50.0,49.82,49.49,49.07
20360,66.99,50.0,49.82,49.49,49.07
20361,67.03,50.0,49.82,49.5,49.07
20362,67.07,50.0,49.82,49.5,49.07
20363,67.1,50.0,49.82,49.5,49.08
20364,67.14,50.0,49.82,49.5,49.08
20365,67.18,50.0,49.82,49.5,49.08
20366,67.22,49.99,49.82,49.5,49.08
20367,67.26,49.99,49.82,49.5,49.08
20368,67.3,49.98,49.82,49.5,49.08
20369,67.34,49.97,49.82,49.5,49.08
20370,67.38,49.97,49.82,49.5,49.08
20371,67.41,49.96,49.82,49.5,49.08
20372,67.45,49.96,49.82,49.5,49.08
20373,67.49,49.95,49.82,49.5,49.08
20374,67.53,49.95,49.82,49.5,49.08
20375,67.57,49.94,49.82,49.5,49.08
20376,67.61,49.93,49.82,49.51,49.08
20377,67.65,49.93,49.82,49.51,49.08
20378,67.69,49.92,49.82,49.51,49.08
20379,67.72,49.92,49.82,49.51,49.09
20380,67.76,49.92,49.82,49.51,49.09
20381,67.8,49.92,49.82,49.51,49.09
20382,67.84,49.92,49.82,49.51,49.09
20383,67.88,49.92,49.82,49.51,49.09
20384,67.92,49.92,49.82,49.51,49.09
20385,67.96,49.92,49.82,49.51,49.09
20386,68.0,49.92,49.82,49.51,49.09
20387,68.03,49.92,49.82,49.51,49.09
20388,68.07,49.92,49.82,49.51,49.09
20389,68.11,49.92,49.82,49.51,49.09
20390,68.15,49.92,49.82,49.51,49.09
20391,68.19,49.92,49.82,49.52,49.09
20392,68.23,49.92,49.82,49.52,49.09
20393,68.27,49.92,49.83,49.52,49.09
20394,68.31,49.92,49.83,49.52,49.1
20395,68.35,49.92,49.83,49.52,49.1
20396,68.38,49.92,49.83,49.52,49.1
20397,68.42,49.92,49.83,49.52,49.1
20398,68.46,49.92,49.83,49.52,49.1
20399,68.5,49.92,49.83,49.52,49.1
20400,68.54,49.92,49.83,49.52,49.1
20401,68.58,49.92,49.83,49.52,49.1
20402,68.62,49.92,49.83,49.52,49.1
20403,68.66,49.92,49.83,49.52,49.1
20404,68.69,49.92,49.83,49.52,49.1
20405,68.73,49.93,49.83,49.53,49.1
20406,68.77,49.93,49.83,49.53,49.1
20407,68.81,49.94,49.83,49.53,49.1
20408,68.85,49.94,49.83,49.53,49.1
20409,68.89,49.95,49.83,49.53,49.1
20410,68.93,49.95,49.83,49.53,49.11
20411,68.97,49.96,49.83,49.53,49.11
20412,69.0,49.97,49.83,49.53,49.11
20413,69.04,49.97,49.83,49.53,49.11
20414,69.08,49.98,49.83,49.53,49.11
20415,69.12,49.98,49.83,49.53,49.11
20416,69.16,49.99,49.83,49.53,49.11
20417,69.2,50.0,49.83,49.53,49.11
20418,69.22,50.0,49.83,49.53,49.11
20419,69.13,49.99,49.83,49.53,49.11
20420,69.05,49.99,49.83,49.54,49.11
20421,68.96,49.98,49.83,49.54,49.11
20422,68.88,49.98,49.83,49.54,49.11
20423,68.79,49.97,49.83,49.54,49.11
20424,68.71,49.96,49.83,49.54,49.11
20425,68.62,49.96,49.83,49.54,49.12
20426,68.54,49.95,49.83,49.54,49.12
20427,68.45,49.95,49.83,49.54,49.12
20428,68.37,49.94,49.83,49.54,49.12
20429,68.28,49.94,49.83,49.54,49.12
20430,68.2,49.93,49.83,49.54,49.12
20431,68.11,49.92,49.83,49.54,49.12
20432,68.03,49.92,49.83,49.54,49.12
20433,67.94,49.92,49.83,49.54,49.12
20434,67.86,49.92,49.83,49.54,49.12
20435,67.77,49.92,49.83,49.55,49.12
20436,67.69,49.92,49.83,49.55,49.12
20437,67.61,49.92,49.83,49.55,49.12
20438,67.52,49.92,49.83,49.55,49.12
20439,67.44,49.92,49.83,49.55,49.12
20440,67.35,49.92,49.83,49.55,49.13
20441,67.27,49.92,49.83,49.55,49.13
20442,67.18,49.92,49.83,49.55,49.13
20443,67.1,49.92,49.83,49.55,49.13
20444,67.01,49.92,49.83,49.55,49.13
20445,66.93,49.93,49.83,49.55,49.13
20446,66.84,49.93,49.84,49.55,49.13
20447,66.76,49.94,49.84,49.55,49.13
20448,66.67,49.94,49.84,49.55,49.13
20449,66.59,49.95,49.84,49.56,49.13
20450,66.5,49.96,49.84,49.56,49.13
20451,66.42,49.96,49.84,49.56,49.13
20452,66.33,49.97,49.84,49.56,49.13
20453,66.25,49.97,49.84,49.56,49.13
20454,66.16,49.98,49.84,49.56,49.13
20455,66.08,49.98,49.84,49.56,49.13
20456,65.99,49.99,49.84,49.56,49.14
20457,65.91,50.0,49.84,49.56,49.14
20458,65.82,50.0,49.84,49.56,49.14
20459,65.74,50.0,49.84,49.56,49.14
20460,65.65,50.0,49.84,49.56,49.14
20461,65.57,50.0,49.84,49.56,49.14
20462,65.48,50.0,49.84,49.56,49.14
20463,65.4,50.0,49.84,49.56,49.14
20464,65.31,50.0,49.84,49.57,49.14
20465,65.23,50.0,49.84,49.57,49.14
20466,65.14,50.0,49.84,49.57,49.14
20467,65.06,50.0,49.84,49.57,49.14
20468,64.97,50.0,49.84,49.57,49.14
20469,64.89,50.0,49.84,49.57,49.14
20470,64.8,50.0,49.84,49.57,49.14
20471,64.72,50.0,49.84,49.57,49.15
20472,64.63,49.99,49.84,49.57,49.15
20473,64.55,49.99,49.84,49.57,49.15
20474,64.46,49.98,49.84,49.57,49.15
20475,64.38,49.98,49.84,49.57,49.15
20476,64.3,49.97,49.84,49.57,49.15
20477,64.21,49.97,49.84,49.57,49.15
20478,64.13,49.96,49.84,49.57,49.15
20479,64.04,49.95,49.84,49.58,49.15
20480,63.96,49.95,49.84,49.58,49.15
20481,63.87,49.94,49.84,49.58,49.15
20482,63.79,49.94,49.84,49.58,49.15
20483,63.7,49.93,49.84,49.58,49.15
20484,63.62,49.92,49.84,49.58,49.15
20485,63.53,49.92,49.84,49.58,49.15
20486,63.45,49.92,49.84,49.58,49.15
20487,63.36,49.92,49.84,49.58,49.16
20488,63.28,49.92,49.84,49.58,49.16
20489,63.19,49.92,49.84,49.58,49.16
20490,63.11,49.92,49.84,49.58,49.16
20491,63.02,49.92,49.84,49.58,49.16
20492,62.94,49.92,49.84,49.58,49.16
20493,62.85,49.92,49.84,49.59,49.16
20494,62.77,49.92,49.84,49.59,49.16
20495,62.68,49.92,49.84,49.59,49.16
20496,62.6,49.92,49.84,49.59,49.16
20497,62.51,49.92,49.84,49.59,49.16
20498,62.51,49.93,49.84,49.59,49.16
20499,62.62,49.93,49.85,49.59,49.16
20500,62.73,49.94,49.85,49.59,49.16
20501,62.84,49.94,49.85,49.59,49.16
20502,62.96,49.95,49.85,49.59,49.17
20503,63.07,49.95,49.85,49.59,49.17
20504,63.18,49.96,49.85,49.59,49.17
20505,63.3,49.97,49.85,49.59,49.17
20506,63.41,49.97,49.85,49.59,49.17
20507,63.52,49.98,49.85,49.59,49.17
20508,63.63,49.98,49.85,49.6,49.17
20509,63.75,49.99,49.85,49.6,49.17
20510,63.86,49.99,49.85,49.6,49.17
20511,63.97,50.0,49.85,49.6,49.17
20512,64.09,50.0,49.85,49.6,49.17
20513,64.2,50.0,49.85,49.6,49.17
20514,64.31,50.0,49.85,49.6,49.17
20515,64.42,50.0,49.85,49.6,49.17
20516,64.54,50.0,49.85,49.6,49.17
20517,64.65,50.0,49.85,49.6,49.18
20518,64.76,50.0,49.85,49.6,49.18
20519,64.88,50.0,49.85,49.6,49.18
20520,64.99,50.0,49.85,49.6,49.18
20521,65.1,50.0,49.85,49.6,49.18
20522,65.21,50.0,49.85,49.6,49.18
20523,65.33,50.0,49.85,49.61,49.18
20524,65.44,50.0,49.85,49.61,49.18
20525,65.98,50.0,49.85,49.61,49.18
20526,66.61,49.99,49.85,49.61,49.18
20527,67.25,49.98,49.85,49.61,49.18
20528,67.89,49.98,49.85,49.61,49.18
20529,68.52,49.97,49.85,49.61,49.18
20530,69.16,49.97,49.85,49.61,49.18
20531,69.8,49.96,49.85,49.61,49.18
20532,70.43,49.95,49.85,49.61,49.18
20533,71.07,49.95,49.85,49.61,49.19
20534,71.71,49.94,49.85,49.61,49.19
20535,72.34,49.94,49.85,49.61,49.19
20536,72.98,49.93,49.85,49.61,49.19
20537,73.62,49.93,49.85,49.62,49.19
20538,73.89,49.92,49.85,49.62,49.19
20539,73.84,49.92,49.85,49.62,49.19
20540,73.78,49.92,49.85,49.62,49.19
20541,73.73,49.92,49.85,49.62,49.19
20542,73.67,49.92,49.85,49.62,49.19
20543,73.61,49.92,49.85,49.62,49.19
20544,73.56,49.92,49.85,49.62,49.19
20545,73.5,49.92,49.85,49.62,49.19
20546,73.45,49.92,49.85,49.62,49.19
20547,73.39,49.92,49.85,49.62,49.19
20548,73.33,49.92,49.85,49.62,49.2
20549,73.28,49.92,49.85,49.62,49.2
20550,73.22,49.92,49.85,49.62,49.2
20551,73.17,49.92,49.86,49.62,49.2
20552,73.11,49.93,49.86,49.62,49.2
20553,73.05,49.94,49.86,49.62,49.2
20554,73.0,49.94,49.86,49.62,49.2
20555,72.94,49.95,49.86,49.62,49.2
20556,72.89,49.95,49.86,49.62,49.2
20557,72.83,49.96,49.86,49.62,49.2
20558,72.78,49.96,49.86,49.62,49.2
20559,72.72,49.97,49.86,49.62,49.2
20560,72.66,49.98,49.86,49.62,49.2
20561,72.61,49.98,49.86,49.62,49.2
20562,72.55,49.99,49.86,49.62,49.2
20563,72.5,49.99,49.86,49.62,49.2
20564,72.44,50.0,49.86,49.62,49.21
20565,72.38,50.0,49.86,49.62,49.21
20566,72.33,50.0,49.86,49.62,49.21
20567,72.27,50.0,49.86,49.62,49.21
20568,72.22,50.0,49.86,49.62,49.21
20569,72.16,50.0,49.86,49.62,49.21
20570,72.1,50.0,49.86,49.62,49.21
20571,72.05,50.0,49.86,49.62,49.21
20572,71.99,50.0,49.86,49.62,49.21
20573,71.94,50.0,49.86,49.62,49.21
20574,71.88,50.0,49.86,49.62,49.21
20575,71.82,50.0,49.86,49.62,49.21
20576,71.77,50.0,49.86,49.62,49.21
20577,71.71,50.0,49.86,49.62,49.21
20578,71.72,50.0,49.86,49.62,49.21
20579,71.77,49.99,49.86,49.62,49.22
20580,71.81,49.98,49.86,49.62,49.22
20581,71.85,49.98,49.86,49.62,49.22
20582,71.9,49.97,49.86,49.62,49.22
20583,71.94,49.97,49.86,49.62,49.22
20584,71.99,49.96,49.86,49.62,49.22
20585,72.03,49.96,49.86,49.62,49.22
20586,72.08,49.95,49.86,49.62,49.22
20587,72.12,49.94,49.86,49.62,49.22
20588,72.16,49.94,49.86,49.62,49.22
20589,72.21,49.93,49.86,49.62,49.22
20590,72.25,49.93,49.86,49.62,49.22
20591,72.3,49.92,49.86,49.62,49.22
20592,72.34,49.92,49.86,49.62,49.22
20593,72.39,49.92,49.86,49.62,49.22
20594,72.43,49.92,49.86,49.62,49.23
20595,72.47,49.92,49.86,49.62,49.23
20596,72.52,49.92,49.86,49.62,49.23
20597,72.56,49.92,49.86,49.62,49.23
20598,72.61,49.92,49.86,49.62,49.23
20599,72.65,49.92,49.86,49.62,49.23
20600,72.7,49.92,49.86,49.62,49.23
20601,72.74,49.92,49.86,49.62,49.23
20602,72.79,49.92,49.86,49.62,49.23
20603,72.83,49.92,49.86,49.62,49.23
20604,72.87,49.92,49.87,49.62,49.23
20605,72.92,49.94,49.87,49.62,49.23
20606,72.96,49.95,49.87,49.62,49.23
20607,73.01,49.96,49.87,49.62,49.23
20608,73.05,49.97,49.87,49.62,49.23
20609,73.1,49.98,49.87,49.62,49.23
20610,73.14,49.99,49.87,49.62,49.24
20611,73.18,50.0,49.87,49.62,49.24
20612,73.23,50.02,49.87,49.62,49.24
20613,73.27,50.03,49.87,49.62,49.24
20614,73.32,50.04,49.87,49.62,49.24
20615,73.36,50.05,49.87,49.62,49.24
20616,73.41,50.06,49.87,49.62,49.24
20617,73.45,50.07,49.87,49.62,49.24
20618,73.37,50.07,49.87,49.62,49.24
20619,73.25,50.07,49.87,49.62,49.24
20620,73.13,50.06,49.87,49.62,49.24
20621,73.0,50.06,49.87,49.62,49.24
20622,72.88,50.05,49.87,49.62,49.24
20623,72.76,50.04,49.87,49.62,49.24
20624,72.64,50.04,49.87,49.62,49.24
20625,72.52,50.03,49.87,49.62,49.25
20626,72.4,50.03,49.87,49.62,49.25
20627,72.28,50.02,49.87,49.62,49.25
20628,72.15,50.01,49.87,49.62,49.25
20629,72.03,50.01,49.87,49.62,49.25
20630,71.91,50.0,49.87,49.62,49.25
20631,71.9,50.0,49.87,49.62,49.25
20632,72.02,50.0,49.87,49.62,49.25
20633,72.14,50.0,49.87,49.62,49.25
20634,72.26,50.0,49.87,49.62,49.25
20635,72.37,50.0,49.87,49.62,49.25
20636,72.49,50.0,49.87,49.62,49.25
20637,72.61,50.0,49.87,49.62,49.25
20638,72.73,50.0,49.87,49.62,49.25
20639,72.84,50.0,49.87,49.62,49.25
20640,72.96,50.0,49.87,49.63,49.25
20641,73.08,50.0,49.87,49.63,49.26
20642,73.2,50.0,49.87,49.63,49.26
20643,73.32,50.0,49.87,49.63,49.26
20644,73.43,50.0,49.87,49.63,49.26
20645,73.55,50.01,49.87,49.63,49.26
20646,73.67,50.01,49.87,49.63,49.26
20647,73.79,50.02,49.87,49.63,49.26
20648,73.91,50.02,49.87,49.63,49.26
20649,74.02,50.03,49.87,49.63,49.26
20650,74.14,50.04,49.87,49.63,49.26
20651,74.26,50.04,49.87,49.63,49.26
20652,74.38,50.05,49.87,49.63,49.26
20653,74.5,50.05,49.87,49.63,49.26
20654,74.61,50.06,49.87,49.63,49.26
20655,74.73,50.06,49.87,49.63,49.26
20656,74.85,50.07,49.87,49.63,49.27
20657,74.97,50.08,49.88,49.63,49.27
20658,74.98,50.08,49.88,49.63,49.27
20659,74.98,50.08,49.88,49.63,49.27
20660,74.98,50.08,49.88,49.63,49.27
20661,74.99,50.08,49.88,49.63,49.27
20662,74.99,50.08,49.88,49.63,49.27
20663,74.99,50.08,49.88,49.63,49.27
20664,74.99,50.08,49.88,49.63,49.27
20665,74.99,50.08,49.88,49.63,49.27
20666,74.99,50.08,49.88,49.63,49.27
20667,75.0,50.08,49.88,49.63,49.27
20668,75.0,50.08,49.88,49.63,49.27
20669,75.0,50.08,49.88,49.63,49.27
20670,75.0,50.08,49.88,49.63,49.27
20671,74.9,50.08,49.88,49.63,49.28
20672,74.73,50.08,49.88,49.63,49.28
20673,74.57,50.08,49.88,49.63,49.28
20674,74.4,50.08,49.88,49.63,49.28
20675,74.23,50.08,49.88,49.63,49.28
20676,74.06,50.08,49.88,49.63,49.28
20677,73.89,50.08,49.88,49.64,49.28
20678,73.73,50.08,49.88,49.64,49.28
20679,73.56,50.08,49.88,49.64,49.28
20680,73.39,50.08,49.88,49.64,49.28
20681,73.22,50.08,49.88,49.64,49.28
20682,73.05,50.08,49.88,49.64,49.28
20683,72.89,50.08,49.88,49.64,49.28
20684,72.75,50.08,49.88,49.64,49.28
20685,72.68,50.08,49.88,49.64,49.28
20686,72.61,50.08,49.88,49.64,49.28
20687,72.54,50.08,49.88,49.64,49.29
20688,72.47,50.08,49.88,49.64,49.29
20689,72.4,50.08,49.88,49.64,49.29
20690,72.33,50.08,49.88,49.64,49.29
20691,72.26,50.08,49.88,49.64,49.29
20692,72.19,50.08,49.88,49.64,49.29
20693,72.12,50.08,49.88,49.64,49.29
20694,72.05,50.08,49.88,49.64,49.29
20695,71.98,50.08,49.88,49.64,49.29
20696,71.92,50.08,49.88,49.64,49.29
20697,71.85,50.08,49.88,49.64,49.29
20698,71.89,50.1,49.88,49.64,49.29
20699,71.93,50.12,49.88,49.64,49.29
20700,71.97,50.15,49.88,49.64,49.29
20701,72.01,50.17,49.88,49.64,49.29
20702,72.05,50.19,49.88,49.64,49.3
20703,72.09,50.22,49.88,49.64,49.3
20704,72.13,50.24,49.88,49.64,49.3
20705,72.17,50.26,49.88,49.64,49.3
20706,72.21,50.29,49.88,49.64,49.3
20707,72.25,50.31,49.88,49.64,49.3
20708,72.29,50.33,49.88,49.64,49.3
20709,72.33,50.35,49.89,49.64,49.3
20710,72.37,50.38,49.89,49.64,49.3
20711,72.39,50.38,49.89,49.64,49.3
20712,72.39,50.38,49.89,49.64,49.3
20713,72.4,50.38,49.89,49.64,49.3
20714,72.41,50.38,49.89,49.65,49.3
20715,72.41,50.38,49.89,49.65,49.3
20716,72.42,50.38,49.89,49.65,49.3
20717,72.42,50.38,49.89,49.65,49.3
20718,72.43,50.38,49.89,49.65,49.31
20719,72.44,50.38,49.89,49.65,49.31
20720,72.44,50.38,49.89,49.65,49.31
20721,72.45,50.38,49.89,49.65,49.31
20722,72.45,50.38,49.89,49.65,49.31
20723,72.46,50.38,49.89,49.65,49.31
20724,72.45,50.39,49.89,49.65,49.31
20725,72.41,50.4,49.89,49.65,49.31
20726,72.38,50.41,49.89,49.65,49.31
20727,72.34,50.42,49.89,49.65,49.31
20728,72.31,50.44,49.89,49.65,49.31
20729,72.27,50.45,49.89,49.65,49.31
20730,72.24,50.46,49.89,49.65,49.31
20731,72.2,50.47,49.89,49.65,49.31
20732,72.17,50.48,49.89,49.65,49.31
20733,72.13,50.49,49.89,49.65,49.32
20734,72.1,50.51,49.89,49.65,49.32
20735,72.07,50.52,49.89,49.65,49.32
20736,72.03,50.53,49.89,49.65,49.32
20737,72.0,50.54,49.89,49.65,49.32
20738,71.98,50.54,49.89,49.65,49.32
20739,71.96,50.55,49.89,49.65,49.32
20740,71.95,50.56,49.89,49.65,49.32
20741,71.93,50.56,49.89,49.65,49.32
20742,71.91,50.57,49.89,49.65,49.32
20743,71.89,50.57,49.89,49.65,49.32
20744,71.88,50.58,49.89,49.65,49.32
20745,71.86,50.59,49.89,49.65,49.32
20746,71.84,50.59,49.89,49.65,49.32
20747,71.82,50.6,49.89,49.65,49.32
20748,71.81,50.6,49.89,49.65,49.32
20749,71.79,50.61,49.89,49.65,49.33
20750,71.77,50.61,49.89,49.65,49.33
20751,71.66,50.63,49.89,49.65,49.33
20752,71.54,50.64,49.89,49.66,49.33
20753,71.41,50.65,49.89,49.66,49.33
20754,71.28,50.66,49.89,49.66,49.33
20755,71.15,50.67,49.89,49.66,49.33
20756,71.03,50.68,49.89,49.66,49.33
20757,70.9,50.69,49.89,49.66,49.33
20758,70.77,50.71,49.89,49.66,49.33
20759,70.64,50.72,49.89,49.66,49.33
20760,70.52,50.73,49.89,49.66,49.33
20761,70.39,50.74,49.89,49.66,49.33
20762,70.26,50.75,49.9,49.66,49.33
20763,70.14,50.76,49.9,49.66,49.33
20764,70.1,50.78,49.9,49.66,49.34
20765,70.14,50.79,49.9,49.66,49.34
20766,70.18,50.8,49.9,49.66,49.34
20767,70.22,50.81,49.9,49.66,49.34
20768,70.26,50.82,49.9,49.66,49.34
20769,70.3,50.83,49.9,49.66,49.34
20770,70.34,50.84,49.9,49.66,49.34
20771,70.38,50.86,49.9,49.66,49.34
20772,70.42,50.87,49.9,49.66,49.34
20773,70.46,50.88,49.9,49.66,49.34
20774,70.5,50.89,49.9,49.66,49.34
20775,70.54,50.9,49.9,49.66,49.34
20776,70.58,50.91,49.9,49.66,49.34
20777,70.61,50.92,49.9,49.66,49.34
20778,70.56,50.93,49.9,49.66,49.34
20779,70.52,50.94,49.9,49.66,49.35
20780,70.48,50.94,49.9,49.66,49.35
20781,70.44,50.95,49.9,49.66,49.35
20782,70.4,50.95,49.9,49.66,49.35
20783,70.36,50.96,49.9,49.66,49.35
20784,70.32,50.97,49.9,49.66,49.35
20785,70.28,50.97,49.9,49.66,49.35
20786,70.24,50.98,49.9,49.66,49.35
20787,70.2,50.98,49.9,49.66,49.35
20788,70.16,50.99,49.9,49.66,49.35
20789,70.12,50.99,49.9,49.67,49.35
20790,70.08,51.0,49.9,49.67,49.35
20791,70.42,51.02,49.9,49.67,49.35
20792,70.79,51.05,49.9,49.67,49.35
20793,71.15,51.07,49.9,49.67,49.35
20794,71.52,51.09,49.9,49.67,49.35
20795,71.88,51.11,49.9,49.67,49.36
20796,72.25,51.14,49.9,49.67,49.36
20797,72.61,51.16,49.9,49.67,49.36
20798,72.98,51.18,49.9,49.67,49.36
20799,73.34,51.21,49.9,49.67,49.36
20800,73.71,51.23,49.9,49.67,49.36
20801,74.07,51.25,49.9,49.67,49.36
20802,74.44,51.28,49.9,49.67,49.36
20803,74.8,51.3,49.9,49.67,49.36
20804,74.91,51.32,49.9,49.67,49.36
20805,74.88,51.34,49.9,49.67,49.36
20806,74.86,51.35,49.9,49.67,49.36
20807,74.84,51.37,49.9,49.67,49.36
20808,74.82,51.39,49.9,49.67,49.36
20809,74.79,51.41,49.9,49.67,49.36
20810,74.77,51.42,49.9,49.67,49.37
20811,74.75,51.44,49.9,49.67,49.37
20812,74.72,51.46,49.9,49.67,49.37
20813,74.7,51.48,49.9,49.67,49.37
20814,74.68,51.49,49.9,49.67,49.37
20815,74.65,51.51,49.91,49.67,49.37
20816,74.63,51.53,49.91,49.67,49.37
20817,74.6,51.55,49.91,49.67,49.37
20818,74.58,51.57,49.91,49.67,49.37
20819,74.55,51.59,49.91,49.67,49.37
20820,74.52,51.62,49.91,49.67,49.37
20821,74.49,51.64,49.91,49.67,49.37
20822,74.46,51.66,49.91,49.67,49.37
20823,74.43,51.69,49.91,49.67,49.37
20824,74.4,51.71,49.91,49.67,49.37
20825,74.37,51.73,49.91,49.67,49.37
20826,74.34,51.76,49.91,49.68,49.38
20827,74.32,51.78,49.91,49.68,49.38
20828,74.29,51.8,49.91,49.68,49.38
20829,74.26,51.82,49.91,49.68,49.38
20830,74.23,51.85,49.91,49.68,49.38
20831,74.19,51.86,49.91,49.68,49.38
20832,74.14,51.87,49.91,49.68,49.38
20833,74.1,51.88,49.91,49.68,49.38
20834,74.06,51.89,49.91,49.68,49.38
20835,74.02,51.9,49.91,49.68,49.38
20836,73.97,51.92,49.91,49.68,49.38
20837,73.93,51.93,49.91,49.68,49.38
20838,73.89,51.94,49.91,49.68,49.38
20839,73.85,51.95,49.91,49.68,49.38
20840,73.8,51.96,49.91,49.68,49.38
20841,73.76,51.97,49.91,49.68,49.39
20842,73.72,51.99,49.91,49.68,49.39
20843,73.68,52.0,49.91,49.68,49.39
20844,73.63,52.02,49.91,49.68,49.39
20845,73.59,52.04,49.91,49.68,49.39
20846,73.55,52.06,49.91,49.68,49.39
20847,73.51,52.09,49.91,49.68,49.39
20848,73.46,52.11,49.91,49.68,49.39
20849,73.42,52.13,49.91,49.68,49.39
20850,73.38,52.16,49.91,49.68,49.39
20851,73.34,52.18,49.91,49.68,49.39
20852,73.29,52.2,49.91,49.68,49.39
20853,73.25,52.23,49.91,49.68,49.39
20854,73.21,52.25,49.91,49.68,49.39
20855,73.17,52.27,49.91,49.68,49.39
20856,73.12,52.3,49.91,49.68,49.4
20857,73.08,52.32,49.91,49.68,49.4
20858,73.04,52.35,49.91,49.68,49.4
20859,73.0,52.38,49.91,49.68,49.4
20860,72.95,52.41,49.91,49.68,49.4
20861,72.91,52.44,49.91,49.68,49.4
20862,72.87,52.47,49.91,49.68,49.4
20863,72.83,52.5,49.91,49.69,49.4
20864,72.78,52.52,49.91,49.69,49.4
20865,72.74,52.55,49.91,49.69,49.4
20866,72.7,52.58,49.91,49.69,49.4
20867,72.66,52.61,49.91,49.69,49.4
20868,72.61,52.64,49.92,49.69,49.4
20869,72.57,52.67,49.92,49.69,49.4
20870,72.59,52.7,49.92,49.69,49.4
20871,72.87,52.72,49.92,49.69,49.4
20872,73.15,52.74,49.92,49.69,49.41
20873,73.43,52.77,49.92,49.69,49.41
20874,73.7,52.79,49.92,49.69,49.41
20875,73.98,52.81,49.92,49.69,49.41
20876,74.26,52.84,49.92,49.69,49.41
20877,74.54,52.86,49.92,49.69,49.41
20878,74.82,52.88,49.92,49.69,49.41
20879,75.09,52.91,49.92,49.69,49.41
20880,75.37,52.93,49.92,49.69,49.41
20881,75.65,52.95,49.92,49.69,49.41
20882,75.93,52.97,49.92,49.69,49.41
20883,76.2,53.0,49.92,49.69,49.41
20884,76.24,53.01,49.92,49.69,49.41
20885,76.25,53.01,49.92,49.69,49.41
20886,76.26,53.02,49.92,49.69,49.41
20887,76.28,53.03,49.92,49.69,49.42
20888,76.29,53.04,49.92,49.69,49.42
20889,76.3,53.05,49.92,49.69,49.42
20890,76.31,53.05,49.92,49.69,49.42
20891,76.32,53.06,49.92,49.69,49.42
20892,76.33,53.07,49.92,49.69,49.42
20893,76.35,53.08,49.92,49.69,49.42
20894,76.36,53.08,49.92,49.69,49.42
20895,76.37,53.09,49.92,49.69,49.42
20896,76.38,53.1,49.92,49.69,49.42
20897,76.36,53.1,49.92,49.69,49.42
20898,76.32,53.1,49.92,49.69,49.42
20899,76.28,53.1,49.92,49.69,49.42
20900,76.24,53.1,49.92,49.7,49.42
20901,76.2,53.09,49.92,49.7,49.42
20902,76.16,53.09,49.92,49.7,49.42
20903,76.12,53.09,49.92,49.7,49.43
20904,76.08,53.09,49.92,49.7,49.43
20905,76.04,53.09,49.92,49.7,49.43
20906,76.0,53.08,49.92,49.7,49.43
20907,75.95,53.08,49.92,49.7,49.43
20908,75.91,53.08,49.92,49.7,49.43
20909,75.87,53.08,49.92,49.7,49.43
20910,75.81,53.08,49.92,49.7,49.43
20911,75.69,53.08,49.92,49.7,49.43
20912,75.57,53.09,49.92,49.7,49.43
20913,75.46,53.1,49.92,49.7,49.43
20914,75.34,53.1,49.92,49.7,49.43
20915,75.22,53.11,49.92,49.7,49.43
20916,75.1,53.11,49.92,49.7,49.43
20917,74.99,53.12,49.92,49.7,49.43
20918,74.87,53.13,49.92,49.7,49.44
20919,74.75,53.13,49.92,49.7,49.44
20920,74.63,53.14,49.92,49.7,49.44
20921,74.51,53.14,49.92,49.7,49.44
20922,74.4,53.15,49.92,49.7,49.44
20923,74.28,53.15,49.92,49.7,49.44
20924,74.16,53.14,49.92,49.7,49.44
20925,74.04,53.13,49.92,49.7,49.44
20926,73.93,53.12,49.92,49.7,49.44
20927,73.81,53.11,49.92,49.7,49.44
20928,73.69,53.1,49.92,49.7,49.44
20929,73.57,53.08,49.92,49.7,49.44
20930,73.46,53.07,49.92,49.7,49.44
20931,73.34,53.06,49.92,49.7,49.44
20932,73.22,53.05,49.92,49.7,49.44
20933,73.1,53.04,49.92,49.7,49.45
20934,72.98,53.03,49.92,49.7,49.45
20935,72.87,53.01,49.92,49.7,49.45
20936,72.75,53.0,49.92,49.7,49.45
20937,72.63,53.01,49.92,49.71,49.45
20938,72.51,53.03,49.92,49.71,49.45
20939,72.4,53.04,49.92,49.71,49.45
20940,72.28,53.05,49.92,49.71,49.45
20941,72.16,53.07,49.92,49.71,49.45
20942,72.04,53.08,49.92,49.71,49.45
20943,71.93,53.1,49.92,49.71,49.45
20944,71.81,53.11,49.92,49.71,49.45
20945,71.69,53.13,49.92,49.71,49.45
20946,71.57,53.14,49.92,49.71,49.45
20947,71.46,53.16,49.92,49.71,49.45
20948,71.34,53.17,49.92,49.71,49.45
20949,71.22,53.18,49.92,49.71,49.46
20950,71.15,53.2,49.92,49.71,49.46
20951,71.15,53.21,49.93,49.71,49.46
20952,71.15,53.23,49.93,49.71,49.46
20953,71.15,53.24,49.93,49.71,49.46
20954,71.15,53.26,49.93,49.71,49.46
20955,71.15,53.27,49.93,49.71,49.46
20956,71.15,53.29,49.94,49.71,49.46
20957,71.15,53.3,49.94,49.71,49.46
20958,71.15,53.31,49.94,49.71,49.46
20959,71.15,53.33,49.94,49.71,49.46
20960,71.15,53.34,49.94,49.71,49.46
20961,71.15,53.36,49.95,49.71,49.46
20962,71.15,53.37,49.95,49.71,49.46
20963,71.23,53.39,49.95,49.71,49.46
20964,71.77,53.46,49.95,49.71,49.47
20965,72.31,53.52,49.95,49.71,49.47
20966,72.85,53.58,49.95,49.71,49.47
20967,73.39,53.65,49.96,49.71,49.47
20968,73.92,53.71,49.96,49.71,49.47
20969,74.46,53.78,49.96,49.71,49.47
20970,75.0,53.84,49.96,49.71,49.47
20971,75.54,53.9,49.96,49.71,49.47
20972,76.08,53.97,49.97,49.71,49.47
20973,76.61,54.03,49.97,49.71,49.47
20974,77.15,54.09,49.97,49.71,49.47
20975,77.69,54.16,49.97,49.72,49.47
20976,78.23,54.22,49.97,49.72,49.47
20977,78.28,54.26,49.98,49.72,49.47
20978,78.25,54.28,49.98,49.72,49.47
20979,78.22,54.31,49.98,49.72,49.47
20980,78.19,54.34,49.98,49.72,49.48
20981,78.15,54.37,49.98,49.72,49.48
20982,78.12,54.4,49.99,49.72,49.48
20983,78.09,54.43,49.99,49.72,49.48
20984,78.06,54.46,49.99,49.72,49.48
20985,78.03,54.49,49.99,49.72,49.48
20986,77.99,54.52,49.99,49.72,49.48
20987,77.96,54.54,50.0,49.72,49.48
20988,77.93,54.57,50.0,49.72,49.48
20989,77.9,54.6,50.0,49.72,49.48
20990,77.87,54.63,50.0,49.72,49.48
20991,77.83,54.67,50.0,49.72,49.48
20992,77.8,54.7,50.0,49.72,49.48
20993,77.77,54.74,50.01,49.72,49.48
20994,77.74,54.77,50.01,49.72,49.48
20995,77.71,54.81,50.01,49.72,49.49
20996,77.68,54.84,50.01,49.72,49.49
20997,77.64,54.88,50.01,49.72,49.49
20998,77.61,54.91,50.02,49.72,49.49
20999,77.58,54.95,50.02,49.72,49.49
21000,77.55,54.98,50.02,49.72,49.49
21001,77.52,55.02,50.02,49.72,49.49
21002,77.48,55.05,50.02,49.72,49.49
21003,77.51,55.09,50.03,49.72,49.49
21004,77.69,55.13,50.03,49.72,49.49
21005,77.86,55.17,50.03,49.72,49.49
21006,78.04,55.21,50.03,49.72,49.49
21007,78.22,55.26,50.03,49.72,49.49
21008,78.4,55.3,50.04,49.72,49.49
21009,78.57,55.34,50.04,49.72,49.49
21010,78.75,55.38,50.04,49.72,49.5
21011,78.93,55.42,50.04,49.72,49.5
21012,79.11,55.46,50.04,49.73,49.5
21013,79.28,55.51,50.05,49.73,49.5
21014,79.46,55.55,50.05,49.73,49.5
21015,79.64,55.59,50.05,49.73,49.5
21016,79.82,55.63,50.05,49.73,49.5
21017,79.81,55.69,50.05,49.73,49.5
21018,79.79,55.74,50.06,49.73,49.5
21019,79.78,55.8,50.06,49.73,49.5
21020,79.76,55.86,50.06,49.73,49.5
21021,79.75,55.91,50.06,49.73,49.5
21022,79.73,55.97,50.06,49.73,49.5
21023,79.72,56.03,50.06,49.73,49.5
21024,79.7,56.08,50.07,49.73,49.5
21025,79.69,56.14,50.07,49.73,49.5
21026,79.67,56.2,50.07,49.73,49.51
21027,79.66,56.25,50.07,49.73,49.51
21028,79.64,56.31,50.07,49.73,49.51
21029,79.63,56.37,50.08,49.73,49.51
21030,79.61,56.39,50.08,49.73,49.51
21031,79.6,56.4,50.08,49.73,49.51
21032,79.58,56.42,50.08,49.73,49.51
21033,79.57,56.43,50.08,49.73,49.51
21034,79.55,56.44,50.08,49.73,49.51
21035,79.54,56.45,50.08,49.73,49.51
21036,79.53,56.46,50.08,49.73,49.51
21037,79.51,56.47,50.08,49.73,49.51
21038,79.5,56.49,50.08,49.73,49.51
21039,79.48,56.5,50.08,49.73,49.51
21040,79.47,56.51,50.08,49.73,49.51
21041,79.45,56.52,50.08,49.73,49.52
21042,79.44,56.53,50.08,49.73,49.52
21043,79.42,56.54,50.08,49.73,49.52
21044,79.41,56.54,50.08,49.73,49.52
21045,79.39,56.54,50.08,49.73,49.52
21046,79.38,56.54,50.08,49.73,49.52
21047,79.36,56.54,50.08,49.73,49.52
21048,79.35,56.54,50.08,49.73,49.52
21049,79.33,56.54,50.08,49.74,49.52
21050,79.32,56.54,50.08,49.74,49.52
21051,79.3,56.54,50.08,49.74,49.52
21052,79.29,56.54,50.08,49.74,49.52
21053,79.27,56.54,50.08,49.74,49.52
21054,79.26,56.54,50.08,49.74,49.52
21055,79.24,56.54,50.08,49.74,49.52
21056,79.23,56.54,50.08,49.74,49.52
21057,79.26,56.59,50.08,49.74,49.53
21058,79.28,56.64,50.08,49.74,49.53
21059,79.3,56.68,50.08,49.74,49.53
21060,79.33,56.73,50.09,49.74,49.53
21061,79.35,56.77,50.09,49.74,49.53
21062,79.37,56.82,50.09,49.74,49.53
21063,79.4,56.87,50.1,49.74,49.53
21064,79.42,56.91,50.1,49.74,49.53
21065,79.44,56.96,50.1,49.74,49.53
21066,79.46,57.01,50.1,49.74,49.53
21067,79.49,57.05,50.11,49.74,49.53
21068,79.51,57.1,50.11,49.74,49.53
21069,79.53,57.14,50.11,49.74,49.53
21070,79.51,57.16,50.11,49.74,49.53
21071,79.48,57.16,50.12,49.74,49.53
21072,79.44,57.17,50.12,49.74,49.54
21073,79.41,57.18,50.12,49.74,49.54
21074,79.37,57.18,50.12,49.74,49.54
21075,79.34,57.19,50.13,49.74,49.54
21076,79.3,57.19,50.13,49.74,49.54
21077,79.27,57.2,50.13,49.74,49.54
21078,79.23,57.2,50.13,49.74,49.54
21079,79.2,57.21,50.14,49.74,49.54
21080,79.16,57.22,50.14,49.74,49.54
21081,79.13,57.22,50.14,49.74,49.54
21082,79.09,57.23,50.14,49.74,49.54
21083,79.07,57.24,50.15,49.74,49.54
21084,79.05,57.26,50.15,49.74,49.54
21085,79.03,57.27,50.15,49.74,49.54
21086,79.01,57.29,50.15,49.75,49.54
21087,78.99,57.31,50.16,49.75,49.54
21088,78.97,57.33,50.16,49.75,49.55
21089,78.95,57.34,50.16,49.75,49.55
21090,78.92,57.36,50.16,49.75,49.55
21091,78.9,57.38,50.17,49.75,49.55
21092,78.88,57.4,50.17,49.75,49.55
21093,78.86,57.41,50.17,49.75,49.55
21094,78.84,57.43,50.17,49.75,49.55
21095,78.82,57.45,50.18,49.75,49.55
21096,78.8,57.46,50.18,49.75,49.55
21097,78.78,57.45,50.18,49.75,49.55
21098,78.76,57.45,50.19,49.75,49.55
21099,78.74,57.44,50.19,49.75,49.55
21100,78.72,57.44,50.19,49.75,49.55
21101,78.7,57.43,50.19,49.75,49.55
21102,78.68,57.43,50.2,49.75,49.55
21103,78.66,57.42,50.2,49.75,49.56
21104,78.64,57.41,50.2,49.75,49.56
21105,78.62,57.41,50.2,49.75,49.56
21106,78.6,57.4,50.21,49.75,49.56
21107,78.58,57.4,50.21,49.75,49.56
21108,78.56,57.39,50.21,49.75,49.56
21109,78.54,57.39,50.21,49.75,49.56
21110,78.55,57.4,50.22,49.75,49.56
21111,78.56,57.42,50.22,49.75,49.56
21112,78.57,57.44,50.22,49.75,49.56
21113,78.58,57.45,50.22,49.75,49.56
21114,78.6,57.47,50.23,49.75,49.56
21115,78.61,57.49,50.23,49.75,49.56
21116,78.62,57.5,50.23,49.75,49.56
21117,78.63,57.52,50.23,49.75,49.56
21118,78.64,57.54,50.24,49.75,49.57
21119,78.65,57.56,50.24,49.75,49.57
21120,78.66,57.57,50.24,49.75,49.57
21121,78.68,57.59,50.24,49.75,49.57
21122,78.69,57.61,50.25,49.75,49.57
21123,78.66,57.62,50.25,49.76,49.57
21124,78.61,57.62,50.25,49.76,49.57
21125,78.56,57.63,50.25,49.76,49.57
21126,78.51,57.64,50.26,49.76,49.57
21127,78.46,57.64,50.26,49.76,49.57
21128,78.41,57.65,50.26,49.76,49.57
21129,78.36,57.65,50.26,49.76,49.57
21130,78.31,57.66,50.27,49.76,49.57
21131,78.26,57.67,50.27,49.76,49.57
21132,78.21,57.67,50.27,49.76,49.57
21133,78.16,57.68,50.28,49.76,49.57
21134,78.11,57.68,50.28,49.76,49.58
21135,78.06,57.69,50.28,49.76,49.58
21136,78.01,57.7,50.28,49.76,49.58
21137,77.96,57.72,50.29,49.76,49.58
21138,77.91,57.73,50.29,49.76,49.58
21139,77.86,57.75,50.29,49.76,49.58
21140,77.81,57.77,50.29,49.76,49.58
21141,77.76,57.79,50.3,49.76,49.58
21142,77.71,57.8,50.3,49.76,49.58
21143,77.66,57.82,50.3,49.76,49.58
21144,77.61,57.84,50.3,49.76,49.58
21145,77.56,57.85,50.31,49.76,49.58
21146,77.51,57.87,50.31,49.76,49.58
21147,77.46,57.89,50.31,49.76,49.58
21148,77.41,57.91,50.31,49.76,49.58
21149,77.36,57.92,50.32,49.76,49.59
21150,77.31,57.94,50.32,49.76,49.59
21151,77.26,57.96,50.32,49.76,49.59
21152,77.21,57.98,50.32,49.76,49.59
21153,77.16,57.99,50.33,49.76,49.59
21154,77.11,58.01,50.33,49.76,49.59
21155,77.06,58.03,50.33,49.76,49.59
21156,77.01,58.05,50.33,49.76,49.59
21157,76.96,58.06,50.34,49.76,49.59
21158,76.91,58.08,50.34,49.76,49.59
21159,76.86,58.1,50.34,49.76,49.59
21160,76.8,58.11,50.34,49.77,49.59
21161,76.75,58.13,50.35,49.77,49.59
21162,76.7,58.15,50.35,49.77,49.59
21163,76.81,58.18,50.35,49.77,49.59
21164,76.96,58.21,50.35,49.77,49.59
21165,77.11,58.25,50.36,49.77,49.6
21166,77.26,58.28,50.36,49.77,49.6
21167,77.41,58.31,50.36,49.77,49.6
21168,77.56,58.35,50.37,49.77,49.6
21169,77.71,58.38,50.37,49.77,49.6
21170,77.86,58.41,50.37,49.77,49.6
21171,78.01,58.45,50.37,49.77,49.6
21172,78.16,58.48,50.38,49.77,49.6
21173,78.31,58.51,50.38,49.77,49.6
21174,78.46,58.54,50.38,49.77,49.6
21175,78.61,58.58,50.38,49.77,49.6
21176,78.76,58.62,50.39,49.77,49.6
21177,78.91,58.68,50.4,49.77,49.6
21178,79.06,58.74,50.41,49.77,49.6
21179,79.21,58.8,50.42,49.77,49.6
21180,79.36,58.86,50.44,49.77,49.61
21181,79.51,58.92,50.45,49.77,49.61
21182,79.66,58.98,50.46,49.77,49.61
21183,79.81,59.04,50.47,49.77,49.61
21184,79.97,59.1,50.48,49.77,49.61
21185,80.12,59.16,50.49,49.77,49.61
21186,80.27,59.22,50.51,49.77,49.61
21187,80.42,59.28,50.52,49.77,49.61
21188,80.57,59.34,50.53,49.77,49.61
21189,80.69,59.39,50.54,49.77,49.61
21190,80.67,59.42,50.55,49.77,49.61
21191,80.64,59.44,50.56,49.77,49.61
21192,80.62,59.47,50.58,49.77,49.61
21193,80.6,59.49,50.59,49.77,49.61
21194,80.57,59.52,50.6,49.77,49.61
21195,80.55,59.55,50.61,49.77,49.62
21196,80.53,59.57,50.62,49.77,49.62
21197,80.5,59.6,50.63,49.77,49.62
21198,80.48,59.62,50.64,49.77,49.62
21199,80.46,59.65,50.66,49.77,49.62
21200,80.43,59.68,50.67,49.77,49.62
21201,80.41,59.7,50.68,49.77,49.62
21202,80.39,59.73,50.69,49.77,49.62
21203,80.48,59.78,50.7,49.77,49.62
21204,80.59,59.83,50.71,49.77,49.62
21205,80.7,59.88,50.73,49.77,49.62
21206,80.81,59.94,50.74,49.77,49.62
21207,80.92,59.99,50.75,49.77,49.62
21208,81.03,60.04,50.76,49.77,49.62
21209,81.14,60.1,50.77,49.77,49.62
21210,81.25,60.15,50.78,49.77,49.62
21211,81.36,60.2,50.8,49.77,49.63
21212,81.47,60.25,50.81,49.77,49.63
21213,81.58,60.31,50.82,49.77,49.63
21214,81.69,60.36,50.83,49.77,49.63
21215,81.8,60.41,50.84,49.77,49.63
21216,81.84,60.46,50.85,49.77,49.63
21217,81.82,60.49,50.86,49.77,49.63
21218,81.8,60.53,50.88,49.77,49.63
21219,81.78,60.57,50.89,49.77,49.63
21220,81.77,60.6,50.9,49.77,49.63
21221,81.75,60.64,50.91,49.77,49.63
21222,81.73,60.68,50.92,49.77,49.63
21223,81.71,60.71,50.93,49.77,49.63
21224,81.7,60.75,50.95,49.77,49.63
21225,81.68,60.79,50.96,49.77,49.63
21226,81.66,60.82,50.97,49.77,49.64
21227,81.65,60.86,50.98,49.77,49.64
21228,81.63,60.9,50.99,49.77,49.64
21229,81.63,60.94,51.01,49.77,49.64
21230,81.66,61.01,51.03,49.77,49.64
21231,81.69,61.07,51.05,49.77,49.64
21232,81.73,61.13,51.08,49.77,49.64
21233,81.76,61.2,51.1,49.77,49.64
21234,81.8,61.26,51.12,49.78,49.64
21235,81.83,61.32,51.15,49.78,49.64
21236,81.87,61.39,51.17,49.78,49.64
21237,81.9,61.45,51.19,49.78,49.64
21238,81.94,61.51,51.22,49.78,49.64
21239,81.97,61.58,51.24,49.78,49.64
21240,82.01,61.64,51.26,49.78,49.64
21241,82.04,61.71,51.28,49.78,49.64
21242,82.08,61.77,51.31,49.78,49.65
21243,82.09,61.8,51.32,49.79,49.65
21244,82.11,61.84,51.33,49.79,49.65
21245,82.13,61.87,51.34,49.79,49.65
21246,82.15,61.91,51.35,49.79,49.65
21247,82.16,61.94,51.37,49.79,49.65
21248,82.18,61.98,51.38,49.79,49.65
21249,82.2,62.01,51.39,49.79,49.65
21250,82.22,62.05,51.4,49.79,49.65
21251,82.23,62.08,51.41,49.8,49.65
21252,82.25,62.12,51.42,49.8,49.65
21253,82.27,62.15,51.43,49.8,49.65
21254,82.29,62.19,51.45,49.8,49.65
21255,82.3,62.22,51.46,49.8,49.65
21256,82.31,62.27,51.48,49.8,49.65
21257,82.3,62.33,51.5,49.8,49.66
21258,82.3,62.39,51.52,49.8,49.66
21259,82.3,62.45,51.55,49.8,49.66
21260,82.29,62.5,51.57,49.81,49.66
21261,82.29,62.56,51.59,49.81,49.66
21262,82.29,62.62,51.62,49.81,49.66
21263,82.29,62.68,51.64,49.81,49.66
21264,82.28,62.73,51.66,49.81,49.66
21265,82.28,62.79,51.69,49.81,49.66
21266,82.28,62.85,51.71,49.81,49.66
21267,82.27,62.91,51.73,49.81,49.66
21268,82.27,62.97,51.76,49.81,49.66
21269,82.27,63.01,51.78,49.82,49.66
21270,82.27,63.05,51.8,49.82,49.66
21271,82.26,63.08,51.83,49.82,49.66
21272,82.26,63.12,51.85,49.82,49.67
21273,82.26,63.15,51.87,49.82,49.67
21274,82.25,63.19,51.89,49.82,49.67
21275,82.25,63.22,51.92,49.82,49.67
21276,82.25,63.26,51.94,49.82,49.67
21277,82.24,63.29,51.96,49.83,49.67
21278,82.24,63.33,51.99,49.83,49.67
21279,82.24,63.36,52.01,49.83,49.67
21280,82.24,63.4,52.03,49.83,49.67
21281,82.23,63.43,52.06,49.83,49.67
21282,82.23,63.47,52.08,49.83,49.67
21283,82.23,63.51,52.1,49.83,49.67
21284,82.23,63.56,52.13,49.83,49.67
21285,82.24,63.61,52.15,49.83,49.67
21286,82.24,63.65,52.17,49.84,49.67
21287,82.24,63.7,52.2,49.84,49.67
21288,82.24,63.74,52.22,49.84,49.68
21289,82.24,63.79,52.24,49.84,49.68
21290,82.25,63.84,52.26,49.84,49.68
21291,82.25,63.88,52.29,49.84,49.68
21292,82.25,63.93,52.31,49.84,49.68
21293,82.25,63.98,52.33,49.84,49.68
21294,82.25,64.02,52.36,49.84,49.68
21295,82.26,64.07,52.38,49.85,49.68
21296,82.26,64.11,52.4,49.85,49.68
21297,82.26,64.14,52.43,49.85,49.68
21298,82.26,64.18,52.45,49.85,49.68
21299,82.26,64.21,52.47,49.85,49.68
21300,82.27,64.24,52.5,49.85,49.68
21301,82.27,64.28,52.52,49.85,49.68
21302,82.27,64.31,52.54,49.85,49.68
21303,82.27,64.35,52.57,49.86,49.69
21304,82.27,64.38,52.59,49.86,49.69
21305,82.28,64.42,52.61,49.86,49.69
21306,82.28,64.45,52.64,49.86,49.69
21307,82.28,64.49,52.66,49.86,49.69
21308,82.28,64.52,52.68,49.86,49.69
21309,82.28,64.53,52.7,49.86,49.69
21310,82.29,64.52,52.7,49.86,49.69
21311,82.29,64.51,52.71,49.86,49.69
21312,82.29,64.5,52.71,49.87,49.69
21313,82.29,64.49,52.72,49.87,49.69
21314,82.29,64.47,52.72,49.87,49.69
21315,82.29,64.46,52.73,49.87,49.69
21316,82.3,64.45,52.74,49.87,49.69
21317,82.3,64.44,52.74,49.87,49.69
21318,82.3,64.43,52.75,49.87,49.69
21319,82.3,64.42,52.75,49.87,49.7
21320,82.3,64.4,52.76,49.87,49.7
21321,82.31,64.39,52.76,49.88,49.7
21322,82.31,64.39,52.77,49.88,49.7
21323,82.31,64.41,52.78,49.88,49.7
21324,82.31,64.42,52.78,49.88,49.7
21325,82.31,64.44,52.79,49.88,49.7
21326,82.32,64.46,52.79,49.88,49.7
21327,82.32,64.48,52.8,49.88,49.7
21328,82.32,64.49,52.81,49.88,49.7
21329,82.32,64.51,52.81,49.89,49.7
21330,82.32,64.53,52.82,49.89,49.7
21331,82.33,64.55,52.82,49.89,49.7
21332,82.33,64.56,52.83,49.89,49.7
21333,82.33,64.58,52.83,49.89,49.7
21334,82.33,64.6,52.84,49.89,49.71
21335,82.33,64.61,52.85,49.89,49.71
21336,82.34,64.63,52.85,49.89,49.71
21337,82.34,64.65,52.86,49.89,49.71
21338,82.34,64.67,52.86,49.9,49.71
21339,82.34,64.68,52.87,49.9,49.71
21340,82.34,64.7,52.87,49.9,49.71
21341,82.34,64.72,52.88,49.9,49.71
21342,82.35,64.74,52.89,49.9,49.71
21343,82.35,64.75,52.89,49.9,49.71
21344,82.35,64.77,52.9,49.9,49.71
21345,82.35,64.79,52.9,49.9,49.71
21346,82.35,64.81,52.91,49.9,49.71
21347,82.36,64.82,52.92,49.91,49.71
21348,82.36,64.84,52.92,49.91,49.71
21349,82.36,64.87,52.95,49.91,49.72
21350,82.36,64.91,52.98,49.91,49.72
21351,82.36,64.95,53.02,49.91,49.72
21352,82.37,64.99,53.05,49.91,49.72
21353,82.37,65.03,53.08,49.91,49.72
21354,82.37,65.08,53.12,49.91,49.72
21355,82.37,65.12,53.15,49.92,49.72
21356,82.37,65.16,53.19,49.92,49.72
21357,82.38,65.2,53.22,49.92,49.72
21358,82.38,65.24,53.26,49.92,49.72
21359,82.38,65.28,53.29,49.92,49.72
21360,82.38,65.32,53.33,49.92,49.72
21361,82.38,65.36,53.36,49.92,49.72
21362,82.39,65.41,53.4,49.92,49.72
21363,82.41,65.48,53.43,49.92,49.72
21364,82.43,65.55,53.47,49.93,49.72
21365,82.44,65.62,53.5,49.93,49.73
21366,82.46,65.69,53.54,49.93,49.73
21367,82.48,65.76,53.57,49.93,49.73
21368,82.5,65.83,53.61,49.93,49.73
21369,82.51,65.9,53.64,49.93,49.73
21370,82.53,65.97,53.67,49.93,49.73
21371,82.55,66.03,53.71,49.94,49.73
21372,82.56,66.1,53.74,49.94,49.73
21373,82.58,66.17,53.78,49.94,49.73
21374,82.6,66.24,53.81,49.94,49.73
21375,82.62,66.31,53.85,49.94,49.73
21376,82.63,66.34,53.88,49.94,49.73
21377,82.65,66.37,53.91,49.94,49.73
21378,82.67,66.4,53.93,49.94,49.73
21379,82.69,66.43,53.96,49.95,49.73
21380,82.7,66.45,53.99,49.95,49.74
21381,82.72,66.48,54.02,49.95,49.74
21382,82.74,66.51,54.05,49.95,49.74
21383,82.76,66.54,54.08,49.95,49.74
21384,82.77,66.57,54.11,49.95,49.74
21385,82.79,66.6,54.14,49.95,49.74
21386,82.81,66.63,54.17,49.95,49.74
21387,82.82,66.66,54.2,49.96,49.74
21388,82.84,66.69,54.22,49.96,49.74
21389,82.81,66.7,54.23,49.96,49.74
21390,82.75,66.71,54.23,49.96,49.74
21391,82.7,66.72,54.23,49.96,49.74
21392,82.65,66.74,54.23,49.96,49.74
21393,82.6,66.75,54.23,49.96,49.74
21394,82.55,66.76,54.23,49.96,49.74
21395,82.49,66.77,54.23,49.97,49.74
21396,82.44,66.78,54.23,49.97,49.75
21397,82.39,66.79,54.23,49.97,49.75
21398,82.34,66.81,54.23,49.97,49.75
21399,82.28,66.82,54.23,49.97,49.75
21400,82.23,66.83,54.23,49.97,49.75
21401,82.18,66.84,54.23,49.97,49.75
21402,82.13,66.83,54.23,49.97,49.75
21403,82.08,66.79,54.21,49.98,49.75
21404,82.02,66.75,54.2,49.98,49.75
21405,81.97,66.71,54.19,49.98,49.75
21406,81.92,66.67,54.18,49.98,49.75
21407,81.87,66.63,54.17,49.98,49.75
21408,81.82,66.6,54.16,49.98,49.75
21409,81.76,66.56,54.14,49.98,49.75
21410,81.71,66.52,54.13,49.99,49.75
21411,81.66,66.48,54.12,49.99,49.76
21412,81.61,66.44,54.11,49.99,49.76
21413,81.56,66.4,54.1,49.99,49.76
21414,81.5,66.36,54.09,49.99,49.76
21415,81.46,66.33,54.08,49.99,49.76
21416,81.45,66.31,54.08,49.99,49.76
21417,81.44,66.29,54.09,49.99,49.76
21418,81.42,66.27,54.1,50.0,49.76
21419,81.41,66.26,54.1,50.0,49.76
21420,81.4,66.24,54.11,50.0,49.76
21421,81.39,66.22,54.11,50.0,49.76
21422,81.38,66.2,54.12,50.0,49.76
21423,81.37,66.18,54.12,50.0,49.76
21424,81.36,66.16,54.13,50.0,49.76
21425,81.34,66.15,54.14,50.0,49.76
21426,81.33,66.13,54.14,50.01,49.76
21427,81.32,66.11,54.15,50.01,49.77
21428,81.31,66.09,54.15,50.01,49.77
21429,81.29,66.07,54.14,50.01,49.77
21430,81.27,66.05,54.13,50.01,49.77
21431,81.26,66.04,54.12,50.01,49.77
21432,81.24,66.02,54.11,50.01,49.77
21433,81.22,66.0,54.1,50.01,49.77
21434,81.21,65.98,54.09,50.02,49.77
21435,81.19,65.96,54.07,50.02,49.77
21436,81.17,65.95,54.06,50.02,49.77
21437,81.15,65.93,54.05,50.02,49.77
21438,81.14,65.91,54.04,50.02,49.77
21439,81.12,65.89,54.03,50.02,49.77
21440,81.1,65.87,54.02,50.02,49.77
21441,81.08,65.85,54.0,50.03,49.77
21442,81.13,65.88,54.02,50.03,49.78
21443,81.22,65.93,54.06,50.03,49.78
21444,81.3,65.98,54.09,50.03,49.78
21445,81.39,66.03,54.13,50.03,49.78
21446,81.48,66.09,54.16,50.03,49.78
21447,81.56,66.14,54.19,50.03,49.78
21448,81.65,66.19,54.23,50.03,49.78
21449,81.74,66.24,54.26,50.04,49.78
21450,81.82,66.29,54.3,50.04,49.78
21451,81.91,66.35,54.33,50.04,49.78
21452,82.0,66.4,54.37,50.04,49.78
21453,82.08,66.45,54.4,50.04,49.78
21454,82.17,66.5,54.44,50.04,49.78
21455,82.22,66.54,54.46,50.04,49.78
21456,82.2,66.54,54.46,50.04,49.78
21457,82.18,66.54,54.46,50.05,49.79
21458,82.15,66.54,54.46,50.05,49.79
21459,82.13,66.54,54.46,50.05,49.79
21460,82.11,66.54,54.46,50.05,49.79
21461,82.08,66.54,54.46,50.05,49.79
21462,82.06,66.54,54.46,50.05,49.79
21463,82.04,66.54,54.46,50.05,49.79
21464,82.02,66.54,54.46,50.05,49.79
21465,81.99,66.54,54.46,50.06,49.79
21466,81.97,66.54,54.46,50.06,49.79
21467,81.95,66.54,54.46,50.06,49.79
21468,81.92,66.54,54.46,50.06,49.79
21469,81.97,66.6,54.5,50.06,49.79
21470,82.02,66.66,54.54,50.06,49.79
21471,82.06,66.71,54.58,50.06,49.79
21472,82.11,66.77,54.62,50.06,49.79
21473,82.16,66.83,54.66,50.07,49.8
21474,82.2,66.89,54.71,50.07,49.8
21475,82.25,66.94,54.75,50.07,49.8
21476,82.29,67.0,54.79,50.07,49.8
21477,82.34,67.06,54.83,50.07,49.8
21478,82.39,67.12,54.87,50.07,49.8
21479,82.43,67.18,54.91,50.07,49.8
21480,82.48,67.23,54.95,50.08,49.8
21481,82.53,67.29,54.99,50.08,49.8
21482,82.5,67.3,55.0,50.08,49.8
21483,82.44,67.28,54.99,50.08,49.8
21484,82.38,67.26,54.98,50.08,49.8
21485,82.32,67.24,54.98,50.08,49.8
21486,82.27,67.23,54.97,50.08,49.8
21487,82.21,67.21,54.97,50.08,49.8
21488,82.15,67.19,54.96,50.08,49.81
21489,82.09,67.17,54.96,50.08,49.81
21490,82.03,67.16,54.95,50.08,49.81
21491,81.98,67.14,54.94,50.08,49.81
21492,81.92,67.12,54.94,50.08,49.81
21493,81.86,67.1,54.93,50.08,49.81
21494,81.8,67.09,54.93,50.08,49.81
21495,81.74,67.08,54.93,50.08,49.81
21496,81.69,67.1,54.93,50.08,49.81
21497,81.63,67.12,54.94,50.08,49.81
21498,81.57,67.14,54.94,50.08,49.81
21499,81.51,67.15,54.95,50.08,49.81
21500,81.45,67.17,54.95,50.08,49.81
21501,81.4,67.19,54.96,50.08,49.81
21502,81.34,67.21,54.97,50.08,49.81
21503,81.28,67.22,54.97,50.08,49.81
21504,81.22,67.24,54.98,50.08,49.82
21505,81.17,67.26,54.98,50.08,49.82
21506,81.11,67.28,54.99,50.08,49.82
21507,81.05,67.29,55.0,50.08,49.82
21508,81.0,67.31,55.0,50.08,49.82
21509,81.0,67.29,55.01,50.08,49.82
21510,81.0,67.27,55.01,50.08,49.82
21511,81.0,67.25,55.02,50.08,49.82
21512,81.0,67.24,55.02,50.08,49.82
21513,81.0,67.22,55.03,50.08,49.82
21514,81.0,67.2,55.04,50.08,49.82
21515,81.0,67.18,55.04,50.08,49.82
21516,81.0,67.17,55.05,50.08,49.82
21517,81.0,67.15,55.05,50.08,49.82
21518,81.0,67.13,55.06,50.08,49.82
21519,81.0,67.11,55.06,50.08,49.83
21520,81.0,67.1,55.07,50.08,49.83
21521,81.0,67.08,55.08,50.08,49.83
21522,80.98,67.06,55.08,50.08,49.83
21523,80.95,67.04,55.08,50.08,49.83
21524,80.93,67.03,55.08,50.08,49.83
21525,80.9,67.01,55.08,50.08,49.83
21526,80.87,66.99,55.08,50.08,49.83
21527,80.85,66.98,55.08,50.08,49.83
21528,80.82,66.96,55.08,50.08,49.83
21529,80.8,66.94,55.08,50.08,49.83
21530,80.77,66.92,55.08,50.08,49.83
21531,80.74,66.91,55.08,50.08,49.83
21532,80.72,66.89,55.08,50.08,49.83
21533,80.69,66.87,55.08,50.08,49.83
21534,80.67,66.85,55.08,50.08,49.84
21535,80.64,66.87,55.09,50.08,49.84
21536,80.61,66.9,55.11,50.08,49.84
21537,80.59,66.93,55.14,50.08,49.84
21538,80.56,66.97,55.16,50.09,49.84
21539,80.54,67.0,55.18,50.09,49.84
21540,80.51,67.04,55.21,50.09,49.84
21541,80.48,67.07,55.23,50.1,49.84
21542,80.46,67.11,55.25,50.1,49.84
21543,80.43,67.14,55.27,50.1,49.84
21544,80.41,67.18,55.3,50.11,49.84
21545,80.38,67.21,55.32,50.11,49.84
21546,80.35,67.25,55.34,50.11,49.84
21547,80.33,67.28,55.37,50.12,49.84
21548,80.31,67.3,55.38,50.12,49.84
21549,80.3,67.29,55.38,50.12,49.84
21550,80.29,67.28,55.38,50.13,49.85
21551,80.29,67.27,55.38,50.13,49.85
21552,80.28,67.26,55.38,50.13,49.85
21553,80.28,67.25,55.38,50.14,49.85
21554,80.27,67.24,55.38,50.14,49.85
21555,80.27,67.22,55.38,50.14,49.85
21556,80.26,67.21,55.38,50.14,49.85
21557,80.25,67.2,55.38,50.15,49.85
21558,80.25,67.19,55.38,50.15,49.85
21559,80.24,67.18,55.38,50.15,49.85
21560,80.24,67.17,55.38,50.16,49.85
21561,80.23,67.15,55.38,50.16,49.85
21562,80.24,67.16,55.39,50.16,49.85
21563,80.24,67.17,55.4,50.17,49.85
21564,80.25,67.17,55.4,50.17,49.85
21565,80.25,67.18,55.41,50.17,49.86
21566,80.26,67.18,55.41,50.18,49.86
21567,80.27,67.19,55.42,50.18,49.86
21568,80.27,67.19,55.42,50.18,49.86
21569,80.28,67.2,55.43,50.19,49.86
21570,80.28,67.21,55.44,50.19,49.86
21571,80.29,67.21,55.44,50.19,49.86
21572,80.29,67.22,55.45,50.2,49.86
21573,80.3,67.22,55.45,50.2,49.86
21574,80.31,67.23,55.46,50.2,49.86
21575,80.31,67.24,55.47,50.2,49.86
21576,80.31,67.26,55.47,50.21,49.86
21577,80.31,67.28,55.48,50.21,49.86
21578,80.31,67.29,55.48,50.21,49.86
21579,80.31,67.31,55.49,50.22,49.86
21580,80.31,67.33,55.49,50.22,49.86
21581,80.31,67.35,55.5,50.22,49.87
21582,80.31,67.36,55.51,50.23,49.87
21583,80.31,67.38,55.51,50.23,49.87
21584,80.31,67.4,55.52,50.23,49.87
21585,80.31,67.42,55.52,50.24,49.87
21586,80.31,67.43,55.53,50.24,49.87
21587,80.31,67.45,55.53,50.24,49.87
21588,80.37,67.48,55.56,50.25,49.87
21589,80.52,67.54,55.63,50.25,49.87
21590,80.67,67.6,55.69,50.25,49.87
21591,80.82,67.66,55.75,50.26,49.87
21592,80.97,67.72,55.82,50.26,49.87
21593,81.12,67.77,55.88,50.26,49.87
21594,81.27,67.83,55.94,50.26,49.87
21595,81.42,67.89,56.01,50.27,49.87
21596,81.57,67.95,56.07,50.27,49.88
21597,81.72,68.0,56.14,50.27,49.88
21598,81.87,68.06,56.2,50.28,49.88
21599,82.02,68.12,56.26,50.28,49.88
21600,82.17,68.18,56.33,50.28,49.88
21601,82.31,68.23,56.39,50.29,49.88
21602,82.3,68.26,56.41,50.29,49.88
21603,82.3,68.28,56.43,50.29,49.88
21604,82.29,68.3,56.46,50.3,49.88
21605,82.28,68.33,56.48,50.3,49.88
21606,82.28,68.35,56.5,50.3,49.88
21607,82.27,68.37,56.53,50.31,49.88
21608,82.27,68.39,56.55,50.31,49.88
21609,82.26,68.42,56.57,50.31,49.88
21610,82.26,68.44,56.6,50.32,49.88
21611,82.25,68.46,56.62,50.32,49.89
21612,82.24,68.49,56.64,50.32,49.89
21613,82.24,68.51,56.66,50.32,49.89
21614,82.23,68.53,56.69,50.33,49.89
21615,82.22,68.57,56.7,50.33,49.89
21616,82.22,68.6,56.71,50.33,49.89
21617,82.21,68.64,56.71,50.34,49.89
21618,82.2,68.67,56.72,50.34,49.89
21619,82.19,68.71,56.73,50.34,49.89
21620,82.18,68.74,56.73,50.35,49.89
21621,82.17,68.77,56.74,50.35,49.89
21622,82.17,68.81,56.75,50.35,49.89
21623,82.16,68.84,56.76,50.36,49.89
21624,82.15,68.88,56.76,50.36,49.89
21625,82.14,68.91,56.77,50.36,49.89
21626,82.13,68.95,56.78,50.37,49.89
21627,82.12,68.98,56.78,50.37,49.9
21628,82.12,69.0,56.79,50.37,49.9
21629,82.11,69.0,56.8,50.38,49.9
21630,82.1,69.0,56.81,50.38,49.9
21631,82.09,69.0,56.81,50.38,49.9
21632,82.08,69.0,56.82,50.38,49.9
21633,82.08,69.0,56.83,50.39,49.9
21634,82.07,69.0,56.84,50.39,49.9
21635,82.06,69.0,56.84,50.39,49.9
21636,82.05,69.0,56.85,50.4,49.9
21637,82.04,69.0,56.86,50.4,49.9
21638,82.03,69.0,56.86,50.4,49.9
21639,82.03,69.0,56.87,50.41,49.9
21640,82.02,69.0,56.88,50.41,49.9
21641,82.01,69.0,56.89,50.41,49.9
21642,82.0,68.99,56.89,50.42,49.91
21643,81.99,68.99,56.9,50.42,49.91
21644,81.98,68.98,56.91,50.42,49.91
21645,81.98,68.98,56.92,50.43,49.91
21646,81.97,68.97,56.92,50.43,49.91
21647,81.96,68.96,56.93,50.43,49.91
21648,81.95,68.96,56.94,50.44,49.91
21649,81.94,68.95,56.94,50.44,49.91
21650,81.93,68.95,56.95,50.44,49.91
21651,81.93,68.94,56.96,50.44,49.91
21652,81.92,68.94,56.97,50.45,49.91
21653,81.91,68.93,56.97,50.45,49.91
21654,81.9,68.92,56.98,50.45,49.91
21655,81.89,68.92,56.99,50.46,49.91
21656,81.89,68.91,56.99,50.46,49.91
21657,81.88,68.91,57.0,50.46,49.91
21658,81.87,68.9,57.01,50.47,49.92
21659,81.86,68.89,57.02,50.47,49.92
21660,81.85,68.89,57.02,50.47,49.92
21661,81.84,68.88,57.03,50.48,49.92
21662,81.84,68.88,57.04,50.48,49.92
21663,81.83,68.87,57.05,50.48,49.92
21664,81.82,68.87,57.05,50.49,49.92
21665,81.81,68.86,57.06,50.49,49.92
21666,81.8,68.85,57.07,50.49,49.92
21667,81.79,68.85,57.07,50.5,49.92
21668,81.79,68.85,57.07,50.5,49.92
21669,81.78,68.86,57.07,50.5,49.92
21670,81.77,68.86,57.06,50.5,49.92
21671,81.76,68.87,57.06,50.51,49.92
21672,81.75,68.87,57.05,50.51,49.92
21673,81.74,68.88,57.04,50.51,49.93
21674,81.74,68.88,57.04,50.52,49.93
21675,81.73,68.89,57.03,50.52,49.93
21676,81.72,68.9,57.03,50.52,49.93
21677,81.71,68.9,57.02,50.53,49.93
21678,81.7,68.91,57.02,50.53,49.93
21679,81.7,68.91,57.01,50.53,49.93
21680,81.69,68.92,57.0,50.54,49.93
21681,81.68,68.93,57.01,50.54,49.93
21682,81.67,68.95,57.03,50.55,49.93
21683,81.66,68.96,57.05,50.55,49.93
21684,81.65,68.98,57.08,50.56,49.93
21685,81.65,69.0,57.1,50.56,49.93
21686,81.64,69.02,57.12,50.57,49.93
21687,81.63,69.03,57.15,50.58,49.93
21688,81.62,69.05,57.17,50.58,49.94
21689,81.61,69.07,57.19,50.59,49.94
21690,81.6,69.09,57.22,50.59,49.94
21691,81.6,69.1,57.24,50.6,49.94
21692,81.59,69.12,57.26,50.6,49.94
21693,81.58,69.14,57.29,50.61,49.94
21694,81.57,69.15,57.31,50.62,49.94
21695,81.56,69.16,57.32,50.62,49.94
21696,81.55,69.17,57.33,50.63,49.94
21697,81.55,69.17,57.34,50.63,49.94
21698,81.54,69.18,57.35,50.64,49.94
21699,81.53,69.18,57.37,50.64,49.94
21700,81.52,69.19,57.38,50.65,49.94
21701,81.51,69.19,57.39,50.66,49.94
21702,81.5,69.2,57.4,50.66,49.94
21703,81.5,69.21,57.41,50.67,49.94
21704,81.49,69.21,57.42,50.67,49.95
21705,81.48,69.22,57.44,50.68,49.95
21706,81.47,69.22,57.45,50.69,49.95
21707,81.46,69.23,57.46,50.69,49.95
21708,81.52,69.26,57.5,50.7,49.95
21709,81.6,69.3,57.55,50.71,49.95
21710,81.68,69.34,57.6,50.72,49.95
21711,81.77,69.38,57.66,50.74,49.95
21712,81.85,69.42,57.71,50.75,49.95
21713,81.93,69.46,57.76,50.76,49.95
21714,82.01,69.5,57.81,50.77,49.95
21715,82.09,69.54,57.86,50.78,49.95
21716,82.17,69.59,57.92,50.79,49.95
21717,82.25,69.63,57.97,50.81,49.95
21718,82.33,69.67,58.02,50.82,49.95
21719,82.41,69.71,58.07,50.83,49.96
21720,82.49,69.75,58.13,50.84,49.96
21721,82.54,69.78,58.16,50.85,49.96
21722,82.55,69.79,58.18,50.86,49.96
21723,82.55,69.81,58.2,50.87,49.96
21724,82.56,69.83,58.21,50.89,49.96
21725,82.56,69.85,58.23,50.9,49.96
21726,82.57,69.86,58.25,50.91,49.96
21727,82.58,69.88,58.27,50.92,49.96
21728,82.58,69.9,58.28,50.93,49.96
21729,82.59,69.92,58.3,50.94,49.96
21730,82.59,69.93,58.32,50.96,49.96
21731,82.6,69.95,58.34,50.97,49.96
21732,82.6,69.97,58.35,50.98,49.96
21733,82.61,69.99,58.37,50.99,49.96
21734,82.62,70.0,58.39,51.0,49.96
21735,82.62,70.03,58.44,51.01,49.97
21736,82.62,70.05,58.48,51.03,49.97
21737,82.62,70.07,58.53,51.04,49.97
21738,82.63,70.1,58.58,51.05,49.97
21739,82.63,70.12,58.62,51.06,49.97
21740,82.63,70.14,58.67,51.07,49.97
21741,82.64,70.17,58.72,51.08,49.97
21742,82.64,70.19,58.76,51.09,49.97
21743,82.64,70.21,58.81,51.11,49.97
21744,82.64,70.24,58.86,51.12,49.97
21745,82.65,70.26,58.9,51.13,49.97
21746,82.65,70.28,58.95,51.14,49.97
21747,82.65,70.3,58.99,51.15,49.97
21748,82.66,70.32,59.03,51.16,49.97
21749,82.66,70.34,59.05,51.18,49.97
21750,82.66,70.36,59.08,51.19,49.98
21751,82.67,70.37,59.11,51.2,49.98
21752,82.67,70.39,59.14,51.21,49.98
21753,82.67,70.41,59.17,51.22,49.98
21754,82.67,70.43,59.2,51.23,49.98
21755,82.68,70.44,59.23,51.24,49.98
21756,82.68,70.46,59.26,51.26,49.98
21757,82.68,70.48,59.29,51.27,49.98
21758,82.69,70.5,59.31,51.28,49.98
21759,82.69,70.51,59.34,51.29,49.98
21760,82.69,70.53,59.37,51.3,49.98
21761,82.69,70.54,59.38,51.31,49.98
21762,82.7,70.54,59.38,51.33,49.98
21763,82.7,70.54,59.38,51.34,49.98
21764,82.7,70.54,59.38,51.35,49.98
21765,82.71,70.54,59.38,51.36,49.98
21766,82.71,70.54,59.38,51.37,49.99
21767,82.71,70.54,59.38,51.38,49.99
21768,82.71,70.54,59.38,51.4,49.99
21769,82.72,70.54,59.38,51.41,49.99
21770,82.72,70.54,59.38,51.42,49.99
21771,82.72,70.54,59.38,51.43,49.99
21772,82.73,70.54,59.38,51.44,49.99
21773,82.73,70.54,59.38,51.45,49.99
21774,82.73,70.54,59.38,51.46,49.99
21775,82.73,70.54,59.38,51.48,49.99
21776,82.74,70.54,59.38,51.49,49.99
21777,82.74,70.54,59.38,51.5,49.99
21778,82.74,70.54,59.38,51.51,49.99
21779,82.75,70.54,59.38,51.52,49.99
21780,82.75,70.54,59.38,51.53,49.99
21781,82.75,70.54,59.38,51.55,50.0
21782,82.75,70.54,59.38,51.56,50.0
21783,82.76,70.54,59.38,51.57,50.0
21784,82.76,70.54,59.38,51.58,50.0
21785,82.76,70.54,59.38,51.59,50.0
21786,82.77,70.54,59.38,51.6,50.0
21787,82.77,70.54,59.38,51.62,50.0
21788,82.77,70.55,59.39,51.63,50.0
21789,82.77,70.56,59.4,51.65,50.0
21790,82.78,70.57,59.4,51.67,50.0
21791,82.78,70.58,59.41,51.68,50.0
21792,82.78,70.6,59.41,51.7,50.0
21793,82.79,70.61,59.42,51.72,50.0
21794,82.79,70.62,59.43,51.74,50.0
21795,82.79,70.63,59.43,51.75,50.0
21796,82.8,70.64,59.44,51.77,50.01
21797,82.8,70.65,59.44,51.79,50.01
21798,82.8,70.67,59.45,51.81,50.01
21799,82.8,70.68,59.45,51.82,50.01
21800,82.81,70.69,59.46,51.84,50.01
21801,82.81,70.72,59.5,51.86,50.01
21802,82.81,70.75,59.56,51.88,50.01
21803,82.82,70.79,59.62,51.89,50.01
21804,82.82,70.82,59.68,51.91,50.01
21805,82.82,70.86,59.73,51.93,50.01
21806,82.82,70.89,59.79,51.95,50.01
21807,82.83,70.92,59.85,51.96,50.01
21808,82.83,70.96,59.91,51.98,50.01
21809,82.83,70.99,59.96,52.0,50.01
21810,82.84,71.03,60.02,52.01,50.01
21811,82.84,71.06,60.08,52.03,50.01
21812,82.84,71.1,60.14,52.05,50.02
21813,82.84,71.13,60.2,52.07,50.02
21814,82.85,71.16,60.24,52.08,50.02
21815,82.85,71.18,60.27,52.08,50.02
21816,82.85,71.2,60.3,52.08,50.02
21817,82.85,71.21,60.33,52.08,50.02
21818,82.85,71.23,60.36,52.08,50.02
21819,82.85,71.25,60.39,52.08,50.02
21820,82.85,71.27,60.42,52.08,50.02
21821,82.85,71.28,60.44,52.08,50.02
21822,82.85,71.3,60.47,52.08,50.02
21823,82.85,71.32,60.5,52.08,50.02
21824,82.85,71.33,60.53,52.08,50.02
21825,82.85,71.35,60.56,52.08,50.02
21826,82.85,71.37,60.59,52.08,50.02
21827,82.85,71.39,60.62,52.08,50.03
21828,82.86,71.43,60.65,52.12,50.03
21829,82.87,71.47,60.68,52.15,50.03
21830,82.88,71.51,60.71,52.18,50.03
21831,82.89,71.55,60.73,52.22,50.03
21832,82.91,71.59,60.76,52.25,50.03
21833,82.92,71.63,60.79,52.29,50.03
21834,82.93,71.67,60.82,52.32,50.03
21835,82.94,71.71,60.85,52.36,50.03
21836,82.95,71.75,60.88,52.39,50.03
21837,82.96,71.79,60.91,52.43,50.03
21838,82.97,71.83,60.94,52.46,50.03
21839,82.99,71.88,60.97,52.5,50.03
21840,83.0,71.92,60.99,52.53,50.03
21841,83.01,71.93,61.01,52.55,50.03
21842,83.02,71.94,61.02,52.56,50.03
21843,83.03,71.96,61.03,52.57,50.04
21844,83.04,71.97,61.04,52.58,50.04
21845,83.06,71.98,61.06,52.59,50.04
21846,83.07,71.99,61.07,52.61,50.04
21847,83.08,72.0,61.08,52.62,50.04
21848,83.09,72.01,61.09,52.63,50.04
21849,83.1,72.03,61.1,52.64,50.04
21850,83.11,72.04,61.11,52.65,50.04
21851,83.13,72.05,61.13,52.66,50.04
21852,83.14,72.06,61.14,52.68,50.04
21853,83.15,72.07,61.15,52.69,50.04
21854,83.16,72.09,61.17,52.7,50.04
21855,83.17,72.11,61.19,52.73,50.04
21856,83.18,72.14,61.21,52.75,50.04
21857,83.18,72.16,61.24,52.77,50.04
21858,83.19,72.18,61.26,52.8,50.05
21859,83.2,72.2,61.28,52.82,50.05
21860,83.21,72.23,61.3,52.84,50.05
21861,83.22,72.25,61.33,52.87,50.05
21862,83.23,72.27,61.35,52.89,50.05
21863,83.24,72.3,61.37,52.91,50.05
21864,83.25,72.32,61.4,52.94,50.05
21865,83.25,72.34,61.42,52.96,50.05
21866,83.26,72.37,61.44,52.98,50.05
21867,83.27,72.39,61.47,53.01,50.05
21868,83.28,72.43,61.52,53.03,50.05
21869,83.29,72.46,61.56,53.05,50.05
21870,83.3,72.5,61.61,53.07,50.05
21871,83.31,72.53,61.66,53.1,50.05
21872,83.31,72.57,61.7,53.12,50.05
21873,83.32,72.6,61.75,53.14,50.06
21874,83.33,72.64,61.8,53.17,50.06
21875,83.34,72.67,61.84,53.19,50.06
21876,83.35,72.71,61.89,53.21,50.06
21877,83.36,72.74,61.94,53.24,50.06
21878,83.37,72.77,61.98,53.26,50.06
21879,83.38,72.81,62.03,53.28,50.06
21880,83.38,72.84,62.07,53.31,50.06
21881,83.39,72.87,62.1,53.33,50.06
21882,83.4,72.89,62.12,53.35,50.06
21883,83.41,72.91,62.14,53.38,50.06
21884,83.42,72.94,62.17,53.4,50.06
21885,83.43,72.96,62.19,53.42,50.06
21886,83.44,72.98,62.21,53.45,50.06
21887,83.44,73.01,62.24,53.47,50.06
21888,83.45,73.03,62.26,53.49,50.06
21889,83.46,73.05,62.28,53.51,50.07
21890,83.47,73.08,62.31,53.54,50.07
21891,83.48,73.1,62.33,53.56,50.07
21892,83.49,73.12,62.35,53.58,50.07
21893,83.5,73.15,62.38,53.61,50.07
21894,83.51,73.17,62.41,53.63,50.07
21895,83.51,73.2,62.45,53.64,50.07
21896,83.52,73.23,62.49,53.66,50.07
21897,83.53,73.26,62.53,53.68,50.07
21898,83.54,73.29,62.57,53.7,50.07
21899,83.55,73.32,62.61,53.71,50.07
21900,83.56,73.35,62.65,53.73,50.07
21901,83.57,73.38,62.69,53.75,50.07
21902,83.58,73.4,62.73,53.77,50.07
21903,83.58,73.43,62.78,53.78,50.07
21904,83.59,73.46,62.82,53.8,50.08
21905,83.6,73.49,62.86,53.82,50.08
21906,83.61,73.52,62.9,53.83,50.08
21907,83.62,73.54,62.93,53.85,50.08
21908,83.62,73.55,62.93,53.87,50.08
21909,83.62,73.57,62.94,53.89,50.09
21910,83.62,73.58,62.94,53.9,50.09
21911,83.62,73.59,62.95,53.92,50.09
21912,83.62,73.6,62.95,53.94,50.1
21913,83.62,73.61,62.96,53.96,50.1
21914,83.62,73.62,62.97,53.97,50.1
21915,83.62,73.64,62.97,53.99,50.11
21916,83.62,73.65,62.98,54.01,50.11
21917,83.62,73.66,62.98,54.03,50.11
21918,83.62,73.67,62.99,54.04,50.12
21919,83.62,73.68,62.99,54.06,50.12
21920,83.62,73.69,63.0,54.08,50.12
21921,83.62,73.73,63.04,54.1,50.13
21922,83.62,73.76,63.08,54.11,50.13
21923,83.62,73.8,63.12,54.13,50.13
21924,83.62,73.83,63.16,54.15,50.14
21925,83.62,73.87,63.2,54.16,50.14
21926,83.62,73.9,63.25,54.18,50.14
21927,83.62,73.94,63.29,54.2,50.15
21928,83.62,73.97,63.33,54.22,50.15
21929,83.62,74.01,63.37,54.23,50.15
21930,83.62,74.04,63.41,54.25,50.16
21931,83.62,74.08,63.45,54.27,50.16
21932,83.62,74.11,63.49,54.29,50.16
21933,83.62,74.15,63.53,54.3,50.17
21934,83.62,74.15,63.53,54.32,50.17
21935,83.62,74.15,63.53,54.34,50.18
21936,83.62,74.15,63.52,54.36,50.18
21937,83.62,74.15,63.52,54.37,50.18
21938,83.62,74.15,63.51,54.39,50.19
21939,83.62,74.15,63.51,54.41,50.19
21940,83.62,74.15,63.5,54.43,50.19
21941,83.62,74.15,63.49,54.44,50.2
21942,83.62,74.15,63.49,54.46,50.2
21943,83.62,74.15,63.48,54.48,50.2
21944,83.62,74.15,63.48,54.49,50.21
21945,83.62,74.15,63.47,54.51,50.21
21946,83.62,74.15,63.46,54.53,50.21
21947,83.62,74.17,63.48,54.55,50.22
21948,83.62,74.2,63.53,54.57,50.22
21949,83.62,74.23,63.58,54.6,50.22
21950,83.62,74.25,63.62,54.62,50.23
21951,83.62,74.28,63.67,54.64,50.23
21952,83.62,74.31,63.71,54.67,50.23
21953,83.62,74.34,63.76,54.69,50.24
21954,83.62,74.37,63.81,54.71,50.24
21955,83.62,74.4,63.85,54.73,50.24
21956,83.62,74.43,63.9,54.76,50.25
21957,83.62,74.46,63.95,54.78,50.25
21958,83.62,74.49,63.99,54.8,50.26
21959,83.62,74.51,64.04,54.83,50.26
21960,83.62,74.54,64.08,54.85,50.26
21961,83.62,74.55,64.08,54.86,50.27
21962,83.62,74.55,64.08,54.87,50.27
21963,83.62,74.56,64.08,54.88,50.27
21964,83.62,74.56,64.08,54.89,50.28
21965,83.62,74.57,64.08,54.91,50.28
21966,83.62,74.57,64.08,54.92,50.28
21967,83.62,74.58,64.08,54.93,50.29
21968,83.62,74.59,64.08,54.94,50.29
21969,83.62,74.59,64.08,54.95,50.29
21970,83.62,74.6,64.08,54.96,50.3
21971,83.62,74.6,64.08,54.98,50.3
21972,83.62,74.61,64.08,54.99,50.3
21973,83.62,74.61,64.08,55.0,50.31
21974,83.62,74.62,64.07,55.02,50.31
21975,83.62,74.63,64.06,55.04,50.31
21976,83.62,74.63,64.04,55.07,50.32
21977,83.62,74.64,64.03,55.09,50.32
21978,83.62,74.64,64.02,55.11,50.32
21979,83.62,74.65,64.01,55.14,50.33
21980,83.62,74.66,64.0,55.16,50.33
21981,83.62,74.66,63.99,55.18,50.34
21982,83.62,74.67,63.97,55.21,50.34
21983,83.62,74.67,63.96,55.23,50.34
21984,83.62,74.68,63.95,55.25,50.35
21985,83.62,74.68,63.94,55.28,50.35
21986,83.62,74.69,63.93,55.3,50.35
21987,83.62,74.7,63.94,55.31,50.36
21988,83.62,74.71,63.98,55.33,50.36
21989,83.62,74.72,64.01,55.34,50.36
21990,83.62,74.73,64.05,55.35,50.37
21991,83.62,74.75,64.08,55.36,50.37
21992,83.62,74.76,64.12,55.37,50.37
21993,83.62,74.77,64.15,55.38,50.38
21994,83.62,74.78,64.19,55.4,50.38
21995,83.62,74.79,64.22,55.41,50.38
21996,83.62,74.8,64.26,55.42,50.39
21997,83.62,74.81,64.29,55.43,50.39
21998,83.62,74.83,64.33,55.44,50.39
21999,83.62,74.84,64.36,55.45,50.4
22000,83.62,74.85,64.39,55.47,50.4
22001,83.62,74.86,64.4,55.48,50.4
22002,83.62,74.87,64.41,55.5,50.41
22003,83.62,74.88,64.42,55.52,50.41
22004,83.62,74.9,64.43,55.54,50.41
22005,83.62,74.91,64.45,55.55,50.42
22006,83.62,74.92,64.46,55.57,50.42
22007,83.62,74.93,64.47,55.59,50.43
22008,83.62,74.94,64.48,55.61,50.43
22009,83.62,74.95,64.49,55.62,50.43
22010,83.62,74.97,64.5,55.64,50.44
22011,83.62,74.98,64.52,55.66,50.44
22012,83.62,74.99,64.53,55.68,50.44
22013,83.62,75.0,64.54,55.69,50.45
22014,83.62,75.01,64.57,55.71,50.45
22015,83.62,75.01,64.6,55.73,50.45
22016,83.62,75.02,64.63,55.74,50.46
22017,83.62,75.02,64.65,55.76,50.46
22018,83.62,75.03,64.68,55.78,50.46
22019,83.62,75.03,64.71,55.8,50.47
22020,83.62,75.04,64.74,55.81,50.47
22021,83.62,75.05,64.77,55.83,50.47
22022,83.62,75.05,64.8,55.85,50.48
22023,83.62,75.06,64.83,55.87,50.48
22024,83.62,75.06,64.86,55.88,50.48
22025,83.62,75.07,64.89,55.9,50.49
22026,83.62,75.08,64.91,55.92,50.49
22027,83.62,75.07,64.92,55.92,50.49
22028,83.62,75.07,64.91,55.92,50.5
22029,83.62,75.06,64.91,55.92,50.5
22030,83.62,75.06,64.9,55.92,50.51
22031,83.62,75.05,64.9,55.92,50.51
22032,83.62,75.04,64.89,55.92,50.51
22033,83.62,75.04,64.88,55.92,50.52
22034,83.62,75.03,64.88,55.92,50.52
22035,83.62,75.03,64.87,55.92,50.52
22036,83.62,75.02,64.87,55.92,50.53
22037,83.62,75.01,64.86,55.92,50.53
22038,83.62,75.01,64.86,55.92,50.53
22039,83.62,75.0,64.85,55.92,50.54
22040,83.62,75.01,64.87,55.94,50.55
22041,83.62,75.02,64.92,55.97,50.56
22042,83.62,75.04,64.97,56.01,50.58
22043,83.62,75.06,65.02,56.04,50.6
22044,83.62,75.08,65.08,56.08,50.62
22045,83.62,75.09,65.13,56.11,50.63
22046,83.62,75.11,65.18,56.15,50.65
22047,83.62,75.13,65.23,56.18,50.67
22048,83.62,75.15,65.28,56.22,50.68
22049,83.62,75.16,65.34,56.25,50.7
22050,83.62,75.18,65.39,56.29,50.72
22051,83.62,75.2,65.44,56.32,50.74
22052,83.62,75.22,65.49,56.35,50.75
22053,83.62,75.23,65.54,56.38,50.77
22054,83.62,75.22,65.52,56.38,50.76
22055,83.62,75.22,65.5,56.38,50.76
22056,83.62,75.21,65.48,56.38,50.75
22057,83.62,75.21,65.47,56.38,50.75
22058,83.62,75.2,65.45,56.38,50.74
22059,83.62,75.2,65.43,56.38,50.73
22060,83.62,75.19,65.41,56.38,50.73
22061,83.62,75.18,65.4,56.38,50.72
22062,83.62,75.18,65.38,56.38,50.72
22063,83.62,75.17,65.36,56.38,50.71
22064,83.62,75.17,65.35,56.38,50.7
22065,83.62,75.16,65.33,56.38,50.7
22066,83.62,75.15,65.31,56.38,50.69
22067,83.62,75.16,65.31,56.4,50.7
22068,83.62,75.18,65.31,56.43,50.71
22069,83.62,75.19,65.31,56.45,50.73
22070,83.62,75.2,65.31,56.47,50.74
22071,83.62,75.21,65.31,56.5,50.75
22072,83.62,75.22,65.31,56.52,50.76
22073,83.62,75.23,65.31,56.54,50.77
22074,83.62,75.24,65.31,56.57,50.78
22075,83.62,75.26,65.31,56.59,50.79
22076,83.62,75.27,65.31,56.61,50.81
22077,83.62,75.28,65.31,56.64,50.82
22078,83.62,75.29,65.31,56.66,50.83
22079,83.62,75.3,65.31,56.68,50.84
22080,83.62,75.31,65.31,56.7,50.85
22081,83.62,75.33,65.32,56.7,50.85
22082,83.62,75.34,65.32,56.71,50.85
22083,83.62,75.35,65.33,56.71,50.85
22084,83.62,75.36,65.33,56.72,50.85
22085,83.62,75.37,65.34,56.72,50.85
22086,83.62,75.38,65.35,56.73,50.85
22087,83.62,75.4,65.35,56.74,50.85
22088,83.62,75.41,65.36,56.74,50.85
22089,83.62,75.42,65.36,56.75,50.85
22090,83.62,75.43,65.37,56.75,50.85
22091,83.62,75.44,65.37,56.76,50.85
22092,83.62,75.45,65.38,56.76,50.85
22093,83.62,75.47,65.4,56.78,50.85
22094,83.62,75.51,65.46,56.82,50.89
22095,83.62,75.54,65.53,56.86,50.92
22096,83.62,75.57,65.59,56.9,50.96
22097,83.62,75.61,65.66,56.94,50.99
22098,83.62,75.64,65.72,56.98,51.03
22099,83.62,75.68,65.78,57.02,51.06
22100,83.62,75.71,65.85,57.06,51.1
22101,83.62,75.75,65.91,57.1,51.13
22102,83.62,75.78,65.97,57.14,51.17
22103,83.62,75.82,66.04,57.18,51.2
22104,83.62,75.85,66.1,57.23,51.24
22105,83.62,75.89,66.16,57.27,51.27
22106,83.62,75.92,66.23,57.31,51.31
22107,83.63,75.94,66.26,57.32,51.32
22108,83.64,75.96,66.29,57.34,51.34
22109,83.65,75.97,66.32,57.36,51.36
22110,83.66,75.99,66.35,57.38,51.38
22111,83.67,76.01,66.37,57.39,51.39
22112,83.68,76.03,66.4,57.41,51.41
22113,83.7,76.04,66.43,57.43,51.43
22114,83.71,76.06,66.46,57.45,51.45
22115,83.72,76.08,66.49,57.46,51.46
22116,83.73,76.1,66.52,57.48,51.48
22117,83.74,76.11,66.55,57.5,51.5
22118,83.75,76.13,66.58,57.52,51.52
22119,83.77,76.15,66.61,57.53,51.53
22120,83.77,76.16,66.62,57.55,51.55
22121,83.77,76.17,66.64,57.57,51.57
22122,83.77,76.18,66.65,57.59,51.58
22123,83.76,76.19,66.66,57.61,51.6
22124,83.76,76.19,66.68,57.63,51.62
22125,83.76,76.2,66.69,57.65,51.64
22126,83.76,76.21,66.7,57.67,51.65
22127,83.76,76.22,66.72,57.69,51.67
22128,83.76,76.23,66.73,57.71,51.69
22129,83.76,76.24,66.74,57.73,51.71
22130,83.75,76.25,66.75,57.75,51.72
22131,83.75,76.26,66.77,57.77,51.74
22132,83.75,76.26,66.78,57.8,51.76
22133,83.75,76.27,66.79,57.82,51.77
22134,83.75,76.28,66.81,57.84,51.78
22135,83.75,76.29,66.82,57.86,51.79
22136,83.75,76.3,66.83,57.88,51.8
22137,83.74,76.31,66.85,57.9,51.81
22138,83.74,76.32,66.86,57.92,51.82
22139,83.74,76.32,66.87,57.94,51.83
22140,83.74,76.33,66.88,57.96,51.84
22141,83.74,76.34,66.9,57.98,51.85
22142,83.74,76.35,66.91,58.0,51.86
22143,83.73,76.36,66.92,58.02,51.87
22144,83.73,76.37,66.94,58.04,51.88
22145,83.73,76.38,66.95,58.06,51.89
22146,83.73,76.39,66.96,58.08,51.9
22147,83.73,76.39,66.98,58.1,51.91
22148,83.73,76.4,66.99,58.11,51.92
22149,83.73,76.41,67.0,58.13,51.93
22150,83.72,76.42,67.01,58.15,51.94
22151,83.72,76.43,67.03,58.17,51.95
22152,83.72,76.44,67.04,58.18,51.96
22153,83.72,76.45,67.05,58.2,51.97
22154,83.72,76.45,67.07,58.22,51.98
22155,83.72,76.46,67.08,58.23,51.99
22156,83.72,76.47,67.09,58.25,51.99
22157,83.71,76.48,67.11,58.27,52.0
22158,83.71,76.49,67.12,58.29,52.01
22159,83.71,76.5,67.13,58.3,52.02
22160,83.71,76.51,67.14,58.32,52.03
22161,83.71,76.52,67.16,58.34,52.04
22162,83.71,76.52,67.17,58.36,52.05
22163,83.71,76.53,67.18,58.37,52.06
22164,83.7,76.54,67.2,58.39,52.07
22165,83.7,76.55,67.21,58.41,52.08
22166,83.7,76.56,67.22,58.43,52.09
22167,83.7,76.57,67.24,58.44,52.1
22168,83.7,76.58,67.25,58.46,52.11
22169,83.7,76.58,67.26,58.48,52.12
22170,83.7,76.59,67.28,58.49,52.13
22171,83.69,76.6,67.29,58.51,52.14
22172,83.69,76.61,67.3,58.53,52.15
22173,83.69,76.62,67.31,58.54,52.15
22174,83.69,76.62,67.31,58.54,52.13
22175,83.69,76.62,67.31,58.54,52.11
22176,83.69,76.62,67.31,58.54,52.09
22177,83.69,76.62,67.31,58.54,52.08
22178,83.68,76.62,67.31,58.54,52.06
22179,83.68,76.62,67.31,58.54,52.04
22180,83.68,76.62,67.31,58.54,52.02
22181,83.68,76.62,67.31,58.54,52.01
22182,83.68,76.62,67.31,58.54,51.99
22183,83.68,76.62,67.31,58.54,51.97
22184,83.68,76.62,67.31,58.54,51.95
22185,83.67,76.62,67.31,58.54,51.94
22186,83.67,76.61,67.31,58.54,51.92
22187,83.67,76.61,67.32,58.55,51.93
22188,83.67,76.6,67.33,58.56,51.94
22189,83.67,76.6,67.34,58.58,51.94
22190,83.67,76.59,67.36,58.59,51.95
22191,83.67,76.59,67.37,58.6,51.95
22192,83.66,76.58,67.38,58.61,51.96
22193,83.66,76.57,67.39,58.62,51.96
22194,83.66,76.57,67.4,58.63,51.97
22195,83.66,76.56,67.41,58.64,51.98
22196,83.66,76.56,67.43,58.66,51.98
22197,83.66,76.55,67.44,58.67,51.99
22198,83.66,76.54,67.45,58.68,51.99
22199,83.65,76.54,67.46,58.69,52.0
22200,83.65,76.55,67.47,58.69,51.99
22201,83.65,76.56,67.48,58.69,51.98
22202,83.65,76.57,67.5,58.69,51.97
22203,83.65,76.58,67.51,58.69,51.95
22204,83.65,76.6,67.52,58.69,51.94
22205,83.65,76.61,67.53,58.69,51.93
22206,83.64,76.62,67.54,58.69,51.92
22207,83.64,76.63,67.55,58.69,51.91
22208,83.64,76.64,67.56,58.69,51.9
22209,83.64,76.65,67.58,58.69,51.89
22210,83.64,76.66,67.59,58.69,51.87
22211,83.64,76.68,67.6,58.69,51.86
22212,83.64,76.69,67.61,58.69,51.85
22213,83.63,76.7,67.64,58.71,51.87
22214,83.63,76.72,67.67,58.75,51.9
22215,83.63,76.74,67.71,58.78,51.94
22216,83.63,76.76,67.74,58.82,51.97
22217,83.63,76.77,67.78,58.85,52.01
22218,83.63,76.79,67.81,58.89,52.04
22219,83.63,76.81,67.85,58.92,52.08
22220,83.62,76.82,67.88,58.96,52.11
22221,83.62,76.84,67.91,58.99,52.15
22222,83.62,76.86,67.95,59.03,52.18
22223,83.62,76.88,67.98,59.06,52.21
22224,83.62,76.89,68.02,59.1,52.25
22225,83.62,76.91,68.05,59.13,52.28
22226,83.62,76.93,68.09,59.16,52.31
22227,83.62,76.95,68.12,59.16,52.32
22228,83.63,76.96,68.14,59.17,52.32
22229,83.63,76.98,68.17,59.17,52.33
22230,83.64,77.0,68.2,59.18,52.33
22231,83.65,77.02,68.23,59.18,52.34
22232,83.65,77.03,68.26,59.19,52.34
22233,83.66,77.05,68.29,59.2,52.35
22234,83.66,77.07,68.32,59.2,52.36
22235,83.67,77.08,68.35,59.21,52.36
22236,83.68,77.1,68.38,59.21,52.37
22237,83.68,77.12,68.4,59.22,52.37
22238,83.69,77.14,68.43,59.23,52.38
22239,83.69,77.15,68.46,59.23,52.39
22240,83.69,77.17,68.46,59.26,52.4
22241,83.7,77.18,68.45,59.29,52.42
22242,83.7,77.19,68.44,59.32,52.44
22243,83.7,77.2,68.44,59.35,52.45
22244,83.7,77.21,68.43,59.38,52.47
22245,83.7,77.22,68.43,59.41,52.49
22246,83.7,77.24,68.42,59.43,52.51
22247,83.7,77.25,68.42,59.46,52.52
22248,83.71,77.26,68.41,59.49,52.54
22249,83.71,77.27,68.4,59.52,52.56
22250,83.71,77.28,68.4,59.55,52.58
22251,83.71,77.29,68.39,59.58,52.59
22252,83.71,77.3,68.39,59.61,52.61
22253,83.71,77.32,68.42,59.64,52.65
22254,83.71,77.35,68.48,59.67,52.7
22255,83.72,77.37,68.53,59.69,52.74
22256,83.72,77.39,68.58,59.72,52.79
22257,83.72,77.42,68.63,59.75,52.83
22258,83.72,77.44,68.68,59.78,52.88
22259,83.72,77.46,68.74,59.81,52.93
22260,83.72,77.49,68.79,59.84,52.97
22261,83.73,77.51,68.84,59.87,53.02
22262,83.73,77.53,68.89,59.9,53.07
22263,83.73,77.56,68.94,59.93,53.11
22264,83.73,77.58,69.0,59.96,53.16
22265,83.73,77.6,69.05,59.98,53.21
22266,83.73,77.63,69.08,60.01,53.24
22267,83.73,77.65,69.1,60.03,53.26
22268,83.74,77.67,69.12,60.04,53.27
22269,83.74,77.7,69.14,60.06,53.29
22270,83.74,77.72,69.15,60.08,53.31
22271,83.74,77.74,69.17,60.09,53.33
22272,83.74,77.76,69.19,60.11,53.34
22273,83.74,77.79,69.21,60.13,53.36
22274,83.74,77.81,69.22,60.15,53.38
22275,83.75,77.83,69.24,60.16,53.39
22276,83.75,77.86,69.26,60.18,53.41
22277,83.75,77.88,69.28,60.2,53.43
22278,83.75,77.9,69.29,60.22,53.45
22279,83.75,77.93,69.31,60.24,53.47
22280,83.75,77.94,69.35,60.26,53.49
22281,83.76,77.96,69.38,60.29,53.51
22282,83.76,77.98,69.42,60.32,53.53
22283,83.76,78.0,69.45,60.35,53.56
22284,83.76,78.01,69.49,60.38,53.58
22285,83.76,78.03,69.52,60.41,53.6
22286,83.76,78.05,69.56,60.44,53.63
22287,83.76,78.06,69.59,60.47,53.65
22288,83.77,78.08,69.63,60.5,53.67
22289,83.77,78.1,69.66,60.52,53.7
22290,83.77,78.12,69.69,60.55,53.72
22291,83.77,78.13,69.73,60.58,53.74
22292,83.77,78.15,69.76,60.61,53.77
22293,83.77,78.16,69.77,60.62,53.76
22294,83.77,78.16,69.77,60.63,53.76
22295,83.78,78.17,69.77,60.63,53.75
22296,83.78,78.18,69.77,60.64,53.75
22297,83.78,78.18,69.77,60.64,53.74
22298,83.78,78.19,69.77,60.65,53.74
22299,83.78,78.19,69.77,60.66,53.73
22300,83.78,78.2,69.77,60.66,53.72
22301,83.78,78.21,69.77,60.67,53.72
22302,83.79,78.21,69.77,60.67,53.71
22303,83.79,78.22,69.77,60.68,53.71
22304,83.79,78.22,69.77,60.68,53.7
22305,83.79,78.23,69.77,60.69,53.69
22306,83.79,78.23,69.77,60.71,53.71
22307,83.79,78.23,69.77,60.73,53.73
22308,83.8,78.23,69.77,60.75,53.75
22309,83.8,78.23,69.77,60.77,53.77
22310,83.8,78.23,69.77,60.8,53.8
22311,83.8,78.23,69.77,60.82,53.82
22312,83.8,78.23,69.77,60.84,53.84
22313,83.8,78.23,69.77,60.87,53.87
22314,83.8,78.23,69.77,60.89,53.89
22315,83.81,78.23,69.77,60.91,53.91
22316,83.81,78.23,69.77,60.94,53.94
22317,83.81,78.23,69.77,60.96,53.96
22318,83.81,78.23,69.77,60.98,53.98
22319,83.81,78.23,69.77,61.0,54.0
22320,83.81,78.24,69.77,61.01,54.0
22321,83.81,78.25,69.77,61.02,54.0
22322,83.82,78.26,69.77,61.03,54.0
22323,83.82,78.26,69.77,61.04,54.0
22324,83.82,78.27,69.77,61.05,54.0
22325,83.82,78.28,69.77,61.06,54.0
22326,83.82,78.29,69.77,61.07,54.0
22327,83.82,78.29,69.77,61.08,54.0
22328,83.83,78.3,69.77,61.09,54.0
22329,83.83,78.31,69.77,61.1,54.0
22330,83.83,78.32,69.77,61.11,54.0
22331,83.83,78.33,69.77,61.12,54.0
22332,83.83,78.33,69.77,61.13,54.0
22333,83.83,78.34,69.77,61.14,54.0
22334,83.83,78.35,69.77,61.15,54.01
22335,83.84,78.36,69.77,61.16,54.01
22336,83.84,78.36,69.77,61.17,54.01
22337,83.84,78.37,69.77,61.18,54.01
22338,83.84,78.38,69.77,61.19,54.02
22339,83.84,78.39,69.77,61.2,54.02
22340,83.84,78.39,69.77,61.21,54.02
22341,83.84,78.4,69.77,61.21,54.03
22342,83.85,78.41,69.77,61.22,54.03
22343,83.85,78.42,69.77,61.23,54.03
22344,83.85,78.43,69.77,61.24,54.03
22345,83.85,78.43,69.77,61.25,54.04
22346,83.85,78.44,69.78,61.26,54.04
22347,83.85,78.45,69.8,61.27,54.04
22348,83.86,78.46,69.82,61.28,54.05
22349,83.86,78.46,69.83,61.29,54.05
22350,83.86,78.47,69.85,61.3,54.05
22351,83.86,78.48,69.87,61.31,54.05
22352,83.86,78.49,69.89,61.32,54.06
22353,83.86,78.5,69.9,61.33,54.06
22354,83.86,78.5,69.92,61.34,54.06
22355,83.87,78.51,69.94,61.35,54.07
22356,83.87,78.52,69.95,61.36,54.07
22357,83.87,78.53,69.97,61.37,54.07
22358,83.87,78.53,69.99,61.38,54.08
22359,83.87,78.55,70.02,61.4,54.09
22360,83.87,78.56,70.06,61.43,54.13
22361,83.87,78.58,70.1,61.45,54.17
22362,83.88,78.6,70.14,61.48,54.21
22363,83.88,78.61,70.18,61.51,54.25
22364,83.88,78.63,70.22,61.54,54.3
22365,83.88,78.65,70.26,61.57,54.34
22366,83.88,78.67,70.3,61.6,54.38
22367,83.88,78.68,70.34,61.63,54.42
22368,83.88,78.7,70.38,61.66,54.46
22369,83.89,78.72,70.42,61.69,54.5
22370,83.89,78.74,70.46,61.71,54.54
22371,83.89,78.75,70.5,61.74,54.58
22372,83.89,78.77,70.54,61.77,54.62
22373,83.89,78.8,70.6,61.82,54.67
22374,83.89,78.83,70.66,61.87,54.72
22375,83.9,78.86,70.72,61.91,54.78
22376,83.9,78.89,70.78,61.96,54.83
22377,83.9,78.92,70.83,62.01,54.88
22378,83.9,78.95,70.89,62.05,54.93
22379,83.9,78.97,70.95,62.1,54.99
22380,83.9,79.0,71.01,62.14,55.04
22381,83.9,79.03,71.07,62.19,55.09
22382,83.91,79.06,71.12,62.24,55.14
22383,83.91,79.09,71.18,62.28,55.19
22384,83.91,79.12,71.24,62.33,55.25
22385,83.91,79.15,71.3,62.38,55.3
22386,83.91,79.17,71.34,62.4,55.32
22387,83.91,79.2,71.37,62.43,55.34
22388,83.91,79.22,71.41,62.45,55.36
22389,83.92,79.24,71.44,62.47,55.37
22390,83.92,79.27,71.47,62.5,55.39
22391,83.92,79.29,71.51,62.52,55.41
22392,83.92,79.31,71.54,62.54,55.43
22393,83.92,79.33,71.58,62.57,55.44
22394,83.92,79.36,71.61,62.59,55.46
22395,83.93,79.38,71.65,62.61,55.48
22396,83.93,79.4,71.68,62.63,55.5
22397,83.93,79.43,71.72,62.66,55.51
22398,83.93,79.45,71.75,62.68,55.53
22399,83.93,79.48,71.79,62.72,55.57
22400,83.93,79.51,71.82,62.77,55.62
22401,83.93,79.55,71.86,62.82,55.67
22402,83.94,79.58,71.89,62.88,55.72
22403,83.94,79.62,71.93,62.93,55.77
22404,83.94,79.65,71.96,62.98,55.83
22405,83.94,79.69,72.0,63.03,55.88
22406,83.94,79.72,72.03,63.08,55.93
22407,83.94,79.76,72.06,63.14,55.98
22408,83.94,79.79,72.1,63.19,56.03
22409,83.95,79.83,72.13,63.24,56.09
22410,83.95,79.86,72.17,63.29,56.14
22411,83.95,79.9,72.2,63.34,56.19
22412,83.95,79.92,72.23,63.39,56.23
22413,83.95,79.93,72.23,63.43,56.22
22414,83.95,79.94,72.23,63.47,56.21
22415,83.96,79.94,72.23,63.51,56.19
22416,83.96,79.95,72.23,63.54,56.18
22417,83.96,79.95,72.23,63.58,56.17
22418,83.96,79.96,72.23,63.62,56.16
22419,83.96,79.96,72.23,63.66,56.15
22420,83.96,79.97,72.23,63.69,56.14
22421,83.96,79.98,72.23,63.73,56.12
22422,83.97,79.98,72.23,63.77,56.11
22423,83.97,79.99,72.23,63.81,56.1
22424,83.97,79.99,72.23,63.84,56.09
22425,83.97,80.0,72.23,63.88,56.08
22426,83.97,80.03,72.3,63.92,56.14
22427,83.97,80.06,72.36,63.96,56.2
22428,83.97,80.1,72.43,63.99,56.26
22429,83.98,80.13,72.5,64.03,56.33
22430,83.98,80.16,72.57,64.07,56.39
22431,83.98,80.19,72.64,64.11,56.45
22432,83.98,80.23,72.71,64.15,56.52
22433,83.98,80.26,72.78,64.18,56.58
22434,83.98,80.29,72.85,64.22,56.65
22435,83.99,80.33,72.92,64.26,56.71
22436,83.99,80.36,72.99,64.3,56.77
22437,83.99,80.39,73.06,64.33,56.84
22438,83.99,80.42,73.13,64.37,56.9
22439,83.99,80.45,73.15,64.39,56.92
22440,83.99,80.48,73.15,64.4,56.91
22441,83.99,80.5,73.15,64.42,56.91
22442,84.0,80.53,73.15,64.43,56.9
22443,84.0,80.55,73.15,64.44,56.9
22444,84.0,80.58,73.15,64.45,56.89
22445,84.0,80.6,73.15,64.46,56.88
22446,84.0,80.63,73.15,64.47,56.88
22447,84.0,80.65,73.15,64.48,56.87
22448,84.0,80.68,73.15,64.5,56.87
22449,84.01,80.7,73.15,64.51,56.86
22450,84.01,80.73,73.15,64.52,56.86
22451,84.01,80.75,73.15,64.53,56.85
22452,84.01,80.78,73.17,64.55,56.86
22453,84.01,80.81,73.2,64.59,56.9
22454,84.01,80.84,73.24,64.62,56.94
22455,84.01,80.87,73.27,64.65,56.98
22456,84.02,80.89,73.3,64.69,57.02
22457,84.02,80.92,73.34,64.72,57.06
22458,84.02,80.95,73.37,64.76,57.1
22459,84.02,80.98,73.41,64.79,57.14
22460,84.02,81.01,73.44,64.83,57.18
22461,84.02,81.04,73.48,64.86,57.22
22462,84.03,81.07,73.51,64.9,57.27
22463,84.03,81.1,73.55,64.93,57.31
22464,84.03,81.13,73.58,64.97,57.35
22465,84.03,81.15,73.62,65.0,57.38
22466,84.03,81.17,73.65,65.04,57.38
22467,84.03,81.18,73.69,65.07,57.38
22468,84.03,81.19,73.72,65.11,57.38
22469,84.04,81.2,73.76,65.14,57.38
22470,84.04,81.21,73.79,65.18,57.38
22471,84.04,81.22,73.83,65.21,57.38
22472,84.04,81.24,73.86,65.24,57.38
22473,84.04,81.25,73.89,65.28,57.38
22474,84.04,81.26,73.93,65.31,57.38
22475,84.04,81.27,73.96,65.35,57.38
22476,84.05,81.28,74.0,65.38,57.38
22477,84.05,81.29,74.03,65.42,57.38
22478,84.05,81.3,74.07,65.45,57.38
22479,84.05,81.33,74.11,65.49,57.43
22480,84.05,81.37,74.15,65.53,57.5
22481,84.05,81.4,74.2,65.57,57.56
22482,84.06,81.44,74.24,65.61,57.62
22483,84.06,81.47,74.28,65.65,57.69
22484,84.06,81.51,74.33,65.69,57.75
22485,84.06,81.54,74.37,65.74,57.81
22486,84.06,81.58,74.41,65.78,57.88
22487,84.06,81.61,74.46,65.82,57.94
22488,84.06,81.65,74.5,65.86,58.01
22489,84.07,81.68,74.54,65.9,58.07
22490,84.07,81.72,74.59,65.94,58.13
22491,84.07,81.75,74.63,65.98,58.2
22492,84.07,81.78,74.67,66.02,58.25
22493,84.07,81.79,74.72,66.06,58.28
22494,84.07,81.81,74.76,66.1,58.32
22495,84.07,81.83,74.8,66.14,58.35
22496,84.08,81.85,74.85,66.18,58.39
22497,84.08,81.86,74.89,66.22,58.42
22498,84.08,81.88,74.93,66.26,58.46
22499,84.08,81.9,74.98,66.3,58.49
22500,84.08,81.92,75.02,66.34,58.52
22501,84.08,81.93,75.06,66.38,58.56
22502,84.09,81.95,75.11,66.42,58.59
22503,84.09,81.97,75.15,66.46,58.63
22504,84.09,81.99,75.19,66.51,58.66
22505,84.09,82.0,75.24,66.54,58.69
22506,84.09,82.02,75.27,66.58,58.69
22507,84.09,82.04,75.3,66.61,58.68
22508,84.09,82.06,75.33,66.65,58.67
22509,84.1,82.07,75.36,66.68,58.67
22510,84.1,82.09,75.4,66.72,58.66
22511,84.1,82.11,75.43,66.75,58.66
22512,84.1,82.12,75.46,66.79,58.65
22513,84.1,82.14,75.49,66.82,58.65
22514,84.1,82.16,75.52,66.86,58.64
22515,84.1,82.18,75.55,66.89,58.63
22516,84.11,82.19,75.59,66.93,58.63
22517,84.11,82.21,75.62,66.96,58.62
22518,84.11,82.23,75.65,67.0,58.62
22519,84.11,82.25,75.68,67.04,58.64
22520,84.11,82.26,75.71,67.08,58.67
22521,84.11,82.28,75.75,67.12,58.7
22522,84.11,82.3,75.78,67.16,58.73
22523,84.12,82.32,75.81,67.2,58.76
22524,84.12,82.33,75.84,67.24,58.79
22525,84.12,82.35,75.87,67.28,58.81
22526,84.12,82.37,75.9,67.32,58.84
22527,84.12,82.38,75.94,67.36,58.87
22528,84.12,82.4,75.97,67.4,58.9
22529,84.13,82.42,76.0,67.44,58.93
22530,84.13,82.44,76.03,67.48,58.96
22531,84.13,82.45,76.06,67.52,58.99
22532,84.13,82.46,76.1,67.56,58.99
22533,84.13,82.47,76.13,67.6,58.96
22534,84.13,82.48,76.17,67.64,58.94
22535,84.13,82.48,76.2,67.67,58.92
22536,84.14,82.49,76.24,67.71,58.89
22537,84.14,82.49,76.27,67.75,58.87
22538,84.14,82.5,76.31,67.79,58.85
22539,84.14,82.51,76.34,67.82,58.82
22540,84.14,82.51,76.38,67.86,58.8
22541,84.14,82.52,76.41,67.9,58.78
22542,84.14,82.52,76.44,67.94,58.75
22543,84.15,82.53,76.48,67.97,58.73
22544,84.15,82.53,76.51,68.01,58.71
22545,84.15,82.55,76.55,68.05,58.72
22546,84.15,82.57,76.58,68.09,58.83
22547,84.15,82.59,76.62,68.12,58.93
22548,84.15,82.61,76.65,68.16,59.04
22549,84.16,82.64,76.69,68.2,59.14
22550,84.16,82.66,76.72,68.24,59.24
22551,84.16,82.68,76.76,68.28,59.35
22552,84.16,82.71,76.79,68.31,59.45
22553,84.16,82.73,76.83,68.35,59.56
22554,84.16,82.75,76.86,68.39,59.66
22555,84.16,82.78,76.9,68.43,59.76
22556,84.17,82.8,76.93,68.46,59.87
22557,84.17,82.82,76.97,68.5,59.97
22558,84.17,82.85,77.0,68.54,60.08
22559,84.17,82.86,77.0,68.54,60.07
22560,84.17,82.87,77.0,68.54,60.07
22561,84.17,82.88,77.0,68.54,60.06
22562,84.17,82.89,77.0,68.54,60.05
22563,84.18,82.9,77.0,68.54,60.05
22564,84.18,82.92,77.0,68.54,60.04
22565,84.18,82.93,77.0,68.54,60.04
22566,84.18,82.94,77.0,68.54,60.03
22567,84.18,82.95,77.0,68.54,60.02
22568,84.18,82.96,77.0,68.54,60.02
22569,84.19,82.97,77.0,68.54,60.01
22570,84.19,82.99,77.0,68.54,60.01
22571,84.19,83.0,77.0,68.54,60.0
22572,84.19,83.01,77.05,68.59,60.05
22573,84.19,83.02,77.12,68.66,60.12
22574,84.19,83.04,77.19,68.73,60.19
22575,84.19,83.05,77.26,68.8,60.26
22576,84.2,83.07,77.33,68.87,60.33
22577,84.2,83.08,77.4,68.93,60.4
22578,84.2,83.1,77.47,69.0,60.47
22579,84.2,83.11,77.54,69.07,60.54
22580,84.2,83.13,77.6,69.14,60.6
22581,84.2,83.14,77.67,69.21,60.67
22582,84.2,83.15,77.74,69.28,60.74
22583,84.21,83.17,77.81,69.35,60.81
22584,84.21,83.18,77.88,69.42,60.88
22585,84.21,83.2,77.93,69.47,60.9
22586,84.21,83.21,77.94,69.49,60.85
22587,84.21,83.23,77.95,69.51,60.8
22588,84.21,83.24,77.96,69.53,60.75
22589,84.22,83.26,77.97,69.55,60.69
22590,84.22,83.27,77.99,69.57,60.64
22591,84.22,83.29,78.0,69.59,60.59
22592,84.22,83.3,78.01,69.61,60.54
22593,84.22,83.31,78.02,69.63,60.48
22594,84.22,83.33,78.03,69.65,60.43
22595,84.22,83.34,78.04,69.67,60.38
22596,84.23,83.36,78.06,69.69,60.33
22597,84.23,83.37,78.07,69.71,60.28
22598,84.23,83.39,78.08,69.73,60.24
22599,84.23,83.39,78.12,69.76,60.28
22600,84.23,83.4,78.15,69.79,60.32
22601,84.23,83.4,78.19,69.81,60.36
22602,84.23,83.41,78.22,69.84,60.4
22603,84.24,83.41,78.25,69.86,60.44
22604,84.24,83.42,78.29,69.89,60.48
22605,84.24,83.43,78.32,69.92,60.52
22606,84.24,83.43,78.36,69.94,60.56
22607,84.24,83.44,78.39,69.97,60.6
22608,84.24,83.44,78.43,69.99,60.64
22609,84.24,83.45,78.46,70.02,60.68
22610,84.25,83.45,78.5,70.05,60.72
22611,84.25,83.46,78.53,70.07,60.76
22612,84.25,83.47,78.55,70.09,60.64
22613,84.25,83.48,78.57,70.11,60.48
22614,84.25,83.49,78.59,70.13,60.33
22615,84.25,83.51,78.6,70.14,60.17
22616,84.26,83.52,78.62,70.16,60.01
22617,84.26,83.53,78.64,70.18,59.86
22618,84.26,83.54,78.66,70.2,59.7
22619,84.26,83.55,78.67,70.21,59.55
22620,84.26,83.56,78.69,70.23,59.39
22621,84.26,83.58,78.71,70.25,59.23
22622,84.26,83.59,78.73,70.26,59.08
22623,84.27,83.6,78.74,70.28,58.92
22624,84.27,83.61,78.76,70.3,58.76
22625,84.27,83.62,78.78,70.31,58.65
22626,84.27,83.62,78.79,70.33,58.58
22627,84.27,83.63,78.8,70.34,58.5
22628,84.27,83.64,78.81,70.35,58.43
22629,84.27,83.64,78.82,70.36,58.35
22630,84.28,83.65,78.83,70.37,58.28
22631,84.28,83.65,78.84,70.38,58.2
22632,84.28,83.66,78.86,70.39,58.13
22633,84.28,83.66,78.87,70.41,58.05
22634,84.28,83.67,78.88,70.42,57.97
22635,84.28,83.68,78.89,70.43,57.9
22636,84.29,83.68,78.9,70.44,57.82
22637,84.29,83.69,78.91,70.45,57.75
22638,84.29,83.69,78.93,70.47,57.7
22639,84.29,83.69,78.95,70.49,57.74
22640,84.29,83.68,78.98,70.51,57.78
22641,84.29,83.67,79.0,70.54,57.82
22642,84.29,83.67,79.02,70.56,57.86
22643,84.3,83.66,79.04,70.58,57.9
22644,84.3,83.66,79.07,70.61,57.95
22645,84.3,83.65,79.09,70.63,57.99
22646,84.3,83.64,79.11,70.65,58.03
22647,84.3,83.64,79.14,70.68,58.07
22648,84.3,83.63,79.16,70.7,58.11
22649,84.3,83.63,79.18,70.72,58.15
22650,84.31,83.62,79.21,70.74,58.19
22651,84.31,83.62,79.23,70.77,58.23
22652,84.31,83.62,79.23,70.77,58.16
22653,84.31,83.63,79.22,70.77,58.1
22654,84.31,83.63,79.21,70.77,58.03
22655,84.31,83.64,79.21,70.77,57.96
22656,84.32,83.64,79.2,70.77,57.89
22657,84.32,83.65,79.2,70.77,57.82
22658,84.32,83.66,79.19,70.77,57.75
22659,84.32,83.66,79.18,70.77,57.68
22660,84.32,83.67,79.18,70.77,57.61
22661,84.32,83.67,79.17,70.77,57.54
22662,84.32,83.68,79.17,70.77,57.47
22663,84.33,83.68,79.16,70.77,57.4
22664,84.33,83.69,79.16,70.77,57.33
22665,84.33,83.7,79.17,70.78,57.36
22666,84.33,83.7,79.19,70.8,57.43
22667,84.33,83.71,79.22,70.82,57.51
22668,84.33,83.71,79.24,70.83,57.58
22669,84.33,83.72,79.26,70.85,57.66
22670,84.34,83.73,79.28,70.87,57.73
22671,84.34,83.73,79.31,70.88,57.81
22672,84.34,83.74,79.33,70.9,57.88
22673,84.34,83.74,79.35,70.92,57.96
22674,84.34,83.75,79.38,70.94,58.03
22675,84.34,83.75,79.4,70.95,58.11
22676,84.34,83.76,79.42,70.97,58.18
22677,84.35,83.77,79.45,70.99,58.26
22678,84.35,83.77,79.46,71.0,58.28
22679,84.35,83.77,79.45,71.0,58.2
22680,84.35,83.77,79.43,71.0,58.13
22681,84.35,83.77,79.42,71.0,58.05
22682,84.35,83.77,79.41,71.0,57.98
22683,84.36,83.77,79.4,71.0,57.9
22684,84.36,83.77,79.39,71.0,57.83
22685,84.36,83.77,79.38,71.0,57.75
22686,84.36,83.77,79.36,71.0,57.68
22687,84.36,83.77,79.35,71.0,57.6
22688,84.36,83.77,79.34,71.0,57.53
22689,84.36,83.77,79.33,71.0,57.45
22690,84.37,83.77,79.32,71.0,57.38
22691,84.37,83.77,79.31,71.0,57.32
22692,84.37,83.77,79.32,71.01,57.42
22693,84.37,83.77,79.33,71.02,57.52
22694,84.37,83.77,79.33,71.04,57.63
22695,84.37,83.77,79.34,71.05,57.73
22696,84.37,83.77,79.35,71.06,57.84
22697,84.38,83.77,79.36,71.07,57.94
22698,84.38,83.77,79.37,71.08,58.04
22699,84.38,83.77,79.38,71.09,58.15
22700,84.38,83.77,79.39,71.11,58.25
22701,84.38,83.77,79.4,71.12,58.36
22702,84.38,83.77,79.4,71.13,58.46
22703,84.39,83.77,79.41,71.14,58.57
22704,84.39,83.77,79.42,71.15,58.67
22705,84.39,83.77,79.43,71.16,58.67
22706,84.39,83.77,79.44,71.17,58.63
22707,84.39,83.77,79.45,71.19,58.6
22708,84.39,83.77,79.46,71.2,58.56
22709,84.39,83.77,79.46,71.21,58.53
22710,84.4,83.77,79.47,71.22,58.49
22711,84.4,83.77,79.48,71.23,58.46
22712,84.4,83.77,79.49,71.24,58.42
22713,84.4,83.77,79.5,71.26,58.39
22714,84.4,83.77,79.51,71.27,58.35
22715,84.4,83.77,79.52,71.28,58.32
22716,84.4,83.77,79.53,71.29,58.28
22717,84.41,83.77,79.53,71.3,58.25
22718,84.41,83.77,79.56,71.32,58.32
22719,84.41,83.78,79.6,71.36,58.5
22720,84.41,83.78,79.64,71.39,58.68
22721,84.41,83.79,79.68,71.43,58.86
22722,84.41,83.8,79.72,71.46,59.04
22723,84.42,83.8,79.76,71.5,59.22
22724,84.42,83.81,79.8,71.53,59.39
22725,84.42,83.81,79.84,71.57,59.57
22726,84.42,83.82,79.88,71.6,59.75
22727,84.42,83.82,79.92,71.64,59.93
22728,84.42,83.83,79.96,71.67,60.11
22729,84.42,83.84,80.0,71.71,60.29
22730,84.43,83.84,80.04,71.74,60.47
22731,84.43,83.85,80.08,71.77,60.64
22732,84.43,83.85,80.13,71.8,60.78
22733,84.43,83.86,80.17,71.82,60.92
22734,84.43,83.86,80.21,71.84,61.06
22735,84.43,83.87,80.25,71.87,61.2
22736,84.43,83.88,80.29,71.89,61.34
22737,84.44,83.88,80.33,71.91,61.48
22738,84.44,83.89,80.37,71.94,61.61
22739,84.44,83.89,80.41,71.96,61.75
22740,84.44,83.9,80.45,71.98,61.89
22741,84.44,83.91,80.49,72.01,62.03
22742,84.44,83.91,80.53,72.03,62.17
22743,84.45,83.92,80.57,72.05,62.31
22744,84.45,83.92,80.61,72.07,62.45
22745,84.45,83.92,80.62,72.11,62.49
22746,84.45,83.92,80.63,72.14,62.52
22747,84.45,83.92,80.64,72.18,62.55
22748,84.45,83.92,80.65,72.21,62.57
22749,84.45,83.92,80.66,72.25,62.6
22750,84.46,83.92,80.67,72.28,62.63
22751,84.46,83.92,80.68,72.32,62.66
22752,84.46,83.92,80.68,72.35,62.69
22753,84.46,83.92,80.69,72.39,62.72
22754,84.46,83.92,80.7,72.42,62.75
22755,84.46,83.92,80.71,72.46,62.78
22756,84.46,83.92,80.72,72.49,62.81
22757,84.47,83.92,80.73,72.52,62.83
22758,84.47,83.92,80.74,72.55,62.84
22759,84.47,83.92,80.74,72.56,62.84
22760,84.47,83.92,80.75,72.57,62.83
22761,84.47,83.92,80.76,72.58,62.83
22762,84.47,83.92,80.77,72.59,62.82
22763,84.47,83.92,80.78,72.6,62.81
22764,84.48,83.92,80.79,72.61,62.81
22765,84.48,83.92,80.8,72.63,62.8
22766,84.48,83.92,80.81,72.64,62.8
22767,84.48,83.92,80.81,72.65,62.79
22768,84.48,83.92,80.82,72.66,62.78
22769,84.48,83.92,80.83,72.67,62.78
22770,84.49,83.92,80.84,72.68,62.77
22771,84.49,83.92,80.85,72.7,62.76
22772,84.49,83.92,80.88,72.72,62.74
22773,84.49,83.92,80.9,72.74,62.72
22774,84.49,83.92,80.92,72.76,62.69
22775,84.49,83.92,80.95,72.78,62.67
22776,84.49,83.92,80.97,72.79,62.65
22777,84.5,83.92,80.99,72.81,62.62
22778,84.5,83.92,81.02,72.83,62.6
22779,84.5,83.92,81.04,72.85,62.58
22780,84.5,83.92,81.06,72.87,62.55
22781,84.5,83.92,81.08,72.89,62.53
22782,84.5,83.92,81.11,72.91,62.51
22783,84.5,83.92,81.13,72.93,62.48
22784,84.51,83.92,81.15,72.95,62.46
22785,84.51,83.92,81.18,72.97,62.6
22786,84.51,83.92,81.2,72.99,62.73
22787,84.51,83.92,81.22,73.01,62.86
22788,84.51,83.92,81.25,73.03,63.0
22789,84.51,83.92,81.27,73.05,63.13
22790,84.52,83.92,81.29,73.06,63.26
22791,84.52,83.92,81.32,73.08,63.4
22792,84.52,83.92,81.34,73.1,63.53
22793,84.52,83.92,81.36,73.12,63.66
22794,84.52,83.92,81.39,73.14,63.8
22795,84.52,83.92,81.41,73.16,63.93
22796,84.52,83.92,81.43,73.18,64.06
22797,84.53,83.92,81.46,73.2,64.2
22798,84.53,83.92,81.46,73.22,64.2
22799,84.53,83.92,81.46,73.24,64.15
22800,84.53,83.92,81.46,73.26,64.1
22801,84.53,83.92,81.46,73.28,64.06
22802,84.53,83.92,81.46,73.3,64.01
22803,84.53,83.92,81.46,73.32,63.97
22804,84.54,83.92,81.46,73.33,63.92
22805,84.54,83.92,81.46,73.35,63.87
22806,84.54,83.92,81.46,73.37,63.83
22807,84.54,83.92,81.46,73.39,63.78
22808,84.54,83.92,81.46,73.41,63.73
22809,84.54,83.92,81.46,73.43,63.69
22810,84.55,83.92,81.46,73.45,63.64
22811,84.55,83.92,81.48,73.49,63.65
22812,84.55,83.92,81.51,73.54,63.74
22813,84.55,83.92,81.55,73.6,63.83
22814,84.55,83.92,81.58,73.66,63.91
22815,84.55,83.92,81.62,73.72,64.0
22816,84.55,83.92,81.65,73.78,64.09
22817,84.56,83.92,81.69,73.83,64.17
22818,84.56,83.92,81.72,73.89,64.26
22819,84.56,83.92,81.75,73.95,64.35
22820,84.56,83.92,81.79,74.01,64.43
22821,84.56,83.92,81.82,74.07,64.52
22822,84.56,83.92,81.86,74.12,64.61
22823,84.56,83.92,81.89,74.18,64.7
22824,84.57,83.92,81.92,74.23,64.75
22825,84.57,83.92,81.92,74.23,64.64
22826,84.57,83.92,81.92,74.23,64.52
22827,84.57,83.92,81.92,74.23,64.41
22828,84.57,83.92,81.92,74.23,64.29
22829,84.57,83.92,81.92,74.23,64.17
22830,84.57,83.92,81.92,74.23,64.06
22831,84.58,83.92,81.92,74.23,63.94
22832,84.58,83.92,81.92,74.23,63.83
22833,84.58,83.92,81.92,74.23,63.71
22834,84.58,83.92,81.92,74.23,63.6
22835,84.58,83.92,81.92,74.23,63.48
22836,84.58,83.92,81.92,74.23,63.36
22837,84.59,83.92,81.92,74.23,63.25
22838,84.59,83.93,81.92,74.23,63.22
22839,84.59,83.93,81.92,74.23,63.2
22840,84.59,83.94,81.92,74.23,63.18
22841,84.59,83.95,81.92,74.23,63.16
22842,84.59,83.95,81.92,74.23,63.15
22843,84.59,83.96,81.92,74.23,63.13
22844,84.6,83.96,81.92,74.23,63.11
22845,84.6,83.97,81.92,74.23,63.09
22846,84.6,83.97,81.92,74.23,63.08
22847,84.6,83.98,81.92,74.23,63.06
22848,84.6,83.99,81.92,74.23,63.04
22849,84.6,83.99,81.92,74.23,63.02
22850,84.6,84.0,81.92,74.23,63.01
22851,84.61,84.0,81.92,74.23,62.98
22852,84.61,84.0,81.92,74.23,62.95
22853,84.61,84.0,81.92,74.23,62.93
22854,84.61,84.0,81.92,74.23,62.9
22855,84.61,84.0,81.92,74.23,62.87
22856,84.61,84.0,81.92,74.23,62.84
22857,84.62,84.0,81.92,74.23,62.81
22858,84.62,84.0,81.92,74.23,62.78
22859,84.62,84.0,81.92,74.23,62.75
22860,84.62,84.0,81.92,74.23,62.72
22861,84.62,84.0,81.92,74.23,62.69
22862,84.62,84.0,81.92,74.23,62.67
22863,84.62,84.0,81.92,74.23,62.64
22864,84.63,84.0,81.93,74.24,62.63
22865,84.63,84.0,81.95,74.27,62.7
22866,84.63,84.0,81.96,74.3,62.76
22867,84.63,84.0,81.98,74.33,62.82
22868,84.63,84.0,82.0,74.37,62.89
22869,84.63,84.0,82.01,74.4,62.95
22870,84.63,84.0,82.03,74.43,63.01
22871,84.64,84.0,82.05,74.46,63.08
22872,84.64,84.0,82.07,74.49,63.14
22873,84.64,84.0,82.08,74.53,63.21
22874,84.64,84.0,82.1,74.56,63.27
22875,84.64,84.0,82.12,74.59,63.33
22876,84.64,84.0,82.14,74.62,63.4
22877,84.65,84.0,82.15,74.65,63.46
22878,84.65,83.99,82.17,74.68,63.62
22879,84.65,83.99,82.19,74.72,63.78
22880,84.65,83.98,82.21,74.75,63.94
22881,84.65,83.98,82.22,74.78,64.11
22882,84.65,83.97,82.24,74.81,64.27
22883,84.65,83.97,82.26,74.84,64.43
22884,84.66,83.96,82.27,74.88,64.59
22885,84.66,83.95,82.29,74.91,64.75
22886,84.66,83.95,82.31,74.94,64.92
22887,84.66,83.94,82.33,74.97,65.08
22888,84.66,83.94,82.34,75.0,65.24
22889,84.66,83.93,82.36,75.03,65.4
22890,84.66,83.92,82.38,75.07,65.56
22891,84.67,83.92,82.38,75.08,65.62
22892,84.67,83.92,82.38,75.09,65.62
22893,84.67,83.92,82.38,75.09,65.62
22894,84.67,83.92,82.38,75.1,65.62
22895,84.67,83.92,82.38,75.1,65.62
22896,84.67,83.92,82.38,75.11,65.62
22897,84.67,83.92,82.38,75.12,65.62
22898,84.68,83.92,82.38,75.12,65.62
22899,84.68,83.92,82.38,75.13,65.62
22900,84.68,83.92,82.38,75.13,65.62
22901,84.68,83.92,82.38,75.14,65.62
22902,84.68,83.92,82.38,75.14,65.62
22903,84.68,83.92,82.38,75.15,65.62
22904,84.69,83.92,82.4,75.19,65.68
22905,84.69,83.92,82.43,75.27,65.85
22906,84.69,83.92,82.47,75.35,66.02
22907,84.69,83.92,82.5,75.43,66.18
22908,84.69,83.92,82.54,75.51,66.35
22909,84.69,83.92,82.57,75.59,66.52
22910,84.69,83.92,82.61,75.67,66.69
22911,84.7,83.92,82.64,75.75,66.86
22912,84.7,83.92,82.68,75.83,67.02
22913,84.7,83.92,82.71,75.91,67.19
22914,84.7,83.92,82.75,76.0,67.36
22915,84.7,83.92,82.78,76.08,67.53
22916,84.7,83.92,82.81,76.16,67.69
22917,84.7,83.92,82.85,76.23,67.84
22918,84.71,83.92,82.85,76.23,67.83
22919,84.71,83.92,82.85,76.23,67.81
22920,84.71,83.92,82.85,76.23,67.79
22921,84.71,83.92,82.85,76.23,67.78
22922,84.71,83.92,82.85,76.23,67.76
22923,84.71,83.92,82.85,76.23,67.74
22924,84.72,83.92,82.85,76.23,67.72
22925,84.72,83.92,82.85,76.23,67.71
22926,84.72,83.92,82.85,76.23,67.69
22927,84.72,83.92,82.85,76.23,67.67
22928,84.72,83.92,82.85,76.23,67.65
22929,84.72,83.92,82.85,76.23,67.64
22930,84.72,83.92,82.85,76.23,67.62
22931,84.73,83.92,82.85,76.28,67.67
22932,84.73,83.92,82.86,76.34,67.74
22933,84.73,83.92,82.86,76.39,67.81
22934,84.73,83.92,82.87,76.45,67.88
22935,84.73,83.92,82.87,76.51,67.95
22936,84.73,83.92,82.88,76.57,68.02
22937,84.73,83.92,82.89,76.62,68.09
22938,84.74,83.92,82.89,76.68,68.16
22939,84.74,83.92,82.9,76.74,68.23
22940,84.74,83.92,82.9,76.8,68.3
22941,84.74,83.92,82.91,76.86,68.37
22942,84.74,83.92,82.91,76.91,68.43
22943,84.74,83.92,82.92,76.97,68.5
22944,84.75,83.92,82.93,77.0,68.51
22945,84.75,83.92,82.93,77.0,68.47
22946,84.75,83.92,82.94,77.0,68.42
22947,84.75,83.92,82.94,77.0,68.38
22948,84.75,83.92,82.95,77.0,68.33
22949,84.75,83.92,82.95,77.0,68.28
22950,84.75,83.92,82.96,77.0,68.24
22951,84.76,83.92,82.97,77.0,68.19
22952,84.76,83.92,82.97,77.0,68.14
22953,84.76,83.92,82.98,77.0,68.1
22954,84.76,83.92,82.98,77.0,68.05
22955,84.76,83.92,82.99,77.0,68.01
22956,84.76,83.92,83.0,77.0,67.96
22957,84.76,83.92,83.0,77.0,67.93
22958,84.77,83.92,83.0,77.02,67.94
22959,84.77,83.92,83.0,77.04,67.95
22960,84.77,83.92,83.0,77.06,67.96
22961,84.77,83.92,83.0,77.07,67.97
22962,84.77,83.92,83.0,77.09,67.98
22963,84.77,83.92,83.0,77.11,68.0
22964,84.78,83.92,83.0,77.13,68.01
22965,84.78,83.92,83.0,77.14,68.02
22966,84.78,83.92,83.0,77.16,68.03
22967,84.78,83.92,83.0,77.18,68.04
22968,84.78,83.92,83.0,77.19,68.05
22969,84.78,83.92,83.0,77.21,68.06
22970,84.78,83.92,83.0,77.23,68.08
22971,84.79,83.92,83.0,77.25,68.04
22972,84.79,83.92,83.0,77.26,68.01
22973,84.79,83.92,83.0,77.28,67.98
22974,84.79,83.92,83.0,77.3,67.94
22975,84.79,83.92,83.0,77.32,67.91
22976,84.79,83.92,83.0,77.33,67.87
22977,84.79,83.92,83.0,77.35,67.84
22978,84.8,83.92,83.0,77.37,67.8
22979,84.8,83.92,83.0,77.39,67.77
22980,84.8,83.92,83.0,77.4,67.73
22981,84.8,83.92,83.0,77.42,67.7
22982,84.8,83.92,83.0,77.44,67.66
22983,84.8,83.92,83.0,77.46,67.63
22984,84.8,83.92,83.01,77.48,67.63
22985,84.81,83.92,83.02,77.51,67.66
22986,84.81,83.92,83.03,77.54,67.69
22987,84.81,83.92,83.04,77.57,67.72
22988,84.81,83.92,83.05,77.6,67.75
22989,84.81,83.92,83.07,77.62,67.78
22990,84.81,83.92,83.08,77.65,67.81
22991,84.82,83.92,83.09,77.68,67.84
22992,84.82,83.92,83.1,77.71,67.87
22993,84.82,83.92,83.11,77.74,67.89
22994,84.82,83.92,83.12,77.77,67.92
22995,84.82,83.92,83.13,77.8,67.95
22996,84.82,83.92,83.15,77.83,67.98
22997,84.82,83.92,83.16,77.86,68.06
22998,84.83,83.92,83.17,77.88,68.22
22999,84.83,83.92,83.18,77.91,68.39
23000,84.83,83.92,83.19,77.94,68.56
23001,84.83,83.92,83.2,77.97,68.73
23002,84.83,83.92,83.22,78.0,68.9
23003,84.83,83.92,83.23,78.03,69.06
23004,84.83,83.92,83.24,78.06,69.23
23005,84.84,83.92,83.25,78.09,69.4
23006,84.84,83.92,83.26,78.12,69.57
23007,84.84,83.92,83.27,78.15,69.73
23008,84.84,83.92,83.29,78.17,69.9
23009,84.84,83.92,83.3,78.2,70.07
23010,84.84,83.92,83.31,78.23,70.23
23011,84.85,83.92,83.31,78.27,70.23
23012,84.85,83.92,83.32,78.3,70.23
23013,84.85,83.92,83.33,78.34,70.23
23014,84.85,83.92,83.33,78.37,70.23
23015,84.85,83.92,83.34,78.41,70.23
23016,84.85,83.92,83.34,78.44,70.23
23017,84.85,83.92,83.35,78.48,70.23
23018,84.86,83.92,83.35,78.51,70.23
23019,84.86,83.92,83.36,78.54,70.23
23020,84.86,83.92,83.37,78.58,70.23
23021,84.86,83.92,83.37,78.61,70.23
23022,84.86,83.92,83.38,78.65,70.23
23023,84.86,83.92,83.38,78.68,70.23
23024,84.86,83.92,83.39,78.73,70.27
23025,84.87,83.92,83.39,78.77,70.32
23026,84.87,83.92,83.4,78.82,70.37
23027,84.87,83.92,83.41,78.87,70.43
23028,84.87,83.92,83.41,78.91,70.48
23029,84.87,83.92,83.42,78.96,70.53
23030,84.87,83.92,83.42,79.0,70.58
23031,84.88,83.92,83.43,79.05,70.63
23032,84.88,83.92,83.44,79.1,70.69
23033,84.88,83.92,83.44,79.14,70.74
23034,84.88,83.92,83.45,79.19,70.79
23035,84.88,83.92,83.45,79.24,70.84
23036,84.88,83.92,83.46,79.28,70.89
23037,84.88,83.92,83.46,79.31,70.89
23038,84.89,83.93,83.47,79.31,70.82
23039,84.89,83.93,83.48,79.31,70.75
23040,84.89,83.93,83.48,79.31,70.68
23041,84.89,83.94,83.49,79.31,70.61
23042,84.89,83.94,83.49,79.31,70.54
23043,84.89,83.94,83.5,79.31,70.47
23044,84.89,83.94,83.5,79.31,70.41
23045,84.9,83.95,83.51,79.31,70.34
23046,84.9,83.95,83.52,79.31,70.27
23047,84.9,83.95,83.52,79.31,70.2
23048,84.9,83.96,83.53,79.31,70.13
23049,84.9,83.96,83.53,79.31,70.06
23050,84.9,83.96,83.54,79.32,70.02
23051,84.9,83.96,83.55,79.38,70.16
23052,84.91,83.97,83.55,79.43,70.29
23053,84.91,83.97,83.56,79.49,70.42
23054,84.91,83.97,83.56,79.55,70.55
23055,84.91,83.98,83.57,79.61,70.69
23056,84.91,83.98,83.57,79.66,70.82
23057,84.91,83.98,83.58,79.72,70.95
23058,84.92,83.99,83.59,79.78,71.09
23059,84.92,83.99,83.59,79.84,71.22
23060,84.92,83.99,83.6,79.9,71.35
23061,84.92,83.99,83.6,79.95,71.49
23062,84.92,84.0,83.61,80.01,71.62
23063,84.92,84.0,83.61,80.07,71.75
23064,85.01,84.0,83.62,80.08,71.74
23065,85.1,84.01,83.62,80.09,71.7
23066,85.2,84.01,83.63,80.09,71.67
23067,85.29,84.01,83.63,80.1,71.63
23068,85.39,84.01,83.63,80.11,71.6
23069,85.48,84.02,83.64,80.11,71.57
23070,85.58,84.02,83.64,80.12,71.53
23071,85.67,84.02,83.65,80.12,71.5
23072,85.77,84.03,83.65,80.13,71.46
23073,85.87,84.03,83.65,80.13,71.43
23074,85.96,84.03,83.66,80.14,71.39
23075,86.06,84.03,83.66,80.15,71.36
23076,86.15,84.04,83.67,80.15,71.32
23077,86.25,84.04,83.67,80.19,71.41
23078,86.34,84.04,83.67,80.25,71.59
23079,86.44,84.05,83.68,80.32,71.77
23080,86.53,84.05,83.68,80.38,71.95
23081,86.63,84.05,83.68,80.45,72.13
23082,86.73,84.05,83.69,80.51,72.31
23083,86.82,84.06,83.69,80.57,72.49
23084,86.92,84.06,83.7,80.64,72.67
23085,87.01,84.06,83.7,80.7,72.85
23086,87.11,84.07,83.7,80.76,73.03
23087,87.2,84.07,83.71,80.83,73.21
23088,87.3,84.07,83.71,80.89,73.39
23089,87.39,84.07,83.72,80.95,73.56
23090,87.47,84.08,83.72,81.01,73.7
23091,87.52,84.08,83.72,81.02,73.74
23092,87.57,84.08,83.73,81.04,73.77
23093,87.61,84.08,83.73,81.06,73.81
23094,87.66,84.08,83.73,81.07,73.84
23095,87.71,84.08,83.74,81.09,73.88
23096,87.75,84.08,83.74,81.11,73.91
23097,87.8,84.08,83.75,81.13,73.95
23098,87.85,84.08,83.75,81.14,73.98
23099,87.89,84.08,83.75,81.16,74.01
23100,87.94,84.08,83.76,81.18,74.05
23101,87.98,84.08,83.76,81.2,74.08
23102,88.03,84.08,83.77,81.21,74.12
23103,88.08,84.08,83.77,81.23,74.15
23104,88.07,84.08,83.77,81.25,74.22
23105,88.06,84.08,83.77,81.27,74.29
23106,88.06,84.08,83.77,81.28,74.36
23107,88.05,84.08,83.77,81.3,74.43
23108,88.04,84.08,83.77,81.32,74.5
23109,88.04,84.08,83.77,81.33,74.57
23110,88.03,84.08,83.77,81.35,74.64
23111,88.02,84.08,83.77,81.37,74.71
23112,88.02,84.08,83.77,81.39,74.78
23113,88.01,84.08,83.77,81.4,74.85
23114,88.0,84.08,83.77,81.42,74.92
23115,88.0,84.08,83.77,81.44,74.99
23116,87.99,84.08,83.77,81.46,75.06
23117,87.98,84.08,83.77,81.48,75.13
23118,87.98,84.09,83.77,81.51,75.21
23119,87.97,84.09,83.77,81.54,75.29
23120,87.96,84.1,83.77,81.57,75.37
23121,87.96,84.1,83.77,81.6,75.45
23122,87.95,84.11,83.77,81.63,75.53
23123,87.94,84.12,83.77,81.66,75.61
23124,87.94,84.12,83.77,81.68,75.69
23125,87.93,84.13,83.77,81.71,75.77
23126,87.92,84.13,83.77,81.74,75.85
23127,87.92,84.14,83.77,81.77,75.94
23128,87.91,84.14,83.77,81.8,76.02
23129,87.91,84.15,83.77,81.83,76.1
23130,87.9,84.16,83.77,81.85,76.14
23131,87.89,84.16,83.77,81.87,76.13
23132,87.89,84.17,83.77,81.89,76.12
23133,87.88,84.17,83.77,81.92,76.11
23134,87.87,84.18,83.77,81.94,76.1
23135,87.87,84.19,83.77,81.96,76.08
23136,87.86,84.19,83.77,81.98,76.07
23137,87.85,84.2,83.77,82.0,76.06
23138,87.85,84.2,83.77,82.02,76.05
23139,87.84,84.21,83.77,82.04,76.04
23140,87.83,84.21,83.77,82.06,76.03
23141,87.83,84.22,83.77,82.08,76.02
23142,87.82,84.23,83.77,82.1,76.01
23143,87.81,84.23,83.77,82.12,76.02
23144,87.81,84.24,83.78,82.14,76.16
23145,87.8,84.26,83.78,82.16,76.29
23146,87.79,84.27,83.79,82.18,76.43
23147,87.79,84.28,83.79,82.2,76.57
23148,87.78,84.29,83.8,82.22,76.71
23149,87.77,84.3,83.8,82.24,76.85
23150,87.77,84.31,83.81,82.26,76.99
23151,87.76,84.32,83.82,82.28,77.13
23152,87.75,84.34,83.82,82.3,77.27
23153,87.75,84.35,83.83,82.32,77.41
23154,87.74,84.36,83.83,82.34,77.54
23155,87.73,84.37,83.84,82.36,77.68
23156,87.73,84.38,83.85,82.38,77.82
23157,87.72,84.39,83.85,82.39,77.79
23158,87.71,84.41,83.86,82.41,77.72
23159,87.71,84.42,83.86,82.42,77.65
23160,87.7,84.43,83.87,82.43,77.58
23161,87.69,84.44,83.87,82.44,77.51
23162,87.69,84.45,83.88,82.45,77.44
23163,87.68,84.46,83.89,82.46,77.37
23164,87.67,84.48,83.89,82.48,77.3
23165,87.67,84.49,83.9,82.49,77.23
23166,87.66,84.5,83.9,82.5,77.16
23167,87.65,84.51,83.91,82.51,77.09
23168,87.65,84.52,83.91,82.52,77.03
23169,87.64,84.53,83.92,82.53,76.96
23170,87.63,84.55,83.93,82.55,76.95
23171,87.63,84.58,83.93,82.57,77.01
23172,87.62,84.61,83.94,82.6,77.07
23173,87.61,84.64,83.94,82.62,77.13
23174,87.61,84.67,83.95,82.64,77.19
23175,87.6,84.7,83.96,82.67,77.25
23176,87.59,84.73,83.96,82.69,77.31
23177,87.59,84.76,83.97,82.71,77.37
23178,87.58,84.79,83.97,82.74,77.43
23179,87.57,84.81,83.98,82.76,77.49
23180,87.57,84.84,83.98,82.78,77.55
23181,87.56,84.87,83.99,82.81,77.61
23182,87.55,84.9,84.0,82.83,77.67
23183,87.55,84.92,84.0,82.86,77.73
23184,87.54,84.92,84.01,82.9,77.79
23185,87.53,84.92,84.01,82.94,77.85
23186,87.53,84.92,84.02,82.98,77.91
23187,87.52,84.92,84.02,83.02,77.97
23188,87.51,84.92,84.03,83.06,78.03
23189,87.51,84.92,84.04,83.1,78.09
23190,87.5,84.92,84.04,83.14,78.15
23191,87.49,84.92,84.05,83.18,78.21
23192,87.49,84.92,84.05,83.22,78.27
23193,87.48,84.92,84.06,83.26,78.33
23194,87.48,84.92,84.07,83.3,78.39
23195,87.47,84.92,84.07,83.34,78.45
23196,87.46,84.92,84.08,83.38,78.51
23197,87.52,84.93,84.08,83.42,78.57
23198,87.59,84.93,84.09,83.46,78.63
23199,87.65,84.94,84.09,83.5,78.69
23200,87.72,84.95,84.1,83.54,78.75
23201,87.79,84.95,84.11,83.58,78.81
23202,87.85,84.96,84.11,83.63,78.87
23203,87.92,84.96,84.12,83.67,78.93
23204,87.98,84.97,84.12,83.71,78.99
23205,88.05,84.97,84.13,83.75,79.05
23206,88.11,84.98,84.13,83.79,79.11
23207,88.18,84.99,84.14,83.83,79.17
23208,88.24,84.99,84.15,83.87,79.23
23209,88.31,85.0,84.15,83.91,79.29
23210,88.38,85.0,84.16,83.94,79.33
23211,88.44,85.0,84.16,83.97,79.37
23212,88.51,85.0,84.17,84.0,79.4
23213,88.57,85.0,84.17,84.03,79.43
23214,88.64,85.0,84.18,84.06,79.47
23215,88.7,85.0,84.19,84.09,79.5
23216,88.77,85.0,84.19,84.12,79.54
23217,88.84,85.0,84.2,84.14,79.57
23218,88.9,85.0,84.2,84.17,79.61
23219,88.97,85.0,84.21,84.2,79.64
23220,89.03,85.0,84.22,84.23,79.68
23221,89.1,85.0,84.22,84.26,79.71
23222,89.16,85.0,84.23,84.29,79.75
23223,89.23,85.0,84.23,84.32,79.78
23224,89.29,85.01,84.24,84.35,79.82
23225,89.36,85.02,84.24,84.38,79.85
23226,89.43,85.02,84.25,84.4,79.89
23227,89.49,85.03,84.26,84.43,79.92
23228,89.56,85.03,84.26,84.46,79.96
23229,89.62,85.04,84.27,84.49,79.99
23230,89.69,85.05,84.27,84.52,80.02
23231,89.75,85.05,84.28,84.55,80.06
23232,89.82,85.06,84.28,84.58,80.09
23233,89.88,85.07,84.29,84.61,80.13
23234,89.95,85.07,84.3,84.64,80.16
23235,90.02,85.08,84.3,84.67,80.2
23236,90.08,85.09,84.31,84.69,80.23
23237,90.08,85.09,84.31,84.72,80.2
23238,90.08,85.1,84.32,84.74,80.18
23239,90.08,85.11,84.33,84.76,80.15
23240,90.08,85.11,84.33,84.79,80.13
23241,90.08,85.12,84.34,84.81,80.1
23242,90.08,85.12,84.34,84.83,80.07
23243,90.08,85.13,84.35,84.86,80.05
23244,90.08,85.14,84.35,84.88,80.02
23245,90.08,85.14,84.36,84.9,80.0
23246,90.08,85.15,84.37,84.93,79.97
23247,90.08,85.16,84.37,84.95,79.94
23248,90.08,85.16,84.38,84.97,79.92
23249,90.08,85.17,84.38,84.99,79.89
23250,90.08,85.18,84.39,85.02,79.87
23251,90.07,85.18,84.39,85.04,79.84
23252,90.07,85.19,84.4,85.06,79.82
23253,90.07,85.2,84.41,85.09,79.79
23254,90.07,85.2,84.41,85.11,79.76
23255,90.06,85.21,84.42,85.13,79.74
23256,90.06,85.21,84.42,85.16,79.71
23257,90.06,85.22,84.43,85.18,79.69
23258,90.06,85.23,84.44,85.2,79.66
23259,90.05,85.23,84.44,85.23,79.63
23260,90.05,85.24,84.45,85.25,79.61
23261,90.05,85.25,84.45,85.27,79.58
23262,90.05,85.25,84.46,85.3,79.56
23263,90.04,85.26,84.46,85.32,79.53
23264,90.04,85.27,84.47,85.33,79.5
23265,90.04,85.27,84.48,85.35,79.48
23266,90.04,85.28,84.48,85.37,79.45
23267,90.03,85.29,84.49,85.39,79.43
23268,90.03,85.29,84.49,85.4,79.4
23269,90.03,85.3,84.5,85.42,79.38
23270,90.03,85.3,84.5,85.44,79.35
23271,90.02,85.31,84.51,85.45,79.32
23272,90.02,85.32,84.52,85.47,79.3
23273,90.02,85.32,84.52,85.49,79.27
23274,90.02,85.33,84.53,85.51,79.25
23275,90.01,85.34,84.53,85.52,79.22
23276,90.01,85.34,84.54,85.54,79.19
23277,90.01,85.35,84.55,85.55,79.17
23278,90.01,85.36,84.55,85.55,79.14
23279,90.0,85.36,84.56,85.56,79.12
23280,90.0,85.37,84.56,85.56,79.09
23281,90.0,85.38,84.57,85.57,79.07
23282,90.0,85.38,84.57,85.57,79.04
23283,89.99,85.39,84.58,85.58,79.01
23284,89.99,85.39,84.59,85.59,78.99
23285,89.99,85.4,84.59,85.59,78.96
23286,89.99,85.41,84.6,85.6,78.94
23287,89.98,85.41,84.6,85.6,78.91
23288,89.98,85.42,84.61,85.61,78.88
23289,89.98,85.43,84.61,85.61,78.86
23290,89.98,85.43,84.62,85.62,78.83
23291,89.97,85.44,84.63,85.62,78.81
23292,89.97,85.45,84.63,85.62,78.78
23293,89.97,85.45,84.64,85.62,78.76
23294,89.97,85.46,84.64,85.62,78.73
23295,89.96,85.47,84.65,85.62,78.7
23296,89.96,85.47,84.66,85.62,78.68
23297,89.96,85.48,84.66,85.62,78.65
23298,89.96,85.48,84.67,85.62,78.63
23299,89.95,85.49,84.67,85.62,78.6
23300,89.95,85.5,84.68,85.62,78.57
23301,89.95,85.5,84.68,85.62,78.55
23302,89.95,85.51,84.69,85.62,78.52
23303,89.94,85.52,84.7,85.61,78.5
23304,89.94,85.52,84.7,85.6,78.47
23305,89.94,85.53,84.71,85.59,78.44
23306,89.94,85.54,84.71,85.57,78.42
23307,89.93,85.54,84.72,85.56,78.39
23308,89.93,85.55,84.72,85.55,78.37
23309,89.93,85.56,84.73,85.54,78.34
23310,89.93,85.56,84.74,85.53,78.32
23311,89.92,85.57,84.74,85.52,78.29
23312,89.92,85.57,84.75,85.5,78.26
23313,89.92,85.58,84.75,85.49,78.24
23314,89.92,85.59,84.76,85.48,78.21
23315,89.91,85.59,84.77,85.47,78.19
23316,89.91,85.6,84.77,85.46,78.16
23317,89.91,85.61,84.78,85.47,78.13
23318,89.91,85.61,84.78,85.47,78.11
23319,89.9,85.62,84.79,85.48,78.08
23320,89.9,85.63,84.79,85.49,78.06
23321,89.9,85.63,84.8,85.49,78.03
23322,89.9,85.64,84.81,85.5,78.01
23323,89.89,85.65,84.81,85.5,77.98
23324,89.89,85.65,84.82,85.51,77.95
23325,89.89,85.66,84.82,85.52,77.93
23326,89.89,85.66,84.83,85.52,77.9
23327,89.88,85.67,84.83,85.53,77.88
23328,89.88,85.68,84.84,85.53,77.85
23329,89.88,85.68,84.85,85.54,77.82
23330,89.88,85.69,84.85,85.54,77.8
23331,89.87,85.7,84.86,85.54,77.77
23332,89.87,85.7,84.86,85.54,77.75
23333,89.87,85.71,84.87,85.54,77.72
23334,89.87,85.72,84.88,85.54,77.69
23335,89.86,85.72,84.88,85.54,77.67
23336,89.86,85.73,84.89,85.54,77.64
23337,89.86,85.74,84.89,85.54,77.62
23338,89.86,85.74,84.9,85.54,77.59
23339,89.85,85.75,84.9,85.54,77.57
23340,89.85,85.75,84.91,85.54,77.54
23341,89.85,85.76,84.92,85.54,77.51
23342,89.85,85.77,84.92,85.54,77.49
23343,89.85,85.77,84.93,85.54,77.46
23344,89.86,85.78,84.93,85.55,77.44
23345,89.86,85.78,84.94,85.55,77.41
23346,89.87,85.78,84.94,85.56,77.38
23347,89.87,85.79,84.95,85.57,77.36
23348,89.88,85.79,84.96,85.57,77.33
23349,89.89,85.79,84.96,85.58,77.31
23350,89.89,85.8,84.97,85.58,77.28
23351,89.9,85.8,84.97,85.59,77.26
23352,89.9,85.8,84.98,85.59,77.23
23353,89.91,85.81,84.99,85.6,77.2
23354,89.91,85.81,84.99,85.61,77.18
23355,89.92,85.82,85.0,85.61,77.15
23356,89.92,85.82,85.0,85.63,77.13
23357,89.91,85.82,85.01,85.65,77.1
23358,89.91,85.83,85.01,85.67,77.07
23359,89.9,85.83,85.02,85.69,77.05
23360,89.9,85.83,85.03,85.72,77.02
23361,89.89,85.84,85.03,85.74,77.0
23362,89.89,85.84,85.04,85.76,76.97
23363,89.88,85.84,85.04,85.79,76.94
23364,89.87,85.85,85.05,85.81,76.92
23365,89.87,85.85,85.05,85.83,76.89
23366,89.86,85.86,85.06,85.86,76.87
23367,89.86,85.86,85.07,85.88,76.84
23368,89.85,85.86,85.07,85.9,76.82
23369,89.85,85.87,85.08,85.92,76.79
23370,89.85,85.87,85.08,85.94,76.76
23371,89.85,85.87,85.09,85.95,76.74
23372,89.85,85.88,85.1,85.96,76.71
23373,89.85,85.88,85.1,85.97,76.69
23374,89.86,85.88,85.11,85.98,76.66
23375,89.86,85.89,85.11,85.99,76.63
23376,89.86,85.89,85.12,86.01,76.61
23377,89.86,85.89,85.12,86.02,76.58
23378,89.86,85.9,85.13,86.03,76.56
23379,89.87,85.9,85.14,86.04,76.53
23380,89.87,85.91,85.14,86.05,76.51
23381,89.87,85.91,85.15,86.06,76.48
23382,89.87,85.91,85.15,86.08,76.45
23383,89.87,85.92,85.16,86.09,76.43
23384,89.88,85.92,85.16,86.1,76.4
23385,89.88,85.92,85.17,86.11,76.38
23386,89.88,85.93,85.18,86.12,76.35
23387,89.88,85.93,85.18,86.13,76.32
23388,89.88,85.93,85.19,86.14,76.3
23389,89.88,85.94,85.19,86.16,76.27
23390,89.89,85.94,85.2,86.17,76.25
23391,89.89,85.95,85.21,86.18,76.22
23392,89.89,85.95,85.21,86.19,76.19
23393,89.89,85.95,85.22,86.2,76.17
23394,89.89,85.96,85.22,86.21,76.14
23395,89.9,85.96,85.23,86.23,76.12
23396,89.9,85.96,85.23,86.24,76.09
23397,89.9,85.97,85.24,86.27,76.07
23398,89.9,85.97,85.25,86.29,76.04
23399,89.9,85.97,85.25,86.31,76.01
23400,89.91,85.98,85.26,86.34,75.99
23401,89.91,85.98,85.26,86.36,75.96
23402,89.91,85.99,85.27,86.38,75.94
23403,89.91,85.99,85.27,86.41,75.91
23404,89.91,85.99,85.28,86.43,75.88
23405,89.92,86.0,85.29,86.45,75.86
23406,89.92,86.0,85.29,86.48,75.83
23407,89.92,86.0,85.3,86.5,75.81
23408,89.92,86.01,85.3,86.52,75.78
23409,89.92,86.01,85.31,86.54,75.76
23410,89.92,86.01,85.31,86.55,75.73
23411,89.92,86.02,85.32,86.56,75.7
23412,89.92,86.02,85.33,86.58,75.68
23413,89.92,86.03,85.33,86.59,75.65
23414,89.92,86.03,85.34,86.6,75.63
23415,89.92,86.03,85.34,86.61,75.6
23416,89.92,86.04,85.35,86.62,75.57
23417,89.92,86.04,85.36,86.63,75.55
23418,89.92,86.04,85.36,86.65,75.52
23419,89.92,86.05,85.37,86.66,75.5
23420,89.92,86.05,85.37,86.67,75.47
23421,89.92,86.05,85.38,86.68,75.44
23422,89.92,86.06,85.38,86.69,75.42
23423,89.92,86.06,85.39,86.69,75.39
23424,89.92,86.06,85.4,86.69,75.37
23425,89.92,86.07,85.4,86.69,75.34
23426,89.92,86.07,85.41,86.69,75.32
23427,89.92,86.08,85.41,86.69,75.29
23428,89.92,86.08,85.42,86.69,75.26
23429,89.92,86.08,85.42,86.69,75.24
23430,89.92,86.09,85.43,86.69,75.21
23431,89.92,86.09,85.44,86.69,75.19
23432,89.92,86.09,85.44,86.69,75.16
23433,89.92,86.1,85.45,86.69,75.13
23434,89.91,86.1,85.45,86.69,75.11
23435,89.91,86.1,85.46,86.69,75.08
23436,89.91,86.11,85.47,86.69,75.06
23437,89.91,86.11,85.47,86.69,75.03
23438,89.91,86.12,85.48,86.69,75.01
23439,89.91,86.12,85.48,86.69,74.98
23440,89.91,86.12,85.49,86.69,74.95
23441,89.91,86.13,85.49,86.69,74.93
23442,89.91,86.13,85.5,86.69,74.9
23443,89.91,86.13,85.51,86.69,74.88
23444,89.91,86.14,85.51,86.69,74.85
23445,89.91,86.14,85.52,86.69,74.82
23446,89.91,86.14,85.52,86.69,74.8
23447,89.91,86.15,85.53,86.69,74.77
23448,89.91,86.15,85.53,86.69,74.75
23449,89.91,86.16,85.54,86.69,74.72
23450,89.91,86.16,85.55,86.69,74.7
23451,89.91,86.16,85.55,86.69,74.67
23452,89.91,86.17,85.56,86.69,74.64
23453,89.91,86.17,85.56,86.69,74.62
23454,89.91,86.17,85.57,86.69,74.59
23455,89.91,86.18,85.58,86.69,74.57
23456,89.91,86.18,85.58,86.69,74.54
23457,89.91,86.18,85.59,86.69,74.51
23458,89.91,86.19,85.59,86.69,74.49
23459,89.91,86.19,85.6,86.69,74.46
23460,89.91,86.2,85.6,86.69,74.44
23461,89.91,86.2,85.61,86.69,74.41
23462,89.91,86.2,85.62,86.69,74.38
23463,89.91,86.21,85.62,86.69,74.36
23464,89.9,86.21,85.63,86.69,74.33
23465,89.9,86.21,85.63,86.69,74.31
23466,89.9,86.22,85.64,86.69,74.28
23467,89.9,86.22,85.64,86.69,74.26
23468,89.9,86.22,85.65,86.69,74.23
23469,89.9,86.23,85.66,86.69,74.2
23470,89.9,86.23,85.66,86.69,74.18
23471,89.9,86.23,85.67,86.69,74.15
23472,89.9,86.24,85.67,86.69,74.13
23473,89.9,86.24,85.68,86.69,74.1
23474,89.9,86.25,85.69,86.69,74.07
23475,89.9,86.25,85.69,86.69,74.05
23476,89.9,86.25,85.7,86.69,74.02
23477,89.9,86.26,85.7,86.69,74.0
23478,89.9,86.26,85.71,86.69,73.97
23479,89.9,86.26,85.71,86.69,73.95
23480,89.9,86.27,85.72,86.69,73.92
23481,89.9,86.27,85.73,86.69,73.89
23482,89.9,86.27,85.73,86.69,73.87
23483,89.9,86.28,85.74,86.69,73.84
23484,89.9,86.28,85.74,86.69,73.82
23485,89.9,86.29,85.75,86.69,73.79
23486,89.9,86.29,85.75,86.69,73.76
23487,89.9,86.29,85.76,86.69,73.74
23488,89.9,86.3,85.77,86.69,73.71
23489,89.9,86.3,85.77,86.69,73.69
23490,89.9,86.3,85.78,86.69,73.66
23491,89.9,86.31,85.78,86.69,73.63
23492,89.9,86.31,85.79,86.69,73.61
23493,89.9,86.31,85.8,86.69,73.58
23494,89.89,86.32,85.8,86.69,73.56
23495,89.89,86.32,85.81,86.69,73.53
23496,89.89,86.33,85.81,86.69,73.51
23497,89.89,86.33,85.82,86.69,73.48
23498,89.89,86.33,85.82,86.69,73.45
23499,89.89,86.34,85.83,86.69,73.43
23500,89.89,86.34,85.84,86.69,73.4
23501,89.89,86.34,85.84,86.69,73.38
23502,89.89,86.35,85.85,86.69,73.35
23503,89.89,86.35,85.85,86.68,73.32
23504,89.89,86.35,85.86,86.67,73.3
23505,89.89,86.36,85.86,86.66,73.27
23506,89.89,86.36,85.87,86.64,73.25
23507,89.89,86.36,85.88,86.63,73.22
23508,89.89,86.37,85.88,86.62,73.2
23509,89.89,86.37,85.89,86.61,73.17
23510,89.89,86.38,85.89,86.6,73.14
23511,89.89,86.38,85.9,86.59,73.12
23512,89.89,86.38,85.91,86.57,73.09
23513,89.89,86.39,85.91,86.56,73.07
23514,89.89,86.39,85.92,86.55,73.04
23515,89.89,86.39,85.92,86.54,73.01
23516,89.89,86.4,85.93,86.54,72.99
23517,89.89,86.4,85.93,86.54,72.96
23518,89.89,86.4,85.94,86.54,72.94
23519,89.89,86.41,85.95,86.54,72.91
23520,89.89,86.41,85.95,86.54,72.88
23521,89.89,86.42,85.96,86.54,72.86
23522,89.89,86.42,85.96,86.54,72.83
23523,89.89,86.42,85.97,86.54,72.81
23524,89.88,86.43,85.97,86.54,72.78
23525,89.88,86.43,85.98,86.54,72.76
23526,89.88,86.43,85.99,86.54,72.73
23527,89.88,86.44,85.99,86.54,72.7
23528,89.88,86.44,86.0,86.54,72.68
23529,89.88,86.44,86.0,86.55,72.65
23530,89.88,86.45,86.01,86.56,72.63
23531,89.88,86.45,86.02,86.57,72.6
23532,89.88,86.46,86.02,86.58,72.57
23533,89.88,86.46,86.03,86.59,72.55
23534,89.88,86.46,86.03,86.6,72.52
23535,89.88,86.47,86.04,86.62,72.5
23536,89.88,86.47,86.04,86.63,72.47
23537,89.88,86.47,86.05,86.64,72.45
23538,89.88,86.48,86.06,86.65,72.42
23539,89.88,86.48,86.06,86.66,72.39
23540,89.88,86.48,86.07,86.67,72.37
23541,89.88,86.49,86.07,86.68,72.34
23542,89.88,86.49,86.08,86.68,72.32
23543,89.88,86.5,86.08,86.66,72.29
23544,89.88,86.5,86.09,86.64,72.26
23545,89.88,86.5,86.1,86.62,72.24
23546,89.88,86.51,86.1,86.59,72.21
23547,89.88,86.51,86.11,86.57,72.19
23548,89.88,86.51,86.11,86.55,72.16
23549,89.88,86.52,86.12,86.52,72.13
23550,89.88,86.52,86.13,86.5,72.11
23551,89.88,86.52,86.13,86.48,72.08
23552,89.88,86.53,86.14,86.45,72.06
23553,89.88,86.53,86.14,86.43,72.03
23554,89.88,86.53,86.15,86.41,72.01
23555,89.87,86.54,86.15,86.38,71.98
23556,89.87,86.54,86.16,86.38,71.95
23557,89.87,86.54,86.17,86.38,71.93
23558,89.87,86.54,86.17,86.38,71.9
23559,89.87,86.54,86.18,86.37,71.88
23560,89.87,86.54,86.18,86.37,71.85
23561,89.87,86.54,86.19,86.37,71.82
23562,89.87,86.54,86.19,86.36,71.8
23563,89.87,86.54,86.2,86.36,71.77
23564,89.87,86.54,86.21,86.36,71.75
23565,89.87,86.54,86.21,86.36,71.72
23566,89.87,86.54,86.22,86.35,71.7
23567,89.87,86.54,86.22,86.35,71.67
23568,89.87,86.54,86.23,86.35,71.64
23569,89.87,86.53,86.24,86.34,71.62
23570,89.87,86.52,86.24,86.34,71.59
23571,89.87,86.51,86.25,86.34,71.57
23572,89.87,86.5,86.25,86.34,71.54
23573,89.87,86.48,86.26,86.33,71.51
23574,89.87,86.47,86.26,86.33,71.49
23575,89.87,86.46,86.27,86.33,71.46
23576,89.87,86.45,86.28,86.32,71.44
23577,89.87,86.44,86.28,86.32,71.41
23578,89.87,86.43,86.29,86.32,71.39
23579,89.87,86.41,86.29,86.32,71.36
23580,89.87,86.4,86.3,86.31,71.33
23581,89.87,86.39,86.3,86.31,71.31
23582,89.87,86.38,86.31,86.31,71.28
23583,89.87,86.38,86.32,86.3,71.26
23584,89.87,86.38,86.32,86.3,71.23
23585,89.86,86.38,86.33,86.3,71.2
23586,89.86,86.38,86.33,86.29,71.18
23587,89.86,86.38,86.34,86.29,71.15
23588,89.86,86.38,86.35,86.29,71.13
23589,89.86,86.38,86.35,86.29,71.1
23590,89.86,86.38,86.36,86.28,71.07
23591,89.86,86.38,86.36,86.28,71.05
23592,89.86,86.38,86.37,86.28,71.02
23593,89.86,86.38,86.37,86.27,71.0
23594,89.86,86.38,86.38,86.27,70.97
23595,89.86,86.38,86.39,86.27,70.95
23596,89.86,86.38,86.39,86.27,70.92
23597,89.86,86.38,86.4,86.26,70.89
23598,89.86,86.38,86.4,86.26,70.87
23599,89.86,86.38,86.41,86.26,70.84
23600,89.86,86.38,86.41,86.25,70.82
23601,89.86,86.38,86.42,86.25,70.79
23602,89.86,86.38,86.43,86.25,70.76
23603,89.86,86.38,86.43,86.25,70.74
23604,89.86,86.38,86.44,86.24,70.71
23605,89.86,86.38,86.44,86.24,70.69
23606,89.86,86.38,86.45,86.24,70.66
23607,89.86,86.38,86.45,86.23,70.64
23608,89.86,86.38,86.46,86.23,70.61
23609,89.86,86.38,86.47,86.23,70.58
23610,89.86,86.38,86.47,86.23,70.56
23611,89.86,86.38,86.48,86.23,70.53
23612,89.86,86.38,86.48,86.23,70.51
23613,89.86,86.38,86.49,86.23,70.48
23614,89.86,86.38,86.5,86.23,70.45
23615,89.85,86.38,86.5,86.23,70.43
23616,89.85,86.38,86.51,86.23,70.4
23617,89.85,86.38,86.51,86.23,70.38
23618,89.85,86.38,86.52,86.23,70.35
23619,89.85,86.38,86.52,86.23,70.32
23620,89.85,86.38,86.53,86.23,70.3
23621,89.85,86.38,86.54,86.23,70.27
23622,89.85,86.38,86.54,86.23,70.25
23623,89.85,86.38,86.54,86.23,70.22
23624,89.85,86.38,86.54,86.23,70.2
23625,89.85,86.38,86.54,86.23,70.17
23626,89.85,86.38,86.54,86.23,70.14
23627,89.85,86.38,86.54,86.23,70.12
23628,89.85,86.38,86.54,86.23,70.09
23629,89.85,86.38,86.54,86.23,70.07
23630,89.85,86.38,86.54,86.23,70.04
23631,89.85,86.38,86.54,86.23,70.01
23632,89.85,86.38,86.54,86.23,69.99
23633,89.85,86.38,86.54,86.23,69.96
23634,89.85,86.38,86.54,86.23,69.94
23635,89.85,86.38,86.54,86.23,69.91
23636,89.85,86.38,86.54,86.23,69.89
23637,89.85,86.38,86.54,86.23,69.86
23638,89.85,86.38,86.54,86.23,69.83
23639,89.85,86.38,86.54,86.23,69.81
23640,89.85,86.38,86.54,86.23,69.78
23641,89.85,86.38,86.54,86.23,69.76
23642,89.85,86.38,86.54,86.23,69.73
23643,89.85,86.38,86.54,86.23,69.7
23644,89.85,86.38,86.54,86.23,69.68
23645,89.84,86.38,86.54,86.23,69.65
23646,89.84,86.38,86.54,86.23,69.63
23647,89.84,86.38,86.54,86.23,69.6
23648,89.84,86.38,86.54,86.23,69.57
23649,89.84,86.39,86.54,86.23,69.55
23650,89.84,86.4,86.54,86.23,69.52
23651,89.84,86.4,86.54,86.23,69.5
23652,89.84,86.41,86.54,86.23,69.47
23653,89.84,86.41,86.54,86.23,69.45
23654,89.84,86.42,86.54,86.23,69.42
23655,89.84,86.43,86.54,86.23,69.39
23656,89.84,86.43,86.54,86.23,69.37
23657,89.84,86.44,86.54,86.23,69.34
23658,89.84,86.44,86.54,86.23,69.32
23659,89.84,86.45,86.54,86.23,69.29
23660,89.84,86.45,86.54,86.23,69.26
23661,89.84,86.46,86.54,86.23,69.24
23662,89.84,86.47,86.54,86.23,69.24
23663,89.84,86.47,86.54,86.23,69.25
23664,89.84,86.48,86.54,86.23,69.27
23665,89.84,86.48,86.54,86.23,69.28
23666,89.84,86.49,86.54,86.23,69.29
23667,89.84,86.49,86.54,86.23,69.31
23668,89.84,86.5,86.54,86.23,69.32
23669,89.84,86.51,86.54,86.23,69.33
23670,89.84,86.51,86.54,86.23,69.35
23671,89.84,86.52,86.54,86.23,69.36
23672,89.84,86.52,86.54,86.23,69.37
23673,89.84,86.53,86.54,86.23,69.39
23674,89.84,86.54,86.54,86.23,69.4
23675,89.84,86.54,86.54,86.23,69.41
23676,89.83,86.55,86.54,86.23,69.43
23677,89.83,86.55,86.54,86.23,69.44
23678,89.83,86.56,86.54,86.23,69.45
23679,89.83,86.56,86.54,86.23,69.47
23680,89.83,86.57,86.54,86.23,69.48
23681,89.83,86.58,86.54,86.23,69.49
23682,89.83,86.58,86.54,86.23,69.51
23683,89.83,86.59,86.54,86.23,69.52
23684,89.83,86.59,86.54,86.23,69.53
23685,89.83,86.6,86.54,86.23,69.55
23686,89.83,86.6,86.54,86.23,69.56
23687,89.83,86.61,86.54,86.23,69.58
23688,89.83,86.62,86.54,86.23,69.59
23689,89.83,86.62,86.54,86.23,69.6
23690,89.83,86.63,86.54,86.23,69.62
23691,89.83,86.63,86.55,86.23,69.63
23692,89.83,86.64,86.55,86.23,69.64
23693,89.83,86.64,86.55,86.23,69.66
23694,89.83,86.65,86.56,86.23,69.67
23695,89.83,86.66,86.56,86.23,69.68
23696,89.83,86.66,86.56,86.23,69.7
23697,89.83,86.67,86.57,86.23,69.71
23698,89.83,86.67,86.57,86.23,69.72
23699,89.83,86.68,86.57,86.23,69.74
23700,89.83,86.69,86.57,86.23,69.75
23701,89.83,86.69,86.58,86.23,69.76
23702,89.83,86.69,86.58,86.24,69.78
23703,89.83,86.68,86.58,86.25,69.79
23704,89.83,86.68,86.59,86.26,69.8
23705,89.83,86.67,86.59,86.27,69.82
23706,89.82,86.66,86.59,86.29,69.83
23707,89.82,86.66,86.6,86.3,69.84
23708,89.82,86.65,86.6,86.31,69.86
23709,89.82,86.65,86.6,86.32,69.87
23710,89.82,86.64,86.6,86.33,69.88
23711,89.82,86.64,86.61,86.34,69.9
23712,89.82,86.63,86.61,86.36,69.91
23713,89.82,86.62,86.61,86.37,69.92
23714,89.82,86.62,86.62,86.38,69.94
23715,89.82,86.62,86.62,86.39,69.95
23716,89.82,86.64,86.62,86.39,69.96
23717,89.82,86.66,86.63,86.4,69.98
23718,89.82,86.68,86.63,86.41,69.99
23719,89.82,86.69,86.63,86.41,70.0
23720,89.82,86.71,86.63,86.42,70.02
23721,89.82,86.73,86.64,86.42,70.03
23722,89.82,86.75,86.64,86.43,70.04
23723,89.82,86.76,86.64,86.43,70.06
23724,89.82,86.78,86.65,86.44,70.07
23725,89.82,86.8,86.65,86.45,70.08
23726,89.82,86.82,86.65,86.45,70.1
23727,89.82,86.83,86.66,86.46,70.11
23728,89.82,86.85,86.66,86.46,70.12
23729,89.82,86.85,86.66,86.47,70.14
23730,89.82,86.86,86.66,86.48,70.15
23731,89.82,86.86,86.67,86.49,70.16
23732,89.82,86.87,86.67,86.5,70.18
23733,89.82,86.88,86.67,86.51,70.19
23734,89.82,86.88,86.68,86.52,70.2
23735,89.82,86.89,86.68,86.52,70.22
23736,89.81,86.89,86.68,86.53,70.23
23737,89.81,86.9,86.69,86.54,70.25
23738,89.81,86.91,86.69,86.55,70.26
23739,89.81,86.91,86.69,86.56,70.27
23740,89.81,86.92,86.69,86.57,70.29
23741,89.81,86.92,86.7,86.58,70.3
23742,89.81,86.93,86.7,86.59,70.31
23743,89.81,86.93,86.7,86.59,70.33
23744,89.81,86.94,86.71,86.6,70.34
23745,89.81,86.95,86.71,86.61,70.35
23746,89.81,86.95,86.71,86.62,70.37
23747,89.81,86.96,86.72,86.63,70.38
23748,89.81,86.96,86.72,86.64,70.39
23749,89.81,86.97,86.72,86.65,70.41
23750,89.81,86.97,86.72,86.65,70.42
23751,89.81,86.98,86.73,86.66,70.43
23752,89.81,86.99,86.73,86.67,70.45
23753,89.81,86.99,86.73,86.68,70.46
23754,89.81,87.0,86.74,86.69,70.47
23755,89.81,87.0,86.74,86.69,70.49
23756,89.81,87.0,86.74,86.69,70.5
23757,89.81,87.0,86.75,86.69,70.51
23758,89.81,87.0,86.75,86.69,70.53
23759,89.81,87.0,86.75,86.69,70.54
23760,89.81,87.0,86.75,86.69,70.55
23761,89.81,87.0,86.76,86.69,70.57
23762,89.81,87.0,86.76,86.69,70.58
23763,89.81,87.0,86.76,86.69,70.59
23764,89.81,87.0,86.77,86.69,70.61
23765,89.81,87.0,86.77,86.69,70.62
23766,89.8,87.0,86.77,86.69,70.63
23767,89.8,87.0,86.78,86.69,70.65
23768,89.8,87.0,86.78,86.69,70.66
23769,89.8,87.0,86.78,86.7,70.67
23770,89.8,87.01,86.78,86.71,70.69
23771,89.8,87.01,86.79,86.71,70.7
23772,89.8,87.02,86.79,86.72,70.71
23773,89.8,87.02,86.79,86.72,70.73
23774,89.8,87.02,86.8,86.73,70.74
23775,89.8,87.03,86.8,86.73,70.75
23776,89.8,87.03,86.8,86.74,70.77
23777,89.8,87.03,86.81,86.75,70.78
23778,89.8,87.04,86.81,86.75,70.79
23779,89.8,87.04,86.81,86.76,70.81
23780,89.8,87.04,86.81,86.76,70.82
23781,89.8,87.05,86.82,86.77,70.83
23782,89.8,87.05,86.82,86.79,70.85
23783,89.8,87.05,86.82,86.8,70.86
23784,89.8,87.06,86.83,86.82,70.88
23785,89.8,87.06,86.83,86.84,70.89
23786,89.8,87.07,86.83,86.86,70.9
23787,89.8,87.07,86.84,86.87,70.92
23788,89.8,87.07,86.84,86.89,70.93
23789,89.8,87.08,86.84,86.91,70.94
23790,89.8,87.08,86.84,86.93,70.96
23791,89.8,87.08,86.85,86.94,70.97
23792,89.8,87.09,86.85,86.96,70.98
23793,89.8,87.09,86.85,86.98,71.0
23794,89.8,87.09,86.86,87.0,71.01
23795,89.8,87.1,86.86,87.0,71.02
23796,89.8,87.1,86.86,87.0,71.04
23797,89.79,87.1,86.87,87.0,71.05
23798,89.79,87.11,86.87,87.0,71.06
23799,89.79,87.11,86.87,87.0,71.08
23800,89.79,87.12,86.87,87.0,71.09
23801,89.79,87.12,86.88,87.0,71.1
23802,89.79,87.12,86.88,87.0,71.12
23803,89.79,87.13,86.88,87.0,71.13
23804,89.79,87.13,86.89,87.0,71.14
23805,89.79,87.13,86.89,87.0,71.16
23806,89.79,87.14,86.89,87.0,71.17
23807,89.79,87.14,86.9,87.0,71.18
23808,89.79,87.14,86.9,87.0,71.2
23809,89.79,87.15,86.9,87.0,71.21
23810,89.79,87.15,86.9,87.0,71.22
23811,89.79,87.15,86.91,87.0,71.24
23812,89.79,87.16,86.91,87.0,71.25
23813,89.79,87.16,86.91,87.0,71.26
23814,89.79,87.17,86.92,87.0,71.28
23815,89.79,87.17,86.92,87.0,71.29
23816,89.79,87.17,86.92,87.0,71.3
23817,89.79,87.18,86.93,87.0,71.32
23818,89.79,87.18,86.93,87.0,71.33
23819,89.79,87.18,86.93,87.0,71.34
23820,89.79,87.19,86.93,87.0,71.36
23821,89.79,87.19,86.94,87.0,71.37
23822,89.79,87.19,86.94,87.0,71.38
23823,89.79,87.2,86.94,87.0,71.4
23824,89.79,87.2,86.95,87.0,71.41
23825,89.79,87.2,86.95,87.0,71.42
23826,89.79,87.21,86.95,87.0,71.44
23827,89.78,87.21,86.96,87.0,71.45
23828,89.78,87.21,86.96,87.0,71.46
23829,89.78,87.22,86.96,87.0,71.48
23830,89.78,87.22,86.96,87.0,71.49
23831,89.78,87.23,86.97,87.0,71.5
23832,89.78,87.23,86.97,87.0,71.52
23833,89.78,87.23,86.97,87.0,71.53
23834,89.78,87.24,86.98,87.0,71.55
23835,89.78,87.24,86.98,87.02,71.56
23836,89.78,87.24,86.98,87.03,71.57
23837,89.78,87.25,86.99,87.05,71.59
23838,89.78,87.25,86.99,87.07,71.6
23839,89.78,87.25,86.99,87.08,71.61
23840,89.78,87.26,86.99,87.1,71.63
23841,89.78,87.26,87.0,87.12,71.64
23842,89.78,87.26,87.0,87.14,71.65
23843,89.78,87.27,87.0,87.15,71.67
23844,89.78,87.27,87.01,87.17,71.68
23845,89.78,87.28,87.01,87.19,71.69
23846,89.78,87.28,87.01,87.21,71.71
23847,89.78,87.28,87.02,87.22,71.72
23848,89.78,87.29,87.02,87.25,71.73
23849,89.78,87.29,87.02,87.28,71.75
23850,89.78,87.29,87.02,87.31,71.76
23851,89.78,87.3,87.03,87.33,71.77
23852,89.78,87.3,87.03,87.36,71.79
23853,89.78,87.3,87.03,87.39,71.8
23854,89.78,87.31,87.04,87.42,71.81
23855,89.78,87.31,87.04,87.45,71.83
23856,89.78,87.31,87.04,87.48,71.84
23857,89.77,87.32,87.05,87.51,71.85
23858,89.77,87.32,87.05,87.54,71.87
23859,89.77,87.33,87.05,87.57,71.88
23860,89.77,87.33,87.05,87.6,71.89
23861,89.77,87.33,87.06,87.62,71.91
23862,89.77,87.34,87.06,87.62,71.92
23863,89.77,87.34,87.06,87.62,71.93
23864,89.77,87.34,87.07,87.62,71.95
23865,89.77,87.35,87.07,87.62,71.96
23866,89.77,87.35,87.07,87.62,71.97
23867,89.77,87.35,87.08,87.62,71.99
23868,89.77,87.36,87.08,87.62,72.0
23869,89.77,87.36,87.08,87.62,72.01
23870,89.77,87.36,87.08,87.62,72.03
23871,89.77,87.37,87.09,87.62,72.04
23872,89.77,87.37,87.09,87.62,72.05
23873,89.77,87.38,87.09,87.62,72.07
23874,89.77,87.38,87.1,87.62,72.08
23875,89.78,87.38,87.1,87.62,72.09
23876,89.78,87.39,87.1,87.62,72.11
23877,89.79,87.39,87.11,87.62,72.12
23878,89.79,87.39,87.11,87.62,72.13
23879,89.8,87.4,87.11,87.62,72.15
23880,89.8,87.4,87.11,87.62,72.16
23881,89.81,87.4,87.12,87.62,72.17
23882,89.82,87.41,87.12,87.62,72.19
23883,89.82,87.41,87.12,87.62,72.2
23884,89.83,87.41,87.13,87.62,72.22
23885,89.83,87.42,87.13,87.62,72.23
23886,89.84,87.42,87.13,87.62,72.24
23887,89.84,87.43,87.14,87.62,72.26
23888,89.84,87.43,87.14,87.62,72.27
23889,89.84,87.43,87.14,87.63,72.28
23890,89.83,87.44,87.14,87.63,72.3
23891,89.82,87.44,87.15,87.64,72.31
23892,89.82,87.44,87.15,87.64,72.32
23893,89.81,87.45,87.15,87.65,72.34
23894,89.81,87.45,87.16,87.65,72.35
23895,89.8,87.45,87.16,87.66,72.36
23896,89.79,87.46,87.16,87.67,72.38
23897,89.79,87.46,87.17,87.67,72.39
23898,89.78,87.46,87.17,87.68,72.4
23899,89.78,87.47,87.17,87.68,72.42
23900,89.77,87.47,87.17,87.69,72.43
23901,89.76,87.47,87.18,87.69,72.44
23902,89.76,87.48,87.18,87.7,72.46
23903,89.75,87.48,87.18,87.71,72.47
23904,89.75,87.49,87.19,87.71,72.48
23905,89.74,87.49,87.19,87.72,72.5
23906,89.73,87.49,87.19,87.72,72.51
23907,89.73,87.5,87.2,87.73,72.52
23908,89.72,87.5,87.2,87.74,72.54
23909,89.72,87.5,87.2,87.74,72.55
23910,89.71,87.51,87.2,87.75,72.56
23911,89.7,87.51,87.21,87.75,72.58
23912,89.7,87.51,87.21,87.76,72.59
23913,89.69,87.52,87.21,87.76,72.6
23914,89.69,87.52,87.22,87.77,72.56
23915,89.68,87.52,87.22,87.77,72.12
23916,89.68,87.53,87.22,87.77,71.68
23917,89.67,87.53,87.23,87.77,71.24
23918,89.66,87.54,87.23,87.77,70.8
23919,89.66,87.54,87.23,87.77,70.36
23920,89.65,87.54,87.23,87.77,69.92
23921,89.65,87.55,87.24,87.77,69.48
23922,89.64,87.55,87.24,87.77,69.04
23923,89.63,87.55,87.24,87.77,68.6
23924,89.63,87.56,87.25,87.77,68.16
23925,89.62,87.56,87.25,87.77,67.72
23926,89.62,87.56,87.25,87.77,67.28
23927,89.61,87.57,87.26,87.77,66.84
23928,89.6,87.57,87.26,87.77,66.79
23929,89.6,87.57,87.26,87.77,66.82
23930,89.59,87.58,87.26,87.77,66.84
23931,89.59,87.58,87.27,87.77,66.87
23932,89.58,87.59,87.27,87.77,66.9
23933,89.57,87.59,87.27,87.77,66.92
23934,89.57,87.59,87.28,87.77,66.95
23935,89.56,87.6,87.28,87.77,66.97
23936,89.56,87.6,87.28,87.77,67.0
23937,89.55,87.6,87.29,87.77,67.03
23938,89.54,87.61,87.29,87.77,67.05
23939,89.54,87.61,87.29,87.77,67.08
23940,89.53,87.61,87.29,87.77,67.1
23941,89.53,87.62,87.3,87.77,67.13
23942,89.52,87.62,87.3,87.77,67.16
23943,89.51,87.62,87.3,87.77,67.18
23944,89.51,87.62,87.31,87.77,67.21
23945,89.5,87.62,87.31,87.77,67.23
23946,89.5,87.63,87.31,87.77,67.26
23947,89.49,87.63,87.32,87.77,67.29
23948,89.48,87.63,87.32,87.77,67.31
23949,89.48,87.63,87.32,87.77,67.34
23950,89.47,87.63,87.32,87.77,67.36
23951,89.47,87.64,87.33,87.77,67.39
23952,89.46,87.64,87.33,87.77,67.42
23953,89.45,87.64,87.33,87.77,67.44
23954,89.45,87.64,87.34,87.77,67.47
23955,89.44,87.64,87.34,87.77,67.49
23956,89.44,87.65,87.34,87.77,67.52
23957,89.43,87.65,87.35,87.77,67.55
23958,89.42,87.65,87.35,87.77,67.57
23959,89.42,87.65,87.35,87.77,67.6
23960,89.41,87.65,87.35,87.77,67.62
23961,89.41,87.66,87.36,87.77,67.65
23962,89.4,87.66,87.36,87.77,67.68
23963,89.39,87.66,87.36,87.77,67.7
23964,89.39,87.66,87.37,87.77,67.73
23965,89.38,87.66,87.37,87.77,67.75
23966,89.38,87.66,87.37,87.77,67.78
23967,89.37,87.67,87.38,87.77,67.81
23968,89.37,87.67,87.38,87.76,67.83
23969,89.36,87.67,87.38,87.76,67.86
23970,89.35,87.67,87.38,87.75,67.88
23971,89.35,87.67,87.39,87.75,67.91
23972,89.34,87.68,87.39,87.74,67.94
23973,89.34,87.68,87.39,87.73,67.96
23974,89.33,87.68,87.4,87.73,67.99
23975,89.32,87.68,87.4,87.72,68.01
23976,89.32,87.68,87.4,87.72,68.04
23977,89.31,87.69,87.41,87.71,68.07
23978,89.31,87.69,87.41,87.71,68.09
23979,89.3,87.69,87.41,87.7,68.12
23980,89.29,87.69,87.41,87.69,68.15
23981,89.29,87.69,87.42,87.69,68.03
23982,89.28,87.7,87.42,87.69,67.84
23983,89.28,87.7,87.42,87.69,67.65
23984,89.27,87.7,87.43,87.69,67.46
23985,89.26,87.7,87.43,87.69,67.28
23986,89.26,87.7,87.43,87.69,67.09
23987,89.25,87.71,87.44,87.69,66.9
23988,89.25,87.71,87.44,87.69,66.71
23989,89.24,87.71,87.44,87.69,66.52
23990,89.23,87.71,87.44,87.69,66.34
23991,89.23,87.71,87.45,87.69,66.15
23992,89.22,87.71,87.45,87.69,65.96
23993,89.22,87.72,87.45,87.69,65.77
23994,89.21,87.72,87.46,87.69,65.58
23995,89.2,87.72,87.46,87.68,65.4
23996,89.2,87.72,87.46,87.68,65.21
23997,89.19,87.72,87.47,87.67,65.02
23998,89.19,87.73,87.47,87.67,64.83
23999,89.18,87.73,87.47,87.66,64.64
24000,89.17,87.73,87.47,87.66,64.46
24001,89.17,87.73,87.48,87.65,64.27
24002,89.16,87.73,87.48,87.64,64.08
24003,89.16,87.74,87.48,87.64,63.89
24004,89.15,87.74,87.49,87.63,63.7
24005,89.14,87.74,87.49,87.63,63.51
24006,89.14,87.74,87.49,87.62,63.33
24007,89.13,87.74,87.5,87.62,63.14
24008,89.13,87.75,87.5,87.62,62.98
24009,89.12,87.75,87.5,87.62,62.82
24010,89.11,87.75,87.5,87.62,62.65
24011,89.11,87.75,87.51,87.62,62.49
24012,89.1,87.75,87.51,87.62,62.33
24013,89.1,87.76,87.51,87.62,62.17
24014,89.09,87.76,87.52,87.62,62.01
24015,89.09,87.76,87.52,87.62,61.84
24016,89.08,87.76,87.52,87.62,61.68
24017,89.07,87.76,87.53,87.62,61.52
24018,89.07,87.76,87.53,87.62,61.36
24019,89.06,87.77,87.53,87.62,61.2
24020,89.06,87.77,87.53,87.62,61.03
24021,89.05,87.77,87.54,87.59,60.87
24022,89.04,87.77,87.54,87.55,60.71
24023,89.04,87.76,87.54,87.52,60.55
24024,89.03,87.76,87.55,87.48,60.39
24025,89.03,87.76,87.55,87.45,60.22
24026,89.02,87.76,87.55,87.41,60.06
24027,89.01,87.76,87.56,87.38,59.9
24028,89.01,87.75,87.56,87.34,59.74
24029,89.0,87.75,87.56,87.31,59.58
24030,89.0,87.75,87.56,87.28,59.41
24031,88.99,87.75,87.57,87.24,59.25
24032,88.98,87.75,87.57,87.21,59.09
24033,88.98,87.74,87.57,87.17,58.93
24034,88.97,87.74,87.58,87.15,58.8
24035,88.97,87.74,87.58,87.14,58.72
24036,88.96,87.74,87.58,87.12,58.63
24037,88.95,87.73,87.59,87.11,58.54
24038,88.95,87.73,87.59,87.1,58.46
24039,88.94,87.73,87.59,87.09,58.37
24040,88.94,87.73,87.59,87.08,58.28
24041,88.93,87.73,87.6,87.07,58.2
24042,88.92,87.72,87.6,87.06,58.11
24043,88.92,87.72,87.6,87.04,58.02
24044,88.91,87.72,87.61,87.03,57.94
24045,88.91,87.72,87.61,87.02,57.85
24046,88.9,87.72,87.61,87.01,57.76
24047,88.89,87.71,87.62,87.0,57.65
24048,88.89,87.71,87.62,86.99,57.46
24049,88.88,87.71,87.62,86.97,57.27
24050,88.88,87.71,87.62,86.96,57.08
24051,88.87,87.71,87.62,86.95,56.89
24052,88.86,87.7,87.62,86.94,56.7
24053,88.86,87.7,87.62,86.93,56.51
24054,88.85,87.7,87.62,86.92,56.32
24055,88.85,87.7,87.62,86.91,56.13
24056,88.84,87.7,87.62,86.89,55.94
24057,88.83,87.69,87.62,86.88,55.74
24058,88.83,87.69,87.62,86.87,55.55
24059,88.82,87.69,87.62,86.86,55.36
24060,88.82,87.69,87.62,86.85,55.17
24061,88.81,87.69,87.62,86.84,55.14
24062,88.81,87.68,87.62,86.82,55.13
24063,88.8,87.68,87.62,86.81,55.12
24064,88.79,87.68,87.62,86.8,55.11
24065,88.79,87.68,87.62,86.79,55.1
24066,88.78,87.68,87.62,86.78,55.09
24067,88.78,87.67,87.62,86.77,55.07
24068,88.77,87.67,87.62,86.75,55.06
24069,88.76,87.67,87.62,86.74,55.05
24070,88.76,87.67,87.62,86.73,55.04
24071,88.75,87.67,87.62,86.72,55.03
24072,88.75,87.66,87.62,86.71,55.02
24073,88.74,87.66,87.62,86.7,55.0
24074,88.73,87.66,87.62,86.69,54.98
24075,88.73,87.66,87.62,86.67,54.95
24076,88.72,87.66,87.62,86.66,54.92
24077,88.72,87.65,87.62,86.65,54.88
24078,88.71,87.65,87.62,86.64,54.85
24079,88.7,87.65,87.62,86.63,54.82
24080,88.7,87.65,87.62,86.62,54.79
24081,88.69,87.65,87.62,86.6,54.76
24082,88.69,87.64,87.62,86.59,54.73
24083,88.68,87.64,87.62,86.58,54.69
24084,88.67,87.64,87.62,86.57,54.66
24085,88.67,87.64,87.62,86.56,54.63
24086,88.66,87.63,87.62,86.55,54.6
24087,88.66,87.63,87.62,86.53,54.57
24088,88.65,87.63,87.62,86.52,54.53
24089,88.64,87.63,87.62,86.51,54.5
24090,88.64,87.63,87.62,86.5,54.47
24091,88.63,87.62,87.62,86.49,54.44
24092,88.63,87.62,87.62,86.48,54.41
24093,88.62,87.62,87.62,86.47,54.38
24094,88.61,87.62,87.62,86.45,54.34
24095,88.61,87.62,87.62,86.44,54.31
24096,88.6,87.61,87.62,86.43,54.28
24097,88.6,87.61,87.62,86.42,54.25
24098,88.59,87.61,87.62,86.41,54.22
24099,88.58,87.61,87.62,86.4,54.18
24100,88.58,87.61,87.62,86.38,54.15
24101,88.57,87.6,87.61,86.38,54.12
24102,88.57,87.6,87.61,86.37,54.09
24103,88.56,87.6,87.61,86.36,54.06
24104,88.55,87.6,87.61,86.35,54.03
24105,88.55,87.6,87.61,86.34,53.99
24106,88.54,87.59,87.61,86.33,53.96
24107,88.54,87.59,87.61,86.32,53.93
24108,88.53,87.59,87.6,86.31,53.9
24109,88.53,87.59,87.6,86.31,53.87
24110,88.52,87.59,87.6,86.3,53.83
24111,88.51,87.58,87.6,86.29,53.8
24112,88.51,87.58,87.6,86.28,53.77
24113,88.5,87.58,87.6,86.27,53.74
24114,88.5,87.58,87.6,86.26,53.71
24115,88.49,87.58,87.59,86.25,53.68
24116,88.48,87.57,87.59,86.25,53.64
24117,88.48,87.57,87.59,86.24,53.61
24118,88.47,87.57,87.59,86.23,53.58
24119,88.47,87.57,87.59,86.22,53.55
24120,88.46,87.57,87.59,86.21,53.52
24121,88.45,87.56,87.58,86.2,53.48
24122,88.45,87.56,87.58,86.19,53.45
24123,88.44,87.56,87.58,86.18,53.42
24124,88.44,87.56,87.58,86.18,53.39
24125,88.43,87.56,87.58,86.17,53.36
24126,88.42,87.55,87.58,86.16,53.33
24127,88.42,87.55,87.58,86.15,53.39
24128,88.41,87.55,87.57,86.14,53.58
24129,88.41,87.55,87.57,86.13,53.76
24130,88.4,87.55,87.57,86.12,53.95
24131,88.39,87.54,87.57,86.12,54.13
24132,88.39,87.54,87.57,86.11,54.32
24133,88.38,87.54,87.57,86.1,54.5
24134,88.38,87.54,87.57,86.09,54.69
24135,88.37,87.53,87.56,86.08,54.87
24136,88.36,87.53,87.56,86.07,55.06
24137,88.36,87.53,87.56,86.06,55.24
24138,88.35,87.53,87.56,86.05,55.43
24139,88.35,87.53,87.56,86.05,55.61
24140,88.34,87.52,87.56,86.04,55.76
24141,88.33,87.52,87.56,86.03,55.7
24142,88.33,87.52,87.55,86.02,55.64
24143,88.32,87.52,87.55,86.01,55.59
24144,88.32,87.52,87.55,86.0,55.53
24145,88.31,87.51,87.55,85.99,55.47
24146,88.3,87.51,87.55,85.99,55.41
24147,88.3,87.51,87.55,85.98,55.36
24148,88.29,87.51,87.55,85.97,55.3
24149,88.29,87.51,87.54,85.96,55.24
24150,88.28,87.5,87.54,85.95,55.18
24151,88.27,87.5,87.54,85.94,55.12
24152,88.27,87.5,87.54,85.93,55.07
24153,88.26,87.5,87.54,85.92,55.01
24154,88.26,87.5,87.54,85.88,54.99
24155,88.25,87.49,87.54,85.84,54.98
24156,88.24,87.49,87.53,85.79,54.97
24157,88.24,87.49,87.53,85.74,54.96
24158,88.23,87.49,87.53,85.7,54.94
24159,88.23,87.49,87.53,85.65,54.93
24160,88.22,87.48,87.53,85.61,54.92
24161,88.22,87.48,87.53,85.56,54.91
24162,88.21,87.48,87.53,85.51,54.9
24163,88.2,87.48,87.52,85.47,54.89
24164,88.2,87.48,87.52,85.42,54.87
24165,88.19,87.47,87.52,85.37,54.86
24166,88.19,87.47,87.52,85.33,54.85
24167,88.18,87.47,87.52,85.27,54.76
24168,88.17,87.47,87.52,85.22,54.61
24169,88.17,87.47,87.52,85.16,54.46
24170,88.16,87.46,87.51,85.1,54.31
24171,88.16,87.46,87.51,85.04,54.16
24172,88.15,87.46,87.51,84.99,54.01
24173,88.14,87.46,87.51,84.93,53.86
24174,88.14,87.46,87.51,84.87,53.71
24175,88.13,87.45,87.51,84.81,53.56
24176,88.13,87.45,87.51,84.75,53.41
24177,88.12,87.45,87.5,84.7,53.26
24178,88.11,87.45,87.5,84.64,53.11
24179,88.11,87.44,87.5,84.58,52.96
24180,88.1,87.44,87.5,84.52,52.84
24181,88.1,87.44,87.5,84.46,52.8
24182,88.09,87.44,87.5,84.39,52.77
24183,88.08,87.44,87.5,84.33,52.73
24184,88.08,87.43,87.49,84.27,52.7
24185,88.07,87.43,87.49,84.2,52.66
24186,88.07,87.43,87.49,84.14,52.63
24187,88.06,87.43,87.49,84.08,52.59
24188,88.05,87.43,87.49,84.01,52.56
24189,88.05,87.42,87.49,83.95,52.52
24190,88.04,87.42,87.49,83.88,52.49
24191,88.04,87.42,87.48,83.82,52.45
24192,88.03,87.42,87.48,83.76,52.42
24193,88.02,87.42,87.48,83.69,52.39
24194,88.02,87.41,87.48,83.61,52.36
24195,88.01,87.41,87.48,83.52,52.33
24196,88.01,87.41,87.48,83.43,52.3
24197,88.0,87.41,87.48,83.35,52.27
24198,87.99,87.41,87.47,83.26,52.24
24199,87.99,87.4,87.47,83.17,52.21
24200,87.98,87.4,87.47,83.09,52.18
24201,87.98,87.4,87.47,83.0,52.15
24202,87.97,87.4,87.47,82.91,52.12
24203,87.96,87.4,87.47,82.83,52.1
24204,87.96,87.39,87.46,82.74,52.07
24205,87.95,87.39,87.46,82.65,52.04
24206,87.95,87.39,87.46,82.57,52.01
24207,87.94,87.39,87.46,82.48,51.98
24208,87.94,87.39,87.46,82.39,51.94
24209,87.93,87.38,87.46,82.31,51.91
24210,87.92,87.38,87.46,82.22,51.87
24211,87.92,87.38,87.46,82.13,51.84
24212,87.91,87.38,87.46,82.04,51.8
24213,87.91,87.38,87.46,81.96,51.77
24214,87.9,87.37,87.46,81.87,51.73
24215,87.89,87.37,87.46,81.78,51.7
24216,87.89,87.37,87.46,81.7,51.66
24217,87.88,87.37,87.46,81.61,51.63
24218,87.88,87.37,87.46,81.52,51.59
24219,87.87,87.36,87.46,81.44,51.56
24220,87.86,87.36,87.46,81.33,51.53
24221,87.86,87.36,87.46,81.21,51.49
24222,87.85,87.36,87.46,81.08,51.46
24223,87.85,87.36,87.46,80.95,51.43
24224,87.84,87.35,87.46,80.83,51.4
24225,87.83,87.35,87.46,80.7,51.37
24226,87.83,87.35,87.46,80.57,51.33
24227,87.82,87.35,87.46,80.44,51.3
24228,87.82,87.34,87.46,80.32,51.27
24229,87.81,87.34,87.46,80.19,51.24
24230,87.8,87.34,87.46,80.06,51.21
24231,87.8,87.34,87.46,79.93,51.18
24232,87.79,87.34,87.46,79.81,51.14
24233,87.79,87.33,87.46,79.68,51.11
24234,87.78,87.33,87.45,79.56,51.08
24235,87.77,87.33,87.44,79.44,51.05
24236,87.77,87.33,87.43,79.32,51.02
24237,87.76,87.33,87.42,79.19,50.98
24238,87.76,87.32,87.41,79.07,50.95
24239,87.75,87.32,87.4,78.95,50.92
24240,87.74,87.32,87.39,78.83,50.89
24241,87.74,87.32,87.38,78.71,50.86
24242,87.73,87.32,87.37,78.59,50.83
24243,87.73,87.31,87.36,78.46,50.79
24244,87.72,87.31,87.35,78.34,50.76
24245,87.71,87.31,87.34,78.22,50.73
24246,87.71,87.31,87.33,78.1,50.7
24247,87.7,87.32,87.32,78.01,50.7
24248,87.7,87.33,87.31,77.93,50.7
24249,87.69,87.34,87.3,77.85,50.71
24250,87.68,87.35,87.29,77.77,50.71
24251,87.68,87.36,87.28,77.69,50.72
24252,87.67,87.37,87.27,77.61,50.73
24253,87.67,87.39,87.25,77.53,50.73
24254,87.66,87.4,87.24,77.44,50.74
24255,87.66,87.41,87.23,77.36,50.74
24256,87.65,87.42,87.22,77.28,50.75
24257,87.64,87.43,87.21,77.2,50.75
24258,87.64,87.44,87.2,77.12,50.76
24259,87.63,87.46,87.19,77.04,50.77
24260,87.63,87.46,87.18,76.93,50.76
24261,87.62,87.45,87.17,76.8,50.74
24262,87.61,87.45,87.16,76.67,50.73
24263,87.61,87.44,87.15,76.53,50.71
24264,87.6,87.44,87.14,76.4,50.69
24265,87.6,87.43,87.13,76.27,50.67
24266,87.59,87.42,87.12,76.13,50.66
24267,87.58,87.42,87.11,76.0,50.64
24268,87.58,87.41,87.1,75.87,50.62
24269,87.57,87.41,87.09,75.73,50.6
24270,87.57,87.4,87.08,75.6,50.59
24271,87.56,87.39,87.07,75.47,50.57
24272,87.55,87.39,87.06,75.33,50.55
24273,87.55,87.39,87.05,75.21,50.54
24274,87.54,87.39,87.04,75.13,50.52
24275,87.54,87.4,87.03,75.05,50.51
24276,87.53,87.4,87.02,74.97,50.5
24277,87.52,87.41,87.01,74.89,50.49
24278,87.52,87.41,87.0,74.81,50.48
24279,87.51,87.42,86.99,74.73,50.47
24280,87.51,87.43,86.98,74.65,50.45
24281,87.5,87.43,86.97,74.56,50.44
24282,87.49,87.44,86.96,74.48,50.43
24283,87.49,87.44,86.95,74.4,50.42
24284,87.48,87.45,86.94,74.32,50.41
24285,87.48,87.46,86.93,74.24,50.4
24286,87.47,87.46,86.92,74.16,50.39
24287,87.46,87.46,86.9,74.03,50.38
24288,87.46,87.46,86.89,73.89,50.38
24289,87.45,87.46,86.88,73.76,50.38
24290,87.45,87.46,86.87,73.62,50.38
24291,87.44,87.46,86.86,73.48,50.38
24292,87.43,87.46,86.85,73.35,50.38
24293,87.43,87.46,86.84,73.21,50.38
24294,87.42,87.46,86.83,73.08,50.38
24295,87.42,87.46,86.82,72.94,50.38
24296,87.41,87.46,86.81,72.8,50.38
24297,87.4,87.46,86.8,72.67,50.38
24298,87.4,87.46,86.79,72.53,50.38
24299,87.39,87.46,86.78,72.4,50.38
24300,87.39,87.46,86.77,72.33,50.38
24301,87.38,87.46,86.76,72.31,50.38
24302,87.37,87.46,86.75,72.29,50.38
24303,87.37,87.46,86.74,72.27,50.38
24304,87.36,87.46,86.73,72.25,50.38
24305,87.36,87.46,86.72,72.23,50.38
24306,87.35,87.46,86.71,72.21,50.38
24307,87.35,87.46,86.7,72.19,50.38
24308,87.34,87.46,86.69,72.17,50.38
24309,87.33,87.46,86.68,72.15,50.38
24310,87.33,87.46,86.67,72.13,50.38
24311,87.32,87.46,86.66,72.11,50.38
24312,87.32,87.46,86.65,72.09,50.38
24313,87.31,87.46,86.64,72.04,50.38
24314,87.3,87.46,86.63,71.94,50.38
24315,87.3,87.46,86.62,71.83,50.38
24316,87.29,87.45,86.61,71.73,50.38
24317,87.29,87.45,86.6,71.62,50.38
24318,87.28,87.45,86.59,71.52,50.38
24319,87.27,87.45,86.58,71.42,50.38
24320,87.27,87.44,86.57,71.31,50.38
24321,87.26,87.44,86.56,71.21,50.38
24322,87.26,87.44,86.54,71.1,50.38
24323,87.25,87.44,86.53,71.0,50.38
24324,87.24,87.44,86.52,70.9,50.38
24325,87.24,87.43,86.51,70.79,50.38
24326,87.23,87.43,86.5,70.69,50.38
24327,87.23,87.43,86.49,70.64,50.38
24328,87.22,87.43,86.48,70.59,50.38
24329,87.21,87.42,86.47,70.53,50.38
24330,87.21,87.42,86.46,70.48,50.38
24331,87.2,87.42,86.45,70.43,50.38
24332,87.2,87.42,86.44,70.38,50.38
24333,87.19,87.41,86.43,70.33,50.38
24334,87.18,87.41,86.42,70.27,50.38
24335,87.18,87.41,86.41,70.22,50.38
24336,87.17,87.41,86.4,70.17,50.38
24337,87.17,87.41,86.39,70.12,50.38
24338,87.16,87.4,86.38,70.06,50.38
24339,87.15,87.4,86.37,70.01,50.38
24340,87.15,87.4,86.36,69.97,50.38
24341,87.14,87.4,86.35,69.93,50.38
24342,87.14,87.39,86.34,69.9,50.38
24343,87.13,87.39,86.33,69.86,50.38
24344,87.12,87.39,86.32,69.82,50.38
24345,87.12,87.39,86.31,69.78,50.38
24346,87.11,87.38,86.3,69.75,50.38
24347,87.11,87.38,86.29,69.71,50.38
24348,87.1,87.38,86.28,69.67,50.38
24349,87.09,87.38,86.27,69.63,50.38
24350,87.09,87.38,86.26,69.6,50.38
24351,87.08,87.37,86.25,69.56,50.38
24352,87.08,87.37,86.24,69.52,50.38
24353,87.07,87.37,86.21,69.47,50.38
24354,87.07,87.37,86.18,69.41,50.38
24355,87.06,87.36,86.15,69.35,50.38
24356,87.05,87.36,86.11,69.29,50.38
24357,87.05,87.36,86.08,69.23,50.38
24358,87.04,87.36,86.04,69.17,50.38
24359,87.04,87.35,86.01,69.11,50.38
24360,87.03,87.35,85.97,69.05,50.38
24361,87.02,87.35,85.94,68.99,50.38
24362,87.02,87.35,85.9,68.92,50.38
24363,87.01,87.35,85.87,68.86,50.38
24364,87.01,87.34,85.83,68.8,50.38
24365,87.0,87.34,85.8,68.74,50.38
24366,86.99,87.34,85.76,68.7,50.39
24367,86.99,87.34,85.73,68.77,50.4
24368,86.98,87.33,85.69,68.83,50.42
24369,86.98,87.33,85.66,68.89,50.44
24370,86.97,87.33,85.62,68.96,50.46
24371,86.96,87.33,85.59,69.02,50.47
24372,86.96,87.32,85.55,69.09,50.49
24373,86.95,87.32,85.52,69.15,50.51
24374,86.95,87.32,85.49,69.21,50.53
24375,86.94,87.32,85.45,69.28,50.54
24376,86.93,87.31,85.42,69.34,50.56
24377,86.93,87.31,85.38,69.4,50.58
24378,86.92,87.31,85.35,69.47,50.6
24379,86.92,87.31,85.31,69.53,50.61
24380,86.91,87.31,85.3,69.45,50.61
24381,86.9,87.31,85.29,69.35,50.6
24382,86.9,87.31,85.28,69.26,50.6
24383,86.89,87.31,85.27,69.16,50.59
24384,86.89,87.31,85.27,69.06,50.59
24385,86.88,87.31,85.26,68.96,50.58
24386,86.87,87.31,85.25,68.86,50.58
24387,86.87,87.31,85.24,68.76,50.57
24388,86.86,87.31,85.23,68.66,50.56
24389,86.86,87.31,85.22,68.57,50.56
24390,86.85,87.31,85.22,68.47,50.55
24391,86.84,87.31,85.21,68.37,50.55
24392,86.84,87.31,85.2,68.27,50.54
24393,86.83,87.31,85.19,68.28,50.55
24394,86.83,87.31,85.18,68.37,50.57
24395,86.82,87.31,85.17,68.46,50.58
24396,86.81,87.31,85.16,68.54,50.6
24397,86.81,87.31,85.16,68.63,50.62
24398,86.8,87.31,85.15,68.72,50.64
24399,86.8,87.31,85.14,68.8,50.65
24400,86.79,87.31,85.13,68.89,50.67
24401,86.79,87.31,85.12,68.98,50.69
24402,86.78,87.31,85.11,69.06,50.7
24403,86.77,87.31,85.11,69.15,50.72
24404,86.77,87.31,85.1,69.24,50.74
24405,86.76,87.31,85.09,69.32,50.76
24406,86.76,87.31,85.08,69.36,50.77
24407,86.75,87.31,85.07,69.29,50.75
24408,86.74,87.31,85.06,69.21,50.74
24409,86.74,87.31,85.05,69.14,50.73
24410,86.73,87.31,85.05,69.06,50.72
24411,86.73,87.31,85.04,68.99,50.71
24412,86.72,87.31,85.03,68.91,50.7
24413,86.71,87.31,85.02,68.84,50.68
24414,86.71,87.31,85.01,68.76,50.67
24415,86.7,87.31,85.0,68.69,50.66
24416,86.7,87.31,84.99,68.61,50.65
24417,86.69,87.31,84.99,68.53,50.64
24418,86.68,87.31,84.98,68.46,50.63
24419,86.68,87.31,84.97,68.38,50.62
24420,86.67,87.31,84.96,68.35,50.62
24421,86.67,87.31,84.95,68.32,50.63
24422,86.66,87.31,84.94,68.28,50.63
24423,86.65,87.31,84.94,68.25,50.64
24424,86.65,87.31,84.93,68.21,50.64
24425,86.64,87.31,84.92,68.18,50.65
24426,86.64,87.31,84.91,68.14,50.66
24427,86.63,87.31,84.9,68.11,50.66
24428,86.62,87.31,84.89,68.07,50.67
24429,86.62,87.31,84.88,68.04,50.67
24430,86.61,87.31,84.88,68.0,50.68
24431,86.61,87.31,84.87,67.97,50.68
24432,86.6,87.31,84.86,67.93,50.69
24433,86.59,87.31,84.85,67.87,50.68
24434,86.59,87.31,84.84,67.8,50.67
24435,86.58,87.31,84.83,67.73,50.66
24436,86.58,87.31,84.82,67.67,50.65
24437,86.57,87.31,84.82,67.6,50.64
24438,86.56,87.31,84.81,67.53,50.63
24439,86.56,87.31,84.8,67.46,50.61
24440,86.55,87.31,84.79,67.39,50.6
24441,86.55,87.31,84.78,67.32,50.59
24442,86.54,87.31,84.77,67.25,50.58
24443,86.53,87.31,84.77,67.18,50.57
24444,86.53,87.31,84.76,67.11,50.56
24445,86.52,87.31,84.75,67.04,50.55
24446,86.52,87.31,84.76,67.01,50.55
24447,86.51,87.31,84.79,67.02,50.56
24448,86.51,87.31,84.82,67.04,50.58
24449,86.5,87.31,84.85,67.05,50.6
24450,86.49,87.31,84.88,67.07,50.62
24451,86.49,87.31,84.91,67.08,50.63
24452,86.48,87.31,84.94,67.1,50.65
24453,86.48,87.31,84.97,67.11,50.67
24454,86.47,87.31,85.0,67.13,50.68
24455,86.46,87.31,85.03,67.15,50.7
24456,86.46,87.31,85.07,67.16,50.72
24457,86.45,87.31,85.1,67.18,50.74
24458,86.45,87.31,85.13,67.19,50.75
24459,86.44,87.31,85.15,67.21,50.77
24460,86.43,87.31,85.11,67.22,50.77
24461,86.43,87.31,85.08,67.24,50.77
24462,86.42,87.31,85.05,67.25,50.77
24463,86.42,87.31,85.01,67.27,50.77
24464,86.41,87.31,84.98,67.28,50.77
24465,86.4,87.31,84.94,67.3,50.77
24466,86.4,87.31,84.91,67.32,50.77
24467,86.39,87.31,84.87,67.33,50.77
24468,86.39,87.31,84.84,67.35,50.77
24469,86.38,87.31,84.8,67.36,50.77
24470,86.37,87.31,84.77,67.38,50.77
24471,86.37,87.31,84.73,67.39,50.77
24472,86.36,87.31,84.7,67.41,50.77
24473,86.36,87.31,84.69,67.38,50.76
24474,86.35,87.31,84.69,67.35,50.76
24475,86.34,87.31,84.68,67.32,50.75
24476,86.34,87.31,84.68,67.29,50.75
24477,86.33,87.31,84.68,67.26,50.74
24478,86.33,87.31,84.68,67.23,50.74
24479,86.32,87.31,84.67,67.2,50.73
24480,86.31,87.31,84.67,67.17,50.72
24481,86.31,87.31,84.67,67.14,50.72
24482,86.3,87.31,84.66,67.11,50.71
24483,86.3,87.31,84.66,67.08,50.71
24484,86.29,87.31,84.66,67.05,50.7
24485,86.28,87.31,84.66,67.01,50.69
24486,86.28,87.31,84.65,66.98,50.69
24487,86.27,87.31,84.65,66.93,50.68
24488,86.27,87.3,84.65,66.88,50.68
24489,86.26,87.3,84.64,66.84,50.67
24490,86.25,87.3,84.64,66.79,50.67
24491,86.25,87.3,84.64,66.74,50.66
24492,86.24,87.3,84.63,66.7,50.65
24493,86.24,87.3,84.63,66.65,50.65
24494,86.23,87.29,84.63,66.6,50.64
24495,86.22,87.29,84.63,66.56,50.64
24496,86.22,87.29,84.62,66.51,50.63
24497,86.21,87.29,84.62,66.47,50.63
24498,86.21,87.29,84.62,66.42,50.62
24499,86.2,87.29,84.61,66.37,50.61
24500,86.2,87.28,84.59,66.31,50.61
24501,86.19,87.28,84.56,66.25,50.6
24502,86.18,87.28,84.54,66.2,50.6
24503,86.18,87.28,84.52,66.14,50.59
24504,86.17,87.28,84.49,66.08,50.59
24505,86.17,87.28,84.47,66.02,50.58
24506,86.16,87.27,84.45,65.97,50.57
24507,86.15,87.27,84.42,65.91,50.57
24508,86.15,87.27,84.4,65.85,50.56
24509,86.14,87.27,84.38,65.79,50.56
24510,86.14,87.27,84.36,65.73,50.55
24511,86.13,87.27,84.33,65.68,50.54
24512,86.12,87.26,84.31,65.62,50.54
24513,86.12,87.26,84.26,65.59,50.53
24514,86.11,87.26,84.21,65.57,50.53
24515,86.11,87.26,84.15,65.55,50.52
24516,86.1,87.26,84.1,65.52,50.52
24517,86.09,87.26,84.05,65.5,50.51
24518,86.09,87.25,84.0,65.48,50.5
24519,86.08,87.25,83.95,65.45,50.5
24520,86.08,87.25,83.89,65.43,50.49
24521,86.07,87.25,83.84,65.41,50.49
24522,86.06,87.25,83.79,65.39,50.48
24523,86.06,87.25,83.74,65.36,50.48
24524,86.05,87.24,83.69,65.34,50.47
24525,86.05,87.24,83.63,65.32,50.46
24526,86.04,87.24,83.58,65.26,50.46
24527,86.03,87.24,83.54,65.18,50.45
24528,86.03,87.24,83.49,65.11,50.45
24529,86.02,87.24,83.45,65.03,50.44
24530,86.02,87.23,83.4,64.96,50.43
24531,86.01,87.23,83.35,64.88,50.43
24532,86.0,87.23,83.31,64.81,50.42
24533,86.0,87.23,83.26,64.73,50.42
24534,85.99,87.23,83.21,64.66,50.41
24535,85.99,87.23,83.17,64.58,50.41
24536,85.98,87.22,83.12,64.51,50.4
24537,85.97,87.22,83.08,64.43,50.39
24538,85.97,87.22,83.03,64.36,50.39
24539,85.96,87.22,82.99,64.29,50.38
24540,85.96,87.22,82.95,64.26,50.38
24541,85.95,87.22,82.92,64.23,50.38
24542,85.94,87.21,82.88,64.19,50.38
24543,85.94,87.21,82.85,64.16,50.38
24544,85.93,87.21,82.81,64.12,50.38
24545,85.93,87.21,82.78,64.09,50.38
24546,85.92,87.21,82.74,64.05,50.38
24547,85.92,87.21,82.71,64.02,50.38
24548,85.91,87.2,82.67,63.98,50.38
24549,85.9,87.2,82.64,63.95,50.37
24550,85.9,87.2,82.61,63.91,50.37
24551,85.89,87.2,82.57,63.88,50.37
24552,85.89,87.2,82.54,63.84,50.37
24553,85.88,87.2,82.5,63.81,50.37
24554,85.87,87.19,82.45,63.77,50.37
24555,85.87,87.19,82.41,63.74,50.37
24556,85.86,87.19,82.37,63.7,50.37
24557,85.86,87.19,82.33,63.67,50.37
24558,85.85,87.19,82.29,63.64,50.37
24559,85.84,87.19,82.25,63.6,50.37
24560,85.84,87.18,82.21,63.57,50.36
24561,85.83,87.18,82.17,63.53,50.36
24562,85.83,87.18,82.13,63.5,50.36
24563,85.82,87.18,82.09,63.46,50.36
24564,85.81,87.18,82.05,63.43,50.36
24565,85.81,87.18,82.01,63.39,50.36
24566,85.8,87.17,82.04,63.36,50.36
24567,85.8,87.17,82.08,63.33,50.36
24568,85.79,87.17,82.13,63.3,50.36
24569,85.78,87.17,82.17,63.26,50.36
24570,85.78,87.17,82.22,63.23,50.35
24571,85.77,87.17,82.27,63.2,50.35
24572,85.77,87.16,82.31,63.17,50.35
24573,85.76,87.16,82.36,63.14,50.35
24574,85.75,87.16,82.41,63.11,50.35
24575,85.75,87.16,82.45,63.07,50.35
24576,85.74,87.16,82.5,63.04,50.35
24577,85.74,87.16,82.55,63.01,50.35
24578,85.73,87.15,82.59,62.98,50.35
24579,85.72,87.15,82.58,62.95,50.35
24580,85.72,87.15,82.51,62.91,50.35
24581,85.71,87.15,82.44,62.88,50.34
24582,85.71,87.15,82.37,62.85,50.34
24583,85.7,87.15,82.3,62.82,50.34
24584,85.69,87.15,82.23,62.79,50.34
24585,85.69,87.15,82.16,62.76,50.34
24586,85.68,87.15,82.1,62.72,50.34
24587,85.68,87.15,82.03,62.69,50.34
24588,85.67,87.15,81.96,62.66,50.34
24589,85.66,87.15,81.89,62.63,50.34
24590,85.66,87.15,81.82,62.6,50.34
24591,85.65,87.15,81.75,62.56,50.33
24592,85.65,87.15,81.68,62.53,50.33
24593,85.64,87.15,81.63,62.5,50.33
24594,85.64,87.15,81.58,62.46,50.33
24595,85.63,87.15,81.53,62.43,50.33
24596,85.62,87.15,81.47,62.39,50.33
24597,85.62,87.15,81.42,62.36,50.33
24598,85.61,87.15,81.37,62.32,50.33
24599,85.61,87.15,81.32,62.29,50.33
24600,85.6,87.15,81.27,62.25,50.33
24601,85.59,87.15,81.21,62.22,50.33
24602,85.59,87.15,81.16,62.18,50.32
24603,85.58,87.15,81.11,62.15,50.32
24604,85.58,87.15,81.06,62.12,50.32
24605,85.57,87.15,81.01,62.08,50.32
24606,85.56,87.15,80.96,62.01,50.32
24607,85.56,87.15,80.91,61.94,50.32
24608,85.55,87.15,80.87,61.88,50.32
24609,85.55,87.15,80.82,61.81,50.32
24610,85.54,87.15,80.77,61.74,50.32
24611,85.53,87.15,80.73,61.67,50.32
24612,85.53,87.15,80.68,61.6,50.32
24613,85.52,87.15,80.63,61.53,50.31
24614,85.52,87.15,80.59,61.46,50.31
24615,85.51,87.15,80.54,61.39,50.31
24616,85.5,87.15,80.5,61.32,50.31
24617,85.5,87.15,80.45,61.25,50.31
24618,85.49,87.15,80.4,61.18,50.31
24619,85.49,87.15,80.35,61.12,50.31
24620,85.48,87.15,80.3,61.07,50.31
24621,85.47,87.15,80.25,61.02,50.31
24622,85.47,87.15,80.2,60.97,50.31
24623,85.46,87.15,80.14,60.91,50.3
24624,85.46,87.15,80.09,60.86,50.3
24625,85.45,87.15,80.04,60.81,50.3
24626,85.44,87.15,79.99,60.76,50.3
24627,85.44,87.15,79.94,60.71,50.3
24628,85.43,87.15,79.88,60.65,50.3
24629,85.43,87.15,79.83,60.6,50.3
24630,85.42,87.15,79.78,60.55,50.3
24631,85.41,87.15,79.73,60.5,50.3
24632,85.41,87.15,79.67,60.44,50.3
24633,85.4,87.15,79.6,60.36,50.3
24634,85.4,87.15,79.53,60.29,50.29
24635,85.39,87.15,79.46,60.21,50.29
24636,85.38,87.15,79.39,60.14,50.29
24637,85.38,87.15,79.32,60.06,50.29
24638,85.37,87.15,79.25,59.99,50.29
24639,85.37,87.15,79.18,59.91,50.29
24640,85.36,87.15,79.11,59.84,50.29
24641,85.36,87.15,79.05,59.76,50.29
24642,85.35,87.15,78.98,59.69,50.29
24643,85.34,87.15,78.91,59.61,50.29
24644,85.34,87.15,78.84,59.54,50.28
24645,85.33,87.15,78.77,59.46,50.28
24646,85.33,87.15,78.71,59.4,50.28
24647,85.32,87.15,78.65,59.33,50.28
24648,85.31,87.15,78.59,59.27,50.28
24649,85.31,87.15,78.54,59.21,50.28
24650,85.3,87.15,78.48,59.14,50.28
24651,85.3,87.15,78.42,59.08,50.28
24652,85.29,87.15,78.36,59.01,50.28
24653,85.28,87.15,78.3,58.95,50.28
24654,85.28,87.15,78.25,58.89,50.28
24655,85.27,87.15,78.19,58.82,50.27
24656,85.27,87.15,78.13,58.76,50.27
24657,85.26,87.15,78.07,58.7,50.27
24658,85.25,87.15,78.02,58.63,50.27
24659,85.25,87.15,77.94,58.61,50.27
24660,85.24,87.15,77.85,58.6,50.27
24661,85.24,87.15,77.76,58.58,50.27
24662,85.23,87.14,77.68,58.57,50.27
24663,85.22,87.14,77.59,58.56,50.27
24664,85.22,87.14,77.5,58.55,50.27
24665,85.21,87.13,77.42,58.54,50.26
24666,85.21,87.13,77.33,58.53,50.26
24667,85.2,87.13,77.24,58.51,50.26
24668,85.19,87.13,77.16,58.5,50.26
24669,85.19,87.12,77.07,58.49,50.26
24670,85.18,87.12,76.98,58.48,50.26
24671,85.18,87.12,76.9,58.47,50.26
24672,85.17,87.11,76.82,58.43,50.26
24673,85.16,87.11,76.77,58.35,50.26
24674,85.16,87.11,76.72,58.28,50.26
24675,85.15,87.11,76.67,58.2,50.26
24676,85.15,87.1,76.62,58.13,50.25
24677,85.14,87.1,76.56,58.05,50.25
24678,85.13,87.1,76.51,57.98,50.25
24679,85.13,87.09,76.46,57.9,50.25
24680,85.12,87.09,76.41,57.83,50.25
24681,85.12,87.09,76.35,57.75,50.25
24682,85.11,87.09,76.3,57.68,50.25
24683,85.1,87.08,76.25,57.6,50.25
24684,85.1,87.08,76.2,57.53,50.25
24685,85.09,87.08,76.14,57.45,50.25
24686,85.09,87.07,76.07,57.37,50.24
24687,85.08,87.07,75.99,57.29,50.24
24688,85.07,87.07,75.92,57.21,50.24
24689,85.07,87.06,75.84,57.13,50.24
24690,85.06,87.06,75.77,57.04,50.24
24691,85.06,87.06,75.69,56.96,50.24
24692,85.05,87.06,75.62,56.88,50.24
24693,85.05,87.05,75.54,56.8,50.24
24694,85.04,87.05,75.47,56.72,50.24
24695,85.03,87.05,75.39,56.64,50.24
24696,85.03,87.04,75.32,56.56,50.24
24697,85.02,87.04,75.24,56.48,50.23
24698,85.02,87.04,75.17,56.4,50.23
24699,85.01,87.04,75.18,56.36,50.23
24700,85.0,87.03,75.21,56.34,50.23
24701,85.0,87.03,75.24,56.32,50.23
24702,84.99,87.03,75.27,56.3,50.23
24703,84.99,87.02,75.31,56.27,50.23
24704,84.98,87.02,75.34,56.25,50.23
24705,84.97,87.02,75.37,56.23,50.23
24706,84.97,87.02,75.4,56.2,50.23
24707,84.96,87.01,75.43,56.18,50.22
24708,84.96,87.01,75.46,56.16,50.22
24709,84.95,87.01,75.49,56.13,50.22
24710,84.94,87.0,75.52,56.11,50.22
24711,84.94,87.0,75.56,56.09,50.22
24712,84.93,87.0,75.57,56.07,50.22
24713,84.93,87.0,75.57,56.07,50.22
24714,84.92,87.0,75.56,56.06,50.22
24715,84.91,87.0,75.56,56.06,50.22
24716,84.91,87.0,75.56,56.05,50.22
24717,84.9,87.0,75.56,56.04,50.22
24718,84.9,87.0,75.55,56.04,50.21
24719,84.89,87.0,75.55,56.03,50.21
24720,84.88,87.0,75.55,56.03,50.21
24721,84.88,87.0,75.55,56.02,50.21
24722,84.87,87.0,75.54,56.02,50.21
24723,84.87,87.0,75.54,56.01,50.21
24724,84.86,87.0,75.54,56.0,50.21
24725,84.85,87.0,75.52,55.99,50.21
24726,84.85,87.0,75.44,55.94,50.21
24727,84.84,87.0,75.35,55.9,50.21
24728,84.84,87.0,75.27,55.85,50.2
24729,84.83,87.0,75.19,55.8,50.2
24730,84.82,87.0,75.11,55.76,50.2
24731,84.82,87.0,75.03,55.71,50.2
24732,84.81,87.0,74.95,55.66,50.2
24733,84.81,87.0,74.87,55.62,50.2
24734,84.8,87.0,74.79,55.57,50.2
24735,84.79,87.0,74.71,55.52,50.2
24736,84.79,87.0,74.63,55.48,50.2
24737,84.78,87.0,74.54,55.43,50.2
24738,84.78,87.0,74.46,55.39,50.2
24739,84.77,87.0,74.38,55.34,50.19
24740,84.77,87.0,74.29,55.29,50.19
24741,84.76,87.0,74.2,55.25,50.19
24742,84.75,87.0,74.12,55.2,50.19
24743,84.75,87.0,74.03,55.15,50.19
24744,84.74,87.0,73.94,55.11,50.19
24745,84.74,87.0,73.86,55.06,50.19
24746,84.73,87.0,73.77,55.02,50.19
24747,84.72,87.0,73.68,54.97,50.19
24748,84.72,87.0,73.6,54.92,50.19
24749,84.71,87.0,73.51,54.88,50.19
24750,84.71,87.0,73.42,54.83,50.18
24751,84.7,87.0,73.34,54.78,50.18
24752,84.69,87.0,73.29,54.75,50.18
24753,84.69,86.99,73.27,54.73,50.18
24754,84.68,86.99,73.25,54.71,50.18
24755,84.68,86.99,73.22,54.68,50.18
24756,84.67,86.98,73.2,54.66,50.18
24757,84.66,86.98,73.18,54.64,50.18
24758,84.66,86.97,73.15,54.61,50.18
24759,84.65,86.97,73.13,54.59,50.18
24760,84.65,86.97,73.11,54.57,50.17
24761,84.64,86.96,73.08,54.55,50.17
24762,84.63,86.96,73.06,54.52,50.17
24763,84.63,86.95,73.04,54.5,50.17
24764,84.62,86.95,73.01,54.48,50.17
24765,84.62,86.95,72.98,54.45,50.17
24766,84.61,86.94,72.91,54.43,50.17
24767,84.6,86.94,72.85,54.41,50.17
24768,84.6,86.94,72.78,54.38,50.17
24769,84.59,86.93,72.72,54.36,50.17
24770,84.59,86.93,72.66,54.34,50.17
24771,84.58,86.92,72.59,54.31,50.16
24772,84.57,86.92,72.53,54.29,50.16
24773,84.57,86.92,72.47,54.27,50.16
24774,84.56,86.91,72.4,54.24,50.16
24775,84.56,86.91,72.34,54.22,50.16
24776,84.55,86.9,72.28,54.2,50.16
24777,84.54,86.9,72.21,54.17,50.16
24778,84.54,86.9,72.15,54.15,50.16
24779,84.53,86.89,72.1,54.13,50.16
24780,84.53,86.89,72.04,54.1,50.16
24781,84.52,86.89,71.99,54.08,50.15
24782,84.51,86.88,71.94,54.05,50.15
24783,84.51,86.88,71.89,54.03,50.15
24784,84.5,86.87,71.84,54.0,50.15
24785,84.5,86.87,71.78,53.98,50.15
24786,84.49,86.87,71.73,53.95,50.15
24787,84.49,86.86,71.68,53.93,50.15
24788,84.48,86.86,71.63,53.91,50.15
24789,84.47,86.85,71.58,53.88,50.15
24790,84.47,86.85,71.52,53.86,50.15
24791,84.46,86.85,71.47,53.83,50.15
24792,84.46,86.85,71.43,53.81,50.14
24793,84.45,86.85,71.39,53.78,50.14
24794,84.44,86.85,71.36,53.76,50.14
24795,84.44,86.85,71.32,53.73,50.14
24796,84.43,86.85,71.28,53.71,50.14
24797,84.43,86.85,71.24,53.68,50.14
24798,84.42,86.85,71.21,53.66,50.14
24799,84.41,86.85,71.17,53.64,50.14
24800,84.41,86.85,71.13,53.61,50.14
24801,84.4,86.85,71.09,53.59,50.14
24802,84.4,86.85,71.06,53.56,50.13
24803,84.39,86.85,71.02,53.54,50.13
24804,84.38,86.85,70.98,53.51,50.13
24805,84.38,86.84,70.94,53.49,50.13
24806,84.37,86.84,70.9,53.46,50.13
24807,84.37,86.83,70.87,53.44,50.13
24808,84.36,86.83,70.83,53.41,50.13
24809,84.35,86.82,70.79,53.39,50.13
24810,84.35,86.81,70.75,53.36,50.13
24811,84.34,86.81,70.72,53.34,50.13
24812,84.34,86.8,70.68,53.32,50.13
24813,84.33,86.8,70.64,53.29,50.12
24814,84.32,86.79,70.6,53.27,50.12
24815,84.32,86.79,70.57,53.24,50.12
24816,84.31,86.78,70.53,53.22,50.12
24817,84.31,86.77,70.49,53.19,50.12
24818,84.3,86.77,70.45,53.17,50.12
24819,84.29,86.76,70.38,53.14,50.12
24820,84.29,86.76,70.31,53.12,50.12
24821,84.28,86.75,70.24,53.09,50.12
24822,84.28,86.74,70.17,53.07,50.12
24823,84.27,86.74,70.1,53.04,50.11
24824,84.26,86.73,70.03,53.02,50.11
24825,84.26,86.73,69.96,53.0,50.11
24826,84.25,86.72,69.89,52.97,50.11
24827,84.25,86.72,69.82,52.95,50.11
24828,84.24,86.71,69.75,52.92,50.11
24829,84.23,86.7,69.68,52.9,50.11
24830,84.23,86.7,69.61,52.87,50.11
24831,84.22,86.69,69.54,52.85,50.11
24832,84.22,86.69,69.49,52.84,50.11
24833,84.21,86.68,69.44,52.82,50.11
24834,84.2,86.68,69.39,52.81,50.1
24835,84.2,86.67,69.33,52.8,50.1
24836,84.19,86.66,69.28,52.79,50.1
24837,84.19,86.66,69.23,52.78,50.1
24838,84.18,86.65,69.18,52.77,50.1
24839,84.18,86.65,69.13,52.75,50.1
24840,84.17,86.64,69.07,52.74,50.1
24841,84.16,86.63,69.02,52.73,50.1
24842,84.16,86.63,68.97,52.72,50.1
24843,84.15,86.62,68.92,52.71,50.1
24844,84.15,86.62,68.87,52.7,50.09
24845,84.14,86.61,68.8,52.67,50.09
24846,84.13,86.61,68.73,52.64,50.09
24847,84.13,86.6,68.66,52.6,50.09
24848,84.12,86.59,68.59,52.57,50.09
24849,84.12,86.59,68.52,52.53,50.09
24850,84.11,86.58,68.46,52.5,50.09
24851,84.1,86.58,68.39,52.46,50.09
24852,84.1,86.57,68.32,52.43,50.09
24853,84.09,86.57,68.25,52.39,50.09
24854,84.09,86.56,68.18,52.36,50.09
24855,84.08,86.55,68.11,52.32,50.08
24856,84.07,86.55,68.04,52.29,50.08
24857,84.07,86.54,67.97,52.25,50.08
24858,84.06,86.54,67.9,52.22,50.08
24859,84.06,86.53,67.81,52.2,50.08
24860,84.05,86.52,67.73,52.18,50.08
24861,84.04,86.51,67.65,52.15,50.08
24862,84.04,86.5,67.57,52.13,50.08
24863,84.03,86.49,67.49,52.11,50.08
24864,84.03,86.48,67.41,52.08,50.08
24865,84.02,86.47,67.33,52.06,50.08
24866,84.01,86.46,67.25,52.04,50.07
24867,84.01,86.45,67.17,52.01,50.07
24868,84.0,86.44,67.09,51.99,50.07
24869,84.0,86.43,67.0,51.97,50.07
24870,83.99,86.42,66.92,51.95,50.07
24871,83.98,86.41,66.84,51.92,50.07
24872,83.98,86.41,66.77,51.9,50.07
24873,83.97,86.4,66.7,51.88,50.07
24874,83.97,86.39,66.63,51.86,50.07
24875,83.96,86.38,66.57,51.85,50.07
24876,83.95,86.37,66.5,51.83,50.06
24877,83.95,86.36,66.43,51.81,50.06
24878,83.94,86.35,66.36,51.79,50.06
24879,83.94,86.34,66.29,51.77,50.06
24880,83.93,86.33,66.22,51.75,50.06
24881,83.92,86.32,66.15,51.73,50.06
24882,83.92,86.31,66.08,51.71,50.06
24883,83.91,86.3,66.01,51.69,50.06
24884,83.91,86.29,65.94,51.67,50.06
24885,83.9,86.29,65.87,51.65,50.06
24886,83.9,86.28,65.8,51.63,50.06
24887,83.89,86.27,65.73,51.61,50.05
24888,83.88,86.26,65.66,51.59,50.05
24889,83.88,86.25,65.59,51.58,50.05
24890,83.87,86.24,65.52,51.56,50.05
24891,83.87,86.23,65.45,51.54,50.05
24892,83.86,86.22,65.38,51.52,50.05
24893,83.85,86.21,65.32,51.5,50.05
24894,83.85,86.2,65.25,51.48,50.05
24895,83.84,86.19,65.18,51.46,50.05
24896,83.84,86.18,65.11,51.44,50.05
24897,83.83,86.17,65.04,51.42,50.04
24898,83.82,86.16,64.97,51.4,50.04
24899,83.82,86.16,64.9,51.38,50.04
24900,83.81,86.15,64.83,51.36,50.04
24901,83.81,86.14,64.76,51.34,50.04
24902,83.8,86.13,64.69,51.32,50.04
24903,83.79,86.12,64.62,51.3,50.04
24904,83.79,86.11,64.55,51.29,50.04
24905,83.78,86.1,64.48,51.27,50.04
24906,83.78,86.09,64.41,51.25,50.04
24907,83.77,86.08,64.34,51.23,50.04
24908,83.76,86.07,64.27,51.21,50.03
24909,83.76,86.06,64.2,51.19,50.03
24910,83.75,86.05,64.13,51.17,50.03
24911,83.75,86.04,64.07,51.15,50.03
24912,83.74,86.04,64.02,51.14,50.03
24913,83.73,86.03,63.98,51.13,50.03
24914,83.73,86.02,63.93,51.12,50.03
24915,83.72,86.01,63.88,51.11,50.03
24916,83.72,86.0,63.84,51.1,50.03
24917,83.71,85.99,63.79,51.09,50.03
24918,83.7,85.98,63.75,51.08,50.02
24919,83.7,85.97,63.7,51.07,50.02
24920,83.69,85.96,63.65,51.06,50.02
24921,83.69,85.95,63.61,51.05,50.02
24922,83.68,85.94,63.56,51.04,50.02
24923,83.67,85.93,63.51,51.03,50.02
24924,83.67,85.92,63.47,51.02,50.02
24925,83.66,85.9,63.41,51.01,50.02
24926,83.66,85.88,63.34,51.0,50.02
24927,83.65,85.86,63.28,50.99,50.02
24928,83.64,85.83,63.22,50.98,50.02
24929,83.64,85.81,63.15,50.97,50.01
24930,83.63,85.79,63.09,50.96,50.01
24931,83.63,85.76,63.02,50.95,50.01
24932,83.62,85.74,62.96,50.94,50.01
24933,83.62,85.72,62.9,50.93,50.01
24934,83.61,85.69,62.83,50.92,50.01
24935,83.6,85.67,62.77,50.91,50.01
24936,83.6,85.65,62.71,50.9,50.01
24937,83.59,85.63,62.64,50.89,50.01
24938,83.59,85.6,62.57,50.88,50.01
24939,83.58,85.58,62.5,50.87,50.0
24940,83.57,85.56,62.42,50.86,50.0
24941,83.57,85.53,62.35,50.85,50.0
24942,83.56,85.51,62.27,50.84,50.0
24943,83.56,85.49,62.2,50.83,50.0
24944,83.55,85.46,62.12,50.82,50.0
24945,83.54,85.44,62.05,50.81,50.0
24946,83.54,85.42,61.97,50.8,50.0
24947,83.53,85.39,61.89,50.8,50.0
24948,83.53,85.37,61.82,50.79,50.0
24949,83.52,85.35,61.74,50.78,50.0
24950,83.51,85.32,61.67,50.77,49.99
24951,83.51,85.3,61.6,50.76,49.99
24952,83.5,85.28,61.56,50.75,49.99
24953,83.5,85.25,61.52,50.74,49.99
24954,83.49,85.23,61.48,50.73,49.99
24955,83.48,85.21,61.44,50.72,49.99
24956,83.48,85.19,61.4,50.71,49.99
24957,83.47,85.16,61.36,50.7,49.99
24958,83.47,85.14,61.32,50.69,49.99
24959,83.46,85.12,61.28,50.68,49.99
24960,83.45,85.09,61.24,50.67,49.98
24961,83.45,85.07,61.2,50.66,49.98
24962,83.44,85.05,61.16,50.65,49.98
24963,83.44,85.02,61.12,50.64,49.98
24964,83.43,85.0,61.08,50.63,49.98
24965,83.42,85.0,61.04,50.62,49.98
24966,83.42,85.0,61.0,50.61,49.98
24967,83.41,85.0,60.96,50.6,49.98
24968,83.41,85.0,60.92,50.59,49.98
24969,83.4,85.0,60.87,50.58,49.98
24970,83.39,85.0,60.83,50.57,49.98
24971,83.39,85.0,60.79,50.56,49.97
24972,83.38,85.0,60.75,50.55,49.97
24973,83.38,85.0,60.71,50.54,49.97
24974,83.37,85.0,60.67,50.53,49.97
24975,83.36,85.0,60.63,50.52,49.97
24976,83.36,85.0,60.59,50.51,49.97
24977,83.35,85.0,60.55,50.5,49.97
24978,83.35,84.96,60.5,50.49,49.97
24979,83.34,84.91,60.45,50.48,49.97
24980,83.34,84.86,60.4,50.47,49.97
24981,83.33,84.81,60.35,50.46,49.96
24982,83.32,84.76,60.29,50.45,49.96
24983,83.32,84.7,60.24,50.44,49.96
24984,83.31,84.65,60.19,50.43,49.96
24985,83.31,84.6,60.14,50.42,49.96
24986,83.3,84.55,60.09,50.41,49.96
24987,83.29,84.49,60.03,50.4,49.96
24988,83.29,84.44,59.98,50.39,49.96
24989,83.28,84.39,59.93,50.38,49.96
24990,83.28,84.34,59.88,50.37,49.96
24991,83.27,84.3,59.84,50.36,49.96
24992,83.26,84.27,59.81,50.35,49.95
24993,83.26,84.24,59.79,50.34,49.95
24994,83.25,84.21,59.77,50.33,49.95
24995,83.25,84.18,59.74,50.32,49.95
24996,83.24,84.15,59.72,50.31,49.95
24997,83.23,84.12,59.7,50.3,49.95
24998,83.23,84.09,59.67,50.29,49.95
24999,83.22,84.06,59.65,50.28,49.95
25000,83.22,84.04,59.63,50.27,49.95
25001,83.21,84.01,59.61,50.26,49.95
25002,83.2,83.98,59.58,50.25,49.95
25003,83.2,83.95,59.56,50.24,49.94
25004,83.19,83.92,59.53,50.23,49.94
25005,83.19,83.85,59.45,50.22,49.94
25006,83.18,83.79,59.38,50.22,49.94
25007,83.17,83.72,59.3,50.21,49.94
25008,83.17,83.66,59.23,50.21,49.94
25009,83.16,83.6,59.15,50.2,49.94
25010,83.16,83.53,59.08,50.2,49.94
25011,83.15,83.47,59.0,50.19,49.94
25012,83.14,83.41,58.93,50.18,49.94
25013,83.14,83.34,58.85,50.18,49.93
25014,83.13,83.28,58.78,50.17,49.93
25015,83.13,83.22,58.7,50.17,49.93
25016,83.12,83.15,58.63,50.16,49.93
25017,83.11,83.09,58.55,50.15,49.93
25018,83.11,83.02,58.51,50.15,49.93
25019,83.1,82.96,58.46,50.14,49.93
25020,83.1,82.9,58.42,50.14,49.93
25021,83.09,82.83,58.38,50.13,49.93
25022,83.08,82.77,58.34,50.13,49.93
25023,83.08,82.71,58.3,50.12,49.93
25024,83.07,82.64,58.26,50.11,49.92
25025,83.07,82.58,58.22,50.11,49.92
25026,83.06,82.52,58.18,50.1,49.92
25027,83.05,82.45,58.14,50.1,49.92
25028,83.05,82.39,58.1,50.09,49.92
25029,83.04,82.32,58.06,50.09,49.92
25030,83.04,82.26,58.02,50.08,49.92
25031,83.03,82.17,57.95,50.08,49.92
25032,83.03,82.06,57.87,50.08,49.92
25033,83.02,81.95,57.78,50.08,49.92
25034,83.01,81.84,57.69,50.08,49.91
25035,83.01,81.73,57.61,50.08,49.91
25036,83.0,81.61,57.52,50.08,49.91
25037,83.0,81.5,57.43,50.08,49.91
25038,82.99,81.39,57.35,50.08,49.91
25039,82.98,81.28,57.26,50.08,49.91
25040,82.98,81.17,57.17,50.08,49.91
25041,82.97,81.06,57.09,50.08,49.91
25042,82.97,80.95,57.0,50.08,49.91
25043,82.96,80.84,56.91,50.08,49.91
25044,82.95,80.73,56.83,50.08,49.91
25045,82.95,80.66,56.77,50.08,49.9
25046,82.94,80.58,56.72,50.08,49.9
25047,82.94,80.51,56.66,50.07,49.9
25048,82.93,80.44,56.6,50.07,49.9
25049,82.92,80.36,56.54,50.07,49.9
25050,82.92,80.29,56.49,50.07,49.9
25051,82.91,80.22,56.43,50.07,49.9
25052,82.91,80.14,56.37,50.07,49.9
25053,82.9,80.07,56.31,50.07,49.9
25054,82.89,79.99,56.25,50.07,49.9
25055,82.89,79.92,56.2,50.07,49.89
25056,82.88,79.85,56.14,50.07,49.89
25057,82.88,79.77,56.08,50.07,49.89
25058,82.87,79.69,56.03,50.07,49.89
25059,82.86,79.6,55.99,50.06,49.89
25060,82.86,79.51,55.94,50.06,49.89
25061,82.85,79.43,55.89,50.06,49.89
25062,82.85,79.34,55.85,50.06,49.89
25063,82.84,79.25,55.8,50.06,49.89
25064,82.83,79.17,55.76,50.06,49.89
25065,82.83,79.08,55.71,50.06,49.89
25066,82.82,78.99,55.66,50.06,49.88
25067,82.82,78.91,55.62,50.06,49.88
25068,82.81,78.82,55.57,50.06,49.88
25069,82.8,78.73,55.52,50.06,49.88
25070,82.8,78.65,55.48,50.06,49.88
25071,82.79,78.6,55.46,50.05,49.88
25072,82.79,78.57,55.46,50.05,49.88
25073,82.78,78.54,55.46,50.05,49.88
25074,82.77,78.51,55.46,50.05,49.88
25075,82.77,78.48,55.46,50.05,49.88
25076,82.76,78.45,55.46,50.05,49.87
25077,82.76,78.42,55.46,50.05,49.87
25078,82.75,78.39,55.46,50.05,49.87
25079,82.75,78.37,55.46,50.05,49.87
25080,82.74,78.34,55.46,50.05,49.87
25081,82.73,78.31,55.46,50.05,49.87
25082,82.73,78.28,55.46,50.05,49.87
25083,82.72,78.25,55.46,50.04,49.87
25084,82.72,78.22,55.46,50.04,49.87
25085,82.71,78.18,55.45,50.04,49.87
25086,82.7,78.14,55.43,50.04,49.87
25087,82.7,78.09,55.42,50.04,49.86
25088,82.69,78.05,55.41,50.04,49.86
25089,82.69,78.01,55.4,50.04,49.86
25090,82.68,77.97,55.39,50.04,49.86
25091,82.67,77.93,55.38,50.04,49.86
25092,82.67,77.89,55.36,50.04,49.86
25093,82.66,77.85,55.35,50.04,49.86
25094,82.66,77.81,55.34,50.04,49.86
25095,82.65,77.77,55.33,50.03,49.86
25096,82.64,77.73,55.32,50.03,49.86
25097,82.64,77.69,55.31,50.03,49.85
25098,82.63,77.64,55.3,50.03,49.85
25099,82.63,77.6,55.28,50.03,49.85
25100,82.62,77.55,55.27,50.03,49.85
25101,82.61,77.5,55.26,50.03,49.85
25102,82.61,77.46,55.25,50.03,49.85
25103,82.6,77.41,55.24,50.03,49.85
25104,82.6,77.37,55.23,50.03,49.85
25105,82.59,77.32,55.21,50.03,49.85
25106,82.58,77.27,55.2,50.03,49.85
25107,82.58,77.23,55.19,50.02,49.85
25108,82.57,77.18,55.18,50.02,49.84
25109,82.57,77.13,55.17,50.02,49.84
25110,82.56,77.09,55.16,50.02,49.84
25111,82.55,77.02,55.14,50.02,49.84
25112,82.55,76.95,55.12,50.02,49.84
25113,82.54,76.88,55.11,50.02,49.84
25114,82.54,76.81,55.09,50.02,49.84
25115,82.53,76.75,55.07,50.02,49.84
25116,82.52,76.68,55.05,50.02,49.84
25117,82.52,76.61,55.04,50.02,49.84
25118,82.51,76.54,55.02,50.02,49.83
25119,82.51,76.47,55.0,50.01,49.83
25120,82.5,76.4,54.98,50.01,49.83
25121,82.49,76.33,54.97,50.01,49.83
25122,82.49,76.26,54.95,50.01,49.83
25123,82.48,76.19,54.93,50.01,49.83
25124,82.48,76.11,54.9,50.01,49.83
25125,82.47,76.03,54.85,50.01,49.83
25126,82.47,75.94,54.81,50.01,49.83
25127,82.46,75.85,54.76,50.01,49.83
25128,82.45,75.77,54.72,50.01,49.83
25129,82.45,75.68,54.67,50.01,49.82
25130,82.44,75.59,54.62,50.01,49.82
25131,82.44,75.5,54.58,50.0,49.82
25132,82.43,75.42,54.53,50.0,49.82
25133,82.42,75.33,54.48,50.0,49.82
25134,82.42,75.24,54.44,50.0,49.82
25135,82.41,75.16,54.39,50.0,49.82
25136,82.41,75.07,54.35,50.0,49.82
25137,82.4,74.97,54.29,50.0,49.82
25138,82.39,74.81,54.23,50.0,49.82
25139,82.39,74.65,54.16,50.0,49.82
25140,82.38,74.48,54.09,50.0,49.81
25141,82.38,74.32,54.02,50.0,49.81
25142,82.37,74.16,53.95,50.0,49.81
25143,82.36,74.0,53.88,49.99,49.81
25144,82.36,73.84,53.81,49.99,49.81
25145,82.35,73.67,53.74,49.99,49.81
25146,82.35,73.51,53.67,49.99,49.81
25147,82.34,73.35,53.6,49.99,49.81
25148,82.33,73.19,53.53,49.99,49.81
25149,82.33,73.03,53.46,49.99,49.81
25150,82.32,72.86,53.39,49.99,49.8
25151,82.32,72.74,53.34,49.99,49.8
25152,82.31,72.62,53.29,49.99,49.8
25153,82.3,72.49,53.23,49.99,49.8
25154,82.3,72.37,53.18,49.99,49.8
25155,82.29,72.25,53.13,49.98,49.8
25156,82.29,72.13,53.08,49.98,49.8
25157,82.28,72.01,53.03,49.98,49.8
25158,82.27,71.89,52.97,49.98,49.8
25159,82.27,71.77,52.92,49.98,49.8
25160,82.26,71.64,52.87,49.98,49.8
25161,82.26,71.52,52.82,49.98,49.79
25162,82.25,71.4,52.77,49.98,49.79
25163,82.24,71.28,52.71,49.98,49.79
25164,82.24,71.15,52.68,49.98,49.79
25165,82.23,71.0,52.65,49.98,49.79
25166,82.23,70.86,52.62,49.98,49.79
25167,82.22,70.72,52.6,49.98,49.79
25168,82.21,70.58,52.57,49.97,49.79
25169,82.21,70.44,52.54,49.97,49.79
25170,82.2,70.3,52.51,49.97,49.79
25171,82.2,70.16,52.49,49.97,49.78
25172,82.19,70.01,52.46,49.97,49.78
25173,82.18,69.87,52.43,49.97,49.78
25174,82.18,69.73,52.41,49.97,49.78
25175,82.17,69.59,52.38,49.97,49.78
25176,82.17,69.45,52.35,49.97,49.78
25177,82.16,69.31,52.33,49.97,49.78
25178,82.16,69.18,52.3,49.97,49.78
25179,82.15,69.05,52.27,49.97,49.78
25180,82.14,68.92,52.24,49.96,49.78
25181,82.14,68.79,52.22,49.96,49.78
25182,82.13,68.66,52.19,49.96,49.77
25183,82.13,68.53,52.16,49.96,49.77
25184,82.12,68.4,52.14,49.96,49.77
25185,82.11,68.27,52.11,49.96,49.77
25186,82.11,68.14,52.08,49.96,49.77
25187,82.1,68.01,52.05,49.96,49.77
25188,82.1,67.87,52.03,49.96,49.77
25189,82.09,67.74,52.0,49.96,49.77
25190,82.08,67.61,51.97,49.96,49.77
25191,82.08,67.46,51.95,49.96,49.77
25192,82.07,67.32,51.92,49.95,49.76
25193,82.07,67.17,51.89,49.95,49.76
25194,82.06,67.02,51.87,49.95,49.76
25195,82.05,66.87,51.84,49.95,49.76
25196,82.05,66.72,51.81,49.95,49.76
25197,82.04,66.57,51.78,49.95,49.76
25198,82.04,66.42,51.76,49.95,49.76
25199,82.03,66.28,51.73,49.95,49.76
25200,82.02,66.13,51.7,49.95,49.76
25201,82.02,65.98,51.68,49.95,49.76
25202,82.01,65.83,51.65,49.95,49.76
25203,82.01,65.68,51.62,49.95,49.75
25204,82.0,65.56,51.6,49.94,49.75
25205,81.99,65.45,51.57,49.94,49.75
25206,81.99,65.34,51.54,49.94,49.75
25207,81.98,65.24,51.51,49.94,49.75
25208,81.98,65.13,51.49,49.94,49.75
25209,81.97,65.02,51.46,49.94,49.75
25210,81.96,64.91,51.43,49.94,49.75
25211,81.96,64.8,51.41,49.94,49.75
25212,81.95,64.69,51.38,49.94,49.75
25213,81.95,64.58,51.35,49.94,49.74
25214,81.94,64.47,51.33,49.94,49.74
25215,81.93,64.36,51.3,49.94,49.74
25216,81.93,64.25,51.27,49.93,49.74
25217,81.92,64.13,51.24,49.93,49.74
25218,81.92,63.99,51.22,49.93,49.74
25219,81.91,63.85,51.19,49.93,49.74
25220,81.9,63.71,51.16,49.93,49.74
25221,81.9,63.56,51.14,49.93,49.74
25222,81.89,63.42,51.11,49.93,49.74
25223,81.89,63.28,51.08,49.93,49.74
25224,81.88,63.14,51.06,49.93,49.73
25225,81.88,63.0,51.03,49.93,49.73
25226,81.87,62.86,51.0,49.93,49.73
25227,81.86,62.71,50.97,49.93,49.73
25228,81.86,62.57,50.95,49.92,49.73
25229,81.85,62.43,50.92,49.92,49.73
25230,81.84,62.3,50.89,49.92,49.73
25231,81.82,62.23,50.87,49.92,49.73
25232,81.8,62.16,50.84,49.92,49.73
25233,81.77,62.09,50.81,49.92,49.73
25234,81.75,62.02,50.79,49.92,49.72
25235,81.73,61.95,50.76,49.92,49.72
25236,81.7,61.88,50.73,49.92,49.72
25237,81.68,61.81,50.7,49.92,49.72
25238,81.66,61.74,50.68,49.92,49.72
25239,81.63,61.67,50.65,49.92,49.72
25240,81.61,61.6,50.62,49.92,49.72
25241,81.59,61.53,50.6,49.92,49.72
25242,81.57,61.46,50.57,49.92,49.72
25243,81.54,61.4,50.54,49.92,49.72
25244,81.43,61.31,50.53,49.92,49.72
25245,81.3,61.21,50.53,49.92,49.71
25246,81.17,61.12,50.52,49.92,49.71
25247,81.04,61.03,50.51,49.92,49.71
25248,80.91,60.94,50.5,49.92,49.71
25249,80.78,60.84,50.5,49.92,49.71
25250,80.65,60.75,50.49,49.92,49.71
25251,80.52,60.66,50.48,49.92,49.71
25252,80.39,60.57,50.48,49.92,49.71
25253,80.26,60.47,50.47,49.92,49.71
25254,80.13,60.38,50.46,49.92,49.71
25255,80.0,60.29,50.46,49.92,49.71
25256,79.87,60.2,50.45,49.92,49.7
25257,79.74,60.11,50.44,49.92,49.7
25258,79.61,60.04,50.44,49.92,49.7
25259,79.48,59.96,50.43,49.92,49.7
25260,79.35,59.89,50.42,49.92,49.7
25261,79.22,59.81,50.41,49.92,49.7
25262,79.09,59.74,50.41,49.92,49.7
25263,78.96,59.66,50.4,49.92,49.7
25264,78.83,59.59,50.39,49.92,49.7
25265,78.7,59.51,50.39,49.92,49.7
25266,78.57,59.44,50.38,49.92,49.69
25267,78.44,59.36,50.37,49.92,49.69
25268,78.31,59.28,50.37,49.92,49.69
25269,78.18,59.21,50.36,49.92,49.69
25270,78.05,59.13,50.35,49.92,49.69
25271,77.92,59.05,50.35,49.92,49.69
25272,77.79,58.97,50.34,49.92,49.69
25273,77.67,58.89,50.33,49.92,49.69
25274,77.54,58.81,50.32,49.92,49.69
25275,77.41,58.73,50.32,49.92,49.69
25276,77.28,58.65,50.31,49.92,49.69
25277,77.15,58.57,50.3,49.92,49.68
25278,77.02,58.48,50.3,49.92,49.68
25279,76.89,58.4,50.29,49.92,49.68
25280,76.76,58.32,50.28,49.92,49.68
25281,76.63,58.24,50.28,49.92,49.68
25282,76.5,58.16,50.27,49.92,49.68
25283,76.37,58.08,50.26,49.92,49.68
25284,76.24,58.04,50.25,49.92,49.68
25285,76.11,58.0,50.25,49.92,49.68
25286,75.98,57.96,50.24,49.92,49.68
25287,75.85,57.92,50.23,49.92,49.67
25288,75.72,57.88,50.23,49.92,49.67
25289,75.59,57.84,50.22,49.92,49.67
25290,75.46,57.79,50.21,49.92,49.67
25291,75.33,57.75,50.21,49.92,49.67
25292,75.2,57.71,50.2,49.92,49.67
25293,75.07,57.67,50.19,49.92,49.67
25294,74.94,57.63,50.19,49.92,49.67
25295,74.81,57.59,50.18,49.92,49.67
25296,74.68,57.55,50.17,49.92,49.67
25297,74.55,57.46,50.16,49.92,49.67
25298,74.42,57.34,50.16,49.92,49.66
25299,74.29,57.23,50.15,49.92,49.66
25300,74.16,57.11,50.14,49.92,49.66
25301,74.03,56.99,50.14,49.92,49.66
25302,73.9,56.88,50.13,49.92,49.66
25303,73.77,56.76,50.12,49.92,49.66
25304,73.64,56.64,50.12,49.92,49.66
25305,73.51,56.53,50.11,49.92,49.66
25306,73.38,56.41,50.1,49.92,49.66
25307,73.25,56.29,50.1,49.92,49.66
25308,73.12,56.18,50.09,49.92,49.65
25309,72.99,56.06,50.08,49.92,49.65
25310,72.86,55.96,50.08,49.92,49.65
25311,72.73,55.89,50.08,49.92,49.65
25312,72.6,55.83,50.08,49.92,49.65
25313,72.47,55.76,50.08,49.92,49.65
25314,72.34,55.69,50.08,49.92,49.65
25315,72.21,55.62,50.08,49.92,49.65
25316,72.08,55.55,50.08,49.92,49.65
25317,71.95,55.48,50.08,49.92,49.65
25318,71.82,55.41,50.08,49.92,49.65
25319,71.69,55.35,50.08,49.92,49.64
25320,71.56,55.28,50.08,49.92,49.64
25321,71.44,55.21,50.08,49.92,49.64
25322,71.31,55.14,50.08,49.92,49.64
25323,71.18,55.07,50.08,49.92,49.64
25324,71.05,55.0,50.08,49.92,49.64
25325,70.92,54.92,50.08,49.92,49.64
25326,70.79,54.84,50.08,49.92,49.64
25327,70.66,54.77,50.08,49.92,49.64
25328,70.53,54.69,50.08,49.92,49.64
25329,70.4,54.62,50.08,49.92,49.63
25330,70.27,54.54,50.08,49.92,49.63
25331,70.14,54.47,50.08,49.92,49.63
25332,70.01,54.39,50.08,49.92,49.63
25333,69.88,54.32,50.08,49.92,49.63
25334,69.75,54.24,50.08,49.92,49.63
25335,69.62,54.17,50.08,49.92,49.63
25336,69.49,54.09,50.08,49.92,49.63
25337,69.43,54.04,50.08,49.92,49.63
25338,69.38,53.98,50.08,49.92,49.63
25339,69.34,53.93,50.08,49.92,49.63
25340,69.29,53.88,50.08,49.92,49.62
25341,69.25,53.83,50.08,49.92,49.62
25342,69.21,53.78,50.08,49.92,49.62
25343,69.16,53.72,50.08,49.92,49.62
25344,69.12,53.67,50.08,49.92,49.62
25345,69.07,53.62,50.08,49.92,49.62
25346,69.03,53.57,50.08,49.92,49.62
25347,68.99,53.51,50.08,49.92,49.62
25348,68.94,53.46,50.08,49.92,49.62
25349,68.9,53.41,50.08,49.92,49.62
25350,68.87,53.36,50.08,49.92,49.61
25351,68.84,53.32,50.08,49.92,49.61
25352,68.82,53.27,50.08,49.92,49.61
25353,68.79,53.22,50.08,49.92,49.61
25354,68.77,53.18,50.08,49.92,49.61
25355,68.75,53.13,50.08,49.92,49.61
25356,68.72,53.08,50.08,49.92,49.61
25357,68.7,53.04,50.08,49.92,49.61
25358,68.67,52.99,50.08,49.92,49.61
25359,68.65,52.94,50.08,49.92,49.6
25360,68.63,52.9,50.08,49.92,49.6
25361,68.6,52.85,50.08,49.92,49.6
25362,68.58,52.81,50.08,49.92,49.6
25363,68.56,52.76,50.08,49.92,49.6
25364,68.53,52.73,50.08,49.92,49.6
25365,68.51,52.69,50.08,49.92,49.6
25366,68.48,52.66,50.08,49.92,49.6
25367,68.46,52.62,50.08,49.92,49.59
25368,68.44,52.59,50.08,49.92,49.59
25369,68.41,52.55,50.08,49.92,49.59
25370,68.39,52.52,50.08,49.92,49.59
25371,68.37,52.48,50.08,49.92,49.59
25372,68.34,52.45,50.08,49.92,49.59
25373,68.32,52.41,50.08,49.92,49.59
25374,68.29,52.38,50.08,49.92,49.59
25375,68.27,52.35,50.08,49.92,49.59
25376,68.25,52.31,50.08,49.92,49.58
25377,67.97,52.26,50.08,49.92,49.58
25378,67.67,52.21,50.08,49.92,49.58
25379,67.36,52.16,50.08,49.92,49.58
25380,67.06,52.1,50.08,49.92,49.58
25381,66.76,52.05,50.08,49.92,49.58
25382,66.46,52.0,50.08,49.92,49.58
25383,66.16,51.95,50.08,49.92,49.58
25384,65.85,51.9,50.08,49.92,49.57
25385,65.55,51.84,50.08,49.92,49.57
25386,65.25,51.79,50.08,49.92,49.57
25387,64.95,51.74,50.08,49.92,49.57
25388,64.65,51.69,50.08,49.92,49.57
25389,64.34,51.64,50.08,49.92,49.57
25390,64.17,51.6,50.08,49.92,49.57
25391,64.06,51.57,50.08,49.92,49.57
25392,63.96,51.54,50.08,49.92,49.56
25393,63.85,51.51,50.08,49.92,49.56
25394,63.75,51.48,50.08,49.92,49.56
25395,63.65,51.45,50.08,49.92,49.56
25396,63.54,51.42,50.08,49.92,49.56
25397,63.44,51.39,50.08,49.92,49.56
25398,63.33,51.37,50.08,49.92,49.56
25399,63.23,51.34,50.08,49.92,49.56
25400,63.12,51.31,50.08,49.92,49.56
25401,63.02,51.28,50.08,49.92,49.55
25402,62.92,51.25,50.08,49.92,49.55
25403,62.91,51.22,50.08,49.92,49.55
25404,63.1,51.2,50.08,49.92,49.55
25405,63.29,51.18,50.08,49.92,49.55
25406,63.48,51.16,50.08,49.92,49.55
25407,63.67,51.14,50.08,49.92,49.55
25408,63.86,51.12,50.08,49.92,49.55
25409,64.05,51.1,50.08,49.92,49.54
25410,64.25,51.08,50.08,49.92,49.54
25411,64.44,51.06,50.08,49.92,49.54
25412,64.63,51.04,50.08,49.92,49.54
25413,64.82,51.02,50.08,49.92,49.54
25414,65.01,51.0,50.08,49.92,49.54
25415,65.2,50.98,50.08,49.92,49.54
25416,65.38,50.96,50.08,49.92,49.54
25417,65.17,50.94,50.08,49.92,49.54
25418,64.97,50.92,50.08,49.92,49.53
25419,64.77,50.9,50.08,49.92,49.53
25420,64.57,50.88,50.08,49.92,49.53
25421,64.36,50.86,50.08,49.92,49.53
25422,64.16,50.84,50.08,49.92,49.53
25423,63.96,50.82,50.08,49.92,49.53
25424,63.76,50.8,50.08,49.92,49.53
25425,63.55,50.78,50.08,49.92,49.53
25426,63.35,50.76,50.08,49.92,49.52
25427,63.15,50.74,50.08,49.92,49.52
25428,62.95,50.72,50.08,49.92,49.52
25429,62.74,50.7,50.08,49.92,49.52
25430,62.54,50.68,50.08,49.92,49.52
25431,62.34,50.67,50.08,49.92,49.52
25432,62.14,50.66,50.08,49.92,49.52
25433,61.93,50.65,50.08,49.92,49.52
25434,61.73,50.64,50.08,49.92,49.52
25435,61.53,50.63,50.08,49.92,49.51
25436,61.33,50.61,50.08,49.92,49.51
25437,61.12,50.6,50.08,49.92,49.51
25438,60.92,50.59,50.08,49.92,49.51
25439,60.72,50.58,50.08,49.92,49.51
25440,60.52,50.57,50.08,49.92,49.51
25441,60.31,50.56,50.08,49.92,49.51
25442,60.11,50.54,50.08,49.92,49.51
25443,59.99,50.53,50.08,49.92,49.5
25444,59.95,50.52,50.08,49.92,49.5
25445,59.92,50.51,50.08,49.92,49.5
25446,59.89,50.5,50.08,49.92,49.5
25447,59.86,50.49,50.08,49.92,49.5
25448,59.82,50.48,50.08,49.92,49.5
25449,59.79,50.46,50.08,49.92,49.5
25450,59.76,50.45,50.08,49.92,49.5
25451,59.73,50.44,50.08,49.92,49.49
25452,59.69,50.43,50.08,49.92,49.49
25453,59.66,50.42,50.08,49.92,49.49
25454,59.63,50.41,50.08,49.92,49.49
25455,59.6,50.39,50.08,49.92,49.49
25456,59.56,50.38,50.08,49.92,49.49
25457,59.53,50.36,50.08,49.92,49.49
25458,59.5,50.35,50.08,49.92,49.49
25459,59.47,50.33,50.08,49.92,49.49
25460,59.43,50.31,50.08,49.92,49.48
25461,59.4,50.3,50.08,49.92,49.48
25462,59.37,50.28,50.08,49.92,49.48
25463,59.34,50.26,50.08,49.92,49.48
25464,59.3,50.24,50.08,49.92,49.48
25465,59.27,50.23,50.08,49.92,49.48
25466,59.24,50.21,50.08,49.92,49.48
25467,59.21,50.19,50.08,49.92,49.48
25468,59.17,50.17,50.08,49.92,49.47
25469,59.14,50.16,50.08,49.92,49.47
25470,59.11,50.15,50.08,49.92,49.47
25471,59.08,50.14,50.08,49.92,49.47
25472,59.04,50.14,50.08,49.92,49.47
25473,59.01,50.13,50.08,49.92,49.47
25474,58.98,50.13,50.08,49.92,49.47
25475,58.95,50.12,50.08,49.92,49.47
25476,58.91,50.11,50.08,49.92,49.47
25477,58.88,50.11,50.08,49.92,49.46
25478,58.85,50.1,50.08,49.92,49.46
25479,58.82,50.1,50.08,49.92,49.46
25480,58.78,50.09,50.08,49.92,49.46
25481,58.75,50.09,50.08,49.92,49.46
25482,58.72,50.08,50.08,49.92,49.46
25483,58.69,50.08,50.08,49.92,49.46
25484,58.65,50.08,50.08,49.92,49.46
25485,58.62,50.08,50.08,49.92,49.45
25486,58.59,50.08,50.08,49.92,49.45
25487,58.56,50.08,50.08,49.92,49.45
25488,58.52,50.08,50.08,49.92,49.45
25489,58.49,50.08,50.08,49.92,49.45
25490,58.46,50.08,50.08,49.92,49.45
25491,58.43,50.08,50.08,49.92,49.45
25492,58.39,50.08,50.08,49.92,49.45
25493,58.36,50.08,50.08,49.92,49.45
25494,58.33,50.08,50.08,49.92,49.44
25495,58.3,50.08,50.08,49.92,49.44
25496,58.26,50.08,50.08,49.92,49.44
25497,58.23,50.08,50.08,49.92,49.44
25498,58.2,50.08,50.08,49.92,49.44
25499,58.17,50.08,50.08,49.92,49.44
25500,58.13,50.08,50.08,49.92,49.44
25501,58.1,50.08,50.08,49.92,49.44
25502,58.07,50.08,50.08,49.92,49.43
25503,58.04,50.08,50.08,49.92,49.43
25504,58.0,50.08,50.08,49.92,49.43
25505,57.97,50.08,50.08,49.92,49.43
25506,57.94,50.08,50.08,49.92,49.43
25507,57.91,50.08,50.08,49.92,49.43
25508,57.87,50.08,50.08,49.92,49.43
25509,57.84,50.08,50.08,49.92,49.43
25510,57.81,50.08,50.08,49.92,49.42
25511,57.78,50.08,50.08,49.92,49.42
25512,57.74,50.08,50.08,49.91,49.42
25513,57.71,50.08,50.08,49.91,49.42
25514,57.68,50.08,50.08,49.91,49.42
25515,57.65,50.08,50.08,49.91,49.42
25516,57.61,50.08,50.08,49.9,49.42
25517,57.58,50.08,50.08,49.9,49.42
25518,57.55,50.08,50.08,49.9,49.42
25519,57.52,50.08,50.08,49.89,49.41
25520,57.48,50.08,50.08,49.89,49.41
25521,57.45,50.08,50.08,49.89,49.41
25522,57.42,50.08,50.08,49.89,49.41
25523,57.39,50.08,50.08,49.88,49.41
25524,57.35,50.08,50.08,49.88,49.41
25525,57.32,50.08,50.08,49.88,49.41
25526,57.29,50.08,50.08,49.87,49.41
25527,57.26,50.08,50.08,49.87,49.4
25528,57.22,50.08,50.08,49.87,49.4
25529,57.19,50.08,50.08,49.87,49.4
25530,57.16,50.08,50.08,49.86,49.4
25531,57.13,50.08,50.08,49.86,49.4
25532,57.09,50.08,50.08,49.86,49.4
25533,57.06,50.08,50.08,49.85,49.4
25534,57.03,50.08,50.08,49.85,49.4
25535,57.0,50.08,50.08,49.85,49.4
25536,56.96,50.08,50.08,49.85,49.39
25537,56.93,50.08,50.08,49.85,49.39
25538,56.9,50.08,50.08,49.85,49.39
25539,56.87,50.08,50.08,49.85,49.39
25540,56.83,50.08,50.08,49.85,49.39
25541,56.8,50.08,50.08,49.85,49.39
25542,56.77,50.08,50.08,49.85,49.39
25543,56.74,50.08,50.08,49.85,49.39
25544,56.7,50.08,50.08,49.85,49.38
25545,56.67,50.08,50.08,49.85,49.38
25546,56.64,50.08,50.08,49.85,49.38
25547,56.61,50.08,50.08,49.85,49.38
25548,56.57,50.08,50.08,49.85,49.38
25549,56.54,50.08,50.08,49.85,49.38
25550,56.51,50.08,50.08,49.85,49.38
25551,56.48,50.08,50.08,49.85,49.38
25552,56.44,50.08,50.08,49.85,49.38
25553,56.41,50.08,50.08,49.85,49.37
25554,56.38,50.08,50.08,49.85,49.37
25555,56.35,50.08,50.08,49.85,49.37
25556,56.31,50.08,50.08,49.85,49.37
25557,56.28,50.08,50.08,49.85,49.37
25558,56.25,50.08,50.08,49.85,49.37
25559,56.22,50.08,50.08,49.85,49.37
25560,56.18,50.08,50.08,49.85,49.37
25561,56.15,50.08,50.08,49.85,49.36
25562,56.12,50.08,50.08,49.85,49.36
25563,56.09,50.08,50.08,49.85,49.36
25564,56.05,50.07,50.08,49.85,49.36
25565,56.02,50.07,50.08,49.85,49.36
25566,55.99,50.07,50.08,49.85,49.36
25567,55.96,50.07,50.08,49.85,49.36
25568,55.92,50.07,50.08,49.85,49.36
25569,55.89,50.07,50.08,49.85,49.35
25570,55.86,50.07,50.08,49.85,49.35
25571,55.83,50.07,50.08,49.85,49.35
25572,55.79,50.07,50.08,49.85,49.35
25573,55.76,50.06,50.08,49.85,49.35
25574,55.73,50.06,50.08,49.85,49.35
25575,55.7,50.06,50.08,49.85,49.35
25576,55.66,50.06,50.08,49.85,49.35
25577,55.63,50.06,50.08,49.85,49.35
25578,55.6,50.06,50.08,49.85,49.34
25579,55.57,50.06,50.08,49.85,49.34
25580,55.53,50.06,50.08,49.85,49.34
25581,55.5,50.06,50.08,49.85,49.34
25582,55.47,50.05,50.08,49.85,49.34
25583,55.44,50.05,50.08,49.85,49.34
25584,55.4,50.05,50.08,49.85,49.34
25585,55.37,50.05,50.08,49.85,49.34
25586,55.34,50.05,50.08,49.85,49.33
25587,55.31,50.05,50.08,49.85,49.33
25588,55.27,50.05,50.08,49.85,49.33
25589,55.24,50.05,50.08,49.85,49.33
25590,55.21,50.04,50.08,49.85,49.33
25591,55.18,50.04,50.08,49.85,49.33
25592,55.14,50.04,50.08,49.85,49.33
25593,55.11,50.04,50.08,49.85,49.33
25594,55.08,50.04,50.08,49.85,49.33
25595,55.05,50.04,50.08,49.85,49.32
25596,55.01,50.04,50.08,49.85,49.32
25597,54.98,50.04,50.08,49.85,49.32
25598,54.95,50.04,50.08,49.85,49.32
25599,54.92,50.03,50.08,49.85,49.32
25600,54.88,50.03,50.08,49.85,49.32
25601,54.85,50.03,50.08,49.85,49.32
25602,54.82,50.03,50.08,49.85,49.32
25603,54.79,50.03,50.08,49.84,49.31
25604,54.75,50.03,50.08,49.83,49.31
25605,54.72,50.03,50.08,49.83,49.31
25606,54.69,50.03,50.08,49.82,49.31
25607,54.66,50.03,50.08,49.82,49.31
25608,54.62,50.02,50.08,49.81,49.31
25609,54.59,50.02,50.08,49.81,49.31
25610,54.56,50.02,50.08,49.8,49.31
25611,54.53,50.02,50.08,49.79,49.3
25612,54.49,50.02,50.08,49.79,49.3
25613,54.46,50.02,50.08,49.78,49.3
25614,54.43,50.02,50.08,49.78,49.3
25615,54.4,50.02,50.08,49.77,49.3
25616,54.27,50.01,50.08,49.77,49.3
25617,54.08,50.01,50.08,49.77,49.3
25618,53.9,50.01,50.08,49.77,49.3
25619,53.71,50.01,50.08,49.77,49.3
25620,53.52,50.01,50.08,49.77,49.29
25621,53.34,50.01,50.08,49.77,49.29
25622,53.15,50.01,50.08,49.77,49.29
25623,52.97,50.01,50.08,49.77,49.29
25624,52.78,50.01,50.08,49.77,49.29
25625,52.6,50.0,50.08,49.77,49.29
25626,52.41,50.0,50.08,49.77,49.29
25627,52.23,50.0,50.08,49.77,49.29
25628,52.04,50.0,50.08,49.77,49.28
25629,51.94,50.0,50.08,49.77,49.28
25630,51.97,50.0,50.08,49.78,49.28
25631,52.01,50.0,50.08,49.78,49.28
25632,52.04,50.0,50.08,49.79,49.28
25633,52.08,49.99,50.08,49.79,49.28
25634,52.12,49.99,50.08,49.8,49.28
25635,52.15,49.99,50.08,49.81,49.28
25636,52.19,49.99,50.08,49.81,49.28
25637,52.23,49.99,50.08,49.82,49.27
25638,52.26,49.99,50.08,49.82,49.27
25639,52.3,49.99,50.08,49.83,49.27
25640,52.33,49.99,50.08,49.83,49.27
25641,52.37,49.99,50.08,49.84,49.27
25642,52.41,49.98,50.08,49.85,49.27
25643,52.44,49.98,50.08,49.84,49.27
25644,52.48,49.98,50.08,49.83,49.27
25645,52.51,49.98,50.08,49.83,49.26
25646,52.55,49.98,50.08,49.82,49.26
25647,52.59,49.98,50.08,49.82,49.26
25648,52.62,49.98,50.08,49.81,49.26
25649,52.66,49.98,50.08,49.81,49.26
25650,52.7,49.98,50.08,49.8,49.26
25651,52.73,49.97,50.08,49.79,49.26
25652,52.77,49.97,50.08,49.79,49.26
25653,52.8,49.97,50.08,49.78,49.26
25654,52.84,49.97,50.08,49.78,49.25
25655,52.88,49.97,50.08,49.77,49.25
25656,52.91,49.97,50.08,49.77,49.25
25657,52.95,49.97,50.08,49.78,49.25
25658,52.98,49.97,50.08,49.79,49.25
25659,53.02,49.96,50.08,49.79,49.25
25660,53.06,49.96,50.08,49.8,49.25
25661,53.09,49.96,50.08,49.8,49.25
25662,53.13,49.96,50.08,49.81,49.24
25663,53.17,49.96,50.08,49.81,49.24
25664,53.2,49.96,50.08,49.82,49.24
25665,53.24,49.96,50.08,49.83,49.24
25666,53.27,49.96,50.08,49.83,49.24
25667,53.31,49.96,50.08,49.84,49.24
25668,53.35,49.95,50.08,49.84,49.24
25669,53.38,49.95,50.08,49.85,49.24
25670,53.42,49.95,50.08,49.84,49.23
25671,53.45,49.95,50.08,49.84,49.23
25672,53.49,49.95,50.08,49.84,49.23
25673,53.53,49.95,50.08,49.84,49.23
25674,53.56,49.95,50.08,49.84,49.23
25675,53.6,49.95,50.08,49.83,49.23
25676,53.64,49.95,50.08,49.83,49.23
25677,53.67,49.94,50.08,49.83,49.23
25678,53.71,49.94,50.08,49.83,49.23
25679,53.74,49.94,50.08,49.83,49.22
25680,53.78,49.94,50.08,49.82,49.22
25681,53.82,49.94,50.08,49.82,49.22
25682,53.83,49.94,50.08,49.82,49.22
25683,53.72,49.94,50.08,49.82,49.22
25684,53.62,49.94,50.08,49.82,49.22
25685,53.52,49.93,50.08,49.81,49.22
25686,53.41,49.93,50.08,49.81,49.22
25687,53.31,49.93,50.08,49.81,49.21
25688,53.2,49.93,50.08,49.81,49.21
25689,53.1,49.93,50.08,49.81,49.21
25690,52.99,49.93,50.08,49.8,49.21
25691,52.89,49.93,50.08,49.8,49.21
25692,52.79,49.93,50.08,49.8,49.21
25693,52.68,49.93,50.08,49.8,49.21
25694,52.58,49.92,50.08,49.8,49.21
25695,52.47,49.92,50.08,49.8,49.21
25696,52.37,49.92,50.08,49.79,49.2
25697,52.27,49.92,50.08,49.79,49.2
25698,52.16,49.92,50.08,49.79,49.2
25699,52.06,49.92,50.08,49.79,49.2
25700,51.95,49.92,50.08,49.79,49.2
25701,51.85,49.92,50.08,49.78,49.2
25702,51.74,49.92,50.08,49.78,49.2
25703,51.64,49.92,50.08,49.78,49.2
25704,51.54,49.92,50.08,49.78,49.19
25705,51.43,49.92,50.08,49.78,49.19
25706,51.33,49.92,50.08,49.77,49.19
25707,51.22,49.92,50.08,49.77,49.19
25708,51.12,49.92,50.08,49.77,49.19
25709,51.08,49.92,50.08,49.77,49.19
25710,51.09,49.92,50.08,49.77,49.19
25711,51.09,49.92,50.08,49.77,49.19
25712,51.1,49.92,50.08,49.77,49.19
25713,51.1,49.92,50.08,49.77,49.18
25714,51.11,49.92,50.08,49.77,49.18
25715,51.12,49.92,50.08,49.77,49.18
25716,51.12,49.92,50.08,49.77,49.18
25717,51.13,49.92,50.08,49.77,49.18
25718,51.13,49.92,50.08,49.77,49.18
25719,51.14,49.92,50.08,49.77,49.18
25720,51.14,49.92,50.08,49.77,49.18
25721,51.15,49.92,50.08,49.77,49.17
25722,51.16,49.92,50.08,49.77,49.17
25723,51.18,49.92,50.08,49.77,49.17
25724,51.2,49.92,50.08,49.77,49.17
25725,51.21,49.92,50.08,49.77,49.17
25726,51.23,49.92,50.08,49.77,49.17
25727,51.25,49.92,50.08,49.77,49.17
25728,51.27,49.92,50.08,49.77,49.17
25729,51.29,49.92,50.08,49.77,49.16
25730,51.3,49.92,50.08,49.77,49.16
25731,51.32,49.92,50.08,49.77,49.16
25732,51.34,49.92,50.08,49.77,49.16
25733,51.36,49.92,50.08,49.77,49.16
25734,51.38,49.92,50.08,49.77,49.16
25735,51.4,49.92,50.08,49.77,49.16
25736,51.41,49.92,50.08,49.77,49.16
25737,51.43,49.92,50.08,49.77,49.16
25738,51.45,49.92,50.08,49.77,49.15
25739,51.47,49.92,50.08,49.77,49.15
25740,51.49,49.92,50.08,49.77,49.15
25741,51.5,49.92,50.08,49.77,49.15
25742,51.52,49.92,50.08,49.77,49.15
25743,51.54,49.92,50.08,49.77,49.15
25744,51.56,49.92,50.08,49.77,49.15
25745,51.58,49.92,50.08,49.77,49.15
25746,51.6,49.92,50.08,49.77,49.14
25747,51.61,49.92,50.08,49.77,49.14
25748,51.63,49.92,50.08,49.77,49.14
25749,51.65,49.92,50.08,49.77,49.14
25750,51.67,49.92,50.08,49.77,49.14
25751,51.69,49.92,50.08,49.77,49.14
25752,51.7,49.92,50.08,49.77,49.14
25753,51.72,49.92,50.08,49.77,49.14
25754,51.74,49.92,50.08,49.77,49.14
25755,51.76,49.92,50.08,49.77,49.13
25756,51.78,49.92,50.08,49.77,49.13
25757,51.8,49.92,50.08,49.77,49.13
25758,51.81,49.92,50.08,49.77,49.13
25759,51.83,49.92,50.08,49.77,49.13
25760,51.85,49.92,50.08,49.77,49.13
25761,51.87,49.92,50.08,49.77,49.13
25762,51.89,49.92,50.08,49.77,49.13
25763,51.9,49.91,50.08,49.77,49.12
25764,51.92,49.91,50.08,49.77,49.12
25765,51.94,49.91,50.08,49.77,49.12
25766,51.96,49.91,50.08,49.77,49.12
25767,51.98,49.91,50.08,49.77,49.12
25768,52.0,49.91,50.08,49.77,49.12
25769,52.01,49.91,50.08,49.77,49.12
25770,52.03,49.91,50.08,49.77,49.12
25771,52.05,49.91,50.08,49.77,49.12
25772,52.07,49.91,50.08,49.77,49.11
25773,52.09,49.91,50.08,49.77,49.11
25774,52.11,49.91,50.08,49.77,49.11
25775,52.12,49.91,50.08,49.77,49.11
25776,52.14,49.91,50.08,49.77,49.11
25777,52.16,49.91,50.08,49.77,49.11
25778,52.18,49.91,50.08,49.77,49.11
25779,52.2,49.91,50.08,49.77,49.11
25780,52.21,49.91,50.08,49.77,49.1
25781,52.23,49.91,50.08,49.77,49.1
25782,52.25,49.9,50.08,49.77,49.1
25783,52.27,49.9,50.08,49.77,49.1
25784,52.29,49.9,50.08,49.77,49.1
25785,52.31,49.9,50.08,49.77,49.1
25786,52.32,49.9,50.08,49.77,49.1
25787,52.34,49.9,50.08,49.77,49.1
25788,52.36,49.9,50.08,49.77,49.09
25789,52.38,49.9,50.08,49.77,49.09
25790,52.4,49.9,50.08,49.77,49.09
25791,52.41,49.9,50.08,49.77,49.09
25792,52.43,49.9,50.08,49.77,49.09
25793,52.45,49.9,50.08,49.77,49.09
25794,52.47,49.9,50.08,49.77,49.09
25795,52.49,49.9,50.08,49.77,49.09
25796,52.51,49.9,50.08,49.77,49.09
25797,52.52,49.9,50.08,49.77,49.08
25798,52.54,49.9,50.08,49.77,49.08
25799,52.56,49.9,50.08,49.77,49.08
25800,52.58,49.89,50.08,49.77,49.08
25801,52.6,49.89,50.08,49.77,49.08
25802,52.61,49.89,50.08,49.77,49.08
25803,52.63,49.89,50.08,49.77,49.08
25804,52.65,49.89,50.08,49.77,49.08
25805,52.67,49.89,50.08,49.77,49.07
25806,52.69,49.89,50.08,49.77,49.07
25807,52.71,49.89,50.08,49.77,49.07
25808,52.72,49.89,50.08,49.77,49.07
25809,52.74,49.89,50.08,49.77,49.07
25810,52.76,49.89,50.08,49.77,49.07
25811,52.78,49.89,50.08,49.77,49.07
25812,52.8,49.89,50.08,49.77,49.07
25813,52.81,49.89,50.08,49.77,49.07
25814,52.83,49.89,50.08,49.77,49.06
25815,52.85,49.89,50.08,49.77,49.06
25816,52.87,49.89,50.08,49.77,49.06
25817,52.89,49.89,50.08,49.77,49.06
25818,52.9,49.88,50.08,49.77,49.06
25819,52.92,49.88,50.08,49.77,49.06
25820,52.94,49.88,50.08,49.77,49.06
25821,52.95,49.88,50.08,49.77,49.06
25822,52.97,49.88,50.08,49.77,49.05
25823,52.99,49.88,50.08,49.77,49.05
25824,53.01,49.88,50.08,49.77,49.05
25825,53.02,49.88,50.08,49.77,49.05
25826,53.04,49.88,50.08,49.77,49.05
25827,53.06,49.88,50.08,49.77,49.05
25828,53.08,49.88,50.08,49.77,49.05
25829,53.11,49.88,50.08,49.77,49.05
25830,53.14,49.88,50.08,49.77,49.05
25831,53.18,49.88,50.08,49.77,49.04
25832,53.21,49.88,50.08,49.77,49.04
25833,53.25,49.88,50.08,49.77,49.04
25834,53.28,49.88,50.08,49.77,49.04
25835,53.32,49.88,50.08,49.77,49.04
25836,53.35,49.87,50.08,49.77,49.04
25837,53.39,49.87,50.08,49.77,49.04
25838,53.42,49.87,50.08,49.77,49.04
25839,53.46,49.87,50.08,49.77,49.03
25840,53.49,49.87,50.08,49.77,49.03
25841,53.53,49.87,50.08,49.77,49.03
25842,53.56,49.87,50.08,49.77,49.03
25843,53.6,49.87,50.08,49.76,49.03
25844,53.63,49.87,50.08,49.75,49.03
25845,53.67,49.87,50.08,49.75,49.03
25846,53.7,49.87,50.08,49.74,49.03
25847,53.74,49.87,50.08,49.74,49.02
25848,53.77,49.87,50.08,49.73,49.02
25849,53.8,49.87,50.08,49.72,49.02
25850,53.84,49.87,50.08,49.72,49.02
25851,53.87,49.87,50.08,49.71,49.02
25852,53.91,49.87,50.08,49.71,49.02
25853,53.94,49.87,50.08,49.7,49.02
25854,53.98,49.86,50.08,49.7,49.02
25855,54.01,49.86,50.08,49.69,49.02
25856,54.05,49.86,50.08,49.69,49.01
25857,54.08,49.86,50.08,49.69,49.01
25858,54.12,49.86,50.08,49.69,49.01
25859,54.15,49.86,50.08,49.69,49.01
25860,54.19,49.86,50.08,49.69,49.01
25861,54.22,49.86,50.08,49.69,49.01
25862,54.26,49.86,50.08,49.69,49.01
25863,54.29,49.86,50.08,49.69,49.01
25864,54.33,49.86,50.08,49.69,49.0
25865,54.36,49.86,50.08,49.69,49.0
25866,54.39,49.86,50.08,49.69,49.0
25867,54.43,49.86,50.08,49.69,49.0
25868,54.46,49.86,50.08,49.69,49.0
25869,54.5,49.86,50.08,49.69,49.0
25870,54.53,49.86,50.08,49.69,49.01
25871,54.57,49.86,50.08,49.69,49.01
25872,54.6,49.85,50.08,49.69,49.01
25873,54.64,49.85,50.08,49.69,49.01
25874,54.67,49.85,50.08,49.69,49.02
25875,54.71,49.85,50.08,49.69,49.02
25876,54.74,49.85,50.08,49.69,49.02
25877,54.78,49.85,50.08,49.69,49.03
25878,54.81,49.85,50.08,49.69,49.03
25879,54.85,49.85,50.08,49.69,49.03
25880,54.88,49.85,50.08,49.69,49.03
25881,54.92,49.85,50.08,49.69,49.04
25882,54.95,49.85,50.08,49.69,49.04
25883,54.99,49.85,50.08,49.68,49.04
25884,55.02,49.85,50.08,49.68,49.05
25885,55.05,49.85,50.08,49.67,49.05
25886,55.09,49.85,50.08,49.66,49.05
25887,55.12,49.85,50.08,49.66,49.06
25888,55.16,49.85,50.08,49.65,49.06
25889,55.19,49.85,50.08,49.65,49.06
25890,55.23,49.84,50.08,49.64,49.06
25891,55.26,49.84,50.08,49.64,49.07
25892,55.3,49.84,50.08,49.63,49.07
25893,55.33,49.84,50.08,49.62,49.07
25894,55.37,49.84,50.08,49.62,49.08
25895,55.38,49.84,50.08,49.62,49.08
25896,55.37,49.84,50.08,49.62,49.08
25897,55.37,49.84,50.08,49.62,49.08
25898,55.36,49.84,50.08,49.62,49.09
25899,55.35,49.84,50.08,49.62,49.09
25900,55.34,49.84,50.08,49.62,49.09
25901,55.34,49.84,50.08,49.62,49.1
25902,55.33,49.84,50.08,49.62,49.1
25903,55.32,49.84,50.08,49.62,49.1
25904,55.32,49.84,50.08,49.62,49.1
25905,55.31,49.84,50.08,49.62,49.11
25906,55.3,49.84,50.08,49.62,49.11
25907,55.29,49.84,50.08,49.62,49.11
25908,55.29,49.84,50.08,49.62,49.12
25909,55.28,49.83,50.08,49.62,49.12
25910,55.27,49.83,50.08,49.62,49.12
25911,55.27,49.83,50.08,49.62,49.12
25912,55.26,49.83,50.08,49.62,49.13
25913,55.25,49.83,50.08,49.62,49.13
25914,55.24,49.83,50.08,49.62,49.13
25915,55.24,49.83,50.08,49.62,49.14
25916,55.23,49.83,50.08,49.62,49.14
25917,55.22,49.83,50.08,49.62,49.14
25918,55.21,49.83,50.08,49.62,49.14
25919,55.21,49.83,50.08,49.62,49.15
25920,55.2,49.83,50.08,49.62,49.15
25921,55.19,49.83,50.08,49.62,49.15
25922,55.19,49.83,50.08,49.62,49.15
25923,55.18,49.83,50.08,49.62,49.15
25924,55.17,49.83,50.08,49.62,49.15
25925,55.16,49.83,50.08,49.62,49.15
25926,55.16,49.83,50.08,49.62,49.15
25927,55.15,49.82,50.08,49.62,49.15
25928,55.14,49.82,50.08,49.62,49.15
25929,55.14,49.82,50.08,49.62,49.15
25930,55.13,49.82,50.08,49.62,49.15
25931,55.12,49.82,50.08,49.62,49.15
25932,55.11,49.82,50.08,49.62,49.15
25933,55.11,49.82,50.08,49.62,49.15
25934,55.1,49.82,50.08,49.62,49.15
25935,55.09,49.82,50.08,49.62,49.15
25936,55.08,49.82,50.08,49.62,49.15
25937,55.08,49.82,50.08,49.62,49.15
25938,55.07,49.82,50.08,49.62,49.15
25939,55.06,49.82,50.08,49.62,49.15
25940,55.06,49.82,50.08,49.62,49.15
25941,55.05,49.82,50.08,49.62,49.14
25942,55.04,49.82,50.08,49.62,49.14
25943,55.03,49.82,50.08,49.62,49.14
25944,55.03,49.82,50.08,49.62,49.14
25945,55.02,49.81,50.08,49.62,49.14
25946,55.01,49.81,50.08,49.62,49.14
25947,55.0,49.81,50.08,49.62,49.14
25948,55.0,49.81,50.08,49.62,49.14
25949,55.02,49.81,50.08,49.62,49.13
25950,55.03,49.81,50.08,49.62,49.13
25951,55.04,49.81,50.08,49.62,49.13
25952,55.05,49.81,50.08,49.62,49.13
25953,55.06,49.81,50.08,49.62,49.13
25954,55.07,49.81,50.08,49.62,49.13
25955,55.08,49.81,50.08,49.62,49.13
25956,55.1,49.81,50.08,49.62,49.12
25957,55.11,49.81,50.08,49.62,49.12
25958,55.12,49.81,50.08,49.62,49.12
25959,55.13,49.81,50.08,49.62,49.12
25960,55.14,49.81,50.08,49.62,49.12
25961,55.15,49.81,50.08,49.62,49.12
25962,55.09,49.81,50.08,49.62,49.12
25963,55.02,49.8,50.08,49.62,49.11
25964,54.96,49.8,50.08,49.62,49.11
25965,54.9,49.8,50.08,49.62,49.11
25966,54.83,49.8,50.08,49.62,49.11
25967,54.77,49.8,50.08,49.62,49.11
25968,54.71,49.8,50.08,49.62,49.11
25969,54.64,49.8,50.08,49.62,49.11
25970,54.58,49.8,50.08,49.62,49.11
25971,54.52,49.8,50.08,49.62,49.1
25972,54.45,49.8,50.08,49.62,49.1
25973,54.39,49.8,50.08,49.62,49.1
25974,54.32,49.8,50.08,49.62,49.1
25975,54.27,49.8,50.08,49.62,49.1
25976,54.23,49.8,50.08,49.62,49.1
25977,54.18,49.8,50.08,49.62,49.1
25978,54.13,49.8,50.08,49.62,49.09
25979,54.09,49.8,50.08,49.62,49.09
25980,54.04,49.8,50.08,49.62,49.09
25981,54.0,49.79,50.08,49.62,49.09
25982,53.95,49.79,50.08,49.62,49.09
25983,53.9,49.79,50.08,49.62,49.09
25984,53.86,49.79,50.08,49.62,49.09
25985,53.81,49.79,50.08,49.62,49.08
25986,53.76,49.79,50.08,49.62,49.08
25987,53.72,49.79,50.08,49.62,49.08
25988,53.7,49.79,50.08,49.62,49.08
25989,53.71,49.79,50.08,49.62,49.08
25990,53.72,49.79,50.08,49.62,49.08
25991,53.73,49.79,50.08,49.62,49.08
25992,53.74,49.79,50.08,49.62,49.08
25993,53.75,49.79,50.08,49.62,49.07
25994,53.76,49.79,50.08,49.62,49.07
25995,53.77,49.79,50.08,49.62,49.07
25996,53.78,49.79,50.08,49.62,49.07
25997,53.79,49.79,50.08,49.62,49.07
25998,53.8,49.79,50.08,49.62,49.07
25999,53.81,49.78,50.08,49.62,49.07
26000,53.82,49.78,50.08,49.62,49.06
26001,53.83,49.78,50.08,49.62,49.06
26002,53.84,49.78,50.08,49.62,49.06
26003,53.85,49.78,50.08,49.62,49.06
26004,53.86,49.78,50.08,49.62,49.06
26005,53.87,49.78,50.08,49.62,49.06
26006,53.88,49.78,50.08,49.62,49.06
26007,53.89,49.78,50.08,49.62,49.05
26008,53.9,49.78,50.08,49.62,49.05
26009,53.91,49.78,50.08,49.62,49.05
26010,53.92,49.78,50.08,49.62,49.05
26011,53.93,49.78,50.08,49.62,49.05
26012,53.94,49.78,50.08,49.62,49.05
26013,53.95,49.78,50.08,49.62,49.05
26014,53.96,49.78,50.08,49.62,49.05
26015,53.97,49.78,50.08,49.62,49.04
26016,53.98,49.78,50.08,49.62,49.04
26017,53.99,49.77,50.08,49.62,49.04
26018,54.0,49.77,50.08,49.62,49.04
26019,54.01,49.77,50.08,49.62,49.04
26020,54.02,49.77,50.08,49.62,49.04
26021,54.03,49.77,50.08,49.62,49.04
26022,54.04,49.77,50.08,49.62,49.03
26023,54.05,49.77,50.08,49.62,49.03
26024,54.06,49.77,50.08,49.62,49.03
26025,54.07,49.77,50.08,49.62,49.03
26026,54.08,49.77,50.08,49.62,49.03
26027,54.09,49.77,50.08,49.62,49.03
26028,54.1,49.77,50.08,49.62,49.03
26029,54.11,49.77,50.08,49.62,49.03
26030,54.12,49.77,50.08,49.62,49.02
26031,54.13,49.77,50.08,49.62,49.02
26032,54.14,49.77,50.08,49.62,49.02
26033,54.15,49.77,50.08,49.62,49.02
26034,54.16,49.77,50.08,49.62,49.02
26035,54.17,49.77,50.08,49.62,49.02
26036,54.18,49.77,50.08,49.62,49.02
26037,54.19,49.77,50.08,49.62,49.01
26038,54.2,49.77,50.08,49.62,49.01
26039,54.21,49.77,50.08,49.62,49.01
26040,54.22,49.77,50.08,49.62,49.01
26041,54.23,49.77,50.08,49.62,49.01
26042,54.24,49.77,50.08,49.62,49.01
26043,54.25,49.77,50.08,49.62,49.01
26044,54.26,49.77,50.08,49.62,49.0
26045,54.27,49.77,50.08,49.62,49.0
26046,54.28,49.77,50.08,49.62,49.0
26047,54.29,49.77,50.08,49.62,49.0
26048,54.3,49.77,50.08,49.62,49.0
26049,54.31,49.77,50.08,49.62,49.0
26050,54.32,49.77,50.08,49.62,49.0
26051,54.33,49.77,50.08,49.62,49.0
26052,54.34,49.77,50.08,49.62,48.99
26053,54.36,49.77,50.08,49.62,48.99
26054,54.37,49.77,50.08,49.62,48.99
26055,54.38,49.77,50.08,49.62,48.99
26056,54.39,49.77,50.08,49.62,48.99
26057,54.4,49.77,50.08,49.62,48.99
26058,54.41,49.77,50.08,49.62,48.99
26059,54.42,49.77,50.08,49.62,48.98
26060,54.43,49.77,50.08,49.62,48.98
26061,54.44,49.77,50.08,49.62,48.98
26062,54.45,49.77,50.08,49.62,48.98
26063,54.46,49.77,50.08,49.62,48.98
26064,54.47,49.77,50.08,49.62,48.98
26065,54.48,49.77,50.08,49.62,48.98
26066,54.49,49.77,50.08,49.62,48.97
26067,54.5,49.77,50.08,49.62,48.97
26068,54.51,49.77,50.08,49.62,48.97
26069,54.52,49.77,50.08,49.62,48.97
26070,54.53,49.77,50.08,49.62,48.97
26071,54.54,49.77,50.08,49.62,48.97
26072,54.55,49.77,50.08,49.62,48.97
26073,54.56,49.77,50.08,49.62,48.97
26074,54.57,49.77,50.08,49.62,48.96
26075,54.58,49.77,50.08,49.62,48.96
26076,54.59,49.77,50.08,49.62,48.96
26077,54.6,49.77,50.08,49.62,48.96
26078,54.61,49.77,50.08,49.62,48.96
26079,54.62,49.77,50.08,49.62,48.96
26080,54.63,49.77,50.08,49.62,48.96
26081,54.64,49.77,50.08,49.62,48.95
26082,54.65,49.77,50.08,49.62,48.95
26083,54.66,49.77,50.08,49.62,48.95
26084,54.67,49.77,50.08,49.62,48.95
26085,54.68,49.77,50.08,49.62,48.95
26086,54.69,49.77,50.08,49.62,48.95
26087,54.7,49.77,50.08,49.62,48.95
26088,54.71,49.77,50.08,49.62,48.94
26089,54.72,49.77,50.08,49.62,48.94
26090,54.73,49.77,50.08,49.62,48.94
26091,54.74,49.77,50.08,49.62,48.94
26092,54.75,49.77,50.08,49.62,48.94
26093,54.76,49.77,50.08,49.62,48.94
26094,54.77,49.77,50.08,49.62,48.94
26095,54.74,49.77,50.08,49.62,48.94
26096,54.71,49.77,50.08,49.62,48.93
26097,54.68,49.77,50.08,49.62,48.93
26098,54.65,49.77,50.08,49.62,48.93
26099,54.62,49.77,50.08,49.62,48.93
26100,54.59,49.77,50.08,49.62,48.93
26101,54.56,49.77,50.08,49.62,48.93
26102,54.53,49.77,50.08,49.62,48.93
26103,54.51,49.77,50.08,49.62,48.92
26104,54.48,49.77,50.08,49.62,48.92
26105,54.45,49.77,50.08,49.62,48.92
26106,54.42,49.77,50.08,49.62,48.92
26107,54.39,49.77,50.08,49.62,48.92
26108,54.36,49.77,50.08,49.62,48.92
26109,54.33,49.77,50.08,49.62,48.92
26110,54.3,49.77,50.08,49.62,48.91
26111,54.27,49.77,50.08,49.62,48.91
26112,54.25,49.77,50.08,49.62,48.91
26113,54.22,49.77,50.08,49.62,48.91
26114,54.19,49.77,50.08,49.62,48.91
26115,54.16,49.77,50.08,49.62,48.91
26116,54.13,49.77,50.08,49.62,48.91
26117,54.1,49.77,50.08,49.62,48.91
26118,54.07,49.77,50.08,49.62,48.9
26119,54.04,49.77,50.08,49.62,48.9
26120,54.01,49.77,50.08,49.62,48.9
26121,53.99,49.77,50.08,49.62,48.9
26122,53.96,49.77,50.08,49.62,48.9
26123,53.93,49.77,50.08,49.62,48.9
26124,53.9,49.77,50.08,49.62,48.9
26125,53.87,49.77,50.08,49.62,48.89
26126,53.84,49.77,50.08,49.62,48.89
26127,53.81,49.77,50.08,49.62,48.89
26128,53.78,49.77,50.08,49.62,48.89
26129,53.75,49.77,50.08,49.62,48.89
26130,53.72,49.77,50.08,49.62,48.89
26131,53.7,49.77,50.08,49.62,48.89
26132,53.67,49.77,50.08,49.62,48.88
26133,53.64,49.77,50.08,49.62,48.88
26134,53.61,49.77,50.08,49.62,48.88
26135,53.58,49.77,50.08,49.62,48.88
26136,53.55,49.77,50.08,49.62,48.88
26137,53.52,49.77,50.08,49.62,48.88
26138,53.49,49.77,50.08,49.62,48.88
26139,53.46,49.77,50.08,49.62,48.88
26140,53.44,49.77,50.08,49.62,48.87
26141,53.41,49.77,50.08,49.62,48.87
26142,53.38,49.77,50.08,49.62,48.87
26143,53.35,49.77,50.08,49.62,48.87
26144,53.32,49.77,50.08,49.62,48.87
26145,53.29,49.77,50.08,49.62,48.87
26146,53.26,49.77,50.08,49.62,48.87
26147,53.23,49.77,50.08,49.62,48.86
26148,53.2,49.77,50.08,49.62,48.86
26149,53.17,49.77,50.08,49.62,48.86
26150,53.15,49.77,50.08,49.62,48.86
26151,53.12,49.77,50.08,49.62,48.86
26152,53.09,49.77,50.08,49.62,48.86
26153,53.06,49.77,50.08,49.62,48.86
26154,53.03,49.77,50.08,49.62,48.85
26155,53.0,49.77,50.08,49.62,48.85
26156,52.97,49.77,50.08,49.62,48.85
26157,52.94,49.77,50.08,49.62,48.85
26158,52.91,49.77,50.08,49.62,48.85
26159,52.89,49.77,50.08,49.62,48.85
26160,52.86,49.77,50.08,49.62,48.85
26161,52.83,49.77,50.08,49.62,48.85
26162,52.8,49.77,50.08,49.62,48.85
26163,52.77,49.77,50.08,49.62,48.85
26164,52.74,49.77,50.08,49.62,48.85
26165,52.71,49.77,50.08,49.62,48.85
26166,52.68,49.77,50.08,49.62,48.85
26167,52.65,49.77,50.08,49.62,48.85
26168,52.63,49.77,50.08,49.62,48.85
26169,52.6,49.77,50.08,49.62,48.85
26170,52.57,49.77,50.08,49.62,48.85
26171,52.54,49.77,50.08,49.62,48.85
26172,52.51,49.77,50.08,49.62,48.85
26173,52.48,49.77,50.08,49.62,48.85
26174,52.45,49.77,50.08,49.62,48.85
26175,52.42,49.77,50.08,49.62,48.85
26176,52.39,49.77,50.08,49.62,48.85
26177,52.36,49.77,50.08,49.62,48.85
26178,52.34,49.77,50.08,49.62,48.85
26179,52.31,49.77,50.08,49.62,48.85
26180,52.28,49.77,50.08,49.62,48.85
26181,52.25,49.77,50.08,49.62,48.85
26182,52.22,49.77,50.08,49.62,48.85
26183,52.19,49.77,50.08,49.62,48.85
26184,52.16,49.77,50.08,49.62,48.85
26185,52.13,49.77,50.08,49.62,48.85
26186,52.1,49.77,50.08,49.62,48.85
26187,52.08,49.77,50.08,49.62,48.85
26188,52.11,49.77,50.08,49.61,48.85
26189,52.14,49.77,50.08,49.6,48.85
26190,52.17,49.77,50.08,49.6,48.85
26191,52.19,49.77,50.08,49.59,48.85
26192,52.22,49.77,50.08,49.59,48.85
26193,52.25,49.77,50.08,49.58,48.85
26194,52.28,49.77,50.08,49.57,48.85
26195,52.31,49.77,50.08,49.57,48.85
26196,52.34,49.77,50.08,49.56,48.85
26197,52.37,49.77,50.08,49.56,48.85
26198,52.4,49.77,50.08,49.55,48.85
26199,52.43,49.77,50.08,49.55,48.85
26200,52.45,49.77,50.08,49.54,48.85
26201,52.48,49.77,50.08,49.54,48.85
26202,52.51,49.77,50.08,49.54,48.85
26203,52.54,49.77,50.08,49.54,48.85
26204,52.57,49.77,50.08,49.54,48.85
26205,52.6,49.77,50.08,49.54,48.85
26206,52.63,49.77,50.08,49.54,48.85
26207,52.66,49.77,50.08,49.54,48.85
26208,52.69,49.77,50.08,49.54,48.85
26209,52.71,49.77,50.08,49.54,48.85
26210,52.74,49.77,50.08,49.54,48.85
26211,52.77,49.77,50.08,49.54,48.85
26212,52.8,49.77,50.08,49.54,48.85
26213,52.83,49.77,50.08,49.54,48.85
26214,52.85,49.77,50.08,49.54,48.85
26215,52.85,49.77,50.08,49.53,48.85
26216,52.85,49.77,50.08,49.52,48.85
26217,52.85,49.77,50.08,49.52,48.85
26218,52.85,49.77,50.08,49.51,48.85
26219,52.85,49.77,50.08,49.51,48.85
26220,52.85,49.77,50.08,49.5,48.85
26221,52.85,49.77,50.08,49.5,48.85
26222,52.85,49.77,50.08,49.49,48.85
26223,52.85,49.77,50.08,49.48,48.85
26224,52.85,49.77,50.08,49.48,48.85
26225,52.85,49.77,50.08,49.47,48.85
26226,52.85,49.77,50.08,49.47,48.85
26227,52.85,49.77,50.08,49.46,48.85
26228,52.85,49.77,50.08,49.46,48.85
26229,52.85,49.77,50.08,49.46,48.85
26230,52.85,49.77,50.08,49.46,48.85
26231,52.85,49.77,50.08,49.46,48.85
26232,52.85,49.77,50.08,49.46,48.85
26233,52.85,49.77,50.08,49.46,48.85
26234,52.85,49.77,50.08,49.46,48.85
26235,52.85,49.77,50.08,49.46,48.85
26236,52.85,49.77,50.08,49.46,48.85
26237,52.85,49.77,50.08,49.46,48.85
26238,52.85,49.77,50.08,49.46,48.85
26239,52.85,49.77,50.08,49.46,48.85
26240,52.85,49.77,50.08,49.46,48.85
26241,52.85,49.77,50.08,49.47,48.85
26242,52.85,49.77,50.08,49.47,48.85
26243,52.85,49.77,50.08,49.48,48.85
26244,52.85,49.77,50.08,49.48,48.85
26245,52.85,49.77,50.08,49.49,48.85
26246,52.85,49.77,50.08,49.5,48.85
26247,52.85,49.77,50.08,49.5,48.85
26248,52.85,49.77,50.08,49.51,48.85
26249,52.85,49.77,50.08,49.51,48.85
26250,52.85,49.77,50.08,49.52,48.85
26251,52.85,49.77,50.08,49.52,48.85
26252,52.85,49.77,50.08,49.53,48.85
26253,52.85,49.77,50.08,49.54,48.85
26254,52.85,49.77,50.08,49.54,48.85
26255,52.85,49.77,50.08,49.54,48.85
26256,52.85,49.77,50.08,49.54,48.85
26257,52.85,49.77,50.08,49.54,48.85
26258,52.85,49.77,50.08,49.54,48.85
26259,52.85,49.77,50.08,49.54,48.85
26260,52.85,49.77,50.08,49.54,48.85
26261,52.85,49.77,50.08,49.54,48.85
26262,52.85,49.77,50.08,49.54,48.85
26263,52.85,49.77,50.08,49.54,48.85
26264,52.85,49.77,50.08,49.54,48.85
26265,52.85,49.77,50.08,49.54,48.85
26266,52.85,49.77,50.08,49.54,48.85
26267,52.85,49.77,50.08,49.54,48.85
26268,52.85,49.77,50.08,49.54,48.85
26269,52.85,49.77,50.08,49.54,48.85
26270,52.85,49.77,50.08,49.54,48.85
26271,52.85,49.77,50.08,49.54,48.85
26272,52.85,49.77,50.08,49.54,48.85
26273,52.85,49.77,50.08,49.54,48.85
26274,52.85,49.77,50.08,49.54,48.85
26275,52.85,49.77,50.08,49.54,48.85
26276,52.85,49.77,50.08,49.54,48.85
26277,52.85,49.77,50.08,49.54,48.85
26278,52.85,49.77,50.08,49.54,48.85
26279,52.85,49.77,50.08,49.54,48.85
26280,52.85,49.77,50.08,49.54,48.85
