46.61	40.12	38.57	36.72	35.38	34.07	37.97
46.59	40.1	38.55	36.7	35.37	34.07	37.95
46.57	40.09	38.53	36.68	35.36	34.07	37.94
46.54	40.07	38.51	36.66	35.35	34.07	37.92
46.52	40.06	38.49	36.64	35.34	34.07	37.9
46.49	40.04	38.47	36.62	35.33	34.07	37.88
46.46	40.03	38.44	36.6	35.32	34.07	37.86
46.43	40.01	38.42	36.58	35.31	34.07	37.84
46.4	40	38.4	36.56	35.3	34.07	37.82
46.37	39.98	38.38	36.55	35.29	34.07	37.8
46.34	39.96	38.35	36.53	35.28	34.07	37.78
46.31	39.95	38.33	36.51	35.27	34.07	37.76
46.28	39.95	38.33	36.51	35.27	34.07	37.76
46.25	39.96	38.34	36.52	35.28	34.07	37.8
46.23	39.96	38.35	36.52	35.28	34.07	37.81
46.2	39.97	38.36	36.54	35.29	34.07	37.84
46.18	39.98	38.37	36.55	35.29	34.07	37.86
46.16	39.98	38.37	36.55	35.3	34.07	37.86
46.14	39.98	38.37	36.55	35.3	34.07	37.86
46.12	39.98	38.37	36.55	35.3	34.07	37.86
46.1	39.97	38.36	36.55	35.3	34.07	37.85
46.08	39.96	38.34	36.53	35.29	34.07	37.83
46.06	39.94	38.32	36.51	35.29	34.07	37.82
46.04	39.93	38.3	36.49	35.31	34.07	37.81
46.01	39.91	38.27	36.47	35.36	34.07	37.8
45.99	39.89	38.25	36.46	35.41	34.07	37.79
45.96	39.88	38.23	36.44	35.45	34.07	37.78
45.93	39.86	38.2	36.42	35.47	34.07	37.76
45.91	39.84	38.18	36.4	35.47	34.07	37.75
45.88	39.83	38.16	36.39	35.47	34.07	37.73
45.85	39.81	38.13	36.37	35.47	34.07	37.71
45.82	39.79	38.11	36.35	35.47	34.07	37.69
45.79	39.78	38.09	36.33	35.47	34.07	37.67
45.75	39.76	38.06	36.32	35.47	34.07	37.65
45.72	39.74	38.04	36.3	35.48	34.07	37.63
45.69	39.73	38.02	36.28	35.48	34.07	37.62
45.66	39.71	37.99	36.27	35.48	34.07	37.6
45.63	39.69	37.97	36.25	35.48	34.07	37.59
45.59	39.67	37.95	36.24	35.48	34.07	37.57
45.56	39.66	37.92	36.22	35.48	34.07	37.56
45.53	39.64	37.9	36.2	35.48	34.07	37.54
45.49	39.62	37.88	36.19	35.48	34.07	37.53
45.46	39.61	37.85	36.17	35.48	34.07	37.51
45.43	39.59	37.83	36.16	35.48	34.07	37.49
45.39	39.57	37.81	36.14	35.48	34.07	37.47
45.36	39.55	37.79	36.13	35.48	34.07	37.46
45.32	39.54	37.76	36.11	35.48	34.07	37.44
45.29	39.52	37.74	36.1	35.48	34.07	37.43
45.25	39.5	37.72	36.09	35.48	34.07	37.42
45.22	39.48	37.7	36.07	35.48	34.07	37.41
45.18	39.46	37.68	36.06	35.49	34.07	37.39
45.15	39.45	37.66	36.04	35.49	34.07	37.37
45.11	39.43	37.63	36.03	35.49	34.07	37.35
45.07	39.41	37.61	36.02	35.49	34.07	37.33
45.04	39.39	37.59	36.01	35.49	34.07	37.32
45	39.37	37.57	35.99	35.49	34.07	37.3
44.97	39.35	37.55	35.98	35.49	34.07	37.28
44.93	39.34	37.53	35.97	35.49	34.06	37.26
44.9	39.32	37.51	35.96	35.49	34.06	37.24
44.86	39.3	37.5	35.95	35.49	34.06	37.23
44.83	39.32	37.51	35.96	35.49	34.06	37.27
44.8	39.33	37.53	35.97	35.49	34.06	37.33
44.87	39.35	37.55	35.99	35.49	34.06	37.4
45.45	39.36	37.57	36	35.49	34.06	37.46
45.56	39.37	37.58	36.01	35.49	34.06	37.48
45.55	39.37	37.58	36.01	35.49	34.06	37.48
45.54	39.37	37.58	36.01	35.49	34.06	37.48
45.53	39.37	37.58	36.01	35.49	34.06	37.48
45.52	39.37	37.57	36.01	35.49	34.06	37.47
45.5	39.35	37.55	36	35.49	34.06	37.45
45.49	39.33	37.53	35.99	35.49	34.05	37.44
45.47	39.31	37.51	35.97	35.49	34.05	37.42
45.45	39.29	37.49	35.96	35.49	34.05	37.41
45.43	39.27	37.47	35.95	35.49	34.05	37.4
45.41	39.26	37.45	35.94	35.49	34.05	37.38
45.38	39.24	37.43	35.93	35.49	34.05	37.36
45.36	39.22	37.41	35.92	35.49	34.05	37.34
45.33	39.2	37.39	35.91	35.49	34.05	37.32
45.3	39.18	37.37	35.9	35.48	34.05	37.3
45.27	39.16	37.35	35.89	35.48	34.05	37.28
45.24	39.14	37.33	35.88	35.48	34.05	37.26
45.21	39.12	37.31	35.87	35.48	34.05	37.24
45.18	39.11	37.29	35.86	35.48	34.05	37.23
45.16	39.13	37.31	35.88	35.48	34.05	37.32
45.85	39.14	37.33	35.89	35.48	34.05	37.4
46.82	39.16	37.35	35.9	35.48	34.05	37.49
47.93	39.18	37.36	35.91	35.49	34.05	37.61
48.28	39.19	37.38	35.93	35.49	34.05	37.69
48.44	39.19	37.6	35.94	35.49	34.04	37.74
48.51	39.2	37.61	35.94	35.49	34.04	37.76
48.5	39.2	37.61	35.94	35.49	34.04	37.76
48.48	39.2	37.61	35.95	35.49	34.04	37.76
48.46	39.19	37.61	35.94	35.49	34.04	37.74
48.44	39.17	37.61	35.93	35.49	34.04	37.72
48.42	39.15	37.61	35.92	35.49	34.04	37.7
48.4	39.13	37.61	35.91	35.52	34.04	37.68
48.37	39.11	37.61	35.9	35.55	34.04	37.66
48.34	39.09	37.61	35.89	35.57	34.04	37.64
48.31	39.08	37.61	35.88	35.59	34.04	37.62
48.28	39.06	37.61	35.88	35.6	34.04	37.6
48.25	39.04	37.61	35.87	35.61	34.04	37.58
48.21	39.02	37.6	35.86	35.61	34.04	37.56
48.18	39	37.6	35.85	35.62	34.04	37.54
48.14	38.98	37.6	35.84	35.62	34.04	37.52
48.1	38.96	37.59	35.83	35.62	34.04	37.5
48.06	38.94	37.59	35.83	35.62	34.04	37.48
48.02	38.92	37.58	35.82	35.62	34.03	37.46
47.98	38.9	37.57	35.81	35.62	34.03	37.44
47.94	38.88	37.56	35.8	35.62	34.03	37.42
47.9	38.86	37.55	35.8	35.62	34.03	37.4
47.85	38.84	37.54	35.79	35.62	34.03	37.38
47.81	38.82	37.53	35.79	35.62	34.03	37.36
47.77	38.8	37.52	35.78	35.62	34.03	37.34
47.72	38.78	37.51	35.77	35.63	34.03	37.32
47.67	38.76	37.49	35.77	35.63	34.03	37.3
47.63	38.74	37.48	35.76	35.63	34.03	37.28
47.58	38.72	37.46	35.76	35.63	34.03	37.26
47.53	38.7	37.45	35.75	35.63	34.03	37.24
47.49	38.68	37.43	35.75	35.63	34.03	37.22
47.44	38.66	37.41	35.75	35.63	34.03	37.2
47.39	38.64	37.39	35.74	35.63	34.02	37.18
47.34	38.62	37.38	35.74	35.63	34.02	37.16
47.29	38.6	37.36	35.73	35.63	34.02	37.14
47.24	38.58	37.34	35.73	35.63	34.02	37.12
47.19	38.56	37.32	35.73	35.63	34.02	37.11
47.14	38.54	37.3	35.72	35.63	34.02	37.09
47.09	38.52	37.27	35.72	35.63	34.02	37.07
47.04	38.51	37.25	35.72	35.63	34.02	37.05
46.99	38.49	37.23	35.72	35.63	34	37.03
46.94	38.47	37.21	35.71	35.63	33.95	37.01
46.89	38.45	37.19	35.71	35.63	33.91	36.99
46.84	38.46	37.2	35.72	35.63	33.91	37.03
46.8	38.48	37.21	35.72	35.63	33.91	37.1
46.77	38.5	37.22	35.73	35.63	33.91	37.14
46.74	38.51	37.23	35.73	35.63	33.91	37.19
46.72	38.53	37.24	35.74	35.63	33.91	37.23
46.71	38.54	37.25	35.74	35.63	33.9	37.27
46.69	38.54	37.26	35.74	35.63	33.9	37.27
46.68	38.55	37.26	35.75	35.63	33.9	37.27
46.66	38.55	37.26	35.75	35.63	33.9	37.27
46.64	38.53	37.24	35.75	35.63	33.9	37.25
46.62	38.51	37.22	35.74	35.63	33.9	37.23
46.6	38.5	37.2	35.74	35.63	33.9	37.21
46.58	38.48	37.18	35.74	35.63	33.9	37.19
46.56	38.46	37.16	35.73	35.62	33.9	37.17
46.53	38.44	37.14	35.73	35.62	33.9	37.15
46.5	38.42	37.11	35.73	35.62	33.9	37.13
46.47	38.41	37.09	35.73	35.61	33.9	37.11
46.44	38.39	37.07	35.72	35.61	33.9	37.09
46.41	38.37	37.04	35.72	35.61	33.9	37.07
46.37	38.36	37.02	35.72	35.6	33.9	37.05
46.34	38.34	37	35.72	35.6	33.9	37.03
46.3	38.32	36.98	35.72	35.59	33.9	37.01
46.27	38.31	36.95	35.71	35.58	33.9	36.99
46.23	38.29	36.93	35.71	35.58	33.89	36.97
46.19	38.27	36.91	35.71	35.57	33.89	36.95
46.15	38.26	36.88	35.71	35.56	33.89	36.93
46.11	38.24	36.86	35.71	35.55	33.89	36.91
46.08	38.25	36.87	35.71	35.56	33.89	36.96
46.05	38.27	36.89	35.72	35.56	33.89	37.03
46.03	38.28	36.9	35.72	35.56	33.89	37.06
46.01	38.28	36.9	35.72	35.56	33.89	37.06
46	38.28	36.9	35.72	35.57	33.89	37.06
45.98	38.29	36.9	35.72	35.57	33.89	37.06
45.96	38.27	36.88	35.72	35.56	33.89	37.04
45.94	38.26	36.86	35.72	35.55	33.89	37.02
45.91	38.24	36.84	35.72	35.54	33.89	37
45.89	38.22	36.82	35.72	35.54	33.88	36.98
45.86	38.21	36.8	35.72	35.53	33.88	36.96
45.83	38.19	36.77	35.72	35.52	33.88	36.94
45.8	38.18	36.75	35.71	35.51	33.88	36.92
45.77	38.16	36.73	35.71	35.5	33.88	36.9
45.74	38.15	36.71	35.71	35.49	33.88	36.88
45.71	38.13	36.69	35.71	35.48	33.88	36.86
45.67	38.12	36.66	35.71	35.47	33.88	36.84
45.64	38.1	36.64	35.71	35.46	33.88	36.82
45.6	38.09	36.62	35.71	35.46	33.88	36.8
45.56	38.07	36.6	35.71	35.45	33.88	36.78
45.53	38.06	36.58	35.71	35.44	33.88	36.76
45.49	38.04	36.56	35.71	35.43	33.87	36.74
45.45	38.03	36.54	35.7	35.42	33.87	36.72
45.41	38.01	36.52	35.7	35.41	33.87	36.7
45.37	38	36.5	35.7	35.4	33.87	36.68
45.33	37.98	36.48	35.7	35.39	33.87	36.66
45.29	37.97	36.46	35.7	35.38	33.87	36.64
45.25	37.95	36.44	35.7	35.37	33.84	36.62
45.21	37.94	36.43	35.7	35.36	33.79	36.6
45.17	37.92	36.41	35.7	35.35	33.74	36.58
45.13	37.91	36.39	35.7	35.34	33.69	36.57
45.09	37.9	36.37	35.7	35.33	33.64	36.55
45.05	37.88	36.36	35.7	35.32	33.59	36.53
45.01	37.87	36.34	35.7	35.31	33.55	36.51
44.96	37.85	36.32	35.7	35.3	33.5	36.49
44.92	37.84	36.31	35.69	35.29	33.46	36.47
44.88	37.82	36.29	35.69	35.28	33.41	36.45
44.84	37.81	36.28	35.69	35.27	33.36	36.43
44.79	37.79	36.26	35.69	35.25	33.3	36.41
44.75	37.78	36.25	35.69	35.24	33.24	36.39
44.7	37.76	36.24	35.69	35.23	33.18	36.37
44.66	37.75	36.22	35.69	35.22	33.13	36.35
44.62	37.73	36.21	35.69	35.21	33.07	36.34
44.57	37.72	36.2	35.69	35.2	33.01	36.32
44.53	37.7	36.19	35.69	35.18	32.96	36.3
44.49	37.69	36.17	35.68	35.17	32.9	36.28
44.44	37.67	36.16	35.68	35.16	32.85	36.26
44.4	37.65	36.15	35.68	35.14	32.8	36.24
44.36	37.64	36.14	35.68	35.13	32.75	36.22
44.32	37.62	36.13	35.68	35.11	32.7	36.2
44.27	37.61	36.12	35.68	35.1	32.65	36.18
44.23	37.59	36.11	35.67	35.08	32.59	36.16
44.19	37.58	36.1	35.67	35.07	32.54	36.14
44.14	37.56	36.09	35.67	35.05	32.49	36.12
44.1	37.54	36.08	35.67	35.03	32.45	36.11
44.06	37.53	36.07	35.67	35.01	32.4	36.09
44.01	37.51	36.06	35.66	34.99	32.36	36.07
43.97	37.5	36.05	35.66	34.98	32.32	36.05
43.93	37.48	36.04	35.66	34.96	32.29	36.03
43.89	37.46	36.04	35.66	34.93	32.25	36.01
43.84	37.45	36.03	35.65	34.91	32.21	35.99
43.8	37.43	36.02	35.65	34.89	32.16	35.98
43.76	37.41	36.01	35.65	34.87	32.12	35.96
43.72	37.4	36	35.64	34.85	32.07	35.94
43.67	37.38	36	35.64	34.82	32.03	35.92
43.63	37.36	35.99	35.64	34.8	31.98	35.9
43.59	37.35	35.98	35.63	34.77	31.94	35.88
43.55	37.33	35.98	35.63	34.75	31.9	35.86
43.5	37.31	35.97	35.63	34.72	31.85	35.84
43.46	37.3	35.96	35.62	34.69	31.81	35.82
43.42	37.29	35.96	35.62	34.69	31.8	35.82
43.39	37.3	35.97	35.63	34.7	31.81	35.86
43.35	37.31	35.98	35.63	34.7	31.81	35.88
43.32	37.31	35.98	35.63	34.71	31.82	35.88
43.29	37.31	35.98	35.63	34.71	31.82	35.88
43.26	37.31	35.98	35.63	34.71	31.83	35.88
43.23	37.29	35.97	35.63	34.69	31.83	35.86
43.19	37.28	35.97	35.62	34.66	31.84	35.84
43.16	37.26	35.96	35.62	34.63	31.84	35.82
43.13	37.24	35.96	35.61	34.6	31.83	35.8
43.09	37.23	35.95	35.61	34.57	31.83	35.78
43.06	37.21	35.94	35.6	34.54	31.82	35.76
43.02	37.19	35.94	35.6	34.51	31.81	35.75
42.99	37.18	35.93	35.6	34.48	31.8	35.73
42.95	37.16	35.93	35.59	34.45	31.79	35.71
42.92	37.14	35.92	35.59	34.41	31.77	35.69
42.88	37.12	35.91	35.58	34.38	31.74	35.67
42.85	37.11	35.91	35.57	34.35	31.71	35.65
42.81	37.09	35.9	35.57	34.32	31.68	35.63
42.77	37.07	35.9	35.56	34.28	31.65	35.61
42.74	37.06	35.89	35.56	34.25	31.62	35.59
42.7	37.04	35.89	35.55	34.21	31.59	35.58
42.66	37.03	35.88	35.55	34.19	31.57	35.56
42.63	37.04	35.89	35.55	34.21	31.57	35.64
42.61	37.06	35.9	35.56	34.23	31.58	35.71
42.9	37.07	35.9	35.56	34.25	31.58	35.76
43.43	37.09	35.91	35.56	34.27	31.59	35.82
43.97	37.1	35.92	35.57	34.29	31.59	35.88
44.29	37.11	35.92	35.57	34.31	31.59	35.92
44.32	37.12	35.93	35.57	34.32	31.6	35.93
44.3	37.12	35.93	35.57	34.32	31.6	35.93
44.29	37.12	35.93	35.57	34.32	31.61	35.92
44.27	37.11	35.93	35.57	34.31	31.61	35.91
44.26	37.09	35.92	35.56	34.27	31.61	35.89
44.24	37.07	35.91	35.56	34.24	31.62	35.87
44.22	37.06	35.91	35.55	34.2	31.62	35.85
44.2	37.04	35.9	35.55	34.17	31.62	35.83
44.17	37.02	35.9	35.54	34.13	31.63	35.81
44.15	37.01	35.89	35.53	34.1	31.63	35.8
44.12	36.99	35.88	35.53	34.06	31.63	35.78
44.09	36.98	35.88	35.52	34.03	31.64	35.76
44.06	36.96	35.87	35.51	33.99	31.64	35.74
44.03	36.94	35.87	35.5	33.96	31.64	35.72
43.99	36.93	35.86	35.5	33.92	31.65	35.7
43.96	36.91	35.85	35.49	33.89	31.65	35.68
43.92	36.9	35.85	35.48	33.85	31.65	35.66
43.89	36.88	35.84	35.47	33.83	31.66	35.64
43.86	36.9	35.85	35.48	33.85	31.66	35.71
44.06	36.91	35.86	35.48	33.88	31.66	35.8
45.02	36.93	35.86	35.49	33.9	31.66	35.88
45.8	36.94	35.87	35.49	33.92	31.67	35.95
46.74	36.96	35.88	35.5	33.95	31.67	36.06
46.93	36.97	35.88	35.5	33.96	31.67	36.09
46.91	36.97	35.88	35.5	33.96	31.67	36.09
46.89	36.97	35.88	35.5	33.97	31.68	36.09
46.87	36.96	35.88	35.5	33.95	31.68	36.07
46.85	36.94	35.88	35.49	33.91	31.68	36.05
46.82	36.93	35.88	35.48	33.88	31.68	36.03
46.79	36.91	35.88	35.47	33.85	31.69	36.01
46.76	36.89	35.88	35.47	33.82	31.69	35.99
46.73	36.88	35.88	35.46	33.78	31.69	35.97
46.7	36.86	35.88	35.45	33.75	31.7	35.95
46.66	36.85	35.88	35.44	33.73	31.7	35.93
46.62	36.83	35.88	35.43	33.7	31.7	35.91
46.58	36.82	35.87	35.42	33.67	31.7	35.89
46.54	36.8	35.87	35.41	33.65	31.71	35.87
46.5	36.79	35.87	35.4	33.63	31.71	35.85
46.46	36.77	35.87	35.39	33.61	31.71	35.83
46.42	36.76	35.87	35.38	33.59	31.71	35.81
46.37	36.74	35.86	35.37	33.58	31.71	35.79
46.33	36.73	35.86	35.36	33.56	31.72	35.77
46.28	36.71	35.86	35.35	33.55	31.72	35.75
46.23	36.7	35.86	35.34	33.54	31.72	35.74
46.19	36.71	35.86	35.34	33.55	31.72	35.77
46.15	36.73	35.86	35.35	33.57	31.73	35.84
46.13	36.75	35.87	35.36	33.6	31.73	35.92
46.37	36.77	35.87	35.37	33.62	31.73	35.99
46.41	36.77	35.88	35.37	33.62	31.73	36
46.4	36.77	35.88	35.37	33.63	31.73	36
46.38	36.77	35.88	35.37	33.63	31.74	36
46.36	36.76	35.88	35.36	33.62	31.74	35.98
46.34	36.75	35.87	35.35	33.61	31.74	35.96
46.32	36.73	35.87	35.34	33.6	31.74	35.94
46.3	36.72	35.87	35.33	33.6	31.74	35.92
46.27	36.71	35.86	35.32	33.59	31.75	35.91
46.24	36.69	35.86	35.3	33.61	31.75	35.89
46.21	36.68	35.85	35.29	33.63	31.75	35.87
46.18	36.66	35.85	35.28	33.65	31.75	35.85
46.14	36.65	35.84	35.27	33.66	31.75	35.83
46.11	36.63	35.84	35.25	33.67	31.76	35.81
46.07	36.62	35.83	35.24	33.68	31.76	35.79
46.03	36.61	35.83	35.22	33.68	31.76	35.77
45.99	36.59	35.82	35.21	33.68	31.76	35.75
45.95	36.58	35.82	35.2	33.68	31.76	35.73
45.91	36.57	35.81	35.18	33.68	31.77	35.71
45.87	36.55	35.81	35.16	33.68	31.77	35.69
45.82	36.54	35.8	35.15	33.68	31.77	35.67
45.78	36.53	35.8	35.13	33.68	31.77	35.65
45.73	36.52	35.79	35.12	33.69	31.77	35.63
45.69	36.5	35.79	35.1	33.69	31.77	35.61
45.64	36.49	35.78	35.09	33.69	31.78	35.59
45.59	36.48	35.77	35.07	33.69	31.78	35.57
45.54	36.47	35.77	35.05	33.69	31.78	35.56
45.5	36.46	35.76	35.03	33.69	31.78	35.54
45.45	36.44	35.76	35.02	33.69	31.78	35.52
45.4	36.43	35.75	35	33.69	31.78	35.5
45.35	36.42	35.74	34.98	33.69	31.78	35.48
45.3	36.41	35.74	34.96	33.69	31.78	35.46
45.25	36.4	35.73	34.95	33.69	31.79	35.45
45.2	36.39	35.73	34.93	33.69	31.79	35.43
45.14	36.38	35.72	34.91	33.69	31.79	35.41
45.09	36.37	35.71	34.89	33.69	31.79	35.39
45.04	36.36	35.71	34.87	33.69	31.79	35.37
44.99	36.35	35.7	34.85	33.69	31.79	35.35
44.94	36.34	35.7	34.84	33.69	31.79	35.33
44.88	36.33	35.69	34.82	33.69	31.79	35.31
44.83	36.32	35.68	34.8	33.69	31.79	35.3
44.78	36.31	35.68	34.78	33.69	31.79	35.28
44.72	36.3	35.67	34.76	33.69	31.8	35.26
44.67	36.29	35.67	34.74	33.69	31.77	35.24
44.62	36.28	35.66	34.72	33.69	31.73	35.22
44.57	36.27	35.65	34.71	33.68	31.69	35.2
44.51	36.26	35.65	34.69	33.68	31.65	35.18
44.46	36.25	35.64	34.67	33.68	31.61	35.17
44.41	36.25	35.63	34.65	33.67	31.56	35.15
44.36	36.24	35.63	34.63	33.67	31.52	35.13
44.3	36.23	35.62	34.61	33.66	31.48	35.11
44.25	36.22	35.61	34.59	33.66	31.43	35.09
44.2	36.21	35.61	34.58	33.65	31.39	35.07
44.15	36.2	35.6	34.56	33.65	31.35	35.05
44.09	36.2	35.6	34.54	33.64	31.32	35.04
44.04	36.19	35.59	34.52	33.63	31.28	35.02
43.99	36.18	35.58	34.51	33.62	31.25	35
43.94	36.17	35.57	34.49	33.61	31.22	34.98
43.89	36.16	35.57	34.47	33.6	31.19	34.97
43.84	36.16	35.56	34.45	33.59	31.15	34.95
43.79	36.15	35.55	34.44	33.58	31.11	34.93
43.73	36.14	35.55	34.42	33.56	31.06	34.91
43.68	36.13	35.54	34.4	33.55	31.01	34.89
43.63	36.13	35.53	34.39	33.54	30.97	34.87
43.58	36.12	35.52	34.37	33.52	30.93	34.86
43.53	36.11	35.51	34.36	33.5	30.88	34.84
43.48	36.11	35.51	34.34	33.49	30.84	34.82
43.43	36.1	35.5	34.33	33.47	30.81	34.8
43.39	36.09	35.49	34.31	33.45	30.77	34.78
43.34	36.08	35.48	34.3	33.43	30.73	34.76
43.29	36.08	35.47	34.28	33.41	30.7	34.75
43.24	36.07	35.46	34.27	33.39	30.66	34.73
43.19	36.06	35.46	34.25	33.36	30.63	34.71
43.14	36.06	35.45	34.24	33.34	30.59	34.69
43.09	36.05	35.44	34.23	33.32	30.56	34.67
43.05	36.04	35.43	34.21	33.29	30.52	34.66
43	36.04	35.42	34.2	33.27	30.48	34.64
42.95	36.03	35.41	34.19	33.24	30.45	34.62
42.9	36.02	35.4	34.18	33.21	30.43	34.6
42.86	36.02	35.39	34.16	33.18	30.41	34.58
42.81	36.01	35.38	34.15	33.16	30.39	34.57
42.76	36	35.37	34.14	33.13	30.37	34.55
42.71	36	35.36	34.13	33.1	30.35	34.53
42.67	35.99	35.35	34.12	33.07	30.32	34.51
42.62	35.99	35.34	34.1	33.04	30.28	34.5
42.57	35.98	35.33	34.09	33	30.25	34.48
42.53	35.97	35.32	34.08	32.97	30.21	34.46
42.48	35.97	35.31	34.07	32.94	30.17	34.44
42.43	35.96	35.29	34.06	32.91	30.14	34.42
42.39	35.95	35.28	34.05	32.87	30.11	34.4
42.34	35.95	35.27	34.04	32.84	30.08	34.39
42.3	35.95	35.28	34.05	32.86	30.08	34.44
42.27	35.96	35.29	34.06	32.88	30.09	34.54
42.25	35.97	35.3	34.07	32.9	30.1	34.61
42.38	35.97	35.3	34.08	32.91	30.1	34.64
42.62	35.98	35.31	34.09	32.92	30.11	34.67
42.69	35.98	35.31	34.09	32.93	30.11	34.68
42.68	35.98	35.31	34.1	32.93	30.12	34.68
42.66	35.98	35.31	34.1	32.94	30.13	34.68
42.65	35.98	35.31	34.1	32.93	30.13	34.68
42.63	35.98	35.3	34.09	32.9	30.13	34.66
42.62	35.97	35.29	34.08	32.86	30.14	34.64
42.6	35.96	35.28	34.07	32.83	30.14	34.62
42.58	35.96	35.26	34.05	32.8	30.15	34.6
42.55	35.95	35.25	34.04	32.76	30.15	34.58
42.53	35.94	35.24	34.03	32.73	30.16	34.56
42.5	35.94	35.23	34.02	32.69	30.16	34.55
42.48	35.93	35.21	34.01	32.66	30.17	34.53
42.45	35.92	35.2	34	32.62	30.17	34.51
42.42	35.92	35.19	33.99	32.59	30.18	34.49
42.39	35.91	35.17	33.98	32.55	30.18	34.47
42.36	35.9	35.16	33.97	32.52	30.18	34.45
42.32	35.9	35.15	33.96	32.48	30.19	34.43
42.29	35.89	35.13	33.95	32.45	30.19	34.41
42.26	35.89	35.13	33.95	32.43	30.2	34.41
42.23	35.9	35.14	33.96	32.45	30.2	34.48
42.21	35.9	35.14	33.97	32.47	30.2	34.53
42.2	35.91	35.15	33.98	32.49	30.21	34.55
42.38	35.91	35.16	33.98	32.51	30.21	34.58
42.49	35.92	35.16	33.99	32.52	30.22	34.6
42.7	35.92	35.17	33.99	32.53	30.22	34.63
42.7	35.92	35.17	34	32.53	30.22	34.63
42.69	35.93	35.17	34	32.54	30.23	34.63
42.68	35.93	35.17	34	32.54	30.23	34.63
42.66	35.92	35.16	33.99	32.52	30.23	34.62
42.65	35.92	35.15	33.98	32.49	30.24	34.6
42.63	35.91	35.14	33.97	32.46	30.24	34.58
42.61	35.9	35.12	33.96	32.42	30.24	34.56
42.59	35.9	35.11	33.95	32.39	30.25	34.55
42.57	35.89	35.09	33.94	32.36	30.25	34.53
42.54	35.88	35.08	33.93	32.33	30.25	34.51
42.52	35.88	35.06	33.92	32.3	30.26	34.49
42.49	35.87	35.05	33.91	32.27	30.26	34.47
42.47	35.86	35.03	33.9	32.24	30.26	34.45
42.44	35.85	35.02	33.89	32.21	30.27	34.43
42.41	35.85	35	33.88	32.18	30.27	34.41
42.38	35.84	34.99	33.87	32.16	30.27	34.39
42.35	35.83	34.97	33.86	32.13	30.28	34.37
42.32	35.83	34.96	33.85	32.11	30.28	34.36
42.29	35.82	34.94	33.84	32.09	30.28	34.34
42.26	35.81	34.93	33.83	32.07	30.28	34.32
42.22	35.81	34.91	33.81	32.04	30.29	34.3
42.19	35.8	34.89	33.8	32.02	30.29	34.28
42.16	35.79	34.88	33.79	32.01	30.29	34.26
42.13	35.78	34.86	33.78	31.99	30.3	34.24
42.09	35.78	34.85	33.77	31.97	30.3	34.23
42.06	35.77	34.83	33.75	31.95	30.3	34.21
42.02	35.76	34.82	33.74	31.94	30.3	34.19
41.99	35.75	34.8	33.73	31.92	30.31	34.17
41.95	35.75	34.79	33.72	31.91	30.31	34.15
41.91	35.74	34.77	33.7	31.89	30.31	34.14
41.88	35.73	34.76	33.69	31.88	30.31	34.12
41.84	35.72	34.75	33.67	31.87	30.32	34.1
41.81	35.72	34.73	33.66	31.86	30.32	34.09
41.77	35.71	34.72	33.65	31.85	30.32	34.07
41.73	35.7	34.7	33.63	31.83	30.32	34.05
41.7	35.69	34.69	33.62	31.82	30.33	34.03
41.66	35.68	34.68	33.6	31.81	30.33	34.01
41.62	35.68	34.66	33.59	31.8	30.33	34
41.58	35.67	34.65	33.57	31.79	30.33	33.98
41.55	35.66	34.64	33.56	31.79	30.33	33.96
41.51	35.65	34.62	33.54	31.78	30.31	33.94
41.47	35.64	34.61	33.52	31.77	30.28	33.92
41.43	35.63	34.6	33.51	31.76	30.26	33.9
41.39	35.63	34.58	33.49	31.75	30.23	33.89
41.36	35.62	34.57	33.47	31.74	30.21	33.87
41.32	35.61	34.56	33.46	31.73	30.18	33.85
41.28	35.6	34.54	33.44	31.73	30.15	33.83
41.24	35.59	34.53	33.42	31.72	30.12	33.82
41.21	35.58	34.52	33.4	31.71	30.09	33.8
41.17	35.57	34.51	33.39	31.7	30.05	33.78
41.13	35.56	34.5	33.37	31.69	30.02	33.76
41.09	35.55	34.48	33.35	31.68	29.98	33.74
41.06	35.54	34.47	33.33	31.67	29.96	33.73
41.02	35.53	34.46	33.31	31.66	29.93	33.71
40.98	35.52	34.45	33.29	31.65	29.91	33.69
40.95	35.51	34.43	33.27	31.64	29.89	33.67
40.91	35.51	34.42	33.26	31.63	29.87	33.66
40.87	35.5	34.41	33.24	31.62	29.85	33.64
40.83	35.49	34.4	33.22	31.61	29.82	33.62
40.8	35.48	34.39	33.2	31.6	29.78	33.6
40.76	35.47	34.38	33.18	31.59	29.75	33.59
40.72	35.45	34.36	33.16	31.57	29.71	33.57
40.69	35.44	34.35	33.14	31.56	29.68	33.55
40.65	35.43	34.34	33.12	31.55	29.64	33.53
40.62	35.42	34.33	33.1	31.53	29.61	33.51
40.58	35.41	34.32	33.08	31.52	29.58	33.5
40.54	35.4	34.31	33.06	31.5	29.56	33.48
40.51	35.39	34.29	33.04	31.49	29.53	33.46
40.47	35.38	34.28	33.02	31.47	29.51	33.44
40.44	35.37	34.27	33	31.45	29.48	33.43
40.41	35.36	34.26	32.97	31.44	29.46	33.41
40.37	35.35	34.25	32.95	31.42	29.44	33.39
40.34	35.34	34.24	32.93	31.4	29.41	33.37
40.3	35.33	34.22	32.91	31.38	29.39	33.36
40.27	35.31	34.21	32.89	31.36	29.36	33.34
40.23	35.3	34.2	32.87	31.34	29.34	33.32
40.2	35.29	34.19	32.85	31.33	29.32	33.3
40.17	35.28	34.18	32.83	31.3	29.31	33.29
40.13	35.27	34.17	32.81	31.28	29.3	33.27
40.1	35.26	34.15	32.79	31.26	29.29	33.25
40.07	35.25	34.14	32.77	31.24	29.28	33.24
40.03	35.23	34.13	32.75	31.22	29.27	33.22
40	35.22	34.12	32.73	31.2	29.25	33.2
39.97	35.21	34.11	32.71	31.17	29.23	33.18
39.93	35.2	34.09	32.69	31.15	29.2	33.17
39.9	35.19	34.08	32.67	31.13	29.18	33.15
39.87	35.18	34.07	32.65	31.1	29.15	33.13
39.83	35.16	34.06	32.63	31.08	29.13	33.11
39.8	35.15	34.04	32.61	31.06	29.11	33.1
39.77	35.14	34.03	32.6	31.03	29.09	33.08
39.74	35.13	34.02	32.58	31.01	29.07	33.06
39.71	35.12	34.01	32.56	30.98	29.06	33.04
39.67	35.1	33.99	32.54	30.96	29.04	33.03
39.64	35.09	33.98	32.52	30.93	29.03	33.01
39.61	35.08	33.97	32.5	30.9	29.01	32.99
39.58	35.07	33.95	32.48	30.88	28.99	32.98
39.55	35.05	33.94	32.46	30.85	28.98	32.96
39.52	35.04	33.93	32.45	30.83	28.96	32.94
39.49	35.03	33.91	32.43	30.8	28.94	32.92
39.45	35.02	33.9	32.41	30.77	28.92	32.91
39.42	35.01	33.89	32.39	30.75	28.91	32.89
39.39	34.99	33.87	32.37	30.72	28.9	32.87
39.36	34.98	33.86	32.35	30.69	28.9	32.86
39.33	34.97	33.85	32.34	30.67	28.9	32.84
39.3	34.96	33.83	32.32	30.64	28.89	32.82
39.27	34.94	33.82	32.3	30.61	28.89	32.81
39.24	34.93	33.8	32.28	30.59	28.87	32.79
39.21	34.92	33.79	32.27	30.56	28.85	32.77
39.18	34.91	33.78	32.25	30.53	28.82	32.75
39.15	34.89	33.76	32.23	30.51	28.8	32.74
39.12	34.88	33.75	32.21	30.48	28.77	32.72
39.08	34.87	33.73	32.2	30.45	28.75	32.7
39.05	34.86	33.72	32.18	30.43	28.73	32.68
39.02	34.84	33.7	32.16	30.4	28.71	32.67
38.99	34.83	33.69	32.15	30.37	28.7	32.65
38.96	34.82	33.67	32.13	30.35	28.68	32.63
38.93	34.81	33.66	32.11	30.32	28.67	32.61
38.9	34.8	33.64	32.09	30.29	28.65	32.6
38.87	34.78	33.63	32.08	30.27	28.64	32.58
38.85	34.77	33.61	32.06	30.24	28.62	32.56
38.82	34.76	33.6	32.04	30.21	28.6	32.54
38.79	34.75	33.58	32.03	30.19	28.59	32.53
38.76	34.73	33.56	32.01	30.16	28.57	32.51
38.73	34.72	33.55	31.99	30.14	28.55	32.49
38.7	34.71	33.53	31.97	30.11	28.54	32.47
38.67	34.7	33.52	31.96	30.09	28.53	32.46
38.64	34.68	33.5	31.94	30.06	28.53	32.44
38.61	34.67	33.49	31.92	30.04	28.53	32.42
38.58	34.66	33.47	31.91	30.01	28.53	32.41
38.55	34.65	33.45	31.89	29.99	28.52	32.39
38.52	34.63	33.44	31.87	29.96	28.51	32.37
38.49	34.62	33.42	31.85	29.94	28.49	32.36
38.46	34.61	33.4	31.84	29.91	28.47	32.34
38.43	34.6	33.39	31.82	29.89	28.44	32.32
38.4	34.58	33.37	31.8	29.87	28.42	32.3
38.37	34.57	33.35	31.78	29.84	28.4	32.29
38.34	34.56	33.34	31.76	29.82	28.38	32.27
38.31	34.55	33.32	31.75	29.8	28.37	32.25
38.29	34.55	33.33	31.76	29.81	28.37	32.29
38.27	34.56	33.34	31.77	29.83	28.38	32.36
39.22	34.57	33.36	31.79	29.85	28.38	32.45
40.28	34.59	33.37	31.8	29.87	28.39	32.55
41.16	34.6	33.38	31.82	29.9	28.4	32.63
41.46	34.61	33.39	31.83	29.91	28.4	32.67
41.46	34.61	33.39	31.83	29.91	28.41	32.67
41.45	34.61	33.4	31.83	29.92	28.41	32.67
41.43	34.61	33.4	31.84	29.92	28.42	32.67
41.42	34.6	33.39	31.83	29.91	28.42	32.66
41.4	34.59	33.37	31.81	29.88	28.43	32.64
41.38	34.58	33.35	31.79	29.86	28.43	32.62
41.36	34.56	33.34	31.77	29.84	28.44	32.61
41.34	34.55	33.32	31.76	29.82	28.44	32.59
41.32	34.54	33.3	31.74	29.79	28.45	32.57
41.29	34.53	33.29	31.72	29.77	28.45	32.55
41.26	34.51	33.27	31.7	29.75	28.46	32.54
41.23	34.5	33.25	31.68	29.73	28.46	32.52
41.21	34.49	33.23	31.66	29.71	28.46	32.5
41.18	34.48	33.21	31.64	29.69	28.47	32.48
41.14	34.46	33.2	31.62	29.67	28.47	32.46
41.11	34.45	33.18	31.61	29.65	28.48	32.44
41.08	34.44	33.16	31.59	29.64	28.48	32.42
41.05	34.43	33.14	31.57	29.62	28.49	32.4
41.01	34.42	33.14	31.56	29.62	28.49	32.4
40.98	34.42	33.14	31.56	29.62	28.5	32.4
40.95	34.42	33.14	31.57	29.63	28.5	32.4
40.92	34.43	33.14	31.57	29.63	28.5	32.41
40.89	34.43	33.15	31.58	29.64	28.51	32.44
40.86	34.44	33.16	31.58	29.65	28.51	32.45
40.84	34.44	33.16	31.59	29.65	28.52	32.46
40.81	34.44	33.16	31.59	29.65	28.52	32.46
40.79	34.44	33.16	31.59	29.66	28.52	32.45
40.76	34.43	33.14	31.57	29.64	28.53	32.43
40.74	34.41	33.12	31.55	29.63	28.53	32.42
40.71	34.4	33.1	31.53	29.62	28.54	32.4
40.68	34.39	33.08	31.51	29.61	28.54	32.38
40.65	34.37	33.07	31.49	29.6	28.54	32.36
40.62	34.36	33.05	31.47	29.6	28.55	32.35
40.59	34.35	33.03	31.45	29.6	28.55	32.33
40.56	34.34	33.01	31.43	29.59	28.55	32.31
40.52	34.32	32.99	31.41	29.59	28.56	32.29
40.49	34.31	32.97	31.39	29.59	28.56	32.27
40.46	34.3	32.95	31.37	29.58	28.57	32.25
40.42	34.28	32.93	31.35	29.58	28.57	32.24
40.39	34.27	32.91	31.33	29.58	28.57	32.22
40.36	34.26	32.89	31.31	29.58	28.58	32.2
40.32	34.25	32.88	31.29	29.58	28.58	32.19
40.29	34.25	32.89	31.3	29.58	28.58	32.22
40.27	34.27	32.91	31.32	29.59	28.59	32.3
41.02	34.28	32.92	31.34	29.61	28.59	32.41
42.31	34.29	32.94	31.36	29.62	28.59	32.52
43.21	34.31	32.96	31.37	29.63	28.6	32.61
43.92	34.32	32.97	31.39	29.64	28.6	32.68
44.18	34.33	32.98	31.4	29.65	28.6	32.72
44.16	34.33	32.98	31.4	29.65	28.61	32.72
44.15	34.33	32.98	31.41	29.66	28.61	32.72
44.14	34.33	32.98	31.4	29.66	28.61	32.71
44.12	34.32	32.96	31.38	29.65	28.62	32.69
44.1	34.3	32.94	31.36	29.69	28.62	32.68
44.08	34.29	32.92	31.34	29.75	28.62	32.66
44.05	34.28	32.9	31.32	29.81	28.63	32.64
44.03	34.26	32.88	31.3	29.85	28.63	32.62
44	34.25	32.87	31.28	29.89	28.63	32.6
43.97	34.24	32.85	31.26	29.93	28.64	32.58
43.94	34.22	32.83	31.24	29.96	28.64	32.56
43.9	34.21	32.81	31.22	29.98	28.64	32.54
43.87	34.19	32.79	31.2	30	28.64	32.53
43.83	34.18	32.77	31.18	30.02	28.65	32.51
43.79	34.17	32.75	31.15	30.04	28.65	32.49
43.75	34.15	32.73	31.13	30.05	28.65	32.47
43.71	34.14	32.71	31.11	30.06	28.66	32.45
43.67	34.12	32.69	31.09	30.07	28.66	32.43
43.63	34.11	32.67	31.07	30.08	28.66	32.41
43.59	34.09	32.65	31.05	30.09	28.67	32.39
43.54	34.08	32.64	31.03	30.09	28.67	32.38
43.5	34.07	32.62	31.01	30.1	28.67	32.36
43.45	34.05	32.6	30.99	30.1	28.68	32.34
43.41	34.04	32.58	30.97	30.1	28.68	32.32
43.36	34.02	32.56	30.95	30.1	28.68	32.3
43.31	34.01	32.54	30.93	30.1	28.68	32.29
43.26	33.99	32.52	30.9	30.1	28.69	32.27
43.22	33.98	32.5	30.88	30.1	28.69	32.25
43.17	33.96	32.49	30.87	30.1	28.69	32.23
43.12	33.95	32.47	30.85	30.11	28.7	32.22
43.07	33.94	32.45	30.83	30.11	28.7	32.2
43.02	33.92	32.43	30.81	30.11	28.7	32.19
42.97	33.91	32.41	30.79	30.11	28.7	32.17
42.92	33.89	32.39	30.77	30.11	28.71	32.16
42.87	33.88	32.38	30.75	30.11	28.71	32.14
42.81	33.86	32.36	30.73	30.12	28.71	32.12
42.76	33.85	32.34	30.72	30.12	28.72	32.1
42.71	33.83	32.32	30.7	30.12	28.72	32.09
42.66	33.82	32.31	30.68	30.12	28.72	32.07
42.6	33.8	32.29	30.67	30.12	28.72	32.05
42.55	33.79	32.28	30.66	30.12	28.73	32.05
42.51	33.81	32.3	30.68	30.12	28.73	32.12
42.47	33.82	32.31	30.69	30.12	28.73	32.22
42.79	33.84	32.33	30.71	30.12	28.73	32.33
43.95	33.85	32.34	30.73	30.12	28.74	32.43
45.02	33.87	32.36	30.74	30.13	28.74	32.54
45.45	33.88	32.37	30.76	30.13	28.74	32.59
45.51	33.89	32.38	30.77	30.13	28.74	32.61
45.5	33.89	32.38	30.77	30.13	28.75	32.61
45.48	33.89	32.38	30.77	30.13	28.75	32.61
45.47	33.88	32.38	30.77	30.13	28.75	32.6
45.45	33.87	32.36	30.75	30.14	28.75	32.58
45.43	33.85	32.34	30.73	30.2	28.75	32.56
45.4	33.84	32.32	30.72	30.24	28.76	32.54
45.37	33.82	32.31	30.7	30.28	28.76	32.52
45.34	33.81	32.29	30.69	30.31	28.76	32.51
45.31	33.79	32.27	30.67	30.34	28.77	32.49
45.27	33.77	32.25	30.66	30.37	28.77	32.47
45.24	33.76	32.23	30.64	30.39	28.77	32.45
45.2	33.74	32.22	30.63	30.41	28.77	32.43
45.16	33.73	32.2	30.62	30.42	28.78	32.41
45.11	33.71	32.18	30.61	30.44	28.78	32.39
45.07	33.69	32.16	30.6	30.45	28.78	32.37
45.02	33.68	32.14	30.59	30.46	28.78	32.35
44.98	33.66	32.12	30.58	30.47	28.79	32.33
44.93	33.65	32.11	30.57	30.47	28.79	32.31
44.88	33.63	32.09	30.57	30.48	28.79	32.29
44.83	33.61	32.07	30.56	30.48	28.79	32.28
44.78	33.6	32.05	30.56	30.48	28.79	32.26
44.73	33.58	32.03	30.56	30.48	28.8	32.24
44.68	33.56	32.01	30.55	30.49	28.8	32.22
44.63	33.55	31.99	30.55	30.49	28.8	32.2
44.57	33.53	31.98	30.55	30.49	28.8	32.18
44.52	33.51	31.96	30.54	30.49	28.81	32.17
44.46	33.5	31.94	30.54	30.49	28.81	32.15
44.41	33.48	31.92	30.54	30.49	28.81	32.13
44.35	33.46	31.9	30.54	30.49	28.81	32.11
44.3	33.45	31.88	30.54	30.49	28.82	32.09
44.24	33.43	31.87	30.53	30.49	28.82	32.08
44.18	33.41	31.85	30.53	30.49	28.82	32.06
44.12	33.4	31.83	30.53	30.49	28.82	32.04
44.07	33.38	31.81	30.53	30.49	28.82	32.02
44.01	33.36	31.79	30.53	30.49	28.83	32.01
43.95	33.35	31.78	30.53	30.49	28.83	31.99
43.89	33.33	31.76	30.53	30.49	28.83	31.97
43.83	33.31	31.74	30.53	30.5	28.83	31.95
43.77	33.3	31.72	30.53	30.5	28.83	31.93
43.71	33.28	31.7	30.53	30.5	28.84	31.91
43.65	33.26	31.69	30.53	30.5	28.84	31.89
43.6	33.25	31.67	30.53	30.5	28.84	31.88
43.54	33.23	31.65	30.52	30.5	28.84	31.86
43.48	33.21	31.63	30.52	30.5	28.84	31.84
43.42	33.19	31.62	30.52	30.5	28.84	31.82
43.36	33.18	31.6	30.52	30.5	28.85	31.8
43.3	33.16	31.58	30.52	30.5	28.85	31.79
43.24	33.14	31.57	30.52	30.49	28.84	31.77
43.19	33.12	31.55	30.52	30.49	28.8	31.75
43.13	33.11	31.53	30.52	30.49	28.76	31.73
43.07	33.09	31.51	30.52	30.49	28.73	31.71
43.01	33.07	31.5	30.53	30.49	28.69	31.7
42.95	33.06	31.48	30.53	30.48	28.66	31.68
42.89	33.04	31.46	30.53	30.48	28.63	31.66
42.84	33.02	31.45	30.53	30.48	28.61	31.65
42.78	33	31.43	30.53	30.47	28.58	31.63
42.72	32.99	31.42	30.53	30.47	28.55	31.61
42.66	32.97	31.4	30.53	30.46	28.51	31.59
42.61	32.95	31.38	30.53	30.46	28.47	31.58
42.55	32.93	31.37	30.53	30.45	28.42	31.56
42.49	32.92	31.35	30.53	30.45	28.38	31.54
42.43	32.9	31.34	30.53	30.44	28.34	31.52
42.38	32.88	31.32	30.53	30.43	28.3	31.5
42.32	32.86	31.31	30.53	30.42	28.26	31.49
42.26	32.85	31.29	30.53	30.41	28.22	31.47
42.21	32.83	31.28	30.53	30.4	28.18	31.45
42.15	32.81	31.26	30.53	30.39	28.14	31.43
42.1	32.79	31.25	30.53	30.38	28.1	31.41
42.04	32.78	31.23	30.53	30.36	28.06	31.4
41.99	32.77	31.23	30.53	30.36	28.05	31.41
41.94	32.77	31.23	30.53	30.36	28.05	31.42
41.89	32.77	31.23	30.54	30.36	28.06	31.42
41.84	32.78	31.24	30.54	30.36	28.06	31.42
41.79	32.76	31.22	30.54	30.35	28.06	31.4
41.74	32.74	31.21	30.54	30.34	28.04	31.38
41.69	32.73	31.2	30.54	30.32	28.03	31.37
41.65	32.71	31.18	30.54	30.31	28.02	31.35
41.6	32.69	31.17	30.54	30.29	28	31.33
41.54	32.67	31.16	30.54	30.27	27.99	31.32
41.49	32.66	31.14	30.54	30.25	27.98	31.3
41.44	32.64	31.13	30.54	30.24	27.96	31.28
41.39	32.62	31.12	30.54	30.22	27.94	31.26
41.34	32.6	31.1	30.54	30.2	27.91	31.25
41.29	32.59	31.09	30.54	30.18	27.87	31.23
41.24	32.57	31.08	30.54	30.15	27.84	31.21
41.19	32.55	31.06	30.54	30.13	27.81	31.19
41.13	32.53	31.05	30.54	30.11	27.78	31.17
41.08	32.51	31.04	30.54	30.08	27.74	31.16
41.03	32.51	31.03	30.54	30.07	27.73	31.15
40.98	32.52	31.04	30.55	30.08	27.73	31.2
40.95	32.53	31.06	30.55	30.09	27.74	31.25
40.91	32.54	31.06	30.55	30.1	27.75	31.28
40.88	32.55	31.07	30.55	30.11	27.75	31.31
40.86	32.56	31.08	30.55	30.12	27.76	31.34
40.84	32.57	31.09	30.55	30.13	27.76	31.39
40.82	32.58	31.1	30.55	30.13	27.77	31.41
40.8	32.58	31.1	30.56	30.13	27.77	31.41
40.78	32.58	31.1	30.56	30.13	27.77	31.41
40.77	32.58	31.09	30.56	30.13	27.78	31.4
40.75	32.56	31.08	30.56	30.1	27.78	31.38
40.73	32.54	31.07	30.56	30.08	27.79	31.37
40.7	32.52	31.06	30.56	30.06	27.79	31.35
40.68	32.5	31.04	30.56	30.03	27.8	31.33
40.65	32.49	31.03	30.56	30.01	27.8	31.31
40.62	32.47	31.02	30.56	29.98	27.8	31.29
40.59	32.45	31.01	30.56	29.96	27.81	31.28
40.56	32.43	31	30.56	29.93	27.81	31.26
40.53	32.42	30.99	30.56	29.91	27.82	31.24
40.49	32.4	30.98	30.56	29.88	27.82	31.22
40.46	32.38	30.96	30.56	29.85	27.82	31.2
40.42	32.36	30.95	30.56	29.83	27.83	31.18
40.39	32.35	30.94	30.56	29.8	27.83	31.17
40.35	32.33	30.93	30.55	29.77	27.84	31.15
40.31	32.31	30.92	30.55	29.74	27.84	31.13
40.27	32.29	30.91	30.55	29.72	27.84	31.11
40.24	32.28	30.9	30.55	29.69	27.85	31.09
40.2	32.26	30.89	30.55	29.66	27.85	31.08
40.16	32.24	30.88	30.55	29.64	27.85	31.06
40.12	32.22	30.87	30.55	29.61	27.86	31.04
40.08	32.21	30.87	30.55	29.58	27.86	31.02
40.04	32.19	30.86	30.55	29.56	27.86	31.01
40	32.17	30.85	30.54	29.53	27.87	30.99
39.96	32.15	30.84	30.54	29.51	27.87	30.97
39.92	32.14	30.83	30.54	29.48	27.87	30.95
39.87	32.12	30.82	30.54	29.46	27.88	30.94
39.83	32.1	30.82	30.54	29.44	27.88	30.92
39.79	32.09	30.81	30.53	29.41	27.88	30.9
39.75	32.07	30.8	30.53	29.39	27.88	30.89
39.7	32.05	30.8	30.53	29.37	27.85	30.87
39.66	32.04	30.79	30.52	29.35	27.81	30.85
39.62	32.02	30.78	30.52	29.33	27.77	30.83
39.57	32	30.78	30.52	29.3	27.73	30.82
39.53	31.99	30.77	30.51	29.28	27.69	30.8
39.48	31.97	30.77	30.51	29.26	27.64	30.78
39.44	31.95	30.76	30.51	29.24	27.6	30.76
39.4	31.94	30.76	30.5	29.22	27.56	30.74
39.35	31.92	30.75	30.5	29.21	27.52	30.73
39.31	31.9	30.74	30.49	29.19	27.49	30.71
39.27	31.89	30.74	30.49	29.17	27.45	30.69
39.22	31.87	30.74	30.48	29.15	27.42	30.68
39.18	31.86	30.73	30.48	29.13	27.39	30.66
39.14	31.84	30.73	30.47	29.11	27.35	30.64
39.09	31.82	30.72	30.46	29.1	27.32	30.63
39.05	31.81	30.72	30.46	29.08	27.28	30.61
39.01	31.79	30.72	30.45	29.06	27.24	30.59
38.96	31.78	30.71	30.44	29.04	27.2	30.57
38.92	31.76	30.71	30.44	29.03	27.16	30.56
38.87	31.74	30.7	30.43	29.01	27.13	30.54
38.83	31.73	30.7	30.42	28.99	27.11	30.52
38.79	31.71	30.7	30.41	28.97	27.08	30.51
38.74	31.7	30.7	30.4	28.96	27.06	30.49
38.7	31.68	30.69	30.39	28.94	27.04	30.48
38.66	31.67	30.69	30.39	28.92	27.01	30.46
38.61	31.65	30.69	30.38	28.9	26.98	30.44
38.57	31.64	30.68	30.37	28.88	26.94	30.43
38.52	31.62	30.68	30.36	28.86	26.9	30.41
38.48	31.61	30.68	30.35	28.85	26.86	30.39
38.43	31.59	30.68	30.34	28.83	26.82	30.37
38.39	31.58	30.67	30.32	28.81	26.78	30.36
38.34	31.57	30.67	30.31	28.79	26.75	30.34
38.3	31.55	30.67	30.3	28.77	26.71	30.32
38.26	31.54	30.67	30.29	28.75	26.68	30.3
38.21	31.52	30.67	30.28	28.73	26.64	30.29
38.17	31.51	30.66	30.27	28.71	26.61	30.27
38.12	31.5	30.66	30.25	28.69	26.58	30.25
38.08	31.48	30.66	30.24	28.67	26.55	30.24
38.04	31.47	30.66	30.23	28.65	26.52	30.22
37.99	31.45	30.66	30.22	28.63	26.49	30.2
37.95	31.44	30.65	30.2	28.6	26.46	30.19
37.91	31.43	30.65	30.19	28.58	26.43	30.17
37.86	31.41	30.65	30.18	28.56	26.4	30.15
37.82	31.4	30.65	30.16	28.54	26.38	30.14
37.78	31.39	30.65	30.15	28.51	26.36	30.12
37.74	31.38	30.64	30.13	28.49	26.35	30.1
37.69	31.36	30.64	30.12	28.47	26.33	30.09
37.65	31.35	30.64	30.1	28.44	26.32	30.07
37.61	31.34	30.64	30.09	28.42	26.3	30.06
37.57	31.33	30.64	30.07	28.39	26.28	30.04
37.53	31.32	30.63	30.06	28.37	26.25	30.02
37.49	31.3	30.63	30.04	28.34	26.21	30.01
37.44	31.29	30.63	30.03	28.32	26.18	29.99
37.4	31.28	30.63	30.01	28.29	26.15	29.97
37.36	31.27	30.63	30	28.27	26.12	29.96
37.32	31.26	30.62	29.98	28.24	26.09	29.94
37.28	31.25	30.62	29.96	28.21	26.06	29.92
37.24	31.24	30.62	29.95	28.19	26.04	29.91
37.21	31.22	30.62	29.93	28.16	26.02	29.89
37.17	31.23	30.62	29.94	28.18	26.02	29.93
37.14	31.24	30.62	29.94	28.18	26.03	29.95
37.11	31.24	30.62	29.95	28.18	26.04	29.95
37.08	31.24	30.62	29.95	28.19	26.05	29.95
37.05	31.24	30.62	29.95	28.19	26.05	29.95
37.02	31.24	30.62	29.95	28.19	26.06	29.95
36.99	31.23	30.62	29.93	28.16	26.07	29.93
36.96	31.22	30.62	29.92	28.14	26.07	29.92
36.93	31.21	30.62	29.9	28.11	26.08	29.9
36.9	31.2	30.61	29.88	28.08	26.09	29.89
36.87	31.19	30.61	29.86	28.05	26.09	29.87
36.84	31.18	30.61	29.85	28.03	26.1	29.85
36.81	31.17	30.6	29.83	28	26.11	29.84
36.77	31.16	30.6	29.81	27.97	26.11	29.82
36.74	31.15	30.59	29.8	27.94	26.12	29.81
36.71	31.14	30.59	29.78	27.91	26.13	29.79
36.67	31.13	30.59	29.76	27.89	26.13	29.77
36.64	31.12	30.58	29.74	27.86	26.12	29.76
36.6	31.11	30.58	29.73	27.83	26.09	29.74
36.57	31.1	30.57	29.71	27.8	26.07	29.72
36.53	31.09	30.57	29.69	27.77	26.05	29.71
36.5	31.09	30.57	29.68	27.76	26.04	29.7
36.47	31.1	30.57	29.7	27.78	26.04	29.78
36.45	31.11	30.57	29.71	27.8	26.05	29.83
36.44	31.11	30.57	29.71	27.8	26.06	29.84
36.43	31.11	30.58	29.71	27.81	26.06	29.85
36.42	31.11	30.58	29.71	27.81	26.07	29.85
36.64	31.12	30.58	29.72	27.82	26.07	29.89
36.94	31.13	30.58	29.73	27.84	26.08	29.92
36.93	31.13	30.58	29.73	27.84	26.09	29.92
36.92	31.13	30.58	29.73	27.84	26.09	29.92
36.91	31.12	30.58	29.73	27.83	26.1	29.91
36.9	31.12	30.58	29.71	27.8	26.1	29.9
36.88	31.11	30.57	29.69	27.77	26.11	29.88
36.86	31.1	30.57	29.67	27.75	26.11	29.86
36.84	31.09	30.56	29.65	27.72	26.12	29.85
36.82	31.08	30.55	29.64	27.69	26.12	29.83
36.8	31.07	30.55	29.62	27.66	26.13	29.81
36.78	31.06	30.54	29.6	27.63	26.13	29.8
36.75	31.06	30.54	29.58	27.61	26.14	29.78
36.73	31.05	30.53	29.56	27.58	26.15	29.76
36.7	31.04	30.52	29.54	27.55	26.15	29.74
36.68	31.03	30.52	29.52	27.53	26.16	29.72
36.65	31.03	30.51	29.51	27.5	26.16	29.71
36.62	31.02	30.5	29.49	27.48	26.17	29.69
36.59	31.01	30.5	29.47	27.46	26.17	29.68
36.57	31.02	30.5	29.49	27.48	26.17	29.74
37.48	31.03	30.51	29.5	27.5	26.18	29.86
38.88	31.04	30.51	29.52	27.53	26.18	29.98
40.24	31.05	30.52	29.53	27.55	26.19	30.1
41.57	31.07	30.53	29.55	27.58	26.19	30.22
42.55	31.08	30.53	29.57	27.6	26.2	30.32
42.91	31.09	30.54	29.58	27.62	26.2	30.37
42.9	31.09	30.54	29.58	27.62	26.21	30.37
42.88	31.09	30.54	29.58	27.62	26.21	30.37
42.86	31.09	30.53	29.57	27.61	26.22	30.36
42.84	31.08	30.53	29.56	27.59	26.22	30.34
42.82	31.07	30.52	29.54	27.56	26.23	30.32
42.8	31.07	30.51	29.52	27.54	26.23	30.3
42.77	31.06	30.51	29.5	27.52	26.24	30.29
42.74	31.05	30.5	29.48	27.51	26.24	30.27
42.7	31.04	30.49	29.46	27.5	26.24	30.25
42.67	31.03	30.48	29.44	27.5	26.25	30.23
42.63	31.03	30.48	29.42	27.51	26.25	30.21
42.59	31.02	30.47	29.4	27.54	26.26	30.19
42.54	31.01	30.46	29.39	27.57	26.26	30.17
42.5	31	30.45	29.37	27.6	26.27	30.15
42.45	31	30.44	29.35	27.63	26.27	30.14
42.41	30.99	30.43	29.33	27.65	26.28	30.12
42.36	30.98	30.42	29.31	27.66	26.28	30.1
42.31	30.98	30.42	29.29	27.68	26.28	30.08
42.26	30.97	30.41	29.27	27.69	26.29	30.06
42.21	30.96	30.4	29.25	27.7	26.29	30.04
42.15	30.96	30.39	29.23	27.71	26.3	30.03
42.11	30.96	30.39	29.24	27.71	26.3	30.09
42.07	30.97	30.4	29.25	27.71	26.31	30.15
42.03	30.98	30.4	29.26	27.72	26.31	30.18
42	30.98	30.4	29.26	27.72	26.31	30.18
41.97	30.98	30.41	29.26	27.72	26.32	30.18
41.94	30.98	30.4	29.25	27.74	26.32	30.17
41.91	30.97	30.39	29.23	27.77	26.33	30.15
41.87	30.97	30.38	29.21	27.8	26.33	30.13
41.83	30.96	30.37	29.19	27.83	26.34	30.11
41.79	30.95	30.36	29.17	27.85	26.34	30.1
41.75	30.94	30.35	29.15	27.87	26.34	30.08
41.7	30.94	30.34	29.13	27.89	26.35	30.06
41.66	30.93	30.33	29.11	27.9	26.35	30.04
41.61	30.93	30.32	29.09	27.91	26.36	30.02
41.56	30.92	30.31	29.07	27.91	26.36	30
41.51	30.91	30.3	29.05	27.91	26.36	29.99
41.46	30.91	30.29	29.03	27.91	26.37	29.97
41.41	30.9	30.28	29.01	27.91	26.37	29.95
41.36	30.89	30.27	28.99	27.92	26.38	29.93
41.31	30.89	30.26	28.97	27.92	26.38	29.91
41.25	30.89	30.25	28.96	27.92	26.38	29.9
41.21	30.89	30.26	28.97	27.92	26.39	29.99
41.18	30.9	30.27	28.99	27.92	26.39	30.09
41.87	30.91	30.28	29	28.03	26.39	30.25
42.92	30.93	30.28	29.02	28.03	26.4	30.35
43.36	30.94	30.29	29.03	28.04	26.4	30.4
43.35	30.94	30.29	29.03	28.04	26.41	30.41
43.33	30.94	30.29	29.04	28.04	26.41	30.41
43.31	30.94	30.29	29.04	28.04	26.41	30.41
43.3	30.94	30.29	29.02	28.09	26.42	30.39
43.27	30.93	30.27	29	28.14	26.42	30.37
43.25	30.92	30.26	28.98	28.19	26.42	30.35
43.22	30.91	30.25	28.96	28.23	26.43	30.33
43.19	30.91	30.24	28.94	28.27	26.43	30.32
43.16	30.9	30.23	28.92	28.31	26.44	30.3
43.12	30.89	30.22	28.9	28.34	26.44	30.28
43.08	30.89	30.21	28.88	28.36	26.44	30.26
43.04	30.88	30.2	28.86	28.38	26.45	30.24
43	30.87	30.18	28.84	28.39	26.45	30.22
42.96	30.87	30.17	28.82	28.41	26.45	30.2
42.91	30.86	30.16	28.81	28.42	26.46	30.19
42.86	30.85	30.15	28.79	28.43	26.46	30.17
42.81	30.85	30.14	28.77	28.43	26.47	30.15
42.76	30.84	30.12	28.76	28.44	26.47	30.13
42.71	30.83	30.11	28.74	28.45	26.47	30.11
42.66	30.83	30.1	28.73	28.45	26.48	30.1
42.6	30.82	30.08	28.72	28.45	26.48	30.08
42.55	30.82	30.07	28.7	28.45	26.48	30.06
42.49	30.81	30.06	28.69	28.45	26.49	30.04
42.44	30.8	30.05	28.68	28.45	26.49	30.03
42.38	30.8	30.03	28.67	28.45	26.49	30.01
42.33	30.79	30.02	28.66	28.45	26.5	29.99
42.27	30.78	30.01	28.65	28.46	26.5	29.97
42.21	30.78	29.99	28.64	28.46	26.5	29.96
42.15	30.77	29.98	28.63	28.46	26.51	29.94
42.09	30.76	29.97	28.63	28.46	26.51	29.92
42.03	30.76	29.95	28.62	28.46	26.51	29.9
41.97	30.75	29.94	28.61	28.46	26.52	29.89
41.91	30.74	29.93	28.6	28.46	26.52	29.87
41.85	30.74	29.91	28.6	28.46	26.52	29.85
41.78	30.73	29.9	28.59	28.46	26.53	29.84
41.72	30.72	29.89	28.59	28.46	26.53	29.82
41.66	30.72	29.87	28.58	28.46	26.53	29.8
41.6	30.71	29.86	28.58	28.46	26.53	29.78
41.53	30.7	29.85	28.57	28.46	26.54	29.77
41.47	30.7	29.83	28.57	28.46	26.54	29.75
41.41	30.69	29.82	28.56	28.46	26.54	29.73
41.35	30.68	29.8	28.56	28.46	26.55	29.71
41.28	30.68	29.79	28.56	28.46	26.55	29.7
41.22	30.68	29.8	28.56	28.46	26.55	29.71
41.16	30.68	29.8	28.56	28.46	26.55	29.72
41.11	30.68	29.8	28.56	28.46	26.56	29.72
41.05	30.69	29.8	28.57	28.47	26.56	29.72
40.99	30.69	29.8	28.57	28.47	26.56	29.72
40.93	30.69	29.8	28.57	28.47	26.56	29.72
40.88	30.69	29.8	28.57	28.47	26.57	29.72
40.82	30.69	29.8	28.57	28.47	26.57	29.72
40.77	30.68	29.79	28.57	28.47	26.57	29.7
40.71	30.67	29.78	28.57	28.47	26.57	29.69
40.65	30.67	29.76	28.56	28.47	26.58	29.67
40.6	30.66	29.75	28.56	28.47	26.58	29.65
40.54	30.65	29.73	28.56	28.46	26.58	29.64
40.48	30.65	29.72	28.55	28.46	26.58	29.62
40.42	30.64	29.7	28.55	28.46	26.59	29.61
40.37	30.63	29.69	28.55	28.46	26.59	29.59
40.31	30.62	29.67	28.55	28.45	26.57	29.57
40.25	30.62	29.66	28.54	28.45	26.53	29.55
40.19	30.61	29.65	28.54	28.45	26.48	29.54
40.13	30.6	29.63	28.54	28.44	26.44	29.52
40.08	30.59	29.62	28.54	28.44	26.41	29.5
40.02	30.58	29.6	28.54	28.43	26.37	29.49
39.96	30.58	29.59	28.54	28.43	26.33	29.47
39.9	30.57	29.57	28.54	28.42	26.3	29.45
39.84	30.56	29.56	28.53	28.41	26.27	29.44
39.79	30.56	29.55	28.53	28.41	26.26	29.44
39.73	30.56	29.55	28.54	28.41	26.26	29.44
39.68	30.56	29.55	28.54	28.41	26.27	29.44
39.63	30.56	29.55	28.54	28.41	26.27	29.45
39.57	30.56	29.56	28.54	28.41	26.27	29.45
39.52	30.56	29.56	28.54	28.41	26.28	29.44
39.47	30.55	29.54	28.54	28.4	26.26	29.43
39.42	30.55	29.53	28.54	28.39	26.24	29.41
39.36	30.54	29.51	28.54	28.38	26.22	29.39
39.31	30.53	29.5	28.54	28.37	26.2	29.38
39.26	30.52	29.48	28.54	28.36	26.19	29.36
39.2	30.51	29.47	28.54	28.35	26.17	29.35
39.15	30.5	29.45	28.54	28.34	26.15	29.33
39.1	30.49	29.43	28.53	28.32	26.13	29.32
39.05	30.49	29.42	28.53	28.31	26.1	29.3
38.99	30.48	29.4	28.53	28.29	26.06	29.28
38.94	30.47	29.39	28.53	28.28	26.02	29.27
38.89	30.46	29.37	28.53	28.26	25.98	29.25
38.83	30.45	29.36	28.53	28.24	25.94	29.23
38.78	30.44	29.34	28.53	28.22	25.9	29.21
38.73	30.43	29.33	28.53	28.2	25.87	29.2
38.68	30.42	29.31	28.53	28.18	25.83	29.18
38.63	30.42	29.31	28.53	28.17	25.81	29.19
38.58	30.42	29.31	28.53	28.18	25.82	29.2
38.53	30.42	29.32	28.54	28.18	25.83	29.23
38.5	30.43	29.33	28.54	28.19	25.83	29.32
38.48	30.44	29.35	28.54	28.2	25.84	29.4
38.46	30.45	29.36	28.54	28.21	25.84	29.44
38.46	30.45	29.36	28.55	28.21	25.85	29.46
38.45	30.45	29.36	28.55	28.21	25.85	29.47
38.44	30.45	29.36	28.55	28.22	25.86	29.47
38.43	30.45	29.37	28.55	28.22	25.86	29.47
38.42	30.45	29.35	28.55	28.2	25.87	29.45
38.4	30.44	29.34	28.55	28.18	25.87	29.44
38.39	30.43	29.33	28.55	28.16	25.88	29.42
38.37	30.42	29.31	28.55	28.14	25.88	29.4
38.34	30.41	29.3	28.55	28.12	25.89	29.39
38.32	30.4	29.28	28.55	28.1	25.89	29.37
38.29	30.39	29.27	28.55	28.08	25.9	29.35
38.26	30.38	29.25	28.55	28.05	25.9	29.33
38.23	30.37	29.24	28.55	28.03	25.9	29.32
38.2	30.36	29.23	28.54	28.01	25.91	29.3
38.17	30.35	29.21	28.54	27.98	25.91	29.28
38.13	30.34	29.2	28.54	27.96	25.92	29.26
38.09	30.33	29.18	28.54	27.93	25.92	29.24
38.06	30.32	29.18	28.54	27.92	25.93	29.24
38.02	30.33	29.18	28.54	27.93	25.93	29.24
37.99	30.33	29.19	28.55	27.93	25.93	29.25
37.95	30.33	29.19	28.55	27.94	25.94	29.29
37.93	30.34	29.2	28.55	27.95	25.94	29.33
37.91	30.35	29.21	28.55	27.96	25.95	29.38
38.15	30.36	29.22	28.55	27.98	25.95	29.44
38.37	30.37	29.23	28.56	27.98	25.95	29.46
38.37	30.37	29.23	28.56	27.98	25.96	29.47
38.35	30.37	29.23	28.56	27.99	25.96	29.47
38.34	30.37	29.23	28.56	27.99	25.96	29.46
38.32	30.36	29.22	28.56	27.96	25.97	29.45
38.3	30.35	29.21	28.56	27.94	25.97	29.43
38.28	30.34	29.19	28.56	27.92	25.98	29.41
38.26	30.32	29.18	28.56	27.89	25.98	29.39
38.23	30.31	29.17	28.55	27.87	25.98	29.38
38.21	30.3	29.15	28.55	27.85	25.99	29.36
38.18	30.29	29.14	28.55	27.83	25.99	29.34
38.15	30.28	29.13	28.55	27.8	25.99	29.32
38.12	30.27	29.11	28.55	27.78	26	29.3
38.09	30.26	29.1	28.55	27.77	26	29.29
38.06	30.25	29.09	28.55	27.75	26.01	29.27
38.02	30.24	29.08	28.55	27.73	26.01	29.25
37.99	30.22	29.07	28.54	27.71	26.01	29.23
37.95	30.21	29.05	28.54	27.7	26.02	29.22
37.92	30.2	29.04	28.54	27.68	26.02	29.2
37.88	30.19	29.03	28.54	27.67	26.02	29.18
37.85	30.18	29.02	28.54	27.65	26.03	29.16
37.81	30.17	29.01	28.53	27.64	26.03	29.15
37.77	30.15	29	28.53	27.63	26.03	29.13
37.73	30.14	28.99	28.53	27.62	26.04	29.11
37.69	30.13	28.98	28.53	27.61	26.04	29.1
37.66	30.12	28.97	28.52	27.59	26.04	29.08
37.62	30.11	28.96	28.52	27.58	26.05	29.06
37.58	30.09	28.95	28.52	27.58	26.05	29.05
37.54	30.08	28.94	28.51	27.57	26.05	29.03
37.5	30.07	28.93	28.51	27.56	26.05	29.01
37.45	30.06	28.92	28.51	27.55	26.06	29
37.41	30.05	28.91	28.5	27.54	26.06	28.98
37.37	30.03	28.9	28.5	27.53	26.06	28.97
37.33	30.02	28.89	28.5	27.53	26.07	28.95
37.29	30.01	28.89	28.49	27.52	26.07	28.93
37.25	30	28.88	28.49	27.51	26.07	28.92
37.21	29.98	28.87	28.48	27.51	26.07	28.9
37.17	29.97	28.86	28.48	27.5	26.03	28.88
37.12	29.96	28.86	28.47	27.49	25.98	28.87
37.08	29.95	28.85	28.47	27.49	25.93	28.85
37.04	29.93	28.84	28.46	27.48	25.89	28.83
37	29.92	28.83	28.45	27.47	25.84	28.82
36.96	29.91	28.83	28.45	27.47	25.8	28.8
36.92	29.9	28.82	28.44	27.46	25.76	28.78
36.87	29.88	28.82	28.43	27.45	25.72	28.77
36.83	29.87	28.81	28.43	27.45	25.68	28.75
36.79	29.86	28.8	28.42	27.44	25.64	28.73
36.75	29.84	28.8	28.41	27.43	25.6	28.72
36.71	29.83	28.79	28.41	27.43	25.55	28.7
36.67	29.82	28.79	28.4	27.42	25.5	28.68
36.62	29.81	28.78	28.39	27.41	25.46	28.67
36.58	29.79	28.78	28.38	27.4	25.41	28.65
36.54	29.78	28.77	28.37	27.39	25.38	28.63
36.5	29.77	28.77	28.37	27.38	25.34	28.62
36.46	29.75	28.76	28.36	27.37	25.31	28.6
36.42	29.74	28.76	28.35	27.36	25.28	28.59
36.38	29.73	28.75	28.34	27.35	25.24	28.57
36.33	29.72	28.75	28.33	27.34	25.21	28.55
36.29	29.7	28.74	28.32	27.33	25.17	28.54
36.25	29.69	28.74	28.31	27.31	25.12	28.52
36.21	29.68	28.74	28.3	27.3	25.08	28.5
36.17	29.67	28.73	28.29	27.29	25.03	28.49
36.12	29.65	28.73	28.28	27.27	24.98	28.47
36.08	29.64	28.72	28.27	27.26	24.94	28.45
36.04	29.63	28.72	28.26	27.24	24.9	28.44
36	29.63	28.72	28.26	27.24	24.9	28.45
35.97	29.64	28.73	28.27	27.25	24.91	28.52
35.95	29.65	28.73	28.28	27.26	24.92	28.6
36.58	29.66	28.74	28.29	27.27	24.92	28.7
37.58	29.68	28.75	28.29	27.28	24.93	28.79
38.37	29.69	28.75	28.3	27.29	24.94	28.87
38.59	29.69	28.76	28.3	27.3	24.94	28.89
38.59	29.7	28.76	28.31	27.3	24.95	28.9
38.58	29.7	28.76	28.31	27.3	24.96	28.9
38.57	29.7	28.76	28.31	27.3	24.96	28.9
38.55	29.7	28.76	28.31	27.3	24.97	28.9
38.54	29.68	28.76	28.3	27.29	24.97	28.88
38.52	29.67	28.75	28.29	27.27	24.98	28.86
38.5	29.66	28.75	28.28	27.25	24.99	28.84
38.48	29.64	28.74	28.27	27.24	24.99	28.82
38.45	29.63	28.74	28.26	27.22	25	28.81
38.43	29.62	28.73	28.25	27.2	25	28.79
38.4	29.61	28.73	28.24	27.18	25.01	28.77
38.37	29.59	28.73	28.23	27.16	25.02	28.75
38.33	29.58	28.72	28.22	27.14	25.02	28.74
38.3	29.57	28.72	28.21	27.12	25.03	28.72
38.26	29.56	28.71	28.2	27.1	25.03	28.7
38.23	29.55	28.71	28.19	27.08	25.04	28.68
38.19	29.53	28.7	28.18	27.06	25.04	28.66
38.15	29.54	28.71	28.18	27.07	25.05	28.7
38.13	29.55	28.71	28.19	27.09	25.05	28.8
38.9	29.57	28.72	28.2	27.1	25.06	28.9
40.46	29.58	28.72	28.21	27.11	25.06	29.04
41.59	29.6	28.73	28.21	27.13	25.07	29.14
42.55	29.61	28.73	28.22	27.14	25.07	29.23
43.37	29.63	28.74	28.23	27.15	25.08	29.32
43.73	29.64	28.75	28.23	27.16	25.08	29.37
43.71	29.65	28.75	28.24	27.16	25.09	29.37
43.7	29.65	28.75	28.24	27.16	25.09	29.37
43.68	29.64	28.75	28.24	27.16	25.1	29.37
43.66	29.63	28.74	28.23	27.14	25.1	29.35
43.64	29.62	28.74	28.22	27.12	25.11	29.33
43.61	29.6	28.73	28.2	27.11	25.11	29.31
43.58	29.59	28.73	28.19	27.1	25.12	29.29
43.54	29.58	28.72	28.18	27.09	25.12	29.27
43.51	29.56	28.72	28.17	27.11	25.13	29.25
43.47	29.55	28.71	28.16	27.16	25.13	29.23
43.42	29.54	28.71	28.15	27.2	25.14	29.21
43.38	29.53	28.7	28.14	27.24	25.14	29.19
43.33	29.51	28.7	28.13	27.28	25.15	29.17
43.28	29.5	28.69	28.12	27.3	25.15	29.15
43.23	29.49	28.69	28.11	27.33	25.16	29.13
43.18	29.48	28.68	28.1	27.34	25.16	29.11
43.13	29.49	28.69	28.1	27.35	25.17	29.14
43.09	29.5	28.69	28.11	27.35	25.17	29.23
43.06	29.52	28.7	28.12	27.35	25.17	29.34
43.74	29.54	28.71	28.13	27.35	25.18	29.45
44.62	29.57	28.71	28.14	27.35	25.18	29.55
45.3	29.59	28.72	28.15	27.35	25.19	29.63
45.71	29.62	28.72	28.16	27.36	25.19	29.68
45.73	29.63	28.72	28.16	27.36	25.2	29.7
45.71	29.63	28.73	28.16	27.36	25.2	29.7
45.69	29.63	28.73	28.16	27.36	25.21	29.7
45.68	29.63	28.73	28.16	27.36	25.21	29.7
45.66	29.62	28.72	28.15	27.44	25.21	29.68
45.64	29.6	28.72	28.14	27.53	25.22	29.66
45.61	29.59	28.71	28.13	27.6	25.22	29.64
45.58	29.57	28.71	28.12	27.66	25.23	29.62
45.54	29.56	28.7	28.11	27.71	25.23	29.6
45.51	29.54	28.7	28.1	27.76	25.24	29.58
45.46	29.53	28.7	28.09	27.8	25.24	29.56
45.42	29.51	28.69	28.08	27.83	25.25	29.54
45.37	29.5	28.69	28.07	27.86	25.25	29.52
45.32	29.49	28.68	28.06	27.89	25.25	29.5
45.27	29.47	28.68	28.05	27.91	25.26	29.48
45.22	29.46	28.68	28.04	27.93	25.26	29.46
45.16	29.45	28.67	28.04	27.95	25.27	29.44
45.11	29.45	28.67	28.04	27.96	25.27	29.46
45.06	29.48	28.68	28.05	27.96	25.28	29.56
45.03	29.5	28.68	28.06	27.96	25.28	29.65
45.11	29.53	28.69	28.07	27.96	25.28	29.74
45.88	29.55	28.69	28.07	27.96	25.29	29.82
46.77	29.57	28.7	28.08	27.96	25.29	29.91
47.61	29.61	28.7	28.09	27.96	25.3	30.01
47.76	29.63	28.71	28.09	27.96	25.3	30.04
47.75	29.64	28.71	28.1	27.96	25.3	30.05
47.73	29.64	28.71	28.1	27.96	25.31	30.05
47.71	29.64	28.71	28.1	27.96	25.31	30.04
47.7	29.63	28.71	28.09	28.01	25.32	30.03
47.67	29.61	28.7	28.09	28.07	25.32	30.01
47.65	29.59	28.7	28.13	28.13	25.32	29.99
47.61	29.58	28.69	28.18	28.18	25.33	29.97
47.58	29.56	28.69	28.22	28.22	25.33	29.95
47.54	29.54	28.68	28.26	28.26	25.34	29.93
47.5	29.53	28.68	28.3	28.3	25.34	29.91
47.45	29.51	28.67	28.33	28.33	25.35	29.89
47.4	29.49	28.67	28.36	28.36	25.35	29.87
47.35	29.48	28.66	28.38	28.38	25.35	29.84
47.3	29.46	28.66	28.4	28.4	25.36	29.82
47.24	29.45	28.65	28.42	28.42	25.36	29.8
47.18	29.43	28.65	28.44	28.44	25.37	29.78
47.12	29.45	28.65	28.44	28.44	25.37	29.81
47.07	29.47	28.66	28.44	28.44	25.37	29.86
47.02	29.5	28.66	28.44	28.44	25.38	29.93
46.99	29.54	28.67	28.44	28.44	25.38	30.04
47.06	29.58	28.67	28.44	28.44	25.38	30.15
47.84	29.62	28.68	28.44	28.44	25.39	30.24
48.51	29.66	28.68	28.44	28.44	25.39	30.32
48.91	29.71	28.69	28.44	28.44	25.4	30.39
48.9	29.72	28.69	28.44	28.44	25.4	30.39
48.88	29.72	28.69	28.44	28.44	25.4	30.39
48.86	29.72	28.69	28.44	28.44	25.41	30.39
48.85	29.72	28.69	28.46	28.46	25.41	30.38
48.83	29.69	28.69	28.51	28.51	25.42	30.36
48.8	29.67	28.68	28.56	28.56	25.42	30.34
48.77	29.65	28.68	28.6	28.6	25.42	30.32
48.74	29.62	28.67	28.64	28.64	25.43	30.3
48.7	29.6	28.67	28.67	28.67	25.43	30.28
48.66	29.58	28.7	28.7	28.7	25.43	30.26
48.62	29.56	28.72	28.72	28.72	25.44	30.24
48.57	29.54	28.75	28.75	28.75	25.44	30.22
48.52	29.52	28.77	28.77	28.77	25.45	30.19
48.46	29.5	28.79	28.79	28.79	25.45	30.17
48.41	29.49	28.8	28.8	28.8	25.45	30.15
48.35	29.47	28.82	28.82	28.82	25.46	30.13
48.29	29.46	28.83	28.83	28.83	25.46	30.13
48.23	29.48	28.83	28.83	28.83	25.46	30.15
48.17	29.49	28.83	28.83	28.83	25.47	30.17
48.12	29.53	28.83	28.83	28.83	25.47	30.23
48.08	29.57	28.83	28.83	28.83	25.48	30.31
48.05	29.62	28.83	28.83	28.83	25.48	30.42
48.21	29.67	28.84	28.83	28.83	25.48	30.52
48.39	29.7	28.84	28.83	28.83	25.49	30.55
48.37	29.7	28.85	28.83	28.83	25.49	30.56
48.36	29.7	28.86	28.83	28.83	25.49	30.56
48.34	29.71	28.86	28.83	28.83	25.5	30.56
48.33	29.7	28.86	28.85	28.85	25.5	30.54
48.31	29.67	28.89	28.89	28.89	25.5	30.52
48.28	29.65	28.92	28.92	28.92	25.51	30.5
48.25	29.62	28.95	28.95	28.95	25.51	30.48
48.22	29.6	28.98	28.98	28.98	25.52	30.46
48.18	29.58	29.01	29.01	29.01	25.52	30.44
48.14	29.56	29.03	29.03	29.03	25.52	30.42
48.1	29.54	29.05	29.05	29.05	25.53	30.4
48.05	29.52	29.07	29.07	29.07	25.53	30.38
48	29.5	29.08	29.08	29.08	25.53	30.36
47.94	29.48	29.09	29.09	29.09	25.54	30.34
47.89	29.46	29.11	29.11	29.11	25.54	30.32
47.83	29.44	29.12	29.12	29.12	25.54	30.3
47.77	29.43	29.13	29.13	29.13	25.55	30.28
47.71	29.41	29.14	29.14	29.14	25.55	30.26
47.64	29.4	29.15	29.15	29.15	25.55	30.24
47.58	29.39	29.16	29.16	29.16	25.56	30.23
47.51	29.4	29.16	29.16	29.16	25.56	30.29
47.46	29.43	29.16	29.16	29.16	25.57	30.35
47.42	29.44	29.16	29.16	29.16	25.57	30.36
47.37	29.44	29.17	29.16	29.16	25.57	30.36
47.32	29.45	29.17	29.16	29.16	25.58	30.36
47.28	29.45	29.17	29.16	29.16	25.58	30.36
47.23	29.44	29.17	29.17	29.17	25.58	30.35
47.18	29.42	29.19	29.19	29.19	25.59	30.33
47.13	29.41	29.2	29.2	29.2	25.59	30.31
47.07	29.4	29.21	29.21	29.21	25.59	30.29
47.01	29.39	29.22	29.22	29.22	25.6	30.27
46.95	29.38	29.23	29.23	29.23	25.6	30.25
46.89	29.37	29.23	29.23	29.23	25.6	30.23
46.82	29.36	29.24	29.24	29.24	25.61	30.22
46.76	29.36	29.24	29.24	29.24	25.61	30.2
46.69	29.35	29.25	29.25	29.25	25.61	30.18
46.62	29.35	29.25	29.25	29.25	25.62	30.16
46.55	29.34	29.25	29.25	29.25	25.62	30.14
46.48	29.34	29.25	29.25	29.25	25.62	30.12
46.4	29.33	29.25	29.25	29.25	25.63	30.1
46.33	29.33	29.25	29.25	29.25	25.63	30.08
46.25	29.33	29.25	29.25	29.25	25.63	30.07
46.18	29.34	29.25	29.25	29.25	25.64	30.09
46.11	29.35	29.25	29.25	29.25	25.64	30.13
46.05	29.37	29.25	29.25	29.25	25.64	30.21
46.01	29.39	29.25	29.25	29.25	25.65	30.3
45.97	29.41	29.25	29.25	29.25	25.65	30.34
45.94	29.43	29.25	29.25	29.25	25.65	30.37
45.9	29.43	29.25	29.25	29.25	25.66	30.37
45.87	29.43	29.26	29.25	29.25	25.66	30.37
45.84	29.44	29.26	29.25	29.25	25.66	30.37
45.8	29.43	29.26	29.25	29.24	25.67	30.36
45.77	29.43	29.27	29.27	29.27	25.67	30.34
45.73	29.42	29.28	29.28	29.28	25.67	30.33
45.68	29.41	29.29	29.29	29.29	25.68	30.31
45.64	29.41	29.3	29.3	29.3	25.68	30.29
45.59	29.4	29.31	29.31	29.31	25.68	30.27
45.54	29.4	29.32	29.32	29.32	25.68	30.25
45.48	29.39	29.32	29.32	29.32	25.69	30.23
45.43	29.39	29.33	29.33	29.33	25.69	30.21
45.37	29.39	29.33	29.33	29.33	25.69	30.19
45.31	29.39	29.33	29.33	29.33	25.7	30.17
45.24	29.38	29.33	29.33	29.33	25.7	30.15
45.18	29.38	29.33	29.33	29.33	25.7	30.14
45.12	29.38	29.33	29.33	29.33	25.71	30.13
45.05	29.39	29.33	29.33	29.33	25.71	30.16
45	29.41	29.34	29.33	29.33	25.71	30.22
44.96	29.43	29.34	29.33	29.33	25.72	30.33
44.93	29.45	29.35	29.35	29.35	25.72	30.45
45.87	29.48	29.37	29.37	29.37	25.72	30.6
46.26	29.5	29.44	29.37	29.37	25.73	30.67
46.25	29.5	29.45	29.37	29.37	25.73	30.67
46.24	29.5	29.45	29.37	29.37	25.73	30.67
46.22	29.5	29.45	29.38	29.37	25.73	30.67
46.21	29.5	29.45	29.4	29.4	25.74	30.66
46.19	29.5	29.45	29.43	29.43	25.74	30.64
46.16	29.5	29.46	29.46	29.46	25.74	30.62
46.13	29.5	29.48	29.48	29.48	25.75	30.6
46.1	29.5	29.5	29.5	29.5	25.75	30.58
46.06	29.51	29.51	29.51	29.51	25.75	30.56
46.02	29.53	29.53	29.53	29.53	25.76	30.54
45.98	29.54	29.54	29.54	29.54	25.76	30.52
45.93	29.55	29.55	29.55	29.55	25.76	30.5
45.88	29.55	29.55	29.55	29.55	25.77	30.48
45.83	29.56	29.56	29.56	29.56	25.77	30.46
45.77	29.56	29.56	29.56	29.56	25.77	30.44
45.72	29.57	29.57	29.57	29.57	25.77	30.42
45.66	29.57	29.57	29.57	29.57	25.78	30.4
45.6	29.57	29.57	29.57	29.57	25.78	30.39
45.54	29.58	29.58	29.58	29.58	25.78	30.37
45.47	29.58	29.58	29.58	29.58	25.79	30.35
45.41	29.58	29.58	29.58	29.58	25.79	30.33
45.34	29.58	29.58	29.58	29.58	25.79	30.32
45.27	29.58	29.58	29.58	29.58	25.8	30.3
45.2	29.58	29.58	29.58	29.58	25.8	30.28
45.13	29.58	29.58	29.58	29.58	25.8	30.26
45.06	29.58	29.58	29.58	29.58	25.8	30.24
44.99	29.58	29.58	29.58	29.58	25.81	30.23
44.92	29.59	29.58	29.58	29.58	25.81	30.21
44.84	29.59	29.58	29.58	29.58	25.81	30.19
44.77	29.59	29.58	29.58	29.58	25.81	30.17
44.69	29.59	29.58	29.58	29.58	25.82	30.16
44.62	29.59	29.58	29.58	29.58	25.82	30.14
44.54	29.59	29.58	29.58	29.58	25.82	30.12
44.47	29.59	29.58	29.58	29.58	25.82	30.11
44.39	29.59	29.58	29.58	29.58	25.83	30.09
44.31	29.59	29.59	29.58	29.58	25.83	30.07
44.23	29.59	29.59	29.58	29.58	25.83	30.05
44.16	29.59	29.59	29.58	29.58	25.83	30.03
44.08	29.59	29.59	29.58	29.58	25.84	30.02
44	29.59	29.59	29.59	29.58	25.84	30
43.92	29.59	29.59	29.59	29.58	25.84	29.98
43.84	29.59	29.59	29.59	29.58	25.84	29.96
43.76	29.59	29.59	29.59	29.58	25.84	29.95
43.69	29.59	29.59	29.59	29.57	25.85	29.93
43.61	29.59	29.59	29.59	29.57	25.85	29.92
43.53	29.6	29.59	29.59	29.57	25.85	29.9
43.45	29.6	29.59	29.59	29.57	25.85	29.88
43.37	29.6	29.59	29.59	29.56	25.85	29.87
43.3	29.6	29.59	29.59	29.56	25.85	29.85
43.22	29.6	29.59	29.59	29.55	25.86	29.83
43.14	29.6	29.59	29.59	29.55	25.86	29.82
43.06	29.6	29.59	29.59	29.54	25.86	29.8
42.98	29.6	29.59	29.59	29.54	25.86	29.78
42.9	29.6	29.59	29.59	29.53	25.86	29.77
42.83	29.6	29.59	29.59	29.52	25.86	29.75
42.75	29.6	29.59	29.59	29.51	25.86	29.73
42.67	29.6	29.6	29.59	29.5	25.87	29.72
42.59	29.6	29.6	29.59	29.49	25.83	29.7
42.52	29.6	29.6	29.59	29.48	25.79	29.68
42.44	29.6	29.6	29.59	29.46	25.73	29.67
42.36	29.6	29.6	29.59	29.45	25.68	29.65
42.28	29.6	29.6	29.59	29.43	25.62	29.63
42.21	29.6	29.6	29.59	29.41	25.57	29.62
42.13	29.6	29.6	29.59	29.39	25.52	29.6
42.05	29.6	29.6	29.59	29.37	25.48	29.58
41.98	29.6	29.6	29.59	29.35	25.44	29.57
41.9	29.6	29.6	29.59	29.33	25.4	29.55
41.83	29.6	29.6	29.6	29.31	25.38	29.53
41.75	29.61	29.6	29.6	29.28	25.37	29.52
41.68	29.61	29.6	29.6	29.25	25.38	29.51
41.61	29.61	29.6	29.6	29.24	25.38	29.54
41.54	29.61	29.6	29.59	29.25	25.39	29.54
41.47	29.61	29.6	29.59	29.25	25.39	29.54
41.41	29.61	29.61	29.59	29.25	25.39	29.54
41.34	29.61	29.61	29.58	29.24	25.4	29.54
41.28	29.61	29.61	29.58	29.21	25.4	29.52
41.21	29.61	29.61	29.58	29.18	25.4	29.5
41.15	29.61	29.61	29.58	29.15	25.39	29.49
41.08	29.61	29.61	29.58	29.12	25.38	29.47
41.02	29.61	29.61	29.58	29.09	25.37	29.46
40.95	29.61	29.61	29.58	29.05	25.35	29.44
40.88	29.61	29.61	29.58	29.02	25.33	29.42
40.82	29.61	29.61	29.58	28.98	25.3	29.41
40.75	29.61	29.61	29.58	28.94	25.27	29.39
40.68	29.61	29.61	29.58	28.9	25.23	29.37
40.62	29.61	29.61	29.58	28.86	25.19	29.35
40.55	29.61	29.61	29.58	28.82	25.15	29.34
40.48	29.61	29.61	29.58	28.77	25.11	29.32
40.42	29.61	29.61	29.58	28.73	25.07	29.3
40.35	29.62	29.61	29.58	28.68	25.03	29.29
40.29	29.62	29.61	29.58	28.64	24.99	29.27
40.22	29.62	29.61	29.58	28.59	24.96	29.25
40.15	29.62	29.61	29.58	28.55	24.92	29.24
40.09	29.62	29.61	29.58	28.5	24.89	29.22
40.02	29.62	29.61	29.58	28.45	24.85	29.2
39.96	29.62	29.61	29.58	28.4	24.82	29.19
39.9	29.62	29.61	29.58	28.39	24.8	29.22
39.84	29.62	29.61	29.58	28.39	24.81	29.22
39.78	29.62	29.61	29.58	28.4	24.82	29.22
39.73	29.62	29.61	29.57	28.4	24.82	29.22
39.67	29.62	29.61	29.56	28.37	24.83	29.21
39.62	29.62	29.61	29.57	28.32	24.83	29.2
39.56	29.62	29.61	29.57	28.27	24.84	29.18
39.5	29.62	29.61	29.56	28.22	24.84	29.16
39.45	29.62	29.61	29.56	28.17	24.85	29.15
39.39	29.62	29.61	29.56	28.12	24.85	29.13
39.33	29.62	29.61	29.56	28.06	24.84	29.12
39.27	29.62	29.61	29.56	28.01	24.82	29.1
39.22	29.62	29.61	29.56	27.96	24.79	29.08
39.16	29.62	29.61	29.56	27.91	24.77	29.06
39.1	29.63	29.61	29.56	27.85	24.74	29.05
39.04	29.63	29.61	29.55	27.8	24.72	29.03
38.98	29.63	29.61	29.55	27.75	24.69	29.01
38.93	29.63	29.61	29.55	27.7	24.67	29
38.87	29.63	29.61	29.54	27.64	24.65	28.98
38.81	29.63	29.61	29.54	27.59	24.63	28.96
38.76	29.63	29.61	29.54	27.54	24.61	28.95
38.7	29.63	29.61	29.53	27.49	24.59	28.93
38.64	29.63	29.61	29.53	27.43	24.57	28.92
38.59	29.63	29.61	29.52	27.38	24.55	28.9
38.53	29.63	29.61	29.52	27.33	24.53	28.88
38.47	29.63	29.61	29.51	27.28	24.5	28.87
38.42	29.63	29.61	29.5	27.23	24.48	28.85
38.36	29.63	29.61	29.5	27.18	24.45	28.84
38.31	29.63	29.61	29.49	27.13	24.43	28.82
38.25	29.63	29.61	29.48	27.08	24.42	28.8
38.19	29.63	29.61	29.47	27.03	24.4	28.79
38.14	29.63	29.6	29.47	26.98	24.39	28.77
38.08	29.63	29.6	29.46	26.93	24.37	28.76
38.03	29.63	29.6	29.45	26.88	24.35	28.74
37.97	29.63	29.6	29.44	26.83	24.33	28.73
37.92	29.63	29.6	29.43	26.78	24.29	28.71
37.86	29.64	29.6	29.42	26.74	24.26	28.69
37.81	29.64	29.6	29.4	26.69	24.23	28.67
37.75	29.64	29.6	29.39	26.64	24.2	28.66
37.7	29.64	29.6	29.38	26.6	24.17	28.64
37.65	29.64	29.6	29.37	26.55	24.15	28.63
37.59	29.64	29.6	29.35	26.51	24.13	28.61
37.54	29.64	29.6	29.34	26.46	24.11	28.59
37.49	29.64	29.6	29.32	26.42	24.11	28.58
37.43	29.64	29.6	29.31	26.38	24.11	28.56
37.38	29.64	29.6	29.29	26.33	24.12	28.55
37.33	29.64	29.6	29.28	26.29	24.12	28.54
37.28	29.64	29.6	29.26	26.25	24.13	28.53
37.23	29.64	29.6	29.24	26.21	24.13	28.51
37.18	29.64	29.6	29.22	26.17	24.14	28.49
37.13	29.64	29.6	29.2	26.13	24.14	28.48
37.07	29.64	29.6	29.18	26.09	24.15	28.47
37.02	29.64	29.6	29.16	26.05	24.16	28.47
36.97	29.64	29.6	29.14	26.01	24.16	28.46
36.92	29.64	29.6	29.12	25.97	24.17	28.45
36.87	29.64	29.6	29.1	25.93	24.17	28.44
36.82	29.64	29.59	29.08	25.89	24.18	28.43
36.77	29.64	29.59	29.06	25.86	24.18	28.42
36.72	29.64	29.59	29.03	25.82	24.19	28.41
36.67	29.64	29.59	29.01	25.79	24.19	28.39
36.63	29.64	29.59	28.98	25.75	24.2	28.38
36.58	29.64	29.59	28.96	25.72	24.2	28.36
36.53	29.64	29.59	28.93	25.68	24.21	28.35
36.48	29.64	29.59	28.91	25.65	24.21	28.34
36.43	29.64	29.59	28.88	25.62	24.21	28.33
36.38	29.64	29.59	28.9	25.66	24.22	28.37
36.35	29.65	29.59	28.92	25.69	24.22	28.46
36.33	29.65	29.61	28.93	25.73	24.23	28.58
37.5	29.68	29.68	28.94	25.75	24.23	28.72
39.33	29.68	29.68	28.96	25.8	24.24	28.88
40.87	29.68	29.68	28.98	25.85	24.24	29.03
42.09	29.69	29.68	29	25.89	24.25	29.15
42.75	29.69	29.68	29.02	25.94	24.25	29.24
42.78	29.7	29.69	29.03	25.96	24.25	29.27
42.77	29.7	29.69	29.03	25.97	24.26	29.27
42.75	29.7	29.69	29.01	25.94	24.26	29.26
42.73	29.7	29.69	28.99	25.91	24.27	29.24
42.7	29.7	29.69	28.97	25.88	24.27	29.22
42.68	29.7	29.69	28.94	25.85	24.28	29.2
42.65	29.7	29.69	28.92	25.82	24.28	29.19
42.61	29.7	29.69	28.89	25.82	24.28	29.18
42.58	29.7	29.69	28.86	25.85	24.29	29.17
42.54	29.7	29.69	28.84	25.92	24.29	29.15
42.5	29.7	29.69	28.81	25.97	24.3	29.13
42.45	29.7	29.69	28.78	26.02	24.3	29.11
42.41	29.7	29.69	28.76	26.06	24.31	29.09
42.36	29.7	29.69	28.73	26.1	24.31	29.07
42.31	29.7	29.69	28.7	26.13	24.31	29.06
42.26	29.7	29.69	28.67	26.17	24.32	29.04
42.21	29.71	29.69	28.66	26.18	24.32	29.05
42.17	29.71	29.69	28.67	26.18	24.33	29.08
42.12	29.71	29.69	28.69	26.19	24.33	29.12
42.09	29.71	29.69	28.69	26.19	24.34	29.13
42.05	29.71	29.69	28.69	26.19	24.34	29.13
42.01	29.72	29.69	28.69	26.19	24.34	29.13
41.97	29.72	29.69	28.7	26.19	24.35	29.14
41.94	29.72	29.69	28.71	26.2	24.35	29.17
41.91	29.72	29.69	28.71	26.2	24.36	29.18
41.87	29.72	29.69	28.71	26.2	24.36	29.18
41.84	29.73	29.69	28.71	26.2	24.36	29.17
41.81	29.73	29.69	28.68	26.25	24.37	29.16
41.77	29.72	29.69	28.66	26.3	24.37	29.14
41.73	29.72	29.69	28.63	26.34	24.38	29.12
41.69	29.72	29.69	28.6	26.38	24.38	29.1
41.65	29.72	29.69	28.57	26.41	24.38	29.09
41.61	29.72	29.68	28.54	26.44	24.39	29.07
41.56	29.72	29.68	28.51	26.46	24.39	29.05
41.51	29.72	29.68	28.47	26.48	24.4	29.03
41.46	29.72	29.68	28.44	26.5	24.4	29.02
41.41	29.72	29.67	28.41	26.51	24.4	29
41.36	29.72	29.67	28.38	26.52	24.41	28.98
41.31	29.72	29.67	28.35	26.53	24.41	28.96
41.26	29.72	29.66	28.31	26.54	24.41	28.94
41.2	29.73	29.66	28.33	26.54	24.42	28.98
41.16	29.73	29.66	28.35	26.54	24.42	29.04
41.13	29.74	29.67	28.37	26.54	24.43	29.11
41.1	29.75	29.67	28.39	26.54	24.43	29.19
41.46	29.76	29.67	28.41	26.54	24.43	29.28
42.25	29.77	29.67	28.43	26.55	24.44	29.37
42.66	29.78	29.67	28.45	26.55	24.44	29.42
42.99	29.79	29.67	28.47	26.55	24.44	29.47
43.02	29.8	29.68	28.47	26.55	24.45	29.48
43.01	29.8	29.68	28.47	26.55	24.45	29.48
42.99	29.8	29.68	28.48	26.55	24.45	29.48
42.98	29.8	29.67	28.47	26.58	24.46	29.47
42.96	29.79	29.67	28.44	26.66	24.46	29.45
42.94	29.79	29.67	28.41	26.74	24.47	29.43
42.91	29.79	29.66	28.38	26.81	24.47	29.42
42.89	29.79	29.66	28.34	26.87	24.47	29.4
42.86	29.78	29.65	28.31	26.93	24.48	29.38
42.82	29.78	29.65	28.28	26.97	24.48	29.37
42.79	29.78	29.64	28.25	27.01	24.48	29.35
42.75	29.78	29.64	28.22	27.04	24.49	29.33
42.71	29.77	29.63	28.19	27.07	24.49	29.31
42.67	29.77	29.63	28.16	27.1	24.49	29.29
42.62	29.77	29.62	28.13	27.13	24.5	29.28
42.57	29.77	29.61	28.1	27.18	24.5	29.27
42.53	29.77	29.6	28.07	27.22	24.51	29.26
42.48	29.76	29.6	28.04	27.25	24.51	29.24
42.43	29.76	29.59	28.01	27.28	24.51	29.23
42.38	29.76	29.58	27.99	27.3	24.52	29.25
42.34	29.77	29.59	28.01	27.3	24.52	29.31
42.3	29.78	29.59	28.03	27.3	24.52	29.35
42.27	29.79	29.59	28.05	27.3	24.53	29.4
42.25	29.8	29.6	28.06	27.3	24.53	29.41
42.22	29.8	29.6	28.06	27.3	24.53	29.42
42.19	29.8	29.6	28.06	27.3	24.54	29.42
42.17	29.8	29.6	28.06	27.3	24.54	29.42
42.14	29.8	29.59	28.04	27.33	24.54	29.4
42.11	29.8	29.58	28.02	27.36	24.55	29.38
42.08	29.79	29.57	27.99	27.41	24.55	29.37
42.04	29.79	29.56	27.96	27.44	24.56	29.36
42	29.79	29.56	27.94	27.48	24.56	29.34
41.96	29.79	29.55	27.92	27.5	24.56	29.33
41.92	29.78	29.54	27.89	27.52	24.57	29.31
41.88	29.78	29.53	27.87	27.53	24.57	29.29
41.83	29.78	29.51	27.85	27.54	24.57	29.27
41.78	29.78	29.5	27.84	27.55	24.58	29.25
41.73	29.77	29.49	27.82	27.55	24.58	29.23
41.68	29.77	29.48	27.8	27.56	24.58	29.22
41.63	29.77	29.47	27.79	27.56	24.59	29.2
41.58	29.77	29.47	27.8	27.56	24.59	29.21
41.53	29.78	29.48	27.8	27.56	24.59	29.23
41.49	29.79	29.48	27.82	27.56	24.6	29.29
41.46	29.8	29.49	27.84	27.56	24.6	29.37
41.43	29.81	29.49	27.86	27.56	24.6	29.42
41.42	29.82	29.5	27.87	27.56	24.61	29.47
41.4	29.82	29.5	27.88	27.56	24.61	29.47
41.38	29.82	29.5	27.88	27.56	24.61	29.47
41.37	29.82	29.5	27.88	27.56	24.62	29.47
41.35	29.82	29.5	27.89	27.56	24.62	29.47
41.33	29.83	29.5	27.89	27.57	24.62	29.47
41.31	29.82	29.49	27.87	27.6	24.63	29.45
41.29	29.82	29.48	27.86	27.64	24.63	29.43
41.27	29.81	29.46	27.84	27.67	24.63	29.41
41.24	29.81	29.45	27.83	27.69	24.64	29.4
41.21	29.81	29.44	27.82	27.71	24.64	29.38
41.17	29.8	29.43	27.82	27.73	24.64	29.36
41.14	29.8	29.41	27.81	27.75	24.65	29.34
41.1	29.8	29.4	27.81	27.76	24.65	29.32
41.06	29.79	29.39	27.81	27.76	24.65	29.3
41.02	29.79	29.37	27.81	27.77	24.66	29.28
40.98	29.79	29.36	27.81	27.78	24.66	29.27
40.94	29.79	29.34	27.81	27.78	24.66	29.25
40.89	29.78	29.33	27.8	27.78	24.67	29.23
40.85	29.78	29.32	27.8	27.78	24.67	29.21
40.8	29.78	29.3	27.8	27.78	24.67	29.19
40.75	29.78	29.3	27.81	27.78	24.68	29.23
40.72	29.79	29.31	27.82	27.78	24.68	29.26
40.68	29.8	29.32	27.83	27.78	24.68	29.32
40.66	29.81	29.32	27.84	27.78	24.69	29.4
40.82	29.82	29.33	27.85	27.78	24.69	29.46
40.95	29.83	29.34	27.85	27.78	24.69	29.48
40.94	29.83	29.34	27.85	27.78	24.69	29.48
40.93	29.83	29.34	27.86	27.78	24.7	29.48
40.91	29.83	29.33	27.86	27.79	24.7	29.47
40.9	29.82	29.32	27.85	27.82	24.7	29.46
40.88	29.82	29.3	27.85	27.85	24.71	29.44
40.86	29.82	29.29	27.87	27.87	24.71	29.42
40.83	29.81	29.27	27.89	27.89	24.71	29.4
40.8	29.81	29.26	27.91	27.91	24.72	29.38
40.77	29.8	29.24	27.92	27.92	24.72	29.36
40.74	29.8	29.23	27.93	27.93	24.72	29.34
40.71	29.8	29.21	27.94	27.94	24.73	29.32
40.67	29.79	29.2	27.95	27.95	24.73	29.3
40.63	29.79	29.18	27.95	27.95	24.73	29.29
40.59	29.78	29.16	27.95	27.95	24.74	29.27
40.55	29.78	29.15	27.95	27.95	24.74	29.25
40.51	29.78	29.13	27.95	27.95	24.74	29.23
40.47	29.77	29.11	27.96	27.95	24.74	29.21
40.42	29.77	29.09	27.96	27.95	24.75	29.19
40.38	29.77	29.09	27.96	27.96	24.75	29.19
40.34	29.78	29.1	27.96	27.96	24.75	29.25
40.31	29.78	29.11	27.96	27.96	24.76	29.31
40.28	29.79	29.11	27.96	27.96	24.76	29.32
40.26	29.79	29.11	27.96	27.96	24.76	29.32
40.23	29.79	29.11	27.96	27.96	24.77	29.32
40.2	29.79	29.11	27.96	27.96	24.77	29.32
40.18	29.79	29.11	27.97	27.96	24.77	29.32
40.15	29.79	29.09	27.97	27.97	24.77	29.3
40.12	29.78	29.07	27.98	27.98	24.78	29.28
40.09	29.78	29.05	27.98	27.98	24.78	29.26
40.06	29.77	29.04	27.99	27.99	24.78	29.24
40.02	29.77	29.02	28	28	24.79	29.22
39.98	29.76	29	28	28	24.79	29.21
39.95	29.76	28.98	28	28	24.79	29.19
39.91	29.75	28.97	28	28	24.79	29.17
39.87	29.75	28.95	28	28	24.8	29.15
39.82	29.74	28.93	28	28	24.8	29.13
39.78	29.74	28.91	28	28	24.8	29.12
39.74	29.74	28.89	28	28	24.81	29.1
39.69	29.73	28.88	28	28	24.81	29.08
39.65	29.73	28.86	28	28	24.81	29.06
39.6	29.72	28.84	28	28	24.81	29.04
39.55	29.72	28.82	28	28	24.82	29.03
39.51	29.71	28.8	28.01	28	24.82	29.01
39.46	29.71	28.79	28.01	28	24.82	28.99
39.41	29.7	28.77	28.01	28	24.82	28.97
39.36	29.69	28.75	28.01	28	24.83	28.96
39.31	29.69	28.74	28.01	28	24.83	28.94
39.26	29.68	28.72	28.01	28	24.83	28.92
39.21	29.68	28.7	28.01	28	24.83	28.91
39.16	29.67	28.68	28.01	28	24.84	28.89
39.11	29.67	28.67	28.01	28	24.84	28.87
39.06	29.66	28.65	28.01	28	24.84	28.85
39.01	29.65	28.64	28.01	28	24.84	28.84
38.96	29.65	28.62	28.01	28	24.84	28.82
38.91	29.64	28.61	28.01	28	24.85	28.8
38.85	29.63	28.59	28.01	28	24.85	28.79
38.8	29.63	28.58	28.01	28	24.85	28.77
38.75	29.62	28.56	28.01	28	24.85	28.75
38.7	29.61	28.55	28.01	27.99	24.85	28.74
38.64	29.61	28.53	28.01	27.99	24.86	28.72
38.59	29.6	28.52	28.02	27.99	24.86	28.7
38.53	29.59	28.51	28.02	27.98	24.86	28.68
38.48	29.58	28.49	28.02	27.98	24.86	28.67
38.42	29.58	28.48	28.02	27.98	24.86	28.65
38.37	29.58	28.49	28.02	27.98	24.86	28.68
38.33	29.59	28.5	28.02	27.98	24.87	28.75
38.3	29.59	28.51	28.02	27.98	24.87	28.85
38.69	29.6	28.53	28.02	27.98	24.87	28.97
39.75	29.61	28.54	28.02	27.98	24.87	29.06
40.66	29.61	28.55	28.02	27.98	24.87	29.14
41.63	29.62	28.56	28.02	27.99	24.88	29.23
42.18	29.63	28.57	28.02	27.99	24.88	29.3
42.21	29.63	28.57	28.02	27.99	24.88	29.31
42.2	29.63	28.57	28.02	27.99	24.88	29.31
42.18	29.64	28.57	28.03	27.99	24.88	29.31
42.17	29.63	28.57	28.03	27.99	24.88	29.3
42.15	29.62	28.56	28.03	27.98	24.89	29.28
42.13	29.62	28.54	28.03	27.98	24.89	29.26
42.1	29.61	28.53	28.03	27.97	24.89	29.24
42.07	29.6	28.52	28.03	27.97	24.89	29.22
42.04	29.59	28.5	28.03	27.96	24.9	29.21
42.01	29.58	28.49	28.03	27.95	24.9	29.19
41.97	29.57	28.48	28.03	27.94	24.9	29.17
41.93	29.56	28.47	28.03	27.94	24.9	29.15
41.89	29.55	28.46	28.03	27.93	24.9	29.13
41.84	29.54	28.44	28.03	27.92	24.91	29.11
41.8	29.53	28.43	28.03	27.91	24.91	29.09
41.75	29.53	28.42	28.03	27.9	24.91	29.07
41.7	29.52	28.41	28.03	27.89	24.91	29.06
41.66	29.53	28.42	28.03	27.9	24.92	29.11
41.62	29.54	28.43	28.03	27.9	24.92	29.2
41.6	29.55	28.45	28.03	27.9	24.92	29.29
42.16	29.56	28.46	28.03	27.91	24.92	29.37
42.63	29.58	28.47	28.04	27.91	24.93	29.43
42.85	29.59	28.48	28.04	27.92	24.93	29.46
42.86	29.59	28.48	28.04	27.92	24.93	29.47
42.85	29.6	28.48	28.04	27.92	24.93	29.48
42.84	29.6	28.48	28.04	27.92	24.94	29.48
42.83	29.6	28.48	28.04	27.92	24.94	29.48
42.81	29.6	28.48	28.04	27.92	24.94	29.47
42.8	29.58	28.47	28.04	27.91	24.94	29.45
42.77	29.57	28.46	28.04	27.91	24.95	29.43
42.75	29.56	28.44	28.04	27.97	24.95	29.41
42.72	29.55	28.43	28.04	28.02	24.95	29.39
42.69	29.54	28.42	28.05	28.05	24.95	29.37
42.66	29.53	28.41	28.06	28.06	24.96	29.35
42.63	29.52	28.4	28.08	28.08	24.96	29.33
42.59	29.51	28.39	28.09	28.09	24.96	29.31
42.55	29.49	28.38	28.1	28.1	24.96	29.29
42.51	29.48	28.37	28.11	28.11	24.97	29.28
42.46	29.47	28.36	28.11	28.11	24.97	29.26
42.42	29.46	28.35	28.12	28.12	24.97	29.24
42.37	29.45	28.34	28.12	28.12	24.97	29.22
42.32	29.44	28.34	28.13	28.13	24.98	29.2
42.27	29.44	28.34	28.13	28.13	24.98	29.21
42.23	29.44	28.34	28.13	28.13	24.98	29.22
42.18	29.44	28.34	28.13	28.13	24.98	29.23
42.14	29.45	28.34	28.13	28.13	24.99	29.24
42.1	29.46	28.35	28.13	28.13	24.99	29.26
42.06	29.46	28.35	28.13	28.13	24.99	29.26
42.02	29.46	28.35	28.13	28.13	24.99	29.26
41.98	29.46	28.35	28.13	28.13	25	29.26
41.94	29.45	28.35	28.13	28.13	25	29.25
41.9	29.44	28.34	28.14	28.14	25	29.23
41.86	29.43	28.33	28.14	28.14	25	29.21
41.81	29.41	28.32	28.15	28.15	25	29.19
41.77	29.4	28.31	28.15	28.15	25.01	29.18
41.72	29.39	28.31	28.16	28.16	25.01	29.16
41.67	29.38	28.3	28.16	28.16	25.01	29.14
41.62	29.36	28.29	28.16	28.16	25.01	29.12
41.57	29.35	28.29	28.16	28.16	25.02	29.11
41.52	29.34	28.28	28.16	28.16	25.02	29.09
41.46	29.33	28.28	28.16	28.16	25.02	29.07
41.41	29.31	28.27	28.16	28.16	25.02	29.05
41.35	29.3	28.27	28.16	28.16	25.03	29.03
41.3	29.29	28.26	28.16	28.16	25.03	29.02
41.24	29.28	28.26	28.16	28.16	25.03	29
41.19	29.28	28.26	28.16	28.16	25.03	29.03
41.14	29.3	28.27	28.16	28.16	25.03	29.07
41.1	29.31	28.28	28.16	28.16	25.04	29.14
41.07	29.32	28.28	28.16	28.16	25.04	29.2
41.05	29.34	28.29	28.16	28.16	25.04	29.26
41.24	29.36	28.3	28.17	28.16	25.04	29.34
41.79	29.38	28.31	28.17	28.16	25.05	29.41
41.84	29.38	28.31	28.17	28.16	25.05	29.42
41.83	29.38	28.31	28.16	28.16	25.05	29.42
41.82	29.38	28.31	28.16	28.16	25.05	29.42
41.81	29.38	28.31	28.16	28.16	25.05	29.41
41.79	29.37	28.3	28.16	28.16	25.06	29.39
41.77	29.35	28.3	28.18	28.18	25.06	29.37
41.75	29.34	28.29	28.2	28.2	25.06	29.36
41.73	29.32	28.29	28.22	28.22	25.06	29.34
41.7	29.31	28.29	28.23	28.23	25.07	29.32
41.67	29.3	28.28	28.24	28.24	25.07	29.3
41.63	29.28	28.28	28.25	28.25	25.07	29.28
41.6	29.27	28.28	28.26	28.26	25.07	29.26
41.56	29.25	28.28	28.27	28.27	25.07	29.24
41.52	29.24	28.28	28.27	28.27	25.08	29.23
41.48	29.23	28.28	28.27	28.27	25.08	29.21
41.44	29.21	28.28	28.28	28.28	25.08	29.19
41.39	29.2	28.28	28.28	28.28	25.08	29.17
41.35	29.18	28.28	28.28	28.28	25.09	29.15
41.3	29.17	28.28	28.28	28.28	25.09	29.13
41.25	29.18	28.29	28.28	28.28	25.09	29.18
41.22	29.2	28.29	28.28	28.28	25.09	29.26
41.2	29.22	28.29	28.28	28.28	25.09	29.34
41.34	29.23	28.3	28.28	28.28	25.1	29.41
41.92	29.25	28.3	28.28	28.28	25.1	29.47
42.07	29.27	28.31	28.28	28.28	25.1	29.5
42.06	29.27	28.31	28.28	28.28	25.1	29.5
42.04	29.27	28.31	28.28	28.28	25.11	29.5
42.03	29.27	28.31	28.28	28.28	25.11	29.49
42.02	29.25	28.31	28.3	28.3	25.11	29.47
42	29.24	28.32	28.32	28.32	25.11	29.45
41.98	29.22	28.35	28.35	28.35	25.11	29.44
41.95	29.21	28.37	28.37	28.37	25.12	29.42
41.92	29.19	28.38	28.38	28.38	25.12	29.41
41.89	29.18	28.39	28.39	28.39	25.12	29.39
41.86	29.16	28.4	28.4	28.4	25.12	29.37
41.83	29.15	28.41	28.41	28.41	25.13	29.35
41.79	29.13	28.41	28.41	28.41	25.13	29.33
41.75	29.12	28.41	28.41	28.41	25.13	29.31
41.71	29.1	28.42	28.42	28.42	25.13	29.29
41.67	29.1	28.42	28.42	28.42	25.13	29.29
41.63	29.11	28.42	28.42	28.42	25.14	29.32
41.6	29.13	28.42	28.42	28.42	25.14	29.38
41.57	29.15	28.42	28.42	28.42	25.14	29.45
41.93	29.18	28.42	28.42	28.42	25.14	29.55
42.84	29.2	28.42	28.42	28.42	25.15	29.64
43.25	29.23	28.43	28.42	28.42	25.15	29.69
43.93	29.26	28.43	28.42	28.42	25.15	29.77
44.34	29.28	28.43	28.42	28.42	25.15	29.82
44.34	29.29	28.43	28.42	28.42	25.15	29.82
44.32	29.29	28.44	28.42	28.42	25.16	29.82
44.31	29.29	28.44	28.42	28.42	25.16	29.82
44.3	29.28	28.44	28.43	28.43	25.16	29.81
44.28	29.26	28.46	28.46	28.46	25.16	29.79
44.26	29.25	28.49	28.49	28.49	25.16	29.77
44.24	29.23	28.51	28.51	28.51	25.17	29.75
44.21	29.21	28.53	28.53	28.53	25.17	29.74
44.18	29.19	28.55	28.55	28.55	25.17	29.72
44.14	29.18	28.57	28.57	28.57	25.17	29.7
44.11	29.16	28.58	28.58	28.58	25.18	29.68
44.07	29.14	28.59	28.59	28.59	25.18	29.66
44.02	29.13	28.6	28.6	28.6	25.18	29.64
43.98	29.11	28.61	28.61	28.61	25.18	29.62
43.93	29.09	28.61	28.61	28.61	25.18	29.6
43.88	29.08	28.62	28.62	28.62	25.19	29.59
43.84	29.1	28.62	28.62	28.62	25.19	29.63
43.8	29.13	28.62	28.62	28.62	25.19	29.68
43.77	29.16	28.62	28.62	28.62	25.19	29.76
43.92	29.19	28.62	28.62	28.62	25.2	29.87
45.2	29.23	28.62	28.62	28.62	25.2	30
46.06	29.27	28.62	28.62	28.62	25.2	30.09
46.16	29.29	28.62	28.62	28.62	25.2	30.11
46.15	29.29	28.63	28.62	28.62	25.2	30.11
46.13	29.29	28.64	28.62	28.62	25.21	30.11
46.12	29.3	28.64	28.62	28.62	25.21	30.11
46.1	29.3	28.64	28.62	28.62	25.21	30.11
46.08	29.28	28.65	28.65	28.65	25.21	30.09
46.06	29.25	28.68	28.68	28.68	25.21	30.07
46.03	29.23	28.71	28.71	28.71	25.22	30.05
46	29.21	28.73	28.73	28.73	25.22	30.03
45.97	29.19	28.76	28.76	28.76	25.22	30.01
45.93	29.18	28.77	28.77	28.77	25.22	29.99
45.89	29.16	28.79	28.79	28.79	25.23	29.97
45.85	29.14	28.81	28.81	28.81	25.23	29.96
45.8	29.13	28.82	28.82	28.82	25.23	29.94
45.75	29.11	28.83	28.83	28.83	25.23	29.92
45.7	29.1	28.84	28.84	28.84	25.23	29.9
45.65	29.08	28.85	28.85	28.85	25.24	29.88
45.6	29.08	28.85	28.85	28.85	25.24	29.87
45.55	29.1	28.85	28.85	28.85	25.24	29.93
45.51	29.14	28.85	28.85	28.85	25.24	30.02
45.48	29.17	28.85	28.85	28.85	25.24	30.14
47.39	29.25	28.85	28.85	28.85	25.25	30.35
49.15	29.33	28.85	28.85	28.85	25.25	30.54
49.99	29.37	28.85	28.85	28.85	25.25	30.63
50.6	29.43	28.85	28.85	28.85	25.25	30.71
50.81	29.47	28.85	28.85	28.85	25.26	30.76
50.8	29.48	28.86	28.85	28.85	25.26	30.77
50.78	29.49	28.87	28.85	28.85	25.26	30.77
50.76	29.49	28.87	28.85	28.85	25.26	30.77
50.74	29.49	28.87	28.86	28.86	25.26	30.76
50.72	29.46	28.9	28.9	28.9	25.27	30.74
50.69	29.43	28.94	28.94	28.94	25.27	30.72
50.66	29.41	28.98	28.98	28.98	25.27	30.69
50.62	29.39	29.01	29.01	29.01	25.27	30.67
50.58	29.36	29.04	29.04	29.04	25.27	30.65
50.54	29.35	29.07	29.07	29.07	25.28	30.63
50.49	29.33	29.09	29.09	29.09	25.28	30.61
50.44	29.32	29.11	29.11	29.11	25.28	30.59
50.38	29.31	29.13	29.13	29.13	25.28	30.57
50.32	29.3	29.15	29.15	29.15	25.29	30.55
50.26	29.29	29.17	29.17	29.17	25.29	30.53
50.2	29.29	29.19	29.19	29.19	25.29	30.51
50.13	29.28	29.2	29.2	29.2	25.29	30.49
50.07	29.28	29.21	29.21	29.21	25.29	30.47
50	29.31	29.22	29.22	29.22	25.3	30.51
49.94	29.34	29.22	29.22	29.22	25.3	30.56
49.89	29.37	29.22	29.22	29.22	25.3	30.62
49.84	29.42	29.22	29.22	29.22	25.3	30.73
49.81	29.47	29.22	29.22	29.22	25.3	30.82
49.79	29.49	29.22	29.22	29.22	25.31	30.84
49.77	29.5	29.23	29.22	29.22	25.31	30.85
49.74	29.5	29.24	29.22	29.22	25.31	30.85
49.72	29.51	29.24	29.22	29.22	25.31	30.85
49.69	29.51	29.24	29.22	29.22	25.32	30.84
49.66	29.5	29.26	29.26	29.26	25.32	30.82
49.63	29.48	29.29	29.29	29.29	25.32	30.8
49.59	29.47	29.31	29.31	29.31	25.32	30.78
49.55	29.47	29.34	29.34	29.34	25.32	30.76
49.51	29.46	29.36	29.36	29.36	25.33	30.74
49.46	29.46	29.38	29.38	29.38	25.33	30.72
49.41	29.46	29.4	29.4	29.4	25.33	30.7
49.35	29.46	29.41	29.41	29.41	25.33	30.68
49.3	29.46	29.43	29.43	29.43	25.34	30.66
49.24	29.46	29.44	29.44	29.44	25.34	30.64
49.17	29.46	29.45	29.45	29.45	25.34	30.62
49.11	29.46	29.46	29.46	29.46	25.34	30.6
49.04	29.47	29.47	29.47	29.47	25.34	30.58
48.98	29.48	29.48	29.48	29.48	25.35	30.56
48.9	29.49	29.49	29.49	29.49	25.35	30.54
48.83	29.5	29.49	29.49	29.49	25.35	30.54
48.76	29.5	29.49	29.49	29.49	25.35	30.54
48.7	29.51	29.49	29.49	29.49	25.35	30.56
48.63	29.51	29.5	29.49	29.49	25.36	30.56
48.56	29.52	29.5	29.49	29.49	25.36	30.56
48.5	29.52	29.51	29.49	29.49	25.36	30.56
48.43	29.52	29.51	29.49	29.49	25.36	30.56
48.37	29.52	29.51	29.49	29.49	25.37	30.56
48.3	29.52	29.51	29.49	29.49	25.37	30.55
48.23	29.53	29.51	29.5	29.5	25.37	30.53
48.17	29.53	29.51	29.51	29.51	25.37	30.51
48.09	29.53	29.52	29.52	29.52	25.37	30.49
48.02	29.53	29.52	29.52	29.52	25.38	30.47
47.95	29.53	29.52	29.52	29.52	25.38	30.45
47.87	29.53	29.52	29.52	29.52	25.38	30.43
47.8	29.53	29.53	29.53	29.53	25.38	30.41
47.72	29.53	29.53	29.53	29.53	25.38	30.39
47.64	29.53	29.53	29.53	29.53	25.39	30.38
47.56	29.53	29.53	29.53	29.53	25.39	30.36
47.48	29.54	29.53	29.53	29.53	25.39	30.34
47.39	29.54	29.53	29.52	29.52	25.39	30.32
47.31	29.54	29.53	29.52	29.52	25.4	30.33
47.24	29.55	29.53	29.52	29.52	25.4	30.35
47.16	29.55	29.53	29.52	29.52	25.4	30.37
47.1	29.57	29.53	29.52	29.52	25.4	30.43
47.04	29.58	29.53	29.52	29.52	25.4	30.46
46.98	29.59	29.53	29.52	29.52	25.41	30.52
46.93	29.61	29.53	29.53	29.52	25.41	30.56
46.89	29.62	29.53	29.53	29.52	25.41	30.59
46.85	29.62	29.54	29.53	29.52	25.41	30.6
46.8	29.63	29.54	29.53	29.52	25.41	30.6
46.76	29.63	29.54	29.52	29.52	25.42	30.6
46.72	29.63	29.54	29.52	29.52	25.42	30.59
46.67	29.63	29.54	29.53	29.53	25.42	30.57
46.62	29.62	29.54	29.54	29.54	25.42	30.55
46.57	29.62	29.56	29.56	29.56	25.42	30.54
46.52	29.62	29.56	29.56	29.56	25.43	30.52
46.46	29.61	29.57	29.57	29.57	25.43	30.5
46.4	29.61	29.58	29.58	29.58	25.43	30.48
46.34	29.61	29.58	29.58	29.58	25.43	30.46
46.28	29.61	29.58	29.58	29.58	25.43	30.44
46.21	29.61	29.58	29.58	29.58	25.44	30.42
46.15	29.61	29.58	29.58	29.58	25.44	30.4
46.08	29.61	29.58	29.58	29.58	25.44	30.38
46.01	29.61	29.58	29.58	29.58	25.44	30.38
45.95	29.62	29.58	29.58	29.58	25.44	30.45
45.9	29.64	29.58	29.58	29.58	25.45	30.56
45.87	29.66	29.58	29.58	29.58	25.45	30.65
46.3	29.68	29.6	29.6	29.6	25.45	30.81
47.67	29.71	29.6	29.6	29.6	25.45	30.95
48.59	29.74	29.6	29.6	29.6	25.45	31.04
49.55	29.77	29.63	29.61	29.6	25.46	31.15
49.97	29.8	29.65	29.61	29.6	25.46	31.22
50	29.81	29.65	29.61	29.6	25.46	31.24
49.98	29.82	29.66	29.61	29.6	25.46	31.24
49.97	29.82	29.66	29.61	29.6	25.46	31.24
49.95	29.82	29.66	29.61	29.61	25.47	31.24
49.93	29.81	29.66	29.66	29.66	25.47	31.22
49.9	29.81	29.69	29.69	29.69	25.47	31.2
49.87	29.8	29.72	29.72	29.72	25.47	31.17
49.84	29.8	29.75	29.75	29.75	25.47	31.15
49.8	29.8	29.77	29.77	29.77	25.48	31.13
49.75	29.8	29.79	29.79	29.79	25.48	31.11
49.71	29.81	29.81	29.81	29.81	25.48	31.09
49.65	29.83	29.83	29.83	29.83	25.48	31.07
49.6	29.84	29.84	29.84	29.84	25.48	31.05
49.54	29.85	29.85	29.85	29.85	25.49	31.03
49.48	29.87	29.87	29.87	29.87	25.49	31
49.42	29.88	29.88	29.87	29.87	25.49	30.99
49.36	29.89	29.88	29.87	29.87	25.49	31.03
49.31	29.91	29.88	29.87	29.87	25.5	31.13
49.27	29.94	29.88	29.87	29.87	25.5	31.24
49.25	29.96	29.88	29.87	29.87	25.5	31.33
49.81	29.99	29.88	29.87	29.87	25.5	31.42
50.61	30.02	29.88	29.87	29.87	25.5	31.5
51.26	30.06	29.88	29.87	29.87	25.51	31.59
51.5	30.1	29.88	29.87	29.87	25.51	31.64
51.5	30.12	29.88	29.87	29.87	25.51	31.65
51.48	30.12	29.89	29.87	29.87	25.51	31.65
51.46	30.12	29.89	29.87	29.87	25.51	31.65
51.45	30.13	29.89	29.87	29.87	25.52	31.65
51.42	30.11	29.91	29.91	29.91	25.52	31.63
51.4	30.11	29.94	29.94	29.94	25.52	31.61
51.37	30.1	29.98	29.98	29.98	25.52	31.58
51.33	30.09	30.01	30.01	30.01	25.52	31.56
51.29	30.09	30.03	30.03	30.03	25.53	31.54
51.25	30.09	30.06	30.06	30.06	25.53	31.52
51.2	30.09	30.08	30.08	30.08	25.53	31.5
51.15	30.1	30.1	30.1	30.1	25.53	31.48
51.1	30.12	30.12	30.12	30.12	25.53	31.45
51.04	30.14	30.14	30.14	30.14	25.54	31.43
50.98	30.15	30.15	30.15	30.15	25.54	31.41
50.92	30.16	30.16	30.16	30.16	25.54	31.39
50.85	30.18	30.17	30.17	30.17	25.54	31.39
50.79	30.18	30.18	30.17	30.17	25.54	31.39
50.73	30.19	30.19	30.17	30.17	25.55	31.4
50.67	30.2	30.2	30.17	30.17	25.55	31.41
50.61	30.23	30.2	30.17	30.17	25.55	31.47
50.56	30.25	30.2	30.17	30.17	25.55	31.53
50.52	30.28	30.2	30.17	30.17	25.56	31.57
50.47	30.29	30.21	30.17	30.17	25.56	31.58
50.43	30.29	30.21	30.17	30.17	25.56	31.58
50.39	30.29	30.21	30.17	30.17	25.56	31.58
50.35	30.29	30.21	30.17	30.17	25.56	31.58
50.31	30.29	30.21	30.19	30.19	25.57	31.56
50.26	30.29	30.22	30.22	30.22	25.57	31.54
50.21	30.29	30.24	30.24	30.24	25.57	31.52
50.15	30.29	30.25	30.25	30.25	25.57	31.5
50.1	30.29	30.27	30.27	30.27	25.57	31.47
50.04	30.29	30.28	30.28	30.28	25.58	31.45
49.98	30.29	30.29	30.29	30.29	25.58	31.43
49.91	30.3	30.3	30.3	30.3	25.58	31.41
49.84	30.31	30.31	30.31	30.31	25.58	31.39
49.78	30.32	30.32	30.32	30.32	25.58	31.37
49.7	30.32	30.32	30.32	30.32	25.59	31.35
49.63	30.33	30.33	30.33	30.33	25.59	31.33
49.56	30.33	30.33	30.33	30.33	25.59	31.31
49.48	30.34	30.34	30.34	30.34	25.59	31.29
49.4	30.35	30.34	30.34	30.34	25.59	31.32
49.34	30.36	30.34	30.34	30.34	25.6	31.39
49.28	30.38	30.34	30.34	30.34	25.6	31.5
49.24	30.41	30.34	30.34	30.34	25.6	31.58
49.21	30.43	30.34	30.34	30.34	25.6	31.63
49.18	30.44	30.34	30.34	30.34	25.61	31.65
49.15	30.45	30.34	30.34	30.34	25.61	31.66
49.12	30.46	30.34	30.34	30.34	25.61	31.66
49.09	30.46	30.34	30.34	30.34	25.61	31.66
49.06	30.46	30.35	30.34	30.34	25.61	31.66
49.03	30.47	30.35	30.33	30.33	25.62	31.66
49	30.46	30.35	30.35	30.35	25.62	31.64
48.97	30.46	30.37	30.37	30.37	25.62	31.62
48.93	30.45	30.39	30.39	30.39	25.62	31.6
48.89	30.45	30.41	30.41	30.41	25.62	31.58
48.84	30.45	30.43	30.43	30.43	25.63	31.56
48.79	30.45	30.44	30.44	30.44	25.63	31.54
48.74	30.45	30.45	30.45	30.45	25.63	31.52
48.68	30.46	30.46	30.46	30.46	25.63	31.5
48.63	30.47	30.47	30.47	30.47	25.63	31.48
48.57	30.48	30.48	30.48	30.48	25.64	31.46
48.5	30.48	30.48	30.48	30.48	25.64	31.44
48.44	30.49	30.49	30.49	30.49	25.64	31.42
48.38	30.5	30.49	30.49	30.49	25.64	31.43
48.31	30.51	30.49	30.49	30.49	25.64	31.45
48.26	30.52	30.49	30.49	30.49	25.65	31.5
48.21	30.54	30.49	30.49	30.49	25.65	31.54
48.16	30.56	30.49	30.49	30.49	25.65	31.59
48.12	30.58	30.49	30.49	30.49	25.65	31.63
48.09	30.6	30.49	30.49	30.49	25.65	31.66
48.05	30.62	30.49	30.49	30.49	25.66	31.69
48.02	30.63	30.49	30.49	30.49	25.66	31.71
47.99	30.63	30.5	30.49	30.49	25.66	31.71
47.96	30.63	30.5	30.49	30.49	25.66	31.71
47.92	30.64	30.5	30.49	30.49	25.66	31.7
47.89	30.63	30.5	30.5	30.5	25.67	31.69
47.86	30.63	30.52	30.52	30.52	25.67	31.67
47.82	30.62	30.54	30.54	30.54	25.67	31.65
47.77	30.62	30.55	30.55	30.55	25.67	31.63
47.73	30.62	30.56	30.56	30.56	25.67	31.61
47.68	30.61	30.57	30.57	30.57	25.68	31.59
47.63	30.61	30.58	30.58	30.58	25.68	31.57
47.58	30.61	30.59	30.59	30.59	25.68	31.55
47.52	30.61	30.59	30.59	30.59	25.68	31.53
47.46	30.61	30.6	30.6	30.6	25.68	31.51
47.4	30.61	30.6	30.6	30.6	25.69	31.49
47.35	30.62	30.61	30.6	30.6	25.69	31.51
47.29	30.64	30.61	30.6	30.6	25.69	31.57
47.25	30.67	30.61	30.6	30.6	25.69	31.64
47.22	30.7	30.61	30.6	30.6	25.69	31.71
47.19	30.72	30.63	30.61	30.61	25.7	31.76
47.16	30.74	30.65	30.61	30.61	25.7	31.79
47.14	30.74	30.66	30.64	30.64	25.7	31.78
47.11	30.75	30.66	30.66	30.66	25.7	31.8
47.08	30.76	30.66	30.66	30.66	25.71	31.81
47.05	30.76	30.67	30.66	30.66	25.71	31.81
47.02	30.76	30.67	30.66	30.66	25.71	31.81
47	30.77	30.67	30.66	30.66	25.71	31.81
46.97	30.77	30.67	30.67	30.67	25.71	31.79
46.94	30.76	30.7	30.7	30.7	25.72	31.78
46.9	30.76	30.72	30.72	30.72	25.72	31.77
46.86	30.76	30.74	30.74	30.74	25.72	31.76
46.82	30.76	30.76	30.76	30.76	25.72	31.74
46.78	30.77	30.77	30.77	30.77	25.72	31.72
46.73	30.78	30.78	30.78	30.78	25.73	31.7
46.68	30.79	30.79	30.79	30.79	25.73	31.68
46.63	30.79	30.79	30.79	30.79	25.73	31.67
46.58	30.8	30.8	30.8	30.8	25.73	31.65
46.52	30.8	30.8	30.8	30.8	25.73	31.63
46.47	30.81	30.81	30.81	30.81	25.74	31.61
46.41	30.81	30.81	30.81	30.81	25.74	31.59
46.35	30.82	30.81	30.81	30.81	25.74	31.62
46.31	30.84	30.81	30.81	30.81	25.74	31.71
46.27	30.86	30.81	30.81	30.81	25.74	31.79
46.24	30.88	30.81	30.81	30.81	25.75	31.85
46.23	30.91	30.81	30.81	30.81	25.75	31.92
46.21	30.92	30.83	30.81	30.81	25.75	31.94
46.2	30.92	30.84	30.82	30.82	25.75	31.94
46.18	30.92	30.86	30.86	30.86	25.75	31.93
46.16	30.91	30.89	30.89	30.89	25.76	31.91
46.13	30.91	30.91	30.91	30.91	25.76	31.9
46.1	30.93	30.93	30.93	30.93	25.76	31.89
46.07	30.95	30.95	30.95	30.95	25.76	31.87
46.03	30.97	30.97	30.97	30.97	25.76	31.86
45.99	30.99	30.99	30.99	30.99	25.77	31.85
45.95	31.01	31.01	31.01	31.01	25.77	31.84
45.91	31.02	31.02	31.02	31.02	25.77	31.83
45.86	31.03	31.03	31.03	31.03	25.77	31.81
45.81	31.04	31.04	31.04	31.04	25.77	31.8
45.76	31.04	31.04	31.04	31.04	25.78	31.78
45.71	31.04	31.04	31.04	31.04	25.78	31.76
45.65	31.04	31.04	31.04	31.04	25.78	31.74
45.6	31.04	31.04	31.04	31.04	25.78	31.72
45.54	31.05	31.05	31.05	31.05	25.78	31.71
45.48	31.05	31.05	31.05	31.05	25.79	31.69
45.42	31.06	31.06	31.05	31.05	25.79	31.73
45.38	31.07	31.06	31.05	31.05	25.79	31.79
45.34	31.08	31.06	31.05	31.05	25.79	31.85
45.31	31.09	31.06	31.05	31.05	25.79	31.91
45.28	31.11	31.06	31.05	31.05	25.8	31.96
45.26	31.12	31.06	31.05	31.05	25.8	31.98
45.24	31.14	31.06	31.05	31.05	25.8	32.01
45.22	31.16	31.06	31.05	31.05	25.8	32.04
45.2	31.16	31.06	31.05	31.05	25.8	32.05
45.18	31.16	31.07	31.05	31.05	25.81	32.05
45.16	31.16	31.07	31.07	31.07	25.81	32.04
45.14	31.16	31.09	31.09	31.09	25.81	32.03
45.12	31.15	31.11	31.11	31.11	25.81	32.02
45.09	31.15	31.14	31.14	31.14	25.81	32.01
45.06	31.16	31.16	31.16	31.16	25.82	32
45.02	31.17	31.17	31.17	31.17	25.82	31.98
44.98	31.19	31.19	31.19	31.19	25.82	31.97
44.95	31.19	31.19	31.19	31.19	25.82	31.95
44.9	31.2	31.2	31.2	31.2	25.83	31.93
44.86	31.2	31.2	31.2	31.2	25.83	31.91
44.82	31.2	31.2	31.2	31.2	25.83	31.89
44.77	31.2	31.2	31.2	31.2	25.83	31.88
44.72	31.21	31.21	31.21	31.21	25.83	31.86
44.67	31.21	31.21	31.21	31.21	25.84	31.86
44.63	31.22	31.21	31.21	31.21	25.84	31.91
44.59	31.23	31.21	31.21	31.21	25.84	31.94
44.56	31.24	31.21	31.21	31.21	25.84	31.97
44.52	31.26	31.21	31.21	31.21	25.84	32
44.5	31.27	31.21	31.21	31.21	25.85	32.05
44.47	31.29	31.21	31.21	31.21	25.85	32.09
44.45	31.31	31.21	31.21	31.21	25.85	32.12
44.44	31.31	31.22	31.22	31.22	25.85	32.11
44.41	31.31	31.24	31.24	31.24	25.85	32.1
44.39	31.31	31.26	31.26	31.26	25.86	32.09
44.36	31.31	31.27	31.27	31.27	25.86	32.08
44.33	31.31	31.29	31.29	31.29	25.86	32.07
44.3	31.31	31.31	31.31	31.31	25.86	32.06
44.26	31.32	31.32	31.32	31.32	25.86	32.04
44.23	31.33	31.33	31.33	31.33	25.87	32.03
44.19	31.34	31.34	31.34	31.34	25.87	32.02
44.15	31.34	31.34	31.34	31.34	25.87	32
44.1	31.34	31.34	31.34	31.34	25.87	31.98
44.06	31.35	31.34	31.34	31.34	25.87	31.96
44.01	31.35	31.34	31.34	31.34	25.88	31.95
43.96	31.35	31.34	31.34	31.34	25.88	31.93
43.91	31.35	31.34	31.34	31.34	25.88	31.91
43.86	31.35	31.34	31.34	31.34	25.88	31.89
43.81	31.35	31.34	31.34	31.34	25.88	31.91
43.77	31.37	31.34	31.34	31.34	25.89	31.95
43.73	31.38	31.34	31.34	31.34	25.89	32
43.7	31.39	31.34	31.34	31.34	25.89	32.06
43.67	31.41	31.34	31.34	31.34	25.89	32.11
43.65	31.42	31.35	31.34	31.34	25.89	32.13
43.64	31.42	31.39	31.34	31.34	25.9	32.14
43.61	31.42	31.39	31.34	31.34	25.9	32.14
43.59	31.42	31.39	31.37	31.37	25.9	32.13
43.57	31.42	31.39	31.39	31.39	25.9	32.11
43.54	31.42	31.4	31.4	31.4	25.9	32.1
43.51	31.42	31.41	31.41	31.41	25.91	32.09
43.47	31.43	31.43	31.43	31.43	25.91	32.08
43.44	31.44	31.44	31.44	31.44	25.91	32.07
43.4	31.45	31.45	31.45	31.45	25.91	32.05
43.36	31.46	31.46	31.46	31.46	25.91	32.05
43.32	31.48	31.48	31.48	31.48	25.92	32.04
43.28	31.48	31.48	31.48	31.48	25.92	32.03
43.23	31.49	31.49	31.49	31.49	25.92	32.02
43.19	31.49	31.49	31.49	31.49	25.92	32
43.14	31.49	31.49	31.49	31.49	25.92	31.98
43.09	31.49	31.49	31.49	31.48	25.93	31.96
43.04	31.49	31.49	31.49	31.48	25.93	31.94
42.99	31.49	31.49	31.49	31.48	25.93	31.93
42.94	31.49	31.49	31.49	31.48	25.93	31.92
42.89	31.49	31.49	31.48	31.48	25.93	31.91
42.84	31.49	31.49	31.48	31.48	25.93	31.89
42.79	31.49	31.49	31.48	31.48	25.94	31.88
42.74	31.49	31.49	31.48	31.48	25.94	31.89
42.7	31.5	31.49	31.48	31.48	25.94	32
42.67	31.5	31.49	31.48	31.48	25.94	32.03
42.64	31.51	31.49	31.48	31.48	25.94	32.05
42.62	31.51	31.49	31.48	31.48	25.95	32.07
42.59	31.51	31.49	31.48	31.48	25.95	32.08
42.57	31.51	31.49	31.48	31.48	25.95	32.08
42.55	31.51	31.49	31.48	31.48	25.95	32.08
42.52	31.51	31.49	31.47	31.47	25.95	32.07
42.5	31.51	31.49	31.47	31.47	25.95	32.06
42.47	31.51	31.49	31.47	31.47	25.96	32.05
42.44	31.51	31.49	31.48	31.48	25.96	32.04
42.41	31.51	31.49	31.49	31.49	25.96	32.02
42.37	31.51	31.49	31.49	31.49	25.96	32
42.34	31.51	31.49	31.49	31.49	25.96	31.99
42.3	31.51	31.49	31.49	31.49	25.97	31.97
42.26	31.51	31.49	31.49	31.49	25.97	31.95
42.21	31.51	31.49	31.49	31.49	25.97	31.93
42.17	31.51	31.49	31.49	31.49	25.97	31.91
42.12	31.51	31.49	31.49	31.49	25.97	31.89
42.08	31.51	31.49	31.49	31.49	25.98	31.91
42.04	31.52	31.49	31.49	31.49	25.98	31.98
42.02	31.52	31.49	31.49	31.49	25.98	32.08
43.11	31.54	31.54	31.49	31.49	25.98	32.22
44.6	31.61	31.6	31.49	31.49	25.98	32.38
46.24	31.63	31.6	31.49	31.49	25.98	32.53
47.53	31.65	31.6	31.49	31.49	25.99	32.66
48.03	31.67	31.6	31.49	31.49	25.99	32.73
48.16	31.7	31.6	31.49	31.49	25.99	32.78
48.17	31.71	31.61	31.49	31.49	25.99	32.79
48.15	31.71	31.62	31.49	31.49	25.99	32.79
48.13	31.71	31.62	31.49	31.49	26	32.79
48.11	31.71	31.62	31.51	31.51	26	32.78
48.09	31.7	31.62	31.57	31.57	26	32.76
48.06	31.7	31.62	31.61	31.61	26	32.75
48.03	31.69	31.64	31.64	31.64	26	32.74
48	31.69	31.67	31.67	31.67	26.01	32.72
47.96	31.69	31.69	31.69	31.69	26.01	32.71
47.92	31.7	31.7	31.7	31.7	26.01	32.69
47.88	31.71	31.71	31.71	31.71	26.01	32.67
47.83	31.72	31.72	31.72	31.72	26.01	32.65
47.78	31.73	31.73	31.73	31.73	26.02	32.63
47.73	31.74	31.74	31.74	31.74	26.02	32.61
47.68	31.75	31.75	31.75	31.75	26.02	32.6
47.63	31.76	31.76	31.75	31.75	26.02	32.6
47.58	31.78	31.76	31.75	31.75	26.02	32.66
47.55	31.8	31.76	31.75	31.75	26.03	32.78
48.15	31.87	31.86	31.75	31.75	26.03	32.96
50.26	31.92	31.86	31.75	31.75	26.03	33.17
52.03	31.97	31.86	31.75	31.75	26.03	33.35
53.42	32.03	31.86	31.75	31.75	26.03	33.5
54.54	32.1	31.86	31.75	31.75	26.04	33.64
55.06	32.17	31.86	31.75	31.75	26.04	33.73
55.05	32.21	31.94	31.75	31.75	26.04	33.78
55.03	32.2	31.94	31.82	31.82	26.04	33.75
55	32.18	31.94	31.9	31.9	26.04	33.73
54.97	32.17	31.96	31.96	31.96	26.05	33.72
54.93	32.16	32.01	32.01	32.01	26.05	33.71
54.89	32.15	32.06	32.06	32.06	26.05	33.7
54.84	32.15	32.11	32.11	32.11	26.05	33.69
54.79	32.16	32.15	32.15	32.15	26.05	33.68
54.74	32.19	32.19	32.19	32.19	26.06	33.67
54.68	32.21	32.21	32.21	32.21	26.06	33.65
54.63	32.23	32.23	32.23	32.23	26.06	33.63
54.56	32.25	32.25	32.25	32.25	26.06	33.61
54.5	32.27	32.27	32.27	32.27	26.06	33.59
54.43	32.29	32.29	32.29	32.29	26.07	33.57
54.36	32.3	32.3	32.3	32.3	26.07	33.55
54.29	32.32	32.31	32.31	32.31	26.07	33.56
54.22	32.34	32.31	32.31	32.31	26.07	33.61
54.16	32.37	32.31	32.31	32.31	26.08	33.7
54.11	32.41	32.31	32.31	32.3	26.08	33.78
54.08	32.46	32.35	32.3	32.3	26.08	33.9
54.16	32.53	32.35	32.3	32.3	26.08	34.04
54.82	32.59	32.35	32.3	32.3	26.08	34.13
55.11	32.63	32.42	32.3	32.3	26.09	34.2
55.25	32.7	32.43	32.3	32.3	26.09	34.26
55.23	32.7	32.46	32.3	32.3	26.09	34.26
55.21	32.7	32.47	32.3	32.3	26.09	34.27
55.19	32.71	32.47	32.31	32.31	26.09	34.26
55.17	32.7	32.47	32.36	32.36	26.1	34.25
55.15	32.69	32.47	32.41	32.41	26.1	34.24
55.12	32.69	32.47	32.46	32.46	26.1	34.22
55.09	32.68	32.49	32.49	32.49	26.1	34.21
55.06	32.67	32.52	32.52	32.52	26.1	34.2
55.02	32.67	32.54	32.54	32.54	26.11	34.18
54.98	32.67	32.57	32.57	32.57	26.11	34.16
54.93	32.67	32.59	32.59	32.59	26.11	34.14
54.89	32.66	32.62	32.62	32.62	26.11	34.11
54.83	32.67	32.64	32.64	32.64	26.12	34.09
54.78	32.67	32.66	32.66	32.66	26.12	34.07
54.72	32.68	32.68	32.68	32.68	26.12	34.05
54.66	32.7	32.7	32.7	32.7	26.12	34.03
54.59	32.72	32.72	32.72	32.72	26.12	34.01
54.53	32.74	32.73	32.73	32.73	26.13	34.02
54.47	32.78	32.73	32.73	32.72	26.13	34.09
54.42	32.82	32.73	32.72	32.72	26.13	34.17
54.38	32.87	32.73	32.72	32.72	26.13	34.23
54.34	32.91	32.73	32.72	32.72	26.14	34.3
54.31	32.95	32.73	32.72	32.72	26.14	34.33
54.28	32.95	32.76	32.72	32.72	26.14	34.34
54.25	32.96	32.77	32.72	32.72	26.14	34.34
54.22	32.96	32.77	32.72	32.72	26.14	34.34
54.18	32.96	32.77	32.72	32.72	26.15	34.34
54.15	32.97	32.77	32.72	32.72	26.15	34.33
54.12	32.96	32.77	32.75	32.75	26.15	34.31
54.08	32.95	32.79	32.79	32.79	26.15	34.3
54.04	32.95	32.82	32.82	32.82	26.16	34.28
53.99	32.94	32.85	32.85	32.85	26.16	34.26
53.95	32.94	32.87	32.87	32.87	26.16	34.24
53.89	32.94	32.89	32.89	32.89	26.16	34.22
53.84	32.94	32.91	32.91	32.91	26.16	34.2
53.78	32.94	32.93	32.93	32.93	26.17	34.18
53.72	32.94	32.94	32.94	32.94	26.17	34.16
53.66	32.95	32.95	32.95	32.95	26.17	34.14
53.59	32.97	32.97	32.97	32.97	26.17	34.12
53.53	32.99	32.97	32.97	32.97	26.18	34.13
53.47	33.02	32.97	32.97	32.97	26.18	34.21
53.42	33.07	32.97	32.97	32.97	26.18	34.3
53.39	33.11	32.97	32.97	32.97	26.18	34.38
53.36	33.16	32.97	32.97	32.97	26.18	34.43
53.33	33.21	32.97	32.97	32.97	26.19	34.48
53.3	33.2	32.99	32.99	32.99	26.19	34.47
53.27	33.19	33.02	33.02	33.02	26.19	34.45
53.23	33.19	33.06	33.06	33.06	26.19	34.44
53.19	33.18	33.09	33.09	33.09	26.2	34.43
53.15	33.18	33.12	33.12	33.12	26.2	34.41
53.1	33.18	33.15	33.15	33.15	26.2	34.4
53.05	33.18	33.18	33.18	33.18	26.2	34.39
53	33.21	33.21	33.21	33.21	26.21	34.38
52.95	33.23	33.23	33.23	33.23	26.21	34.37
52.89	33.25	33.25	33.25	33.25	26.21	34.35
52.83	33.27	33.27	33.27	33.27	26.21	34.34
52.77	33.28	33.28	33.28	33.28	26.21	34.32
52.7	33.29	33.29	33.29	33.29	26.22	34.3
52.63	33.3	33.3	33.3	33.3	26.22	34.28
52.56	33.3	33.3	33.3	33.3	26.22	34.26
52.49	33.31	33.31	33.31	33.31	26.22	34.24
52.42	33.31	33.31	33.31	33.31	26.23	34.21
52.34	33.31	33.31	33.31	33.31	26.23	34.19
52.27	33.32	33.32	33.32	33.32	26.23	34.19
52.2	33.33	33.31	33.31	33.31	26.23	34.24
52.13	33.34	33.31	33.31	33.31	26.24	34.25
52.07	33.35	33.31	33.31	33.31	26.24	34.28
52.01	33.37	33.31	33.31	33.31	26.24	34.34
51.97	33.4	33.31	33.31	33.31	26.24	34.4
51.92	33.42	33.31	33.31	33.31	26.24	34.43
51.88	33.42	33.32	33.31	33.31	26.25	34.43
51.84	33.42	33.33	33.31	33.31	26.25	34.44
51.79	33.42	33.33	33.31	33.31	26.25	34.44
51.75	33.42	33.33	33.31	33.31	26.25	34.43
51.71	33.43	33.33	33.31	33.31	26.26	34.43
51.66	33.43	33.33	33.3	33.3	26.26	34.42
51.62	33.42	33.33	33.32	33.32	26.26	34.4
51.57	33.42	33.34	33.34	33.34	26.26	34.38
51.52	33.41	33.35	33.35	33.35	26.27	34.37
51.47	33.41	33.37	33.37	33.37	26.27	34.35
51.41	33.41	33.38	33.38	33.38	26.27	34.33
51.35	33.41	33.39	33.39	33.39	26.27	34.31
51.29	33.41	33.39	33.39	33.39	26.27	34.29
51.23	33.41	33.39	33.39	33.39	26.28	34.27
51.16	33.41	33.4	33.4	33.4	26.28	34.25
51.1	33.41	33.4	33.4	33.4	26.28	34.23
51.03	33.41	33.4	33.4	33.4	26.28	34.21
50.96	33.41	33.4	33.4	33.4	26.29	34.19
50.89	33.42	33.4	33.4	33.4	26.29	34.22
50.83	33.44	33.4	33.4	33.4	26.29	34.27
50.78	33.46	33.4	33.4	33.4	26.29	34.31
50.72	33.46	33.4	33.4	33.4	26.29	34.32
50.67	33.46	33.4	33.4	33.4	26.3	34.31
50.62	33.46	33.4	33.39	33.39	26.3	34.31
50.57	33.46	33.4	33.39	33.39	26.3	34.31
50.52	33.46	33.4	33.39	33.39	26.3	34.31
50.47	33.47	33.4	33.38	33.38	26.31	34.3
50.42	33.47	33.4	33.38	33.38	26.31	34.3
50.36	33.47	33.4	33.37	33.37	26.31	34.29
50.31	33.46	33.4	33.39	33.39	26.31	34.27
50.26	33.46	33.4	33.4	33.4	26.31	34.25
50.2	33.46	33.41	33.41	33.41	26.32	34.24
50.14	33.46	33.42	33.42	33.42	26.32	34.22
50.08	33.46	33.43	33.43	33.43	26.32	34.2
50.02	33.45	33.43	33.43	33.43	26.32	34.19
49.96	33.45	33.43	33.43	33.43	26.33	34.17
49.89	33.45	33.43	33.43	33.43	26.33	34.15
49.83	33.45	33.43	33.43	33.43	26.33	34.13
49.76	33.45	33.43	33.43	33.43	26.33	34.11
49.69	33.45	33.43	33.43	33.43	26.33	34.09
49.62	33.45	33.43	33.43	33.43	26.34	34.07
49.55	33.45	33.43	33.43	33.43	26.34	34.05
49.48	33.45	33.43	33.43	33.43	26.34	34.03
49.41	33.45	33.43	33.43	33.42	26.34	34.01
49.34	33.45	33.43	33.43	33.42	26.34	34.03
49.27	33.46	33.43	33.43	33.42	26.35	34.04
49.2	33.46	33.43	33.43	33.42	26.35	34.04
49.14	33.46	33.43	33.42	33.42	26.35	34.05
49.08	33.46	33.43	33.42	33.42	26.35	34.05
49.01	33.46	33.43	33.42	33.42	26.35	34.05
48.95	33.46	33.43	33.42	33.42	26.36	34.05
48.89	33.46	33.43	33.41	33.41	26.36	34.04
48.83	33.46	33.43	33.41	33.41	26.36	34.03
48.76	33.46	33.43	33.41	33.41	26.36	34.01
48.7	33.46	33.43	33.41	33.41	26.36	33.99
48.63	33.46	33.43	33.41	33.41	26.37	33.97
48.57	33.46	33.43	33.41	33.41	26.37	33.96
48.5	33.45	33.43	33.41	33.41	26.37	33.94
48.43	33.45	33.43	33.41	33.4	26.37	33.92
48.36	33.45	33.43	33.41	33.4	26.37	33.9
48.29	33.45	33.43	33.41	33.4	26.38	33.88
48.22	33.45	33.43	33.4	33.4	26.38	33.86
48.14	33.45	33.43	33.4	33.4	26.38	33.84
48.07	33.45	33.43	33.4	33.4	26.38	33.82
48	33.45	33.42	33.4	33.4	26.38	33.81
47.92	33.45	33.42	33.4	33.4	26.38	33.82
47.86	33.46	33.42	33.4	33.4	26.39	33.9
47.81	33.47	33.42	33.4	33.4	26.39	34.03
47.78	33.48	33.42	33.4	33.4	26.39	34.17
48.7	33.5	33.42	33.4	33.4	26.39	34.33
50.11	33.52	33.42	33.4	33.4	26.39	34.47
51.19	33.54	33.42	33.4	33.4	26.39	34.58
51.87	33.56	33.42	33.4	33.4	26.4	34.66
51.93	33.57	33.42	33.4	33.4	26.4	34.69
51.92	33.58	33.44	33.4	33.4	26.4	34.69
51.9	33.58	33.45	33.4	33.4	26.4	34.69
51.89	33.58	33.45	33.4	33.39	26.4	34.69
51.87	33.58	33.45	33.39	33.39	26.41	34.69
51.86	33.58	33.45	33.39	33.39	26.41	34.68
51.83	33.57	33.45	33.39	33.38	26.41	34.66
51.81	33.57	33.45	33.39	33.39	26.41	34.63
51.78	33.56	33.45	33.43	33.43	26.41	34.61
51.74	33.55	33.45	33.45	33.45	26.42	34.59
51.7	33.55	33.47	33.47	33.47	26.42	34.57
51.66	33.54	33.49	33.49	33.49	26.42	34.55
51.61	33.54	33.5	33.5	33.5	26.42	34.53
51.56	33.54	33.51	33.51	33.51	26.42	34.5
51.51	33.54	33.52	33.52	33.52	26.43	34.48
51.45	33.54	33.53	33.53	33.53	26.43	34.46
51.4	33.54	33.53	33.53	33.53	26.43	34.45
51.34	33.56	33.53	33.53	33.53	26.43	34.51
51.3	33.58	33.53	33.53	33.53	26.43	34.6
51.35	33.62	33.53	33.53	33.53	26.44	34.78
52.69	33.66	33.54	33.54	33.54	26.44	34.92
53.88	33.7	33.54	33.54	33.54	26.44	35.05
54.87	33.74	33.54	33.54	33.54	26.44	35.16
55.44	33.78	33.54	33.54	33.54	26.45	35.23
55.83	33.81	33.54	33.54	33.54	26.45	35.28
55.87	33.83	33.55	33.54	33.54	26.45	35.31
55.86	33.84	33.56	33.54	33.54	26.45	35.31
55.84	33.84	33.56	33.54	33.53	26.45	35.31
55.82	33.84	33.56	33.53	33.53	26.46	35.3
55.8	33.84	33.56	33.55	33.55	26.46	35.29
55.77	33.83	33.58	33.58	33.58	26.46	35.27
55.74	33.82	33.61	33.61	33.61	26.46	35.25
55.71	33.81	33.64	33.64	33.64	26.46	35.22
55.67	33.8	33.67	33.67	33.67	26.47	35.2
55.63	33.8	33.69	33.69	33.69	26.47	35.18
55.58	33.79	33.71	33.71	33.71	26.47	35.16
55.53	33.79	33.73	33.73	33.73	26.47	35.13
55.48	33.79	33.75	33.75	33.75	26.48	35.11
55.43	33.79	33.77	33.77	33.77	26.48	35.09
55.37	33.79	33.79	33.79	33.79	26.48	35.07
55.31	33.81	33.8	33.8	33.8	26.48	35.07
55.25	33.84	33.8	33.8	33.8	26.48	35.15
55.21	33.89	33.8	33.8	33.8	26.49	35.27
55.18	33.95	33.8	33.8	33.8	26.49	35.41
56.49	34.04	33.8	33.8	33.79	26.49	35.57
57.82	34.14	33.82	33.82	33.82	26.49	35.75
58.8	34.24	33.85	33.85	33.85	26.5	35.9
59.09	34.28	33.85	33.85	33.85	26.5	35.94
59.54	34.36	33.85	33.85	33.85	26.5	36.03
59.52	34.38	33.89	33.85	33.85	26.5	36.04
59.5	34.39	33.89	33.85	33.85	26.5	36.04
59.48	34.39	33.89	33.85	33.85	26.51	36.04
59.46	34.4	33.89	33.84	33.84	26.51	36.04
59.44	34.39	33.89	33.87	33.87	26.51	36.02
59.41	34.36	33.91	33.91	33.91	26.51	36
59.38	34.34	33.95	33.95	33.95	26.51	35.98
59.34	34.33	33.98	33.98	33.98	26.52	35.96
59.3	34.31	34.01	34.01	34.01	26.52	35.93
59.26	34.3	34.04	34.04	34.04	26.52	35.91
59.21	34.29	34.07	34.07	34.07	26.52	35.89
59.16	34.28	34.09	34.09	34.09	26.53	35.87
59.11	34.27	34.11	34.11	34.11	26.53	35.84
59.05	34.27	34.13	34.13	34.13	26.53	35.82
58.99	34.27	34.15	34.15	34.15	26.53	35.8
58.93	34.28	34.17	34.16	34.16	26.54	35.8
58.88	34.34	34.17	34.16	34.16	26.54	35.86
58.82	34.4	34.17	34.16	34.16	26.54	35.91
58.78	34.46	34.17	34.16	34.16	26.54	35.97
58.73	34.54	34.17	34.16	34.16	26.54	36.04
58.7	34.63	34.17	34.16	34.16	26.55	36.12
58.67	34.71	34.17	34.16	34.16	26.55	36.16
58.64	34.75	34.2	34.16	34.16	26.55	36.19
58.61	34.76	34.25	34.16	34.16	26.55	36.2
58.58	34.76	34.26	34.16	34.15	26.56	36.2
58.55	34.77	34.26	34.16	34.15	26.56	36.2
58.51	34.77	34.26	34.16	34.15	26.56	36.2
58.48	34.78	34.26	34.15	34.15	26.56	36.19
58.45	34.76	34.26	34.18	34.18	26.56	36.18
58.41	34.74	34.26	34.23	34.23	26.57	36.15
58.37	34.72	34.27	34.27	34.27	26.57	36.13
58.33	34.69	34.3	34.3	34.3	26.57	36.11
58.28	34.68	34.32	34.32	34.32	26.57	36.09
58.23	34.66	34.34	34.34	34.34	26.58	36.07
58.18	34.65	34.36	34.36	34.36	26.58	36.04
58.13	34.63	34.38	34.38	34.38	26.58	36.02
58.07	34.62	34.4	34.4	34.4	26.58	36
58.01	34.62	34.42	34.42	34.42	26.58	35.97
57.94	34.61	34.44	34.44	34.44	26.59	35.95
57.88	34.6	34.45	34.45	34.45	26.59	35.93
57.81	34.59	34.47	34.47	34.47	26.59	35.91
57.74	34.59	34.49	34.49	34.49	26.59	35.89
57.67	34.59	34.51	34.51	34.51	26.6	35.86
57.6	34.61	34.52	34.52	34.52	26.6	35.89
57.53	34.63	34.54	34.52	34.52	26.6	35.92
57.47	34.66	34.58	34.52	34.51	26.6	35.95
57.4	34.71	34.58	34.51	34.51	26.61	35.99
57.34	34.74	34.59	34.51	34.51	26.61	36.02
57.28	34.75	34.62	34.51	34.51	26.61	36.03
57.23	34.75	34.63	34.51	34.51	26.61	36.03
57.17	34.76	34.63	34.51	34.51	26.61	36.02
57.11	34.76	34.63	34.51	34.51	26.62	36.02
57.05	34.76	34.63	34.53	34.53	26.62	36
56.99	34.75	34.63	34.56	34.56	26.62	35.98
56.92	34.75	34.62	34.59	34.59	26.62	35.96
56.86	34.74	34.62	34.62	34.62	26.63	35.94
56.79	34.74	34.64	34.64	34.64	26.63	35.92
56.71	34.73	34.65	34.65	34.65	26.63	35.89
56.64	34.73	34.66	34.66	34.66	26.63	35.87
56.56	34.73	34.67	34.67	34.67	26.64	35.85
56.49	34.73	34.68	34.68	34.68	26.64	35.83
56.4	34.73	34.69	34.69	34.69	26.64	35.81
56.32	34.73	34.7	34.7	34.7	26.64	35.78
56.24	34.73	34.7	34.7	34.7	26.65	35.76
56.15	34.73	34.71	34.71	34.71	26.65	35.74
56.07	34.74	34.71	34.71	34.71	26.65	35.75
55.99	34.76	34.71	34.71	34.71	26.65	35.77
55.91	34.79	34.71	34.71	34.71	26.65	35.84
55.84	34.82	34.71	34.71	34.71	26.66	35.89
55.78	34.84	34.73	34.71	34.71	26.66	35.9
55.72	34.84	34.75	34.71	34.71	26.66	35.91
55.65	34.84	34.78	34.71	34.71	26.66	35.92
55.59	34.85	34.79	34.71	34.71	26.67	35.92
55.53	34.85	34.79	34.71	34.71	26.67	35.92
55.47	34.85	34.79	34.71	34.71	26.67	35.92
55.4	34.86	34.79	34.7	34.7	26.67	35.91
55.34	34.85	34.79	34.72	34.72	26.68	35.89
55.28	34.85	34.79	34.74	34.74	26.68	35.87
55.21	34.85	34.79	34.76	34.76	26.68	35.86
55.14	34.85	34.79	34.78	34.78	26.68	35.84
55.07	34.85	34.8	34.8	34.8	26.68	35.82
54.99	34.85	34.8	34.8	34.8	26.69	35.8
54.92	34.84	34.81	34.81	34.81	26.69	35.78
54.84	34.84	34.81	34.81	34.81	26.69	35.76
54.76	34.84	34.82	34.82	34.82	26.69	35.73
54.68	34.84	34.82	34.82	34.82	26.7	35.71
54.6	34.84	34.82	34.82	34.82	26.7	35.69
54.51	34.84	34.82	34.82	34.82	26.7	35.67
54.43	34.86	34.85	34.82	34.82	26.7	35.7
54.35	34.88	34.85	34.82	34.82	26.71	35.75
54.29	34.9	34.85	34.82	34.82	26.71	35.8
54.23	34.93	34.85	34.82	34.82	26.71	35.9
54.18	34.96	34.85	34.82	34.82	26.71	35.97
54.14	34.97	34.85	34.82	34.82	26.71	35.98
54.09	34.97	34.86	34.82	34.82	26.72	35.98
54.05	34.97	34.86	34.82	34.82	26.72	35.98
54.01	34.97	34.86	34.82	34.81	26.72	35.98
53.97	34.98	34.86	34.81	34.81	26.72	35.98
53.92	34.98	34.86	34.81	34.81	26.73	35.97
53.88	34.97	34.86	34.82	34.82	26.73	35.95
53.83	34.97	34.86	34.85	34.85	26.73	35.93
53.78	34.96	34.86	34.86	34.86	26.73	35.91
53.73	34.96	34.88	34.88	34.88	26.74	35.89
53.67	34.95	34.89	34.89	34.89	26.74	35.87
53.61	34.95	34.9	34.9	34.9	26.74	35.85
53.55	34.95	34.9	34.9	34.9	26.74	35.83
53.48	34.95	34.91	34.91	34.91	26.74	35.81
53.41	34.95	34.91	34.91	34.91	26.75	35.78
53.35	34.95	34.92	34.92	34.92	26.75	35.76
53.27	34.94	34.92	34.92	34.92	26.75	35.74
53.2	34.94	34.92	34.92	34.92	26.75	35.72
53.13	34.94	34.92	34.92	34.92	26.76	35.7
53.05	34.94	34.92	34.92	34.92	26.76	35.68
52.97	34.94	34.92	34.92	34.92	26.76	35.66
52.9	34.94	34.93	34.93	34.93	26.76	35.65
52.82	34.94	34.94	34.94	34.94	26.76	35.64
52.74	34.94	34.94	34.94	34.94	26.77	35.62
52.65	34.94	34.94	34.94	34.94	26.77	35.61
52.57	34.94	34.94	34.94	34.94	26.77	35.59
52.49	34.94	34.94	34.94	34.94	26.77	35.57
52.41	34.95	34.94	34.94	34.94	26.78	35.55
52.32	34.95	34.94	34.94	34.94	26.78	35.53
52.24	34.95	34.94	34.94	34.94	26.78	35.51
52.15	34.95	34.94	34.94	34.94	26.78	35.49
52.06	34.95	34.94	34.94	34.94	26.78	35.47
51.97	34.95	34.94	34.94	34.94	26.79	35.45
51.89	34.95	34.94	34.94	34.94	26.79	35.44
51.8	34.95	34.94	34.94	34.94	26.79	35.42
51.71	34.95	34.94	34.94	34.94	26.79	35.4
51.62	34.95	34.94	34.94	34.93	26.79	35.38
51.53	34.95	34.94	34.94	34.93	26.8	35.36
51.44	34.95	34.94	34.94	34.93	26.8	35.34
51.34	34.94	34.94	34.94	34.93	26.8	35.32
51.25	34.94	34.94	34.94	34.93	26.8	35.3
51.16	34.94	34.94	34.94	34.93	26.8	35.28
51.07	34.94	34.94	34.93	34.93	26.8	35.26
50.98	34.94	34.94	34.93	34.93	26.8	35.25
50.89	34.95	34.94	34.93	34.93	26.81	35.28
50.81	34.95	34.94	34.93	34.93	26.81	35.35
50.74	34.96	34.94	34.93	34.92	26.81	35.41
50.68	34.97	34.94	34.93	34.92	26.81	35.47
50.63	34.97	34.93	34.93	34.92	26.81	35.51
50.57	34.97	34.97	34.93	34.92	26.81	35.52
50.52	34.97	34.97	34.93	34.92	26.81	35.5
50.46	34.97	34.97	34.93	34.92	26.82	35.49
50.4	34.98	34.97	34.93	34.92	26.82	35.47
50.34	34.98	34.97	34.93	34.91	26.82	35.45
50.28	34.98	34.97	34.93	34.91	26.82	35.43
50.21	34.98	34.97	34.93	34.91	26.82	35.41
50.15	34.98	34.97	34.93	34.9	26.83	35.4
50.08	34.98	34.97	34.93	34.9	26.83	35.38
50.01	34.98	34.97	34.93	34.89	26.83	35.37
49.94	34.98	34.97	34.93	34.89	26.83	35.35
49.86	34.98	34.97	34.93	34.88	26.83	35.33
49.79	34.98	34.97	34.93	34.88	26.83	35.31
49.71	34.97	34.97	34.93	34.87	26.84	35.29
49.64	34.97	34.97	34.93	34.86	26.84	35.27
49.56	34.97	34.97	34.93	34.85	26.84	35.25
49.49	34.97	34.97	34.93	34.84	26.84	35.23
49.41	35	35	34.93	34.85	26.84	35.27
49.34	35.01	35	34.92	34.85	26.84	35.35
49.29	35.07	35.07	34.92	34.85	26.85	35.48
49.26	35.27	35.27	34.92	34.85	26.85	35.66
49.72	35.36	35.36	34.92	34.86	26.85	35.84
51.05	35.37	35.36	34.93	34.86	26.85	35.98
51.79	35.37	35.36	34.93	34.86	26.85	36.08
52.27	35.39	35.36	34.93	34.87	26.85	36.16
52.39	35.4	35.38	34.93	34.87	26.86	36.21
52.37	35.41	35.41	34.93	34.86	26.86	36.2
52.35	35.41	35.41	34.93	34.86	26.86	36.18
52.32	35.41	35.41	34.93	34.85	26.86	36.17
52.29	35.41	35.4	34.93	34.86	26.86	36.15
52.25	35.41	35.4	34.95	34.95	26.87	36.14
52.21	35.41	35.4	35	35	26.87	36.13
52.17	35.41	35.4	35.04	35.04	26.87	36.12
52.12	35.41	35.4	35.08	35.08	26.87	36.11
52.07	35.41	35.4	35.11	35.11	26.88	36.09
52.02	35.41	35.4	35.13	35.13	26.88	36.07
51.97	35.41	35.4	35.14	35.14	26.88	36.05
51.91	35.41	35.4	35.15	35.15	26.88	36.03
51.85	35.41	35.4	35.16	35.16	26.88	36.01
51.79	35.41	35.39	35.17	35.17	26.89	35.99
51.73	35.41	35.39	35.17	35.17	26.89	35.97
51.66	35.41	35.39	35.17	35.17	26.89	35.95
51.6	35.41	35.39	35.17	35.17	26.89	35.92
51.53	35.41	35.39	35.17	35.17	26.9	35.97
51.48	35.42	35.39	35.17	35.17	26.9	36.03
51.43	35.43	35.39	35.17	35.17	26.9	36.09
51.39	35.45	35.41	35.17	35.17	26.9	36.19
51.37	35.47	35.41	35.17	35.17	26.9	36.26
51.34	35.48	35.41	35.17	35.17	26.91	36.3
51.33	35.5	35.44	35.17	35.17	26.91	36.35
51.31	35.52	35.44	35.17	35.17	26.91	36.39
51.29	35.52	35.49	35.18	35.18	26.91	36.4
51.27	35.52	35.48	35.23	35.23	26.92	36.38
51.25	35.52	35.48	35.25	35.25	26.92	36.35
51.22	35.52	35.48	35.26	35.26	26.92	36.32
51.19	35.52	35.48	35.27	35.27	26.92	36.3
51.16	35.52	35.48	35.31	35.31	26.92	36.28
51.12	35.52	35.48	35.35	35.35	26.93	36.27
51.08	35.52	35.48	35.38	35.38	26.93	36.26
51.03	35.51	35.48	35.4	35.4	26.93	36.24
50.99	35.51	35.48	35.42	35.42	26.93	36.22
50.94	35.51	35.48	35.42	35.42	26.94	36.2
50.89	35.51	35.48	35.43	35.43	26.94	36.18
50.84	35.51	35.48	35.44	35.44	26.94	36.16
50.78	35.51	35.48	35.46	35.46	26.94	36.15
50.73	35.52	35.49	35.46	35.46	26.95	36.19
50.68	35.53	35.49	35.46	35.46	26.95	36.21
50.64	35.55	35.49	35.46	35.46	26.95	36.27
50.6	35.57	35.49	35.46	35.46	26.95	36.32
50.57	35.58	35.51	35.46	35.46	26.95	36.34
50.53	35.59	35.54	35.46	35.46	26.96	36.36
50.5	35.6	35.57	35.46	35.46	26.96	36.38
50.47	35.62	35.6	35.46	35.46	26.96	36.41
50.44	35.62	35.61	35.46	35.46	26.96	36.41
50.41	35.62	35.61	35.46	35.46	26.97	36.41
50.38	35.62	35.61	35.47	35.47	26.97	36.4
50.34	35.63	35.61	35.5	35.5	26.97	36.39
50.31	35.63	35.61	35.54	35.54	26.97	36.38
50.27	35.63	35.61	35.58	35.58	26.98	36.37
50.23	35.63	35.61	35.61	35.61	26.98	36.36
50.18	35.63	35.63	35.63	35.63	26.98	36.36
50.14	35.65	35.65	35.65	35.65	26.98	36.35
50.09	35.66	35.66	35.66	35.66	26.98	36.33
50.04	35.67	35.67	35.67	35.67	26.99	36.32
49.99	35.67	35.67	35.67	35.67	26.99	36.3
49.94	35.67	35.67	35.67	35.67	26.99	36.28
49.88	35.67	35.67	35.67	35.67	26.99	36.26
49.83	35.67	35.67	35.67	35.67	27	36.24
49.77	35.67	35.67	35.67	35.67	27	36.22
49.71	35.67	35.67	35.67	35.67	27	36.21
49.65	35.68	35.68	35.68	35.68	27	36.2
49.6	35.69	35.69	35.69	35.69	27.01	36.19
49.54	35.69	35.69	35.69	35.69	27.01	36.18
49.48	35.74	35.74	35.69	35.69	27.01	36.32
49.45	35.76	35.74	35.69	35.69	27.01	36.41
49.43	35.77	35.74	35.69	35.69	27.01	36.48
49.41	35.78	35.73	35.69	35.69	27.02	36.53
49.39	35.79	35.73	35.69	35.69	27.02	36.53
49.38	35.79	35.73	35.69	35.69	27.02	36.54
49.36	35.79	35.74	35.69	35.69	27.02	36.54
49.35	35.79	35.74	35.69	35.69	27.03	36.54
49.33	35.79	35.74	35.69	35.69	27.03	36.53
49.31	35.79	35.74	35.7	35.7	27.03	36.52
49.29	35.79	35.74	35.72	35.72	27.03	36.5
49.27	35.79	35.74	35.74	35.74	27.04	36.48
49.24	35.78	35.75	35.75	35.75	27.04	36.46
49.21	35.78	35.76	35.76	35.76	27.04	36.44
49.18	35.78	35.76	35.76	35.76	27.04	36.42
49.14	35.78	35.76	35.76	35.76	27.04	36.4
49.1	35.78	35.77	35.77	35.77	27.05	36.38
49.06	35.78	35.77	35.77	35.77	27.05	36.35
49.01	35.78	35.77	35.77	35.76	27.05	36.33
48.97	35.78	35.76	35.76	35.76	27.05	36.31
48.92	35.78	35.76	35.76	35.76	27.06	36.29
48.87	35.78	35.76	35.76	35.76	27.06	36.27
48.82	35.78	35.76	35.76	35.76	27.06	36.25
48.77	35.78	35.76	35.76	35.76	27.06	36.23
48.72	35.78	35.76	35.76	35.76	27.06	36.21
48.66	35.78	35.76	35.76	35.76	27.07	36.19
48.61	35.78	35.76	35.76	35.76	27.07	36.17
48.55	35.77	35.76	35.76	35.76	27.07	36.15
48.49	35.77	35.76	35.76	35.76	27.07	36.13
48.44	35.77	35.76	35.76	35.76	27.07	36.11
48.38	35.77	35.76	35.76	35.76	27.08	36.09
48.32	35.77	35.76	35.76	35.76	27.08	36.07
48.26	35.77	35.76	35.76	35.75	27.08	36.05
48.19	35.77	35.76	35.76	35.75	27.08	36.03
48.13	35.77	35.76	35.76	35.75	27.08	36.01
48.07	35.77	35.76	35.76	35.75	27.09	35.99
48	35.77	35.76	35.76	35.75	27.09	35.97
47.94	35.77	35.76	35.76	35.75	27.09	35.95
47.88	35.77	35.76	35.76	35.75	27.09	35.93
47.81	35.77	35.76	35.75	35.75	27.09	35.91
47.74	35.77	35.76	35.75	35.74	27.09	35.89
47.68	35.77	35.76	35.75	35.74	27.09	35.87
47.61	35.77	35.76	35.75	35.74	27.09	35.85
47.55	35.76	35.76	35.75	35.73	27.1	35.83
47.48	35.76	35.76	35.75	35.73	27.1	35.82
47.42	35.77	35.76	35.75	35.73	27.1	35.88
47.37	35.77	35.76	35.75	35.73	27.1	35.95
47.33	35.78	35.75	35.75	35.73	27.1	36.05
47.4	35.8	35.8	35.75	35.73	27.1	36.2
48.89	35.81	35.79	35.75	35.73	27.1	36.35
49.54	35.82	35.79	35.75	35.73	27.1	36.43
49.55	35.83	35.79	35.75	35.73	27.1	36.44
49.53	35.83	35.79	35.75	35.73	27.11	36.44
49.52	35.83	35.8	35.75	35.73	27.11	36.45
49.5	35.83	35.8	35.75	35.73	27.11	36.45
49.49	35.83	35.8	35.75	35.73	27.11	36.45
49.47	35.83	35.8	35.74	35.73	27.11	36.44
49.45	35.83	35.8	35.74	35.73	27.11	36.42
49.43	35.83	35.8	35.73	35.72	27.11	36.4
49.41	35.83	35.8	35.73	35.72	27.12	36.39
49.38	35.83	35.8	35.73	35.71	27.12	36.36
49.35	35.83	35.8	35.73	35.71	27.12	36.34
49.31	35.82	35.8	35.73	35.7	27.12	36.32
49.27	35.82	35.8	35.73	35.7	27.12	36.3
49.23	35.82	35.8	35.73	35.69	27.12	36.28
49.19	35.82	35.8	35.73	35.68	27.13	36.26
49.14	35.82	35.8	35.73	35.67	27.13	36.24
49.1	35.82	35.8	35.73	35.67	27.13	36.22
49.05	35.82	35.79	35.73	35.66	27.13	36.2
49	35.82	35.79	35.73	35.65	27.13	36.17
48.95	35.82	35.79	35.73	35.64	27.14	36.17
48.9	35.83	35.79	35.73	35.64	27.14	36.25
48.87	35.84	35.79	35.73	35.65	27.14	36.35
49.11	35.85	35.79	35.73	35.65	27.14	36.45
49.81	35.86	35.79	35.73	35.65	27.14	36.53
50.25	35.88	35.79	35.73	35.65	27.15	36.58
50.54	35.89	35.79	35.73	35.65	27.15	36.63
50.54	35.9	35.79	35.73	35.65	27.15	36.64
50.53	35.9	35.79	35.73	35.65	27.15	36.64
50.51	35.9	35.79	35.72	35.65	27.15	36.63
50.5	35.9	35.79	35.71	35.65	27.16	36.63
50.48	35.9	35.79	35.71	35.65	27.16	36.61
50.46	35.89	35.79	35.71	35.64	27.16	36.59
50.43	35.89	35.79	35.71	35.63	27.16	36.57
50.41	35.89	35.79	35.71	35.62	27.16	36.55
50.37	35.88	35.79	35.71	35.61	27.17	36.53
50.34	35.88	35.78	35.71	35.61	27.17	36.51
50.3	35.87	35.78	35.71	35.63	27.17	36.48
50.26	35.87	35.78	35.71	35.65	27.17	36.46
50.21	35.87	35.78	35.71	35.67	27.18	36.44
50.17	35.86	35.78	35.71	35.68	27.18	36.42
50.12	35.86	35.78	35.7	35.69	27.18	36.4
50.07	35.87	35.78	35.7	35.69	27.18	36.42
50.04	35.88	35.78	35.7	35.69	27.18	36.5
50.01	35.9	35.78	35.75	35.75	27.19	36.62
51.66	35.94	35.78	35.75	35.75	27.19	36.82
53.21	35.99	35.78	35.75	35.74	27.19	36.97
54.63	36.04	35.78	35.74	35.74	27.19	37.12
55.71	36.09	35.78	35.74	35.74	27.19	37.24
56.72	36.14	35.78	35.75	35.75	27.2	37.35
57.04	36.19	35.78	35.76	35.76	27.2	37.42
57.03	36.2	35.79	35.76	35.76	27.2	37.44
57.01	36.21	35.8	35.76	35.76	27.2	37.44
56.99	36.21	35.8	35.76	35.76	27.21	37.43
56.97	36.21	35.8	35.75	35.75	27.21	37.43
56.95	36.2	35.8	35.78	35.78	27.21	37.42
56.92	36.19	35.82	35.82	35.82	27.21	37.4
56.89	36.17	35.85	35.85	35.85	27.21	37.38
56.86	36.16	35.87	35.87	35.87	27.22	37.36
56.82	36.15	35.89	35.89	35.89	27.22	37.33
56.78	36.13	35.91	35.91	35.91	27.22	37.31
56.73	36.12	35.93	35.93	35.93	27.22	37.29
56.68	36.11	35.94	35.94	35.94	27.23	37.26
56.63	36.11	35.96	35.96	35.96	27.23	37.24
56.58	36.1	35.97	35.97	35.97	27.23	37.22
56.52	36.09	35.98	35.98	35.98	27.23	37.19
56.46	36.1	35.99	35.99	35.99	27.23	37.2
56.41	36.14	35.99	35.99	35.99	27.24	37.27
56.37	36.19	35.99	35.99	35.99	27.24	37.35
56.33	36.23	35.99	35.99	35.99	27.24	37.42
56.31	36.28	35.99	35.99	35.99	27.24	37.5
57.12	36.34	35.99	35.99	35.99	27.25	37.62
57.89	36.4	35.99	35.99	35.99	27.25	37.71
58.1	36.43	36	36	36	27.25	37.75
58.15	36.45	36	36	36	27.25	37.76
58.13	36.47	36.05	36	36	27.25	37.78
58.11	36.45	36.06	36.05	36.05	27.26	37.76
58.09	36.43	36.09	36.09	36.09	27.26	37.74
58.06	36.41	36.12	36.12	36.12	27.26	37.72
58.02	36.39	36.15	36.15	36.15	27.26	37.69
57.98	36.38	36.18	36.18	36.18	27.27	37.67
57.94	36.37	36.21	36.21	36.21	27.27	37.65
57.89	36.36	36.23	36.23	36.23	27.27	37.63
57.84	36.36	36.26	36.26	36.26	27.27	37.6
57.78	36.35	36.28	36.28	36.28	27.27	37.58
57.72	36.35	36.29	36.29	36.29	27.28	37.56
57.66	36.35	36.31	36.31	36.31	27.28	37.53
57.6	36.35	36.32	36.32	36.32	27.28	37.51
57.53	36.35	36.33	36.33	36.33	27.28	37.49
57.46	36.35	36.35	36.35	36.35	27.29	37.47
57.39	36.36	36.36	36.36	36.36	27.29	37.44
57.32	36.37	36.37	36.37	36.37	27.29	37.42
57.24	36.37	36.37	36.37	36.37	27.29	37.4
57.17	36.38	36.38	36.38	36.38	27.3	37.38
57.09	36.39	36.39	36.39	36.39	27.3	37.36
57.01	36.39	36.39	36.39	36.39	27.3	37.33
56.92	36.4	36.4	36.4	36.4	27.3	37.31
56.84	36.4	36.4	36.4	36.4	27.3	37.29
56.75	36.4	36.4	36.4	36.4	27.31	37.27
56.67	36.4	36.4	36.4	36.4	27.31	37.25
56.58	36.4	36.4	36.4	36.4	27.31	37.23
56.49	36.4	36.4	36.4	36.4	27.31	37.21
56.4	36.41	36.4	36.4	36.4	27.32	37.19
56.31	36.41	36.4	36.4	36.4	27.32	37.17
56.21	36.41	36.4	36.4	36.4	27.32	37.15
56.12	36.41	36.4	36.4	36.4	27.32	37.13
56.02	36.41	36.4	36.4	36.4	27.32	37.11
55.93	36.41	36.4	36.4	36.4	27.33	37.09
55.83	36.41	36.4	36.4	36.4	27.33	37.07
55.73	36.41	36.4	36.4	36.4	27.33	37.05
55.63	36.41	36.4	36.4	36.4	27.33	37.03
55.53	36.41	36.4	36.4	36.39	27.34	37.01
55.43	36.41	36.4	36.4	36.39	27.34	36.99
55.33	36.41	36.4	36.4	36.39	27.34	36.97
55.23	36.41	36.4	36.4	36.39	27.34	36.96
55.14	36.41	36.4	36.39	36.39	27.34	37.02
55.06	36.42	36.4	36.39	36.39	27.34	37.08
54.98	36.43	36.4	36.39	36.39	27.35	37.14
54.92	36.45	36.39	36.39	36.39	27.35	37.22
54.86	36.46	36.39	36.39	36.39	27.35	37.32
54.82	36.48	36.39	36.39	36.39	27.35	37.41
54.79	36.5	36.39	36.39	36.39	27.35	37.47
54.76	36.51	36.4	36.39	36.39	27.36	37.48
54.73	36.51	36.41	36.39	36.39	27.36	37.48
54.7	36.51	36.41	36.39	36.39	27.36	37.48
54.67	36.51	36.41	36.39	36.39	27.36	37.48
54.64	36.51	36.41	36.38	36.38	27.36	37.47
54.6	36.5	36.41	36.38	36.38	27.37	37.45
54.56	36.5	36.41	36.4	36.4	27.37	37.44
54.52	36.5	36.43	36.43	36.43	27.37	37.42
54.47	36.49	36.45	36.45	36.45	27.37	37.4
54.43	36.49	36.46	36.46	36.46	27.38	37.39
54.37	36.49	36.48	36.48	36.48	27.38	37.37
54.32	36.49	36.49	36.49	36.49	27.38	37.34
54.26	36.49	36.49	36.49	36.49	27.38	37.32
54.2	36.5	36.5	36.5	36.5	27.38	37.3
54.14	36.5	36.5	36.5	36.5	27.39	37.28
54.07	36.51	36.51	36.51	36.51	27.39	37.26
54.01	36.51	36.51	36.51	36.51	27.39	37.28
53.96	36.53	36.51	36.5	36.5	27.39	37.36
53.91	36.55	36.51	36.5	36.5	27.4	37.45
53.88	36.58	36.55	36.5	36.5	27.4	37.6
55.03	36.62	36.55	36.5	36.5	27.4	37.76
56.01	36.65	36.55	36.5	36.5	27.4	37.87
57.04	36.7	36.55	36.5	36.5	27.41	37.99
57.42	36.74	36.55	36.52	36.52	27.41	38.06
57.52	36.78	36.55	36.52	36.52	27.41	38.1
57.5	36.78	36.6	36.52	36.52	27.41	38.12
57.48	36.79	36.6	36.52	36.52	27.41	38.12
57.46	36.79	36.6	36.52	36.51	27.42	38.11
57.44	36.79	36.6	36.53	36.53	27.42	38.1
57.42	36.78	36.6	36.57	36.57	27.42	38.09
57.4	36.78	36.6	36.6	36.6	27.42	38.08
57.37	36.77	36.63	36.63	36.63	27.43	38.07
57.34	36.77	36.65	36.65	36.65	27.43	38.06
57.3	36.77	36.67	36.67	36.67	27.43	38.05
57.27	36.77	36.68	36.68	36.68	27.43	38.03
57.23	36.76	36.69	36.69	36.69	27.43	38.01
57.18	36.76	36.7	36.7	36.7	27.44	37.98
57.14	36.76	36.71	36.71	36.71	27.44	37.96
57.09	36.76	36.72	36.72	36.72	27.44	37.94
57.04	36.76	36.73	36.73	36.73	27.44	37.92
56.99	36.77	36.74	36.73	36.73	27.45	37.92
56.94	36.8	36.74	36.73	36.73	27.45	37.96
56.9	36.84	36.74	36.73	36.73	27.45	38.03
56.87	36.89	36.74	36.73	36.73	27.45	38.1
56.84	36.94	36.74	36.73	36.73	27.45	38.18
56.82	36.99	36.74	36.73	36.73	27.46	38.23
56.8	37.04	36.73	36.73	36.73	27.46	38.27
56.91	37.1	36.73	36.73	36.72	27.46	38.32
56.94	37.16	36.77	36.73	36.72	27.46	38.37
56.93	37.16	36.79	36.74	36.74	27.47	38.36
56.91	37.15	36.79	36.77	36.77	27.47	38.35
56.89	37.15	36.79	36.79	36.79	27.47	38.35
56.86	37.15	36.79	36.79	36.79	27.47	38.35
56.84	37.16	36.79	36.79	36.79	27.48	38.35
56.82	37.16	36.79	36.79	36.79	27.48	38.34
56.8	37.16	36.79	36.79	36.79	27.48	38.34
56.77	37.17	36.79	36.79	36.78	27.48	38.34
56.75	37.17	36.79	36.79	36.78	27.48	38.34
56.72	37.17	36.79	36.78	36.78	27.49	38.34
56.7	37.18	36.79	36.78	36.78	27.49	38.34
56.67	37.18	36.79	36.78	36.78	27.49	38.34
56.65	37.19	36.79	36.78	36.78	27.49	38.33
56.62	37.19	36.79	36.78	36.78	27.5	38.33
56.6	37.19	36.79	36.78	36.78	27.5	38.33
56.58	37.28	36.78	36.78	36.78	27.5	38.39
56.66	37.36	36.78	36.78	36.78	27.5	38.45
57.45	37.45	36.78	36.78	36.78	27.5	38.54
58.55	37.58	36.78	36.78	36.78	27.51	38.67
59.65	37.73	36.83	36.78	36.78	27.51	38.81
60.58	37.87	36.83	36.78	36.78	27.51	38.93
61.24	37.98	36.83	36.78	36.78	27.51	39.02
61.49	38.09	36.83	36.78	36.77	27.52	39.07
61.49	38.15	36.87	36.78	36.77	27.52	39.1
61.47	38.14	36.95	36.78	36.77	27.52	39.11
61.45	38.11	36.95	36.81	36.81	27.52	39.09
61.42	38.08	36.95	36.84	36.84	27.52	39.08
61.4	38.06	36.95	36.87	36.87	27.53	39.07
61.37	38.05	36.95	36.89	36.89	27.53	39.06
61.34	38.03	36.95	36.92	36.91	27.53	39.05
61.31	38.01	36.94	36.94	36.94	27.53	39.04
61.28	38	36.96	36.96	36.96	27.54	39.03
61.24	37.97	36.98	36.98	36.98	27.54	39.02
61.21	37.95	37	37	37	27.54	39.01
61.17	37.91	37.03	37.03	37.03	27.54	38.99
61.13	37.88	37.06	37.06	37.06	27.54	38.98
61.08	37.85	37.09	37.09	37.09	27.55	38.97
61.04	37.83	37.11	37.11	37.11	27.55	38.96
60.99	37.81	37.13	37.13	37.13	27.55	38.95
60.95	37.8	37.14	37.14	37.14	27.55	38.94
60.9	37.82	37.15	37.15	37.15	27.56	38.95
60.86	37.93	37.15	37.15	37.15	27.56	39.01
60.82	38.05	37.15	37.15	37.15	27.56	39.09
60.79	38.17	37.15	37.15	37.15	27.56	39.15
60.76	38.23	37.22	37.15	37.15	27.57	39.19
60.73	38.22	37.36	37.15	37.14	27.57	39.21
60.69	38.22	37.46	37.15	37.14	27.57	39.24
60.66	38.22	37.57	37.14	37.14	27.57	39.26
60.63	38.21	37.68	37.14	37.14	27.57	39.27
60.6	38.2	37.68	37.17	37.17	27.58	39.26
60.56	38.2	37.68	37.19	37.19	27.58	39.26
60.52	38.2	37.68	37.2	37.2	27.58	39.25
60.49	38.2	37.68	37.22	37.22	27.58	39.25
60.45	38.19	37.67	37.23	37.23	27.59	39.24
60.41	38.19	37.67	37.24	37.24	27.59	39.24
60.37	38.19	37.67	37.26	37.26	27.59	39.23
60.33	38.19	37.67	37.27	37.27	27.59	39.23
60.29	38.18	37.67	37.29	37.29	27.6	39.22
60.25	38.18	37.67	37.31	37.31	27.6	39.21
60.2	38.17	37.67	37.34	37.34	27.6	39.21
60.16	38.17	37.67	37.36	37.36	27.6	39.2
60.12	38.17	37.67	37.35	37.35	27.61	39.2
60.07	38.18	37.67	37.35	37.35	27.61	39.2
60.03	38.19	37.67	37.35	37.35	27.61	39.2
59.99	38.19	37.67	37.35	37.35	27.61	39.19
59.95	38.27	37.67	37.35	37.35	27.61	39.25
59.91	38.41	37.67	37.35	37.35	27.62	39.33
59.89	38.56	37.66	37.35	37.35	27.62	39.4
59.86	38.71	37.66	37.35	37.35	27.62	39.47
59.84	38.87	37.66	37.35	37.35	27.62	39.54
60.04	39.03	37.66	37.35	37.35	27.63	39.61
60.03	39.12	37.72	37.35	37.35	27.63	39.65
60.01	39.11	37.86	37.35	37.35	27.63	39.67
59.99	39.1	37.92	37.35	37.35	27.63	39.68
59.97	39.09	37.92	37.37	37.37	27.64	39.67
59.95	39.08	37.92	37.38	37.38	27.64	39.66
59.93	39.07	37.92	37.39	37.39	27.64	39.66
59.91	39.06	37.92	37.41	37.41	27.64	39.65
59.88	39.05	37.92	37.42	37.42	27.65	39.64
59.86	39.04	37.91	37.44	37.44	27.65	39.64
59.83	39.02	37.91	37.46	37.46	27.65	39.63
59.81	39	37.91	37.48	37.48	27.65	39.62
59.78	38.98	37.91	37.51	37.51	27.65	39.61
59.74	38.95	37.91	37.54	37.54	27.66	39.6
59.71	38.94	37.91	37.56	37.56	27.66	39.59
59.68	38.93	37.91	37.58	37.58	27.66	39.59
59.65	38.93	37.91	37.58	37.58	27.66	39.58
59.62	39.04	37.91	37.58	37.58	27.67	39.64
59.59	39.21	37.91	37.58	37.58	27.67	39.74
60.63	39.42	37.91	37.58	37.58	27.67	39.88
61.74	39.64	37.98	37.58	37.58	27.67	40.04
62.91	39.9	37.98	37.58	37.58	27.68	40.19
64.03	40.17	37.97	37.58	37.58	27.68	40.35
65.03	40.45	37.97	37.59	37.58	27.68	40.49
65.79	40.69	37.97	37.59	37.58	27.68	40.61
66.01	40.91	37.99	37.59	37.58	27.69	40.69
65.99	40.91	38.17	37.59	37.57	27.69	40.73
65.97	40.89	38.22	37.59	37.58	27.69	40.73
65.95	40.86	38.22	37.6	37.6	27.69	40.72
65.92	40.85	38.22	37.61	37.61	27.69	40.71
65.9	40.83	38.22	37.62	37.62	27.7	40.7
65.87	40.82	38.22	37.63	37.63	27.7	40.69
65.84	40.8	38.21	37.64	37.64	27.7	40.69
65.81	40.78	38.21	37.66	37.66	27.7	40.68
65.78	40.76	38.21	37.67	37.67	27.71	40.67
65.75	40.73	38.21	37.69	37.69	27.71	40.66
65.72	40.68	38.21	37.72	37.72	27.71	40.64
65.68	40.63	38.21	37.75	37.75	27.71	40.62
65.65	40.59	38.21	37.78	37.78	27.72	40.61
65.61	40.55	38.21	37.8	37.8	27.72	40.6
65.57	40.52	38.21	37.82	37.82	27.72	40.59
65.53	40.59	38.23	37.83	37.83	27.72	40.62
65.5	40.79	38.23	37.83	37.83	27.73	40.7
65.47	41.01	38.23	37.83	37.82	27.73	40.79
66.12	41.29	38.23	37.83	37.82	27.73	40.93
66.82	41.54	38.23	37.83	37.82	27.73	41.04
67.1	41.78	38.23	37.83	37.82	27.74	41.13
67.2	41.98	38.26	37.83	37.82	27.74	41.19
67.19	42.03	38.38	37.83	37.82	27.74	41.23
67.17	41.97	38.55	37.83	37.82	27.74	41.24
67.14	41.92	38.67	37.83	37.82	27.75	41.24
67.12	41.86	38.66	37.85	37.85	27.75	41.22
67.09	41.82	38.66	37.87	37.87	27.75	41.21
67.06	41.79	38.66	37.89	37.89	27.75	41.2
67.03	41.75	38.66	37.91	37.91	27.76	41.19
67	41.73	38.66	37.92	37.92	27.76	41.18
66.96	41.69	38.66	37.94	37.94	27.76	41.17
66.93	41.66	38.66	37.95	37.95	27.76	41.15
66.9	41.62	38.66	37.98	37.98	27.76	41.14
66.86	41.57	38.66	38.01	38.01	27.77	41.12
66.82	41.49	38.66	38.04	38.04	27.77	41.1
66.78	41.4	38.66	38.09	38.09	27.77	41.08
66.74	41.32	38.66	38.13	38.13	27.77	41.06
66.69	41.25	38.65	38.17	38.17	27.78	41.04
66.65	41.19	38.65	38.2	38.2	27.78	41.02
66.6	41.23	38.65	38.21	38.21	27.78	41.04
66.56	41.39	38.65	38.21	38.21	27.78	41.09
66.52	41.53	38.68	38.21	38.21	27.79	41.15
66.48	41.72	38.68	38.21	38.21	27.79	41.24
66.58	41.98	38.67	38.21	38.21	27.79	41.36
67.33	42.24	38.67	38.21	38.21	27.79	41.48
67.88	42.46	38.67	38.21	38.2	27.8	41.58
68.32	42.65	38.67	38.21	38.2	27.8	41.66
68.46	42.81	38.67	38.21	38.2	27.8	41.71
68.43	42.84	38.78	38.21	38.2	27.8	41.73
68.41	42.75	38.88	38.21	38.21	27.81	41.72
68.38	42.68	38.88	38.24	38.24	27.81	41.7
68.36	42.63	38.88	38.26	38.26	27.81	41.68
68.33	42.59	38.87	38.28	38.28	27.81	41.67
68.3	42.56	38.87	38.29	38.29	27.82	41.66
68.26	42.52	38.87	38.31	38.31	27.82	41.65
68.23	42.49	38.87	38.33	38.33	27.82	41.63
68.2	42.45	38.87	38.34	38.34	27.82	41.62
68.16	42.39	38.87	38.37	38.37	27.83	41.6
68.12	42.3	38.87	38.41	38.41	27.83	41.58
68.08	42.21	38.87	38.45	38.45	27.83	41.56
68.04	42.13	38.87	38.49	38.49	27.84	41.53
67.99	42.05	38.87	38.52	38.52	27.84	41.51
67.95	41.98	38.87	38.55	38.55	27.84	41.49
67.9	42.04	38.9	38.56	38.56	27.84	41.52
67.86	42.18	38.94	38.56	38.56	27.85	41.59
67.82	42.39	38.94	38.56	38.56	27.85	41.69
67.8	42.64	38.94	38.56	38.56	27.85	41.8
68.37	42.88	38.99	38.56	38.56	27.85	41.92
69.08	43.17	38.99	38.56	38.56	27.86	42.04
69.53	43.37	38.99	38.56	38.56	27.86	42.12
69.76	43.54	39.02	38.56	38.55	27.86	42.19
69.79	43.7	39.03	38.56	38.55	27.86	42.23
69.77	43.7	39.16	38.56	38.55	27.87	42.26
69.75	43.61	39.26	38.56	38.55	27.87	42.24
69.72	43.54	39.26	38.58	38.58	27.87	42.22
69.69	43.49	39.26	38.6	38.6	27.87	42.21
69.66	43.45	39.26	38.62	38.62	27.88	42.19
69.63	43.41	39.26	38.63	38.63	27.88	42.18
69.6	43.37	39.26	38.65	38.65	27.88	42.17
69.56	43.32	39.26	38.67	38.67	27.88	42.15
69.53	43.28	39.26	38.69	38.69	27.89	42.14
69.49	43.2	39.26	38.72	38.72	27.89	42.12
69.45	43.12	39.25	38.75	38.75	27.89	42.1
69.41	43.03	39.25	38.79	38.79	27.89	42.07
69.37	42.95	39.25	38.82	38.82	27.9	42.05
69.32	42.89	39.25	38.84	38.84	27.9	42.03
69.28	42.84	39.25	38.86	38.86	27.9	42.02
69.23	42.83	39.35	38.87	38.87	27.91	42.04
69.19	42.84	39.58	38.87	38.87	27.91	42.1
69.15	42.9	39.75	38.87	38.87	27.91	42.16
69.11	43.14	39.75	38.87	38.86	27.91	42.23
69.07	43.39	39.75	38.87	38.86	27.92	42.31
69.03	43.46	39.9	38.87	38.86	27.92	42.36
68.99	43.46	40.05	38.87	38.86	27.92	42.4
68.96	43.47	40.22	38.87	38.86	27.92	42.44
68.92	43.45	40.34	38.87	38.86	27.93	42.47
68.89	43.39	40.4	38.88	38.86	27.93	42.46
68.85	43.34	40.4	38.89	38.89	27.93	42.45
68.81	43.3	40.4	38.91	38.91	27.93	42.43
68.77	43.26	40.4	38.92	38.92	27.94	42.42
68.72	43.23	40.4	38.94	38.94	27.94	42.41
68.68	43.2	40.4	38.95	38.95	27.94	42.4
68.64	43.17	40.39	38.97	38.97	27.94	42.39
68.59	43.14	40.39	38.98	38.98	27.95	42.38
68.55	43.11	40.39	39	39	27.95	42.37
68.5	43.06	40.39	39.02	39.02	27.95	42.35
68.46	43	40.39	39.05	39.05	27.96	42.34
68.41	42.94	40.39	39.08	39.08	27.96	42.32
68.36	42.88	40.39	39.11	39.11	27.96	42.3
68.31	42.84	40.39	39.13	39.13	27.96	42.29
68.26	42.8	40.38	39.15	39.15	27.97	42.28
68.21	42.87	40.38	39.15	39.15	27.97	42.31
68.16	43.09	40.38	39.15	39.15	27.97	42.39
68.13	43.34	40.38	39.15	39.15	27.97	42.49
68.1	43.67	40.38	39.15	39.15	27.98	42.64
68.74	43.99	40.45	39.16	39.15	27.98	42.79
69.45	44.29	40.44	39.17	39.14	27.98	42.92
69.8	44.59	40.44	39.17	39.14	27.98	43.02
69.99	44.88	40.44	39.18	39.14	27.99	43.1
70.02	45.09	40.51	39.19	39.14	27.99	43.17
70	45.09	40.68	39.2	39.14	27.99	43.21
69.97	45.05	40.72	39.21	39.14	28	43.2
69.95	45.01	40.72	39.21	39.15	28	43.19
69.92	44.99	40.72	39.21	39.16	28	43.18
69.9	44.97	40.72	39.21	39.17	28	43.17
69.87	44.94	40.72	39.21	39.18	28.01	43.16
69.84	44.92	40.72	39.21	39.2	28.01	43.15
69.81	44.89	40.72	39.21	39.21	28.01	43.14
69.78	44.85	40.71	39.22	39.22	28.01	43.13
69.75	44.81	40.71	39.24	39.24	28.02	43.12
69.72	44.76	40.71	39.26	39.26	28.02	43.1
69.68	44.72	40.71	39.28	39.28	28.02	43.09
69.65	44.69	40.71	39.29	39.29	28.03	43.08
69.61	44.67	40.71	39.29	39.29	28.03	43.07
69.58	44.63	40.71	39.31	39.31	28.03	43.06
69.54	44.6	40.71	39.33	39.33	28.03	43.05
69.51	44.6	40.91	39.33	39.32	28.04	43.1
69.47	44.61	41.1	39.33	39.32	28.04	43.15
69.44	44.75	41.19	39.34	39.32	28.04	43.21
69.41	44.8	41.29	39.35	39.32	28.04	43.25
69.37	44.8	41.43	39.36	39.32	28.05	43.29
69.34	44.8	41.64	39.37	39.32	28.05	43.35
69.31	44.81	41.85	39.38	39.32	28.05	43.41
69.27	44.82	41.98	39.4	39.32	28.05	43.45
69.24	44.76	42.07	39.41	39.32	28.06	43.45
69.21	44.71	42.09	39.41	39.33	28.06	43.44
69.17	44.67	42.09	39.41	39.35	28.06	43.43
69.13	44.64	42.08	39.41	39.36	28.07	43.42
69.1	44.61	42.08	39.41	39.38	28.07	43.41
69.06	44.59	42.08	39.41	39.39	28.07	43.4
69.02	44.57	42.08	39.41	39.4	28.07	43.39
68.98	44.55	42.08	39.41	39.41	28.08	43.38
68.94	44.52	42.08	39.42	39.42	28.08	43.37
68.9	44.48	42.07	39.44	39.44	28.08	43.35
68.86	44.42	42.07	39.47	39.47	28.08	43.34
68.82	44.37	42.07	39.5	39.5	28.09	43.32
68.78	44.33	42.07	39.52	39.52	28.09	43.31
68.74	44.3	42.07	39.53	39.53	28.09	43.29
68.69	44.29	42.07	39.54	39.54	28.1	43.29
68.65	44.28	42.07	39.54	39.54	28.1	43.28
68.61	44.29	42.06	39.55	39.55	28.1	43.28
68.56	44.29	42.06	39.55	39.55	28.1	43.28
68.52	44.4	42.14	39.56	39.55	28.11	43.34
68.48	44.55	42.25	39.57	39.55	28.11	43.42
68.45	44.82	42.24	39.59	39.54	28.11	43.52
68.42	45.1	42.24	39.61	39.54	28.11	43.6
68.39	45.14	42.41	39.63	39.54	28.12	43.66
68.36	45.14	42.51	39.66	39.54	28.12	43.68
68.33	45.13	42.56	39.69	39.54	28.12	43.7
68.3	45.11	42.58	39.7	39.54	28.12	43.69
68.27	45.09	42.57	39.69	39.55	28.13	43.69
68.24	45.08	42.57	39.69	39.56	28.13	43.68
68.21	45.07	42.57	39.69	39.57	28.13	43.67
68.18	45.05	42.57	39.69	39.58	28.14	43.66
68.15	45.03	42.57	39.69	39.59	28.14	43.66
68.12	45.02	42.57	39.69	39.6	28.14	43.65
68.08	44.99	42.56	39.69	39.61	28.14	43.64
68.05	44.96	42.56	39.68	39.63	28.15	43.62
68.01	44.91	42.56	39.68	39.66	28.15	43.61
67.97	44.86	42.56	39.68	39.68	28.15	43.59
67.93	44.82	42.56	39.7	39.7	28.15	43.58
67.9	44.8	42.56	39.72	39.72	28.16	43.57
67.86	44.78	42.56	39.73	39.73	28.16	43.56
67.82	44.89	42.56	39.75	39.73	28.16	43.61
67.78	45.15	42.56	39.77	39.73	28.17	43.67
67.75	45.42	42.56	39.81	39.72	28.17	43.75
67.72	45.7	42.56	39.84	39.72	28.17	43.84
67.69	45.83	42.67	39.88	39.72	28.17	43.9
67.67	45.84	42.81	39.92	39.72	28.18	43.94
67.64	45.84	42.96	39.96	39.72	28.18	43.99
67.61	45.85	43.14	40	39.72	28.18	44.04
67.59	45.86	43.32	40.05	39.72	28.18	44.1
67.56	45.85	43.42	40.09	39.72	28.19	44.13
67.54	45.82	43.45	40.12	39.72	28.19	44.12
67.51	45.8	43.45	40.11	39.73	28.19	44.11
67.48	45.78	43.45	40.11	39.74	28.2	44.11
67.45	45.76	43.44	40.11	39.75	28.2	44.1
67.42	45.75	43.44	40.1	39.76	28.2	44.09
67.39	45.73	43.44	40.1	39.77	28.2	44.08
67.36	45.72	43.44	40.1	39.78	28.21	44.08
67.33	45.69	43.44	40.09	39.79	28.21	44.07
67.3	45.66	43.44	40.09	39.81	28.21	44.05
67.27	45.62	43.43	40.08	39.83	28.21	44.04
67.23	45.57	43.43	40.08	39.86	28.22	44.03
67.2	45.54	43.43	40.07	39.88	28.22	44.01
67.17	45.51	43.43	40.07	39.89	28.22	44
67.13	45.49	43.43	40.07	39.91	28.23	43.99
67.1	45.62	43.43	40.1	39.91	28.23	44.04
67.07	45.73	43.54	40.15	39.91	28.23	44.1
67.04	45.74	43.74	40.2	39.91	28.23	44.16
67.01	45.75	43.92	40.25	39.9	28.24	44.22
66.98	45.75	43.97	40.31	39.9	28.24	44.24
66.95	45.75	44.03	40.36	39.9	28.24	44.27
66.92	45.76	44.14	40.42	39.9	28.24	44.31
66.88	45.77	44.24	40.48	39.9	28.25	44.35
66.85	45.77	44.31	40.54	39.9	28.25	44.37
66.82	45.75	44.32	40.56	39.9	28.25	44.37
66.79	45.74	44.32	40.56	39.92	28.25	44.36
66.76	45.73	44.32	40.55	39.93	28.26	44.35
66.72	45.72	44.32	40.54	39.95	28.26	44.34
66.69	45.72	44.32	40.54	39.95	28.26	44.33
66.66	45.71	44.32	40.53	39.96	28.27	44.33
66.62	45.71	44.31	40.53	39.97	28.27	44.32
66.59	45.7	44.31	40.52	39.98	28.27	44.31
66.55	45.69	44.31	40.52	40	28.27	44.3
66.52	45.67	44.31	40.51	40.02	28.28	44.29
66.48	45.64	44.31	40.5	40.04	28.28	44.28
66.44	45.62	44.31	40.49	40.07	28.28	44.27
66.4	45.6	44.3	40.48	40.09	28.28	44.25
66.36	45.59	44.3	40.47	40.1	28.29	44.25
66.33	45.59	44.3	40.47	40.11	28.29	44.24
66.29	45.59	44.3	40.47	40.11	28.29	44.24
66.25	45.6	44.3	40.47	40.11	28.3	44.23
66.22	45.82	44.3	40.53	40.11	28.3	44.32
66.19	46.02	44.29	40.59	40.11	28.3	44.39
66.16	46.02	44.35	40.66	40.11	28.3	44.42
66.13	46.03	44.44	40.72	40.11	28.31	44.45
66.1	46.04	44.56	40.79	40.11	28.31	44.49
66.07	46.04	44.67	40.86	40.1	28.31	44.53
66.05	46.05	44.81	40.93	40.1	28.32	44.58
66.02	46.06	44.9	41	40.1	28.32	44.62
65.99	46.05	44.91	41.04	40.1	28.32	44.62
65.96	46.04	44.91	41.03	40.11	28.32	44.61
65.93	46.04	44.91	41.03	40.12	28.33	44.6
65.9	46.04	44.91	41.02	40.13	28.33	44.6
65.87	46.04	44.91	41.01	40.14	28.33	44.59
65.84	46.04	44.9	41.01	40.15	28.33	44.58
65.81	46.03	44.9	41	40.16	28.34	44.58
65.77	46.03	44.9	41	40.17	28.34	44.57
65.74	46.02	44.9	40.99	40.18	28.34	44.56
65.71	46.01	44.9	40.98	40.2	28.35	44.55
65.67	46	44.9	40.96	40.22	28.35	44.54
65.64	45.99	44.89	40.96	40.23	28.35	44.53
65.6	45.99	44.89	40.95	40.24	28.35	44.53
65.57	45.99	44.89	40.95	40.24	28.36	44.52
65.54	46.13	44.9	41.02	40.24	28.36	44.58
65.51	46.35	44.9	41.09	40.24	28.36	44.64
65.48	46.58	44.9	41.16	40.24	28.36	44.74
65.89	46.82	44.9	41.24	40.24	28.37	44.85
66.37	47.06	44.9	41.32	40.24	28.37	44.95
66.91	47.31	44.9	41.4	40.24	28.37	45.05
67.45	47.56	44.89	41.48	40.24	28.38	45.15
67.51	47.71	44.97	41.56	40.24	28.38	45.21
67.49	47.71	45.01	41.64	40.24	28.38	45.23
67.47	47.7	45.01	41.72	40.23	28.38	45.23
67.45	47.69	45	41.75	40.23	28.39	45.23
67.43	47.68	45	41.74	40.24	28.39	45.22
67.4	47.68	45	41.74	40.25	28.39	45.22
67.38	47.67	45	41.73	40.26	28.39	45.21
67.36	47.66	45	41.72	40.26	28.4	45.2
67.33	47.65	45	41.72	40.27	28.4	45.2
67.31	47.64	45	41.71	40.28	28.4	45.19
67.28	47.63	44.99	41.7	40.29	28.4	45.18
67.26	47.62	44.99	41.69	40.3	28.41	45.18
67.23	47.6	44.99	41.68	40.31	28.41	45.17
67.2	47.57	44.99	41.67	40.33	28.41	45.15
67.17	47.54	44.99	41.65	40.35	28.42	45.14
67.15	47.52	44.99	41.64	40.37	28.42	45.13
67.12	47.5	44.99	41.63	40.38	28.42	45.12
67.09	47.54	44.98	41.64	40.39	28.42	45.14
67.06	47.6	45.1	41.71	40.39	28.43	45.19
67.04	47.61	45.25	41.79	40.39	28.43	45.24
67.01	47.61	45.43	41.87	40.39	28.43	45.29
66.98	47.75	45.52	41.95	40.39	28.43	45.36
66.96	47.83	45.61	42.02	40.39	28.44	45.41
66.93	48	45.67	42.1	40.39	28.44	45.5
67.11	48.23	45.68	42.18	40.38	28.44	45.58
67.1	48.4	45.72	42.25	40.38	28.45	45.63
67.08	48.39	45.8	42.31	40.38	28.45	45.65
67.06	48.36	45.81	42.36	40.38	28.45	45.65
67.04	48.33	45.81	42.35	40.4	28.45	45.64
67.02	48.32	45.81	42.33	40.41	28.46	45.63
66.99	48.3	45.81	42.32	40.42	28.46	45.63
66.97	48.29	45.8	42.31	40.43	28.46	45.62
66.95	48.27	45.8	42.3	40.44	28.46	45.61
66.92	48.26	45.8	42.29	40.45	28.47	45.6
66.9	48.24	45.8	42.28	40.47	28.47	45.59
66.87	48.21	45.8	42.26	40.49	28.47	45.58
66.85	48.17	45.8	42.24	40.51	28.48	45.57
66.82	48.13	45.79	42.22	40.54	28.48	45.55
66.79	48.11	45.79	42.21	40.55	28.48	45.54
66.77	48.1	45.79	42.2	40.56	28.48	45.54
66.74	48.1	45.79	42.2	40.56	28.49	45.53
66.71	48.1	45.79	42.2	40.56	28.49	45.54
66.69	48.2	45.88	42.28	40.56	28.49	45.6
66.66	48.21	46	42.37	40.56	28.49	45.64
66.64	48.21	46.14	42.45	40.56	28.5	45.69
66.61	48.4	46.18	42.53	40.56	28.5	45.76
66.59	48.46	46.25	42.61	40.56	28.5	45.81
66.57	48.46	46.31	42.69	40.56	28.51	45.83
66.55	48.46	46.43	42.77	40.56	28.51	45.88
66.52	48.47	46.55	42.84	40.56	28.51	45.92
66.5	48.46	46.61	42.89	40.56	28.51	45.94
66.48	48.43	46.63	42.94	40.56	28.52	45.94
66.46	48.41	46.62	42.92	40.57	28.52	45.93
66.43	48.39	46.62	42.91	40.59	28.52	45.92
66.41	48.38	46.62	42.89	40.6	28.52	45.91
66.38	48.37	46.62	42.88	40.61	28.53	45.9
66.36	48.35	46.62	42.87	40.62	28.53	45.9
66.33	48.34	46.61	42.86	40.64	28.53	45.89
66.3	48.33	46.61	42.85	40.65	28.54	45.88
66.28	48.31	46.61	42.83	40.67	28.54	45.87
66.25	48.28	46.61	42.81	40.69	28.54	45.86
66.22	48.25	46.61	42.79	40.72	28.54	45.85
66.19	48.23	46.61	42.77	40.74	28.55	45.84
66.16	48.22	46.6	42.76	40.75	28.55	45.83
66.13	48.22	46.6	42.75	40.75	28.55	45.82
66.11	48.32	46.61	42.81	40.75	28.55	45.87
66.08	48.55	46.61	42.9	40.75	28.56	45.93
66.06	48.79	46.61	42.98	40.75	28.56	46
66.04	49.02	46.61	43.06	40.75	28.56	46.08
66.52	49.26	46.61	43.14	40.75	28.57	46.18
67.27	49.5	46.65	43.23	40.75	28.57	46.3
67.91	49.75	46.65	43.32	40.74	28.57	46.41
68.41	49.99	46.65	43.39	40.74	28.57	46.5
68.66	50.23	46.65	43.47	40.74	28.58	46.58
68.64	50.26	46.75	43.54	40.74	28.58	46.62
68.62	50.21	46.77	43.57	40.74	28.58	46.61
68.6	50.18	46.77	43.55	40.77	28.58	46.6
68.58	50.15	46.76	43.54	40.79	28.59	46.59
68.56	50.13	46.76	43.52	40.8	28.59	46.58
68.53	50.11	46.76	43.51	40.82	28.59	46.57
68.51	50.09	46.76	43.5	40.83	28.6	46.56
68.49	50.06	46.76	43.48	40.84	28.6	46.55
68.46	50.04	46.76	43.47	40.86	28.6	46.54
68.44	50	46.75	43.45	40.88	28.6	46.53
68.41	49.96	46.75	43.42	40.9	28.61	46.52
68.38	49.91	46.75	43.4	40.93	28.61	46.5
68.35	49.87	46.75	43.38	40.96	28.61	46.49
68.33	49.84	46.75	43.36	40.98	28.62	46.47
68.3	49.82	46.75	43.34	40.99	28.62	46.46
68.27	49.81	46.75	43.34	41	28.62	46.46
68.24	49.81	46.74	43.33	41	28.62	46.45
68.21	49.83	46.74	43.33	41	28.63	46.46
68.19	50.04	46.74	43.41	41	28.63	46.54
68.16	50.27	46.74	43.49	41	28.63	46.61
68.27	50.5	46.74	43.56	41	28.63	46.69
68.69	50.71	46.74	43.63	41	28.64	46.77
68.94	50.92	46.74	43.69	41	28.64	46.84
68.92	50.99	46.81	43.75	41	28.64	46.88
68.9	50.95	46.87	43.8	41	28.65	46.89
68.88	50.89	46.89	43.85	41	28.65	46.88
68.86	50.84	46.88	43.83	41.02	28.65	46.86
68.84	50.81	46.88	43.81	41.04	28.65	46.85
68.82	50.78	46.88	43.79	41.05	28.66	46.84
68.79	50.75	46.88	43.78	41.07	28.66	46.83
68.77	50.73	46.88	43.76	41.08	28.66	46.82
68.74	50.7	46.88	43.75	41.1	28.67	46.81
68.72	50.66	46.87	43.73	41.12	28.67	46.8
68.69	50.61	46.87	43.7	41.14	28.67	46.78
68.66	50.54	46.87	43.67	41.18	28.67	46.76
68.63	50.46	46.87	43.62	41.23	28.68	46.74
68.6	50.38	46.87	43.58	41.28	28.68	46.71
68.57	50.3	46.87	43.54	41.32	28.68	46.69
68.54	50.23	46.87	43.5	41.36	28.69	46.67
68.51	50.17	46.86	43.47	41.39	28.69	46.65
68.48	50.27	46.86	43.51	41.4	28.69	46.69
68.45	50.45	46.86	43.56	41.4	28.69	46.75
68.43	50.64	46.86	43.63	41.4	28.7	46.84
68.48	50.73	46.86	43.68	41.39	28.7	46.88
68.46	50.73	46.95	43.74	41.39	28.7	46.91
68.44	50.73	47.06	43.8	41.39	28.71	46.94
68.42	50.71	47.12	43.86	41.39	28.71	46.95
68.4	50.69	47.2	43.91	41.39	28.71	46.97
68.38	50.68	47.27	43.95	41.39	28.71	46.99
68.36	50.62	47.31	43.99	41.39	28.72	46.99
68.33	50.57	47.31	43.97	41.41	28.72	46.97
68.31	50.54	47.31	43.95	41.43	28.72	46.96
68.28	50.51	47.31	43.93	41.45	28.73	46.95
68.26	50.48	47.3	43.91	41.46	28.73	46.94
68.23	50.45	47.3	43.9	41.48	28.73	46.92
68.21	50.42	47.3	43.88	41.5	28.73	46.91
68.18	50.39	47.3	43.86	41.52	28.74	46.9
68.15	50.34	47.3	43.83	41.55	28.74	46.88
68.12	50.28	47.3	43.8	41.59	28.74	46.86
68.09	50.23	47.29	43.77	41.61	28.75	46.85
68.06	50.18	47.29	43.74	41.64	28.75	46.83
68.03	50.15	47.29	43.72	41.65	28.75	46.82
68	50.13	47.29	43.71	41.66	28.75	46.81
67.97	50.12	47.29	43.72	41.67	28.76	46.82
67.94	50.11	47.35	43.78	41.67	28.76	46.84
67.91	50.11	47.44	43.85	41.67	28.76	46.87
67.88	50.11	47.55	43.92	41.66	28.77	46.91
67.85	50.18	47.65	43.99	41.66	28.77	46.97
67.82	50.22	47.74	44.05	41.66	28.77	47.01
67.79	50.19	47.78	44.12	41.66	28.78	47.02
67.76	50.17	47.83	44.18	41.66	28.78	47.03
67.73	50.14	47.84	44.22	41.66	28.78	47.03
67.7	50.1	47.84	44.2	41.68	28.78	47.02
67.67	50.06	47.84	44.17	41.71	28.79	47.01
67.64	50.02	47.84	44.15	41.74	28.79	46.99
67.61	50	47.83	44.13	41.75	28.79	46.98
67.57	49.98	47.83	44.11	41.77	28.8	46.97
67.54	49.95	47.83	44.1	41.78	28.8	46.96
67.5	49.93	47.83	44.08	41.8	28.8	46.95
67.47	49.91	47.83	44.06	41.82	28.8	46.94
67.43	49.88	47.83	44.04	41.84	28.81	46.93
67.39	49.84	47.82	44.01	41.87	28.81	46.91
67.36	49.79	47.82	43.98	41.9	28.81	46.89
67.32	49.75	47.82	43.95	41.93	28.82	46.88
67.28	49.72	47.82	43.93	41.95	28.82	46.87
67.24	49.7	47.82	43.91	41.96	28.82	46.86
67.2	49.69	47.82	43.9	41.96	28.83	46.85
67.16	49.84	47.81	43.98	41.96	28.83	46.92
67.13	50.03	47.81	44.05	41.96	28.83	47.02
67.61	50.29	47.81	44.16	41.96	28.83	47.17
68.68	50.6	47.81	44.28	41.96	28.84	47.34
69.72	50.91	47.81	44.4	41.96	28.84	47.51
70.56	51.2	47.84	44.51	41.96	28.84	47.67
71.33	51.48	47.84	44.61	41.96	28.85	47.81
71.9	51.72	47.83	44.7	41.96	28.85	47.92
72.04	51.92	47.88	44.77	41.96	28.85	48
72.01	51.91	48.01	44.85	41.96	28.85	48.04
71.99	51.88	48.02	44.88	41.96	28.86	48.03
71.97	51.85	48.02	44.87	41.97	28.86	48.02
71.94	51.83	48.02	44.85	41.98	28.86	48.01
71.92	51.81	48.01	44.84	41.99	28.87	48
71.89	51.8	48.01	44.83	42	28.87	47.99
71.86	51.78	48.01	44.82	42.01	28.87	47.98
71.84	51.75	48.01	44.81	42.03	28.88	47.97
71.81	51.73	48.01	44.79	42.04	28.88	47.96
71.78	51.69	48.01	44.77	42.07	28.88	47.94
71.75	51.65	48	44.75	42.09	28.88	47.93
71.72	51.61	48	44.73	42.11	28.89	47.91
71.68	51.6	48	44.72	42.11	28.89	47.9
71.65	51.59	48	44.71	42.12	28.89	47.9
71.62	51.59	48	44.71	42.12	28.9	47.89
71.59	51.63	48.17	44.79	42.12	28.9	47.96
71.56	51.86	48.16	44.87	42.12	28.9	48.05
71.61	52.09	48.16	44.95	42.12	28.91	48.15
72.03	52.33	48.16	45.03	42.12	28.91	48.25
72.6	52.6	48.16	45.11	42.11	28.91	48.36
72.99	52.85	48.16	45.19	42.11	28.91	48.47
73	52.92	48.31	45.27	42.12	28.92	48.52
72.97	52.92	48.42	45.34	42.12	28.92	48.56
72.95	52.93	48.52	45.42	42.12	28.92	48.6
72.93	52.92	48.58	45.49	42.12	28.93	48.62
72.91	52.91	48.58	45.56	42.12	28.93	48.63
72.88	52.9	48.58	45.56	42.12	28.93	48.62
72.86	52.89	48.58	45.55	42.12	28.93	48.61
72.83	52.87	48.58	45.54	42.12	28.94	48.61
72.81	52.86	48.58	45.53	42.13	28.94	48.6
72.78	52.85	48.58	45.52	42.13	28.94	48.59
72.76	52.83	48.57	45.51	42.15	28.95	48.58
72.73	52.81	48.57	45.5	42.16	28.95	48.57
72.7	52.78	48.57	45.48	42.17	28.95	48.56
72.67	52.75	48.57	45.47	42.19	28.96	48.55
72.64	52.73	48.57	45.46	42.2	28.96	48.54
72.61	52.72	48.57	45.45	42.2	28.96	48.53
72.59	52.72	48.56	45.44	42.21	28.96	48.53
72.56	52.71	48.56	45.44	42.21	28.97	48.52
72.53	52.83	48.64	45.51	42.21	28.97	48.59
72.57	53.09	48.64	45.59	42.21	28.97	48.69
73.25	53.41	48.64	45.68	42.21	28.98	48.83
73.96	53.78	48.64	45.79	42.21	28.98	48.98
74.72	54.2	48.63	45.9	42.22	28.98	49.15
75.41	54.62	48.63	46.01	42.23	28.98	49.31
75.97	55	48.63	46.11	42.24	28.99	49.46
76.36	55.31	48.63	46.19	42.25	28.99	49.57
76.38	55.44	48.79	46.26	42.25	28.99	49.64
76.36	55.44	48.92	46.32	42.26	29	49.68
76.33	55.42	48.92	46.37	42.27	29	49.68
76.31	55.41	48.92	46.37	42.27	29	49.67
76.28	55.4	48.92	46.36	42.27	29	49.67
76.26	55.4	48.92	46.36	42.27	29.01	49.66
76.23	55.39	48.91	46.35	42.27	29.01	49.66
76.21	55.38	48.91	46.34	42.27	29.01	49.65
76.18	55.37	48.91	46.34	42.26	29.02	49.64
76.15	55.35	48.91	46.33	42.26	29.02	49.63
76.13	55.33	48.91	46.32	42.26	29.02	49.62
76.1	55.31	48.91	46.31	42.26	29.03	49.62
76.07	55.29	48.9	46.3	42.26	29.03	49.61
76.04	55.28	48.9	46.29	42.26	29.03	49.6
76.02	55.26	48.9	46.29	42.27	29.03	49.59
75.99	55.26	48.9	46.28	42.27	29.04	49.59
75.96	55.25	48.9	46.28	42.27	29.04	49.58
75.93	55.24	48.9	46.27	42.28	29.04	49.58
75.91	55.24	48.9	46.27	42.28	29.05	49.57
75.88	55.23	48.89	46.26	42.28	29.05	49.57
75.85	55.23	48.89	46.26	42.28	29.05	49.56
75.83	55.44	48.89	46.31	42.29	29.05	49.64
75.8	55.44	49.11	46.38	42.3	29.06	49.7
75.78	55.45	49.28	46.44	42.31	29.06	49.74
75.76	55.43	49.33	46.51	42.32	29.06	49.76
75.73	55.39	49.32	46.51	42.33	29.07	49.75
75.71	55.34	49.32	46.49	42.32	29.07	49.73
75.68	55.3	49.32	46.47	42.34	29.07	49.72
75.66	55.28	49.32	46.46	42.35	29.07	49.71
75.63	55.26	49.32	46.45	42.36	29.08	49.7
75.6	55.24	49.32	46.45	42.37	29.08	49.7
75.57	55.23	49.31	46.44	42.37	29.08	49.69
75.55	55.21	49.31	46.43	42.38	29.09	49.68
75.52	55.19	49.31	46.42	42.39	29.09	49.67
75.49	55.16	49.31	46.41	42.4	29.09	49.66
75.46	55.12	49.31	46.39	42.43	29.1	49.64
75.43	55.05	49.31	46.36	42.46	29.1	49.62
75.4	54.99	49.3	46.34	42.49	29.1	49.6
75.37	54.94	49.3	46.32	42.51	29.1	49.59
75.34	54.9	49.3	46.3	42.53	29.11	49.57
75.31	54.89	49.36	46.33	42.54	29.11	49.59
75.28	54.89	49.48	46.39	42.54	29.11	49.64
75.25	54.89	49.65	46.46	42.54	29.12	49.69
75.22	55.08	49.73	46.52	42.54	29.12	49.77
75.28	55.43	49.73	46.61	42.55	29.12	49.91
75.53	55.7	49.76	46.67	42.56	29.12	50
75.9	56	49.76	46.75	42.57	29.13	50.11
76.09	56.3	49.76	46.81	42.58	29.13	50.2
76.06	56.34	49.96	46.87	42.59	29.13	50.26
76.04	56.33	50.04	46.93	42.6	29.14	50.29
76.02	56.28	50.05	46.98	42.61	29.14	50.29
76	56.23	50.05	46.97	42.61	29.14	50.27
75.97	56.2	50.04	46.95	42.61	29.14	50.26
75.95	56.18	50.04	46.94	42.61	29.15	50.25
75.92	56.16	50.04	46.93	42.61	29.15	50.24
75.9	56.13	50.04	46.92	42.61	29.15	50.23
75.87	56.11	50.04	46.91	42.61	29.16	50.22
75.85	56.08	50.04	46.9	42.62	29.16	50.21
75.82	56.03	50.03	46.89	42.64	29.16	50.2
75.79	55.97	50.03	46.86	42.67	29.17	50.18
75.76	55.9	50.03	46.84	42.7	29.17	50.15
75.73	55.82	50.03	46.81	42.74	29.17	50.13
75.7	55.76	50.03	46.79	42.77	29.17	50.11
75.67	55.7	50.03	46.77	42.79	29.18	50.09
75.64	55.7	50.15	46.82	42.79	29.18	50.14
75.61	55.71	50.34	46.88	42.8	29.18	50.2
75.58	55.94	50.35	46.94	42.8	29.19	50.28
75.55	56.03	50.45	46.99	42.81	29.19	50.33
75.53	56.04	50.64	47.05	42.81	29.19	50.39
75.5	56.04	50.83	47.11	42.82	29.2	50.45
75.48	56.04	50.99	47.17	42.83	29.2	50.5
75.45	56.04	51.07	47.22	42.84	29.2	50.53
75.42	55.98	51.08	47.27	42.85	29.2	50.53
75.4	55.9	51.07	47.24	42.85	29.21	50.5
75.37	55.84	51.07	47.22	42.85	29.21	50.48
75.34	55.78	51.07	47.2	42.88	29.21	50.46
75.31	55.75	51.07	47.18	42.9	29.22	50.45
75.28	55.71	51.06	47.17	42.91	29.22	50.44
75.25	55.68	51.06	47.16	42.92	29.22	50.43
75.22	55.65	51.06	47.14	42.94	29.23	50.42
75.18	55.62	51.06	47.13	42.95	29.23	50.4
75.15	55.58	51.06	47.11	42.97	29.23	50.39
75.12	55.53	51.05	47.09	43	29.23	50.37
75.09	55.46	51.05	47.07	43.03	29.24	50.35
75.05	55.38	51.05	47.04	43.07	29.24	50.33
75.02	55.31	51.05	47.01	43.09	29.24	50.3
74.98	55.26	51.05	46.99	43.12	29.25	50.29
74.95	55.23	51.04	46.97	43.13	29.25	50.27
74.91	55.31	51.04	47.02	43.13	29.25	50.32
74.88	55.43	51.14	47.09	43.13	29.26	50.39
74.85	55.67	51.17	47.17	43.14	29.26	50.48
74.95	56.03	51.17	47.27	43.14	29.26	50.62
75.03	56.19	51.26	47.35	43.15	29.26	50.7
75.01	56.2	51.35	47.43	43.16	29.27	50.74
74.98	56.18	51.35	47.47	43.17	29.27	50.74
74.96	56.16	51.35	47.46	43.16	29.27	50.73
74.94	56.13	51.35	47.45	43.16	29.28	50.72
74.91	56.11	51.35	47.44	43.16	29.28	50.71
74.89	56.07	51.35	47.42	43.17	29.28	50.7
74.86	56.04	51.35	47.41	43.19	29.29	50.69
74.84	56.01	51.34	47.4	43.2	29.29	50.68
74.81	55.99	51.34	47.39	43.21	29.29	50.67
74.79	55.98	51.34	47.38	43.21	29.3	50.66
74.76	55.96	51.34	47.37	43.22	29.3	50.65
74.73	55.93	51.34	47.36	43.23	29.3	50.64
74.71	55.91	51.33	47.35	43.24	29.3	50.63
74.68	55.87	51.33	47.33	43.26	29.31	50.62
74.65	55.82	51.33	47.31	43.28	29.31	50.6
74.62	55.77	51.33	47.29	43.31	29.31	50.58
74.59	55.73	51.33	47.27	43.33	29.32	50.56
74.56	55.69	51.32	47.26	43.34	29.32	50.55
74.53	55.68	51.32	47.25	43.34	29.32	50.54
74.5	55.68	51.37	47.31	43.35	29.33	50.58
74.47	55.68	51.47	47.4	43.35	29.33	50.62
74.44	55.68	51.52	47.48	43.35	29.33	50.65
74.42	55.69	51.65	47.56	43.36	29.34	50.7
74.39	55.69	51.75	47.65	43.36	29.34	50.75
74.36	55.69	51.78	47.73	43.37	29.34	50.77
74.33	55.69	51.79	47.82	43.39	29.34	50.79
74.3	55.68	51.81	47.91	43.4	29.35	50.81
74.27	55.67	51.81	47.95	43.41	29.35	50.82
74.24	55.65	51.81	47.94	43.4	29.35	50.81
74.22	55.64	51.81	47.93	43.4	29.36	50.8
74.19	55.62	51.81	47.92	43.4	29.36	50.79
74.16	55.6	51.81	47.91	43.4	29.36	50.78
74.13	55.59	51.8	47.9	43.4	29.37	50.77
74.09	55.57	51.8	47.89	43.4	29.37	50.76
74.06	55.55	51.8	47.88	43.4	29.37	50.75
74.03	55.52	51.8	47.86	43.41	29.37	50.74
74	55.49	51.8	47.85	43.43	29.38	50.73
73.97	55.45	51.79	47.83	43.45	29.38	50.72
73.93	55.39	51.79	47.8	43.48	29.38	50.7
73.9	55.34	51.79	47.77	43.51	29.39	50.68
73.87	55.29	51.79	47.75	43.53	29.39	50.66
73.83	55.27	51.79	47.74	43.54	29.39	50.65
73.8	55.27	51.78	47.73	43.54	29.4	50.64
73.76	55.26	51.78	47.72	43.54	29.4	50.64
73.73	55.26	51.78	47.74	43.55	29.4	50.65
73.7	55.26	51.91	47.83	43.55	29.41	50.7
73.66	55.36	52.01	47.92	43.55	29.41	50.77
73.63	55.47	52.1	48.01	43.56	29.41	50.84
73.6	55.48	52.28	48.1	43.57	29.41	50.9
73.57	55.48	52.44	48.19	43.59	29.42	50.97
73.54	55.49	52.52	48.28	43.6	29.42	51.01
73.51	55.49	52.55	48.37	43.62	29.42	51.03
73.48	55.48	52.55	48.46	43.63	29.43	51.04
73.45	55.47	52.55	48.52	43.65	29.43	51.04
73.42	55.46	52.54	48.51	43.65	29.43	51.04
73.39	55.45	52.54	48.5	43.65	29.44	51.03
73.35	55.45	52.54	48.5	43.64	29.44	51.02
73.32	55.44	52.54	48.49	43.64	29.44	51.02
73.29	55.43	52.54	48.49	43.64	29.45	51.01
73.26	55.42	52.53	48.48	43.64	29.45	51.01
73.22	55.41	52.53	48.47	43.64	29.45	51
73.19	55.39	52.53	48.45	43.64	29.45	50.99
73.16	55.37	52.53	48.44	43.63	29.46	50.98
73.12	55.36	52.53	48.43	43.63	29.46	50.97
73.09	55.35	52.52	48.42	43.63	29.46	50.96
73.06	55.35	52.52	48.42	43.63	29.47	50.96
73.02	55.34	52.52	48.41	43.63	29.47	50.95
72.99	55.35	52.61	48.5	43.65	29.47	51.01
72.96	55.58	52.62	48.59	43.67	29.48	51.1
72.93	55.85	52.64	48.7	43.7	29.48	51.21
73.53	56.14	52.7	48.82	43.73	29.48	51.36
74.28	56.52	52.7	48.96	43.77	29.48	51.51
74.97	56.9	52.7	49.1	43.82	29.49	51.67
75.53	57.22	52.7	49.21	43.85	29.49	51.8
75.94	57.5	52.7	49.31	43.89	29.49	51.9
76.01	57.71	52.76	49.4	43.92	29.5	51.98
75.98	57.71	52.86	49.49	43.96	29.5	52.02
75.96	57.69	52.86	49.54	43.98	29.5	52.02
75.94	57.68	52.85	49.53	43.97	29.51	52.02
75.91	57.66	52.85	49.52	43.97	29.51	52.01
75.89	57.65	52.85	49.51	43.97	29.51	52
75.86	57.64	52.85	49.5	43.97	29.52	51.99
75.84	57.62	52.85	49.49	43.96	29.52	51.99
75.81	57.6	52.84	49.48	43.96	29.52	51.98
75.78	57.59	52.84	49.47	43.96	29.52	51.97
75.76	57.56	52.84	49.46	43.95	29.53	51.96
75.73	57.51	52.84	49.43	43.95	29.53	51.94
75.7	57.46	52.84	49.41	43.94	29.53	51.92
75.67	57.42	52.83	49.39	43.94	29.54	51.9
75.64	57.38	52.83	49.36	43.94	29.54	51.89
75.61	57.35	52.83	49.35	43.93	29.54	51.87
75.58	57.35	52.94	49.42	43.96	29.55	51.92
75.55	57.49	53.03	49.51	43.99	29.55	52
75.76	57.81	53.03	49.61	44.04	29.55	52.12
76.29	58.14	53.03	49.72	44.09	29.55	52.26
76.84	58.51	53.03	49.84	44.14	29.56	52.4
77.31	58.85	53.03	49.95	44.19	29.56	52.53
77.74	59.17	53.03	50.05	44.24	29.56	52.65
77.92	59.46	53.02	50.13	44.28	29.57	52.74
77.89	59.48	53.25	50.21	44.32	29.57	52.81
77.87	59.48	53.32	50.29	44.37	29.57	52.84
77.84	59.45	53.32	50.37	44.41	29.58	52.85
77.82	59.43	53.32	50.35	44.4	29.58	52.84
77.79	59.41	53.31	50.35	44.4	29.58	52.83
77.77	59.4	53.31	50.34	44.4	29.58	52.82
77.74	59.39	53.31	50.33	44.4	29.59	52.81
77.71	59.38	53.31	50.33	44.39	29.59	52.81
77.69	59.38	53.31	50.32	44.39	29.59	52.8
77.66	59.37	53.3	50.31	44.39	29.6	52.8
77.63	59.34	53.3	50.3	44.38	29.6	52.79
77.6	59.32	53.3	50.29	44.38	29.6	52.78
77.57	59.31	53.3	50.28	44.38	29.61	52.77
77.54	59.29	53.3	50.27	44.37	29.61	52.76
77.51	59.28	53.29	50.26	44.37	29.61	52.75
77.48	59.27	53.29	50.26	44.37	29.62	52.75
77.45	59.27	53.39	50.31	44.4	29.62	52.79
77.43	59.27	53.59	50.39	44.44	29.62	52.85
77.4	59.46	53.66	50.47	44.49	29.62	52.94
77.72	59.75	53.66	50.55	44.54	29.63	53.05
78.1	60.06	53.66	50.64	44.59	29.63	53.16
78.34	60.36	53.65	50.72	44.64	29.63	53.26
78.62	60.66	53.65	50.8	44.7	29.64	53.37
78.79	60.96	53.65	50.88	44.75	29.64	53.46
78.77	60.98	53.85	50.95	44.8	29.64	53.52
78.74	60.98	53.91	51.02	44.85	29.65	53.56
78.72	60.95	53.91	51.09	44.9	29.65	53.56
78.69	60.94	53.9	51.08	44.9	29.65	53.55
78.66	60.93	53.9	51.08	44.9	29.65	53.55
78.64	60.93	53.9	51.07	44.89	29.66	53.54
78.61	60.92	53.9	51.07	44.89	29.66	53.54
78.58	60.92	53.89	51.07	44.89	29.66	53.54
78.56	60.92	53.89	51.06	44.89	29.67	53.53
78.53	60.92	53.89	51.06	44.89	29.67	53.53
78.5	60.92	53.89	51.06	44.88	29.67	53.52
78.47	60.9	53.89	51.05	44.88	29.67	53.52
78.45	60.88	53.88	51.04	44.88	29.68	53.51
78.42	60.87	53.88	51.03	44.87	29.68	53.5
78.39	60.85	53.88	51.02	44.87	29.68	53.49
78.36	60.84	53.88	51.02	44.86	29.69	53.48
78.34	60.84	54.03	51.09	44.91	29.69	53.54
78.34	61.03	54.13	51.16	44.97	29.69	53.63
78.7	61.36	54.12	51.24	45.03	29.7	53.75
79.03	61.67	54.12	51.32	45.09	29.7	53.86
79.39	62.02	54.12	51.4	45.16	29.7	53.98
79.5	62.28	54.17	51.47	45.22	29.7	54.07
79.48	62.28	54.37	51.55	45.28	29.71	54.14
79.46	62.28	54.5	51.62	45.34	29.71	54.18
79.43	62.28	54.56	51.69	45.39	29.71	54.22
79.41	62.28	54.58	51.75	45.45	29.72	54.24
79.38	62.26	54.57	51.82	45.51	29.72	54.25
79.35	62.24	54.57	51.81	45.5	29.72	54.24
79.33	62.23	54.57	51.8	45.5	29.73	54.23
79.3	62.23	54.57	51.8	45.5	29.73	54.23
79.28	62.22	54.57	51.79	45.5	29.73	54.22
79.25	62.22	54.56	51.79	45.49	29.73	54.22
79.22	62.22	54.56	51.79	45.49	29.74	54.22
79.2	62.22	54.56	51.79	45.49	29.74	54.21
79.17	62.22	54.56	51.78	45.49	29.74	54.21
79.14	62.21	54.56	51.78	45.48	29.75	54.2
79.11	62.18	54.55	51.77	45.48	29.75	54.19
79.08	62.16	54.55	51.76	45.47	29.75	54.18
79.06	62.15	54.55	51.75	45.47	29.75	54.18
79.03	62.13	54.55	51.74	45.46	29.76	54.17
79	62.13	54.59	51.78	45.5	29.76	54.2
78.98	62.13	54.73	51.85	45.56	29.76	54.26
78.95	62.13	54.93	51.92	45.62	29.77	54.32
78.99	62.39	54.96	51.99	45.69	29.77	54.42
79.37	62.75	54.96	52.07	45.76	29.77	54.54
79.51	63.03	55	52.14	45.83	29.78	54.64
79.76	63.35	54.99	52.21	45.9	29.78	54.75
79.79	63.52	55.1	52.28	45.96	29.78	54.83
79.77	63.52	55.22	52.34	46.03	29.78	54.87
79.74	63.51	55.26	52.41	46.09	29.79	54.9
79.72	63.49	55.25	52.47	46.15	29.79	54.91
79.69	63.47	55.25	52.46	46.15	29.79	54.9
79.67	63.46	55.25	52.46	46.14	29.8	54.9
79.64	63.46	55.25	52.45	46.14	29.8	54.89
79.62	63.45	55.25	52.45	46.14	29.8	54.89
79.59	63.45	55.24	52.45	46.14	29.8	54.88
79.56	63.45	55.24	52.44	46.13	29.81	54.88
79.54	63.44	55.24	52.44	46.13	29.81	54.87
79.51	63.43	55.24	52.43	46.13	29.81	54.87
79.48	63.41	55.23	52.43	46.12	29.82	54.86
79.45	63.39	55.23	52.42	46.11	29.82	54.85
79.43	63.37	55.23	52.41	46.11	29.82	54.84
79.4	63.35	55.23	52.4	46.1	29.82	54.83
79.37	63.34	55.23	52.39	46.1	29.83	54.83
79.34	63.33	55.22	52.41	46.11	29.83	54.84
79.32	63.33	55.39	52.48	46.18	29.83	54.9
79.29	63.33	55.55	52.54	46.25	29.84	54.96
79.27	63.33	55.68	52.61	46.32	29.84	55.01
79.24	63.33	55.83	52.68	46.38	29.84	55.07
79.22	63.33	56	52.74	46.45	29.85	55.14
79.19	63.33	56.18	52.8	46.51	29.85	55.2
79.17	63.33	56.38	52.86	46.57	29.85	55.27
79.14	63.33	56.47	52.92	46.63	29.85	55.32
79.12	63.33	56.49	52.97	46.69	29.86	55.34
79.09	63.26	56.49	53.02	46.74	29.86	55.33
79.07	63.2	56.48	53	46.72	29.86	55.32
79.04	63.16	56.48	52.99	46.71	29.87	55.3
79.01	63.12	56.48	52.98	46.7	29.87	55.29
78.99	63.09	56.48	52.96	46.69	29.87	55.28
78.96	63.06	56.47	52.95	46.68	29.87	55.26
78.93	63.02	56.47	52.94	46.67	29.88	55.25
78.9	62.99	56.47	52.93	46.65	29.88	55.24
78.87	62.93	56.47	52.91	46.64	29.88	55.22
78.84	62.86	56.46	52.89	46.62	29.89	55.2
78.82	62.78	56.46	52.86	46.6	29.89	55.17
78.79	62.72	56.46	52.84	46.58	29.89	55.16
78.76	62.69	56.46	52.83	46.57	29.9	55.14
78.73	62.67	56.45	52.82	46.56	29.9	55.13
78.7	62.66	56.45	52.81	46.56	29.9	55.13
78.67	62.65	56.45	52.81	46.55	29.91	55.12
78.64	62.64	56.45	52.8	46.55	29.91	55.12
78.61	62.64	56.48	52.85	46.59	29.91	55.16
78.58	62.64	56.6	52.92	46.66	29.92	55.22
78.55	62.64	56.75	52.99	46.74	29.92	55.28
78.52	62.64	56.83	53.07	46.81	29.92	55.32
78.5	62.64	56.83	53.14	46.88	29.92	55.34
78.47	62.62	56.83	53.21	46.95	29.93	55.35
78.44	62.59	56.82	53.28	47.01	29.93	55.36
78.41	62.55	56.82	53.33	47.06	29.93	55.36
78.38	62.51	56.82	53.32	47.05	29.94	55.35
78.35	62.47	56.82	53.31	47.04	29.94	55.33
78.33	62.45	56.81	53.3	47.03	29.94	55.32
78.3	62.42	56.81	53.28	47.02	29.95	55.31
78.27	62.39	56.81	53.27	47.01	29.95	55.3
78.24	62.36	56.81	53.26	47	29.95	55.29
78.21	62.32	56.81	53.25	46.98	29.96	55.28
78.18	62.27	56.8	53.23	46.97	29.96	55.26
78.14	62.22	56.8	53.21	46.95	29.96	55.24
78.11	62.16	56.8	53.19	46.93	29.96	55.22
78.08	62.14	56.8	53.18	46.92	29.97	55.21
78.05	62.12	56.79	53.17	46.92	29.97	55.2
78.02	62.11	56.79	53.16	46.91	29.97	55.2
77.99	62.12	56.79	53.23	46.98	29.98	55.26
77.96	62.27	56.88	53.31	47.05	29.98	55.34
78.02	62.57	56.92	53.4	47.13	29.98	55.46
78.41	62.89	56.97	53.5	47.23	29.99	55.59
78.89	63.28	56.97	53.61	47.33	29.99	55.74
79.23	63.59	56.96	53.69	47.41	29.99	55.85
79.54	63.88	57.01	53.78	47.49	30	55.96
79.77	64.17	57.01	53.86	47.56	30	56.06
79.76	64.27	57.13	53.93	47.63	30	56.13
79.73	64.27	57.18	54.01	47.7	30.01	56.17
79.71	64.24	57.18	54.06	47.75	30.01	56.17
79.68	64.23	57.18	54.05	47.75	30.01	56.16
79.65	64.22	57.18	54.05	47.74	30.02	56.16
79.63	64.21	57.17	54.04	47.74	30.02	56.15
79.6	64.21	57.17	54.04	47.74	30.02	56.15
79.57	64.2	57.17	54.04	47.73	30.02	56.14
79.55	64.2	57.17	54.03	47.73	30.03	56.14
79.52	64.19	57.17	54.03	47.72	30.03	56.13
79.49	64.18	57.16	54.02	47.72	30.03	56.12
79.46	64.16	57.16	54.02	47.71	30.04	56.12
79.43	64.14	57.16	54.01	47.7	30.04	56.11
79.41	64.12	57.16	54	47.7	30.04	56.1
79.38	64.11	57.16	53.99	47.69	30.05	56.09
79.35	64.09	57.15	53.98	47.68	30.05	56.08
79.32	64.09	57.2	54.04	47.74	30.05	56.13
79.3	64.15	57.34	54.11	47.8	30.06	56.19
79.56	64.45	57.33	54.19	47.88	30.06	56.3
79.95	64.81	57.33	54.29	47.98	30.06	56.43
80.33	65.19	57.33	54.4	48.08	30.07	56.57
80.69	65.57	57.33	54.5	48.18	30.07	56.71
80.97	65.87	57.33	54.58	48.26	30.07	56.82
81.16	66.13	57.33	54.65	48.32	30.08	56.91
81.15	66.22	57.45	54.71	48.39	30.08	56.97
81.12	66.22	57.51	54.77	48.45	30.08	57
81.09	66.15	57.51	54.83	48.5	30.08	57
81.07	66.1	57.51	54.81	48.48	30.09	56.98
81.04	66.06	57.51	54.8	48.47	30.09	56.96
81.01	66.03	57.5	54.78	48.46	30.09	56.95
80.99	66	57.5	54.77	48.45	30.1	56.94
80.96	65.97	57.5	54.76	48.44	30.1	56.93
80.93	65.93	57.5	54.75	48.43	30.1	56.91
80.9	65.89	57.49	54.73	48.41	30.11	56.9
80.88	65.83	57.49	54.71	48.39	30.11	56.88
80.85	65.73	57.49	54.68	48.36	30.11	56.85
80.82	65.62	57.49	54.64	48.33	30.12	56.82
80.79	65.53	57.49	54.61	48.3	30.12	56.79
80.76	65.44	57.48	54.58	48.27	30.12	56.76
80.73	65.36	57.48	54.55	48.25	30.13	56.73
80.7	65.32	57.48	54.56	48.25	30.13	56.73
80.67	65.32	57.51	54.61	48.31	30.13	56.77
80.64	65.32	57.67	54.67	48.37	30.14	56.82
80.61	65.32	57.82	54.72	48.42	30.14	56.87
80.58	65.32	57.94	54.77	48.47	30.14	56.91
80.55	65.32	58	54.82	48.52	30.15	56.94
80.52	65.32	58.04	54.87	48.57	30.15	56.97
80.5	65.38	58.1	54.91	48.61	30.15	57.01
80.47	65.39	58.17	54.95	48.65	30.16	57.04
80.44	65.31	58.16	54.96	48.67	30.16	57.02
80.41	65.19	58.16	54.92	48.63	30.16	56.99
80.38	65.09	58.16	54.89	48.6	30.17	56.95
80.35	65.03	58.16	54.86	48.57	30.17	56.93
80.32	64.97	58.15	54.84	48.56	30.17	56.91
80.29	64.92	58.15	54.82	48.54	30.18	56.89
80.26	64.86	58.15	54.8	48.52	30.18	56.88
80.23	64.81	58.15	54.78	48.5	30.19	56.86
80.19	64.75	58.14	54.76	48.48	30.19	56.83
80.16	64.66	58.14	54.73	48.45	30.19	56.81
80.13	64.54	58.14	54.68	48.41	30.2	56.77
80.09	64.4	58.14	54.63	48.36	30.2	56.73
80.06	64.27	58.13	54.58	48.32	30.2	56.68
80.02	64.15	58.13	54.54	48.28	30.21	56.65
79.99	64.04	58.13	54.5	48.24	30.21	56.61
79.95	64.03	58.13	54.53	48.28	30.21	56.64
79.92	64.04	58.2	54.57	48.31	30.22	56.67
79.88	64.04	58.3	54.61	48.36	30.22	56.71
79.85	64.16	58.35	54.66	48.41	30.23	56.77
79.82	64.34	58.34	54.71	48.46	30.23	56.83
79.79	64.56	58.34	54.78	48.52	30.23	56.9
79.76	64.74	58.34	54.83	48.57	30.24	56.97
79.74	64.91	58.34	54.87	48.61	30.24	57.02
79.71	64.91	58.46	54.91	48.65	30.24	57.06
79.69	64.92	58.5	54.95	48.69	30.25	57.08
79.66	64.86	58.5	54.99	48.72	30.25	57.07
79.64	64.77	58.5	54.95	48.69	30.25	57.04
79.61	64.69	58.49	54.92	48.66	30.26	57.01
79.58	64.63	58.49	54.89	48.64	30.26	56.99
79.56	64.57	58.49	54.87	48.62	30.26	56.97
79.53	64.51	58.49	54.85	48.6	30.27	56.95
79.5	64.45	58.48	54.82	48.58	30.27	56.92
79.47	64.38	58.48	54.8	48.55	30.28	56.9
79.44	64.28	58.48	54.76	48.52	30.28	56.87
79.4	64.15	58.48	54.71	48.48	30.28	56.82
79.37	64.03	58.48	54.66	48.44	30.29	56.78
79.34	63.93	58.47	54.62	48.4	30.29	56.75
79.3	63.85	58.47	54.58	48.37	30.29	56.72
79.27	63.78	58.47	54.56	48.35	30.3	56.69
79.24	63.79	58.46	54.61	48.41	30.3	56.73
79.21	63.93	58.5	54.68	48.47	30.31	56.81
79.18	64.22	58.5	54.77	48.55	30.31	56.92
79.5	64.57	58.5	54.88	48.65	30.31	57.07
79.95	64.94	58.5	55	48.76	30.32	57.21
80.36	65.29	58.5	55.12	48.86	30.32	57.36
80.71	65.61	58.5	55.22	48.95	30.32	57.48
80.93	65.85	58.5	55.3	49.02	30.33	57.57
80.96	65.99	58.56	55.36	49.08	30.33	57.64
80.94	65.99	58.64	55.41	49.13	30.34	57.66
80.91	65.93	58.63	55.45	49.16	30.34	57.65
80.89	65.85	58.63	55.41	49.13	30.34	57.62
80.86	65.78	58.63	55.39	49.11	30.35	57.6
80.84	65.73	58.63	55.37	49.09	30.35	57.58
80.81	65.68	58.63	55.35	49.08	30.35	57.56
80.78	65.63	58.62	55.33	49.06	30.36	57.54
80.76	65.58	58.62	55.31	49.04	30.36	57.52
80.73	65.53	58.62	55.29	49.02	30.37	57.5
80.7	65.46	58.62	55.26	49	30.37	57.47
80.67	65.36	58.61	55.22	48.97	30.37	57.44
80.63	65.25	58.61	55.17	48.93	30.38	57.4
80.6	65.16	58.61	55.14	48.9	30.38	57.37
80.57	65.09	58.61	55.11	48.88	30.38	57.34
80.54	65.02	58.6	55.08	48.86	30.39	57.31
80.5	65.02	58.63	55.13	48.9	30.39	57.35
80.47	65.14	58.73	55.2	48.96	30.4	57.42
80.44	65.42	58.73	55.29	49.05	30.4	57.54
80.67	65.71	58.78	55.4	49.14	30.4	57.67
81.02	66.05	58.78	55.51	49.24	30.41	57.8
81.32	66.35	58.84	55.62	49.33	30.41	57.93
81.6	66.63	58.84	55.71	49.42	30.42	58.04
81.8	66.88	58.84	55.79	49.49	30.42	58.14
81.8	66.98	58.95	55.86	49.55	30.42	58.2
81.78	66.98	59.03	55.92	49.6	30.43	58.24
81.75	66.94	59.02	55.96	49.64	30.43	58.23
81.73	66.89	59.02	55.94	49.62	30.43	58.21
81.7	66.85	59.02	55.92	49.61	30.44	58.19
81.68	66.81	59.02	55.91	49.6	30.44	58.18
81.65	66.78	59.02	55.89	49.58	30.45	58.16
81.62	66.75	59.01	55.88	49.57	30.45	58.15
81.6	66.72	59.01	55.87	49.56	30.45	58.13
81.57	66.68	59.01	55.85	49.55	30.46	58.12
81.54	66.62	59.01	55.83	49.53	30.46	58.1
81.51	66.54	59	55.79	49.5	30.47	58.07
81.48	66.44	59	55.75	49.47	30.47	58.03
81.45	66.36	59	55.72	49.44	30.47	58
81.42	66.29	59	55.69	49.42	30.48	57.97
81.39	66.23	59	55.67	49.4	30.48	57.95
81.36	66.17	58.99	55.64	49.38	30.48	57.93
81.33	66.15	58.99	55.66	49.4	30.49	57.94
81.3	66.15	59.06	55.73	49.46	30.49	57.98
81.27	66.15	59.15	55.8	49.52	30.5	58.01
81.24	66.15	59.31	55.86	49.58	30.5	58.07
81.21	66.15	59.46	55.93	49.64	30.5	58.12
81.18	66.15	59.51	55.99	49.7	30.51	58.15
81.15	66.15	59.56	56.05	49.75	30.51	58.18
81.12	66.15	59.64	56.1	49.79	30.52	58.21
81.09	66.15	59.68	56.15	49.84	30.52	58.23
81.06	66.11	59.68	56.17	49.86	30.52	58.22
81.03	66.05	59.68	56.15	49.84	30.53	58.2
81	66	59.67	56.13	49.82	30.53	58.18
80.97	65.97	59.67	56.11	49.81	30.53	58.16
80.94	65.93	59.67	56.1	49.8	30.54	58.15
80.91	65.9	59.67	56.08	49.78	30.54	58.13
80.88	65.86	59.67	56.06	49.77	30.55	58.12
80.85	65.82	59.66	56.04	49.76	30.55	58.1
80.81	65.76	59.66	56.02	49.73	30.55	58.08
80.78	65.69	59.66	55.98	49.71	30.56	58.05
80.75	65.59	59.66	55.94	49.68	30.56	58.01
80.71	65.52	59.65	55.91	49.65	30.57	57.98
80.68	65.46	59.65	55.88	49.63	30.57	57.96
80.64	65.41	59.65	55.86	49.61	30.57	57.94
80.61	65.34	59.65	55.83	49.59	30.58	57.91
80.57	65.28	59.64	55.8	49.57	30.58	57.89
80.54	65.26	59.64	55.82	49.58	30.59	57.9
80.5	65.26	59.68	55.89	49.64	30.59	57.94
80.47	65.4	59.75	55.97	49.71	30.59	58.02
80.44	65.69	59.74	56.07	49.8	30.6	58.14
80.51	65.94	59.79	56.16	49.88	30.6	58.26
80.56	66.07	59.84	56.23	49.94	30.6	58.32
80.53	66.07	59.9	56.29	49.99	30.61	58.35
80.51	66.07	59.9	56.35	50.04	30.61	58.37
80.49	66	59.9	56.34	50.03	30.62	58.34
80.46	65.94	59.9	56.31	50.01	30.62	58.32
80.44	65.9	59.89	56.29	49.99	30.62	58.3
80.41	65.86	59.89	56.27	49.98	30.63	58.28
80.38	65.82	59.89	56.25	49.96	30.63	58.26
80.36	65.79	59.89	56.23	49.95	30.64	58.25
80.33	65.75	59.89	56.22	49.94	30.64	58.23
80.3	65.71	59.88	56.2	49.92	30.64	58.21
80.27	65.65	59.88	56.17	49.9	30.65	58.19
80.24	65.58	59.88	56.14	49.88	30.65	58.16
80.21	65.5	59.88	56.1	49.85	30.66	58.13
80.18	65.44	59.87	56.07	49.83	30.66	58.1
80.15	65.4	59.87	56.06	49.81	30.66	58.09
80.12	65.38	59.87	56.04	49.8	30.67	58.07
80.09	65.36	59.87	56.03	49.8	30.67	58.06
80.06	65.36	59.87	56.11	49.86	30.67	58.1
80.03	65.36	59.96	56.19	49.93	30.68	58.15
80	65.37	60.11	56.27	50	30.68	58.21
79.97	65.37	60.22	56.35	50.06	30.69	58.26
79.94	65.37	60.37	56.44	50.13	30.69	58.32
79.91	65.45	60.51	56.52	50.2	30.69	58.4
79.89	65.63	60.53	56.6	50.27	30.7	58.47
79.86	65.63	60.59	56.68	50.33	30.7	58.5
79.83	65.63	60.58	56.74	50.39	30.71	58.52
79.8	65.61	60.58	56.81	50.44	30.71	58.52
79.77	65.57	60.58	56.8	50.43	30.71	58.5
79.75	65.54	60.58	56.78	50.42	30.72	58.49
79.72	65.51	60.57	56.77	50.41	30.72	58.47
79.69	65.49	60.57	56.75	50.4	30.73	58.46
79.66	65.46	60.57	56.74	50.38	30.73	58.45
79.63	65.43	60.57	56.72	50.37	30.73	58.43
79.6	65.4	60.56	56.7	50.36	30.74	58.42
79.57	65.35	60.56	56.68	50.34	30.74	58.4
79.54	65.3	60.56	56.65	50.32	30.74	58.37
79.51	65.23	60.56	56.62	50.29	30.75	58.35
79.48	65.2	60.55	56.6	50.28	30.75	58.33
79.45	65.18	60.55	56.59	50.27	30.76	58.32
79.41	65.17	60.55	56.59	50.27	30.76	58.32
79.38	65.17	60.56	56.67	50.34	30.76	58.37
79.36	65.32	60.63	56.76	50.41	30.77	58.45
79.33	65.54	60.62	56.84	50.48	30.77	58.53
79.31	65.57	60.73	56.93	50.55	30.78	58.59
79.28	65.65	60.81	57.02	50.62	30.78	58.65
79.26	65.66	60.85	57.11	50.69	30.78	58.69
79.23	65.65	60.84	57.15	50.72	30.79	58.68
79.21	65.64	60.84	57.14	50.72	30.79	58.68
79.18	65.63	60.84	57.14	50.71	30.8	58.67
79.16	65.61	60.84	57.12	50.7	30.8	58.66
79.13	65.59	60.84	57.11	50.69	30.8	58.65
79.11	65.57	60.83	57.1	50.68	30.81	58.64
79.08	65.54	60.83	57.09	50.67	30.81	58.62
79.05	65.52	60.83	57.07	50.66	30.81	58.61
79.03	65.5	60.83	57.06	50.65	30.82	58.6
79	65.48	60.82	57.05	50.64	30.82	58.59
78.97	65.45	60.82	57.03	50.63	30.83	58.58
78.95	65.42	60.82	57.01	50.61	30.83	58.56
78.92	65.38	60.82	56.99	50.6	30.83	58.54
78.89	65.33	60.81	56.97	50.58	30.84	58.52
78.86	65.3	60.81	56.95	50.56	30.84	58.5
78.83	65.28	60.81	56.94	50.55	30.85	58.49
78.81	65.27	60.81	56.93	50.55	30.85	58.49
78.78	65.26	60.81	56.93	50.55	30.85	58.48
78.75	65.26	60.82	57.01	50.61	30.86	58.54
78.73	65.43	60.87	57.1	50.69	30.86	58.62
78.97	65.72	60.87	57.22	50.78	30.86	58.75
79.41	66.02	60.91	57.35	50.89	30.87	58.89
79.9	66.36	60.91	57.49	51	30.87	59.04
80.33	66.7	60.91	57.62	51.11	30.88	59.19
80.67	66.98	60.96	57.74	51.21	30.88	59.32
80.94	67.23	60.96	57.84	51.29	30.88	59.42
80.98	67.37	61.04	57.92	51.36	30.89	59.5
80.96	67.37	61.1	58	51.43	30.89	59.54
80.93	67.36	61.1	58.07	51.48	30.9	59.54
80.91	67.35	61.1	58.06	51.48	30.9	59.53
80.89	67.34	61.09	58.06	51.47	30.9	59.53
80.87	67.33	61.09	58.05	51.46	30.91	59.52
80.84	67.32	61.09	58.04	51.46	30.91	59.51
80.82	67.3	61.09	58.03	51.45	30.91	59.5
80.8	67.28	61.09	58.02	51.44	30.92	59.49
80.77	67.26	61.08	58.01	51.43	30.92	59.48
80.75	67.23	61.08	57.99	51.42	30.93	59.47
80.72	67.21	61.08	57.98	51.41	30.93	59.45
80.69	67.19	61.08	57.97	51.4	30.93	59.44
80.67	67.18	61.07	57.96	51.39	30.94	59.44
80.64	67.17	61.07	57.95	51.39	30.94	59.43
80.62	67.16	61.07	57.95	51.38	30.94	59.42
80.59	67.16	61.11	58.02	51.44	30.95	59.47
80.57	67.16	61.31	58.1	51.51	30.95	59.53
80.57	67.33	61.37	58.18	51.59	30.96	59.62
80.85	67.58	61.41	58.28	51.68	30.96	59.73
81.17	67.86	61.4	58.38	51.77	30.96	59.85
81.52	68.19	61.4	58.5	51.87	30.97	59.99
81.83	68.49	61.4	58.6	51.97	30.97	60.11
81.89	68.66	61.46	58.68	52.04	30.97	60.19
81.87	68.66	61.52	58.76	52.11	30.98	60.23
81.85	68.66	61.52	58.83	52.18	30.98	60.25
81.83	68.65	61.52	58.9	52.25	30.99	60.25
81.8	68.63	61.52	58.9	52.26	30.99	60.25
81.78	68.62	61.52	58.9	52.25	30.99	60.24
81.75	68.62	61.51	58.89	52.25	31	60.23
81.73	68.61	61.51	58.89	52.24	31	60.23
81.71	68.61	61.51	58.89	52.24	31	60.23
81.68	68.61	61.51	58.88	52.24	31.01	60.22
81.66	68.61	61.5	58.88	52.24	31.01	60.22
81.63	68.61	61.5	58.88	52.23	31.02	60.21
81.61	68.59	61.5	58.87	52.23	31.02	60.21
81.59	68.58	61.5	58.86	52.22	31.02	60.2
81.56	68.56	61.5	58.85	52.21	31.03	60.19
81.54	68.54	61.49	58.84	52.2	31.03	60.18
81.51	68.53	61.49	58.83	52.2	31.03	60.17
81.49	68.52	61.49	58.83	52.19	31.04	60.16
81.47	68.51	61.49	58.82	52.18	31.04	60.16
81.44	68.5	61.48	58.81	52.18	31.05	60.15
81.42	68.49	61.48	58.81	52.17	31.05	60.14
81.39	68.48	61.48	58.8	52.17	31.05	60.14
81.37	68.48	61.48	58.8	52.16	31.06	60.13
81.35	68.47	61.48	58.79	52.16	31.06	60.13
81.32	68.46	61.47	58.78	52.15	31.06	60.12
81.3	68.44	61.47	58.77	52.15	31.07	60.11
81.28	68.43	61.47	58.77	52.14	31.07	60.1
81.25	68.41	61.47	58.76	52.13	31.07	60.09
81.23	68.4	61.47	58.75	52.12	31.08	60.08
81.2	68.39	61.46	58.74	52.12	31.08	60.08
81.18	68.39	61.46	58.74	52.12	31.09	60.07
81.16	68.38	61.46	58.74	52.11	31.09	60.07
81.13	68.38	61.46	58.73	52.11	31.09	60.07
81.11	68.38	61.46	58.73	52.11	31.1	60.06
81.08	68.38	61.45	58.73	52.11	31.1	60.06
81.06	68.38	61.45	58.72	52.1	31.1	60.06
81.03	68.37	61.45	58.72	52.1	31.11	60.05
81.01	68.35	61.45	58.71	52.09	31.11	60.04
80.98	68.34	61.44	58.7	52.08	31.12	60.03
80.96	68.32	61.44	58.69	52.08	31.12	60.02
80.93	68.31	61.44	58.68	52.07	31.12	60.02
80.91	68.3	61.44	58.68	52.06	31.13	60.01
80.88	68.39	61.44	58.72	52.1	31.13	60.05
80.86	68.39	61.43	58.79	52.18	31.13	60.07
80.84	68.38	61.43	58.86	52.25	31.14	60.09
80.82	68.38	61.43	58.89	52.28	31.14	60.09
80.79	68.37	61.43	58.88	52.28	31.14	60.09
80.77	68.36	61.43	58.88	52.27	31.15	60.08
80.75	68.35	61.42	58.87	52.26	31.15	60.07
80.72	68.34	61.42	58.86	52.26	31.16	60.07
80.7	68.32	61.42	58.85	52.25	31.16	60.06
80.67	68.3	61.42	58.84	52.24	31.16	60.05
80.65	68.29	61.42	58.83	52.23	31.17	60.04
80.63	68.28	61.41	58.83	52.23	31.17	60.03
80.6	68.28	61.41	58.82	52.23	31.17	60.03
80.58	68.27	61.41	58.82	52.22	31.18	60.03
80.56	68.27	61.41	58.82	52.22	31.18	60.02
80.53	68.27	61.41	58.81	52.22	31.18	60.02
80.51	68.26	61.4	58.81	52.21	31.19	60.01
80.48	68.25	61.4	58.8	52.21	31.19	60.01
80.46	68.24	61.4	58.79	52.2	31.19	60
80.43	68.22	61.4	58.78	52.19	31.2	59.99
80.41	68.21	61.4	58.78	52.18	31.2	59.98
80.39	68.19	61.39	58.77	52.18	31.21	59.97
80.36	68.18	61.39	58.76	52.17	31.21	59.97
80.34	68.18	61.39	58.83	52.24	31.21	60
80.31	68.18	61.39	58.89	52.32	31.22	60.04
80.29	68.18	61.39	58.96	52.39	31.22	60.06
80.27	68.19	61.38	59.02	52.46	31.22	60.11
80.25	68.19	61.57	59.08	52.54	31.23	60.17
80.22	68.19	61.61	59.15	52.61	31.23	60.2
80.2	68.19	61.64	59.2	52.69	31.23	60.24
80.18	68.19	61.66	59.26	52.76	31.24	60.26
80.16	68.17	61.66	59.32	52.84	31.24	60.27
80.13	68.16	61.65	59.36	52.89	31.25	60.27
80.11	68.14	61.65	59.35	52.88	31.25	60.26
80.09	68.13	61.65	59.34	52.87	31.25	60.25
80.06	68.12	61.65	59.33	52.87	31.26	60.24
80.04	68.11	61.65	59.33	52.86	31.26	60.24
80.02	68.11	61.64	59.32	52.86	31.26	60.23
79.99	68.1	61.64	59.32	52.85	31.27	60.23
79.97	68.08	61.64	59.31	52.84	31.27	60.22
79.94	68.06	61.64	59.3	52.83	31.27	60.21
79.92	68.05	61.64	59.29	52.83	31.28	60.2
79.89	68.03	61.63	59.28	52.82	31.28	60.19
79.87	68.01	61.63	59.27	52.81	31.28	60.18
79.84	68	61.63	59.26	52.8	31.29	60.17
79.82	67.99	61.63	59.26	52.79	31.29	60.16
79.79	67.98	61.63	59.25	52.79	31.3	60.16
79.77	67.98	61.62	59.31	52.87	31.3	60.21
79.77	68.1	61.69	59.36	52.94	31.3	60.29
80.08	68.34	61.68	59.42	53.02	31.31	60.39
80.32	68.56	61.68	59.48	53.1	31.31	60.49
80.6	68.8	61.68	59.53	53.18	31.31	60.58
80.85	69.03	61.68	59.58	53.26	31.32	60.68
81.02	69.25	61.68	59.63	53.34	31.32	60.77
81.15	69.45	61.72	59.68	53.41	31.32	60.85
81.14	69.59	61.79	59.73	53.49	31.33	60.92
81.12	69.59	61.83	59.78	53.56	31.33	60.95
81.09	69.58	61.83	59.82	53.63	31.34	60.96
81.07	69.57	61.83	59.82	53.62	31.34	60.95
81.05	69.56	61.83	59.81	53.62	31.34	60.95
81.02	69.55	61.83	59.81	53.61	31.35	60.94
81	69.55	61.82	59.8	53.61	31.35	60.93
80.98	69.53	61.82	59.8	53.6	31.35	60.93
80.95	69.52	61.82	59.79	53.59	31.36	60.92
80.93	69.5	61.82	59.78	53.58	31.36	60.91
80.9	69.48	61.82	59.77	53.57	31.37	60.9
80.88	69.46	61.81	59.76	53.56	31.37	60.89
80.85	69.44	61.81	59.75	53.56	31.37	60.88
80.82	69.42	61.81	59.75	53.55	31.38	60.87
80.8	69.41	61.81	59.74	53.54	31.38	60.86
80.78	69.4	61.81	59.74	53.54	31.38	60.85
80.75	69.4	61.8	59.79	53.61	31.39	60.9
80.73	69.43	61.98	59.83	53.69	31.39	60.96
81.01	69.68	62.03	59.9	53.79	31.39	61.08
81.39	70.01	62.03	59.97	53.9	31.4	61.22
81.79	70.38	62.03	60.05	54.04	31.4	61.38
82.12	70.7	62.03	60.12	54.15	31.41	61.52
82.33	70.92	62.08	60.18	54.24	31.41	61.62
82.45	71.14	62.09	60.23	54.32	31.41	61.71
82.43	71.15	62.3	60.27	54.39	31.42	61.77
82.41	71.15	62.36	60.32	54.47	31.42	61.81
82.39	71.14	62.35	60.36	54.54	31.42	61.82
82.37	71.13	62.35	60.36	54.53	31.43	61.81
82.34	71.12	62.35	60.35	54.53	31.43	61.8
82.32	71.11	62.35	60.35	54.52	31.44	61.79
82.29	71.1	62.34	60.34	54.52	31.44	61.79
82.27	71.09	62.34	60.34	54.51	31.44	61.78
82.25	71.09	62.34	60.34	54.51	31.45	61.78
82.22	71.08	62.34	60.33	54.5	31.45	61.77
82.2	71.07	62.34	60.33	54.5	31.46	61.76
82.17	71.05	62.33	60.32	54.49	31.46	61.76
82.15	71.03	62.33	60.31	54.48	31.46	61.75
82.12	71.01	62.33	60.3	54.47	31.47	61.74
82.09	71	62.33	60.3	54.46	31.47	61.73
82.07	70.99	62.33	60.29	54.46	31.47	61.72
82.04	70.98	62.32	60.3	54.46	31.48	61.72
82.02	70.98	62.32	60.34	54.54	31.48	61.75
82	70.97	62.32	60.39	54.62	31.49	61.76
81.97	70.97	62.32	60.44	54.7	31.49	61.8
81.95	70.97	62.38	60.48	54.77	31.49	61.85
81.92	70.97	62.43	60.53	54.85	31.5	61.89
81.9	70.97	62.44	60.57	54.93	31.5	61.91
81.88	70.97	62.44	60.61	55	31.5	61.94
81.86	70.97	62.44	60.66	55.08	31.51	61.95
81.84	70.97	62.44	60.7	55.15	31.51	61.96
81.82	70.95	62.43	60.7	55.15	31.52	61.96
81.79	70.93	62.43	60.69	55.14	31.52	61.95
81.77	70.92	62.43	60.69	55.14	31.52	61.94
81.75	70.92	62.43	60.68	55.13	31.53	61.94
81.72	70.91	62.43	60.68	55.13	31.53	61.93
81.7	70.91	62.42	60.67	55.13	31.54	61.93
81.68	70.9	62.42	60.67	55.12	31.54	61.92
81.65	70.89	62.42	60.67	55.11	31.54	61.91
81.63	70.88	62.42	60.66	55.11	31.55	61.91
81.6	70.86	62.42	60.65	55.1	31.55	61.9
81.58	70.84	62.41	60.65	55.09	31.56	61.89
81.55	70.82	62.41	60.64	55.08	31.56	61.88
81.53	70.81	62.41	60.63	55.07	31.56	61.87
81.51	70.8	62.41	60.63	55.07	31.57	61.86
81.48	70.78	62.41	60.62	55.06	31.57	61.85
81.46	70.77	62.4	60.62	55.05	31.57	61.85
81.43	70.76	62.4	60.61	55.05	31.58	61.84
81.41	70.75	62.4	60.61	55.04	31.58	61.83
81.38	70.74	62.4	60.6	55.03	31.59	61.83
81.46	70.83	62.4	60.62	55.06	31.59	61.86
81.46	70.86	62.4	60.66	55.14	31.59	61.92
81.44	70.86	62.47	60.7	55.22	31.6	61.96
81.42	70.86	62.49	60.74	55.29	31.6	61.99
81.4	70.85	62.48	60.77	55.36	31.61	62
81.38	70.83	62.48	60.77	55.35	31.61	61.99
81.35	70.82	62.48	60.76	55.34	31.61	61.98
81.33	70.81	62.48	60.76	55.34	31.62	61.97
81.3	70.8	62.48	60.75	55.33	31.62	61.97
81.28	70.8	62.47	60.75	55.33	31.62	61.96
81.26	70.8	62.47	60.75	55.32	31.63	61.96
81.24	70.8	62.47	60.74	55.32	31.63	61.96
81.22	70.79	62.47	60.74	55.32	31.64	61.95
81.2	70.78	62.47	60.74	55.31	31.64	61.94
81.17	70.76	62.46	60.73	55.3	31.64	61.93
81.15	70.73	62.46	60.72	55.29	31.65	61.92
81.12	70.71	62.46	60.71	55.28	31.65	61.91
81.09	70.69	62.46	60.7	55.27	31.66	61.9
81.07	70.67	62.46	60.7	55.26	31.66	61.89
81.04	70.67	62.47	60.73	55.33	31.66	61.93
81.03	70.7	62.68	60.77	55.4	31.67	62
81.29	70.93	62.68	60.81	55.48	31.67	62.1
81.56	71.17	62.78	60.87	55.59	31.67	62.23
81.93	71.5	62.78	60.93	55.71	31.68	62.37
82.22	71.78	62.78	60.98	55.81	31.68	62.49
82.46	72.02	62.79	61.02	55.9	31.69	62.59
82.52	72.17	62.85	61.06	55.97	31.69	62.67
82.49	72.17	63.05	61.1	56.04	31.69	62.72
82.47	72.17	63.11	61.13	56.1	31.7	62.76
82.45	72.16	63.11	61.16	56.16	31.7	62.76
82.43	72.14	63.1	61.15	56.15	31.71	62.75
82.4	72.12	63.1	61.15	56.14	31.71	62.74
82.38	72.11	63.1	61.14	56.13	31.71	62.74
82.35	72.1	63.1	61.14	56.13	31.72	62.73
82.32	72.09	63.1	61.14	56.12	31.72	62.72
82.3	72.08	63.09	61.13	56.12	31.73	62.72
82.27	72.07	63.09	61.13	56.11	31.73	62.71
82.24	72.05	63.09	61.12	56.1	31.73	62.7
82.22	72.02	63.09	61.11	56.09	31.74	62.69
82.19	72	63.09	61.1	56.08	31.74	62.68
82.16	71.98	63.08	61.1	56.07	31.75	62.67
82.13	71.97	63.08	61.09	56.06	31.75	62.66
82.11	71.96	63.08	61.09	56.05	31.75	62.65
82.08	71.95	63.09	61.12	56.11	31.76	62.69
82.08	71.98	63.28	61.16	56.19	31.76	62.75
82.32	72.23	63.28	61.21	56.27	31.77	62.86
82.62	72.52	63.33	61.28	56.39	31.77	63
82.96	72.87	63.34	61.35	56.51	31.78	63.15
83.25	73.2	63.35	61.42	56.63	31.78	63.3
83.48	73.47	63.37	61.48	56.73	31.78	63.42
83.56	73.67	63.38	61.52	56.8	31.79	63.5
83.54	73.68	63.62	61.56	56.86	31.79	63.56
83.51	73.67	63.68	61.61	56.93	31.8	63.6
83.49	73.67	63.68	61.64	56.98	31.8	63.6
83.47	73.65	63.67	61.63	56.97	31.8	63.59
83.44	73.64	63.67	61.63	56.97	31.81	63.59
83.41	73.62	63.67	61.62	56.96	31.81	63.58
83.39	73.6	63.67	61.62	56.95	31.82	63.57
83.36	73.58	63.67	61.61	56.94	31.82	63.56
83.33	73.56	63.66	61.61	56.93	31.83	63.55
83.31	73.54	63.66	61.6	56.92	31.83	63.53
83.28	73.51	63.66	61.59	56.91	31.83	63.52
83.25	73.49	63.66	61.58	56.9	31.84	63.51
83.23	73.46	63.66	61.58	56.89	31.84	63.5
83.2	73.45	63.65	61.57	56.88	31.85	63.49
83.17	73.43	63.65	61.57	56.87	31.85	63.48
83.15	73.42	63.65	61.56	56.87	31.86	63.47
83.12	73.43	63.71	61.6	56.93	31.86	63.52
83.29	73.64	63.71	61.65	57	31.86	63.62
83.43	73.85	63.71	61.7	57.07	31.87	63.7
83.63	74.08	63.72	61.75	57.16	31.87	63.81
83.63	74.15	63.87	61.8	57.22	31.88	63.88
83.61	74.15	64.1	61.84	57.29	31.88	63.94
83.59	74.14	64.32	61.89	57.36	31.89	64
83.57	74.14	64.54	61.93	57.42	31.89	64.06
83.55	74.14	64.7	61.98	57.48	31.89	64.12
83.53	74.14	64.72	62.02	57.55	31.9	64.14
83.51	74.13	64.72	62.06	57.6	31.9	64.15
83.49	74.12	64.71	62.06	57.59	31.91	64.14
83.47	74.1	64.71	62.05	57.59	31.91	64.13
83.44	74.09	64.71	62.05	57.58	31.92	64.12
83.42	74.07	64.71	62.04	57.57	31.92	64.12
83.39	74.06	64.7	62.04	57.56	31.93	64.11
83.37	74.04	64.7	62.03	57.56	31.93	64.1
83.34	74.02	64.7	62.02	57.55	31.93	64.09
83.32	74	64.7	62.02	57.54	31.94	64.08
83.29	73.98	64.69	62.01	57.53	31.94	64.07
83.26	73.96	64.69	62.01	57.52	31.95	64.06
83.24	73.95	64.69	62	57.51	31.95	64.05
83.21	73.93	64.69	62	57.51	31.96	64.04
83.19	73.92	64.68	61.99	57.5	31.96	64.03
83.17	73.92	64.68	62.04	57.56	31.96	64.08
83.25	74.04	64.79	62.09	57.63	31.97	64.16
83.49	74.3	64.79	62.16	57.72	31.97	64.27
83.69	74.53	64.83	62.23	57.8	31.98	64.39
83.95	74.84	64.84	62.31	57.9	31.98	64.53
84.2	75.16	64.85	62.4	58.01	31.99	64.67
84.4	75.44	64.87	62.48	58.1	31.99	64.8
84.53	75.64	64.89	62.54	58.17	32	64.89
84.51	75.68	65.01	62.6	58.23	32	64.95
84.49	75.68	65.06	62.65	58.28	32	64.98
84.47	75.67	65.06	62.69	58.32	32.01	64.99
84.44	75.65	65.06	62.68	58.31	32.01	64.98
84.42	75.64	65.06	62.68	58.31	32.02	64.97
84.4	75.63	65.05	62.67	58.3	32.02	64.96
84.37	75.61	65.05	62.67	58.29	32.03	64.95
84.35	75.59	65.05	62.66	58.28	32.03	64.94
84.32	75.57	65.05	62.65	58.28	32.04	64.93
84.29	75.55	65.05	62.65	58.27	32.04	64.92
84.27	75.51	65.04	62.64	58.25	32.05	64.9
84.24	75.46	65.04	62.62	58.23	32.05	64.88
84.22	75.4	65.04	62.6	58.21	32.06	64.85
84.19	75.35	65.04	62.59	58.19	32.06	64.82
84.16	75.3	65.04	62.57	58.17	32.06	64.8
84.14	75.26	65.03	62.56	58.16	32.07	64.78
84.11	75.26	65.03	62.61	58.21	32.07	64.82
84.09	75.3	65.19	62.66	58.26	32.08	64.88
84.26	75.54	65.19	62.73	58.34	32.08	64.99
84.46	75.8	65.21	62.81	58.42	32.09	65.11
84.61	76.02	65.26	62.88	58.5	32.09	65.22
84.78	76.26	65.28	62.96	58.58	32.1	65.33
84.89	76.45	65.31	63.02	58.64	32.1	65.42
84.98	76.62	65.34	63.08	58.7	32.11	65.5
84.98	76.73	65.37	63.13	58.75	32.11	65.56
84.96	76.72	65.46	63.17	58.8	32.12	65.6
84.94	76.72	65.46	63.22	58.84	32.12	65.6
84.91	76.69	65.46	63.21	58.83	32.12	65.59
84.89	76.67	65.45	63.2	58.82	32.13	65.58
84.86	76.65	65.45	63.19	58.81	32.13	65.57
84.84	76.63	65.45	63.19	58.8	32.14	65.56
84.81	76.61	65.45	63.18	58.79	32.14	65.55
84.79	76.6	65.45	63.17	58.79	32.15	65.54
84.77	76.58	65.45	63.17	58.78	32.15	65.53
84.74	76.56	65.45	63.16	58.77	32.16	65.52
84.72	76.53	65.45	63.15	58.76	32.16	65.5
84.69	76.5	65.45	63.14	58.75	32.17	65.48
84.66	76.47	65.45	63.13	58.74	32.17	65.47
84.64	76.45	65.44	63.12	58.73	32.18	65.46
84.61	76.44	65.44	63.12	58.72	32.18	65.45
84.59	76.44	65.48	63.17	58.78	32.19	65.5
84.62	76.5	65.69	63.23	58.83	32.19	65.57
84.79	76.73	65.72	63.3	58.91	32.19	65.68
84.98	77	65.76	63.39	58.99	32.2	65.81
85	77.06	65.77	63.4	59.01	32.2	65.84
84.98	77.05	65.76	63.4	59.01	32.21	65.83
84.96	77.03	65.76	63.39	59	32.21	65.82
84.94	77	65.76	63.38	58.99	32.22	65.81
84.92	76.97	65.76	63.37	58.97	32.22	65.79
84.89	76.93	65.76	63.36	58.96	32.23	65.77
84.87	76.89	65.76	63.34	58.94	32.23	65.75
84.85	76.85	65.75	63.33	58.93	32.24	65.73
84.82	76.83	65.75	63.32	58.92	32.24	65.72
84.8	76.81	65.75	63.32	58.91	32.25	65.7
84.77	76.79	65.75	63.31	58.9	32.25	65.69
84.74	76.77	65.75	63.3	58.89	32.26	65.68
84.72	76.75	65.75	63.29	58.88	32.26	65.67
84.69	76.73	65.74	63.29	58.88	32.26	65.66
84.67	76.7	65.74	63.28	58.86	32.27	65.64
84.64	76.66	65.74	63.26	58.85	32.27	65.62
84.61	76.62	65.74	63.25	58.83	32.28	65.6
84.59	76.58	65.74	63.24	58.82	32.28	65.58
84.56	76.56	65.73	63.23	58.81	32.29	65.57
84.53	76.54	65.73	63.22	58.8	32.29	65.56
84.51	76.53	65.73	63.22	58.8	32.3	65.56
84.48	76.52	65.73	63.21	58.79	32.3	65.55
84.46	76.51	65.73	63.21	58.79	32.3	65.54
84.43	76.5	65.73	63.21	58.78	32.31	65.54
84.41	76.5	65.73	63.2	58.78	32.31	65.53
84.39	76.49	65.73	63.2	58.77	32.32	65.52
84.37	76.48	65.72	63.19	58.77	32.32	65.52
84.35	76.46	65.72	63.19	58.76	32.33	65.51
84.33	76.45	65.72	63.18	58.76	32.33	65.5
84.31	76.43	65.72	63.18	58.75	32.33	65.49
84.28	76.41	65.72	63.17	58.74	32.34	65.48
84.26	76.39	65.72	63.16	58.73	32.34	65.47
84.24	76.38	65.72	63.16	58.72	32.35	65.46
84.22	76.36	65.71	63.15	58.72	32.35	65.45
84.19	76.35	65.71	63.14	58.71	32.36	65.44
84.17	76.34	65.71	63.14	58.7	32.36	65.43
84.15	76.32	65.71	63.13	58.7	32.36	65.43
84.13	76.31	65.71	63.13	58.69	32.37	65.42
84.11	76.28	65.71	63.12	58.68	32.37	65.4
84.08	76.25	65.7	63.11	58.67	32.38	65.39
84.06	76.22	65.7	63.1	58.66	32.38	65.37
84.03	76.19	65.7	63.09	58.65	32.38	65.36
84.01	76.18	65.7	63.08	58.64	32.39	65.35
83.99	76.17	65.7	63.08	58.63	32.39	65.34
83.97	76.15	65.7	63.07	58.63	32.4	65.33
83.95	76.14	65.7	63.07	58.62	32.4	65.33
83.93	76.13	65.69	63.06	58.62	32.41	65.32
83.91	76.13	65.69	63.06	58.61	32.41	65.31
83.89	76.12	65.69	63.06	58.61	32.41	65.31
83.87	76.11	65.69	63.05	58.6	32.42	65.3
83.85	76.1	65.69	63.05	58.6	32.42	65.3
83.83	76.09	65.69	63.04	58.59	32.43	65.29
83.81	76.07	65.69	63.04	58.59	32.43	65.28
83.79	76.06	65.69	63.03	58.58	32.43	65.27
83.77	76.04	65.68	63.03	58.57	32.44	65.26
83.75	76.02	65.68	63.02	58.56	32.44	65.25
83.72	76.01	65.68	63.01	58.56	32.45	65.24
83.71	76	65.68	63.01	58.55	32.45	65.23
83.69	75.99	65.68	63	58.55	32.45	65.23
83.67	75.98	65.68	63	58.54	32.46	65.22
83.65	75.96	65.68	62.99	58.53	32.46	65.21
83.62	75.95	65.67	62.99	58.53	32.47	65.2
83.6	75.92	65.67	62.98	58.52	32.47	65.19
83.58	75.9	65.67	62.97	58.51	32.47	65.18
83.55	75.88	65.67	62.97	58.5	32.48	65.17
83.53	75.87	65.67	62.96	58.49	32.48	65.16
83.51	75.85	65.66	62.95	58.49	32.48	65.15
83.49	75.84	65.66	62.95	58.48	32.49	65.14
83.47	75.83	65.66	62.95	58.48	32.49	65.14
83.45	75.82	65.66	62.94	58.47	32.5	65.13
83.43	75.81	65.66	62.94	58.47	32.5	65.12
83.42	75.8	65.66	62.93	58.46	32.5	65.12
83.4	75.8	65.66	62.93	58.46	32.51	65.11
83.38	75.79	65.66	62.93	58.45	32.51	65.11
83.36	75.78	65.65	62.92	58.45	32.52	65.1
83.34	75.77	65.65	62.92	58.44	32.52	65.09
83.32	75.75	65.65	62.91	58.44	32.52	65.08
83.3	75.74	65.65	62.91	58.43	32.53	65.08
83.28	75.72	65.65	62.9	58.42	32.53	65.07
83.26	75.71	65.65	62.89	58.42	32.53	65.06
83.24	75.7	65.65	62.89	58.41	32.54	65.05
83.22	75.69	65.64	62.89	58.41	32.54	65.05
83.21	75.68	65.64	62.88	58.4	32.55	65.04
83.19	75.67	65.64	62.88	58.4	32.55	65.03
83.17	75.66	65.64	62.87	58.39	32.55	65.03
83.15	75.65	65.64	62.87	58.38	32.56	65.02
83.13	75.63	65.64	62.86	58.38	32.56	65.01
83.1	75.61	65.64	62.85	58.37	32.56	65
83.08	75.58	65.63	62.84	58.36	32.57	64.98
83.06	75.57	65.63	62.84	58.35	32.57	64.97
83.04	75.55	65.63	62.83	58.34	32.57	64.97
83.02	75.54	65.63	62.83	58.34	32.58	64.96
83	75.53	65.63	62.82	58.33	32.58	64.95
82.99	75.52	65.63	62.82	58.33	32.59	64.95
82.97	75.51	65.62	62.82	58.32	32.59	64.94
82.95	75.5	65.62	62.81	58.32	32.59	64.93
82.93	75.5	65.62	62.81	58.31	32.6	64.93
82.91	75.49	65.62	62.81	58.31	32.6	64.92
82.9	75.48	65.62	62.8	58.3	32.6	64.92
82.88	75.46	65.62	62.79	58.3	32.61	64.91
82.86	75.43	65.61	62.78	58.29	32.61	64.89
82.83	75.39	65.61	62.77	58.27	32.61	64.87
82.81	75.33	65.61	62.75	58.25	32.62	64.84
82.79	75.28	65.6	62.74	58.23	32.62	64.82
82.76	75.25	65.6	62.72	58.21	32.62	64.8
82.74	75.22	65.6	62.71	58.2	32.63	64.79
82.72	75.19	65.59	62.7	58.19	32.63	64.77
82.69	75.16	65.59	62.69	58.17	32.64	64.76
82.67	75.13	65.59	62.68	58.16	32.64	64.74
82.64	75.09	65.58	62.67	58.15	32.64	64.73
82.62	75.05	65.58	62.65	58.13	32.65	64.7
82.59	74.98	65.57	62.63	58.1	32.65	64.67
82.57	74.91	65.57	62.61	58.07	32.65	64.64
82.54	74.85	65.56	62.59	58.05	32.66	64.61
82.52	74.8	65.56	62.57	58.03	32.66	64.59
82.49	74.75	65.55	62.56	58.01	32.66	64.57
82.47	74.71	65.55	62.54	57.99	32.67	64.55
82.44	74.69	65.55	62.53	57.98	32.67	64.53
82.42	74.66	65.54	62.52	57.97	32.67	64.52
82.4	74.63	65.54	62.51	57.96	32.68	64.51
82.38	74.6	65.54	62.5	57.94	32.68	64.49
82.35	74.56	65.53	62.49	57.93	32.68	64.47
82.33	74.51	65.53	62.47	57.91	32.69	64.45
82.31	74.47	65.52	62.46	57.89	32.69	64.43
82.29	74.41	65.52	62.44	57.86	32.69	64.4
82.27	74.35	65.51	62.42	57.84	32.7	64.37
82.24	74.29	65.51	62.4	57.81	32.7	64.34
82.22	74.24	65.5	62.38	57.79	32.71	64.32
82.2	74.21	65.5	62.37	57.78	32.71	64.3
82.17	74.18	65.49	62.36	57.76	32.71	64.29
82.15	74.15	65.49	62.35	57.75	32.72	64.27
82.13	74.11	65.48	62.34	57.74	32.72	64.26
82.1	74.08	65.48	62.32	57.72	32.72	64.24
82.08	74.04	65.48	62.31	57.7	32.73	64.22
82.05	73.99	65.47	62.29	57.68	32.73	64.2
82.03	73.93	65.46	62.27	57.66	32.73	64.17
82.01	73.87	65.46	62.25	57.63	32.74	64.14
81.98	73.83	65.45	62.24	57.61	32.74	64.12
81.96	73.81	65.45	62.23	57.6	32.74	64.11
81.93	73.79	65.44	62.22	57.59	32.75	64.1
81.91	73.78	65.44	62.22	57.59	32.75	64.09
81.89	73.76	65.44	62.21	57.58	32.75	64.08
81.86	73.75	65.44	62.21	57.57	32.76	64.07
81.84	73.74	65.43	62.2	57.57	32.76	64.07
81.82	73.73	65.43	62.2	57.56	32.76	64.06
81.8	73.73	65.43	62.2	57.56	32.77	64.06
81.77	73.72	65.43	62.19	57.55	32.77	64.05
81.75	73.71	65.43	62.19	57.55	32.77	64.05
81.73	73.7	65.42	62.18	57.54	32.78	64.04
81.71	73.68	65.42	62.17	57.53	32.78	64.03
81.69	73.65	65.42	62.17	57.52	32.78	64.01
81.66	73.63	65.41	62.16	57.51	32.79	64
81.64	73.62	65.41	62.15	57.5	32.79	64
81.62	73.61	65.41	62.15	57.5	32.79	63.99
81.6	73.6	65.41	62.14	57.49	32.8	63.98
81.57	73.58	65.4	62.14	57.48	32.8	63.97
81.55	73.57	65.4	62.13	57.47	32.8	63.96
81.53	73.55	65.4	62.12	57.47	32.81	63.95
81.5	73.52	65.39	62.11	57.45	32.81	63.94
81.48	73.48	65.39	62.1	57.43	32.81	63.92
81.45	73.43	65.38	62.08	57.41	32.82	63.89
81.43	73.4	65.38	62.07	57.39	32.82	63.88
81.4	73.37	65.37	62.06	57.38	32.82	63.86
81.38	73.36	65.37	62.06	57.38	32.83	63.86
81.36	73.36	65.37	62.12	57.45	32.83	63.91
81.45	73.52	65.39	62.17	57.52	32.83	64
81.76	73.73	65.43	62.24	57.6	32.84	64.12
82.11	73.98	65.47	62.32	57.69	32.84	64.25
82.46	74.26	65.53	62.42	57.79	32.84	64.4
82.78	74.51	65.59	62.5	57.89	32.85	64.53
83.01	74.71	65.64	62.57	57.96	32.85	64.64
83.2	74.89	65.68	62.64	58.03	32.85	64.74
83.2	74.98	65.71	62.69	58.09	32.86	64.8
83.18	74.98	65.71	62.74	58.15	32.86	64.83
83.16	74.97	65.7	62.8	58.2	32.87	64.84
83.14	74.96	65.7	62.79	58.2	32.87	64.83
83.11	74.95	65.7	62.79	58.19	32.87	64.82
83.09	74.94	65.7	62.78	58.18	32.88	64.81
83.07	74.93	65.69	62.78	58.18	32.88	64.81
83.04	74.92	65.69	62.78	58.18	32.88	64.8
83.02	74.91	65.69	62.77	58.17	32.89	64.8
83	74.91	65.69	62.77	58.17	32.89	64.79
82.98	74.9	65.69	62.76	58.16	32.89	64.79
82.95	74.87	65.68	62.76	58.15	32.9	64.77
82.93	74.84	65.68	62.74	58.14	32.9	64.75
82.9	74.81	65.67	62.73	58.12	32.91	64.74
82.88	74.8	65.67	62.73	58.12	32.91	64.73
82.85	74.79	65.67	62.72	58.11	32.91	64.72
82.83	74.78	65.66	62.74	58.13	32.92	64.74
82.89	74.86	65.69	62.8	58.19	32.92	64.82
83.11	75.05	65.74	62.87	58.26	32.92	64.92
83.39	75.3	65.82	62.96	58.36	32.93	65.06
83.65	75.54	65.9	63.04	58.44	32.93	65.19
83.9	75.78	65.99	63.13	58.53	32.94	65.32
84.09	75.98	66.06	63.2	58.61	32.94	65.43
84.23	76.14	66.13	63.26	58.67	32.94	65.52
84.22	76.21	66.16	63.32	58.73	32.95	65.58
84.2	76.21	66.16	63.37	58.78	32.95	65.61
84.18	76.2	66.16	63.42	58.83	32.96	65.62
84.16	76.19	66.15	63.41	58.82	32.96	65.62
84.13	76.18	66.15	63.41	58.82	32.96	65.61
84.11	76.17	66.15	63.4	58.81	32.97	65.6
84.09	76.17	66.15	63.4	58.81	32.97	65.6
84.07	76.17	66.15	63.4	58.81	32.98	65.6
84.05	76.16	66.15	63.4	58.81	32.98	65.59
84.03	76.16	66.15	63.39	58.8	32.98	65.59
84.01	76.15	66.15	63.39	58.8	32.99	65.58
83.99	76.14	66.14	63.39	58.79	32.99	65.58
83.96	76.13	66.14	63.38	58.79	33	65.57
83.94	76.11	66.14	63.37	58.78	33	65.56
83.92	76.1	66.13	63.37	58.77	33	65.55
83.89	76.09	66.13	63.36	58.77	33.01	65.54
83.87	76.08	66.13	63.36	58.76	33.01	65.53
83.85	76.07	66.13	63.35	58.76	33.01	65.53
83.83	76.06	66.13	63.35	58.75	33.02	65.52
83.81	76.05	66.13	63.35	58.75	33.02	65.51
83.89	76.17	66.17	63.4	58.8	33.03	65.59
83.87	76.17	66.17	63.44	58.85	33.03	65.6
83.85	76.15	66.17	63.44	58.84	33.03	65.59
83.83	76.15	66.17	63.47	58.88	33.04	65.63
83.81	76.15	66.17	63.53	58.94	33.04	65.66
83.79	76.15	66.17	63.58	58.99	33.05	65.67
83.77	76.14	66.17	63.61	59.03	33.05	65.67
83.75	76.13	66.17	63.61	59.02	33.05	65.67
83.73	76.12	66.17	63.6	59.02	33.06	65.66
83.71	76.11	66.17	63.6	59.01	33.06	65.65
83.69	76.11	66.17	63.6	59.01	33.07	65.65
83.67	76.1	66.17	63.59	59.01	33.07	65.65
83.66	76.1	66.16	63.59	59	33.07	65.64
83.64	76.09	66.16	63.59	59	33.08	65.64
83.61	76.08	66.16	63.58	58.99	33.08	65.63
83.59	76.06	66.16	63.57	58.98	33.09	65.62
83.57	76.05	66.16	63.57	58.98	33.09	65.61
83.54	76.03	66.15	63.56	58.97	33.09	65.6
83.52	76.02	66.15	63.55	58.96	33.1	65.59
83.5	76.01	66.15	63.55	58.96	33.1	65.58
83.48	76.01	66.15	63.6	59.01	33.11	65.61
83.47	76	66.15	63.65	59.06	33.11	65.66
83.45	76	66.15	63.7	59.12	33.11	65.69
83.43	76	66.15	63.75	59.18	33.12	65.74
83.51	76.09	66.19	63.8	59.23	33.12	65.81
83.69	76.26	66.27	63.85	59.29	33.13	65.9
83.76	76.39	66.32	63.9	59.35	33.13	65.98
83.74	76.38	66.32	63.95	59.4	33.13	66.01
83.72	76.38	66.37	64	59.46	33.14	66.05
83.71	76.38	66.4	64.04	59.51	33.14	66.07
83.69	76.37	66.4	64.06	59.53	33.15	66.07
83.66	76.35	66.4	64.05	59.52	33.15	66.06
83.64	76.32	66.4	64.04	59.51	33.16	66.04
83.62	76.31	66.4	64.04	59.5	33.16	66.03
83.59	76.29	66.4	64.03	59.49	33.16	66.02
83.57	76.27	66.4	64.02	59.48	33.17	66.01
83.54	76.24	66.4	64.01	59.47	33.17	66
83.52	76.22	66.4	64	59.46	33.18	65.98
83.49	76.18	66.41	63.99	59.45	33.18	65.96
83.47	76.13	66.41	63.97	59.43	33.19	65.93
83.44	76.08	66.41	63.95	59.4	33.19	65.9
83.42	76.04	66.41	63.93	59.39	33.19	65.88
83.39	76.02	66.41	63.92	59.38	33.2	65.87
83.36	76	66.41	63.92	59.37	33.2	65.86
83.34	75.99	66.41	63.92	59.37	33.21	65.85
83.31	75.99	66.41	63.97	59.43	33.21	65.89
83.29	75.98	66.43	64.02	59.48	33.21	65.93
83.36	76.08	66.58	64.07	59.54	33.22	66.01
83.38	76.16	66.66	64.12	59.59	33.22	66.08
83.36	76.16	66.79	64.17	59.65	33.23	66.12
83.35	76.15	66.95	64.22	59.7	33.23	66.17
83.33	76.15	66.98	64.27	59.76	33.23	66.2
83.31	76.14	66.98	64.29	59.78	33.24	66.2
83.28	76.12	66.98	64.28	59.77	33.24	66.18
83.26	76.09	66.98	64.27	59.75	33.25	66.17
83.23	76.07	66.98	64.26	59.74	33.25	66.15
83.21	76.04	66.98	64.25	59.73	33.26	66.14
83.18	76.02	66.97	64.24	59.72	33.26	66.13
83.16	76	66.97	64.24	59.71	33.26	66.11
83.14	75.99	66.97	64.23	59.71	33.27	66.1
83.11	75.97	66.97	64.22	59.7	33.27	66.09
83.09	75.94	66.97	64.21	59.69	33.28	66.08
83.06	75.91	66.97	64.2	59.67	33.28	66.06
83.04	75.87	66.97	64.18	59.65	33.28	66.04
83.01	75.83	66.97	64.17	59.64	33.29	66.02
82.98	75.81	66.96	64.16	59.63	33.29	66
82.96	75.79	66.96	64.15	59.62	33.3	65.99
82.93	75.78	66.96	64.15	59.61	33.3	65.98
82.91	75.78	66.96	64.18	59.65	33.31	66.01
82.92	75.82	67.07	64.24	59.71	33.31	66.08
83.15	76	67.09	64.3	59.78	33.31	66.18
83.36	76.18	67.11	64.37	59.84	33.32	66.27
83.54	76.34	67.15	64.43	59.91	33.32	66.37
83.72	76.51	67.2	64.51	59.98	33.33	66.47
83.92	76.7	67.25	64.58	60.05	33.33	66.57
84.09	76.87	67.29	64.65	60.11	33.33	66.67
84.19	77.01	67.33	64.71	60.17	33.34	66.74
84.17	77.01	67.33	64.76	60.22	33.34	66.78
84.15	77	67.33	64.81	60.26	33.35	66.79
84.12	76.98	67.33	64.8	60.25	33.35	66.77
84.1	76.96	67.33	64.79	60.24	33.36	66.76
84.07	76.95	67.33	64.78	60.23	33.36	66.75
84.05	76.93	67.33	64.77	60.23	33.37	66.74
84.02	76.91	67.33	64.77	60.22	33.37	66.73
84	76.89	67.33	64.76	60.21	33.37	66.72
83.97	76.87	67.33	64.75	60.2	33.38	66.7
83.94	76.84	67.33	64.74	60.19	33.38	66.68
83.92	76.8	67.33	64.72	60.17	33.39	66.66
83.89	76.76	67.33	64.71	60.15	33.39	66.64
83.86	76.73	67.33	64.69	60.14	33.4	66.62
83.84	76.71	67.33	64.68	60.13	33.4	66.61
83.81	76.7	67.33	64.68	60.12	33.4	66.6
83.78	76.7	67.33	64.73	60.17	33.41	66.64
83.91	76.85	67.37	64.79	60.23	33.41	66.73
84.15	77.08	67.45	64.89	60.32	33.42	66.85
84.36	77.3	67.53	64.98	60.4	33.42	66.98
84.57	77.52	67.62	65.07	60.49	33.43	67.1
84.74	77.71	67.7	65.15	60.56	33.43	67.21
84.8	77.84	67.76	65.21	60.61	33.43	67.27
84.78	77.84	67.77	65.25	60.66	33.44	67.32
84.76	77.83	67.77	65.3	60.7	33.44	67.34
84.74	77.83	67.77	65.35	60.74	33.45	67.35
84.72	77.82	67.77	65.38	60.77	33.45	67.35
84.7	77.79	67.77	65.36	60.76	33.46	67.33
84.67	77.77	67.77	65.35	60.75	33.46	67.32
84.65	77.75	67.77	65.35	60.74	33.47	67.31
84.62	77.74	67.76	65.34	60.73	33.47	67.3
84.6	77.72	67.76	65.33	60.73	33.48	67.29
84.57	77.71	67.76	65.32	60.72	33.48	67.28
84.55	77.69	67.76	65.32	60.71	33.48	67.27
84.52	77.67	67.76	65.31	60.7	33.49	67.25
84.5	77.65	67.76	65.3	60.69	33.49	67.24
84.47	77.63	67.76	65.29	60.68	33.5	67.22
84.44	77.61	67.76	65.28	60.67	33.5	67.21
84.42	77.6	67.76	65.27	60.67	33.51	67.21
84.4	77.59	67.76	65.27	60.66	33.51	67.2
84.38	77.59	67.76	65.32	60.71	33.52	67.23
84.43	77.66	67.79	65.38	60.77	33.52	67.31
84.62	77.86	67.9	65.47	60.86	33.52	67.44
84.87	78.13	68.04	65.58	60.96	33.53	67.59
85.02	78.31	68.13	65.65	61.03	33.53	67.7
85	78.3	68.13	65.65	61.03	33.54	67.69
84.98	78.3	68.13	65.64	61.03	33.54	67.68
84.96	78.29	68.13	65.64	61.02	33.55	67.68
84.94	78.27	68.13	65.63	61.01	33.55	67.67
84.92	78.26	68.13	65.62	61.01	33.56	67.66
84.9	78.25	68.13	65.62	61	33.56	67.65
84.88	78.24	68.13	65.61	60.99	33.57	67.64
84.86	78.23	68.13	65.61	60.99	33.57	67.63
84.84	78.23	68.13	65.61	60.99	33.57	67.63
84.82	78.22	68.13	65.6	60.98	33.58	67.62
84.8	78.22	68.13	65.6	60.98	33.58	67.62
84.79	78.21	68.13	65.6	60.98	33.59	67.62
84.77	78.21	68.13	65.59	60.98	33.59	67.61
84.75	78.21	68.13	65.59	60.97	33.6	67.61
84.73	78.2	68.13	65.59	60.97	33.6	67.6
84.71	78.18	68.13	65.58	60.96	33.61	67.59
84.69	78.17	68.13	65.57	60.95	33.61	67.58
84.67	78.16	68.13	65.57	60.95	33.61	67.57
84.65	78.15	68.13	65.56	60.94	33.62	67.57
84.63	78.14	68.13	65.56	60.94	33.62	67.56
84.61	78.13	68.13	65.55	60.93	33.63	67.55
84.59	78.13	68.13	65.55	60.93	33.63	67.55
84.57	78.12	68.13	65.55	60.92	33.64	67.54
84.55	78.11	68.13	65.54	60.92	33.64	67.53
84.53	78.1	68.13	65.54	60.92	33.64	67.53
84.52	78.1	68.12	65.53	60.91	33.65	67.52
84.5	78.09	68.12	65.53	60.91	33.65	67.51
84.48	78.07	68.12	65.52	60.9	33.66	67.51
84.46	78.06	68.12	65.52	60.89	33.66	67.5
84.44	78.05	68.12	65.51	60.89	33.67	67.49
84.42	78.04	68.12	65.51	60.88	33.67	67.48
84.4	78.03	68.12	65.5	60.88	33.67	67.47
84.39	78.03	68.12	65.5	60.87	33.68	67.47
84.37	78.02	68.12	65.5	60.87	33.68	67.47
84.35	78.02	68.12	65.49	60.87	33.69	67.46
84.34	78.01	68.12	65.49	60.87	33.69	67.46
84.32	78	68.12	65.48	60.86	33.69	67.45
84.3	77.99	68.12	65.48	60.86	33.7	67.44
84.28	77.98	68.12	65.47	60.85	33.7	67.43
84.26	77.97	68.12	65.47	60.84	33.71	67.42
84.24	77.96	68.11	65.46	60.84	33.71	67.42
84.22	77.95	68.11	65.46	60.83	33.71	67.41
84.2	77.94	68.11	65.45	60.83	33.72	67.4
84.18	77.93	68.11	65.45	60.82	33.72	67.39
84.17	77.92	68.11	65.44	60.82	33.73	67.39
84.15	77.91	68.11	65.44	60.81	33.73	67.38
84.13	77.9	68.11	65.43	60.81	33.73	67.37
84.11	77.9	68.11	65.43	60.8	33.74	67.37
84.1	77.89	68.11	65.43	60.8	33.74	67.36
84.08	77.88	68.11	65.42	60.8	33.75	67.36
84.06	77.87	68.11	65.42	60.79	33.75	67.35
84.04	77.86	68.11	65.41	60.78	33.75	67.34
84.03	77.85	68.1	65.41	60.78	33.76	67.33
84.01	77.84	68.1	65.4	60.77	33.76	67.32
83.99	77.83	68.1	65.39	60.77	33.77	67.32
83.97	77.82	68.1	65.39	60.76	33.77	67.31
83.96	77.81	68.1	65.39	60.76	33.77	67.31
83.94	77.81	68.1	65.38	60.76	33.78	67.3
83.93	77.81	68.1	65.38	60.75	33.78	67.3
83.91	77.8	68.1	65.38	60.75	33.78	67.29
83.89	77.8	68.1	65.38	60.75	33.79	67.29
83.88	77.8	68.1	65.37	60.75	33.79	67.29
83.86	77.79	68.1	65.37	60.74	33.8	67.28
83.84	77.78	68.1	65.36	60.73	33.8	67.27
83.82	77.76	68.1	65.36	60.73	33.8	67.26
83.8	77.75	68.1	65.35	60.72	33.81	67.25
83.78	77.74	68.09	65.35	60.72	33.81	67.25
83.77	77.74	68.09	65.34	60.71	33.81	67.24
83.75	77.73	68.09	65.34	60.71	33.82	67.23
83.73	77.72	68.09	65.33	60.7	33.82	67.23
83.72	77.71	68.09	65.33	60.7	33.83	67.22
83.7	77.71	68.09	65.33	60.7	33.83	67.22
83.68	77.7	68.09	65.32	60.69	33.83	67.21
83.66	77.69	68.09	65.32	60.69	33.84	67.2
83.65	77.68	68.09	65.31	60.68	33.84	67.2
83.63	77.67	68.09	65.31	60.68	33.84	67.19
83.61	77.66	68.08	65.3	60.67	33.85	67.18
83.59	77.64	68.08	65.3	60.66	33.85	67.17
83.57	77.63	68.08	65.29	60.66	33.85	67.16
83.56	77.63	68.08	65.29	60.66	33.86	67.16
83.54	77.62	68.08	65.28	60.65	33.86	67.15
83.52	77.62	68.08	65.28	60.65	33.87	67.15
83.51	77.62	68.08	65.28	60.65	33.87	67.15
83.49	77.61	68.08	65.28	60.64	33.87	67.14
83.48	77.61	68.08	65.28	60.64	33.88	67.14
83.46	77.61	68.08	65.27	60.64	33.88	67.14
83.45	77.6	68.08	65.27	60.63	33.88	67.13
83.43	77.59	68.08	65.26	60.63	33.89	67.12
83.41	77.57	68.07	65.26	60.62	33.89	67.11
83.39	77.56	68.07	65.25	60.62	33.89	67.1
83.38	77.55	68.07	65.25	60.61	33.9	67.1
83.36	77.54	68.07	65.24	60.61	33.9	67.09
83.35	77.54	68.07	65.24	60.6	33.9	67.08
83.33	77.53	68.07	65.23	60.6	33.91	67.08
83.32	77.52	68.07	65.23	60.59	33.91	67.07
83.3	77.51	68.07	65.23	60.59	33.91	67.07
83.29	77.51	68.07	65.22	60.59	33.92	67.06
83.27	77.5	68.06	65.22	60.58	33.92	67.05
83.26	77.49	68.06	65.21	60.58	33.92	67.05
83.24	77.48	68.06	65.21	60.57	33.93	67.04
83.23	77.47	68.06	65.2	60.56	33.93	67.03
83.21	77.45	68.06	65.2	60.56	33.93	67.02
83.2	77.44	68.06	65.19	60.55	33.94	67.01
83.18	77.44	68.06	65.19	60.55	33.94	67.01
83.17	77.43	68.05	65.18	60.55	33.94	67
83.15	77.43	68.05	65.18	60.54	33.95	67
83.14	77.43	68.05	65.18	60.54	33.95	67
83.12	77.42	68.05	65.18	60.54	33.95	66.99
83.11	77.42	68.05	65.17	60.54	33.96	66.99
83.09	77.42	68.05	65.17	60.53	33.96	66.99
83.08	77.41	68.05	65.17	60.53	33.96	66.98
83.06	77.39	68.05	65.16	60.52	33.97	66.97
83.04	77.38	68.05	65.16	60.52	33.97	66.96
83.03	77.37	68.05	65.15	60.51	33.97	66.96
83.01	77.36	68.04	65.15	60.51	33.98	66.95
82.99	77.35	68.04	65.14	60.5	33.98	66.94
82.98	77.35	68.04	65.14	60.5	33.98	66.94
82.96	77.34	68.04	65.13	60.49	33.99	66.93
82.95	77.33	68.04	65.13	60.49	33.99	66.92
82.94	77.32	68.04	65.13	60.48	33.99	66.92
82.92	77.32	68.04	65.12	60.48	34	66.91
82.91	77.31	68.04	65.12	60.48	34	66.91
82.89	77.3	68.04	65.11	60.47	34	66.9
82.88	77.29	68.03	65.11	60.47	34.01	66.89
82.86	77.28	68.03	65.1	60.46	34.01	66.88
82.85	77.26	68.03	65.09	60.45	34.01	66.88
82.83	77.25	68.03	65.09	60.45	34.02	66.87
82.82	77.25	68.03	65.09	60.44	34.02	66.86
82.81	77.24	68.03	65.08	60.44	34.02	66.86
82.79	77.24	68.03	65.08	60.44	34.03	66.85
82.78	77.24	68.02	65.08	60.44	34.03	66.85
82.76	77.23	68.02	65.08	60.43	34.03	66.85
82.75	77.23	68.02	65.07	60.43	34.04	66.85
82.73	77.23	68.02	65.07	60.43	34.04	66.84
82.72	77.22	68.02	65.07	60.42	34.04	66.83
82.7	77.21	68.02	65.06	60.42	34.04	66.83
82.68	77.19	68.02	65.06	60.41	34.05	66.82
82.67	77.18	68.02	65.05	60.41	34.05	66.81
82.65	77.17	68.01	65.05	60.4	34.05	66.8
82.64	77.17	68.01	65.04	60.4	34.06	66.8
82.62	77.16	68.01	65.04	60.39	34.06	66.79
82.61	77.15	68.01	65.03	60.39	34.06	66.78
82.59	77.14	68.01	65.03	60.38	34.07	66.78
82.58	77.14	68.01	65.03	60.38	34.07	66.77
82.57	77.13	68.01	65.02	60.37	34.07	66.77
82.55	77.12	68.01	65.02	60.37	34.08	66.76
82.54	77.11	68	65.01	60.37	34.08	66.76
82.52	77.1	68	65.01	60.36	34.08	66.75
82.51	77.09	68	65	60.35	34.08	66.74
82.49	77.08	68	65	60.35	34.09	66.73
82.48	77.07	68	64.99	60.34	34.09	66.72
82.47	77.06	67.99	64.99	60.34	34.09	66.72
82.45	77.05	67.99	64.98	60.33	34.1	66.71
82.44	77.05	67.99	64.98	60.33	34.1	66.71
82.42	77.05	67.99	64.98	60.33	34.1	66.71
82.41	77.05	67.99	64.98	60.33	34.11	66.7
82.39	77.04	67.99	64.97	60.33	34.11	66.7
82.38	77.03	67.99	64.97	60.32	34.11	66.69
82.36	77.02	67.99	64.96	60.32	34.11	66.69
82.35	77.01	67.99	64.96	60.31	34.12	66.68
82.33	77	67.98	64.95	60.3	34.12	66.67
82.32	76.99	67.98	64.95	60.3	34.12	66.66
82.3	76.98	67.98	64.94	60.29	34.13	66.65
82.29	76.97	67.98	64.94	60.29	34.13	66.65
82.27	76.96	67.98	64.93	60.28	34.13	66.64
82.26	76.95	67.98	64.93	60.28	34.13	66.64
82.24	76.95	67.97	64.93	60.27	34.14	66.63
82.23	76.94	67.97	64.92	60.27	34.14	66.62
82.22	76.93	67.97	64.92	60.27	34.14	66.62
82.2	76.93	67.97	64.92	60.26	34.15	66.61
82.19	76.92	67.97	64.91	60.26	34.15	66.61
82.17	76.91	67.97	64.9	60.25	34.15	66.6
82.16	76.89	67.96	64.9	60.24	34.15	66.59
82.15	76.88	67.96	64.89	60.24	34.16	66.58
82.13	76.87	67.96	64.89	60.23	34.16	66.57
82.12	76.86	67.96	64.88	60.23	34.16	66.57
82.1	76.86	67.96	64.88	60.23	34.17	66.56
82.09	76.86	67.96	64.88	60.22	34.17	66.56
82.08	76.85	67.95	64.88	60.22	34.17	66.56
82.06	76.85	67.95	64.87	60.22	34.17	66.55
82.05	76.84	67.95	64.87	60.21	34.18	66.55
82.03	76.84	67.95	64.87	60.21	34.18	66.54
82.02	76.83	67.95	64.86	60.21	34.18	66.54
82	76.81	67.95	64.86	60.2	34.19	66.53
81.99	76.8	67.94	64.85	60.19	34.19	66.52
81.97	76.79	67.94	64.85	60.19	34.19	66.51
81.95	76.78	67.94	64.84	60.18	34.19	66.51
81.94	76.77	67.94	64.84	60.18	34.2	66.5
81.93	76.77	67.94	64.83	60.17	34.2	66.49
81.91	76.76	67.94	64.83	60.17	34.2	66.49
81.9	76.75	67.93	64.82	60.17	34.2	66.48
81.88	76.74	67.93	64.82	60.16	34.21	66.48
81.87	76.74	67.93	64.82	60.16	34.21	66.47
81.86	76.73	67.93	64.81	60.15	34.21	66.47
81.84	76.72	67.93	64.81	60.15	34.22	66.46
81.83	76.71	67.93	64.8	60.14	34.22	66.45
81.81	76.7	67.92	64.8	60.14	34.22	66.44
81.8	76.68	67.92	64.79	60.13	34.22	66.43
81.79	76.67	67.92	64.78	60.12	34.23	66.43
81.77	76.66	67.92	64.78	60.12	34.23	66.42
81.76	76.66	67.91	64.78	60.11	34.23	66.41
81.74	76.65	67.91	64.77	60.11	34.23	66.41
81.73	76.64	67.91	64.77	60.1	34.24	66.4
81.71	76.63	67.91	64.76	60.1	34.24	66.39
81.7	76.61	67.91	64.75	60.09	34.24	66.38
81.68	76.6	67.9	64.75	60.08	34.24	66.37
81.67	76.58	67.9	64.74	60.07	34.25	66.36
81.65	76.56	67.89	64.73	60.07	34.25	66.35
81.63	76.55	67.89	64.72	60.06	34.25	66.34
81.62	76.54	67.89	64.72	60.05	34.26	66.33
81.6	76.53	67.89	64.71	60.05	34.26	66.33
81.59	76.53	67.89	64.77	60.1	34.26	66.37
81.79	76.67	67.94	64.83	60.17	34.26	66.47
82.09	76.84	68.02	64.91	60.25	34.27	66.59
82.48	77.07	68.12	65	60.35	34.27	66.74
82.87	77.32	68.24	65.11	60.46	34.27	66.91
83.21	77.55	68.36	65.21	60.57	34.28	67.06
83.5	77.74	68.47	65.3	60.65	34.28	67.19
83.71	77.9	68.57	65.37	60.73	34.28	67.3
83.79	78	68.63	65.43	60.79	34.29	67.38
83.77	78	68.63	65.48	60.84	34.29	67.42
83.75	77.99	68.63	65.52	60.88	34.29	67.43
83.73	77.98	68.63	65.51	60.87	34.3	67.42
83.71	77.97	68.63	65.51	60.87	34.3	67.41
83.69	77.97	68.62	65.5	60.87	34.3	67.4
83.67	77.96	68.62	65.5	60.86	34.31	67.4
83.65	77.96	68.62	65.5	60.86	34.31	67.4
83.63	77.95	68.62	65.5	60.86	34.31	67.39
83.61	77.95	68.62	65.49	60.86	34.32	67.39
83.59	77.94	68.62	65.49	60.85	34.32	67.38
83.57	77.93	68.61	65.49	60.85	34.33	67.38
83.55	77.92	68.61	65.48	60.84	34.33	67.37
83.53	77.9	68.6	65.47	60.83	34.33	67.36
83.51	77.89	68.6	65.47	60.83	34.34	67.35
83.49	77.89	68.6	65.46	60.82	34.34	67.34
83.47	77.88	68.6	65.51	60.87	34.34	67.37
83.47	77.9	68.61	65.56	60.92	34.35	67.44
83.65	78.03	68.69	65.62	60.99	34.35	67.54
83.9	78.2	68.81	65.71	61.08	34.35	67.66
84.14	78.38	68.94	65.79	61.17	34.36	67.79
84.4	78.58	69.09	65.88	61.27	34.36	67.93
84.61	78.76	69.23	65.97	61.36	34.37	68.06
84.79	78.91	69.35	66.04	61.44	34.37	68.17
84.86	79.01	69.44	66.1	61.49	34.37	68.24
84.84	79.01	69.44	66.14	61.54	34.38	68.28
84.82	79	69.43	66.18	61.59	34.38	68.28
84.8	78.99	69.43	66.17	61.58	34.39	68.27
84.78	78.98	69.42	66.17	61.57	34.39	68.26
84.75	78.97	69.42	66.16	61.57	34.4	68.25
84.73	78.96	69.41	66.16	61.56	34.4	68.25
84.71	78.95	69.41	66.16	61.56	34.4	68.24
84.69	78.94	69.41	66.15	61.55	34.41	68.23
84.67	78.93	69.41	66.15	61.55	34.41	68.23
84.65	78.92	69.4	66.14	61.54	34.42	68.22
84.63	78.91	69.39	66.13	61.53	34.42	68.21
84.6	78.89	69.39	66.12	61.52	34.42	68.19
84.58	78.88	69.38	66.12	61.51	34.43	68.18
84.56	78.87	69.37	66.11	61.51	34.43	68.17
84.54	78.86	69.37	66.11	61.5	34.44	68.17
84.52	78.85	69.37	66.11	61.51	34.44	68.16
84.5	78.85	69.37	66.16	61.56	34.44	68.21
84.53	78.88	69.4	66.21	61.62	34.45	68.28
84.67	79.01	69.5	66.27	61.68	34.45	68.37
84.87	79.18	69.65	66.36	61.77	34.46	68.49
85.02	79.32	69.77	66.42	61.84	34.46	68.59
85	79.31	69.77	66.42	61.84	34.47	68.59
84.98	79.3	69.77	66.42	61.83	34.47	68.58
84.96	79.29	69.76	66.41	61.83	34.47	68.57
84.94	79.28	69.76	66.4	61.82	34.48	68.56
84.92	79.26	69.75	66.39	61.81	34.48	68.55
84.9	79.25	69.74	66.39	61.8	34.49	68.54
84.88	79.24	69.74	66.38	61.8	34.49	68.53
84.86	79.23	69.74	66.38	61.79	34.49	68.52
84.84	79.22	69.73	66.37	61.79	34.5	68.51
84.82	79.22	69.73	66.37	61.78	34.5	68.51
84.8	79.21	69.73	66.36	61.78	34.51	68.5
84.78	79.2	69.72	66.36	61.77	34.51	68.49
84.76	79.18	69.72	66.35	61.76	34.52	68.48
84.73	79.16	69.71	66.34	61.75	34.52	68.46
84.71	79.14	69.7	66.33	61.74	34.52	68.45
84.68	79.13	69.7	66.32	61.73	34.53	68.44
84.66	79.12	69.69	66.32	61.73	34.53	68.43
84.65	79.11	69.69	66.31	61.72	34.53	68.42
84.63	79.1	69.69	66.31	61.72	34.54	68.41
84.61	79.09	69.68	66.31	61.71	34.54	68.41
84.59	79.09	69.68	66.3	61.71	34.55	68.4
84.57	79.08	69.68	66.3	61.71	34.55	68.4
84.55	79.07	69.68	66.29	61.7	34.55	68.39
84.54	79.07	69.68	66.29	61.7	34.56	68.38
84.52	79.06	69.67	66.29	61.69	34.56	68.38
84.5	79.05	69.67	66.28	61.69	34.57	68.37
84.48	79.04	69.67	66.28	61.68	34.57	68.36
84.47	79.03	69.66	66.27	61.68	34.57	68.35
84.45	79.02	69.66	66.26	61.67	34.58	68.34
84.43	79.01	69.66	66.26	61.67	34.58	68.34
84.41	79	69.65	66.26	61.66	34.58	68.33
84.4	79	69.65	66.25	61.66	34.59	68.33
84.38	78.99	69.65	66.25	61.65	34.59	68.32
84.36	78.99	69.65	66.25	61.65	34.6	68.32
84.34	78.99	69.65	66.25	61.65	34.6	68.31
84.33	78.98	69.65	66.24	61.65	34.6	68.31
84.31	78.98	69.65	66.24	61.64	34.61	68.31
84.29	78.97	69.65	66.24	61.64	34.61	68.3
84.27	78.96	69.64	66.23	61.63	34.61	68.29
84.25	78.95	69.64	66.23	61.63	34.62	68.28
84.23	78.94	69.64	66.22	61.62	34.62	68.27
84.21	78.93	69.63	66.22	61.62	34.62	68.27
84.19	78.93	69.63	66.21	61.61	34.63	68.26
84.18	78.92	69.63	66.21	61.61	34.63	68.25
84.16	78.91	69.63	66.2	61.6	34.63	68.25
84.14	78.91	69.63	66.2	61.6	34.64	68.24
84.12	78.9	69.62	66.2	61.6	34.64	68.24
84.11	78.89	69.62	66.19	61.59	34.65	68.23
84.09	78.89	69.62	66.19	61.59	34.65	68.22
84.07	78.88	69.62	66.18	61.58	34.65	68.22
84.06	78.87	69.61	66.18	61.58	34.66	68.21
84.04	78.86	69.61	66.17	61.57	34.66	68.2
84.02	78.85	69.61	66.17	61.56	34.66	68.19
84	78.84	69.6	66.16	61.56	34.67	68.18
83.98	78.82	69.6	66.16	61.55	34.67	68.17
83.97	78.81	69.59	66.15	61.54	34.67	68.16
83.95	78.8	69.59	66.14	61.54	34.68	68.15
83.93	78.79	69.59	66.14	61.53	34.68	68.14
83.91	78.78	69.58	66.13	61.53	34.68	68.14
83.89	78.76	69.58	66.12	61.52	34.69	68.12
83.87	78.75	69.57	66.12	61.51	34.69	68.11
83.85	78.72	69.56	66.1	61.5	34.69	68.09
83.83	78.69	69.55	66.09	61.48	34.7	68.07
83.81	78.67	69.54	66.08	61.47	34.7	68.06
83.78	78.65	69.53	66.07	61.46	34.7	68.04
83.76	78.64	69.53	66.06	61.45	34.71	68.03
83.75	78.62	69.52	66.05	61.44	34.71	68.02
83.73	78.61	69.52	66.05	61.44	34.71	68.01
83.71	78.6	69.52	66.04	61.43	34.72	68
83.7	78.6	69.52	66.04	61.43	34.72	68
83.68	78.59	69.51	66.04	61.42	34.72	67.99
83.67	78.58	69.51	66.03	61.42	34.73	67.99
83.65	78.58	69.51	66.03	61.42	34.73	67.98
83.63	78.57	69.51	66.02	61.41	34.73	67.97
83.62	78.56	69.5	66.02	61.4	34.73	67.97
83.6	78.55	69.5	66.01	61.4	34.74	67.96
83.58	78.53	69.49	66.01	61.39	34.74	67.95
83.57	78.52	69.49	66	61.38	34.74	67.93
83.55	78.5	69.48	65.99	61.37	34.75	67.92
83.53	78.49	69.48	65.98	61.37	34.75	67.91
83.51	78.47	69.47	65.98	61.36	34.75	67.9
83.49	78.46	69.47	65.97	61.35	34.76	67.89
83.47	78.44	69.46	65.96	61.34	34.76	67.87
83.45	78.41	69.45	65.94	61.32	34.76	67.85
83.43	78.37	69.44	65.93	61.3	34.76	67.83
83.4	78.32	69.42	65.9	61.27	34.77	67.79
83.38	78.25	69.39	65.87	61.24	34.77	67.75
83.35	78.19	69.37	65.84	61.21	34.77	67.71
83.33	78.14	69.35	65.82	61.18	34.78	67.67
83.3	78.1	69.34	65.8	61.16	34.78	67.65
83.28	78.06	69.33	65.78	61.14	34.78	67.62
83.26	78.03	69.31	65.76	61.12	34.78	67.6
83.23	78	69.3	65.75	61.11	34.79	67.58
83.21	77.96	69.29	65.73	61.09	34.79	67.55
83.19	77.93	69.28	65.71	61.07	34.79	67.53
83.17	77.9	69.27	65.7	61.05	34.8	67.51
83.15	77.86	69.26	65.68	61.03	34.8	67.49
83.12	77.83	69.25	65.67	61.02	34.8	67.46
83.1	77.79	69.24	65.65	61	34.8	67.44
83.08	77.75	69.22	65.63	60.98	34.81	67.41
83.06	77.71	69.21	65.61	60.95	34.81	67.39
83.04	77.68	69.2	65.6	60.94	34.81	67.36
83.01	77.65	69.19	65.58	60.92	34.81	67.34
82.99	77.63	69.18	65.57	60.91	34.82	67.32
82.97	77.6	69.17	65.56	60.89	34.82	67.31
82.94	77.58	69.17	65.55	60.88	34.82	67.29
82.92	77.56	69.16	65.54	60.87	34.82	67.28
82.9	77.53	69.15	65.52	60.85	34.83	67.26
82.87	77.49	69.14	65.5	60.83	34.83	67.23
82.84	77.44	69.12	65.48	60.8	34.83	67.2
82.82	77.39	69.1	65.45	60.77	34.83	67.16
82.79	77.35	69.09	65.44	60.75	34.84	67.14
82.77	77.33	69.08	65.42	60.74	34.84	67.12
82.74	77.3	69.08	65.41	60.72	34.84	67.1
82.72	77.28	69.07	65.4	60.71	34.84	67.09
82.69	77.26	69.06	65.39	60.7	34.85	67.07
82.67	77.24	69.06	65.38	60.69	34.85	67.06
82.65	77.22	69.05	65.37	60.68	34.85	67.05
82.62	77.2	69.05	65.36	60.67	34.85	67.03
82.6	77.19	69.04	65.36	60.66	34.86	67.02
82.58	77.17	69.04	65.35	60.65	34.86	67.01
82.56	77.15	69.03	65.34	60.63	34.86	66.99
82.53	77.12	69.02	65.32	60.62	34.86	66.98
82.51	77.09	69.01	65.31	60.6	34.87	66.95
82.49	77.05	69	65.29	60.58	34.87	66.93
82.47	77.02	68.99	65.27	60.56	34.87	66.91
82.44	76.99	68.98	65.26	60.54	34.87	66.89
82.42	76.97	68.97	65.25	60.53	34.88	66.87
82.4	76.95	68.96	65.24	60.51	34.88	66.86
82.37	76.93	68.96	65.23	60.5	34.88	66.84
82.35	76.9	68.95	65.22	60.49	34.88	66.83
82.32	76.88	68.94	65.2	60.47	34.89	66.81
82.3	76.84	68.93	65.19	60.45	34.89	66.79
82.27	76.79	68.91	65.16	60.42	34.89	66.75
82.25	76.75	68.9	65.14	60.39	34.89	66.72
82.22	76.72	68.89	65.13	60.37	34.9	66.7
82.2	76.7	68.89	65.12	60.36	34.9	66.69
82.17	76.69	68.88	65.11	60.36	34.9	66.69
82.15	76.69	68.88	65.11	60.35	34.9	66.68
82.12	76.68	68.88	65.11	60.35	34.9	66.67
82.1	76.67	68.88	65.1	60.34	34.91	66.67
82.08	76.67	68.87	65.1	60.34	34.91	66.66
82.06	76.66	68.87	65.1	60.33	34.91	66.66
82.04	76.66	68.87	65.09	60.33	34.91	66.65
82.03	76.65	68.87	65.09	60.33	34.92	66.65
82.01	76.64	68.86	65.08	60.32	34.92	66.64
81.99	76.63	68.86	65.08	60.31	34.92	66.63
81.97	76.61	68.86	65.07	60.3	34.92	66.62
81.95	76.59	68.85	65.06	60.29	34.92	66.6
81.93	76.56	68.84	65.04	60.27	34.93	66.59
81.91	76.54	68.83	65.03	60.26	34.93	66.57
81.88	76.52	68.82	65.02	60.24	34.93	66.56
81.86	76.5	68.82	65.01	60.23	34.93	66.54
81.84	76.48	68.81	65	60.22	34.94	66.53
81.82	76.46	68.8	64.99	60.2	34.94	66.51
81.79	76.43	68.79	64.98	60.18	34.94	66.49
81.77	76.39	68.78	64.96	60.15	34.94	66.47
81.74	76.34	68.76	64.93	60.12	34.94	66.44
81.72	76.3	68.75	64.91	60.09	34.95	66.41
81.69	76.27	68.74	64.9	60.08	34.95	66.39
81.67	76.26	68.74	64.89	60.07	34.95	66.38
81.64	76.25	68.73	64.89	60.06	34.95	66.37
81.63	76.24	68.73	64.88	60.06	34.96	66.37
81.61	76.24	68.73	64.93	60.12	34.96	66.41
81.59	76.24	68.73	64.99	60.18	34.96	66.47
81.73	76.34	68.77	65.04	60.24	34.96	66.55
81.99	76.47	68.83	65.1	60.32	34.96	66.64
82.26	76.61	68.9	65.17	60.39	34.97	66.75
82.34	76.7	68.94	65.23	60.46	34.97	66.83
82.32	76.69	68.94	65.28	60.52	34.97	66.87
82.3	76.69	68.94	65.34	60.58	34.98	66.89
82.28	76.68	68.94	65.37	60.6	34.98	66.89
82.26	76.67	68.93	65.36	60.59	34.98	66.87
82.24	76.66	68.93	65.35	60.58	34.98	66.86
82.22	76.64	68.92	65.34	60.58	34.99	66.85
82.2	76.63	68.92	65.34	60.57	34.99	66.84
82.17	76.62	68.91	65.33	60.56	34.99	66.84
82.15	76.61	68.91	65.32	60.55	34.99	66.82
82.13	76.59	68.9	65.31	60.54	35	66.81
82.11	76.58	68.9	65.31	60.53	35	66.8
82.08	76.55	68.89	65.29	60.51	35	66.79
82.06	76.52	68.88	65.28	60.5	35	66.77
82.03	76.5	68.87	65.27	60.48	35.01	66.75
82.01	76.48	68.87	65.26	60.47	35.01	66.74
81.99	76.47	68.86	65.25	60.46	35.01	66.73
81.97	76.47	68.86	65.25	60.46	35.01	66.72
81.95	76.46	68.86	65.25	60.45	35.02	66.72
81.93	76.45	68.86	65.24	60.45	35.02	66.71
81.91	76.45	68.85	65.3	60.51	35.02	66.76
82.08	76.54	68.9	65.37	60.59	35.02	66.85
82.35	76.69	68.98	65.45	60.67	35.03	66.96
82.69	76.87	69.07	65.54	60.77	35.03	67.09
82.98	77.04	69.16	65.63	60.86	35.03	67.22
83.17	77.16	69.23	65.7	60.93	35.04	67.32
83.22	77.24	69.28	65.76	60.99	35.04	67.39
83.2	77.23	69.28	65.81	61.05	35.04	67.42
83.18	77.23	69.28	65.85	61.09	35.04	67.43
83.16	77.22	69.27	65.85	61.08	35.05	67.42
83.14	77.21	69.27	65.84	61.08	35.05	67.41
83.12	77.21	69.27	65.84	61.07	35.05	67.41
83.1	77.2	69.26	65.84	61.07	35.06	67.4
83.08	77.2	69.26	65.83	61.06	35.06	67.4
83.06	77.19	69.26	65.83	61.06	35.06	67.39
83.04	77.19	69.26	65.83	61.06	35.07	67.39
83.02	77.18	69.26	65.82	61.06	35.07	67.39
83	77.18	69.25	65.82	61.05	35.07	67.38
82.97	77.16	69.25	65.81	61.04	35.07	67.37
82.95	77.15	69.24	65.8	61.03	35.08	67.36
82.93	77.14	69.24	65.8	61.03	35.08	67.35
82.9	77.13	69.24	65.79	61.02	35.08	67.34
82.88	77.13	69.23	65.81	61.04	35.09	67.35
82.9	77.15	69.25	65.87	61.1	35.09	67.41
83.11	77.28	69.33	65.94	61.17	35.09	67.5
83.4	77.45	69.43	66.03	61.26	35.09	67.64
83.74	77.67	69.57	66.15	61.38	35.1	67.8
84	77.85	69.69	66.24	61.48	35.1	67.93
84.21	78	69.79	66.33	61.57	35.1	68.05
84.34	78.11	69.87	66.39	61.63	35.11	68.13
84.32	78.17	69.91	66.44	61.69	35.11	68.19
84.3	78.17	69.91	66.5	61.74	35.12	68.23
84.28	78.16	69.91	66.54	61.79	35.12	68.23
84.26	78.15	69.9	66.53	61.78	35.12	68.22
84.24	78.15	69.9	66.53	61.78	35.13	68.22
84.22	78.14	69.9	66.52	61.77	35.13	68.21
84.2	78.14	69.9	66.52	61.77	35.13	68.21
84.18	78.13	69.9	66.52	61.77	35.14	68.2
84.16	78.13	69.9	66.52	61.76	35.14	68.2
84.14	78.13	69.89	66.51	61.76	35.14	68.19
84.12	78.12	69.89	66.51	61.75	35.15	68.19
84.09	78.11	69.88	66.5	61.75	35.15	68.18
84.07	78.09	69.88	66.49	61.74	35.15	68.16
84.05	78.08	69.87	66.49	61.73	35.16	68.16
84.02	78.08	69.87	66.48	61.73	35.16	68.15
84	78.07	69.86	66.48	61.72	35.16	68.14
83.98	78.06	69.86	66.47	61.72	35.17	68.13
83.96	78.06	69.86	66.5	61.74	35.17	68.15
83.95	78.06	69.86	66.55	61.8	35.17	68.17
83.93	78.05	69.86	66.59	61.84	35.18	68.17
83.91	78.05	69.85	66.59	61.84	35.18	68.17
83.89	78.04	69.85	66.64	61.89	35.19	68.22
83.87	78.04	69.85	66.69	61.95	35.19	68.26
83.85	78.04	69.85	66.74	62.01	35.19	68.28
83.84	78.04	69.85	66.79	62.06	35.2	68.29
83.82	78.03	69.85	66.81	62.1	35.2	68.29
83.79	78.02	69.84	66.8	62.09	35.2	68.28
83.77	78.01	69.84	66.8	62.08	35.21	68.27
83.75	78	69.83	66.79	62.07	35.21	68.26
83.73	77.99	69.83	66.79	62.07	35.21	68.26
83.71	77.99	69.83	66.79	62.07	35.22	68.25
83.7	77.99	69.83	66.78	62.06	35.22	68.25
83.68	77.98	69.83	66.78	62.06	35.23	68.24
83.66	77.98	69.82	66.78	62.06	35.23	68.24
83.64	77.97	69.82	66.77	62.05	35.23	68.24
83.62	77.97	69.82	66.77	62.05	35.24	68.23
83.6	77.96	69.81	66.76	62.04	35.24	68.22
83.58	77.94	69.81	66.75	62.03	35.24	68.21
83.56	77.94	69.81	66.75	62.03	35.25	68.2
83.54	77.93	69.8	66.74	62.02	35.25	68.19
83.52	77.93	69.8	66.78	62.06	35.25	68.23
83.5	77.92	69.8	66.82	62.12	35.26	68.29
83.71	78.07	69.9	66.88	62.2	35.26	68.39
83.91	78.2	70	66.95	62.28	35.26	68.5
84.17	78.39	70.13	67.02	62.38	35.27	68.64
84.4	78.57	70.26	67.09	62.48	35.27	68.76
84.54	78.69	70.35	67.14	62.54	35.28	68.84
84.56	78.76	70.41	67.18	62.6	35.28	68.91
84.54	78.76	70.41	67.22	62.65	35.28	68.96
84.52	78.76	70.41	67.26	62.7	35.29	68.99
84.5	78.75	70.41	67.3	62.75	35.29	69
84.48	78.74	70.4	67.29	62.74	35.3	68.99
84.46	78.73	70.4	67.28	62.73	35.3	68.98
84.44	78.72	70.39	67.28	62.73	35.3	68.97
84.42	78.72	70.39	67.27	62.72	35.31	68.96
84.4	78.71	70.39	67.27	62.71	35.31	68.95
84.38	78.7	70.38	67.26	62.71	35.32	68.95
84.36	78.69	70.38	67.26	62.7	35.32	68.94
84.33	78.68	70.38	67.25	62.69	35.32	68.93
84.31	78.66	70.37	67.24	62.68	35.33	68.91
84.28	78.64	70.36	67.23	62.67	35.33	68.89
84.25	78.62	70.35	67.22	62.66	35.34	68.88
84.23	78.61	70.35	67.21	62.65	35.34	68.87
84.21	78.6	70.34	67.21	62.64	35.34	68.86
84.19	78.59	70.34	67.22	62.66	35.35	68.86
84.19	78.61	70.36	67.27	62.72	35.35	68.92
84.36	78.74	70.45	67.33	62.8	35.36	69.02
84.57	78.91	70.58	67.4	62.89	35.36	69.14
84.78	79.08	70.71	67.48	62.98	35.36	69.26
84.99	79.27	70.86	67.56	63.08	35.37	69.39
85.01	79.29	70.88	67.57	63.09	35.37	69.4
84.99	79.28	70.88	67.57	63.08	35.38	69.4
84.97	79.27	70.87	67.57	63.08	35.38	69.39
84.95	79.26	70.87	67.56	63.07	35.38	69.38
84.92	79.25	70.86	67.55	63.06	35.39	69.37
84.9	79.24	70.85	67.55	63.05	35.39	69.35
84.88	79.23	70.85	67.54	63.05	35.4	69.35
84.86	79.22	70.84	67.53	63.04	35.4	69.34
84.84	79.21	70.84	67.53	63.03	35.4	69.33
84.81	79.2	70.83	67.52	63.03	35.41	69.32
84.79	79.18	70.83	67.52	63.02	35.41	69.31
84.77	79.17	70.82	67.51	63.01	35.42	69.29
84.74	79.15	70.81	67.5	63	35.42	69.28
84.72	79.13	70.8	67.49	62.99	35.42	69.26
84.69	79.11	70.79	67.48	62.97	35.43	69.24
84.67	79.1	70.79	67.47	62.97	35.43	69.23
84.65	79.09	70.78	67.47	62.96	35.43	69.22
84.63	79.08	70.78	67.46	62.96	35.44	69.22
84.61	79.08	70.78	67.46	62.95	35.44	69.21
84.59	79.07	70.77	67.45	62.95	35.45	69.2
84.57	79.06	70.77	67.45	62.94	35.45	69.2
84.55	79.06	70.77	67.45	62.94	35.45	69.19
84.53	79.05	70.77	67.44	62.93	35.46	69.19
84.52	79.05	70.76	67.44	62.93	35.46	69.18
84.5	79.04	70.76	67.44	62.92	35.46	69.17
84.48	79.03	70.76	67.43	62.92	35.47	69.17
84.46	79.03	70.76	67.43	62.91	35.47	69.16
84.44	79.02	70.75	67.42	62.91	35.47	69.15
84.42	79.01	70.75	67.42	62.9	35.48	69.14
84.4	79	70.74	67.41	62.89	35.48	69.13
84.38	78.99	70.74	67.41	62.89	35.49	69.13
84.37	78.99	70.74	67.41	62.89	35.49	69.12
84.35	78.99	70.74	67.4	62.88	35.49	69.12
84.33	78.98	70.74	67.4	62.88	35.5	69.11
84.31	78.98	70.74	67.4	62.88	35.5	69.11
84.29	78.97	70.73	67.39	62.87	35.5	69.1
84.27	78.96	70.73	67.39	62.86	35.51	69.09
84.25	78.94	70.72	67.38	62.85	35.51	69.08
84.23	78.93	70.71	67.37	62.85	35.51	69.06
84.21	78.92	70.71	67.37	62.84	35.52	69.06
84.19	78.91	70.71	67.36	62.83	35.52	69.05
84.18	78.9	70.7	67.36	62.83	35.52	69.04
84.16	78.89	70.7	67.35	62.82	35.53	69.03
84.14	78.89	70.7	67.35	62.82	35.53	69.03
84.12	78.88	70.7	67.34	62.81	35.53	69.02
84.11	78.88	70.69	67.34	62.81	35.54	69.02
84.09	78.87	70.69	67.34	62.81	35.54	69.01
84.07	78.87	70.69	67.33	62.8	35.54	69
84.06	78.86	70.69	67.33	62.8	35.55	69
84.04	78.85	70.68	67.33	62.79	35.55	68.99
84.02	78.84	70.68	67.32	62.79	35.55	68.98
84	78.84	70.68	67.32	62.78	35.56	68.98
83.99	78.82	70.67	67.31	62.77	35.56	68.97
83.97	78.82	70.67	67.31	62.77	35.56	68.96
83.95	78.81	70.67	67.3	62.77	35.57	68.95
83.94	78.81	70.67	67.3	62.76	35.57	68.95
83.92	78.81	70.67	67.3	62.76	35.57	68.94
83.91	78.8	70.66	67.3	62.76	35.57	68.94
83.89	78.8	70.66	67.29	62.76	35.58	68.94
83.87	78.8	70.66	67.29	62.75	35.58	68.94
83.86	78.8	70.66	67.29	62.75	35.58	68.93
83.84	78.79	70.66	67.29	62.75	35.59	68.92
83.82	78.78	70.66	67.28	62.74	35.59	68.92
83.8	78.77	70.65	67.27	62.73	35.59	68.91
83.79	78.76	70.65	67.27	62.73	35.6	68.9
83.77	78.75	70.65	67.27	62.72	35.6	68.89
83.75	78.75	70.64	67.26	62.72	35.6	68.89
83.74	78.74	70.64	67.26	62.71	35.61	68.88
83.72	78.74	70.64	67.25	62.71	35.61	68.87
83.7	78.73	70.64	67.25	62.7	35.61	68.87
83.69	78.72	70.64	67.25	62.7	35.61	68.86
83.67	78.72	70.63	67.24	62.7	35.62	68.86
83.66	78.71	70.63	67.24	62.69	35.62	68.85
83.64	78.71	70.63	67.24	62.69	35.62	68.84
83.63	78.7	70.62	67.23	62.68	35.63	68.84
83.61	78.69	70.62	67.23	62.68	35.63	68.83
83.59	78.68	70.62	67.22	62.67	35.63	68.82
83.58	78.67	70.61	67.22	62.66	35.64	68.81
83.56	78.66	70.61	67.21	62.66	35.64	68.81
83.55	78.66	70.61	67.21	62.65	35.64	68.8
83.53	78.65	70.61	67.21	62.65	35.64	68.79
83.52	78.65	70.6	67.2	62.65	35.65	68.79
83.5	78.64	70.6	67.2	62.64	35.65	68.78
83.48	78.63	70.6	67.19	62.64	35.65	68.77
83.46	78.62	70.59	67.19	62.63	35.66	68.76
83.45	78.61	70.59	67.18	62.62	35.66	68.75
83.43	78.59	70.58	67.17	62.61	35.66	68.74
83.41	78.58	70.58	67.17	62.6	35.66	68.73
83.39	78.57	70.58	67.16	62.6	35.67	68.72
83.38	78.57	70.57	67.16	62.59	35.67	68.72
83.36	78.56	70.57	67.15	62.59	35.67	68.71
83.34	78.56	70.57	67.15	62.58	35.68	68.71
83.33	78.55	70.57	67.15	62.58	35.68	68.7
83.31	78.54	70.56	67.14	62.58	35.68	68.69
83.3	78.54	70.56	67.14	62.57	35.68	68.69
83.28	78.53	70.56	67.14	62.57	35.69	68.68
83.27	78.53	70.56	67.13	62.56	35.69	68.68
83.25	78.52	70.56	67.13	62.56	35.69	68.67
83.24	78.51	70.55	67.12	62.55	35.69	68.66
83.22	78.5	70.55	67.12	62.55	35.7	68.65
83.21	78.49	70.54	67.11	62.54	35.7	68.65
83.19	78.48	70.54	67.11	62.53	35.7	68.64
83.18	78.48	70.54	67.1	62.53	35.7	68.63
83.16	78.47	70.54	67.1	62.53	35.71	68.63
83.15	78.47	70.54	67.1	62.53	35.71	68.62
83.13	78.47	70.54	67.1	62.52	35.71	68.62
83.12	78.47	70.54	67.1	62.52	35.72	68.62
83.1	78.47	70.54	67.09	62.52	35.72	68.62
83.09	78.46	70.53	67.09	62.52	35.72	68.61
83.07	78.46	70.53	67.09	62.51	35.72	68.61
83.05	78.45	70.53	67.08	62.51	35.73	68.6
83.04	78.44	70.52	67.08	62.5	35.73	68.59
83.02	78.43	70.52	67.07	62.49	35.73	68.58
83.01	78.42	70.52	67.07	62.49	35.73	68.57
82.99	78.42	70.52	67.06	62.48	35.74	68.57
82.98	78.41	70.51	67.06	62.48	35.74	68.56
82.96	78.4	70.51	67.06	62.48	35.74	68.56
82.95	78.4	70.51	67.05	62.47	35.74	68.55
82.93	78.39	70.51	67.05	62.47	35.75	68.54
82.92	78.39	70.51	67.05	62.46	35.75	68.54
82.91	78.38	70.5	67.04	62.46	35.75	68.53
82.89	78.37	70.5	67.04	62.45	35.75	68.53
82.88	78.36	70.5	67.03	62.45	35.76	68.52
82.86	78.36	70.49	67.03	62.44	35.76	68.51
82.85	78.35	70.49	67.02	62.43	35.76	68.5
82.83	78.34	70.49	67.02	62.43	35.76	68.49
82.82	78.33	70.48	67.01	62.43	35.77	68.49
82.8	78.33	70.48	67.01	62.42	35.77	68.48
82.79	78.32	70.48	67.01	62.42	35.77	68.48
82.78	78.32	70.48	67.01	62.41	35.77	68.47
82.76	78.31	70.48	67	62.41	35.78	68.47
82.75	78.31	70.48	67	62.41	35.78	68.47
82.73	78.31	70.48	67	62.4	35.78	68.46
82.72	78.3	70.47	66.99	62.4	35.78	68.45
82.7	78.29	70.47	66.99	62.39	35.79	68.44
82.69	78.28	70.46	66.98	62.39	35.79	68.44
82.67	78.27	70.46	66.98	62.38	35.79	68.43
82.66	78.26	70.46	66.97	62.38	35.79	68.42
82.64	78.26	70.46	66.97	62.37	35.79	68.42
82.63	78.25	70.45	66.96	62.37	35.8	68.41
82.61	78.24	70.45	66.96	62.36	35.8	68.4
82.6	78.24	70.45	66.96	62.36	35.8	68.4
82.58	78.23	70.45	66.95	62.35	35.8	68.39
82.57	78.23	70.45	66.95	62.35	35.81	68.39
82.56	78.22	70.44	66.95	62.35	35.81	68.38
82.54	78.21	70.44	66.94	62.34	35.81	68.38
82.53	78.21	70.44	66.94	62.33	35.81	68.37
82.52	78.2	70.43	66.93	62.33	35.82	68.36
82.5	78.19	70.43	66.93	62.32	35.82	68.35
82.49	78.18	70.43	66.92	62.32	35.82	68.34
82.47	78.17	70.42	66.92	62.31	35.82	68.34
82.46	78.17	70.42	66.92	62.31	35.82	68.33
82.45	78.17	70.42	66.91	62.31	35.83	68.33
82.43	78.16	70.42	66.91	62.3	35.83	68.33
82.42	78.16	70.42	66.91	62.3	35.83	68.32
82.4	78.16	70.42	66.91	62.3	35.83	68.32
82.39	78.16	70.42	66.91	62.3	35.84	68.32
82.38	78.15	70.42	66.9	62.29	35.84	68.31
82.36	78.14	70.41	66.9	62.29	35.84	68.3
82.35	78.13	70.41	66.89	62.28	35.84	68.3
82.33	78.12	70.41	66.89	62.27	35.85	68.29
82.32	78.11	70.4	66.88	62.27	35.85	68.28
82.3	78.11	70.4	66.88	62.26	35.85	68.27
82.29	78.1	70.4	66.88	62.26	35.85	68.27
82.28	78.1	70.4	66.87	62.26	35.85	68.26
82.26	78.09	70.39	66.87	62.25	35.86	68.26
82.25	78.08	70.39	66.86	62.25	35.86	68.25
82.24	78.08	70.39	66.86	62.24	35.86	68.25
82.22	78.07	70.39	66.86	62.24	35.86	68.24
82.21	78.07	70.38	66.85	62.23	35.86	68.23
82.2	78.06	70.38	66.85	62.23	35.87	68.23
82.18	78.05	70.38	66.84	62.22	35.87	68.22
82.17	78.04	70.37	66.84	62.21	35.87	68.21
82.15	78.03	70.37	66.83	62.21	35.87	68.2
82.14	78.02	70.37	66.83	62.2	35.88	68.2
82.13	78.02	70.36	66.82	62.2	35.88	68.19
82.11	78.01	70.36	66.82	62.2	35.88	68.19
82.1	78.01	70.36	66.82	62.19	35.88	68.18
82.09	78.01	70.36	66.82	62.19	35.88	68.18
82.07	78	70.36	66.81	62.19	35.89	68.17
82.06	78	70.36	66.81	62.18	35.89	68.17
82.05	77.99	70.35	66.81	62.18	35.89	68.16
82.03	77.98	70.35	66.8	62.17	35.89	68.16
82.02	77.97	70.35	66.8	62.17	35.89	68.15
82	77.96	70.34	66.79	62.16	35.9	68.14
81.99	77.96	70.34	66.79	62.16	35.9	68.13
81.98	77.95	70.34	66.78	62.15	35.9	68.13
81.96	77.94	70.34	66.78	62.15	35.9	68.12
81.95	77.94	70.33	66.78	62.14	35.9	68.12
81.94	77.93	70.33	66.77	62.14	35.91	68.11
81.92	77.93	70.33	66.77	62.13	35.91	68.1
81.91	77.92	70.33	66.77	62.13	35.91	68.1
81.9	77.91	70.32	66.76	62.13	35.91	68.09
81.89	77.91	70.32	66.76	62.12	35.91	68.09
81.88	77.9	70.32	66.75	62.11	35.92	68.08
81.86	77.89	70.31	66.75	62.11	35.92	68.07
81.85	77.88	70.31	66.74	62.1	35.92	68.06
81.84	77.87	70.31	66.74	62.09	35.92	68.06
81.83	77.86	70.3	66.73	62.09	35.92	68.05
81.81	77.86	70.3	66.73	62.09	35.93	68.05
81.8	77.86	70.3	66.73	62.08	35.93	68.04
81.79	77.85	70.3	66.73	62.08	35.93	68.04
81.78	77.85	70.3	66.72	62.08	35.93	68.04
81.76	77.85	70.3	66.72	62.08	35.93	68.03
81.75	77.84	70.3	66.72	62.07	35.94	68.03
81.74	77.83	70.29	66.71	62.07	35.94	68.02
81.72	77.82	70.29	66.71	62.06	35.94	68.01
81.71	77.81	70.28	66.7	62.05	35.94	68
81.7	77.8	70.28	66.7	62.05	35.94	67.99
81.69	77.8	70.28	66.69	62.04	35.95	67.99
81.68	77.8	70.28	66.72	62.07	35.95	68.01
81.94	77.92	70.36	66.78	62.14	35.95	68.11
81.97	78.03	70.42	66.83	62.21	35.95	68.19
82.14	78.14	70.49	66.88	62.27	35.95	68.27
82.17	78.19	70.53	66.93	62.33	35.96	68.34
82.16	78.19	70.53	66.98	62.39	35.96	68.38
82.18	78.23	70.56	67.03	62.45	35.96	68.44
82.17	78.24	70.56	67.08	62.5	35.96	68.48
82.16	78.23	70.56	67.13	62.56	35.97	68.49
82.14	78.23	70.56	67.18	62.62	35.97	68.5
82.13	78.23	70.56	67.21	62.65	35.97	68.5
82.12	78.22	70.56	67.21	62.64	35.98	68.5
82.1	78.21	70.55	67.2	62.64	35.98	68.49
82.09	78.2	70.55	67.2	62.63	35.98	68.48
82.07	78.2	70.55	67.19	62.63	35.98	68.48
82.06	78.19	70.54	67.19	62.62	35.99	68.47
82.04	78.18	70.54	67.18	62.61	35.99	68.46
82.03	78.16	70.53	67.17	62.6	35.99	68.45
82.01	78.14	70.52	67.16	62.59	36	68.43
81.99	78.12	70.51	67.15	62.58	36	68.41
81.98	78.1	70.5	67.14	62.56	36	68.4
81.96	78.09	70.5	67.13	62.55	36	68.39
81.95	78.08	70.49	67.13	62.55	36.01	68.38
81.93	78.07	70.49	67.12	62.54	36.01	68.38
81.92	78.07	70.49	67.14	62.57	36.01	68.39
81.91	78.07	70.49	67.19	62.63	36.01	68.44
82.03	78.17	70.56	67.24	62.68	36.02	68.52
82.34	78.31	70.66	67.3	62.77	36.02	68.63
82.6	78.42	70.74	67.35	62.84	36.02	68.73
82.84	78.54	70.83	67.41	62.91	36.03	68.82
83.15	78.69	70.95	67.48	63.01	36.03	68.95
83.35	78.79	71.04	67.52	63.07	36.03	69.04
83.36	78.84	71.08	67.56	63.13	36.04	69.1
83.34	78.84	71.08	67.6	63.18	36.04	69.13
83.33	78.83	71.07	67.63	63.21	36.04	69.13
83.31	78.82	71.07	67.62	63.21	36.05	69.12
83.29	78.82	71.06	67.62	63.2	36.05	69.11
83.27	78.81	71.06	67.61	63.2	36.05	69.11
83.25	78.8	71.06	67.61	63.19	36.06	69.1
83.23	78.8	71.05	67.6	63.19	36.06	69.09
83.21	78.79	71.05	67.6	63.18	36.06	69.09
83.19	78.78	71.04	67.59	63.17	36.07	69.08
83.17	78.76	71.04	67.59	63.17	36.07	69.07
83.15	78.75	71.03	67.58	63.16	36.07	69.05
83.13	78.74	71.02	67.57	63.15	36.08	69.04
83.11	78.73	71.02	67.57	63.14	36.08	69.04
83.09	78.72	71.01	67.56	63.14	36.08	69.03
83.07	78.71	71.01	67.56	63.13	36.09	69.02
83.06	78.71	71.01	67.59	63.17	36.09	69.05
83.18	78.79	71.08	67.63	63.23	36.09	69.13
83.46	78.93	71.2	67.7	63.32	36.1	69.25
83.78	79.09	71.34	67.78	63.43	36.1	69.39
84.11	79.28	71.51	67.87	63.56	36.1	69.55
84.41	79.46	71.68	67.96	63.68	36.11	69.71
84.65	79.61	71.84	68.04	63.78	36.11	69.85
84.84	79.73	71.96	68.11	63.86	36.12	69.95
84.92	79.81	72.04	68.15	63.92	36.12	70.02
84.89	79.81	72.04	68.2	63.97	36.12	70.06
84.88	79.8	72.04	68.22	64.01	36.13	70.06
84.85	79.79	72.03	68.22	64	36.13	70.05
84.83	79.79	72.03	68.22	64	36.14	70.05
84.81	79.78	72.03	68.21	64	36.14	70.04
84.8	79.78	72.02	68.21	63.99	36.14	70.04
84.78	79.78	72.02	68.21	63.99	36.15	70.03
84.76	79.77	72.02	68.2	63.99	36.15	70.03
84.74	79.77	72.02	68.2	63.98	36.16	70.02
84.72	79.77	72.02	68.2	63.98	36.16	70.02
84.7	79.76	72.01	68.2	63.98	36.17	70.01
84.68	79.75	72	68.19	63.97	36.17	70
84.66	79.74	72	68.19	63.96	36.17	69.99
84.63	79.73	71.99	68.18	63.96	36.18	69.99
84.61	79.73	71.99	68.18	63.95	36.18	69.98
84.6	79.73	71.99	68.21	64	36.18	70.01
84.76	79.83	72.1	68.27	64.07	36.19	70.1
84.98	79.99	72.26	68.35	64.17	36.19	70.23
85	80.01	72.28	68.36	64.18	36.2	70.25
84.98	80	72.28	68.36	64.18	36.2	70.24
84.96	80	72.27	68.35	64.18	36.21	70.24
84.94	79.99	72.27	68.35	64.17	36.21	70.23
84.92	79.99	72.27	68.35	64.17	36.21	70.22
84.9	79.98	72.26	68.34	64.16	36.22	70.22
84.88	79.97	72.25	68.34	64.15	36.22	70.21
84.86	79.96	72.25	68.33	64.15	36.23	70.2
84.84	79.95	72.24	68.33	64.14	36.23	70.19
84.83	79.95	72.24	68.32	64.14	36.23	70.19
84.81	79.95	72.24	68.32	64.14	36.24	70.18
84.79	79.94	72.23	68.32	64.13	36.24	70.18
84.77	79.94	72.23	68.32	64.13	36.24	70.17
84.75	79.94	72.23	68.31	64.13	36.25	70.17
84.74	79.93	72.23	68.31	64.12	36.25	70.17
84.72	79.93	72.23	68.31	64.12	36.26	70.16
84.7	79.92	72.22	68.3	64.11	36.26	70.15
84.68	79.91	72.21	68.3	64.11	36.26	70.14
84.66	79.9	72.21	68.29	64.1	36.27	70.13
84.64	79.9	72.2	68.29	64.1	36.27	70.13
84.62	79.89	72.2	68.28	64.09	36.28	70.12
84.6	79.88	72.19	68.28	64.09	36.28	70.11
84.58	79.88	72.19	68.28	64.08	36.28	70.11
84.56	79.87	72.19	68.27	64.08	36.29	70.1
84.54	79.87	72.18	68.27	64.07	36.29	70.09
84.52	79.86	72.18	68.27	64.07	36.29	70.09
84.51	79.86	72.18	68.26	64.07	36.3	70.08
84.49	79.85	72.17	68.26	64.06	36.3	70.08
84.47	79.85	72.17	68.26	64.06	36.3	70.07
84.45	79.84	72.16	68.25	64.05	36.31	70.06
84.43	79.83	72.16	68.25	64.04	36.31	70.05
84.41	79.82	72.15	68.24	64.04	36.32	70.04
84.4	79.81	72.14	68.24	64.03	36.32	70.03
84.38	79.81	72.14	68.23	64.03	36.32	70.03
84.36	79.8	72.14	68.23	64.02	36.33	70.02
84.34	79.8	72.13	68.23	64.02	36.33	70.02
84.33	79.8	72.13	68.22	64.02	36.33	70.01
84.31	79.79	72.13	68.22	64.02	36.34	70.01
84.29	79.79	72.13	68.22	64.01	36.34	70
84.27	79.78	72.12	68.21	64.01	36.34	70
84.25	79.77	72.12	68.21	64	36.35	69.99
84.23	79.76	72.11	68.21	63.99	36.35	69.98
84.22	79.76	72.1	68.2	63.99	36.35	69.97
84.2	79.75	72.1	68.2	63.98	36.36	69.96
84.18	79.74	72.09	68.19	63.98	36.36	69.96
84.16	79.74	72.09	68.19	63.97	36.36	69.95
84.14	79.73	72.09	68.18	63.97	36.37	69.94
84.13	79.72	72.08	68.18	63.96	36.37	69.94
84.11	79.72	72.08	68.18	63.96	36.37	69.93
84.09	79.71	72.08	68.17	63.96	36.38	69.93
84.08	79.71	72.07	68.17	63.95	36.38	69.92
84.06	79.7	72.07	68.17	63.95	36.38	69.91
84.04	79.7	72.06	68.16	63.94	36.39	69.91
84.03	79.69	72.06	68.16	63.94	36.39	69.9
84.01	79.68	72.05	68.15	63.93	36.39	69.89
83.99	79.67	72.05	68.15	63.93	36.4	69.88
83.98	79.67	72.04	68.14	63.92	36.4	69.87
83.96	79.66	72.04	68.14	63.92	36.4	69.87
83.94	79.66	72.04	68.14	63.91	36.41	69.86
83.93	79.65	72.03	68.14	63.91	36.41	69.86
83.91	79.65	72.03	68.13	63.91	36.41	69.85
83.89	79.64	72.03	68.13	63.9	36.41	69.85
83.88	79.64	72.02	68.12	63.9	36.42	69.84
83.86	79.63	72.02	68.12	63.89	36.42	69.83
83.84	79.61	72.01	68.11	63.88	36.42	69.82
83.82	79.6	72	68.11	63.87	36.43	69.81
83.8	79.6	71.99	68.1	63.87	36.43	69.8
83.79	79.59	71.99	68.1	63.86	36.43	69.79
83.77	79.58	71.98	68.09	63.86	36.44	69.79
83.75	79.58	71.98	68.09	63.85	36.44	69.78
83.74	79.57	71.98	68.09	63.85	36.44	69.77
83.72	79.56	71.97	68.08	63.84	36.44	69.77
83.71	79.56	71.97	68.08	63.84	36.45	69.76
83.69	79.55	71.97	68.08	63.84	36.45	69.76
83.68	79.55	71.96	68.07	63.83	36.45	69.75
83.66	79.54	71.96	68.07	63.83	36.46	69.74
83.65	79.54	71.96	68.07	63.82	36.46	69.74
83.63	79.53	71.95	68.06	63.82	36.46	69.73
83.61	79.52	71.94	68.06	63.81	36.46	69.72
83.6	79.51	71.94	68.05	63.8	36.47	69.71
83.58	79.5	71.93	68.05	63.8	36.47	69.7
83.57	79.5	71.93	68.04	63.79	36.47	69.7
83.55	79.49	71.92	68.04	63.79	36.48	69.69
83.53	79.48	71.92	68.03	63.78	36.48	69.68
83.52	79.47	71.91	68.03	63.78	36.48	69.67
83.5	79.46	71.91	68.02	63.77	36.48	69.66
83.48	79.45	71.9	68.01	63.76	36.49	69.65
83.47	79.44	71.89	68.01	63.75	36.49	69.64
83.45	79.41	71.87	67.99	63.73	36.49	69.62
83.43	79.4	71.86	67.99	63.72	36.5	69.6
83.41	79.39	71.85	67.98	63.72	36.5	69.59
83.4	79.38	71.85	67.98	63.71	36.5	69.59
83.38	79.38	71.84	67.97	63.71	36.5	69.58
83.36	79.37	71.84	67.97	63.7	36.51	69.57
83.35	79.36	71.84	67.97	63.7	36.51	69.57
83.33	79.36	71.83	67.96	63.69	36.51	69.56
83.32	79.35	71.83	67.96	63.69	36.51	69.55
83.31	79.35	71.83	67.96	63.69	36.52	69.55
83.29	79.34	71.82	67.95	63.68	36.52	69.54
83.28	79.34	71.82	67.95	63.68	36.52	69.54
83.27	79.33	71.82	67.94	63.67	36.52	69.53
83.25	79.33	71.81	67.94	63.67	36.53	69.52
83.24	79.32	71.81	67.94	63.66	36.53	69.52
83.22	79.31	71.8	67.93	63.65	36.53	69.51
83.21	79.3	71.8	67.93	63.65	36.53	69.5
83.19	79.3	71.79	67.92	63.64	36.54	69.49
83.18	79.29	71.79	67.92	63.64	36.54	69.49
83.17	79.29	71.79	67.92	63.64	36.54	69.49
83.15	79.29	71.79	67.92	63.64	36.54	69.48
83.14	79.28	71.79	67.91	63.63	36.55	69.48
83.12	79.28	71.79	67.91	63.63	36.55	69.48
83.11	79.28	71.78	67.91	63.63	36.55	69.47
83.09	79.27	71.78	67.9	63.62	36.55	69.46
83.08	79.26	71.77	67.9	63.61	36.56	69.45
83.06	79.24	71.76	67.89	63.6	36.56	69.44
83.04	79.23	71.75	67.88	63.6	36.56	69.43
83.03	79.22	71.74	67.88	63.59	36.56	69.42
83.01	79.21	71.74	67.87	63.58	36.56	69.41
83	79.2	71.73	67.87	63.57	36.57	69.4
82.98	79.2	71.73	67.86	63.57	36.57	69.39
82.97	79.19	71.73	67.86	63.57	36.57	69.39
82.95	79.19	71.72	67.86	63.56	36.57	69.38
82.94	79.18	71.72	67.85	63.56	36.58	69.38
82.93	79.18	71.72	67.85	63.55	36.58	69.37
82.91	79.17	71.71	67.85	63.55	36.58	69.36
82.9	79.16	71.71	67.84	63.54	36.58	69.36
82.88	79.15	71.7	67.84	63.54	36.59	69.35
82.87	79.14	71.7	67.83	63.53	36.59	69.34
82.86	79.14	71.69	67.83	63.52	36.59	69.33
82.84	79.13	71.69	67.82	63.52	36.59	69.33
82.83	79.12	71.68	67.82	63.52	36.59	69.32
82.81	79.12	71.68	67.81	63.51	36.6	69.31
82.8	79.11	71.68	67.81	63.51	36.6	69.31
82.78	79.11	71.68	67.81	63.5	36.6	69.3
82.77	79.11	71.67	67.81	63.5	36.6	69.3
82.76	79.1	71.67	67.8	63.5	36.61	69.29
82.74	79.09	71.66	67.8	63.49	36.61	69.28
82.72	79.08	71.65	67.79	63.48	36.61	69.27
82.71	79.06	71.64	67.78	63.47	36.61	69.26
82.69	79.04	71.63	67.77	63.46	36.61	69.24
82.68	79.02	71.62	67.76	63.44	36.62	69.22
82.66	79.01	71.61	67.75	63.43	36.62	69.21
82.65	78.99	71.6	67.74	63.42	36.62	69.2
82.63	78.98	71.59	67.74	63.41	36.62	69.18
82.62	78.97	71.58	67.73	63.4	36.62	69.17
82.6	78.95	71.57	67.72	63.39	36.63	69.16
82.59	78.94	71.57	67.72	63.38	36.63	69.15
82.58	78.93	71.56	67.71	63.37	36.63	69.14
82.56	78.91	71.55	67.7	63.36	36.63	69.12
82.55	78.9	71.54	67.69	63.35	36.63	69.11
82.53	78.88	71.52	67.68	63.34	36.64	69.09
82.52	78.86	71.51	67.67	63.32	36.64	69.07
82.5	78.84	71.5	67.66	63.31	36.64	69.06
82.49	78.82	71.49	67.65	63.3	36.64	69.04
82.47	78.81	71.48	67.64	63.29	36.64	69.03
82.46	78.79	71.47	67.63	63.28	36.65	69.02
82.44	78.78	71.46	67.63	63.27	36.65	69
82.43	78.76	71.45	67.62	63.25	36.65	68.99
82.41	78.74	71.44	67.61	63.24	36.65	68.97
82.39	78.72	71.42	67.59	63.22	36.65	68.95
82.37	78.67	71.39	67.57	63.19	36.66	68.92
82.35	78.63	71.36	67.54	63.16	36.66	68.88
82.33	78.59	71.34	67.52	63.13	36.66	68.85
82.31	78.56	71.32	67.51	63.1	36.66	68.82
82.3	78.53	71.3	67.49	63.08	36.66	68.8
82.28	78.5	71.29	67.48	63.07	36.66	68.77
82.26	78.48	71.27	67.47	63.05	36.67	68.76
82.24	78.46	71.26	67.45	63.03	36.67	68.74
82.23	78.44	71.25	67.44	63.02	36.67	68.72
82.21	78.43	71.24	67.44	63.01	36.67	68.71
82.2	78.41	71.23	67.43	63	36.67	68.69
82.18	78.39	71.22	67.41	62.98	36.67	68.68
82.16	78.36	71.2	67.4	62.95	36.68	68.65
82.14	78.32	71.17	67.38	62.93	36.68	68.62
82.12	78.28	71.15	67.36	62.89	36.68	68.59
82.1	78.23	71.12	67.33	62.86	36.68	68.55
82.08	78.2	71.1	67.31	62.83	36.68	68.52
82.06	78.17	71.09	67.3	62.81	36.68	68.5
82.05	78.15	71.07	67.29	62.8	36.69	68.48
82.03	78.13	71.06	67.28	62.78	36.69	68.46
82.01	78.11	71.05	67.27	62.76	36.69	68.45
81.99	78.09	71.04	67.25	62.75	36.69	68.43
81.97	78.06	71.02	67.24	62.72	36.69	68.41
81.95	78.03	71	67.22	62.7	36.69	68.38
81.93	77.98	70.97	67.19	62.66	36.7	68.34
81.91	77.93	70.94	67.17	62.61	36.7	68.3
81.88	77.89	70.92	67.14	62.58	36.7	68.27
81.86	77.85	70.9	67.12	62.55	36.7	68.24
81.84	77.82	70.88	67.11	62.52	36.7	68.21
81.82	77.8	70.87	67.1	62.51	36.7	68.2
81.8	77.78	70.86	67.09	62.49	36.7	68.18
81.78	77.77	70.85	67.08	62.48	36.71	68.17
81.76	77.75	70.84	67.07	62.46	36.71	68.16
81.75	77.74	70.83	67.06	62.45	36.71	68.14
81.73	77.73	70.83	67.05	62.44	36.71	68.13
81.71	77.71	70.82	67.04	62.42	36.71	68.12
81.7	77.69	70.8	67.03	62.4	36.71	68.1
81.68	77.65	70.78	67.01	62.37	36.72	68.07
81.65	77.61	70.76	66.99	62.33	36.72	68.04
81.63	77.57	70.74	66.97	62.3	36.72	68.01
81.61	77.53	70.72	66.95	62.26	36.72	67.98
81.59	77.5	70.7	66.93	62.24	36.72	67.95
81.56	77.48	70.69	66.92	62.21	36.72	67.93
81.54	77.46	70.67	66.91	62.19	36.72	67.91
81.52	77.43	70.66	66.89	62.17	36.73	67.89
81.5	77.4	70.65	66.88	62.14	36.73	67.87
81.48	77.37	70.63	66.86	62.11	36.73	67.84
81.46	77.32	70.6	66.83	62.07	36.73	67.81
81.43	77.27	70.57	66.8	62.01	36.73	67.77
81.41	77.21	70.54	66.77	61.96	36.73	67.72
81.39	77.18	70.52	66.75	61.92	36.73	67.69
81.36	77.15	70.51	66.74	61.89	36.74	67.67
81.34	77.13	70.5	66.73	61.87	36.74	67.66
81.31	77.12	70.49	66.74	61.89	36.74	67.66
81.3	77.12	70.49	66.78	61.96	36.74	67.72
81.42	77.2	70.54	66.83	62.03	36.74	67.79
81.82	77.35	70.65	66.91	62.15	36.74	67.94
82.26	77.52	70.77	67	62.29	36.75	68.1
82.68	77.7	70.89	67.1	62.42	36.75	68.27
83	77.84	71	67.18	62.54	36.75	68.41
83.23	77.95	71.09	67.24	62.62	36.75	68.51
83.29	78	71.13	67.28	62.67	36.75	68.57
83.27	78	71.13	67.32	62.72	36.76	68.59
83.25	77.99	71.11	67.32	62.73	36.76	68.58
83.23	77.95	71.09	67.31	62.7	36.76	68.55
83.2	77.93	71.08	67.29	62.68	36.76	68.53
83.18	77.91	71.06	67.28	62.66	36.76	68.51
83.16	77.88	71.05	67.27	62.64	36.77	68.49
83.13	77.86	71.04	67.25	62.62	36.77	68.47
83.11	77.84	71.02	67.24	62.6	36.77	68.45
83.08	77.81	71.01	67.22	62.57	36.77	68.42
83.06	77.77	70.98	67.2	62.53	36.77	68.39
83.03	77.72	70.95	67.17	62.48	36.78	68.35
83.01	77.67	70.92	67.15	62.44	36.78	68.31
82.98	77.64	70.9	67.13	62.4	36.78	68.28
82.96	77.61	70.88	67.11	62.38	36.78	68.25
82.93	77.6	70.88	67.1	62.37	36.78	68.24
82.91	77.59	70.87	67.13	62.4	36.79	68.26
82.88	77.62	70.89	67.18	62.47	36.79	68.33
83.03	77.73	70.97	67.24	62.56	36.79	68.44
83.32	77.86	71.08	67.32	62.67	36.79	68.57
83.63	78.02	71.2	67.41	62.79	36.79	68.72
83.95	78.19	71.33	67.52	62.92	36.8	68.88
84.21	78.34	71.45	67.61	63.03	36.8	69.02
84.38	78.46	71.54	67.68	63.12	36.8	69.12
84.39	78.5	71.58	67.72	63.17	36.8	69.18
84.37	78.5	71.58	67.76	63.22	36.81	69.2
84.35	78.48	71.57	67.77	63.22	36.81	69.18
84.33	78.46	71.55	67.75	63.2	36.81	69.16
84.3	78.44	71.53	67.74	63.18	36.81	69.14
84.28	78.42	71.52	67.73	63.17	36.82	69.12
84.25	78.4	71.51	67.72	63.15	36.82	69.11
84.23	78.39	71.5	67.71	63.14	36.82	69.09
84.2	78.37	71.49	67.7	63.12	36.82	69.07
84.18	78.35	71.47	67.68	63.1	36.83	69.06
84.15	78.32	71.45	67.66	63.08	36.83	69.03
84.13	78.28	71.43	67.64	63.04	36.83	68.99
84.1	78.24	71.4	67.62	63.01	36.83	68.96
84.07	78.22	71.39	67.6	62.99	36.84	68.93
84.04	78.2	71.38	67.59	62.97	36.84	68.92
84.02	78.19	71.37	67.59	62.96	36.84	68.91
83.99	78.19	71.37	67.63	63.01	36.84	68.94
84.06	78.3	71.45	67.69	63.09	36.84	69.04
84.32	78.46	71.58	67.79	63.21	36.85	69.18
84.6	78.64	71.72	67.89	63.34	36.85	69.35
84.86	78.83	71.87	68	63.47	36.85	69.5
85.01	78.95	71.97	68.06	63.55	36.85	69.61
84.99	78.95	71.96	68.06	63.54	36.86	69.6
84.97	78.94	71.96	68.05	63.54	36.86	69.59
84.95	78.93	71.95	68.05	63.53	36.86	69.59
84.92	78.92	71.95	68.04	63.52	36.87	69.57
84.9	78.91	71.94	68.04	63.51	36.87	69.56
84.88	78.9	71.93	68.03	63.5	36.87	69.55
84.85	78.89	71.92	68.02	63.49	36.87	69.54
84.83	78.89	71.92	68.02	63.49	36.88	69.53
84.8	78.88	71.91	68.01	63.48	36.88	69.52
84.78	78.87	71.91	68.01	63.47	36.88	69.52
84.76	78.86	71.9	68	63.47	36.89	69.51
84.73	78.85	71.89	67.99	63.46	36.89	69.5
84.71	78.84	71.88	67.98	63.44	36.89	69.48
84.68	78.81	71.86	67.97	63.42	36.89	69.45
84.65	78.78	71.84	67.95	63.39	36.9	69.42
84.63	78.75	71.82	67.93	63.37	36.9	69.4
84.6	78.72	71.8	67.92	63.35	36.9	69.37
84.58	78.7	71.79	67.9	63.32	36.9	69.35
84.55	78.67	71.77	67.89	63.3	36.91	69.33
84.53	78.66	71.76	67.87	63.29	36.91	69.31
84.5	78.64	71.74	67.86	63.27	36.91	69.29
84.48	78.62	71.73	67.85	63.25	36.91	69.27
84.45	78.6	71.72	67.84	63.24	36.91	69.25
84.43	78.58	71.71	67.83	63.22	36.92	69.23
84.41	78.56	71.69	67.82	63.2	36.92	69.21
84.39	78.53	71.68	67.8	63.18	36.92	69.19
84.36	78.51	71.66	67.78	63.16	36.92	69.16
84.34	78.48	71.64	67.77	63.13	36.93	69.14
84.32	78.44	71.62	67.75	63.1	36.93	69.11
84.29	78.42	71.6	67.73	63.08	36.93	69.08
84.27	78.4	71.58	67.72	63.06	36.93	69.06
84.24	78.38	71.57	67.71	63.05	36.93	69.05
84.22	78.37	71.56	67.7	63.03	36.94	69.03
84.19	78.35	71.55	67.69	63.02	36.94	69.02
84.17	78.33	71.54	67.68	63	36.94	69
84.14	78.31	71.53	67.66	62.98	36.94	68.98
84.11	78.28	71.51	67.65	62.96	36.94	68.95
84.09	78.25	71.49	67.63	62.92	36.95	68.92
84.06	78.21	71.46	67.6	62.89	36.95	68.89
84.03	78.18	71.44	67.58	62.86	36.95	68.86
84	78.15	71.43	67.57	62.83	36.95	68.83
83.98	78.13	71.41	67.55	62.81	36.95	68.81
83.95	78.11	71.4	67.54	62.79	36.95	68.79
83.92	78.08	71.38	67.53	62.77	36.96	68.77
83.9	78.05	71.37	67.51	62.74	36.96	68.74
83.87	78.03	71.35	67.5	62.72	36.96	68.72
83.85	78	71.33	67.48	62.69	36.96	68.7
83.83	77.97	71.32	67.46	62.67	36.96	68.67
83.8	77.94	71.3	67.44	62.64	36.97	68.64
83.78	77.91	71.28	67.42	62.6	36.97	68.61
83.75	77.87	71.25	67.4	62.57	36.97	68.58
83.73	77.83	71.23	67.38	62.53	36.97	68.54
83.7	77.8	71.21	67.35	62.49	36.97	68.51
83.68	77.77	71.19	67.34	62.47	36.97	68.49
83.65	77.74	71.18	67.32	62.44	36.98	68.47
83.63	77.72	71.17	67.31	62.42	36.98	68.45
83.6	77.71	71.16	67.3	62.41	36.98	68.43
83.57	77.69	71.15	67.29	62.39	36.98	68.41
83.55	77.67	71.13	67.28	62.37	36.98	68.4
83.52	77.65	71.12	67.26	62.34	36.98	68.37
83.49	77.61	71.1	67.24	62.31	36.98	68.35
83.47	77.57	71.07	67.22	62.26	36.99	68.31
83.44	77.52	71.04	67.18	62.21	36.99	68.26
83.41	77.47	71.02	67.16	62.16	36.99	68.22
83.38	77.42	70.99	67.13	62.12	36.99	68.18
83.35	77.39	70.97	67.11	62.08	36.99	68.15
83.33	77.35	70.95	67.09	62.04	36.99	68.12
83.3	77.32	70.93	67.07	62.01	36.99	68.1
83.27	77.29	70.92	67.05	61.98	37	68.07
83.25	77.27	70.9	67.03	61.95	37	68.04
83.22	77.24	70.89	67.01	61.91	37	68.02
83.2	77.21	70.87	67	61.88	37	67.99
83.17	77.18	70.85	66.98	61.85	37	67.97
83.15	77.14	70.83	66.96	61.81	37	67.94
83.12	77.11	70.81	66.94	61.77	37.01	67.91
83.09	77.07	70.79	66.91	61.73	37.01	67.88
83.07	77.04	70.77	66.89	61.69	37.01	67.85
83.04	77.01	70.76	66.87	61.66	37.01	67.82
83.01	76.99	70.75	66.86	61.63	37.01	67.8
82.99	76.97	70.73	66.85	61.61	37.01	67.78
82.96	76.95	70.72	66.84	61.59	37.01	67.77
82.93	76.93	70.71	66.82	61.56	37.01	67.75
82.9	76.91	70.7	66.81	61.54	37.02	67.73
82.87	76.88	70.69	66.79	61.51	37.02	67.71
82.85	76.85	70.67	66.77	61.47	37.02	67.68
82.82	76.8	70.64	66.74	61.41	37.02	67.64
82.79	76.75	70.61	66.71	61.35	37.02	67.6
82.76	76.71	70.59	66.69	61.3	37.02	67.56
82.73	76.68	70.57	66.67	61.27	37.02	67.53
82.7	76.66	70.56	66.65	61.24	37.03	67.52
82.67	76.64	70.55	66.64	61.22	37.03	67.5
82.64	76.63	70.55	66.64	61.21	37.03	67.49
82.62	76.62	70.54	66.63	61.19	37.03	67.48
82.59	76.61	70.54	66.62	61.19	37.03	67.47
82.56	76.61	70.54	66.62	61.18	37.03	67.47
82.54	76.6	70.53	66.62	61.17	37.03	67.46
82.51	76.59	70.53	66.61	61.16	37.04	67.45
82.48	76.57	70.51	66.6	61.13	37.04	67.43
82.46	76.54	70.5	66.58	61.1	37.04	67.41
82.43	76.51	70.48	66.56	61.05	37.04	67.38
82.41	76.47	70.46	66.53	61.01	37.04	67.35
82.38	76.44	70.44	66.52	60.97	37.04	67.32
82.35	76.42	70.43	66.5	60.94	37.04	67.3
82.33	76.4	70.42	66.49	60.92	37.04	67.28
82.3	76.38	70.41	66.47	60.89	37.05	67.27
82.27	76.36	70.4	66.46	60.86	37.05	67.25
82.24	76.34	70.39	66.45	60.84	37.05	67.23
82.22	76.31	70.37	66.43	60.8	37.05	67.21
82.19	76.27	70.35	66.41	60.75	37.05	67.17
82.16	76.23	70.32	66.37	60.69	37.05	67.13
82.13	76.18	70.3	66.34	60.62	37.05	67.09
82.1	76.13	70.27	66.31	60.56	37.06	67.06
82.07	76.1	70.26	66.29	60.52	37.06	67.03
82.04	76.07	70.24	66.28	60.48	37.06	67.01
82.01	76.06	70.23	66.27	60.46	37.06	66.99
81.98	76.05	70.23	66.26	60.45	37.06	66.98
81.96	76.04	70.22	66.25	60.44	37.06	66.98
81.93	76.04	70.22	66.25	60.44	37.06	66.97
81.9	76.04	70.22	66.25	60.43	37.06	66.97
81.87	76.03	70.22	66.25	60.42	37.07	66.96
81.85	76.02	70.21	66.24	60.41	37.07	66.95
81.82	76.01	70.2	66.23	60.39	37.07	66.94
81.8	75.99	70.19	66.21	60.36	37.07	66.92
81.77	75.96	70.18	66.2	60.32	37.07	66.9
81.74	75.93	70.16	66.18	60.29	37.07	66.87
81.72	75.91	70.15	66.16	60.25	37.07	66.85
81.69	75.89	70.14	66.15	60.23	37.07	66.84
81.66	75.87	70.13	66.14	60.21	37.08	66.82
81.63	75.86	70.12	66.13	60.18	37.08	66.8
81.6	75.84	70.11	66.12	60.16	37.08	66.79
81.58	75.82	70.1	66.1	60.13	37.08	66.77
81.55	75.8	70.08	66.09	60.1	37.08	66.75
81.52	75.76	70.06	66.06	60.05	37.08	66.72
81.49	75.72	70.04	66.03	59.98	37.08	66.68
81.46	75.68	70.02	66.01	59.92	37.08	66.65
81.43	75.64	70	65.98	59.87	37.09	66.62
81.4	75.62	69.98	65.96	59.84	37.09	66.6
81.37	75.6	69.98	65.95	59.82	37.09	66.58
81.34	75.59	69.97	65.95	59.8	37.09	66.57
81.31	75.59	69.97	66	59.9	37.09	66.62
81.28	75.62	69.99	66.05	60	37.09	66.69
81.26	75.65	70	66.1	60.11	37.09	66.75
81.23	75.71	70.04	66.16	60.21	37.09	66.83
81.21	75.77	70.07	66.21	60.31	37.1	66.9
81.18	75.77	70.07	66.27	60.41	37.1	66.96
81.16	75.77	70.07	66.32	60.49	37.1	67
81.14	75.77	70.07	66.36	60.57	37.1	67.02
81.12	75.77	70.07	66.41	60.65	37.1	67.04
81.09	75.75	70.06	66.41	60.64	37.1	67.02
81.07	75.73	70.05	66.4	60.62	37.1	67
81.04	75.71	70.04	66.38	60.59	37.11	66.99
81.02	75.7	70.04	66.37	60.57	37.11	66.97
81	75.68	70.03	66.36	60.55	37.11	66.96
80.97	75.66	70.02	66.35	60.53	37.11	66.94
80.95	75.64	70.02	66.34	60.5	37.11	66.92
80.92	75.62	70.01	66.32	60.47	37.11	66.9
80.9	75.59	69.99	66.3	60.43	37.12	66.87
80.87	75.55	69.98	66.27	60.37	37.12	66.84
80.84	75.5	69.96	66.24	60.3	37.12	66.8
80.82	75.47	69.94	66.21	60.26	37.12	66.77
80.79	75.44	69.93	66.19	60.22	37.12	66.74
80.76	75.42	69.93	66.18	60.19	37.12	66.73
80.74	75.41	69.92	66.2	60.22	37.12	66.74
80.74	75.49	69.97	66.26	60.33	37.13	66.82
81.18	75.63	70.04	66.36	60.49	37.13	66.96
81.66	75.8	70.14	66.47	60.67	37.13	67.13
82.1	75.97	70.24	66.59	60.85	37.13	67.29
82.48	76.13	70.33	66.69	61.01	37.13	67.45
82.82	76.28	70.42	66.79	61.16	37.13	67.59
83.05	76.39	70.48	66.87	61.27	37.13	67.69
83.06	76.44	70.51	66.92	61.34	37.14	67.75
83.04	76.43	70.51	66.96	61.41	37.14	67.77
83.02	76.42	70.5	66.96	61.4	37.14	67.76
82.99	76.39	70.49	66.95	61.38	37.14	67.74
82.97	76.38	70.48	66.93	61.36	37.14	67.72
82.94	76.36	70.47	66.92	61.34	37.15	67.7
82.92	76.35	70.47	66.91	61.32	37.15	67.69
82.89	76.34	70.46	66.9	61.31	37.15	67.68
82.87	76.32	70.45	66.89	61.29	37.15	67.66
82.84	76.3	70.44	66.88	61.27	37.15	67.64
82.82	76.28	70.43	66.86	61.24	37.16	67.62
82.79	76.25	70.42	66.84	61.2	37.16	67.59
82.76	76.21	70.4	66.81	61.15	37.16	67.56
82.74	76.18	70.38	66.79	61.12	37.16	67.53
82.71	76.16	70.37	66.78	61.09	37.16	67.51
82.68	76.15	70.37	66.77	61.08	37.16	67.5
82.66	76.15	70.37	66.77	61.07	37.17	67.49
82.63	76.14	70.36	66.76	61.07	37.17	67.49
82.6	76.14	70.36	66.76	61.06	37.17	67.48
82.58	76.13	70.36	66.75	61.06	37.17	67.48
82.55	76.13	70.36	66.75	61.05	37.17	67.47
82.52	76.13	70.35	66.75	61.05	37.17	67.47
82.5	76.12	70.35	66.74	61.04	37.18	67.46
82.47	76.12	70.35	66.74	61.03	37.18	67.45
82.45	76.11	70.35	66.73	61.02	37.18	67.45
82.42	76.1	70.34	66.73	61.01	37.18	67.44
82.39	76.09	70.34	66.72	61.01	37.18	67.43
82.37	76.09	70.33	66.72	61	37.18	67.42
82.34	76.08	70.33	66.71	60.99	37.18	67.42
82.32	76.08	70.33	66.71	60.98	37.19	67.41
82.29	76.07	70.33	66.7	60.97	37.19	67.4
82.26	76.07	70.32	66.7	60.97	37.19	67.4
82.24	76.06	70.32	66.69	60.96	37.19	67.39
82.21	76.05	70.32	66.69	60.95	37.19	67.38
82.19	76.04	70.31	66.68	60.94	37.19	67.37
82.16	76.03	70.3	66.67	60.92	37.2	67.35
82.13	76.01	70.29	66.65	60.89	37.2	67.34
82.11	75.99	70.29	66.64	60.88	37.2	67.32
82.08	75.99	70.28	66.64	60.87	37.2	67.31
82.06	75.98	70.28	66.63	60.86	37.2	67.31
82.03	75.98	70.28	66.63	60.85	37.2	67.3
82.01	75.97	70.28	66.63	60.85	37.2	67.3
81.98	75.97	70.27	66.62	60.84	37.21	67.29
81.96	75.96	70.27	66.62	60.84	37.21	67.29
81.93	75.96	70.27	66.62	60.83	37.21	67.28
81.91	75.96	70.27	66.61	60.83	37.21	67.28
81.88	75.95	70.26	66.61	60.82	37.21	67.27
81.86	75.95	70.26	66.6	60.81	37.21	67.26
81.83	75.94	70.26	66.6	60.8	37.22	67.25
81.81	75.92	70.25	66.59	60.78	37.22	67.24
81.78	75.91	70.24	66.57	60.76	37.22	67.22
81.76	75.89	70.23	66.56	60.74	37.22	67.21
81.73	75.88	70.23	66.56	60.73	37.22	67.2
81.71	75.87	70.22	66.55	60.72	37.22	67.19
81.68	75.86	70.22	66.54	60.71	37.22	67.18
81.66	75.85	70.21	66.53	60.69	37.23	67.17
81.63	75.84	70.21	66.52	60.68	37.23	67.16
81.61	75.83	70.2	66.51	60.66	37.23	67.14
81.58	75.81	70.19	66.5	60.64	37.23	67.13
81.55	75.78	70.18	66.48	60.6	37.23	67.1
81.53	75.76	70.17	66.46	60.57	37.23	67.08
81.5	75.74	70.16	66.45	60.55	37.23	67.06
81.47	75.73	70.15	66.44	60.53	37.23	67.05
81.45	75.72	70.15	66.44	60.53	37.24	67.04
81.42	75.72	70.15	66.43	60.52	37.24	67.04
81.4	75.72	70.15	66.43	60.51	37.24	67.03
81.37	75.71	70.14	66.44	60.53	37.24	67.04
81.35	75.71	70.14	66.5	60.63	37.24	67.07
81.32	75.71	70.14	66.56	60.72	37.24	67.1
81.3	75.71	70.14	66.61	60.81	37.24	67.15
81.27	75.71	70.14	66.67	60.9	37.25	67.19
81.28	75.75	70.16	66.72	60.99	37.25	67.24
81.27	75.81	70.19	66.78	61.07	37.25	67.3
81.25	75.8	70.19	66.81	61.13	37.25	67.31
81.23	75.79	70.18	66.8	61.11	37.25	67.3
81.21	75.77	70.17	66.79	61.09	37.25	67.28
81.18	75.76	70.17	66.78	61.07	37.26	67.27
81.16	75.74	70.16	66.77	61.06	37.26	67.26
81.13	75.73	70.16	66.76	61.04	37.26	67.25
81.11	75.72	70.15	66.75	61.03	37.26	67.24
81.08	75.71	70.14	66.74	61.02	37.26	67.22
81.06	75.7	70.14	66.74	61	37.26	67.21
81.04	75.69	70.13	66.72	60.98	37.27	67.2
81.01	75.67	70.12	66.71	60.96	37.27	67.18
80.98	75.64	70.11	66.69	60.92	37.27	67.15
80.96	75.62	70.1	66.67	60.9	37.27	67.13
80.93	75.6	70.09	66.66	60.87	37.27	67.12
80.91	75.59	70.08	66.65	60.86	37.27	67.1
80.88	75.59	70.08	66.68	60.9	37.28	67.13
81.02	75.68	70.13	66.73	60.99	37.28	67.2
81.33	75.79	70.19	66.8	61.11	37.28	67.32
81.77	75.95	70.28	66.9	61.27	37.28	67.47
82.16	76.12	70.37	66.99	61.42	37.28	67.62
82.5	76.27	70.45	67.07	61.56	37.28	67.76
82.81	76.42	70.53	67.15	61.69	37.29	67.89
82.99	76.52	70.59	67.21	61.78	37.29	67.98
82.99	76.55	70.61	67.25	61.85	37.29	68.03
82.97	76.55	70.61	67.29	61.91	37.29	68.05
82.94	76.53	70.6	67.28	61.89	37.29	68.03
82.92	76.51	70.59	67.26	61.87	37.3	68.01
82.89	76.5	70.58	67.25	61.85	37.3	67.99
82.87	76.48	70.57	67.25	61.84	37.3	67.98
82.84	76.47	70.57	67.24	61.83	37.3	67.97
82.81	76.47	70.56	67.23	61.82	37.3	67.96
82.79	76.46	70.56	67.22	61.81	37.31	67.95
82.76	76.44	70.55	67.22	61.79	37.31	67.94
82.74	76.43	70.54	67.2	61.77	37.31	67.92
82.71	76.4	70.53	67.19	61.75	37.31	67.9
82.68	76.37	70.51	67.17	61.72	37.31	67.87
82.66	76.35	70.5	67.15	61.69	37.32	67.85
82.63	76.33	70.49	67.14	61.67	37.32	67.83
82.6	76.33	70.49	67.14	61.66	37.32	67.83
82.58	76.32	70.48	67.13	61.66	37.32	67.82
82.55	76.32	70.48	67.13	61.65	37.32	67.81
82.53	76.31	70.48	67.12	61.65	37.33	67.81
82.5	76.31	70.47	67.12	61.64	37.33	67.8
82.47	76.29	70.47	67.11	61.62	37.33	67.79
82.45	76.27	70.46	67.1	61.6	37.33	67.77
82.42	76.25	70.45	67.08	61.58	37.33	67.75
82.4	76.23	70.43	67.07	61.55	37.33	67.73
82.39	76.27	70.45	67.09	61.58	37.34	67.76
82.37	76.27	70.46	67.12	61.65	37.34	67.78
82.34	76.25	70.44	67.11	61.63	37.34	67.76
82.32	76.23	70.43	67.1	61.6	37.34	67.74
82.3	76.21	70.42	67.09	61.59	37.34	67.73
82.27	76.2	70.42	67.08	61.57	37.35	67.72
82.25	76.19	70.41	67.07	61.56	37.35	67.71
82.22	76.18	70.41	67.06	61.55	37.35	67.7
82.2	76.18	70.4	67.06	61.54	37.35	67.69
82.17	76.16	70.4	67.05	61.53	37.35	67.67
82.14	76.15	70.39	67.04	61.51	37.35	67.66
82.12	76.12	70.37	67.02	61.48	37.36	67.63
82.09	76.09	70.36	67	61.44	37.36	67.6
82.07	76.05	70.34	66.97	61.4	37.36	67.57
82.04	76.03	70.32	66.95	61.37	37.36	67.55
82.02	76	70.31	66.94	61.35	37.36	67.53
81.99	76	70.31	66.96	61.38	37.36	67.54
82.09	76.09	70.36	67.01	61.46	37.37	67.62
82.39	76.23	70.43	67.08	61.58	37.37	67.74
82.62	76.34	70.5	67.13	61.67	37.37	67.84
82.94	76.49	70.58	67.21	61.8	37.37	67.97
83.21	76.63	70.66	67.28	61.92	37.37	68.09
83.35	76.73	70.72	67.33	62	37.38	68.17
83.54	76.85	70.78	67.39	62.09	37.38	68.27
83.57	76.9	70.81	67.42	62.15	37.38	68.32
83.55	76.9	70.81	67.45	62.21	37.38	68.34
83.53	76.88	70.8	67.45	62.2	37.38	68.32
83.5	76.86	70.78	67.44	62.18	37.39	68.3
83.48	76.84	70.78	67.43	62.16	37.39	68.28
83.45	76.83	70.77	67.42	62.15	37.39	68.27
83.43	76.82	70.76	67.41	62.14	37.39	68.26
83.4	76.81	70.76	67.4	62.13	37.4	68.25
83.38	76.8	70.75	67.4	62.12	37.4	68.24
83.35	76.79	70.75	67.39	62.11	37.4	68.23
83.33	76.78	70.74	67.38	62.1	37.4	68.22
83.3	76.76	70.73	67.37	62.07	37.4	68.2
83.28	76.73	70.71	67.35	62.05	37.41	68.18
83.25	76.72	70.7	67.34	62.03	37.41	68.16
83.22	76.7	70.69	67.33	62.01	37.41	68.14
83.2	76.68	70.69	67.32	62	37.41	68.13
83.17	76.68	70.68	67.33	62.01	37.41	68.13
83.14	76.68	70.68	67.36	62.07	37.42	68.16
83.16	76.73	70.71	67.4	62.14	37.42	68.23
83.18	76.78	70.74	67.45	62.21	37.42	68.29
83.25	76.83	70.77	67.49	62.29	37.42	68.36
83.47	76.96	70.84	67.55	62.38	37.42	68.46
83.66	77.08	70.9	67.61	62.48	37.43	68.57
83.76	77.18	70.96	67.65	62.56	37.43	68.64
83.73	77.18	70.96	67.69	62.62	37.43	68.69
83.71	77.18	70.96	67.73	62.69	37.43	68.71
83.69	77.16	70.95	67.72	62.67	37.44	68.69
83.67	77.15	70.94	67.71	62.66	37.44	68.68
83.64	77.13	70.93	67.71	62.64	37.44	68.66
83.62	77.12	70.93	67.7	62.63	37.44	68.66
83.59	77.12	70.92	67.69	62.63	37.45	68.65
83.57	77.11	70.92	67.69	62.62	37.45	68.64
83.54	77.1	70.91	67.68	62.61	37.45	68.63
83.51	77.09	70.91	67.68	62.6	37.45	68.62
83.49	77.07	70.9	67.67	62.58	37.46	68.6
83.46	77.05	70.89	67.65	62.56	37.46	68.58
83.44	77.03	70.88	67.64	62.54	37.46	68.56
83.41	77.02	70.87	67.63	62.53	37.46	68.55
83.38	77.01	70.87	67.63	62.52	37.46	68.54
83.36	77.01	70.87	67.62	62.51	37.47	68.53
83.33	77	70.86	67.65	62.55	37.47	68.55
83.44	77.09	70.91	67.7	62.64	37.47	68.64
83.71	77.25	71	67.78	62.76	37.47	68.77
83.99	77.44	71.11	67.87	62.89	37.48	68.91
84.29	77.65	71.22	67.98	63.03	37.48	69.07
84.58	77.88	71.35	68.08	63.18	37.48	69.23
84.78	78.06	71.45	68.18	63.31	37.48	69.37
84.92	78.19	71.53	68.24	63.39	37.49	69.46
84.93	78.26	71.56	68.29	63.46	37.49	69.52
84.91	78.26	71.56	68.34	63.51	37.49	69.54
84.89	78.24	71.55	68.32	63.5	37.5	69.52
84.86	78.22	71.54	68.31	63.48	37.5	69.5
84.84	78.2	71.53	68.31	63.47	37.5	69.49
84.81	78.19	71.53	68.3	63.46	37.5	69.48
84.79	78.18	71.52	68.29	63.45	37.51	69.47
84.76	78.17	71.52	68.29	63.44	37.51	69.46
84.73	78.16	71.51	68.28	63.43	37.51	69.45
84.71	78.15	71.5	68.27	63.42	37.51	69.43
84.68	78.13	71.49	68.26	63.4	37.52	69.41
84.65	78.1	71.48	68.24	63.38	37.52	69.39
84.63	78.07	71.47	68.23	63.36	37.52	69.37
84.6	78.06	71.46	68.22	63.34	37.53	69.35
84.57	78.05	71.45	68.21	63.34	37.53	69.34
84.54	78.04	71.45	68.21	63.33	37.53	69.33
84.52	78.04	71.45	68.22	63.34	37.53	69.33
84.49	78.04	71.45	68.27	63.41	37.54	69.36
84.46	78.04	71.45	68.32	63.48	37.54	69.39
84.44	78.04	71.45	68.38	63.55	37.54	69.45
84.44	78.05	71.45	68.43	63.62	37.54	69.52
84.56	78.17	71.52	68.48	63.69	37.55	69.6
84.55	78.19	71.53	68.54	63.76	37.55	69.64
84.53	78.19	71.53	68.59	63.82	37.55	69.67
84.51	78.19	71.53	68.64	63.89	37.56	69.68
84.49	78.18	71.53	68.66	63.92	37.56	69.68
84.47	78.17	71.53	68.66	63.92	37.56	69.67
84.44	78.16	71.52	68.65	63.91	37.56	69.66
84.42	78.16	71.52	68.65	63.9	37.57	69.65
84.4	78.15	71.52	68.64	63.89	37.57	69.64
84.38	78.14	71.52	68.64	63.89	37.57	69.64
84.36	78.13	71.51	68.63	63.88	37.58	69.63
84.33	78.13	71.51	68.63	63.87	37.58	69.62
84.31	78.12	71.51	68.62	63.86	37.58	69.61
84.29	78.1	71.5	68.61	63.85	37.59	69.6
84.26	78.08	71.5	68.6	63.84	37.59	69.58
84.23	78.07	71.49	68.59	63.82	37.59	69.56
84.21	78.06	71.49	68.58	63.82	37.59	69.55
84.19	78.05	71.49	68.58	63.81	37.6	69.55
84.17	78.05	71.49	68.58	63.8	37.6	69.54
84.15	78.04	71.49	68.57	63.8	37.6	69.53
84.13	78.04	71.49	68.62	63.86	37.6	69.57
84.22	78.13	71.53	68.67	63.93	37.61	69.65
84.39	78.26	71.6	68.74	64.01	37.61	69.74
84.55	78.39	71.67	68.79	64.09	37.61	69.83
84.71	78.54	71.75	68.85	64.18	37.62	69.93
84.9	78.71	71.85	68.93	64.28	37.62	70.04
85	78.82	71.91	68.97	64.34	37.62	70.11
84.98	78.82	71.91	68.97	64.33	37.63	70.1
84.96	78.81	71.9	68.96	64.32	37.63	70.09
84.94	78.8	71.9	68.96	64.32	37.63	70.08
84.91	78.79	71.9	68.95	64.31	37.64	70.08
84.9	78.79	71.9	68.95	64.31	37.64	70.07
84.88	78.78	71.89	68.95	64.3	37.64	70.07
84.86	78.78	71.89	68.94	64.3	37.65	70.06
84.84	78.78	71.89	68.94	64.29	37.65	70.06
84.82	78.77	71.89	68.94	64.29	37.65	70.05
84.79	78.76	71.88	68.93	64.28	37.65	70.04
84.77	78.75	71.88	68.92	64.27	37.66	70.03
84.75	78.73	71.87	68.91	64.26	37.66	70.01
84.72	78.72	71.87	68.9	64.25	37.66	70
84.7	78.71	71.86	68.9	64.24	37.67	69.99
84.68	78.7	71.86	68.89	64.23	37.67	69.98
84.66	78.7	71.86	68.89	64.23	37.67	69.98
84.64	78.69	71.86	68.89	64.22	37.67	69.97
84.62	78.69	71.85	68.88	64.22	37.68	69.96
84.6	78.68	71.85	68.88	64.21	37.68	69.96
84.58	78.68	71.85	68.88	64.21	37.68	69.95
84.56	78.67	71.85	68.87	64.21	37.69	69.95
84.54	78.67	71.85	68.87	64.2	37.69	69.94
84.52	78.66	71.84	68.87	64.2	37.69	69.93
84.5	78.66	71.84	68.86	64.19	37.69	69.93
84.48	78.65	71.84	68.86	64.18	37.7	69.92
84.46	78.64	71.83	68.85	64.18	37.7	69.91
84.44	78.63	71.83	68.85	64.17	37.7	69.9
84.42	78.63	71.83	68.84	64.16	37.71	69.89
84.4	78.62	71.83	68.84	64.16	37.71	69.89
84.38	78.62	71.82	68.83	64.15	37.71	69.88
84.37	78.61	71.82	68.83	64.15	37.71	69.88
84.35	78.61	71.82	68.83	64.14	37.72	69.87
84.33	78.6	71.82	68.82	64.14	37.72	69.86
84.3	78.59	71.81	68.81	64.13	37.72	69.85
84.28	78.57	71.8	68.81	64.12	37.72	69.84
84.26	78.55	71.8	68.79	64.1	37.73	69.82
84.23	78.53	71.79	68.78	64.09	37.73	69.8
84.21	78.52	71.78	68.77	64.08	37.73	69.79
84.19	78.51	71.78	68.77	64.07	37.73	69.78
84.17	78.51	71.78	68.77	64.06	37.74	69.78
84.15	78.5	71.78	68.76	64.06	37.74	69.77
84.13	78.5	71.77	68.76	64.05	37.74	69.76
84.11	78.49	71.77	68.76	64.05	37.74	69.76
84.1	78.49	71.77	68.75	64.05	37.75	69.75
84.08	78.48	71.77	68.75	64.04	37.75	69.75
84.06	78.48	71.77	68.74	64.04	37.75	69.74
84.04	78.47	71.76	68.74	64.03	37.75	69.73
84.03	78.47	71.76	68.74	64.03	37.76	69.73
84.01	78.46	71.76	68.73	64.02	37.76	69.72
83.99	78.45	71.75	68.73	64.01	37.76	69.71
83.97	78.44	71.75	68.72	64	37.76	69.7
83.95	78.43	71.75	68.71	64	37.77	69.69
83.93	78.42	71.74	68.71	63.99	37.77	69.68
83.91	78.42	71.74	68.7	63.98	37.77	69.68
83.89	78.41	71.74	68.7	63.98	37.77	69.67
83.87	78.4	71.73	68.7	63.97	37.77	69.66
83.85	78.39	71.73	68.69	63.97	37.78	69.65
83.83	78.38	71.73	68.68	63.96	37.78	69.64
83.81	78.37	71.72	68.68	63.95	37.78	69.63
83.79	78.35	71.71	68.67	63.93	37.78	69.61
83.77	78.33	71.71	68.65	63.91	37.79	69.6
83.74	78.31	71.7	68.64	63.9	37.79	69.58
83.72	78.3	71.69	68.64	63.89	37.79	69.57
83.71	78.3	71.69	68.63	63.89	37.79	69.56
83.69	78.29	71.69	68.63	63.88	37.79	69.56
83.67	78.29	71.69	68.63	63.88	37.8	69.55
83.65	78.28	71.69	68.62	63.87	37.8	69.55
83.64	78.28	71.68	68.62	63.87	37.8	69.54
83.62	78.27	71.68	68.62	63.87	37.8	69.54
83.6	78.27	71.68	68.61	63.86	37.8	69.53
83.59	78.27	71.68	68.61	63.86	37.81	69.52
83.57	78.26	71.68	68.61	63.85	37.81	69.52
83.55	78.25	71.67	68.6	63.84	37.81	69.51
83.53	78.24	71.67	68.6	63.84	37.81	69.5
83.52	78.23	71.67	68.59	63.83	37.81	69.49
83.5	78.22	71.66	68.58	63.82	37.82	69.48
83.48	78.22	71.66	68.58	63.81	37.82	69.47
83.46	78.21	71.66	68.57	63.81	37.82	69.47
83.45	78.21	71.65	68.57	63.8	37.82	69.46
83.43	78.2	71.65	68.57	63.8	37.82	69.46
83.41	78.19	71.65	68.56	63.79	37.83	69.45
83.39	78.19	71.65	68.56	63.79	37.83	69.44
83.38	78.18	71.64	68.55	63.78	37.83	69.43
83.35	78.16	71.63	68.54	63.76	37.83	69.42
83.33	78.14	71.63	68.53	63.75	37.83	69.4
83.31	78.13	71.62	68.52	63.74	37.84	69.39
83.29	78.12	71.62	68.52	63.73	37.84	69.38
83.28	78.11	71.62	68.51	63.73	37.84	69.37
83.26	78.11	71.61	68.51	63.72	37.84	69.37
83.24	78.1	71.61	68.51	63.72	37.84	69.36
83.23	78.1	71.61	68.5	63.71	37.85	69.35
83.21	78.09	71.61	68.5	63.71	37.85	69.35
83.19	78.09	71.61	68.5	63.7	37.85	69.34
83.18	78.09	71.6	68.49	63.7	37.85	69.34
83.16	78.08	71.6	68.49	63.69	37.85	69.33
83.15	78.07	71.6	68.48	63.69	37.85	69.33
83.13	78.07	71.6	68.48	63.68	37.86	69.32
83.11	78.06	71.59	68.47	63.67	37.86	69.31
83.09	78.05	71.59	68.47	63.67	37.86	69.3
83.08	78.04	71.59	68.46	63.66	37.86	69.29
83.06	78.04	71.58	68.46	63.65	37.86	69.29
83.04	78.03	71.58	68.46	63.65	37.86	69.28
83.03	78.03	71.58	68.45	63.64	37.87	69.27
83.01	78.02	71.58	68.45	63.64	37.87	69.27
82.99	78.01	71.57	68.44	63.63	37.87	69.26
82.98	78.01	71.57	68.44	63.63	37.87	69.25
82.96	78	71.57	68.43	63.62	37.87	69.25
82.94	77.98	71.56	68.43	63.61	37.87	69.23
82.92	77.97	71.56	68.42	63.6	37.88	69.22
82.9	77.95	71.55	68.41	63.58	37.88	69.21
82.88	77.94	71.55	68.4	63.57	37.88	69.2
82.87	77.94	71.54	68.4	63.57	37.88	69.19
82.85	77.93	71.54	68.39	63.56	37.88	69.18
82.83	77.92	71.54	68.39	63.56	37.88	69.18
82.82	77.91	71.53	68.38	63.54	37.89	69.16
82.8	77.89	71.52	68.37	63.53	37.89	69.14
82.78	77.87	71.52	68.36	63.51	37.89	69.13
82.76	77.85	71.51	68.34	63.49	37.89	69.11
82.74	77.82	71.5	68.33	63.47	37.89	69.09
82.72	77.79	71.49	68.31	63.45	37.89	69.06
82.69	77.76	71.47	68.3	63.42	37.89	69.04
82.67	77.73	71.46	68.28	63.39	37.9	69.01
82.65	77.69	71.45	68.26	63.37	37.9	68.98
82.63	77.66	71.44	68.24	63.34	37.9	68.96
82.6	77.65	71.43	68.23	63.33	37.9	68.94
82.59	77.63	71.42	68.22	63.31	37.9	68.93
82.57	77.61	71.42	68.21	63.3	37.9	68.91
82.55	77.59	71.41	68.2	63.28	37.9	68.9
82.53	77.57	71.4	68.19	63.26	37.91	68.88
82.5	77.55	71.39	68.17	63.24	37.91	68.86
82.48	77.52	71.38	68.16	63.22	37.91	68.83
82.46	77.47	71.36	68.13	63.18	37.91	68.8
82.43	77.43	71.34	68.1	63.14	37.91	68.76
82.41	77.38	71.33	68.08	63.1	37.91	68.73
82.39	77.34	71.31	68.06	63.07	37.91	68.69
82.37	77.31	71.3	68.04	63.04	37.92	68.67
82.34	77.29	71.29	68.03	63.02	37.92	68.65
82.32	77.27	71.28	68.01	63	37.92	68.63
82.3	77.26	71.28	68.01	62.99	37.92	68.62
82.27	77.25	71.27	68	62.98	37.92	68.61
82.25	77.23	71.27	67.99	62.97	37.92	68.6
82.23	77.22	71.27	67.98	62.96	37.92	68.59
82.21	77.21	71.26	67.98	62.94	37.92	68.58
82.18	77.19	71.25	67.96	62.92	37.92	68.56
82.16	77.16	71.24	67.95	62.9	37.93	68.53
82.14	77.13	71.23	67.93	62.87	37.93	68.5
82.12	77.09	71.21	67.91	62.84	37.93	68.48
82.09	77.07	71.2	67.89	62.81	37.93	68.46
82.07	77.05	71.2	67.88	62.8	37.93	68.44
82.05	77.04	71.19	67.87	62.78	37.93	68.43
82.03	77.02	71.18	67.86	62.77	37.93	68.41
82	77	71.18	67.85	62.75	37.93	68.4
81.98	76.99	71.17	67.84	62.74	37.94	68.39
81.96	76.97	71.16	67.83	62.72	37.94	68.37
81.94	76.94	71.15	67.81	62.69	37.94	68.34
81.91	76.9	71.14	67.79	62.65	37.94	68.31
81.89	76.86	71.12	67.77	62.61	37.94	68.28
81.87	76.83	71.11	67.75	62.58	37.94	68.25
81.84	76.8	71.1	67.73	62.55	37.94	68.23
81.82	76.77	71.09	67.71	62.52	37.94	68.2
81.79	76.75	71.08	67.7	62.5	37.94	68.19
81.77	76.74	71.07	67.69	62.49	37.94	68.17
81.75	76.73	71.07	67.68	62.48	37.95	68.17
81.73	76.72	71.07	67.68	62.47	37.95	68.16
81.7	76.72	71.06	67.67	62.46	37.95	68.15
81.69	76.71	71.06	67.67	62.45	37.95	68.14
81.67	76.7	71.05	67.66	62.44	37.95	68.13
81.65	76.68	71.04	67.65	62.42	37.95	68.11
81.62	76.65	71.03	67.63	62.39	37.95	68.09
81.6	76.61	71.02	67.61	62.35	37.95	68.06
81.58	76.58	71.01	67.59	62.32	37.95	68.04
81.56	76.56	71	67.58	62.29	37.96	68.02
81.54	76.54	70.99	67.56	62.27	37.96	68
81.51	76.52	70.98	67.55	62.26	37.96	67.98
81.49	76.51	70.98	67.54	62.24	37.96	67.97
81.47	76.49	70.97	67.53	62.22	37.96	67.96
81.44	76.48	70.96	67.52	62.21	37.96	67.94
81.42	76.46	70.96	67.51	62.19	37.96	67.93
81.4	76.43	70.94	67.49	62.15	37.96	67.9
81.37	76.39	70.93	67.47	62.11	37.96	67.87
81.35	76.35	70.91	67.44	62.06	37.96	67.84
81.32	76.31	70.9	67.42	62.02	37.97	67.8
81.3	76.28	70.88	67.39	61.98	37.97	67.77
81.27	76.25	70.87	67.38	61.94	37.97	67.75
81.25	76.23	70.86	67.38	61.95	37.97	67.74
81.23	76.23	70.86	67.42	62.02	37.97	67.79
81.48	76.35	70.91	67.49	62.13	37.97	67.9
81.7	76.45	70.95	67.54	62.21	37.97	67.98
81.96	76.56	71	67.6	62.3	37.97	68.08
81.96	76.58	71.01	67.65	62.37	37.97	68.13
81.94	76.58	71.01	67.69	62.44	37.98	68.15
81.92	76.58	71.01	67.73	62.5	37.98	68.17
81.91	76.58	71.01	67.76	62.56	37.98	68.18
81.89	76.57	71	67.78	62.59	37.98	68.17
81.87	76.54	70.99	67.76	62.56	37.98	68.15
81.84	76.52	70.98	67.75	62.53	37.98	68.13
81.82	76.5	70.97	67.74	62.51	37.98	68.11
81.79	76.48	70.97	67.73	62.49	37.98	68.1
81.77	76.47	70.96	67.72	62.48	37.99	68.08
81.75	76.45	70.95	67.71	62.46	37.99	68.07
81.72	76.44	70.95	67.7	62.44	37.99	68.05
81.7	76.42	70.94	67.69	62.43	37.99	68.04
81.67	76.4	70.93	67.67	62.4	37.99	68.02
81.65	76.36	70.91	67.65	62.36	37.99	67.99
81.62	76.33	70.9	67.63	62.32	37.99	67.96
81.6	76.3	70.89	67.61	62.29	38	67.94
81.57	76.28	70.87	67.59	62.26	38	67.91
81.55	76.26	70.86	67.58	62.24	38	67.9
81.52	76.24	70.86	67.57	62.23	38	67.88
81.5	76.24	70.86	67.61	62.3	38	67.92
81.47	76.24	70.86	67.65	62.37	38	67.96
81.46	76.27	70.87	67.69	62.44	38	68.01
81.65	76.36	70.91	67.73	62.51	38	68.09
81.87	76.45	70.95	67.77	62.59	38.01	68.17
81.9	76.49	70.97	67.81	62.65	38.01	68.22
81.97	76.54	70.99	67.84	62.71	38.01	68.28
81.96	76.55	70.99	67.86	62.76	38.01	68.3
81.94	76.54	70.99	67.88	62.8	38.01	68.3
81.92	76.5	70.97	67.86	62.75	38.01	68.26
81.89	76.46	70.95	67.84	62.72	38.02	68.23
81.87	76.43	70.94	67.82	62.68	38.02	68.21
81.84	76.41	70.93	67.81	62.66	38.02	68.18
81.82	76.38	70.91	67.79	62.63	38.02	68.16
81.79	76.36	70.9	67.77	62.6	38.02	68.14
81.77	76.33	70.89	67.75	62.57	38.02	68.11
81.74	76.29	70.87	67.73	62.53	38.03	68.08
81.72	76.24	70.85	67.7	62.47	38.03	68.04
81.69	76.18	70.82	67.67	62.4	38.03	67.99
81.67	76.12	70.79	67.63	62.33	38.03	67.94
81.64	76.05	70.76	67.59	62.26	38.03	67.89
81.61	76	70.73	67.56	62.2	38.03	67.84
81.58	75.95	70.71	67.53	62.14	38.03	67.8
81.56	75.91	70.69	67.5	62.09	38.04	67.77
81.53	75.87	70.67	67.48	62.05	38.04	67.73
81.5	75.9	70.68	67.5	62.1	38.04	67.77
81.48	75.9	70.68	67.53	62.15	38.04	67.79
81.45	75.9	70.68	67.56	62.21	38.04	67.82
81.43	75.91	70.68	67.59	62.26	38.04	67.86
81.43	75.98	70.72	67.62	62.33	38.04	67.93
81.47	76.03	70.74	67.65	62.38	38.05	67.97
81.45	76.02	70.74	67.67	62.42	38.05	68
81.43	76.01	70.73	67.68	62.44	38.05	67.99
81.41	75.97	70.71	67.65	62.39	38.05	67.95
81.39	75.93	70.69	67.63	62.35	38.05	67.92
81.36	75.91	70.68	67.62	62.32	38.05	67.9
81.34	75.89	70.67	67.6	62.29	38.06	67.88
81.31	75.87	70.66	67.59	62.27	38.06	67.86
81.29	75.84	70.65	67.57	62.24	38.06	67.84
81.27	75.82	70.64	67.56	62.22	38.06	67.82
81.24	75.8	70.62	67.55	62.19	38.06	67.8
81.22	75.77	70.61	67.53	62.15	38.06	67.77
81.19	75.73	70.59	67.5	62.1	38.06	67.74
81.17	75.67	70.57	67.47	62.04	38.07	67.69
81.14	75.63	70.54	67.44	61.98	38.07	67.65
81.11	75.59	70.52	67.41	61.92	38.07	67.61
81.09	75.54	70.51	67.38	61.87	38.07	67.58
81.06	75.52	70.49	67.37	61.84	38.07	67.56
81.04	75.52	70.49	67.4	61.9	38.07	67.57
81.01	75.52	70.49	67.43	61.96	38.07	67.59
80.99	75.52	70.49	67.46	62.02	38.08	67.64
80.96	75.52	70.49	67.49	62.08	38.08	67.66
80.94	75.5	70.48	67.49	62.08	38.08	67.64
80.92	75.46	70.47	67.47	62.04	38.08	67.62
80.89	75.43	70.45	67.44	61.99	38.08	67.58
80.87	75.4	70.44	67.42	61.95	38.08	67.56
80.84	75.36	70.42	67.4	61.9	38.08	67.52
80.82	75.32	70.4	67.37	61.85	38.09	67.49
80.79	75.29	70.39	67.35	61.81	38.09	67.46
80.77	75.27	70.38	67.33	61.78	38.09	67.44
80.74	75.24	70.37	67.32	61.75	38.09	67.42
80.72	75.22	70.36	67.3	61.72	38.09	67.4
80.69	75.2	70.35	67.29	61.69	38.09	67.37
80.66	75.17	70.33	67.27	61.65	38.09	67.35
80.64	75.14	70.32	67.25	61.61	38.1	67.32
80.61	75.1	70.3	67.22	61.55	38.1	67.28
80.59	75.04	70.27	67.18	61.47	38.1	67.23
80.56	74.98	70.25	67.13	61.38	38.1	67.18
80.53	74.92	70.22	67.1	61.3	38.1	67.13
80.5	74.88	70.21	67.07	61.25	38.1	67.1
80.48	74.85	70.19	67.05	61.2	38.1	67.07
80.45	74.83	70.18	67.03	61.17	38.1	67.04
80.42	74.81	70.17	67.01	61.14	38.11	67.02
80.4	74.79	70.16	67	61.11	38.11	67.01
80.37	74.84	70.19	67.03	61.17	38.11	67.06
80.35	74.85	70.19	67.07	61.25	38.11	67.09
80.32	74.85	70.19	67.11	61.32	38.11	67.12
80.3	74.85	70.19	67.14	61.39	38.11	67.14
80.27	74.84	70.18	67.16	61.42	38.11	67.14
80.25	74.81	70.17	67.13	61.38	38.12	67.11
80.23	74.77	70.15	67.1	61.32	38.12	67.07
80.2	74.73	70.14	67.08	61.27	38.12	67.04
80.18	74.71	70.12	67.06	61.24	38.12	67.01
80.15	74.69	70.12	67.05	61.21	38.12	67
80.13	74.68	70.11	67.04	61.19	38.12	66.98
80.1	74.67	70.1	67.03	61.17	38.12	66.97
80.08	74.66	70.1	67.02	61.16	38.12	66.96
80.05	74.65	70.09	67.01	61.14	38.13	66.95
80.03	74.64	70.09	67	61.13	38.13	66.94
80	74.63	70.08	66.99	61.11	38.13	66.93
79.97	74.61	70.08	66.98	61.09	38.13	66.91
79.95	74.59	70.07	66.97	61.06	38.13	66.89
79.92	74.58	70.06	66.95	61.03	38.13	66.88
79.89	74.57	70.05	66.95	61.02	38.13	66.87
79.87	74.56	70.05	66.94	61.01	38.13	66.86
79.84	74.56	70.05	66.94	61.01	38.14	66.86
79.81	74.55	70.05	66.94	61	38.14	66.85
79.79	74.55	70.04	66.93	60.99	38.14	66.85
79.76	74.55	70.04	66.93	60.99	38.14	66.84
79.74	74.55	70.04	66.93	60.98	38.14	66.84
79.71	74.54	70.04	66.92	60.98	38.14	66.83
79.69	74.54	70.04	66.92	60.97	38.14	66.83
79.66	74.53	70.03	66.91	60.96	38.14	66.82
79.63	74.53	70.03	66.91	60.95	38.14	66.81
79.61	74.51	70.02	66.9	60.93	38.15	66.8
79.58	74.5	70.02	66.89	60.91	38.15	66.79
79.56	74.49	70.01	66.88	60.9	38.15	66.77
79.53	74.48	70	66.87	60.88	38.15	66.76
79.51	74.48	70	66.87	60.87	38.15	66.76
79.48	74.47	70	66.86	60.87	38.15	66.75
79.46	74.46	69.99	66.86	60.86	38.15	66.74
79.43	74.46	69.99	66.85	60.85	38.15	66.74
79.41	74.45	69.99	66.85	60.84	38.15	66.73
79.38	74.45	69.98	66.84	60.83	38.16	66.72
79.36	74.44	69.98	66.83	60.81	38.16	66.71
79.33	74.42	69.97	66.82	60.79	38.16	66.69
79.31	74.41	69.97	66.81	60.77	38.16	66.68
79.28	74.41	69.96	66.8	60.76	38.16	66.68
79.25	74.4	69.96	66.8	60.76	38.16	66.67
79.23	74.4	69.96	66.8	60.75	38.16	66.67
79.21	74.39	69.95	66.79	60.74	38.16	66.66
79.18	74.39	69.95	66.79	60.74	38.16	66.66
79.16	74.39	69.95	66.79	60.73	38.17	66.65
79.13	74.38	69.95	66.78	60.73	38.17	66.65
79.11	74.38	69.94	66.78	60.72	38.17	66.64
79.09	74.38	69.94	66.78	60.72	38.17	66.64
79.06	74.37	69.94	66.77	60.71	38.17	66.63
79.04	74.37	69.93	66.76	60.7	38.17	66.62
79.02	74.36	69.93	66.76	60.68	38.17	66.61
78.99	74.35	69.92	66.75	60.66	38.17	66.6
78.97	74.34	69.92	66.74	60.65	38.17	66.59
78.95	74.33	69.91	66.73	60.64	38.17	66.58
78.92	74.33	69.91	66.73	60.63	38.18	66.58
78.9	74.32	69.91	66.72	60.62	38.18	66.57
78.88	74.32	69.91	66.72	60.62	38.18	66.57
78.86	74.31	69.9	66.72	60.61	38.18	66.56
78.84	74.31	69.9	66.71	60.6	38.18	66.56
78.82	74.3	69.9	66.71	60.59	38.18	66.55
78.8	74.29	69.89	66.7	60.58	38.18	66.54
78.78	74.28	69.88	66.69	60.56	38.18	66.52
78.75	74.26	69.87	66.67	60.53	38.18	66.51
78.73	74.25	69.87	66.66	60.51	38.18	66.49
78.7	74.23	69.86	66.65	60.48	38.19	66.47
78.68	74.22	69.85	66.64	60.47	38.19	66.46
78.81	74.26	69.87	66.68	60.55	38.19	66.52
79.15	74.35	69.91	66.74	60.66	38.19	66.62
79.5	74.43	69.95	66.79	60.77	38.19	66.71
79.85	74.52	69.99	66.85	60.89	38.19	66.82
80.17	74.61	70.04	66.9	61	38.19	66.92
80.19	74.64	70.05	66.94	61.07	38.19	66.96
80.17	74.64	70.05	66.98	61.15	38.19	66.99
80.15	74.64	70.05	67.01	61.22	38.2	67.01
80.13	74.63	70.04	67.03	61.26	38.2	67.01
80.11	74.6	70.03	67.01	61.21	38.2	66.98
80.09	74.58	70.01	66.99	61.18	38.2	66.95
80.06	74.56	70	66.97	61.15	38.2	66.94
80.04	74.54	69.99	66.96	61.13	38.2	66.92
80.01	74.53	69.99	66.95	61.11	38.2	66.9
79.99	74.51	69.98	66.94	61.08	38.2	66.89
79.96	74.49	69.97	66.92	61.06	38.21	66.87
79.93	74.47	69.96	66.91	61.03	38.21	66.85
79.91	74.45	69.94	66.89	60.99	38.21	66.82
79.88	74.41	69.92	66.86	60.93	38.21	66.79
79.85	74.37	69.9	66.83	60.86	38.21	66.74
79.83	74.32	69.88	66.79	60.8	38.21	66.71
79.8	74.29	69.86	66.77	60.75	38.21	66.67
79.77	74.25	69.84	66.74	60.69	38.21	66.64
79.75	74.22	69.82	66.72	60.65	38.21	66.61
79.72	74.22	69.82	66.74	60.7	38.22	66.63
79.69	74.22	69.82	66.76	60.74	38.22	66.65
79.67	74.24	69.83	66.79	60.8	38.22	66.69
79.65	74.25	69.83	66.81	60.84	38.22	66.71
79.62	74.25	69.83	66.83	60.89	38.22	66.72
79.6	74.25	69.83	66.85	60.93	38.22	66.74
79.57	74.25	69.83	66.87	60.97	38.22	66.74
79.55	74.22	69.81	66.85	60.93	38.22	66.72
79.52	74.17	69.78	66.82	60.86	38.23	66.67
79.5	74.12	69.76	66.78	60.79	38.23	66.63
79.47	74.08	69.73	66.75	60.73	38.23	66.59
79.44	74.05	69.72	66.73	60.68	38.23	66.56
79.42	74.03	69.7	66.71	60.64	38.23	66.53
79.39	74	69.69	66.68	60.61	38.23	66.51
79.36	73.98	69.67	66.66	60.56	38.23	66.48
79.34	73.95	69.66	66.64	60.52	38.23	66.45
79.31	73.92	69.64	66.61	60.47	38.24	66.42
79.28	73.87	69.62	66.58	60.4	38.24	66.38
79.25	73.82	69.58	66.53	60.31	38.24	66.33
79.23	73.76	69.55	66.48	60.21	38.24	66.27
79.2	73.69	69.51	66.42	60.1	38.24	66.21
79.17	73.64	69.49	66.38	60.02	38.24	66.17
79.14	73.6	69.46	66.34	59.95	38.24	66.12
79.11	73.57	69.44	66.31	59.89	38.24	66.09
79.08	73.53	69.42	66.28	59.83	38.25	66.06
79.05	73.51	69.41	66.26	59.79	38.25	66.03
79.02	73.5	69.4	66.27	59.81	38.25	66.04
79	73.5	69.4	66.3	59.87	38.25	66.06
78.97	73.5	69.4	66.33	59.93	38.25	66.09
78.94	73.5	69.4	66.35	59.98	38.25	66.11
78.91	73.5	69.4	66.37	60.02	38.25	66.11
78.89	73.45	69.37	66.33	59.95	38.25	66.07
78.86	73.41	69.35	66.29	59.87	38.26	66.02
78.83	73.37	69.32	66.25	59.8	38.26	65.98
78.8	73.33	69.3	66.22	59.74	38.26	65.94
78.77	73.31	69.29	66.2	59.69	38.26	65.92
78.75	73.28	69.27	66.17	59.65	38.26	65.89
78.72	73.26	69.26	66.15	59.6	38.26	65.87
78.69	73.23	69.25	66.13	59.56	38.26	65.84
78.66	73.21	69.23	66.1	59.52	38.26	65.81
78.63	73.18	69.21	66.07	59.46	38.26	65.78
78.6	73.14	69.19	66.03	59.39	38.27	65.74
78.57	73.08	69.16	65.98	59.29	38.27	65.69
78.54	73.02	69.13	65.92	59.17	38.27	65.63
78.51	72.97	69.1	65.87	59.08	38.27	65.58
78.48	72.92	69.08	65.82	59	38.27	65.53
78.45	72.89	69.06	65.78	58.94	38.27	65.5
78.41	72.86	69.04	65.75	58.88	38.27	65.47
78.38	72.83	69.02	65.72	58.83	38.27	65.43
78.35	72.85	69.03	65.75	58.88	38.27	65.46
78.33	72.85	69.03	65.79	58.95	38.28	65.48
78.3	72.85	69.03	65.82	59.02	38.28	65.5
78.27	72.85	69.03	65.85	59.08	38.28	65.52
78.24	72.85	69.03	65.88	59.14	38.28	65.53
78.21	72.85	69.03	65.89	59.16	38.28	65.52
78.18	72.8	69	65.85	59.08	38.28	65.48
78.15	72.76	68.98	65.8	59	38.28	65.43
78.13	72.72	68.95	65.76	58.92	38.28	65.39
78.1	72.68	68.94	65.72	58.86	38.28	65.35
78.07	72.66	68.92	65.69	58.81	38.29	65.33
78.04	72.63	68.91	65.67	58.76	38.29	65.3
78.01	72.61	68.89	65.64	58.72	38.29	65.27
77.98	72.59	68.88	65.61	58.67	38.29	65.25
77.95	72.56	68.86	65.58	58.62	38.29	65.22
77.92	72.53	68.84	65.55	58.56	38.29	65.19
77.89	72.49	68.82	65.5	58.49	38.29	65.14
77.86	72.43	68.78	65.44	58.38	38.29	65.09
77.82	72.37	68.74	65.37	58.26	38.29	65.03
77.79	72.32	68.71	65.3	58.16	38.3	64.97
77.76	72.27	68.68	65.24	58.06	38.3	64.92
77.73	72.22	68.64	65.19	57.97	38.3	64.87
77.7	72.18	68.62	65.14	57.89	38.3	64.82
77.67	72.15	68.59	65.1	57.83	38.3	64.79
77.63	72.12	68.57	65.06	57.77	38.3	64.76
77.6	72.1	68.56	65.03	57.73	38.3	64.73
77.57	72.08	68.54	65	57.68	38.3	64.7
77.54	72.09	68.55	65.02	57.71	38.3	64.73
77.51	72.09	68.54	65.04	57.76	38.31	64.74
77.48	72.07	68.53	65.02	57.73	38.31	64.71
77.45	72.02	68.5	64.97	57.65	38.31	64.67
77.42	71.98	68.47	64.92	57.57	38.31	64.62
77.39	71.95	68.44	64.87	57.49	38.31	64.58
77.36	71.91	68.41	64.82	57.43	38.31	64.54
77.33	71.89	68.4	64.79	57.38	38.31	64.51
77.3	71.87	68.38	64.76	57.34	38.31	64.49
77.27	71.84	68.36	64.73	57.29	38.31	64.46
77.24	71.82	68.35	64.7	57.25	38.32	64.44
77.21	71.8	68.33	64.67	57.21	38.32	64.41
77.18	71.78	68.31	64.63	57.16	38.32	64.38
77.14	71.74	68.28	64.59	57.09	38.32	64.34
77.11	71.7	68.25	64.52	57	38.32	64.29
77.08	71.65	68.21	64.45	56.9	38.32	64.24
77.05	71.6	68.17	64.38	56.81	38.32	64.19
77.01	71.56	68.14	64.32	56.73	38.32	64.14
76.98	71.53	68.11	64.27	56.67	38.32	64.1
76.94	71.49	68.08	64.22	56.61	38.32	64.07
76.91	71.5	68.09	64.25	56.65	38.33	64.09
76.88	71.54	68.11	64.29	56.71	38.33	64.12
76.85	71.56	68.13	64.32	56.77	38.33	64.16
76.83	71.6	68.15	64.37	56.84	38.33	64.21
76.8	71.62	68.17	64.4	56.89	38.33	64.24
76.77	71.62	68.17	64.43	56.94	38.33	64.26
76.75	71.62	68.17	64.45	56.98	38.33	64.27
76.72	71.62	68.17	64.47	57.01	38.33	64.27
76.7	71.59	68.14	64.42	56.94	38.33	64.23
76.67	71.55	68.11	64.37	56.88	38.33	64.19
76.64	71.52	68.08	64.32	56.82	38.34	64.16
76.61	71.5	68.07	64.29	56.78	38.34	64.13
76.59	71.49	68.05	64.27	56.74	38.34	64.11
76.56	71.47	68.04	64.24	56.71	38.34	64.09
76.53	71.45	68.02	64.21	56.68	38.34	64.06
76.5	71.43	68.01	64.18	56.64	38.34	64.04
76.47	71.41	67.99	64.15	56.6	38.34	64.01
76.44	71.38	67.97	64.11	56.55	38.34	63.98
76.42	71.34	67.93	64.04	56.47	38.34	63.93
76.39	71.29	67.9	63.97	56.38	38.34	63.88
76.36	71.25	67.86	63.91	56.31	38.35	63.83
76.33	71.22	67.84	63.85	56.25	38.35	63.8
76.3	71.2	67.82	63.82	56.2	38.35	63.77
76.27	71.18	67.8	63.79	56.17	38.35	63.74
76.24	71.17	67.79	63.77	56.14	38.35	63.73
76.21	71.16	67.78	63.75	56.13	38.35	63.71
76.18	71.15	67.78	63.73	56.11	38.35	63.7
76.15	71.15	67.77	63.77	56.16	38.35	63.72
76.12	71.15	67.77	63.82	56.24	38.35	63.76
76.1	71.15	67.77	63.87	56.31	38.35	63.77
76.07	71.13	67.76	63.85	56.29	38.36	63.75
76.04	71.1	67.73	63.8	56.23	38.36	63.71
76.01	71.07	67.71	63.76	56.19	38.36	63.68
75.98	71.05	67.69	63.71	56.14	38.36	63.65
75.96	71.02	67.67	63.68	56.1	38.36	63.62
75.93	71.01	67.66	63.65	56.06	38.36	63.6
75.9	70.99	67.64	63.62	56.04	38.36	63.58
75.87	70.98	67.63	63.6	56.01	38.36	63.56
75.84	70.96	67.62	63.57	55.98	38.36	63.54
75.81	70.94	67.6	63.54	55.95	38.36	63.52
75.78	70.92	67.59	63.5	55.91	38.36	63.49
75.75	70.9	67.56	63.46	55.86	38.37	63.46
75.72	70.86	67.53	63.39	55.79	38.37	63.42
75.69	70.81	67.5	63.31	55.71	38.37	63.36
75.66	70.78	67.47	63.25	55.65	38.37	63.32
75.63	70.75	67.44	63.2	55.6	38.37	63.29
75.6	70.73	67.42	63.16	55.56	38.37	63.26
75.57	70.71	67.41	63.13	55.53	38.37	63.24
75.54	70.7	67.4	63.1	55.51	38.37	63.22
75.51	70.69	67.39	63.09	55.5	38.37	63.21
75.49	70.73	67.42	63.15	55.58	38.37	63.27
75.46	70.78	67.46	63.22	55.66	38.37	63.33
75.44	70.82	67.49	63.28	55.74	38.38	63.38
75.46	70.86	67.52	63.34	55.82	38.38	63.44
75.5	70.89	67.54	63.38	55.87	38.38	63.48
75.48	70.89	67.53	63.42	55.92	38.38	63.49
75.46	70.87	67.52	63.42	55.93	38.38	63.48
75.44	70.85	67.5	63.37	55.88	38.38	63.44
75.42	70.82	67.48	63.33	55.84	38.38	63.42
75.4	70.81	67.47	63.3	55.81	38.38	63.39
75.38	70.79	67.46	63.28	55.78	38.38	63.37
75.36	70.78	67.44	63.25	55.76	38.38	63.35
75.34	70.76	67.43	63.22	55.73	38.38	63.33
75.32	70.75	67.42	63.2	55.71	38.39	63.31
75.29	70.73	67.4	63.16	55.67	38.39	63.29
75.27	70.7	67.38	63.12	55.63	38.39	63.26
75.25	70.67	67.35	63.05	55.57	38.39	63.21
75.22	70.63	67.31	62.98	55.5	38.39	63.17
75.2	70.6	67.28	62.92	55.45	38.39	63.13
75.17	70.57	67.26	62.88	55.41	38.39	63.09
75.15	70.55	67.25	62.84	55.38	38.39	63.07
75.13	70.54	67.23	62.82	55.35	38.39	63.05
75.1	70.53	67.22	62.8	55.34	38.39	63.04
75.08	70.53	67.22	62.81	55.36	38.39	63.04
75.05	70.53	67.22	62.89	55.44	38.4	63.09
75.03	70.53	67.22	62.96	55.53	38.4	63.14
75.01	70.53	67.22	63.03	55.61	38.4	63.16
74.98	70.53	67.22	63.08	55.68	38.4	63.17
74.96	70.52	67.21	63.08	55.68	38.4	63.16
74.94	70.5	67.19	63.05	55.65	38.4	63.13
74.92	70.48	67.17	63.01	55.62	38.4	63.11
74.89	70.46	67.16	62.98	55.58	38.4	63.08
74.87	70.44	67.14	62.95	55.56	38.4	63.06
74.84	70.43	67.13	62.92	55.54	38.4	63.05
74.82	70.42	67.12	62.91	55.52	38.4	63.03
74.79	70.41	67.11	62.89	55.5	38.4	63.02
74.77	70.4	67.1	62.87	55.48	38.41	63
74.74	70.39	67.09	62.84	55.47	38.41	62.99
74.72	70.38	67.08	62.82	55.44	38.41	62.97
74.69	70.36	67.07	62.79	55.42	38.41	62.95
74.67	70.34	67.05	62.75	55.38	38.41	62.92
74.64	70.31	67.02	62.7	55.34	38.41	62.89
74.62	70.29	67	62.66	55.3	38.41	62.86
74.59	70.28	66.99	62.63	55.28	38.41	62.84
74.56	70.26	66.98	62.61	55.26	38.41	62.83
74.54	70.26	66.97	62.59	55.24	38.41	62.81
74.51	70.25	66.97	62.65	55.31	38.41	62.83
74.49	70.25	66.97	62.73	55.4	38.41	62.85
74.46	70.25	66.97	62.8	55.48	38.42	62.89
74.44	70.29	67	62.87	55.57	38.42	62.95
74.56	70.34	67.03	62.94	55.65	38.42	63.03
74.89	70.38	67.07	63.01	55.73	38.42	63.1
74.91	70.4	67.08	63.06	55.8	38.42	63.13
74.89	70.4	67.08	63.11	55.87	38.42	63.15
74.87	70.39	67.07	63.11	55.87	38.42	63.14
74.85	70.37	67.05	63.08	55.85	38.42	63.12
74.83	70.35	67.04	63.06	55.82	38.42	63.1
74.81	70.34	67.03	63.04	55.8	38.42	63.08
74.79	70.33	67.02	63.02	55.78	38.42	63.07
74.77	70.33	67.01	63	55.77	38.42	63.06
74.74	70.32	67	62.98	55.75	38.43	63.04
74.72	70.31	66.99	62.96	55.73	38.43	63.03
74.7	70.29	66.98	62.94	55.71	38.43	63.01
74.67	70.27	66.96	62.91	55.68	38.43	62.99
74.65	70.25	66.94	62.86	55.64	38.43	62.95
74.63	70.22	66.91	62.81	55.59	38.43	62.92
74.6	70.19	66.89	62.76	55.54	38.43	62.88
74.58	70.17	66.86	62.71	55.5	38.43	62.85
74.55	70.15	66.84	62.67	55.47	38.43	62.82
74.53	70.13	66.83	62.66	55.46	38.43	62.81
74.53	70.17	66.86	62.72	55.53	38.43	62.87
75.13	70.23	66.91	62.8	55.63	38.43	62.98
75.83	70.31	66.97	62.9	55.76	38.44	63.12
76.4	70.37	67.02	62.99	55.87	38.44	63.23
77.05	70.45	67.08	63.09	56	38.44	63.37
77.47	70.51	67.12	63.16	56.1	38.44	63.46
77.66	70.56	67.15	63.21	56.17	38.44	63.52
77.64	70.56	67.15	63.24	56.22	38.44	63.55
77.62	70.55	67.14	63.25	56.24	38.44	63.54
77.59	70.53	67.12	63.21	56.2	38.44	63.51
77.57	70.5	67.1	63.18	56.16	38.44	63.48
77.55	70.49	67.09	63.16	56.14	38.44	63.46
77.52	70.48	67.08	63.13	56.12	38.45	63.44
77.5	70.46	67.06	63.11	56.09	38.45	63.42
77.47	70.45	67.05	63.09	56.07	38.45	63.4
77.44	70.44	67.04	63.07	56.05	38.45	63.38
77.42	70.42	67.02	63.04	56.02	38.45	63.36
77.39	70.4	67.01	63.01	55.99	38.45	63.34
77.36	70.38	66.98	62.97	55.95	38.45	63.3
77.33	70.35	66.96	62.93	55.91	38.45	63.27
77.3	70.33	66.93	62.89	55.87	38.45	63.24
77.27	70.31	66.91	62.85	55.83	38.45	63.21
77.24	70.29	66.9	62.82	55.8	38.45	63.18
77.21	70.28	66.89	62.81	55.8	38.46	63.17
77.18	70.3	66.91	62.86	55.87	38.46	63.23
77.23	70.36	66.95	62.93	55.96	38.46	63.32
77.77	70.45	67	63.03	56.09	38.46	63.46
78.35	70.54	67.07	63.13	56.23	38.46	63.6
78.64	70.61	67.11	63.19	56.31	38.46	63.68
78.92	70.67	67.15	63.25	56.39	38.46	63.76
79.01	70.72	67.18	63.3	56.46	38.46	63.82
78.99	70.72	67.18	63.34	56.53	38.46	63.85
78.97	70.72	67.17	63.36	56.55	38.46	63.85
78.94	70.7	67.15	63.33	56.52	38.46	63.82
78.92	70.68	67.14	63.31	56.49	38.47	63.8
78.9	70.67	67.13	63.29	56.47	38.47	63.78
78.87	70.66	67.12	63.27	56.46	38.47	63.77
78.85	70.65	67.11	63.26	56.44	38.47	63.75
78.82	70.63	67.1	63.24	56.42	38.47	63.73
78.79	70.62	67.09	63.22	56.4	38.47	63.71
78.77	70.61	67.07	63.2	56.37	38.47	63.69
78.74	70.59	67.06	63.17	56.34	38.47	63.67
78.71	70.56	67.03	63.13	56.3	38.47	63.63
78.68	70.53	67.01	63.09	56.25	38.47	63.59
78.65	70.5	66.98	63.04	56.21	38.48	63.56
78.62	70.48	66.96	63.01	56.17	38.48	63.52
78.59	70.45	66.94	62.97	56.14	38.48	63.49
78.56	70.44	66.93	62.95	56.11	38.48	63.47
78.53	70.43	66.92	62.94	56.1	38.48	63.46
78.5	70.43	66.92	63	56.18	38.48	63.5
78.47	70.43	66.92	63.06	56.26	38.48	63.52
78.45	70.43	66.92	63.12	56.34	38.48	63.53
78.42	70.43	66.92	63.18	56.43	38.48	63.56
78.39	70.43	66.92	63.21	56.47	38.48	63.57
78.36	70.41	66.9	63.19	56.44	38.49	63.55
78.33	70.39	66.89	63.16	56.41	38.49	63.52
78.3	70.38	66.87	63.14	56.38	38.49	63.5
78.27	70.36	66.86	63.11	56.36	38.49	63.48
78.24	70.34	66.84	63.09	56.33	38.49	63.46
78.21	70.33	66.83	63.07	56.31	38.49	63.44
78.18	70.32	66.82	63.05	56.3	38.49	63.43
78.15	70.31	66.82	63.04	56.28	38.49	63.41
78.11	70.3	66.81	63.02	56.26	38.49	63.39
78.08	70.29	66.8	63	56.24	38.49	63.38
78.05	70.28	66.78	62.98	56.22	38.49	63.36
78.02	70.26	66.77	62.95	56.19	38.5	63.34
77.98	70.23	66.75	62.92	56.16	38.5	63.31
77.95	70.2	66.72	62.87	56.11	38.5	63.27
77.91	70.18	66.7	62.83	56.07	38.5	63.23
77.88	70.15	66.68	62.79	56.03	38.5	63.2
77.84	70.13	66.66	62.76	55.99	38.5	63.17
77.81	70.11	66.64	62.73	55.97	38.5	63.15
77.77	70.15	66.67	62.78	56.03	38.5	63.21
77.75	70.22	66.71	62.86	56.13	38.5	63.31
78.22	70.34	66.78	62.97	56.27	38.5	63.46
78.75	70.44	66.85	63.07	56.4	38.5	63.6
79.26	70.55	66.91	63.16	56.53	38.51	63.73
79.58	70.63	66.95	63.23	56.62	38.51	63.83
79.69	70.69	66.98	63.27	56.69	38.51	63.89
79.67	70.69	66.98	63.31	56.74	38.51	63.92
79.65	70.67	66.96	63.3	56.73	38.51	63.9
79.62	70.65	66.95	63.27	56.7	38.51	63.87
79.6	70.63	66.93	63.24	56.67	38.51	63.85
79.57	70.62	66.92	63.23	56.65	38.51	63.83
79.54	70.61	66.91	63.21	56.64	38.51	63.81
79.52	70.6	66.9	63.2	56.62	38.52	63.8
79.49	70.59	66.9	63.19	56.61	38.52	63.79
79.46	70.58	66.89	63.17	56.59	38.52	63.77
79.43	70.57	66.88	63.16	56.57	38.52	63.76
79.4	70.55	66.87	63.14	56.55	38.52	63.74
79.37	70.53	66.85	63.11	56.52	38.52	63.71
79.34	70.5	66.83	63.07	56.48	38.52	63.67
79.31	70.47	66.81	63.04	56.44	38.52	63.64
79.28	70.44	66.79	63	56.4	38.52	63.6
79.25	70.42	66.77	62.97	56.37	38.52	63.57
79.22	70.4	66.75	62.94	56.35	38.53	63.55
79.19	70.44	66.77	62.99	56.41	38.53	63.61
79.25	70.54	66.83	63.07	56.51	38.53	63.72
79.72	70.67	66.89	63.16	56.64	38.53	63.85
80.16	70.79	66.95	63.25	56.76	38.53	63.98
80.41	70.88	66.99	63.32	56.85	38.53	64.08
80.62	70.96	67.02	63.36	56.92	38.53	64.15
80.62	70.98	67.03	63.4	56.96	38.53	64.18
80.59	70.97	67.02	63.4	56.97	38.53	64.17
80.57	70.92	66.99	63.35	56.92	38.53	64.12
80.54	70.88	66.97	63.31	56.86	38.54	64.08
80.51	70.85	66.95	63.27	56.83	38.54	64.04
80.49	70.83	66.93	63.25	56.8	38.54	64.02
80.46	70.81	66.92	63.23	56.77	38.54	63.99
80.43	70.79	66.91	63.2	56.75	38.54	63.97
80.4	70.77	66.9	63.18	56.72	38.54	63.95
80.37	70.75	66.88	63.16	56.7	38.54	63.92
80.34	70.73	66.87	63.14	56.67	38.54	63.9
80.31	70.7	66.85	63.1	56.63	38.54	63.86
80.27	70.65	66.82	63.05	56.57	38.55	63.81
80.24	70.6	66.79	62.99	56.51	38.55	63.76
80.21	70.56	66.76	62.94	56.45	38.55	63.71
80.17	70.52	66.74	62.89	56.4	38.55	63.66
80.13	70.48	66.71	62.84	56.35	38.55	63.62
80.1	70.44	66.69	62.8	56.31	38.55	63.58
80.06	70.44	66.69	62.8	56.31	38.55	63.58
80.03	70.5	66.72	62.85	56.37	38.55	63.65
80	70.56	66.75	62.89	56.43	38.55	63.71
79.98	70.65	66.78	62.96	56.52	38.56	63.8
80.25	70.75	66.83	63.04	56.61	38.56	63.91
80.51	70.84	66.86	63.1	56.7	38.56	64
80.64	70.91	66.89	63.14	56.75	38.56	64.05
80.61	70.91	66.89	63.17	56.79	38.56	64.07
80.59	70.88	66.87	63.15	56.76	38.56	64.04
80.56	70.84	66.85	63.11	56.71	38.56	64
80.54	70.81	66.84	63.08	56.68	38.56	63.97
80.51	70.79	66.82	63.05	56.65	38.56	63.94
80.48	70.77	66.81	63.03	56.63	38.57	63.92
80.46	70.75	66.8	63.01	56.61	38.57	63.9
80.43	70.73	66.79	62.99	56.59	38.57	63.88
80.4	70.71	66.78	62.97	56.56	38.57	63.85
80.37	70.69	66.77	62.94	56.53	38.57	63.82
80.34	70.65	66.75	62.9	56.5	38.57	63.79
80.31	70.61	66.73	62.86	56.44	38.57	63.74
80.27	70.56	66.7	62.8	56.39	38.57	63.69
80.24	70.52	66.68	62.75	56.33	38.57	63.65
80.2	70.47	66.66	62.7	56.28	38.58	63.6
80.17	70.44	66.64	62.66	56.24	38.58	63.57
80.13	70.42	66.63	62.63	56.21	38.58	63.54
80.1	70.4	66.62	62.63	56.21	38.58	63.53
80.06	70.4	66.62	62.68	56.27	38.58	63.57
80.03	70.4	66.62	62.73	56.33	38.58	63.61
80	70.41	66.62	62.77	56.38	38.58	63.64
79.96	70.41	66.62	62.81	56.43	38.58	63.67
79.93	70.41	66.62	62.85	56.48	38.58	63.7
79.9	70.41	66.62	62.89	56.52	38.59	63.71
79.87	70.39	66.62	62.89	56.52	38.59	63.7
79.83	70.36	66.61	62.85	56.48	38.59	63.66
79.8	70.32	66.61	62.81	56.43	38.59	63.62
79.76	70.3	66.61	62.77	56.4	38.59	63.59
79.73	70.28	66.6	62.75	56.38	38.59	63.57
79.69	70.26	66.6	62.73	56.35	38.59	63.55
79.66	70.24	66.6	62.71	56.33	38.59	63.53
79.62	70.22	66.6	62.68	56.31	38.59	63.51
79.58	70.21	66.59	62.66	56.29	38.59	63.49
79.55	70.19	66.59	62.63	56.26	38.6	63.46
79.51	70.16	66.59	62.6	56.22	38.6	63.43
79.47	70.12	66.58	62.55	56.17	38.6	63.39
79.44	70.07	66.57	62.5	56.12	38.6	63.34
79.4	70.04	66.57	62.45	56.08	38.6	63.3
79.36	70.01	66.56	62.41	56.04	38.6	63.27
79.32	69.99	66.56	62.39	56.01	38.6	63.25
79.28	69.97	66.56	62.37	55.99	38.6	63.23
79.24	69.96	66.56	62.37	56	38.6	63.22
79.21	70.02	66.57	62.43	56.07	38.61	63.3
79.18	70.1	66.6	62.51	56.15	38.61	63.39
79.15	70.15	66.62	62.57	56.22	38.61	63.45
79.12	70.15	66.62	62.62	56.28	38.61	63.49
79.1	70.14	66.61	62.65	56.31	38.61	63.5
79.07	70.12	66.61	62.63	56.28	38.61	63.47
79.04	70.09	66.6	62.59	56.25	38.61	63.44
79.01	70.07	66.6	62.56	56.22	38.61	63.41
78.98	70.04	66.59	62.53	56.18	38.61	63.38
78.95	70.02	66.59	62.5	56.15	38.61	63.35
78.92	70	66.58	62.47	56.13	38.62	63.33
78.89	69.98	66.58	62.45	56.11	38.62	63.31
78.86	69.97	66.58	62.43	56.09	38.62	63.29
78.83	69.95	66.57	62.41	56.07	38.62	63.28
78.8	69.94	66.57	62.39	56.05	38.62	63.26
78.77	69.92	66.56	62.37	56.03	38.62	63.23
78.73	69.89	66.56	62.33	55.99	38.62	63.2
78.7	69.85	66.55	62.28	55.95	38.62	63.16
78.66	69.81	66.54	62.22	55.89	38.62	63.11
78.63	69.77	66.53	62.18	55.85	38.62	63.07
78.59	69.74	66.53	62.14	55.81	38.63	63.04
78.55	69.72	66.52	62.1	55.78	38.63	63.01
78.52	69.7	66.51	62.08	55.76	38.63	62.99
78.48	69.69	66.51	62.08	55.76	38.63	62.99
78.45	69.75	66.53	62.14	55.82	38.63	63.05
78.42	69.87	66.56	62.26	55.94	38.63	63.19
78.56	69.96	66.59	62.34	56.03	38.63	63.29
79.04	70.07	66.62	62.46	56.15	38.63	63.42
79.4	70.17	66.65	62.55	56.23	38.63	63.52
79.56	70.23	66.66	62.6	56.29	38.63	63.58
79.53	70.23	66.66	62.65	56.33	38.64	63.6
79.51	70.2	66.65	62.61	56.3	38.64	63.57
79.48	70.17	66.65	62.58	56.26	38.64	63.53
79.46	70.14	66.64	62.55	56.24	38.64	63.51
79.43	70.12	66.63	62.52	56.21	38.64	63.48
79.41	70.11	66.63	62.5	56.2	38.64	63.47
79.38	70.09	66.62	62.49	56.18	38.64	63.45
79.35	70.08	66.62	62.47	56.16	38.64	63.43
79.32	70.06	66.61	62.45	56.14	38.64	63.41
79.3	70.04	66.61	62.42	56.12	38.64	63.39
79.27	70.01	66.6	62.39	56.09	38.65	63.36
79.24	69.98	66.59	62.34	56.04	38.65	63.32
79.2	69.94	66.58	62.29	56	38.65	63.27
79.17	69.9	66.57	62.24	55.95	38.65	63.23
79.14	69.87	66.56	62.2	55.92	38.65	63.2
79.11	69.84	66.55	62.17	55.89	38.65	63.17
79.07	69.82	66.54	62.14	55.86	38.65	63.14
79.04	69.8	66.54	62.12	55.84	38.65	63.13
79.01	69.79	66.53	62.1	55.83	38.65	63.11
78.97	69.78	66.53	62.09	55.81	38.65	63.09
78.94	69.77	66.52	62.07	55.8	38.66	63.08
78.91	69.76	66.52	62.11	55.84	38.66	63.11
78.87	69.77	66.52	62.17	55.89	38.66	63.12
78.84	69.76	66.52	62.19	55.91	38.66	63.11
78.81	69.74	66.51	62.16	55.89	38.66	63.09
78.77	69.71	66.5	62.13	55.86	38.66	63.06
78.74	69.7	66.5	62.11	55.84	38.66	63.04
78.71	69.69	66.49	62.09	55.83	38.66	63.03
78.67	69.68	66.49	62.08	55.82	38.66	63.02
78.64	69.67	66.49	62.07	55.81	38.66	63.01
78.6	69.66	66.48	62.06	55.8	38.66	63
78.57	69.66	66.48	62.05	55.79	38.67	62.99
78.53	69.65	66.48	62.04	55.78	38.67	62.98
78.5	69.64	66.47	62.02	55.76	38.67	62.96
78.46	69.62	66.47	62	55.75	38.67	62.94
78.43	69.6	66.46	61.97	55.72	38.67	62.92
78.39	69.57	66.45	61.94	55.69	38.67	62.89
78.36	69.55	66.44	61.9	55.66	38.67	62.86
78.32	69.52	66.43	61.87	55.63	38.67	62.83
78.28	69.5	66.42	61.84	55.6	38.67	62.81
78.25	69.48	66.41	61.81	55.58	38.67	62.78
78.21	69.46	66.4	61.78	55.56	38.67	62.76
78.18	69.45	66.39	61.76	55.54	38.68	62.74
78.14	69.43	66.39	61.74	55.52	38.68	62.72
78.11	69.42	66.38	61.72	55.5	38.68	62.71
78.07	69.4	66.37	61.7	55.48	38.68	62.69
78.03	69.38	66.36	61.67	55.46	38.68	62.67
78	69.36	66.35	61.65	55.44	38.68	62.65
77.96	69.34	66.34	61.61	55.41	38.68	62.62
77.92	69.32	66.33	61.58	55.39	38.68	62.59
77.89	69.3	66.32	61.55	55.36	38.68	62.57
77.85	69.28	66.31	61.53	55.34	38.68	62.55
77.81	69.27	66.31	61.51	55.33	38.68	62.54
77.78	69.26	66.3	61.5	55.32	38.68	62.52
77.74	69.25	66.3	61.48	55.3	38.68	62.51
77.7	69.24	66.29	61.47	55.29	38.69	62.5
77.66	69.23	66.28	61.45	55.28	38.69	62.49
77.63	69.22	66.28	61.44	55.26	38.69	62.47
77.59	69.21	66.27	61.41	55.24	38.69	62.45
77.55	69.18	66.25	61.38	55.22	38.69	62.43
77.51	69.16	66.24	61.34	55.18	38.69	62.39
77.48	69.13	66.22	61.3	55.15	38.69	62.37
77.44	69.11	66.21	61.27	55.13	38.69	62.34
77.4	69.09	66.2	61.24	55.1	38.69	62.32
77.36	69.07	66.19	61.21	55.08	38.69	62.29
77.32	69.05	66.17	61.18	55.06	38.69	62.27
77.28	69.04	66.16	61.16	55.04	38.69	62.25
77.25	69.02	66.15	61.13	55.02	38.69	62.23
77.21	69	66.14	61.11	55	38.7	62.21
77.17	68.99	66.13	61.08	54.98	38.7	62.19
77.13	68.97	66.12	61.06	54.96	38.7	62.17
77.09	68.95	66.1	61.02	54.93	38.7	62.15
77.06	68.92	66.08	60.99	54.9	38.7	62.12
77.02	68.9	66.06	60.95	54.87	38.7	62.09
76.98	68.87	66.05	60.91	54.84	38.7	62.06
76.94	68.85	66.03	60.87	54.82	38.7	62.03
76.9	68.84	66.02	60.85	54.8	38.7	62.01
76.86	68.82	66	60.82	54.78	38.7	62
76.82	68.81	65.99	60.8	54.76	38.7	61.98
76.78	68.8	65.98	60.78	54.75	38.7	61.96
76.74	68.78	65.97	60.76	54.73	38.7	61.95
76.7	68.77	65.96	60.74	54.71	38.71	61.93
76.66	68.75	65.94	60.71	54.69	38.71	61.9
76.62	68.72	65.92	60.66	54.65	38.71	61.87
76.58	68.69	65.89	60.61	54.62	38.71	61.84
76.54	68.67	65.87	60.57	54.59	38.71	61.81
76.5	68.64	65.85	60.54	54.56	38.71	61.78
76.46	68.63	65.84	60.51	54.54	38.71	61.76
76.42	68.61	65.82	60.49	54.52	38.71	61.74
76.38	68.6	65.81	60.47	54.51	38.71	61.73
76.34	68.6	65.81	60.51	54.54	38.71	61.75
76.3	68.6	65.81	60.57	54.6	38.71	61.79
76.27	68.6	65.81	60.64	54.65	38.71	61.81
76.23	68.6	65.8	60.7	54.7	38.71	61.84
76.19	68.6	65.8	60.76	54.75	38.71	61.85
76.15	68.59	65.79	60.77	54.76	38.72	61.84
76.12	68.57	65.77	60.73	54.73	38.72	61.81
76.08	68.54	65.75	60.69	54.7	38.72	61.78
76.04	68.52	65.72	60.65	54.67	38.72	61.76
76	68.5	65.71	60.62	54.65	38.72	61.73
75.96	68.49	65.69	60.6	54.63	38.72	61.72
75.92	68.48	65.68	60.58	54.62	38.72	61.7
75.88	68.47	65.67	60.56	54.6	38.72	61.69
75.84	68.46	65.66	60.54	54.59	38.72	61.67
75.81	68.45	65.64	60.52	54.57	38.72	61.66
75.77	68.43	65.63	60.5	54.56	38.72	61.64
75.73	68.41	65.61	60.46	54.53	38.72	61.61
75.69	68.39	65.58	60.41	54.5	38.72	61.58
75.65	68.35	65.55	60.36	54.45	38.72	61.54
75.61	68.32	65.51	60.3	54.42	38.73	61.5
75.57	68.3	65.49	60.26	54.38	38.73	61.47
75.53	68.28	65.46	60.22	54.35	38.73	61.44
75.48	68.25	65.44	60.18	54.32	38.73	61.42
75.44	68.23	65.41	60.14	54.29	38.73	61.39
75.4	68.21	65.38	60.1	54.27	38.73	61.36
75.36	68.19	65.36	60.06	54.24	38.73	61.33
75.33	68.17	65.34	60.02	54.21	38.73	61.31
75.29	68.15	65.31	59.99	54.19	38.73	61.28
75.25	68.13	65.29	59.95	54.16	38.73	61.26
75.21	68.11	65.26	59.91	54.14	38.73	61.23
75.17	68.09	65.24	59.87	54.11	38.73	61.2
75.13	68.07	65.21	59.83	54.08	38.73	61.17
75.09	68.05	65.19	59.79	54.05	38.73	61.15
75.05	68.03	65.16	59.76	54.03	38.74	61.12
75	68.02	65.15	59.74	54.01	38.74	61.11
74.96	68.01	65.13	59.71	54	38.74	61.09
74.92	68	65.12	59.69	53.99	38.74	61.08
74.88	67.99	65.11	59.67	53.97	38.74	61.06
74.84	67.97	65.09	59.65	53.96	38.74	61.05
74.8	67.96	65.08	59.63	53.94	38.74	61.03
74.76	67.94	65.05	59.59	53.92	38.74	61
74.72	67.92	65.02	59.54	53.88	38.74	60.97
74.68	67.89	64.98	59.49	53.85	38.74	60.93
74.64	67.87	64.95	59.44	53.81	38.74	60.9
74.6	67.85	64.92	59.4	53.79	38.74	60.87
74.55	67.83	64.9	59.37	53.76	38.74	60.85
74.51	67.82	64.88	59.35	53.75	38.74	60.84
74.48	67.85	64.91	59.41	53.8	38.74	60.9
74.45	67.91	64.97	59.51	53.88	38.75	61.02
74.66	67.96	65.01	59.6	53.94	38.75	61.12
75.22	68.02	65.06	59.69	54.01	38.75	61.22
75.84	68.09	65.12	59.79	54.09	38.75	61.34
76.27	68.15	65.16	59.87	54.15	38.75	61.43
76.42	68.18	65.18	59.92	54.19	38.75	61.48
76.4	68.18	65.18	59.96	54.21	38.75	61.5
76.38	68.15	65.15	59.92	54.19	38.75	61.46
76.35	68.13	65.12	59.88	54.16	38.75	61.43
76.32	68.11	65.1	59.84	54.13	38.75	61.4
76.3	68.1	65.08	59.81	54.11	38.75	61.38
76.27	68.08	65.07	59.79	54.1	38.75	61.36
76.24	68.07	65.05	59.77	54.08	38.75	61.34
76.21	68.06	65.04	59.75	54.07	38.76	61.32
76.18	68.05	65.02	59.73	54.05	38.76	61.3
76.15	68.03	65	59.7	54.03	38.76	61.28
76.12	68.01	64.98	59.66	54.01	38.76	61.25
76.09	67.98	64.94	59.61	53.97	38.76	61.21
76.06	67.95	64.9	59.55	53.93	38.76	61.17
76.02	67.92	64.87	59.49	53.9	38.76	61.13
75.99	67.9	64.84	59.45	53.86	38.76	61.09
75.95	67.87	64.8	59.4	53.83	38.76	61.05
75.92	67.85	64.77	59.35	53.8	38.76	61.02
75.88	67.84	64.76	59.35	53.8	38.76	61.01
75.85	67.88	64.8	59.42	53.85	38.76	61.09
75.82	67.9	64.81	59.46	53.88	38.76	61.12
75.79	67.93	64.84	59.52	53.93	38.76	61.18
75.8	67.97	64.87	59.56	53.96	38.77	61.23
75.78	67.98	64.87	59.6	53.99	38.77	61.25
75.75	67.96	64.85	59.59	53.98	38.77	61.23
75.73	67.93	64.82	59.54	53.94	38.77	61.19
75.7	67.91	64.79	59.49	53.91	38.77	61.15
75.68	67.88	64.76	59.45	53.88	38.77	61.12
75.65	67.86	64.73	59.41	53.86	38.77	61.09
75.62	67.85	64.72	59.38	53.84	38.77	61.07
75.59	67.84	64.7	59.36	53.83	38.77	61.05
75.56	67.82	64.68	59.34	53.81	38.77	61.03
75.53	67.81	64.67	59.31	53.8	38.77	61.01
75.5	67.8	64.65	59.29	53.78	38.77	60.99
75.47	67.79	64.63	59.26	53.76	38.78	60.97
75.44	67.77	64.61	59.23	53.74	38.78	60.94
75.41	67.74	64.58	59.18	53.71	38.78	60.91
75.38	67.71	64.54	59.12	53.67	38.78	60.87
75.34	67.68	64.51	59.07	53.64	38.78	60.83
75.31	67.66	64.47	59.02	53.61	38.78	60.79
75.27	67.64	64.44	58.98	53.58	38.78	60.76
75.24	67.62	64.42	58.95	53.56	38.78	60.73
75.2	67.6	64.4	58.92	53.54	38.78	60.71
75.17	67.59	64.38	58.91	53.54	38.78	60.7
75.14	67.59	64.39	58.96	53.57	38.78	60.73
75.11	67.65	64.44	59.05	53.64	38.78	60.84
75.41	67.72	64.5	59.15	53.71	38.78	60.95
75.73	67.76	64.53	59.21	53.75	38.79	61.02
75.89	67.8	64.56	59.26	53.79	38.79	61.07
75.87	67.8	64.56	59.3	53.82	38.79	61.09
75.85	67.78	64.54	59.28	53.8	38.79	61.06
75.83	67.76	64.52	59.24	53.78	38.79	61.03
75.8	67.75	64.5	59.21	53.76	38.79	61.01
75.78	67.74	64.48	59.19	53.75	38.79	60.99
75.75	67.73	64.47	59.17	53.74	38.79	60.98
75.73	67.72	64.46	59.16	53.72	38.79	60.96
75.7	67.71	64.45	59.14	53.71	38.79	60.95
75.67	67.7	64.44	59.13	53.7	38.79	60.93
75.65	67.69	64.43	59.11	53.69	38.79	60.92
75.62	67.68	64.41	59.08	53.67	38.79	60.9
75.59	67.65	64.38	59.04	53.65	38.8	60.87
75.56	67.63	64.36	59	53.62	38.8	60.83
75.53	67.61	64.33	58.97	53.6	38.8	60.81
75.5	67.6	64.31	58.93	53.58	38.8	60.78
75.47	67.58	64.29	58.91	53.57	38.8	60.76
75.44	67.57	64.28	58.89	53.55	38.8	60.74
75.41	67.56	64.27	58.87	53.54	38.8	60.73
75.38	67.55	64.26	58.85	53.53	38.8	60.72
75.35	67.54	64.25	58.84	53.53	38.8	60.7
75.32	67.54	64.24	58.83	53.52	38.8	60.69
75.29	67.53	64.23	58.81	53.51	38.8	60.68
75.26	67.52	64.22	58.8	53.5	38.8	60.67
75.22	67.52	64.21	58.79	53.49	38.8	60.66
75.19	67.51	64.2	58.77	53.48	38.8	60.64
75.16	67.5	64.19	58.75	53.47	38.81	60.63
75.13	67.49	64.18	58.74	53.46	38.81	60.62
75.1	67.48	64.17	58.72	53.45	38.81	60.6
75.07	67.47	64.16	58.71	53.45	38.81	60.59
75.04	67.47	64.15	58.7	53.44	38.81	60.59
75.01	67.46	64.15	58.69	53.43	38.81	60.58
74.97	67.46	64.14	58.68	53.43	38.81	60.57
74.94	67.45	64.13	58.67	53.42	38.81	60.56
74.91	67.45	64.13	58.66	53.42	38.81	60.55
74.88	67.44	64.11	58.64	53.41	38.81	60.53
74.85	67.42	64.1	58.62	53.39	38.81	60.51
74.81	67.41	64.08	58.59	53.37	38.81	60.49
74.78	67.4	64.07	58.57	53.36	38.81	60.48
74.75	67.39	64.05	58.55	53.35	38.81	60.46
74.71	67.38	64.05	58.54	53.35	38.81	60.45
74.68	67.38	64.04	58.54	53.34	38.82	60.45
74.65	67.38	64.04	58.53	53.34	38.82	60.45
74.62	67.38	64.04	58.53	53.34	38.82	60.44
74.58	67.38	64.04	58.53	53.34	38.82	60.44
74.55	67.37	64.03	58.52	53.34	38.82	60.43
74.52	67.37	64.03	58.52	53.34	38.82	60.43
74.49	67.37	64.03	58.52	53.33	38.82	60.43
74.46	67.37	64.02	58.51	53.33	38.82	60.42
74.43	67.36	64.01	58.49	53.32	38.82	60.41
74.4	67.35	64	58.48	53.31	38.82	60.39
74.36	67.34	63.99	58.46	53.3	38.82	60.38
74.33	67.33	63.98	58.45	53.29	38.82	60.37
74.3	67.32	63.97	58.43	53.28	38.82	60.36
74.27	67.32	63.96	58.42	53.28	38.82	60.35
74.24	67.31	63.95	58.41	53.27	38.82	60.33
74.2	67.3	63.94	58.39	53.26	38.82	60.32
74.17	67.29	63.93	58.38	53.25	38.83	60.31
74.14	67.28	63.92	58.36	53.24	38.83	60.29
74.1	67.27	63.9	58.33	53.22	38.83	60.27
74.07	67.25	63.87	58.3	53.2	38.83	60.25
74.04	67.21	63.83	58.23	53.17	38.83	60.2
74	67.17	63.78	58.16	53.13	38.83	60.16
73.96	67.14	63.74	58.09	53.09	38.83	60.13
73.93	67.1	63.69	58.02	53.05	38.83	60.1
73.89	67.06	63.64	57.96	53.02	38.83	60.08
73.85	67.02	63.59	57.89	52.98	38.83	60.05
73.81	66.98	63.54	57.82	52.95	38.83	60.03
73.77	66.95	63.5	57.76	52.93	38.83	60.02
73.74	66.99	63.54	57.83	52.97	38.84	60.09
73.71	67.01	63.55	57.87	53	38.84	60.11
73.68	67	63.54	57.87	53	38.84	60.1
73.64	66.98	63.51	57.83	52.99	38.84	60.08
73.61	66.96	63.49	57.8	52.98	38.84	60.05
73.58	66.94	63.47	57.77	52.98	38.84	60.03
73.54	66.93	63.44	57.74	52.97	38.84	60.01
73.51	66.91	63.42	57.71	52.96	38.84	59.99
73.48	66.89	63.39	57.67	52.95	38.84	59.97
73.44	66.87	63.37	57.64	52.94	38.85	59.96
73.41	66.85	63.34	57.61	52.94	38.85	59.95
73.37	66.84	63.32	57.58	52.94	38.85	59.93
73.34	66.82	63.29	57.55	52.94	38.85	59.92
73.3	66.8	63.27	57.52	52.94	38.85	59.9
73.26	66.78	63.24	57.49	52.94	38.85	59.87
73.23	66.76	63.21	57.45	52.94	38.85	59.84
73.19	66.74	63.19	57.42	52.94	38.85	59.81
73.16	66.73	63.16	57.39	52.94	38.86	59.78
73.12	66.71	63.14	57.36	52.94	38.86	59.75
73.08	66.69	63.11	57.33	52.94	38.86	59.73
73.04	66.67	63.08	57.3	52.94	38.86	59.71
73.01	66.65	63.06	57.27	52.94	38.86	59.69
72.97	66.64	63.03	57.24	52.94	38.86	59.68
72.94	66.62	63	57.21	52.94	38.86	59.66
72.9	66.6	62.98	57.17	52.94	38.86	59.65
72.86	66.58	62.95	57.14	52.94	38.86	59.63
72.83	66.56	62.92	57.11	52.94	38.86	59.61
72.79	66.54	62.9	57.08	52.94	38.87	59.59
72.76	66.53	62.87	57.05	52.94	38.87	59.56
72.72	66.51	62.84	57.02	52.94	38.87	59.54
72.68	66.49	62.81	56.99	52.94	38.87	59.51
72.65	66.47	62.79	56.96	52.94	38.87	59.49
72.61	66.45	62.76	56.93	52.94	38.87	59.47
72.57	66.43	62.73	56.9	52.94	38.87	59.45
72.54	66.42	62.7	56.87	52.94	38.87	59.43
72.5	66.4	62.67	56.84	52.93	38.87	59.42
72.46	66.38	62.65	56.81	52.93	38.87	59.4
72.43	66.36	62.62	56.78	52.93	38.88	59.38
72.39	66.34	62.59	56.75	52.93	38.88	59.35
72.35	66.32	62.56	56.72	52.93	38.88	59.32
72.31	66.3	62.53	56.69	52.93	38.88	59.29
72.27	66.28	62.5	56.66	52.93	38.88	59.25
72.24	66.26	62.47	56.62	52.93	38.88	59.22
72.2	66.24	62.43	56.59	52.93	38.88	59.19
72.16	66.22	62.4	56.56	52.93	38.88	59.17
72.12	66.2	62.37	56.53	52.93	38.88	59.15
72.09	66.18	62.34	56.49	52.93	38.88	59.14
72.05	66.16	62.3	56.46	52.93	38.88	59.13
72.01	66.14	62.27	56.43	52.92	38.88	59.12
71.97	66.12	62.24	56.4	52.92	38.89	59.11
71.94	66.1	62.21	56.37	52.92	38.89	59.09
71.9	66.08	62.17	56.33	52.92	38.89	59.07
71.86	66.06	62.14	56.3	52.92	38.89	59.05
71.83	66.03	62.11	56.27	52.92	38.89	59.02
71.79	66.01	62.07	56.24	52.92	38.89	59
71.75	65.99	62.04	56.21	52.92	38.89	58.97
71.72	65.97	62.01	56.18	52.91	38.89	58.95
71.68	65.95	61.97	56.15	52.91	38.89	58.94
71.64	65.93	61.94	56.12	52.91	38.9	58.92
71.6	65.91	61.9	56.09	52.91	38.9	58.9
71.57	65.89	61.87	56.05	52.91	38.9	58.89
71.53	65.87	61.84	56.02	52.91	38.9	58.87
71.49	65.85	61.8	55.99	52.9	38.9	58.84
71.45	65.83	61.77	55.96	52.9	38.9	58.81
71.41	65.8	61.73	55.93	52.9	38.9	58.78
71.38	65.78	61.7	55.9	52.9	38.9	58.74
71.34	65.76	61.67	55.87	52.9	38.9	58.71
71.3	65.74	61.63	55.84	52.89	38.9	58.68
71.26	65.72	61.6	55.81	52.89	38.9	58.66
71.23	65.71	61.57	55.79	52.89	38.91	58.65
71.19	65.68	61.53	55.76	52.89	38.91	58.62
71.15	65.66	61.49	55.73	52.88	38.91	58.56
71.12	65.63	61.46	55.72	52.88	38.91	58.54
71.08	65.59	61.39	55.66	52.88	38.91	58.53
71.04	65.55	61.32	55.6	52.88	38.91	58.52
71.01	65.51	61.25	55.55	52.87	38.91	58.51
70.97	65.47	61.19	55.49	52.87	38.91	58.5
70.93	65.42	61.12	55.44	52.9	38.91	58.48
70.89	65.38	61.05	55.38	52.99	38.91	58.46
70.86	65.34	60.98	55.33	53.07	38.91	58.44
70.82	65.3	60.92	55.28	53.17	38.91	58.43
70.78	65.25	60.85	55.23	53.27	38.92	58.42
70.74	65.22	60.79	55.18	53.35	38.92	58.41
70.7	65.18	60.73	55.14	53.42	38.92	58.4
70.67	65.13	60.66	55.09	53.5	38.92	58.39
70.63	65.09	60.6	55.04	53.56	38.92	58.37
70.59	65.05	60.53	54.99	53.61	38.92	58.35
70.55	65	60.46	54.94	53.65	38.93	58.33
70.51	64.96	60.39	54.89	53.67	38.93	58.3
70.47	64.91	60.33	54.85	53.69	38.93	58.28
70.43	64.87	60.26	54.8	53.72	38.93	58.25
70.39	64.83	60.19	54.76	53.74	38.93	58.22
70.36	64.78	60.12	54.72	53.76	38.93	58.2
70.32	64.73	60.06	54.67	53.79	38.93	58.17
70.28	64.69	59.99	54.63	53.82	38.94	58.15
70.24	64.64	59.92	54.6	53.86	38.94	58.13
70.2	64.6	59.86	54.56	53.89	38.94	58.11
70.16	64.55	59.79	54.53	53.93	38.94	58.09
70.13	64.5	59.72	54.49	53.96	38.94	58.07
70.09	64.46	59.65	54.46	53.99	38.94	58.04
70.05	64.41	59.59	54.43	54.01	38.95	58.02
70.01	64.36	59.52	54.41	54.03	38.95	57.99
69.97	64.32	59.45	54.38	54.04	38.95	57.97
69.93	64.27	59.38	54.36	54.07	38.95	57.94
69.89	64.22	59.32	54.34	54.09	38.95	57.92
69.85	64.17	59.25	54.33	54.12	38.95	57.9
69.82	64.12	59.18	54.32	54.16	38.96	57.89
69.78	64.07	59.11	54.31	54.2	38.96	57.87
69.74	64.02	59.05	54.3	54.23	38.96	57.85
69.7	63.97	58.98	54.3	54.25	38.96	57.83
69.66	63.92	58.91	54.3	54.26	38.96	57.8
69.62	63.87	58.85	54.3	54.26	38.96	57.77
69.58	63.82	58.78	54.3	54.26	38.97	57.73
69.54	63.77	58.71	54.3	54.26	38.97	57.69
69.5	63.72	58.65	54.3	54.26	38.97	57.66
69.46	63.67	58.58	54.3	54.26	38.97	57.63
69.42	63.62	58.51	54.29	54.26	38.97	57.61
69.38	63.57	58.45	54.29	54.26	38.97	57.59
69.34	63.51	58.38	54.29	54.27	38.98	57.57
69.3	63.46	58.32	54.31	54.31	38.98	57.56
69.26	63.41	58.25	54.35	54.35	38.98	57.54
69.23	63.36	58.19	54.38	54.38	38.98	57.53
69.19	63.3	58.12	54.41	54.41	38.98	57.51
69.15	63.25	58.06	54.44	54.44	38.98	57.49
69.11	63.2	57.99	54.45	54.45	38.99	57.47
69.07	63.14	57.93	54.47	54.47	38.99	57.45
69.03	63.09	57.86	54.49	54.49	38.99	57.43
68.99	63.03	57.8	54.52	54.52	38.99	57.41
68.95	62.98	57.74	54.55	54.55	38.99	57.4
68.91	62.92	57.67	54.6	54.6	39	57.39
68.87	62.87	57.61	54.64	54.64	39	57.38
68.83	62.81	57.55	54.68	54.68	39	57.38
68.79	62.76	57.49	54.71	54.71	39	57.36
68.75	62.7	57.43	54.75	54.75	39	57.35
68.71	62.64	57.37	54.77	54.77	39	57.34
68.67	62.59	57.31	54.78	54.78	39.01	57.31
68.63	62.53	57.25	54.78	54.78	39.01	57.29
68.59	62.47	57.19	54.79	54.79	39.01	57.27
68.55	62.41	57.13	54.8	54.8	39.01	57.25
68.51	62.36	57.07	54.82	54.82	39.01	57.23
68.47	62.3	57.02	54.85	54.85	39.02	57.22
68.43	62.24	56.96	54.89	54.89	39.02	57.21
68.39	62.2	56.92	54.9	54.9	39.02	57.2
68.36	62.17	56.9	54.9	54.9	39.02	57.18
68.32	62.15	56.87	54.9	54.9	39.02	57.17
68.28	62.12	56.85	54.9	54.9	39.03	57.15
68.24	62.1	56.83	54.9	54.9	39.03	57.13
68.2	62.07	56.8	54.9	54.89	39.03	57.1
68.16	62.05	56.78	54.9	54.89	39.03	57.08
68.13	62.02	56.76	54.9	54.89	39.03	57.06
68.09	61.99	56.74	54.9	54.89	39.03	57.04
68.05	61.97	56.71	54.9	54.89	39.03	57.02
68.01	61.94	56.69	54.9	54.89	39.03	57
67.97	61.92	56.67	54.9	54.89	39.04	56.98
67.94	61.89	56.65	54.9	54.89	39.04	56.96
67.9	61.87	56.63	54.9	54.89	39.04	56.95
67.86	61.84	56.6	54.9	54.89	39.04	56.93
67.82	61.81	56.58	54.9	54.88	39.04	56.91
67.79	61.79	56.56	54.9	54.88	39.04	56.89
67.75	61.76	56.54	54.9	54.88	39.04	56.86
67.71	61.73	56.52	54.9	54.88	39.04	56.83
67.67	61.7	56.49	54.9	54.88	39.04	56.8
67.64	61.67	56.47	54.9	54.88	39.04	56.78
67.6	61.64	56.45	54.9	54.88	39.04	56.75
67.56	61.61	56.42	54.9	54.88	39.04	56.73
67.53	61.59	56.4	54.9	54.88	39.04	56.71
67.49	61.61	56.42	54.9	54.87	39.04	56.74
67.46	61.65	56.47	54.9	54.87	39.04	56.79
67.43	61.71	56.53	54.9	54.87	39.04	56.88
68.26	61.79	56.61	54.9	54.87	39.04	57
68.7	61.83	56.65	54.9	54.87	39.04	57.06
68.71	61.81	56.64	54.9	54.87	39.04	57.06
68.69	61.75	56.59	54.9	54.87	39.04	57.02
68.66	61.69	56.54	54.9	54.87	39.04	56.99
68.64	61.63	56.5	54.9	54.87	39.04	56.96
68.61	61.57	56.45	54.9	54.86	39.05	56.93
68.59	61.51	56.41	54.9	54.86	39.05	56.9
68.56	61.45	56.36	54.9	54.86	39.05	56.88
68.53	61.39	56.32	54.9	54.85	39.05	56.86
68.5	61.33	56.28	54.9	54.85	39.05	56.84
68.47	61.27	56.24	54.9	54.84	39.05	56.82
68.44	61.21	56.2	54.9	54.83	39.05	56.8
68.41	61.15	56.17	54.9	54.83	39.05	56.77
68.37	61.09	56.13	54.9	54.82	39.06	56.73
68.34	61.03	56.09	54.9	54.81	39.06	56.68
68.3	60.96	56.06	54.9	54.8	39.06	56.64
68.27	60.9	56.03	54.9	54.79	39.06	56.61
68.23	60.84	55.99	54.9	54.77	39.06	56.58
68.19	60.78	55.96	54.9	54.76	39.06	56.55
68.15	60.72	55.93	54.9	54.75	39.06	56.53
68.12	60.66	55.9	54.9	54.73	39.06	56.51
68.08	60.6	55.87	54.89	54.72	39.07	56.49
68.04	60.54	55.85	54.89	54.7	39.07	56.46
68	60.51	55.84	54.89	54.69	39.07	56.46
67.97	60.53	55.85	54.89	54.7	39.07	56.48
67.93	60.53	55.86	54.9	54.7	39.07	56.49
67.9	60.51	55.85	54.9	54.69	39.07	56.48
67.86	60.45	55.82	54.89	54.67	39.07	56.45
67.83	60.39	55.8	54.89	54.66	39.07	56.42
67.79	60.33	55.77	54.89	54.64	39.08	56.39
67.75	60.27	55.75	54.89	54.62	39.08	56.37
67.71	60.21	55.73	54.89	54.6	39.08	56.35
67.68	60.15	55.71	54.89	54.58	39.08	56.33
67.64	60.08	55.69	54.89	54.56	39.08	56.31
67.6	60.02	55.67	54.89	54.54	39.08	56.29
67.56	59.96	55.65	54.89	54.52	39.08	56.26
67.52	59.9	55.63	54.89	54.5	39.09	56.24
67.48	59.84	55.61	54.89	54.48	39.09	56.2
67.44	59.78	55.6	54.89	54.46	39.09	56.15
67.4	59.72	55.58	54.89	54.44	39.09	56.11
67.36	59.66	55.57	54.88	54.42	39.09	56.08
67.32	59.6	55.55	54.88	54.4	39.09	56.04
67.27	59.54	55.54	54.88	54.38	39.09	56.02
67.23	59.48	55.52	54.88	54.36	39.09	56
67.19	59.42	55.51	54.88	54.34	39.09	55.97
67.15	59.36	55.5	54.88	54.33	39.09	55.95
67.11	59.3	55.48	54.88	54.31	39.1	55.93
67.07	59.24	55.47	54.88	54.29	39.1	55.91
67.03	59.18	55.46	54.87	54.27	39.1	55.89
66.98	59.13	55.45	54.87	54.25	39.1	55.87
66.94	59.07	55.43	54.87	54.23	39.1	55.84
66.9	59.01	55.42	54.87	54.22	39.1	55.82
66.86	58.95	55.41	54.87	54.2	39.1	55.79
66.81	58.89	55.4	54.87	54.18	39.1	55.77
66.77	58.84	55.39	54.87	54.16	39.1	55.75
66.73	58.78	55.38	54.86	54.15	39.11	55.73
66.68	58.72	55.37	54.86	54.13	39.11	55.71
66.64	58.67	55.35	54.86	54.11	39.11	55.69
66.6	58.61	55.34	54.86	54.09	39.11	55.67
66.55	58.56	55.33	54.85	54.08	39.11	55.65
66.51	58.5	55.32	54.85	54.06	39.11	55.62
66.46	58.45	55.31	54.85	54.04	39.11	55.59
66.42	58.39	55.3	54.85	54.02	39.11	55.56
66.38	58.34	55.29	54.84	54.01	39.12	55.52
66.33	58.29	55.28	54.84	53.99	39.12	55.49
66.29	58.23	55.27	54.84	53.97	39.12	55.47
66.24	58.18	55.26	54.83	53.95	39.12	55.45
66.2	58.18	55.27	54.83	53.95	39.12	55.46
66.16	58.23	55.28	54.83	53.96	39.12	55.53
66.13	58.23	55.28	54.83	53.97	39.12	55.54
66.1	58.19	55.28	54.83	53.96	39.12	55.53
66.06	58.17	55.27	54.83	53.95	39.12	55.51
66.03	58.15	55.27	54.83	53.94	39.12	55.49
66	58.12	55.26	54.83	53.93	39.12	55.46
65.96	58.08	55.26	54.82	53.92	39.12	55.44
65.93	58.06	55.25	54.82	53.91	39.12	55.43
65.89	58.03	55.25	54.82	53.9	39.12	55.41
65.86	58	55.24	54.82	53.89	39.13	55.4
65.82	57.96	55.24	54.81	53.87	39.13	55.39
65.79	57.93	55.23	54.81	53.86	39.13	55.38
65.75	57.89	55.23	54.81	53.85	39.13	55.36
65.71	57.86	55.22	54.8	53.83	39.13	55.35
65.67	57.83	55.22	54.8	53.82	39.13	55.34
65.63	57.79	55.22	54.8	53.81	39.13	55.32
65.6	57.76	55.21	54.79	53.8	39.13	55.3
65.56	57.73	55.21	54.79	53.78	39.13	55.28
65.52	57.69	55.2	54.78	53.77	39.13	55.26
65.48	57.66	55.2	54.78	53.76	39.13	55.24
65.44	57.63	55.19	54.78	53.74	39.14	55.21
65.39	57.6	55.19	54.77	53.73	39.14	55.19
65.35	57.56	55.19	54.77	53.72	39.14	55.18
65.31	57.54	55.18	54.77	53.71	39.14	55.16
65.27	57.53	55.18	54.76	53.7	39.14	55.14
65.24	57.56	55.19	54.77	53.71	39.14	55.17
65.2	57.58	55.2	54.77	53.72	39.14	55.2
65.17	57.63	55.21	54.77	53.74	39.14	55.25
65.15	57.66	55.22	54.77	53.75	39.14	55.31
65.13	57.71	55.23	54.78	53.76	39.14	55.37
65.11	57.71	55.26	54.78	53.77	39.14	55.38
65.09	57.71	55.26	54.78	53.77	39.14	55.38
65.07	57.71	55.26	54.78	53.77	39.14	55.37
65.06	57.7	55.26	54.78	53.77	39.14	55.36
65.04	57.68	55.26	54.78	53.76	39.14	55.34
65.02	57.66	55.26	54.77	53.75	39.14	55.33
64.99	57.64	55.26	54.77	53.74	39.14	55.32
64.97	57.62	55.26	54.77	53.73	39.14	55.3
64.95	57.6	55.26	54.76	53.72	39.15	55.29
64.92	57.57	55.26	54.76	53.71	39.15	55.27
64.9	57.55	55.26	54.76	53.7	39.15	55.25
64.87	57.53	55.26	54.76	53.69	39.15	55.23
64.85	57.51	55.27	54.75	53.68	39.15	55.2
64.82	57.49	55.27	54.75	53.68	39.15	55.18
64.79	57.47	55.27	54.75	53.67	39.15	55.15
64.76	57.45	55.27	54.74	53.66	39.15	55.13
64.74	57.43	55.26	54.74	53.65	39.15	55.1
64.71	57.42	55.26	54.74	53.64	39.15	55.09
64.68	57.43	55.27	54.74	53.65	39.15	55.1
64.66	57.47	55.27	54.74	53.66	39.15	55.14
64.81	57.5	55.28	54.74	53.67	39.15	55.19
65.2	57.52	55.28	54.75	53.67	39.15	55.24
65.49	57.55	55.29	54.75	53.68	39.15	55.28
65.63	57.57	55.29	54.75	53.69	39.15	55.31
65.61	57.56	55.29	54.75	53.69	39.15	55.31
65.59	57.52	55.29	54.75	53.67	39.15	55.28
65.57	57.48	55.29	54.74	53.65	39.15	55.25
65.55	57.44	55.28	54.73	53.63	39.15	55.23
65.52	57.4	55.28	54.72	53.61	39.15	55.21
65.5	57.36	55.28	54.72	53.6	39.15	55.19
65.47	57.32	55.27	54.71	53.58	39.15	55.17
65.44	57.28	55.27	54.7	53.56	39.15	55.15
65.41	57.25	55.27	54.7	53.54	39.15	55.13
65.38	57.21	55.27	54.69	53.52	39.15	55.11
65.35	57.17	55.26	54.68	53.49	39.15	55.08
65.31	57.14	55.26	54.67	53.47	39.15	55.05
65.28	57.1	55.26	54.66	53.45	39.15	55.01
65.24	57.06	55.25	54.65	53.43	39.15	54.97
65.21	57.03	55.25	54.65	53.41	39.15	54.93
65.17	56.99	55.25	54.64	53.39	39.15	54.9
65.13	56.96	55.24	54.63	53.36	39.15	54.87
65.1	56.93	55.24	54.62	53.34	39.15	54.84
65.06	56.89	55.23	54.61	53.32	39.15	54.81
65.02	56.86	55.23	54.6	53.29	39.15	54.78
64.98	56.83	55.23	54.59	53.27	39.15	54.76
64.94	56.8	55.22	54.58	53.24	39.15	54.73
64.9	56.76	55.22	54.57	53.22	39.15	54.7
64.86	56.73	55.21	54.56	53.19	39.15	54.68
64.82	56.7	55.21	54.55	53.17	39.15	54.65
64.78	56.67	55.2	54.54	53.14	39.15	54.62
64.73	56.64	55.2	54.53	53.12	39.15	54.59
64.69	56.61	55.19	54.52	53.09	39.15	54.56
64.65	56.58	55.19	54.51	53.06	39.15	54.54
64.61	56.56	55.18	54.5	53.04	39.15	54.52
64.56	56.53	55.18	54.49	53.01	39.15	54.5
64.52	56.5	55.17	54.48	52.98	39.15	54.48
64.47	56.47	55.17	54.47	52.95	39.15	54.46
64.43	56.45	55.16	54.46	52.92	39.15	54.44
64.39	56.42	55.16	54.45	52.89	39.15	54.41
64.34	56.4	55.15	54.43	52.86	39.15	54.38
64.29	56.37	55.14	54.42	52.83	39.15	54.35
64.25	56.35	55.14	54.41	52.8	39.15	54.31
64.2	56.32	55.13	54.4	52.77	39.15	54.28
64.16	56.3	55.13	54.39	52.74	39.15	54.25
64.11	56.27	55.12	54.38	52.71	39.15	54.22
64.06	56.25	55.11	54.36	52.68	39.15	54.19
64.02	56.23	55.11	54.35	52.64	39.15	54.17
63.97	56.21	55.1	54.34	52.61	39.15	54.14
63.92	56.18	55.09	54.32	52.57	39.15	54.12
63.88	56.16	55.09	54.31	52.54	39.15	54.1
63.83	56.14	55.08	54.3	52.5	39.15	54.07
63.78	56.12	55.07	54.29	52.47	39.15	54.05
63.73	56.1	55.07	54.27	52.43	39.15	54.02
63.69	56.08	55.06	54.26	52.39	39.15	54
63.64	56.06	55.05	54.25	52.36	39.15	53.97
63.59	56.04	55.05	54.23	52.32	39.15	53.95
63.55	56.02	55.04	54.22	52.28	39.14	53.93
63.5	56	55.03	54.2	52.24	39.14	53.91
63.45	55.98	55.03	54.19	52.2	39.14	53.89
63.4	55.97	55.02	54.18	52.16	39.14	53.87
63.36	55.95	55.01	54.16	52.12	39.14	53.85
63.31	55.93	55	54.15	52.08	39.14	53.83
63.26	55.91	55	54.13	52.04	39.14	53.8
63.21	55.9	54.99	54.12	51.99	39.14	53.78
63.17	55.88	54.98	54.1	51.95	39.14	53.74
63.12	55.87	54.97	54.09	51.91	39.14	53.71
63.07	55.85	54.97	54.07	51.86	39.14	53.69
63.02	55.83	54.96	54.06	51.82	39.14	53.66
62.98	55.82	54.95	54.04	51.77	39.14	53.63
62.93	55.8	54.94	54.02	51.73	39.14	53.61
62.88	55.79	54.94	54.01	51.68	39.14	53.59
62.84	55.77	54.93	53.99	51.64	39.14	53.57
62.79	55.76	54.92	53.98	51.59	39.13	53.55
62.74	55.75	54.91	53.96	51.54	39.13	53.52
62.7	55.73	54.91	53.94	51.49	39.13	53.5
62.65	55.72	54.9	53.92	51.45	39.13	53.48
62.61	55.71	54.89	53.91	51.4	39.13	53.46
62.56	55.69	54.88	53.89	51.35	39.13	53.43
62.51	55.68	54.87	53.87	51.3	39.13	53.41
62.47	55.67	54.87	53.86	51.25	39.13	53.39
62.42	55.66	54.86	53.84	51.21	39.13	53.37
62.37	55.64	54.85	53.82	51.16	39.13	53.35
62.33	55.63	54.84	53.8	51.11	39.13	53.33
62.28	55.62	54.83	53.78	51.06	39.13	53.31
62.24	55.61	54.83	53.76	51.01	39.13	53.28
62.19	55.6	54.82	53.74	50.96	39.13	53.26
62.14	55.59	54.81	53.73	50.91	39.12	53.24
62.1	55.58	54.8	53.71	50.86	39.12	53.22
62.05	55.56	54.79	53.69	50.81	39.12	53.19
62.01	55.55	54.78	53.67	50.76	39.12	53.16
61.96	55.54	54.77	53.65	50.71	39.12	53.13
61.92	55.53	54.77	53.63	50.66	39.12	53.1
61.87	55.52	54.76	53.61	50.61	39.12	53.08
61.83	55.51	54.75	53.58	50.56	39.12	53.06
61.78	55.5	54.74	53.56	50.52	39.12	53.04
61.74	55.49	54.73	53.54	50.47	39.12	53.01
61.69	55.48	54.72	53.52	50.42	39.12	52.99
61.65	55.47	54.71	53.5	50.37	39.11	52.97
61.6	55.46	54.7	53.48	50.32	39.11	52.95
61.56	55.45	54.69	53.45	50.27	39.11	52.93
61.51	55.45	54.68	53.43	50.23	39.11	52.91
61.47	55.44	54.68	53.41	50.18	39.11	52.88
61.43	55.43	54.67	53.38	50.13	39.11	52.86
61.38	55.42	54.66	53.36	50.08	39.11	52.84
61.34	55.41	54.65	53.34	50.04	39.11	52.82
61.29	55.4	54.64	53.31	49.99	39.11	52.8
61.25	55.39	54.63	53.29	49.94	39.11	52.78
61.21	55.38	54.62	53.26	49.9	39.11	52.76
61.16	55.37	54.61	53.24	49.85	39.1	52.74
61.12	55.37	54.6	53.21	49.8	39.1	52.72
61.07	55.36	54.59	53.19	49.76	39.1	52.69
61.03	55.35	54.58	53.16	49.71	39.1	52.67
60.99	55.34	54.57	53.14	49.67	39.1	52.64
60.94	55.33	54.56	53.11	49.63	39.1	52.61
60.9	55.32	54.55	53.08	49.58	39.1	52.58
60.85	55.32	54.53	53.05	49.54	39.1	52.56
60.81	55.31	54.52	53.03	49.49	39.1	52.53
60.76	55.3	54.52	53.01	49.47	39.1	52.52
60.72	55.31	54.52	53.03	49.5	39.09	52.57
60.69	55.32	54.53	53.05	49.54	39.09	52.65
60.81	55.33	54.54	53.06	49.58	39.09	52.72
61.46	55.34	54.55	53.08	49.61	39.09	52.79
61.82	55.34	54.55	53.09	49.63	39.09	52.83
61.92	55.35	54.55	53.1	49.64	39.09	52.85
61.9	55.35	54.56	53.1	49.66	39.09	52.85
61.88	55.34	54.54	53.08	49.61	39.09	52.82
61.86	55.33	54.53	53.05	49.57	39.09	52.79
61.84	55.32	54.52	53.02	49.53	39.08	52.76
61.81	55.31	54.51	52.99	49.48	39.08	52.74
61.79	55.31	54.5	52.97	49.44	39.08	52.72
61.76	55.3	54.49	52.94	49.4	39.08	52.7
61.73	55.29	54.48	52.91	49.36	39.08	52.68
61.7	55.28	54.47	52.88	49.32	39.08	52.66
61.67	55.27	54.46	52.85	49.27	39.08	52.64
61.63	55.26	54.44	52.82	49.23	39.08	52.62
61.6	55.26	54.43	52.79	49.19	39.08	52.59
61.57	55.25	54.42	52.76	49.15	39.08	52.55
61.53	55.24	54.41	52.73	49.11	39.08	52.52
61.5	55.23	54.39	52.7	49.07	39.08	52.49
61.46	55.22	54.38	52.67	49.03	39.08	52.47
61.43	55.21	54.37	52.64	49	39.07	52.44
61.39	55.21	54.36	52.6	48.96	39.07	52.42
61.36	55.2	54.34	52.57	48.92	39.07	52.4
61.32	55.19	54.33	52.55	48.9	39.07	52.39
61.29	55.2	54.35	52.57	48.94	39.07	52.45
61.27	55.21	54.36	52.6	48.97	39.07	52.49
61.24	55.21	54.36	52.61	48.99	39.07	52.5
61.22	55.22	54.36	52.61	49	39.07	52.51
61.19	55.21	54.35	52.62	49.01	39.07	52.51
61.17	55.21	54.34	52.59	48.98	39.07	52.49
61.14	55.2	54.33	52.56	48.95	39.07	52.46
61.12	55.19	54.32	52.53	48.92	39.07	52.44
61.09	55.18	54.31	52.5	48.89	39.07	52.42
61.06	55.18	54.3	52.48	48.85	39.06	52.4
61.03	55.17	54.29	52.45	48.82	39.06	52.38
61	55.16	54.28	52.42	48.8	39.06	52.36
60.97	55.15	54.26	52.39	48.77	39.06	52.34
60.94	55.15	54.25	52.36	48.74	39.06	52.31
60.91	55.14	54.24	52.33	48.71	39.06	52.29
60.88	55.13	54.23	52.3	48.68	39.06	52.27
60.84	55.13	54.22	52.26	48.66	39.06	52.24
60.81	55.12	54.21	52.23	48.63	39.06	52.21
60.77	55.11	54.2	52.2	48.6	39.06	52.18
60.74	55.1	54.19	52.17	48.58	39.06	52.16
60.7	55.1	54.18	52.14	48.55	39.06	52.14
60.67	55.09	54.17	52.12	48.54	39.06	52.13
60.64	55.1	54.18	52.15	48.57	39.05	52.16
60.61	55.11	54.19	52.18	48.6	39.05	52.21
60.58	55.12	54.2	52.2	48.64	39.05	52.26
60.56	55.13	54.21	52.22	48.66	39.05	52.28
60.54	55.13	54.21	52.24	48.68	39.05	52.29
60.52	55.13	54.21	52.25	48.7	39.05	52.29
60.5	55.12	54.2	52.23	48.67	39.05	52.27
60.48	55.11	54.19	52.2	48.65	39.05	52.24
60.46	55.11	54.18	52.17	48.63	39.05	52.22
60.43	55.1	54.17	52.15	48.61	39.05	52.2
60.41	55.09	54.16	52.12	48.59	39.05	52.17
60.38	55.09	54.15	52.1	48.57	39.04	52.15
60.36	55.08	54.14	52.07	48.55	39.04	52.13
60.33	55.07	54.13	52.04	48.53	39.04	52.11
60.3	55.07	54.12	52.02	48.51	39.04	52.09
60.27	55.06	54.11	51.99	48.49	39.04	52.07
60.24	55.06	54.11	51.96	48.47	39.04	52.05
60.21	55.05	54.1	51.94	48.46	39.04	52.02
60.19	55.04	54.09	51.91	48.44	39.04	51.99
60.15	55.04	54.08	51.88	48.42	39.04	51.96
60.12	55.03	54.07	51.85	48.4	39.03	51.93
60.09	55.02	54.06	51.82	48.38	39.03	51.91
60.06	55.01	54.05	51.79	48.36	39.03	51.88
60.03	55.01	54.04	51.76	48.34	39.03	51.86
60	55	54.03	51.73	48.32	39.03	51.83
59.97	54.99	54.02	51.7	48.31	39.03	51.81
59.94	54.99	54.01	51.67	48.29	39.02	51.79
59.9	54.98	53.99	51.64	48.27	39.02	51.76
59.87	54.97	53.98	51.61	48.25	39.02	51.74
59.84	54.97	53.97	51.58	48.23	39.02	51.72
59.81	54.96	53.96	51.55	48.22	39.02	51.69
59.77	54.95	53.95	51.52	48.2	39.02	51.66
59.74	54.94	53.94	51.49	48.18	39.02	51.64
59.71	54.94	53.93	51.46	48.16	39.01	51.62
59.67	54.93	53.91	51.43	48.14	39.01	51.59
59.64	54.92	53.9	51.4	48.13	39.01	51.57
59.61	54.92	53.89	51.37	48.11	39.01	51.55
59.57	54.91	53.88	51.34	48.09	39.01	51.53
59.54	54.9	53.87	51.31	48.07	39	51.51
59.51	54.89	53.85	51.28	48.05	39	51.49
59.47	54.89	53.84	51.25	48.04	39	51.47
59.44	54.88	53.83	51.22	48.02	39	51.44
59.4	54.87	53.81	51.18	47.99	39	51.41
59.37	54.86	53.79	51.15	47.97	39	51.37
59.33	54.85	53.78	51.11	47.95	38.99	51.34
59.3	54.84	53.76	51.08	47.93	38.99	51.32
59.26	54.84	53.74	51.04	47.9	38.99	51.29
59.23	54.83	53.74	51.03	47.89	38.99	51.28
59.2	54.84	53.74	51.05	47.91	38.99	51.3
59.17	54.85	53.76	51.08	47.93	38.98	51.33
59.14	54.85	53.77	51.11	47.95	38.98	51.38
59.12	54.86	53.77	51.12	47.96	38.98	51.39
59.09	54.86	53.77	51.13	47.96	38.98	51.41
59.07	54.86	53.78	51.13	47.97	38.98	51.41
59.05	54.86	53.77	51.14	47.97	38.97	51.42
59.03	54.85	53.76	51.1	47.95	38.97	51.39
59.01	54.84	53.74	51.06	47.92	38.97	51.36
58.99	54.83	53.72	51.03	47.89	38.97	51.33
58.96	54.82	53.7	50.99	47.86	38.97	51.31
58.94	54.81	53.68	50.95	47.84	38.97	51.29
58.91	54.8	53.66	50.92	47.81	38.96	51.27
58.88	54.79	53.64	50.88	47.78	38.96	51.24
58.86	54.79	53.62	50.84	47.75	38.96	51.22
58.83	54.78	53.6	50.81	47.72	38.96	51.2
58.8	54.77	53.58	50.77	47.69	38.96	51.18
58.77	54.76	53.56	50.73	47.65	38.96	51.15
58.75	54.75	53.54	50.7	47.62	38.95	51.11
58.72	54.74	53.52	50.66	47.59	38.95	51.08
58.69	54.73	53.5	50.62	47.56	38.95	51.05
58.66	54.72	53.48	50.59	47.52	38.95	51.02
58.63	54.71	53.45	50.55	47.49	38.95	51
58.6	54.71	53.45	50.54	47.48	38.95	50.99
58.58	54.71	53.46	50.57	47.5	38.94	51.05
58.88	54.72	53.48	50.6	47.52	38.94	51.12
59.85	54.73	53.5	50.64	47.56	38.94	51.22
60.16	54.74	53.5	50.65	47.57	38.94	51.26
60.9	54.75	53.51	50.68	47.59	38.94	51.33
60.9	54.75	53.52	50.68	47.59	38.94	51.34
60.88	54.75	53.51	50.68	47.59	38.94	51.35
60.86	54.73	53.48	50.64	47.55	38.93	51.31
60.84	54.72	53.46	50.6	47.51	38.93	51.28
60.82	54.71	53.44	50.56	47.47	38.93	51.26
60.8	54.7	53.41	50.52	47.43	38.93	51.24
60.77	54.69	53.38	50.48	47.39	38.93	51.21
60.74	54.68	53.36	50.44	47.35	38.93	51.19
60.72	54.66	53.33	50.4	47.31	38.93	51.17
60.69	54.65	53.31	50.36	47.27	38.93	51.15
60.66	54.64	53.28	50.32	47.22	38.92	51.13
60.62	54.63	53.25	50.28	47.18	38.92	51.1
60.59	54.62	53.23	50.24	47.14	38.92	51.07
60.56	54.61	53.2	50.2	47.1	38.92	51.03
60.52	54.59	53.17	50.16	47.06	38.92	51
60.49	54.58	53.14	50.12	47.02	38.92	50.96
60.45	54.57	53.11	50.08	46.99	38.92	50.93
60.41	54.56	53.09	50.04	46.95	38.92	50.9
60.38	54.54	53.06	50	46.91	38.92	50.87
60.34	54.53	53.03	49.97	46.88	38.91	50.84
60.3	54.52	53	49.93	46.85	38.91	50.82
60.26	54.51	52.97	49.89	46.81	38.91	50.8
60.23	54.49	52.94	49.85	46.78	38.91	50.77
60.19	54.48	52.91	49.81	46.75	38.91	50.75
60.15	54.47	52.88	49.78	46.72	38.91	50.72
60.11	54.46	52.85	49.74	46.69	38.91	50.69
60.07	54.44	52.82	49.7	46.67	38.91	50.66
60.03	54.43	52.79	49.66	46.64	38.91	50.64
59.99	54.42	52.76	49.63	46.61	38.9	50.61
59.95	54.4	52.72	49.59	46.59	38.9	50.59
59.91	54.39	52.69	49.55	46.57	38.9	50.57
59.87	54.38	52.66	49.52	46.54	38.9	50.55
59.83	54.36	52.63	49.48	46.52	38.9	50.53
59.79	54.35	52.6	49.44	46.5	38.9	50.5
59.74	54.33	52.56	49.41	46.48	38.9	50.48
59.7	54.32	52.53	49.37	46.46	38.9	50.46
59.66	54.3	52.5	49.33	46.44	38.9	50.43
59.62	54.29	52.46	49.3	46.42	38.9	50.4
59.58	54.28	52.43	49.26	46.4	38.89	50.37
59.54	54.26	52.4	49.22	46.38	38.89	50.34
59.5	54.25	52.36	49.19	46.36	38.89	50.31
59.46	54.23	52.33	49.15	46.35	38.89	50.28
59.42	54.22	52.31	49.13	46.34	38.89	50.27
59.38	54.23	52.33	49.15	46.35	38.89	50.32
59.35	54.24	52.35	49.18	46.37	38.89	50.39
60.1	54.26	52.39	49.23	46.41	38.89	50.52
60.68	54.27	52.41	49.26	46.43	38.88	50.58
61.24	54.28	52.43	49.28	46.44	38.88	50.64
61.29	54.28	52.43	49.29	46.45	38.88	50.66
61.28	54.28	52.43	49.29	46.46	38.88	50.65
61.26	54.27	52.4	49.27	46.44	38.88	50.63
61.23	54.26	52.38	49.24	46.43	38.88	50.6
61.21	54.25	52.35	49.22	46.42	38.88	50.58
61.19	54.23	52.33	49.19	46.4	38.88	50.56
61.16	54.22	52.3	49.16	46.39	38.88	50.54
61.14	54.21	52.28	49.14	46.38	38.87	50.52
61.11	54.2	52.26	49.11	46.37	38.87	50.49
61.08	54.19	52.23	49.09	46.36	38.87	50.47
61.05	54.18	52.21	49.06	46.35	38.87	50.45
61.02	54.17	52.18	49.03	46.34	38.87	50.43
60.99	54.15	52.16	49.01	46.33	38.87	50.41
60.95	54.14	52.13	48.98	46.32	38.87	50.38
60.92	54.13	52.11	48.96	46.31	38.87	50.35
60.89	54.12	52.08	48.93	46.3	38.87	50.32
60.85	54.11	52.06	48.91	46.29	38.87	50.29
60.81	54.09	52.03	48.88	46.28	38.86	50.27
60.78	54.08	52.01	48.85	46.27	38.86	50.25
60.74	54.07	51.98	48.83	46.26	38.86	50.22
60.7	54.06	51.96	48.8	46.25	38.86	50.2
60.67	54.04	51.93	48.78	46.24	38.86	50.18
60.63	54.03	51.91	48.75	46.23	38.86	50.16
60.59	54.02	51.88	48.73	46.23	38.86	50.14
60.55	54.01	51.86	48.7	46.22	38.86	50.11
60.52	53.99	51.83	48.68	46.21	38.85	50.09
60.48	53.98	51.81	48.65	46.2	38.85	50.07
60.44	53.97	51.78	48.63	46.2	38.85	50.05
60.4	53.95	51.76	48.6	46.19	38.85	50.03
60.36	53.94	51.73	48.58	46.18	38.85	50.01
60.32	53.93	51.71	48.55	46.18	38.85	49.99
60.28	53.91	51.68	48.53	46.17	38.85	49.96
60.24	53.9	51.66	48.5	46.16	38.85	49.94
60.2	53.88	51.63	48.48	46.16	38.84	49.92
60.16	53.87	51.6	48.45	46.15	38.84	49.9
60.12	53.86	51.58	48.43	46.14	38.84	49.88
60.07	53.84	51.55	48.4	46.14	38.84	49.86
60.03	53.83	51.53	48.38	46.13	38.84	49.83
59.99	53.81	51.5	48.35	46.12	38.84	49.8
59.95	53.8	51.47	48.33	46.12	38.84	49.78
59.91	53.78	51.45	48.3	46.11	38.83	49.75
59.87	53.77	51.42	48.28	46.1	38.83	49.73
59.82	53.77	51.42	48.28	46.11	38.83	49.74
59.79	53.79	51.45	48.31	46.12	38.83	49.81
59.76	53.8	51.47	48.34	46.13	38.83	49.86
59.74	53.81	51.49	48.36	46.14	38.83	49.9
59.72	53.8	51.49	48.36	46.14	38.83	49.89
59.7	53.79	51.46	48.34	46.13	38.82	49.87
59.68	53.78	51.44	48.32	46.13	38.82	49.84
59.65	53.77	51.42	48.3	46.12	38.82	49.82
59.62	53.75	51.4	48.28	46.11	38.82	49.79
59.6	53.74	51.38	48.25	46.11	38.82	49.76
59.57	53.73	51.35	48.23	46.1	38.82	49.74
59.54	53.71	51.33	48.21	46.09	38.81	49.72
59.52	53.7	51.31	48.19	46.09	38.81	49.7
59.49	53.69	51.28	48.17	46.08	38.81	49.67
59.46	53.67	51.26	48.15	46.07	38.81	49.65
59.43	53.66	51.24	48.13	46.07	38.81	49.63
59.4	53.65	51.22	48.11	46.06	38.81	49.61
59.36	53.63	51.19	48.09	46.05	38.8	49.59
59.33	53.62	51.17	48.06	46.04	38.8	49.56
59.3	53.6	51.14	48.04	46.03	38.8	49.53
59.27	53.58	51.11	48.01	46.02	38.8	49.49
59.23	53.56	51.08	47.98	46.01	38.8	49.46
59.2	53.54	51.05	47.96	46	38.79	49.43
59.16	53.52	51.02	47.93	45.99	38.79	49.41
59.13	53.5	50.99	47.9	45.98	38.79	49.38
59.1	53.48	50.96	47.88	45.97	38.79	49.35
59.06	53.46	50.93	47.85	45.95	38.79	49.33
59.02	53.44	50.89	47.83	45.94	38.78	49.31
58.99	53.42	50.86	47.8	45.93	38.78	49.28
58.95	53.4	50.83	47.77	45.91	38.78	49.26
58.92	53.38	50.8	47.75	45.9	38.78	49.23
58.88	53.36	50.77	47.72	45.88	38.78	49.21
58.84	53.34	50.74	47.7	45.87	38.78	49.18
58.81	53.32	50.71	47.67	45.85	38.77	49.16
58.77	53.3	50.68	47.65	45.84	38.77	49.14
58.73	53.28	50.65	47.62	45.82	38.77	49.11
58.7	53.26	50.62	47.6	45.8	38.77	49.09
58.66	53.24	50.59	47.58	45.78	38.77	49.07
58.62	53.22	50.56	47.55	45.76	38.77	49.05
58.58	53.2	50.53	47.53	45.74	38.76	49.03
58.54	53.17	50.5	47.5	45.72	38.76	49.01
58.51	53.15	50.47	47.48	45.7	38.76	48.99
58.47	53.13	50.44	47.46	45.68	38.76	48.96
58.43	53.11	50.41	47.43	45.66	38.76	48.93
58.39	53.08	50.37	47.41	45.63	38.76	48.9
58.35	53.06	50.34	47.38	45.61	38.75	48.87
58.31	53.04	50.31	47.36	45.58	38.75	48.84
58.28	53.01	50.28	47.34	45.56	38.75	48.81
58.24	52.99	50.24	47.31	45.53	38.75	48.79
58.2	52.96	50.21	47.29	45.51	38.75	48.76
58.16	52.94	50.18	47.27	45.48	38.74	48.74
58.12	52.92	50.15	47.25	45.45	38.74	48.72
58.08	52.89	50.12	47.22	45.43	38.74	48.7
58.04	52.87	50.08	47.2	45.4	38.74	48.68
58.01	52.84	50.05	47.18	45.37	38.74	48.65
57.97	52.82	50.02	47.16	45.34	38.74	48.63
57.93	52.79	49.99	47.14	45.31	38.73	48.61
57.89	52.77	49.95	47.11	45.29	38.73	48.59
57.85	52.74	49.92	47.09	45.26	38.73	48.57
57.82	52.72	49.89	47.07	45.23	38.73	48.54
57.78	52.69	49.86	47.05	45.2	38.73	48.52
57.74	52.67	49.83	47.03	45.17	38.73	48.5
57.7	52.64	49.79	47.01	45.14	38.73	48.48
57.66	52.61	49.76	46.99	45.11	38.72	48.46
57.63	52.59	49.73	46.97	45.08	38.72	48.44
57.59	52.56	49.7	46.95	45.05	38.72	48.42
57.55	52.53	49.67	46.93	45.02	38.72	48.4
57.51	52.51	49.64	46.91	45	38.72	48.37
57.48	52.48	49.6	46.89	44.97	38.72	48.35
57.44	52.46	49.57	46.87	44.94	38.71	48.32
57.4	52.43	49.54	46.85	44.91	38.71	48.3
57.36	52.4	49.51	46.83	44.88	38.71	48.28
57.33	52.37	49.48	46.81	44.85	38.71	48.26
57.29	52.35	49.45	46.8	44.83	38.71	48.23
57.25	52.32	49.42	46.78	44.8	38.71	48.21
57.22	52.29	49.38	46.76	44.77	38.71	48.19
57.18	52.27	49.35	46.74	44.75	38.7	48.17
57.15	52.24	49.32	46.72	44.72	38.7	48.15
57.11	52.21	49.29	46.7	44.7	38.7	48.13
57.07	52.18	49.26	46.68	44.67	38.7	48.1
57.04	52.16	49.23	46.67	44.65	38.7	48.08
57	52.13	49.2	46.65	44.62	38.7	48.06
56.96	52.1	49.17	46.63	44.6	38.7	48.04
56.93	52.07	49.14	46.61	44.58	38.69	48.02
56.89	52.04	49.11	46.59	44.55	38.69	48
56.86	52.01	49.08	46.58	44.53	38.69	47.98
56.82	51.99	49.05	46.56	44.51	38.69	47.95
56.79	51.96	49.02	46.54	44.49	38.69	47.93
56.75	51.93	48.99	46.52	44.47	38.69	47.91
56.72	51.9	48.96	46.5	44.45	38.68	47.89
56.68	51.87	48.93	46.49	44.43	38.68	47.87
56.64	51.84	48.9	46.47	44.41	38.68	47.84
56.61	51.81	48.86	46.45	44.39	38.68	47.81
56.57	51.78	48.83	46.43	44.37	38.68	47.78
56.54	51.75	48.8	46.41	44.35	38.68	47.76
56.51	51.72	48.77	46.39	44.33	38.67	47.73
56.47	51.69	48.74	46.38	44.32	38.67	47.71
56.44	51.66	48.71	46.36	44.3	38.67	47.69
56.4	51.63	48.68	46.34	44.28	38.67	47.66
56.37	51.6	48.65	46.32	44.27	38.67	47.64
56.34	51.57	48.62	46.3	44.25	38.67	47.62
56.3	51.54	48.59	46.28	44.24	38.66	47.6
56.27	51.51	48.56	46.26	44.22	38.66	47.58
56.24	51.48	48.54	46.24	44.21	38.66	47.56
56.2	51.45	48.51	46.22	44.19	38.66	47.53
56.17	51.42	48.48	46.21	44.18	38.66	47.51
56.14	51.39	48.45	46.19	44.17	38.66	47.49
56.11	51.36	48.42	46.17	44.15	38.65	47.47
56.07	51.33	48.39	46.15	44.14	38.65	47.45
56.04	51.3	48.36	46.13	44.13	38.65	47.43
56.01	51.27	48.33	46.11	44.11	38.65	47.41
55.97	51.23	48.31	46.09	44.1	38.65	47.38
55.94	51.2	48.28	46.07	44.09	38.65	47.36
55.9	51.17	48.25	46.05	44.08	38.64	47.34
55.87	51.14	48.22	46.03	44.07	38.64	47.32
55.84	51.11	48.19	46.01	44.05	38.64	47.29
55.8	51.08	48.17	45.99	44.04	38.64	47.26
55.77	51.05	48.14	45.97	44.03	38.64	47.24
55.73	51.02	48.11	45.95	44.02	38.64	47.21
55.7	50.99	48.09	45.93	44.01	38.63	47.19
55.67	50.95	48.06	45.91	44	38.63	47.17
55.63	50.92	48.03	45.89	43.99	38.63	47.15
55.6	50.89	48	45.87	43.97	38.63	47.13
55.57	50.86	47.98	45.85	43.96	38.63	47.11
55.53	50.83	47.95	45.82	43.95	38.63	47.08
55.5	50.8	47.93	45.8	43.94	38.62	47.06
55.47	50.77	47.9	45.78	43.93	38.62	47.04
55.43	50.73	47.87	45.76	43.92	38.62	47.02
55.4	50.7	47.85	45.74	43.91	38.62	47
55.37	50.67	47.82	45.72	43.9	38.62	46.98
55.33	50.64	47.8	45.7	43.89	38.62	46.95
55.3	50.61	47.77	45.68	43.87	38.61	46.93
55.27	50.58	47.75	45.66	43.86	38.61	46.91
55.23	50.55	47.72	45.64	43.85	38.61	46.89
55.2	50.51	47.7	45.61	43.84	38.61	46.87
55.17	50.48	47.67	45.59	43.83	38.61	46.85
55.13	50.45	47.65	45.57	43.82	38.61	46.83
55.1	50.42	47.62	45.55	43.81	38.6	46.81
55.07	50.39	47.6	45.53	43.8	38.6	46.78
55.04	50.36	47.57	45.51	43.78	38.6	46.76
55	50.33	47.55	45.49	43.77	38.6	46.73
54.97	50.29	47.52	45.47	43.76	38.6	46.71
54.94	50.26	47.5	45.44	43.75	38.59	46.68
54.91	50.23	47.48	45.42	43.74	38.59	46.66
54.88	50.2	47.45	45.4	43.72	38.59	46.64
54.85	50.22	47.47	45.42	43.74	38.59	46.69
55.02	50.25	47.5	45.44	43.75	38.59	46.78
55.97	50.28	47.52	45.46	43.76	38.58	46.87
56.68	50.32	47.55	45.48	43.78	38.58	46.95
56.92	50.33	47.56	45.49	43.78	38.58	46.98
56.95	50.34	47.57	45.5	43.79	38.58	46.99
56.94	50.32	47.55	45.49	43.78	38.58	46.98
56.92	50.28	47.53	45.46	43.77	38.58	46.95
56.9	50.25	47.5	45.44	43.75	38.57	46.93
56.88	50.21	47.47	45.42	43.74	38.57	46.9
56.85	50.18	47.45	45.39	43.73	38.57	46.88
56.83	50.15	47.42	45.37	43.71	38.57	46.86
56.8	50.11	47.4	45.35	43.7	38.57	46.84
56.78	50.08	47.37	45.33	43.68	38.57	46.82
56.75	50.04	47.35	45.3	43.67	38.57	46.8
56.72	50.01	47.32	45.28	43.66	38.56	46.78
56.69	49.98	47.3	45.26	43.65	38.56	46.76
56.66	49.94	47.27	45.24	43.64	38.56	46.73
56.63	49.91	47.25	45.21	43.63	38.56	46.7
56.6	49.88	47.22	45.19	43.63	38.56	46.67
56.56	49.84	47.2	45.17	43.62	38.56	46.64
56.53	49.81	47.17	45.15	43.62	38.56	46.62
56.49	49.78	47.15	45.13	43.61	38.55	46.59
56.46	49.74	47.12	45.1	43.61	38.55	46.57
56.42	49.71	47.1	45.08	43.6	38.55	46.55
56.39	49.68	47.07	45.06	43.6	38.55	46.53
56.35	49.64	47.05	45.04	43.59	38.55	46.51
56.32	49.63	47.04	45.03	43.59	38.55	46.5
56.28	49.64	47.05	45.04	43.6	38.54	46.52
56.25	49.64	47.05	45.04	43.6	38.54	46.52
56.22	49.64	47.05	45.05	43.6	38.54	46.52
56.18	49.64	47.05	45.05	43.6	38.54	46.51
56.15	49.63	47.05	45.04	43.6	38.54	46.5
56.12	49.6	47.02	45.03	43.6	38.54	46.48
56.08	49.57	47	45.01	43.6	38.54	46.46
56.05	49.54	46.98	44.99	43.59	38.53	46.44
56.01	49.51	46.96	44.97	43.59	38.53	46.42
55.98	49.48	46.93	44.95	43.59	38.53	46.4
55.94	49.45	46.91	44.93	43.58	38.53	46.38
55.91	49.42	46.89	44.91	43.58	38.53	46.35
55.87	49.39	46.87	44.89	43.58	38.53	46.33
55.83	49.36	46.84	44.87	43.58	38.53	46.31
55.8	49.33	46.82	44.85	43.57	38.52	46.29
55.76	49.3	46.8	44.83	43.57	38.52	46.26
55.72	49.27	46.78	44.82	43.57	38.52	46.24
55.68	49.24	46.75	44.8	43.57	38.52	46.21
55.65	49.21	46.73	44.78	43.56	38.52	46.19
55.61	49.19	46.71	44.76	43.56	38.52	46.17
55.57	49.16	46.68	44.74	43.56	38.51	46.15
55.53	49.13	46.66	44.72	43.56	38.51	46.13
55.49	49.1	46.64	44.71	43.56	38.51	46.1
55.45	49.07	46.61	44.69	43.55	38.51	46.08
55.42	49.04	46.59	44.67	43.55	38.51	46.06
55.38	49.01	46.57	44.65	43.55	38.51	46.04
55.34	48.98	46.55	44.64	43.54	38.5	46.02
55.3	48.95	46.52	44.62	43.54	38.5	46
55.26	48.92	46.5	44.6	43.54	38.5	45.97
55.22	48.9	46.48	44.59	43.54	38.5	45.95
55.18	48.87	46.46	44.57	43.53	38.5	45.93
55.14	48.84	46.43	44.55	43.53	38.5	45.91
55.1	48.81	46.41	44.54	43.53	38.49	45.89
55.06	48.78	46.39	44.52	43.52	38.49	45.87
55.02	48.75	46.37	44.5	43.52	38.49	45.85
54.98	48.73	46.35	44.49	43.51	38.49	45.83
54.94	48.7	46.33	44.47	43.51	38.49	45.81
54.9	48.67	46.3	44.46	43.5	38.48	45.78
54.86	48.64	46.28	44.44	43.5	38.48	45.76
54.82	48.61	46.26	44.43	43.49	38.48	45.74
54.78	48.59	46.24	44.41	43.49	38.48	45.72
54.74	48.56	46.22	44.39	43.48	38.48	45.7
54.7	48.53	46.2	44.38	43.48	38.47	45.68
54.66	48.5	46.18	44.37	43.47	38.47	45.65
54.62	48.52	46.19	44.37	43.47	38.47	45.67
54.59	48.54	46.21	44.39	43.48	38.47	45.72
54.56	48.57	46.23	44.41	43.48	38.47	45.78
54.54	48.59	46.25	44.42	43.49	38.46	45.82
54.52	48.61	46.26	44.43	43.49	38.46	45.84
54.51	48.62	46.27	44.44	43.49	38.46	45.85
54.49	48.62	46.27	44.44	43.49	38.46	45.85
54.47	48.62	46.27	44.44	43.49	38.46	45.85
54.45	48.61	46.26	44.44	43.49	38.45	45.83
54.43	48.58	46.24	44.42	43.48	38.45	45.81
54.41	48.55	46.21	44.41	43.48	38.45	45.79
54.38	48.52	46.19	44.39	43.47	38.45	45.77
54.36	48.49	46.17	44.37	43.46	38.45	45.75
54.34	48.46	46.15	44.36	43.45	38.45	45.73
54.31	48.44	46.13	44.35	43.44	38.44	45.72
54.28	48.41	46.1	44.33	43.43	38.44	45.7
54.26	48.38	46.08	44.32	43.42	38.44	45.67
54.23	48.35	46.06	44.3	43.41	38.44	45.65
54.2	48.33	46.04	44.29	43.4	38.44	45.63
54.17	48.3	46.01	44.27	43.39	38.44	45.61
54.14	48.27	45.99	44.26	43.38	38.43	45.59
54.11	48.24	45.97	44.25	43.36	38.43	45.57
54.08	48.22	45.95	44.23	43.35	38.43	45.55
54.05	48.19	45.93	44.22	43.34	38.43	45.52
54.02	48.16	45.9	44.21	43.33	38.43	45.5
53.99	48.14	45.88	44.19	43.31	38.43	45.48
53.95	48.11	45.86	44.18	43.3	38.43	45.46
53.92	48.08	45.84	44.17	43.29	38.42	45.44
53.89	48.06	45.81	44.16	43.27	38.42	45.42
53.85	48.03	45.79	44.14	43.26	38.42	45.4
53.82	48	45.77	44.13	43.25	38.42	45.38
53.79	47.98	45.75	44.12	43.23	38.42	45.36
53.75	47.95	45.73	44.11	43.22	38.41	45.33
53.72	47.92	45.71	44.1	43.21	38.41	45.31
53.69	47.9	45.68	44.09	43.19	38.41	45.29
53.65	47.87	45.66	44.07	43.18	38.41	45.27
53.62	47.85	45.64	44.06	43.17	38.41	45.25
53.58	47.82	45.62	44.05	43.15	38.41	45.24
53.55	47.79	45.6	44.04	43.14	38.4	45.22
53.51	47.77	45.58	44.03	43.13	38.4	45.2
53.48	47.74	45.56	44.02	43.11	38.4	45.18
53.44	47.71	45.54	44.01	43.1	38.4	45.16
53.4	47.69	45.52	44	43.08	38.4	45.14
53.37	47.66	45.5	43.99	43.07	38.4	45.11
53.33	47.63	45.47	43.98	43.06	38.39	45.09
53.3	47.61	45.45	43.96	43.04	38.39	45.07
53.26	47.58	45.43	43.95	43.03	38.39	45.05
53.22	47.55	45.41	43.94	43.01	38.39	45.03
53.19	47.53	45.39	43.93	43	38.39	45.01
53.15	47.5	45.37	43.92	42.99	38.38	44.99
53.12	47.52	45.39	43.93	43	38.38	45.03
53.09	47.55	45.41	43.95	43.01	38.38	45.08
53.07	47.56	45.42	43.95	43.02	38.38	45.1
53.05	47.56	45.42	43.96	43.02	38.38	45.1
53.03	47.56	45.42	43.96	43.02	38.37	45.1
53.01	47.57	45.43	43.96	43.02	38.37	45.1
52.98	47.55	45.41	43.95	43.01	38.37	45.08
52.96	47.52	45.39	43.94	43	38.37	45.06
52.94	47.5	45.37	43.93	42.99	38.37	45.04
52.91	47.47	45.35	43.92	42.97	38.36	45.02
52.89	47.45	45.33	43.91	42.96	38.36	45
52.86	47.42	45.31	43.9	42.95	38.36	44.98
52.83	47.39	45.29	43.89	42.93	38.36	44.95
52.8	47.37	45.27	43.88	42.92	38.36	44.93
52.78	47.34	45.25	43.87	42.91	38.36	44.91
52.75	47.32	45.23	43.86	42.89	38.35	44.89
52.72	47.29	45.21	43.86	42.88	38.35	44.87
52.69	47.27	45.19	43.85	42.87	38.35	44.85
52.65	47.24	45.17	43.84	42.85	38.35	44.83
52.62	47.22	45.15	43.83	42.84	38.35	44.8
52.59	47.19	45.13	43.82	42.82	38.34	44.78
52.56	47.17	45.11	43.81	42.81	38.34	44.76
52.53	47.14	45.09	43.8	42.79	38.34	44.74
52.49	47.12	45.07	43.79	42.78	38.34	44.72
52.46	47.09	45.05	43.78	42.76	38.34	44.7
52.43	47.07	45.03	43.77	42.75	38.33	44.68
52.4	47.04	45.01	43.76	42.73	38.33	44.66
52.36	47.01	44.99	43.75	42.71	38.33	44.64
52.33	46.99	44.97	43.74	42.7	38.33	44.62
52.3	46.96	44.95	43.73	42.68	38.33	44.59
52.27	46.94	44.93	43.72	42.67	38.32	44.57
52.23	46.91	44.91	43.71	42.65	38.32	44.55
52.2	46.89	44.89	43.7	42.63	38.32	44.53
52.16	46.86	44.87	43.69	42.62	38.32	44.51
52.13	46.84	44.85	43.68	42.6	38.32	44.49
52.1	46.81	44.83	43.67	42.58	38.31	44.47
52.06	46.79	44.81	43.66	42.57	38.31	44.45
52.03	46.77	44.8	43.65	42.55	38.31	44.43
51.99	46.74	44.78	43.64	42.53	38.31	44.41
51.96	46.72	44.76	43.63	42.51	38.31	44.39
51.92	46.69	44.74	43.62	42.5	38.3	44.37
51.89	46.67	44.73	43.61	42.48	38.3	44.35
51.86	46.64	44.71	43.6	42.46	38.3	44.33
51.82	46.62	44.69	43.59	42.44	38.3	44.31
51.79	46.59	44.68	43.58	42.42	38.29	44.28
51.75	46.57	44.66	43.57	42.4	38.29	44.26
51.72	46.55	44.65	43.56	42.38	38.29	44.24
51.69	46.52	44.63	43.55	42.37	38.29	44.22
51.65	46.5	44.61	43.54	42.35	38.28	44.2
51.62	46.47	44.6	43.53	42.33	38.28	44.18
51.59	46.45	44.58	43.52	42.31	38.28	44.16
51.55	46.43	44.57	43.51	42.29	38.28	44.14
51.52	46.4	44.55	43.5	42.27	38.28	44.12
51.48	46.38	44.54	43.49	42.25	38.27	44.1
51.45	46.36	44.52	43.48	42.22	38.27	44.08
51.42	46.33	44.51	43.47	42.2	38.27	44.06
51.38	46.31	44.5	43.46	42.18	38.27	44.04
51.35	46.29	44.48	43.44	42.16	38.26	44.02
51.32	46.26	44.47	43.43	42.14	38.26	44
51.28	46.24	44.45	43.42	42.12	38.26	43.98
51.25	46.22	44.44	43.41	42.09	38.26	43.96
51.21	46.19	44.43	43.4	42.07	38.25	43.94
51.18	46.17	44.41	43.39	42.05	38.25	43.92
51.14	46.15	44.4	43.38	42.02	38.25	43.9
51.11	46.12	44.39	43.37	42	38.25	43.88
51.07	46.1	44.37	43.35	41.98	38.24	43.86
51.04	46.08	44.36	43.34	41.95	38.24	43.83
51	46.06	44.35	43.33	41.93	38.24	43.81
50.97	46.03	44.34	43.32	41.9	38.24	43.79
50.93	46.01	44.32	43.31	41.88	38.23	43.77
50.9	45.99	44.31	43.29	41.85	38.23	43.75
50.86	45.97	44.3	43.28	41.82	38.23	43.73
50.83	45.94	44.29	43.27	41.8	38.23	43.71
50.79	45.92	44.27	43.26	41.77	38.22	43.69
50.76	45.9	44.26	43.25	41.74	38.22	43.67
50.73	45.88	44.25	43.23	41.72	38.22	43.65
50.69	45.86	44.24	43.22	41.69	38.22	43.63
50.66	45.83	44.22	43.21	41.66	38.21	43.61
50.62	45.81	44.21	43.19	41.63	38.21	43.59
50.59	45.79	44.2	43.18	41.6	38.21	43.57
50.55	45.77	44.19	43.17	41.58	38.2	43.55
50.52	45.75	44.18	43.16	41.55	38.2	43.53
50.49	45.73	44.17	43.14	41.52	38.2	43.51
50.45	45.71	44.15	43.13	41.49	38.2	43.49
50.42	45.68	44.14	43.12	41.46	38.19	43.47
50.38	45.66	44.13	43.1	41.43	38.19	43.45
50.35	45.64	44.12	43.09	41.4	38.19	43.43
50.32	45.62	44.11	43.07	41.37	38.19	43.41
50.28	45.6	44.1	43.06	41.34	38.18	43.39
50.25	45.58	44.09	43.05	41.31	38.18	43.37
50.22	45.56	44.07	43.03	41.27	38.18	43.35
50.18	45.54	44.06	43.02	41.24	38.18	43.32
50.15	45.52	44.05	43	41.21	38.17	43.3
50.12	45.5	44.04	42.99	41.18	38.17	43.28
50.09	45.51	44.05	43	41.2	38.17	43.32
50.06	45.53	44.06	43.01	41.22	38.16	43.39
50.08	45.55	44.07	43.02	41.24	38.16	43.43
50.19	45.56	44.08	43.03	41.26	38.16	43.46
50.19	45.57	44.08	43.03	41.26	38.16	43.46
50.27	45.58	44.09	43.04	41.28	38.15	43.48
50.26	45.58	44.09	43.04	41.28	38.15	43.48
50.24	45.58	44.09	43.04	41.28	38.15	43.48
50.23	45.58	44.09	43.04	41.29	38.15	43.48
50.22	45.56	44.08	43.03	41.26	38.14	43.46
50.2	45.54	44.07	43.02	41.23	38.14	43.44
50.19	45.52	44.06	43	41.2	38.14	43.41
50.17	45.5	44.05	42.99	41.17	38.14	43.39
50.15	45.48	44.04	42.97	41.14	38.13	43.37
50.13	45.46	44.02	42.96	41.1	38.13	43.35
50.11	45.44	44.01	42.94	41.07	38.13	43.33
50.09	45.42	44	42.93	41.04	38.13	43.31
50.06	45.4	43.99	42.91	41.01	38.12	43.29
50.04	45.38	43.97	42.9	40.98	38.12	43.27
50.02	45.36	43.96	42.88	40.94	38.12	43.25
49.99	45.34	43.95	42.87	40.91	38.12	43.23
49.97	45.32	43.93	42.85	40.88	38.11	43.21
49.94	45.3	43.92	42.83	40.85	38.11	43.19
49.91	45.29	43.91	42.82	40.82	38.11	43.16
49.89	45.27	43.89	42.8	40.79	38.11	43.14
49.86	45.25	43.88	42.78	40.76	38.1	43.12
49.83	45.23	43.86	42.77	40.72	38.1	43.1
49.8	45.21	43.85	42.75	40.69	38.1	43.08
49.77	45.19	43.84	42.73	40.66	38.1	43.06
49.74	45.17	43.82	42.72	40.63	38.09	43.04
49.72	45.16	43.81	42.7	40.6	38.09	43.02
49.69	45.14	43.8	42.68	40.57	38.09	43
49.66	45.12	43.78	42.66	40.55	38.09	42.98
49.63	45.1	43.77	42.65	40.52	38.08	42.96
49.6	45.08	43.76	42.63	40.49	38.08	42.94
49.57	45.07	43.74	42.61	40.46	38.08	42.92
49.54	45.05	43.73	42.59	40.43	38.08	42.9
49.51	45.03	43.72	42.57	40.41	38.07	42.88
49.48	45.01	43.7	42.55	40.38	38.07	42.86
49.45	45	43.69	42.54	40.36	38.07	42.84
49.42	44.98	43.68	42.52	40.33	38.07	42.82
49.39	44.96	43.67	42.5	40.3	38.06	42.8
49.36	44.95	43.65	42.48	40.28	38.06	42.78
49.33	44.93	43.64	42.46	40.26	38.06	42.76
49.3	44.91	43.63	42.44	40.23	38.06	42.74
49.27	44.89	43.62	42.42	40.21	38.05	42.72
49.25	44.88	43.6	42.4	40.19	38.05	42.7
49.22	44.86	43.59	42.38	40.16	38.05	42.68
49.19	44.85	43.58	42.36	40.14	38.05	42.66
49.16	44.83	43.57	42.34	40.12	38.04	42.64
49.13	44.81	43.56	42.32	40.1	38.04	42.62
49.1	44.8	43.54	42.29	40.08	38.04	42.6
49.07	44.78	43.53	42.27	40.06	38.03	42.58
49.04	44.77	43.52	42.25	40.04	38.03	42.56
49.01	44.75	43.51	42.23	40.01	38.03	42.54
48.98	44.73	43.5	42.21	39.99	38.03	42.52
48.95	44.72	43.49	42.19	39.97	38.02	42.5
48.93	44.7	43.47	42.16	39.95	38.02	42.47
48.9	44.69	43.46	42.14	39.93	38.02	42.46
48.87	44.67	43.45	42.12	39.91	38.02	42.44
48.84	44.66	43.44	42.1	39.9	38.01	42.42
48.81	44.64	43.43	42.07	39.88	38.01	42.4
48.78	44.63	43.42	42.05	39.86	38.01	42.38
48.75	44.61	43.4	42.03	39.84	38	42.36
48.72	44.6	43.39	42	39.82	37.98	42.34
48.69	44.58	43.38	41.98	39.8	37.95	42.32
48.66	44.57	43.37	41.96	39.78	37.92	42.3
48.63	44.55	43.36	41.93	39.76	37.89	42.28
48.6	44.54	43.34	41.91	39.74	37.86	42.26
48.57	44.52	43.33	41.89	39.72	37.84	42.24
48.54	44.51	43.32	41.86	39.7	37.81	42.22
48.51	44.5	43.31	41.84	39.68	37.79	42.2
48.48	44.5	43.32	41.85	39.69	37.79	42.22
48.46	44.52	43.33	41.87	39.71	37.79	42.28
49.02	44.53	43.34	41.89	39.73	37.79	42.37
49.84	44.55	43.35	41.91	39.75	37.79	42.45
50.16	44.56	43.36	41.93	39.77	37.78	42.49
50.34	44.57	43.37	41.94	39.78	37.78	42.52
50.33	44.57	43.37	41.94	39.79	37.78	42.53
50.32	44.58	43.37	41.95	39.79	37.78	42.52
50.3	44.58	43.37	41.95	39.79	37.78	42.52
50.29	44.57	43.36	41.93	39.78	37.77	42.5
50.27	44.55	43.35	41.91	39.76	37.77	42.48
50.26	44.54	43.34	41.88	39.74	37.77	42.46
50.24	44.52	43.33	41.86	39.72	37.77	42.44
50.22	44.51	43.31	41.84	39.69	37.77	42.42
50.19	44.49	43.3	41.81	39.67	37.77	42.4
50.17	44.48	43.29	41.79	39.65	37.76	42.38
50.15	44.46	43.27	41.76	39.63	37.76	42.36
50.12	44.45	43.26	41.74	39.61	37.76	42.34
50.1	44.43	43.24	41.71	39.59	37.76	42.32
50.07	44.42	43.23	41.69	39.57	37.76	42.3
50.04	44.4	43.21	41.67	39.54	37.75	42.28
50.01	44.39	43.2	41.64	39.52	37.75	42.26
49.99	44.38	43.18	41.62	39.5	37.75	42.24
49.96	44.36	43.16	41.59	39.48	37.75	42.22
49.93	44.35	43.15	41.57	39.46	37.75	42.2
49.9	44.35	43.15	41.58	39.47	37.75	42.21
49.87	44.36	43.16	41.59	39.48	37.74	42.23
49.85	44.37	43.17	41.6	39.49	37.74	42.26
49.83	44.39	43.18	41.62	39.51	37.74	42.32
49.98	44.4	43.19	41.64	39.53	37.74	42.36
49.97	44.4	43.2	41.64	39.53	37.74	42.37
49.96	44.4	43.2	41.65	39.54	37.73	42.36
49.95	44.4	43.2	41.65	39.54	37.73	42.36
49.94	44.4	43.19	41.63	39.53	37.73	42.35
49.92	44.38	43.17	41.61	39.51	37.73	42.32
49.91	44.37	43.15	41.58	39.49	37.73	42.3
49.89	44.35	43.14	41.56	39.47	37.72	42.28
49.87	44.34	43.12	41.53	39.45	37.72	42.26
49.85	44.32	43.1	41.51	39.43	37.72	42.24
49.83	44.31	43.09	41.48	39.41	37.72	42.22
49.8	44.3	43.07	41.46	39.39	37.72	42.2
49.78	44.28	43.05	41.43	39.37	37.71	42.18
49.75	44.27	43.03	41.41	39.36	37.71	42.16
49.72	44.25	43.02	41.39	39.34	37.71	42.14
49.7	44.24	43	41.36	39.33	37.71	42.12
49.67	44.23	42.98	41.34	39.31	37.71	42.1
49.64	44.21	42.96	41.31	39.3	37.71	42.08
49.61	44.21	42.95	41.3	39.3	37.7	42.08
49.59	44.22	42.97	41.32	39.32	37.7	42.16
50.36	44.24	42.98	41.34	39.33	37.7	42.24
51.23	44.25	43	41.36	39.35	37.7	42.32
52.47	44.27	43.01	41.39	39.37	37.7	42.44
53.33	44.29	43.03	41.41	39.39	37.69	42.52
53.41	44.29	43.03	41.41	39.4	37.69	42.54
53.39	44.3	43.03	41.42	39.4	37.69	42.54
53.38	44.3	43.03	41.42	39.4	37.69	42.54
53.36	44.29	43.03	41.42	39.4	37.69	42.53
53.34	44.28	43.01	41.39	39.38	37.68	42.51
53.32	44.27	42.99	41.37	39.37	37.68	42.49
53.3	44.25	42.98	41.34	39.36	37.68	42.47
53.27	44.24	42.96	41.32	39.36	37.68	42.45
53.24	44.22	42.94	41.3	39.37	37.68	42.43
53.21	44.21	42.92	41.27	39.41	37.68	42.41
53.18	44.19	42.9	41.25	39.44	37.67	42.39
53.15	44.18	42.88	41.22	39.47	37.67	42.37
53.12	44.17	42.86	41.2	39.48	37.67	42.34
53.08	44.15	42.84	41.17	39.5	37.67	42.32
53.05	44.14	42.82	41.15	39.51	37.67	42.3
53.01	44.12	42.8	41.13	39.52	37.67	42.28
52.97	44.11	42.78	41.1	39.53	37.66	42.26
52.93	44.09	42.76	41.08	39.54	37.66	42.24
52.89	44.08	42.74	41.05	39.54	37.66	42.22
52.85	44.07	42.72	41.03	39.55	37.66	42.2
52.81	44.05	42.7	41	39.55	37.66	42.18
52.77	44.06	42.71	41.01	39.55	37.65	42.2
52.74	44.07	42.72	41.02	39.55	37.65	42.23
52.7	44.08	42.73	41.03	39.56	37.65	42.25
52.67	44.08	42.73	41.04	39.56	37.65	42.26
52.64	44.08	42.73	41.05	39.56	37.65	42.26
52.61	44.08	42.73	41.05	39.56	37.65	42.26
52.58	44.09	42.73	41.05	39.56	37.64	42.25
52.55	44.07	42.72	41.03	39.57	37.64	42.23
52.51	44.06	42.7	41.01	39.59	37.64	42.21
52.48	44.04	42.68	40.98	39.62	37.64	42.2
52.44	44.03	42.66	40.96	39.66	37.64	42.19
52.41	44.02	42.64	40.94	39.69	37.64	42.17
52.37	44	42.62	40.91	39.71	37.63	42.16
52.33	43.99	42.6	40.89	39.72	37.63	42.14
52.29	43.97	42.58	40.86	39.72	37.63	42.12
52.25	43.96	42.56	40.84	39.72	37.63	42.1
52.21	43.94	42.54	40.82	39.72	37.63	42.08
52.17	43.93	42.52	40.79	39.72	37.63	42.05
52.13	43.92	42.5	40.77	39.72	37.62	42.03
52.08	43.9	42.47	40.75	39.72	37.62	42.01
52.04	43.89	42.45	40.72	39.72	37.62	41.99
52	43.88	42.44	40.71	39.72	37.62	41.98
51.96	43.88	42.45	40.72	39.72	37.62	41.98
51.91	43.89	42.45	40.73	39.73	37.62	42
51.88	43.9	42.47	40.74	39.73	37.61	42.03
51.84	43.91	42.48	40.76	39.73	37.61	42.06
51.81	43.91	42.48	40.76	39.73	37.61	42.06
51.78	43.91	42.48	40.76	39.73	37.61	42.06
51.74	43.91	42.48	40.76	39.73	37.61	42.05
51.71	43.91	42.47	40.76	39.73	37.6	42.04
51.67	43.89	42.45	40.73	39.73	37.6	42.02
51.64	43.88	42.43	40.71	39.73	37.6	42
51.6	43.86	42.41	40.69	39.73	37.6	41.98
51.57	43.85	42.39	40.67	39.73	37.6	41.96
51.53	43.83	42.37	40.64	39.73	37.6	41.94
51.49	43.82	42.35	40.62	39.73	37.59	41.92
51.45	43.81	42.33	40.6	39.73	37.59	41.9
51.41	43.79	42.31	40.58	39.73	37.59	41.88
51.37	43.78	42.29	40.56	39.73	37.59	41.86
51.33	43.76	42.27	40.54	39.73	37.59	41.84
51.29	43.75	42.25	40.52	39.73	37.58	41.82
51.25	43.73	42.23	40.5	39.73	37.58	41.79
51.21	43.72	42.21	40.48	39.73	37.58	41.77
51.17	43.7	42.19	40.46	39.73	37.58	41.75
51.13	43.69	42.17	40.44	39.73	37.58	41.73
51.08	43.67	42.15	40.42	39.73	37.57	41.71
51.04	43.66	42.13	40.4	39.73	37.57	41.69
51	43.64	42.1	40.39	39.73	37.57	41.67
50.96	43.63	42.08	40.37	39.73	37.57	41.65
50.91	43.61	42.06	40.35	39.73	37.57	41.63
50.87	43.6	42.04	40.33	39.73	37.56	41.61
50.83	43.58	42.02	40.32	39.72	37.56	41.59
50.78	43.57	42	40.3	39.72	37.56	41.57
50.74	43.55	41.98	40.29	39.72	37.56	41.55
50.7	43.54	41.96	40.27	39.72	37.56	41.53
50.65	43.52	41.94	40.26	39.71	37.55	41.51
50.61	43.5	41.93	40.24	39.71	37.55	41.49
50.57	43.49	41.91	40.23	39.7	37.55	41.47
50.52	43.47	41.89	40.21	39.7	37.55	41.45
50.48	43.46	41.87	40.2	39.69	37.54	41.43
50.43	43.44	41.85	40.18	39.69	37.54	41.41
50.39	43.43	41.83	40.17	39.68	37.54	41.39
50.35	43.41	41.81	40.16	39.68	37.54	41.37
50.3	43.39	41.79	40.15	39.67	37.52	41.35
50.25	43.38	41.77	40.13	39.66	37.48	41.33
50.21	43.36	41.75	40.12	39.65	37.44	41.31
50.16	43.35	41.73	40.11	39.64	37.4	41.29
50.12	43.33	41.71	40.1	39.63	37.36	41.26
50.07	43.31	41.69	40.09	39.62	37.33	41.24
50.02	43.3	41.68	40.08	39.61	37.29	41.22
49.98	43.28	41.66	40.07	39.6	37.26	41.2
49.93	43.26	41.64	40.06	39.59	37.22	41.18
49.89	43.25	41.62	40.05	39.58	37.19	41.16
49.84	43.23	41.6	40.04	39.56	37.16	41.14
49.8	43.21	41.58	40.03	39.55	37.13	41.12
49.75	43.2	41.56	40.02	39.53	37.1	41.1
49.7	43.18	41.54	40.02	39.51	37.06	41.08
49.66	43.16	41.53	40.01	39.5	37.03	41.06
49.61	43.15	41.51	40	39.48	37	41.04
49.57	43.13	41.49	39.99	39.46	36.96	41.02
49.52	43.11	41.47	39.98	39.44	36.94	41
49.48	43.09	41.45	39.98	39.42	36.91	40.98
49.44	43.08	41.43	39.97	39.4	36.89	40.96
49.39	43.06	41.41	39.96	39.38	36.88	40.94
49.35	43.04	41.4	39.96	39.36	36.85	40.92
49.3	43.03	41.38	39.95	39.33	36.83	40.9
49.26	43.01	41.36	39.94	39.31	36.8	40.88
49.22	42.99	41.34	39.94	39.28	36.77	40.86
49.17	42.97	41.32	39.93	39.26	36.73	40.84
49.13	42.95	41.3	39.93	39.23	36.7	40.82
49.09	42.94	41.28	39.92	39.21	36.66	40.8
49.05	42.92	41.27	39.92	39.18	36.63	40.78
49	42.9	41.25	39.91	39.15	36.6	40.76
48.96	42.88	41.23	39.91	39.12	36.57	40.74
48.92	42.87	41.21	39.9	39.09	36.54	40.72
48.88	42.85	41.19	39.9	39.06	36.51	40.7
48.84	42.83	41.17	39.89	39.03	36.48	40.68
48.8	42.81	41.15	39.89	39	36.46	40.66
48.76	42.81	41.16	39.89	39	36.45	40.68
48.73	42.82	41.16	39.89	39.01	36.45	40.68
48.69	42.82	41.16	39.89	39.01	36.45	40.68
48.66	42.82	41.16	39.89	39.01	36.45	40.68
48.62	42.81	41.15	39.89	39	36.45	40.67
48.58	42.79	41.14	39.89	38.97	36.45	40.65
48.55	42.77	41.12	39.88	38.94	36.43	40.63
48.51	42.75	41.1	39.88	38.91	36.42	40.61
48.48	42.74	41.08	39.87	38.87	36.41	40.59
48.44	42.72	41.06	39.87	38.84	36.4	40.57
48.4	42.7	41.04	39.86	38.81	36.39	40.55
48.36	42.68	41.02	39.86	38.78	36.38	40.53
48.33	42.66	41	39.85	38.74	36.36	40.51
48.29	42.64	40.99	39.85	38.71	36.34	40.49
48.25	42.63	40.97	39.84	38.68	36.31	40.47
48.21	42.61	40.95	39.84	38.64	36.28	40.45
48.17	42.59	40.93	39.84	38.61	36.25	40.43
48.13	42.57	40.91	39.83	38.57	36.23	40.41
48.09	42.55	40.89	39.83	38.54	36.2	40.39
48.05	42.53	40.87	39.82	38.5	36.18	40.37
48.01	42.54	40.88	39.82	38.51	36.17	40.4
47.99	42.55	40.89	39.83	38.54	36.17	40.49
48.35	42.57	40.91	39.83	38.56	36.17	40.56
49.14	42.58	40.92	39.84	38.57	36.18	40.64
49.81	42.6	40.94	39.85	38.6	36.18	40.71
50.15	42.61	40.95	39.85	38.62	36.18	40.75
50.13	42.61	40.95	39.85	38.62	36.18	40.75
50.12	42.61	40.95	39.85	38.62	36.18	40.75
50.1	42.61	40.95	39.86	38.63	36.18	40.75
50.08	42.59	40.93	39.85	38.59	36.18	40.73
50.06	42.58	40.92	39.84	38.56	36.18	40.71
50.04	42.56	40.9	39.84	38.53	36.18	40.69
50.02	42.54	40.88	39.83	38.49	36.18	40.66
49.99	42.52	40.86	39.83	38.46	36.18	40.64
49.96	42.5	40.84	39.82	38.42	36.19	40.62
49.93	42.48	40.82	39.82	38.39	36.19	40.6
49.9	42.46	40.8	39.81	38.36	36.19	40.58
49.87	42.45	40.78	39.8	38.32	36.19	40.56
49.84	42.43	40.76	39.8	38.29	36.19	40.54
49.8	42.41	40.74	39.79	38.26	36.19	40.52
49.77	42.39	40.72	39.78	38.22	36.19	40.5
49.73	42.37	40.71	39.77	38.19	36.19	40.48
49.7	42.35	40.69	39.77	38.16	36.19	40.46
49.66	42.33	40.67	39.76	38.13	36.19	40.44
49.62	42.31	40.65	39.75	38.1	36.19	40.41
49.58	42.3	40.63	39.74	38.07	36.19	40.39
49.54	42.28	40.62	39.74	38.04	36.19	40.37
49.5	42.26	40.6	39.73	38.02	36.19	40.35
49.46	42.24	40.58	39.72	37.99	36.19	40.33
49.42	42.22	40.56	39.71	37.96	36.19	40.31
49.38	42.2	40.55	39.7	37.94	36.19	40.29
49.34	42.18	40.53	39.69	37.91	36.19	40.27
49.3	42.16	40.51	39.68	37.89	36.19	40.25
49.26	42.15	40.5	39.67	37.87	36.19	40.23
49.22	42.13	40.48	39.66	37.85	36.19	40.21
49.17	42.11	40.47	39.65	37.82	36.19	40.19
49.13	42.09	40.45	39.64	37.8	36.19	40.17
49.09	42.07	40.44	39.63	37.78	36.19	40.15
49.04	42.05	40.42	39.62	37.77	36.19	40.13
49	42.03	40.41	39.61	37.75	36.19	40.11
48.96	42.01	40.4	39.59	37.73	36.19	40.09
48.91	42	40.38	39.58	37.71	36.19	40.07
48.87	41.98	40.37	39.57	37.7	36.19	40.05
48.82	41.96	40.36	39.56	37.68	36.19	40.03
48.78	41.94	40.34	39.54	37.67	36.19	40.01
48.73	41.92	40.33	39.53	37.65	36.19	39.99
48.69	41.9	40.32	39.52	37.64	36.18	39.96
48.64	41.88	40.31	39.5	37.62	36.15	39.94
48.59	41.86	40.3	39.49	37.61	36.12	39.92
48.55	41.84	40.28	39.47	37.6	36.09	39.9
48.5	41.83	40.27	39.46	37.59	36.05	39.88
48.46	41.81	40.26	39.44	37.57	36.02	39.86
48.42	41.79	40.25	39.43	37.56	35.99	39.84
48.37	41.77	40.24	39.41	37.55	35.96	39.82
48.33	41.75	40.23	39.39	37.54	35.93	39.8
48.28	41.73	40.22	39.38	37.53	35.89	39.78
48.24	41.71	40.21	39.36	37.51	35.86	39.76
48.19	41.69	40.2	39.34	37.5	35.83	39.74
48.15	41.68	40.19	39.33	37.49	35.8	39.72
48.1	41.66	40.18	39.31	37.48	35.78	39.7
48.06	41.64	40.17	39.29	37.47	35.76	39.68
48.01	41.62	40.16	39.27	37.45	35.74	39.66
47.97	41.6	40.15	39.25	37.44	35.72	39.65
47.92	41.58	40.15	39.23	37.43	35.69	39.63
47.88	41.56	40.14	39.22	37.42	35.67	39.61
47.84	41.55	40.13	39.2	37.4	35.63	39.59
47.79	41.53	40.12	39.18	37.39	35.6	39.57
47.75	41.51	40.11	39.16	37.38	35.56	39.55
47.71	41.49	40.1	39.14	37.36	35.53	39.53
47.66	41.47	40.09	39.12	37.35	35.5	39.51
47.62	41.45	40.09	39.1	37.33	35.47	39.49
47.58	41.44	40.08	39.08	37.32	35.44	39.47
47.53	41.42	40.07	39.06	37.3	35.41	39.45
47.49	41.4	40.06	39.04	37.29	35.39	39.43
47.45	41.38	40.05	39.02	37.27	35.36	39.41
47.41	41.36	40.04	38.99	37.25	35.34	39.39
47.36	41.34	40.04	38.97	37.24	35.31	39.37
47.32	41.33	40.03	38.95	37.22	35.28	39.35
47.28	41.31	40.02	38.93	37.2	35.26	39.33
47.24	41.29	40.01	38.91	37.18	35.23	39.31
47.2	41.27	40	38.89	37.17	35.2	39.29
47.16	41.26	40	38.87	37.15	35.18	39.27
47.11	41.24	39.99	38.85	37.13	35.16	39.25
47.07	41.22	39.98	38.82	37.11	35.14	39.23
47.03	41.2	39.97	38.8	37.09	35.13	39.22
46.99	41.18	39.96	38.78	37.07	35.11	39.2
46.95	41.17	39.95	38.76	37.05	35.1	39.18
46.91	41.15	39.95	38.74	37.02	35.08	39.16
46.87	41.13	39.94	38.72	37	35.06	39.14
46.83	41.12	39.93	38.7	36.98	35.03	39.12
46.78	41.1	39.92	38.67	36.96	35	39.1
46.74	41.08	39.91	38.65	36.94	34.97	39.08
46.7	41.07	39.9	38.63	36.91	34.93	39.06
46.66	41.05	39.89	38.61	36.89	34.9	39.04
46.62	41.03	39.88	38.59	36.87	34.88	39.02
46.58	41.02	39.87	38.57	36.84	34.85	39
46.54	41	39.87	38.55	36.82	34.82	38.99
46.51	41.01	39.87	38.56	36.83	34.83	39.03
46.48	41.03	39.88	38.58	36.85	34.83	39.11
46.46	41.04	39.89	38.59	36.86	34.84	39.13
46.44	41.04	39.89	38.59	36.86	34.84	39.13
46.42	41.04	39.89	38.59	36.87	34.84	39.13
46.4	41.04	39.89	38.6	36.87	34.85	39.14
46.38	41.04	39.89	38.6	36.87	34.85	39.13
46.36	41.04	39.89	38.59	36.86	34.85	39.12
46.34	41.02	39.88	38.57	36.84	34.85	39.1
46.32	41	39.87	38.55	36.81	34.86	39.08
46.3	40.99	39.86	38.53	36.79	34.86	39.06
46.28	40.97	39.85	38.51	36.76	34.86	39.04
46.25	40.95	39.84	38.49	36.74	34.86	39.03
46.22	40.94	39.83	38.46	36.71	34.87	39.01
46.2	40.92	39.82	38.44	36.69	34.87	38.99
46.17	40.91	39.8	38.42	36.66	34.87	38.97
46.14	40.89	39.79	38.4	36.64	34.87	38.95
46.11	40.88	39.78	38.38	36.61	34.87	38.93
46.08	40.86	39.77	38.36	36.59	34.88	38.91
46.05	40.84	39.76	38.34	36.56	34.88	38.89
46.02	40.83	39.74	38.32	36.54	34.88	38.87
45.99	40.81	39.73	38.3	36.51	34.88	38.85
45.96	40.8	39.72	38.28	36.49	34.88	38.83
45.92	40.78	39.7	38.26	36.46	34.88	38.81
45.89	40.77	39.69	38.24	36.43	34.89	38.79
45.86	40.78	39.7	38.25	36.45	34.89	38.82
45.84	40.79	39.71	38.27	36.47	34.89	38.89
46.05	40.81	39.72	38.28	36.49	34.89	38.94
46.21	40.82	39.72	38.3	36.5	34.89	38.97
46.2	40.82	39.72	38.3	36.5	34.89	38.97
46.18	40.82	39.72	38.3	36.5	34.89	38.97
46.17	40.82	39.73	38.3	36.51	34.9	38.97
46.15	40.81	39.71	38.29	36.49	34.9	38.95
46.14	40.79	39.7	38.27	36.46	34.9	38.93
46.12	40.78	39.69	38.25	36.44	34.9	38.91
46.1	40.76	39.67	38.23	36.41	34.9	38.89
46.08	40.75	39.66	38.21	36.39	34.9	38.87
46.06	40.73	39.64	38.19	36.37	34.9	38.85
46.04	40.72	39.63	38.17	36.34	34.9	38.84
46.01	40.71	39.61	38.15	36.32	34.91	38.82
45.99	40.69	39.6	38.13	36.3	34.91	38.8
45.96	40.68	39.58	38.11	36.27	34.91	38.78
45.94	40.66	39.57	38.09	36.25	34.91	38.76
45.91	40.65	39.55	38.07	36.23	34.91	38.74
45.88	40.64	39.54	38.05	36.21	34.91	38.72
45.86	40.62	39.52	38.03	36.19	34.91	38.7
45.83	40.61	39.5	38.01	36.17	34.91	38.68
45.8	40.6	39.49	37.99	36.15	34.91	38.66
45.77	40.58	39.47	37.97	36.13	34.92	38.64
45.74	40.57	39.45	37.95	36.11	34.92	38.62
45.71	40.56	39.44	37.93	36.1	34.92	38.6
45.68	40.54	39.42	37.91	36.08	34.92	38.58
45.65	40.53	39.41	37.89	36.06	34.92	38.56
45.62	40.52	39.39	37.87	36.05	34.92	38.55
45.59	40.51	39.37	37.85	36.03	34.92	38.53
45.56	40.49	39.36	37.83	36.02	34.92	38.51
45.53	40.48	39.34	37.82	36	34.92	38.49
45.5	40.47	39.32	37.8	35.99	34.92	38.47
45.47	40.46	39.31	37.78	35.98	34.92	38.45
45.44	40.44	39.29	37.76	35.97	34.92	38.44
45.41	40.43	39.27	37.74	35.95	34.92	38.42
45.37	40.42	39.26	37.72	35.94	34.92	38.41
45.34	40.41	39.24	37.7	35.93	34.92	38.39
45.31	40.39	39.23	37.68	35.92	34.92	38.37
45.28	40.38	39.21	37.66	35.91	34.92	38.35
45.25	40.37	39.19	37.64	35.9	34.9	38.33
45.21	40.36	39.18	37.62	35.89	34.86	38.31
45.18	40.35	39.16	37.6	35.88	34.82	38.29
45.15	40.33	39.14	37.58	35.87	34.78	38.27
45.12	40.32	39.13	37.56	35.86	34.74	38.26
45.09	40.31	39.11	37.54	35.85	34.71	38.24
45.05	40.3	39.1	37.52	35.84	34.68	38.22
45.02	40.29	39.08	37.5	35.83	34.65	38.2
44.99	40.27	39.06	37.48	35.83	34.62	38.18
44.96	40.26	39.05	37.46	35.82	34.59	38.16
44.93	40.25	39.03	37.44	35.81	34.56	38.15
44.9	40.24	39.02	37.42	35.8	34.53	38.13
44.87	40.23	39	37.4	35.79	34.49	38.11
44.84	40.21	38.98	37.38	35.78	34.46	38.09
44.8	40.2	38.97	37.36	35.77	34.43	38.07
44.77	40.19	38.95	37.34	35.76	34.39	38.05
44.74	40.18	38.94	37.32	35.75	34.37	38.03
44.71	40.17	38.92	37.3	35.74	34.35	38.02
44.68	40.15	38.9	37.28	35.74	34.36	38
44.65	40.14	38.89	37.26	35.73	34.36	37.99
44.61	40.13	38.87	37.24	35.72	34.36	37.98
44.58	40.12	38.85	37.22	35.71	34.37	37.96
44.55	40.1	38.84	37.2	35.7	34.37	37.94
44.52	40.09	38.82	37.18	35.68	34.37	37.92
44.48	40.08	38.8	37.16	35.67	34.33	37.9
44.45	40.07	38.79	37.14	35.66	34.29	37.89
44.42	40.06	38.77	37.12	35.65	34.25	37.87
44.38	40.04	38.75	37.1	35.64	34.21	37.85
44.35	40.03	38.74	37.08	35.63	34.17	37.83
44.32	40.02	38.72	37.06	35.62	34.14	37.81
44.28	40.02	38.72	37.06	35.62	34.13	37.82
44.26	40.03	38.73	37.07	35.63	34.13	37.87
44.24	40.04	38.75	37.09	35.64	34.14	37.94
45.09	40.05	38.76	37.11	35.65	34.14	38.02
46.01	40.06	38.78	37.13	35.66	34.14	38.11
46.77	40.08	38.79	37.15	35.67	34.14	38.18
46.8	40.08	38.8	37.15	35.67	34.15	38.19
46.78	40.08	38.8	37.15	35.68	34.15	38.19
46.77	40.08	38.8	37.16	35.68	34.15	38.19
46.75	40.07	38.79	37.15	35.67	34.16	38.18
46.73	40.06	38.77	37.13	35.66	34.16	38.16
46.71	40.05	38.76	37.11	35.65	34.16	38.14
46.69	40.04	38.74	37.09	35.63	34.16	38.13
46.67	40.02	38.72	37.07	35.62	34.16	38.11