# Location:	Alpine/Davos, Year: 2021-2040, Longitude: -9.844, STD Longitude: -15, Latitude: 46.813	
# NB: The longitudes are defined negative for values to the east and positive to the west.
TIME ta Ghoris Gbn w10 EL
1 -3.09 0 0 0.91 228.49
2 -3.8 0 0 1.01 228.07
3 -4.51 0 0 1.01 227.3
4 -4.89 0 0 0.3 227.01
5 -5.27 0 0 0.6 226.75
6 -5.65 0 0 0.5 227.63
7 -5.91 0 0 0.91 228.19
8 -6.18 0 0 1.41 228.05
9 -5.46 25.58 58.73 0.2 228.9
10 -3.75 143.71 624.15 0.2 229.37
11 -2.19 246.09 753.9 0.1 228.87
12 -0.97 308.65 796.08 1.41 232.08
13 -0.09 335.82 835.95 1.71 233.75
14 0.34 309.06 821.15 2.22 232.28
15 0.32 232.22 751.71 2.22 234.27
16 -0.38 124.99 629.2 1.61 238.21
17 -1.56 14.13 0 1.91 237.4
18 -2.18 0 0 2.52 236.44
19 -2.8 0 0 1.61 232.38
20 -3.42 0 0 0.91 230.45
21 -4.04 0 0 1.01 231.68
22 -4.66 0 0 1.61 228.93
23 -5.28 0 0 2.22 225.65
24 -5.9 0 0 1.01 225.48
25 -6.35 0 0 2.82 222.9
26 -6.84 0 0 5.64 219.06
27 -7.33 0 0 3.12 221.3
28 -7.6 0 0 3.52 220.42
29 -7.86 0 0 4.63 219.19
30 -8.13 0 0 1.61 216.32
31 -8.32 0 0 1.21 217.63
32 -8.51 0 0 0.5 216.45
33 -7.77 23.44 39.76 3.12 217.96
34 -6.21 120.33 426.18 2.52 220.39
35 -4.89 194.35 425.74 1.61 220.91
36 -3.66 266.45 567.56 2.82 219.23
37 -2.66 307.51 678.83 1.61 218.32
38 -2.09 293.11 731.33 2.52 218.83
39 -1.9 250.92 753.13 0.91 215.45
40 -2.27 160.26 589.57 0.4 213.22
41 -3.46 19.12 0 1.71 210.85
42 -3.79 0 0 1.01 212.21
43 -4.12 0 0 0.2 212.94
44 -4.46 0 0 0.3 209.92
45 -4.79 0 0 0.6 209.89
46 -5.12 0 0 1.41 211.24
47 -5.45 0 0 0.91 208.91
48 -5.79 0 0 2.82 209.01
49 -5.96 0 0 3.12 208.43
50 -6.13 0 0 2.22 210.21
51 -6.3 0 0 2.22 209.31
52 -6.39 0 0 0.4 208.11
53 -6.47 0 0 0.4 209.95
54 -6.55 0 0 0.2 209.56
55 -6.61 0 0 1.01 207.53
56 -6.66 0 0 0.3 205.34
57 -5.63 27.8 85.46 0.3 208.78
58 -2.72 186.15 634.93 0.4 212.67
59 -0.83 260.78 659.16 0.2 220.42
60 0.17 265.78 503.39 0.4 226.18
61 0.79 269.09 480.93 1.01 223.38
62 1.14 257.84 543.53 1.01 221.97
63 1.08 204.83 534.46 0.7 224.47
64 0.7 160.55 443.51 1.41 216.63
65 -0.57 21.5 30.38 2.22 216.52
66 -1.01 0 0 3.12 215.04
67 -1.45 0 0 1.21 215.49
68 -1.89 0 0 0.6 215.51
69 -2.34 0 0 0.6 214.77
70 -2.78 0 0 2.82 216.7
71 -3.22 0 0 2.52 213.2
72 -3.66 0 0 6.04 215.67
73 -4.12 0 0 4.13 214.49
74 -4.57 0 0 5.14 213.17
75 -5.03 0 0 3.52 213.3
76 -5.25 0 0 7.55 214.32
77 -5.47 0 0 4.63 215.9
78 -5.69 0 0 1.41 214.38
79 -5.84 0 0 1.41 216.89
80 -5.98 0 0 0.6 218.45
81 -5.14 25.41 54.24 0.5 219.13
82 -3.02 154.42 660.28 1.01 225.42
83 -1.14 261.4 785.89 2.52 222.39
84 0.37 330.66 842.31 1.21 223.75
85 1.44 354.95 860.28 1.21 226.14
86 2.02 331.56 841.71 1.01 224.29
87 2.06 250.03 774.33 0.3 225.61
88 1.32 135.66 635.74 0.91 226.88
89 0 15.88 0 0.5 230.27
90 -0.74 0 0 0 227.49
91 -1.48 0 0 0.1 222.47
92 -2.21 0 0 0.1 218.48
93 -2.95 0 0 0.5 215.37
94 -3.69 0 0 0.91 214.72
95 -4.42 0 0 0.1 214
96 -5.16 0 0 0.3 212.88
97 -5.93 0 0 1.91 209.71
98 -6.77 0 0 1.41 205.28
99 -7.61 0 0 1.91 201.79
100 -8.06 0 0 2.82 198.81
101 -8.52 0 0 4.13 198.31
102 -8.97 0 0 4.13 199.02
103 -9.3 0 0 1.21 201.34
104 -9.63 0 0 1.01 202.41
105 -8.94 27.15 74.45 2.52 205.1
106 -7.23 153.91 659.14 3.52 210.32
107 -5.51 283.07 790.29 4.63 212.88
108 -3.81 407.49 847.97 2.52 210.52
109 -2.67 433.44 862.65 1.01 210.26
110 -2.09 399.26 815.25 0.4 210.76
111 -2.5 234.35 608.37 0.4 223.33
112 -3.73 82.48 148.79 0.4 233.35
113 -5.1 8.52 0 0.2 232.32
114 -5.34 0 0 0.5 231.48
115 -5.57 0 0 0.6 232.25
116 -5.81 0 0 0.1 228.83
117 -6.05 0 0 1.01 228.67
118 -6.28 0 0 0.6 230.36
119 -6.52 0 0 0.4 229.36
120 -6.76 0 0 1.71 227.52
121 -6.72 0 0 1.61 226.65
122 -6.63 0 0 1.21 221.98
123 -6.55 0 0 2.22 223.7
124 -6.49 0 0 2.82 224.54
125 -6.42 0 0 2.22 225.97
126 -6.36 0 0 3.12 222.83
127 -6.3 0 0 4.13 221.37
128 -6.25 0 0 3.52 221.72
129 -5.18 26.63 66.16 1.91 221.71
130 -2.54 160.87 664.74 1.91 226.43
131 -0.18 274.2 792.73 1.41 224.56
132 1.72 345.63 851.47 0.4 227.12
133 3.03 366.82 867.32 0.3 229.58
134 3.72 334.74 844.8 0.6 233.91
135 3.8 258.15 780.3 0.5 236.9
136 2.94 142.97 642.01 0.2 240.22
137 1.38 17.92 0 0.2 237.29
138 1.17 0 0 0 239.01
139 0.96 0 0 0.1 239.79
140 0.75 0 0 0 238.53
141 0.55 0 0 0.6 242.78
142 0.34 0 0 0.4 244.26
143 0.13 0 0 0.1 246.63
144 -0.08 0 0 0.1 249.56
145 -0.74 0 0 0.2 259.55
146 -0.95 0 0 0.1 258.84
147 -1.38 0 0 0.7 265.23
148 -2 0 0 0.6 266.35
149 -1.72 0 0 1.41 268.58
150 -1.79 0 0 0.6 268.79
151 -2.34 0 0 2.52 269.66
152 -2.91 0 0 1.91 268.4
153 -1.98 3.35 0 0.5 272.22
154 -1.84 15.61 0 0.4 273.67
155 -1.57 26.16 0 1.71 278.18
156 -1.47 32.9 0 1.91 277.62
157 -3.25 35.04 0 2.22 270.06
158 -0.24 272.36 466.96 1.61 247.22
159 0.39 207.14 489.51 2.22 251.8
160 0.18 114.21 409.49 1.21 256.32
161 -0.1 14.51 0 2.22 254.79
162 -0.33 0 0 0.2 253.52
163 -0.84 0 0 0.2 248.11
164 -1.24 0 0 0.7 248.69
165 -1.7 0 0 1.01 246.29
166 -2.16 0 0 0.1 243.91
167 -2.62 0 0 0.2 241.53
168 -3.07 0 0 0.3 239.17
169 -4.19 0 0 1.21 233.68
170 -5.45 0 0 0.91 230.28
171 -6.7 0 0 0.4 226.56
172 -7.41 0 0 0.4 221.55
173 -8.11 0 0 0.4 220.64
174 -8.81 0 0 0.3 210.76
175 -9.33 0 0 0.1 211.36
176 -9.84 0 0 0.6 209.83
177 -9.39 25.45 47.9 0.6 213.31
178 -8.21 137.64 322.88 1.71 214.52
179 -8.1 113.59 65.76 1.41 222.55
180 -7 303.34 547.13 0.3 210.65
181 -6.21 343.01 774.76 0.5 207.12
182 -5.66 361.36 629.9 1.61 203.74
183 -6.09 163.45 223.76 1.71 219.51
184 -6.42 170.49 386.72 4.13 208.63
185 -7.35 26.22 86.85 3.52 208.56
186 -7.76 0 0 2.82 209.04
187 -8.17 0 0 0.91 209.26
188 -8.58 0 0 1.41 209.2
189 -8.99 0 0 1.41 209.16
190 -9.4 0 0 4.13 209.8
191 -9.81 0 0 8.36 208.2
192 -10.22 0 0 11.08 206.61
193 -10.06 0 0 9.37 207.57
194 -9.83 0 0 5.64 208.9
195 -9.6 0 0 3.52 208.05
196 -9.44 0 0 2.82 208.07
197 -9.28 0 0 4.13 208.36
198 -9.13 0 0 1.01 208
199 -9 0 0 0.6 208.72
200 -8.86 0 0 0.91 209.82
201 -7.79 24.87 47.4 0.91 210.84
202 -5.08 156.18 660 3.52 214.81
203 -1.82 328.85 795.83 1.21 210.37
204 -0.14 330.41 619.56 1.01 220.52
205 -0.43 182.78 87.02 1.61 235.44
206 -0.62 180.41 105.64 1.61 232.09
207 -0.44 211.05 426.19 0.91 223.85
208 -0.79 152.04 496.23 3.12 220.52
209 -1.97 28.96 124.2 1.21 216.89
210 -2.43 0 0 6.04 216.71
211 -2.89 0 0 4.13 215.41
212 -3.35 0 0 1.21 213.55
213 -3.81 0 0 4.13 212.67
214 -4.28 0 0 2.82 212.94
215 -4.74 0 0 2.52 218.74
216 -5.2 0 0 2.22 220.93
217 -5.97 0 0 1.21 219.97
218 -6.82 0 0 2.82 219.91
219 -7.68 0 0 6.04 221.25
220 -8.15 0 0 4.63 219.52
221 -8.62 0 0 2.52 218.93
222 -9.09 0 0 1.41 215.19
223 -9.43 0 0 2.22 215.63
224 -9.77 0 0 2.52 214.28
225 -9.08 26.59 56.51 0.1 217.4
226 -7.55 138.3 530.67 0 219.43
227 -6.08 244.41 710.72 0.2 220.06
228 -5.06 289.17 630.12 0.3 219.33
229 -4.35 311.58 657.55 0.91 221.33
230 -3.94 305.75 714.9 0.7 219.18
231 -3.92 243.5 700.66 1.01 218.05
232 -4.49 144.07 582.63 0.6 218.29
233 -5.62 21.54 25.2 5.14 216.82
234 -6.09 0 0 3.12 218.12
235 -6.57 0 0 1.41 216.34
236 -7.04 0 0 1.71 212.5
237 -7.52 0 0 3.52 212
238 -7.99 0 0 2.82 212.56
239 -8.47 0 0 5.14 213.54
240 -8.94 0 0 3.52 212.88
241 -9.09 0 0 6.04 212.84
242 -9.2 0 0 5.14 213.54
243 -9.3 0 0 4.13 215.61
244 -9.33 0 0 0.7 214.87
245 -9.37 0 0 0.2 215.85
246 -9.4 0 0 0.2 217.25
247 -9.41 0 0 0.2 214.93
248 -9.41 0 0 0.4 217.6
249 -8.7 18.59 0 1.61 219.07
250 -7.45 85.11 79.69 1.61 219.73
251 -5.73 193.03 324.15 4.63 225.68
252 -3.89 293.91 627.42 2.52 214.79
253 -2.65 312.98 534.83 4.13 216.01
254 -3.38 112.1 0 1.01 245.75
255 -2.82 220.56 453.12 0.7 221.87
256 -3.16 127.37 477.11 0.2 222.77
257 -4.07 31.67 187.89 0.6 218.78
258 -4.61 0 0 0.5 216.9
259 -5.15 0 0 0.91 214.62
260 -5.69 0 0 1.21 211.51
261 -6.23 0 0 2.52 207.39
262 -6.77 0 0 1.91 206.21
263 -7.32 0 0 1.91 207.39
264 -7.86 0 0 1.71 206.75
265 -8.56 0 0 0.7 202.96
266 -9.34 0 0 0.7 197.77
267 -10.13 0 0 0.6 199.22
268 -10.56 0 0 2.52 196.66
269 -10.99 0 0 1.21 195.6
270 -11.42 0 0 1.71 196
271 -11.73 0 0 0.2 196.04
272 -12.05 0 0 0.6 199.91
273 -11.3 28.06 90.11 1.61 204.23
274 -9.89 128.5 434.41 1.01 204.55
275 -8.7 206.85 394.8 1.41 202.82
276 -7.41 306.51 675.52 2.52 201.15
277 -6.45 343.11 756.74 1.21 200.96
278 -6.05 300.69 655.03 1.61 203.69
279 -5.96 258.47 640.03 1.21 202.64
280 -6.62 132.1 378.19 0.7 208.4
281 -7.76 23.88 43.39 0.7 209.3
282 -8.11 0 0 1.01 208.54
283 -8.47 0 0 0.91 211.61
284 -8.82 0 0 2.22 211.97
285 -9.18 0 0 1.01 212.05
286 -9.53 0 0 2.22 212.34
287 -9.89 0 0 3.52 211.32
288 -10.24 0 0 1.91 211.12
289 -10.29 0 0 1.01 213.47
290 -10.24 0 0 3.52 218.15
291 -10.19 0 0 1.91 218.18
292 -10.12 0 0 1.41 218.84
293 -10.04 0 0 0.5 219.65
294 -9.97 0 0 0.2 218.03
295 -9.89 0 0 1.21 218.66
296 -9.81 0 0 0.5 218.24
297 -8.92 25.85 47.82 0.5 218.83
298 -8.09 74 72.38 1.71 220.18
299 -5.69 276.7 585.36 1.01 202.63
300 -3.42 410.77 642.48 0.3 196.64
301 -3.13 228.43 194.92 0 212.43
302 -3.37 164.31 65.92 0.1 218.51
303 -4.85 55.48 0 0.1 238.81
304 -5.41 19.2 0 0.1 247.33
305 -5.98 11.21 0 0.1 242.82
306 -6.41 0 0 0.1 239.11
307 -6.67 0 0 0.4 238.8
308 -7.01 0 0 1.01 235.51
309 -7.4 0 0 0.7 229.51
310 -7.7 0 0 0.91 229.02
311 -8.05 0 0 0.4 225.81
312 -8.39 0 0 0.2 222.64
313 -9.35 0 0 0 216.63
314 -10.48 0 0 0 209.93
315 -11.61 0 0 0.1 203.34
316 -12.26 0 0 0.5 199.01
317 -12.91 0 0 1.91 194.73
318 -13.56 0 0 1.41 191.65
319 -14.05 0 0 0.1 191.17
320 -14.54 0 0 0.3 181.91
321 -14.03 29.96 82.84 0.7 185.49
322 -12.55 174.04 679.12 0.7 184.4
323 -11.26 294.58 806.52 1.01 185.32
324 -10.23 375.58 867.61 0.6 186.58
325 -9.56 402.93 886 0.3 186.13
326 -9.29 373.31 866.25 0.6 187.73
327 -9.4 292.97 803.5 0.4 189.3
328 -10.09 170.93 672.58 0.3 192.73
329 -11.28 27.42 63.21 0.1 192.59
330 -11.96 0 0 0.6 189.89
331 -12.63 0 0 1.01 185.08
332 -13.3 0 0 5.14 185.07
333 -13.97 0 0 2.82 186.22
334 -14.65 0 0 1.41 182.79
335 -15.32 0 0 0.7 182.8
336 -15.99 0 0 0.4 180.28
337 -16 0 0 1.01 181.55
338 -16.02 0 0 0.5 181.81
339 -16.03 0 0 0.6 183.51
340 -16.04 0 0 1.01 183.79
341 -16.06 0 0 2.22 186.45
342 -16.07 0 0 3.52 185.66
343 -16.08 0 0 3.52 188.99
344 -16.09 0 0 4.63 192.39
345 -15.38 19.98 0 2.82 191.85
346 -14.31 86.91 80.2 2.82 194.76
347 -13.88 84.5 0 2.22 202.33
348 -13.42 158.01 32.72 3.12 202.47
349 -11.98 232.5 195.22 5.14 199.23
350 -10.75 320.28 563.54 3.12 195.98
351 -10.43 213.76 413.67 6.04 202.46
352 -10.38 171.8 440.16 3.52 197.17
353 -11.21 40.38 283.47 0.91 186.12
354 -11.48 0 0 0.5 184.49
355 -11.76 0 0 1.21 183.54
356 -12.03 0 0 0.91 183.31
357 -12.3 0 0 1.71 180.91
358 -12.58 0 0 1.01 180.64
359 -12.85 0 0 2.22 178.09
360 -13.12 0 0 1.61 178.56
361 -13.36 0 0 1.91 176.55
362 -13.59 0 0 0.91 181.55
363 -13.81 0 0 0.3 182.58
364 -13.91 0 0 0.1 181.38
365 -14.02 0 0 0.5 180.27
366 -14.12 0 0 0.6 181.25
367 -14.19 0 0 1.41 182.86
368 -14.25 0 0 0.91 181.63
369 -13.23 27.3 54.73 0.7 183.82
370 -10.98 148.86 553.83 2.52 189.95
371 -8.9 256.56 683.26 1.91 189.46
372 -6.66 386.86 788.66 2.22 185.85
373 -5.27 391.97 884.86 1.71 188.71
374 -4.48 368.65 868.51 4.63 192.1
375 -4.16 321.21 810.27 8.36 190.85
376 -4.77 191.15 667.89 2.22 191.38
377 -6.29 40.8 276.26 3.52 190.11
378 -6.76 0 0 0.91 186.61
379 -7.24 0 0 0.5 187.2
380 -7.71 0 0 0.7 189.12
381 -8.19 0 0 0.4 186.26
382 -8.66 0 0 0.4 184.33
383 -9.13 0 0 1.01 187.78
384 -9.61 0 0 0.7 191.16
385 -10.14 0 0 1.61 192.29
386 -10.74 0 0 0.91 193.13
387 -11.35 0 0 0.4 195.25
388 -11.68 0 0 1.71 193.94
389 -12.02 0 0 1.91 193.94
390 -12.35 0 0 0.5 192.23
391 -12.6 0 0 1.01 192.82
392 -12.84 0 0 0.6 194.85
393 -11.88 31.58 126.7 0.4 197.53
394 -10.29 133.9 379.26 0.7 202.66
395 -8.43 261.88 700.94 0.91 199.62
396 -7.03 323.17 736.04 1.61 201.03
397 -6.21 324.17 600.99 1.91 206.88
398 -5.68 325.9 750.8 2.22 208.42
399 -5.61 262.41 735.86 4.63 208.38
400 -6.27 151.56 564.71 3.52 209.28
401 -7.54 30.29 73.09 2.52 206.62
402 -7.77 0 0 3.12 205.39
403 -8 0 0 4.13 205.7
404 -8.23 0 0 6.95 203.17
405 -8.46 0 0 6.55 205.21
406 -8.7 0 0 5.64 207.1
407 -8.93 0 0 4.13 207.76
408 -9.16 0 0 4.63 206.35
409 -9.13 0 0 4.13 211.12
410 -9.07 0 0 3.52 213.13
411 -9 0 0 5.14 213.9
412 -8.96 0 0 7.55 215.62
413 -8.94 0 0 3.52 223.69
414 -9.01 0 0 2.52 225.21
415 -8.82 0 0 0.7 228.74
416 -9.15 0 0 0.7 230.53
417 -8.49 32.41 63.77 1.01 234.65
418 -7.32 57.65 0 1.41 239.56
419 -6.59 89.56 0 0.7 236.12
420 -4.92 234.18 233.82 1.91 231.95
421 -2.8 393.73 660.29 1.71 228
422 -2.29 241.48 259.48 1.91 242.83
423 -2.35 163.92 139.18 1.71 246.89
424 -3.53 15.45 0 1.91 263.88
425 -4.45 12.89 0 0.91 261.75
426 -4.3 0 0 2.52 259.96
427 -4.16 0 0 2.82 259.16
428 -4.06 0 0 4.13 255.95
429 -3.87 0 0 1.71 258.21
430 -3.72 0 0 0.91 259.11
431 -3.68 0 0 1.61 254.85
432 -3.45 0 0 1.41 255.42
433 -3.52 0 0 2.52 255.78
434 -3.6 0 0 4.13 253.95
435 -3.72 0 0 2.82 251.09
436 -3.71 0 0 0.6 250.55
437 -3.74 0 0 1.01 248.98
438 -3.78 0 0 1.01 247.42
439 -3.79 0 0 2.52 245.11
440 -3.81 0 0 0.7 244.48
441 -2.63 29.35 66.51 0.3 248.83
442 -0.16 153.37 420.7 2.52 253.41
443 1.63 226.13 428.71 1.91 258.83
444 2.9 262.66 374.7 1.21 253
445 3.79 278.51 362.18 1.71 251.41
446 4.43 285.2 426.94 2.52 250.42
447 4.87 280.32 645.63 2.82 242.32
448 4.79 205.56 620.86 2.82 239.18
449 3.55 46.74 324.65 0.5 238.61
450 3.08 0 0 0.3 242.34
451 2.62 0 0 0.3 244.6
452 2.15 0 0 0.1 244.37
453 1.68 0 0 0.1 247.23
454 1.21 0 0 0.2 246.31
455 0.74 0 0 2.22 247.79
456 0.28 0 0 0.7 249.09
457 -0.25 0 0 1.41 251.09
458 -0.81 0 0 0.91 251.97
459 -1.36 0 0 0.2 254.48
460 -1.65 0 0 0.1 252.96
461 -1.94 0 0 0.5 254.55
462 -2.23 0 0 1.21 258
463 -2.43 0 0 1.01 256.68
464 -2.64 0 0 1.91 260.4
465 -1.39 38.69 114.73 1.71 264.36
466 -1.07 59.91 0 1.41 265.87
467 0.29 178.79 165.48 1.21 260.25
468 1.02 203.06 111.56 0.7 263.32
469 2.36 298.47 388.97 0.3 262.15
470 2.91 261.65 310.59 0.3 253.18
471 3.26 252.82 559.75 0 247.2
472 3.12 167.86 600.87 0 241.16
473 2.3 55.43 398.41 0 238.5
474 1.6 0 0 0.1 237.56
475 0.9 0 0 0.4 236.44
476 0.2 0 0 0.2 235.2
477 -0.5 0 0 0.2 234.28
478 -1.21 0 0 1.21 235.47
479 -1.91 0 0 1.21 235.32
480 -2.61 0 0 0.91 234.67
481 -3.21 0 0 1.91 234.16
482 -3.9 0 0 2.52 230.92
483 -4.58 0 0 0.3 226.59
484 -4.96 0 0 1.91 225.61
485 -5.33 0 0 1.21 226.19
486 -5.71 0 0 1.61 228.01
487 -5.99 0 0 1.41 229.13
488 -6.36 0 0 1.21 230.11
489 -5.35 34.04 126.22 0.91 238.05
490 -4.21 116.57 128.4 2.22 236.54
491 -3.09 198.54 234.18 2.52 231.52
492 -3.26 147.8 20.6 3.12 250.3
493 -2.17 274.3 289.47 2.22 242.36
494 -1.47 304.43 488.27 2.82 241.52
495 -1.18 266.33 493.78 1.71 236.04
496 -1.89 91.15 53.66 3.12 247.55
497 -2.76 36.01 102.08 1.71 246.94
498 -2.95 0 0 0.91 241.29
499 -3.14 0 0 1.91 240.84
500 -3.33 0 0 2.22 241.08
501 -3.52 0 0 1.61 244.42
502 -3.71 0 0 1.41 242.44
503 -3.9 0 0 1.41 238.27
504 -4.09 0 0 0.5 236.38
505 -3.98 0 0 0.2 235.19
506 -3.8 0 0 0.91 231.47
507 -3.61 0 0 0.1 234.6
508 -3.47 0 0 0.1 231.59
509 -3.34 0 0 0.6 230.56
510 -3.21 0 0 0.3 233.16
511 -3.09 0 0 0.1 233.1
512 -2.98 0 0 0.3 233.48
513 -1.41 38.11 178.48 0.7 235.11
514 1.4 178.22 672.34 1.71 240.45
515 3.81 287.8 783.18 0.5 240.39
516 5.86 369.66 857.94 1.41 240.9
517 7.3 393.82 848.57 1.91 243.54
518 8.03 352.56 795.86 0.7 245.39
519 7.08 285.11 763.11 0.7 242.32
520 7.51 180.76 670.36 0.6 248.77
521 6.09 56.79 349.01 0.2 246.22
522 5.67 0 0 0.3 248.39
523 5.25 0 0 0 247.15
524 4.82 0 0 0.3 248.51
525 4.4 0 0 0.1 249.51
526 3.98 0 0 0.1 251.68
527 3.56 0 0 0.4 254.6
528 3.14 0 0 0.2 251.89
529 2.41 0 0 0.5 246.4
530 1.64 0 0 2.52 249.12
531 0.87 0 0 3.52 251.55
532 0.47 0 0 5.14 253.54
533 0.07 0 0 1.91 254.02
534 -0.33 0 0 2.22 253.78
535 -0.61 0 0 1.41 256.06
536 -0.89 0 0 0.6 256.29
537 -0.3 26.29 12.04 0.2 253.55
538 1.04 141.03 385.12 0.2 258.93
539 2.41 258.96 564.01 0.1 254.23
540 4.02 417.77 663.61 0.3 245.7
541 4.3 275.74 274.11 0.2 261.8
542 3.75 149.7 12.81 0.6 271.62
543 3.08 102.64 0 1.01 272.77
544 2.46 93.84 37.73 1.21 275.21
545 1.76 25.01 0 1.91 263.09
546 1.29 0 0 1.71 261.5
547 0.81 0 0 1.21 260.43
548 0.3 0 0 0.1 264.55
549 -0.41 0 0 0.2 263.84
550 -0.63 0 0 0.4 262.8
551 -1.11 0 0 0.3 260.45
552 -1.59 0 0 0.7 260.27
553 -2.03 0 0 0.91 261.46
554 -2.54 0 0 0.3 261.55
555 -3.33 0 0 0.3 255.42
556 -2.92 0 0 1.21 252.47
557 -2.98 0 0 1.01 249.74
558 -3.11 0 0 0.4 249.47
559 -3.19 0 0 1.21 250.74
560 -3.3 0 0 0.91 250.29
561 -2.66 20.16 0 1.91 253.6
562 -1.68 81.2 21.12 0.91 255.83
563 -0.24 190.98 179.43 3.12 254.99
564 1 247.11 172.94 1.71 244.59
565 1.58 225.99 109.93 3.12 247.94
566 2.36 300.14 420.18 3.52 242.19
567 2.5 208.38 254.34 3.52 243.72
568 1.73 67.07 0 3.52 255.18
569 0.76 6.05 0 6.55 255.26
570 0.4 0 0 4.63 253.67
571 0.04 0 0 1.61 254.14
572 -0.32 0 0 1.61 251.19
573 -0.68 0 0 1.41 250.7
574 -1.04 0 0 3.12 245
575 -1.4 0 0 2.22 240.94
576 -1.76 0 0 0.7 239.99
577 -2.13 0 0 1.61 239.67
578 -2.47 0 0 1.61 238.51
579 -2.81 0 0 3.52 236.93
580 -2.97 0 0 2.52 236.75
581 -3.12 0 0 1.61 234.55
582 -3.28 0 0 0.5 230.24
583 -3.38 0 0 1.21 229.29
584 -3.47 0 0 0.5 224.58
585 -1.26 64.51 508.45 0.2 227
586 1.14 205.11 714.86 0.3 228.71
587 3.4 333.2 835.91 0.7 227.34
588 5.25 416.9 894.95 1.41 224.73
589 6.58 447.72 913.89 4.13 224.98
590 7.32 420.25 897.63 5.64 227.45
591 7.46 338.13 842.18 4.13 228.13
592 6.75 213.99 729.03 6.55 226.33
593 5.31 75.62 549.6 2.52 230.78
594 4.67 0 0 2.82 231.86
595 4.03 0 0 1.21 232.55
596 3.39 0 0 2.22 233.28
597 2.75 0 0 0.7 231.03
598 2.11 0 0 0.3 230.4
599 1.47 0 0 0.2 227.71
600 0.83 0 0 0.1 227.04
601 0.08 0 0 0.2 228.7
602 -0.73 0 0 0.7 228.89
603 -1.54 0 0 0.1 226.97
604 -1.98 0 0 0.4 224.88
605 -2.42 0 0 0.5 227.41
606 -2.85 0 0 0.6 227.78
607 -3.16 0 0 2.52 227.38
608 -3.47 0 0 0.6 229.17
609 -1.6 60.14 372.73 0.91 231.85
610 0.36 185.78 674.55 1.01 237.49
611 2.27 307.28 812.17 1.41 235.84
612 3.84 386.66 868.84 2.22 236.36
613 4.96 418.36 891.37 0.7 236.46
614 5.53 390.09 848.2 1.91 242.57
615 5.53 306.51 786.86 0.6 244.25
616 4.79 193.38 675.79 2.52 247.36
617 3.42 67.1 361.16 0.7 250.56
618 2.67 0 0 1.21 253.62
619 1.91 0 0 1.71 252
620 1.16 0 0 1.21 253.8
621 0.4 0 0 2.82 251.34
622 -0.35 0 0 1.21 249.35
623 -1.11 0 0 2.52 248.63
624 -1.86 0 0 1.21 253.24
625 -2.38 0 0 0.7 251.88
626 -2.91 0 0 2.22 255.37
627 -3.45 0 0 3.52 254.47
628 -3.74 0 0 4.13 253.75
629 -4.02 0 0 1.21 252.57
630 -4.3 0 0 2.22 252.23
631 -4.5 0 0 3.52 252.02
632 -4.72 0 0 3.12 249.55
633 -4.03 21.77 0 3.12 253.56
634 -3.62 81.49 11.19 3.52 254.73
635 -2.97 62.32 0 2.22 256.82
636 -0.97 286.75 312.55 7.15 246.9
637 -0.01 274.85 175.25 5.14 254.19
638 0.91 292.02 342.18 0.91 255.96
639 0.67 172.37 99.85 1.61 265.79
640 0.9 177.59 417.85 1.71 254.89
641 0.31 83.43 413.05 1.41 249.19
642 -0.41 1.22 0 1.91 245.96
643 -1.12 0 0 0.91 242.74
644 -1.84 0 0 1.41 239.54
645 -2.55 0 0 0.7 236.36
646 -3.27 0 0 0.5 233.18
647 -3.98 0 0 0.2 230.03
648 -4.7 0 0 0.7 226.89
649 -5.31 0 0 0.1 224.26
650 -5.99 0 0 0.4 216.56
651 -6.67 0 0 0.4 214.36
652 -7.05 0 0 0.91 213.37
653 -7.43 0 0 0.4 212.26
654 -7.81 0 0 0.1 212.39
655 -8.08 0 0 0.1 211.99
656 -8.36 0 0 0.1 213.91
657 -6.39 65.91 260.89 0.4 217.05
658 -4.98 161.99 417.09 0.2 218.72
659 -3.13 300.68 732.9 0.1 214.23
660 -1.77 360.62 742.39 0.7 220.84
661 -0.87 379.23 711.05 0.2 223.17
662 -0.55 330.59 536.37 0 226.42
663 -0.82 240.71 342.02 0 232.54
664 -1.81 123.46 115.4 0.2 237.26
665 -3.12 33.17 0 0.1 243.23
666 -3.38 0.92 0 0.3 243.05
667 -3.64 0 0 0.91 247.05
668 -3.91 0 0 0.7 247.43
669 -4.17 0 0 1.01 245.14
670 -4.43 0 0 2.22 246
671 -4.69 0 0 1.41 246.81
672 -4.95 0 0 0.2 249.66
673 -5.11 0 0 0.2 247.71
674 -5.2 0 0 0.1 249.72
675 -4.94 0 0 0 250.25
676 -4.86 0 0 0.1 249.8
677 -4.75 0 0 0.3 252.49
678 -4.89 0 0 1.71 255.17
679 -5.73 0 0 0.5 251.69
680 -5.06 0 0 0 254.9
681 -3.73 20.71 0 0 255.97
682 -2.01 98.18 35.3 0 252.45
683 -1.09 120.89 4.33 0 259.71
684 -0.97 86.92 0 0.1 265.8
685 -1.28 39.69 0 0 268.9
686 0.84 371.15 524.93 0 249.1
687 1.42 212.9 189.23 0.1 262.79
688 1.3 116.86 81.71 0.3 267.3
689 0.77 61.44 177.68 1.21 261.36
690 0.39 1.01 0 0.1 259.21
691 -0.02 0 0 0.2 257.55
692 -0.43 0 0 0.1 258.05
693 -0.75 0 0 0.1 259.87
694 -1.13 0 0 0.1 258.4
695 -1.5 0 0 0.3 255.92
696 -1.88 0 0 0.91 252.59
697 -2.42 0 0 1.41 249.91
698 -2.98 0 0 1.91 249.13
699 -3.54 0 0 1.21 247.68
700 -3.83 0 0 2.52 246.42
701 -4.12 0 0 2.22 244.74
702 -4.41 0 0 1.91 243.06
703 -4.61 0 0 1.01 243.03
704 -4.81 0 0 1.21 241.79
705 -2.67 62.29 258.59 0.3 250.65
706 -0.74 174.72 471.24 0 245.01
707 1.36 301.79 739.96 0.2 243.69
708 3.07 379.12 793.48 0.4 243.88
709 4.23 400.16 773.68 0.2 249.07
710 4.71 349.27 592.1 0.1 253.9
711 4.8 301.61 677.9 0.1 251.82
712 4.2 203.28 619.67 0.4 251.37
713 2.96 85.83 359.74 1.01 251.17
714 2.09 2.12 0 0.7 244.96
715 1.22 0 0 1.61 245.34
716 0.35 0 0 0.7 246.15
717 -0.53 0 0 0.91 242.46
718 -1.4 0 0 0.91 236.92
719 -2.27 0 0 0.6 236.31
720 -3.14 0 0 0.2 231.46
721 -3.93 0 0 0.2 228.9
722 -4.78 0 0 0.7 228.64
723 -5.64 0 0 2.82 223.1
724 -6.1 0 0 1.21 220.66
725 -6.56 0 0 0.1 218.56
726 -7.02 0 0 0.1 215.3
727 -7.35 0 0 0.4 217.17
728 -7.68 0 0 0.6 222.98
729 -5.66 67.29 283.35 0.6 226.38
730 -4.16 168.63 405.69 0.6 225.72
731 -2.4 295.02 642.72 0.3 223.75
732 -0.79 393.08 702.83 1.01 221.67
733 -0.26 327.62 357.8 0.3 230.82
734 0.08 329.8 475.3 0.1 228.45
735 0.11 285.81 564.37 0.2 225.03
736 -0.52 181.38 410.09 0.6 224.91
737 -1.8 49.03 62.83 1.71 236.82
738 -2.6 1.97 0 1.71 235.53
739 -3.41 0 0 1.61 230.7
740 -4.21 0 0 1.21 226.28
741 -5.01 0 0 1.01 225.04
742 -5.82 0 0 0.4 221.32
743 -6.62 0 0 0.2 219.33
744 -7.42 0 0 0.3 214.25
745 -8.09 0 0 0.2 212.99
746 -8.69 0 0 0.2 210.91
747 -9.29 0 0 0.6 206.93
748 -9.61 0 0 1.7 207.1
749 -9.94 0 0 4.21 205.26
750 -10.26 0 0 3.71 203.98
751 -10.5 0 0 3.91 202.17
752 -10.73 1.29 0 2.71 200.29
753 -8.55 99.78 491.75 1.5 201.81
754 -6.75 264.52 607.25 1.9 199.14
755 -6.45 229.4 241.74 1.7 212.51
756 -6.06 277.28 225.53 1.1 211.19
757 -6.41 177.63 23.23 0.6 231
758 -6.12 273.32 223.47 0.6 226.24
759 -5.78 342.21 620.81 0.4 205.69
760 -6.01 202.89 462.34 0.3 206.61
761 -6.52 124.31 384.54 0.1 197.08
762 -7.26 4.09 0 0.1 196.19
763 -7.99 0 0 0.2 193.96
764 -8.72 0 0 0.1 189.95
765 -9.48 0 0 0 199.87
766 -10.22 0 0 0.1 198.03
767 -10.96 0 0 0 195.23
768 -11.66 0 0 0.1 192.66
769 -12.16 0 0 0.1 192.95
770 -12.86 0 0 0.2 190.38
771 -13.55 0 0 0.1 187.81
772 -14 0 0 0.7 186.36
773 -14.44 0 0 1 184.91
774 -14.88 0 0 0.3 183.72
775 -15.24 0 0 0 182.39
776 -15.59 1.11 0 0.1 181.32
777 -14.6 80.06 487.53 0 186.01
778 -13.64 234.74 687.76 0.5 182.64
779 -13.13 300.23 628.08 1 177.95
780 -12.71 369.11 694.32 1 177.63
781 -12.55 361.59 501 0.4 180.93
782 -12.64 309.16 323.94 1.5 185.38
783 -12.73 320.24 591.4 1.9 183.02
784 -12.87 305.83 706.06 2.11 173.61
785 -13.47 135.11 535.96 1.9 174.99
786 -14 5.92 0 3.01 174.13
787 -14.54 0 0 0.4 175.92
788 -15.07 0 0 0.1 177.45
789 -15.6 0 0 0 174.37
790 -16.14 0 0 0.2 174.8
791 -16.67 0 0 0.3 176.93
792 -15.76 0 0 0 176.93
793 -15.76 0 0 0.4 177.16
794 -15.8 0 0 0.2 178.62
795 -15.83 0 0 1 178.86
796 -15.87 0 0 1 179.37
797 -15.9 0 0 0.7 179.32
798 -15.94 0 0 0.2 179.7
799 -15.97 0 0 0.1 178.67
800 -16.01 1.2 0 0.4 181.88
801 -14.43 58.28 149.05 0.6 186.26
802 -11.9 244.16 538.68 0.7 175.94
803 -10.68 287.31 464.75 0.4 181.97
804 -10.39 244.16 126.23 0.8 190.79
805 -9.9 303.7 224.17 0.5 189.93
806 -9.41 340.54 428.72 0.7 186.61
807 -8.65 449.72 727.74 0.8 177.09
808 -8.54 316.76 771.93 1.1 178.87
809 -9.31 140.37 544.44 1.3 180.09
810 -9.49 6.41 0 0.2 181.29
811 -9.66 0 0 0.3 183.5
812 -9.84 0 0 0.2 184.44
813 -10.02 0 0 0.4 185.23
814 -10.2 0 0 0.7 184.61
815 -10.38 0 0 0.5 184.15
816 -10.56 0 0 0.8 185.86
817 -10.6 0 0 1.1 189.29
818 -10.64 0 0 2.31 188.71
819 -10.69 0 0 3.91 187.94
820 -10.72 0 0 4.61 186.44
821 -10.74 0 0 1.2 187.5
822 -10.77 0 0 0.3 190.36
823 -10.78 0 0 0.1 190.21
824 -10.8 1.84 0 0 190.51
825 -7.81 108.78 519.01 0.2 194.28
826 -5.5 276.13 756.26 0.5 193.04
827 -3.45 415.82 871.33 0.5 197.14
828 -1.81 506.49 924.7 1.5 202.01
829 -0.63 541.06 941.86 0.8 204.97
830 0.04 515.28 929.24 1.5 199.41
831 0.18 431.83 882.18 1.3 199.89
832 -0.41 299.12 780.47 1.5 211.85
833 -1.73 134.43 557.16 1 215.03
834 -2.04 5.4 0 0.2 214.6
835 -2.34 0 0 1.2 212.73
836 -2.64 0 0 1.7 215.7
837 -2.95 0 0 0.7 220.18
838 -3.25 0 0 0.3 218.76
839 -3.55 0 0 0.2 217.65
840 -3.85 0 0 0.8 213.33
841 -4.14 0 0 0.4 215.58
842 -4.42 0 0 0.2 214.37
843 -4.7 0 0 1 215.33
844 -4.84 0 0 2.71 215.41
845 -4.99 0 0 1.1 216.98
846 -5.13 0 0 2.11 214.89
847 -5.22 0 0 1.5 216.89
848 -5.31 2.27 0 2.71 214.61
849 -2.63 104.35 556.85 4.61 225.09
850 -0.63 259.33 763.25 2.71 225.29
851 1.15 388.73 873.12 1.7 226.85
852 2.57 471.54 926.8 3.51 222.26
853 3.58 502.7 944.41 1.5 222.46
854 4.15 477.85 931.07 0.5 224.71
855 4.28 400.9 883.53 0.2 224.68
856 3.77 279.16 786.02 0.5 230.07
857 2.63 127.15 592.63 0.8 230.94
858 1.89 6.14 0 3.01 229.97
859 1.15 0 0 2.31 232.71
860 0.41 0 0 2.31 232.15
861 -0.33 0 0 2.11 229.44
862 -1.08 0 0 1 229.43
863 -1.82 0 0 2.11 228.67
864 -2.56 0 0 2.51 230.3
865 -3.3 0 0 2.31 226.47
866 -4.17 0 0 1 226.54
867 -5.03 0 0 0 222.34
868 -5.52 0 0 0.4 221.35
869 -6.01 0 0 0.2 221.32
870 -6.5 0 0 0.4 217.41
871 -6.86 0 0 0.8 218.23
872 -7.23 2.76 0 1 217.05
873 -4.76 113.93 540.9 0.8 225.11
874 -3.02 278.16 767.23 1.5 220.71
875 -1.5 413.22 878.56 1.1 224.4
876 -0.29 503.06 932.34 1.9 225.81
877 0.54 535.5 950.03 2.31 223.68
878 0.95 509.06 937.25 4.21 223.58
879 0.95 428.54 889.82 2.51 223.89
880 0.36 298.4 790.1 2.71 224.2
881 -0.81 138.63 582.56 1.1 230.79
882 -1.23 7.06 0 1.3 232.23
883 -1.65 0 0 1.5 235.34
884 -2.07 0 0 0.8 237.18
885 -2.49 0 0 2.11 240.14
886 -2.91 0 0 1.1 239.16
887 -3.32 0 0 0.5 239.1
888 -3.74 0 0 0.8 238.37
889 -3.71 0 0 1.9 239.51
890 -3.63 0 0 1.9 243.83
891 -3.55 0 0 2.51 245.61
892 -3.49 0 0 4.21 246.05
893 -3.43 0 0 4.21 247.39
894 -3.37 0 0 1.7 247.81
895 -3.31 0 0 3.31 247.05
896 -3.26 2.3 0 2.31 249.04
897 -1.99 40.98 0 0.7 257.42
898 -1.05 100.72 7.73 0.4 260.37
899 -0.7 136.78 4.78 0 265.3
900 -0.03 135.61 0 0.2 268.53
901 0.24 118.7 0 0.1 272
902 1.06 250.46 117.86 0.1 264.52
903 2.17 370.27 633.09 0.3 255.02
904 2.81 318.37 776.16 0.8 252.1
905 2.65 150.09 582.6 1.3 244.1
906 2.2 10.41 0 0.8 241.81
907 1.75 0 0 1.3 241.5
908 1.31 0 0 0.2 240.76
909 0.86 0 0 0.1 241.03
910 0.41 0 0 0.3 242.58
911 -0.04 0 0 0.3 243.84
912 -0.49 0 0 0.5 240.27
913 -1.1 0 0 1.5 240.12
914 -1.75 0 0 0.4 240.2
915 -2.41 0 0 0.1 239.88
916 -2.75 0 0 1.2 240.94
917 -3.1 0 0 0.5 239.46
918 -3.44 0 0 1.2 238.41
919 -3.69 0 0 1.9 237.45
920 -3.93 4.23 0 1.1 235.89
921 -2.09 87.16 403.49 0.7 240.04
922 -0.68 221.3 631.86 0.8 239.36
923 0.51 326.32 666.1 1 240.73
924 1.46 393.99 687.79 2.31 238.14
925 2.2 438.78 717.41 3.51 233.76
926 2.44 369.37 457.15 1 234.92
927 2.24 276.26 338.17 1.5 238.88
928 1.78 211.69 459.12 3.31 228
929 0.82 87.66 253.39 2.51 244.88
930 0.12 7.76 0 0.7 255.18
931 -0.63 0 0 1.7 254.08
932 -1.41 0 0 2.71 249.59
933 -2.18 0 0 2.71 245.14
934 -2.96 0 0 1 240.73
935 -3.73 0 0 0.5 236.36
936 -4.5 0 0 0.3 232.03
937 -5.12 0 0 0.1 228.48
938 -5.86 0 0 0.3 224.41
939 -6.6 0 0 0.6 220.38
940 -7.02 0 0 0.2 217.8
941 -7.45 0 0 0 207.5
942 -7.88 0 0 1.1 205.76
943 -8.2 0 0 1 204.03
944 -8.52 4.6 0 0.5 201.02
945 -5.99 112.75 602.78 1.5 214.11
946 -4.32 265.6 784.32 3.01 217.08
947 -2.83 394.57 882.8 2.31 215.64
948 -1.67 475.48 930.8 1.9 219.2
949 -0.87 507.76 945.83 1.2 222.56
950 -0.46 485 935.93 1.3 223.89
951 -0.46 408.61 892.09 1.9 226.32
952 -1.03 287.76 804.26 2.51 227.82
953 -2.16 138.95 633.43 5.01 228.28
954 -2.38 10.5 0 2.51 230.52
955 -2.61 0 0 2.11 231.36
956 -2.84 0 0 0.8 233.41
957 -3.06 0 0 1.2 236.18
958 -3.29 0 0 0.2 237.09
959 -3.51 0 0 1 241.65
960 -3.74 0 0 1.7 244.92
961 -3.51 0 0 0.8 248.31
962 -3.22 0 0 0.4 250.2
963 -2.93 0 0 2.31 250.38
964 -2.76 0 0 1.3 251.58
965 -2.58 0 0 1.3 255.02
966 -2.43 0 0 1 259.77
967 -2.27 0 0 3.01 263.45
968 -2.14 4.65 0 1.3 266.1
969 -0.96 33.21 0 0.7 267.98
970 0.64 122.88 38.34 0.8 266.63
971 1.57 155.58 16.89 1 273.01
972 3.38 296.29 213.52 0.4 272.73
973 3.14 127.51 0 0.8 286.79
974 2.65 130.96 0 0.4 286.18
975 3.7 269.7 263.91 0.4 276.11
976 4.58 299.7 679.2 0.8 265.08
977 4.55 165.65 608.03 0.5 264.31
978 3.66 16.97 0 1.5 260.48
979 3.29 0 0 1.7 259.23
980 2.92 0 0 1.1 257.98
981 2.55 0 0 0.1 256.72
982 2.18 0 0 0.1 255.47
983 1.82 0 0 0.2 254.22
984 1.45 0 0 0.1 254.41
985 0.85 0 0 0 254.82
986 0.17 0 0 0 253.34
987 -0.5 0 0 0.1 250.58
988 -0.87 0 0 0 251.56
989 -1.24 0 0 0.2 251.1
990 -1.61 0 0 0.5 249.33
991 -1.88 0 0 2.31 248.98
992 -2.15 6.12 0 2.11 250.22
993 0.31 108.78 485.32 1.9 257.24
994 1.85 247.59 730.12 0.4 256.77
995 3.23 365.97 804.96 0.5 255.61
996 4.33 441.2 827.4 1 252.85
997 5.09 470.18 834.28 1.9 251.23
998 5.45 436.59 776.32 3.91 252.72
999 5.46 368.74 751.99 7.82 253.15
1000 4.95 259.66 691.07 10.63 256.16
1001 3.98 131.67 537.96 4.61 256.13
1002 2.72 13.04 0 3.31 253.09
1003 2.29 0 0 8.32 255.53
1004 1.87 0 0 3.91 252.93
1005 1.45 0 0 3.31 251.95
1006 1.03 0 0 3.31 248.76
1007 0.61 0 0 5.71 246.25
1008 0.19 0 0 3.91 244.72
1009 0.04 0 0 5.31 244.82
1010 -0.18 0 0 6.72 245.43
1011 -0.4 0 0 5.71 243.7
1012 -0.54 0 0 6.72 243.84
1013 -0.69 0 0 4.21 242.23
1014 -0.83 0 0 7.82 240.78
1015 -0.94 0 0 5.01 237.83
1016 -1.06 9.71 0 1.3 238.5
1017 3.4 143.49 580.47 1 249.05
1018 6.2 325.22 730.42 1.2 247.17
1019 7.24 340.07 579.42 1.3 257.18
1020 8.08 384.92 518 0.5 263.78
1021 8.95 446.44 611.43 0.4 259.18
1022 8.88 327.47 236.59 1 270.49
1023 7.92 215.3 96.55 0.8 288.67
1024 5.89 26.21 0 1.2 309.08
1025 4.33 13 0 1.1 300.94
1026 2.99 8.53 0 0.2 293.66
1027 2.58 0 0 0.8 291.48
1028 2.17 0 0 1.5 289.31
1029 1.76 0 0 2.31 287.15
1030 1.04 0 0 3.01 286
1031 0.94 0 0 4.61 285.53
1032 0.54 0 0 5.01 283.37
1033 0.34 0 0 3.91 279.7
1034 -0.02 0 0 3.01 280.46
1035 0.1 0 0 2.11 278.47
1036 0.16 0 0 1.7 278.83
1037 -0.55 0 0 2.31 277.7
1038 -0.05 0 0 2.71 277.77
1039 0.13 0 0 4.61 278.74
1040 0.03 3.69 0 2.51 278.23
1041 0.46 9.68 0 1.9 283.21
1042 1.26 71.26 0 1.2 280.25
1043 2.15 143.48 7.01 3.01 277.76
1044 3.92 359.85 339.68 0.6 271.01
1045 4.84 324.79 155.48 1 280.1
1046 5.5 332.61 189.74 1.2 281.86
1047 5.86 292.34 274.97 3.51 283.34
1048 5.21 80.5 0 4.61 298.09
1049 4.41 29.96 0 2.51 297.43
1050 3.77 7.98 0 4.21 292.45
1051 3.32 0 0 2.31 288.51
1052 2.82 0 0 0.4 284.31
1053 2.31 0 0 0 280.15
1054 1.81 0 0 0 276.03
1055 1.3 0 0 0 271.95
1056 0.8 0 0 0.4 269.03
1057 0.07 0 0 0.1 264.17
1058 -0.73 0 0 0.4 260.21
1059 -1.52 0 0 0.3 255.77
1060 -1.94 0 0 0.3 254.18
1061 -2.36 0 0 0.3 248.37
1062 -2.79 0 0 1.3 247.93
1063 -3.09 0 0 3.01 246.42
1064 -3.39 9.09 0 5.01 244.87
1065 -0.78 117.69 530.04 3.91 248.81
1066 0.8 261.64 728.69 7.12 246.11
1067 2.22 385.27 825.73 6.22 247.36
1068 3.37 467.07 866.81 6.22 243.5
1069 4.21 505.87 900.83 9.02 244.29
1070 4.69 490.92 881.34 5.71 242.67
1071 4.74 403 837.37 1.3 243.01
1072 4.25 285.27 752.67 2.31 241.95
1073 3.23 140.51 565.21 1.3 245.55
1074 1.93 16.72 0 1.5 245.45
1075 1.06 0 0 1.2 250.29
1076 0.19 0 0 1 248.05
1077 -0.68 0 0 1.2 247.26
1078 -1.55 0 0 1.5 244.2
1079 -2.42 0 0 1.2 240.56
1080 -3.29 0 0 3.91 240.27
1081 -3.94 0 0 2.51 241.64
1082 -4.62 0 0 3.51 240.85
1083 -5.3 0 0 1.5 240.15
1084 -5.66 0 0 2.31 235.49
1085 -6.02 0 0 0.6 237.92
1086 -6.38 0 0 1.5 236.87
1087 -6.63 0 0 5.01 239.91
1088 -6.88 7.51 0 2.51 238.36
1089 -5.48 66.4 38.03 0.8 241.29
1090 -4.81 141.96 65.14 1.5 240.44
1091 -3.48 276.88 236.74 0.5 237.78
1092 -2.87 290.44 117.86 3.01 243.27
1093 -2.75 303.73 109.23 5.01 246.48
1094 -2.01 334.15 247.23 3.51 244.64
1095 -1.46 415.69 659.26 2.31 236.9
1096 -1.73 210.15 241.88 1.5 247.13
1097 -2.36 109.45 261.85 4.21 236.34
1098 -3.18 26 108.9 3.71 222.21
1099 -4.08 0 0 2.71 219.96
1100 -4.98 0 0 1.9 217.97
1101 -5.88 0 0 1.5 213.52
1102 -6.79 0 0 0.3 211.66
1103 -7.69 0 0 0.4 208.7
1104 -8.59 0 0 1.2 206.37
1105 -9.36 0 0 1.7 202.34
1106 -10.21 0 0 0.7 200.58
1107 -11.06 0 0 0.2 198.35
1108 -11.52 0 0 1.7 195.03
1109 -11.99 0 0 1.5 195.45
1110 -12.45 0 0 1.3 192.3
1111 -12.79 0 0 1.7 188.25
1112 -13.13 11.75 0 1.3 185.16
1113 -10.26 129.4 574.1 0.6 191.02
1114 -8.6 282.93 784.41 0.7 192.46
1115 -7.17 405.55 860.88 1.1 194.39
1116 -6.04 484.47 888.52 0.8 197.04
1117 -5.25 518.68 906.7 0.5 196.6
1118 -4.83 495.94 898.37 1.1 199.75
1119 -4.81 418.28 856.16 1.9 200.7
1120 -5.33 298.21 772.09 1.3 201.37
1121 -6.4 150.29 587.7 4.21 201.83
1122 -7.77 20.14 0 4.61 198.74
1123 -8.45 0 0 3.31 194.72
1124 -9.13 0 0 2.11 195.28
1125 -9.82 0 0 1.7 197.28
1126 -10.5 0 0 1.7 197.96
1127 -11.18 0 0 1.2 195.27
1128 -11.86 0 0 1 194.45
1129 -12.28 0 0 1 192.52
1130 -12.76 0 0 1.5 191.85
1131 -13.23 0 0 1.9 193.75
1132 -13.49 0 0 1.1 190.96
1133 -13.75 0 0 1.7 189.47
1134 -13.94 0 0 3.01 191.82
1135 -14.13 0 0 3.51 191.68
1136 -13.83 12.21 0 1.9 195.03
1137 -12.34 120.64 457.75 1.3 196.91
1138 -10.49 266.46 676.84 2.71 196.1
1139 -8.77 381.46 743.28 3.71 202.33
1140 -7.38 448.21 725.68 4.21 205.31
1141 -6.36 472.11 697.4 5.31 209.43
1142 -5.93 400.19 455.01 5.31 216.58
1143 -5.84 339.37 436.04 6.22 216.57
1144 -6.29 235.82 387.13 2.11 223.29
1145 -7.2 115.98 265.28 1.3 217.29
1146 -8.39 20.09 0 1.7 215.96
1147 -8.48 0 0 2.31 217.97
1148 -8.57 0 0 2.31 216.77
1149 -8.67 0 0 1.7 214.48
1150 -8.76 0 0 2.31 213.61
1151 -8.85 0 0 2.51 213.98
1152 -8.94 0 0 2.51 212.77
1153 -8.82 0 0 2.71 214.54
1154 -8.62 0 0 5.71 214.44
1155 -8.43 0 0 1.9 211.55
1156 -8.3 0 0 1.1 209.47
1157 -8.17 0 0 0.7 209.58
1158 -8.06 0 0 0.8 210.31
1159 -7.94 0 0 0.5 209.19
1160 -7.4 14.54 0 1.7 207.69
1161 -4.86 163.94 643.82 1.2 211.73
1162 -2.06 336.95 826.24 0.2 210.79
1163 0.55 479.28 920.51 0.3 206.97
1164 2.76 572.54 962.74 0.2 209.55
1165 4.44 606.14 974.24 0.1 209.01
1166 5.53 578.68 966.15 0.1 205.97
1167 6 491.99 930.56 0 208.75
1168 5.76 355.06 845.79 0.4 212.73
1169 4.63 187.65 686.82 0.2 214.82
1170 2.88 23.29 27.61 0.3 214.51
1171 2.21 0 0 0.1 221.35
1172 1.54 0 0 0.1 220.25
1173 0.87 0 0 0.8 218.75
1174 0.2 0 0 0.6 220.33
1175 -0.47 0 0 0.5 221.85
1176 -1.14 0 0 1.2 221.03
1177 -2.1 0 0 0.4 222.17
1178 -3.14 0 0 0.1 218.12
1179 -4.17 0 0 1.7 214.93
1180 -4.73 0 0 2.51 210.86
1181 -5.28 0 0 0.4 211.13
1182 -5.68 0 0 1 212.52
1183 -6.07 0 0 3.01 213.11
1184 -5.73 15.68 0 0.5 210.61
1185 -4 151.57 647.88 0.2 215.66
1186 -2.08 308.91 818.05 0.3 220.46
1187 -0.29 439.2 902.8 0.5 222.26
1188 1.21 527.31 944.18 0.7 217.57
1189 2.34 559.11 953.65 1.2 219.52
1190 3.03 535.45 945.8 2.51 217.72
1191 3.28 459.27 915.78 1.9 217.48
1192 3.01 336.24 840.3 1 219.28
1193 2.08 179.51 684.76 0.8 223.49
1194 0.67 25.62 42.2 0.2 221.19
1195 -0.21 0 0 0.4 225.86
1196 -1.09 0 0 0.5 222.67
1197 -1.97 0 0 1.5 221.09
1198 -2.85 0 0 2.51 220.38
1199 -3.74 0 0 6.22 221.02
1200 -4.62 0 0 3.31 220.47
1201 -5.19 0 0 1.9 219.55
1202 -5.75 0 0 1 219.88
1203 -6.32 0 0 0.8 217.04
1204 -6.6 0 0 1.7 213.5
1205 -6.88 0 0 0.2 213.63
1206 -7.07 0 0 0.2 215.71
1207 -7.25 0 0 0.6 217.24
1208 -6.66 19.79 7.79 2.11 218.52
1209 -4.73 148.28 609.22 3.01 222.27
1210 -2.63 295.43 768.14 4.61 223.8
1211 -0.74 406.86 745.52 3.01 223.75
1212 0.51 426.42 485.74 7.12 226.07
1213 2.51 658.95 806.51 3.91 214.18
1214 3.82 632.72 959.34 5.31 215.26
1215 4.48 544.63 931.35 6.22 216.72
1216 4.52 402.33 855.36 7.12 220.14
1217 3.65 221.84 687.16 3.01 221.92
1218 2.1 38.21 170.97 2.31 220.23
1219 0.94 0 0 2.71 222.01
1220 -0.22 0 0 2.31 217.58
1221 -1.38 0 0 2.11 217.49
1222 -2.54 0 0 4.21 214.64
1223 -3.7 0 0 1.7 215.19
1224 -4.86 0 0 1.1 215.24
1225 -6.04 0 0 0.6 213.3
1226 -7.32 0 0 1.5 210.99
1227 -8.61 0 0 1.5 208.92
1228 -9.31 0 0 1.7 203.79
1229 -10 0 0 0.8 203.85
1230 -10.5 0 0 0.4 203.44
1231 -11 0 0 0.6 202.55
1232 -10.62 18.98 0 2.51 204.56
1233 -8.79 169.22 673.9 1.5 210.29
1234 -6.81 336.57 838.22 0.8 212.11
1235 -4.98 476.27 927.02 0.4 210.99
1236 -3.44 568.7 966.05 0 211.33
1237 -2.3 604.84 977.55 0.6 211.8
1238 -1.6 580.74 969.82 1 211.02
1239 -1.37 497.5 937.68 3.51 211.43
1240 -1.68 365.45 857.07 6.22 210.99
1241 -2.67 200.39 707.32 5.01 208.83
1242 -4.18 29.68 73.5 3.51 205.25
1243 -5.05 0 0 3.91 205.26
1244 -5.91 0 0 3.31 204.35
1245 -6.78 0 0 3.31 202.11
1246 -7.64 0 0 2.11 200.65
1247 -8.51 0 0 1.2 199.6
1248 -9.37 0 0 0.8 194.6
1249 -9.78 0 0 0.2 194.82
1250 -10.21 0 0 0.5 195.85
1251 -10.65 0 0 3.01 196.52
1252 -10.88 0 0 6.72 193.96
1253 -11.11 0 0 1.7 193.02
1254 -11.27 0 0 3.01 191.39
1255 -11.43 0 0 1.1 188
1256 -10.82 21.25 13.41 0.8 189.98
1257 -8.65 166.99 665 0.5 197.26
1258 -6.34 327.09 831.23 2.11 199.31
1259 -4.22 457.51 911.41 0.8 200.52
1260 -2.45 541.62 942.9 0.7 200.17
1261 -1.13 570.68 947.54 2.31 205.52
1262 -0.3 548.56 942.78 3.71 205.36
1263 0.02 467.97 908.91 4.21 200.35
1264 -0.26 343.86 836.14 5.31 208.72
1265 -1.27 189.66 689.67 3.91 214.05
1266 -2.84 31.72 72.57 3.91 214.02
1267 -3.35 0 0 3.71 216.69
1268 -3.86 0 0 1 216.84
1269 -4.37 0 0 2.11 216.02
1270 -4.88 0 0 1.7 213.93
1271 -5.39 0 0 0.4 213.65
1272 -5.9 0 0 0.4 215.87
1273 -6.29 0 0 0.7 216.61
1274 -6.62 0 0 1.5 219.54
1275 -6.94 0 0 0.5 221.98
1276 -7.07 0 0 1.2 224.17
1277 -7.2 0 0 2.51 226.11
1278 -7.26 0 0 4.61 228.34
1279 -7.32 0 0 3.71 229.98
1280 -6.45 30.55 109.2 2.11 229.89
1281 -5.51 96.6 78.92 1.9 233.07
1282 -4.14 210.87 157.26 1.9 230.81
1283 -3.11 257.9 130.08 3.01 231.56
1284 -0.4 648.53 735.54 3.31 210.85
1285 0.98 546.04 811.08 2.71 210.28
1286 2.42 659.76 801.03 3.71 202.9
1287 2.48 350.34 247.14 5.71 216.91
1288 0.78 30.71 0 4.21 250.98
1289 -0.02 90.55 79.75 3.51 251.03
1290 -0.96 38.12 131.91 1.5 258.98
1291 -1.81 0 0 0.3 253.72
1292 -2.65 0 0 0.1 248.51
1293 -3.5 0 0 0.3 243.37
1294 -4.35 0 0 0.4 238.28
1295 -5.2 0 0 0.5 233.25
1296 -6.04 0 0 1 228.28
1297 -7.18 0 0 0.2 222.02
1298 -8.44 0 0 0.4 215.26
1299 -9.71 0 0 1.2 213.49
1300 -10.4 0 0 2.71 206.81
1301 -11.1 0 0 1.1 205.74
1302 -11.61 0 0 0.7 202.59
1303 -12.11 0 0 1.2 197.75
1304 -11.61 24.54 32.3 0.5 198.61
1305 -9.86 170.44 657.96 0.2 199.98
1306 -8.02 325.34 806.72 0.4 199.18
1307 -6.36 451.67 877.39 0.3 199.95
1308 -4.98 535.23 907.94 0.2 203.3
1309 -3.96 567.77 919.44 0.7 208.99
1310 -3.34 547.54 920.23 2.11 209.26
1311 -3.16 470.69 893.05 2.71 208.8
1312 -3.48 348.1 825.3 2.71 211.4
1313 -4.43 195.72 686.31 1.2 212.05
1314 -5.87 35.39 91.19 3.01 210.28
1315 -6.43 0 0 5.71 209.81
1316 -6.98 0 0 3.51 209.06
1317 -7.54 0 0 1.7 206.3
1318 -8.09 0 0 1 205.28
1319 -8.65 0 0 0.7 205.04
1320 -9.21 0 0 0.8 203.3
1321 -9.21 0 0 3.01 205.85
1322 -9.15 0 0 3.01 206.44
1323 -9.09 0 0 4.21 206.64
1324 -9.02 0 0 2.71 204.7
1325 -8.96 0 0 3.01 203.37
1326 -8.9 0 0 1.7 203.96
1327 -8.83 0 0 0.6 206.21
1328 -7.87 27.72 62.17 0.2 206.42
1329 -5.2 188.01 697.15 0.7 209.52
1330 -2.42 358.23 854.36 0.6 211.93
1331 0.13 497 938.08 1.9 208.12
1332 2.26 585.1 969.88 0.5 208.43
1333 3.87 615.51 978.41 0.3 208.76
1334 4.91 589.36 970.44 0.5 210.38
1335 5.36 504.35 940.13 0.8 209.15
1336 5.13 371.72 863.89 0.5 212.77
1337 4.03 206.17 713.17 0.6 216.76
1338 2.3 37.71 104.91 0.3 216.42
1339 1.31 0 0 0.2 221.74
1340 0.32 0 0 1.7 219.08
1341 -0.67 0 0 1.9 219.61
1342 -1.66 0 0 2.51 221.25
1343 -2.65 0 0 2.11 220.83
1344 -3.65 0 0 3.01 222.2
1345 -4.91 0 0 2.71 219.83
1346 -6.26 0 0 2.31 217.26
1347 -7.62 0 0 3.71 215.41
1348 -8.34 0 0 2.51 212.87
1349 -9.07 0 0 1.1 208.41
1350 -9.58 0 0 1.1 203.07
1351 -10.09 0 0 1.9 203.42
1352 -9.46 40 233.91 3.91 204.15
1353 -8.05 206.95 704.93 2.51 206.96
1354 -6.54 389.91 863.37 5.71 207.99
1355 -5.15 540.51 946.24 7.52 206.04
1356 -3.99 639.08 925.46 5.01 205.28
1357 -3.43 580.01 844.21 6.22 207.49
1358 -2.88 648.34 655.01 11.63 202.91
1359 -4.48 42.27 0 13.73 240.87
1360 -5.79 31.45 0 10.02 235.5
1361 -6.96 17.88 0 8.32 242.03
1362 -7.84 4.06 0 7.52 236.93
1363 -7.91 0 0 5.71 235.9
1364 -7.98 0 0 5.71 236.1
1365 -8.04 0 0 4.61 236.3
1366 -8.11 0 0 2.31 236.7
1367 -8.18 0 0 3.31 235.56
1368 -8.24 0 0 3.71 231
1369 -7.94 0 0 3.01 231.57
1370 -7.54 0 0 5.01 232.8
1371 -7.14 0 0 8.32 234.03
1372 -6.9 0 0 1.1 222.65
1373 -6.65 0 0 3.51 223.86
1374 -6.46 0 0 9.02 225.76
1375 -6.26 0 0 9.52 229.13
1376 -5.37 22.31 0 7.12 228.26
1377 -4.12 86.7 13.35 4.21 229.8
1378 -2.43 187.11 73.97 4.61 231.22
1379 -0.66 285.28 118.73 4.21 232.88
1380 1.2 390.04 274.46 6.72 228.57
1381 3.77 607.62 810.67 5.31 220.3
1382 5.59 598.95 971.71 4.61 220.79
1383 6.92 585.26 949.29 1.9 218.05
1384 7.39 439.77 882.64 0.8 226.64
1385 6.86 255.29 736.4 2.11 229.57
1386 5.36 59.05 407.85 3.51 232.06
1387 4.87 0 0 2.11 241.54
1388 4.38 0 0 3.51 242.93
1389 3.89 0 0 2.71 244.09
1390 3.4 0 0 1.5 246.96
1391 2.91 0 0 1.7 250.7
1392 2.42 0 0 1.7 252.41
1393 1.53 0 0 2.51 252.69
1394 0.58 0 0 2.11 253.68
1395 -0.37 0 0 1 251.59
1396 -0.88 0 0 1.2 249.24
1397 -1.39 0 0 1.2 251.59
1398 -1.74 0 0 1.9 252.69
1399 -2.1 0 0 2.51 254.12
1400 -1.56 31.3 45.89 1.5 257.82
1401 -0.52 144.54 255.06 0.4 260.17
1402 1.26 371.89 642.12 0 251.78
1403 2.49 447.77 548.05 0.1 256.72
1404 1.39 127.42 0 0.4 286.75
1405 0.54 51.13 0 0.5 285.22
1406 -0.31 155.01 0 0.7 275.08
1407 -2.21 69.94 0 0.1 273.97
1408 0.41 359.59 556.15 0.3 251.96
1409 0.33 190.67 561.57 0.3 258.31
1410 -0.13 60.14 293.76 0.5 255.95
1411 -0.47 0 0 0.4 251.65
1412 -0.81 0 0 0.2 252.05
1413 -1.14 0 0 0.8 250.25
1414 -1.48 0 0 1.3 249.29
1415 -1.82 0 0 1.2 249.77
1416 -2.15 0 0 1 248.9
1417 -2.39 0 0 0.7 248.73
1418 -2.43 0 0 0.5 246.87
1419 -2.48 0 0 0.2 247.98
1420 -2.49 0 0 0.1 247.29
1421 -2.5 0 0 0 246.96
1422 -2.49 0 0 0.1 248.78
1423 -2.49 0 0 0.1 248.02
1424 -1.69 35.08 111.82 0 247.54
1425 -0.18 168.76 475.73 0.1 247.85
1426 1.26 292.32 501.62 0.3 246.1
1427 2.66 411.78 589.33 0.1 239.93
1428 3.92 506.33 708.32 0.2 242.01
1429 4.96 556.97 735.21 0.1 243.6
1430 5.54 501.12 660.86 0.3 245.48
1431 5.8 438.07 633.56 0.5 244.42
1432 5.68 329.85 629.35 0.6 242.71
1433 5.14 210.69 648.94 1.1 243.88
1434 4.14 45.6 187.92 1.6 243.76
1435 3.49 0 0 0.8 245.92
1436 2.84 0 0 0.6 245.37
1437 2.19 0 0 2.11 242.22
1438 1.54 0 0 1 241.25
1439 0.89 0 0 1 241.36
1440 0.24 0 0 0.6 237.34
1441 -0.52 0 0 0.3 234.08
1442 -1.33 0 0 0 232.78
1443 -2.14 0 0 0.5 228.73
1444 -2.57 0 0 1 223.5
1445 -2.99 0 0 0.6 223.77
1446 -3.29 0 0 0.2 222.18
1447 -3.6 0 0 0.3 222.76
1448 -2.9 38.89 110.8 0.2 221.9
1449 -1.01 242.75 729.36 2.61 221.55
1450 0.7 418.03 880.78 2.91 224.41
1451 2.2 558.47 955.28 5.71 216.7
1452 3.42 647.8 983.96 8.42 220.16
1453 4.31 679.13 992.79 5.71 223.33
1454 4.87 652.67 985.89 9.22 223.59
1455 5.07 568.74 960.02 4.01 226.19
1456 4.88 434.75 892.86 6.11 228.08
1457 4.16 263.06 756.27 2.91 229.23
1458 3.04 83.63 492.55 2.61 231.83
1459 1.98 0 0 0.7 234.72
1460 0.92 0 0 0.6 232.84
1461 -0.14 0 0 1 231.67
1462 -1.2 0 0 1.8 228.78
1463 -2.25 0 0 1.9 226.49
1464 -3.31 0 0 1.6 223.92
1465 -4.17 0 0 0.7 224.66
1466 -5.15 0 0 0.1 224.55
1467 -6.12 0 0 0.4 223.57
1468 -6.67 0 0 0.5 221.86
1469 -7.22 0 0 0.5 218.73
1470 -7.63 0 0 0.4 218.47
1471 -8.04 0 0 1.1 220.4
1472 -7.63 34.52 46.16 1.9 221.79
1473 -7.27 123.72 121.73 0.3 227.68
1474 -6.92 131.68 1.35 0.2 232.62
1475 -6.69 187.53 15.31 0.2 232.48
1476 -5.77 457.29 371.56 0.4 217.81
1477 -4.77 623.79 754.89 0.5 212.19
1478 -4.53 423.33 272.99 0.8 221.05
1479 -4.17 534.7 724.17 1.1 208.99
1480 -4.51 240.26 174.72 2.31 224.83
1481 -5.15 123.66 74.74 4.91 236.59
1482 -5.87 17.58 0 3.11 238.26
1483 -5.71 0 0 3.41 238.34
1484 -5.55 0 0 1.4 240.68
1485 -5.39 0 0 1.9 239.22
1486 -5.22 0 0 1.2 240.44
1487 -5.06 0 0 0.5 239.79
1488 -4.9 0 0 1.4 241.7
1489 -4.5 0 0 3.41 245.66
1490 -4.03 0 0 2.31 244.22
1491 -3.55 0 0 2.61 245.06
1492 -3.28 0 0 2.11 245.02
1493 -3 0 0 2.31 242.85
1494 -2.79 0 0 0.6 242.4
1495 -2.59 0 0 1.2 238.65
1496 -1.41 43.86 179.3 1.9 241.79
1497 0.73 208.14 677.29 1.9 241.02
1498 2.7 352.72 745.7 3.41 239.05
1499 4.48 472.64 791.21 1.8 235.15
1500 5.9 536.97 739.31 3.21 236.46
1501 7.06 582.47 820.97 3.71 238.96
1502 7.83 560.04 821.13 4.91 241.58
1503 8.18 479.24 776.82 4.31 244.15
1504 8.09 370.3 766.93 3.41 240.22
1505 7.43 229 677.03 1.8 243.51
1506 6.31 76.8 429.72 3.41 245.16
1507 5.74 0 0 2.61 250.09
1508 5.16 0 0 3.41 248.38
1509 4.59 0 0 2.91 241.21
1510 4.01 0 0 1.2 239.46
1511 3.44 0 0 2.11 236.92
1512 2.86 0 0 3.41 240.17
1513 1.96 0 0 2.91 239.81
1514 0.95 0 0 1.9 236.1
1515 -0.06 0 0 1.9 234.24
1516 -0.62 0 0 1.6 234.04
1517 -1.18 0 0 2.11 232.14
1518 -1.59 0 0 4.01 231.02
1519 -2 0 0 1.8 228.79
1520 -1.23 47.59 158.48 0.8 234.55
1521 0.6 257.02 753.41 0.7 238.68
1522 2.24 434.92 892.75 0.6 238.72
1523 3.66 576.64 961.36 0.4 234.09
1524 4.8 666.9 988.3 2.31 236.28
1525 5.63 700.18 996.51 0.4 237.11
1526 6.12 673.35 989.87 2.31 238.22
1527 6.26 588.32 965.25 3.41 242.15
1528 6 452.57 902.82 2.31 245.52
1529 5.22 278.87 772.47 4.91 244.6
1530 4.04 95.5 523.5 4.01 250.68
1531 3.54 0 0 1 256.63
1532 3.03 0 0 0.3 255.69
1533 2.53 0 0 0.6 253.91
1534 2.02 0 0 1.6 254.96
1535 1.51 0 0 1.4 254.05
1536 1.01 0 0 0.5 252.36
1537 0.99 0 0 0.2 257.33
1538 1 0 0 0.4 261.18
1539 1 0 0 0.7 268.27
1540 1.02 0 0 0.7 268.23
1541 1.04 0 0 0.4 269.34
1542 1.06 0 0 0.1 269.26
1543 1.08 0 0 0 272.76
1544 2.04 45.15 148.43 0.3 275.26
1545 3.17 152.1 151.14 0.6 272.23
1546 4.5 289.36 357.87 2.31 269.91
1547 5.61 372.09 321 1.1 268.21
1548 6.24 359.25 156.69 3.11 275.89
1549 6.57 331.84 86.48 1.4 281
1550 6.4 312.43 78.36 0.6 293.99
1551 6.93 324.74 151.96 0.6 278.66
1552 6.31 133.91 0 0.8 301.08
1553 5.77 78.76 0 0.8 299.67
1554 5.1 8.82 0 1.2 304.78
1555 4.71 0.44 0 1.4 300.54
1556 4.32 0 0 1.9 296.33
1557 3.93 0 0 2.91 292.16
1558 3.54 0 0 4.61 288.04
1559 3.15 0 0 5.71 283.95
1560 2.76 0 0 6.52 279.9
1561 2.26 0 0 6.52 275.29
1562 1.72 0 0 4.01 270.72
1563 1.19 0 0 6.11 266.32
1564 0.9 0 0 4.01 263.71
1565 0.62 0 0 0.8 261.77
1566 0.42 0 0 0.3 260.35
1567 0.22 0 0 0.2 257.43
1568 1.71 75.65 478.65 0.3 257.61
1569 3.3 236.59 735.03 0.4 256.21
1570 4.83 388.87 831.03 0.6 255.03
1571 6.21 513.03 875.73 0.3 250.54
1572 7.32 588.09 876.06 0.6 253.71
1573 8.13 612.09 863.71 0.6 252.66
1574 8.65 591.4 872.42 2.61 254.99
1575 8.83 514.4 852.66 1.2 255.88
1576 8.63 395.96 817.45 0.7 256.97
1577 7.96 247.83 738.98 1.8 254.82
1578 6.91 90.44 480.18 2.11 256.6
1579 6.01 1.06 0 2.91 256.96
1580 5.1 0 0 1.6 256.2
1581 4.19 0 0 1.4 254.68
1582 3.29 0 0 0.7 253.48
1583 2.38 0 0 0.3 249.82
1584 1.48 0 0 1.4 249.69
1585 0.7 0 0 1.4 248.84
1586 -0.16 0 0 0.3 245.69
1587 -1.03 0 0 0.3 244.33
1588 -1.51 0 0 0.4 243.05
1589 -1.99 0 0 0.3 241.76
1590 -2.34 0 0 2.91 243.72
1591 -2.7 0 0 2.91 242.88
1592 -1.19 81.82 372.13 3.41 244.17
1593 0.07 220.07 497 3.71 251.3
1594 1.69 412.45 798.47 1.4 246.08
1595 2.95 514.08 799.67 1.2 244.62
1596 4.11 628.78 916.92 0.8 239.98
1597 5.24 745.87 892.75 0.5 233.98
1598 5.6 593.87 802.27 0.7 242.06
1599 5.85 598.13 919.27 1.8 240.48
1600 5.74 469.22 912.05 1.2 245.48
1601 5.13 319.82 787.73 1 244.5
1602 4 117.76 520.82 1.4 248.99
1603 3.32 2.03 0 1 249.52
1604 2.64 0 0 0.8 249.72
1605 1.95 0 0 1 248.9
1606 1.27 0 0 0.5 247.6
1607 0.58 0 0 1.6 246.44
1608 -0.1 0 0 1.1 244.2
1609 -0.38 0 0 1.2 241.47
1610 -0.67 0 0 1.9 240.49
1611 -0.95 0 0 2.11 241.23
1612 -1.09 0 0 1.9 239.66
1613 -1.23 0 0 0.5 239.08
1614 -1.32 0 0 1.2 240.8
1615 -1.41 0.75 0 1.4 243.11
1616 0.42 85.81 508.63 1.1 251.65
1617 2.19 250.74 749.21 2.61 247.58
1618 3.9 408.43 858.15 1.9 249.1
1619 5.39 527.19 883.39 1.2 243.47
1620 6.61 604.67 890.89 0.7 241.15
1621 7.52 631.22 888.03 1.2 238.35
1622 8.1 606.91 886.58 1.6 241.11
1623 8.33 528.43 865.73 0.7 242.58
1624 8.13 406.39 822.29 0.8 244.45
1625 7.42 255.16 739.29 1.8 245.07
1626 6.32 93.91 451.35 1.4 247.97
1627 5.34 1.78 0 0.8 250.77
1628 4.36 0 0 0.5 252.95
1629 3.38 0 0 0.2 250.83
1630 2.41 0 0 0.2 249.6
1631 1.43 0 0 0.4 247.68
1632 0.45 0 0 0.2 244.18
1633 -0.53 0 0 1 245.66
1634 -1.62 0 0 2.31 242.83
1635 -2.71 0 0 4.01 242.6
1636 -3.31 0 0 2.61 243.53
1637 -3.9 0 0 1.6 242.45
1638 -4.34 0 0 1.9 242.9
1639 -4.77 0.97 0 2.91 241.19
1640 -4.09 58.19 143.93 1.6 239.96
1641 -3.59 147.21 90.46 2.91 240.39
1642 -3.05 246.37 110.85 0.8 238.43
1643 -2.36 383.68 212.75 0.6 235.63
1644 -1.77 467.78 363.08 0.1 231.85
1645 -1.54 410.2 184.36 0.3 235.47
1646 -1.31 458.85 316.1 0.5 236.58
1647 -1.41 310.52 106.96 0.2 241.52
1648 -1.91 157.74 7.23 0.2 249.29
1649 -2.46 99.85 0 0.3 249.11
1650 -3.11 10.69 0 0.8 257.33
1651 -3.53 1.43 0 2.91 257.09
1652 -3.95 0 0 5.71 256.14
1653 -4.4 0 0 3.41 255.27
1654 -5.06 0 0 2.31 257.44
1655 -5.28 0 0 2.11 255.26
1656 -5.63 0 0 2.31 257.97
1657 -5.6 0 0 2.11 258.15
1658 -5.46 0 0 3.11 258.87
1659 -5.33 0 0 1.4 259.59
1660 -5.21 0 0 3.21 259.37
1661 -5.09 0 0 0.8 256.7
1662 -4.98 0 0 0.6 255.44
1663 -4.86 2.33 0 0.7 254.99
1664 -4.54 9.06 0 1 256.49
1665 -4.25 24.45 0 2.61 255.08
1666 -3.97 38.84 0 2.31 251.42
1667 -3.71 50.14 0 1.4 250.77
1668 0.07 788.72 620.15 1.2 211.17
1669 2.77 824.23 955.81 0.6 213.16
1670 4.38 724.15 995.63 0.3 218.36
1671 5.53 698.65 937.43 1.2 213.4
1672 6.04 546.89 900.04 1.2 216.16
1673 5.9 351.45 797.73 1.4 221.48
1674 5 138.88 541.41 0.4 225.64
1675 4.1 0.28 0 0 223.64
1676 3.2 0 0 0 225.64
1677 2.3 0 0 0.2 222.12
1678 1.39 0 0 0.1 218.55
1679 0.49 0 0 0.1 217.55
1680 -0.41 0 0 0.1 217.65
1681 -1.76 0 0 0.3 218.37
1682 -3.25 0 0 0 218.81
1683 -4.74 0 0 0 216.5
1684 -5.55 0 0 0 216.5
1685 -6.37 0 0 0 215.9
1686 -6.96 0 0 0 216.29
1687 -7.56 3.2 0 0.1 213.66
1688 -5.81 119 496.53 0.1 216.49
1689 -4.86 257.78 531.29 0.1 217.49
1690 -4.55 273.75 196.22 0.3 226.48
1691 -3.83 434.44 362.96 0.7 219.06
1692 -2.74 660.38 768.51 1.2 211.46
1693 -2.36 548.19 493.69 2.31 218.59
1694 -2.03 591.32 682.34 2.91 216.58
1695 -2.33 363.64 203.97 3.11 225.74
1696 -2.42 425.58 650.3 1.8 212.7
1697 -2.8 319.48 734 1.8 205.77
1698 -3.68 101.98 496.99 2.61 215.2
1699 -4.74 4.51 0 1.9 214.48
1700 -5.81 0 0 2.91 211.27
1701 -6.87 0 0 0.8 207.06
1702 -7.93 0 0 2.31 205.79
1703 -8.99 0 0 6.11 206.52
1704 -10.06 0 0 6.52 202.1
1705 -10.5 0 0 7.02 203.57
1706 -10.99 0 0 4.31 202.22
1707 -11.47 0 0 3.11 198.9
1708 -11.73 0 0 2.31 195.19
1709 -12 0 0 0.6 194.55
1710 -12.19 0 0 1.1 194
1711 -12.37 3.15 0 0.4 192
1712 -10.21 106.01 550.84 2.91 194.47
1713 -8.48 275.96 775.8 5.31 193.72
1714 -6.79 440.41 884.68 3.11 196.99
1715 -5.31 566.01 922.88 2.31 198.66
1716 -4.11 644.87 933.64 3.11 207.07
1717 -3.22 674.12 939.25 5.71 204.45
1718 -2.68 647.64 935.45 8.42 205.92
1719 -2.48 569.06 921.77 5.31 208.96
1720 -2.71 443.11 880.76 5.31 208.28
1721 -3.47 283.17 774.25 3.21 209.22
1722 -4.65 111.99 563.29 1.9 210.65
1723 -5.47 4.06 0 2.31 209.23
1724 -6.28 0 0 1.9 205.07
1725 -7.1 0 0 0.6 201.94
1726 -7.92 0 0 1.2 200.02
1727 -8.74 0 0 0.6 200.01
1728 -9.56 0 0 0.2 199.31
1729 -10.21 0 0 0.6 200.71
1730 -11.02 0 0 0.7 197.86
1731 -11.83 0 0 1.4 196.93
1732 -12.33 0 0 1.6 193.85
1733 -12.82 0 0 0.8 190.68
1734 -13.2 0 0 0.8 190.29
1735 -13.59 4.03 0 0.6 189.44
1736 -11.58 123.97 594.4 0.6 196.84
1737 -10.06 316.97 807.85 0.7 196.57
1738 -8.6 497.61 926.29 2.91 197.29
1739 -7.33 640.78 977.1 7.02 197.9
1740 -6.33 729.87 998.99 6.52 198.23
1741 -5.62 761.48 1005.38 7.02 197.1
1742 -5.24 733.1 999.32 7.52 196.53
1743 -5.19 643.3 978.02 8.42 198.82
1744 -5.53 503.63 928.91 10.33 199.02
1745 -6.38 324.5 812.43 5.71 201.71
1746 -7.62 132.03 594.03 4.91 203.19
1747 -8.01 4.88 0 4.31 199.03
1748 -8.41 0 0 15.34 197.98
1749 -8.8 0 0 11.63 195.02
1750 -9.2 0 0 5.71 196.7
1751 -9.59 0 0 4.91 197.52
1752 -9.99 0 0 3.71 197.09
1753 -9.65 0 0 1 198.73
1754 -9.25 0 0 1.8 200.13
1755 -8.85 0 0 1.1 204.16
1756 -8.62 0 0 1.9 204.43
1757 -8.39 0 0 0.5 206.06
1758 -8.21 0 0 0.3 207.71
1759 -8.04 5.01 0 0.3 206.51
1760 -4.71 133.62 592.89 0.4 211.25
1761 -2.31 325.57 813.31 0.5 211.95
1762 -0.03 501.57 929.33 1.2 210.89
1763 1.98 639.23 978.14 1.6 205.36
1764 3.63 726.21 999.54 2.31 206.3
1765 4.88 755.8 1005.66 5.31 207.06
1766 5.68 726.19 999.65 5.71 208.19
1767 6.04 638.8 978.43 4.01 206.66
1768 5.84 500.19 930.31 6.52 209.04
1769 4.97 324.86 816.18 5.31 206.99
1770 3.56 135.36 603.07 4.01 211.94
1771 2.59 5.43 0 2.91 211.2
1772 1.62 0 0 3.11 213.17
1773 0.65 0 0 1.6 212.5
1774 -0.32 0 0 2.31 208.94
1775 -1.29 0 0 1.6 205.53
1776 -2.26 0 0 0.2 206.16
1777 -3.49 0 0 0.1 202.83
1778 -4.92 0 0 0.2 199.37
1779 -6.34 0 0 0 199.55
1780 -7.15 0 0 0.1 197.51
1781 -7.96 0 0 0 198.06
1782 -8.55 0 0 0 197.2
1783 -9.15 6.31 0 0.1 195.62
1784 -6.64 150.23 583.31 0 203.9
1785 -4.96 358.5 820.03 0.4 204.3
1786 -3.38 548.95 928.31 2.31 207.73
1787 -2.03 696.91 968.61 2.61 211.14
1788 -0.96 788.32 987.33 2.31 211.87
1789 -0.23 813.62 996.22 3.11 213.13
1790 0.14 776.3 993.85 1.8 209.17
1791 0.14 674.27 978.23 0.8 212.95
1792 -0.32 520.22 934.3 1 219.87
1793 -1.31 328.1 819.87 0.8 223.86
1794 -2.7 130.04 620.14 1.9 226.76
1795 -3.17 5.3 0 1 227.58
1796 -3.64 0 0 1.6 226.29
1797 -4.11 0 0 0.5 225.65
1798 -4.58 0 0 0.1 226.2
1799 -5.05 0 0 0.6 230.7
1800 -5.51 0 0 2.31 231.04
1801 -5.18 0 0 6.11 233.22
1802 -4.79 0 0 11.63 235.61
1803 -4.4 0 0 13.03 237.52
1804 -4.18 0 0 7.52 238.63
1805 -3.95 0 0 4.91 239.75
1806 -3.78 0 0 1.6 239.83
1807 -3.61 7.52 0 2.31 236.74
1808 -0.39 129.75 622.95 2.91 241.92
1809 1.87 309.5 811.64 4.61 237.47
1810 4.01 476.43 913.74 7.02 237.69
1811 5.91 606.4 953.53 4.31 233.93
1812 7.46 686.52 966.83 4.61 235.7
1813 8.62 712.39 967.67 6.11 235.68
1814 9.36 682.07 959.87 4.31 236.56
1815 9.67 596.31 936.97 4.91 244.65
1816 9.45 463.69 889.11 3.41 246.01
1817 8.59 297.27 781.82 1.9 243.68
1818 7.25 122.6 556.85 0.7 249.08
1819 6.36 6.99 0 0.5 248.46
1820 5.47 0 0 0.4 254.36
1821 4.58 0 0 0.3 252.28
1822 3.7 0 0 0.8 251.37
1823 2.81 0 0 1.4 244.92
1824 1.92 0 0 1.8 242.45
1825 0.78 0 0 0.6 238.17
1826 -0.49 0 0 1.6 234.9
1827 -1.76 0 0 3.21 229.98
1828 -2.46 0 0 4.31 228.4
1829 -3.15 0 0 2.31 226.09
1830 -3.66 0 0 0.6 223.59
1831 -4.16 8.76 0 0.7 219.01
1832 -1.42 155.13 613.95 2.11 224.26
1833 0.32 356.54 829.79 2.31 220.73
1834 1.94 540.14 938.62 1.8 220.31
1835 3.35 682.14 981.46 1.2 214.92
1836 4.48 772.02 1000.74 1.8 214.4
1837 5.28 802.51 1006.26 3.11 213.57
1838 5.73 768.19 1001.28 10.33 216.2
1839 5.82 674.6 982.07 4.61 217.81
1840 5.46 526.48 938.06 2.61 216.41
1841 4.57 339.94 827.31 2.61 217.65
1842 3.26 143.66 629.34 2.61 220.83
1843 2.07 7.56 0 4.01 219.69
1844 0.89 0 0 3.41 221.72
1845 -0.3 0 0 3.71 221.09
1846 -1.48 0 0 5.31 219.37
1847 -2.67 0 0 6.11 216.13
1848 -3.86 0 0 3.71 213.82
1849 -4.52 0 0 3.71 214.47
1850 -5.27 0 0 4.91 212.85
1851 -6.02 0 0 4.61 208.88
1852 -6.44 0 0 3.71 209.32
1853 -6.86 0 0 1.4 207.1
1854 -7.17 0 0 1.8 205.29
1855 -7.48 10.35 0 1.1 206.01
1856 -4.29 161.5 623.1 1.1 210
1857 -2.31 365.9 835.04 1.9 207.79
1858 -0.45 552.12 940.32 2.91 207.99
1859 1.16 693.77 981.71 3.11 204.8
1860 2.44 781.59 1000.82 2.61 205.23
1861 3.36 807.3 1007.21 1.6 203.98
1862 3.88 770.5 1002.53 2.31 208.34
1863 3.99 671.53 983.45 2.61 211.18
1864 3.61 522.68 938.69 2.61 210.83
1865 2.63 335.9 829.64 3.71 211
1866 1.21 141.61 633.43 3.41 214.32
1867 0.42 8.19 0 4.91 217.7
1868 -0.38 0 0 4.91 227.3
1869 -1.18 0 0 2.61 226.04
1870 -1.98 0 0 2.11 227.12
1871 -2.78 0 0 0.2 221.89
1872 -3.57 0 0 0.2 220.11
1873 -3.99 0 0 0.1 218.27
1874 -4.5 0 0 0 217.96
1875 -5.01 0 0 0.5 216.38
1876 -5.31 0 0 0.4 217.63
1877 -5.61 0 0 0.5 217.44
1878 -5.84 0 0 1 218.07
1879 -6.07 11.84 0 0.8 217.48
1880 -3.02 147.96 637.71 1.2 227.72
1881 -1.13 335.26 831.96 2.31 227.77
1882 0.68 510.47 934.5 1 231.64
1883 2.26 647.08 977.13 0.3 227.57
1884 3.52 729.41 993.91 1.9 229.71
1885 4.42 755.38 997.33 2.31 235.3
1886 4.94 721.45 989.27 3.41 239.3
1887 5.06 630.7 966.41 2.11 242.52
1888 4.69 490.86 916.51 1.8 248.49
1889 3.75 316.22 806.21 1.1 250.01
1890 2.37 134.1 579.31 2.61 254
1891 2.08 9.72 0 4.61 256.86
1892 1.8 0 0 5.71 262.5
1893 1.51 0 0 4.61 264.69
1894 1.23 0 0 4.31 267.81
1895 0.94 0 0 3.41 268.67
1896 0.65 0 0 2.31 269.73
1897 0.72 0 0 3.71 267.37
1898 0.46 0 0 2.11 270.69
1899 -0.36 0 0 1.4 276.48
1900 1.02 0 0 1.4 284.63
1901 1.26 0 0 3.11 288.79
1902 1.32 0 0 4.61 291.25
1903 1.44 3.33 0 3.41 293.65
1904 0.91 12.64 0 2.91 293.2
1905 1.68 44.63 0 2.31 294.96
1906 2.78 145.73 0 2.11 290.1
1907 3.63 213.01 7.28 2.31 291.13
1908 4.46 242.43 10.17 4.31 290.46
1909 4.98 227.52 5.97 9.22 293.48
1910 5.38 242.78 9.06 3.71 294.17
1911 5.68 238.99 14.84 4.91 294.25
1912 5.75 161.26 2.1 6.52 297.5
1913 5.37 103.37 0 4.01 299.59
1914 5.24 53.51 0 6.52 296.01
1915 4.9 6.72 0 10.33 294.19
1916 4.75 0 0 8.02 293.77
1917 4.16 0 0 6.52 293.55
1918 4.08 0 0 4.61 290.03
1919 3.94 0 0 4.31 292.41
1920 3.77 0 0 7.02 293.35
1921 3.29 0 0 9.22 289.5
1922 2.8 0 0 7.52 290.21
1923 1.79 0 0 6.52 288.88
1924 2.1 0 0 3.71 290.6
1925 2.2 0 0 4.01 290.34
1926 2.11 0 0 1.8 289.92
1927 2.25 7.44 0 2.31 290.72
1928 2.8 52.64 0 0.8 293.9
1929 3.11 96.4 0 0.6 294.38
1930 4.52 279.61 109.91 1.9 284.93
1931 5.69 376.72 165.76 3.71 281.35
1932 6.23 313.62 37.16 4.01 289.11
1933 6.16 166.14 0.84 3.41 302.5
1934 5.97 120.39 0 1.2 302.23
1935 6.16 260.41 28.53 0.5 291.75
1936 6.19 212.61 19.3 0.3 295.57
1937 5.83 88.01 0 0.1 301.24
1938 5.41 38.7 0 0 290.7
1939 4.93 1.18 0 0 286.33
1940 4.22 0 0 0.1 280.58
1941 3.51 0 0 0.3 277.14
1942 2.8 0 0 0.3 275.01
1943 2.1 0 0 0.1 271.45
1944 1.39 0 0 0 267.7
1945 0.56 0 0 0.3 266.14
1946 -0.21 0 0 1 260.17
1947 -0.98 0 0 1.1 255.27
1948 -1.33 0 0 2.61 252.08
1949 -1.69 0 0 3.71 246.76
1950 -1.91 0 0 5.71 243.11
1951 -1.52 22.19 39.87 8.02 240.94
1952 -0.22 190.46 656.07 7.02 240.87
1953 1.3 402.07 854.37 8.02 238.28
1954 2.81 594.42 944.65 5.31 235.24
1955 4.17 743.81 976.96 1.9 236.7
1956 5.34 837.39 990.36 3.21 233.66
1957 6.25 868.36 639.24 2.31 234.38
1958 4.84 60.7 0 3.11 279.88
1959 3.72 53.71 0 1.8 291.23
1960 2.85 42.69 0 0.3 276.99
1961 2.09 28.59 0 0.2 276.59
1962 1.31 13.21 0 0.5 284.54
1963 0.9 17.92 0 1.4 280.53
1964 0.28 0 0 1.9 275.41
1965 -0.34 0 0 1.8 270.34
1966 -0.96 0 0 1.4 265.33
1967 -1.59 0 0 0.6 260.38
1968 -2.21 0 0 1.1 255.48
1969 -3.1 0 0 1.2 250.95
1970 -4.06 0 0 1 245.73
1971 -5.02 0 0 1 241.65
1972 -5.54 0 0 1.9 237.47
1973 -6.05 0 0 2.31 231.74
1974 -6.42 0 0 1.4 227.55
1975 -6.07 18.69 0 1.8 227.18
1976 -4.76 141.61 464.28 1.1 228.01
1977 -3.24 291.56 527.01 1 226.72
1978 -1.7 436.54 598.35 0.5 227.15
1979 -0.33 543.47 616.12 1.8 230.67
1980 0.83 613.03 613.26 2.31 228.49
1981 1.67 626.66 584.68 1.6 228.87
1982 2.24 608.18 609.07 1.1 224.36
1983 2.49 537.61 618.21 1.4 227.75
1984 2.46 443.09 708.16 0.7 226.87
1985 1.93 292.51 623.04 1.8 228.89
1986 0.94 124.52 395.46 1.6 230.11
1987 -0.24 14.12 0 2.61 233.84
1988 -1.07 0 0 1.4 233.47
1989 -1.9 0 0 1.1 232.67
1990 -2.72 0 0 1.4 232.01
1991 -3.55 0 0 1.4 226.59
1992 -4.38 0 0 0.3 225.28
1993 -4.87 0 0 1.1 226.76
1994 -5.39 0 0 1.1 227.52
1995 -5.92 0 0 0.8 229.01
1996 -6.2 0 0 0.3 225.26
1997 -6.48 0 0 0.6 225.74
1998 -6.68 0 0 0.8 226.65
1999 -6.22 19.66 0 0.6 228.23
2000 -5.45 84.57 22.19 0.5 229.82
2001 -4.2 205.43 124.63 0.6 229.19
2002 -2.47 384.78 342.62 0.8 224.84
2003 -1.26 423.05 212.3 3.21 228.69
2004 0 531.57 328.37 5.31 229.37
2005 0.41 423.03 129.75 4.61 248.95
2006 1.42 603.82 548.44 5.31 227.93
2007 1.89 515.12 526.56 5.31 222.98
2008 1.95 392.52 397.05 4.61 224.17
2009 1.92 361.08 709.14 4.61 217.9
2010 1.29 191.41 649.74 9.22 218.43
2011 0.19 22.54 44.65 2.31 217.85
2012 -0.63 0 0 2.11 221.12
2013 -1.45 0 0 1.9 220.79
2014 -2.27 0 0 1.2 220.54
2015 -3.09 0 0 1.1 217.16
2016 -3.91 0 0 0.6 215.93
2017 -4.56 0 0 0.6 216.04
2018 -5.24 0 0 0.2 213.98
2019 -5.92 0 0 0.1 215.54
2020 -6.28 0 0 1.4 217.48
2021 -6.64 0 0 3.21 216.07
2022 -6.89 0 0 1 216.92
2023 -6.37 22.87 21.04 1.2 218.98
2024 -4.46 185.49 686.03 0.3 223.64
2025 -2.32 375.33 857.59 0.2 225.78
2026 -0.25 546.73 943.78 0.4 230.32
2027 1.62 678.1 978.59 0.8 223.4
2028 3.18 761.47 994.5 1.4 224.33
2029 4.39 789.84 1000.27 1.9 222.74
2030 5.19 759.85 996.06 0.6 220.48
2031 5.58 672.93 979.66 1.6 215.95
2032 5.55 537.07 941.79 2.91 214.63
2033 4.88 362.19 848.7 0.7 219.01
2034 3.67 171.5 669.85 0.6 221.75
2035 2.15 17.14 0 1 218.36
2036 0.95 0 0 0.6 223.13
2037 -0.24 0 0 1.4 217
2038 -1.44 0 0 0.2 212.99
2039 -2.64 0 0 1 212.88
2040 -3.84 0 0 1 211.86
2041 -4.87 0 0 0.4 207.45
2042 -6.02 0 0 0.6 205.36
2043 -7.17 0 0 0.4 204.63
2044 -7.8 0 0 1.6 202.42
2045 -8.44 0 0 1.4 201.75
2046 -8.91 0 0 1 198.52
2047 -8.45 25.15 42.48 1.2 204.65
2048 -6.6 197.32 700.56 1.4 209.67
2049 -4.58 392.33 866.85 2.31 211.02
2050 -2.61 568.97 953.12 1.2 214.5
2051 -0.86 705.54 989.8 2.61 219.53
2052 0.59 789.47 1006.11 4.31 217.23
2053 1.68 817.24 1011.15 4.01 217.95
2054 2.38 786.79 1005.88 4.01 217.49
2055 2.67 695.97 987.78 2.61 220.36
2056 2.55 553.32 947.88 0.7 219.93
2057 1.78 373.36 854.25 1.6 222.56
2058 0.5 178.98 677.55 1 228.96
2059 -1.09 18.38 0 1.2 234.47
2060 -1.42 0 0 0.6 237.88
2061 -1.76 0 0 0.3 236.22
2062 -2.09 0 0 0.2 236.18
2063 -2.42 0 0 0.1 238.49
2064 -2.75 0 0 1.1 237.37
2065 -2.48 0 0 0.5 240.62
2066 -2.11 0 0 0.1 244.46
2067 -1.73 0 0 0.1 246.05
2068 -1.49 0 0 0.1 246.99
2069 -1.25 0 0 0.2 247.92
2070 -1.05 0 0 0.1 247.68
2071 -0.45 26.58 49.72 0.1 247.92
2072 1.43 218.56 701.4 0.1 245.4
2073 3.49 439.64 731.66 0.1 242.23
2074 4.59 441.66 489.49 0.1 253.66
2075 5.48 494.37 370.56 0.1 256.31
2076 6.18 517.15 296.66 1 256.35
2077 5 202.1 11.55 0.6 285.42
2078 4.64 65.68 0 1.1 301.58
2079 3.88 58.18 0 1 297.52
2080 3.09 53.54 0 0.8 295.58
2081 2.8 31.47 0 1.2 291.98
2082 2.33 41.81 0 0.7 284.56
2083 2.05 6.5 0 0.8 281.23
2084 1.97 0 0 1 279.02
2085 1.89 0 0 1.6 276.82
2086 1.76 0 0 1.6 274.35
2087 1.66 0 0 1.4 272.07
2088 1.5 0 0 1.4 269.49
2089 1.05 0 0 1.9 268.08
2090 0.33 0 0 1.6 262.64
2091 -0.4 0 0 2.31 258.61
2092 -0.83 0 0 2.11 258.1
2093 -1.25 0 0 0.6 256.8
2094 -1.58 0 0 0.5 252.36
2095 -0.87 30.91 79.77 1.1 252.92
2096 1.11 188.41 652.62 0.8 254.02
2097 3.27 365.8 805.61 1.1 255.36
2098 5.32 520.39 858.29 1.2 252.37
2099 7.12 636.47 862.99 2.61 256.48
2100 8.61 711.67 869.56 1.4 259.69
2101 9.69 722.3 829.95 1.2 261.45
2102 10.38 697.74 845.42 1.6 266.37
2103 10.66 618.55 843.88 0.7 266.47
2104 10.52 494.65 824.77 0.7 268.49
2105 9.72 335.75 753.82 0.6 268.37
2106 8.39 163.84 597.77 0.4 270.34
2107 6.75 21.26 4.43 1 268.56
2108 5.95 0 0 0.6 270.88
2109 5.15 0 0 1.4 270.43
2110 4.35 0 0 1.1 272.24
2111 3.55 0 0 1.1 271.57
2112 2.75 0 0 1 269.57
2113 2.54 0 0 2.31 270.8
2114 2.34 0 0 2.61 268.83
2115 2.15 0 0 2.31 267.88
2116 2.07 0 0 1.9 271.67
2117 1.98 0 0 1.6 270.73
2118 1.93 0 0 1.9 274.98
2119 2.57 29.02 33.17 1.6 276.33
2120 3.59 122.31 142.54 3.71 281.21
2121 3.88 112.48 0 3.41 290.96
2122 5.61 407.96 317.66 2.91 272.49
2123 6.25 312.35 72.11 1 282.27
2124 7.95 667.33 582.53 0.4 268.58
2125 8.66 499.85 204.75 1 279.38
2126 8.95 407.51 114.49 0.6 285.64
2127 8.18 123.41 0 0.6 302.75
2128 7.4 76.5 0 0.8 305.11
2129 6.77 122.18 0 2.91 303.39
2130 6.57 142.58 258.49 3.21 285.54
2131 5.97 29.09 99.15 2.11 284.78
2132 5.69 0 0 1.1 285.49
2133 5.41 0 0 0.6 287.13
2134 4.68 0 0 0.1 290.96
2135 4.83 0 0 0.1 291.84
2136 4.51 0 0 0.8 292.9
2137 4.19 0 0 0.5 293.52
2138 3.82 0 0 1.2 292.68
2139 2.89 0 0 3.71 288.78
2140 3.06 0 0 5.31 289.97
2141 3.08 0 0 4.01 292
2142 2.96 0 0 4.31 292.46
2143 3.34 16.18 0 2.91 295.58
2144 3.97 72.23 0 2.61 297.1
2145 5.08 191.94 47.7 1.1 290.91
2146 5.87 232.41 23.45 1.9 294.06
2147 6.91 358.2 87.51 1.4 294.39
2148 7.87 430.18 115.69 2.61 281.43
2149 8.33 358.41 42.05 3.21 284.19
2150 8.8 402.31 94.06 4.31 279.6
2151 9.07 359.89 87.94 4.31 277.64
2152 9.14 295.4 103.63 4.61 274.22
2153 8.55 96.98 0 3.11 285.06
2154 7.7 16.84 0 7.52 304.89
2155 7.1 9.68 0 9.22 315.52
2156 6.23 0 0 7.52 310.9
2157 5.31 0 0 5.71 305.74
2158 4.38 0 0 3.71 300.62
2159 3.05 0 0 4.31 293.35
2160 1.79 0 0 3.71 289.3
2161 0.59 0 0 4.91 282.44
2162 -1.36 0 0 3.51 273.89
2163 -1.99 0 0 2 274.68
2164 -2.83 0 0 3.11 272.11
2165 -3.67 0 0 2.8 267.62
2166 -4.33 0 0 2.2 263.29
2167 -4.33 3.47 0 3.11 264.06
2168 -4.33 23.71 0 6.31 264.01
2169 -4.3 50.93 0 2.2 262.27
2170 -3.71 293.37 90.1 1.8 249.75
2171 -3.15 415.99 154.41 2.8 248.84
2172 -2.66 502.26 236.03 2.4 248.67
2173 -1.85 837.92 680.88 1 232.68
2174 -1.94 347.95 69.69 0.9 257.19
2175 -1.98 349.96 97.35 0.4 254.45
2176 -2.63 41.43 0 0 272.35
2177 -3.2 28.28 0 0 270.06
2178 -3.75 28.08 0 0.1 265.86
2179 -3.92 2.36 0 0.6 261.83
2180 -4.36 0 0 0.9 256.1
2181 -4.8 0 0 0.7 251.28
2182 -5.24 0 0 1.3 246.89
2183 -5.68 0 0 2 242.96
2184 -6.12 0 0 3.11 237.36
2185 -6.06 0 0 2.2 237.98
2186 -5.99 0 0 1.8 237.33
2187 -5.93 0 0 2 235.08
2188 -5.88 0 0 4.71 236.38
2189 -5.84 0 0 8.41 230.6
2190 -5.81 0 0 5.81 225.28
2191 -4.91 41.37 162.3 5.81 227.13
2192 -3.26 193.18 553.68 4.01 229.67
2193 -1.63 342.55 588 4.01 230.97
2194 0.08 507.65 677.71 4.91 230.4
2195 1.41 577.7 569.61 5.21 236.37
2196 2.41 607.24 472.96 4.31 237.64
2197 3.22 638.12 500.2 7.71 240.1
2198 3.75 607.5 500.2 7.71 238.4
2199 4.08 571.12 597.52 7.21 238.14
2200 3.94 413.03 405.26 5.81 241.79
2201 3.46 299.09 481.94 7.21 242.68
2202 2.6 149.71 350.49 4.91 242.15
2203 1.53 28.38 63.35 3.11 240.28
2204 0.74 0 0 2.6 243.85
2205 -0.06 0 0 2.6 244.07
2206 -0.86 0 0 4.71 243.85
2207 -1.66 0 0 6.31 240.15
2208 -2.46 0 0 5.41 237.04
2209 -3.33 0 0 5.41 233.9
2210 -4.27 0 0 4.31 229.01
2211 -5.21 0 0 5.41 231.06
2212 -5.72 0 0 6.31 229.97
2213 -6.23 0 0 8.41 230.19
2214 -6.6 0 0 4.31 227.51
2215 -5.81 42.77 175.8 2.4 228.75
2216 -4.67 162.96 281.13 2.4 233.07
2217 -3.72 254.92 138.25 4.01 235.27
2218 -2.59 393.75 237.37 3.11 232.01
2219 -1.17 582.25 541.26 2.6 229.68
2220 -0.35 554.03 309.66 2 235.14
2221 0.36 604.76 380.95 3.81 231.33
2222 0.98 645.05 550.38 3.81 227.21
2223 1.56 696.84 817.97 3.81 222.93
2224 1.69 540.91 874.71 2 225.19
2225 1.45 395.45 832.35 1.2 226.39
2226 0.72 211.88 658.87 1.8 226.73
2227 -0.37 40.17 175.08 3.11 229.09
2228 -0.75 0 0 3.71 231.03
2229 -1.14 0 0 4.31 230.9
2230 -1.52 0 0 3.71 232.57
2231 -1.9 0 0 3.81 233.33
2232 -2.29 0 0 2.4 234.54
2233 -2.3 0 0 3.71 231.76
2234 -2.32 0 0 3.31 232.8
2235 -2.34 0 0 3.51 236.17
2236 -2.35 0 0 4.71 237.06
2237 -2.35 0 0 2.4 237.08
2238 -2.36 0 0 2.6 240.07
2239 -1.33 48.21 216.63 1.8 245.32
2240 0.49 217.61 668.05 2.6 253.5
2241 2.38 398.82 803.92 1.8 255.01
2242 4.2 560.75 874.01 0.9 248.09
2243 5.8 681.06 898.75 0.4 243.51
2244 7.11 749.87 891.28 0.1 247.02
2245 8.1 765.46 874.5 0.6 242.81
2246 8.77 738.84 887.4 0.7 244.85
2247 9.07 647.58 853.65 2.4 250.88
2248 9.03 521.75 835.65 1.5 252.72
2249 8.44 354.47 740.9 2 257.78
2250 7.42 176.53 554.71 3.11 259.07
2251 6.14 30.3 68.83 3.51 256.15
2252 5.3 0 0 1.8 256.77
2253 4.46 0 0 2 255.42
2254 3.62 0 0 2.4 253.58
2255 2.78 0 0 4.01 250.9
2256 1.94 0 0 2.8 248.44
2257 1.09 0 0 3.51 246.76
2258 0.14 0 0 3.51 244.27
2259 -0.81 0 0 2.2 240.6
2260 -1.34 0 0 2.6 240.19
2261 -1.87 0 0 1 239.69
2262 -2.25 0 0 1.2 238.43
2263 -1.03 75.99 530.83 0.4 239.28
2264 0.44 255.19 760.6 0.3 239.55
2265 2.16 478.17 904.12 0.5 233.3
2266 3.78 664.68 967.92 0.8 232.63
2267 5.21 806.85 795.65 0.8 234.57
2268 5.18 480.33 177.13 2.2 258.93
2269 5 453.31 108.94 4.71 273.85
2270 5 477.41 160.24 4.01 258.48
2271 4.94 484.24 295.18 6.31 252.71
2272 4.46 337.29 125.4 6.31 259.33
2273 3.79 240.75 129.34 3.81 258.15
2274 2.92 122.73 91.57 3.11 260.56
2275 1.95 25.57 6.17 1.8 257.79
2276 1.36 0 0 2 261.36
2277 0.77 0 0 1.2 257.93
2278 0.17 0 0 1.2 257.34
2279 -0.42 0 0 2.2 254.71
2280 -1.01 0 0 1.8 252.92
2281 -1.11 0 0 1.8 254.46
2282 -1.25 0 0 0.5 254.77
2283 -1.39 0 0 0.5 255.07
2284 -1.48 0 0 0.5 254.48
2285 -1.57 0 0 0.1 254.71
2286 -1.64 0 0 0.2 251.76
2287 -0.09 74.83 490.45 0.2 252.07
2288 1.73 249.87 754.75 0 250.43
2289 3.64 437.09 885.92 0 251.29
2290 5.45 602.67 946.09 0.1 250.25
2291 7.05 726.32 967.7 0 251.37
2292 8.37 801.34 976.29 0.1 251.82
2293 9.37 824.83 980.31 0.4 253.85
2294 10.02 788.44 972.98 0.6 254.24
2295 10.3 699.68 957.99 0.8 254.94
2296 10.22 565.87 929.61 0.3 257.81
2297 9.58 396.63 860 0.5 261.94
2298 8.49 208.99 707.29 1.3 267.2
2299 7.07 33.76 76.35 1.2 269.31
2300 6.6 0 0 1.8 274.04
2301 6.14 0 0 1.6 271.94
2302 5.68 0 0 1.3 273.95
2303 5.22 0 0 1.3 275.38
2304 4.76 0 0 1.3 276.22
2305 4.48 0 0 0.9 274.55
2306 4.21 0 0 0.6 275.33
2307 3.93 0 0 0.1 277.14
2308 3.8 0 0 0.1 281.66
2309 3.66 0 0 0.3 283.53
2310 3.57 0 0 1.5 287.26
2311 3.7 6.84 0 0.9 292.68
2312 5.27 167.02 222.5 0.9 271.88
2313 6.79 321.75 313.45 1.6 269.16
2314 7 220.49 40.27 3.11 297.18
2315 8.57 565.7 398.71 3.51 268.58
2316 10.12 733.47 573.69 3.81 259.26
2317 9.25 151.05 0.63 3.31 289.93
2318 8.76 199.79 5.59 2 300.29
2319 8.76 322.37 71.77 1.8 304.77
2320 8.67 362.32 205.4 0.7 301.83
2321 9.3 368.94 582.75 0.2 291.77
2322 8.82 137.85 199.23 0.1 291.67
2323 8.19 49.72 183.87 0.2 277.21
2324 7.53 0 0 0.7 276.18
2325 6.88 0 0 1 278.2
2326 6.22 0 0 1.6 276.93
2327 5.56 0 0 1 273.64
2328 4.9 0 0 0.4 274.95
2329 4.23 0 0 0.4 274.84
2330 3.53 0 0 0.6 272.48
2331 2.83 0 0 0.5 273.31
2332 2.46 0 0 1.3 271.38
2333 2.09 0 0 1.3 268.86
2334 1.82 0 0 1.6 265.77
2335 2.67 46.17 48.53 2.4 268.33
2336 3.53 143.9 85.25 1.5 278.01
2337 4.34 247.47 87.2 1.8 280.31
2338 5.46 355.3 145.55 2 267.36
2339 6.35 440.09 166.27 3.81 258.37
2340 7.49 617.99 387.63 1.5 254.29
2341 8.5 692.12 588.07 2.6 253.44
2342 9.18 662.95 575.25 2.6 252.92
2343 9.53 585.09 588.88 3.51 255.46
2344 9.64 499.96 676.3 6.81 252.68
2345 9.22 300.05 382.2 6.31 258.28
2346 8.51 169.07 406.7 4.31 261.61
2347 7.57 36.73 129.35 3.11 261.73
2348 6.72 0 0 1.5 262.22
2349 5.88 0 0 1.6 261.25
2350 5.03 0 0 2 260.86
2351 4.19 0 0 2 261.98
2352 3.34 0 0 2.6 262.97
2353 2.69 0 0 1.3 260.02
2354 1.96 0 0 0.6 257.68
2355 1.22 0 0 1.3 254.83
2356 0.81 0 0 0.8 252.54
2357 0.41 0 0 0.4 250.9
2358 0.11 1.03 0 0.3 251.65
2359 1.92 96.34 559.52 1 252.76
2360 3.68 283.13 781.14 0.4 253.52
2361 5.46 474.29 910.79 0.3 257.81
2362 7.12 638.17 965.6 0.8 253.26
2363 8.55 758.24 986.15 1.3 255.98
2364 9.72 830.78 993.06 1.3 256.49
2365 10.58 848.63 991.67 0.6 255.04
2366 11.11 807.99 981.37 0 256.8
2367 11.29 713.87 960.73 0.2 258.41
2368 11.11 576.35 928.54 0.5 260.53
2369 10.43 405.13 858.83 0.3 262.18
2370 9.34 219.09 715.65 0.8 265.61
2371 7.93 37.12 86.23 1 263.51
2372 7.12 0 0 0.6 263.89
2373 6.32 0 0 0.9 260.85
2374 5.52 0 0 0.9 261.29
2375 4.72 0 0 0.8 263.9
2376 3.92 0 0 1.5 264.95
2377 3.5 0 0 3.11 265.7
2378 3.04 0 0 3.81 268.14
2379 2.57 0 0 2.6 271.44
2380 2.32 0 0 2.8 270.23
2381 2.06 0 0 2.6 268.65
2382 1.87 1.49 0 2.4 267.58
2383 3.86 99.36 573.61 4.31 273.41
2384 5.72 285.67 785.27 3.31 271.01
2385 7.6 474.78 910.95 2.8 275
2386 9.35 638.8 963.47 2.2 267.62
2387 10.9 763.65 986.66 2.4 270.43
2388 12.17 840.03 996.99 1 269.61
2389 13.13 861.05 998.94 2 268.02
2390 13.74 826.2 995.4 1.2 270.11
2391 14.01 737.2 982.37 1.5 273.78
2392 13.91 601.84 954.35 2 272.35
2393 13.28 429.51 885.8 4.71 276.02
2394 12.19 237.24 741.62 10.32 280.29
2395 10.73 41.27 118.77 8.41 276.57
2396 9.72 0 0 12.22 282.44
2397 8.71 0 0 7.21 280.68
2398 7.7 0 0 6.31 279.38
2399 6.69 0 0 7.21 275.42
2400 5.68 0 0 7.71 273.59
2401 4.91 0 0 10.32 270.29
2402 4.05 0 0 7.71 266.96
2403 3.18 0 0 4.91 265.99
2404 2.7 0 0 5.41 264.95
2405 2.22 0 0 6.31 260.9
2406 1.86 2.06 0 5.81 262.02
2407 3.62 101.14 565.69 7.71 264.64
2408 5.16 279.24 778.84 4.31 267.34
2409 7.03 512.25 921.75 4.31 263.26
2410 8.65 671.18 974.75 4.71 257.69
2411 9.95 770.14 792.46 9.02 262.32
2412 10.05 533.36 227.92 7.71 280.78
2413 10.13 544.59 202.09 6.81 282.72
2414 10.15 543.35 234.11 4.71 280.2
2415 9.95 464.21 205.19 10.32 281.69
2416 9.59 408.78 205.2 5.81 283.06
2417 8.96 293.48 333.19 15.33 282.52
2418 8.08 168.39 345.34 5.81 282.79
2419 7.03 43.5 173.95 12.22 282.8
2420 6.3 0 0 12.22 285.77
2421 5.58 0 0 8.41 286.83
2422 4.86 0 0 4.91 286.6
2423 4.13 0 0 3.11 287.05
2424 3.41 0 0 2.8 288.85
2425 3.16 0 0 2 292
2426 2.91 0 0 2.2 292.86
2427 2.65 0 0 3.81 292.97
2428 2.52 0 0 4.01 293.75
2429 2.38 0 0 2.2 294.52
2430 2.29 2.29 0 3.31 295.52
2431 2.77 24.37 0 2 299.65
2432 4.37 185.91 226.35 2.2 285.69
2433 6.55 431.85 672.55 3.11 271.86
2434 8.89 684.37 874.36 2.2 266.33
2435 10.79 806.91 905.06 2.6 269.94
2436 11.83 742.23 667.08 3.81 278.49
2437 12.87 845.38 838.5 3.31 273.01
2438 13.18 662.22 504.32 2.6 281.29
2439 12.98 496.73 275.33 3.51 285.88
2440 12.63 442.9 396.75 4.91 282.99
2441 11.83 278.86 218.57 4.31 287.58
2442 10.94 200.37 440.75 3.31 283.32
2443 9.82 62.84 309.38 5.21 282.2
2444 9.1 0 0 6.31 289.91
2445 8.37 0 0 5.41 287.44
2446 7.64 0 0 4.91 288.16
2447 6.92 0 0 4.31 286.35
2448 6.19 0 0 3.81 283.22
2449 5.53 0 0 4.01 282.2
2450 4.78 0 0 2.6 281.16
2451 4.04 0 0 2 276.21
2452 3.62 0 0 0.5 271.81
2453 3.21 0 0 0.1 270.15
2454 2.91 3.25 0 0.2 274.3
2455 4.76 95.33 422.24 1.5 273.65
2456 6.63 288.87 654.6 0.7 268.96
2457 8.04 412.96 608.55 0.2 274.63
2458 9.18 508.48 505.72 0.1 272.64
2459 10.42 652.43 659.49 0.2 268.21
2460 11.46 724.41 706.72 0.4 271.19
2461 12.22 737.61 657.95 0.4 270.93
2462 13.14 886.44 920.96 1.3 262.84
2463 13.58 766.84 992.76 2.2 266.84
2464 13.65 637.85 965.45 3.51 266
2465 13.24 465.29 898.55 6.81 266.61
2466 12.29 256.15 741.27 4.71 272.28
2467 10.97 67.46 448.51 3.81 277.69
2468 10.08 0 0 2.6 280.05
2469 9.19 0 0 2.8 278.79
2470 8.3 0 0 4.71 276.76
2471 7.41 0 0 3.51 274.01
2472 6.51 0 0 9.02 270.56
2473 6 0 0 6.31 268.77
2474 5.42 0 0 4.31 265.64
2475 4.84 0 0 3.71 265.71
2476 4.52 0 0 2.6 266.09
2477 4.2 0 0 2.8 266.63
2478 3.96 4.4 0 0.6 267.57
2479 5.95 101.09 466.62 0.5 271.64
2480 7.63 273.67 709.23 0.4 270.1
2481 9.35 450.65 820.24 0.4 270.27
2482 10.97 606.91 868.29 0.4 265.97
2483 12.41 729.23 896.14 0.5 266.83
2484 13.6 805.17 913.05 0.6 266.72
2485 14.5 827.19 920.37 2.2 268.51
2486 15.08 795.4 924.76 2.6 271.19
2487 15.32 710.56 918.72 2.8 272.15
2488 15.23 582.41 899.49 2.4 280.13
2489 14.62 412.8 829.65 1.6 279.37
2490 13.57 230.51 709.33 0.7 284.03
2491 12.23 66.18 384.23 0.7 286.41
2492 11.33 0 0 1 289.87
2493 10.43 0 0 0.7 288.15
2494 9.52 0 0 0.5 286.62
2495 8.62 0 0 1.2 283.84
2496 7.71 0 0 1 281.82
2497 7.13 0 0 1.2 277.49
2498 6.49 0 0 0.4 272.1
2499 5.85 0 0 1 269.88
2500 5.5 0 0 1.6 270.36
2501 5.15 0 0 1.2 270.86
2502 4.9 5.33 0 1 271.32
2503 7.06 109.77 509.79 0.7 276.03
2504 8.77 285.24 745.63 1.6 277.31
2505 10.51 465.67 855.43 1 278.78
2506 12.15 624.2 902.93 1.5 271.08
2507 13.6 744.28 921.99 2.4 274.21
2508 14.8 818.54 933.47 3.11 274.77
2509 15.69 837.24 933.47 2.6 275.35
2510 16.26 803.49 933.85 2.4 274.68
2511 16.5 718.02 927.06 3.11 275.52
2512 16.39 587.14 907.32 1.8 276.65
2513 15.78 420.14 849.16 1.3 279.29
2514 14.74 237.47 722.68 2 284.11
2515 13.41 71.51 419.67 1.3 282.66
2516 12.13 0 0 0.6 286.61
2517 10.85 0 0 0.9 287.16
2518 9.56 0 0 0.5 286.39
2519 8.28 0 0 1.2 281.51
2520 7 0 0 0.9 277.76
2521 5.99 0 0 1 276.77
2522 4.86 0 0 0.7 274.17
2523 3.72 0 0 1.2 269.69
2524 3.1 0 0 3.11 270.28
2525 2.48 0 0 1 266.9
2526 2.02 6.35 0 1.6 266.65
2527 4.03 112.38 503.09 0.5 269.04
2528 5.52 282.91 711.33 1.2 265.46
2529 7.06 459.68 818.84 0.9 265.93
2530 8.48 611.08 851.64 1.5 265.24
2531 9.71 721.31 846.37 2.2 265.37
2532 10.7 790.76 849.31 2 265.94
2533 11.44 812.48 859.61 2.4 266.56
2534 11.88 778.15 858.5 2.8 266.72
2535 12.02 694.73 855.37 3.11 268.26
2536 11.86 572.47 857.67 0.8 267.79
2537 11.25 414.43 820.85 0.4 268.73
2538 10.24 235.33 706.19 1 274.3
2539 8.97 72.26 400.36 1.2 278.09
2540 8.06 0 0 0.9 281.92
2541 7.15 0 0 0.4 280.26
2542 6.25 0 0 1.3 279.11
2543 5.34 0 0 2.6 273.09
2544 4.44 0 0 5.41 268.21
2545 4.1 0 0 3.71 266.33
2546 3.73 0 0 4.91 263.69
2547 3.35 0 0 3.31 265.63
2548 3.14 0 0 2 264.29
2549 2.94 0 0 0.9 262.27
2550 2.78 7.44 0 1 258.1
2551 5.16 115.82 505.5 0.9 263.84
2552 6.92 288.85 719.99 0.3 261.9
2553 8.73 467.41 830.38 0.4 265.61
2554 10.4 619.43 863.62 0.1 260.42
2555 11.9 740.29 889.82 0.8 257.63
2556 13.12 810.9 895.21 1.8 258.53
2557 14.04 828.13 892.64 2 261.16
2558 14.63 794.22 893.72 1.3 261.25
2559 14.89 715.4 904.14 1.3 261.83
2560 14.81 586.32 888.19 1.3 262.68
2561 14.21 420.68 831.27 0.8 263.46
2562 13.16 239.15 710.15 1.6 268.37
2563 11.81 75.41 408.98 2 270.35
2564 10.63 0 0 1.5 277.51
2565 9.44 0 0 2 273.29
2566 8.25 0 0 0.8 271.49
2567 7.07 0 0 1.2 265.72
2568 5.88 0 0 2.6 267.55
2569 4.89 0 0 2.8 263.68
2570 3.79 0 0 1.2 261.58
2571 2.69 0 0 1.8 257.16
2572 2.08 0 0 2.8 256.49
2573 1.48 0 0 1.2 256.43
2574 1.04 8.67 0 2 254.22
2575 3.4 129.71 546.85 3.11 259.36
2576 5.1 319.85 792.91 4.71 256.59
2577 6.84 514.64 920.2 5.41 255.52
2578 8.45 682.42 970.18 9.02 252.24
2579 9.85 808.21 992.75 7.71 255.35
2580 10.98 881.19 1000.77 5.81 258.63
2581 11.81 900.08 1002.27 3.31 256.79
2582 12.3 856.22 993.17 1.8 255.86
2583 12.45 759.9 975.81 3.51 257.94
2584 12.23 614.9 930.76 2.2 260.93
2585 11.5 437.16 841.27 0.8 261.66
2586 10.35 244.18 718.55 0.9 264.84
2587 8.95 74.34 415.1 0.5 272.25
2588 7.83 0 0 0.5 277.49
2589 6.72 0 0 0.2 273.31
2590 5.61 0 0 0.5 271.2
2591 4.49 0 0 1 267.99
2592 3.38 0 0 1.8 264.53
2593 2.8 0 0 3.81 267.56
2594 2.15 0 0 4.31 264.6
2595 1.49 0 0 4.91 263.97
2596 1.14 0 0 4.31 265.33
2597 0.78 0 0 4.31 266.15
2598 0.52 8.4 0 5.41 270.98
2599 2.39 94.74 226.72 5.81 274.14
2600 3.57 216.75 192.57 4.31 271.12
2601 4.76 343.83 189.2 6.81 277
2602 6.19 504.14 420.07 6.81 266.06
2603 7.37 595.01 407.88 6.81 265.11
2604 8.19 610.97 320.92 5.41 264.09
2605 8.84 636.56 343.27 6.31 263.97
2606 9.31 639.72 414.76 4.31 262.37
2607 9.57 597.44 510.25 2.8 261.05
2608 9.6 519.93 609.55 2.2 260.89
2609 9.31 405.27 698.46 0.7 259.85
2610 8.63 257.29 701.92 1.2 256.95
2611 7.59 88.26 416.4 0.6 260.35
2612 6.54 1.07 0 1.2 261.55
2613 5.48 0 0 0.7 263.63
2614 4.42 0 0 1.5 260.11
2615 3.37 0 0 1.3 259.11
2616 2.31 0 0 2 257.05
2617 1.57 0 0 1.6 257.73
2618 0.74 0 0 0.5 254.09
2619 -0.1 0 0 3.81 253.61
2620 -0.57 0 0 6.81 253.88
2621 -1.04 0 0 4.71 250.71
2622 -1.39 11.23 0 3.51 248.69
2623 1.2 135.62 545.46 3.31 256.08
2624 2.95 322.95 785.48 4.71 251.59
2625 4.71 511.61 892.28 5.81 250.58
2626 6.36 675.47 947.76 5.21 246.3
2627 7.78 797 974.48 10.32 245.96
2628 8.93 867.91 979.96 4.31 247.18
2629 9.78 887.88 983.1 3.11 247.26
2630 10.29 846.55 974.61 4.01 249.01
2631 10.47 757.96 963.95 2.2 246.39
2632 10.28 617.4 920.04 2.4 250.92
2633 9.57 442.26 840.2 1.8 254.1
2634 8.42 250.49 721.15 2.6 256.38
2635 6.99 80.72 399.35 0.9 260.42
2636 6.1 1.04 0 0.8 257.7
2637 5.21 0 0 2 261.71
2638 4.31 0 0 2.2 260.94
2639 3.42 0 0 2.4 262.02
2640 2.53 0 0 1.8 260.37
2641 2.05 0 0 2.2 258.07
2642 1.54 0 0 1.3 255.34
2643 1.28 0 0 2.2 252.96
2644 1.02 0 0 1.3 250.95
2645 0.84 0 0 0.3 255.72
2646 1.05 12.46 0 0.3 253.55
2647 2.41 159.55 636.85 0.6 253.64
2648 4.23 380.88 834 0.5 252.3
2649 6.23 614.41 924.65 0.8 244.1
2650 7.98 762.54 977.76 0.8 247.52
2651 9.7 944.71 775.94 1.3 245.86
2652 9.75 506.29 171.18 1.2 267.98
2653 9.63 455.63 93.53 2.2 275.72
2654 9.25 380.11 31.98 2 282.33
2655 8.87 354.56 34.75 2 278.9
2656 8.3 268.6 25.83 2.6 278.77
2657 7.28 145.5 0.39 3.71 296.06
2658 6.63 85.04 0 2.8 303.44
2659 5.78 8.35 0 3.11 308.37
2660 5 0.83 0 2.4 304.07
2661 4.22 0 0 1 299.78
2662 3.44 0 0 1.8 295.53
2663 2.66 0 0 1.2 293.36
2664 1.87 0 0 0.8 290.18
2665 0.86 0 0 1.6 290.91
2666 0.49 0 0 1.2 288.8
2667 0.07 0 0 2 285.87
2668 -0.37 0 0 2.4 283.97
2669 -0.54 0 0 1.5 278.73
2670 -0.45 6.51 0 1.5 277.48
2671 -0.42 13.22 0 3.11 274.83
2672 0.15 99.1 0 3.71 269.52
2673 1.48 305.78 137.14 5.21 263.86
2674 2.74 421.21 175.9 2.8 253
2675 3.59 429.33 95.39 0.3 256.04
2676 4.49 530.62 185.04 0.3 254.45
2677 5.47 653.04 349.4 0.2 248.73
2678 5.79 470.48 137.62 0.1 258.81
2679 5.28 191.24 9.36 0.1 273.93
2680 5.38 359.26 149.12 0.1 261.65
2681 5.25 287.27 148.68 0.4 260.17
2682 4.89 198.15 324.74 0.4 259.57
2683 4.28 79.35 275.33 0.9 256.82
2684 3.57 1.57 0 3.11 257.97
2685 2.86 0 0 0.3 258.9
2686 2.15 0 0 0.4 257.62
2687 1.44 0 0 1.3 259.32
2688 0.73 0 0 1 257.47
2689 0.28 0 0 0.1 252.67
2690 -0.19 0 0 0 249.75
2691 -0.42 0 0 0 245.21
2692 -0.66 0 0 0.1 243.15
2693 -0.82 0 0 0.3 248.84
2694 -0.53 15.33 0 0.5 249.82
2695 0.59 131.21 416.69 0.8 251.96
2696 2.05 299.28 606.07 0.5 251.12
2697 3.99 547.57 779.32 2 244.09
2698 5.66 677.36 899.88 1.3 244.13
2699 7.69 959.66 958.58 2.2 238.41
2700 9.27 1011.1 843.99 1 239.09
2701 9.78 731.62 506.3 0.9 254.85
2702 9.1 365.67 54.49 0.5 270.38
2703 8.29 285.91 18.96 1 270.88
2704 7.93 386.82 194.9 1.3 262.84
2705 7.12 200.54 40.57 3.11 269.09
2706 6.43 200.29 322.83 3.51 256.85
2707 5.52 70.39 239.69 1.8 262.38
2708 4.97 2.42 0 1.3 260.52
2709 4.43 0 0 1.8 260.13
2710 3.88 0 0 1.6 256.21
2711 3.33 0 0 1 255.31
2712 2.79 0 0 1.3 250.25
2713 2.29 0 0 1.8 248.48
2714 1.78 0 0 1.2 251
2715 1.52 0 0 3.11 252.56
2716 1.25 0 0 4.31 247.8
2717 1.06 0 0 3.31 250.09
2718 1.55 24.59 76.13 3.11 249.86
2719 3.16 184.03 375.95 4.31 252.54
2720 3.55 164.71 60.02 4.31 275.73
2721 3.89 195.41 16.84 5.41 272.05
2722 5.36 505.23 322.37 5.41 256.61
2723 5.54 328.12 43.3 6.31 283.6
2724 5.15 78.52 0 4.91 303.76
2725 4.89 80.1 0 4.71 302.34
2726 6.72 1007.72 704.4 3.31 263.82
2727 6.81 357.71 75.42 3.31 295.65
2728 6.86 311.34 60.5 4.01 281.87
2729 6.2 93.52 0 4.31 305.01
2730 5.37 146.42 81.58 3.81 291.39
2731 5.32 47.86 23.26 2.6 293.01
2732 4.29 0.61 0 3.51 286.31
2733 3.26 0 0 5.21 279.7
2734 2.23 0 0 3.11 273.17
2735 1.2 0 0 2.6 270.75
2736 0.17 0 0 1.3 264.56
2737 -0.74 0 0 0.5 263.61
2738 -1.73 0 0 0.7 257.33
2739 -2.26 0 0 1.2 253.93
2740 -2.79 0 0 0.9 250.32
2741 -3.16 0 0 0.8 244.71
2742 -2.85 18.4 0 0.8 244.77
2743 -1.61 141.27 478.09 0.6 243.79
2744 -0.11 302.23 581.93 1 240.56
2745 1.49 468.3 695.85 0.6 237.5
2746 3.04 613.9 724.34 0.4 236.14
2747 4.44 724.77 733.54 1.2 238.51
2748 5.58 778.28 691.28 2 242
2749 6.45 791.86 682.5 1.6 240.33
2750 7.05 762.09 699.92 2.2 239.36
2751 7.34 685.86 721.56 3.31 242.08
2752 7.35 570.94 746.51 3.71 243.25
2753 6.93 415.19 704.54 1.6 246.42
2754 6.08 246.58 613.07 1.5 245.48
2755 4.95 89.13 408.04 1.2 246.56
2756 3.58 3.17 0 0.9 243.96
2757 2.21 0 0 2.2 243.58
2758 0.84 0 0 2 240.8
2759 -0.53 0 0 0.3 239.43
2760 -1.89 0 0 0.6 237.79
2761 -2.85 0 0 0.5 236.31
2762 -3.91 0 0 1.6 233.37
2763 -4.5 0 0 2 232.17
2764 -5.09 0 0 2.2 231.51
2765 -5.51 0 0 2.4 230.27
2766 -5.18 20.33 7.11 2.2 231.64
2767 -3.67 171.14 657.76 2.4 232.81
2768 -1.86 363.07 838.18 1.5 233.59
2769 0.01 552.25 931.15 2 231.21
2770 1.77 712.37 968.78 1.2 230.75
2771 3.34 831.2 985.02 1.3 231.02
2772 4.64 900.38 989.51 0.6 231.07
2773 5.64 915.88 988.93 1.3 231.46
2774 6.29 875.33 983.48 1.3 229.51
2775 6.59 784.56 973.04 0.9 230.07
2776 6.55 648.28 949.36 1.3 234.39
2777 6.01 474.47 894.83 0.4 237.88
2778 5 282.58 772.08 0.1 238.88
2779 3.65 103.33 521.09 0.2 242.03
2780 2.58 3.61 0 0.8 245.67
2781 1.51 0 0 0.5 248.5
2782 0.44 0 0 0.8 247.1
2783 -0.64 0 0 0.9 245.02
2784 -1.71 0 0 0.2 239.33
2785 -2.18 0 0 0.1 239.38
2786 -2.74 0 0 0.2 236.56
2787 -3.07 0 0 0.1 232.99
2788 -3.4 0 0 0.1 234.81
2789 -3.66 0 0 0.5 235.97
2790 -3.27 20.68 1.75 0.1 236.96
2791 -2.25 117.58 198.35 0 241.22
2792 -0.58 298.72 531.53 0 235.5
2793 1.04 442.48 522.3 0.3 233.59
2794 2.51 560.35 505.58 2 236.42
2795 3.36 532.44 201.53 1.6 243.23
2796 4.05 566.95 213.47 1.6 242.62
2797 4.66 606.39 263.09 2.2 248.94
2798 4.62 456.84 102.5 1.8 268.23
2799 4.98 550.29 291.46 0.8 248.73
2800 4.97 458.63 327.97 1.2 252.64
2801 4.65 350.11 340.56 1.2 255.4
2802 4.14 276.84 616.63 1.6 250.51
2803 3.31 140.4 486.73 2.4 246.49
2804 2.74 6.07 0 4.91 246.1
2805 2.17 0 0 5.41 247.55
2806 1.61 0 0 6.81 249.55
2807 1.04 0 0 5.81 251.13
2808 0.47 0 0 7.71 250.06
2809 0.41 0 0 7.21 253.15
2810 0.4 0 0 10.32 257.84
2811 0.38 0 0 9.02 263.24
2812 0.37 0 0 9.52 264.91
2813 0.36 0 0 8.41 267.39
2814 0.69 15.36 0 6.31 270.78
2815 1.61 99.4 75.44 4.91 267.34
2816 2.87 230.25 150.16 3.81 264.28
2817 3.93 322.02 114.8 3.51 276.12
2818 4.52 322.39 44.28 2 284.04
2819 5.13 337.55 27.32 2 288.99
2820 5.17 214.03 4.64 1.6 283.27
2821 5.23 289.99 10.78 1.8 293.2
2822 4.91 292.67 11.35 1.5 294.03
2823 5.07 225.46 3.23 0.7 297.19
2824 3.8 112.41 0 1.3 298.46
2825 4.59 169 10.21 0.9 292.72
2826 4.26 25 0 0.3 299.66
2827 3.62 20.39 0 0.4 296.43
2828 3.13 0.57 0 0.6 288.41
2829 2.26 0 0 0.6 281.4
2830 1.7 0 0 0.3 276.1
2831 1 0 0 0.7 270.16
2832 0.23 0 0 0.9 263.91
2833 -0.84 0 0 0.4 262.42
2834 -2.07 0 0 0.7 257.46
2835 -2.7 0 0 0.7 252.35
2836 -3.34 0 0 0.1 247.31
2837 -3.77 0 0 0.1 241.15
2838 -3.3 34.26 139.36 0.3 239.77
2839 -2.25 178.48 520.6 0.7 238.41
2840 -1.3 304.33 479.2 0.4 243.91
2841 -0.59 370.99 227.01 1.3 246.35
2842 0.44 576.57 512.45 1 239.04
2843 1.74 823.48 829.27 1.8 231.67
2844 3.16 1059.03 890.44 0.8 226.09
2845 3.85 866.17 824.94 2.2 232.96
2846 4.16 741.81 561.27 1.8 239.59
2847 3.27 220.65 28.21 1 261.5
2848 2.14 56.65 0 0.6 268.34
2849 1.16 42.38 0 1 267.8
2850 0.29 26.31 0 0.8 265.18
2851 -0.48 10.56 0 0.7 264.14
2852 -0.88 0.56 0 1.5 261.78
2853 -1.35 0 0 1.5 266.98
2854 -1.68 0 0 0.7 266.46
2855 -2.35 0 0 0.3 261.47
2856 -2.5 0 0 0.2 256.62
2857 -2.72 0 0 0.8 254.01
2858 -2.84 0 0 1.5 251.95
2859 -3.69 0 0 1.6 248.81
2860 -3.06 0 0 1.6 250.52
2861 -3.16 0 0 2.8 249.81
2862 -2.81 19.95 0 4.01 250.6
2863 -1.89 115.83 103.11 3.51 250.74
2864 -0.85 228.51 133.41 3.51 252.43
2865 -0.16 297.34 92.88 2.2 257.51
2866 1.21 475.09 229.38 3.11 247.26
2867 2.37 586.45 307.04 2.4 244.69
2868 2.76 446.86 97.96 2.8 266.69
2869 2.63 273.22 7.85 0.8 264.65
2870 2.74 378.51 32.97 0.2 260.26
2871 2.35 219.18 8.18 0.1 270.8
2872 1.83 158.55 0 0.1 274.09
2873 1.04 40.82 0 0.4 279.14
2874 0.49 111.77 5.72 0.5 273
2875 -0.01 73.73 134.79 0.6 269.2
2876 0.53 4.29 0 0.2 268.93
2877 1.01 0 0 0.2 277.74
2878 1.17 0 0 1 280.72
2879 1.9 0 0 1.5 284.29
2880 2.26 0 0 0.1 288.98
2881 2.52 0 0 0.2 291.83
2882 1.06 0 0 0.5 285.54
2883 2.23 0 0 1.4 292.73
2884 3.15 0 0 1 298.97
2885 3.07 0 0 1 299.78
2886 3.15 7.18 0 1.1 301.5
2887 3.28 30.37 0 0.6 303.52
2888 4.12 75.05 0 1.3 305
2889 4.95 127.56 0 1.7 304.31
2890 5.53 160.78 0.38 2.1 303.68
2891 6.01 191.36 1.04 1.7 305.09
2892 6.3 176.63 0.9 2.7 309.08
2893 6.65 218.92 1.68 3 308.47
2894 6.81 183.82 0.99 2.5 313.03
2895 6.94 199.9 4.07 4.91 313.24
2896 7.07 171.71 0.61 5.21 317.89
2897 7.09 180.31 7.68 4.91 313.67
2898 6.96 107.64 0 6.91 314.66
2899 6.63 40.05 0 6.41 315.96
2900 6.56 2.4 0 10.22 312.8
2901 6.4 0 0 7.31 309.11
2902 6.15 0 0 5.51 304.99
2903 6.05 0 0 4.51 302.55
2904 5.87 0 0 6.41 298.83
2905 5.62 0 0 5.71 294.83
2906 5.4 0 0 5.51 291.02
2907 5.3 0 0 6.41 287.9
2908 5.21 0 0 4.71 284.8
2909 5.16 0 0 3 281.93
2910 5.65 30.92 70.7 3.2 281.94
2911 7.17 227.12 691.56 4.01 286.45
2912 8.82 449.25 865.25 2.7 287.64
2913 10.33 626.87 792.57 2.3 281.45
2914 10.9 512.01 285.06 4.01 300.91
2915 11.1 444.18 117.73 3.41 316.96
2916 10.77 279.9 19.37 3.2 315.97
2917 9.85 87.75 0 3.41 331.33
2918 9.15 84.25 0 3.41 328.23
2919 8.56 75.91 0 4.31 326.34
2920 8.2 73.16 0 6.91 324.65
2921 8.6 437.81 501.52 10.22 287.07
2922 8.5 209.14 263.86 8.91 294.88
2923 8.22 124.37 363.82 6.41 292.08
2924 7.62 8.24 0 5.51 289.6
2925 6.87 0 0 3.71 289
2926 5.76 0 0 5.51 288.94
2927 5.57 0 0 6.91 288.64
2928 5.15 0 0 8.91 284.49
2929 4.47 0 0 8.41 286.18
2930 3.58 0 0 6.41 282.15
2931 3.1 0 0 9.41 280.28
2932 2.62 0 0 5.21 278.41
2933 2.28 0 0 4.51 277.25
2934 2.82 32.9 109.32 4.71 280.74
2935 3.73 137.78 273.91 5.91 283.55
2936 4.95 291.3 338.47 3.71 281.82
2937 4.76 226.69 28.01 4.71 293.12
2938 5.07 190.17 4.53 3.2 299.61
2939 5.12 177.91 2.35 2.5 301.89
2940 5.81 476.07 108.44 3.41 290.17
2941 6.7 598.79 229.96 2.1 281.98
2942 7.11 500.5 135.31 1.4 286.09
2943 7.66 619.43 423.83 1.3 277.47
2944 7.76 425.58 217.56 2.1 282.59
2945 7.81 414.85 496.41 1.4 276.43
2946 7.7 326.88 677.63 1.7 267.98
2947 7.21 154.38 583.74 2.1 270
2948 6.24 11.63 0 2.3 266.63
2949 5.28 0 0 4.31 266.31
2950 4.31 0 0 2.7 258.81
2951 3.34 0 0 3.2 252.54
2952 2.37 0 0 0.9 250.46
2953 1.8 0 0 1 250.77
2954 1.15 0 0 1.4 247.42
2955 0.8 0 0 2.5 244.65
2956 0.44 0 0 3.2 242.26
2957 0.18 0 0 3.2 240.44
2958 0.74 36.46 112.15 4.51 242.16
2959 2.57 252.93 702.63 3.71 246.87
2960 4.46 480.85 859.34 1.9 246.99
2961 6.32 697.92 913.46 1.7 242.89
2962 7.72 785.51 986.84 2.3 247.87
2963 9 915.94 812.24 2.5 250.66
2964 8.95 536.38 172.86 3.41 270.43
2965 9.01 587.7 211.15 5.21 266.47
2966 8.86 512.6 147.04 5.21 269.39
2967 8.36 390.64 43.23 4.91 272.52
2968 7.88 369.34 112.9 4.01 271.7
2969 7.19 258.59 81.81 4.01 272.47
2970 6.5 215.37 243.35 4.01 267.74
2971 5.62 83.61 113.6 4.01 274.25
2972 4.8 8.25 0 2.7 276.21
2973 3.99 0 0 1.9 280.34
2974 3.17 0 0 2.1 280.64
2975 2.35 0 0 2.7 277.67
2976 1.53 0 0 2.5 278.15
2977 1.11 0 0 1.1 279.02
2978 0.71 0 0 0.5 279.33
2979 0.51 0 0 1.4 278.58
2980 0.31 0 0 1.9 280.48
2981 0.18 0 0 1.3 278.33
2982 1.1 50.76 186.56 1.3 279.42
2983 1.09 48.27 0 2.1 284.01
2984 3.64 477.14 583.08 0.9 250.29
2985 5.86 688.52 927.8 1.9 249.23
2986 7.83 867.88 797.61 2.3 248.04
2987 8.41 615.27 324.18 3 267.41
2988 9.59 920.19 844.07 5.21 257.46
2989 10.88 1098.05 971.62 5.71 249.8
2990 11.8 1055.26 966.36 4.71 250.65
2991 12.36 953.99 655.79 5.21 249.62
2992 10.98 174.26 7.34 5.71 286.63
2993 9.52 45.66 0 6.91 293.44
2994 9.07 387.65 529.65 7.81 248.02
2995 8.22 169.53 591.51 4.51 254.83
2996 7.25 3.17 0 4.01 255.34
2997 6.29 0 0 3.71 258.65
2998 5.32 0 0 2.3 257.37
2999 4.35 0 0 2.7 256.89
3000 3.39 0 0 1.9 255.17
3001 2.36 0 0 1.1 253.89
3002 1.15 0 0 1.6 249.53
3003 0.46 0 0 1.9 244.05
3004 -0.24 0 0 1.9 241.48
3005 -0.76 0 0 1.6 241.86
3006 -0.31 40.34 135.2 1 242.44
3007 1.1 241.03 712.65 1 249.9
3008 2.54 446.83 875.02 2.1 249.16
3009 3.94 639.94 951.7 1.6 245.12
3010 5.22 804.5 986.75 1.3 245.41
3011 6.34 926.19 1006.15 0.9 246.38
3012 7.24 993.45 1015.35 2.1 245.17
3013 7.89 1002.71 1017.88 0.4 247.14
3014 8.26 955.61 1011.31 0.5 249.42
3015 8.37 854.43 997.92 1.1 247.55
3016 8.21 706.17 970.79 1.1 249.64
3017 7.65 523.87 920.13 1.6 250.28
3018 6.73 324.35 808.1 1 255.81
3019 5.55 134.54 598.96 0.6 259.71
3020 4.28 9.71 0 0.5 260.23
3021 3.04 0 0 1.1 258.59
3022 1.8 0 0 2.5 254.88
3023 0.57 0 0 4.31 251.11
3024 -0.67 0 0 6.11 245.46
3025 -0.89 0 0 4.01 246.53
3026 -1.29 0 0 2.1 246.15
3027 -1.59 0 0 1.4 246.11
3028 -1.88 0 0 1.7 246.5
3029 -2.14 0 0 1.6 242.34
3030 -1.72 39.32 115.69 1.3 242.86
3031 -0.55 214.08 706.1 2.1 242.73
3032 0.68 398.9 846.99 3.41 243.04
3033 1.88 573.92 908.61 3.2 241.3
3034 3.06 747.39 916.33 3.41 238.28
3035 4.06 852.6 967.48 3.2 239.04
3036 4.86 912.64 961.48 4.01 238.01
3037 5.49 955.73 994.23 4.91 239.12
3038 5.91 941.93 1006.4 4.91 238.85
3039 6.1 865.4 999.43 5.21 238.37
3040 6.05 749.67 973.68 4.71 237.65
3041 5.72 594.73 921.61 4.01 235.86
3042 4.97 381.86 821.47 3 240.71
3043 3.9 169.8 604.2 3.71 242.59
3044 2.68 16.48 0 2.7 243.45
3045 1.6 0 0 2.1 244.96
3046 0.52 0 0 1.7 242.05
3047 -0.56 0 0 2.1 242.2
3048 -1.65 0 0 2.3 239.99
3049 -1.67 0 0 3.2 239.65
3050 -1.74 0 0 3.41 240.64
3051 -1.8 0 0 3.2 240.86
3052 -1.87 0 0 2.5 241.95
3053 -1.93 0 0 2.7 243.63
3054 -1.15 41.98 192.6 1.7 245.02
3055 0.23 186.41 537 0.8 249.64
3056 1.61 330.37 531.24 0.5 252.33
3057 3.04 485.94 564.96 0.6 253.81
3058 4.34 603.44 544.69 0.1 254.97
3059 5.49 693.48 562.2 0.4 252.07
3060 6.49 762.99 573.91 0.5 252.59
3061 7.26 775.68 569.12 0.3 253.14
3062 7.79 750.52 565.05 0.5 252.75
3063 8.01 651.4 523.08 0.7 253.62
3064 7.93 520.35 436.6 1.7 256.66
3065 7.54 407.57 504.19 4.01 254.98
3066 6.83 265.32 487.49 4.91 256.31
3067 5.85 114.62 346.88 6.11 261.63
3068 4.77 12.8 0 3.71 259.35
3069 3.88 0 0 3.41 259.5
3070 2.99 0 0 3.71 258.19
3071 2.09 0 0 2.5 256.27
3072 1.2 0 0 2.7 253.15
3073 0.61 0 0 1.9 250.28
3074 0.01 0 0 1 244.97
3075 -0.31 0 0 1.7 245.23
3076 -0.62 0 0 2.5 243.18
3077 -0.83 0 0 1.1 239.66
3078 0.08 66.58 495.64 1.1 236.91
3079 1.4 257.15 725.71 1.1 236.12
3080 2.86 478.42 879.08 0.9 235.91
3081 4.32 690.34 620.87 0.8 232.44
3082 3.45 69.09 0 1.1 271.93
3083 3.76 454.53 184.85 1 251.97
3084 5.08 1002.5 830.67 2.3 229.41
3085 6.24 1100.45 901.92 1.4 226.73
3086 6.69 820.9 617.38 2.5 243.11
3087 5.76 165.28 7.86 3.2 274.64
3088 4.77 63.6 0 3.2 279.44
3089 3.92 48.09 0 2.7 277.28
3090 3.16 30.7 0 2.1 274.18
3091 2.48 13.65 0 0.8 274.04
3092 1.86 1.58 0 0.7 268.97
3093 1.64 0 0 0.6 269.62
3094 1.43 0 0 0.1 269.21
3095 1.17 0 0 0.3 272.49
3096 0.82 0 0 1.4 268.81
3097 0.7 0 0 2.5 264.5
3098 0.69 0 0 2.7 263.14
3099 0.72 0 0 2.3 260.74
3100 0.71 0 0 3 261.87
3101 0.69 0 0 1.7 259.22
3102 1.55 53.14 294.35 0.7 259.7
3103 3.13 249.06 455.84 1 258.52
3104 3.22 165.02 56.98 1.9 282.54
3105 4.07 365.54 201.88 0.6 267.14
3106 5.47 641.71 567.54 1.1 260.35
3107 6.23 575.61 266.56 1.4 269.83
3108 6.97 659.54 312.4 1.4 269.33
3109 7.58 683.66 337.3 1.3 271.51
3110 8.22 777.57 534.78 1.7 263.84
3111 7.36 138.36 0 1.6 290.73
3112 6.47 55.97 0 2.7 295.51
3113 5.69 42.36 0 3.2 299.26
3114 5.01 27.11 0 2.3 296.65
3115 4.4 16 0 1.6 294.35
3116 3.34 9.72 0 1.3 297.29
3117 4 0 0 2.7 297.02
3118 4.22 0 0 2.5 299.59
3119 4.4 0 0 2.3 299.3
3120 4.58 0 0 3.41 299
3121 4.4 0 0 1.9 294.17
3122 4.39 0 0 3.41 292.88
3123 4.38 0 0 2.5 294.18
3124 4.35 0 0 1.9 292.78
3125 4.34 0 0 3 291.47
3126 4.96 35.76 59.51 1.7 293.51
3127 5.13 54.3 0 2.3 300.47
3128 5.61 128.37 0 3.2 294.01
3129 5.93 158.99 0 2.1 301.89
3130 6.77 367.1 94.64 1.3 295.86
3131 8.16 585.85 281.64 1.1 282.61
3132 8.81 502.98 111.64 1.3 302.24
3133 9.23 452.41 82.73 0.9 309.06
3134 8.75 115.37 0 1.9 312.41
3135 8.27 94.39 0 1.7 304.28
3136 8.03 148.7 0 1.4 298.98
3137 7.83 148.35 0 2.5 296.27
3138 7.37 104.48 0 2.5 307.43
3139 6.92 23.78 0 1.7 316.53
3140 5.66 7.02 0 0.9 312.13
3141 6.68 0 0 1 312.72
3142 6.34 0 0 0.9 313.7
3143 6.52 0 0 0.9 312.08
3144 6.05 0 0 0.3 312.33
3145 6.42 0 0 0.2 314.83
3146 6.25 0 0 0.2 313.99
3147 6.17 0 0 0.3 313.36
3148 6.08 0 0 0.1 313
3149 6.02 0 0 0 314.48
3150 6.19 8.75 0 0.2 315.17
3151 7.79 162.17 230.73 0.2 299.43
3152 9.43 321.35 387.3 0.7 299.91
3153 9.89 274.1 72.49 1.4 314.66
3154 9.68 211.98 15.39 1 324.14
3155 9.59 72.05 0 1.3 330.47
3156 10.57 491.63 175.56 1.9 313.98
3157 12.17 834.12 576.96 2.5 288.84
3158 13.21 746.17 523.29 4.31 293.07
3159 13.52 496.26 181.91 4.31 303.08
3160 13.74 483.99 292.07 4.31 297.29
3161 13.82 423.41 440.26 8.41 293.24
3162 13.26 176.64 90.8 8.41 303.19
3163 12.63 120.43 284.96 7.81 297.52
3164 11.84 16.35 0 6.41 294.03
3165 10.97 0 0 7.81 297.19
3166 10.09 0 0 10.22 296.62
3167 9.22 0 0 7.31 295.37
3168 8.34 0 0 7.81 290.02
3169 7.52 0 0 4.51 288.47
3170 6.61 0 0 4.01 286.57
3171 6.1 0 0 4.31 287.35
3172 5.59 0 0 3 285.62
3173 5.22 0 0 3.2 283.43
3174 6.29 61.47 326.52 3.71 283.79
3175 7.54 204.14 542.59 3.71 283.95
3176 8.89 363.24 607.63 1.9 284.63
3177 10.29 526.71 698.87 3.41 282.33
3178 11.61 664.23 704.43 3.41 283.39
3179 12.8 773.26 718.37 4.91 282.32
3180 13.8 836.46 719.21 4.91 280.91
3181 14.54 845.56 702.02 5.51 282.29
3182 15.01 806.26 689.96 5.51 283.04
3183 15.23 728.75 706.34 5.71 281.07
3184 15.17 607.9 703.05 5.21 282.15
3185 14.76 466.4 717.37 5.21 284.98
3186 13.98 298.43 628.79 4.51 288.59
3187 12.93 136.89 478.02 3.2 291.32
3188 11.75 18.77 0.15 1.6 290.64
3189 10.68 0 0 2.3 293.29
3190 9.61 0 0 3.71 291.5
3191 8.54 0 0 3.2 290.12
3192 7.47 0 0 3.71 287.74
3193 6.95 0 0 5.21 287.29
3194 6.33 0 0 6.41 282.68
3195 5.97 0 0 3.71 282.42
3196 5.62 0 0 3 278.08
3197 5.35 0 0 0.7 277.49
3198 6.79 76.72 510.39 0.7 285.32
3199 8.33 240.39 735.96 0.5 285.48
3200 9.99 422.11 858.01 0.5 284.25
3201 11.61 591.24 904.41 0.8 284.34
3202 13.12 733.77 915.31 0.6 285.18
3203 14.46 842.36 919.55 0.7 286.53
3204 15.55 902.42 911.42 0.9 290.38
3205 16.39 915.8 909.35 0.9 292.05
3206 16.93 879.77 909.32 0.6 292.05
3207 17.18 795.26 907.86 0.6 291.45
3208 17.15 674.7 910.1 1.1 293.27
3209 16.7 519.44 889.17 0.3 299.85
3210 15.85 342.31 792.61 0.4 305.11
3211 14.67 163.45 635.16 0.7 308.68
3212 13.31 19.75 9.29 1.4 307.82
3213 12.41 0 0 1.9 308.6
3214 11.51 0 0 1.9 308.46
3215 10.61 0 0 4.01 302.92
3216 9.71 0 0 4.01 301.83
3217 9.34 0 0 2.7 298.24
3218 8.92 0 0 3.41 296.84
3219 8.68 0 0 4.51 295.72
3220 8.44 0 0 4.01 292.42
3221 8.26 0.63 0 3 293.88
3222 9.78 86.97 513.25 4.31 295.74
3223 11.57 290.81 685.28 4.71 289.99
3224 12.76 393.84 715.11 5.51 300.29
3225 13.89 518.55 604.61 4.91 298.67
3226 14.51 510.15 252.91 6.11 304.45
3227 14.64 422.85 52.56 7.81 314.8
3228 15.01 535.61 138.05 6.11 311.77
3229 15.43 605.5 204.2 6.11 307.47
3230 15.66 563.6 188.21 7.31 307.62
3231 15.15 289.58 25.77 7.81 322.1
3232 14.7 379.45 113.18 7.31 325.51
3233 14.42 226.56 19.31 5.51 319.37
3234 13.73 164.1 29.42 4.01 330.2
3235 13 58.16 0 2.7 340.24
3236 12.24 8.83 0 2.7 324.31
3237 11.54 0 0 1.4 314.44
3238 10.83 0 0 1.9 310.5
3239 10.13 0 0 1.1 308.28
3240 9.43 0 0 0.8 304.65
3241 9.06 0 0 1.6 304.99
3242 8.65 0 0 2.5 300.49
3243 8.43 0 0 2.7 297.4
3244 8.19 0 0 1.7 302.4
3245 8.05 0.56 0 0.7 303.1
3246 9.32 62.04 210.76 0.8 306.03
3247 10.32 160.79 195.8 1 297.13
3248 10.45 222.46 88.61 0.8 313.5
3249 10.66 89.93 0 1.3 333.6
3250 10.18 63.77 0 1.7 336.73
3251 11.08 324.15 18.93 1.7 324.52
3252 11.57 369.56 23.25 1.1 326.05
3253 12.68 575.6 170.06 1.6 321.71
3254 13.03 414.82 66.48 1.6 331.26
3255 13.71 575.8 307.9 3.41 308.92
3256 14.23 575.5 558.99 3 298.9
3257 14.43 445.29 581.47 3 299.62
3258 14.43 344.19 675.3 3.41 296.02
3259 13.95 150.17 520.34 6.91 304.21
3260 13.24 29.94 160.48 5.91 300.56
3261 12.4 0 0 3 302.15
3262 11.56 0 0 4.51 300.39
3263 10.72 0 0 3.2 299.79
3264 9.88 0 0 3.2 298.77
3265 9.23 0 0 1.7 293.79
3266 8.59 0 0 1.4 293.16
3267 8.26 0 0 1.1 291.54
3268 7.94 0 0 2.1 288.96
3269 7.72 1.65 0 4.51 294.49
3270 8.89 88.96 393.7 5.51 295.52
3271 9.72 214.66 550.27 5.21 301.27
3272 10.71 378.1 563.28 4.01 300.9
3273 11.26 425.62 314.19 4.01 311.05
3274 12.73 793.33 787.73 2.3 291.71
3275 13.52 772.13 578.57 1.9 312.14
3276 13.08 511.31 195.63 0.6 329.71
3277 12.4 78.88 0 0.3 349.56
3278 11.68 75.86 0 0.4 342.45
3279 11.11 68.74 0 0.9 339.24
3280 10.8 170.78 1.9 1.4 329.6
3281 10.26 44.32 0 1.6 334.6
3282 10.37 341.16 541.69 1.1 297.63
3283 10.18 190.07 598.39 2.3 289.58
3284 9.78 24.34 50.96 1.4 290.94
3285 9.31 0 0 1.9 295.75
3286 8.85 0 0 1.4 295.47
3287 8.38 0 0 1.1 297.24
3288 7.92 0 0 1.4 300.04
3289 7.45 0 0 1.6 302.56
3290 6.97 0 0 1.9 304.81
3291 6.73 0 0 3.2 305.07
3292 6.49 0 0 3.41 307.13
3293 6.28 0.82 0 3.71 309.96
3294 6.38 31.88 0 2.5 313.91
3295 6.34 102.7 7.76 2.3 310.12
3296 8.17 252.36 128.92 1.1 305.97
3297 9.35 446.96 336.89 1.3 300.25
3298 10.21 504.24 215.31 1.4 306.3
3299 11.1 633.11 335.94 2.7 299.67
3300 11.64 589.5 196.69 2.5 305.28
3301 11.89 507.15 100.32 3.2 307.88
3302 11.67 307.15 23.85 3.41 316.28
3303 10.74 75.45 0 4.71 336.7
3304 10.07 87.96 0 2.7 334.13
3305 9.77 101.64 0 2.5 326.83
3306 9.34 97.19 0 1.7 321.23
3307 8.95 40.42 0 3.41 322.01
3308 8.58 8.83 0 1.7 320.48
3309 8.14 0 0 0.7 318.6
3310 7.77 0 0 0.8 319.83
3311 7.37 0 0 1.9 318.47
3312 6.96 0 0 1.4 317.51
3313 6.6 0 0 1.6 321.2
3314 6.27 0 0 2.7 319.92
3315 6.13 0 0 4.01 319.86
3316 5.98 0 0 4.51 315.87
3317 5.9 1.17 0 4.51 313.2
3318 6.05 7.02 0 3 314.57
3319 7.5 188.21 290.88 2.7 293.1
3320 8.86 350.85 314.21 3.71 279.37
3321 8.36 53.29 0 1.6 320.98
3322 8.55 286.23 51.47 2.3 313.45
3323 10.88 937.07 743.18 2.1 274.95
3324 11.88 730.49 411.85 1.4 279.53
3325 13.35 1099.17 837.89 2.3 269.67
3326 14.03 823.95 604.48 2.3 281.56
3327 13.61 326.01 71.89 3 302.11
3328 12.64 61.44 0 1.7 314.34
3329 11.8 46.97 0 1.4 312.74
3330 11.07 30.74 0 2.3 309.35
3331 10.41 14.78 0 2.1 310.32
3332 9.84 9.2 0 1.4 308.19
3333 9.15 0 0 1.7 319.11
3334 8.64 0 0 1.3 326.12
3335 8.04 0 0 1.9 321.86
3336 7.45 0 0 1.4 317.63
3337 6.63 0 0 1.4 312.24
3338 5.78 0 0 1.3 306.66
3339 5.33 0 0 1.7 303.37
3340 4.83 0 0 0.9 300.89
3341 4.57 1.93 0 0.8 300.87
3342 5.05 32.69 0 0.3 300.29
3343 5.81 132.68 60.8 0.2 294.74
3344 6.37 235.71 92.86 0.1 298.29
3345 7.78 444.27 301.45 0.9 282.7
3346 9.76 844.49 831.25 1.6 267.47
3347 11.15 875.41 828.93 1 273.19
3348 11.64 662.97 270.48 0.9 284.97
3349 11.75 532.48 131.31 0.6 292.47
3350 12.24 769.7 512.1 1.3 281.08
3351 12.29 560.73 292.1 1.9 288.89
3352 11.71 290.37 44.51 0.9 299.83
3353 10.69 56.99 0 2.3 309.73
3354 9.95 115.35 0 3.2 300.11
3355 9.17 45.32 0 1.9 304.6
3356 8.42 6.75 0 1.7 300.57
3357 7.44 0 0 1.4 298.23
3358 6.47 0 0 1.7 293.93
3359 5.49 0 0 1.9 289.64
3360 4.51 0 0 2.7 286.47
3361 3.76 0 0 1.3 280.88
3362 2.9 0 0 0.7 277.22
3363 2.43 0 0 1 274.67
3364 1.96 0 0 1 271.72
3365 1.61 2.6 0 0.3 269.16
3366 3.02 78.07 382.6 0.2 271.59
3367 4.38 230.03 627.46 0.5 270.45
3368 5.9 405.06 751.96 1.1 270.46
3369 7.41 571.12 802.88 0.8 265.6
3370 8.81 709.65 807.84 0.3 267.82
3371 10.04 814.73 807.5 0.2 268.04
3372 11.07 875.74 802.04 0.2 266.95
3373 11.85 890.01 802.21 0 267.48
3374 12.35 853.53 798.69 0 267.76
3375 12.58 769 790.22 0.5 271.28
3376 12.52 642.63 766.99 0.8 271.53
3377 12.07 489.45 737.91 0.6 272.33
3378 11.23 317.93 640.13 0.5 271.23
3379 10.11 150.59 462.77 0.5 276.66
3380 8.86 27.57 68.74 0.3 275.7
3381 7.58 0 0 0.1 275.95
3382 6.3 0 0 0.3 276.73
3383 5.03 0 0 0.8 274.23
3384 3.75 0 0 1 272.44
3385 3 0 0 1.6 274.98
3386 2.15 0 0 0.9 270.52
3387 1.67 0 0 0.8 271.83
3388 1.19 0 0 0.8 269.01
3389 0.84 2.98 0 0.6 269.71
3390 2.24 78.35 352.39 0.6 272.08
3391 3.51 221.44 551.96 0.6 270.78
3392 4.86 375.67 573.51 1.3 271.48
3393 6.21 529.03 628.67 1.7 270
3394 7.51 664.33 631.86 1.4 267.44
3395 8.63 756.5 643.5 1.6 269.32
3396 9.5 793.75 575.75 2.7 274.06
3397 10.17 810.88 580.4 3.71 277.46
3398 10.61 784.75 605.14 4.51 277.73
3399 10.79 704.87 613.83 4.91 272.7
3400 10.75 611.24 638.03 3.41 269.92
3401 10.37 475.41 644.21 1.6 270.19
3402 9.61 312.54 571.22 1.7 274.26
3403 8.58 154.84 436.76 1.6 280.5
3404 7.4 30.22 105.28 1.4 280.86
3405 6.51 0 0 0.9 281.95
3406 5.62 0 0 1 281.71
3407 4.73 0 0 0.6 282.48
3408 3.84 0 0 0.7 280.95
3409 3.56 0 0 0.4 277.66
3410 3.21 0 0 0.4 275.37
3411 3.01 0 0 0.3 273.38
3412 2.8 0 0 0.4 275.45
3413 2.65 3.34 0 0.2 277.19
3414 4.22 79.51 348.98 0.3 280.53
3415 5.54 212.86 488.11 0.1 281.39
3416 7.03 372.85 549.1 0 277.28
3417 8.5 518.49 584.14 0 271.4
3418 9.8 624.51 519.21 0.9 273.79
3419 10.98 723.32 532.45 1.6 273.24
3420 11.88 748.26 468.04 0.8 278.42
3421 12.66 796.74 522.38 0.6 276.85
3422 13.26 799.21 607.74 0.5 273.75
3423 13.55 715.1 636.57 0.9 274.7
3424 13.58 607.42 619.5 0.7 269.6
3425 13.22 464.06 589.39 0.5 271.97
3426 12.51 313.86 566.91 0.5 272.95
3427 11.49 156.57 435.09 0.5 278.36
3428 10.31 31.45 115.61 0.9 273.32
3429 9.26 0 0 0.6 278.22
3430 8.21 0 0 0.5 278.71
3431 7.16 0 0 0.5 277.75
3432 6.11 0 0 0.8 274.9
3433 5.42 0 0 0.6 273.85
3434 4.62 0 0 0.8 268.23
3435 4.16 0 0 1.3 267.4
3436 3.7 0 0 2.7 265.84
3437 3.35 3.69 0 3.2 262.98
3438 4.81 80.84 348.04 4.91 271.92
3439 6.07 221.35 527.8 4.71 274.6
3440 7.46 382.42 592.25 4.71 271.88
3441 8.84 535.71 641.39 4.91 268.76
3442 10.17 673.34 650.56 5.71 272.61
3443 11.32 768.12 669.52 7.81 276.12
3444 12.25 818.67 629.09 7.31 279.37
3445 12.99 845.98 642.07 9.41 279.95
3446 13.49 826 689.51 6.11 278.87
3447 13.72 748.51 700.91 9.41 283.27
3448 13.68 635.08 718.3 6.91 286.5
3449 13.27 490.57 716.91 7.81 284.88
3450 12.5 326.85 654.35 6.91 291.55
3451 11.43 164.26 517.94 6.11 294.69
3452 10.19 32.58 124.56 6.91 292.63
3453 9.63 0 0 7.81 294.82
3454 9.07 0 0 5.91 292.85
3455 8.51 0 0 5.21 292.03
3456 7.95 0 0 5.21 289.52
3457 8.04 0 0 4.31 288.64
3458 8.18 0 0 2.7 290.32
3459 8.27 0 0 4.01 288.51
3460 8.36 0 0 5.21 287.46
3461 8.43 4.04 0 4.51 287.62
3462 10.33 105.74 538.11 4.91 289.38
3463 12.1 303.14 768.53 5.91 284.16
3464 13.99 520.05 898.57 5.71 283.25
3465 15.86 725.95 945.62 5.21 281.54
3466 17.48 862.3 984.87 8.91 284.08
3467 18.8 941.8 811.01 11.92 285.69
3468 18.09 405.01 51.55 13.62 328.35
3469 17.64 413.64 31.27 11.22 314.23
3470 17.33 425.53 33.16 5.91 308.88
3471 16.92 371.03 28.97 5.21 303.91
3472 16.34 279.6 16.87 4.01 302.94
3473 15.82 257.36 29.45 3.71 299.37
3474 15.05 168 28.35 2.5 313.96
3475 14.46 88.42 15.65 3.71 300.15
3476 13.71 20.92 0 4.31 298.02
3477 12.77 0 0 2.5 300.87
3478 11.84 0 0 0.9 297.82
3479 10.9 0 0 1 295.37
3480 9.97 0 0 0.2 292.93
3481 8.79 0 0 0.5 291.09
3482 7.44 0 0 0.2 286.36
3483 6.68 0 0 0.6 281.95
3484 5.92 0 0 1.1 279.2
3485 5.36 5.24 0 0.9 273.55
3486 7.42 117.84 535.69 1.7 277.52
3487 8.87 289.07 770.05 2.5 279.14
3488 10.26 450.9 784.94 3.71 278.68
3489 11.36 552.69 618.3 2.1 278.39
3490 12.12 599.42 424.97 2.7 283.33
3491 13.03 743.36 568.87 3 282.9
3492 13.51 697.13 329.52 3 288.81
3493 14.1 816.12 553.81 2.3 284.67
3494 14.52 812.3 636.37 2.3 285.11
3495 14.78 789.9 776.63 4.51 282
3496 14.85 728.1 862.82 4.71 281.29
3497 14.69 603.29 938.25 3.71 279.54
3498 14.04 405.46 852.74 3 283.5
3499 13.05 231.15 684.39 1.1 283.14
3500 11.78 46.63 317.22 0.5 284.12
3501 10.77 0 0 0.6 289.57
3502 9.75 0 0 0.2 291.52
3503 8.74 0 0 0.1 289.82
3504 7.72 0 0 0.6 290.5
3505 7.65 0 0 1.1 292.74
3506 7.54 0 0 1.4 294.48
3507 7.47 0 0 2.5 300.02
3508 7.4 0 0 4.31 304.95
3509 7.34 3.79 0 4.01 311.77
3510 8.13 37.15 0 2.3 316.66
3511 8.98 117.04 14.01 2.1 312.2
3512 10.02 235.19 80.53 3 313.53
3513 11.56 395.61 185.36 2.5 304.84
3514 12.74 470.31 151.39 2.1 306.64
3515 14.18 649.16 334.29 2.3 299.85
3516 15.15 634.37 246.57 4.01 308.43
3517 16.11 721.58 356.6 3.2 305.61
3518 16.81 703.28 388.1 2.5 304.42
3519 17.03 557.49 245.46 1.3 306.17
3520 17.16 536.73 353.69 0.7 306.15
3521 17.19 495.1 619.64 0.5 304.14
3522 16.84 354.39 724.45 2.1 303.5
3523 16.14 211.98 634.92 2.7 300.43
3524 15.12 49.54 351.34 1.3 301.42
3525 14.27 0 0 3.71 306.76
3526 13.41 0 0 2.1 306.11
3527 12.56 0 0 1.1 306.09
3528 11.7 0 0 0.1 304.72
3529 11.06 0 0 0.8 304.7
3530 10.28 0 0 0.4 303.41
3531 9.83 0 0 0.3 304.12
3532 9.37 0 0 0.3 304.87
3533 9.02 5.19 0 0.3 306.9
3534 10.72 81.46 304.21 0.3 309.51
3535 12.31 234.99 581.49 0.3 302.06
3536 13.82 377.96 570.64 0.1 306.39
3537 15.19 498.84 491.64 0.3 304.8
3538 16.59 639.65 536.38 0.3 303.86
3539 17.49 644 333.6 1 307.93
3540 18.22 681.92 323.76 1.4 306.82
3541 18.76 690.6 318.28 1.9 307.49
3542 19.09 678 332.15 2.1 321.62
3543 19.38 681.11 512.31 4.01 304.91
3544 19.44 615.3 610.39 3.2 297.92
3545 19.02 438.7 449.94 1.9 302.32
3546 18.19 287.45 412.83 2.3 305.72
3547 17.1 151.63 334.97 2.7 307.05
3548 15.84 37.66 165.77 1.6 305.25
3549 13.65 0 0 1 300.54
3550 11.45 0 0 2.1 295.53
3551 9.25 0 0 1.6 289.98
3552 7.06 0 0 3.41 285.2
3553 5.61 0 0 3 284.22
3554 3.99 0 0 1.6 277.03
3555 3.09 0 0 1.1 271.6
3556 2.19 0 0 2.1 269.54
3557 1.53 5.49 0 2.1 262.12
3558 3.12 98.8 483.35 2.5 267.11
3559 4.39 260.84 719.68 3.41 262.31
3560 5.76 438.49 830.68 3 261.63
3561 7.12 611.01 886.84 4.91 255.25
3562 8.38 753.54 901.27 4.01 260.36
3563 9.47 858.16 899.01 4.01 261.47
3564 10.36 922.2 901.88 4.01 266.05
3565 11.02 934.85 897.09 4.01 264.14
3566 11.42 901.85 900.83 4.01 268.97
3567 11.56 819.21 897.78 1.9 269.11
3568 11.44 697.86 893.03 3 269.91
3569 10.96 541.89 866.06 2.3 268.08
3570 10.12 369.62 805.56 3 269.48
3571 8.99 193.24 657.65 1.6 271.66
3572 7.67 38.23 168.39 1.4 269.43
3573 6.72 0 0 1.1 270.72
3574 5.77 0 0 1.6 269.4
3575 4.82 0 0 2.3 267.44
3576 3.87 0 0 2.1 267.01
3577 3.91 0 0 0.6 268.13
3578 3.99 0 0 1.1 266.46
3579 4.04 0 0 0.9 263.92
3580 4.1 0 0 2.1 262.52
3581 4.15 8.83 0 2.5 262.78
3582 6.21 122.19 554.78 2.7 266.61
3583 7.88 319.68 776.01 2.5 263.58
3584 9.66 537.28 898.1 3.41 263.53
3585 11.42 742.92 939.28 4.31 263.64
3586 13.07 917.03 957.24 6.91 263.73
3587 14.54 1046.31 966.86 5.51 262.67
3588 15.53 1019.92 851.39 6.41 269.02
3589 14.24 293.89 37.75 6.91 302.47
3590 14.75 775.55 458.01 5.91 279.72
3591 13.46 171.29 8.8 2.7 306.58
3592 13.2 482.18 263.6 2.1 285.4
3593 11.99 53.39 0 2.5 309.34
3594 10.94 36.33 0 2.3 310.34
3595 10 19.11 0 3.41 311.41
3596 9.17 4.34 0 2.7 302.76
3597 8.9 0 0 2.3 302.86
3598 8.62 0 0 4.31 298.12
3599 8.35 0 0 3.2 296.37
3600 8.07 0 0 1.7 295.89
3601 7.6 0 0 1.4 290.29
3602 7.07 0 0 0.3 290.37
3603 6.77 0 0 0.4 287.01
3604 6.48 0 0 0.6 284.68
3605 6.26 6.83 0 0.8 285.53
3606 8.04 104.57 382.07 1.1 286.91
3607 9.21 243.59 497.23 2.5 287.61
3608 10.85 465.33 789.03 1.4 283.28
3609 12.46 650.97 936.73 0.9 278.78
3610 14.2 876.92 981.95 0.6 274.66
3611 15.75 1016.73 801.45 1.1 272.52
3612 15.6 537.29 136.18 1.3 299.28
3613 15.28 486.69 77.98 1.7 305.09
3614 15.05 495.68 96.28 0.8 300.97
3615 14.76 464.76 112.59 0.5 301.46
3616 14.15 347.2 37.68 0.3 317.41
3617 13.51 261.87 28.12 0.1 303.8
3618 12.79 207.91 78.58 0.1 296.4
3619 11.93 97.41 21.95 0.2 300.64
3620 11.03 22.17 0 0.2 299.29
3621 10.22 0 0 0.3 301.38
3622 9.42 0 0 0.3 296.78
3623 8.62 0 0 0.3 292.09
3624 7.81 0 0 0.2 290.38
3625 7.35 0 0 0.1 308.93
3626 6.79 0 0 0 306.61
3627 6.46 0 0 0.1 304.06
3628 6.14 0 0 0.2 301.53
3629 5.89 6.68 0 0.1 299.44
3630 7.39 83.38 253.94 0 306.82
3631 8.66 225.54 441.49 0 305.72
3632 9.91 365.52 461.09 0.1 304.99
3633 11.15 503.83 484.93 0.3 303.91
3634 12.39 642.95 554.24 0.9 300.64
3635 13.55 756.16 609.04 0.6 299.58
3636 14.53 821.77 611.67 0.9 294.83
3637 15.32 854.26 638.26 1.1 297.21
3638 15.84 816.65 653.36 0.6 299.59
3639 16.06 722.11 586.65 1.6 301.77
3640 16 590.69 540.08 0.7 303.8
3641 15.53 437.26 440.39 0.9 302.86
3642 14.78 297.18 404.22 1.9 305.11
3643 13.79 156.19 324.28 3.7 307.64
3644 12.68 40.02 170.28 2.9 308.44
3645 11.87 0 0 3.7 313.05
3646 11.06 0 0 3.91 314.35
3647 10.26 0 0 2.6 311.9
3648 9.45 0 0 1.9 311.9
3649 9.11 0 0 1.2 310.47
3650 8.7 0 0 2.2 309.56
3651 8.46 0 0 2.2 312.28
3652 8.23 0 0 3.4 313.84
3653 8.05 6.32 0 1 315.34
3654 9.21 66.55 146.9 0.9 322.51
3655 11.23 294.31 571.68 0.8 309.53
3656 12.7 429.66 733.41 0.5 314.07
3657 13.95 551.58 623.08 0.4 315.06
3658 14.45 487.64 192.73 0.1 325.61
3659 16.38 1017.84 801.54 0.1 298.21
3660 17.1 773.39 456.13 0.2 318.65
3661 17.24 609.57 214.69 0.2 322.53
3662 17.61 739.93 432.63 0.6 311.02
3663 17.34 486.07 149.37 0.8 323.7
3664 17.23 529.15 318.26 0.9 317.99
3665 16.62 336.2 113.45 1.2 321.71
3666 15.84 229.24 134.32 0.7 322.98
3667 14.75 72.78 0 0.7 346.64
3668 13.78 4.77 0 1.6 329.08
3669 12.97 0 0 2.2 332.44
3670 12.16 0 0 2.6 327.25
3671 11.35 0 0 2.4 318.97
3672 10.54 0 0 3.4 316.9
3673 10.09 0 0 4.31 316.06
3674 9.56 0 0 3.91 311.98
3675 9.26 0 0 6.01 309.09
3676 8.96 0 0 6.01 305.43
3677 8.73 6.84 0 5.21 302.28
3678 10.53 95.33 404.66 3.91 303.01
3679 11.87 239.99 517.02 5.21 300.71
3680 13.29 397.22 608.44 4.51 301.95
3681 14.7 548.97 648.37 4.51 298.73
3682 16.02 676.29 625.32 4.21 302.23
3683 17.2 776.37 661.47 3.7 307.66
3684 18.18 835.57 645.71 4.21 308.49
3685 18.97 863.47 661.17 4.91 308.36
3686 19.52 842.57 702.51 5.51 308.42
3687 19.81 772.24 732.84 5.21 310.22
3688 19.84 662.85 760.29 3.91 311.75
3689 19.53 528.14 794.3 2.6 313.46
3690 18.84 362.63 745.29 3.1 316.27
3691 17.84 198.13 650.35 2.4 319.41
3692 16.65 59.35 381.69 2.4 316.17
3693 15.31 0 0 2.4 318.82
3694 13.97 0 0 1.2 316.52
3695 12.62 0 0 1 312.89
3696 11.28 0 0 0.4 308.61
3697 10.37 0 0 0.3 301.9
3698 9.34 0 0 0.3 301.9
3699 8.77 0 0 1.1 302.55
3700 8.19 0 0 0.8 298.86
3701 7.77 7.82 0 0.7 297.82
3702 9.88 122.08 581.65 1.1 303.97
3703 11.43 303.59 779.42 0.9 303.48
3704 13.04 497.16 901.66 0.8 303.91
3705 14.62 677.52 955.61 0.3 302.27
3706 16.07 828.72 983.01 0.6 303.19
3707 17.34 941.1 995.49 1.2 302.81
3708 18.38 1006.47 1003.99 1.6 301.4
3709 19.15 1014.27 1000.82 1.7 300.68
3710 19.63 967.25 987.51 1.4 302.08
3711 19.81 871.68 969.84 3.4 301.92
3712 19.7 733.22 941.86 3.1 303.46
3713 19.16 562.56 859.64 2.9 306.92
3714 18.24 375.66 783.93 3.1 307.29
3715 17.03 194.08 617.88 3.1 308.32
3716 15.66 51.94 291.07 2.9 305.84
3717 14.1 0 0 2.6 307.66
3718 12.54 0 0 2.2 306.07
3719 10.98 0 0 2.4 302.56
3720 9.42 0 0 3.4 296.55
3721 8.54 0 0 3.1 293.38
3722 7.58 0 0 2.2 292.09
3723 7.05 0 0 2.4 289.88
3724 6.52 0 0 1.7 286.17
3725 6.13 6.66 0 1.7 285.05
3726 7.57 91.42 338.62 1.4 291.13
3727 8.39 200.49 254.75 2.4 288.71
3728 9.98 449.14 715.06 1.2 279.99
3729 11.36 600.56 778.58 2.2 275.94
3730 12.39 672.57 575.49 1.9 280.27
3731 12.97 640.83 317.1 1.9 287.94
3732 13.4 663.15 274.04 1.9 289.51
3733 13.81 711.49 355.33 0.7 288.21
3734 14.07 695.26 365.94 1 288.54
3735 14.17 635.49 362.74 2.6 286.95
3736 13.91 470.21 207.43 2.4 290.88
3737 13.27 306.68 89.68 1.2 309.21
3738 12.38 179 23.68 3.4 325.58
3739 11.57 79.81 0 2.2 315.47
3740 10.68 30.58 26.35 1.7 300.45
3741 9.45 0 0 1.6 297.11
3742 8.23 0 0 0.6 291.89
3743 7.01 0 0 0.3 288.07
3744 5.79 0 0 1 283.47
3745 5.06 0 0 1.9 285.69
3746 4.23 0 0 4.21 282.22
3747 3.76 0 0 3.1 279.71
3748 3.29 0 0 2.4 277.12
3749 2.94 7.97 0 1 270.77
3750 4.85 107.1 502.97 0.6 275.89
3751 6.28 271.08 731.69 0.6 275.97
3752 7.82 450.67 841.55 1 274.41
3753 9.32 618.7 888.23 2.2 272.55
3754 10.72 761.74 904.67 2.6 273.62
3755 11.94 868.02 906.16 3.1 272.81
3756 12.95 928.05 899.47 3.4 276.9
3757 13.72 943.12 898.41 1.7 279.3
3758 14.22 911.62 902.65 2.2 277.16
3759 14.45 831.97 902.73 2.9 275.22
3760 14.41 707.18 886.7 1.9 273.99
3761 13.97 549.7 851.12 1.1 273
3762 13.15 375.79 780.82 0.5 276.62
3763 12.04 200.05 612.65 1.1 281.68
3764 10.75 58.41 265.13 1.2 287.53
3765 9.46 0 0 1.1 293.17
3766 8.16 0 0 0.9 286.65
3767 6.87 0 0 0.5 283.12
3768 5.57 0 0 0.9 282.39
3769 4.89 0 0 2.9 278.45
3770 4.09 0 0 2.2 275.32
3771 3.63 0 0 3.91 275.19
3772 3.17 0 0 3.91 274.07
3773 2.83 8.53 0 1.9 276.04
3774 4.29 90.8 317.13 1 278.89
3775 5.47 240.17 501.21 0.6 277.85
3776 6.7 398.5 602.46 0.9 276.53
3777 7.96 560.53 690.8 0.9 270.91
3778 9.12 689.14 673.82 2.2 274.54
3779 10.16 796.65 671.87 1.2 274.82
3780 10.9 808.97 542.34 3.7 274.38
3781 11.42 805.12 550.35 1.9 275.76
3782 11.68 742.22 460.8 4.31 274.65
3783 11.77 688.39 498.3 5.51 275.65
3784 11.6 560 409.17 4.31 279.03
3785 11.07 415.07 345.16 5.21 281.14
3786 10.33 287.99 351.26 4.51 283.95
3787 9.37 145.42 160.44 5.71 290.36
3788 8.33 44.59 169.19 8.01 294.77
3789 7.28 0 0 8.01 293.06
3790 6.23 0 0 8.81 290.27
3791 5.19 0 0 7.61 289.51
3792 4.14 0 0 7.31 286.02
3793 3.74 0 0 6.71 281.93
3794 3.21 0 0 6.31 277.42
3795 2.88 0 0 6.01 277.91
3796 2.54 0 0 4.91 276.61
3797 2.28 8.44 0 3.91 274.26
3798 4.17 109.96 515.04 1.9 279.94
3799 5.55 274.78 741.78 1.7 278.67
3800 7.03 455.41 850.72 2.9 279.97
3801 8.48 625.28 900.5 1.4 272.66
3802 9.83 769.23 918.28 2.6 273.76
3803 11.01 876.18 920.92 3.91 272.27
3804 12 943.48 929.4 6.01 269.29
3805 12.74 959.94 930.82 6.31 268.91
3806 13.22 926.89 930.43 7.61 269.37
3807 13.43 847.75 930.18 8.01 270.58
3808 13.37 722.5 915.11 7.31 269.13
3809 12.93 566.78 887.69 6.71 271.52
3810 12.11 389.08 816.34 7.31 275.97
3811 11 210.79 675.88 6.71 281.84
3812 9.7 64.32 372.3 5.51 286.64
3813 8.8 0 0 6.71 288.3
3814 7.9 0 0 6.71 283.86
3815 7 0 0 6.31 286.46
3816 6.1 0 0 4.71 284.03
3817 5.94 0 0 3.1 285.76
3818 5.71 0 0 3.4 283.67
3819 5.56 0 0 2.2 282.2
3820 5.4 0 0 1.6 282.42
3821 5.27 11.34 0 1.2 282.74
3822 7.68 120.88 514.09 0.9 288.19
3823 9.3 286.47 758.53 1.1 286.24
3824 11.31 507.83 903.19 0.5 282.35
3825 13.27 701.03 906.62 1.6 279.91
3826 14.65 760.22 742.2 2.2 283.91
3827 14.24 378.53 94.4 1.4 306.89
3828 15.93 1060.04 857.11 1.7 280.09
3829 17.22 1078.47 1014.8 3.1 283.71
3830 18.12 1041.8 929.09 2.4 285.04
3831 18.28 773.88 646.57 1.7 295.83
3832 18.36 756.64 868.44 1.7 289.49
3833 18.17 639.24 893.22 1.9 288.86
3834 17.29 378.8 731.58 3.1 296.62
3835 16.18 239.15 698.13 3.1 291.62
3836 14.8 63.52 391.75 3.1 300.84
3837 13.56 0 0 3.4 303.49
3838 12.31 0 0 3.4 301.47
3839 11.07 0 0 1.6 297.44
3840 9.83 0 0 1 298.02
3841 9.03 0 0 0.7 294.17
3842 8.1 0 0 0.6 292.27
3843 7.58 0 0 0.8 294.46
3844 7.06 0 0 0.8 290.76
3845 6.67 9.12 0 0.7 292.11
3846 8.3 95.38 312.96 0.7 296.05
3847 9.54 244.05 516.84 1.7 295.43
3848 10.86 405.74 632.23 2.4 299.46
3849 12.19 563.71 699.01 2.4 294.51
3850 13.44 700.63 693.56 1.6 296.57
3851 14.45 773.31 641.41 1 302.12
3852 15.31 834.93 631.5 1.4 303.36
3853 15.97 859.22 633.14 2.6 304.69
3854 16.39 823.14 647.19 3.91 308.84
3855 16.54 741.59 642.91 3.4 310.7
3856 16.46 628.1 601.03 3.7 312.99
3857 16.04 492.33 608.41 2.2 315.96
3858 15.28 330.61 530.1 1.6 315.34
3859 14.26 172.22 395.88 1.7 315.06
3860 13.1 51.61 244.66 1.2 319.04
3861 12.29 0 0 1.1 322.3
3862 11.48 0 0 1 320.21
3863 10.66 0 0 1.4 320.18
3864 9.85 0 0 1 318.12
3865 9.72 0 0 2.6 315.67
3866 9.58 0 0 2.4 315.61
3867 9.5 0 0 2.9 314.45
3868 9.43 0 0 3.1 317.57
3869 9.37 4.78 0 4.31 320.97
3870 10.35 57.91 29.63 2.6 323.53
3871 11.11 147.74 52.81 1.7 323.76
3872 11.86 237.73 58.81 0.8 323.03
3873 12.72 350.93 108.92 1.2 319.87
3874 13.49 426.45 96.34 1.6 321.95
3875 12.83 400.76 31.86 1.1 335.43
3876 14.02 497.84 88.67 2.2 335.56
3877 14.61 430.34 38.64 1.4 339.67
3878 14.77 348.28 18.48 2.2 344.36
3879 14.43 208.82 1.87 1.2 349.11
3880 13.97 209.97 2.69 1.4 344.56
3881 13.42 117.29 0 2.6 349.05
3882 13.19 82.27 0 2.6 344.94
3883 12.66 18.59 0 2.9 347.91
3884 12.14 5.82 0 2.9 345.46
3885 11.76 0 0 3.4 341.33
3886 11.32 0 0 3.91 336.9
3887 10.8 0 0 3.1 332.04
3888 10.44 0 0 1.4 331.19
3889 10.07 0 0 0.9 329.36
3890 9.57 0 0 0.4 325.84
3891 9.48 0 0 0.6 322.72
3892 9.11 0 0 0.7 324.23
3893 8.25 5.67 0 0.4 318.23
3894 10.55 68.48 101.81 0.3 321.44
3895 10.6 77.7 0 0.6 330.27
3896 10.07 36.24 0 0.6 337.57
3897 10.37 50.17 0 0.3 334.31
3898 10.73 147.6 0.05 0.4 330.86
3899 11.04 166.72 0.76 0.2 332.57
3900 11.42 222.35 2.35 0.1 332.39
3901 11.92 306.11 29.75 0.1 331.07
3902 13.14 667.72 271.11 0.3 318.34
3903 14.19 703.56 484.36 0.5 302.89
3904 14.46 391.82 95.68 0.7 308.79
3905 14.62 358.03 181.7 1.6 303.04
3906 14.72 327.64 413.79 1.9 298.37
3907 14.63 236.97 611.93 3.1 294.36
3908 14.17 74 392.19 3.4 304.4
3909 13.09 1.04 0 2.4 304.61
3910 12.02 0 0 2.6 304.17
3911 10.94 0 0 4.31 301.23
3912 9.87 0 0 2.4 297.69
3913 8.82 0 0 1.6 296.88
3914 7.72 0 0 1 293.27
3915 7.14 0 0 1.2 289.92
3916 6.57 0 0 1.7 286.42
3917 6.16 9.05 0 1.4 285.58
3918 7.64 116.24 560.96 0.7 289.1
3919 8.71 286.08 768.15 0.3 285.98
3920 9.97 501.61 901.6 0.2 279.36
3921 11.4 751.55 937.1 0.5 272.09
3922 12.59 885.06 978.95 0.7 273.93
3923 13.6 992.01 852.38 1.6 277.09
3924 13.73 688.43 283.2 1.4 289.47
3925 12.81 415.06 47.93 0.8 315.11
3926 12.51 381.84 24.74 2.2 328.86
3927 11.78 211.09 8.3 2.6 321.8
3928 11.46 395.88 104.67 2.4 294.12
3929 10.83 199.66 9.52 2.9 297.97
3930 10.16 128.51 0 4.21 296.16
3931 9.36 19.55 0 2.9 318.56
3932 8.74 18.01 0 2.4 320.5
3933 7.84 0.46 0 1.9 302.95
3934 6.94 0 0 1.9 301.53
3935 6.04 0 0 2.9 295.63
3936 5.14 0 0 2.9 291.67
3937 4.54 0 0 2.6 287.92
3938 3.76 0 0 0.4 286.07
3939 3.27 0 0 0.5 283.74
3940 2.78 0 0 0.4 281.45
3941 2.39 9.61 0 0.2 278.37
3942 3.77 102.75 435.37 0.2 279.5
3943 4.75 256.82 637.97 0.2 277.99
3944 5.83 428.06 756.42 0.3 276.05
3945 6.85 582.12 767.67 0.6 272.74
3946 7.81 717.42 768.25 0.9 274.8
3947 8.61 808.76 722.66 1.6 275.11
3948 9.24 857.41 674.08 1.9 276.42
3949 9.69 871.06 664.93 2.9 275.24
3950 9.94 836.1 654.24 1.9 271.78
3951 9.99 762.5 664.63 0.9 273.08
3952 9.83 643.62 637.15 0.6 272.65
3953 9.38 503.32 635.15 1.4 275.7
3954 8.66 348.92 575.74 2.2 279.05
3955 7.73 188.25 476.34 3.4 283.5
3956 6.66 58.37 271.65 2.6 284.7
3957 5.58 0.98 0 1.7 280.97
3958 4.49 0 0 1.7 277.15
3959 3.4 0 0 1 272.62
3960 2.32 0 0 1 268.14
3961 2.28 0 0 0.6 270.89
3962 2.07 0 0 2.6 272.27
3963 1.87 0 0 3.91 269.78
3964 1.68 0 0 4.51 266.99
3965 1.49 9.52 0 3.1 264.2
3966 3.04 106.81 452.22 3.4 266.51
3967 4.04 252.75 621.22 4.91 268.53
3968 5.11 409.87 667.35 6.01 271.5
3969 6.09 543.23 631.37 5.71 268.07
3970 7.05 677.85 618.83 5.21 266.31
3971 7.88 774.02 641.41 5.21 268.68
3972 8.56 830.83 616.32 5.51 269.52
3973 9.07 853.06 676.73 4.21 268.76
3974 9.35 812.71 609.26 6.71 268.72
3975 9.43 741.1 630.36 6.71 270.45
3976 9.29 626.35 582.8 7.61 271.59
3977 8.87 497.95 610.84 6.71 273.39
3978 8.18 352.3 624.5 8.81 273.65
3979 7.26 202.67 555.1 8.41 275.52
3980 6.2 66.41 271.46 7.61 275.59
3981 5.75 1.09 0 7.01 275.79
3982 5.31 0 0 8.81 278.93
3983 4.86 0 0 6.01 279.19
3984 4.42 0 0 6.01 281.68
3985 4.97 0 0 6.01 287.8
3986 5.59 0 0 4.51 291.79
3987 5.93 0 0 3.91 292.37
3988 6.26 0 0 4.31 295.05
3989 6.51 6.32 0 1.7 291.21
3990 7.58 46.88 0 1.4 298.63
3991 8.07 109.12 5.37 1.9 311.07
3992 8.41 82.63 0 2.6 318.88
3993 8.9 159.9 0.2 1.9 305.31
3994 9.92 320.03 26.33 3.1 296.06
3995 10.95 432.82 43.1 4.21 307.91
3996 11.79 480.48 45.3 3.7 321.08
3997 12.56 437.65 40.84 4.71 327.88
3998 13.13 462.02 43.86 4.51 313.97
3999 13.28 337.85 37.22 4.91 332.71
4000 12.29 66.75 0 5.21 347.83
4001 12.34 194.75 12.71 5.21 333.41
4002 11.97 64.74 0 5.71 340.08
4003 11.54 57.83 0 8.41 334.41
4004 9.79 15.22 0 6.31 333.79
4005 10.25 0.75 0 6.71 329.85
4006 10.48 0 0 6.31 324.45
4007 10.17 0 0 7.31 319.1
4008 10 0 0 6.31 317.53
4009 9.4 0 0 2.6 310.73
4010 8.72 0 0 3.1 303.54
4011 8.33 0 0 3.7 298.02
4012 7.94 0 0 4.51 292.58
4013 7.65 12.19 0 2.9 287.71
4014 10.36 139.11 342.91 3.7 298.44
4015 10.99 210.79 288.44 2.2 310.28
4016 11.4 249.95 102.5 1.1 319.19
4017 12.98 532.41 512.16 0.8 312.83
4018 13.63 468.39 152.4 1 311.66
4019 13.89 423.96 45.5 0.6 303.8
4020 14.25 505.5 93.74 1.9 315.89
4021 14.96 668.78 340.87 4.31 295.9
4022 15.99 900.86 740.79 5.21 284.97
4023 16.39 701.63 497.17 3.7 292.42
4024 17.05 889.22 788.64 3.7 278.7
4025 17.11 607.3 932.04 4.21 288.1
4026 16.94 495.28 868 2.9 283.34
4027 16.19 255.2 733.44 1.9 291.3
4028 15.17 93.53 478.74 1.4 294.2
4029 14.01 1.89 0 1.7 296.73
4030 12.86 0 0 1.7 300.85
4031 11.71 0 0 1.4 300.35
4032 10.55 0 0 1.9 298.59
4033 9.92 0 0 1.9 294.78
4034 9.24 0 0 1.1 296.6
4035 8.88 0 0 0.5 297.56
4036 8.52 0 0 1.4 295.07
4037 8.27 8.05 0 2.9 298
4038 10.04 124.66 579.55 1.9 304
4039 11.34 308.63 781.14 1.4 298.76
4040 12.49 462.13 730.53 2.6 299.25
4041 12.99 444.66 305.97 2.6 303.4
4042 13.02 361.66 43.33 1.9 315.14
4043 12.92 314.76 15.74 1.7 314.7
4044 13.32 548.22 130.1 1.9 304.4
4045 13.78 642.68 248.87 1.6 304.33
4046 14.01 569.39 177.09 0.9 307.51
4047 13.11 69.86 0 1.2 330.79
4048 12.31 107.75 0 2.4 339.79
4049 12.26 292.09 99.13 1.2 309.86
4050 11.69 115.56 0 2.4 332.62
4051 11.17 18.55 0 1.4 327.19
4052 10.69 50.85 81.52 2.2 302.18
4053 9.72 1.85 0 3.91 312.03
4054 8.56 0 0 1.9 308.41
4055 7.17 0 0 4.91 300.75
4056 6.87 0 0 8.81 296.12
4057 6.19 0 0 8.01 295.4
4058 5.39 0 0 10.91 292.17
4059 4.95 0 0 10.21 290.6
4060 4.51 0 0 9.41 289.84
4061 4.19 4.91 0 8.01 287.9
4062 5.45 77.74 111 5.71 290.27
4063 6.58 219.15 328.87 5.71 285.8
4064 6.76 193.49 31.49 3.7 299.36
4065 6.67 166.84 1.39 3.4 305.08
4066 6.22 62.49 0 4.21 310.85
4067 6.93 408.63 67.01 2.9 290.45
4068 7.76 559.09 140.86 1.6 287.22
4069 8.75 738.81 366.17 2.2 280.4
4070 8.01 376.15 39.63 4.21 307.91
4071 8.73 372.65 25.85 2.9 308.02
4072 8.54 291.4 22.06 2.9 309.12
4073 8.76 407.52 297.5 4.21 297.41
4074 8.01 158.33 16.37 4.21 310.83
4075 7.76 118.59 62.09 3.1 303.27
4076 7.22 32.94 0 1.6 306.29
4077 6.65 0.92 0 2.4 301.77
4078 6.07 0 0 2.4 301.3
4079 5.5 0 0 2.2 299.04
4080 4.93 0 0 2.9 292.67
4081 4.82 0 0 1.4 290.06
4082 4.63 0 0 2.9 287.8
4083 4.49 0 0 2.2 285.75
4084 4.35 0 0 2.9 283.42
4085 4.23 9.25 0 0.6 285.34
4086 6.06 93.45 293.7 0.7 286.47
4087 7.38 230.59 486.13 0.5 283.7
4088 8.87 392.33 604.64 1.2 282.72
4089 10.36 546.17 630.32 1.6 278.53
4090 11.74 675.01 613.93 2.6 281.44
4091 12.97 771.56 636.38 1.4 279.21
4092 13.94 813.35 573.52 1.7 288.27
4093 14.73 846.04 653.3 2.4 285.76
4094 15.25 808.9 595.17 1.6 290.21
4095 15.5 741.58 624.55 1.7 294.02
4096 15.49 632.17 590.14 3.4 297.73
4097 15.12 496.48 591.28 3.7 302.56
4098 14.4 353.4 608.73 3.4 304.33
4099 13.37 189.83 462.38 2.6 308.04
4100 12.18 64.64 305.29 3.4 314.06
4101 11.83 1.6 0 1.6 316.11
4102 11.49 0 0 2.2 324.58
4103 11.14 0 0 0.8 326.55
4104 10.8 0 0 0.5 326.13
4105 10.94 0 0 0.3 323.66
4106 11 0 0 0.6 333.06
4107 10.92 0 0 1.1 338.7
4108 11.1 0 0 0.8 343.8
4109 11.06 1.63 0 0.6 344.67
4110 10.78 15.65 0 0.6 347.57
4111 9.72 44.75 0 1.6 339.99
4112 11.87 67.23 0 3.1 351.18
4113 12.19 92.63 0 3.4 352.72
4114 12.25 109.86 0 2.6 353.18
4115 12.64 133.33 0 2.6 354.97
4116 12.7 142.12 0.14 2.9 355.3
4117 12.72 158.75 1.18 2.4 355.66
4118 12.7 157.35 0.42 0.9 355.38
4119 12.93 136.87 0 1.4 357.23
4120 12.79 110.34 0 2.4 357.07
4121 13.02 85.71 0 1 357.77
4122 12.84 57.28 0 3.7 357.41
4123 12.53 30.94 0 4.51 356.47
4124 12.36 10.9 0 4.31 356.12
4125 13.21 0.38 0 6.01 359.22
4126 13.69 0 0 4.71 361.79
4127 13.85 0 0 4.31 361.61
4128 15.17 0 0 3.7 367.32
4129 15.99 0 0 2.9 370.22
4130 16.21 0 0 3.4 368.96
4131 16.42 0 0 2.9 367.67
4132 16.56 0 0 4.51 366.28
4133 16.6 4.46 0 6.01 359.3
4134 17.85 62.51 45.57 5.21 362.18
4135 18.18 143.32 56.77 4.31 363.9
4136 18.07 245.96 69.92 2.2 360.7
4137 20 304.89 53.2 1.2 365.62
4138 19.92 256.72 11.67 1.1 373.03
4139 20.92 375.28 24.94 1.6 369.59
4140 21.54 368.16 18.13 1.4 372.55
4141 21.58 276.45 3.63 1.4 378.19
4142 21.43 229.21 1.94 2.2 380.22
4143 21.44 243.24 2.67 1.2 378.25
4144 21.1 128.53 0 1.2 383.76
4145 20.68 55.03 0 0.9 387.48
4146 20.36 94.72 0 0.8 380.32
4147 20.03 80.78 0 1.4 375.55
4148 19.66 22.76 0 1.6 379.55
4149 19.01 0.81 0 1.2 375.38
4150 18.37 0 0 1 368.69
4151 17.72 0 0 1.6 362.08
4152 17.07 0 0 1.1 355.54
4153 15.84 0 0 0.6 345.79
4154 14.43 0 0 0.3 337.46
4155 13.64 0 0 1 332.78
4156 12.84 0 0 1.2 328.95
4157 12.25 8.74 0 0.5 325.55
4158 14.17 112.55 515.1 1 328.29
4159 15.57 282.05 756.32 1.4 323.33
4160 17.1 472.09 880.66 1.4 320.16
4161 18.62 651.72 940.24 1.9 317.48
4162 20.02 803.8 965.92 2.6 317.36
4163 21.25 917.54 975.78 3.7 318.58
4164 22.26 986.46 983.58 3.1 319.89
4165 23.02 1006.83 986.82 5.51 319.6
4166 23.5 971.55 980.44 5.21 317.33
4167 23.69 891.14 972.87 3.7 317.42
4168 23.61 765.48 958.6 3.7 326.18
4169 23.13 603.16 921.61 5.51 326.44
4170 22.25 418.62 845.68 6.31 331.53
4171 21.05 232.62 708.01 5.21 333.76
4172 19.65 76.74 440.71 4.91 343.32
4173 18.28 1.71 0 2.9 339.99
4174 16.91 0 0 3.7 341.25
4175 15.55 0 0 4.21 337.92
4176 14.18 0 0 3.91 333.09
4177 13.82 0 0 4.51 331.67
4178 13.45 0 0 4.91 325.28
4179 13.26 0 0 7.31 324.28
4180 13.06 0 0 5.71 321.63
4181 12.93 8.13 0 6.01 320.42
4182 14.8 121.47 479.39 5.21 327.04
4183 15.9 265.3 679.9 5.21 334.16
4184 17.27 461.8 836.38 7.01 330.19
4185 18.95 720.41 948.71 9.81 318.93
4186 20.4 865.14 981.12 12.32 321.51
4187 21.58 948.5 806.49 10.21 322.88
4188 21.07 434.35 63.13 12.32 354.36
4189 20.76 454.74 47.18 9.41 351.84
4190 20.71 525.86 117.26 8.01 346.85
4191 20.4 418.78 42.96 4.51 350.81
4192 19.84 296.49 23.4 3.7 354.85
4193 18.54 145.07 0 2.9 374.09
4194 18.15 76.97 0 1.4 374.77
4195 17.4 33.01 0 2.4 373.2
4196 16.55 6.36 0 1.9 371.41
4197 16.07 0.62 0 2.2 365.28
4198 15.43 0 0 3.7 359.11
4199 14.79 0 0 3.4 354.8
4200 14.15 0 0 1.7 350.14
4201 13.6 0 0 1.4 346.09
4202 12.99 0 0 1.1 340.37
4203 12.66 0 0 2.4 336.74
4204 12.32 0 0 0.8 331.94
4205 12.08 7.73 0 0.3 328.62
4206 13.79 101.83 260.03 0.9 333.11
4207 14.5 189.94 247.44 2.6 335.81
4208 15.83 384.97 511.17 2.2 329.98
4209 17.49 620.78 770.98 3.1 318.77
4210 18.63 666.11 561.9 1.6 323.1
4211 19.25 629.83 287.39 2.6 328.02
4212 20.19 833.56 581.61 1.2 324.52
4213 20.84 816.13 552.2 0.9 323.98
4214 21.04 663.8 294.72 1.1 330.48
4215 20.76 472.74 112.1 1.7 341.03
4216 20.51 468.42 171.69 2.6 337.84
4217 19.92 320.04 99.76 3.1 343.65
4218 19.11 189.06 33.47 3.1 349.85
4219 18.15 82.6 0 4.51 368.07
4220 17.09 18.29 0 1.9 369.1
4221 16.27 0.89 0 0.8 361.72
4222 15.29 0 0 2.2 353.53
4223 14.32 0 0 1 346.7
4224 13.34 0 0 0.7 343.69
4225 12.72 0 0 0.7 341.72
4226 11.94 0 0 0.3 335.84
4227 11.53 0 0 0.6 332.1
4228 11.1 0 0 1.2 327.29
4229 10.76 4 0 0.8 323.1
4230 12.56 96.46 230.07 2.4 328.46
4231 13.16 169.36 163.48 1.9 333.09
4232 14.67 379.25 486.32 1.6 323.16
4233 16.37 582.03 644.48 2.4 315.71
4234 16.62 400.34 87.54 1.4 338.57
4235 17.06 496.17 121.88 1.7 335.45
4236 17.18 467.94 49.77 1.6 351.81
4237 17.79 635.54 244.34 3.91 331.37
4238 18 552.34 142.87 3.4 329.57
4239 17.5 363.8 48.16 4.71 350.94
4240 17.84 525.86 260.9 4.71 325.95
4241 18.09 653.87 788.68 5.51 308.79
4242 17.99 455.12 855.04 4.91 311.85
4243 17.4 253.47 681.89 3.4 315.97
4244 16.49 84.36 410.23 4.51 325.38
4245 15.74 2.49 0 2.9 330.21
4246 14.99 0 0 3.4 332.48
4247 14.25 0 0 4.21 331.78
4248 13.5 0 0 3.4 331.41
4249 13.45 0 0 2.6 335.01
4250 13.46 0 0 4.91 339.59
4251 13.49 0 0 4.21 343.88
4252 13.53 0 0 2.9 342.59
4253 13.57 6.51 0 1.2 344.16
4254 14.66 51.35 78.63 1.4 348.73
4255 14.76 55.42 0 1.7 356.36
4256 14.99 78.12 0 3.7 356.05
4257 16.02 255.85 40.26 4.21 342.2
4258 16.17 133.1 0 4.91 354.5
4259 17.14 385.04 31.85 4.71 345.82
4260 17.71 348.59 17.76 4.91 361.46
4261 18.95 644.11 295.25 7.01 335.71
4262 20.3 823.1 586.03 6.31 324.78
4263 21.51 877.17 825.05 5.51 314.9
4264 22.12 666.41 632.47 5.51 321.31
4265 22.68 693.17 727.95 5.51 308.51
4266 21.6 210.04 79.51 6.01 353.59
4267 21.12 19.99 0 4.71 388.15
4268 20.48 9.85 0 3.91 387.36
4269 19.42 1.21 0 2.2 383.73
4270 18.2 0 0 2.9 376.33
4271 17.18 0 0 1.9 371.97
4272 16.05 0 0 3.1 363.72
4273 14.21 0 0 3.91 351.35
4274 12.91 0 0 3.7 340.85
4275 12.12 0 0 2.6 338.02
4276 11.32 0 0 2.2 339.19
4277 10.68 5.99 0 2.6 333.06
4278 11.46 58.01 37.23 2.9 334.94
4279 11.9 132.28 26.33 2.4 333.39
4280 12.56 251.42 101.8 1.4 332.51
4281 13.54 439.53 290.01 1.6 321.4
4282 14.3 511.78 209.17 1.7 321.37
4283 14.94 583.01 232.88 2.2 324.67
4284 15.77 769.6 481.87 2.9 319.44
4285 16.38 785.66 506.89 3.4 316.15
4286 16.58 636.75 251.41 4.31 319.64
4287 16.53 516.3 159.94 3.7 322.79
4288 16.25 404.66 95.7 3.91 326.44
4289 15.94 382.36 217.45 1.7 324.95
4290 15.36 232.85 107.63 1.9 330.99
4291 14.73 170.7 249.47 2.2 326.53
4292 13.93 35.26 19.49 1.9 337.36
4293 12.99 1.73 0 2.4 330.61
4294 12.05 0 0 1.7 327.86
4295 11.11 0 0 0.6 323.49
4296 10.16 0 0 0.4 317.61
4297 9.97 0 0 0.1 316.52
4298 9.69 0 0 0.4 317.81
4299 9.52 0 0 0.5 316.62
4300 9.35 0 0 0.2 314.03
4301 9.2 7.62 0 0.2 312.47
4302 11.17 100.75 432.73 0.2 314.56
4303 12.73 262.19 680.88 0.2 311.58
4304 14.42 443.77 813.87 0.2 312.74
4305 16.11 618.26 880.43 0.2 306.73
4306 17.69 764.23 916.62 0.3 303.86
4307 19.09 876.27 927.53 0.6 305.69
4308 20.26 941.37 926.61 0.8 307.88
4309 21.16 958.14 922.21 1.2 308.74
4310 21.78 929.17 922.79 0.5 307.76
4311 22.1 849.18 913.71 0.6 308.4
4312 22.12 725.34 893.97 0.4 307.26
4313 21.72 566.05 827.44 0.4 308.52
4314 20.9 387.34 751.07 1.1 311.85
4315 19.75 211.23 597.02 1.6 313.99
4316 18.41 67.51 337.67 0.9 318.02
4317 17.33 1.75 0 0.6 316.59
4318 16.24 0 0 1.7 322.18
4319 15.15 0 0 1.9 321.45
4320 14.07 0 0 3.1 319.01
4321 13.4 0 0 2.4 315.84
4322 12.66 0 0 2.6 318.96
4323 12.25 0 0 4.51 319.16
4324 11.83 0 0 3.91 320.55
4325 11.54 6.31 0 4.51 326.09
4326 12.65 70.85 154.65 3.7 330.93
4327 13.93 231.7 493.81 4.71 321.58
4328 15.5 444.91 716.11 4.91 314.05
4329 16.82 581.15 741.13 7.01 311.09
4330 18.34 806.4 880.83 6.01 303.81
4331 19.74 954.32 807.45 3.4 300.92
4332 19.73 542.81 139.32 2.9 327.4
4333 19.72 551.13 104.31 3.1 327.07
4334 19.39 461.06 43.36 4.71 344.85
4335 18.94 441.47 82.78 3.91 356.83
4336 18.83 410.55 103.54 3.4 341.08
4337 18.28 303.21 79.26 2.4 328.2
4338 17.56 189.44 24.78 1.9 328.06
4339 16.75 103.72 12.88 0.7 333.39
4340 15.91 38.47 16.68 0.3 332.04
4341 14.89 1.61 0 0.2 327.87
4342 13.87 0 0 0.2 324.84
4343 12.85 0 0 0.3 323.93
4344 11.83 0 0 1 323.17
4345 11.04 0 0 1.2 315.44
4346 10.37 0 0 1.1 313.43
4347 10 0 0 1.1 313.11
4348 9.63 0 0 0.7 310.34
4349 9.35 6.56 0 0.4 312.17
4350 10.92 79.73 226.08 0.6 314.29
4351 12.24 214.21 432.06 0.8 309.73
4352 13.74 374.79 552.42 1.4 306.01
4353 15.03 492.31 465.17 0.9 322.09
4354 16.38 628.31 525.18 1.6 309.76
4355 17.62 739 571.33 2.7 304.21
4356 18.61 784.06 528.25 4.81 305.1
4357 19.41 811.68 579.6 4.81 303.96
4358 19.97 791.84 559.49 4.11 304.12
4359 20.24 714.34 530.93 6.21 303.6
4360 20.1 591.79 483.31 5.21 319.81
4361 19.88 480.21 514.43 6.21 310.29
4362 19.2 335.28 469.42 3.5 309.04
4363 18.22 187.66 431.61 5.21 311.81
4364 17.09 67.64 248.76 4.11 315.63
4365 15.56 1.79 0 4.41 314.48
4366 14.03 0 0 3.5 314.14
4367 12.5 0 0 3.81 307.82
4368 10.97 0 0 4.41 302.32
4369 9.89 0 0 3.5 298.69
4370 8.64 0 0 2.2 294.24
4371 7.92 0 0 2.5 287.87
4372 7.21 0 0 2.3 287.07
4373 6.67 6.24 0 1.9 284.93
4374 8.67 106.8 548.9 1.9 290.48
4375 10.2 273.91 758.22 2.5 290.14
4376 11.84 458.27 876.33 2.5 291.32
4377 13.48 636.58 931.96 2.5 290.97
4378 15.02 788 957.19 2.7 294.17
4379 16.38 905.54 969.96 4.81 296.02
4380 17.52 979.5 980.71 6.81 295.64
4381 18.42 1014.27 995.26 4.81 297.64
4382 19.04 997.95 1000.04 3.5 294.54
4383 19.37 933.39 993.76 4.81 295.4
4384 19.41 824.67 975.58 4.11 294.5
4385 19.1 675.11 939.31 3.2 292.83
4386 18.29 477.66 876.53 3.5 298.58
4387 17.06 271.97 736.62 3 300.47
4388 15.56 92.94 507.34 1.9 305.28
4389 14.71 2.29 0 2.5 305.3
4390 13.85 0 0 3.5 311.21
4391 13 0 0 3.2 316.9
4392 12.14 0 0 2.7 321.17
4393 12.27 0 0 5.51 320.31
4394 12.4 0 0 2.3 327.94
4395 12.47 0 0 2.5 328.88
4396 12.39 0 0 2 336.51
4397 11.21 2.76 0 2.3 340.44
4398 13.3 34.52 0 2.7 352.62
4399 13.32 97.01 0 2.5 348.2
4400 14.24 141.83 0 3.2 348.74
4401 15.16 256.67 20.33 3.2 345.34
4402 16.23 345.08 29.01 2.7 349.13
4403 17.17 448.31 83.16 2.9 351.11
4404 17.8 429.02 29.94 2.5 357.5
4405 18.3 442.77 29.72 3.81 360.1
4406 18.56 385.16 25.4 4.81 350.23
4407 18.33 231.91 5.69 5.21 370.61
4408 17.88 134.6 0 5.51 372.81
4409 17.55 162.2 0.29 5.91 366.32
4410 16.87 144.46 3.76 4.81 362.72
4411 16.41 19.72 0 5.21 373.27
4412 16.07 6.93 0 4.81 368.46
4413 16.03 0.56 0 5.21 366.27
4414 15.88 0 0 4.81 367.64
4415 15.87 0 0 3.81 370.37
4416 15.69 0 0 2.7 364.22
4417 15.41 0 0 4.11 357.26
4418 15 0 0 5.21 352.26
4419 14.3 0 0 4.11 354.47
4420 15.04 0 0 2.7 352.62
4421 15.19 4.16 0 3.81 348.51
4422 16.55 67.24 149.65 3.5 352.89
4423 17.21 134.64 61.82 3.81 357.03
4424 18.03 242.07 74.11 6.51 356.46
4425 18.87 313.11 73.79 5.91 360.15
4426 19.94 472.31 155.56 3 346.64
4427 20.68 484.44 114.37 3.81 350.11
4428 20.92 433.98 37.97 3 365.15
4429 21.19 351.53 20.18 3.5 360.95
4430 21.28 379.02 24.09 3.81 368.76
4431 20.85 189.01 3.46 4.81 378.15
4432 20.55 185.51 3.05 3.2 367.12
4433 20.12 134.39 0 2.5 361.43
4434 19.76 138.01 1.09 2.7 354.72
4435 19.15 42.62 0 2.9 375.77
4436 18.71 7.69 0 3.2 382.61
4437 17.8 0.67 0 4.41 374.98
4438 16.89 0 0 3.5 366.23
4439 15.98 0 0 3.2 357.62
4440 15.07 0 0 4.41 349.12
4441 14.04 0 0 3.81 342.72
4442 12.87 0 0 2 338.83
4443 12.21 0 0 3.81 332.31
4444 11.56 0 0 3 327.7
4445 11.07 5.77 0 2 321.4
4446 12.83 96.42 473.35 1.9 320.92
4447 14.22 251.5 700.89 1.9 315.13
4448 15.71 421.77 791.52 1.7 312.56
4449 17.16 579.46 811.43 1.7 309.88
4450 18.5 713.58 800.67 1.1 311.13
4451 19.69 817.62 789.36 0.9 313.6
4452 20.68 884.12 788.68 2.5 316.24
4453 21.42 895.32 759.47 2.9 321.22
4454 21.91 870.21 770.35 4.41 321.34
4455 22.13 797.13 774.57 7.11 323.51
4456 22.07 683.83 774.18 8.31 325.1
4457 21.64 534.5 741.58 7.91 325.24
4458 20.84 374.24 701.02 6.51 328.91
4459 19.74 208.61 588.68 5.91 331.98
4460 18.45 68.59 346.64 4.41 334.74
4461 17.37 1.47 0 5.21 332.58
4462 16.29 0 0 5.91 337.32
4463 15.21 0 0 7.31 337.29
4464 14.13 0 0 5.21 332.11
4465 13.86 0 0 5.51 328.47
4466 13.51 0 0 4.81 328.6
4467 13.3 0 0 2.5 325.71
4468 13.08 0 0 1.9 322.54
4469 12.92 5.35 0 1.3 326.78
4470 14.94 96.54 441.43 1.2 327.46
4471 16.54 250.66 702.65 1.4 326.06
4472 18.22 415.57 772.91 1.5 331
4473 19.87 571.26 787.67 0.5 329.38
4474 21.37 696.27 744.66 0.4 330.09
4475 22.72 798.63 728.39 0.3 332.63
4476 23.84 858.22 704.66 0.9 339.55
4477 24.71 874.08 690.57 0.8 342.17
4478 25.3 848.08 697.69 1.1 339.77
4479 25.61 778.92 713.76 0.7 340.43
4480 25.62 661.79 697.03 0.6 340.75
4481 25.25 528.81 720.98 0.6 338.5
4482 24.48 372.42 694.39 0.2 336
4483 23.39 211.61 588.78 0.1 338.23
4484 22.08 71.47 291.46 0 337.81
4485 20.76 1.39 0 0.1 333.59
4486 19.44 0 0 0.2 331.77
4487 18.12 0 0 0.1 328.89
4488 16.8 0 0 0.3 323.64
4489 15.92 0 0 0.5 324.88
4490 14.92 0 0 0.3 326.49
4491 14.36 0 0 0.1 329.2
4492 13.8 0 0 0.6 326.13
4493 13.38 5 0 0.1 327.26
4494 14.94 84.41 358.14 0.3 332.41
4495 16.17 220.53 519.47 0.3 333.81
4496 17.55 377.94 612.03 0.6 336.82
4497 19.04 551.88 705.64 1.3 332.15
4498 20.32 659.92 628.38 0.9 332.16
4499 21.37 732.25 569.74 0.7 335.64
4500 22.25 787.66 542.7 0.8 338.66
4501 22.9 799.46 565.76 1.6 339.8
4502 23.28 754.71 502.24 1.3 340.98
4503 23.42 680.76 489.27 2.5 343.85
4504 23.36 597.94 496.52 1.7 342.34
4505 22.94 464.35 461.37 1.6 343.62
4506 22.27 347.5 570.72 2 341.28
4507 21.31 195.1 501.13 2.3 346.61
4508 20.17 68.5 273.12 3.2 351.24
4509 18.96 1.38 0 4.81 348.41
4510 17.75 0 0 3.81 349.7
4511 16.54 0 0 2.9 346.66
4512 15.33 0 0 2 343.63
4513 14.79 0 0 2.3 337.42
4514 14.23 0 0 2.3 331.28
4515 13.94 0 0 2.3 332.05
4516 13.65 0 0 2.5 329.1
4517 13.44 4.71 0 2 329.61
4518 15.44 108.12 555.67 3.2 334.27
4519 17.09 287.36 760.47 2.7 330.29
4520 18.83 481.86 890.08 0.8 331.69
4521 20.55 666.45 948.67 0.6 327.76
4522 22.16 822.64 978.81 0.7 328.58
4523 23.59 941.17 994.18 1.4 325.97
4524 24.78 1007.27 1002.78 2 326.69
4525 25.72 1027.26 1005.15 2.9 328.11
4526 26.36 991.11 997.96 2.9 327.4
4527 26.71 903.99 984.27 4.11 330.36
4528 26.76 770.37 963.46 5.91 330.65
4529 26.4 602.33 925.19 3.81 335.47
4530 25.63 413 817.2 5.21 335.16
4531 24.54 223.89 688.49 2.7 342.69
4532 23.26 68.79 384.03 1.6 351.93
4533 22.08 1.01 0 0.8 350.55
4534 20.9 0 0 1.6 352.41
4535 19.71 0 0 0.8 350.39
4536 18.53 0 0 1.1 353.26
4537 17.49 0 0 0.9 353.43
4538 16.4 0 0 0.9 352.71
4539 15.84 0 0 1.9 354.08
4540 15.27 0 0 3.81 352.15
4541 14.88 2.7 0 3.5 355.23
4542 15.76 47.57 47.02 3.2 357.49
4543 15.48 23.87 0 5.21 372.76
4544 15.46 40.59 0 7.11 369.97
4545 15.46 56.54 0 5.91 365.11
4546 15.47 70.2 0 5.51 366.94
4547 15.92 229.78 10.15 5.91 356.8
4548 16.54 455.19 79.43 5.91 351.93
4549 18.72 801.61 494.67 6.51 341.74
4550 20.06 849.29 613.26 3.81 329.1
4551 20.16 380.02 109.73 2.7 364.9
4552 20.85 690.29 672.28 2.3 330.64
4553 21.11 522.83 656.25 2.3 325.03
4554 21.14 399.14 753.18 2 325.53
4555 20.93 281.26 715.74 1.7 317.5
4556 20.32 93.24 475.34 2.9 323.04
4557 19.18 1.27 0 2 323.41
4558 18.05 0 0 1.4 325.11
4559 16.92 0 0 2 323.03
4560 15.79 0 0 1.7 319.54
4561 14.93 0 0 1.3 319.22
4562 14 0 0 1.3 316.52
4563 13.5 0 0 0.9 315.85
4564 13.01 0 0 1.1 310.88
4565 12.65 4.06 0 0.7 306.82
4566 14.46 114.69 516.53 1.6 312.9
4567 15.97 307.36 757.74 0.9 309.22
4568 17.62 526.85 880.46 0.6 305.75
4569 19.09 693.55 945.1 0.9 306.34
4570 20.24 781.86 960.35 1.3 311.84
4571 21.45 951.92 806.52 2.9 308.4
4572 20.42 320.07 24.7 2 342.72
4573 19.27 303.81 14.5 2 356.14
4574 19.28 425.33 37.26 2 334.52
4575 19.01 433.2 80.9 1.3 345.94
4576 19.01 498.57 242.4 1.9 323.86
4577 18.62 346.79 142.22 1.1 329.05
4578 18.01 220.68 71.79 1.2 332.53
4579 17.29 123.95 68.47 1.1 330.96
4580 16.5 41.39 44.76 0.7 335.14
4581 15.82 0.84 0 0.6 332.98
4582 15.13 0 0 0.5 335.32
4583 14.36 0 0 0.9 346.65
4584 13.76 0 0 0.9 348
4585 13.45 0 0 1.6 347.84
4586 13.01 0 0 1.6 343.85
4587 12.54 0 0 1.5 345.89
4588 12.94 0 0 0.7 349.86
4589 12.84 0.34 0 1.1 347.78
4590 13.06 7.85 0 1.1 353.87
4591 13.15 21.58 0 0.9 350.66
4592 13.4 36.89 0 1.7 351.79
4593 13.57 51.49 0 2.9 352.62
4594 15.3 498 230.43 3.81 333.51
4595 16.89 640.55 328.94 3.5 319.69
4596 19.12 1061.19 877.22 3.5 300.86
4597 20.92 1115.47 877.14 4.41 303.46
4598 21.35 621.74 259.04 4.11 331.86
4599 20.91 294.35 23.96 4.41 347.08
4600 20.67 334.73 64.14 6.51 344.18
4601 19.76 49.75 0 6.81 360.76
4602 19.12 104.92 0 6.21 352.76
4603 18.55 95.82 16.96 6.51 349.44
4604 17.9 13.79 0 8.81 360.38
4605 17.38 0.94 0 9.21 357.55
4606 16.85 0 0 9.71 354.73
4607 16.33 0 0 12.22 349.36
4608 15.8 0 0 10.92 347.85
4609 15.05 0 0 12.22 342.04
4610 14.22 0 0 10.11 333.57
4611 13.76 0 0 10.41 334.38
4612 13.31 0 0 9.21 333.11
4613 12.98 3.08 0 8.61 332.46
4614 14.42 92.91 530.91 8.31 333.46
4615 16.11 309.28 734.58 7.11 319.04
4616 17.22 418.88 632 8.81 329.46
4617 17.2 326.66 110.44 8.31 350.83
4618 17.33 300.23 17.6 7.61 352.05
4619 17.42 364.75 27.85 7.91 357.26
4620 18.02 573.73 167.88 5.51 340.18
4621 18.46 594.12 191.93 5.21 338.35
4622 18.6 494.49 95.4 5.51 341.11
4623 18.75 522.34 189.71 5.21 336.37
4624 17.9 207.84 14.74 3.5 365.33
4625 17.51 121.22 0 5.91 360.84
4626 16.89 105.9 0 7.11 357.76
4627 16.18 21.45 0 4.81 363.07
4628 15.47 7.57 0 4.41 365.7
4629 14.12 0.48 0 5.51 365.86
4630 14.25 0 0 5.91 368.71
4631 13.62 0 0 6.81 366
4632 12.89 0 0 7.91 360.66
4633 12.64 0 0 9.71 359.21
4634 12.65 0 0 7.91 360.25
4635 12.63 0 0 8.81 360.13
4636 12.57 0 0 7.31 358.82
4637 12.62 2.64 0 6.81 360.1
4638 12.86 8.46 0 6.51 360.59
4639 13.09 23.86 0 5.21 361.32
4640 13.33 41.18 0 4.11 360.06
4641 13.58 57.74 0 2.5 359.87
4642 13.81 71.96 0 2 359.17
4643 14.17 128.13 0 0.9 351.23
4644 16.16 745.28 396.15 1.1 320.32
4645 18.65 1147.79 849.71 1.1 305.36
4646 20.13 926.43 896.69 3 317.43
4647 21.26 892.09 832.89 4.41 317.16
4648 21.7 609.71 479.85 3 331.69
4649 20.66 169.33 5.17 3.81 371.4
4650 20.18 39.17 0 4.41 384.19
4651 19.5 21.9 0 5.21 383.39
4652 18.84 12.05 0 4.11 380.19
4653 17.95 0 0 4.11 373.35
4654 17.06 0 0 2 364.85
4655 16.18 0 0 1.7 356.48
4656 15.29 0 0 1.2 350.1
4657 13.95 0 0 1.5 344.07
4658 12.43 0 0 2 336.91
4659 11.58 0 0 2.3 329.12
4660 10.74 0 0 2.3 321.45
4661 10.12 1.73 0 1.3 316.38
4662 11.55 87.69 504.3 0.7 317.08
4663 12.91 254.26 743.29 1.4 311.48
4664 14.76 502.53 882.73 0.6 303.53
4665 16.52 702.82 783.18 0.7 297.24
4666 17.28 640.74 552.41 0.6 313.79
4667 17.6 598.59 280.46 1.3 325.61
4668 17.36 504.17 100.97 1.6 346.06
4669 17.6 579.25 159.38 0.4 331.07
4670 17.26 399.62 51.03 0.3 338.26
4671 17.43 663.82 401.19 0.1 320
4672 17.56 673.87 682.37 0.1 316.09
4673 17.59 642.31 786.53 0 309.53
4674 17.03 360.58 515.48 0.2 317.34
4675 15.98 132.06 131.46 0.3 344.38
4676 14.88 21.27 0 0.2 345.89
4677 13.64 0 0 0.1 344.41
4678 12.4 0 0 0.2 336.52
4679 11.16 0 0 0.1 329.98
4680 9.92 0 0 0.2 325.08
4681 9.66 0 0 0.3 321.32
4682 9.33 0 0 0.4 318.11
4683 9.14 0 0 0.6 314.3
4684 8.95 0 0 0.8 311.48
4685 8.8 2.21 0 0.5 308.91
4686 10.43 77.56 381.04 0.8 309.83
4687 11.95 222.67 626.12 0.4 310.39
4688 13.58 383.92 697.31 0.5 310.88
4689 15.21 538.99 718.64 0.5 308.08
4690 16.76 676.58 720.2 0.9 311.46
4691 18.16 780.1 704.24 0.7 310.73
4692 19.32 840.52 679.04 1.2 310.72
4693 20.21 853.24 651.58 0.9 312.44
4694 20.83 828.49 659.48 1.4 316.3
4695 21.17 760.92 678.24 1.2 317.15
4696 21.22 651 685.04 1.2 313.64
4697 20.88 510.18 669.64 1.3 313.41
4698 20.16 357.6 657.58 1.1 315.92
4699 19.11 198.99 555.75 0.7 316.26
4700 17.85 62.53 269.82 0.4 320.36
4701 16.33 0 0 0.9 324.64
4702 14.81 0 0 1.2 318.95
4703 13.29 0 0 1.6 315.28
4704 11.77 0 0 0.9 314.52
4705 10.58 0 0 1.5 309.66
4706 9.26 0 0 1.3 306.05
4707 8.53 0 0 0.7 302.92
4708 7.75 0 0 0.5 305.38
4709 7.27 1.77 0 0.6 305.79
4710 8.18 56.64 176.34 0.7 306.34
4711 9.15 170.74 287.13 1.2 303.58
4712 10.24 307.55 348.92 1.2 297.35
4713 11.16 400.88 246 1.2 295.1
4714 11.5 395.44 91.69 0.4 314.62
4715 12.37 538.72 189.32 0.6 304.86
4716 13.13 644.57 271.92 0.6 303.16
4717 14.08 816.07 533.18 1.4 298.89
4718 14.81 825.97 640.65 0.7 297.61
4719 15.28 779.81 699.64 0.9 297.34
4720 15.28 572.61 429.17 1.1 306.09
4721 15.08 474.99 547.19 1.2 304.22
4722 14.57 344.59 602.65 0.6 306.03
4723 13.74 182.08 459.25 0.6 312.07
4724 12.72 48.26 194.51 1.4 318.17
4725 11.96 0 0 1.3 320.39
4726 11.19 0 0 1.4 318.55
4727 10.43 0 0 1.1 316.58
4728 9.67 0 0 2.3 314.35
4729 9.64 0 0 3 310.8
4730 9.54 0 0 2.5 310.8
4731 9.46 0 0 3.81 308.58
4732 9.38 0 0 3 308.16
4733 9.31 1.82 0 2.7 310.25
4734 11.06 84.68 525.11 2.9 316.06
4735 12.82 254.59 743.16 3.2 311.48
4736 15.13 501.52 877.47 3 309.95
4737 16.74 593 818.9 3.81 315.48
4738 17.93 651.58 596.76 3.5 320.96
4739 18.43 574.83 245.58 3.81 331.07
4740 19.02 655.34 292.04 5.21 329.62
4741 19.25 582.72 166.18 4.11 328.4
4742 18.78 452.67 42.98 4.41 347.76
4743 18.77 442.49 91.8 4.11 358.38
4744 18.2 315.3 32.31 4.81 361.58
4745 17.88 371.53 213.5 7.31 337.49
4746 17.37 296.53 329.03 7.61 323.47
4747 16.64 190.92 543.49 4.81 318.65
4748 15.67 52.62 272.48 4.81 324.42
4749 14.77 0 0 3 327.15
4750 13.87 0 0 3.2 324.9
4751 12.97 0 0 3.5 324.51
4752 12.07 0 0 4.41 322.34
4753 11.53 0 0 5.21 324.04
4754 10.95 0 0 4.81 322.34
4755 10.65 0 0 3.2 326.68
4756 10.34 0 0 6.21 323.71
4757 10.13 0.78 0 4.11 325.6
4758 10.75 30.95 0 2.9 327.62
4759 11.47 101.22 9.08 2 323.97
4760 12.3 195 26.65 1.6 328
4761 13 244.2 18.53 2.2 333.46
4762 13.6 316.07 24.95 2.7 335.63
4763 14.25 354.93 22.87 3.5 339.56
4764 13.9 299.07 11.02 4.41 345.23
4765 14.69 368.86 20.94 3.81 346.33
4766 15.75 602.12 217.04 3.81 335.82
4767 16.28 545.13 213.07 5.21 324.56
4768 16.7 541.03 332.05 3.5 310.41
4769 16.96 490.11 600.38 2.9 306.24
4770 16.88 323.81 503.87 2.7 307.41
4771 16.43 177.89 410.3 3.2 310.09
4772 15.78 73.17 288.35 2 301.66
4773 14.37 0 0 1.9 301.56
4774 12.96 0 0 2.2 300.62
4775 11.55 0 0 2.2 297.73
4776 10.14 0 0 2.5 295.21
4777 8.91 0 0 2 294.98
4778 7.59 0 0 1.2 295.03
4779 6.89 0 0 1.3 299.84
4780 6.18 0 0 1.4 301.12
4781 5.68 0.78 0 1.7 300.51
4782 6.14 38.88 26.85 2.3 307.71
4783 6.64 132.54 80.69 2.5 304.77
4784 6.36 194.34 37.37 1.6 306.51
4785 7.87 334.74 127.65 0.8 300.57
4786 8.83 515.92 283.91 1.1 296.95
4787 8.75 332.99 35.63 0.8 310.34
4788 8.91 440.98 38.25 0.9 309.83
4789 9.51 521.02 107.4 0.6 306.71
4790 9.73 486.37 92.89 0.6 308.96
4791 10.16 650.25 374.07 0.6 287.91
4792 9.91 293.9 39.47 1.7 305.23
4793 9.46 186.16 5.27 2.2 306.53
4794 8.76 34.62 0 1.5 316.39
4795 8.22 72.17 0 2.3 306.23
4796 7.69 39.89 65.2 3.5 303.13
4797 6.89 0 0 4.11 303.13
4798 6.1 0 0 4.41 303.08
4799 5.3 0 0 3.5 300.11
4800 4.5 0 0 2.2 294.65
4801 4.23 0 0 1.7 295
4802 3.75 0 0 0.9 291.1
4803 3.42 0 0 0.8 287.97
4804 3.08 0 0 1.4 284.86
4805 2.8 0.91 0 0.9 282.02
4806 3.65 63.85 321.83 1.1 285.21
4807 4.62 206.11 574.01 0.3 284.36
4808 5.75 376.28 706.44 0.6 285.24
4809 6.88 537.99 751.26 0.5 281.54
4810 7.95 679.77 762.65 1.7 281.44
4811 8.88 784.35 746.24 2.2 283.65
4812 9.66 858.41 763.69 2.3 286.92
4813 10.26 888.49 790.95 4.11 286.45
4814 10.65 868.55 814.36 5.91 287.38
4815 10.8 792.66 808.57 4.81 288.23
4816 10.71 677.87 804.31 5.21 284.84
4817 10.31 525.56 766.14 6.81 285.24
4818 9.59 359.99 707.4 4.81 287.23
4819 8.61 190.88 559.6 2.7 293.14
4820 7.47 54.48 245.34 2.3 291.06
4821 6.69 0 0 3 294.04
4822 5.91 0 0 3.81 292.84
4823 5.13 0 0 4.81 289.58
4824 4.35 0 0 4.81 286.67
4825 4.66 0 0 2.9 288.97
4826 4.96 0 0 1.7 289.52
4827 5.11 0 0 1.6 292.4
4828 5.26 0 0 1.9 290.86
4829 5.35 0 0 1.7 288.35
4830 6.73 58.4 272.61 2.3 292.19
4831 8.19 183.23 425.37 3.81 291.81
4832 9.76 320.21 437.68 4.41 290.65
4833 11.41 467.3 462.93 5.91 291.39
4834 13.02 600.52 521.91 4.41 287.31
4835 14.39 674.14 459.37 3.2 288.82
4836 15.68 770.31 518.9 4.11 287.65
4837 16.66 773.43 513.68 6.21 292.72
4838 17.34 742.57 482.26 5.21 291.04
4839 17.65 650.49 411.41 3.5 307.75
4840 17.69 570.98 461.86 5.51 321.46
4841 17.6 484.41 595.41 3.2 305.72
4842 17.03 344.85 612.2 3.2 293.04
4843 16.09 184.2 480.32 3.2 298.18
4844 14.91 50.76 223.63 2.3 300.88
4845 13.57 0 0 1.4 304.38
4846 12.23 0 0 1.3 303.03
4847 10.89 0 0 0.5 299.3
4848 9.55 0 0 0.6 297.46
4849 8.26 0 0 0.6 292.93
4850 6.78 0 0 0.4 291.68
4851 5.93 0 0 0.6 288.52
4852 5.09 0 0 0.7 286.62
4853 4.47 0 0 0.3 286.42
4854 5.39 67.2 364.65 0.5 288.41
4855 6.42 214.42 631.15 1.1 287.33
4856 7.58 384.37 761.51 1.9 286.13
4857 8.74 547.07 800.04 3.5 281.28
4858 9.85 693.75 822.96 3.2 283.62
4859 10.83 805.34 827.61 3 284.71
4860 11.65 876.38 832 4.81 284.58
4861 12.25 894.22 819.2 4.11 285.62
4862 12.61 862.98 806.33 4.41 288.06
4863 12.74 788.93 806.64 4.11 288.04
4864 12.63 674.57 804.14 3.2 288.5
4865 12.22 527.52 786.32 2.9 290.7
4866 11.47 361.05 729.2 3.81 294.23
4867 10.46 193.51 607.61 2.3 296.02
4868 9.3 53.77 262.24 4.11 296.43
4869 8.19 0 0 3.81 295.14
4870 7.08 0 0 4.11 291.28
4871 5.98 0 0 3.5 287.9
4872 4.87 0 0 7.11 285.51
4873 4.87 0 0 6.21 281.8
4874 4.84 0 0 6.51 284.57
4875 4.81 0 0 7.91 287.05
4876 4.78 0 0 7.91 288.78
4877 4.75 0 0 6.81 289.99
4878 6.05 59.95 249.91 6.21 295.32
4879 7.5 193.34 527.8 2.9 295.21
4880 9.11 346.65 556.34 2.2 293.65
4881 10.78 506.25 642.38 2 286.47
4882 12.33 631.24 604.31 2.5 287.87
4883 13.76 742.75 659.59 2.7 288.52
4884 14.98 805.21 633.97 2.3 289.41
4885 15.92 819.62 610.49 2.3 293.06
4886 16.55 783.32 590.33 2.9 297.45
4887 16.87 701.17 575.57 4.41 297.95
4888 16.91 592.18 529.63 4.41 299.59
4889 16.57 464.27 513.86 4.11 298.95
4890 15.87 325.84 554.74 4.41 302.65
4891 14.84 166.96 423.19 7.61 307.28
4892 13.62 40.35 152.16 7.41 300.97
4893 12.39 0 0 5.51 301.47
4894 11.15 0 0 4.11 299.18
4895 9.92 0 0 2.2 298.92
4896 8.69 0 0 2.3 295.41
4897 7.64 0 0 2 293.62
4898 6.47 0 0 2 290.85
4899 5.83 0 0 2.3 287.88
4900 5.18 0 0 1.6 286.14
4901 4.71 0 0 1.6 287.05
4902 5.72 58.21 247.3 1.7 288.01
4903 6.93 196.35 537.03 2.3 284.06
4904 8.28 356.24 621.58 2.7 285.48
4905 9.65 514.35 689.78 0.9 281.6
4906 10.93 644.44 652.22 1.1 281.91
4907 12.08 749.46 652.45 0.9 284.59
4908 13 798.3 619.67 0.8 287.36
4909 13.69 811.45 594.19 1.2 289.03
4910 14.16 791.61 615.49 1.2 287.06
4911 14.42 740.42 653.67 1.7 286.29
4912 14.4 625.58 633.17 1.5 287.61
4913 14.05 486.94 614.02 1.2 288.49
4914 13.33 325.88 533.98 2 292
4915 12.34 172.24 432.14 1.6 293.59
4916 11.18 40.84 165.21 1.5 286.55
4917 10.01 0 0 2 291.22
4918 8.85 0 0 2.5 292.78
4919 7.68 0 0 1.5 291.92
4920 6.51 0 0 2.2 288.78
4921 6.02 0 0 1.5 287.59
4922 5.45 0 0 0.3 283.86
4923 5.12 0 0 0.4 283.47
4924 4.8 0 0 0.2 283.56
4925 4.57 0 0 0.1 280.26
4926 5.57 51.87 276.34 0.1 284.89
4927 6.94 190.23 527.69 0.2 276.11
4928 8.52 360.49 679.03 0.6 273.08
4929 10.12 522.37 730.32 1.4 273.77
4930 11.63 661.51 731.66 1.6 276.5
4931 12.95 758.14 687.1 1.4 275.8
4932 14 804.48 642.57 1.1 277.65
4933 14.81 815.92 610.19 1.3 279.66
4934 15.36 790.86 618.37 1.7 280.97
4935 15.65 724.37 644.46 2 284.02
4936 15.66 611.67 595.89 2.3 285.93
4937 15.3 475.55 576.51 3.2 287
4938 14.58 324.06 534.6 4.11 288.18
4939 13.55 166.21 402.52 3.81 290.31
4940 12.35 38.31 157.65 3.5 289.85
4941 11.12 0 0 5.21 289.49
4942 9.89 0 0 5.21 291.3
4943 8.66 0 0 3.2 288.93
4944 7.44 0 0 2.9 284.62
4945 6.61 0 0 3 283.25
4946 5.67 0 0 2.9 282.34
4947 5.14 0 0 4.41 280.62
4948 4.61 0 0 4.41 280.37
4949 4.22 0 0 3.5 281.81
4950 5.07 49.17 190.36 4.81 285.68
4951 6.14 170.72 360.15 2.9 291.81
4952 7.39 316.92 441.23 2.5 289.41
4953 8.7 470.03 532.47 4.11 285.83
4954 9.86 576.59 458.72 4.41 289.45
4955 10.94 679.94 519.67 3 288.37
4956 11.89 758.38 514.35 3.2 285.69
4957 12.56 752.44 468.83 2.7 291.42
4958 13.11 775.83 556.82 3.81 294.39
4959 13.4 711.73 614.56 4.11 297.35
4960 13.4 593.36 563.04 5.51 299.17
4961 13.04 446.81 457.09 4.81 302.51
4962 12.36 306.03 456.11 3.5 305.1
4963 11.4 160.3 374.35 2.2 303.32
4964 10.29 37.5 138.03 0.6 304.97
4965 9.94 0 0 0.3 307.27
4966 9.59 0 0 0.3 307.59
4967 9.24 0 0 0.3 307.1
4968 8.84 0 0 0.6 311.28
4969 9.16 0 0 0.4 311.36
4970 9.42 0 0 0.3 313.37
4971 9.69 0 0 0.8 321.08
4972 9.86 0 0 0.4 327.51
4973 8.86 0 0 0.9 327.11
4974 10.46 27.27 5.15 0.8 337.5
4975 10.36 59.59 0 0.3 338.66
4976 11.43 111.28 0 0.6 343.49
4977 12.8 241.9 24.34 0.6 335.01
4978 13.57 254.04 10.34 0.9 339.19
4979 13.82 264.61 10.73 0.6 345.28
4980 13.67 62.76 0 1.1 353.86
4981 13.71 146.74 0.99 1.2 350.23
4982 13.99 347.94 20.06 1.9 342.65
4983 14.59 233.53 5.78 2 348.32
4984 14.87 280.64 21.97 1.5 344.48
4985 15.05 259.5 38.8 1.6 342.56
4986 14.67 135.14 3.77 1.6 348.57
4987 14.56 85.06 8.49 1.9 344.8
4988 14.02 20.03 0 1.4 344.16
4989 13.58 0 0 1.3 345.97
4990 13.02 0 0 1.6 343.3
4991 11.96 0 0 1.5 341.63
4992 10 0 0 2.2 331.52
4993 11.42 0 0 2.2 338.82
4994 10.74 0 0 1.2 333.33
4995 10.49 0 0 1.2 333.98
4996 10.17 0 0 2.2 332.22
4997 9.95 0 0 2.9 331.02
4998 10.39 26.76 4.01 1.9 333.57
4999 10.84 85.85 3.26 1.3 335.31
5000 11.47 164.01 13.81 1.4 336.95
5001 12.33 298.82 66.93 1.7 327.14
5002 13.14 396.87 99.3 1.5 327.12
5003 13.7 382.61 33.47 1.4 328.08
5004 14.09 427.45 36.49 1.7 335.78
5005 14.78 545.7 139.28 2 322.54
5006 14.04 424.59 36.4 3.2 338.6
5007 14.72 385.88 42.32 3 342.83
5008 14.88 334.52 46.89 2.3 343.81
5009 14.54 152.46 0 1.9 348.96
5010 13.96 34.13 0 2.5 354.91
5011 13.5 19.41 0 2.2 352.35
5012 12.99 10.71 0 1.7 346.27
5013 11.88 0 0 1.6 339.04
5014 10.76 0 0 1.6 334.78
5015 9.65 0 0 2.3 328.73
5016 8.54 0 0 2.5 320.03
5017 7.57 0 0 3.2 311.77
5018 6.48 0 0 3.5 303
5019 5.87 0 0 3.5 296.98
5020 5.27 0 0 4.81 291.05
5021 4.82 0 0 3.81 287.52
5022 5.55 42.83 204.21 2.3 286.35
5023 7.01 203.95 653.52 1.5 287.59
5024 8.62 387.98 811.47 1.4 287.76
5025 10.25 567.74 885.52 0.7 283.43
5026 11.8 724.92 932.03 1.3 283.61
5027 13.17 840.75 942.2 2.2 285.86
5028 14.31 912.62 944.61 1.7 287.75
5029 15.19 932.52 940.91 1.9 289.7
5030 15.78 902.89 936.65 2 290.41
5031 16.08 822.41 927.31 2 288.78
5032 16.07 694.24 899.81 1.5 289.99
5033 15.65 534.54 850.42 2.2 288.46
5034 14.83 354.7 764 1.6 288.38
5035 13.67 174.67 577.91 1.7 290.9
5036 12.34 32.07 104.8 2 288.81
5037 11.35 0 0 1.5 294.65
5038 10.35 0 0 1.1 295.63
5039 9.36 0 0 0.9 291.02
5040 8.37 0 0 0.3 289.76
5041 8.04 0 0 0.4 288.78
5042 7.65 0 0 0.4 286.93
5043 7.42 0 0 1.1 289.94
5044 7.19 0 0 2.5 288.88
5045 7.01 0 0 2.7 291.63
5046 7.83 41.53 193.15 2.3 296.42
5047 9.21 178.15 516.33 2.3 300.01
5048 10.81 345.2 656.12 3.5 301.62
5049 12.45 509.05 721.55 3 299.1
5050 13.98 644.08 706.85 2.3 301.63
5051 15.35 748.38 688.17 2.5 303.67
5052 16.45 794.24 642.01 2.9 309.07
5053 17.34 826.28 643.35 2.3 309.35
5054 17.96 804.35 659.64 3.2 308.93
5055 18.31 737.42 682.9 3.5 309.38
5056 18.35 619.35 654.34 2.5 310.14
5057 18.02 481.61 643.67 2.5 311.54
5058 17.29 320.16 574.7 2.3 316.11
5059 16.23 157.52 456.06 3.81 317.13
5060 15 32.25 124.84 4.11 315.06
5061 14.2 0 0 5.51 319.74
5062 13.39 0 0 6.51 319.86
5063 12.59 0 0 5.51 318.28
5064 11.79 0 0 5.91 315.32
5065 11.36 0 0 5.91 310.03
5066 10.9 0 0 6.21 306.36
5067 10.65 0 0 7.11 305.63
5068 10.4 0 0 4.41 304.02
5069 10.22 0 0 2.7 309.09
5070 10.89 39.6 133.64 2.2 311.64
5071 12.45 221.31 625.25 1.5 316.79
5072 14.02 403.82 822.83 2 314.93
5073 15.55 578.89 904.74 2.2 309.83
5074 17.08 755.46 967.34 3 309.72
5075 18.37 853.38 782.89 2.7 312.09
5076 17.73 332.32 29.85 3 342.75
5077 17.38 370.76 19.07 2.5 337.96
5078 17.18 393.24 26.42 2.2 337.15
5079 16.95 388.54 36.74 2.2 348.72
5080 16.63 313.74 27.16 2.2 339.75
5081 16.07 252.69 27.69 3.81 348.57
5082 15.26 188.51 57.26 4.11 346.1
5083 14.96 92.08 22.79 6.51 344.65
5084 14.22 17.89 0 3.81 341.79
5085 13.74 0 0 3 341.29
5086 13.25 0 0 1.6 340.31
5087 12.77 0 0 2.2 338.92
5088 12.28 0 0 1.6 336.7
5089 11.83 0 0 1.41 324.3
5090 11.8 0 0 2.61 337.6
5091 11.7 0 0 2.01 338.18
5092 11.55 0 0 2.21 335.54
5093 10.87 0 0 2.41 335.48
5094 11.57 17.01 0 1.2 340.5
5095 10.77 37.3 0 1.41 339.56
5096 12.42 74.14 0 1.91 345.19
5097 13.11 108.81 0 1 345.71
5098 13.61 163.99 0.5 1.41 346.58
5099 13.77 82.9 0 0.9 353.96
5100 13.8 84.84 0 1.2 354.4
5101 14.88 400.52 30.58 0.7 343.15
5102 15.58 419.38 41.4 0.5 345.41
5103 16.75 537.55 231.2 0.6 326.56
5104 17.65 569.54 455 0.7 308.23
5105 18.44 587.97 719.68 1.3 297.55
5106 18.46 299.67 458.11 0.6 324.79
5107 18.28 155.4 476.39 0.2 315.04
5108 17.73 42.72 215.93 0.5 315.52
5109 16.25 0 0 0.3 318.14
5110 14.78 0 0 0 313.78
5111 13.3 0 0 0.2 310.16
5112 11.82 0 0 0.2 300.9
5113 10 0 0 0.2 294.67
5114 7.96 0 0 0.6 290.3
5115 6.83 0 0 0.8 287.54
5116 5.69 0 0 0.7 284.39
5117 4.87 0 0 0.5 283.24
5118 5.28 35.47 137.71 0.5 284.29
5119 6.37 181.82 590.13 0.5 288.49
5120 7.61 352.26 729.88 1.2 284.38
5121 8.85 513.53 767.66 1.91 285.32
5122 10.03 660.96 792.11 1.41 287.89
5123 11.06 768.4 780.13 1.71 285.23
5124 11.92 838.64 779.85 1.71 288.55
5125 12.55 858.85 772.75 1.71 289.59
5126 12.94 833.7 780.65 2.41 291.7
5127 13.08 763.69 797.65 3.21 290.12
5128 12.98 653.28 811.92 5.02 293.72
5129 12.55 505.2 795.52 5.02 294.8
5130 11.74 333.86 717.72 8.33 294.08
5131 10.65 163.43 554.77 7.73 296.31
5132 9.4 27.35 65.52 5.02 294.99
5133 8.33 0 0 3.81 295.33
5134 7.26 0 0 4.52 294.14
5135 6.2 0 0 3.01 291.13
5136 5.13 0 0 2.01 288.02
5137 5.31 0 0 1.91 289.17
5138 5.47 0 0 1.2 290.02
5139 5.53 0 0 1.51 290.4
5140 5.59 0 0 0.4 290.77
5141 5.62 0 0 0.2 290.99
5142 6.49 35.39 157.08 0.6 293.58
5143 8.17 169.9 472.4 0.3 294.45
5144 10.07 330.18 600.84 1.2 293.28
5145 12.02 490.04 682.27 1.71 294.15
5146 13.87 628 681.82 2.01 296.2
5147 15.55 733.89 669.24 2.81 296.24
5148 16.91 781.73 631.87 3.21 300.65
5149 17.97 794.93 605.48 2.41 305.43
5150 18.74 777.42 635.06 2.81 306.8
5151 19.15 699.13 629.47 3.51 310.45
5152 19.25 599.58 621.99 3.01 311.31
5153 18.91 462.89 608.87 1 310.7
5154 18.12 312.13 587.37 1.2 311.94
5155 16.94 149.01 419.29 2.01 317.82
5156 15.55 26.75 71.64 1.71 316.09
5157 14.69 0 0 1.71 319.53
5158 13.82 0 0 2.01 316.42
5159 12.95 0 0 2.01 313.03
5160 12.09 0 0 2.41 310.09
5161 11.38 0 0 2.61 306.71
5162 10.56 0 0 2.01 307.87
5163 10.09 0 0 2.41 307.94
5164 9.63 0 0 3.01 305.62
5165 9.28 0 0 3.21 309.52
5166 9.95 34.59 154.69 2.01 311.17
5167 11.32 166.56 470.13 1.3 312.99
5168 12.42 262.99 252.5 0.8 321.31
5169 14.12 478.51 578.18 0.7 312.21
5170 15.74 621.73 582.25 0.7 315.02
5171 15.5 276.15 21.48 1.51 341.64
5172 15.68 442.22 44.98 2.01 344.61
5173 16.06 451.98 41.61 2.01 332.99
5174 16.28 488.04 110.09 3.51 343.47
5175 16.72 584.24 305.77 2.41 325.58
5176 16.99 570.38 534.74 2.61 319.19
5177 16.91 410.72 427.05 4.52 322.89
5178 16.46 282.68 414.87 3.51 322.3
5179 15.56 101.72 121.36 3.21 334.1
5180 14.57 19.43 0 2.41 332.63
5181 13.96 0 0 2.41 331.7
5182 13.34 0 0 3.21 332
5183 12.73 0 0 2.81 332.82
5184 12.12 0 0 3.51 333.23
5185 12.12 0 0 5.62 334.33
5186 12.2 0 0 5.62 336.54
5187 12.29 0 0 6.42 333.52
5188 12.38 0 0 7.03 334.24
5189 12.46 0 0 8.33 333.79
5190 12.9 12.88 0 5.32 334.41
5191 12.99 16.57 0 4.52 349.33
5192 13.21 32.61 0 3.21 351.81
5193 12.65 48.25 0 4.22 351.2
5194 13.64 61.76 0 3.81 353.93
5195 13.97 72.04 0 1.71 355.8
5196 14.32 78.39 0 2.21 357.8
5197 15.9 494.39 111.44 2.21 343.47
5198 16.35 324.77 29.33 2.61 358
5199 17.98 574.24 277.53 2.81 346.9
5200 19.45 731.98 808.81 3.51 321.46
5201 20.25 539.31 905.59 2.61 313.75
5202 20.71 425.51 836.02 2.41 303.74
5203 20.61 207.02 650.4 1.51 306.36
5204 20 32.19 135.88 2.21 307.67
5205 18.7 0 0 2.41 312.51
5206 17.4 0 0 2.01 313.05
5207 16.1 0 0 4.02 309.11
5208 14.8 0 0 4.52 310.59
5209 13.01 0 0 4.52 310.27
5210 11.11 0 0 3.21 310.8
5211 10.12 0 0 4.52 310.55
5212 9.12 0 0 4.22 311.55
5213 8.42 0 0 4.82 311.28
5214 8.63 19.84 0 4.02 310.05
5215 8.98 76.48 7.58 3.01 312.53
5216 8.8 32.65 0 3.81 323.13
5217 8.65 48.35 0 3.21 325.43
5218 8.53 61.91 0 1.2 324.64
5219 9.26 307.57 31.32 1.71 314.87
5220 10.38 622.18 313.46 1.2 295.58
5221 10.77 427.01 70.01 0.6 318.59
5222 11.42 598.87 278.32 0.8 298.26
5223 11.02 331.53 43.6 0.9 322.21
5224 11.85 596.44 565.62 0.8 291.45
5225 12.23 642 756.34 1.2 274.68
5226 12.15 333.24 528.82 1.91 286.63
5227 11.51 40.98 0 2.01 315.82
5228 10.87 6.17 0 3.01 315.64
5229 9.64 0 0 2.01 315.2
5230 8.41 0 0 3.01 309.87
5231 7.18 0 0 4.22 303.42
5232 5.95 0 0 5.02 296.15
5233 5.3 0 0 4.02 294.68
5234 4.58 0 0 4.22 293.77
5235 4.19 0 0 4.02 291.2
5236 3.79 0 0 2.41 286.03
5237 3.5 0 0 1.91 284.16
5238 4.09 28.64 90.36 2.01 282.63
5239 5.07 120.83 196.36 1.2 286.51
5240 5.67 161.88 27.19 0.9 296.31
5241 6.63 284.21 66.82 2.61 290.26
5242 7.86 431.75 161.5 2.21 288.72
5243 9.03 530.27 218.54 3.81 289.81
5244 10.1 608.64 259.57 5.62 289.84
5245 11.02 655.17 304.67 5.92 291.43
5246 11.94 742 531.52 4.32 289.05
5247 12.74 776.03 777.32 2.61 280.67
5248 13.42 791.18 907.27 3.81 276.6
5249 13.58 587.43 927.62 2.61 279.79
5250 13.18 368.43 830.01 3.51 285.28
5251 12.37 206.72 639.55 3.21 283.11
5252 11.2 29.57 123.27 2.21 282.61
5253 10.51 0 0 0.8 290.57
5254 9.81 0 0 1.41 293.19
5255 9.11 0 0 2.01 292.42
5256 8.41 0 0 2.61 293.6
5257 8.12 0 0 3.81 301.72
5258 7.81 0 0 3.51 306.58
5259 7.73 0 0 1.71 311.7
5260 7.2 0 0 2.01 314.34
5261 7.46 0 0 4.32 315.39
5262 7.49 4.53 0 3.51 318.14
5263 7.75 17.34 0 3.01 323.58
5264 7.75 34.23 0 5.02 327.03
5265 8.05 50.53 0 4.52 329.64
5266 7.57 64.57 0 5.62 327.15
5267 7.07 171.96 2.06 5.92 319.23
5268 8.6 81.86 0 6.42 329.4
5269 9.86 307.64 13.99 5.62 319.78
5270 10.85 405.66 39.6 2.81 319.44
5271 11.98 558.23 322.19 2.61 314.59
5272 12.95 581.01 573.17 2.61 312.95
5273 13.52 473.23 640.96 1.71 314.95
5274 13.85 387.18 749.48 3.21 309.64
5275 13.77 209.17 634.3 3.51 298.77
5276 13.18 26.94 132.47 1.91 297.17
5277 12.77 0 0 2.21 298.43
5278 12.36 0 0 0.9 298.14
5279 11.96 0 0 0.9 301.02
5280 11.55 0 0 0.7 299.44
5281 11.05 0 0 1.51 298.88
5282 10.48 0 0 0.9 297.47
5283 10.16 0 0 2.61 298.06
5284 9.85 0 0 3.01 295.86
5285 9.61 0 0 2.41 299.92
5286 10.12 26.4 62.22 2.21 302
5287 11.9 197.3 670.05 3.01 310.38
5288 13.98 409.29 845.01 2.41 313.65
5289 15.92 582.71 931.58 2.81 309.62
5290 18.16 837.14 934.59 2.61 304.96
5291 20.13 976.44 764.75 4.52 304.12
5292 19.9 473.76 110.59 7.03 334.91
5293 19.81 494.29 104.38 5.32 334.17
5294 19.86 526.32 159.91 6.42 331.97
5295 19.83 512.79 183.45 6.42 328.08
5296 19.54 434.86 190.85 5.92 324.24
5297 18.82 282.45 81.28 6.42 327.08
5298 17.9 177.5 64.51 5.92 326.32
5299 16.85 76.91 36.25 5.92 327.39
5300 15.77 12.15 0 7.03 323.38
5301 14.31 0 0 4.82 322.49
5302 12.86 0 0 7.03 316.11
5303 11.41 0 0 5.32 305.84
5304 9.96 0 0 5.62 299.32
5305 8.86 0 0 7.73 299.87
5306 7.64 0 0 5.62 297.16
5307 6.97 0 0 5.02 292.71
5308 6.3 0 0 7.03 289.52
5309 5.81 0 0 5.02 284.74
5310 6.24 24.92 49.86 3.51 284.13
5311 7.99 196.44 664.02 3.51 287.31
5312 9.91 392.46 841.61 2.81 289.9
5313 11.86 583.16 931.49 3.51 284.49
5314 13.69 747.26 970.63 2.81 284.36
5315 15.31 867.33 990.15 2.81 285.67
5316 16.65 938.84 996.69 3.01 284.7
5317 17.69 959.23 998.2 2.81 285.66
5318 18.38 925.29 992.97 4.02 285.37
5319 18.72 838.14 982.03 2.81 286.61
5320 18.72 704.32 958.93 3.81 288.64
5321 18.24 536.41 916.23 2.81 293.26
5322 17.28 347.8 819.04 4.02 299.39
5323 15.94 158.46 638.23 2.41 305.71
5324 14.41 15.1 0 1.91 304.11
5325 13.09 0 0 2.01 308.22
5326 11.77 0 0 1.41 302.2
5327 10.45 0 0 1.2 299.93
5328 9.13 0 0 1.71 296.69
5329 8.48 0 0 2.01 294.48
5330 7.74 0 0 1.3 293.38
5331 7.33 0 0 2.21 291.88
5332 6.92 0 0 2.21 290.83
5333 6.63 0 0 1.41 289.19
5334 7.07 22.99 39.44 1.71 287.4
5335 8.9 189.53 663.03 1.91 291.59
5336 10.95 383.13 838.57 1.51 290.87
5337 13.01 572.16 929.21 1.71 287.35
5338 14.96 733.43 967.81 1.41 288.72
5339 16.71 857.2 987.58 1 287.05
5340 18.18 932 994.9 2.61 288.72
5341 19.32 954.24 996.97 2.21 290.36
5342 20.11 921.43 992.6 1.41 291.25
5343 20.53 838.04 983.56 1.91 290.29
5344 20.59 709.46 962.71 2.21 285.59
5345 20.17 542.68 919.85 2.81 291.24
5346 19.24 355.3 820.2 2.41 295.61
5347 17.89 164.06 631.86 1.51 297.57
5348 16.33 14.74 0 4.52 298.01
5349 15.03 0 0 4.32 302.65
5350 13.74 0 0 4.22 301.17
5351 12.45 0 0 2.81 296.58
5352 11.16 0 0 2.61 290.45
5353 10.33 0 0 1.51 288.84
5354 9.4 0 0 2.01 289.64
5355 8.88 0 0 1.91 289.16
5356 8.35 0 0 1.2 286.08
5357 7.97 0 0 1.41 290.47
5358 8.37 22.69 34.18 2.41 293.09
5359 10.2 196.83 650.36 1.51 298.15
5360 12.26 401.39 839.14 2.21 298.41
5361 14.33 599.02 930.17 3.21 295.86
5362 16.29 768.63 969.28 4.22 300.55
5363 18.03 895.01 991.5 3.21 302.95
5364 19.48 968.94 1002.42 3.51 307.79
5365 20.59 987.04 1005.99 4.32 308.78
5366 21.32 946.62 1001.42 5.32 307.81
5367 21.68 850.54 988.86 4.32 310.31
5368 21.65 704.03 961.61 4.52 311.7
5369 21.09 524 911.26 4.22 312.12
5370 20.02 326.04 779.83 2.81 317.56
5371 18.58 137.86 571.78 3.81 322.59
5372 17 10.96 0 1.2 319.47
5373 16.11 0 0 1 319.87
5374 15.22 0 0 1.2 317.24
5375 14.34 0 0 0.6 318.52
5376 13.45 0 0 1.3 317.09
5377 13.17 0 0 0.9 312.95
5378 12.85 0 0 0.6 312.08
5379 12.67 0 0 0.9 312.28
5380 12.49 0 0 1.2 311.24
5381 12.35 0 0 1.71 316.44
5382 12.49 9.02 0 2.81 318.81
5383 13.67 130.7 349.29 2.61 325.15
5384 14.73 236.32 250.87 2.01 326.86
5385 17.07 600.64 775.31 1 308.09
5386 19.22 790.88 608.72 0.4 307.65
5387 18.69 208.51 16.75 0.2 350.39
5388 18.92 423.74 48.87 0.2 343.14
5389 19.3 511.72 130.66 0.4 342.36
5390 18.95 284.29 21.15 1.51 353.95
5391 19.01 382.9 52.64 1.71 349.15
5392 18.68 265.05 23.29 2.01 352.95
5393 17.9 89.47 0 2.01 359.36
5394 17.07 27.24 0 1.91 362.93
5395 16.31 12.01 0 1.51 360.03
5396 15.55 3.84 0 1.3 364.88
5397 15.51 0 0 1.2 363.94
5398 15.3 0 0 0.7 364.34
5399 14.87 0 0 1 363.81
5400 15.28 0 0 0.5 363.29
5401 14.42 0 0 1.41 363.46
5402 15.05 0 0 2.21 361.44
5403 15.29 0 0 1.71 363.94
5404 14.37 0 0 2.61 359.17
5405 13.98 0 0 1.91 355.52
5406 15.57 14.27 0 1.91 363.11
5407 16.89 76.62 17.63 1.3 366.08
5408 17.77 149.76 17.19 0.9 365.3
5409 18.99 261.77 39.46 1.2 364.38
5410 19.76 331.95 45.88 1 365.52
5411 20.6 410.36 75.77 0.6 365.24
5412 21.67 496.87 131.91 0.5 363.91
5413 22.36 403.74 32.09 0.2 371.42
5414 22.77 389.91 37.04 0.2 372.25
5415 22.45 198.11 5.91 0.1 382.63
5416 22.18 201.45 4.68 0.7 379.57
5417 21.86 121.63 0 1.41 382.74
5418 21.46 122.6 12.05 3.81 376.01
5419 20.9 14.01 0 2.81 389.4
5420 20.38 4.98 0 0.9 385.49
5421 19.54 0 0 1.71 381.01
5422 18.69 0 0 1.51 375.58
5423 17.84 0 0 1 367.72
5424 16.99 0 0 0.7 359.96
5425 14.49 0 0 0.6 342.87
5426 11.77 0 0 0.8 330.1
5427 10.3 0 0 0.9 324.04
5428 8.83 0 0 1.2 313.35
5429 7.77 0 0 0.4 305.12
5430 7.86 18.04 0 0.4 305.01
5431 8.7 144.87 542.49 0.7 306.87
5432 9.75 309.07 676.91 0.6 305.65
5433 10.85 471.48 734.45 1.2 303.25
5434 11.87 607.12 718.2 0.5 304.94
5435 12.78 713.45 703.83 0.6 304.96
5436 13.51 774.39 674.91 0.4 304.55
5437 14.03 789.82 656.1 0.5 305.12
5438 14.34 762.9 663.34 0.6 305.43
5439 14.41 681.44 632.52 1.71 306.21
5440 14.28 581.82 700.71 3.01 306.07
5441 13.84 438.3 692.5 2.81 304.87
5442 13.09 282.9 669.33 5.32 303.67
5443 12.09 120.45 500.29 2.61 309.64
5444 10.87 9.82 0 1.2 306.12
5445 9.65 0 0 1 304.03
5446 8.42 0 0 1 296.3
5447 7.2 0 0 0.7 292.61
5448 5.97 0 0 0.3 289.86
5449 5.97 0 0 0.3 287.55
5450 5.95 0 0 0.4 287.18
5451 5.93 0 0 0.7 288.02
5452 5.92 0 0 1.2 289.33
5453 5.91 0 0 0.7 288.56
5454 6.38 23.27 62.15 2.01 291.07
5455 7.81 160.32 640.3 3.51 298.16
5456 9.77 374.38 829.42 3.81 299.42
5457 11.88 590.1 926.61 3.21 293.49
5458 14.02 800.75 850.75 5.02 294.3
5459 15.23 738.97 748.79 6.42 305.15
5460 16.48 870.21 825.87 8.93 306.61
5461 16.97 700.11 445.52 7.73 315.37
5462 17.42 728.37 561.71 5.02 312.05
5463 17.24 506.89 223.73 5.32 318.04
5464 16.25 246.86 29.16 6.42 329.3
5465 15.07 125.8 0 4.82 336.51
5466 13.94 79.86 0 4.22 336.18
5467 12.79 11.12 0 2.81 346.31
5468 12.6 2.26 0 3.01 344.17
5469 12.4 0 0 4.02 345.45
5470 12.2 0 0 3.51 345.24
5471 12.01 0 0 3.81 339.9
5472 11.81 0 0 4.02 336.99
5473 11.67 0 0 3.21 329.61
5474 11.59 0 0 4.52 326.44
5475 11.58 0 0 6.42 321.47
5476 11.57 0 0 5.32 323.39
5477 11.58 0 0 5.62 318.49
5478 12.05 22.56 52.7 5.62 318.65
5479 13.45 169.35 638.1 6.42 317.76
5480 15.23 378.06 827.96 5.32 309.86
5481 17.1 586.7 925.86 8.93 311.19
5482 18.91 767.96 963.4 8.93 315.42
5483 20.55 905.68 982.3 8.93 317.08
5484 21.96 989.94 991.27 6.42 317.02
5485 23.09 1015.43 805.09 7.73 321.46
5486 22.94 543.32 359.46 7.03 344.64
5487 21.69 178.1 7.3 7.03 366.74
5488 20.35 58.52 0 6.42 370.39
5489 19.2 43.8 0 7.73 369.93
5490 18.41 118.01 11.74 7.03 350.51
5491 17.5 11.05 0 5.32 360.14
5492 17.08 0.83 0 3.01 355.47
5493 16.65 0 0 4.02 359.46
5494 16.22 0 0 2.61 356.38
5495 15.79 0 0 2.21 351.93
5496 15.37 0 0 1.2 349.73
5497 14.61 0 0 0.7 343.7
5498 13.78 0 0 1.3 341.13
5499 13.31 0 0 1.41 335.52
5500 12.85 0 0 2.21 328.15
5501 12.52 0 0 2.21 328.05
5502 12.77 15.05 0 4.22 326.02
5503 14.09 139.21 553.72 4.82 325.29
5504 15.82 317.74 760.76 4.52 325.77
5505 17.66 498.36 851.74 6.42 322.28
5506 19.44 653.29 896.62 8.33 323.78
5507 21.03 768.84 905.32 13.65 327.26
5508 22.37 841.29 909.64 7.73 327.92
5509 23.4 854.35 890.48 6.42 330.95
5510 24.09 821.14 883.46 3.81 332.62
5511 24.44 740.59 878.23 3.21 333.49
5512 24.46 615.83 860.73 2.81 338.53
5513 24.01 455.58 810.98 3.81 339.49
5514 23.08 277.01 693.65 2.81 342.08
5515 21.81 107.43 464.57 2.81 348.16
5516 20.58 6.72 0 3.81 343.62
5517 19.34 0 0 4.02 345.58
5518 18.1 0 0 5.02 342.18
5519 16.87 0 0 3.81 337.47
5520 15.63 0 0 4.82 336.47
5521 14.88 0 0 6.42 334.43
5522 14.02 0 0 9.84 330.92
5523 13.54 0 0 9.84 331.27
5524 13.05 0 0 5.62 328.35
5525 12.7 0 0 5.02 327.16
5526 12.89 13.71 0 4.82 325.79
5527 14.13 138.58 539.51 4.22 328.08
5528 15.79 322.07 769.69 3.81 326.86
5529 17.75 539.82 873.79 2.21 319.23
5530 19.73 737.87 968.5 3.81 318.32
5531 21.23 795.28 777.05 3.21 326.03
5532 21.3 484.41 140.83 2.01 347.74
5533 21.32 478.14 106.53 4.02 349.4
5534 21.39 513.72 166.82 3.21 344.03
5535 21.29 448.67 129.24 4.32 345.74
5536 21.15 437.71 268.14 3.51 340.98
5537 20.79 363.86 407.7 4.32 334.08
5538 20.06 217.36 367.58 5.32 338.21
5539 19.11 99.32 304.07 6.42 338.07
5540 18.14 6.01 0 3.51 332.67
5541 17.17 0 0 2.81 334.9
5542 16.2 0 0 3.51 333.07
5543 15.23 0 0 3.51 329.23
5544 14.26 0 0 5.32 328.4
5545 13.88 0 0 4.02 330.12
5546 13.45 0 0 3.21 327.85
5547 13.21 0 0 3.21 327.27
5548 12.96 0 0 1.51 327.11
5549 12.78 0 0 1.91 323.36
5550 13.01 12.56 0 3.01 324.07
5551 14.42 140.97 535.21 3.01 325.44
5552 16.11 305.42 730.08 2.21 327.34
5553 17.9 477.2 800.94 1.41 324.63
5554 19.82 665.76 845.47 1.41 326.89
5555 21.43 755.28 736.09 2.01 326.87
5556 21.82 532.01 208.17 2.61 342.54
5557 22.25 581.15 235.48 2.81 342.53
5558 22.51 561.63 213.65 1.71 344.77
5559 22.58 502.68 183.94 3.21 346.94
5560 22.36 417.89 213.76 2.61 360.9
5561 22.02 351.67 344 1.3 343.57
5562 21.36 243.01 544.63 0.7 343.08
5563 20.39 96.25 393.11 0.2 344.5
5564 19.31 4.64 0 0.5 344.91
5565 18.24 0 0 0.5 348.75
5566 17.17 0 0 0.2 346.61
5567 16.09 0 0 0 345.49
5568 15.02 0 0 0.3 340.92
5569 14.4 0 0 0.5 338.13
5570 13.75 0 0 0.7 335.65
5571 13.1 0 0 0.5 334.38
5572 12.76 0 0 0.7 330.92
5573 12.42 0 0 1 331.38
5574 12.19 8.79 0 1.51 332.6
5575 13.52 82.91 83.46 1.51 338.38
5576 14.53 208.91 160.68 1.3 333.91
5577 15.31 292.76 107.35 0.9 336.33
5578 15.89 341.2 88.38 1.41 336.91
5579 17.22 643.69 507.61 1 322.91
5580 18.16 668.63 460.45 0.6 324.87
5581 18.75 635.16 328.27 1.3 327.9
5582 19.18 630.6 361.39 1.51 328.47
5583 18.84 339.88 61.63 1.71 338.89
5584 18.16 192.29 5.21 3.51 347.46
5585 17.39 110.74 0 3.21 350.02
5586 16.63 64.76 0 1.51 348.5
5587 15.82 10.11 0 1.51 366.35
5588 15.28 1.87 0 1.41 363.23
5589 14.58 0 0 1.71 360.81
5590 14.41 0 0 0.5 355.6
5591 13.95 0 0 0.3 354.67
5592 13.47 0 0 0.1 350.98
5593 13.02 0 0 0.2 347.68
5594 11.7 0 0 1 343.76
5595 12.2 0 0 0.5 338.63
5596 11.73 0 0 0.4 339.06
5597 11.9 0 0 0.3 334.1
5598 11.73 6.86 0 0.3 333.59
5599 13.13 63.23 16.36 0.1 340.18
5600 14.18 168.42 91.88 0.3 337.6
5601 13.69 77.53 0 0.8 356.85
5602 14.27 171.94 0.7 0.9 354.69
5603 14.56 195.29 3.8 0.2 358.34
5604 14.69 182.37 2.85 0.4 356.63
5605 15.32 353.78 25.16 0.2 350.04
5606 16.07 459.49 116.3 0.1 344.18
5607 16.67 468.39 164.13 0.6 340.63
5608 16.89 359.17 136.6 0.7 343.37
5609 17.17 407.81 530.87 0.5 330.21
5610 17.16 282.08 708.97 1 326.88
5611 16.68 112.59 516.94 2.01 328.48
5612 16.24 4.54 0 1 329.13
5613 15.8 0 0 2.01 334.77
5614 15.36 0 0 2.01 332.17
5615 14.93 0 0 1.51 333.54
5616 14.49 0 0 2.21 334.09
5617 14.25 0 0 4.02 336.58
5618 14.02 0 0 5.02 338.82
5619 13.79 0 0 3.01 340.23
5620 13.68 0 0 3.01 343.51
5621 13.56 0 0 3.81 347.16
5622 13.49 4.88 0 4.02 352.57
5623 14.53 52.18 0 4.32 357.75
5624 15.53 153.26 30.08 5.02 352.25
5625 16.23 213.16 19.45 5.62 357.79
5626 16.77 271.11 22.93 7.73 355.46
5627 16.96 309.06 18.36 3.51 359.93
5628 18.04 404.17 41.5 3.81 358.88
5629 18.54 446.05 86.48 4.52 361.33
5630 18.84 424.09 73.99 5.92 362.29
5631 19.39 402.36 91.64 10.94 362.12
5632 19.31 262.92 22.88 8.93 368.4
5633 18.91 184.78 12.88 5.92 369.45
5634 17.19 76.07 0 4.32 372.61
5635 17.7 8.84 0 2.61 379.07
5636 16.84 0.27 0 4.82 370.9
5637 15.93 0 0 5.92 362.54
5638 15.03 0 0 7.73 354.29
5639 14.12 0 0 7.73 346.16
5640 13.21 0 0 10.94 338.14
5641 11.8 0 0 11.95 332.34
5642 10.22 0 0 5.92 322.66
5643 8.64 0 0 6.42 314.15
5644 7.76 0 0 7.73 306.7
5645 6.88 0 0 4.82 299.35
5646 6.24 8.91 0 4.52 293.62
5647 8.38 127.39 569.3 4.52 296.63
5648 9.79 301.83 759.26 4.32 299.56
5649 11.21 476.83 850.54 3.81 301.57
5650 12.51 626.67 876.71 2.61 301.81
5651 13.64 741.62 885.61 4.82 302.8
5652 14.54 809.16 880.48 4.02 301.4
5653 15.18 825.34 870.22 3.51 304.27
5654 15.54 794.54 872.67 5.02 305.02
5655 15.63 715.14 873.76 5.62 303.8
5656 15.43 592.05 864.6 5.92 302.55
5657 14.8 435.21 827.67 6.42 302.15
5658 13.79 259.9 728.49 7.03 302.53
5659 12.51 91.54 437.95 5.62 309.65
5660 11.71 1.99 0 4.02 310.7
5661 10.9 0 0 3.01 312.31
5662 10.1 0 0 1.51 311.95
5663 9.29 0 0 1.71 312.66
5664 8.49 0 0 1.51 311.29
5665 8.5 0 0 1.91 313.69
5666 8.51 0 0 1.91 314.84
5667 8.51 0 0 1.41 315.99
5668 8.51 0 0 1.41 317.1
5669 8.51 0 0 2.21 315.16
5670 8.5 6.36 0 1.91 315.53
5671 10.13 69.02 53.52 2.21 321.49
5672 11.2 159.95 75.77 3.21 322.37
5673 11.53 157.15 2.12 2.21 331.2
5674 11.91 195.4 4.07 2.01 331.6
5675 12.7 325.01 30.58 2.61 331.58
5676 13.43 409.25 45.3 1.2 335.14
5677 14.38 470.33 114.69 0.8 334.59
5678 14.92 415.77 82.7 0.5 339.97
5679 15.4 448.48 161.68 0.3 324.01
5680 14.78 313.2 85.8 0.2 340.04
5681 15.48 323.22 288.37 0.2 334.84
5682 15.27 238.28 514.19 0.1 317.27
5683 14.63 90.76 378.99 0.2 313.74
5684 13.95 2.12 0 0.6 312.04
5685 13.27 0 0 0.6 313.42
5686 12.58 0 0 0.5 310.14
5687 11.9 0 0 0.6 308.7
5688 11.22 0 0 1.51 303.8
5689 10.59 0 0 0.7 305.81
5690 9.88 0 0 1 303.57
5691 9.18 0 0 1.2 303.26
5692 8.79 0 0 2.41 301.01
5693 8.4 0 0 2.01 299.53
5694 8.12 7.64 0 2.81 297.67
5695 10.34 115.6 510.09 3.51 302.99
5696 11.93 282.33 706.32 2.61 303.73
5697 13.38 429.78 682.14 2.21 303.26
5698 14.71 558.38 650.85 2.81 299.41
5699 15.87 657.11 616.51 2.01 300.34
5700 16.86 726.77 671.87 1.71 302.55
5701 17.54 729.37 622.57 3.51 304.94
5702 17.94 688.42 570.36 1.41 305.15
5703 18.03 596.51 524.19 2.21 306.13
5704 17.85 500 548.92 1.3 305.96
5705 17.3 372.49 556.05 2.01 306.41
5706 16.4 218.62 539.67 1 309.99
5707 15.25 73.53 353.47 1 311.34
5708 14.15 0.99 0 1.41 313
5709 13.06 0 0 0.8 314.42
5710 11.97 0 0 0.8 310.97
5711 10.87 0 0 1.71 310.64
5712 9.78 0 0 1.41 307.21
5713 9.03 0 0 1.71 306.63
5714 8.19 0 0 1.3 301.99
5715 7.36 0 0 1 302.41
5716 6.9 0 0 0.9 301.54
5717 6.45 0 0 0.4 302.73
5718 6.11 6.15 0 0.3 302.09
5719 7.22 67.19 52.75 0.4 308.57
5720 8.22 190.35 141.52 0.3 306.96
5721 9.41 344.92 327.75 0.4 302.17
5722 10.26 410.69 211.63 0.3 302.56
5723 10.5 345.29 40.85 0.4 310.63
5724 10.89 434.68 96.28 0.1 306.1
5725 11.78 684.37 488.2 0 296.36
5726 12.22 590.75 330.02 0.1 299.6
5727 12.46 543.96 369.49 0.3 298.1
5728 12.39 409.81 265.47 0.6 306.44
5729 11.77 214.58 71.38 0.7 324.91
5730 10.75 25.89 0 1.3 337.28
5731 9.76 20.01 0 0.5 330.52
5732 9.71 0.57 0 0.5 327.89
5733 9.46 0 0 0.7 327.32
5734 9.21 0 0 0.9 321.69
5735 8.97 0 0 1.3 320.1
5736 8.72 0 0 0.6 314.61
5737 8.88 0 0 0.4 313.44
5738 8.99 0 0 0.1 311.01
5739 9.11 0 0 0.1 308.6
5740 9.15 0 0 0 305.77
5741 9.18 0 0 0.1 302.97
5742 9.19 7.84 0 0.2 297.24
5743 12.73 148.88 560.46 0.5 300.92
5744 15.32 367 799.88 1 295.3
5745 17.88 582.43 684.65 1.2 295.55
5746 17.8 360.59 142.65 2.01 323.19
5747 16.73 154.65 0.83 0.9 351.92
5748 16.93 397.87 49.09 2.61 351.06
5749 17.35 448.71 100.81 4.02 336.81
5750 17.81 517.79 213.52 9.84 319.19
5751 17.96 443.39 137.83 9.84 320.86
5752 17.85 363.02 173.52 5.92 323.19
5753 17.72 356.65 447.8 3.01 313.54
5754 17.46 311.14 633.73 3.21 296.9
5755 16.57 101.08 468.92 2.21 301.31
5756 15.34 0 0 1.51 306.31
5757 14.12 0 0 3.01 302.96
5758 12.9 0 0 3.21 302.7
5759 11.68 0 0 2.81 298.82
5760 10.46 0 0 2.21 297.33
5761 9.44 0 0 1.51 296.8
5762 8.31 0 0 1.71 294.64
5763 7.19 0 0 3.51 289.42
5764 6.57 0 0 3.51 286.4
5765 5.96 0 0 3.21 285.14
5766 5.51 5.2 0 2.21 283.64
5767 7.53 112.58 491.45 3.01 291.89
5768 9.02 281.59 740.38 1.71 290.59
5769 10.5 449.86 812.81 2.21 295.43
5770 11.89 598.48 841.7 1.91 292.39
5771 13.09 705.65 829.99 0.8 294.92
5772 14.09 780.6 851.1 0.6 297.89
5773 14.81 795.25 838.76 0.9 295.63
5774 15.24 759.92 830.95 0.8 294.52
5775 15.38 678.29 827.77 1 295.99
5776 15.22 558.25 829.77 0.8 299.09
5777 14.62 404.41 797.94 2.61 304.04
5778 13.64 233.02 703.62 4.22 302.99
5779 12.4 72.52 419.1 3.51 305.07
5780 11.34 0 0 1.51 308.9
5781 10.28 0 0 1.2 303.15
5782 9.22 0 0 0.6 300.63
5783 8.16 0 0 0.6 295.09
5784 7.1 0 0 0.4 290.85
5785 6.56 0 0 0.9 290.49
5786 6 0 0 1.2 289.53
5787 5.44 0 0 1.51 288.59
5788 5.15 0 0 1.91 289.44
5789 4.86 0 0 1.3 288.83
5790 4.65 6.66 0 1.71 288.26
5791 6.68 97.26 235.11 2.61 296.43
5792 7.1 139.02 123.96 1.2 311.74
5793 6.53 46.13 0 0.7 322.76
5794 7.06 193.61 8.79 0.8 308.35
5795 6.62 84.77 0 1 319.94
5796 6.99 170.37 3.35 1.71 315.09
5797 7.97 430.6 97.22 1.91 303.48
5798 8.92 537.22 244.8 1.3 292.14
5799 9.92 649.58 662.94 1.41 283.86
5800 10.9 735.86 799.03 1.41 268.22
5801 11.15 450.66 885.52 1 276.79
5802 11.08 307.47 742.07 0.7 273.95
5803 10.42 92.82 444.09 1 277.18
5804 9.73 0 0 1.71 281.7
5805 9.04 0 0 2.21 285.96
5806 8.35 0 0 2.61 284.65
5807 7.66 0 0 3.21 285.51
5808 6.97 0 0 3.01 284.77
5809 6.42 0 0 2.01 287.21
5810 5.82 0 0 1.91 288
5811 5.23 0 0 0.9 288.28
5812 4.83 0 0 1.3 291.32
5813 4.6 0 0 1.2 296.77
5814 4.38 2.42 0 0.8 300.92
5815 4.3 37.19 0 0.4 303.38
5816 4.69 29.28 0 0.4 313.08
5817 5.51 130.57 0 0.4 301.98
5818 6.1 212.96 7.73 0.1 300.14
5819 6.89 274.73 13.17 0.1 302.42
5820 7.54 355.64 28.95 0.1 302.7
5821 8.16 399.31 47.95 0.2 294.22
5822 8.86 504.85 186.95 0.2 285.02
5823 9.22 425.11 154.44 0.7 285.59
5824 9.57 458.96 416.14 0.7 280.71
5825 9.59 316.81 406.38 1 283.07
5826 9.2 158.32 178.64 1 287.75
5827 8.57 42.56 161.45 2.61 292.99
5828 8.05 0 0 2.41 293.32
5829 7.52 0 0 1.71 288.9
5830 7 0 0 1.51 287.69
5831 6.47 0 0 1.51 287.42
5832 5.94 0 0 1.41 285.22
5833 5.74 0 0 1.2 285.77
5834 5.32 0 0 1.7 283.05
5835 4.9 0 0 1.4 282.74
5836 4.66 0 0 1.4 281.5
5837 4.42 0 0 1.7 279.03
5838 4.23 3.54 0 0.5 277.46
5839 6.97 105.55 491.54 0.4 284.81
5840 9.18 276.94 748.75 0.2 286.78
5841 11.37 446.87 835.72 0.3 287.53
5842 13.41 593.8 859.3 0.6 282.51
5843 15.15 695.32 831.19 0.5 284.3
5844 16.58 760.82 825.09 1.4 287.89
5845 17.63 773.84 809.18 1.4 291.47
5846 18.29 741.06 811.98 1.1 293.62
5847 18.54 654.59 794.08 1.5 296.22
5848 18.35 534.46 796.96 1.7 297.98
5849 17.57 382.38 766.09 4.3 298.52
5850 16.27 213.7 674.92 3.6 301.39
5851 14.57 42.81 169.2 2 302.15
5852 13.59 0 0 2 308.35
5853 12.62 0 0 2 305.65
5854 11.64 0 0 0.9 308.08
5855 10.66 0 0 1.4 305.39
5856 9.69 0 0 2 305.23
5857 9.02 0 0 1.9 305.64
5858 8.34 0 0 0.8 308.08
5859 7.65 0 0 1.1 308.74
5860 7.31 0 0 1.2 309.25
5861 6.96 0 0 0.6 308.84
5862 6.73 2.21 0 0.8 311.06
5863 7.46 30.63 0 1.2 312.34
5864 8.39 108.6 5.98 0.9 307.17
5865 10.2 296.01 188.77 1.2 298.34
5866 11.74 401.84 206.55 1.4 298.22
5867 12.47 363.2 57.54 1.4 308.15
5868 13.66 538.91 230.92 2.4 302.59
5869 15.07 702.61 580.77 1.2 296.08
5870 16.23 738.7 763.31 0.9 291.23
5871 16.88 641.03 679.42 1.7 291.87
5872 16.52 339.82 137.69 1 304.27
5873 15.92 257.26 152.64 1.5 301.4
5874 14.94 119.67 85.09 0.2 305.61
5875 13.84 30.37 23.7 0.5 302.19
5876 12.76 0 0 0.6 304.7
5877 11.67 0 0 0.5 302.49
5878 10.59 0 0 1.4 299.94
5879 9.51 0 0 0.6 296.19
5880 8.43 0 0 1.1 292.62
5881 7.4 0 0 0.8 289.97
5882 6.25 0 0 1.4 285.84
5883 5.11 0 0 1.4 282.71
5884 4.48 0 0 0.8 278.11
5885 3.85 0 0 0.6 275.78
5886 3.39 2.47 0 0.3 275.57
5887 5.43 88.81 428.43 0 281.09
5888 7.27 250.65 656.66 0.4 279.83
5889 9.13 415.98 740.85 1.4 278.74
5890 10.81 548.44 721.38 3.6 276.1
5891 12.3 658.63 728.11 3.6 281.68
5892 13.53 724.65 727.36 4.7 281.86
5893 14.38 726.96 676.62 3.3 281.87
5894 14.88 691.72 656.82 4.7 287.44
5895 15.02 607.48 649 1.9 289.59
5896 14.77 489.61 630.27 2.4 290.44
5897 14.02 350.72 655.39 2.8 292.76
5898 12.82 186.15 491.29 5.4 293
5899 11.32 37.54 132.15 4.7 291.88
5900 10.28 0 0 4.3 293.36
5901 9.25 0 0 2 292.26
5902 8.21 0 0 1.2 289.07
5903 7.17 0 0 1.2 286.53
5904 6.14 0 0 1.1 284.9
5905 5.64 0 0 0.9 282.65
5906 5.1 0 0 0.6 280.55
5907 4.55 0 0 1.2 278.33
5908 4.25 0 0 2.4 278.05
5909 3.95 0 0 1.9 276.3
5910 3.73 2.06 0 3.1 276.14
5911 6.23 98.07 545.5 2.8 285.52
5912 8.43 271.21 749.41 5.1 284.59
5913 10.65 446.6 862.12 6.5 288.6
5914 12.7 595.03 891.67 7.99 281.21
5915 14.5 709.72 903.94 8.99 279.99
5916 15.97 776.06 902.77 6.99 282.39
5917 17.08 794.87 906.79 4.9 284.63
5918 17.78 759.4 904.99 3.6 286.44
5919 18.06 670.91 890.07 2.6 288.63
5920 17.91 545.89 880.87 1.9 289.92
5921 17.12 384.36 825.22 1.2 289.77
5922 15.8 206.83 687.38 1.2 288.56
5923 14.09 34.94 85.12 0.5 284.08
5924 12.78 0 0 0.6 285.58
5925 11.48 0 0 1.1 284.05
5926 10.18 0 0 1.5 280.02
5927 8.87 0 0 2 276.88
5928 7.57 0 0 2 276.52
5929 6.52 0 0 2.2 276.06
5930 5.37 0 0 4.3 275.08
5931 4.22 0 0 4.9 270.14
5932 3.59 0 0 3.3 267.61
5933 2.95 0 0 2.6 267.98
5934 2.5 1.62 0 2.4 267.26
5935 4.92 102.59 557.29 3.1 274.68
5936 7.18 294.8 776.88 3.3 274.4
5937 9.48 492.59 906.26 2.8 278.1
5938 11.63 662.57 961.12 3.6 277.4
5939 13.5 790.38 987.45 4.5 280.48
5940 15.02 864.5 1000.05 5.1 283.87
5941 16.14 882.22 1002.69 4.9 285.81
5942 16.83 845.07 996.96 5.8 285.07
5943 17.09 748.91 979.92 5.8 288.71
5944 16.86 602.89 945.84 4.7 290.68
5945 15.96 420.48 867.61 3.3 292.1
5946 14.5 221.51 709.43 4 294.83
5947 12.63 31.87 80.08 3.3 288.89
5948 11.29 0 0 4.5 291.34
5949 9.94 0 0 2.8 291.12
5950 8.59 0 0 4 290.21
5951 7.24 0 0 1.5 285.73
5952 5.89 0 0 2.4 283.29
5953 5.06 0 0 3.1 281.3
5954 4.14 0 0 2.8 278.11
5955 3.22 0 0 4 274.6
5956 2.71 0 0 4.3 273.66
5957 2.21 0 0 1.5 272.17
5958 1.84 1.37 0 1 271.17
5959 3.76 82.6 400.45 2 277.96
5960 5.61 241.92 659.42 1.7 278.28
5961 7.47 401.99 721.35 2 278.66
5962 9.19 538.34 723.08 2.6 274.13
5963 10.7 644.4 717.14 4.7 275.26
5964 11.89 698.34 678.16 7.59 276.54
5965 12.76 710.1 647.68 6.99 282.27
5966 13.22 654.27 602.9 5.4 282.36
5967 13.37 587.2 629.73 6.1 278.36
5968 13.11 465.55 590.8 6.3 283.52
5969 12.31 313.83 506.61 4.9 285.56
5970 11.1 158.98 387.99 4.9 287.33
5971 9.64 28.76 56.08 3.3 286.53
5972 8.71 0 0 1.1 287.85
5973 7.78 0 0 1.1 290
5974 6.86 0 0 0.2 289.36
5975 5.93 0 0 0.2 291.52
5976 5 0 0 0.6 289.86
5977 4.51 0 0 1.1 289.72
5978 3.98 0 0 1.9 288.62
5979 3.44 0 0 1.4 287.41
5980 2.88 0 0 2.6 292.38
5981 2.87 0 0 2.6 292.06
5982 2.66 0.47 0 1.7 292.46
5983 2.54 26.61 0 1.9 293.78
5984 3.02 22.12 0 3.3 301.93
5985 4.4 177.92 24.75 4 290.46
5986 4.67 127.18 0 3.3 301.12
5987 6.31 427.76 164.19 3.1 290.92
5988 6.92 322.3 26.56 2.6 302.35
5989 7.73 415.55 84.08 2.8 289.92
5990 7.94 301.72 36.41 1.9 297.01
5991 8.52 453.35 258.9 2.2 287.68
5992 8.46 269.42 52.59 2 306.59
5993 7.98 147.5 17.69 2.4 310.55
5994 7.69 148.84 247.61 1.4 291.67
5995 6.95 20.42 0 1.7 287.57
5996 6.65 0 0 2 289.37
5997 6.36 0 0 3.1 288.91
5998 6.06 0 0 4.5 289.3
5999 5.76 0 0 4.5 287.02
6000 5.47 0 0 2.4 285.69
6001 5.38 0 0 2.6 286.89
6002 5.41 0 0 0.9 285.92
6003 5.45 0 0 1.5 284.95
6004 5.52 0 0 2 284.72
6005 5.6 0 0 1.7 281.56
6006 5.7 0.96 0 2.6 281.84
6007 7.44 97.48 378.17 2.6 285.6
6008 8.6 222.23 519.51 2.4 289.53
6009 9.77 350.81 480.86 2.4 289.22
6010 11.07 506.64 584.07 3.3 287.32
6011 13.02 845.56 804.86 4.7 275.4
6012 14.43 870.15 675.91 5.8 281.26
6013 12.89 69.1 0 4.3 324.72
6014 12.09 159.78 1 2.8 316.79
6015 11.09 58.17 0 2 332.59
6016 10.43 46.51 0 0.6 324.13
6017 9.77 31.89 0 0.8 333.91
6018 8.98 16.02 0 1 332.24
6019 8.81 2.56 0 1.7 327.33
6020 8.72 0 0 1.5 325.22
6021 8.63 0 0 3.3 323.12
6022 8.53 0 0 3.3 321.04
6023 8.44 0 0 2.8 319.06
6024 8.34 0 0 4.3 316.9
6025 7.65 0 0 4.7 311.56
6026 6.9 0 0 3.1 305.97
6027 6.15 0 0 1.7 301.43
6028 5.75 0 0 2.2 298.84
6029 5.34 0 0 2.2 293.86
6030 5.06 0 0 2.4 292.49
6031 6.34 54.77 177.44 1.1 297.6
6032 7.8 178.34 303.61 0.8 301.38
6033 8.93 261.05 147.34 1 304.48
6034 10.32 400.52 243.79 1.1 299.78
6035 11.82 540.45 396.88 1 298.27
6036 13.15 625.38 491.78 0.8 297.8
6037 14.31 691.92 627.86 0.9 295.08
6038 15.18 695.97 766.87 1.5 295.65
6039 15.57 594.4 666.51 1.7 297.02
6040 15.4 421.57 466.39 2 300.19
6041 14.68 271.74 379.49 2.8 302.76
6042 13.64 148.82 411.1 1 303.17
6043 12.34 22.69 15.54 1.2 303.26
6044 11.65 0 0 2.4 310.89
6045 10.95 0 0 1 310.21
6046 10.26 0 0 2 308.56
6047 9.57 0 0 2.2 307.5
6048 8.87 0 0 2 307.33
6049 7.32 0 0 3.1 310.45
6050 7.89 0 0 2 311.27
6051 7.21 0 0 1.4 311.69
6052 7.17 0 0 1.5 310.36
6053 6.91 0 0 2.2 313.01
6054 6.74 0 0 2.2 313.98
6055 7.03 21.92 0 1.1 317.99
6056 7.48 65.77 0 1.5 319.81
6057 8.19 129.82 0 1.5 318.22
6058 8.35 112.27 0 3.6 320.77
6059 8.47 124.34 0 4 319.83
6060 8.65 155.29 0.38 4.9 320.41
6061 8.53 196.2 3.8 4.3 322.21
6062 8.98 185.84 3.41 6.1 321.53
6063 9.06 176.02 2.04 4.3 320.99
6064 9.04 134.77 0 5.4 321.7
6065 6.84 91.31 0 4 318.83
6066 7.74 43.06 0 4.3 320.17
6067 7.93 6.33 0 5.4 319.21
6068 7.99 0 0 4.9 322.07
6069 8.23 0 0 2.8 321.5
6070 8.44 0 0 2.2 322.1
6071 7.96 0 0 1.9 321.42
6072 8.19 0 0 1.2 325.2
6073 8.72 0 0 1.9 325.67
6074 9.05 0 0 2.8 323.37
6075 9.2 0 0 4 324.04
6076 8.95 0 0 2.6 322.25
6077 8.34 0 0 2.6 321.47
6078 9.53 0 0 1.7 324.5
6079 10.42 31.08 0 1.9 329.12
6080 11.54 75.79 0 0.8 334.8
6081 11.98 93.19 0 1 340.22
6082 12.41 113.14 0 1 343.43
6083 13.09 182.68 1.21 1.4 343.83
6084 13.53 176.96 2.17 1.4 347.77
6085 13.89 202.98 4.3 1.7 348.35
6086 14.12 167.74 1.22 4.3 351.45
6087 14.19 166.68 0.59 5.1 350.55
6088 14.36 158.02 0.57 3.6 349.5
6089 14.43 133.2 5.52 3.1 347.31
6090 14.15 68.59 1.57 2.8 336.11
6091 13.68 7.95 0 3.6 333.74
6092 13.08 0 0 2.6 330.06
6093 12.49 0 0 4 326.67
6094 11.9 0 0 3.6 321.8
6095 11.31 0 0 2.8 318.31
6096 10.72 0 0 3.6 317.55
6097 9.68 0 0 3.3 312.54
6098 8.5 0 0 2.8 306.16
6099 7.32 0 0 4.3 300.98
6100 6.67 0 0 4.5 296.94
6101 6.01 0 0 2 291.55
6102 5.53 0 0 1.9 288.82
6103 7.29 78.21 535.92 1.4 296.53
6104 9.37 261.95 754.79 1.5 298.81
6105 11.52 454.22 890.98 0.9 301.6
6106 13.53 620.47 954.42 0.8 303.31
6107 15.28 743.71 982.31 1.7 305.97
6108 16.69 816.21 995.23 1.9 307.45
6109 17.72 832.7 997.86 1.4 310.62
6110 18.33 789.87 990.64 2.4 313.17
6111 18.51 693.02 972.04 4 313.54
6112 18.22 548.66 932.66 2.6 316.61
6113 17.3 369.42 839.5 2.8 317.91
6114 15.84 175.81 661.26 4 321.16
6115 14.09 16.9 0 3.1 318.49
6116 13.5 0 0 2.2 321.3
6117 12.9 0 0 2.6 320.84
6118 12.31 0 0 2.2 318.8
6119 11.72 0 0 1.4 317.83
6120 11.13 0 0 0.9 318.71
6121 11.17 0 0 0.9 320.27
6122 11.26 0 0 1.1 321.58
6123 11.35 0 0 1.7 322.89
6124 11.42 0 0 4 323.38
6125 11.5 0 0 4.9 321.26
6126 11.56 0 0 4.9 322.95
6127 13.14 59.92 189.49 5.8 325.44
6128 13.85 120.35 63.98 2.8 340.02
6129 13.67 49.67 0 4 353.78
6130 15.3 325.72 126.96 3.6 335.66
6131 16.31 333.68 40.94 3.3 351.07
6132 17.16 358.56 34.7 3.6 342.24
6133 17.88 391.53 77.69 3.1 342.42
6134 18.76 495.6 247.87 3.3 336.47
6135 18.43 355.38 117.17 3.1 354.17
6136 18.84 225.49 31.44 3.3 362.71
6137 17.93 64.38 0 2.8 374.44
6138 17.33 14.68 0 2.6 378.3
6139 16.63 6.07 0 3.6 372.5
6140 15.82 0 0 4 366.09
6141 15.01 0 0 3.6 359.75
6142 14.2 0 0 2 353.46
6143 13.39 0 0 2.6 347.24
6144 12.58 0 0 2.8 341.25
6145 11.41 0 0 1.4 338.17
6146 10.13 0 0 3.6 332.75
6147 8.85 0 0 2.8 324
6148 8.15 0 0 3.1 320.26
6149 7.45 0 0 4 314.92
6150 6.95 0 0 4.3 310.71
6151 7.87 42.94 145.42 3.1 314.36
6152 9.71 206.39 559.83 5.8 307.39
6153 11.55 368.37 649.12 5.8 310.56
6154 13.54 556.01 814.65 4.3 304.96
6155 15.47 721.29 924.85 6.5 304.43
6156 17.21 842.54 995.96 5.4 305.25
6157 18.58 888.36 987.76 4.3 307.43
6158 19.44 843.27 981.05 2 306.31
6159 19.81 737.72 964.97 3.3 306.24
6160 19.71 582.25 928.93 4.3 304.38
6161 18.88 387.3 834.27 3.6 308.55
6162 17.47 178.18 629.53 1.7 310.33
6163 15.75 17.88 0 1.1 307.92
6164 14.96 0 0 2.4 315.14
6165 14.16 0 0 1.4 317.59
6166 13.36 0 0 1.4 316.85
6167 12.56 0 0 1.5 313.45
6168 11.77 0 0 1.4 314.6
6169 11.51 0 0 0.2 314.53
6170 11.23 0 0 0.5 314.98
6171 10.94 0 0 0.9 314.71
6172 10.78 0 0 1.1 315.98
6173 10.63 0 0 0.6 316.38
6174 10.51 0 0 0.5 321.29
6175 11.68 43.57 164.22 0.4 326.35
6176 13.07 146.67 137.82 0.2 329.04
6177 14.77 282.76 206.54 0.6 328.05
6178 16.67 437.58 429.39 0.6 322.18
6179 18.25 519.35 397.5 1 322.57
6180 19.84 638.83 595.79 2.8 321.09
6181 20.87 615.08 513.55 3.3 325.84
6182 21.6 602.56 564.81 4.9 324.9
6183 21.91 523.87 580.17 5.8 326.25
6184 21.66 374.69 399.59 6.3 332.33
6185 20.76 214.4 170.5 8.49 334.69
6186 19.56 102.12 257.48 6.99 331.75
6187 18.22 11.09 0 3.6 329.69
6188 17.22 0 0 3.6 333.22
6189 16.22 0 0 4.5 328.01
6190 15.22 0 0 6.99 324.15
6191 14.22 0 0 6.99 321.64
6192 13.22 0 0 10.89 319.9
6193 12.36 0 0 11.89 321.35
6194 11.43 0 0 14.19 319.18
6195 10.5 0 0 11.89 316.34
6196 9.99 0 0 9.79 313.9
6197 9.48 0 0 9.79 312.1
6198 9.12 0 0 9.79 312
6199 10.09 44.59 204.02 7.99 314.65
6200 11.45 167.48 348.81 8.49 318.17
6201 13.11 328.67 497.32 7.99 317.49
6202 14.73 469.88 601.8 7.59 313.8
6203 16.07 554.99 555.33 4.9 317.34
6204 17.04 580.35 427.92 5.4 319
6205 17.87 631.04 572.2 5.8 317.27
6206 18.38 595.8 559.43 6.3 317.16
6207 18.51 501.01 503.38 5.8 321.26
6208 18.33 406.78 554.87 6.99 317.83
6209 17.57 238.71 388.36 4.5 320.49
6210 16.48 106.21 299.79 4 323.09
6211 15.61 10.02 0 2 322.24
6212 14.74 0 0 1 324.42
6213 13.87 0 0 1.4 321.41
6214 13 0 0 1.2 317.41
6215 12.13 0 0 1.7 317.55
6216 11.26 0 0 1.2 312.11
6217 10.77 0 0 2 309.4
6218 10.2 0 0 1.5 307.92
6219 9.64 0 0 1.9 307.62
6220 9.32 0 0 3.1 306.22
6221 9 0 0 3.1 305.18
6222 8.76 0 0 3.3 305.34
6223 9.2 19.32 0 3.3 309.63
6224 11 163.22 264.67 4.9 315.17
6225 14.09 455.02 661.94 6.5 302.65
6226 15.36 418.3 356.03 7.59 316.33
6227 16.65 525.23 411.04 8.99 313.62
6228 17.01 415.5 127.67 8.49 325.05
6229 16.46 205.07 12.94 10.49 338.28
6230 16.48 340.98 51.25 9.29 331.53
6231 16.18 254.8 42.25 8.49 346.64
6232 16.79 554.73 703.64 7.59 303.43
6233 16.76 355.19 819.58 6.99 306.13
6234 16 149.22 576.49 7.79 313.37
6235 15.03 12.62 0 6.99 310.87
6236 14.07 0 0 6.99 314.15
6237 13.11 0 0 6.99 310.55
6238 12.14 0 0 5.1 308.6
6239 11.18 0 0 6.1 308.16
6240 10.22 0 0 4.9 306.36
6241 9.61 0 0 2.6 303.69
6242 8.94 0 0 3.1 300.38
6243 8.27 0 0 4.3 297.57
6244 7.91 0 0 6.1 295.5
6245 7.55 0 0 5.8 298.05
6246 7.29 0 0 5.8 298.14
6247 8.25 41.66 173.69 4.3 302.05
6248 10.05 192.76 561.35 5.1 309.77
6249 11.94 354.42 686.59 6.99 310.93
6250 13.71 495.15 731.05 5.4 310.3
6251 15.23 591.31 702.2 6.3 311.58
6252 16.47 652.59 701.26 5.8 313.88
6253 17.37 661.71 690.06 3.3 315.19
6254 17.96 634.33 728.09 3.1 314.35
6255 18.19 560.05 769.68 3.6 317.56
6256 17.97 424.23 705.2 4 320.4
6257 17.2 273.02 633.14 5.4 323.71
6258 15.99 109.41 422.28 6.3 327.27
6259 15.07 7.68 0 5.4 327.8
6260 14.14 0 0 5.1 329.98
6261 13.22 0 0 4.3 328.54
6262 12.3 0 0 3.3 326.29
6263 11.37 0 0 2.8 323.39
6264 10.45 0 0 3.1 321.51
6265 9.79 0 0 2.8 320.7
6266 9.09 0 0 2.8 318.87
6267 8.39 0 0 2.4 314.78
6268 8.02 0 0 1.7 314.48
6269 7.64 0 0 3.1 311.59
6270 7.38 0 0 2.4 312.55
6271 8 30.55 41.45 2.4 315.82
6272 8.8 107.89 63.25 0.6 318.91
6273 10.52 313.96 434.74 0.8 310.14
6274 11.93 421.13 421.29 0.6 310.45
6275 12.91 455.09 250 0.8 316.57
6276 13.88 544.76 347.67 1.5 314.96
6277 14.23 440.08 149.71 1.5 323.43
6278 14.26 356.39 75.23 0.5 326.49
6279 14.25 344.61 121.69 1.4 324.62
6280 13.77 214.2 35.19 1.4 330.05
6281 13.01 108.31 0.11 1.4 332.67
6282 12.08 10.25 0 1 344.45
6283 11.38 3.1 0 0.6 339.49
6284 10.69 0 0 0.4 337.32
6285 9.99 0 0 0.5 333.74
6286 9.15 0 0 0.3 331.04
6287 8.57 0 0 1 330.06
6288 7.91 0 0 1 328.44
6289 7.27 0 0 0.3 323.38
6290 6.69 0 0 0.2 319.97
6291 6.03 0 0 0.1 315.49
6292 5.2 0 0 0.1 310.1
6293 5.79 0 0 0.2 312
6294 5.65 0 0 0.2 310.46
6295 5.95 11.95 0 1 312.02
6296 6.59 73.12 0 0.5 311.93
6297 7.11 117.17 0 0.3 317.19
6298 7.23 91.82 0 0.6 322.68
6299 7.54 148.28 0 0.5 321.12
6300 8.24 288.75 23.48 0.3 314.44
6301 8.74 290.6 22.5 0.2 317.8
6302 9.57 464.13 255.05 0 305.85
6303 9.79 280.36 46.68 0.2 313.91
6304 9.67 163.06 5.97 1.1 319.66
6305 9.18 54.32 0 1.5 327.64
6306 8.7 9.65 0 2.4 328.05
6307 8.12 2.31 0 1.5 322.82
6308 7.54 0 0 1 316.78
6309 6.95 0 0 0.8 311.91
6310 6.37 0 0 0.2 305.24
6311 5.78 0 0 0.4 303.62
6312 5.2 0 0 1.1 298.71
6313 4.63 0 0 2.6 295.05
6314 4.02 0 0 1.1 290.67
6315 3.41 0 0 0.8 285.68
6316 3.08 0 0 1.4 281.18
6317 2.76 0 0 1.7 277.9
6318 2.52 0 0 2.8 277.42
6319 2.88 19.49 0 2.8 275.5
6320 4.47 181.15 432.07 2.6 276.92
6321 6.85 458.68 651.24 2 266.62
6322 6.89 235.02 41.78 2.2 293.53
6323 7.49 382.36 155.75 2.2 289.87
6324 7.41 245.72 19.53 1.9 301.63
6325 7.96 459.95 199.95 1 291.71
6326 7.66 223.24 8.96 1.9 304.9
6327 7.44 228.05 13.83 1.9 301.23
6328 7.16 203.03 30.62 2.2 299.08
6329 6.27 45.94 0 1 312.96
6330 5.64 9.88 0 0.2 312.42
6331 4.77 0.42 0 0.4 311.43
6332 4.84 0 0 0.3 311.51
6333 4.37 0 0 0.3 306.22
6334 3.97 0 0 0.1 304.58
6335 3.53 0 0 0 301.32
6336 3.1 0 0 0.1 299.23
6337 2.85 0 0 0.1 298.23
6338 2.61 0 0 0.5 296.15
6339 2.38 0 0 1.1 294.12
6340 1.89 0 0 0.8 291.28
6341 2.12 0 0 0.8 291.16
6342 2 0 0 0.5 289.77
6343 1.44 16.67 0 0.6 286.86
6344 3.08 75.35 0 0.6 292.85
6345 4.01 208.02 100.28 0.4 287.5
6346 5.59 349.1 168.41 0.5 285.72
6347 6.61 404.5 200.33 0.6 291.66
6348 6.43 177.06 5.1 0.9 307.29
6349 6.01 119.36 0 0.6 308.87
6350 5.54 81.29 0 0.3 301.77
6351 5.18 79.84 0 0.4 297.79
6352 5.21 173.67 12.77 0.3 288.27
6353 5.13 138.67 45.34 0.2 286.06
6354 4.83 67.97 144.52 0.2 288.75
6355 4.55 2.79 0 0.1 282.63
6356 4.24 0 0 0 280.45
6357 3.93 0 0 0 280.31
6358 3.61 0 0 0.3 279
6359 3.3 0 0 0.4 279.13
6360 2.99 0 0 0.6 275.45
6361 2.6 0 0 0.3 273.49
6362 2.17 0 0 1 271.68
6363 1.75 0 0 1.1 269.19
6364 1.53 0 0 1.9 269.66
6365 1.3 0 0 1.9 268.92
6366 1.14 0 0 1.7 267.96
6367 1.91 32 73.04 1.1 270.35
6368 3.73 180.4 586.89 0.4 276.52
6369 5.65 341.01 711.14 0.8 278.07
6370 7.45 477.81 743.16 0.5 279.82
6371 9.03 580.66 746 0.9 281.33
6372 10.32 640.68 744.41 1.2 280.99
6373 11.24 642.86 713.08 0.6 282.36
6374 11.81 606.43 725.03 0.3 278.98
6375 12.01 518.96 716.62 0.1 278.42
6376 11.74 391.59 676.69 0.1 282.32
6377 10.95 243.09 590.21 0.1 284.86
6378 9.75 92.9 427.19 0.4 284.6
6379 8.93 2.51 0 0.4 283.64
6380 8.11 0 0 0.5 286.65
6381 7.29 0 0 0.2 281.54
6382 6.47 0 0 0.1 279.38
6383 5.66 0 0 0.1 277.73
6384 4.84 0 0 0.2 272.39
6385 4.17 0 0 0.3 270.1
6386 3.46 0 0 0.2 270.62
6387 2.75 0 0 0.4 267.92
6388 2.38 0 0 0.6 266.51
6389 2.01 0 0 0.6 264.33
6390 1.75 0 0 0.8 262.63
6391 2.62 41.99 246.58 0.8 264.38
6392 4.39 209.07 488.43 0.4 269.6
6393 5.57 293.13 417.36 0.3 281.9
6394 6.64 386.95 335.75 0.4 282.69
6395 8.26 615.3 715.46 0.3 275.93
6396 8.63 423.34 170.41 0.2 291.5
6397 9.74 699.38 751.1 0.5 277.68
6398 10.62 717.21 822.43 1 275.08
6399 10.8 513.58 577.58 0.3 282.28
6400 9.99 224.71 84.2 0.4 298.28
6401 8.87 90.13 0 0.6 304.99
6402 7.69 11.69 0 1.7 310.48
6403 7.21 1.05 0 2.2 306.26
6404 6.72 0 0 2.8 306.57
6405 6.23 0 0 3.1 304.15
6406 5.74 0 0 2 302.44
6407 5.25 0 0 3.1 299.44
6408 4.76 0 0 4 296.05
6409 4.45 0 0 3.3 293.59
6410 4.12 0 0 2.4 289.49
6411 3.79 0 0 4 287.71
6412 3.62 0 0 1.5 285.46
6413 3.44 0 0 0.9 282.93
6414 3.31 0 0 1.4 284.53
6415 3.89 22.71 0 1.2 285.16
6416 5.47 144.65 326.02 1.4 286.46
6417 6.77 234.08 185.03 2.6 292.44
6418 8.51 399.82 387.42 2.2 287.67
6419 9.39 372.88 160.5 1.2 293.66
6420 9.01 154.25 0 2.2 306.33
6421 9.17 293.45 44.26 4.7 309.46
6422 9.9 432.07 231.82 5.4 294.9
6423 10.59 500.29 572.21 5.4 286.59
6424 10.62 303.78 266.4 6.1 290.26
6425 10.5 263.51 636.05 8.49 279.99
6426 9.87 119.59 502.69 6.5 273.2
6427 8.98 1.9 0 3.6 273.22
6428 8.09 0 0 3.1 273.07
6429 7.21 0 0 1.7 270.83
6430 6.32 0 0 1.4 273.04
6431 5.44 0 0 1 270.65
6432 4.55 0 0 0.6 271.12
6433 3.78 0 0 0.4 271.15
6434 2.95 0 0 0.2 269.19
6435 2.11 0 0 0.4 268.77
6436 1.66 0 0 1.1 270.1
6437 1.21 0 0 1.9 272.24
6438 0.89 0 0 1.5 269.48
6439 1.24 22.65 1.14 3.1 273.94
6440 1.76 85.4 15.06 2.4 281.19
6441 2.49 186.05 75.14 4.3 280.44
6442 2.44 186.55 13.67 2.4 284.8
6443 4.19 501.43 427.27 2 272.01
6444 4.82 422.11 170.35 1.5 275.65
6445 5.46 498.95 290.84 1.4 274.78
6446 5.44 294.64 38.45 1.7 284.75
6447 5.04 192.98 7.22 1.1 296.04
6448 4.23 49.13 0 1.9 301.71
6449 4.02 149.91 131.22 3.3 283.12
6450 3.39 22.75 0 1.7 288.57
6451 3.19 0.15 0 3.6 287.1
6452 2.98 0 0 3.6 286.07
6453 2.78 0 0 3.1 284.7
6454 2.57 0 0 3.3 284.06
6455 2.37 0 0 3.3 283.15
6456 2.16 0 0 4.5 278.49
6457 2.27 0 0 2.2 277.55
6458 2.38 0 0 0.9 274.72
6459 2.49 0 0 1.7 274.93
6460 2.55 0 0 1.5 276.78
6461 2.6 0 0 0.8 273.81
6462 2.64 0 0 0.9 272.39
6463 3.3 24.62 31.1 0.3 272.93
6464 5.29 172.91 634.13 0 277.01
6465 7.35 330.39 736.96 0 280.57
6466 9.29 465.98 764.04 0.4 283.25
6467 11.03 573.81 790.71 0.6 284.78
6468 12.46 635.26 798.37 0.6 285.05
6469 13.52 642.24 788.55 1.4 285.48
6470 14.15 594.52 764.01 1.2 288.26
6471 14.4 513.91 787.04 0.8 286.96
6472 14.14 382.4 736.68 1.7 291.54
6473 13.33 236.14 670.39 1.9 294.27
6474 12.06 80.67 442.58 1.1 293.94
6475 11.52 0 0 0.6 300.03
6476 10.97 0 0 0.9 301.67
6477 10.43 0 0 0.8 302.12
6478 9.88 0 0 0.8 303.38
6479 9.34 0 0 0.1 301.71
6480 8.79 0 0 0.2 298.41
6481 8.23 0 0 0.6 294.51
6482 7.64 0 0 0.4 291.46
6483 7.05 0 0 0.9 291.22
6484 6.73 0 0 0.8 290.55
6485 6.41 0 0 0.9 292.24
6486 6.19 0 0 1.7 294.62
6487 6.7 23.07 19.33 2.8 296.5
6488 8.22 154.58 462.46 2.2 302.31
6489 9.9 306.3 627.24 2.4 304.03
6490 11.61 455.91 729.95 1.9 302.11
6491 12.95 525.77 610.96 1.7 305.31
6492 13.95 555.74 542.91 1.9 308.85
6493 14.73 577.87 575 3.6 308.22
6494 15.16 528.93 534.98 4 308.67
6495 15.27 448.38 503.67 6.99 312.63
6496 15.02 344.28 569.68 6.1 310.63
6497 14.24 191.36 435.2 5.4 315.15
6498 13.15 59.5 300.16 5.4 317.24
6499 12.38 0 0 7.59 316.16
6500 11.61 0 0 4 312.01
6501 10.84 0 0 4.7 310.33
6502 10.07 0 0 3.6 306.95
6503 9.3 0 0 2.6 301.78
6504 8.53 0 0 1.5 296.8
6505 7.95 0 0 0.6 294.4
6506 7.35 0 0 1.2 290.55
6507 6.75 0 0 1 286.26
6508 6.44 0 0 0.8 284.58
6509 6.13 0 0 1.2 282.07
6510 5.92 0 0 1.2 279.33
6511 6.49 28.87 90.16 0.9 279.58
6512 8.31 209.5 667.42 0.1 288.13
6513 9.97 365.63 762.67 0.6 294.12
6514 11.22 448.69 625.64 0.8 297.48
6515 11.9 435.11 299.79 2 307.47
6516 12.68 532.26 425.61 2 307.58
6517 13.76 712.13 818.08 1.5 298.62
6518 14.28 603.77 738.74 0.8 305.75
6519 14.32 444.15 334.92 2.6 311.51
6520 12.97 35.34 0 1.9 344.38
6521 11.81 20.84 0 2.6 341.29
6522 10.8 6.45 0 4 339.03
6523 10.42 0 0 2.8 341.42
6524 10.05 0 0 3.1 341.29
6525 9.67 0 0 3.6 341.02
6526 9.29 0 0 2.2 338.77
6527 8.92 0 0 2 334.66
6528 8.54 0 0 2.8 333.14
6529 8.26 0 0 2.2 328.31
6530 7.99 0 0 2.8 327.2
6531 7.71 0 0 4.7 330.2
6532 7.61 0 0 3.6 330.48
6533 7.43 0 0 2.8 327.22
6534 7.42 0 0 2.4 329.87
6535 7.49 1.97 0 1.9 329.41
6536 7.68 15.64 0 2.6 328.02
6537 9.67 246.05 211.88 3.1 306.35
6538 12.12 479.62 599.02 2.4 292.69
6539 12.37 232.46 29.28 1.5 313.7
6540 12.17 196 2 1.7 329.31
6541 12.45 202.02 4.57 2.4 319.19
6542 12.3 143.98 0 2 321.37
6543 13.26 529.3 612.33 1.4 289.47
6544 13.95 493.76 655.39 0.6 280.69
6545 13.49 128.43 102.86 0.9 309.26
6546 12.87 62.62 223.67 0.4 305.6
6547 11.99 0 0 0.6 304.35
6548 11.11 0 0 1.7 301.63
6549 10.23 0 0 1.7 299.37
6550 9.35 0 0 1.2 294.22
6551 8.38 0 0 0.5 290.18
6552 7.4 0 0 0 284.97
6553 6.29 0 0 0.1 291.12
6554 5.34 0 0 0.5 291.68
6555 4.31 0 0 0.9 286.5
6556 3.81 0 0 0.5 286.63
6557 3.24 0 0 0.5 283.85
6558 2.83 0 0 0.6 282.24
6559 3.25 15.55 0 0.3 284.34
6560 4.07 80.57 21.46 0.5 286.39
6561 5.64 190.74 111.11 1.61 289.39
6562 6.49 212.07 27.16 3.21 284.36
6563 6.43 166.54 0.71 3.21 302.82
6564 5.8 113.87 0 0.9 308.13
6565 7.19 301.72 62.22 0.4 300.57
6566 7.93 360.92 137.66 0.4 299.1
6567 8.72 425.29 439.06 0.9 279.96
6568 8.89 285.57 320.19 3.01 277.28
6569 9 283.66 532.69 1.71 259.99
6570 8.22 65.02 470.69 0.9 261.82
6571 7.52 0 0 0.7 266.11
6572 6.83 0 0 0.4 266.9
6573 6.14 0 0 0.2 267.47
6574 5.45 0 0 0.5 262.53
6575 4.75 0 0 0.3 260.66
6576 4.06 0 0 1.4 255.15
6577 3.76 0 0 2.31 253.75
6578 3.52 0 0 1.4 256.23
6579 3.28 0 0 3.21 256.13
6580 3.19 0 0 3.91 257.41
6581 3.11 0 0 1.61 258.36
6582 3.07 0 0 0.6 260.17
6583 3.71 21.44 31.92 0.3 260.42
6584 6.18 198.44 648.37 0.5 264.8
6585 9.01 416.53 836.38 0.2 266.28
6586 11.04 502.32 768.98 0.5 272.15
6587 12.2 486.83 468.45 0.9 282.05
6588 12.09 302.22 69.17 2.51 294.81
6589 10.75 149.89 0 3.01 316.03
6590 10.43 182.58 3.86 3.91 324.9
6591 10.21 233.47 31.43 5.32 317.71
6592 9.53 107.75 0 4.51 311.53
6593 8.74 56.03 0 2.81 298.48
6594 7.96 22.39 0 2.01 290.38
6595 7.25 0 0 0.9 290.23
6596 6.46 0 0 1.1 301.55
6597 5.84 0 0 1.2 307.02
6598 5.13 0 0 0.7 303.34
6599 4.42 0 0 0.5 299.68
6600 3.71 0 0 1.2 296.03
6601 2.12 0 0 1.1 287.65
6602 0.39 0 0 2.01 278.63
6603 -1.35 0 0 2.81 271.4
6604 -2.28 0 0 1.1 267.43
6605 -3.27 0 0 2.31 261.93
6606 -4.09 0 0 1.71 255.71
6607 -3.7 13.05 0 1.2 258.29
6608 -3.62 30.12 0 0.9 256.57
6609 -3.02 107.52 0 2.51 253.9
6610 -2.4 168.57 4.51 0.6 255.42
6611 -2.26 135.42 0 1.71 251.95
6612 -1.32 343.96 100.73 1.2 243.71
6613 0.03 538.84 464.77 0.4 232.57
6614 0.54 393.66 221.46 1.1 238.74
6615 1.09 458.48 601.73 2.51 229.13
6616 1.12 309.04 460.37 1.1 233.38
6617 0.87 221.79 515.18 0.7 229.76
6618 0.02 52.42 340.34 0.5 229.11
6619 -0.73 0 0 2.51 233.3
6620 -1.49 0 0 3.61 230.15
6621 -2.24 0 0 1.2 228.48
6622 -2.99 0 0 0.5 229.45
6623 -3.74 0 0 0.4 229.57
6624 -4.49 0 0 0.5 227.35
6625 -4.56 0 0 1 225.89
6626 -4.62 0 0 1 226.58
6627 -4.68 0 0 0.9 228.35
6628 -4.71 0 0 1.4 229.59
6629 -4.73 0 0 0.2 230.11
6630 -4.74 0 0 0.6 227.62
6631 -4.19 15.03 0 0.6 230.16
6632 -1.76 149.13 611.74 1.2 233.18
6633 0.96 307.7 757.96 0.4 237.32
6634 3.54 443.15 795.42 0.5 235.38
6635 5.84 546.33 814.12 2.81 234.09
6636 7.73 605.31 821.92 1.61 233.14
6637 9.1 609.4 809.47 2.01 235.42
6638 9.95 567.04 810.25 3.21 241.19
6639 10.28 485.45 830.17 2.31 239.24
6640 9.94 356.48 790.87 1 241.72
6641 8.8 200.42 682.02 1.81 245.34
6642 7 34.84 84.21 2.51 242.53
6643 6.09 0 0 0.9 253.01
6644 5.17 0 0 0.4 248.89
6645 4.25 0 0 0.2 250.73
6646 3.33 0 0 0.1 251.13
6647 2.42 0 0 0.3 249.16
6648 1.5 0 0 0.3 245.19
6649 0.52 0 0 1.71 244.95
6650 -0.51 0 0 4.51 243.05
6651 -1.54 0 0 5.92 243.34
6652 -2.09 0 0 6.22 243.83
6653 -2.63 0 0 1.71 245.57
6654 -3 0 0 2.81 248.11
6655 -2.65 12.19 0 1.4 249.52
6656 -1.35 94.44 142.26 4.51 251.48
6657 -0.28 155.92 44.56 4.21 256.44
6658 1.32 288.57 134.07 1 253.57
6659 2.8 370.53 180.62 0.7 256.23
6660 4.84 566.7 648.52 1.1 247.55
6661 6.07 520.28 483.03 0.9 253.37
6662 6.89 497.11 518.4 0.4 254.28
6663 7.59 519.86 774.61 1 246.73
6664 7.83 426.4 866.69 0.9 244.7
6665 7.23 235.21 705.15 0.9 244.55
6666 5.83 45.91 293.03 1 246.39
6667 4.84 0 0 2.31 252.05
6668 3.86 0 0 1.2 250
6669 2.87 0 0 1.1 250.25
6670 1.89 0 0 0.4 249.31
6671 0.91 0 0 0.2 245.21
6672 -0.08 0 0 0.1 243.23
6673 -0.82 0 0 0.3 243.69
6674 -1.59 0 0 0.3 240.54
6675 -2.37 0 0 1.1 241.5
6676 -2.77 0 0 3.91 242.47
6677 -3.18 0 0 0.9 242.54
6678 -3.46 0 0 2.31 242.41
6679 -3.16 9.91 0 1.71 244.7
6680 -2.21 68.69 23.03 1.61 249.73
6681 -1.54 102.34 0 1.61 255.63
6682 -0.59 176.6 11.78 3.21 251.54
6683 0.91 318.03 113.98 5.32 247.77
6684 2.89 494.41 383.47 3.21 241.57
6685 3.75 381.03 162.61 4.51 248.98
6686 3.67 209.79 17.74 3.61 259.29
6687 4.07 337.99 252.87 1.81 251.13
6688 4.71 433.33 719.82 0.9 234.79
6689 4.57 232.51 696.47 2.31 237.63
6690 3.53 42.45 249.65 1.2 237.6
6691 2.66 0 0 1.61 240.7
6692 1.79 0 0 0.1 240.38
6693 0.93 0 0 0.4 235.94
6694 0.06 0 0 0.2 233.56
6695 -0.81 0 0 0.3 233.37
6696 -1.68 0 0 0.6 229.58
6697 -2.28 0 0 0.9 227.97
6698 -3.01 0 0 1.1 226.39
6699 -3.74 0 0 4.21 224.06
6700 -4.17 0 0 5.62 225.07
6701 -4.6 0 0 3.21 226.65
6702 -4.94 0 0 1.4 225.3
6703 -5.27 11.96 0 1.2 222.98
6704 -1.08 161.57 628.73 1.4 233.06
6705 1.28 348.39 823.72 1.61 232.97
6706 3.43 511.2 925.25 2.01 234.86
6707 5.24 630.98 965.87 2.81 226.39
6708 6.61 695.68 982.8 2.01 228.92
6709 7.5 699 984.41 2.51 234.33
6710 7.88 642.24 971.16 1.81 240.07
6711 7.76 533.21 937.42 2.81 238.25
6712 6.89 382.45 855.4 4.51 241.86
6713 5.35 202.5 698.78 3.21 242.7
6714 3.34 26.48 51.14 3.21 244.66
6715 2.63 0 0 3.91 248.63
6716 1.92 0 0 2.01 249.41
6717 1.22 0 0 2.01 249.86
6718 0.51 0 0 2.51 249.27
6719 -0.19 0 0 1 246.73
6720 -0.9 0 0 0.7 246.19
6721 -1.02 0 0 1.2 247.29
6722 -1.19 0 0 0.6 248.08
6723 -1.35 0 0 1 245.53
6724 -1.45 0 0 1.71 247.55
6725 -1.55 0 0 2.51 248.07
6726 -1.63 0 0 5.32 247.89
6727 -1.71 8.94 0 2.01 248.19
6728 1.68 111.39 391.31 1.81 258.64
6729 4.2 277.45 647.83 5.92 255.36
6730 6.35 407.93 711.9 5.32 257.36
6731 8.01 486.65 584.79 5.62 255.06
6732 8.63 429.16 274.23 6.52 263.56
6733 8.95 411.03 205.95 5.62 264.77
6734 9.33 449.47 417.82 8.83 257.45
6735 9.26 363.44 397.16 10.03 257.1
6736 8.52 245.44 326.56 13.94 258.58
6737 7.26 120.39 157.68 8.33 260.47
6738 5.76 20.89 0 7.92 260.7
6739 5.49 0 0 6.92 266.07
6740 5.23 0 0 8.83 271.05
6741 4.97 0 0 4.82 272.7
6742 4.7 0 0 1.71 275.74
6743 4.44 0 0 4.51 277.52
6744 4.18 0 0 5.62 279.6
6745 4.08 0 0 3.61 278.96
6746 4.05 0 0 4.51 280.09
6747 4.03 0 0 3.21 283.75
6748 4.05 0 0 1.71 287.22
6749 4.08 0 0 2.01 287.46
6750 4.01 0 0 2.01 297.27
6751 4.16 2.48 0 0.6 302.09
6752 4.67 12.69 0 0.6 303.62
6753 5.01 28.5 0 0.9 305.03
6754 5.33 42.58 0 0.5 306.57
6755 6.9 207.1 17.3 1.1 302.79
6756 7.33 122.19 0 3.01 298.93
6757 9.62 475.07 364.31 3.21 269.21
6758 11.7 562.89 766.85 3.91 264.42
6759 12.83 456.45 772.78 2.31 270
6760 13.57 415.31 817.05 1.71 262.22
6761 13.41 217.01 670.28 4.82 268.17
6762 12.34 33.84 144.2 3.01 269.64
6763 11.6 0 0 3.21 274.94
6764 10.86 0 0 2.81 276.46
6765 10.12 0 0 2.81 274.02
6766 9.38 0 0 2.01 274.88
6767 8.64 0 0 1.81 276.5
6768 7.9 0 0 2.81 273.31
6769 6.84 0 0 2.51 272.3
6770 5.63 0 0 3.21 271.34
6771 4.43 0 0 3.21 266.17
6772 3.76 0 0 3.21 269.71
6773 3.09 0 0 2.81 271.45
6774 2.6 0 0 1.81 270.84
6775 2.11 6.78 0 3.21 272.75
6776 4.06 84.55 106.88 4.82 282.49
6777 5.1 179.44 121.45 4.82 282.83
6778 5.97 259.7 104.8 3.01 289.34
6779 6.91 340.56 158.68 3.01 280.35
6780 6.78 218.15 12.22 1.71 292.16
6781 6.91 280.6 31.07 4.82 288.09
6782 7 291.95 73.23 3.21 285.67
6783 7.22 352.83 322.8 2.31 279.15
6784 7.47 390.58 707.23 1.2 267.6
6785 6.98 183.13 677.17 1 270.74
6786 5.95 23.93 45.01 0.6 268.04
6787 5.32 0 0 0 265.97
6788 4.69 0 0 0.1 263.57
6789 4.05 0 0 0.1 264.79
6790 3.42 0 0 0.3 263.07
6791 2.79 0 0 0.2 260.91
6792 2.16 0 0 1.1 262.91
6793 2.11 0 0 0.5 261.05
6794 2.15 0 0 0.3 262.8
6795 2.19 0 0 0.3 261.93
6796 2.25 0 0 0.6 263.84
6797 2.32 0 0 0.7 266.87
6798 2.39 0 0 1 267.7
6799 2.46 6.76 0 1.4 268.79
6800 5.89 139.63 613.4 1.4 278.42
6801 8.61 359.26 736.54 2.81 271.73
6802 9.85 393.11 551.91 1.81 286.71
6803 8.65 172.06 3.79 1.4 307.89
6804 8.21 201.43 6.45 1.1 303.71
6805 7.9 194.98 4.26 0.5 301.74
6806 7.49 159.39 0 0.7 304.5
6807 7.69 252.79 105.6 0.5 294.02
6808 7.13 92.48 0 1.1 299.88
6809 6.67 99.68 144.1 0.7 296.03
6810 5.25 11.03 0 1.2 290.45
6811 5.47 0 0 1.1 290.99
6812 5.45 0 0 0.7 287.72
6813 5.06 0 0 2.01 286.33
6814 4.68 0 0 5.92 285.62
6815 4.51 0 0 6.92 283.03
6816 4.23 0 0 5.32 283.46
6817 3.03 0 0 6.92 278.07
6818 2.91 0 0 4.82 276.84
6819 2.17 0 0 7.12 272.34
6820 1.93 0 0 5.92 271.94
6821 1.45 0 0 2.51 268.77
6822 1.41 0 0 3.61 270.12
6823 1.2 9.84 0 4.82 268.46
6824 3.21 110.86 276.88 7.92 273.06
6825 3.37 126.7 75.36 13.94 286.64
6826 4.65 328.88 344.87 12.04 277.22
6827 6.6 620.09 737.11 7.42 264.05
6828 7.18 452.26 367.56 7.42 282.2
6829 7.75 510.28 536.75 3.21 281.24
6830 6.43 53.64 0 3.21 311.19
6831 5.41 44.41 0 2.51 310.57
6832 4.54 31.23 0 1.81 309.25
6833 3.86 15.64 0 1.71 304.16
6834 3.25 2.4 0 1.1 303.65
6835 2.98 0 0 1 298.71
6836 2.7 0 0 0.7 295.26
6837 2.43 0 0 0.5 292.17
6838 2.16 0 0 0.6 287.26
6839 1.88 0 0 0.6 282.7
6840 1.61 0 0 3.61 281.85
6841 1.27 0 0 2.31 279.72
6842 0.95 0 0 1.81 277.24
6843 0.62 0 0 6.22 274.22
6844 0.47 0 0 2.31 271.29
6845 0.31 0 0 1.1 267.24
6846 0.21 0 0 0.4 264.46
6847 0.11 5.91 0 0.4 266.7
6848 2.74 92.25 339.94 0.5 269.43
6849 5.03 252.62 619.45 0.6 262.68
6850 6.98 377.27 572.49 0.9 265.4
6851 7.52 315.79 148.46 0.7 271.48
6852 8.46 422.33 314.17 0.5 265.82
6853 9.14 432.87 330.84 0.7 266.22
6854 9.68 446.52 452.94 0.4 262.29
6855 9.99 417.09 592.16 0.1 259.62
6856 9.17 188.72 158.86 0 270.38
6857 7.95 69.17 17.17 0 275.49
6858 6.7 13.48 0 0.1 273.4
6859 5.77 0 0 0 272.5
6860 4.84 0 0 0 270.83
6861 3.91 0 0 0.2 269.58
6862 2.98 0 0 0.2 264.52
6863 2.05 0 0 0 260.32
6864 1.12 0 0 0.1 260.11
6865 0.12 0 0 0.1 255.43
6866 -1.16 0 0 0.1 252.64
6867 -2.44 0 0 0.7 249.05
6868 -3.23 0 0 1.4 246.69
6869 -4.02 0 0 1.2 242.01
6870 -4.64 0 0 1.4 237.84
6871 -5.26 5.18 0 1.71 233.71
6872 -3.42 120.84 604.76 1.2 240.19
6873 -2.23 289.04 793.92 1.4 239.08
6874 -1.15 437.87 895.38 1.2 239.47
6875 -0.27 547.95 941.35 2.01 239.92
6876 0.35 605.69 954.65 2.51 238.89
6877 0.68 613.25 958.16 1.4 240.18
6878 0.72 565.19 946.73 0.5 240.66
6879 0.45 464.93 910.31 1.71 240.85
6880 -0.28 321.9 819.82 1.71 243.77
6881 -1.43 154.45 647.66 1.2 243.73
6882 -2.8 13.33 0 1.1 240.57
6883 -3.49 0 0 0.9 239.96
6884 -4.17 0 0 0.1 239.6
6885 -4.85 0 0 0.1 239.07
6886 -5.54 0 0 0.1 239.63
6887 -6.22 0 0 0 238.36
6888 -5.84 0 0 0 241.2
6889 -6.22 0 0 0 241.09
6890 -5.5 0 0 0 246.58
6891 -5.63 0 0 0.1 248.07
6892 -4.44 0 0 0.1 255.69
6893 -3.83 0 0 0.3 258.92
6894 -3.59 0 0 0.7 259.91
6895 -3.47 0.75 0 2.01 260.48
6896 -4.7 13.78 0 1.4 261.54
6897 -2.52 26.7 0 2.31 265.44
6898 -2.02 39.94 0 3.61 268.54
6899 -1.8 46.99 0 1.81 273.23
6900 -1.47 52.28 0 1.61 272.89
6901 -1.51 65.55 0 2.01 273.71
6902 1.35 447.45 467.61 1.4 255.66
6903 2.87 371.56 554.2 2.51 263.56
6904 3.5 250.36 523.38 2.81 269.06
6905 3.4 118.13 398.97 1.81 272.07
6906 2.66 9.9 0 2.01 259.86
6907 2.57 0 0 1.1 260.7
6908 2.47 0 0 2.81 265.65
6909 2.38 0 0 3.21 262.84
6910 2.25 0 0 2.51 269.33
6911 1.95 0 0 3.01 270.85
6912 2.1 0 0 1.4 272.24
6913 1.58 0 0 2.31 270.22
6914 0.97 0 0 3.21 268.76
6915 0.35 0 0 3.91 266.94
6916 0 0 0 3.61 267.1
6917 -0.36 0 0 3.61 267.99
6918 -0.63 0 0 3.91 264.56
6919 -0.9 3.22 0 4.21 266.35
6920 0.72 58.86 51 6.22 276.36
6921 1.74 135.9 54.85 7.42 280.65
6922 2.87 224.37 77.46 2.01 281.85
6923 3.81 282.53 77.06 2.51 280.49
6924 4.32 280.19 33.96 2.01 284.95
6925 4.94 343.69 132.38 1.81 283.95
6926 5.74 437.73 480.7 0.9 274.32
6927 6.23 414.24 692.64 1.81 271.38
6928 6.22 298.18 781.96 3.91 270.71
6929 5.5 148.54 625.77 10.03 271.49
6930 5.25 14.31 0 8.33 272.29
6931 5.01 0 0 4.82 276.93
6932 4.77 0 0 4.21 279.33
6933 4.52 0 0 5.92 283.82
6934 4.28 0 0 4.82 286.99
6935 4.03 0 0 4.82 288.63
6936 3.79 0 0 4.82 291.64
6937 3.94 0 0 3.61 292.79
6938 4.14 0 0 2.01 296.15
6939 4.38 0 0 5.92 299.67
6940 4.62 0 0 4.82 304.07
6941 4.75 0 0 2.01 306.29
6942 4.82 0 0 3.21 309.02
6943 4.79 0.51 0 4.21 311.95
6944 4.31 10.91 0 2.01 312.01
6945 5.33 25.49 0 2.01 317.17
6946 5.86 39.11 0 3.61 319.94
6947 6.51 49.11 0 4.82 322.7
6948 6.67 54.58 0 4.21 322.03
6949 6.99 55.1 0 3.61 322.12
6950 9.28 456.38 413.69 1.4 294.43
6951 10.57 358.78 570.98 2.31 303.43
6952 11.12 244.9 548.97 3.21 308.16
6953 11.02 116.03 454.54 2.01 310.49
6954 10.6 7.41 0 0.9 309.75
6955 10.17 0 0 1 309.01
6956 9.75 0 0 1.4 308.27
6957 9.12 0 0 0.2 309.71
6958 8.74 0 0 0.1 305.9
6959 8.43 0 0 0 305.75
6960 8.05 0 0 0.1 307.91
6961 7.27 0 0 0.3 305.27
6962 6.46 0 0 0.7 302.34
6963 5.64 0 0 1.4 299.44
6964 5.21 0 0 1.1 300.66
6965 4.78 0 0 0.3 304.84
6966 4.48 0 0 0.5 305.15
6967 4.18 1.35 0 0.2 305.01
6968 4.78 22.95 0 0.3 309.87
6969 5.27 61.1 0 0.6 307.83
6970 6.22 148.55 25.15 1.1 303.35
6971 9.85 603.71 719.7 1 272.54
6972 12.52 694.99 940.64 1.2 269.17
6973 14.32 701.4 892.33 3.21 268.4
6974 14.85 516.86 823.37 3.61 281.97
6975 15.27 525.33 853.57 2.51 273.83
6976 14.96 357.87 804.33 1 278.2
6977 13.77 162.56 585.11 1.71 283.62
6978 12.92 10.82 0 2.31 286.49
6979 12.07 0 0 7.42 291.62
6980 11.22 0 0 3.21 290.9
6981 10.37 0 0 3.61 291.28
6982 9.52 0 0 2.01 290.51
6983 8.67 0 0 1.4 290.81
6984 7.82 0 0 1.2 291.33
6985 7.16 0 0 1.2 290.06
6986 6.41 0 0 0.5 289.84
6987 5.66 0 0 0.4 289.45
6988 5.25 0 0 0.5 292.42
6989 4.84 0 0 0.2 294.76
6990 4.54 0 0 0.1 294.51
6991 4.23 1.98 0 0.4 295.21
6992 5.48 47.98 44.74 1.2 299.51
6993 7.83 223.87 445.31 1.61 288.24
6994 9.55 330.73 547.32 3.21 291.89
6995 10.83 396.89 480.99 2.81 292.1
6996 11.83 445.92 490.25 4.21 293.47
6997 12.29 405.75 303.15 2.81 297.14
6998 12.66 421.94 519.71 2.01 295.18
6999 12.68 352.35 521.19 3.21 294.66
7000 12.38 287.42 665.97 4.21 289.11
7001 11.41 133.25 608.85 4.21 289.82
7002 10.67 9.31 0 5.32 289.83
7003 9.93 0 0 3.91 293.87
7004 9.18 0 0 2.31 289.63
7005 8.44 0 0 0.6 288.74
7006 7.7 0 0 0.1 284.41
7007 6.96 0 0 0 282.4
7008 6.22 0 0 0 281.57
7009 5.81 0 0 0.7 279.57
7010 5.37 0 0 0.4 274.38
7011 4.93 0 0 1.1 273.43
7012 4.69 0 0 1.81 273.97
7013 4.45 0 0 0.9 273.2
7014 4.27 0 0 0.2 273.07
7015 4.1 1.69 0 0.1 273.79
7016 6.66 90.04 510.06 0.2 281.04
7017 8.9 248.68 756.66 0.1 282.27
7018 11.07 399.47 872.25 0.1 285.23
7019 12.95 511.63 930.37 1.2 280.71
7020 14.39 570.26 948.22 0.4 281.39
7021 15.37 575.3 949.97 0.5 282.2
7022 15.84 522.42 930.37 0.6 284.62
7023 15.8 417.58 879.86 3.01 287.27
7024 14.97 271.64 771.92 3.61 287.34
7025 13.52 111.67 537.81 2.31 290.71
7026 12.79 5.79 0 1.1 290.73
7027 12.07 0 0 0 296.63
7028 11.34 0 0 0 295.25
7029 10.62 0 0 0 292.87
7030 9.89 0 0 0 290.63
7031 9.17 0 0 0.2 290.42
7032 8.44 0 0 1.4 291.6
7033 7.89 0 0 0.9 288.66
7034 7.28 0 0 2.51 287.85
7035 6.67 0 0 3.21 288.38
7036 6.33 0 0 2.51 292.45
7037 6 0 0 2.31 292.16
7038 5.76 0 0 3.21 292.65
7039 5.52 1.15 0 2.01 290.97
7040 6.65 49.91 64.52 1.81 296.32
7041 7.64 142.92 104.89 1.81 300.18
7042 8.96 264.92 204.41 1.61 295.88
7043 10.02 341.04 211.39 1.61 297.46
7044 10.11 314.84 101.07 2.31 313.96
7045 10.92 339.24 123.99 3.91 302.06
7046 11.16 330.5 171.22 4.82 300.24
7047 11.06 244.73 166.29 7.42 303.85
7048 10.03 60.85 0 6.92 327.61
7049 9.2 9.75 0 6.22 329.25
7050 8.89 2.82 0 3.61 325.63
7051 8.59 0 0 4.51 317.39
7052 8.28 0 0 6.22 315.23
7053 7.98 0 0 6.52 311.55
7054 7.67 0 0 5.32 309.85
7055 7.36 0 0 5.62 308.2
7056 7.06 0 0 4.82 305.09
7057 6.99 0 0 3.91 303.05
7058 6.85 0 0 2.31 303.51
7059 6.72 0 0 2.01 301.98
7060 6.62 0 0 2.51 300.2
7061 6.52 0 0 2.51 299.27
7062 6.44 0 0 2.51 296.04
7063 6.35 0.91 0 2.51 295.34
7064 8.98 74.25 374.58 1 298.83
7065 11.44 214.01 607.81 1.1 297.02
7066 13.99 360.31 789.91 0.2 295.69
7067 16.13 459.56 826.55 0.2 291.09
7068 17.77 512.48 834.83 0.3 289.46
7069 18.79 502.41 770.62 0.3 291.95
7070 19.22 449.03 738.07 0.2 292.47
7071 19.11 360.9 714.16 0.6 295.35
7072 18.1 227.66 589.28 0.7 295.97
7073 16.45 92.21 413.63 0.9 297.33
7074 15.45 4.08 0 0.6 297.43
7075 14.45 0 0 0.5 300.09
7076 13.46 0 0 0.4 303.04
7077 12.46 0 0 0.2 298.18
7078 11.46 0 0 0.1 295.67
7079 10.47 0 0 0.9 295.75
7080 9.47 0 0 0.4 292.89
7081 8.73 0 0 0.2 292.59
7082 7.94 0 0 0.6 292.61
7083 7.15 0 0 1.61 294.19
7084 6.74 0 0 1.2 293.19
7085 6.32 0 0 0.2 292.22
7086 6.02 0 0 0.2 294.18
7087 5.72 0 0 0.4 293.43
7088 7.55 73.86 307.36 0.7 298.9
7089 9.22 208.38 492.74 2.51 302.33
7090 10.63 313.91 550.48 2.31 306.79
7091 12.09 435.31 739.06 2.01 300.73
7092 13.27 499.49 753.02 2.51 300
7093 13.85 455.16 585.94 2.81 301.69
7094 14.05 399.13 495.97 4.21 304.06
7095 13.88 319.3 490.71 6.52 299.57
7096 13.19 205.03 417.7 10.03 298.46
7097 12.08 78.55 257.58 4.82 304.36
7098 11.22 3.07 0 6.22 300.8
7099 10.35 0 0 4.21 302.11
7100 9.48 0 0 4.82 299.66
7101 8.61 0 0 3.01 294.36
7102 7.75 0 0 10.03 292.14
7103 6.88 0 0 5.32 286.59
7104 6.01 0 0 5.32 285.06
7105 5.36 0 0 2.81 284.38
7106 4.64 0 0 1 279.42
7107 3.92 0 0 1.81 279.37
7108 3.53 0 0 0.7 276.39
7109 3.14 0 0 1 274.4
7110 2.85 0 0 0.7 271.6
7111 2.57 0 0 0.7 269.66
7112 4.64 78.66 518.16 0.2 272.1
7113 6.69 235.02 748.39 1.2 272.25
7114 8.69 384.58 866.77 2.01 273.26
7115 10.4 494.11 928.67 0.5 271.61
7116 11.72 553.57 949.75 2.01 272.56
7117 12.6 559.59 952.3 4.21 271.15
7118 13.02 509.47 935.29 3.61 271.81
7119 12.96 403.23 878.56 0.7 271.42
7120 12.15 259.37 772.11 1.81 274.06
7121 10.77 101.06 579.58 1.4 277.26
7122 10.06 2.63 0 1.61 279.65
7123 9.36 0 0 2.51 281.88
7124 8.65 0 0 3.01 278.05
7125 7.95 0 0 1.4 275.95
7126 7.24 0 0 0.7 275.82
7127 6.54 0 0 0.4 274.91
7128 5.83 0 0 0.5 271.47
7129 5.42 0 0 0.2 268.89
7130 4.97 0 0 0.5 268.26
7131 4.52 0 0 0.5 268.63
7132 4.27 0 0 0.3 270.17
7133 4.03 0 0 0.2 269.18
7134 3.85 0 0 0.7 268.89
7135 3.68 0 0 0.6 266.77
7136 5.79 75.73 518.67 0.3 272.55
7137 7.89 226.14 723.12 0.3 274.38
7138 9.83 360.05 819.26 0.4 275.78
7139 11.48 458.71 874.26 1.71 272.17
7140 12.75 509.86 879 2.51 275.16
7141 13.6 513.16 878.38 2.51 278.91
7142 14 466.27 867.17 2.31 281.77
7143 13.96 372.83 830.76 1.2 286.94
7144 13.23 244.22 742.72 1.61 290.36
7145 11.91 93.2 525.76 0.3 295.85
7146 11.24 2.03 0 2.51 292.02
7147 10.58 0 0 1.4 294.22
7148 9.91 0 0 2.31 292.88
7149 9.24 0 0 4.21 291.72
7150 8.58 0 0 2.01 288.44
7151 7.91 0 0 2.01 284.59
7152 7.24 0 0 1.2 283.69
7153 6.74 0 0 3.01 283.23
7154 6.18 0 0 2.51 282.53
7155 5.62 0 0 4.51 280.74
7156 5.3 0 0 5.92 278.09
7157 4.99 0 0 3.61 277.39
7158 4.76 0 0 1.1 274.4
7159 4.53 0 0 1 272.92
7160 6.74 81.31 492.16 1.4 279.39
7161 9.07 252.21 735.73 0.9 278.3
7162 11.28 409.62 868.4 0.6 283.53
7163 13.14 523.53 935.02 0.5 283.37
7164 14.58 584.47 957.89 0.4 286.38
7165 15.51 583.99 959.31 0.3 291.34
7166 15.93 525.82 939.83 0.9 293.71
7167 15.82 414.86 879.57 0.2 296.75
7168 14.92 263.68 764.79 1.2 297.71
7169 13.4 97.81 564.99 1.61 303.13
7170 12.83 1.45 0 0.7 302.63
7171 12.27 0 0 0.9 303.28
7172 11.7 0 0 0.5 302.01
7173 11.14 0 0 0.6 303.86
7174 10.57 0 0 1.2 300.87
7175 10.01 0 0 0.4 297.67
7176 9.44 0 0 0.5 293.29
7177 9.15 0 0 0.2 290.95
7178 8.85 0 0 0.3 290.73
7179 8.56 0 0 0.1 290.22
7180 8.41 0 0 0.2 291.76
7181 8.26 0 0 0.3 291.47
7182 8.17 0 0 0.2 292.14
7183 8.07 0 0 1.1 292.6
7184 9.75 63.65 430.69 3.21 297.23
7185 12.18 248.35 515.6 1.4 302
7186 13.38 292.57 483.41 2.01 309.31
7187 14.5 371.4 527.07 1.2 312.92
7188 15.48 428.58 480.94 0.3 313.55
7189 15.21 244.41 60.39 1.61 330.01
7190 14.92 229.26 49.57 1.61 325.82
7191 15.08 296.67 407.51 1.1 313.31
7192 14.25 105.13 34.73 1.71 328.47
7193 13.32 45.6 64.6 3.21 324.09
7194 12.71 0.78 0 2.01 319.05
7195 12.1 0 0 1.4 312.85
7196 11.5 0 0 1.2 312.57
7197 10.89 0 0 1.61 307.42
7198 10.28 0 0 1.2 303.49
7199 9.67 0 0 1.2 300.83
7200 9.06 0 0 4.21 297.78
7201 8.44 0 0 5.62 296.16
7202 7.79 0 0 3.91 294.36
7203 7.14 0 0 2.51 294.5
7204 6.79 0 0 1.61 294.9
7205 6.45 0 0 0.4 295.16
7206 6.21 0 0 2.51 294.27
7207 5.97 0 0 3.01 293.97
7208 6.86 35.38 82.23 1.71 294.22
7209 7.81 110.96 77.71 1.4 296.51
7210 9.17 235.05 227.79 0.3 292.72
7211 10.08 271.12 146.8 0.7 294.82
7212 11.23 391.56 391.25 3.91 288.29
7213 12.03 401.05 451.7 3.61 288.51
7214 12.62 408.51 646.13 4.21 290.33
7215 12.77 321.06 626.1 1.1 292.1
7216 12.36 195.22 493.64 1.1 299.01
7217 11.5 76.24 322.34 2.31 299.56
7218 10.8 0.75 0 0.3 297.17
7219 10.1 0 0 0.1 295.57
7220 9.4 0 0 0.6 292.31
7221 8.7 0 0 0.2 288.51
7222 8 0 0 0.1 289.39
7223 7.29 0 0 0.1 283.61
7224 6.59 0 0 0.5 282.05
7225 6.04 0 0 0.4 281.31
7226 5.42 0 0 0.2 277.85
7227 4.81 0 0 0.7 276.44
7228 4.47 0 0 0.6 275.04
7229 4.13 0 0 0.3 274.3
7230 3.88 0 0 0.7 270.94
7231 3.63 0 0 0.5 268.55
7232 5.02 54.22 362.94 0.5 270.77
7233 7.44 239.66 716.26 0.5 278.86
7234 9.66 403.31 717.78 0.4 281.48
7235 10.23 327.57 333.15 0.5 294.78
7236 10.85 383.96 380.74 1.61 292.34
7237 10.49 213.01 33.77 1.71 304.89
7238 10.29 234.07 83.92 0.3 298.79
7239 10.76 425.29 647.13 2.51 274.15
7240 10.3 205.66 516.38 2.51 284.01
7241 9.33 76.63 354.46 4.21 287.1
7242 8.64 0 0 1.81 284.29
7243 7.95 0 0 2.31 280.74
7244 7.26 0 0 0.7 279.77
7245 6.57 0 0 1.61 280.51
7246 5.88 0 0 1.2 275.03
7247 5.19 0 0 1.71 270.56
7248 4.5 0 0 0.9 267.95
7249 4.08 0 0 0.6 268.08
7250 3.6 0 0 0.9 265.07
7251 3.12 0 0 1.2 260.85
7252 2.85 0 0 1.71 259.67
7253 2.58 0 0 0.7 255.99
7254 2.39 0 0 0.2 251.25
7255 2.19 0 0 0.6 249.68
7256 3.64 52.92 362.56 3.21 259.23
7257 6.11 229.93 429.31 6.22 266.22
7258 4.98 28.88 0 6.52 304.47
7259 4.46 37.9 0 6.92 303.54
7260 7.23 584.24 648.19 3.91 263.43
7261 9.09 589.09 947.81 7.12 269
7262 10.16 531.3 927.41 8.33 274.45
7263 10.54 416.16 866.47 10.03 275.59
7264 10.21 256.72 737.68 8.83 278.57
7265 9.11 86.79 496.46 8.83 282.27
7266 8.92 0 0 11.34 289.78
7267 8.73 0 0 7.92 294.35
7268 8.55 0 0 4.82 297.37
7269 8.36 0 0 4.51 298.33
7270 8.18 0 0 2.01 299.99
7271 7.99 0 0 1.71 302.63
7272 7.81 0 0 1.81 303.89
7273 7.86 0 0 1.4 305.75
7274 7.96 0 0 1 307.93
7275 8.07 0 0 1.81 309.64
7276 8.14 0 0 5.62 311.21
7277 8.22 0 0 3.21 311.97
7278 8.27 0 0 3.01 312.21
7279 7.94 0 0 3.21 312.36
7280 9.18 26.28 7.45 3.61 316.93
7281 10.37 105.65 94.63 1.4 320
7282 9.69 84.36 0 0.7 330.21
7283 12.08 263.96 153.39 1.4 321.3
7284 13.45 307.96 173.22 1 327.48
7285 13.6 191.73 20.37 1.81 339.36
7286 13.15 85.89 0 1.61 346.17
7287 12.84 96.33 0 1.2 340.96
7288 12.95 154.87 256.68 1.2 324.41
7289 12.69 85.71 275.94 0.3 310.08
7290 12.21 0 0 0.9 308.98
7291 11.74 0 0 1.2 307.87
7292 11.27 0 0 0.3 306.76
7293 10.8 0 0 0.4 305.64
7294 10.32 0 0 0.1 304.52
7295 9.23 0 0 0 302.74
7296 8.59 0 0 0.1 298.25
7297 7.75 0 0 0 299.32
7298 6.91 0 0 0 299.52
7299 6.07 0 0 0.1 298.02
7300 5.48 0 0 0 296.4
7301 4.88 0 0 0 295.11
7302 4.46 0 0 0 294.2
7303 4.04 0 0 0 292.71
7304 4.75 22.86 0 0.2 294.78
7305 5.82 89.52 44.88 0.2 296.96
7306 6.16 93 0 0.7 304.13
7307 7.09 185.77 25.78 0.5 295.03
7308 7.63 186.57 13.15 1 296.56
7309 8.87 346.51 273.46 0.2 290.42
7310 9.74 347.71 425.37 0.3 287.56
7311 10.42 356.38 711.65 0.1 277.64
7312 10.49 243.56 724.99 0.1 279.22
7313 9.65 76.93 487.09 0 277.89
7314 8.83 0 0 0.1 271.99
7315 8.01 0 0 0.3 266.25
7316 7.19 0 0 0.2 264.74
7317 6.36 0 0 0.1 263.91
7318 5.54 0 0 0.1 260.79
7319 4.72 0 0 0.8 258.95
7320 3.9 0 0 1 259
7321 3.4 0 0 0.3 260.45
7322 2.9 0 0 0 258.28
7323 2.41 0 0 0.1 255.68
7324 2.15 0 0 0.2 254.62
7325 1.9 0 0 0.2 252.88
7326 1.74 0 0 0 251.77
7327 1.57 0 0 0 251.81
7328 2.81 33.79 96.64 0.1 254.25
7329 5.53 182.79 677.75 0.1 259.31
7330 8.15 322.78 819.97 0.2 260.27
7331 10.37 422.52 876.02 1.3 257.76
7332 12.08 473.65 890.49 1.4 259.25
7333 13.24 476.75 890.58 2.4 263.37
7334 13.79 424.4 859.09 1.3 269.64
7335 13.75 329.14 804.9 1 270.97
7336 12.82 199.32 689.75 1 275.32
7337 11.11 44.25 211.51 1.1 270.86
7338 10.54 0 0 1 276.94
7339 9.97 0 0 0.4 276.78
7340 9.4 0 0 0.1 276.93
7341 8.83 0 0 1.1 281.79
7342 8.26 0 0 1 286.35
7343 7.69 0 0 0.4 285.67
7344 7.12 0 0 0.7 283.49
7345 6.46 0 0 1 296.69
7346 6 0 0 2.9 299.35
7347 5.43 0 0 1.4 298.24
7348 5.12 0 0 3.9 295.73
7349 4.86 0 0 2.6 301.56
7350 4.66 0 0 1.3 302.71
7351 4.4 0 0 1.4 304.33
7352 4.29 4.67 0 0.4 309.9
7353 4.02 15.31 0 0.9 310.36
7354 4.89 31.29 0 0.7 309.48
7355 5.12 52.66 0 0.4 307.91
7356 5.47 48.64 0 0.4 306.18
7357 5.51 45.54 0 1.1 306.71
7358 7.11 356.06 461.72 1.4 284.9
7359 7.95 276.61 551.01 3.5 290.41
7360 8.2 171.44 529.62 5.6 293.4
7361 7.76 37.47 131.41 4.8 280.09
7362 7.23 0 0 6.5 271.66
7363 6.7 0 0 2.9 270.99
7364 6.17 0 0 2.3 270.5
7365 5.63 0 0 2 268.88
7366 5.1 0 0 2 268.06
7367 4.57 0 0 3.9 268.92
7368 3.99 0 0 1.1 271.7
7369 3.54 0 0 0.4 272.01
7370 3.02 0 0 1.3 270.75
7371 2.5 0 0 2.4 269.29
7372 2.24 0 0 2.6 266.27
7373 1.97 0 0 3.9 268.1
7374 1.78 0 0 3.2 268.28
7375 1.6 0 0 2.9 267.33
7376 2.47 22.34 0 2.9 273.88
7377 5.06 152.46 333.25 1.4 278.65
7378 6.07 165.03 95.22 1.1 286.27
7379 6.71 178.45 25.13 2.9 287.9
7380 7.82 271.85 127.81 5 283.77
7381 9.12 354.68 334.35 5.6 278.86
7382 10.81 491.31 763.86 3.9 267.58
7383 11.52 378.61 847.64 4.8 271.66
7384 11.29 223.78 707.41 3.5 276.16
7385 9.94 52.35 360.23 1.6 274.21
7386 9.26 0 0 0.4 272.57
7387 8.58 0 0 0.5 271.28
7388 7.91 0 0 1 270.27
7389 7.23 0 0 2.3 272.01
7390 6.56 0 0 0.9 269.37
7391 5.88 0 0 2.3 271.15
7392 5.21 0 0 1.3 269.92
7393 4.61 0 0 0.7 267.99
7394 4.01 0 0 0.9 269.64
7395 3.41 0 0 1.8 273.51
7396 3.11 0 0 0.8 273.8
7397 2.81 0 0 1 276.57
7398 2.61 0 0 1.4 275.67
7399 2.41 0 0 0.8 276.7
7400 2.73 10 0 1.1 279.22
7401 3.38 50.49 0 2.9 285.59
7402 5.02 182.79 158.31 2.9 280.52
7403 6.87 311.16 413.18 1.4 274.96
7404 8.26 354.81 419.54 4.8 276.09
7405 9.52 417.39 559.75 3.9 274.35
7406 9.66 252.5 166.69 1.4 286.53
7407 9.14 150.21 53.4 1.6 292.55
7408 7.93 17.03 0 0.2 302.87
7409 6.97 19.08 0 0.4 301.42
7410 6.52 0 0 2.3 300.2
7411 6.07 0 0 3.9 299.05
7412 5.62 0 0 2.9 295.26
7413 5.17 0 0 3.5 296.14
7414 4.72 0 0 2.3 292.43
7415 4.27 0 0 2 291.63
7416 3.83 0 0 1.3 289.1
7417 3.38 0 0 1.8 283.83
7418 2.95 0 0 0.2 280.22
7419 2.46 0 0 0.1 283.03
7420 2.3 0 0 0.7 285.8
7421 2.08 0 0 0.2 282.66
7422 1.94 0 0 1.6 281.18
7423 1.79 0 0 1.8 279.33
7424 1.96 4.27 0 0.2 279.52
7425 3.28 72.64 8.68 0.7 283.09
7426 4.31 118.14 7.81 0.8 279.59
7427 4.18 50.87 0 0.4 290.77
7428 4.3 76.79 0 0.5 289.41
7429 4.89 186.6 25.36 0.2 290.37
7430 6.68 373.76 557.2 1 266.81
7431 7.54 304.36 774.58 1.8 266.99
7432 7.66 175.15 638.48 3.5 272.88
7433 6.91 36.21 152.66 1.4 272.57
7434 6.3 0 0 0.6 273.15
7435 5.68 0 0 0.5 276.25
7436 5.07 0 0 0.4 276.26
7437 4.45 0 0 0.9 275.56
7438 3.84 0 0 2 274.07
7439 3.23 0 0 3.2 273.73
7440 2.61 0 0 4.3 273.74
7441 1.98 0 0 3.2 273.95
7442 1.33 0 0 2.9 277.97
7443 0.67 0 0 6.9 277.5
7444 0.34 0 0 3.5 276.26
7445 0 0 0 3.5 275.03
7446 -0.24 0 0 1.8 276.93
7447 -0.47 0 0 1.3 279.38
7448 -0.2 9.03 0 0.9 280.67
7449 -0.32 21.99 0 0.6 284.24
7450 0.28 44.41 0 1.4 281.19
7451 2.3 274.74 276.87 1.4 266.02
7452 3.58 288.12 154.68 1 262.78
7453 4.27 258.31 91.87 2 271.13
7454 4.6 230.75 91.5 1 282.68
7455 4.44 148.85 39.12 1 286.18
7456 3.9 62.82 0 1.4 278.59
7457 3.24 33.84 67.26 0.9 272.76
7458 2.7 0 0 1.3 273.13
7459 2.16 0 0 2.9 268.5
7460 1.63 0 0 3.5 265.16
7461 1.09 0 0 2.9 260.78
7462 0.55 0 0 5.9 258.64
7463 0.02 0 0 4.3 257.33
7464 -0.52 0 0 2 255.95
7465 -0.96 0 0 1.1 254
7466 -1.43 0 0 1.8 249.35
7467 -1.9 0 0 1.6 248.06
7468 -2.16 0 0 3.2 246.01
7469 -2.41 0 0 0.8 242.97
7470 -2.59 0 0 0.7 239.37
7471 -2.77 0 0 2 236.63
7472 -1.85 24.56 49.16 0.9 240.08
7473 1.29 188.31 647.86 0 249.77
7474 4.38 347.98 817.97 0.4 251.42
7475 7.07 468.34 894.65 0.1 247.9
7476 9.16 531.27 773.74 0.2 249.49
7477 9.19 321.81 280.72 1.6 264.24
7478 9.92 451.1 676.24 2 249.21
7479 9.2 249.49 396.22 4.5 265.01
7480 8.38 215.61 454.78 5.4 258.32
7481 6.59 44.57 309.53 1.6 256.42
7482 6.1 0 0 2.4 263.09
7483 5.61 0 0 3.2 263.14
7484 5.12 0 0 3.9 263.06
7485 4.63 0 0 2.3 263.89
7486 4.14 0 0 2.4 263.06
7487 3.64 0 0 2.6 262.17
7488 3.15 0 0 1.3 263.31
7489 2.81 0 0 1.6 263.43
7490 2.5 0 0 1.1 264.25
7491 2.2 0 0 0.2 261.92
7492 2.08 0 0 0.2 263.26
7493 1.95 0 0 0.3 265.97
7494 1.88 0 0 0.7 267.54
7495 1.81 0 0 0.8 267.91
7496 2.23 13.15 0 3.2 267.6
7497 3.57 105.28 228.49 3.2 271.13
7498 5.33 241.14 508.22 5.6 264.81
7499 6.62 296.49 382.75 5 270.08
7500 7.37 289.3 226.69 5.4 276.21
7501 7.1 160.39 9.1 3.9 300.52
7502 5.83 55.4 0 0.7 309.56
7503 5.42 30.23 0 1.1 306.29
7504 5.05 45.86 0 3.2 298.65
7505 4.55 12.73 0 2.6 294.46
7506 4.13 0 0 0.9 290.75
7507 3.77 0 0 2 290.03
7508 3.38 0 0 0.7 286.48
7509 2.99 0 0 0.4 282.96
7510 2.6 0 0 0.5 281.06
7511 2.21 0 0 0.3 278.01
7512 1.82 0 0 0.8 274.03
7513 0.93 0 0 2 268.68
7514 -0.01 0 0 3.2 263
7515 -0.95 0 0 2 256.83
7516 -1.46 0 0 1.1 252.6
7517 -1.96 0 0 1.6 247.4
7518 -2.32 0 0 2.4 244.23
7519 -2.67 0 0 1.6 238.63
7520 -2.21 17.77 0 2.4 238.33
7521 -0.34 147.51 641.52 2 237.79
7522 2.22 348.01 808.89 2.4 231.94
7523 4.05 425 853.25 2 237.61
7524 5.13 427.58 662.59 0.8 243.49
7525 5.12 283.81 192.14 0.6 257.61
7526 4.85 246.55 174.03 2 260.37
7527 3.72 100.82 0 1 273.07
7528 2.63 68.05 0.32 1.6 267.64
7529 1.52 20.52 0 1 266.01
7530 1.16 0 0 0.4 265.5
7531 0.81 0 0 0.2 266.7
7532 0.46 0 0 0.2 266.91
7533 0.11 0 0 0 268.91
7534 -0.24 0 0 0 267.58
7535 -0.59 0 0 0.2 268.49
7536 -0.94 0 0 0.6 273.1
7537 -1.22 0 0 1.1 273.2
7538 -1.2 0 0 2 273.66
7539 -1.19 0 0 2.3 274.04
7540 -1.18 0 0 2 275.22
7541 -1.23 0 0 0.8 274.51
7542 -1.34 0 0 1.1 274.25
7543 -1.31 0 0 1.3 274.77
7544 -1.28 5.34 0 0.8 276.03
7545 -1.32 33.55 0 1.3 276.15
7546 -0.26 56.09 0 1.1 281.89
7547 -1.33 79.08 0 2 276.12
7548 0.6 98.61 0 1 282.83
7549 0.84 111.85 0 2.3 284.91
7550 1.41 90.59 0 2.3 287.12
7551 1.53 72.99 0 1.8 285.57
7552 1.46 45.38 0 1.3 283.1
7553 1.12 9.91 0 0.4 275.85
7554 0.78 0 0 0.8 273.38
7555 0.51 0 0 0.7 272.03
7556 0.19 0 0 0.6 268.74
7557 -0.14 0 0 1.3 265.48
7558 -0.46 0 0 0.8 262.24
7559 -0.81 0 0 2.9 256.47
7560 -1.11 0 0 7.2 255.85
7561 -1.57 0 0 3.9 253.64
7562 -2.06 0 0 3.2 252.41
7563 -2.54 0 0 1.4 250.13
7564 -2.8 0 0 2 248.03
7565 -3.06 0 0 2 245.48
7566 -3.24 0 0 1 243.09
7567 -3.42 0 0 1.3 240.05
7568 -2.83 15.89 0 3.5 239.9
7569 -0.11 156.52 636.85 2.6 244.64
7570 2.71 304.92 799.68 2.4 240.4
7571 5.19 416 882.73 0.7 237.54
7572 7.15 477.61 919.58 0.7 239.12
7573 8.47 482.58 922.19 2.3 243.08
7574 9.13 431.29 891.48 2.3 247.22
7575 9.09 325.91 817.06 4.8 249.95
7576 8 181.88 667.14 5.4 253.32
7577 6.08 25.01 47.92 2.9 252.15
7578 5.57 0 0 2.9 259.42
7579 5.06 0 0 2.3 259.31
7580 4.55 0 0 5.4 259.01
7581 4.04 0 0 3.2 260.52
7582 3.53 0 0 3.2 263.82
7583 3.02 0 0 2.9 267.59
7584 2.51 0 0 3.9 267.47
7585 2.12 0 0 1.1 268.76
7586 1.75 0 0 3.5 270.08
7587 1.38 0 0 3.9 268.94
7588 1.2 0 0 3.9 271.41
7589 1.03 0 0 1.6 274.5
7590 0.91 0 0 1 275.95
7591 0.76 0 0 0.8 281.29
7592 0.94 3.43 0 0.8 284.77
7593 1.54 39.25 0 0.5 288.57
7594 2.1 70.87 0 1.3 287.42
7595 1.6 43.7 0 2.4 291.2
7596 2.07 39.2 0 1.8 291.73
7597 2.31 39.64 0 2.6 289.51
7598 3.96 347.55 512.95 2.9 266.21
7599 4.72 246.99 594.47 3.9 273.45
7600 4.84 127.82 413.58 3.2 278.97
7601 4.31 19.16 0 2.3 275.96
7602 3.72 0 0 3.2 272.64
7603 3.13 0 0 2 269.33
7604 2.54 0 0 0.9 266.05
7605 1.95 0 0 0.7 262.8
7606 1.36 0 0 0.1 259.54
7607 0.77 0 0 0.2 257.59
7608 0.18 0 0 0.2 253.06
7609 -0.93 0 0 0.2 252.14
7610 -2.11 0 0 0 248.58
7611 -3.28 0 0 0.2 245.28
7612 -3.9 0 0 0.1 238.83
7613 -4.53 0 0 0.4 237.9
7614 -4.96 0 0 0.3 236.48
7615 -5.4 0 0 0.5 233.48
7616 -5.01 13.55 0 0.8 233.13
7617 -3.17 129.36 592.32 1.8 235.46
7618 -1.16 259.95 767.15 2 237.36
7619 0.62 357.06 834.98 1.8 234.44
7620 2.06 417.47 879.17 0.9 237.85
7621 3.01 420.52 878.48 1 236.48
7622 3.46 376.49 858.3 0.9 236.85
7623 3.38 279.62 784.03 0.5 236.47
7624 2.51 152.99 647.41 1.8 240.28
7625 1.07 22.48 28.78 1.1 237.23
7626 0.08 0 0 2.3 242.64
7627 -0.91 0 0 0.8 240.1
7628 -1.9 0 0 2 236.32
7629 -2.89 0 0 1.8 233.24
7630 -3.88 0 0 1.8 231.53
7631 -4.86 0 0 1.3 229.01
7632 -5.85 0 0 2.6 225.62
7633 -6.56 0 0 2.4 223.73
7634 -7.31 0 0 1 222.68
7635 -8.05 0 0 2 221.76
7636 -8.45 0 0 2 220.04
7637 -8.84 0 0 4.3 218.33
7638 -9.11 0 0 5 217.17
7639 -9.38 0 0 1.6 216.02
7640 -9 12.05 0 0.6 217.25
7641 -7.14 118.64 530.41 0.4 224.44
7642 -5.08 242.81 705.7 0.2 223.46
7643 -3.17 344.78 807.53 1.4 225.64
7644 -1.64 400.15 831.71 1.4 225.76
7645 -0.75 379.76 737.39 0.8 231.38
7646 -0.35 335.57 709.43 1.8 229.64
7647 -0.52 244.58 623.05 0.9 227.8
7648 -1.41 133.75 506.77 1.4 227.08
7649 -2.8 20.49 8.25 0.9 223.27
7650 -3.46 0 0 0.6 223.69
7651 -4.12 0 0 1.1 224.53
7652 -4.78 0 0 1 223.1
7653 -5.44 0 0 1.3 223.2
7654 -6.1 0 0 0.7 222.24
7655 -6.76 0 0 0.6 222.05
7656 -7.43 0 0 0.4 222.24
7657 -7.86 0 0 0.3 222.27
7658 -8.46 0 0 1.3 219.83
7659 -9.06 0 0 0.2 217.69
7660 -9.44 0 0 0.2 216.23
7661 -9.82 0 0 0.2 212.65
7662 -10.21 0 0 0.4 209.67
7663 -10.51 0 0 2.9 207.28
7664 -10.82 15.07 0 1.3 206.97
7665 -9.23 83.39 185.92 2.3 206.61
7666 -7.72 243.12 533.2 2.4 200.56
7667 -6.94 296.84 509.3 2.6 202.44
7668 -6.55 313.77 389.46 4.3 204.01
7669 -6.09 383.05 654.22 3.9 201.77
7670 -6.1 305.86 545.52 1.4 205.95
7671 -6.57 211.63 428.78 1.6 208.12
7672 -7.37 120.85 422.48 1.4 203.64
7673 -8.48 6.64 0 1 202.03
7674 -8.82 0 0 2.6 201.57
7675 -9.16 0 0 0.8 199.28
7676 -9.5 0 0 1.3 197.38
7677 -9.85 0 0 1.8 197.66
7678 -10.19 0 0 4.3 197.44
7679 -10.53 0 0 4.3 196.7
7680 -10.87 0 0 5.4 195.61
7681 -10.59 0 0 2.9 195.04
7682 -10.2 0 0 1.1 191.91
7683 -9.82 0 0 2 190.05
7684 -9.58 0 0 2 192.36
7685 -9.34 0 0 2.9 192.29
7686 -9.1 0 0 1.4 194.95
7687 -8.91 0 0 0.9 198.17
7688 -8.72 9.87 0 0.9 198.33
7689 -3.67 127.81 619.21 1.8 207.1
7690 -0.92 264.82 779.93 1.8 209.12
7691 1.45 372.76 863.69 2.3 204.76
7692 3.25 430.5 901.52 3.2 206.65
7693 4.4 436.03 904.78 1.8 207.24
7694 4.91 390.44 874.68 0.5 209.23
7695 4.57 290.36 800.19 0.1 210.33
7696 3.22 155.88 653.24 0.2 216.57
7697 1.2 19.06 0 0.7 217.88
7698 0.83 0 0 0.8 226.32
7699 0.47 0 0 0.2 225.86
7700 0.11 0 0 0.4 226.78
7701 -0.26 0 0 0.4 226.68
7702 -0.62 0 0 0 227.23
7703 -0.99 0 0 0.4 227.48
7704 -1.35 0 0 0.3 228.75
7705 -2.08 0 0 0.1 229.69
7706 -2.88 0 0 0.1 229.84
7707 -3.67 0 0 0 228.45
7708 -4.1 0 0 0.4 227.94
7709 -4.53 0 0 1 226.24
7710 -4.97 0 0 0.4 226.18
7711 -5.27 0 0 0.5 229.93
7712 -5.58 8.87 0 1.8 229.9
7713 -1.96 123.2 614.87 4.3 237.09
7714 -0.03 256.33 775.09 1.4 236.65
7715 1.63 361.94 858.47 1.4 239.61
7716 2.87 421.04 896.94 1.4 234.19
7717 3.6 423.96 898.91 1.4 234.35
7718 3.84 379.57 870.01 1.6 235.12
7719 3.45 282.46 796.61 2.6 234.5
7720 2.3 150.93 649.6 3.2 237.02
7721 0.63 17.7 0 3.2 236.2
7722 0.04 0 0 2 240.19
7723 -0.55 0 0 0.9 240.71
7724 -1.15 0 0 1 240.83
7725 -1.74 0 0 2.3 243.72
7726 -2.33 0 0 2.9 242.63
7727 -2.92 0 0 1.3 243.13
7728 -3.52 0 0 1.1 246.82
7729 -3.85 0 0 0.7 244.99
7730 -4.15 0 0 0.7 244.03
7731 -4.46 0 0 0.7 244.3
7732 -4.59 0 0 0.5 246.08
7733 -4.73 0 0 0.2 250.64
7734 -4.86 0 0 0.1 252.41
7735 -4.94 0 0 0.5 253.3
7736 -5.02 4.89 0 1.3 253.53
7737 -4.27 28.28 0 2 254.01
7738 -3.4 94.46 6.29 2 252.91
7739 -1.78 244.44 310.06 1.1 241.42
7740 -0.8 271.12 205.59 0.5 243.84
7741 -0.29 252.58 151.12 0.2 243.82
7742 -0.26 188.85 98.67 0.8 259.52
7743 -1.51 34.38 0 0.6 270.77
7744 -1.98 12.54 0 0.6 267.57
7745 -2.48 5.03 0 0.9 263.47
7746 -2.91 0 0 1.4 259.82
7747 -3.34 0 0 1 256.21
7748 -3.76 0 0 3.9 252.63
7749 -4.19 0 0 3.5 249.08
7750 -4.62 0 0 4.3 246.81
7751 -5.04 0 0 3.9 242.29
7752 -5.47 0 0 3.2 238.63
7753 -6.15 0 0 0.9 233.98
7754 -6.93 0 0 2.9 229.62
7755 -7.71 0 0 4.5 225.25
7756 -8.15 0 0 2.6 220.77
7757 -8.59 0 0 0.9 219.51
7758 -9.03 0 0 1 217.99
7759 -9.35 0 0 0.6 215.28
7760 -9.68 7.79 0 0.6 213.47
7761 -7.2 97.67 462.61 0.2 216.7
7762 -5.66 222.59 562.65 0.4 213.01
7763 -5.21 222.16 237.48 2 219.92
7764 -4.48 307.16 419.1 0.6 217.14
7765 -4.3 263.78 219.66 0.1 220.05
7766 -4.13 284.59 456.91 2 217.24
7767 -4.55 183.74 288.84 0.6 218.36
7768 -5.25 118.6 278.56 0.9 213.44
7769 -6.29 22.21 36.16 0.9 211.49
7770 -6.73 0 0 0.5 210.48
7771 -7.17 0 0 0.8 209.12
7772 -7.6 0 0 0.9 210.21
7773 -8.04 0 0 0.6 210.4
7774 -8.48 0 0 1.4 208.51
7775 -8.91 0 0 1.4 207.74
7776 -9.35 0 0 0.2 207.75
7777 -9.4 0 0 0.3 206.45
7778 -9.43 0 0 0.9 207.12
7779 -9.46 0 0 1.8 207.19
7780 -9.46 0 0 5 207.41
7781 -9.46 0 0 3.9 207.86
7782 -9.46 0 0 3.9 210.2
7783 -9.45 0 0 2.6 208.86
7784 -9.44 6.43 0 0.9 209.8
7785 -5.6 106.58 569.83 0.9 213.19
7786 -3.36 230.19 741.31 2.3 217.6
7787 -1.41 329.42 825.95 4.8 218.91
7788 0.06 383.72 858.28 1.6 218.66
7789 1.02 392.97 869.39 1.3 222.09
7790 1.38 343.83 832.29 3.9 222.92
7791 1.07 259.27 762.15 2 222.66
7792 -0.08 137.66 635.48 5.9 222.72
7793 -1.79 15.48 0 7.2 220.36
7794 -2.09 0 0 11.7 218.41
7795 -2.4 0 0 7.2 219.75
7796 -2.7 0 0 7.9 221.16
7797 -3 0 0 7.9 222.43
7798 -3.3 0 0 10.1 224.63
7799 -3.6 0 0 8.7 221.88
7800 -3.91 0 0 5 222.92
7801 -4.31 0 0 9.1 224.99
7802 -4.75 0 0 13.8 228.24
7803 -5.19 0 0 5.9 228.1
7804 -5.42 0 0 5.4 228.66
7805 -5.66 0 0 2.6 229.02
7806 -5.89 0 0 1 231.37
7807 -6.06 0 0 3.9 232.73
7808 -6.23 4.78 0 3.9 234.44
7809 -4.33 57.73 88.84 4.5 237.93
7810 -2.36 177.8 387.71 2.3 233.42
7811 -0.77 263.37 507.78 3.9 235.06
7812 0.75 351.15 625.5 5 235.94
7813 2.16 429.4 804.61 2.3 233.56
7814 2.57 333.79 762.78 3.2 238.96
7815 2.62 286.51 765.03 3.2 235.83
7816 1.8 161.19 602.9 2.3 236.63
7817 0.26 19.13 0 2.9 236.3
7818 -0.08 0 0 1.8 242.55
7819 -0.42 0 0 2.9 245.04
7820 -0.76 0 0 1.3 247.58
7821 -1.1 0 0 1.8 247.45
7822 -1.45 0 0 4.8 248.45
7823 -1.79 0 0 2.3 247.76
7824 -2.13 0 0 2 249.36
7825 -2.35 0 0 1.4 247.95
7826 -2.49 0 0 1.8 252.79
7827 -2.63 0 0 2.6 253
7828 -2.66 0 0 1.3 250.58
7829 -2.7 0 0 2.6 251.2
7830 -2.73 0 0 2 254.97
7831 -2.73 0 0 1.1 257.43
7832 -2.73 6.87 0 0.5 259.67
7833 -1.42 52.58 64.71 0.7 262.64
7834 -0.78 101.35 37 0.2 262.7
7835 1.01 296.69 536.51 0 251.61
7836 3.01 478.85 582.25 0.3 239.78
7837 1.64 51.34 0 0.1 276.94
7838 1.79 207.11 179.79 0.4 259.92
7839 0.88 24.42 0 0.6 281.44
7840 0.15 12.73 0 0.1 280.25
7841 -0.44 1.44 0 0.2 278.63
7842 -0.54 0 0 0.2 277.27
7843 -0.64 0 0 0.7 274.58
7844 -0.74 0 0 1.8 273.86
7845 -0.83 0 0 2.3 274.33
7846 -0.93 0 0 0.8 271.41
7847 -1.03 0 0 1.8 266.84
7848 -1.18 0 0 1.3 267.29
7849 -1.52 0 0 1.6 266.86
7850 -1.94 0 0 1.4 264.77
7851 -2.36 0 0 2 260.92
7852 -2.58 0 0 5.6 258.92
7853 -2.81 0 0 6.5 258.08
7854 -3.04 0 0 2.4 258.41
7855 -3.2 0 0 3.2 256.59
7856 -3.37 4.26 0 3.5 252.38
7857 -1.63 54.32 65.98 5.4 254.92
7858 -0.49 125.97 95.81 5.9 252.6
7859 0.68 200.15 143.72 3.5 250.25
7860 1.85 274.44 363.22 6.5 249.62
7861 2.45 261.98 207.37 3.2 251.55
7862 2.78 249.75 342.4 3.9 249.94
7863 2.87 221.43 508.34 1.8 249.27
7864 2.41 135.79 469.64 1 246.76
7865 1.3 16.77 0 2 246.55
7866 0.92 0 0 1 245.2
7867 0.54 0 0 2 246.55
7868 0.16 0 0 2.9 247.38
7869 -0.22 0 0 2.9 246.39
7870 -0.6 0 0 6.9 243.61
7871 -0.98 0 0 4.5 241.25
7872 -1.36 0 0 2.9 242.23
7873 -1.61 0 0 2.3 242.06
7874 -1.86 0 0 0.7 239.2
7875 -2.11 0 0 0 242.32
7876 -2.24 0 0 0.2 243.1
7877 -2.37 0 0 0.2 245.55
7878 -2.49 0 0 0.8 243.2
7879 -2.58 0 0 4.8 242.02
7880 -2.66 5.25 0 10.1 242.54
7881 0.04 87.7 279.83 2.9 247.82
7882 1.25 165.54 313.64 2.9 255.73
7883 3.21 317.76 610.25 4.3 248.56
7884 4.04 298.16 417.86 0.6 257.04
7885 3.77 191.28 71.73 2 268.77
7886 3.5 181.45 97.3 0.8 266.68
7887 3.2 167.71 230.91 1 263.54
7888 2.46 89.57 276.49 0.3 265.81
7889 1.42 9.29 0 0.2 262.94
7890 1.2 0 0 0.1 260.8
7891 0.98 0 0 0.3 259.9
7892 0.76 0 0 0.4 259.51
7893 0.53 0 0 1.1 259.44
7894 0.31 0 0 0.3 259.79
7895 0.09 0 0 0.2 260.11
7896 -0.13 0 0 0.2 261.91
7897 -0.34 0 0 0.3 260.51
7898 -0.54 0 0 0.3 257.79
7899 -0.75 0 0 0.1 254.45
7900 -0.85 0 0 0.1 256.28
7901 -0.95 0 0 0.1 258.84
7902 -1.05 0 0 0.2 258.78
7903 -1.12 0 0 0.2 256.57
7904 -1.19 2.96 0 0.2 256.49
7905 1.62 82.71 411.04 1.4 265.64
7906 3.59 198.48 644.3 1.8 265.77
7907 5.22 284.4 709.4 1.4 266.13
7908 6.59 349.44 799 1.4 267.33
7909 7.47 358.21 811.37 3.5 268.15
7910 7.83 317.41 789.25 1 269.67
7911 7.58 234.3 728.93 1.4 271.6
7912 6.54 116.09 544.83 1.6 273.72
7913 5.07 11.78 0 0.9 268.27
7914 4.76 0 0 1 269.24
7915 4.45 0 0 0.7 268.74
7916 4.15 0 0 0.3 266.54
7917 3.84 0 0 1.3 263.67
7918 3.53 0 0 0.6 261.98
7919 3.22 0 0 0.2 261.71
7920 2.92 0 0 0.1 259.89
7921 2.59 0 0 0.3 256.48
7922 2.27 0 0 0.4 256.62
7923 1.96 0 0 1.1 255.85
7924 1.8 0 0 1.4 253.79
7925 1.64 0 0 1.6 252.03
7926 1.48 0 0 0.6 251.72
7927 1.38 0 0 0.1 251.46
7928 1.28 3.77 0 0.4 249.64
7929 4.53 112.18 367.62 0.1 256.68
7930 5.57 183.75 452.72 0.2 270.03
7931 6.93 289.3 720.12 1.1 271.42
7932 8.16 363.69 784.43 0.4 272.08
7933 8.81 348.66 654.95 0.4 276.41
7934 8.84 265.52 467.79 0.1 282.54
7935 8.03 144.31 158.67 0.4 290.07
7936 6.61 12.53 0 0.4 306.15
7937 5.44 1.41 0 0.4 303.87
7938 5.23 0 0 0.5 305.61
7939 5.02 0 0 1.8 302.17
7940 4.81 0 0 2.6 299.72
7941 4.6 0 0 7.9 298.22
7942 4.4 0 0 7.9 295.89
7943 4.19 0 0 2.9 291.7
7944 3.98 0 0 3.5 292.92
7945 3.75 0 0 2.4 292.39
7946 3.61 0 0 0.9 293.94
7947 3.47 0 0 0.5 295.48
7948 3.44 0 0 0.5 295.35
7949 3.29 0 0 0.3 296.06
7950 3.38 0 0 0.2 301.13
7951 3.38 0 0 1.6 300.67
7952 3.39 1.91 0 2.3 300.83
7953 3.73 10.9 0 7.9 298.9
7954 4.67 83.11 7.97 10.1 291.01
7955 6.25 237.46 359.19 5.9 276.14
7956 7.3 273.64 374.64 3.2 278.86
7957 8.69 427.01 585 4.8 267.88
7958 7.57 27.5 0 3.9 309.46
7959 6.75 20.14 0 3.2 304.68
7960 6.21 32.31 0 3.2 297.89
7961 5.73 13.82 0 1.4 299.37
7962 5.49 0 0 1.1 299.1
7963 5.25 0 0 0.9 296.77
7964 5.01 0 0 2 293.22
7965 4.77 0 0 0.6 290.03
7966 4.53 0 0 0.6 286.57
7967 4.29 0 0 0.4 283.38
7968 4.02 0 0 0.8 294.1
7969 3.24 0 0 0.6 292.71
7970 2.32 0 0 0.2 288.72
7971 2.16 0 0 0.3 285.95
7972 1.77 0 0 0.2 282.44
7973 1.4 0 0 0.6 281.95
7974 1.1 0 0 1.1 279.1
7975 0.57 0 0 2.3 279.6
7976 -0.52 1.05 0 0.4 279.32
7977 0.78 18.79 0 0.2 277.66
7978 1.59 92 24.04 0.5 273.11
7979 2.2 158.8 84.99 2.6 272.54
7980 2.2 127.67 2.04 5 278.63
7981 2.24 94.97 0 6.5 282.56
7982 2.12 87.8 0 5.9 281.69
7983 1.97 85.67 0 5.4 278.07
7984 1.78 53.14 20.22 6.5 275.67
7985 1.43 7.28 0 9.1 272.67
7986 0.98 0 0 7.9 269.24
7987 0.53 0 0 7.2 265.83
7988 0.09 0 0 6.2 262.45
7989 -0.36 0 0 4.5 259.4
7990 -0.81 0 0 2.6 257.99
7991 -1.25 0 0 4.3 257.04
7992 -1.7 0 0 4.8 254.74
7993 -1.93 0 0 1.4 255
7994 -2.11 0 0 0.4 253.71
7995 -2.28 0 0 0.8 252.63
7996 -2.35 0 0 0.4 251.63
7997 -2.41 0 0 0.5 248.99
7998 -2.48 0 0 0.3 249.26
7999 -2.5 0 0 1.3 248.07
8000 -2.53 1.41 0 0.7 246.88
8001 0.39 85.11 556.12 0.7 250.24
8002 2.71 219.89 719.39 0.9 250.51
8003 4.74 329.44 826.11 1.1 252.5
8004 6.33 393.82 872.84 1.3 254
8005 7.34 399.67 878.41 0.4 255.54
8006 7.76 351.66 845.41 0.2 256.78
8007 7.46 253.92 764.44 0.4 257.24
8008 6.32 124.39 612.05 1.4 258.62
8009 4.72 9.82 0 4.3 252.73
8010 4.01 0 0 5.9 249.16
8011 3.31 0 0 2 252.88
8012 2.61 0 0 3.9 253.19
8013 1.91 0 0 6.9 252.93
8014 1.21 0 0 6.5 251.29
8015 0.51 0 0 4.5 251.93
8016 -0.19 0 0 2.9 251.53
8017 -1.11 0 0 1.1 247.84
8018 -2.1 0 0 0.3 246.9
8019 -3.08 0 0 0 242.66
8020 -3.61 0 0 0.2 242.4
8021 -4.15 0 0 0.1 240.99
8022 -4.68 0 0 0.1 240.44
8023 -5.07 0 0 0.2 238.93
8024 -5.45 1 0 0.2 237.43
8025 -3.49 65.53 376.02 0.1 241.71
8026 -1.63 189.48 681.27 0.2 239.23
8027 -0.22 270.64 715.51 1.81 241.37
8028 0.81 317.93 715.15 1.81 242.08
8029 1.49 333.36 762.9 1 242.77
8030 1.76 304.23 782.66 0.2 242.03
8031 1.38 208.69 646.41 0 241.33
8032 0.34 98.26 434.02 0.5 243.43
8033 -0.39 8.87 0 0.4 246.57
8034 -1.12 0 0 0.5 244.45
8035 -1.85 0 0 1.31 240.32
8036 -2.58 0 0 1.51 236.29
8037 -3.31 0 0 0.9 232.42
8038 -4.04 0 0 1.51 233.82
8039 -4.77 0 0 4.22 234.27
8040 -5.5 0 0 1.31 232.24
8041 -5.89 0 0 2.61 227.69
8042 -6.25 0 0 1 227.81
8043 -6.61 0 0 0 227.19
8044 -6.79 0 0 0.5 226.25
8045 -6.96 0 0 0.6 224.1
8046 -7.13 0 0 0.3 223.11
8047 -7.23 0 0 0.3 223.31
8048 -7.34 0.69 0 1 219.91
8049 -5.11 66.59 362.76 2.91 225.98
8050 -3.17 182.39 632.85 1.61 224.15
8051 -1.72 254.17 506.72 2.31 223.76
8052 -0.2 348.13 629.75 2.61 220.71
8053 0 240.79 258.61 1.1 235.08
8054 0.13 237.83 374.67 0.3 235.29
8055 -0.71 114.13 65.09 1.51 248.09
8056 -1.95 26.3 0 0.6 252.86
8057 -2.58 4.4 0 0.1 251.02
8058 -3.22 0 0 0.2 251.57
8059 -3.85 0 0 0.3 247.19
8060 -4.48 0 0 1.61 240.4
8061 -5.12 0 0 3.31 238.32
8062 -5.75 0 0 5.02 233.03
8063 -6.38 0 0 1.51 232.34
8064 -7.02 0 0 2.91 232.98
8065 -7.74 0 0 0.3 228.94
8066 -8.57 0 0 0.2 223.24
8067 -9.4 0 0 0.3 219.01
8068 -9.87 0 0 0.9 216.04
8069 -10.33 0 0 0.7 215.5
8070 -10.8 0 0 1.1 212.15
8071 -11.15 0 0 1.1 209.38
8072 -11.5 0 0 2.91 206.63
8073 -9.16 71.51 497.96 2.11 215.13
8074 -7.21 192.24 704.61 0.9 216.21
8075 -5.46 294.57 811.34 1.61 218.78
8076 -4.11 357.44 859.1 1.61 218.91
8077 -3.32 360.55 859.33 1.81 222.99
8078 -3.06 318.86 829.72 3.31 225.43
8079 -3.46 230.82 750.87 2.11 226.52
8080 -4.64 112.28 591.27 1.1 227.71
8081 -5.07 8.8 0 0.4 227.54
8082 -5.49 0 0 0.5 224.53
8083 -5.91 0 0 0.7 222.58
8084 -6.34 0 0 2.11 220.16
8085 -6.76 0 0 0.3 220.16
8086 -7.18 0 0 0.3 220.45
8087 -7.61 0 0 0.4 216.61
8088 -8.03 0 0 0.3 214.78
8089 -8.04 0 0 0.2 214.48
8090 -7.95 0 0 0.4 220.04
8091 -7.86 0 0 0.1 219.52
8092 -7.77 0 0 0.1 220.98
8093 -7.69 0 0 0.2 221.35
8094 -7.6 0 0 0.2 220.44
8095 -7.51 0 0 0.6 218.11
8096 -7.42 0 0 0.5 213.27
8097 -4.5 67.41 467.67 0.7 218.73
8098 -1.96 184.28 687.61 6.73 222.87
8099 0.38 287 802.65 2.31 225.76
8100 2.22 346.47 848.23 0.6 231.69
8101 3.44 356.02 854.97 0.5 235.78
8102 3.97 311.25 819.27 1 238.75
8103 3.74 227.07 745.17 0.9 240.38
8104 2.56 110.77 584.87 0.6 240.25
8105 1.63 8.36 0 0.9 235.91
8106 0.7 0 0 0.4 230.35
8107 -0.22 0 0 0.1 224.29
8108 -1.15 0 0 0.1 223.77
8109 -2.08 0 0 0.5 223.95
8110 -3 0 0 1 220.94
8111 -3.93 0 0 0.5 219.19
8112 -4.86 0 0 1.31 214.7
8113 -6.14 0 0 1.51 211.01
8114 -7.67 0 0 0.3 204.84
8115 -9.21 0 0 0.7 199.86
8116 -10.1 0 0 2.11 201.54
8117 -10.99 0 0 3.31 197.32
8118 -11.88 0 0 2.91 194.11
8119 -12.56 0 0 2.91 192.76
8120 -13.23 0 0 3.62 190.18
8121 -11.82 70.75 542.24 4.22 190.93
8122 -10.57 197.45 704.03 2.91 197.43
8123 -9.48 305.01 813.08 5.02 195.11
8124 -8.68 368.14 861.33 10.65 195.67
8125 -8.26 378.79 868.6 1.81 195.89
8126 -8.23 334.06 836.52 1.81 194.25
8127 -8.68 241.04 755.22 1.1 193.64
8128 -9.69 117.68 603.13 1 195.36
8129 -10.27 8.12 0 2.31 198.35
8130 -10.86 0 0 3.31 198.13
8131 -11.44 0 0 4.52 197.48
8132 -12.02 0 0 12.45 196.11
8133 -12.6 0 0 7.23 194.02
8134 -13.18 0 0 7.23 191.38
8135 -13.77 0 0 3.31 192.86
8136 -14.35 0 0 6.13 192.79
8137 -13.97 0 0 6.73 194.73
8138 -13.55 0 0 2.31 191.4
8139 -13.14 0 0 2.31 194.8
8140 -12.92 0 0 6.13 196.94
8141 -12.69 0 0 8.34 200.96
8142 -12.47 0 0 9.44 202.76
8143 -12.31 0 0 8.34 203.75
8144 -12.15 0 0 7.23 204.74
8145 -9.6 53.86 241.27 4.52 210.85
8146 -7.39 147.11 461.2 5.02 217.08
8147 -5.09 245.63 634.4 4.22 217.67
8148 -3.3 299.88 674.91 2.31 223.06
8149 -1.92 330.25 793.68 3.62 224.26
8150 -1.31 289.43 751.93 2.11 224.56
8151 -1.49 208.79 687.89 1 227.66
8152 -2.8 89.78 367.65 0.2 231.6
8153 -2.76 7.51 0 0 233.72
8154 -2.72 0 0 0 234.82
8155 -2.68 0 0 0.1 235.04
8156 -2.64 0 0 0.4 237.41
8157 -2.6 0 0 0.9 239.24
8158 -2.56 0 0 1.1 242.57
8159 -2.52 0 0 0.7 245.46
8160 -2.48 0 0 0.5 249.84
8161 -2.58 0 0 0.5 246.64
8162 -2.66 0 0 2.11 249.41
8163 -2.74 0 0 2.91 248.38
8164 -2.77 0 0 0.9 249.65
8165 -2.84 0 0 4.22 255.88
8166 -2.92 0 0 6.13 260.67
8167 -2.84 0 0 2.61 262.66
8168 -2.9 0 0 1.31 262.38
8169 -1.6 30.31 30.47 0.4 269.58
8170 -1.17 55.59 0 0.6 269.46
8171 -0.49 85.41 0 1.1 268.21
8172 0.34 118.28 0 0.5 269.08
8173 0.68 109.87 0 0.6 272.11
8174 0.76 87.53 0 0.5 273.91
8175 1.03 121.74 106.4 0.2 254.01
8176 1.04 91.96 230.62 0.5 259.03
8177 0.59 7.44 0 0.2 248.44
8178 0.1 0 0 0.4 248.21
8179 -0.39 0 0 0.7 244.51
8180 -0.89 0 0 1.61 254.85
8181 -1.48 0 0 1.31 253.21
8182 -2.14 0 0 0.1 253.64
8183 -3.33 0 0 0.2 251.17
8184 -3.26 0 0 0.1 250.51
8185 -4 0 0 0 248.58
8186 -4.6 0 0 0.1 247.41
8187 -5.72 0 0 0.7 245.7
8188 -7.01 0 0 1.61 240.76
8189 -6.02 0 0 1.1 244.31
8190 -6.39 0 0 0 244.75
8191 -6.81 0 0 0.3 244.73
8192 -6.86 0 0 0.3 243.01
8193 -6.59 13.94 0 0.1 247.72
8194 -6.71 15.3 0 0.4 247.41
8195 -6.31 77.47 0 0.5 240.2
8196 -5.78 151.37 31.83 1.1 234.96
8197 -5.61 124.39 1.83 4.52 241.08
8198 -5.57 128.09 12.07 3.62 237.39
8199 -5.58 98.19 14.74 4.52 238.74
8200 -5.9 37.39 0 3.82 240.42
8201 -6.11 3.08 0 3.31 240.98
8202 -6.31 0 0 0.5 239.41
8203 -6.54 0 0 0.6 242.37
8204 -6.66 0 0 1.51 244.04
8205 -6.98 0 0 0.9 239.64
8206 -7.15 0 0 0.9 238.8
8207 -7.39 0 0 0.6 236.9
8208 -7.51 0 0 0.4 236.27
8209 -7.24 0 0 0.9 239.85
8210 -6.95 0 0 1 242.74
8211 -6.71 0 0 0.6 241.71
8212 -6.47 0 0 0.7 244.18
8213 -6.28 0 0 5.02 244.27
8214 -6.08 0 0 3.31 243.65
8215 -5.92 0 0 2.91 245.87
8216 -5.76 0 0 1.51 244.79
8217 -5.42 4.77 0 9.44 245.54
8218 -4.09 59.38 0 7.73 248.18
8219 -3.64 68.08 0 3.82 255.31
8220 -3.4 28.7 0 2.31 259.7
8221 -1 278.43 332.6 1.81 245.65
8222 0.98 320.01 611.72 5.02 247.41
8223 1.26 152.54 232.3 2.91 249.87
8224 0.93 88.24 281.65 6.13 245.6
8225 0.45 10.64 0 2.61 241.04
8226 -0.04 0 0 5.02 241.12
8227 -0.52 0 0 2.91 237.12
8228 -1.01 0 0 3.62 234.35
8229 -1.49 0 0 4.22 233.51
8230 -1.98 0 0 1.61 232.85
8231 -2.46 0 0 2.61 233.31
8232 -2.95 0 0 2.91 232.86
8233 -3.84 0 0 1.81 232.36
8234 -4.85 0 0 0.9 231.81
8235 -5.86 0 0 1.51 226.87
8236 -6.42 0 0 1.31 225.41
8237 -6.99 0 0 1 224.21
8238 -7.55 0 0 0.9 223
8239 -7.97 0 0 0.5 221.6
8240 -8.39 0 0 0.3 219.03
8241 -6.96 47.39 245.82 0.2 221.1
8242 -5.37 152.45 537.99 0.5 221.71
8243 -3.69 265.47 644.34 0.6 219.1
8244 -2.72 288.81 533.84 1.1 222.82
8245 -1.63 374.67 780.86 1.1 217
8246 -1.13 338.75 831.28 1.61 217.84
8247 -1.26 243.71 745.18 1.31 217.03
8248 -2.27 116.3 591.66 1 215.73
8249 -2.8 10.2 0 0.5 212.64
8250 -3.32 0 0 1 212.36
8251 -3.84 0 0 1.61 214.85
8252 -4.36 0 0 1.1 213.31
8253 -4.89 0 0 0.7 213.12
8254 -5.41 0 0 0.9 211.19
8255 -5.93 0 0 1.31 212.19
8256 -6.46 0 0 2.91 211.64
8257 -6.51 0 0 3.31 209.86
8258 -6.53 0 0 3.31 212.1
8259 -6.54 0 0 0.9 217.05
8260 -6.53 0 0 2.11 214.56
8261 -6.52 0 0 3.31 216.2
8262 -6.51 0 0 3.62 216.33
8263 -6.49 0 0 3.82 217.17
8264 -6.48 0 0 3.31 217.51
8265 -4.85 38.59 158.45 2.91 219.64
8266 -2.25 163.28 659.9 4.22 225.92
8267 0.06 267.32 784.75 7.73 227.46
8268 1.9 331.16 839.22 6.13 227.83
8269 3.07 338.64 821.89 1.81 232.72
8270 3.55 292.38 790.21 2.31 230.99
8271 3.3 209.79 703.73 0.5 232.21
8272 2.11 94.55 459.5 1.1 234.23
8273 1.62 7.17 0 1.31 233.56
8274 1.13 0 0 2.11 231.89
8275 0.64 0 0 2.61 228.38
8276 0.15 0 0 2.11 227.8
8277 -0.34 0 0 5.02 228.47
8278 -0.83 0 0 3.82 227.4
8279 -1.32 0 0 2.31 230
8280 -1.81 0 0 2.61 231.61
8281 -2.44 0 0 4.52 227.74
8282 -3.08 0 0 1.1 226.97
8283 -3.71 0 0 1.1 223.46
8284 -4.03 0 0 1.51 222.51
8285 -4.34 0 0 0.4 225.9
8286 -4.66 0 0 0.2 224.21
8287 -4.87 0 0 0.2 224.6
8288 -5.08 0 0 0.6 222.5
8289 -3.86 46.12 301.69 0.9 224.29
8290 -2.42 154.06 574.81 1.31 227.15
8291 -0.81 282.58 670.12 0.1 223.62
8292 -0.19 253.65 298.73 1.61 232.49
8293 -1.6 34.57 0 0.5 265.92
8294 -2.46 49.28 0 1.31 261.76
8295 -1.71 234.23 457.17 1.31 235.82
8296 -1.92 114.44 594.49 1.51 227.35
8297 -2.53 0.71 0 3.31 224.64
8298 -3.14 0 0 3.62 222.62
8299 -3.75 0 0 4.52 220.58
8300 -4.37 0 0 5.62 220.47
8301 -4.98 0 0 3.31 219.96
8302 -5.62 0 0 4.22 223.53
8303 -6.21 0 0 2.31 223.5
8304 -6.84 0 0 2.11 219.65
8305 -7.42 0 0 2.11 222.05
8306 -8.1 0 0 3.82 216.93
8307 -8.77 0 0 1.51 215.13
8308 -9.14 0 0 0.5 214.15
8309 -9.51 0 0 1 213.88
8310 -9.87 0 0 2.11 212.56
8311 -10.14 0 0 2.11 212.15
8312 -10.41 0 0 4.52 210.88
8313 -9.22 37.48 157.21 5.62 213.91
8314 -7.89 120.41 292.64 1.81 218.31
8315 -6.63 197.4 390.35 1.61 208.91
8316 -5.44 267.62 503.97 1 210.14
8317 -5.28 190.49 134.06 1.31 216.57
8318 -5.03 217.76 335.69 1.51 213.86
8319 -5.19 160.24 328.38 1.1 212.01
8320 -5.7 108.25 355.58 0.7 206.75
8321 -6.26 10.39 0 1 205.28
8322 -6.82 0 0 2.61 205.99
8323 -7.38 0 0 2.91 203.68
8324 -7.94 0 0 5.62 204.1
8325 -8.5 0 0 5.02 201.53
8326 -9.06 0 0 4.52 202.07
8327 -9.62 0 0 6.13 199.62
8328 -10.18 0 0 5.42 199.46
8329 -10.48 0 0 4.52 198.85
8330 -10.82 0 0 4.22 201.08
8331 -11.15 0 0 6.73 200.88
8332 -11.33 0 0 3.31 200.56
8333 -11.51 0 0 1.31 199.72
8334 -11.69 0 0 0.1 198.61
8335 -11.82 0 0 0.2 196.97
8336 -11.95 0 0 0.5 197.41
8337 -10.73 32.97 108.47 2.11 201.31
8338 -9.84 81.82 46.57 0.7 206.33
8339 -8.98 127.59 43.55 0.7 207.28
8340 -7.48 243.7 331.37 0.5 201.31
8341 -5.83 344.15 712.63 1 197.21
8342 -4.98 305.15 688.57 1.61 198.63
8343 -5.29 158.21 274.51 1.81 210.32
8344 -6.02 97.05 279.08 0.6 201.02
8345 -6.26 9.62 0 1.1 205.04
8346 -6.5 0 0 1 203.29
8347 -6.74 0 0 0.3 201.62
8348 -6.98 0 0 0.1 203.64
8349 -7.23 0 0 0.6 206.14
8350 -7.47 0 0 1.81 205.75
8351 -7.71 0 0 1.1 203.48
8352 -7.95 0 0 1.51 200.2
8353 -8.08 0 0 0.5 199.68
8354 -8.24 0 0 0.7 198.56
8355 -8.4 0 0 0.9 197.53
8356 -8.49 0 0 1.1 198.41
8357 -8.58 0 0 0.9 199.25
8358 -8.67 0 0 0.9 201.53
8359 -8.73 0 0 2.61 202.89
8360 -8.8 0 0 1.81 203.07
8361 -7.12 42.85 309.71 2.11 209.81
8362 -4.49 176.67 670.61 0.4 216.2
8363 -2.12 291.32 792.79 1.1 218.01
8364 -0.37 349.05 820.36 1.61 219.44
8365 0.4 314.5 741.12 1.81 228.11
8366 0.87 309.03 691.14 2.61 230.02
8367 0.36 196.94 621.1 1.81 234.37
8368 -0.88 94.94 466.28 2.91 236.21
8369 -1.05 6.18 0 1.1 238.69
8370 -1.22 0 0 1.61 238.28
8371 -1.39 0 0 1.61 238.68
8372 -1.56 0 0 0.6 240.59
8373 -1.73 0 0 1.51 245.03
8374 -1.89 0 0 0.4 249.34
8375 -2.06 0 0 0.3 253.18
8376 -2.23 0 0 0.6 253.8
8377 -2.37 0 0 1.61 252.09
8378 -2.48 0 0 0.4 251.46
8379 -2.45 0 0 0.3 255.99
8380 -2.54 0 0 0.1 260.79
8381 -2.53 0 0 0.2 260.6
8382 -2.51 0 0 0.1 262.52
8383 -2.52 0 0 0.7 264.58
8384 -2.53 0 0 1.61 262.85
8385 -2.25 6.35 0 2.91 262.94
8386 -2.37 35.63 0 2.11 265.31
8387 -1.82 25.24 0 1.81 270.12
8388 -1.23 63.71 0 3.31 269.34
8389 -1.17 28.74 0 7.23 271.22
8390 0.59 254.27 389.82 6.13 252.58
8391 1.37 190.49 570.11 5.62 257.09
8392 1.43 94.27 434.23 4.22 260.14
8393 1.16 7.05 0 1.31 258.53
8394 0.88 0 0 0.7 256.92
8395 0.61 0 0 0.3 255.31
8396 0.34 0 0 0.4 253.71
8397 0.07 0 0 0.4 252.11
8398 -0.21 0 0 0.1 250.52
8399 -0.48 0 0 0.1 248.94
8400 -0.75 0 0 0.5 239.9
8401 -1.11 0 0 1.1 241
8402 -1.49 0 0 4.52 240.5
8403 -1.87 0 0 5.42 243.14
8404 -2.08 0 0 2.61 243.1
8405 -2.28 0 0 2.11 242.3
8406 -2.49 0 0 0.6 241.9
8407 -2.63 0 0 0.3 241.57
8408 -2.78 0 0 2.31 237.38
8409 -1.64 30.69 94.37 3.62 238.95
8410 0.66 154.1 598.04 4.22 242.4
8411 2.43 235.3 549.29 5.02 245.08
8412 3.44 249.55 472.45 1.51 251.32
8413 4.17 267.51 467.84 1 254.18
8414 4.75 284.5 638.88 1.31 249.56
8415 4.69 199.53 660.4 1.81 252.91
8416 3.78 92.61 446.03 0.2 255.94
8417 3.29 7.51 0 1 254.15
8418 2.8 0 0 0.9 252.27
8419 2.31 0 0 1.81 251.26
8420 1.82 0 0 1.51 249.26
8421 1.33 0 0 0.5 248.69
8422 0.84 0 0 0.4 248.75
8423 0.35 0 0 0 249.6
8424 -0.14 0 0 0 248.94
8425 -0.53 0 0 0.3 247.42
8426 -0.94 0 0 0.2 244.3
8427 -1.36 0 0 0.7 243.9
8428 -1.58 0 0 1.81 244.95
8429 -1.8 0 0 1.31 248.28
8430 -2.02 0 0 1 246.94
8431 -2.17 0 0 1.31 245.67
8432 -2.36 0 0 2.31 251.16
8433 -1.25 29.3 108.22 2.91 256.85
8434 -0.09 100.06 173.92 2.91 258.85
8435 -0.49 22.79 0 2.61 275.89
8436 -0.02 103.62 0 2.91 268.31
8437 1.1 215.19 227.43 1.61 262
8438 2.42 308.99 606.64 3.62 242.98
8439 3.06 253.05 739.84 2.91 242.37
8440 2.83 122.16 571.77 6.13 249.81
8441 2.4 11.46 0 5.02 252.58
8442 1.98 0 0 5.42 252.17
8443 1.55 0 0 2.91 254.66
8444 1.13 0 0 3.82 256.22
8445 0.7 0 0 3.82 258.03
8446 0.28 0 0 8.34 257.52
8447 -0.15 0 0 3.82 255.81
8448 -0.57 0 0 2.31 254.37
8449 -0.9 0 0 2.11 255.74
8450 -1.2 0 0 1 259.32
8451 -1.5 0 0 2.61 260.3
8452 -1.64 0 0 2.61 262.21
8453 -1.77 0 0 2.31 263.85
8454 -1.91 0 0 0.7 263.73
8455 -1.99 0 0 0.3 268.15
8456 -2.08 0 0 0.5 270.03
8457 -1.64 12.28 0 1.81 272.14
8458 -1.65 12.12 0 1.51 273.39
8459 -1.14 66.4 0 1 265.31
8460 0.72 231.44 295.59 2.11 257.33
8461 2.1 282.85 482.81 3.31 243.5
8462 2.36 163.6 105.15 0.5 249.65
8463 2.36 124.91 132.21 0.5 247.82
8464 1.59 15.18 0 0.2 261.45
8465 1.07 2.23 0 0.7 259.84
8466 0.52 0 0 1.81 270.84
8467 0.02 0 0 1.81 275.91
8468 -0.5 0 0 0.3 272.19
8469 -1.11 0 0 0.6 265.45
8470 -2.22 0 0 1.81 261.38
8471 -2.32 0 0 0.5 259.89
8472 -2.65 0 0 0.4 254.82
8473 -3.41 0 0 0.6 252.51
8474 -4.38 0 0 1.51 246.72
8475 -5.36 0 0 1.31 241
8476 -5.92 0 0 1 237.34
8477 -6.49 0 0 0.3 233.73
8478 -7.05 0 0 0.5 230.14
8479 -7.48 0 0 1.31 227.24
8480 -7.9 0 0 0.7 225.56
8481 -7.17 30.27 133.3 0.5 228.64
8482 -6.27 101.68 152.37 1.1 228.14
8483 -5.51 158.83 139.7 1.51 227.2
8484 -4.71 227.11 356.96 2.61 224.12
8485 -4.47 214.27 165.46 1.1 234.79
8486 -4.18 213.47 356.75 2.31 223.81
8487 -4.3 167.2 374.57 2.31 224.55
8488 -4.8 102.59 307.96 1.81 224.06
8489 -4.98 10.95 0 0.3 225.95
8490 -5.16 0 0 0.1 228.88
8491 -5.34 0 0 1 229.54
8492 -5.52 0 0 0.5 229.13
8493 -5.7 0 0 0.4 227.84
8494 -5.88 0 0 0.3 229.16
8495 -6.06 0 0 1.81 230.08
8496 -6.24 0 0 0.5 232.67
8497 -5.83 0 0 0.5 235.52
8498 -5.32 0 0 0.5 237.47
8499 -4.81 0 0 1 241.09
8500 -4.5 0 0 0.6 245.33
8501 -4.19 0 0 2.91 245.34
8502 -3.88 0 0 2.11 247.75
8503 -3.64 0 0 0.4 252.01
8504 -3.4 0 0 1.31 254.46
8505 -2.24 20.06 0 1 256.82
8506 -1.13 53.25 0 2.31 263.12
8507 -1.8 22.31 0 2.11 270.69
8508 -0.18 115.11 2.38 1.51 266.07
8509 1.51 183.47 121.97 3.31 267.6
8510 3.22 246.47 504.22 1.81 266.54
8511 3.9 178.52 451.46 0.9 271.85
8512 4.02 119.4 346.55 0.3 266.47
8513 3.69 12.2 0 0 264.91
8514 3.36 0 0 0.7 263.35
8515 3.03 0 0 0.7 261.79
8516 2.7 0 0 0.9 260.24
8517 2.37 0 0 0.4 258.69
8518 2.04 0 0 0.7 257.14
8519 1.71 0 0 3.62 255.6
8520 1.38 0 0 3.82 243.25
8521 0.65 0 0 4.52 235.31
8522 -0.16 0 0 2.31 232.69
8523 -0.97 0 0 0.5 235.46
8524 -1.41 0 0 1.81 236.44
8525 -1.85 0 0 2.61 235.72
8526 -2.29 0 0 2.11 237.06
8527 -2.61 0 0 0.7 239.37
8528 -2.93 0 0 1.31 237.98
8529 -2.06 28.41 82.93 1.31 240.52
8530 -0.1 151.05 651.54 0.3 244.07
8531 1.65 254.33 776.84 0.2 244.26
8532 3.07 323.88 836.99 0.3 247.94
8533 3.96 334.81 843.02 0.3 250.02
8534 4.31 294.86 806.27 0.2 249.89
8535 4.08 212.49 716.08 0.7 252.53
8536 3.11 101.56 508.83 1.1 254.7
8537 2.54 8.66 0 0.9 255.28
8538 1.97 0 0 0.7 252.34
8539 1.4 0 0 1.51 250.02
8540 0.83 0 0 2.11 249.96
8541 0.26 0 0 2.91 244.31
8542 -0.31 0 0 1.1 243.19
8543 -0.88 0 0 1.1 243.3
8544 -1.44 0 0 0.7 239.7
8545 -1.72 0 0 1.61 236.48
8546 -2.02 0 0 0.7 233.24
8547 -2.32 0 0 1.1 231.96
8548 -2.48 0 0 0.9 233.98
8549 -2.64 0 0 0.5 236.34
8550 -2.8 0 0 0.4 235.96
8551 -2.92 0 0 0 237.52
8552 -3.04 0 0 0.9 237.44
8553 -1.97 28.01 80.4 1 239.21
8554 0.47 153.76 658.52 1.31 242.01
8555 2.65 259.88 784.22 0.9 244.34
8556 4.38 326.64 839.08 1.81 248.51
8557 5.53 342.34 850.82 0.5 250.23
8558 6.04 303.84 821.14 1.51 250.68
8559 5.88 222.03 742.69 1.31 253.41
8560 4.79 105.59 538.51 0.7 255.33
8561 4.43 9.05 0 1.1 258.8
8562 4.07 0 0 0.6 257.54
8563 3.71 0 0 1.1 256.49
8564 3.36 0 0 1.61 255.58
8565 3 0 0 2.61 254.85
8566 2.64 0 0 0.4 258.07
8567 2.28 0 0 0.6 264.76
8568 1.92 0 0 0.7 263.45
8569 1.67 0 0 0.3 263.88
8570 1.4 0 0 0.1 264.07
8571 1.13 0 0 0.5 263.92
8572 1 0 0 1.1 265.6
8573 0.86 0 0 2.11 262.57
8574 0.72 0 0 1.61 262.9
8575 0.63 0 0 3.31 264.94
8576 0.53 0 0 3.82 262.88
8577 1.33 20.41 0 2.31 262.69
8578 2.05 57.66 0 2.31 263.65
8579 4.64 237.54 525.03 0.3 250.66
8580 7.11 358.5 707.36 0.9 247.19
8581 7.99 280.97 547.1 0.5 259.02
8582 8.04 200.66 256.44 0.3 272.37
8583 6.91 75.17 0 0.4 280.99
8584 5.64 24.21 0 2.11 284.89
8585 5.27 7.64 0 2.91 284.49
8586 4.9 0 0 3.82 285.85
8587 4.53 0 0 1 285.09
8588 4.16 0 0 0.5 279.8
8589 3.79 0 0 0.3 284.65
8590 3.42 0 0 3.31 284.73
8591 3.05 0 0 1.31 282.84
8592 2.68 0 0 2.31 284.69
8593 2.35 0 0 2.11 282.26
8594 2.03 0 0 1.81 282.42
8595 1.72 0 0 1.61 280.12
8596 1.57 0 0 1.1 283.92
8597 1.41 0 0 0.7 287.55
8598 1.28 0 0 1.31 290.75
8599 1.19 0 0 4.22 287.82
8600 1.1 0 0 2.61 285.72
8601 2.27 39.55 169.25 2.91 289.18
8602 2.11 27.18 0 1.51 284.26
8603 3.57 182.19 228.01 3.31 268.67
8604 5.7 374.87 546.02 1.61 251.87
8605 4.5 31.53 0 2.61 289.44
8606 5.03 193.88 210.58 3.31 268.56
8607 4.6 93.93 20.96 1.31 289.49
8608 3.57 10.44 0 1.81 299.56
8609 3.31 1.07 0 0.9 293.39
8610 3.13 0 0 0.9 293.22
8611 2.91 0 0 0.1 290.03
8612 2.68 0 0 0.1 286.86
8613 2.45 0 0 0.1 283.71
8614 2.22 0 0 0.4 280.59
8615 2 0 0 0.2 277.5
8616 1.77 0 0 0.3 274.43
8617 1.45 0 0 1 270.93
8618 1.18 0 0 1.51 267.68
8619 0.9 0 0 2.11 267.29
8620 0.78 0 0 2.31 261.91
8621 0.66 0 0 2.31 257.45
8622 0.54 0 0 5.02 254.96
8623 0.47 0 0 4.22 251.78
8624 0.41 0 0 2.31 250.31
8625 1.31 34.31 209.49 1.81 249
8626 2.98 163.55 654.62 1.31 251.46
8627 4.55 281.3 657.88 0.7 250.66
8628 5.1 240.55 341.16 0.7 264.71
8629 5.13 178.27 105.68 0.6 271.04
8630 3.85 24.72 0 1.1 298.93
8631 3.22 18.2 0 1 294.98
8632 2.62 9.11 0 1.51 292.1
8633 2.04 1.03 0 1.81 288.13
8634 1.8 0 0 2.11 286.06
8635 1.72 0 0 1.51 287.54
8636 1.53 0 0 1.51 285.71
8637 1.34 0 0 1.81 283.9
8638 0.58 0 0 2.11 279.07
8639 0.96 0 0 1.1 280.38
8640 0.77 0 0 0.5 278.8
8641 0.43 0 0 0.2 279.53
8642 0.09 0 0 0.1 275.52
8643 -0.25 0 0 0.2 274.13
8644 -0.43 0 0 0 273.97
8645 -0.67 0 0 0.1 272.81
8646 -0.79 0 0 0.2 273.21
8647 -0.91 0 0 0 271.8
8648 -1.03 0 0 0.1 269.23
8649 -0.41 16.21 0 0.1 267.5
8650 0.7 73.43 50.4 0.2 268.18
8651 2.13 155.41 164.72 0.1 269.2
8652 3.84 258.92 492.62 0 256.43
8653 4.74 241.52 336.04 0.2 260.44
8654 4.9 176.35 151.7 0.5 265.12
8655 5.12 195.2 408.6 0.6 253.96
8656 4.81 122.75 448.95 0.7 249.64
8657 3.77 14.61 0 0.3 250.79
8658 3.33 0 0 1.51 247.48
8659 2.89 0 0 2.31 249.91
8660 2.46 0 0 1.51 247.63
8661 2.02 0 0 2.61 247.69
8662 1.58 0 0 4.52 247.41
8663 1.15 0 0 3.31 247.92
8664 0.71 0 0 4.22 249.41
8665 0.31 0 0 1.81 253
8666 -0.09 0 0 3.82 251.98
8667 -0.49 0 0 5.02 251.94
8668 -0.69 0 0 2.31 252.64
8669 -0.89 0 0 2.91 249.24
8670 -1.08 0 0 3.82 247.74
8671 -1.22 0 0 2.91 249.39
8672 -1.35 0 0 2.91 250.45
8673 -0.36 25.88 81.84 2.61 253.97
8674 0.86 89.47 135.35 1.81 252.1
8675 1.25 90.12 0 2.61 272.25
8676 2.33 179.4 120.2 2.61 257.31
8677 3.17 205.87 168.66 0.9 256.73
8678 4.15 271.46 501.07 0.1 246.87
8679 4.67 237.8 694.67 0.2 244.53
8680 4.48 133.55 588.96 0.1 245.39
8681 3.48 15.27 0 0 245.63
8682 2.86 0 0 0 244.67
8683 2.25 0 0 0 244.82
8684 1.64 0 0 0 243.57
8685 1.02 0 0 0 244.2
8686 0.41 0 0 0 244.94
8687 -0.21 0 0 0 243.51
8688 -0.82 0 0 0.1 241.81
8689 -1.44 0 0 0.3 241.17
8690 -2.08 0 0 1.51 235.99
8691 -2.72 0 0 0.5 236.89
8692 -3.05 0 0 0.2 236.55
8693 -3.38 0 0 0.3 234.23
8694 -3.72 0 0 0.7 235.17
8695 -3.94 0 0 0.9 234.4
8696 -4.17 0 0 2.11 232.06
8697 -3.12 33.18 200.29 2.91 233.27
8698 -1.33 146.2 409.03 3.31 237.78
8699 -0.5 169.56 252.94 1.1 248.65
8700 1.02 308.11 668.83 0.5 238.7
8701 2.37 376.96 637.06 1.1 235.29
8702 2.15 169.78 117.36 2.91 252.31
8703 2.37 253.33 466.45 0.5 234.43
8704 1.01 12.24 0 0.2 266.03
8705 -0.07 7.77 0 0.3 263.13
8706 -0.65 0 0 0.2 262.19
8707 -1.23 0 0 0 259.66
8708 -1.81 0 0 0.3 257.25
8709 -2.39 0 0 0 255.1
8710 -2.97 0 0 0.1 254.23
8711 -3.55 0 0 0.1 251.83
8712 -4.13 0 0 0.5 251.22
8713 -4.64 0 0 1 247.39
8714 -5.14 0 0 1.1 243.38
8715 -5.65 0 0 1 243.99
8716 -5.9 0 0 0.5 241.83
8717 -6.15 0 0 3.62 242.27
8718 -6.41 0 0 2.91 242.39
8719 -6.58 0 0 1.31 241.33
8720 -6.75 0 0 1.1 240.8
8721 -6.3 13.57 0 3.31 243.9
8722 -5.94 32.82 0 2.11 244.31
8723 -5.24 88.15 0 1.61 244.14
8724 -4.7 129.94 14.52 5.02 244.22
8725 -3.54 193.91 129.69 6.13 241.61
8726 -3.1 166.59 112.79 2.61 245.12
8727 -2.42 240.1 545.76 2.11 219.78
8728 -2.37 137.4 594.45 1.61 216.12
8729 -3.09 16.77 0 0.5 214
8730 -3.82 0 0 2.11 211.57
8731 -4.55 0 0 2.11 210.45
8732 -5.28 0 0 2.31 209.65
8733 -6.02 0 0 1.1 208.04
8734 -6.75 0 0 1 206.56
8735 -7.48 0 0 1.1 206.44
8736 -8.21 0 0 1.61 206.74
8737 -9.08 0 0 1.1 204.05
8738 -10.28 0 0 0.9 202.66
8739 -11.49 0 0 0.5 200.26
8740 -12.26 0 0 0.1 200.94
8741 -13.04 0 0 0.6 198.73
8742 -13.81 0 0 1.51 195.34
8743 -14.44 0 0 0.4 196.97
8744 -15.07 0 0 1.31 195.12
8745 -14.95 21.74 16.12 0.3 195.54
8746 -14.77 71.14 41.13 0.2 199.51
8747 -14.29 163.78 197.75 0.9 194.99
8748 -14.11 186.56 137.52 0.2 196.76
8749 -13.75 276.97 483.78 1.81 190.79
8750 -13.72 251.16 487.14 4.52 193.9
8751 -13.85 229.55 618.19 3.62 188.68
8752 -14.4 125.82 624.56 0.6 188.94
8753 -15.33 17.61 0 0.2 186.94
8754 -14.26 0 0 0.7 190.26
8755 -13.2 0 0 0.1 189.11
8756 -12.14 0 0 0.1 188.38
8757 -11.08 0 0 0.2 191.53
8758 -10.01 0 0 0.7 193
8759 -8.95 0 0 0.5 195.65
8760 -7.89 0 0 3.82 198.78
