# Location:	Cold/Edmonton Airport, Year: 2021-2040, Longitude: 113.583, STD Longitude: 105, Latitude: 53.3	
# NB: The longitudes are defined negative for values to the east and positive to the west.
TIME ta Ghoris Gbn w10 EL
1 -15.81 0.00 0.00 3.01 174.17
2 -16.30 0.00 0.00 3.01 175.50
3 -16.79 0.00 0.00 3.01 174.71
4 -17.28 0.00 0.00 2.21 174.00
5 -17.51 0.00 0.00 2.51 174.41
6 -17.74 0.00 0.00 2.21 175.66
7 -17.98 0.00 0.00 2.51 174.28
8 -18.13 0.00 0.00 2.81 174.59
9 -18.27 0.00 0.00 1.81 174.44
10 -15.33 37.99 172.02 1.71 178.07
11 -12.68 106.21 298.98 1.30 182.89
12 -11.04 135.35 240.12 2.41 189.27
13 -8.20 239.31 610.50 2.71 180.57
14 -6.76 222.06 724.53 3.01 184.29
15 -6.57 161.62 653.83 3.21 186.39
16 -7.97 74.50 547.10 3.01 187.24
17 -8.89 3.78 0.00 3.51 184.04
18 -9.82 0.00 0.00 4.01 181.49
19 -10.74 0.00 0.00 3.71 178.79
20 -11.67 0.00 0.00 2.81 179.61
21 -12.59 0.00 0.00 3.01 179.23
22 -13.52 0.00 0.00 3.51 177.55
23 -14.44 0.00 0.00 4.01 174.20
24 -15.37 0.00 0.00 3.21 170.81
25 -16.37 0.00 0.00 4.52 169.55
26 -17.49 0.00 0.00 6.22 167.84
27 -18.61 0.00 0.00 5.52 164.87
28 -19.73 0.00 0.00 6.22 162.52
29 -20.35 0.00 0.00 7.33 160.28
30 -20.97 0.00 0.00 5.22 158.67
31 -21.58 0.00 0.00 4.72 157.20
32 -22.04 0.00 0.00 3.91 154.48
33 -22.49 0.00 0.00 6.22 154.16
34 -19.06 52.00 464.21 5.92 162.61
35 -16.13 141.29 633.20 5.22 167.06
36 -13.71 208.11 716.52 6.52 168.89
37 -12.03 238.99 747.15 5.52 172.12
38 -11.28 223.84 726.98 6.22 173.02
39 -11.65 159.77 661.33 4.72 177.45
40 -13.36 75.01 546.39 3.91 177.47
41 -14.04 3.03 0.00 5.02 175.51
42 -14.72 0.00 0.00 4.52 172.81
43 -15.40 0.00 0.00 2.81 170.05
44 -16.08 0.00 0.00 3.01 167.58
45 -16.76 0.00 0.00 3.21 166.67
46 -17.44 0.00 0.00 3.91 167.23
47 -18.13 0.00 0.00 3.21 166.88
48 -18.81 0.00 0.00 4.72 164.96
49 -19.07 0.00 0.00 5.22 164.19
50 -19.35 0.00 0.00 5.02 164.88
51 -19.63 0.00 0.00 5.02 163.61
52 -19.91 0.00 0.00 3.51 163.82
53 -20.06 0.00 0.00 3.01 164.68
54 -20.21 0.00 0.00 2.51 162.91
55 -20.36 0.00 0.00 3.21 163.17
56 -20.47 0.00 0.00 2.41 163.31
57 -20.58 0.00 0.00 2.21 164.35
58 -16.74 47.44 337.83 2.21 174.46
59 -14.03 114.49 474.10 1.81 178.97
60 -11.70 167.36 520.17 2.01 180.54
61 -9.76 206.27 643.20 2.41 182.78
62 -8.29 225.02 716.84 2.51 182.71
63 -8.31 152.12 654.40 2.21 185.43
64 -9.91 72.11 485.45 2.71 184.01
65 -10.27 3.46 0.00 3.51 183.31
66 -10.62 0.00 0.00 4.01 183.70
67 -10.97 0.00 0.00 3.01 185.35
68 -11.32 0.00 0.00 2.51 184.35
69 -11.68 0.00 0.00 2.41 185.04
70 -12.03 0.00 0.00 4.01 185.44
71 -12.38 0.00 0.00 4.01 185.37
72 -12.74 0.00 0.00 5.92 184.23
73 -13.02 0.00 0.00 5.52 187.26
74 -13.23 0.00 0.00 6.52 186.88
75 -13.43 0.00 0.00 6.52 187.67
76 -13.63 0.00 0.00 9.63 188.12
77 -13.70 0.00 0.00 8.23 187.73
78 -13.76 0.00 0.00 5.92 187.45
79 -13.82 0.00 0.00 5.52 187.54
80 -13.83 0.00 0.00 4.52 188.93
81 -13.85 0.00 0.00 4.01 189.47
82 -10.04 47.14 365.10 4.52 194.71
83 -6.76 128.05 589.78 5.92 202.28
84 -3.64 203.07 721.11 4.72 203.98
85 -1.60 225.10 747.15 4.72 203.97
86 -0.56 211.50 731.67 4.52 208.05
87 -0.86 145.67 607.10 3.51 211.35
88 -2.57 66.73 394.03 3.91 212.21
89 -3.55 3.79 0.00 3.21 207.35
90 -4.53 0.00 0.00 1.91 207.57
91 -5.51 0.00 0.00 1.71 204.99
92 -6.49 0.00 0.00 1.71 201.93
93 -7.47 0.00 0.00 2.11 201.78
94 -8.45 0.00 0.00 2.41 201.07
95 -9.42 0.00 0.00 1.30 199.26
96 -10.40 0.00 0.00 1.71 197.80
97 -11.67 0.00 0.00 2.71 195.49
98 -13.07 0.00 0.00 2.51 191.46
99 -14.46 0.00 0.00 3.01 190.77
100 -15.85 0.00 0.00 3.71 188.82
101 -16.61 0.00 0.00 4.21 186.68
102 -17.37 0.00 0.00 4.72 184.80
103 -18.13 0.00 0.00 3.51 185.32
104 -18.68 0.00 0.00 3.51 183.25
105 -19.23 0.00 0.00 4.52 183.55
106 -18.31 25.21 20.94 5.22 183.25
107 -18.27 32.90 0.00 6.22 182.76
108 -17.37 103.45 75.05 5.22 174.11
109 -16.77 123.98 82.72 4.01 173.08
110 -16.40 131.53 167.49 3.21 169.70
111 -16.82 58.12 0.00 2.81 177.19
112 -17.22 51.62 95.70 2.81 172.64
113 -18.16 4.09 0.00 2.21 169.80
114 -19.09 0.00 0.00 2.51 167.12
115 -20.02 0.00 0.00 2.51 166.17
116 -20.96 0.00 0.00 1.71 161.12
117 -21.97 0.00 0.00 2.51 163.04
118 -22.83 0.00 0.00 2.21 160.94
119 -23.76 0.00 0.00 2.01 157.27
120 -24.70 0.00 0.00 3.01 153.82
121 -25.55 0.00 0.00 2.81 150.34
122 -26.47 0.00 0.00 2.81 146.85
123 -27.39 0.00 0.00 3.51 143.40
124 -28.30 0.00 0.00 4.01 139.98
125 -28.79 0.00 0.00 4.01 138.22
126 -29.28 0.00 0.00 4.72 136.47
127 -29.77 0.00 0.00 5.52 134.72
128 -30.12 0.00 0.00 5.52 127.48
129 -30.46 0.00 0.00 5.02 127.95
130 -29.19 18.87 0.00 5.02 129.86
131 -27.38 71.86 74.46 4.52 134.11
132 -25.50 127.42 178.36 3.51 132.28
133 -23.84 170.24 356.09 2.81 132.25
134 -22.20 217.47 603.08 3.21 128.48
135 -21.60 177.59 663.31 2.81 128.83
136 -22.41 86.85 550.01 2.21 128.90
137 -23.23 7.56 0.00 2.11 127.56
138 -24.05 0.00 0.00 1.00 127.50
139 -24.87 0.00 0.00 1.00 126.48
140 -25.69 0.00 0.00 0.80 123.52
141 -26.51 0.00 0.00 1.71 123.76
142 -27.33 0.00 0.00 1.61 122.56
143 -28.15 0.00 0.00 0.90 120.84
144 -28.97 0.00 0.00 0.70 118.60
145 -29.57 0.00 0.00 0.90 118.22
146 -30.29 0.00 0.00 0.70 116.89
147 -31.01 0.00 0.00 1.20 116.47
148 -31.73 0.00 0.00 1.20 115.07
149 -32.15 0.00 0.00 1.71 114.41
150 -32.56 0.00 0.00 1.40 114.34
151 -32.98 0.00 0.00 2.21 114.33
152 -33.30 0.00 0.00 2.41 113.41
153 -33.61 0.00 0.00 1.71 111.90
154 -32.39 21.31 0.00 1.61 115.72
155 -28.28 156.19 351.97 2.21 125.05
156 -28.36 90.51 34.86 2.51 137.98
157 -28.26 102.73 24.73 2.81 138.14
158 -27.80 139.01 190.34 2.51 134.72
159 -27.83 110.14 204.38 3.21 134.30
160 -29.23 18.63 0.00 2.71 141.97
161 -29.43 6.07 0.00 3.51 141.40
162 -29.63 0.00 0.00 1.91 139.92
163 -29.82 0.00 0.00 1.81 136.53
164 -30.02 0.00 0.00 2.21 136.17
165 -30.22 0.00 0.00 2.41 135.74
166 -30.41 0.00 0.00 1.20 135.84
167 -30.61 0.00 0.00 1.30 133.23
168 -30.81 0.00 0.00 1.40 131.69
169 -30.59 0.00 0.00 2.11 132.54
170 -30.27 0.00 0.00 2.01 131.62
171 -29.95 0.00 0.00 1.61 131.35
172 -29.63 0.00 0.00 1.61 131.51
173 -29.42 0.00 0.00 1.61 131.01
174 -29.21 0.00 0.00 1.30 132.81
175 -29.00 0.00 0.00 0.90 133.32
176 -28.82 0.00 0.00 1.61 130.77
177 -28.65 0.00 0.00 1.40 129.50
178 -23.81 52.64 413.47 2.11 137.84
179 -19.64 143.16 645.81 2.11 142.51
180 -16.51 199.06 703.58 1.30 148.08
181 -14.44 218.97 701.70 1.61 152.36
182 -13.25 214.00 724.90 2.11 155.31
183 -13.30 159.25 653.95 2.41 156.10
184 -15.02 81.03 491.31 3.71 153.54
185 -15.61 6.25 0.00 3.71 154.11
186 -16.21 0.00 0.00 3.71 154.58
187 -16.80 0.00 0.00 2.71 155.62
188 -17.39 0.00 0.00 3.01 153.58
189 -17.99 0.00 0.00 3.01 156.44
190 -18.58 0.00 0.00 4.72 157.05
191 -19.18 0.00 0.00 7.33 157.32
192 -19.77 0.00 0.00 9.63 157.07
193 -20.73 0.00 0.00 11.54 157.79
194 -21.84 0.00 0.00 8.93 156.08
195 -22.94 0.00 0.00 8.23 154.29
196 -24.05 0.00 0.00 7.93 152.45
197 -24.67 0.00 0.00 8.93 150.19
198 -25.29 0.00 0.00 6.22 148.91
199 -25.91 0.00 0.00 5.22 146.54
200 -26.38 0.00 0.00 5.22 146.65
201 -26.84 0.00 0.00 5.02 145.28
202 -24.56 35.61 141.65 7.63 151.81
203 -22.81 91.34 197.34 5.52 156.50
204 -21.68 119.74 124.98 5.02 157.78
205 -20.53 158.21 254.47 5.52 156.84
206 -19.72 171.22 392.90 5.52 156.40
207 -19.57 140.67 368.21 4.72 156.03
208 -20.18 90.70 425.80 6.52 152.99
209 -20.80 8.88 0.00 5.02 152.36
210 -21.41 0.00 0.00 8.43 149.61
211 -22.02 0.00 0.00 7.93 148.17
212 -22.64 0.00 0.00 5.52 147.72
213 -23.25 0.00 0.00 7.93 145.95
214 -23.87 0.00 0.00 7.63 142.76
215 -24.48 0.00 0.00 7.63 141.25
216 -25.10 0.00 0.00 7.33 139.68
217 -25.22 0.00 0.00 5.92 139.62
218 -25.25 0.00 0.00 7.63 138.34
219 -25.29 0.00 0.00 10.54 140.85
220 -25.33 0.00 0.00 9.63 141.08
221 -25.31 0.00 0.00 8.23 141.56
222 -25.28 0.00 0.00 7.33 142.36
223 -25.26 0.00 0.00 7.93 141.83
224 -25.22 0.00 0.00 7.93 140.73
225 -25.18 0.00 0.00 4.01 139.75
226 -22.95 30.35 55.82 2.71 144.28
227 -18.76 146.30 649.87 3.01 151.12
228 -15.02 243.20 590.39 3.21 154.91
229 -14.49 165.61 248.77 3.71 163.79
230 -14.78 130.70 130.44 3.51 165.92
231 -16.36 60.44 0.00 3.71 172.65
232 -18.09 24.29 0.00 3.21 173.77
233 -18.32 4.85 0.00 5.92 175.45
234 -18.55 0.00 0.00 5.52 175.19
235 -18.78 0.00 0.00 4.52 175.20
236 -19.01 0.00 0.00 4.72 171.58
237 -19.24 0.00 0.00 6.22 172.13
238 -19.47 0.00 0.00 5.92 172.56
239 -19.70 0.00 0.00 7.63 170.20
240 -19.93 0.00 0.00 7.33 167.77
241 -20.45 0.00 0.00 8.93 166.72
242 -20.99 0.00 0.00 8.93 165.73
243 -21.53 0.00 0.00 8.43 162.90
244 -22.07 0.00 0.00 5.52 161.56
245 -22.35 0.00 0.00 4.01 160.84
246 -22.62 0.00 0.00 3.71 159.42
247 -22.90 0.00 0.00 3.21 157.44
248 -23.10 0.00 0.00 3.51 156.92
249 -23.29 0.00 0.00 4.52 154.42
250 -21.85 20.74 0.00 4.52 157.05
251 -17.98 131.63 317.21 6.92 163.82
252 -18.01 75.78 0.00 5.92 176.24
253 -16.24 178.11 304.49 6.92 169.93
254 -14.66 215.02 500.62 4.72 170.12
255 -15.11 102.53 141.96 4.21 180.31
256 -16.48 41.36 18.05 3.01 183.42
257 -18.09 2.50 0.00 3.51 179.57
258 -18.24 0.00 0.00 3.21 179.63
259 -18.38 0.00 0.00 3.51 177.46
260 -18.53 0.00 0.00 3.71 179.20
261 -18.67 0.00 0.00 4.72 179.61
262 -18.82 0.00 0.00 4.52 178.85
263 -18.96 0.00 0.00 4.52 176.87
264 -19.11 0.00 0.00 4.52 177.23
265 -19.19 0.00 0.00 3.71 178.14
266 -19.24 0.00 0.00 3.51 179.34
267 -19.29 0.00 0.00 3.21 179.88
268 -19.34 0.00 0.00 4.72 179.64
269 -19.35 0.00 0.00 3.91 179.56
270 -19.36 0.00 0.00 4.21 180.56
271 -19.37 0.00 0.00 2.51 179.80
272 -19.40 0.00 0.00 3.01 180.45
273 -19.36 0.00 0.00 3.91 181.04
274 -15.17 47.64 156.13 3.51 198.12
275 -14.63 59.31 6.94 3.71 190.71
276 -14.75 48.46 0.00 4.52 193.98
277 -12.61 148.26 177.93 3.71 188.98
278 -11.88 116.38 67.60 4.01 195.02
279 -11.40 114.68 150.72 3.71 189.55
280 -12.00 59.11 135.74 3.21 194.92
281 -13.38 9.14 0.00 3.21 189.36
282 -13.63 0.00 0.00 3.21 190.03
283 -13.89 0.00 0.00 3.21 188.00
284 -14.15 0.00 0.00 4.21 185.31
285 -14.40 0.00 0.00 3.51 183.94
286 -14.66 0.00 0.00 4.21 185.28
287 -14.91 0.00 0.00 5.22 182.95
288 -15.17 0.00 0.00 4.72 181.77
289 -15.54 0.00 0.00 3.91 182.35
290 -15.89 0.00 0.00 5.52 183.33
291 -16.25 0.00 0.00 5.02 182.84
292 -16.60 0.00 0.00 4.52 182.69
293 -16.77 0.00 0.00 3.51 182.23
294 -16.94 0.00 0.00 2.51 182.35
295 -17.11 0.00 0.00 3.71 179.59
296 -17.21 0.00 0.00 2.81 180.62
297 -17.32 0.00 0.00 2.81 178.68
298 -12.75 56.51 397.76 3.91 189.58
299 -9.29 141.86 612.10 3.21 198.67
300 -6.31 209.24 712.07 2.41 202.53
301 -4.29 235.29 727.60 1.30 205.48
302 -3.18 228.64 742.33 1.40 204.95
303 -3.23 171.61 653.30 1.40 205.88
304 -4.95 85.59 426.46 1.30 208.82
305 -7.54 9.31 0.00 0.80 205.54
306 -7.84 0.00 0.00 0.80 205.06
307 -8.14 0.00 0.00 1.30 207.22
308 -8.44 0.00 0.00 1.71 207.83
309 -8.74 0.00 0.00 1.61 209.51
310 -9.03 0.00 0.00 1.71 209.69
311 -9.33 0.00 0.00 1.40 211.01
312 -9.63 0.00 0.00 1.00 209.63
313 -9.98 0.00 0.00 0.50 213.37
314 -10.23 0.00 0.00 0.40 213.78
315 -10.48 0.00 0.00 0.40 212.96
316 -10.73 0.00 0.00 0.80 215.08
317 -10.80 0.00 0.00 1.71 215.42
318 -10.88 0.00 0.00 1.71 217.14
319 -10.95 0.00 0.00 0.60 220.28
320 -10.97 0.00 0.00 0.80 221.02
321 -10.98 1.50 0.00 1.20 223.06
322 -10.52 5.17 0.00 1.30 224.81
323 -10.14 12.80 0.00 1.61 226.80
324 -5.65 195.48 411.93 1.30 213.01
325 -1.95 274.91 716.17 0.90 212.92
326 -0.37 226.87 524.64 1.30 222.05
327 -0.95 109.08 138.92 1.00 234.68
328 -3.06 8.50 0.00 0.90 245.04
329 -4.73 1.25 0.00 0.70 240.45
330 -5.03 0.00 0.00 1.20 240.70
331 -5.33 0.00 0.00 1.40 241.10
332 -5.62 0.00 0.00 2.81 239.04
333 -5.92 0.00 0.00 2.71 237.57
334 -6.22 0.00 0.00 2.21 234.77
335 -6.52 0.00 0.00 1.91 230.53
336 -6.82 0.00 0.00 1.71 229.72
337 -7.48 0.00 0.00 2.11 228.62
338 -8.16 0.00 0.00 1.81 223.07
339 -8.83 0.00 0.00 1.81 220.28
340 -9.51 0.00 0.00 2.11 216.79
341 -9.85 0.00 0.00 2.81 217.95
342 -10.20 0.00 0.00 3.71 216.31
343 -10.54 0.00 0.00 4.01 214.16
344 -10.78 0.00 0.00 4.72 212.97
345 -11.02 1.01 0.00 4.21 210.65
346 -8.01 43.59 183.32 4.72 220.29
347 -4.68 139.82 563.27 4.52 228.61
348 -1.89 213.10 702.47 5.22 231.77
349 0.47 271.46 658.56 6.52 230.91
350 0.52 171.70 311.18 5.92 244.98
351 -0.38 120.84 184.01 7.93 244.49
352 -2.30 47.26 22.40 7.33 249.55
353 -4.29 10.04 0.00 4.72 242.27
354 -4.53 0.00 0.00 4.01 240.93
355 -4.76 0.00 0.00 4.72 238.15
356 -5.00 0.00 0.00 4.21 236.96
357 -5.23 0.00 0.00 5.02 235.85
358 -5.46 0.00 0.00 4.21 233.04
359 -5.70 0.00 0.00 5.52 230.31
360 -5.93 0.00 0.00 5.02 230.93
361 -6.11 0.00 0.00 5.22 230.91
362 -6.24 0.00 0.00 4.01 231.71
363 -6.37 0.00 0.00 3.21 235.29
364 -6.50 0.00 0.00 2.21 232.44
365 -6.55 0.00 0.00 3.01 232.59
366 -6.59 0.00 0.00 3.01 232.80
367 -6.64 0.00 0.00 3.71 232.62
368 -6.65 0.00 0.00 3.01 233.21
369 -6.67 0.91 0.00 2.81 234.57
370 -6.19 5.17 0.00 4.21 234.00
371 -4.07 54.87 0.00 4.01 242.58
372 -2.38 88.90 4.98 4.52 249.56
373 -0.36 144.25 116.41 4.21 250.20
374 1.03 156.55 192.82 5.92 250.04
375 1.01 87.41 26.13 8.43 254.08
376 0.39 56.12 66.27 5.92 253.35
377 -0.85 10.77 0.00 6.92 249.34
378 -1.16 0.00 0.00 4.72 250.99
379 -1.54 0.00 0.00 4.01 260.84
380 -2.02 0.00 0.00 4.01 261.07
381 -2.12 0.00 0.00 3.51 259.29
382 -2.40 0.00 0.00 3.21 260.57
383 -2.71 0.00 0.00 3.71 259.68
384 -3.01 0.00 0.00 3.21 258.79
385 -3.81 0.00 0.00 4.01 255.43
386 -3.98 0.00 0.00 3.51 255.27
387 -4.48 0.00 0.00 2.81 253.41
388 -4.98 0.00 0.00 3.91 254.56
389 -5.25 0.00 0.00 4.21 255.02
390 -5.56 0.00 0.00 2.81 252.72
391 -5.80 0.00 0.00 3.51 254.76
392 -5.99 0.00 0.00 2.81 254.44
393 -6.19 0.27 0.00 2.51 254.11
394 -5.85 5.10 0.00 2.81 256.55
395 -5.54 14.33 0.00 2.81 258.27
396 -5.37 20.46 0.00 3.51 259.00
397 -5.23 26.06 0.00 3.91 259.30
398 -2.83 171.45 243.99 4.21 248.57
399 -1.78 134.80 262.00 5.52 253.50
400 -1.68 75.16 214.13 5.52 252.93
401 -2.55 12.11 0.00 5.22 250.25
402 -2.69 0.00 0.00 5.92 248.45
403 -2.83 0.00 0.00 6.92 246.23
404 -2.98 0.00 0.00 8.43 245.61
405 -3.12 0.00 0.00 8.93 247.08
406 -3.26 0.00 0.00 8.93 248.07
407 -3.41 0.00 0.00 8.93 249.46
408 -3.55 0.00 0.00 9.63 252.48
409 -3.55 0.00 0.00 9.63 252.53
410 -3.44 0.00 0.00 9.63 251.78
411 -3.32 0.00 0.00 11.54 253.54
412 -3.21 0.00 0.00 13.55 254.83
413 -3.10 0.00 0.00 11.54 253.56
414 -2.99 0.00 0.00 10.54 255.60
415 -2.88 0.00 0.00 7.33 254.50
416 -2.77 0.00 0.00 6.52 253.32
417 -2.66 0.73 0.00 6.92 252.64
418 -0.11 25.67 0.00 6.92 260.07
419 -0.65 11.55 0.00 5.92 267.19
420 -0.60 16.93 0.00 7.33 266.26
421 -0.59 19.42 0.00 6.92 276.95
422 3.66 232.42 465.68 7.33 267.59
423 5.93 198.98 701.63 6.92 260.98
424 6.40 111.45 548.32 6.92 255.39
425 5.18 21.87 29.85 5.22 250.82
426 4.71 0.00 0.00 7.33 250.56
427 4.24 0.00 0.00 7.63 252.48
428 3.77 0.00 0.00 8.43 253.41
429 3.30 0.00 0.00 6.92 255.06
430 2.84 0.00 0.00 5.52 252.91
431 2.37 0.00 0.00 6.22 252.49
432 1.90 0.00 0.00 5.92 251.79
433 1.05 0.00 0.00 6.92 252.83
434 0.16 0.00 0.00 8.23 246.77
435 -0.71 0.00 0.00 7.93 245.58
436 -1.62 0.00 0.00 5.02 245.76
437 -2.10 0.00 0.00 5.22 246.20
438 -2.58 0.00 0.00 5.02 245.19
439 -3.06 0.00 0.00 6.52 244.54
440 -3.39 0.00 0.00 4.52 243.37
441 -3.72 2.27 0.00 3.71 243.18
442 0.40 57.22 292.77 5.92 254.50
443 3.17 135.95 349.49 5.52 258.43
444 4.75 164.46 288.85 4.72 262.02
445 6.63 226.43 469.26 5.22 258.71
446 7.81 232.58 656.08 6.22 259.11
447 8.10 190.89 538.94 6.52 259.07
448 6.65 86.16 210.30 6.92 262.40
449 4.49 17.59 0.00 4.21 260.09
450 3.74 0.00 0.00 3.71 256.66
451 2.99 0.00 0.00 3.21 257.61
452 2.24 0.00 0.00 2.41 259.17
453 1.49 0.00 0.00 2.21 253.03
454 0.74 0.00 0.00 2.21 250.12
455 -0.02 0.00 0.00 4.01 249.25
456 -0.75 0.00 0.00 2.81 247.22
457 -1.37 0.00 0.00 3.51 246.46
458 -1.89 0.00 0.00 3.01 243.11
459 -2.42 0.00 0.00 2.11 242.04
460 -2.95 0.00 0.00 1.81 239.73
461 -3.17 0.00 0.00 2.21 235.80
462 -3.39 0.00 0.00 2.71 236.46
463 -3.61 0.00 0.00 2.51 234.53
464 -3.73 0.00 0.00 3.21 233.86
465 -3.85 2.64 0.00 3.21 230.89
466 1.46 75.68 519.73 3.21 244.20
467 4.77 170.51 680.00 3.01 247.15
468 7.70 249.24 770.73 2.71 251.97
469 9.82 281.80 801.26 2.11 256.99
470 9.72 258.87 780.05 1.91 258.57
471 9.72 206.73 722.94 0.90 260.99
472 9.53 122.22 626.34 0.40 262.74
473 7.04 19.56 2.49 0.50 260.38
474 6.42 0.00 0.00 0.50 262.49
475 5.79 0.00 0.00 0.90 262.45
476 5.16 0.00 0.00 0.70 261.11
477 4.53 0.00 0.00 0.70 261.79
478 3.90 0.00 0.00 1.40 260.46
479 3.27 0.00 0.00 1.40 263.99
480 2.64 0.00 0.00 1.40 263.83
481 1.69 0.00 0.00 2.01 268.91
482 0.46 0.00 0.00 2.41 266.60
483 -1.01 0.00 0.00 1.30 262.98
484 -1.71 0.00 0.00 2.41 260.53
485 -2.06 0.00 0.00 2.11 259.25
486 -2.56 0.00 0.00 2.41 260.14
487 -3.15 0.00 0.00 2.21 257.18
488 -3.75 0.00 0.00 2.21 255.57
489 -4.14 1.53 0.00 2.11 253.64
490 -2.73 32.96 3.15 3.01 260.09
491 -2.24 55.09 0.00 3.51 263.27
492 -1.83 82.16 0.00 4.01 263.57
493 -1.72 72.75 0.00 3.91 265.48
494 -1.49 98.88 1.64 4.21 262.23
495 -1.71 60.27 0.00 3.91 265.45
496 -2.37 23.52 0.00 4.72 266.89
497 -2.96 7.90 0.00 4.21 265.46
498 -3.54 0.00 0.00 3.51 260.34
499 -4.06 0.00 0.00 4.52 256.40
500 -4.59 0.00 0.00 4.72 256.23
501 -5.15 0.00 0.00 4.21 253.43
502 -5.70 0.00 0.00 4.01 249.72
503 -6.29 0.00 0.00 4.01 245.32
504 -6.81 0.00 0.00 3.01 242.39
505 -6.95 0.00 0.00 2.41 240.82
506 -6.98 0.00 0.00 3.01 239.80
507 -7.01 0.00 0.00 2.01 238.79
508 -7.04 0.00 0.00 1.71 237.77
509 -7.00 0.00 0.00 2.21 237.11
510 -6.96 0.00 0.00 1.91 236.44
511 -6.92 0.00 0.00 1.40 235.78
512 -6.86 0.00 0.00 1.61 235.23
513 -6.80 2.93 0.00 2.01 234.68
514 -2.15 58.84 227.44 2.71 249.59
515 1.18 143.93 449.63 1.91 250.15
516 5.00 249.19 564.43 2.41 251.01
517 5.97 196.99 266.82 3.01 263.34
518 5.35 133.67 65.75 2.21 272.96
519 4.18 96.75 16.81 2.21 269.38
520 2.90 70.59 86.96 2.11 262.90
521 1.15 19.65 2.25 1.61 257.67
522 0.79 0.00 0.00 1.61 254.77
523 0.43 0.00 0.00 0.60 252.63
524 0.07 0.00 0.00 1.20 252.92
525 -0.29 0.00 0.00 0.80 251.50
526 -0.63 0.00 0.00 0.70 249.73
527 -1.00 0.00 0.00 1.00 250.83
528 -1.37 0.00 0.00 0.70 248.35
529 -2.12 0.00 0.00 1.00 244.92
530 -2.93 0.00 0.00 2.11 242.86
531 -3.74 0.00 0.00 2.71 241.21
532 -4.55 0.00 0.00 3.51 242.35
533 -4.98 0.00 0.00 2.71 240.87
534 -5.42 0.00 0.00 3.01 240.00
535 -5.85 0.00 0.00 2.71 238.26
536 -6.16 0.00 0.00 2.21 238.17
537 -6.46 3.31 0.00 1.71 237.09
538 -2.14 57.44 236.51 1.61 250.53
539 1.19 147.75 481.54 1.30 253.80
540 3.91 214.48 594.80 1.40 257.80
541 5.54 230.56 533.77 1.00 264.53
542 6.85 254.24 599.17 1.61 263.75
543 6.92 190.36 458.06 1.91 266.93
544 5.19 89.99 223.08 2.01 270.94
545 2.79 20.67 12.06 2.51 265.08
546 2.38 0.00 0.00 2.51 266.37
547 1.97 0.00 0.00 2.21 267.34
548 1.56 0.00 0.00 1.30 264.13
549 1.14 0.00 0.00 1.40 262.58
550 0.73 0.00 0.00 1.61 264.18
551 0.32 0.00 0.00 1.40 265.75
552 -0.09 0.00 0.00 1.71 268.54
553 -0.28 0.00 0.00 1.81 263.08
554 -0.37 0.00 0.00 1.30 264.41
555 -0.46 0.00 0.00 1.30 266.53
556 -0.55 0.00 0.00 1.91 272.31
557 -0.52 0.00 0.00 1.91 275.70
558 -0.50 0.00 0.00 1.61 276.50
559 -0.48 0.00 0.00 2.01 276.03
560 -0.41 0.00 0.00 1.91 277.80
561 -0.35 3.31 0.00 2.51 277.27
562 2.00 27.31 0.00 2.01 284.46
563 1.55 13.10 0.00 3.51 291.80
564 6.78 206.64 332.27 2.81 276.75
565 9.43 203.99 313.98 3.91 284.96
566 9.72 227.20 424.16 4.21 281.20
567 9.72 118.94 88.82 4.72 296.20
568 9.72 130.12 326.95 5.02 280.45
569 9.72 36.05 274.09 6.92 283.93
570 8.71 0.00 0.00 6.52 279.31
571 7.70 0.00 0.00 5.02 270.52
572 6.73 0.00 0.00 5.02 267.65
573 5.74 0.00 0.00 4.52 264.03
574 4.75 0.00 0.00 6.22 259.09
575 3.76 0.00 0.00 5.92 254.71
576 2.77 0.00 0.00 4.21 250.15
577 1.31 0.00 0.00 5.22 243.17
578 -0.34 0.00 0.00 5.52 240.75
579 -2.05 0.00 0.00 6.92 236.76
580 -3.76 0.00 0.00 6.22 232.10
581 -4.73 0.00 0.00 6.22 231.14
582 -5.69 0.00 0.00 4.72 226.99
583 -6.65 0.00 0.00 5.52 224.08
584 -7.37 0.00 0.00 4.21 220.36
585 -8.08 6.23 0.00 3.21 219.12
586 -2.23 87.96 317.38 3.21 234.55
587 -0.44 146.17 393.50 3.21 245.61
588 1.56 216.32 566.45 3.71 247.43
589 2.41 213.06 381.89 5.02 249.45
590 2.81 210.88 372.13 5.92 251.49
591 3.04 213.99 562.13 5.52 247.45
592 1.86 122.20 464.52 6.92 250.17
593 -0.19 44.54 297.07 5.22 246.21
594 -0.94 0.00 0.00 5.52 242.49
595 -1.73 0.00 0.00 4.52 240.53
596 -2.51 0.00 0.00 5.52 239.05
597 -3.30 0.00 0.00 4.21 237.82
598 -4.08 0.00 0.00 3.51 237.44
599 -4.87 0.00 0.00 3.01 233.34
600 -5.65 0.00 0.00 2.21 233.59
601 -5.68 0.00 0.00 2.11 233.36
602 -5.59 0.00 0.00 2.81 236.70
603 -5.51 0.00 0.00 1.81 235.91
604 -5.42 0.00 0.00 2.21 238.25
605 -5.32 0.00 0.00 2.21 238.30
606 -5.22 0.00 0.00 2.21 239.87
607 -5.13 0.00 0.00 3.51 238.08
608 -5.02 0.00 0.00 2.21 238.26
609 -4.92 3.93 0.00 2.51 239.32
610 -0.78 46.39 54.46 2.71 247.28
611 0.06 64.16 0.00 2.81 252.75
612 3.81 184.20 257.39 3.71 248.51
613 4.61 130.68 26.06 2.71 259.67
614 5.17 132.97 35.73 3.71 261.24
615 4.00 66.47 0.00 2.51 278.14
616 3.89 84.43 115.19 3.91 280.00
617 2.53 22.15 7.35 2.71 277.19
618 1.87 0.00 0.00 3.01 273.94
619 1.16 0.00 0.00 3.71 270.52
620 0.46 0.00 0.00 3.21 267.11
621 -0.24 0.00 0.00 4.52 263.72
622 -0.94 0.00 0.00 3.51 260.39
623 -1.66 0.00 0.00 4.52 256.94
624 -2.38 0.00 0.00 3.71 253.52
625 -3.49 0.00 0.00 3.01 248.18
626 -4.67 0.00 0.00 4.52 242.54
627 -5.85 0.00 0.00 5.52 236.96
628 -7.03 0.00 0.00 5.92 231.20
629 -7.66 0.00 0.00 4.21 227.86
630 -8.29 0.00 0.00 5.02 224.59
631 -8.91 0.00 0.00 6.22 225.19
632 -9.35 0.00 0.00 6.52 223.38
633 -9.79 4.28 0.00 6.52 224.79
634 -6.49 47.09 48.89 7.33 232.74
635 -3.14 142.84 327.76 6.22 234.49
636 -1.12 182.70 273.70 10.54 237.86
637 -0.56 159.12 89.63 9.63 244.24
638 -0.77 123.53 29.40 5.92 244.28
639 0.62 256.96 478.86 6.52 227.24
640 -0.12 112.98 244.46 6.52 240.45
641 -1.97 27.26 81.57 5.92 236.75
642 -3.24 0.00 0.00 6.52 232.59
643 -4.50 0.00 0.00 5.02 227.69
644 -5.77 0.00 0.00 5.52 224.83
645 -7.04 0.00 0.00 4.52 218.48
646 -8.31 0.00 0.00 4.01 215.12
647 -9.57 0.00 0.00 2.81 210.24
648 -10.84 0.00 0.00 3.71 203.85
649 -11.85 0.00 0.00 2.21 201.89
650 -12.86 0.00 0.00 2.71 197.29
651 -13.87 0.00 0.00 2.51 192.82
652 -14.88 0.00 0.00 3.01 188.32
653 -15.37 0.00 0.00 2.41 187.51
654 -15.87 0.00 0.00 1.61 185.52
655 -16.37 0.00 0.00 1.40 182.02
656 -16.70 0.00 0.00 0.90 177.37
657 -17.03 10.93 0.00 1.71 175.70
658 -11.53 101.24 571.45 1.30 187.90
659 -8.50 212.53 718.63 0.90 188.63
660 -5.95 297.76 801.29 1.71 192.82
661 -4.24 329.15 613.00 1.00 198.90
662 -6.71 100.65 0.00 0.40 220.53
663 -8.86 67.94 0.00 0.40 220.11
664 -11.12 12.97 0.00 0.60 221.09
665 -12.44 44.94 166.72 0.50 216.11
666 -12.46 0.00 0.00 0.60 216.04
667 -12.48 0.00 0.00 1.00 215.74
668 -12.49 0.00 0.00 1.00 215.05
669 -12.51 0.00 0.00 1.30 215.12
670 -12.52 0.00 0.00 1.91 214.70
671 -12.54 0.00 0.00 1.71 214.71
672 -12.55 0.00 0.00 0.90 213.85
673 -12.60 0.00 0.00 0.80 212.44
674 -12.60 0.00 0.00 0.70 212.50
675 -12.60 0.00 0.00 0.30 212.74
676 -12.61 0.00 0.00 0.40 212.17
677 -12.59 0.00 0.00 0.60 211.46
678 -12.57 0.00 0.00 1.40 211.48
679 -12.55 0.00 0.00 0.80 209.92
680 -12.52 0.00 0.00 0.30 211.88
681 -12.50 8.04 0.00 0.30 211.11
682 -7.75 48.18 36.07 0.20 223.12
683 -3.13 141.88 245.21 0.20 224.15
684 -3.12 94.13 0.00 0.20 233.65
685 -1.99 139.45 29.95 0.10 231.70
686 -0.53 178.44 146.14 0.00 230.08
687 0.26 168.59 289.77 0.10 231.82
688 -0.05 113.47 300.95 0.30 232.48
689 -1.31 62.05 288.30 0.50 234.67
690 -2.00 0.00 0.00 0.20 235.71
691 -2.69 0.00 0.00 0.30 231.85
692 -3.38 0.00 0.00 0.20 230.30
693 -4.06 0.00 0.00 0.20 230.24
694 -4.75 0.00 0.00 0.10 231.53
695 -5.44 0.00 0.00 0.30 231.35
696 -6.13 0.00 0.00 0.40 228.73
697 -6.96 0.00 0.00 0.60 227.98
698 -7.86 0.00 0.00 0.90 228.92
699 -8.82 0.00 0.00 0.80 229.46
700 -9.68 0.00 0.00 1.61 227.36
701 -10.18 0.00 0.00 1.71 226.99
702 -10.79 0.00 0.00 1.81 224.96
703 -11.11 0.00 0.00 1.61 226.13
704 -11.86 0.00 0.00 1.71 225.10
705 -11.88 0.98 0.00 0.90 225.56
706 -11.20 8.89 0.00 0.50 229.52
707 -10.94 18.04 0.00 0.70 228.73
708 -10.73 24.87 0.00 0.80 228.45
709 -10.60 28.09 0.00 0.60 230.24
710 -7.76 222.89 243.21 0.50 219.13
711 -6.79 147.81 132.89 0.50 228.94
712 -6.72 87.58 65.92 0.70 232.05
713 -7.16 52.71 189.91 1.20 229.16
714 -7.93 0.00 0.00 0.90 224.68
715 -8.70 0.00 0.00 1.61 220.37
716 -9.47 0.00 0.00 1.20 216.34
717 -10.24 0.00 0.00 1.30 211.53
718 -11.01 0.00 0.00 1.40 208.07
719 -11.79 0.00 0.00 1.30 204.98
720 -12.56 0.00 0.00 0.80 202.65
721 -13.17 0.00 0.00 0.80 200.72
722 -13.77 0.00 0.00 1.20 195.72
723 -14.36 0.00 0.00 2.21 193.66
724 -14.65 0.00 0.00 1.81 190.46
725 -14.94 0.00 0.00 0.70 189.04
726 -15.23 0.00 0.00 0.70 187.16
727 -15.42 0.00 0.00 1.00 184.84
728 -15.61 0.00 0.00 1.20 185.27
729 -14.55 10.39 0.00 1.30 186.44
730 -9.20 117.06 591.91 1.30 198.06
731 -3.61 230.93 732.22 0.90 204.00
732 1.21 314.04 814.22 1.61 210.73
733 4.87 354.53 845.12 1.00 219.07
734 7.18 346.29 837.33 0.60 222.86
735 7.97 285.59 788.39 0.70 225.48
736 6.97 187.40 676.86 1.00 226.56
737 4.02 70.12 513.06 1.81 220.60
738 2.92 0.00 0.00 2.01 215.57
739 1.82 0.00 0.00 2.01 217.79
740 0.72 0.00 0.00 1.91 218.71
741 -0.36 0.00 0.00 1.91 220.45
742 -1.49 0.00 0.00 1.40 219.68
743 -2.68 0.00 0.00 1.00 215.06
744 -3.88 0.00 0.00 1.20 214.69
745 -4.58 0.00 0.00 0.60 216.79
746 -5.78 0.00 0.00 0.60 214.86
747 -6.97 0.00 0.00 0.90 213.27
748 -7.64 0.00 0.00 1.50 211.66
749 -8.31 0.00 0.00 2.50 211.51
750 -8.98 0.00 0.00 2.90 208.28
751 -9.45 0.00 0.00 3.20 207.58
752 -9.92 0.00 0.00 3.10 205.61
753 -9.37 16.01 0.00 2.50 206.52
754 -7.36 122.60 592.92 2.90 210.68
755 -5.47 219.84 725.74 2.90 213.90
756 -4.08 269.01 693.53 2.50 219.47
757 -2.48 371.36 822.74 2.10 213.90
758 -1.50 361.03 621.60 2.10 216.48
759 -2.79 98.92 5.11 1.80 238.83
760 -3.20 168.32 386.84 1.40 220.52
761 -4.21 75.82 508.49 1.10 218.60
762 -5.19 0.24 0.00 0.90 215.69
763 -6.17 0.00 0.00 1.00 213.70
764 -7.14 0.00 0.00 0.70 208.58
765 -8.12 0.00 0.00 0.40 205.14
766 -9.10 0.00 0.00 0.50 203.27
767 -10.07 0.00 0.00 0.00 199.70
768 -11.05 0.00 0.00 0.20 198.00
769 -11.74 0.00 0.00 0.30 196.67
770 -12.44 0.00 0.00 0.40 194.47
771 -13.15 0.00 0.00 0.20 192.96
772 -13.51 0.00 0.00 0.60 190.49
773 -13.87 0.00 0.00 1.00 188.49
774 -14.24 0.00 0.00 0.60 187.81
775 -14.48 0.00 0.00 0.30 186.92
776 -14.73 0.00 0.00 0.30 185.39
777 -14.14 12.83 0.00 0.10 185.59
778 -11.22 135.85 574.87 0.50 193.23
779 -8.29 259.99 740.46 0.70 196.00
780 -5.76 349.93 824.41 0.60 200.57
781 -3.85 392.12 854.64 0.30 203.69
782 -2.67 381.84 709.60 0.90 206.12
783 -3.12 217.39 463.25 1.00 220.66
784 -4.17 147.98 363.14 1.30 219.90
785 -5.75 64.29 288.17 1.30 217.58
786 -6.47 1.74 0.00 1.80 214.86
787 -7.20 0.00 0.00 0.80 212.98
788 -7.92 0.00 0.00 0.50 209.85
789 -8.65 0.00 0.00 0.20 208.19
790 -9.37 0.00 0.00 0.50 207.02
791 -10.10 0.00 0.00 0.60 205.53
792 -10.82 0.00 0.00 0.20 201.70
793 -11.48 0.00 0.00 0.50 199.09
794 -12.18 0.00 0.00 0.40 196.32
795 -12.87 0.00 0.00 0.80 193.48
796 -13.24 0.00 0.00 0.90 192.01
797 -13.61 0.00 0.00 0.90 190.50
798 -13.98 0.00 0.00 0.50 188.75
799 -14.25 0.00 0.00 0.20 187.60
800 -14.51 0.00 0.00 0.50 185.85
801 -13.82 14.22 0.00 0.70 187.65
802 -10.81 133.19 599.50 0.80 193.65
803 -7.81 251.61 747.86 0.60 197.82
804 -5.23 336.77 827.74 0.90 201.71
805 -3.31 375.31 857.97 0.70 206.96
806 -2.13 365.34 850.61 0.90 210.03
807 -1.71 308.60 803.46 1.00 208.81
808 -2.28 207.47 694.29 1.10 208.70
809 -3.91 84.77 525.37 1.30 211.19
810 -4.67 1.83 0.00 0.70 208.68
811 -5.43 0.00 0.00 0.70 209.43
812 -6.19 0.00 0.00 0.60 207.63
813 -6.95 0.00 0.00 0.70 205.54
814 -7.71 0.00 0.00 0.90 203.08
815 -8.48 0.00 0.00 0.80 200.16
816 -9.24 0.00 0.00 1.10 198.98
817 -9.83 0.00 0.00 1.30 197.56
818 -10.39 0.00 0.00 2.10 196.00
819 -10.94 0.00 0.00 2.90 196.26
820 -11.19 0.00 0.00 3.40 194.51
821 -11.44 0.00 0.00 2.40 192.71
822 -11.70 0.00 0.00 1.50 193.62
823 -11.85 0.00 0.00 1.10 192.92
824 -12.00 0.00 0.00 0.60 191.24
825 -11.08 20.63 18.62 1.00 192.49
826 -8.31 147.72 586.42 1.10 196.05
827 -5.54 275.35 753.64 1.10 196.73
828 -3.15 367.45 808.19 1.50 201.27
829 -2.07 322.99 740.62 1.30 209.26
830 -0.79 400.52 556.44 1.50 203.94
831 -3.15 24.57 0.00 1.40 237.77
832 -3.39 191.09 418.87 1.50 212.46
833 -5.05 7.04 0.00 1.30 239.36
834 -5.70 0.24 0.00 0.70 234.00
835 -6.34 0.00 0.00 1.50 231.53
836 -6.99 0.00 0.00 1.90 227.72
837 -7.63 0.00 0.00 1.50 227.45
838 -8.27 0.00 0.00 1.10 227.03
839 -8.92 0.00 0.00 0.90 223.98
840 -9.56 0.00 0.00 1.50 220.68
841 -10.38 0.00 0.00 1.30 216.25
842 -11.25 0.00 0.00 1.10 211.70
843 -12.12 0.00 0.00 1.40 206.35
844 -12.58 0.00 0.00 2.40 202.07
845 -13.04 0.00 0.00 1.90 200.96
846 -13.50 0.00 0.00 2.70 197.82
847 -13.82 0.00 0.00 2.50 198.20
848 -14.14 0.00 0.00 3.20 197.51
849 -13.35 17.73 0.00 4.10 197.75
850 -11.56 95.42 329.47 3.50 201.91
851 -9.85 168.60 314.98 3.10 201.71
852 -7.70 279.14 564.65 3.90 199.87
853 -6.39 283.94 529.41 3.10 202.80
854 -5.70 263.46 454.04 2.10 200.06
855 -5.37 241.24 469.09 1.40 199.18
856 -5.51 183.11 527.57 1.70 200.01
857 -6.76 57.06 151.77 1.80 209.83
858 -7.78 2.70 0.00 3.10 207.50
859 -8.80 0.00 0.00 3.10 203.41
860 -9.82 0.00 0.00 3.20 200.75
861 -10.84 0.00 0.00 3.40 197.19
862 -11.85 0.00 0.00 2.70 194.16
863 -12.87 0.00 0.00 3.50 192.15
864 -13.89 0.00 0.00 3.90 189.24
865 -14.72 0.00 0.00 4.10 187.16
866 -15.59 0.00 0.00 3.20 185.09
867 -16.46 0.00 0.00 1.50 179.49
868 -16.92 0.00 0.00 2.10 176.99
869 -17.38 0.00 0.00 1.90 175.18
870 -17.83 0.00 0.00 2.10 175.02
871 -18.15 0.00 0.00 2.50 174.60
872 -18.47 0.00 0.00 2.50 173.32
873 -17.65 17.06 0.00 2.40 175.95
874 -15.03 121.41 534.57 2.90 182.32
875 -12.48 222.19 692.59 2.40 186.90
876 -10.41 285.67 673.78 2.70 192.08
877 -8.30 372.87 783.63 2.90 191.27
878 -6.92 371.20 862.22 3.90 191.85
879 -6.33 319.43 818.50 3.20 193.76
880 -6.43 239.02 712.76 3.40 190.05
881 -7.81 105.57 519.39 2.50 192.63
882 -8.95 5.44 0.00 2.70 189.59
883 -10.10 0.00 0.00 2.90 187.74
884 -11.25 0.00 0.00 2.50 185.58
885 -12.40 0.00 0.00 3.40 183.43
886 -13.55 0.00 0.00 2.90 181.86
887 -14.69 0.00 0.00 2.40 179.76
888 -15.84 0.00 0.00 2.70 177.49
889 -16.81 0.00 0.00 3.20 175.52
890 -17.84 0.00 0.00 3.40 172.49
891 -18.86 0.00 0.00 3.70 169.67
892 -19.40 0.00 0.00 4.80 167.51
893 -19.94 0.00 0.00 5.10 165.35
894 -20.48 0.00 0.00 3.90 163.19
895 -20.86 0.00 0.00 4.80 161.71
896 -21.24 0.00 0.00 4.30 160.23
897 -20.25 21.41 30.65 3.20 164.29
898 -17.25 147.22 636.04 2.50 173.28
899 -14.40 263.92 774.44 1.50 178.78
900 -11.99 347.02 844.59 1.80 183.02
901 -10.20 385.35 872.75 1.40 183.52
902 -9.10 375.31 866.09 1.10 186.09
903 -8.72 318.52 823.21 1.40 187.68
904 -9.28 216.94 729.89 1.90 186.37
905 -10.83 96.15 591.56 2.20 186.25
906 -12.08 4.79 0.00 1.90 183.49
907 -13.33 0.00 0.00 2.20 181.67
908 -14.58 0.00 0.00 1.30 179.21
909 -15.83 0.00 0.00 1.00 176.59
910 -17.08 0.00 0.00 1.10 174.78
911 -18.33 0.00 0.00 1.10 170.50
912 -19.58 0.00 0.00 1.30 169.56
913 -20.62 0.00 0.00 2.10 169.53
914 -21.75 0.00 0.00 1.30 166.99
915 -22.88 0.00 0.00 0.70 164.44
916 -23.49 0.00 0.00 1.70 163.85
917 -24.10 0.00 0.00 1.40 164.15
918 -24.71 0.00 0.00 2.10 163.48
919 -25.15 0.00 0.00 2.50 162.67
920 -25.59 0.00 0.00 2.20 161.49
921 -25.45 6.22 0.00 1.80 163.48
922 -25.43 12.84 0.00 1.80 164.58
923 -25.34 22.76 0.00 1.80 164.79
924 -25.33 29.87 0.00 2.40 164.73
925 -25.43 33.22 0.00 3.10 164.28
926 -24.03 234.05 252.01 1.80 153.22
927 -22.43 376.32 692.61 2.10 142.86
928 -21.83 251.20 593.64 3.10 147.40
929 -22.35 59.19 130.22 2.90 160.31
930 -22.97 8.02 0.00 1.80 156.09
931 -23.59 0.00 0.00 2.50 155.21
932 -24.20 0.00 0.00 3.40 154.30
933 -24.82 0.00 0.00 3.50 151.51
934 -25.44 0.00 0.00 2.70 147.39
935 -26.06 0.00 0.00 2.40 144.11
936 -26.68 0.00 0.00 1.80 143.21
937 -26.95 0.00 0.00 1.50 141.46
938 -27.18 0.00 0.00 1.70 140.72
939 -27.41 0.00 0.00 1.80 138.89
940 -27.50 0.00 0.00 1.30 137.25
941 -27.60 0.00 0.00 1.00 137.20
942 -27.69 0.00 0.00 2.10 135.42
943 -27.74 0.00 0.00 2.10 135.16
944 -27.79 0.00 0.00 1.70 134.38
945 -26.26 25.16 62.94 2.20 138.31
946 -22.49 151.17 652.62 3.10 145.43
947 -18.91 267.40 785.11 2.70 151.07
948 -15.87 350.37 851.51 2.50 154.45
949 -13.59 387.06 877.69 2.20 157.22
950 -12.14 379.22 872.07 2.20 161.58
951 -11.60 319.15 829.88 2.40 162.54
952 -12.16 221.41 740.55 2.90 163.60
953 -13.91 102.14 579.06 3.90 165.48
954 -14.57 6.92 0.00 3.20 164.24
955 -15.23 0.00 0.00 3.20 165.92
956 -15.89 0.00 0.00 2.70 166.49
957 -16.55 0.00 0.00 2.90 165.70
958 -17.21 0.00 0.00 1.80 167.25
959 -17.87 0.00 0.00 2.50 166.96
960 -18.53 0.00 0.00 3.20 165.23
961 -19.34 0.00 0.00 2.50 164.12
962 -20.21 0.00 0.00 1.80 161.97
963 -21.09 0.00 0.00 3.20 159.87
964 -21.56 0.00 0.00 2.90 158.82
965 -22.02 0.00 0.00 2.90 157.37
966 -22.49 0.00 0.00 2.50 155.60
967 -22.82 0.00 0.00 3.70 154.40
968 -23.16 0.00 0.00 3.10 152.92
969 -21.39 35.60 245.65 2.40 158.68
970 -18.24 160.74 503.98 2.50 165.94
971 -16.15 224.26 574.51 2.50 172.62
972 -14.23 294.42 611.78 1.90 174.79
973 -11.87 415.70 741.36 2.20 171.22
974 -10.87 349.92 757.12 1.80 177.73
975 -10.32 330.58 810.35 1.70 177.11
976 -10.56 242.26 746.45 2.10 175.14
977 -12.07 107.81 601.33 1.80 177.93
978 -13.13 5.75 0.00 2.40 174.61
979 -14.19 0.00 0.00 2.70 171.99
980 -15.25 0.00 0.00 2.20 171.85
981 -16.32 0.00 0.00 1.30 169.43
982 -17.38 0.00 0.00 1.00 168.55
983 -18.44 0.00 0.00 1.10 166.72
984 -19.50 0.00 0.00 0.80 164.66
985 -20.32 0.00 0.00 0.30 162.20
986 -21.19 0.00 0.00 0.30 160.15
987 -22.07 0.00 0.00 0.30 156.75
988 -22.53 0.00 0.00 0.30 157.29
989 -23.00 0.00 0.00 0.60 156.67
990 -23.47 0.00 0.00 0.90 154.88
991 -23.80 0.00 0.00 1.80 153.65
992 -24.12 0.00 0.00 1.90 152.42
993 -22.77 28.38 105.48 1.80 157.94
994 -20.09 138.08 536.67 1.00 165.24
995 -17.53 240.25 680.27 1.00 168.43
996 -15.10 335.17 757.67 1.30 171.75
997 -13.47 354.72 778.74 1.70 172.60
998 -12.39 356.64 806.70 2.50 170.74
999 -12.08 294.14 736.41 3.70 171.72
1000 -12.66 199.43 581.45 5.10 173.67
1001 -14.09 98.16 427.01 3.90 172.83
1002 -15.08 9.31 0.00 3.50 171.74
1003 -16.07 0.00 0.00 6.21 165.98
1004 -17.07 0.00 0.00 5.10 164.12
1005 -18.06 0.00 0.00 5.10 164.87
1006 -19.05 0.00 0.00 5.41 161.08
1007 -20.04 0.00 0.00 7.01 158.32
1008 -21.03 0.00 0.00 6.71 155.03
1009 -21.80 0.00 0.00 7.41 153.61
1010 -22.68 0.00 0.00 7.61 150.17
1011 -23.55 0.00 0.00 7.71 147.46
1012 -24.04 0.00 0.00 8.01 145.78
1013 -24.53 0.00 0.00 7.61 144.04
1014 -25.02 0.00 0.00 8.61 140.87
1015 -25.38 0.00 0.00 8.11 139.75
1016 -25.74 0.00 0.00 6.71 137.49
1017 -24.72 26.79 49.63 5.91 142.67
1018 -21.72 175.81 665.73 5.91 149.77
1019 -18.99 304.55 670.54 5.91 152.32
1020 -18.22 252.63 300.12 4.30 160.44
1021 -18.57 173.04 31.42 3.90 166.59
1022 -18.75 179.30 30.85 4.30 165.37
1023 -18.81 189.78 136.12 4.10 162.76
1024 -19.86 87.70 0.00 4.30 174.68
1025 -21.17 12.23 0.00 3.90 174.61
1026 -22.34 5.23 0.00 2.70 170.56
1027 -22.35 0.00 0.00 3.40 168.56
1028 -22.36 0.00 0.00 3.90 166.96
1029 -22.38 0.00 0.00 4.50 164.23
1030 -22.39 0.00 0.00 5.10 166.01
1031 -22.40 0.00 0.00 6.21 167.00
1032 -22.41 0.00 0.00 6.71 166.41
1033 -22.15 0.00 0.00 6.51 167.56
1034 -21.72 0.00 0.00 5.91 167.35
1035 -21.32 0.00 0.00 5.41 167.74
1036 -21.20 0.00 0.00 5.10 166.82
1037 -20.82 0.00 0.00 5.61 168.72
1038 -20.57 0.00 0.00 5.91 167.87
1039 -20.37 0.00 0.00 7.21 166.07
1040 -20.17 0.00 0.00 6.21 165.68
1041 -18.09 32.08 99.46 5.61 172.99
1042 -14.01 161.27 426.37 4.80 187.67
1043 -12.28 176.03 208.20 6.21 191.01
1044 -11.54 164.75 37.27 4.10 186.65
1045 -10.55 205.83 72.30 4.10 185.75
1046 -9.67 223.51 148.93 4.30 185.38
1047 -8.34 300.19 532.28 5.91 178.98
1048 -8.63 150.73 186.77 7.01 188.33
1049 -10.48 9.57 0.00 5.61 204.68
1050 -11.96 6.62 0.00 7.01 201.26
1051 -12.11 0.00 0.00 5.91 202.44
1052 -12.26 0.00 0.00 3.70 200.56
1053 -12.41 0.00 0.00 1.80 202.60
1054 -12.55 0.00 0.00 1.80 198.41
1055 -12.70 0.00 0.00 1.50 199.64
1056 -12.85 0.00 0.00 2.10 195.10
1057 -13.38 0.00 0.00 1.50 196.15
1058 -13.97 0.00 0.00 1.90 192.72
1059 -14.56 0.00 0.00 1.50 187.67
1060 -14.88 0.00 0.00 1.50 185.70
1061 -15.19 0.00 0.00 1.70 183.92
1062 -15.51 0.00 0.00 2.50 184.47
1063 -15.74 0.00 0.00 3.50 183.84
1064 -15.97 0.00 0.00 4.80 180.21
1065 -13.77 40.78 251.78 4.50 186.40
1066 -10.45 163.48 509.68 6.21 193.25
1067 -7.74 252.88 455.33 6.21 197.65
1068 -8.90 71.50 0.00 6.51 217.18
1069 -8.26 195.06 72.29 7.51 210.16
1070 -7.47 236.18 156.87 7.01 207.15
1071 -6.73 260.31 372.74 4.10 205.24
1072 -6.18 262.21 649.64 4.80 198.45
1073 -6.84 125.94 595.92 4.10 201.05
1074 -8.37 20.01 10.36 4.10 197.91
1075 -9.15 0.00 0.00 3.90 196.30
1076 -9.93 0.00 0.00 3.70 195.98
1077 -10.70 0.00 0.00 3.90 193.62
1078 -11.48 0.00 0.00 4.10 190.61
1079 -12.26 0.00 0.00 4.10 190.65
1080 -13.04 0.00 0.00 5.91 189.16
1081 -13.62 0.00 0.00 5.10 187.29
1082 -14.21 0.00 0.00 5.91 186.26
1083 -14.80 0.00 0.00 4.50 183.12
1084 -15.09 0.00 0.00 5.10 181.85
1085 -15.38 0.00 0.00 3.50 182.55
1086 -15.67 0.00 0.00 4.10 180.80
1087 -15.87 0.00 0.00 6.51 183.47
1088 -16.06 0.00 0.00 5.41 182.69
1089 -14.69 30.26 59.16 3.90 186.68
1090 -11.82 156.82 542.30 4.30 193.48
1091 -8.76 296.65 680.24 3.40 193.81
1092 -7.51 271.10 345.51 5.10 203.66
1093 -6.77 271.32 229.28 6.51 205.29
1094 -6.62 223.81 118.54 6.21 208.96
1095 -7.52 130.50 7.51 5.41 223.53
1096 -8.53 87.93 0.00 4.50 212.72
1097 -9.52 67.20 63.57 6.71 204.33
1098 -10.77 7.23 0.00 6.51 198.08
1099 -11.48 0.00 0.00 6.21 196.92
1100 -12.19 0.00 0.00 5.41 193.66
1101 -12.89 0.00 0.00 5.10 190.05
1102 -13.60 0.00 0.00 3.40 187.98
1103 -14.31 0.00 0.00 3.20 185.83
1104 -15.02 0.00 0.00 3.90 182.00
1105 -15.73 0.00 0.00 4.50 181.84
1106 -16.57 0.00 0.00 3.70 179.02
1107 -17.41 0.00 0.00 2.50 175.93
1108 -17.89 0.00 0.00 3.70 173.31
1109 -18.37 0.00 0.00 4.10 171.55
1110 -18.86 0.00 0.00 3.90 169.58
1111 -19.22 0.00 0.00 4.30 168.15
1112 -19.58 0.00 0.00 4.10 167.53
1113 -16.63 58.33 391.75 3.20 177.43
1114 -13.51 181.24 543.89 3.10 185.49
1115 -11.21 257.28 514.59 3.20 192.46
1116 -9.82 280.53 366.31 2.70 198.55
1117 -9.29 256.61 195.45 2.20 203.32
1118 -10.45 88.86 0.00 2.50 211.32
1119 -9.36 349.51 555.68 2.90 190.13
1120 -9.13 262.98 717.50 2.50 190.45
1121 -10.26 116.60 354.20 3.90 195.12
1122 -12.02 23.06 62.31 4.50 191.36
1123 -12.35 0.00 0.00 4.30 189.17
1124 -12.67 0.00 0.00 3.90 188.69
1125 -13.00 0.00 0.00 3.70 188.24
1126 -13.32 0.00 0.00 3.90 185.41
1127 -13.64 0.00 0.00 3.70 185.57
1128 -13.97 0.00 0.00 3.40 188.02
1129 -13.81 0.00 0.00 3.40 189.53
1130 -13.56 0.00 0.00 3.90 189.02
1131 -13.31 0.00 0.00 3.90 190.30
1132 -13.14 0.00 0.00 3.40 189.66
1133 -12.98 0.00 0.00 4.10 189.33
1134 -12.81 0.00 0.00 5.10 190.15
1135 -12.67 0.00 0.00 5.91 191.24
1136 -12.53 0.00 0.00 4.80 192.85
1137 -8.87 63.42 429.30 4.30 201.39
1138 -5.07 195.37 420.09 5.10 209.41
1139 -4.07 177.80 158.79 5.61 227.27
1140 -3.01 214.82 118.84 5.91 228.58
1141 -0.65 364.97 515.67 6.71 223.21
1142 -0.58 202.39 73.43 7.01 234.72
1143 -1.70 115.22 0.00 7.41 240.46
1144 -2.69 100.05 3.48 5.10 239.07
1145 -3.69 77.84 94.05 4.30 231.37
1146 -5.04 17.41 0.00 4.50 227.34
1147 -5.18 0.00 0.00 5.41 224.40
1148 -5.41 0.00 0.00 5.41 232.63
1149 -5.44 0.00 0.00 5.10 237.53
1150 -5.57 0.00 0.00 5.61 236.08
1151 -5.70 0.00 0.00 5.91 234.64
1152 -5.83 0.00 0.00 5.91 233.21
1153 -6.30 0.00 0.00 6.51 230.20
1154 -6.80 0.00 0.00 7.71 227.05
1155 -7.30 0.00 0.00 5.91 223.92
1156 -7.56 0.00 0.00 4.80 221.89
1157 -7.83 0.00 0.00 4.80 219.87
1158 -8.10 0.00 0.00 4.50 217.87
1159 -8.29 0.00 0.00 4.10 210.15
1160 -8.48 0.00 0.00 5.41 209.93
1161 -5.49 54.42 284.65 4.50 218.82
1162 -1.87 185.69 458.16 2.90 224.50
1163 -0.13 215.52 259.76 2.50 235.36
1164 0.99 237.63 139.91 1.90 238.70
1165 1.63 235.42 92.76 1.40 242.21
1166 1.80 208.82 59.95 1.10 244.29
1167 1.91 208.51 129.77 0.80 239.88
1168 1.90 196.42 341.40 1.10 237.38
1169 0.99 107.35 300.38 0.90 235.54
1170 -0.48 27.95 112.79 0.90 232.46
1171 -1.52 0.00 0.00 0.60 232.33
1172 -2.56 0.00 0.00 0.50 228.57
1173 -3.60 0.00 0.00 1.30 227.65
1174 -4.64 0.00 0.00 1.30 223.31
1175 -5.68 0.00 0.00 1.10 220.79
1176 -6.72 0.00 0.00 1.70 216.72
1177 -7.62 0.00 0.00 1.10 215.21
1178 -8.60 0.00 0.00 0.70 209.59
1179 -9.58 0.00 0.00 1.70 209.87
1180 -10.11 0.00 0.00 2.20 207.85
1181 -10.64 0.00 0.00 1.40 205.79
1182 -11.17 0.00 0.00 1.80 204.38
1183 -11.56 0.00 0.00 3.10 203.93
1184 -11.94 0.82 0.00 1.80 205.04
1185 -9.49 52.53 227.63 1.30 211.42
1186 -7.15 153.15 409.18 1.10 214.96
1187 -4.41 278.83 643.62 1.30 217.34
1188 -2.00 368.57 748.01 1.30 223.46
1189 -0.64 363.43 539.76 1.50 230.21
1190 0.43 390.55 664.37 2.10 230.92
1191 0.49 288.42 423.63 1.90 237.63
1192 -0.62 166.60 158.46 1.40 245.12
1193 -2.26 87.05 77.71 1.40 241.77
1194 -4.15 16.65 0.00 0.80 235.35
1195 -4.64 0.00 0.00 1.00 233.71
1196 -5.12 0.00 0.00 1.30 230.86
1197 -5.61 0.00 0.00 1.80 229.29
1198 -6.09 0.00 0.00 2.40 226.83
1199 -6.58 0.00 0.00 4.10 225.28
1200 -7.06 0.00 0.00 3.50 223.37
1201 -7.23 0.00 0.00 3.20 214.68
1202 -7.31 0.00 0.00 2.70 212.52
1203 -7.40 0.00 0.00 2.40 218.63
1204 -7.40 0.00 0.00 2.90 217.08
1205 -7.40 0.00 0.00 1.90 217.26
1206 -7.40 0.00 0.00 1.80 215.06
1207 -7.37 0.00 0.00 2.20 214.15
1208 -7.34 1.05 0.00 3.20 212.74
1209 -3.58 87.59 467.09 3.70 221.17
1210 -1.40 187.59 508.97 4.50 232.07
1211 -0.36 205.99 223.23 3.90 240.99
1212 1.24 310.04 382.01 5.91 239.64
1213 0.95 170.85 20.00 4.80 251.40
1214 -0.24 80.82 0.00 5.61 256.69
1215 -1.44 47.84 0.00 6.21 258.75
1216 -2.52 25.37 0.00 7.01 257.65
1217 -2.91 79.39 62.60 5.41 244.21
1218 -3.60 23.35 36.12 4.80 241.79
1219 -3.80 0.00 0.00 5.61 247.70
1220 -4.15 0.00 0.00 5.41 247.29
1221 -4.16 0.00 0.00 5.41 245.30
1222 -4.29 0.00 0.00 7.01 246.01
1223 -4.46 0.00 0.00 5.61 244.85
1224 -4.70 0.00 0.00 4.80 241.68
1225 -5.13 0.00 0.00 4.10 240.92
1226 -5.64 0.00 0.00 5.10 238.15
1227 -6.15 0.00 0.00 4.50 236.30
1228 -6.40 0.00 0.00 4.80 236.68
1229 -6.66 0.00 0.00 4.30 233.83
1230 -6.91 0.00 0.00 3.40 233.02
1231 -7.08 0.00 0.00 3.70 232.94
1232 -7.25 1.22 0.00 5.10 232.70
1233 -4.88 58.71 233.37 4.30 240.39
1234 -3.26 138.88 201.89 3.50 245.09
1235 -2.10 184.86 99.27 2.70 241.48
1236 -1.30 211.34 66.35 1.50 254.23
1237 -0.66 225.83 63.68 2.20 261.07
1238 -0.57 184.12 23.77 2.40 264.88
1239 -1.54 70.31 0.00 3.50 269.24
1240 -2.49 46.42 0.00 4.80 265.46
1241 -3.50 12.39 0.00 4.80 263.58
1242 -4.21 6.59 0.00 4.30 259.94
1243 -4.61 0.00 0.00 5.10 257.90
1244 -5.04 0.00 0.00 5.10 255.74
1245 -5.50 0.00 0.00 5.41 253.42
1246 -5.94 0.00 0.00 4.80 251.19
1247 -6.52 0.00 0.00 4.10 249.97
1248 -7.16 0.00 0.00 3.90 246.70
1249 -7.15 0.00 0.00 2.90 246.78
1250 -7.62 0.00 0.00 3.20 242.84
1251 -8.13 0.00 0.00 4.50 240.32
1252 -8.51 0.00 0.00 6.71 240.28
1253 -8.49 0.00 0.00 4.80 238.54
1254 -8.76 0.00 0.00 5.91 237.85
1255 -8.90 0.00 0.00 4.50 239.06
1256 -9.01 1.40 0.00 4.10 240.95
1257 -8.68 6.65 0.00 3.40 242.79
1258 -7.32 58.85 0.00 4.50 240.77
1259 -5.29 149.22 30.33 3.40 241.01
1260 -3.59 201.02 35.81 3.10 247.47
1261 -2.70 190.12 17.48 3.90 254.09
1262 -2.10 191.68 19.96 4.80 256.69
1263 -1.45 221.53 126.73 5.10 255.12
1264 -1.68 127.43 16.44 5.91 250.95
1265 -2.45 67.85 2.51 5.61 249.79
1266 -3.53 17.24 0.00 5.61 245.75
1267 -3.92 0.00 0.00 5.91 244.32
1268 -4.32 0.00 0.00 4.10 241.61
1269 -4.71 0.00 0.00 5.10 242.16
1270 -5.10 0.00 0.00 4.80 240.06
1271 -5.50 0.00 0.00 3.50 238.81
1272 -5.89 0.00 0.00 3.20 239.18
1273 -6.20 0.00 0.00 3.50 237.03
1274 -6.54 0.00 0.00 4.10 235.73
1275 -6.87 0.00 0.00 3.10 233.07
1276 -7.05 0.00 0.00 3.50 232.93
1277 -7.22 0.00 0.00 4.80 232.02
1278 -7.40 0.00 0.00 6.51 230.28
1279 -7.52 0.00 0.00 6.51 229.56
1280 -7.65 3.70 0.00 5.41 228.69
1281 -3.26 73.61 326.23 5.10 242.61
1282 0.00 183.30 511.10 4.80 245.70
1283 2.45 256.11 409.71 5.41 251.92
1284 4.86 337.71 463.56 5.61 257.77
1285 5.82 296.31 203.27 5.10 265.28
1286 6.17 267.28 124.57 5.91 268.38
1287 6.51 278.14 303.26 7.01 267.74
1288 6.45 238.33 456.84 6.51 263.05
1289 5.53 160.34 482.99 6.21 259.09
1290 3.62 41.25 271.20 4.80 254.96
1291 2.57 0.00 0.00 3.20 252.84
1292 1.52 0.00 0.00 2.40 250.87
1293 0.47 0.00 0.00 2.70 250.16
1294 -0.57 0.00 0.00 2.70 247.12
1295 -1.64 0.00 0.00 2.90 242.87
1296 -2.72 0.00 0.00 3.20 240.54
1297 -3.72 0.00 0.00 1.80 237.48
1298 -4.68 0.00 0.00 1.90 234.72
1299 -5.64 0.00 0.00 2.90 230.87
1300 -6.10 0.00 0.00 3.70 228.59
1301 -6.55 0.00 0.00 2.70 227.24
1302 -7.01 0.00 0.00 2.40 225.80
1303 -7.30 0.00 0.00 2.90 224.42
1304 -7.59 5.23 0.00 2.40 223.02
1305 -3.53 97.58 543.72 1.80 236.63
1306 -0.56 239.30 755.27 2.10 237.00
1307 2.17 369.63 858.90 1.80 240.21
1308 4.49 462.29 915.86 1.40 235.98
1309 6.25 505.81 938.93 2.10 238.17
1310 7.37 495.66 640.40 2.90 238.71
1311 4.21 33.51 0.00 3.40 271.29
1312 1.77 25.10 0.00 3.40 267.24
1313 1.11 185.08 407.72 2.50 235.02
1314 -0.34 49.46 382.26 3.50 233.62
1315 -1.21 0.00 0.00 4.80 232.57
1316 -2.08 0.00 0.00 4.10 228.36
1317 -2.95 0.00 0.00 3.20 227.20
1318 -3.82 0.00 0.00 2.90 224.63
1319 -4.69 0.00 0.00 2.50 224.91
1320 -5.56 0.00 0.00 2.50 221.76
1321 -6.59 0.00 0.00 3.70 218.77
1322 -7.71 0.00 0.00 3.90 217.05
1323 -8.82 0.00 0.00 5.41 211.86
1324 -9.41 0.00 0.00 4.50 210.75
1325 -10.01 0.00 0.00 4.50 208.78
1326 -10.60 0.00 0.00 4.10 206.49
1327 -11.02 0.00 0.00 3.20 204.67
1328 -11.45 6.26 0.00 2.20 203.86
1329 -6.82 96.54 275.65 3.10 216.17
1330 -5.80 141.28 162.20 2.90 223.24
1331 -4.17 224.43 213.69 3.90 221.53
1332 -0.86 431.39 672.60 2.70 217.06
1333 0.47 371.19 405.17 2.20 217.74
1334 1.93 447.17 737.83 2.50 212.35
1335 2.53 383.88 622.07 2.50 215.21
1336 0.77 132.73 68.65 2.10 229.07
1337 -0.45 150.64 310.80 2.10 224.92
1338 -2.28 53.13 303.41 1.50 222.48
1339 -3.10 0.00 0.00 1.30 221.32
1340 -3.92 0.00 0.00 2.20 221.64
1341 -4.74 0.00 0.00 2.40 221.56
1342 -5.56 0.00 0.00 2.90 219.31
1343 -6.38 0.00 0.00 2.90 219.38
1344 -7.21 0.00 0.00 3.40 217.85
1345 -7.73 0.00 0.00 3.90 216.32
1346 -8.32 0.00 0.00 3.90 214.72
1347 -8.90 0.00 0.00 4.50 213.75
1348 -9.23 0.00 0.00 4.10 215.82
1349 -9.55 0.00 0.00 3.50 213.63
1350 -9.87 0.00 0.00 3.50 212.88
1351 -10.11 0.00 0.00 4.30 212.80
1352 -10.35 5.24 0.00 5.61 213.61
1353 -6.55 66.24 140.16 4.80 221.71
1354 -3.04 188.57 446.78 6.71 221.82
1355 -0.06 283.78 494.75 7.41 228.43
1356 2.54 368.07 577.37 6.71 230.37
1357 3.96 356.55 363.63 7.41 237.64
1358 4.17 280.75 151.64 8.61 243.54
1359 4.34 285.51 281.92 10.41 242.94
1360 4.36 273.76 515.90 9.31 240.04
1361 3.41 179.73 527.01 8.91 240.31
1362 1.39 51.29 364.71 8.91 240.05
1363 0.42 0.00 0.00 8.91 238.58
1364 -0.53 0.00 0.00 9.31 236.32
1365 -1.52 0.00 0.00 8.91 232.20
1366 -2.51 0.00 0.00 8.01 229.63
1367 -3.50 0.00 0.00 8.41 227.92
1368 -4.49 0.00 0.00 8.61 228.07
1369 -5.23 0.00 0.00 8.01 225.52
1370 -5.85 0.00 0.00 8.91 224.51
1371 -6.47 0.00 0.00 10.41 224.55
1372 -6.72 0.00 0.00 7.51 225.09
1373 -6.96 0.00 0.00 8.21 224.70
1374 -7.21 0.00 0.00 10.41 225.37
1375 -7.33 0.00 0.00 12.01 223.93
1376 -7.45 10.96 0.00 10.41 225.25
1377 -3.12 99.88 429.71 9.51 238.63
1378 0.34 259.32 756.96 9.71 240.35
1379 3.34 389.59 729.65 9.71 242.07
1380 4.64 363.59 448.89 13.31 246.93
1381 6.79 524.27 789.81 11.41 243.11
1382 6.86 468.94 866.09 10.41 247.61
1383 6.86 451.17 909.41 8.41 246.63
1384 6.86 342.68 620.02 7.71 248.96
1385 6.54 91.73 104.99 8.01 270.79
1386 4.56 30.99 39.46 8.41 265.29
1387 3.85 0.00 0.00 7.71 264.60
1388 3.14 0.00 0.00 8.11 262.87
1389 2.43 0.00 0.00 7.81 259.52
1390 1.72 0.00 0.00 7.21 258.04
1391 1.01 0.00 0.00 7.21 255.01
1392 0.30 0.00 0.00 7.01 251.02
1393 -0.89 0.00 0.00 7.01 247.46
1394 -1.99 0.00 0.00 6.71 244.31
1395 -3.08 0.00 0.00 5.91 239.13
1396 -3.57 0.00 0.00 5.91 235.97
1397 -4.06 0.00 0.00 4.80 234.22
1398 -4.54 0.00 0.00 5.41 234.26
1399 -4.82 0.00 0.00 5.91 229.90
1400 -5.11 12.69 0.00 5.10 230.23
1401 -0.83 113.16 331.34 3.90 240.90
1402 0.77 195.41 388.54 2.20 250.43
1403 1.89 238.25 217.69 2.70 257.78
1404 4.39 447.66 748.75 3.20 243.17
1405 6.48 522.74 947.42 3.20 243.77
1406 7.85 512.24 943.35 3.50 243.89
1407 6.86 449.84 910.81 2.40 240.82
1408 6.86 342.06 814.08 2.50 242.56
1409 7.54 183.30 605.16 2.20 249.73
1410 5.98 57.10 316.55 2.50 246.69
1411 4.86 0.00 0.00 1.90 249.64
1412 3.75 0.00 0.00 1.40 245.53
1413 2.64 0.00 0.00 1.90 240.17
1414 1.53 0.00 0.00 2.20 236.28
1415 0.05 0.00 0.00 2.10 232.46
1416 -1.48 0.00 0.00 1.90 229.26
1417 -3.54 0.00 0.00 2.00 230.76
1418 -5.07 0.00 0.00 1.70 227.53
1419 -6.61 0.00 0.00 1.40 222.59
1420 -7.69 0.00 0.00 1.10 221.29
1421 -8.76 0.00 0.00 0.50 218.03
1422 -9.84 0.00 0.00 0.60 213.05
1423 -10.65 0.00 0.00 0.70 209.37
1424 -11.46 10.92 0.00 0.40 205.71
1425 -9.32 118.23 560.83 0.50 215.59
1426 -8.17 257.37 766.52 0.80 216.82
1427 -7.15 378.74 863.26 0.60 217.63
1428 -6.33 465.50 916.27 0.60 218.10
1429 -5.78 506.63 935.50 0.40 217.76
1430 -5.53 497.24 932.55 0.70 217.90
1431 -5.62 434.21 898.08 0.80 218.71
1432 -6.10 329.59 825.41 0.80 218.03
1433 -7.06 196.61 683.91 1.10 216.48
1434 -8.32 65.46 426.81 1.40 217.86
1435 -8.64 0.00 0.00 0.90 217.70
1436 -8.96 0.00 0.00 0.70 218.17
1437 -9.27 0.00 0.00 1.70 219.07
1438 -9.59 0.00 0.00 1.00 217.92
1439 -9.91 0.00 0.00 1.10 217.00
1440 -10.22 0.00 0.00 0.90 216.26
1441 -9.39 0.00 0.00 0.90 218.96
1442 -8.37 0.00 0.00 0.40 223.89
1443 -7.36 0.00 0.00 0.70 227.48
1444 -6.77 0.00 0.00 1.10 229.78
1445 -6.17 0.00 0.00 1.00 232.98
1446 -5.72 0.00 0.00 0.80 237.62
1447 -5.26 0.00 0.00 0.80 239.08
1448 -4.55 11.53 0.00 0.70 239.79
1449 -3.03 69.90 81.10 2.00 242.87
1450 -0.71 179.96 186.18 2.50 240.31
1451 1.17 240.06 139.93 4.00 243.60
1452 2.92 300.24 166.00 5.00 245.27
1453 3.81 259.93 80.47 4.50 263.44
1454 4.83 302.83 137.51 5.70 249.95
1455 5.42 268.82 185.31 4.20 248.30
1456 6.22 330.15 606.82 5.20 235.86
1457 6.09 179.38 352.42 4.00 240.78
1458 4.82 6.74 0.00 4.00 263.78
1459 3.96 0.00 0.00 2.70 260.10
1460 3.10 0.00 0.00 2.50 254.57
1461 2.25 0.00 0.00 3.00 253.39
1462 1.39 0.00 0.00 3.80 248.57
1463 0.53 0.00 0.00 4.00 246.32
1464 -0.31 0.00 0.00 4.00 241.15
1465 -2.94 0.00 0.00 2.50 231.82
1466 -5.84 0.00 0.00 1.10 224.58
1467 -8.74 0.00 0.00 1.90 213.83
1468 -10.32 0.00 0.00 1.90 206.59
1469 -11.91 0.00 0.00 1.50 201.09
1470 -13.05 0.00 0.00 1.40 196.10
1471 -14.20 0.00 0.00 2.00 191.92
1472 -14.17 14.26 0.00 3.00 190.60
1473 -13.00 150.68 621.70 1.50 191.01
1474 -11.71 305.45 797.65 1.20 191.71
1475 -10.52 434.64 892.70 1.10 192.55
1476 -9.54 525.70 942.89 1.40 194.62
1477 -8.83 565.36 957.98 1.50 193.23
1478 -8.44 551.55 953.83 1.90 194.10
1479 -8.38 487.83 925.34 2.00 192.71
1480 -8.66 377.35 858.16 3.30 193.09
1481 -9.44 234.66 735.78 4.70 191.24
1482 -10.62 84.75 547.89 3.80 194.20
1483 -12.19 0.99 0.00 4.20 192.40
1484 -13.77 0.00 0.00 2.70 187.10
1485 -15.34 0.00 0.00 3.00 181.66
1486 -16.91 0.00 0.00 2.70 179.72
1487 -18.48 0.00 0.00 1.70 174.77
1488 -20.06 0.00 0.00 2.50 172.67
1489 -20.48 0.00 0.00 4.70 172.26
1490 -21.15 0.00 0.00 4.20 170.42
1491 -21.82 0.00 0.00 4.20 168.58
1492 -22.28 0.00 0.00 4.00 167.63
1493 -22.74 0.00 0.00 4.70 166.67
1494 -23.13 0.00 0.00 3.30 166.01
1495 -23.52 0.00 0.00 3.80 165.35
1496 -23.48 8.46 0.00 4.50 166.50
1497 -23.02 49.77 0.00 4.20 169.44
1498 -21.86 152.06 96.88 5.00 168.52
1499 -21.21 175.93 29.57 4.00 173.35
1500 -20.38 252.97 88.47 4.90 174.14
1501 -20.36 175.63 7.70 5.00 179.56
1502 -19.68 324.66 192.56 5.70 173.79
1503 -19.59 274.11 127.59 5.50 175.38
1504 -19.61 201.96 141.97 5.00 176.82
1505 -19.79 199.39 444.35 4.20 168.96
1506 -20.53 88.71 500.21 5.20 165.19
1507 -18.40 1.94 0.00 5.00 175.51
1508 -16.27 0.00 0.00 5.70 186.15
1509 -14.13 0.00 0.00 5.50 197.13
1510 -12.00 0.00 0.00 4.70 208.41
1511 -9.87 0.00 0.00 5.20 217.51
1512 -7.74 0.00 0.00 6.21 226.14
1513 -6.92 0.00 0.00 6.00 231.65
1514 -5.93 0.00 0.00 5.50 233.08
1515 -4.99 0.00 0.00 5.20 244.50
1516 -4.38 0.00 0.00 4.90 249.37
1517 -3.77 0.00 0.00 5.50 256.03
1518 -3.32 0.00 0.00 7.01 260.23
1519 -2.87 0.00 0.00 5.70 264.47
1520 -2.48 10.47 0.00 4.70 268.50
1521 -1.91 12.51 0.00 4.20 271.63
1522 -1.45 27.43 0.00 3.80 273.33
1523 -1.03 35.17 0.00 3.00 275.69
1524 -0.25 80.20 0.00 4.70 276.54
1525 1.74 256.53 73.72 2.20 273.66
1526 2.95 194.98 13.29 4.20 271.70
1527 4.27 264.04 145.73 4.90 264.03
1528 6.18 410.07 645.32 4.20 248.52
1529 6.59 190.25 420.07 5.70 263.75
1530 6.40 102.97 376.69 5.50 259.16
1531 6.01 2.85 0.00 3.60 256.67
1532 5.62 0.00 0.00 2.50 255.95
1533 5.24 0.00 0.00 3.00 255.61
1534 4.85 0.00 0.00 4.20 257.01
1535 4.47 0.00 0.00 4.00 256.29
1536 4.08 0.00 0.00 2.70 256.59
1537 2.96 0.00 0.00 1.40 251.63
1538 1.72 0.00 0.00 1.50 250.27
1539 0.48 0.00 0.00 2.50 248.21
1540 -0.20 0.00 0.00 2.20 248.37
1541 -0.86 0.00 0.00 1.40 245.75
1542 -1.37 0.00 0.00 0.90 243.20
1543 -1.87 0.00 0.00 0.60 242.81
1544 -1.38 20.57 16.45 1.00 245.25
1545 0.42 151.34 643.35 1.40 249.88
1546 2.30 291.30 796.02 3.00 250.72
1547 4.05 408.81 874.27 2.20 249.51
1548 5.54 492.78 917.38 4.20 251.27
1549 6.69 534.31 936.88 3.30 254.02
1550 7.45 525.06 936.14 2.20 255.74
1551 7.73 462.88 908.03 2.50 258.96
1552 7.64 361.81 848.96 2.70 259.18
1553 6.87 230.24 740.18 2.70 261.56
1554 5.59 91.28 541.82 3.00 263.66
1555 4.74 2.67 0.00 2.70 263.33
1556 3.89 0.00 0.00 3.00 266.05
1557 3.04 0.00 0.00 3.80 262.85
1558 2.19 0.00 0.00 4.70 261.29
1559 1.34 0.00 0.00 5.20 260.28
1560 0.49 0.00 0.00 6.00 256.29
1561 0.15 0.00 0.00 6.51 255.68
1562 -0.20 0.00 0.00 5.70 254.11
1563 -0.52 0.00 0.00 7.01 254.57
1564 -0.70 0.00 0.00 6.51 254.22
1565 -0.88 0.00 0.00 4.00 253.92
1566 -1.00 0.00 0.00 2.70 252.20
1567 -1.12 0.00 0.00 2.20 249.73
1568 -0.31 23.42 35.04 2.50 253.38
1569 1.80 148.39 594.68 2.50 260.97
1570 4.06 285.27 758.49 2.70 264.31
1571 6.13 394.66 812.73 2.00 265.36
1572 7.88 472.03 840.88 2.70 267.24
1573 9.30 509.42 858.06 2.50 266.55
1574 10.26 499.46 857.37 4.50 266.97
1575 10.69 432.85 794.08 3.30 270.39
1576 10.64 338.21 744.62 2.70 272.06
1577 9.89 220.22 681.35 3.60 272.84
1578 8.57 90.11 435.14 3.80 274.53
1579 7.63 3.51 0.00 4.20 270.43
1580 6.69 0.00 0.00 3.30 275.92
1581 5.75 0.00 0.00 3.00 274.49
1582 4.81 0.00 0.00 2.20 274.78
1583 3.86 0.00 0.00 1.70 273.43
1584 2.92 0.00 0.00 2.70 272.92
1585 2.00 0.00 0.00 3.00 271.20
1586 1.03 0.00 0.00 1.50 267.33
1587 0.06 0.00 0.00 1.50 264.98
1588 -0.43 0.00 0.00 1.70 262.63
1589 -0.95 0.00 0.00 1.20 261.94
1590 -1.32 0.00 0.00 3.60 261.01
1591 -1.68 0.00 0.00 3.80 260.87
1592 -1.04 22.29 10.03 4.50 261.95
1593 -0.04 92.06 79.94 4.90 266.27
1594 1.22 186.78 157.86 3.60 266.66
1595 2.88 326.13 393.57 3.60 258.57
1596 4.16 376.81 386.86 3.00 263.67
1597 5.45 465.24 582.50 2.20 260.79
1598 6.54 510.34 802.24 2.50 258.94
1599 7.21 472.87 867.26 3.80 257.19
1600 7.35 363.07 829.46 3.30 258.49
1601 6.87 228.20 697.77 2.70 260.93
1602 5.87 103.34 533.38 3.00 260.83
1603 4.70 5.47 0.00 2.20 259.16
1604 3.53 0.00 0.00 2.00 259.44
1605 2.36 0.00 0.00 2.00 255.89
1606 1.19 0.00 0.00 1.50 255.69
1607 0.02 0.00 0.00 2.70 253.43
1608 -1.15 0.00 0.00 2.20 250.58
1609 -2.12 0.00 0.00 2.20 249.08
1610 -3.20 0.00 0.00 3.00 247.64
1611 -4.27 0.00 0.00 3.60 245.04
1612 -4.86 0.00 0.00 3.60 243.76
1613 -5.45 0.00 0.00 1.70 240.63
1614 -5.88 0.00 0.00 2.50 241.40
1615 -6.30 0.00 0.00 2.70 238.18
1616 -5.75 20.99 0.00 2.50 244.03
1617 -5.11 68.75 1.29 4.00 249.40
1618 -4.40 122.42 8.73 3.80 250.40
1619 -3.02 260.99 154.49 3.30 245.37
1620 -1.61 360.25 315.37 2.70 244.88
1621 -0.39 420.77 387.47 3.30 246.48
1622 1.22 609.08 805.94 3.60 233.60
1623 2.11 524.29 942.97 2.50 235.02
1624 2.33 391.95 874.00 2.50 237.94
1625 1.90 244.95 751.44 3.60 239.38
1626 0.93 117.80 569.21 3.00 240.10
1627 0.47 6.64 0.00 2.20 243.16
1628 0.01 0.00 0.00 1.70 248.20
1629 -0.43 0.00 0.00 1.10 249.54
1630 -0.90 0.00 0.00 1.00 250.20
1631 -1.37 0.00 0.00 1.10 249.95
1632 -1.84 0.00 0.00 0.90 250.65
1633 -1.88 0.00 0.00 1.40 253.24
1634 -1.78 0.00 0.00 2.20 258.01
1635 -1.68 0.00 0.00 4.20 258.49
1636 -1.56 0.00 0.00 3.60 262.07
1637 -1.44 0.00 0.00 2.00 266.70
1638 -1.31 0.00 0.00 2.50 269.68
1639 -1.18 0.00 0.00 3.30 272.04
1640 0.27 39.45 133.04 2.50 279.46
1641 0.00 14.59 0.00 4.00 282.66
1642 0.13 26.32 0.00 2.50 279.71
1643 0.34 36.08 0.00 2.50 280.29
1644 4.20 587.92 651.98 1.70 244.46
1645 7.05 629.26 971.00 1.90 250.22
1646 9.07 616.74 967.23 2.00 253.65
1647 10.37 551.35 946.00 1.70 254.57
1648 10.99 438.60 592.76 1.50 256.23
1649 9.36 21.04 0.00 1.70 294.26
1650 8.00 9.10 0.00 2.20 293.19
1651 7.16 0.57 0.00 3.60 291.85
1652 6.32 0.00 0.00 4.90 294.35
1653 5.47 0.00 0.00 4.20 291.00
1654 4.62 0.00 0.00 3.60 284.29
1655 3.77 0.00 0.00 3.30 278.26
1656 2.93 0.00 0.00 3.60 274.43
1657 1.48 0.00 0.00 3.80 269.15
1658 -0.13 0.00 0.00 4.50 261.70
1659 -1.75 0.00 0.00 3.60 253.28
1660 -2.66 0.00 0.00 4.90 249.83
1661 -3.57 0.00 0.00 2.70 244.70
1662 -4.24 0.00 0.00 2.20 239.83
1663 -4.90 0.00 0.00 2.50 234.77
1664 -4.07 34.78 110.95 3.00 235.30
1665 -2.02 188.09 694.17 4.50 239.65
1666 -0.08 333.54 833.05 4.50 240.42
1667 1.65 453.91 907.97 3.80 239.19
1668 3.07 533.34 937.34 3.80 243.32
1669 4.13 569.06 946.29 2.70 246.27
1670 4.79 557.19 943.11 2.00 245.53
1671 5.02 495.26 920.55 3.30 246.01
1672 4.86 397.41 874.66 3.30 249.28
1673 4.05 261.84 774.49 3.30 253.66
1674 2.71 113.68 591.36 1.90 253.82
1675 1.72 7.10 0.00 0.60 252.55
1676 0.73 0.00 0.00 0.50 254.27
1677 -0.27 0.00 0.00 0.80 250.27
1678 -1.26 0.00 0.00 0.60 246.48
1679 -2.28 0.00 0.00 0.50 241.97
1680 -3.29 0.00 0.00 0.50 239.73
1681 -3.58 0.00 0.00 0.60 239.64
1682 -3.88 0.00 0.00 0.30 239.15
1683 -4.18 0.00 0.00 0.20 236.42
1684 -4.34 0.00 0.00 0.10 234.90
1685 -4.50 0.00 0.00 0.10 234.96
1686 -4.61 0.00 0.00 0.10 235.80
1687 -4.72 0.00 0.00 0.20 235.93
1688 -3.39 37.54 166.27 0.20 239.50
1689 -1.23 158.70 464.46 0.20 245.47
1690 1.13 301.31 666.78 0.30 246.11
1691 3.09 390.79 645.47 0.40 246.30
1692 4.83 473.03 718.72 0.60 246.59
1693 6.17 503.95 716.62 1.00 249.81
1694 7.09 498.48 737.81 1.40 251.69
1695 7.60 457.08 772.43 1.70 247.86
1696 7.67 373.66 795.16 1.20 250.06
1697 7.00 245.15 691.67 1.40 253.26
1698 5.66 100.50 426.42 1.70 256.62
1699 4.82 8.56 0.00 1.50 256.96
1700 3.97 0.00 0.00 1.90 261.52
1701 3.12 0.00 0.00 1.10 259.73
1702 2.27 0.00 0.00 1.90 261.27
1703 1.42 0.00 0.00 4.20 258.90
1704 0.57 0.00 0.00 4.70 257.13
1705 -0.21 0.00 0.00 5.20 259.75
1706 -1.02 0.00 0.00 4.70 254.80
1707 -1.85 0.00 0.00 4.50 252.59
1708 -2.28 0.00 0.00 4.20 250.22
1709 -2.70 0.00 0.00 2.00 251.17
1710 -3.00 0.00 0.00 2.70 252.19
1711 -3.29 0.00 0.00 1.70 250.58
1712 -2.45 29.38 28.66 4.00 251.92
1713 -1.27 111.06 116.07 5.70 256.20
1714 0.65 273.71 446.73 4.90 248.85
1715 2.37 380.54 572.54 4.70 246.71
1716 3.97 481.80 682.73 5.20 245.58
1717 5.02 479.12 574.33 6.71 249.60
1718 5.58 435.55 397.87 8.31 250.69
1719 5.58 321.95 187.62 7.31 254.80
1720 4.98 207.97 79.15 7.51 261.10
1721 4.26 159.82 137.47 6.21 256.92
1722 3.21 56.45 26.05 5.50 262.60
1723 2.04 7.50 0.00 5.50 258.65
1724 0.88 0.00 0.00 5.00 254.96
1725 -0.29 0.00 0.00 3.60 247.61
1726 -1.46 0.00 0.00 4.20 241.71
1727 -2.65 0.00 0.00 3.30 239.86
1728 -3.85 0.00 0.00 2.20 236.48
1729 -4.93 0.00 0.00 3.00 232.24
1730 -6.08 0.00 0.00 3.00 227.22
1731 -7.23 0.00 0.00 3.80 222.76
1732 -7.84 0.00 0.00 4.00 220.18
1733 -8.46 0.00 0.00 3.00 216.49
1734 -8.89 0.00 0.00 3.00 213.67
1735 -9.32 0.00 0.00 2.50 209.40
1736 -8.04 46.05 226.69 2.50 211.80
1737 -6.00 190.22 524.01 2.70 216.06
1738 -4.43 286.65 484.81 4.70 219.44
1739 -3.28 341.07 365.21 6.71 222.21
1740 -2.09 431.71 468.19 7.01 223.63
1741 -0.98 502.44 649.20 7.51 219.07
1742 -0.37 462.66 518.78 8.31 222.23
1743 -0.03 441.85 572.69 8.91 223.97
1744 -0.38 283.10 275.67 10.21 231.01
1745 -1.00 219.89 377.75 8.61 228.62
1746 -2.22 66.85 66.54 8.31 236.17
1747 -3.48 8.77 0.00 7.81 229.72
1748 -4.96 0.00 0.00 13.21 225.79
1749 -6.43 0.00 0.00 13.21 220.30
1750 -7.91 0.00 0.00 9.71 215.12
1751 -9.39 0.00 0.00 9.71 208.86
1752 -10.86 0.00 0.00 8.61 203.10
1753 -12.04 0.00 0.00 6.00 199.79
1754 -13.34 0.00 0.00 6.71 195.70
1755 -14.64 0.00 0.00 6.21 191.72
1756 -15.36 0.00 0.00 6.71 187.28
1757 -16.07 0.00 0.00 4.70 182.68
1758 -16.59 0.00 0.00 4.20 178.37
1759 -17.11 0.00 0.00 4.00 174.46
1760 -15.03 69.75 510.91 4.00 178.18
1761 -12.77 220.47 729.73 3.80 183.51
1762 -10.48 374.49 859.32 4.90 183.72
1763 -8.41 500.25 933.22 5.00 184.13
1764 -6.68 585.69 963.24 5.50 188.03
1765 -5.36 624.31 974.62 7.51 195.04
1766 -4.51 611.60 971.13 7.81 197.62
1767 -4.16 547.18 950.70 7.31 199.18
1768 -4.31 437.66 899.48 8.61 200.74
1769 -5.21 296.00 801.29 8.31 199.85
1770 -6.74 138.99 628.73 7.51 199.70
1771 -8.60 12.19 0.00 6.51 198.01
1772 -9.69 0.00 0.00 6.51 196.89
1773 -10.77 0.00 0.00 5.20 194.76
1774 -11.85 0.00 0.00 6.00 191.44
1775 -12.93 0.00 0.00 5.20 187.88
1776 -14.01 0.00 0.00 3.00 185.88
1777 -14.55 0.00 0.00 2.20 183.69
1778 -15.10 0.00 0.00 2.20 181.78
1779 -15.64 0.00 0.00 1.50 178.65
1780 -15.91 0.00 0.00 1.50 178.32
1781 -16.19 0.00 0.00 0.70 178.38
1782 -16.37 0.00 0.00 0.70 178.24
1783 -16.55 0.00 0.00 0.80 177.34
1784 -14.07 71.08 471.78 0.60 184.33
1785 -11.56 215.01 718.42 1.20 184.65
1786 -9.03 361.12 845.59 3.00 188.72
1787 -6.76 476.75 902.76 3.60 192.39
1788 -4.82 559.12 930.99 3.60 193.62
1789 -3.33 592.49 935.78 4.20 196.70
1790 -2.33 580.11 933.82 3.60 198.03
1791 -1.84 521.17 919.88 2.50 198.60
1792 -1.86 419.05 877.57 2.50 197.80
1793 -2.67 284.58 787.32 2.20 198.02
1794 -4.14 135.27 624.93 3.30 199.31
1795 -5.96 13.57 0.00 2.00 195.34
1796 -7.80 0.00 0.00 2.50 192.37
1797 -9.64 0.00 0.00 1.50 190.97
1798 -11.47 0.00 0.00 0.90 188.07
1799 -13.31 0.00 0.00 1.40 188.40
1800 -15.15 0.00 0.00 3.00 183.94
1801 -16.99 0.00 0.00 5.50 177.89
1802 -18.99 0.00 0.00 8.31 175.31
1803 -20.98 0.00 0.00 8.91 171.96
1804 -22.06 0.00 0.00 7.31 170.96
1805 -23.13 0.00 0.00 7.31 169.06
1806 -23.90 0.00 0.00 5.00 168.50
1807 -24.67 0.08 0.00 5.70 167.40
1808 -24.67 6.04 0.00 6.00 168.70
1809 -24.72 17.86 0.00 7.01 167.76
1810 -24.45 59.60 0.00 8.31 166.57
1811 -24.21 87.59 0.00 7.01 166.59
1812 -24.03 108.00 0.00 7.01 167.77
1813 -23.90 165.36 0.19 7.81 165.44
1814 -22.54 445.92 343.65 7.01 156.11
1815 -21.82 406.08 427.43 7.31 157.63
1816 -21.69 264.79 143.30 6.51 162.99
1817 -21.84 172.97 114.51 5.50 162.63
1818 -22.30 94.33 209.70 4.50 161.70
1819 -23.02 10.31 0.00 3.80 158.32
1820 -23.12 0.00 0.00 3.60 158.98
1821 -23.27 0.00 0.00 3.30 158.54
1822 -23.41 0.00 0.00 4.00 158.73
1823 -23.88 0.00 0.00 4.70 157.62
1824 -23.67 0.00 0.00 4.90 157.78
1825 -23.06 0.00 0.00 3.00 161.60
1826 -22.44 0.00 0.00 4.20 164.44
1827 -21.82 0.00 0.00 5.50 167.31
1828 -21.46 0.00 0.00 6.21 169.14
1829 -21.10 0.00 0.00 5.00 170.99
1830 -20.82 0.00 0.00 3.30 172.48
1831 -20.54 1.14 0.00 3.60 173.99
1832 -18.63 40.45 36.27 4.70 182.53
1833 -17.61 81.07 0.00 5.00 187.69
1834 -15.92 167.26 30.19 4.90 191.64
1835 -13.37 315.16 188.22 4.50 183.04
1836 -12.12 279.13 48.94 4.90 182.20
1837 -10.85 331.63 105.32 5.70 182.25
1838 -9.55 389.95 202.22 8.91 185.11
1839 -8.07 474.42 621.51 7.31 181.68
1840 -7.45 362.81 572.43 6.00 184.67
1841 -7.35 270.91 664.59 6.00 184.76
1842 -8.03 156.82 583.49 5.70 185.18
1843 -9.43 22.41 41.99 6.71 182.42
1844 -10.34 0.00 0.00 6.21 176.69
1845 -11.25 0.00 0.00 6.51 179.65
1846 -12.16 0.00 0.00 7.51 178.78
1847 -13.07 0.00 0.00 7.81 179.24
1848 -13.98 0.00 0.00 7.01 177.91
1849 -15.35 0.00 0.00 7.01 176.09
1850 -16.96 0.00 0.00 7.81 173.18
1851 -18.57 0.00 0.00 8.31 169.45
1852 -19.49 0.00 0.00 7.81 167.14
1853 -20.41 0.00 0.00 5.70 165.03
1854 -21.10 0.00 0.00 6.00 163.15
1855 -21.78 2.06 0.00 5.20 163.34
1856 -19.69 77.46 369.69 5.20 172.47
1857 -17.94 209.61 617.87 6.00 176.79
1858 -16.15 345.31 718.26 6.51 182.16
1859 -14.54 455.38 765.24 7.01 185.67
1860 -13.24 526.62 768.33 6.71 188.63
1861 -12.29 559.19 774.09 6.00 189.25
1862 -11.73 546.12 770.96 6.51 190.59
1863 -11.59 488.71 757.17 6.51 190.04
1864 -11.83 399.57 755.34 6.51 191.28
1865 -12.71 273.09 682.27 7.31 189.74
1866 -14.11 136.97 542.50 7.01 188.52
1867 -15.81 18.37 0.00 7.81 185.10
1868 -15.57 0.00 0.00 7.81 187.42
1869 -15.33 0.00 0.00 6.51 189.08
1870 -15.10 0.00 0.00 6.00 189.76
1871 -14.86 0.00 0.00 3.30 190.93
1872 -14.62 0.00 0.00 3.00 192.66
1873 -13.86 0.00 0.00 2.00 197.23
1874 -12.95 0.00 0.00 1.50 199.41
1875 -12.05 0.00 0.00 3.00 202.75
1876 -11.53 0.00 0.00 2.50 205.13
1877 -11.00 0.00 0.00 2.20 207.34
1878 -10.61 0.00 0.00 3.00 209.69
1879 -10.21 2.77 0.00 2.70 210.53
1880 -7.01 71.79 285.11 3.30 217.92
1881 -4.28 192.80 451.33 4.50 220.00
1882 -1.51 317.02 516.13 3.30 221.92
1883 1.41 460.65 656.91 2.20 212.11
1884 4.34 596.00 796.11 4.20 211.12
1885 6.14 567.19 686.38 4.50 220.63
1886 7.70 609.85 851.62 5.20 218.00
1887 8.52 529.88 860.85 4.50 220.13
1888 8.87 461.60 867.91 4.20 219.70
1889 8.23 313.74 786.26 3.60 221.31
1890 6.71 153.43 584.57 4.50 223.60
1891 4.73 27.89 108.05 5.50 225.38
1892 3.59 0.00 0.00 6.21 236.82
1893 2.45 0.00 0.00 6.00 236.28
1894 1.31 0.00 0.00 6.00 233.29
1895 0.18 0.00 0.00 5.70 232.74
1896 -0.95 0.00 0.00 5.00 232.11
1897 -2.73 0.00 0.00 6.21 231.78
1898 -4.72 0.00 0.00 5.20 230.14
1899 -6.71 0.00 0.00 4.90 226.40
1900 -7.80 0.00 0.00 4.70 226.55
1901 -8.90 0.00 0.00 5.70 223.77
1902 -9.70 0.00 0.00 6.71 221.70
1903 -10.50 0.90 0.00 6.21 219.29
1904 -9.57 60.76 83.13 5.70 223.34
1905 -8.69 177.65 255.14 5.50 218.94
1906 -8.97 113.40 0.00 5.50 230.54
1907 -7.83 398.91 377.29 5.70 215.83
1908 -6.68 554.46 570.06 6.71 212.24
1909 -8.13 59.36 0.00 9.21 239.25
1910 -8.69 107.09 0.00 7.01 233.39
1911 -8.84 225.03 29.82 7.81 222.43
1912 -8.84 271.89 171.19 9.21 215.87
1913 -8.82 289.30 536.64 7.81 207.50
1914 -9.40 94.71 132.49 9.71 219.68
1915 -10.10 29.70 89.28 10.91 219.63
1916 -10.46 0.00 0.00 10.91 221.08
1917 -10.83 0.00 0.00 10.41 221.00
1918 -11.20 0.00 0.00 9.71 220.16
1919 -11.57 0.00 0.00 9.71 219.32
1920 -11.94 0.00 0.00 10.91 218.48
1921 -11.43 0.00 0.00 11.81 221.41
1922 -10.74 0.00 0.00 10.91 223.42
1923 -10.06 0.00 0.00 11.81 225.33
1924 -9.63 0.00 0.00 10.21 228.20
1925 -9.20 0.00 0.00 9.21 228.71
1926 -8.86 0.00 0.00 7.01 229.73
1927 -8.51 2.71 0.00 7.51 234.63
1928 -7.73 14.73 0.00 5.70 237.21
1929 -6.70 55.39 0.00 5.50 235.30
1930 -5.24 127.54 0.00 7.01 234.30
1931 -3.73 194.06 16.93 8.91 234.77
1932 -0.76 433.40 304.59 9.71 226.84
1933 2.01 549.99 657.25 9.21 222.13
1934 3.96 534.26 652.09 7.31 222.29
1935 5.12 467.97 588.68 6.00 227.84
1936 5.83 415.16 592.75 5.20 226.19
1937 5.20 196.11 163.68 4.00 236.33
1938 4.15 104.73 134.73 2.70 238.58
1939 2.79 18.21 0.00 1.40 236.49
1940 1.95 0.00 0.00 2.00 242.96
1941 1.11 0.00 0.00 2.20 240.11
1942 0.26 0.00 0.00 1.90 239.78
1943 -0.56 0.00 0.00 1.10 237.41
1944 -1.43 0.00 0.00 0.80 236.97
1945 -3.03 0.00 0.00 1.20 231.19
1946 -4.80 0.00 0.00 2.00 227.14
1947 -6.57 0.00 0.00 2.50 222.91
1948 -7.54 0.00 0.00 3.80 220.66
1949 -8.51 0.00 0.00 4.20 217.83
1950 -9.21 0.00 0.00 5.50 215.26
1951 -9.92 6.35 0.00 6.51 212.63
1952 -7.20 98.39 454.69 6.71 219.97
1953 -5.21 245.10 693.09 7.81 220.15
1954 -3.28 386.70 805.52 7.31 218.90
1955 -1.61 494.40 826.93 5.50 223.33
1956 -0.23 573.31 854.40 6.51 226.05
1957 0.79 608.93 869.97 5.70 219.92
1958 1.39 588.65 846.89 6.21 220.08
1959 1.56 520.79 802.32 5.50 219.45
1960 1.29 420.30 762.06 3.30 215.33
1961 0.40 289.64 667.94 2.70 215.90
1962 -0.97 148.70 521.82 3.00 221.92
1963 -2.69 25.19 48.21 4.00 218.93
1964 -4.21 0.00 0.00 4.20 212.67
1965 -5.73 0.00 0.00 4.20 210.43
1966 -7.24 0.00 0.00 3.80 208.39
1967 -8.76 0.00 0.00 2.50 206.37
1968 -10.28 0.00 0.00 3.30 200.49
1969 -11.07 0.00 0.00 3.30 197.27
1970 -11.96 0.00 0.00 3.00 195.65
1971 -12.85 0.00 0.00 3.30 192.27
1972 -13.35 0.00 0.00 4.00 192.60
1973 -13.85 0.00 0.00 4.00 191.40
1974 -14.21 0.00 0.00 3.60 190.46
1975 -14.58 7.66 0.00 3.80 189.83
1976 -11.09 105.66 479.71 3.30 199.86
1977 -8.70 251.99 701.87 3.30 202.20
1978 -6.35 396.10 819.75 2.50 208.16
1979 -4.20 515.45 878.82 4.00 211.54
1980 -2.40 597.20 908.33 4.70 215.75
1981 -1.05 630.81 915.74 4.20 218.62
1982 -0.21 615.20 910.88 3.60 221.32
1983 0.13 550.65 888.58 3.80 217.59
1984 -0.05 445.89 847.78 3.00 223.60
1985 -0.98 308.89 753.88 3.80 223.41
1986 -2.58 158.18 572.36 3.60 223.97
1987 -4.56 27.48 55.80 4.20 222.47
1988 -5.34 0.00 0.00 3.30 222.14
1989 -6.13 0.00 0.00 3.00 222.98
1990 -6.91 0.00 0.00 3.30 222.18
1991 -7.70 0.00 0.00 3.00 222.14
1992 -8.48 0.00 0.00 1.70 220.79
1993 -8.81 0.00 0.00 2.50 219.77
1994 -9.21 0.00 0.00 2.70 218.78
1995 -9.61 0.00 0.00 2.50 219.83
1996 -9.84 0.00 0.00 1.50 218.59
1997 -10.08 0.00 0.00 1.70 217.99
1998 -10.26 0.00 0.00 2.00 217.83
1999 -10.44 9.00 0.00 1.70 218.01
2000 -7.82 71.76 140.30 1.50 228.05
2001 -4.04 277.62 574.04 1.90 221.97
2002 -1.72 366.58 548.93 2.20 227.84
2003 -0.52 373.77 249.06 4.20 235.16
2004 0.73 455.60 374.75 5.50 230.38
2005 1.66 473.61 342.03 5.50 231.40
2006 2.58 526.62 532.69 6.00 229.53
2007 2.72 407.93 293.39 6.21 234.72
2008 2.89 428.01 646.41 6.21 230.88
2009 2.41 308.38 696.57 6.21 228.03
2010 1.29 183.44 622.65 8.31 228.31
2011 -0.37 40.47 261.17 5.20 232.99
2012 -1.07 0.00 0.00 5.00 233.07
2013 -1.78 0.00 0.00 4.90 232.10
2014 -2.49 0.00 0.00 4.20 233.48
2015 -3.20 0.00 0.00 4.00 232.01
2016 -3.91 0.00 0.00 3.30 231.81
2017 -4.32 0.00 0.00 2.70 225.24
2018 -4.79 0.00 0.00 1.90 226.28
2019 -5.25 0.00 0.00 1.20 226.42
2020 -5.51 0.00 0.00 3.60 228.35
2021 -5.77 0.00 0.00 4.70 226.91
2022 -5.97 0.00 0.00 3.00 226.09
2023 -6.16 11.60 0.00 3.30 227.45
2024 -2.08 116.53 505.38 1.90 241.07
2025 0.52 269.05 735.99 1.70 244.99
2026 3.00 412.60 837.77 1.90 250.70
2027 5.21 528.33 881.50 2.70 246.70
2028 7.01 599.45 881.18 3.30 248.21
2029 8.39 633.92 893.02 3.80 251.71
2030 9.20 598.00 804.71 2.20 251.30
2031 9.48 527.23 754.51 3.60 253.37
2032 9.12 414.09 658.07 4.20 258.79
2033 8.04 285.16 575.77 2.50 262.65
2034 6.44 146.42 420.57 2.00 264.79
2035 4.52 30.09 86.93 2.20 264.57
2036 3.77 0.00 0.00 1.70 267.89
2037 3.02 0.00 0.00 2.50 268.66
2038 2.26 0.00 0.00 1.10 264.21
2039 1.51 0.00 0.00 1.90 265.38
2040 0.76 0.00 0.00 2.00 261.76
2041 0.15 0.00 0.00 1.20 258.50
2042 -0.35 0.00 0.00 1.50 255.09
2043 -0.89 0.00 0.00 1.40 255.86
2044 -1.11 0.00 0.00 2.50 254.68
2045 -1.33 0.00 0.00 2.00 254.79
2046 -1.45 0.00 0.00 1.90 256.13
2047 -0.93 12.50 0.00 2.20 257.80
2048 0.89 116.26 464.18 2.20 266.10
2049 3.16 258.13 638.30 3.60 268.82
2050 5.49 395.47 740.42 2.70 267.68
2051 7.66 504.86 774.02 4.00 269.47
2052 9.60 583.89 806.82 5.00 268.22
2053 11.15 609.24 789.56 5.20 273.51
2054 12.26 590.70 773.68 5.20 272.40
2055 11.77 526.20 742.35 4.70 272.55
2056 11.77 434.57 741.37 3.00 270.72
2057 12.68 307.12 671.11 3.80 269.32
2058 11.66 166.62 551.18 3.00 268.66
2059 10.21 34.56 138.09 3.00 264.00
2060 8.51 0.00 0.00 2.20 268.36
2061 6.85 0.00 0.00 1.50 263.87
2062 5.18 0.00 0.00 1.20 258.61
2063 3.52 0.00 0.00 1.00 251.98
2064 1.85 0.00 0.00 2.00 248.02
2065 -0.24 0.00 0.00 1.50 244.88
2066 -2.53 0.00 0.00 0.70 237.11
2067 -4.85 0.00 0.00 0.80 230.53
2068 -6.10 0.00 0.00 0.60 225.73
2069 -7.35 0.00 0.00 0.70 222.13
2070 -8.25 0.00 0.00 0.60 214.77
2071 -8.15 12.50 0.00 0.50 213.85
2072 -6.84 144.82 399.49 0.40 218.86
2073 -5.82 238.69 448.38 0.40 226.64
2074 -4.96 317.33 309.51 0.30 231.22
2075 -4.68 281.04 69.35 0.50 241.19
2076 -4.44 313.85 59.44 0.90 239.45
2077 -3.64 521.01 386.25 0.70 230.23
2078 -3.76 283.79 54.77 1.00 240.43
2079 -4.36 166.06 1.15 1.00 242.10
2080 -4.90 179.81 14.59 1.00 245.14
2081 -6.01 27.84 0.00 1.20 252.10
2082 -6.65 15.01 0.00 1.00 247.57
2083 -7.38 13.32 0.00 1.10 242.42
2084 -7.90 0.00 0.00 1.20 238.30
2085 -8.43 0.00 0.00 1.50 234.22
2086 -8.96 0.00 0.00 1.70 230.23
2087 -9.49 0.00 0.00 1.70 229.83
2088 -10.02 0.00 0.00 1.90 225.31
2089 -9.67 0.00 0.00 2.00 223.91
2090 -9.31 0.00 0.00 1.90 224.10
2091 -8.96 0.00 0.00 3.00 222.96
2092 -8.78 0.00 0.00 3.00 223.73
2093 -8.60 0.00 0.00 1.50 222.00
2094 -8.48 0.00 0.00 1.20 224.41
2095 -7.87 13.09 0.00 1.90 224.32
2096 -5.54 114.28 370.23 1.70 227.27
2097 -2.89 235.69 440.84 2.00 231.14
2098 -0.30 346.07 394.17 2.20 236.01
2099 1.12 337.26 140.43 3.80 242.66
2100 2.38 376.89 140.60 2.70 243.89
2101 3.58 422.32 190.93 2.70 245.98
2102 3.77 297.53 65.04 3.00 251.44
2103 4.41 395.65 245.10 2.20 243.97
2104 4.61 324.97 166.89 2.00 245.65
2105 4.28 239.49 230.50 1.70 244.58
2106 3.66 184.27 436.12 1.40 238.21
2107 2.36 52.37 329.97 1.70 242.61
2108 1.61 0.00 0.00 1.40 252.91
2109 0.87 0.00 0.00 1.90 254.11
2110 0.12 0.00 0.00 1.70 253.11
2111 -0.61 0.00 0.00 1.70 251.32
2112 -1.37 0.00 0.00 1.70 250.05
2113 -2.15 0.00 0.00 3.00 250.09
2114 -2.90 0.00 0.00 3.30 247.49
2115 -3.66 0.00 0.00 3.60 248.04
2116 -4.02 0.00 0.00 3.30 249.96
2117 -4.39 0.00 0.00 3.00 251.61
2118 -4.62 0.00 0.00 3.30 252.19
2119 -4.53 1.83 0.00 3.00 258.87
2120 -3.86 34.33 0.00 4.70 263.98
2121 -3.17 75.07 0.00 4.70 265.02
2122 -2.28 116.63 0.00 4.50 265.94
2123 -0.24 315.66 113.88 3.00 260.55
2124 0.72 254.64 21.18 2.00 264.47
2125 0.94 169.13 1.78 2.70 269.46
2126 2.60 476.73 288.94 2.20 252.03
2127 3.66 423.13 306.45 2.20 249.21
2128 4.39 390.10 417.57 2.20 246.97
2129 4.78 329.66 609.36 4.20 245.16
2130 4.55 189.04 646.74 4.50 250.49
2131 3.54 27.04 13.65 4.00 247.45
2132 1.81 0.00 0.00 3.00 247.18
2133 0.07 0.00 0.00 2.20 244.75
2134 -1.67 0.00 0.00 1.40 238.97
2135 -3.44 0.00 0.00 1.10 235.12
2136 -5.22 0.00 0.00 2.00 235.29
2137 -7.10 0.00 0.00 1.70 223.31
2138 -9.24 0.00 0.00 2.50 216.05
2139 -11.40 0.00 0.00 4.50 215.25
2140 -12.56 0.00 0.00 5.20 213.02
2141 -13.78 0.00 0.00 5.00 207.77
2142 -14.68 0.00 0.00 5.20 206.17
2143 -15.51 2.13 0.00 4.70 205.84
2144 -15.17 12.54 0.00 4.70 208.45
2145 -15.12 25.75 0.00 3.60 206.40
2146 -15.20 38.22 0.00 4.20 205.87
2147 -15.24 58.51 0.00 3.80 205.01
2148 -15.42 54.93 0.00 4.70 204.72
2149 -15.60 57.67 0.00 5.00 206.05
2150 -14.95 379.73 136.33 6.00 195.70
2151 -14.36 320.62 99.04 6.00 199.50
2152 -13.82 349.36 275.72 6.51 197.05
2153 -13.71 284.46 443.67 5.70 195.96
2154 -13.92 164.59 429.24 8.31 197.58
2155 -14.46 63.00 276.75 9.21 194.71
2156 -13.12 0.00 0.00 8.91 201.91
2157 -11.81 0.00 0.00 8.31 208.32
2158 -10.53 0.00 0.00 7.51 213.10
2159 -9.17 0.00 0.00 7.81 220.61
2160 -7.86 0.00 0.00 7.51 226.68
2161 -7.07 0.00 0.00 7.21 230.73
2162 -6.07 0.00 0.00 6.31 235.96
2163 -4.94 0.00 0.00 5.31 241.92
2164 -4.34 0.00 0.00 5.91 244.13
2165 -3.74 0.00 0.00 5.71 249.48
2166 -3.33 0.00 0.00 5.31 251.98
2167 -2.58 14.01 0.00 5.91 256.20
2168 -1.06 101.67 141.65 7.91 260.92
2169 0.73 146.97 31.25 5.51 270.15
2170 2.17 185.80 16.17 5.21 276.46
2171 2.68 154.89 0.00 5.91 284.13
2172 2.25 52.65 0.00 5.51 289.68
2173 3.01 211.63 10.65 4.51 283.93
2174 4.23 323.42 51.87 4.31 283.02
2175 5.33 346.86 131.82 3.21 285.24
2176 5.52 192.80 18.70 1.00 294.62
2177 5.83 238.71 217.54 0.90 286.30
2178 5.87 164.22 367.52 1.20 271.86
2179 5.24 56.95 203.36 2.50 259.48
2180 4.46 0.00 0.00 2.81 255.35
2181 3.67 0.00 0.00 2.50 253.85
2182 2.88 0.00 0.00 3.21 248.46
2183 2.09 0.00 0.00 3.91 248.37
2184 1.30 0.00 0.00 4.51 245.73
2185 0.08 0.00 0.00 3.91 243.45
2186 -1.25 0.00 0.00 3.61 240.82
2187 -2.61 0.00 0.00 4.11 236.03
2188 -3.34 0.00 0.00 5.51 234.06
2189 -4.07 0.00 0.00 6.81 234.39
2190 -4.59 0.00 0.00 6.31 232.56
2191 -3.93 24.88 28.59 6.51 234.83
2192 -2.51 124.76 320.06 5.91 236.25
2193 -1.05 228.48 296.15 6.11 239.68
2194 0.28 319.14 189.16 6.81 241.12
2195 1.26 356.46 115.51 7.21 242.12
2196 2.14 408.06 161.43 7.01 243.61
2197 3.07 486.03 261.15 9.32 243.68
2198 3.84 511.10 377.93 9.82 239.91
2199 4.45 522.02 571.49 9.82 235.90
2200 4.79 480.92 761.71 8.82 233.01
2201 4.78 379.81 778.92 10.12 231.79
2202 4.10 212.22 604.40 8.42 233.96
2203 2.95 66.35 338.55 6.51 237.91
2204 1.73 0.00 0.00 6.11 240.14
2205 0.52 0.00 0.00 6.11 239.11
2206 -0.68 0.00 0.00 7.51 238.76
2207 -1.93 0.00 0.00 8.82 238.57
2208 -3.17 0.00 0.00 8.82 230.93
2209 -3.92 0.00 0.00 8.82 228.62
2210 -4.71 0.00 0.00 7.91 229.44
2211 -5.50 0.00 0.00 9.32 229.69
2212 -5.92 0.00 0.00 10.12 229.53
2213 -6.34 0.00 0.00 10.62 230.84
2214 -6.63 0.00 0.00 8.42 230.66
2215 -5.79 28.98 91.84 6.51 232.60
2216 -4.03 147.29 425.58 6.51 233.51
2217 -2.03 289.09 603.01 7.91 232.00
2218 0.05 437.64 744.59 7.01 227.10
2219 2.01 562.71 778.79 6.81 228.27
2220 3.38 578.19 626.14 6.31 231.61
2221 4.32 570.27 512.39 7.91 234.11
2222 4.75 499.90 322.57 7.91 238.19
2223 4.68 383.68 183.05 7.91 239.95
2224 4.47 357.03 206.65 6.11 237.31
2225 3.76 240.00 152.30 5.31 238.40
2226 2.65 116.68 76.15 5.71 241.73
2227 1.35 28.10 0.00 6.31 248.10
2228 -0.01 0.00 0.00 6.81 249.40
2229 -1.36 0.00 0.00 7.01 247.58
2230 -2.75 0.00 0.00 6.51 241.42
2231 -4.14 0.00 0.00 6.81 236.87
2232 -5.52 0.00 0.00 5.71 233.26
2233 -6.71 0.00 0.00 6.51 232.99
2234 -8.02 0.00 0.00 6.31 229.73
2235 -9.33 0.00 0.00 6.81 222.55
2236 -10.05 0.00 0.00 7.51 219.07
2237 -10.77 0.00 0.00 5.91 214.62
2238 -11.29 0.00 0.00 5.91 211.13
2239 -10.41 33.33 137.37 5.31 212.53
2240 -8.78 149.92 453.45 5.91 213.53
2241 -6.84 297.29 620.05 5.51 215.02
2242 -4.89 436.17 721.29 4.71 217.18
2243 -3.13 542.42 741.69 3.91 219.23
2244 -1.64 614.54 752.64 2.50 221.76
2245 -0.48 643.24 754.31 3.91 228.93
2246 0.17 606.24 663.18 3.91 222.09
2247 0.51 555.49 705.36 5.21 219.30
2248 0.43 448.25 652.68 4.51 218.49
2249 -0.22 315.73 543.18 4.71 227.99
2250 -1.36 179.27 437.30 5.31 228.09
2251 -2.84 58.51 263.49 5.51 231.10
2252 -3.67 0.79 0.00 4.51 230.74
2253 -4.50 0.00 0.00 4.51 230.32
2254 -5.34 0.00 0.00 4.71 227.90
2255 -6.17 0.00 0.00 5.71 229.35
2256 -7.00 0.00 0.00 5.21 229.10
2257 -7.22 0.00 0.00 5.31 227.77
2258 -7.42 0.00 0.00 5.51 223.92
2259 -7.62 0.00 0.00 5.01 225.42
2260 -7.72 0.00 0.00 5.21 225.01
2261 -7.81 0.00 0.00 3.91 225.53
2262 -7.87 0.00 0.00 3.91 225.84
2263 -6.78 30.11 56.77 2.81 227.45
2264 -5.66 92.17 46.54 2.10 227.67
2265 -4.71 139.84 13.48 2.81 230.51
2266 -3.08 268.95 98.70 3.21 227.81
2267 -1.19 395.50 207.08 3.21 232.62
2268 0.57 486.22 309.35 4.51 226.12
2269 2.28 576.82 503.26 5.91 226.97
2270 3.40 539.49 419.32 5.71 229.51
2271 4.22 523.53 576.26 6.81 228.78
2272 4.51 418.96 472.65 7.01 226.46
2273 4.43 329.76 527.83 5.91 225.80
2274 3.89 233.24 679.12 5.31 224.01
2275 2.76 84.74 482.65 4.71 223.72
2276 1.42 1.68 0.00 4.71 222.56
2277 0.08 0.00 0.00 3.91 226.26
2278 -1.25 0.00 0.00 3.61 220.07
2279 -2.63 0.00 0.00 4.71 216.47
2280 -4.00 0.00 0.00 4.31 208.99
2281 -5.43 0.00 0.00 4.31 208.58
2282 -7.15 0.00 0.00 2.50 202.96
2283 -8.87 0.00 0.00 2.50 200.65
2284 -9.87 0.00 0.00 2.50 199.69
2285 -10.88 0.00 0.00 1.20 197.41
2286 -11.64 0.00 0.00 1.20 195.00
2287 -11.23 29.16 45.51 1.20 198.31
2288 -9.63 187.24 405.03 0.70 202.42
2289 -9.26 190.28 101.61 0.40 213.40
2290 -8.09 380.54 349.19 0.80 206.82
2291 -6.58 573.85 718.45 0.60 201.21
2292 -4.95 754.22 832.74 0.60 197.85
2293 -4.50 568.63 407.25 1.00 206.66
2294 -3.94 669.70 763.13 1.30 199.49
2295 -3.49 696.63 931.14 1.50 198.99
2296 -3.46 578.10 950.93 0.80 200.29
2297 -3.89 423.18 880.85 0.90 200.21
2298 -4.88 248.79 754.00 1.60 201.55
2299 -6.27 87.19 534.05 1.60 206.42
2300 -7.11 2.19 0.00 2.10 208.63
2301 -7.96 0.00 0.00 1.90 209.37
2302 -8.81 0.00 0.00 1.90 210.08
2303 -9.66 0.00 0.00 1.90 209.00
2304 -10.50 0.00 0.00 1.90 211.08
2305 -9.99 0.00 0.00 1.60 212.61
2306 -9.37 0.00 0.00 1.20 214.87
2307 -8.75 0.00 0.00 0.40 215.80
2308 -8.39 0.00 0.00 0.30 218.33
2309 -8.02 0.00 0.00 0.70 222.21
2310 -7.75 0.00 0.00 1.60 223.06
2311 -7.02 18.65 0.00 1.30 226.79
2312 -6.98 14.70 0.00 1.30 232.69
2313 -5.53 135.70 10.19 2.10 225.58
2314 -3.27 311.75 161.20 3.21 217.99
2315 -1.14 419.08 238.18 3.61 220.55
2316 0.90 533.67 405.73 4.11 213.26
2317 2.23 498.68 246.31 3.91 220.92
2318 3.13 469.90 236.54 3.21 224.97
2319 2.80 231.60 22.33 3.01 238.04
2320 1.87 109.82 0.00 1.90 241.73
2321 1.52 185.16 54.62 0.80 233.24
2322 0.45 62.26 0.00 0.70 252.66
2323 -0.28 17.95 0.00 0.70 266.81
2324 -0.43 0.56 0.00 1.30 271.35
2325 -0.66 0.00 0.00 1.60 269.08
2326 -0.88 0.00 0.00 2.30 266.82
2327 -1.10 0.00 0.00 1.90 264.57
2328 -1.33 0.00 0.00 1.00 262.34
2329 -2.05 0.00 0.00 0.90 257.61
2330 -2.80 0.00 0.00 1.00 252.75
2331 -3.56 0.00 0.00 1.00 249.84
2332 -3.95 0.00 0.00 1.90 246.39
2333 -4.35 0.00 0.00 1.90 244.68
2334 -4.62 0.00 0.00 2.10 242.82
2335 -3.06 46.52 136.01 3.01 242.48
2336 -1.79 122.86 126.77 2.30 242.60
2337 -0.77 176.98 32.20 2.81 249.41
2338 0.22 240.83 30.57 3.01 250.64
2339 1.07 278.42 27.27 4.51 253.26
2340 1.86 321.93 31.18 3.01 253.10
2341 2.61 361.32 58.37 3.91 252.08
2342 3.74 500.96 263.97 4.11 243.14
2343 5.00 604.38 723.27 4.51 234.69
2344 5.93 582.61 902.99 6.11 228.44
2345 6.28 450.84 889.01 6.11 228.29
2346 6.06 296.36 760.90 5.31 228.94
2347 5.06 111.13 515.88 4.91 230.89
2348 3.69 3.98 0.00 3.61 231.93
2349 2.31 0.00 0.00 3.61 234.40
2350 0.93 0.00 0.00 3.91 229.80
2351 -0.42 0.00 0.00 3.91 229.43
2352 -1.83 0.00 0.00 4.51 229.95
2353 -3.07 0.00 0.00 3.41 228.97
2354 -4.45 0.00 0.00 2.50 225.88
2355 -5.83 0.00 0.00 3.41 221.17
2356 -6.60 0.00 0.00 2.81 221.60
2357 -7.36 0.00 0.00 1.60 220.25
2358 -7.91 0.00 0.00 1.30 218.59
2359 -6.01 65.23 450.79 2.50 222.72
2360 -3.86 212.03 707.40 1.50 229.00
2361 -1.57 371.78 840.76 1.30 231.12
2362 0.56 513.81 902.04 2.30 228.21
2363 2.48 627.63 928.43 3.01 230.52
2364 4.08 700.29 935.51 3.01 231.79
2365 5.30 725.11 930.45 1.90 230.22
2366 6.08 700.47 913.99 0.60 236.24
2367 6.44 635.47 904.03 1.00 236.17
2368 6.38 531.93 886.04 1.30 231.88
2369 5.70 394.20 830.30 1.00 230.79
2370 4.43 237.24 703.27 1.60 232.00
2371 2.75 89.63 470.67 1.60 236.11
2372 1.55 3.32 0.00 1.20 235.07
2373 0.35 0.00 0.00 1.50 236.41
2374 -0.83 0.00 0.00 1.50 231.16
2375 -2.06 0.00 0.00 1.20 230.17
2376 -3.29 0.00 0.00 2.10 228.01
2377 -3.83 0.00 0.00 3.21 226.73
2378 -4.46 0.00 0.00 3.91 224.67
2379 -5.09 0.00 0.00 3.41 222.06
2380 -5.44 0.00 0.00 3.61 218.09
2381 -5.80 0.00 0.00 3.41 218.06
2382 -6.06 0.00 0.00 3.41 214.94
2383 -3.84 68.25 441.15 4.91 219.01
2384 -1.47 213.82 698.73 4.51 217.53
2385 1.02 374.97 837.50 4.31 222.48
2386 3.41 519.02 901.85 3.91 219.05
2387 5.56 633.75 929.91 4.31 218.60
2388 7.39 709.57 943.28 3.21 224.55
2389 8.83 742.62 954.45 4.11 232.35
2390 9.83 723.88 952.30 3.41 231.42
2391 10.34 657.71 941.89 3.41 234.34
2392 10.37 549.18 915.96 4.11 235.64
2393 9.72 410.32 862.88 5.51 239.03
2394 8.41 251.95 749.93 7.51 239.71
2395 6.65 96.83 521.66 7.21 242.95
2396 5.54 4.16 0.00 8.42 242.14
2397 4.42 0.00 0.00 7.21 249.02
2398 3.31 0.00 0.00 7.01 247.99
2399 2.19 0.00 0.00 7.51 247.37
2400 1.08 0.00 0.00 8.42 246.24
2401 0.36 0.00 0.00 10.12 246.08
2402 -0.29 0.00 0.00 9.32 242.38
2403 -0.93 0.00 0.00 7.91 240.60
2404 -1.23 0.00 0.00 8.82 241.70
2405 -1.53 0.00 0.00 9.32 243.03
2406 -1.71 1.20 0.00 9.32 246.89
2407 0.15 77.21 277.09 10.42 251.29
2408 0.66 115.11 68.22 8.42 261.76
2409 2.77 360.65 586.03 8.42 251.06
2410 5.16 585.43 900.21 8.82 240.31
2411 7.01 670.84 970.43 11.62 242.31
2412 8.79 802.94 996.64 11.62 241.54
2413 10.22 838.13 1001.58 11.12 241.79
2414 11.25 816.49 638.55 10.12 239.82
2415 9.39 102.51 0.00 12.32 285.02
2416 7.69 46.56 0.00 11.12 289.36
2417 6.33 34.45 0.00 13.42 285.95
2418 5.14 20.83 0.00 11.12 286.26
2419 4.11 8.06 0.00 13.42 281.18
2420 3.44 4.58 0.00 13.42 280.90
2421 2.78 0.00 0.00 11.92 276.56
2422 2.11 0.00 0.00 10.62 274.37
2423 1.45 0.00 0.00 8.42 273.00
2424 0.79 0.00 0.00 7.91 266.56
2425 -0.21 0.00 0.00 7.01 262.93
2426 -1.24 0.00 0.00 7.01 261.42
2427 -2.30 0.00 0.00 9.32 255.90
2428 -2.86 0.00 0.00 9.32 251.47
2429 -3.41 0.00 0.00 6.81 246.79
2430 -3.79 1.89 0.00 7.51 243.95
2431 -2.60 43.93 71.09 6.51 241.71
2432 -0.84 172.08 329.68 6.81 236.81
2433 0.49 259.80 237.39 7.21 243.27
2434 3.19 558.18 785.18 6.51 229.87
2435 5.49 685.15 967.04 6.81 232.12
2436 7.39 767.94 993.23 8.42 231.44
2437 8.86 799.98 802.09 7.51 228.13
2438 8.00 332.11 65.42 6.81 248.80
2439 7.01 266.84 23.44 7.51 250.49
2440 6.56 345.35 159.09 9.32 245.87
2441 6.09 320.23 372.91 8.82 238.35
2442 5.26 211.74 377.48 7.21 239.65
2443 3.95 43.97 0.00 9.32 254.32
2444 2.99 6.10 0.00 10.12 254.82
2445 2.03 0.00 0.00 9.32 257.10
2446 1.07 0.00 0.00 8.82 250.53
2447 0.11 0.00 0.00 8.42 252.42
2448 -0.84 0.00 0.00 7.91 245.75
2449 -1.62 0.00 0.00 7.91 248.66
2450 -2.48 0.00 0.00 6.51 246.57
2451 -3.34 0.00 0.00 6.31 244.62
2452 -3.82 0.00 0.00 4.51 242.62
2453 -4.29 0.00 0.00 3.21 241.45
2454 -4.63 2.08 0.00 3.21 237.14
2455 -2.40 71.32 353.40 5.01 241.18
2456 -0.26 209.54 601.62 4.31 239.65
2457 2.07 368.83 756.83 3.01 243.48
2458 4.35 514.16 842.97 2.50 236.93
2459 6.33 615.62 836.14 2.81 235.29
2460 7.89 669.83 785.23 3.01 237.26
2461 9.14 694.73 780.61 2.81 242.58
2462 9.97 674.08 771.60 4.11 244.63
2463 10.35 607.39 749.73 4.71 245.15
2464 10.31 504.85 724.83 5.31 245.66
2465 9.61 369.30 637.60 7.01 248.36
2466 8.29 213.11 462.21 6.11 255.66
2467 6.65 82.80 246.82 5.71 257.74
2468 5.22 6.49 0.00 5.01 256.20
2469 3.79 0.00 0.00 5.01 259.08
2470 2.36 0.00 0.00 6.11 258.45
2471 0.92 0.00 0.00 5.51 253.63
2472 -0.49 0.00 0.00 8.42 246.81
2473 -1.54 0.00 0.00 7.51 246.94
2474 -2.73 0.00 0.00 6.51 246.00
2475 -3.92 0.00 0.00 6.31 240.83
2476 -4.58 0.00 0.00 5.71 239.43
2477 -5.24 0.00 0.00 5.51 240.41
2478 -5.72 2.76 0.00 3.91 237.89
2479 -3.50 73.81 341.79 3.61 246.38
2480 -1.52 205.94 537.31 3.01 242.59
2481 0.57 353.11 650.84 3.01 242.56
2482 2.59 485.84 709.70 3.01 236.46
2483 4.34 582.24 693.60 3.01 240.26
2484 5.82 648.66 691.58 3.21 243.08
2485 7.00 686.13 733.12 4.71 244.90
2486 7.75 662.69 714.45 5.01 245.54
2487 8.11 599.42 704.05 5.01 248.87
2488 8.03 493.83 652.27 4.91 247.92
2489 7.46 383.76 694.94 4.31 244.14
2490 6.29 233.13 564.56 3.21 244.29
2491 4.70 93.24 370.64 2.81 249.07
2492 3.52 7.64 0.00 3.21 246.64
2493 2.33 0.00 0.00 2.50 252.16
2494 1.14 0.00 0.00 2.10 248.81
2495 -0.05 0.00 0.00 3.01 247.47
2496 -1.24 0.00 0.00 2.81 241.66
2497 -1.83 0.00 0.00 2.81 241.02
2498 -2.51 0.00 0.00 1.50 239.60
2499 -3.19 0.00 0.00 2.81 237.17
2500 -3.58 0.00 0.00 3.41 234.70
2501 -3.96 0.00 0.00 2.81 232.81
2502 -4.24 3.83 0.00 2.50 233.57
2503 -1.58 81.95 392.59 2.10 240.03
2504 0.67 224.63 631.09 3.21 243.37
2505 3.03 377.25 752.07 2.81 243.90
2506 5.28 512.83 799.31 3.21 240.94
2507 7.32 623.62 828.72 4.11 238.10
2508 8.97 681.28 791.91 4.51 239.95
2509 10.33 719.19 833.41 4.31 239.90
2510 11.21 691.60 802.78 4.31 237.85
2511 11.61 620.04 765.40 4.71 242.49
2512 11.59 520.92 757.58 3.91 246.35
2513 10.89 386.62 694.29 3.41 247.79
2514 9.60 239.07 581.31 3.91 249.55
2515 7.88 98.64 398.21 3.21 254.86
2516 6.57 8.76 0.00 2.10 252.02
2517 5.25 0.00 0.00 2.30 257.23
2518 3.93 0.00 0.00 1.60 256.73
2519 2.61 0.00 0.00 2.50 254.07
2520 1.29 0.00 0.00 2.30 251.78
2521 0.36 0.00 0.00 2.30 249.72
2522 -0.65 0.00 0.00 1.90 248.12
2523 -1.71 0.00 0.00 2.50 244.40
2524 -2.29 0.00 0.00 4.11 241.49
2525 -2.87 0.00 0.00 2.30 242.17
2526 -3.30 4.69 0.00 3.01 239.92
2527 -0.64 85.24 374.60 1.60 245.35
2528 1.38 220.93 581.88 2.50 246.14
2529 3.59 372.55 705.10 2.30 247.24
2530 5.74 511.65 775.32 3.01 242.78
2531 7.66 622.30 806.42 3.61 239.75
2532 9.33 691.56 811.49 3.61 240.60
2533 10.59 714.39 801.66 4.11 239.89
2534 11.40 686.44 769.09 4.31 244.02
2535 11.79 625.81 771.34 4.51 242.41
2536 11.75 523.71 752.80 2.50 246.64
2537 11.06 389.74 691.34 1.60 248.77
2538 9.79 240.66 577.79 2.50 249.99
2539 8.12 103.96 422.17 2.50 252.53
2540 6.36 9.77 0.00 2.10 251.16
2541 4.98 0.00 0.00 1.30 253.62
2542 3.61 0.00 0.00 2.50 249.02
2543 2.23 0.00 0.00 3.41 249.09
2544 0.86 0.00 0.00 5.21 244.53
2545 -0.01 0.00 0.00 4.71 242.92
2546 -0.98 0.00 0.00 5.31 240.67
2547 -1.98 0.00 0.00 4.91 239.51
2548 -2.54 0.00 0.00 3.91 234.75
2549 -3.10 0.00 0.00 2.81 232.91
2550 -3.50 6.38 0.00 2.81 230.67
2551 -0.87 82.14 310.58 2.50 240.02
2552 0.51 173.95 210.47 1.60 244.80
2553 2.38 309.52 363.99 1.60 248.68
2554 4.41 450.73 495.28 1.00 239.26
2555 6.07 523.98 402.07 2.30 239.73
2556 8.35 748.06 810.60 3.41 235.45
2557 9.98 746.85 821.13 3.61 243.13
2558 11.32 780.73 889.62 3.01 240.34
2559 11.83 644.89 764.69 3.01 246.72
2560 11.82 525.80 694.73 3.01 249.68
2561 11.42 442.00 786.84 2.30 247.75
2562 10.38 297.78 775.27 3.21 249.00
2563 8.74 127.93 545.95 3.21 254.00
2564 6.91 15.49 0.00 2.81 251.90
2565 6.01 0.00 0.00 3.21 259.64
2566 5.10 0.00 0.00 2.10 259.51
2567 4.20 0.00 0.00 2.30 255.87
2568 3.30 0.00 0.00 3.61 257.45
2569 2.93 0.00 0.00 3.91 253.76
2570 2.48 0.00 0.00 2.50 255.29
2571 2.03 0.00 0.00 3.41 252.96
2572 1.77 0.00 0.00 4.11 251.92
2573 1.51 0.00 0.00 2.50 256.50
2574 1.32 6.98 0.00 3.41 257.39
2575 4.50 97.02 433.86 4.31 265.29
2576 6.90 244.14 663.68 5.21 264.84
2577 9.47 404.42 807.41 5.91 267.06
2578 11.96 547.28 868.59 7.21 259.74
2579 14.21 661.11 898.80 7.51 262.78
2580 16.10 734.62 912.76 7.01 269.63
2581 17.56 758.97 909.83 5.71 272.13
2582 18.56 743.38 918.81 4.91 270.80
2583 19.06 674.20 902.01 5.91 270.65
2584 19.07 565.09 874.05 5.01 273.02
2585 18.35 421.39 802.77 3.91 277.23
2586 16.98 264.76 678.52 3.61 277.99
2587 15.13 114.44 471.30 3.01 279.51
2588 13.10 12.29 0.00 2.50 275.37
2589 12.02 0.00 0.00 1.60 286.98
2590 10.94 0.00 0.00 2.10 288.29
2591 9.86 0.00 0.00 2.81 286.26
2592 8.78 0.00 0.00 3.61 284.04
2593 8.05 0.00 0.00 5.01 283.20
2594 7.32 0.00 0.00 5.31 283.29
2595 6.57 0.00 0.00 5.91 284.68
2596 6.18 0.00 0.00 5.71 284.43
2597 5.79 0.00 0.00 5.71 284.15
2598 5.51 8.58 0.00 6.51 289.67
2599 7.67 77.63 201.80 6.81 293.80
2600 9.96 236.68 480.97 6.11 287.53
2601 11.90 360.55 572.11 7.91 291.02
2602 13.67 472.81 562.90 8.42 289.01
2603 15.12 540.22 449.06 8.82 295.04
2604 16.70 670.96 617.17 8.42 293.84
2605 17.64 626.95 479.09 9.32 297.84
2606 18.12 567.69 354.84 7.51 299.77
2607 18.53 584.50 511.93 6.51 296.04
2608 17.65 289.93 94.29 5.91 312.24
2609 16.54 205.05 34.21 4.51 312.16
2610 15.08 80.19 0.00 4.91 318.91
2611 13.61 16.04 0.00 3.91 323.86
2612 12.30 6.25 0.00 4.51 316.80
2613 11.27 0.00 0.00 3.61 318.20
2614 10.25 0.00 0.00 4.31 311.69
2615 9.23 0.00 0.00 4.31 307.12
2616 8.20 0.00 0.00 4.71 299.01
2617 7.40 0.00 0.00 4.31 296.36
2618 6.49 0.00 0.00 3.01 293.65
2619 5.58 0.00 0.00 5.71 291.12
2620 5.07 0.00 0.00 7.21 287.24
2621 4.57 0.00 0.00 6.31 283.97
2622 4.21 10.17 0.00 5.71 280.57
2623 7.56 107.13 434.61 5.71 286.32
2624 9.94 258.64 670.03 6.81 283.80
2625 12.46 421.33 816.74 7.51 284.96
2626 14.86 566.16 886.39 7.51 282.36
2627 16.99 676.75 913.68 10.62 286.01
2628 18.76 746.56 919.29 7.51 290.17
2629 20.12 771.73 919.23 6.51 293.05
2630 21.00 744.32 900.61 7.21 293.30
2631 21.41 673.84 878.74 5.91 294.44
2632 21.34 559.61 830.35 5.91 295.99
2633 20.56 418.03 748.78 5.51 294.74
2634 19.15 259.45 611.36 5.91 294.56
2635 17.31 112.15 373.61 4.51 297.00
2636 15.34 14.71 0.00 4.11 290.78
2637 13.51 0.00 0.00 5.01 297.00
2638 11.68 0.00 0.00 5.01 297.90
2639 9.85 0.00 0.00 5.21 292.70
2640 8.03 0.00 0.00 4.91 292.74
2641 6.44 0.00 0.00 5.01 289.38
2642 4.70 0.00 0.00 4.51 285.06
2643 3.77 0.00 0.00 5.21 283.08
2644 2.83 0.00 0.00 4.51 279.70
2645 2.16 0.00 0.00 2.30 279.21
2646 2.31 8.68 0.00 2.50 283.75
2647 3.13 67.28 74.68 3.01 285.26
2648 4.66 190.64 180.86 2.50 283.70
2649 6.37 314.36 274.46 3.21 280.98
2650 6.29 153.42 0.00 3.01 297.79
2651 7.22 341.31 57.00 3.61 289.90
2652 7.93 363.39 34.98 3.61 290.88
2653 8.72 427.24 99.56 4.51 291.69
2654 9.81 563.40 295.36 4.31 285.60
2655 11.00 668.53 750.07 4.31 278.42
2656 11.52 525.25 670.48 4.71 281.98
2657 11.60 409.66 655.90 5.21 284.56
2658 11.38 317.13 733.17 4.91 278.39
2659 10.52 156.20 627.53 4.91 280.12
2660 9.24 22.98 54.27 4.51 277.54
2661 8.05 0.00 0.00 3.21 282.21
2662 6.89 0.00 0.00 4.11 282.74
2663 5.72 0.00 0.00 3.41 284.70
2664 4.55 0.00 0.00 2.81 282.12
2665 4.14 0.00 0.00 3.61 283.99
2666 3.77 0.00 0.00 3.41 287.63
2667 3.60 0.00 0.00 4.11 290.96
2668 3.44 0.00 0.00 4.31 295.37
2669 3.34 0.00 0.00 3.61 298.24
2670 3.50 4.24 0.00 3.61 301.74
2671 3.88 27.43 0.00 4.71 304.96
2672 4.50 74.62 0.00 5.21 304.69
2673 6.15 254.22 134.84 6.11 288.46
2674 9.58 662.65 749.22 5.01 268.01
2675 12.15 710.26 767.43 2.30 270.76
2676 12.80 430.96 122.86 1.90 293.52
2677 12.67 263.99 19.34 1.60 303.82
2678 13.68 593.80 350.03 1.00 285.41
2679 13.80 361.60 86.08 1.20 297.45
2680 12.55 61.23 0.00 0.80 315.67
2681 11.30 39.48 0.00 1.30 328.02
2682 10.43 25.54 0.00 1.30 335.16
2683 9.52 11.85 0.00 2.10 330.54
2684 8.71 1.90 0.00 3.91 323.74
2685 7.62 0.00 0.00 1.20 315.46
2686 6.57 0.00 0.00 1.20 307.56
2687 5.50 0.00 0.00 2.30 299.65
2688 4.43 0.00 0.00 2.10 291.86
2689 3.14 0.00 0.00 0.40 283.02
2690 1.70 0.00 0.00 0.30 276.43
2691 0.91 0.00 0.00 0.20 272.18
2692 0.11 0.00 0.00 0.30 264.94
2693 -0.45 0.00 0.00 0.70 258.85
2694 -0.16 13.91 0.00 0.80 258.12
2695 1.22 106.22 340.75 1.00 261.06
2696 3.19 252.71 586.40 0.90 260.23
2697 5.41 410.96 689.04 2.10 256.12
2698 7.94 602.24 839.05 1.90 252.79
2699 10.23 710.33 765.48 2.81 256.50
2700 10.33 402.64 90.82 1.90 278.23
2701 10.85 516.72 202.62 1.60 271.00
2702 11.47 581.45 355.79 1.20 267.43
2703 11.72 519.95 337.11 1.60 269.01
2704 11.67 446.61 359.06 2.10 274.87
2705 11.19 346.21 361.70 3.41 274.93
2706 10.22 225.23 318.13 3.61 277.51
2707 8.88 107.95 288.60 2.50 278.74
2708 7.39 17.73 0.00 2.10 280.46
2709 6.18 0.00 0.00 2.50 284.87
2710 4.98 0.00 0.00 2.50 286.06
2711 3.77 0.00 0.00 1.90 284.91
2712 2.56 0.00 0.00 2.10 282.37
2713 2.20 0.00 0.00 2.81 280.52
2714 1.85 0.00 0.00 2.10 282.33
2715 1.68 0.00 0.00 3.91 281.48
2716 1.51 0.00 0.00 4.71 282.66
2717 1.40 0.00 0.00 4.31 282.24
2718 1.35 6.68 0.00 4.31 289.75
2719 1.75 11.22 0.00 5.01 290.15
2720 2.58 76.82 0.00 5.21 286.62
2721 3.49 130.05 0.00 5.91 288.49
2722 4.68 217.21 10.28 5.91 283.76
2723 5.83 282.39 17.68 6.51 294.76
2724 7.22 378.77 40.46 6.11 281.18
2725 8.33 398.57 47.04 6.11 279.78
2726 9.20 395.75 62.84 5.51 281.13
2727 9.82 374.66 84.56 5.31 283.22
2728 10.11 334.59 104.84 6.11 296.53
2729 10.37 288.52 155.58 6.31 281.79
2730 9.85 132.06 17.86 6.11 283.98
2731 9.13 72.89 28.49 5.31 284.88
2732 8.27 14.59 0.00 5.91 285.54
2733 6.95 0.00 0.00 7.01 289.07
2734 5.62 0.00 0.00 5.71 282.99
2735 4.29 0.00 0.00 5.31 279.63
2736 2.97 0.00 0.00 4.71 275.23
2737 1.58 0.00 0.00 3.41 273.82
2738 0.05 0.00 0.00 3.41 269.15
2739 -0.76 0.00 0.00 4.11 265.89
2740 -1.61 0.00 0.00 3.61 260.76
2741 -2.22 0.00 0.00 3.41 256.89
2742 -1.72 18.46 0.00 3.21 257.30
2743 -0.32 109.79 337.75 2.81 260.66
2744 1.43 232.68 415.51 3.41 260.33
2745 3.49 382.48 554.07 2.81 260.47
2746 5.60 521.03 658.32 2.30 261.73
2747 7.55 625.48 670.21 3.41 262.94
2748 9.31 707.90 731.36 4.31 264.97
2749 10.70 726.80 713.79 3.91 263.28
2750 11.60 688.52 637.52 4.51 266.89
2751 12.04 612.80 613.30 5.01 268.79
2752 12.02 500.71 538.27 5.31 271.35
2753 11.56 399.54 557.25 4.11 273.17
2754 10.53 261.26 469.87 3.91 273.08
2755 9.07 128.18 421.63 3.41 275.67
2756 7.41 23.34 54.97 2.81 273.92
2757 5.87 0.00 0.00 3.91 273.18
2758 4.33 0.00 0.00 3.91 265.85
2759 2.78 0.00 0.00 1.60 262.70
2760 1.24 0.00 0.00 2.10 258.92
2761 0.45 0.00 0.00 1.90 260.25
2762 -0.42 0.00 0.00 3.21 256.87
2763 -0.93 0.00 0.00 3.61 255.06
2764 -1.44 0.00 0.00 3.91 251.52
2765 -1.81 0.00 0.00 3.91 249.52
2766 -1.22 18.25 0.00 3.91 251.16
2767 0.61 122.87 418.14 4.11 256.44
2768 2.92 267.03 597.52 3.41 258.94
2769 5.05 378.34 495.87 3.91 260.69
2770 7.42 531.54 626.77 3.21 261.48
2771 9.42 601.77 568.65 3.41 268.08
2772 10.90 614.67 406.14 2.50 271.74
2773 12.75 775.08 766.26 3.41 267.75
2774 14.52 859.58 949.05 3.41 263.72
2775 15.63 786.17 991.30 2.81 266.88
2776 16.12 667.85 967.28 3.21 271.63
2777 16.03 513.99 921.08 1.60 275.14
2778 15.08 339.04 821.25 0.90 277.81
2779 13.46 165.45 642.04 1.00 280.84
2780 11.49 34.12 222.57 1.60 281.61
2781 10.13 0.00 0.00 1.20 288.01
2782 8.78 0.00 0.00 1.60 285.24
2783 7.45 0.00 0.00 1.60 283.66
2784 6.12 0.00 0.00 0.80 283.13
2785 5.34 0.00 0.00 0.30 279.08
2786 4.50 0.00 0.00 0.60 280.63
2787 4.06 0.00 0.00 0.40 279.12
2788 3.61 0.00 0.00 0.30 278.48
2789 3.30 0.00 0.00 0.70 284.14
2790 3.72 15.12 0.00 0.30 289.64
2791 4.74 82.49 73.55 0.10 294.45
2792 6.47 217.35 273.82 0.10 290.80
2793 8.76 400.58 539.42 0.40 284.01
2794 11.44 599.76 768.27 1.90 278.72
2795 13.48 651.47 681.36 1.60 281.97
2796 15.44 763.30 780.07 1.90 278.11
2797 16.20 590.30 318.07 2.50 287.41
2798 16.77 589.44 329.42 2.30 288.67
2799 16.18 335.70 43.04 1.30 303.86
2800 15.48 296.90 37.17 1.60 303.05
2801 14.53 217.76 23.76 1.60 303.20
2802 13.54 177.25 106.06 2.10 298.57
2803 12.15 39.23 0.00 2.50 314.78
2804 10.86 19.76 0.00 4.31 311.64
2805 10.07 0.00 0.00 4.91 314.91
2806 9.28 0.00 0.00 5.31 310.29
2807 8.49 0.00 0.00 5.31 312.90
2808 7.70 0.00 0.00 6.11 311.14
2809 7.01 0.00 0.00 6.31 311.80
2810 6.62 0.00 0.00 7.51 308.54
2811 5.49 0.00 0.00 7.51 310.71
2812 5.87 0.00 0.00 8.42 312.60
2813 5.99 0.00 0.00 7.91 312.77
2814 6.49 14.10 0.00 7.51 313.07
2815 7.14 50.81 0.00 7.01 309.63
2816 7.81 90.17 0.00 6.31 311.96
2817 9.04 185.48 14.31 6.11 313.34
2818 9.74 181.27 3.96 5.21 320.96
2819 9.41 64.53 0.00 5.21 328.66
2820 10.01 211.11 14.47 4.91 323.45
2821 11.35 397.15 85.44 5.01 320.31
2822 11.41 164.15 2.00 4.71 320.76
2823 11.11 107.89 0.00 3.91 335.47
2824 11.09 257.77 42.32 4.31 325.92
2825 11.93 284.95 129.81 3.91 320.42
2826 12.07 229.53 270.28 2.81 304.75
2827 11.94 152.33 357.10 2.50 286.82
2828 11.24 26.37 51.96 3.01 298.04
2829 9.80 0.00 0.00 2.81 300.30
2830 8.56 0.00 0.00 2.10 293.32
2831 7.37 0.00 0.00 2.50 286.70
2832 6.20 0.00 0.00 3.01 283.10
2833 5.17 0.00 0.00 1.60 282.08
2834 4.01 0.00 0.00 2.30 276.30
2835 3.37 0.00 0.00 2.30 274.41
2836 2.73 0.00 0.00 0.90 269.61
2837 2.26 0.00 0.00 0.70 264.77
2838 2.95 24.20 39.03 1.00 266.94
2839 5.33 171.16 517.03 1.60 272.71
2840 7.38 289.76 546.56 1.20 284.88
2841 8.96 361.07 352.16 2.30 279.94
2842 11.13 542.51 545.68 2.30 268.71
2843 11.49 361.50 93.65 3.01 284.15
2844 11.75 370.12 31.27 2.10 289.18
2845 11.94 376.91 32.93 3.41 286.50
2846 12.19 410.06 79.41 3.21 281.97
2847 12.99 590.54 434.69 2.30 270.22
2848 13.73 622.66 728.99 1.90 265.26
2849 13.45 344.90 260.47 2.10 279.20
2850 12.52 196.37 111.95 1.90 279.72
2851 11.32 104.87 112.12 1.50 276.93
2852 9.95 27.75 79.10 2.30 273.45
2853 8.56 0.00 0.00 2.30 285.26
2854 7.31 0.00 0.00 1.50 296.25
2855 6.00 0.00 0.00 0.80 297.08
2856 4.69 0.00 0.00 0.60 290.80
2857 4.10 0.00 0.00 1.50 288.33
2858 3.47 0.00 0.00 2.30 285.70
2859 3.14 0.00 0.00 2.50 284.63
2860 2.81 0.00 0.00 2.30 283.57
2861 2.58 0.00 0.00 3.41 283.03
2862 3.08 16.28 0.00 4.51 286.31
2863 3.79 62.39 0.00 4.11 288.12
2864 5.05 162.40 61.72 4.31 288.41
2865 5.93 188.02 10.11 3.41 281.19
2866 6.91 264.81 22.74 4.31 269.88
2867 7.61 356.74 40.95 3.91 281.67
2868 9.23 433.67 91.57 4.31 271.77
2869 9.88 393.13 46.34 2.30 289.42
2870 9.96 284.83 15.16 1.30 308.54
2871 10.43 348.70 47.28 0.90 290.93
2872 10.64 332.93 95.01 0.70 278.51
2873 10.08 150.95 0.00 1.20 301.26
2874 9.34 81.05 0.00 1.50 294.75
2875 8.42 13.93 0.00 1.50 302.49
2876 7.62 9.78 0.00 0.80 297.22
2877 6.50 0.00 0.00 0.70 298.83
2878 5.39 0.00 0.00 1.60 297.50
2879 4.28 0.00 0.00 2.30 292.50
2880 3.17 0.00 0.00 0.60 289.34
2881 1.85 0.00 0.00 1.10 283.31
2882 0.59 0.00 0.00 1.50 285.29
2883 0.63 0.00 0.00 2.10 284.83
2884 0.14 0.00 0.00 1.90 281.27
2885 -0.12 0.00 0.00 1.80 280.54
2886 0.03 5.85 0.00 1.90 280.37
2887 0.62 55.49 0.00 1.50 278.31
2888 0.61 27.29 0.00 2.00 286.99
2889 0.69 40.83 0.00 2.30 288.80
2890 0.79 52.77 0.00 2.70 289.47
2891 2.31 422.27 136.04 2.30 271.19
2892 4.10 631.03 384.72 3.40 261.56
2893 6.41 962.73 841.45 3.40 249.24
2894 7.80 809.77 773.07 3.40 256.12
2895 7.89 367.09 155.60 5.30 275.48
2896 6.89 53.54 0.00 5.60 292.05
2897 5.93 41.75 0.00 5.60 303.94
2898 5.22 28.28 0.00 7.20 305.39
2899 4.51 14.69 0.00 7.20 290.94
2900 3.86 3.40 0.00 10.00 281.55
2901 3.35 0.00 0.00 8.60 281.14
2902 2.83 0.00 0.00 7.20 279.00
2903 2.31 0.00 0.00 6.40 275.30
2904 1.79 0.00 0.00 8.60 271.13
2905 1.20 0.00 0.00 7.20 269.86
2906 0.54 0.00 0.00 7.20 263.91
2907 0.17 0.00 0.00 9.50 261.55
2908 -0.19 0.00 0.00 7.50 258.03
2909 -0.46 0.00 0.00 5.60 252.55
2910 0.52 32.34 136.85 5.60 256.23
2911 2.46 155.83 532.05 6.20 258.78
2912 4.70 306.59 691.92 5.30 256.59
2913 7.04 459.65 784.81 5.30 252.65
2914 9.28 590.34 807.19 6.90 255.68
2915 11.36 695.58 823.53 6.90 253.50
2916 13.14 762.87 831.10 6.90 251.36
2917 14.52 777.04 801.38 7.20 259.28
2918 15.52 760.70 816.80 7.50 260.87
2919 16.10 700.86 827.18 8.60 261.20
2920 16.26 601.44 826.33 11.20 256.16
2921 15.89 469.16 796.50 12.40 256.05
2922 14.89 314.11 696.54 12.10 255.60
2923 13.40 161.02 525.46 11.00 258.58
2924 11.62 35.25 168.73 10.00 253.05
2925 9.62 0.00 0.00 7.50 255.85
2926 7.63 0.00 0.00 9.50 255.66
2927 5.70 0.00 0.00 10.80 249.81
2928 3.75 0.00 0.00 11.80 247.51
2929 2.21 0.00 0.00 11.40 245.60
2930 0.50 0.00 0.00 10.50 240.52
2931 -0.44 0.00 0.00 12.70 238.78
2932 -1.38 0.00 0.00 10.50 237.95
2933 -2.08 0.00 0.00 8.60 236.11
2934 -1.20 34.52 155.94 8.90 233.96
2935 0.66 171.64 632.53 10.50 238.22
2936 2.74 329.10 782.36 8.10 243.42
2937 4.87 486.42 865.84 10.00 239.19
2938 6.90 622.94 897.07 8.10 238.26
2939 8.73 729.81 911.33 7.70 240.67
2940 10.29 793.32 906.92 9.50 240.62
2941 11.50 813.21 898.49 7.50 244.09
2942 12.32 792.38 899.67 6.60 242.83
2943 12.74 726.82 894.68 6.40 241.73
2944 12.76 619.44 873.53 7.20 237.51
2945 12.27 484.16 840.27 6.20 236.04
2946 11.21 330.77 764.97 6.20 241.93
2947 9.71 176.47 631.69 6.20 245.00
2948 7.90 36.83 167.65 6.00 243.25
2949 6.38 0.00 0.00 7.20 248.52
2950 4.86 0.00 0.00 6.00 247.93
2951 3.34 0.00 0.00 6.20 246.95
2952 1.82 0.00 0.00 3.90 240.64
2953 1.27 0.00 0.00 4.10 238.90
2954 0.62 0.00 0.00 4.50 238.61
2955 0.25 0.00 0.00 5.60 239.09
2956 -0.13 0.00 0.00 6.20 242.11
2957 -0.41 0.00 0.00 6.00 239.62
2958 0.70 36.76 175.56 6.90 241.81
2959 3.05 184.43 668.94 6.40 247.01
2960 5.58 348.25 822.86 5.00 249.28
2961 8.12 509.45 906.74 5.00 248.61
2962 10.59 649.21 940.56 5.60 250.08
2963 12.84 762.13 961.99 5.80 250.66
2964 14.76 833.01 970.76 6.40 249.97
2965 16.28 856.37 971.25 8.10 249.57
2966 17.35 835.80 971.88 8.10 251.61
2967 17.96 767.01 963.78 8.10 250.23
2968 18.11 660.35 949.01 6.90 254.44
2969 17.69 519.29 912.87 6.90 257.85
2970 16.60 358.30 831.52 6.90 256.24
2971 14.97 193.13 683.81 6.90 260.57
2972 13.02 55.29 432.43 6.00 262.87
2973 11.38 0.00 0.00 5.00 272.09
2974 9.75 0.00 0.00 5.00 272.93
2975 8.12 0.00 0.00 5.80 269.94
2976 6.53 0.00 0.00 5.60 264.85
2977 5.51 0.00 0.00 4.10 258.85
2978 4.36 0.00 0.00 2.70 255.13
2979 3.74 0.00 0.00 4.30 255.99
2980 3.11 0.00 0.00 4.70 255.30
2981 2.65 0.00 0.00 3.70 262.22
2982 4.06 48.24 304.41 3.70 266.57
2983 5.87 170.88 576.20 4.50 267.76
2984 7.96 321.28 713.92 3.10 268.95
2985 10.12 463.63 755.94 4.30 266.55
2986 12.19 590.59 768.12 4.70 267.92
2987 14.07 691.45 773.06 5.60 267.35
2988 15.64 747.60 744.73 7.20 268.78
2989 16.79 750.26 676.28 7.70 268.82
2990 17.58 725.25 662.88 6.90 267.68
2991 18.01 672.53 694.08 7.50 271.02
2992 18.05 572.56 683.24 8.10 269.12
2993 17.62 454.40 693.98 9.50 270.41
2994 16.68 319.81 679.68 10.50 269.30
2995 15.28 175.67 585.46 7.20 268.65
2996 13.61 52.34 317.09 6.90 265.34
2997 11.35 0.00 0.00 6.60 270.75
2998 9.08 0.00 0.00 5.60 266.10
2999 6.84 0.00 0.00 6.00 259.10
3000 4.63 0.00 0.00 5.00 252.35
3001 3.05 0.00 0.00 4.10 252.20
3002 1.28 0.00 0.00 4.50 246.94
3003 0.30 0.00 0.00 5.00 242.61
3004 -0.65 0.00 0.00 4.70 240.59
3005 -1.39 0.00 0.00 4.30 234.63
3006 0.22 59.35 473.01 3.40 235.44
3007 2.25 204.90 696.58 3.40 238.45
3008 4.57 379.02 843.44 4.50 245.09
3009 6.93 549.25 929.60 4.10 242.30
3010 9.20 697.29 969.66 3.70 242.99
3011 11.26 812.44 991.33 3.10 245.71
3012 12.99 883.67 1001.69 4.50 249.87
3013 14.34 907.24 1004.27 2.10 251.36
3014 15.26 883.74 1001.40 2.10 254.12
3015 15.73 811.77 990.75 2.90 254.03
3016 15.76 697.31 969.32 2.90 257.05
3017 15.22 548.51 929.43 3.40 257.25
3018 14.04 379.64 845.74 2.70 258.27
3019 12.36 207.78 702.90 1.90 262.10
3020 10.36 62.77 474.61 1.80 262.29
3021 8.49 0.00 0.00 2.30 268.84
3022 6.67 0.00 0.00 3.70 264.75
3023 4.85 0.00 0.00 5.00 258.21
3024 3.03 0.00 0.00 6.60 254.97
3025 2.28 0.00 0.00 5.30 249.20
3026 1.44 0.00 0.00 3.70 247.84
3027 0.97 0.00 0.00 3.10 249.99
3028 0.50 0.00 0.00 3.70 248.08
3029 0.15 0.00 0.00 3.10 248.07
3030 1.70 50.49 223.40 2.70 253.06
3031 3.53 168.81 506.78 3.70 254.70
3032 5.59 307.60 591.97 5.00 255.45
3033 7.75 453.51 682.36 4.70 248.25
3034 9.87 578.54 696.84 5.30 248.10
3035 11.81 678.21 702.56 5.30 243.97
3036 13.38 723.94 644.61 5.80 245.56
3037 14.67 755.38 673.23 6.60 248.23
3038 15.60 741.86 698.17 6.60 247.89
3039 16.15 688.79 730.54 7.20 247.83
3040 16.31 599.48 761.84 6.60 246.77
3041 15.98 473.24 749.16 6.20 247.20
3042 15.07 332.43 716.16 5.60 245.02
3043 13.70 190.60 605.88 6.00 243.01
3044 12.01 59.89 357.96 5.30 241.51
3045 9.82 0.00 0.00 4.50 246.95
3046 7.64 0.00 0.00 4.10 240.60
3047 5.52 0.00 0.00 4.50 235.87
3048 3.38 0.00 0.00 4.70 229.80
3049 1.78 0.00 0.00 5.30 230.23
3050 -0.06 0.00 0.00 5.80 228.62
3051 -1.09 0.00 0.00 5.60 226.78
3052 -2.15 0.00 0.00 5.00 225.18
3053 -2.93 0.00 0.00 5.00 224.81
3054 -1.84 58.73 228.32 4.10 234.93
3055 -1.10 145.71 251.39 2.90 237.88
3056 0.97 415.70 712.26 2.30 226.47
3057 2.72 565.79 885.23 2.50 227.73
3058 3.89 614.51 721.47 1.60 234.50
3059 4.28 527.46 265.96 1.90 245.61
3060 4.51 537.54 224.00 1.90 247.55
3061 4.83 608.36 304.24 1.70 245.22
3062 5.02 605.78 350.10 1.70 244.73
3063 5.02 559.60 330.53 1.90 245.46
3064 4.47 372.16 124.98 3.10 253.45
3065 3.44 202.03 14.71 4.70 259.08
3066 2.22 95.66 0.00 5.80 266.54
3067 0.97 31.26 0.00 6.60 272.65
3068 -0.16 24.27 0.00 5.00 270.00
3069 -0.63 0.00 0.00 4.70 270.66
3070 -1.15 0.00 0.00 5.00 265.32
3071 -1.66 0.00 0.00 4.30 263.28
3072 -2.17 0.00 0.00 4.30 257.36
3073 -1.33 0.00 0.00 4.10 259.49
3074 -0.52 0.00 0.00 3.10 264.86
3075 -0.10 0.00 0.00 3.70 264.14
3076 0.31 0.00 0.00 4.30 264.60
3077 0.58 0.00 0.00 3.40 264.39
3078 2.32 42.55 143.72 3.40 264.14
3079 4.63 155.76 335.10 3.40 259.30
3080 7.14 284.00 390.98 2.90 258.39
3081 8.21 266.03 72.43 2.30 271.46
3082 9.04 290.35 57.34 2.70 289.17
3083 8.31 97.77 0.00 2.30 290.74
3084 9.70 421.79 91.12 3.40 274.50
3085 9.56 200.10 3.85 2.50 300.39
3086 9.17 131.44 0.00 3.10 289.05
3087 9.73 342.96 59.99 3.90 276.53
3088 11.01 561.47 541.60 3.90 260.07
3089 10.59 239.25 49.93 3.40 290.19
3090 10.89 258.57 193.88 2.90 295.61
3091 9.08 42.89 0.00 1.90 325.35
3092 8.68 10.00 0.00 1.90 323.34
3093 7.69 0.71 0.00 1.90 318.39
3094 6.96 0.00 0.00 1.10 309.02
3095 6.01 0.00 0.00 1.40 301.51
3096 5.21 0.00 0.00 2.50 297.74
3097 4.29 0.00 0.00 2.90 290.59
3098 3.28 0.00 0.00 3.10 283.01
3099 2.72 0.00 0.00 3.40 277.91
3100 2.16 0.00 0.00 3.90 272.88
3101 1.76 1.04 0.00 2.30 268.67
3102 3.57 58.20 186.00 1.60 275.81
3103 4.82 140.63 198.17 1.70 281.52
3104 5.84 201.84 82.44 2.50 289.62
3105 6.94 280.18 73.74 1.60 294.92
3106 8.59 435.44 208.91 2.10 279.41
3107 10.07 506.09 181.00 2.70 267.99
3108 11.41 571.63 267.60 2.90 262.21
3109 12.62 626.24 321.39 2.90 260.83
3110 14.16 793.21 752.80 3.40 252.18
3111 15.32 777.91 810.37 3.40 248.87
3112 15.61 566.20 567.88 4.50 256.80
3113 15.57 472.98 663.66 5.00 257.82
3114 15.10 370.71 751.00 4.10 255.87
3115 14.08 221.89 711.06 2.90 260.56
3116 12.62 74.17 445.69 2.30 262.75
3117 10.97 1.80 0.00 3.70 261.61
3118 9.32 0.00 0.00 3.40 269.03
3119 7.66 0.00 0.00 3.10 268.89
3120 6.06 0.00 0.00 4.30 265.78
3121 5.02 0.00 0.00 2.90 261.23
3122 3.83 0.00 0.00 4.10 260.61
3123 3.16 0.00 0.00 4.10 262.29
3124 2.50 0.00 0.00 3.40 263.16
3125 2.01 1.32 0.00 3.90 265.13
3126 3.64 56.13 263.63 2.70 265.90
3127 5.33 172.68 457.02 3.10 265.84
3128 7.33 317.31 556.92 4.10 262.78
3129 9.39 458.54 649.87 3.70 260.02
3130 11.42 588.05 686.26 2.70 261.88
3131 13.28 691.51 707.54 2.90 259.60
3132 14.83 748.57 686.79 3.40 258.55
3133 16.03 768.03 677.86 2.70 260.70
3134 16.87 749.38 685.93 4.10 266.73
3135 17.33 692.25 703.01 4.10 264.98
3136 17.38 590.74 685.90 3.70 267.91
3137 16.94 466.71 671.73 4.70 271.19
3138 15.97 328.63 626.14 4.70 270.29
3139 14.54 182.95 514.09 3.70 276.98
3140 12.85 62.13 308.60 2.10 276.79
3141 11.25 1.70 0.00 2.30 278.32
3142 9.66 0.00 0.00 2.00 283.38
3143 8.06 0.00 0.00 1.90 279.29
3144 6.51 0.00 0.00 1.40 273.09
3145 5.75 0.00 0.00 0.90 270.82
3146 4.87 0.00 0.00 0.80 268.49
3147 4.37 0.00 0.00 1.10 269.42
3148 3.87 0.00 0.00 0.60 269.46
3149 3.49 1.86 0.00 0.20 274.63
3150 5.40 62.88 313.55 0.50 279.84
3151 7.22 183.89 500.61 0.40 278.88
3152 9.38 333.74 659.18 1.10 276.86
3153 11.63 481.13 734.51 1.70 273.52
3154 13.75 606.74 745.15 1.60 277.14
3155 15.71 712.70 772.98 1.90 280.57
3156 17.30 762.26 724.44 2.50 280.71
3157 18.55 782.11 716.41 3.40 283.40
3158 19.40 756.86 702.32 4.70 285.40
3159 19.86 694.24 700.66 5.30 284.88
3160 19.87 583.08 657.32 5.30 287.70
3161 19.35 456.10 624.49 8.10 285.62
3162 18.26 309.66 515.86 8.10 290.08
3163 16.76 169.87 396.90 7.70 293.68
3164 15.01 56.73 225.22 6.90 295.60
3165 13.32 2.12 0.00 8.10 294.26
3166 11.62 0.00 0.00 9.50 297.08
3167 9.93 0.00 0.00 8.10 289.18
3168 8.23 0.00 0.00 8.90 283.83
3169 7.24 0.00 0.00 6.60 281.21
3170 6.11 0.00 0.00 6.40 275.19
3171 5.48 0.00 0.00 6.90 274.93
3172 4.84 0.00 0.00 6.00 273.77
3173 4.38 2.26 0.00 6.00 272.97
3174 6.32 65.12 318.51 6.40 274.85
3175 8.14 188.03 535.29 6.40 273.36
3176 10.26 334.78 648.73 5.00 275.18
3177 12.44 481.24 722.87 6.20 272.66
3178 14.51 606.21 732.60 6.40 269.47
3179 16.38 703.22 729.71 7.70 273.73
3180 18.00 774.15 756.75 7.70 274.26
3181 19.22 783.95 713.95 8.60 274.96
3182 20.06 763.15 715.12 8.90 276.72
3183 20.49 696.91 700.88 9.50 281.57
3184 20.57 611.29 741.93 8.60 281.80
3185 20.13 480.76 708.32 8.90 281.52
3186 19.13 337.80 648.86 8.10 283.82
3187 17.66 189.70 504.61 6.60 286.83
3188 15.93 68.27 330.11 5.00 291.25
3189 13.94 2.67 0.00 5.80 284.44
3190 11.95 0.00 0.00 6.60 285.55
3191 9.95 0.00 0.00 6.20 282.56
3192 7.96 0.00 0.00 6.60 275.06
3193 6.77 0.00 0.00 8.10 272.45
3194 5.37 0.00 0.00 10.00 268.44
3195 4.56 0.00 0.00 7.20 264.72
3196 3.76 0.00 0.00 6.40 264.31
3197 3.15 2.87 0.00 3.70 263.48
3198 5.74 88.24 539.25 3.40 267.77
3199 8.02 245.82 728.03 2.90 265.40
3200 10.59 425.32 863.83 2.70 268.15
3201 13.17 597.47 938.55 3.10 262.10
3202 15.60 747.73 973.88 2.90 263.64
3203 17.76 860.80 994.12 2.90 262.66
3204 19.57 929.26 1004.34 3.10 266.44
3205 20.95 950.31 1007.23 2.90 273.27
3206 21.87 920.03 1003.78 2.50 280.47
3207 22.31 842.06 992.85 2.30 279.06
3208 22.27 719.76 970.15 2.90 284.09
3209 21.60 565.95 930.39 1.70 284.56
3210 20.27 393.82 851.22 1.70 291.49
3211 18.42 220.05 697.10 2.00 294.99
3212 16.26 74.91 399.41 2.50 303.13
3213 14.98 2.70 0.00 3.10 305.49
3214 13.69 0.00 0.00 3.10 313.75
3215 12.41 0.00 0.00 4.70 311.19
3216 11.13 0.00 0.00 4.70 311.13
3217 10.94 0.00 0.00 4.50 318.12
3218 10.83 0.00 0.00 5.30 319.15
3219 10.91 0.00 0.00 5.80 324.22
3220 10.88 0.00 0.00 5.30 325.65
3221 10.53 1.78 0.00 5.60 328.62
3222 12.02 35.00 0.00 6.40 332.23
3223 12.90 87.92 2.73 6.90 336.02
3224 13.21 92.72 0.00 7.50 343.16
3225 13.47 84.22 0.00 6.90 348.22
3226 13.37 58.70 0.00 8.10 350.94
3227 13.87 162.49 1.83 9.50 347.58
3228 15.23 359.24 28.93 8.10 325.97
3229 16.80 493.25 127.98 8.10 315.94
3230 18.08 524.97 183.79 8.90 330.39
3231 18.97 451.98 129.10 9.50 320.00
3232 19.17 294.49 53.09 9.50 317.92
3233 18.31 100.15 0.00 7.70 343.62
3234 17.77 155.79 14.60 6.60 347.64
3235 17.44 70.71 0.00 6.00 365.70
3236 16.70 38.41 11.63 6.20 361.54
3237 15.61 2.18 0.00 4.70 354.97
3238 14.20 0.00 0.00 5.60 349.55
3239 14.85 0.00 0.00 4.50 346.81
3240 14.12 0.00 0.00 3.90 342.45
3241 13.38 0.00 0.00 4.50 341.15
3242 12.60 0.00 0.00 5.30 336.48
3243 12.22 0.00 0.00 5.60 334.07
3244 11.83 0.00 0.00 4.70 331.67
3245 11.58 2.95 0.00 3.10 330.02
3246 12.60 43.47 54.22 3.10 335.52
3247 14.54 209.62 459.45 3.40 323.40
3248 16.56 386.66 806.24 2.70 327.70
3249 18.70 579.32 834.13 3.40 331.32
3250 20.23 632.62 711.00 4.10 338.84
3251 20.86 529.64 239.14 3.90 344.21
3252 21.53 598.13 267.20 3.10 329.51
3253 20.10 131.45 0.00 3.70 338.88
3254 18.71 67.55 0.00 3.70 338.01
3255 17.53 61.63 0.00 5.30 351.02
3256 16.60 74.65 0.00 5.00 362.05
3257 16.04 195.12 32.50 5.00 356.54
3258 16.51 337.40 502.89 5.30 333.61
3259 16.23 192.74 391.23 8.10 324.03
3260 15.55 23.86 0.00 7.50 334.15
3261 14.79 1.69 0.00 5.30 329.96
3262 14.03 0.00 0.00 6.40 331.31
3263 13.27 0.00 0.00 5.80 331.22
3264 12.50 0.00 0.00 5.80 325.67
3265 11.67 0.00 0.00 4.50 324.48
3266 10.82 0.00 0.00 3.90 322.46
3267 10.39 0.00 0.00 3.70 316.56
3268 9.96 0.00 0.00 4.50 319.49
3269 9.68 1.67 0.00 6.40 319.73
3270 10.55 26.77 0.00 7.50 320.95
3271 10.34 17.21 0.00 7.20 334.59
3272 10.46 30.04 0.00 6.40 335.79
3273 11.33 130.19 0.00 6.40 325.01
3274 11.10 53.82 0.00 5.30 341.38
3275 11.38 62.42 0.00 4.70 339.76
3276 12.65 323.08 61.64 2.90 331.98
3277 15.38 755.40 555.06 2.10 303.44
3278 17.06 634.25 342.90 2.00 311.21
3279 18.41 636.60 464.05 2.70 312.92
3280 19.84 745.42 816.30 3.40 305.69
3281 20.31 485.78 596.32 3.40 312.34
3282 20.24 312.23 411.11 2.90 317.04
3283 19.58 162.03 250.78 4.30 319.62
3284 18.55 38.60 2.11 3.40 330.62
3285 17.68 2.61 0.00 3.90 331.37
3286 16.82 0.00 0.00 3.10 333.38
3287 15.95 0.00 0.00 2.90 328.90
3288 15.08 0.00 0.00 3.10 330.09
3289 14.27 0.00 0.00 2.90 321.71
3290 13.38 0.00 0.00 3.10 320.24
3291 12.89 0.00 0.00 4.70 316.36
3292 12.41 0.00 0.00 5.00 316.03
3293 12.06 5.50 0.00 4.50 319.70
3294 14.57 88.79 379.30 3.90 324.48
3295 16.67 237.82 627.75 3.40 324.68
3296 19.04 415.34 722.25 2.50 324.31
3297 20.53 462.34 527.24 2.90 325.32
3298 21.29 444.68 213.65 3.10 336.57
3299 21.76 444.06 116.59 4.70 340.95
3300 22.90 640.04 352.46 4.70 330.33
3301 24.02 720.64 521.51 5.80 325.85
3302 24.69 662.14 388.19 6.00 331.46
3303 23.59 250.98 16.63 6.90 352.91
3304 22.74 266.31 20.16 5.80 343.13
3305 22.46 372.68 241.79 5.60 325.30
3306 21.53 192.56 64.64 4.50 337.89
3307 20.26 64.78 0.00 5.80 349.09
3308 19.17 71.21 136.34 3.90 327.98
3309 17.66 8.13 0.00 2.30 330.29
3310 16.15 0.00 0.00 2.30 332.21
3311 14.64 0.00 0.00 3.70 326.89
3312 13.13 0.00 0.00 2.90 322.79
3313 12.07 0.00 0.00 3.10 318.71
3314 10.87 0.00 0.00 4.30 315.60
3315 10.21 0.00 0.00 5.60 314.34
3316 9.54 0.00 0.00 6.00 311.32
3317 9.06 5.98 0.00 6.00 312.45
3318 11.15 69.22 245.12 4.70 320.15
3319 12.56 165.54 289.12 4.70 317.39
3320 14.38 299.91 387.26 5.80 318.07
3321 16.40 446.85 512.60 4.10 311.34
3322 18.28 560.04 518.47 4.70 313.49
3323 20.07 666.79 574.89 4.50 314.93
3324 21.76 767.83 671.18 3.90 315.48
3325 23.21 818.34 766.48 4.70 316.87
3326 24.16 777.45 670.62 4.70 319.79
3327 24.47 646.37 501.75 5.00 326.98
3328 24.46 562.11 517.17 4.10 325.38
3329 23.96 442.70 481.12 3.70 324.48
3330 22.90 297.90 366.70 4.30 330.79
3331 21.48 167.20 280.19 4.10 329.75
3332 19.85 64.50 156.30 3.40 330.83
3333 18.00 6.47 0.00 3.70 326.68
3334 16.16 0.00 0.00 3.10 325.10
3335 14.31 0.00 0.00 3.70 317.55
3336 12.46 0.00 0.00 3.10 314.65
3337 11.34 0.00 0.00 3.10 314.69
3338 10.05 0.00 0.00 2.90 310.95
3339 9.33 0.00 0.00 3.70 307.79
3340 8.60 0.00 0.00 2.50 304.18
3341 8.07 6.66 0.00 2.10 298.05
3342 10.22 72.27 229.65 1.60 301.88
3343 11.94 189.75 386.94 1.40 304.83
3344 13.86 325.42 512.01 1.10 303.36
3345 15.96 478.55 650.05 2.00 292.95
3346 17.98 606.11 653.82 2.50 294.94
3347 19.87 719.14 727.81 2.10 297.11
3348 21.45 778.89 701.07 2.00 297.78
3349 22.51 757.79 585.81 1.70 302.23
3350 23.26 745.90 642.18 2.30 302.41
3351 23.64 689.71 609.21 2.90 304.78
3352 23.65 594.57 628.87 1.90 304.98
3353 23.06 447.63 491.44 3.10 308.30
3354 22.00 318.14 435.80 3.90 311.50
3355 20.56 187.78 357.41 2.70 312.18
3356 18.86 70.56 194.42 2.50 319.63
3357 17.36 7.00 0.00 2.30 321.20
3358 15.85 0.00 0.00 2.50 323.65
3359 14.34 0.00 0.00 2.70 320.33
3360 12.83 0.00 0.00 3.70 321.58
3361 12.22 0.00 0.00 2.30 315.14
3362 11.59 0.00 0.00 1.80 316.46
3363 11.27 0.00 0.00 2.00 317.64
3364 10.94 0.00 0.00 2.00 318.94
3365 10.71 7.82 0.00 1.40 323.05
3366 13.06 73.16 249.05 1.10 331.42
3367 14.80 182.79 368.40 1.40 330.18
3368 16.65 301.09 375.59 1.90 331.03
3369 18.01 357.48 181.24 1.70 330.62
3370 19.80 508.12 340.52 1.30 327.32
3371 21.51 606.32 377.20 0.80 326.67
3372 23.22 713.28 537.42 0.80 326.20
3373 24.80 789.62 631.53 0.30 325.82
3374 26.08 804.30 743.77 0.20 325.43
3375 27.08 797.81 859.84 1.10 323.04
3376 27.66 716.16 934.09 1.40 322.22
3377 27.74 571.03 864.31 1.10 321.89
3378 27.17 405.39 759.34 0.90 321.45
3379 26.02 237.60 601.68 0.80 323.61
3380 24.50 94.53 369.77 0.50 327.69
3381 22.40 10.65 0.00 0.30 323.64
3382 20.30 0.00 0.00 0.40 328.32
3383 18.20 0.00 0.00 0.90 322.17
3384 16.10 0.00 0.00 1.30 316.49
3385 14.12 0.00 0.00 1.50 312.83
3386 11.95 0.00 0.00 1.10 309.71
3387 10.77 0.00 0.00 1.30 306.78
3388 9.59 0.00 0.00 1.30 301.96
3389 8.74 8.60 0.00 0.80 298.56
3390 11.15 104.73 500.04 0.90 300.52
3391 12.56 234.00 652.12 0.90 301.03
3392 13.97 363.47 650.32 1.50 300.66
3393 15.52 515.37 719.98 1.80 295.67
3394 17.68 778.81 876.53 1.60 289.87
3395 19.56 901.14 797.73 1.80 295.24
3396 19.59 545.17 216.35 2.50 315.38
3397 19.50 523.63 150.66 3.40 315.55
3398 19.13 459.43 96.38 4.10 315.69
3399 18.71 436.65 94.38 4.70 313.08
3400 17.80 298.98 31.43 3.70 318.96
3401 16.66 199.12 6.72 2.10 322.25
3402 15.48 144.12 2.93 2.30 321.71
3403 14.36 115.66 29.45 2.10 316.48
3404 13.15 40.31 0.00 2.00 324.73
3405 11.98 5.44 0.00 1.60 316.57
3406 10.43 0.00 0.00 1.80 312.52
3407 8.88 0.00 0.00 1.40 304.80
3408 7.36 0.00 0.00 1.50 299.35
3409 6.90 0.00 0.00 1.10 302.05
3410 6.32 0.00 0.00 0.90 299.70
3411 5.97 0.00 0.00 0.90 295.67
3412 5.63 0.00 0.00 1.10 293.25
3413 5.36 9.00 0.00 0.50 290.29
3414 8.08 84.07 344.99 0.50 290.94
3415 10.13 209.20 472.93 0.30 292.15
3416 12.44 356.24 635.41 0.20 295.34
3417 14.84 508.24 735.79 0.10 290.18
3418 17.04 624.02 712.31 1.40 294.19
3419 19.03 721.42 715.40 1.70 295.75
3420 20.69 776.24 689.00 1.40 298.23
3421 22.01 801.40 699.53 1.10 301.31
3422 22.92 775.21 681.14 0.90 299.22
3423 23.42 718.11 695.08 1.40 299.71
3424 23.52 628.22 714.97 1.10 298.36
3425 23.13 508.64 720.81 0.60 298.28
3426 22.13 365.33 665.28 0.60 297.50
3427 20.63 215.78 542.62 0.60 298.77
3428 18.80 85.14 278.64 1.10 303.74
3429 16.90 9.70 0.00 0.60 304.26
3430 15.01 0.00 0.00 0.50 309.65
3431 13.12 0.00 0.00 0.60 304.55
3432 11.23 0.00 0.00 0.90 301.52
3433 9.71 0.00 0.00 0.60 295.86
3434 8.06 0.00 0.00 0.90 291.07
3435 7.20 0.00 0.00 1.40 290.27
3436 6.58 0.00 0.00 2.10 291.71
3437 6.76 9.86 0.00 2.30 291.50
3438 8.04 102.27 486.45 3.90 292.75
3439 9.97 254.50 726.25 3.90 291.36
3440 12.16 420.00 864.72 4.30 290.47
3441 14.32 563.66 905.26 4.50 294.08
3442 16.83 777.82 974.39 5.60 289.86
3443 19.13 899.69 838.43 6.90 289.99
3444 19.68 604.72 317.32 7.20 308.05
3445 19.90 554.19 185.18 8.60 310.56
3446 19.70 450.75 89.94 7.20 313.86
3447 19.33 412.34 85.49 9.50 314.38
3448 18.59 319.67 31.03 8.10 316.74
3449 17.55 220.42 11.65 8.90 315.14
3450 16.43 167.03 14.30 8.60 314.84
3451 15.19 96.53 1.10 8.10 317.02
3452 13.96 53.96 38.30 8.90 316.25
3453 12.71 6.92 0.00 10.30 312.93
3454 11.01 0.00 0.00 8.90 307.43
3455 9.31 0.00 0.00 7.70 302.41
3456 7.62 0.00 0.00 8.10 295.91
3457 6.79 0.00 0.00 7.20 292.69
3458 5.85 0.00 0.00 6.20 286.54
3459 5.34 0.00 0.00 7.20 281.67
3460 4.97 0.00 0.00 8.60 279.36
3461 5.20 10.09 0.00 7.50 282.63
3462 6.57 100.35 475.20 8.60 284.59
3463 8.52 244.92 706.98 10.00 281.41
3464 10.88 415.00 856.78 10.00 277.29
3465 13.48 599.16 938.14 9.50 274.59
3466 15.97 743.04 970.44 11.80 276.99
3467 18.38 881.51 801.07 13.40 276.32
3468 18.00 387.05 59.45 15.11 297.79
3469 17.75 397.37 35.28 13.40 293.19
3470 17.49 390.46 36.42 11.40 295.07
3471 17.14 368.30 39.86 10.80 293.72
3472 16.70 338.30 37.02 9.50 294.35
3473 15.99 263.75 27.51 8.90 296.24
3474 15.11 200.30 38.79 7.50 297.17
3475 14.05 122.53 23.05 8.60 296.37
3476 12.84 46.61 0.02 8.90 297.81
3477 11.62 6.98 0.00 6.90 296.27
3478 9.93 0.00 0.00 5.00 296.32
3479 8.23 0.00 0.00 5.00 292.82
3480 6.58 0.00 0.00 2.90 289.67
3481 5.54 0.00 0.00 3.40 292.35
3482 4.44 0.00 0.00 2.30 289.10
3483 3.85 0.00 0.00 3.40 286.84
3484 3.43 0.00 0.00 4.10 280.76
3485 3.59 6.27 0.00 3.40 284.29
3486 4.17 41.06 0.00 4.50 285.22
3487 6.00 176.08 256.71 5.00 274.88
3488 7.93 289.28 309.17 6.20 273.19
3489 9.67 365.59 183.16 5.00 277.20
3490 11.95 544.60 389.64 5.60 274.26
3491 13.48 530.28 239.04 5.80 283.87
3492 14.11 427.82 87.77 5.80 293.38
3493 16.17 798.63 569.61 5.30 278.21
3494 18.53 989.47 914.24 5.00 272.67
3495 20.20 917.05 988.94 6.90 275.00
3496 21.13 777.08 976.23 6.90 278.84
3497 21.52 648.84 943.93 6.20 279.27
3498 21.32 473.56 884.96 5.80 283.30
3499 20.35 291.52 764.81 3.90 289.00
3500 18.82 126.68 584.08 2.30 291.08
3501 17.04 17.34 0.00 2.50 292.32
3502 14.90 0.00 0.00 1.70 296.86
3503 12.76 0.00 0.00 1.40 294.41
3504 10.61 0.00 0.00 2.00 293.22
3505 8.96 0.00 0.00 2.50 283.26
3506 7.24 0.00 0.00 2.90 276.88
3507 6.34 0.00 0.00 4.10 277.06
3508 5.70 0.00 0.00 5.60 287.47
3509 5.89 8.36 0.00 5.30 287.97
3510 6.98 76.33 216.76 4.10 290.96
3511 8.39 172.50 170.89 3.90 289.71
3512 9.60 232.89 107.93 4.70 290.56
3513 10.55 270.22 42.11 4.50 295.43
3514 11.16 271.94 20.19 4.30 300.44
3515 11.28 213.43 4.50 4.50 305.39
3516 12.30 429.60 52.07 5.80 294.32
3517 13.16 453.95 69.81 5.30 293.21
3518 13.82 449.66 86.54 4.70 293.83
3519 14.68 555.55 277.97 3.40 287.37
3520 15.51 597.65 544.87 2.50 278.40
3521 16.00 524.94 656.88 2.10 274.89
3522 16.18 439.12 731.02 3.90 270.70
3523 15.72 244.23 545.81 4.30 277.07
3524 14.72 91.37 308.61 2.90 283.42
3525 13.54 11.56 0.00 5.00 278.30
3526 11.16 0.00 0.00 3.90 276.02
3527 8.79 0.00 0.00 2.70 270.37
3528 6.46 0.00 0.00 1.30 266.27
3529 4.79 0.00 0.00 2.00 265.08
3530 2.99 0.00 0.00 1.60 259.38
3531 2.02 0.00 0.00 1.50 256.71
3532 1.33 0.00 0.00 1.40 253.36
3533 1.53 11.48 0.00 1.40 252.49
3534 3.00 120.85 588.39 1.30 254.70
3535 4.82 266.35 757.87 1.10 252.24
3536 7.11 463.61 882.45 0.50 247.17
3537 9.14 581.91 770.85 1.30 250.36
3538 9.98 485.60 279.36 0.90 267.84
3539 11.58 726.67 634.38 1.70 260.68
3540 12.72 721.06 511.74 2.00 262.77
3541 12.96 537.78 159.01 2.50 273.16
3542 12.83 437.30 76.67 2.50 276.81
3543 12.77 465.48 137.76 4.10 274.65
3544 11.72 225.43 14.08 3.70 285.52
3545 10.19 66.11 0.00 2.70 290.02
3546 9.22 164.20 17.46 2.90 281.20
3547 8.36 165.16 156.54 3.40 272.18
3548 7.27 57.35 33.17 2.30 278.82
3549 6.15 8.82 0.00 1.90 274.57
3550 5.17 0.00 0.00 2.70 275.17
3551 4.19 0.00 0.00 2.30 272.55
3552 3.21 0.00 0.00 3.90 268.32
3553 3.16 0.00 0.00 4.10 265.66
3554 3.12 0.00 0.00 3.10 266.72
3555 3.10 0.00 0.00 2.10 265.71
3556 3.10 0.00 0.00 3.10 265.47
3557 3.45 11.21 0.00 3.70 265.64
3558 5.06 114.53 311.07 4.30 266.19
3559 5.80 136.64 79.14 5.00 291.43
3560 7.84 349.13 452.26 4.50 268.96
3561 10.95 644.99 788.23 6.00 254.51
3562 12.83 607.74 543.30 5.30 264.04
3563 13.46 449.24 132.29 5.00 278.28
3564 15.24 780.20 566.24 4.70 262.80
3565 16.48 736.78 497.57 4.70 267.69
3566 16.65 477.24 118.40 4.70 279.23
3567 15.44 178.99 4.51 3.10 295.27
3568 14.87 277.34 20.87 3.90 286.00
3569 13.76 123.94 0.00 3.70 291.86
3570 12.47 34.88 0.00 4.10 298.60
3571 11.30 21.54 0.00 3.10 296.60
3572 10.24 9.55 0.00 3.10 302.21
3573 9.29 1.54 0.00 2.70 298.08
3574 8.88 0.00 0.00 3.40 301.42
3575 8.48 0.00 0.00 4.10 303.18
3576 7.95 0.00 0.00 4.10 315.11
3577 7.55 0.00 0.00 2.30 315.53
3578 7.10 0.00 0.00 3.10 312.32
3579 6.84 0.00 0.00 2.30 313.15
3580 6.92 0.00 0.00 3.70 309.95
3581 6.72 8.28 0.00 4.50 312.88
3582 7.84 32.06 0.00 4.70 314.46
3583 7.92 19.51 0.00 4.70 321.10
3584 8.11 32.00 0.00 5.60 321.60
3585 8.92 125.56 0.00 6.00 319.40
3586 9.07 54.79 0.00 8.10 326.72
3587 9.97 206.44 4.10 6.60 323.13
3588 10.45 157.87 2.72 7.50 329.38
3589 12.02 457.43 89.21 7.70 322.02
3590 13.98 650.63 320.36 7.20 302.02
3591 15.85 728.44 618.50 4.50 285.08
3592 16.87 541.20 337.72 4.10 287.18
3593 17.95 618.54 621.59 4.50 278.60
3594 17.43 138.55 0.00 4.30 308.63
3595 16.49 20.38 0.00 5.60 333.39
3596 15.68 9.11 0.00 5.30 318.71
3597 14.94 4.32 0.00 5.00 311.63
3598 12.82 0.00 0.00 6.40 311.48
3599 10.70 0.00 0.00 6.00 300.91
3600 8.58 0.00 0.00 4.70 295.37
3601 5.94 0.00 0.00 3.90 292.95
3602 3.11 0.00 0.00 1.90 281.04
3603 1.60 0.00 0.00 2.00 277.57
3604 0.52 0.00 0.00 2.30 267.95
3605 0.69 14.25 0.00 2.50 266.43
3606 1.61 100.08 380.85 2.70 264.98
3607 3.06 249.18 631.73 4.30 260.31
3608 4.79 419.14 784.56 3.10 252.99
3609 6.65 593.11 880.98 2.50 252.69
3610 8.30 704.63 916.95 2.00 254.95
3611 9.82 804.00 756.25 2.70 259.04
3612 9.31 357.54 42.36 2.90 282.84
3613 8.97 376.43 27.65 3.40 279.46
3614 8.50 355.44 24.49 2.30 293.02
3615 8.14 345.77 29.33 1.80 277.91
3616 7.56 290.00 20.47 1.60 277.34
3617 6.85 225.87 14.22 1.10 277.35
3618 5.89 131.47 0.00 0.90 283.64
3619 4.92 88.85 0.00 0.90 281.33
3620 3.91 40.67 0.00 0.80 279.13
3621 2.91 7.83 0.00 0.90 277.94
3622 2.60 0.00 0.00 0.90 281.16
3623 3.01 0.00 0.00 0.90 283.61
3624 3.42 0.00 0.00 0.60 283.29
3625 4.11 0.00 0.00 0.20 305.09
3626 4.52 0.00 0.00 0.20 309.57
3627 4.93 0.00 0.00 0.20 309.43
3628 5.34 0.00 0.00 0.30 314.45
3629 5.55 4.07 0.00 0.40 315.46
3630 5.69 8.07 0.00 0.10 317.75
3631 6.69 87.59 0.00 0.10 307.28
3632 8.64 251.57 151.22 0.10 297.72
3633 9.34 176.51 4.40 0.40 312.34
3634 10.83 347.50 54.95 0.90 309.35
3635 12.83 528.30 225.56 0.60 301.79
3636 14.19 494.14 123.79 0.70 304.93
3637 15.60 578.54 207.03 0.80 301.51
3638 16.79 590.84 247.93 0.40 303.46
3639 17.33 455.93 122.25 1.00 309.60
3640 16.96 232.28 9.68 0.50 320.74
3641 16.78 257.37 26.55 0.70 311.93
3642 16.20 168.83 9.44 1.30 328.55
3643 15.46 85.35 0.00 2.30 317.27
3644 14.76 77.66 120.71 2.30 307.55
3645 13.56 10.60 0.00 2.90 320.22
3646 12.89 0.00 0.00 3.51 331.51
3647 11.81 0.00 0.00 2.70 326.45
3648 10.93 0.00 0.00 2.30 325.52
3649 9.35 0.00 0.00 1.80 314.69
3650 7.93 0.00 0.00 2.70 312.34
3651 7.09 0.00 0.00 2.30 309.03
3652 6.41 0.00 0.00 3.21 309.04
3653 6.19 7.32 0.00 1.80 311.18
3654 7.01 42.32 0.00 1.80 312.89
3655 7.59 105.77 4.90 1.60 311.52
3656 8.07 148.87 3.19 1.20 312.69
3657 8.93 273.72 37.41 0.90 307.86
3658 9.87 371.05 81.34 0.30 298.60
3659 10.91 487.83 164.20 0.30 297.48
3660 11.62 469.87 97.59 0.40 298.51
3661 12.20 489.69 102.62 0.30 295.66
3662 12.52 429.65 49.32 0.70 298.59
3663 12.36 258.50 10.45 0.70 305.26
3664 11.84 147.32 0.00 0.70 308.52
3665 11.50 183.18 4.72 1.00 305.73
3666 11.16 171.31 20.30 0.70 304.96
3667 10.41 20.81 0.00 0.80 331.39
3668 9.81 9.47 0.00 1.50 331.93
3669 9.21 4.86 0.00 2.00 317.06
3670 8.03 0.00 0.00 2.50 313.13
3671 6.89 0.00 0.00 2.50 306.58
3672 5.74 0.00 0.00 3.51 299.67
3673 5.06 0.00 0.00 4.01 293.27
3674 4.29 0.00 0.00 3.71 286.27
3675 3.85 0.00 0.00 5.91 281.02
3676 3.53 0.00 0.00 5.91 274.26
3677 3.92 17.59 0.00 5.51 272.21
3678 5.51 139.02 586.72 4.51 272.64
3679 7.42 294.02 770.15 5.71 274.35
3680 9.64 480.32 886.82 5.51 269.21
3681 11.91 646.95 944.33 5.51 270.33
3682 14.27 833.63 958.40 5.31 270.69
3683 16.33 933.55 793.47 5.01 272.40
3684 16.41 527.58 173.88 5.51 295.05
3685 16.37 503.16 113.88 6.21 299.04
3686 16.33 508.05 134.73 6.61 299.04
3687 15.80 402.91 45.51 6.61 316.70
3688 15.26 362.17 61.88 5.51 300.90
3689 14.48 288.95 41.29 4.21 301.13
3690 13.60 233.63 73.57 4.81 299.24
3691 12.49 128.85 20.85 4.21 303.05
3692 11.28 55.19 0.93 4.01 304.43
3693 10.08 12.73 0.00 3.71 300.32
3694 8.54 0.00 0.00 2.70 299.26
3695 7.03 0.00 0.00 2.30 296.40
3696 5.53 0.00 0.00 1.40 291.57
3697 4.70 0.00 0.00 1.10 287.57
3698 3.74 0.00 0.00 1.10 283.88
3699 3.19 0.00 0.00 2.10 280.67
3700 2.78 0.00 0.00 1.60 278.02
3701 3.15 16.19 0.00 1.40 274.76
3702 4.66 123.28 580.31 1.80 274.20
3703 6.57 268.45 731.32 1.60 273.76
3704 8.51 406.62 736.51 1.50 270.93
3705 10.45 532.76 752.06 1.00 276.17
3706 12.39 665.34 782.90 1.20 277.13
3707 14.32 794.04 859.73 2.00 276.08
3708 16.09 886.70 873.65 2.30 277.30
3709 17.30 846.36 747.07 2.30 283.93
3710 18.40 898.39 882.42 2.10 284.05
3711 19.25 885.93 991.91 4.01 279.83
3712 19.72 807.87 975.44 3.71 278.40
3713 19.74 660.78 947.38 3.51 281.75
3714 19.19 490.36 894.19 3.71 285.55
3715 18.05 312.12 782.01 3.71 292.80
3716 16.49 147.34 612.24 3.51 295.06
3717 14.72 27.31 153.13 3.51 294.66
3718 12.68 0.00 0.00 2.90 299.23
3719 10.65 0.00 0.00 3.21 297.79
3720 8.62 0.00 0.00 4.21 291.56
3721 7.54 0.00 0.00 3.71 284.65
3722 6.35 0.00 0.00 3.21 284.43
3723 5.69 0.00 0.00 3.51 284.67
3724 5.21 0.00 0.00 2.70 288.65
3725 5.63 17.82 0.00 2.70 291.53
3726 6.82 104.64 397.06 2.30 296.82
3727 8.47 238.29 589.55 3.21 292.30
3728 10.40 387.27 706.72 2.30 291.41
3729 12.41 533.06 763.14 3.21 293.25
3730 14.32 651.07 748.77 3.21 294.85
3731 16.09 752.67 765.80 3.21 291.41
3732 17.63 813.75 758.83 3.21 298.07
3733 18.86 833.62 748.70 1.60 298.25
3734 19.77 814.47 749.18 2.00 297.86
3735 20.31 753.88 746.54 3.71 300.09
3736 20.47 644.05 690.08 3.51 303.88
3737 20.26 523.76 683.66 2.30 304.32
3738 19.53 380.26 626.53 4.21 304.70
3739 18.36 233.83 500.91 2.90 309.23
3740 16.91 105.95 317.95 2.70 311.52
3741 15.35 20.79 40.94 2.50 306.88
3742 13.28 0.00 0.00 1.30 312.69
3743 11.20 0.00 0.00 0.90 303.06
3744 9.13 0.00 0.00 1.60 295.65
3745 7.88 0.00 0.00 2.50 295.36
3746 6.54 0.00 0.00 4.51 288.22
3747 5.80 0.00 0.00 3.71 286.63
3748 5.26 0.00 0.00 3.21 286.43
3749 5.66 17.77 0.00 1.80 288.71
3750 6.90 108.64 430.08 1.30 290.80
3751 8.57 242.08 608.79 1.20 289.61
3752 10.53 394.87 738.42 1.60 282.46
3753 12.55 540.56 788.42 2.70 283.51
3754 14.52 670.79 815.53 3.21 286.48
3755 16.34 771.50 825.86 4.01 288.28
3756 17.91 835.02 825.37 4.21 290.03
3757 19.18 858.54 826.66 2.70 290.08
3758 20.10 835.06 813.83 3.21 296.11
3759 20.67 777.08 820.63 3.71 294.59
3760 20.88 684.27 827.29 2.70 296.56
3761 20.73 557.52 807.99 2.00 295.59
3762 20.02 408.61 745.93 1.20 295.82
3763 18.86 257.11 631.25 1.80 297.05
3764 17.38 120.75 463.14 2.00 300.08
3765 15.76 22.28 66.59 1.80 298.93
3766 13.58 0.00 0.00 1.50 304.61
3767 11.40 0.00 0.00 1.10 298.86
3768 9.23 0.00 0.00 1.50 293.81
3769 7.96 0.00 0.00 2.90 290.61
3770 6.61 0.00 0.00 2.50 290.30
3771 5.87 0.00 0.00 4.21 290.39
3772 5.33 0.00 0.00 4.51 291.87
3773 5.76 18.61 5.08 2.70 293.91
3774 6.84 99.51 283.37 1.80 301.25
3775 8.33 221.85 433.64 1.40 299.65
3776 10.13 366.50 601.13 1.60 295.36
3777 12.13 525.65 715.59 1.60 293.37
3778 13.97 634.14 682.47 2.70 295.54
3779 15.58 711.58 659.42 2.10 297.27
3780 16.98 769.41 640.27 4.21 297.53
3781 18.10 786.71 622.27 2.90 299.20
3782 18.87 753.17 587.69 5.01 299.73
3783 19.30 688.90 578.38 5.91 299.72
3784 19.43 610.33 565.28 5.01 302.95
3785 19.19 486.97 534.67 6.21 300.20
3786 18.55 374.18 575.67 5.51 299.34
3787 17.49 232.30 473.53 6.41 302.84
3788 16.16 111.99 349.64 7.71 303.11
3789 14.69 23.65 87.33 8.01 298.15
3790 12.42 0.00 0.00 8.71 298.51
3791 10.14 0.00 0.00 8.31 296.15
3792 7.87 0.00 0.00 8.31 288.10
3793 6.50 0.00 0.00 8.01 288.64
3794 4.96 0.00 0.00 7.71 284.16
3795 4.12 0.00 0.00 7.71 282.18
3796 3.51 0.00 0.00 7.11 280.86
3797 3.92 18.72 6.75 5.91 282.60
3798 5.27 118.68 509.67 4.51 285.83
3799 7.06 262.27 718.36 4.21 285.51
3800 9.10 423.54 840.79 5.01 282.90
3801 11.24 579.93 900.34 3.71 282.37
3802 13.33 718.59 932.08 5.01 280.97
3803 15.26 826.38 948.21 5.91 284.73
3804 16.92 894.30 953.12 7.71 284.92
3805 18.26 918.71 955.19 8.01 284.79
3806 19.25 899.12 953.82 9.62 289.53
3807 19.84 834.46 948.02 10.12 291.10
3808 20.05 732.26 936.17 9.62 294.40
3809 19.88 595.90 906.08 8.71 298.40
3810 19.12 441.41 851.41 9.62 299.55
3811 17.89 278.91 736.85 9.11 299.77
3812 16.31 132.40 543.35 7.71 297.96
3813 14.56 23.97 87.82 9.11 295.66
3814 12.37 0.00 0.00 9.11 302.29
3815 10.17 0.00 0.00 8.71 299.58
3816 7.97 0.00 0.00 7.31 292.54
3817 6.84 0.00 0.00 5.91 290.69
3818 5.56 0.00 0.00 6.21 289.62
3819 4.85 0.00 0.00 5.31 287.74
3820 4.33 0.00 0.00 4.51 285.14
3821 4.78 19.49 18.08 3.71 287.65
3822 6.08 114.97 472.73 2.90 291.86
3823 7.82 255.78 681.21 3.21 288.39
3824 9.85 410.32 796.43 2.00 283.52
3825 11.95 562.63 857.33 3.71 283.04
3826 13.98 694.78 881.71 4.21 284.75
3827 15.86 800.52 899.58 3.51 284.53
3828 17.47 860.44 888.73 4.01 284.44
3829 18.78 889.29 901.15 5.31 286.40
3830 19.74 868.93 897.87 4.51 287.09
3831 20.33 806.10 892.22 3.71 290.58
3832 20.52 702.48 870.54 3.71 289.47
3833 20.32 569.50 835.05 3.71 290.70
3834 19.55 415.60 749.71 4.81 292.29
3835 18.32 258.28 620.28 4.81 295.66
3836 16.76 119.18 413.89 4.81 299.50
3837 15.07 23.68 77.20 5.01 297.74
3838 13.45 0.00 0.00 4.81 300.13
3839 11.82 0.00 0.00 2.90 297.53
3840 10.19 0.00 0.00 2.30 298.93
3841 9.55 0.00 0.00 1.80 294.19
3842 8.79 0.00 0.00 1.60 296.28
3843 8.35 0.00 0.00 2.00 299.62
3844 8.02 0.00 0.00 1.80 305.63
3845 8.45 18.75 7.31 1.60 307.77
3846 9.74 115.16 453.53 1.50 312.63
3847 11.41 251.03 659.22 2.70 312.50
3848 13.36 411.47 782.52 3.21 308.91
3849 15.45 577.78 856.94 3.51 306.58
3850 17.56 734.77 951.88 2.70 305.69
3851 19.56 859.04 790.78 2.10 309.15
3852 19.61 468.51 104.86 2.50 337.33
3853 19.56 450.45 43.05 3.71 344.22
3854 19.39 420.48 44.08 4.81 341.92
3855 19.11 395.02 46.73 4.51 344.92
3856 18.67 349.36 41.07 4.81 343.61
3857 18.01 275.82 35.36 3.51 345.95
3858 17.17 206.37 31.39 2.50 345.27
3859 16.22 140.39 25.94 2.70 341.51
3860 15.13 64.13 8.73 2.10 339.32
3861 14.01 13.64 0.00 2.00 342.53
3862 13.07 0.00 0.00 2.00 343.63
3863 12.33 0.00 0.00 2.10 343.69
3864 11.48 0.00 0.00 1.80 339.07
3865 11.42 0.00 0.00 3.21 338.60
3866 11.34 0.00 0.00 3.21 337.07
3867 11.18 0.00 0.00 3.71 336.97
3868 11.44 0.00 0.00 4.01 338.38
3869 11.90 12.03 0.00 5.01 339.90
3870 12.85 61.77 40.38 3.71 342.03
3871 12.84 32.31 0.00 2.70 352.25
3872 12.89 35.69 0.00 1.60 354.41
3873 13.04 49.02 0.00 2.10 355.26
3874 13.56 118.35 0.00 2.50 351.78
3875 14.76 277.33 12.94 2.10 341.46
3876 16.49 461.61 98.50 2.90 336.08
3877 18.93 735.76 473.65 2.30 319.48
3878 21.04 775.64 562.94 2.90 316.08
3879 21.56 403.69 160.47 2.10 336.50
3880 22.73 646.96 564.19 2.30 311.81
3881 23.34 507.53 579.62 3.51 317.11
3882 23.61 403.95 649.49 3.51 320.25
3883 23.61 311.54 717.53 3.71 317.23
3884 23.00 149.50 536.63 4.01 321.92
3885 22.02 23.20 44.97 4.21 320.06
3886 20.05 0.00 0.00 4.81 321.12
3887 18.08 0.00 0.00 4.21 315.22
3888 16.11 0.00 0.00 2.50 307.18
3889 13.82 0.00 0.00 1.50 304.68
3890 11.33 0.00 0.00 0.90 301.21
3891 9.99 0.00 0.00 1.30 299.97
3892 9.02 0.00 0.00 1.50 299.67
3893 9.52 24.08 99.04 0.80 303.03
3894 10.74 121.86 428.79 0.60 308.45
3895 12.45 270.25 642.51 0.80 304.22
3896 14.43 439.39 787.62 0.90 298.48
3897 16.51 605.77 778.62 0.70 299.01
3898 17.30 498.64 286.21 0.90 313.13
3899 18.93 767.58 674.99 0.60 300.97
3900 18.85 422.41 76.71 0.30 321.42
3901 18.47 339.49 31.38 0.40 330.61
3902 19.40 779.11 520.96 0.90 311.67
3903 20.39 875.49 898.02 1.20 307.20
3904 20.92 770.77 962.48 1.40 310.18
3905 21.02 628.36 900.46 2.10 306.99
3906 20.67 463.91 808.16 2.30 307.08
3907 19.79 293.91 671.97 3.21 310.75
3908 18.51 140.71 470.02 3.21 313.46
3909 17.05 34.21 200.91 2.30 312.39
3910 14.92 0.00 0.00 2.50 313.34
3911 12.79 0.00 0.00 3.71 307.91
3912 10.66 0.00 0.00 2.30 304.33
3913 9.91 0.00 0.00 2.00 307.44
3914 9.06 0.00 0.00 1.50 307.40
3915 8.60 0.00 0.00 1.80 305.82
3916 8.25 0.00 0.00 2.30 305.09
3917 8.64 14.51 0.00 1.80 309.23
3918 9.69 84.47 111.92 1.30 313.48
3919 11.06 183.67 204.08 0.80 312.17
3920 13.84 445.61 730.20 0.70 296.82
3921 16.55 610.42 781.05 0.90 299.19
3922 18.12 573.76 422.66 1.20 310.35
3923 17.97 306.11 30.58 2.00 327.75
3924 18.13 377.99 29.29 1.80 325.44
3925 19.27 663.82 296.67 1.40 310.95
3926 20.71 829.66 705.08 2.50 305.13
3927 22.01 878.19 898.96 2.90 298.56
3928 22.79 772.56 969.38 2.70 297.68
3929 23.09 633.54 941.18 3.21 300.07
3930 22.93 472.22 789.17 4.21 302.77
3931 21.99 261.24 496.72 3.21 311.91
3932 20.77 148.41 477.75 2.70 309.32
3933 19.32 35.23 254.73 2.50 308.26
3934 17.10 0.00 0.00 2.50 311.79
3935 14.88 0.00 0.00 3.21 309.15
3936 12.66 0.00 0.00 3.21 304.67
3937 11.05 0.00 0.00 3.21 303.72
3938 9.28 0.00 0.00 1.10 298.92
3939 8.32 0.00 0.00 1.10 298.36
3940 7.65 0.00 0.00 1.00 301.23
3941 8.06 20.23 32.37 0.50 305.11
3942 9.06 99.52 319.22 0.60 308.70
3943 10.64 238.88 546.12 0.40 307.72
3944 12.47 392.41 711.64 0.80 302.69
3945 14.32 530.67 725.42 1.00 303.24
3946 15.97 627.39 635.40 1.30 303.48
3947 17.45 711.36 650.01 1.80 306.34
3948 18.77 778.91 613.73 2.10 309.87
3949 19.70 759.76 524.28 2.90 312.88
3950 20.32 729.51 529.63 2.30 313.12
3951 20.65 672.85 500.92 1.40 314.10
3952 20.78 623.92 577.70 1.00 309.45
3953 20.43 465.39 406.38 1.80 313.39
3954 19.59 321.17 318.17 2.30 316.23
3955 18.47 207.86 268.18 3.51 317.33
3956 17.15 104.53 251.46 2.70 316.43
3957 15.74 27.16 113.06 2.10 317.41
3958 14.32 0.00 0.00 2.10 324.50
3959 12.89 0.00 0.00 1.50 324.96
3960 11.46 0.00 0.00 1.50 326.59
3961 11.11 0.00 0.00 1.30 323.20
3962 10.72 0.00 0.00 3.51 326.28
3963 10.51 0.00 0.00 4.01 324.47
3964 10.35 0.00 0.00 5.01 329.99
3965 10.56 8.02 0.00 4.21 333.11
3966 10.63 40.01 0.00 4.81 337.53
3967 11.81 106.58 3.61 5.91 330.93
3968 12.79 189.80 20.27 6.81 331.45
3969 13.81 253.08 26.82 6.61 336.58
3970 14.81 325.63 28.86 6.21 328.69
3971 15.93 419.90 86.15 5.91 323.80
3972 16.97 492.17 116.19 5.91 337.70
3973 17.76 454.94 44.28 4.81 332.05
3974 18.24 422.16 44.11 6.81 332.30
3975 18.53 391.14 37.82 6.81 336.17
3976 18.29 263.47 11.47 7.51 355.88
3977 18.17 227.07 11.75 7.11 340.81
3978 17.86 201.65 29.21 8.71 337.15
3979 17.13 68.03 0.00 9.11 347.15
3980 16.30 12.10 0.00 9.11 353.57
3981 15.53 2.77 0.00 8.71 350.80
3982 14.58 0.00 0.00 11.22 347.17
3983 13.62 0.00 0.00 8.71 340.64
3984 12.66 0.00 0.00 8.31 337.05
3985 11.94 0.00 0.00 8.31 331.54
3986 11.18 0.00 0.00 7.11 326.46
3987 10.79 0.00 0.00 6.61 325.34
3988 10.51 0.00 0.00 6.81 321.72
3989 10.92 18.10 0.00 4.81 320.68
3990 12.29 130.04 590.92 4.21 320.88
3991 14.40 330.63 754.35 4.51 312.48
3992 15.95 414.23 620.08 5.01 316.69
3993 16.16 272.04 72.65 4.51 335.85
3994 15.61 218.31 7.50 5.31 355.80
3995 16.15 272.90 12.28 6.21 354.19
3996 16.94 491.73 115.56 5.71 347.11
3997 17.58 512.88 121.20 6.81 334.42
3998 17.75 411.15 39.09 6.61 353.94
3999 17.98 459.06 126.17 7.11 353.40
4000 17.36 127.22 0.00 7.31 369.81
4001 16.57 57.45 0.00 7.31 369.32
4002 15.87 70.10 0.00 7.51 362.52
4003 15.15 28.54 0.00 10.52 349.72
4004 14.47 14.48 0.00 8.31 346.27
4005 13.85 7.52 0.00 8.71 342.16
4006 12.20 0.00 0.00 8.71 338.09
4007 10.56 0.00 0.00 10.12 331.07
4008 8.91 0.00 0.00 9.11 322.47
4009 7.53 0.00 0.00 5.71 315.05
4010 5.99 0.00 0.00 5.91 303.44
4011 5.15 0.00 0.00 6.41 295.78
4012 4.53 0.00 0.00 7.11 289.46
4013 5.00 20.50 27.83 5.51 288.93
4014 6.48 128.64 576.83 6.21 293.76
4015 8.37 277.58 760.27 4.81 295.29
4016 10.55 444.05 873.60 3.51 292.88
4017 12.79 605.13 930.27 2.70 290.88
4018 14.95 743.90 958.25 3.21 290.69
4019 16.92 852.38 973.09 2.10 292.60
4020 18.64 923.79 980.55 4.21 289.59
4021 20.02 948.24 982.48 6.21 293.11
4022 21.04 928.66 979.51 7.11 296.25
4023 21.66 864.66 973.06 5.71 295.62
4024 21.88 759.00 957.57 5.71 294.98
4025 21.72 623.06 930.95 5.91 297.88
4026 20.96 466.02 881.71 5.01 295.40
4027 19.70 300.45 775.55 4.01 297.94
4028 18.08 147.93 603.22 3.21 298.74
4029 16.26 28.78 129.70 3.51 296.30
4030 13.88 0.00 0.00 3.51 298.46
4031 11.51 0.00 0.00 2.90 294.31
4032 9.13 0.00 0.00 3.71 285.92
4033 7.82 0.00 0.00 3.21 286.13
4034 6.42 0.00 0.00 2.10 285.08
4035 5.63 0.00 0.00 1.50 282.14
4036 5.05 0.00 0.00 2.70 281.55
4037 5.54 21.02 34.44 3.21 285.69
4038 6.93 122.87 519.99 2.50 291.93
4039 8.76 268.48 728.08 2.10 289.49
4040 10.87 429.84 850.09 3.21 286.88
4041 13.05 587.34 909.87 3.51 287.79
4042 15.17 726.48 940.23 3.51 287.48
4043 17.09 829.09 947.72 3.51 290.51
4044 18.75 895.30 949.01 4.01 292.45
4045 20.08 918.16 947.22 3.51 293.32
4046 21.07 900.63 946.80 2.50 294.80
4047 21.67 837.71 940.58 3.21 296.30
4048 21.87 731.26 918.39 4.51 298.32
4049 21.66 592.16 875.09 2.90 297.09
4050 20.88 437.16 789.25 4.21 299.14
4051 19.62 277.45 683.41 2.90 297.28
4052 18.03 133.52 477.04 3.21 300.82
4053 16.29 28.58 133.14 4.81 298.59
4054 14.23 0.00 0.00 2.90 304.84
4055 12.16 0.00 0.00 5.51 297.75
4056 10.10 0.00 0.00 8.01 293.46
4057 9.06 0.00 0.00 7.71 293.34
4058 7.88 0.00 0.00 10.12 291.55
4059 7.24 0.00 0.00 10.82 290.05
4060 6.76 0.00 0.00 10.12 286.26
4061 7.26 20.94 33.48 8.31 287.38
4062 8.85 132.69 602.83 7.11 292.87
4063 10.89 284.93 770.07 7.11 293.99
4064 13.17 452.19 879.54 5.51 288.85
4065 15.50 615.60 936.60 5.51 295.88
4066 17.75 755.85 965.72 6.21 297.69
4067 19.80 863.10 980.43 5.71 303.23
4068 21.58 935.17 988.33 4.51 305.33
4069 23.01 957.74 989.52 5.31 304.94
4070 24.07 937.47 985.86 6.81 302.35
4071 24.71 870.19 976.62 6.21 304.40
4072 24.94 764.68 961.26 6.21 303.76
4073 24.76 625.26 931.72 6.81 306.72
4074 23.97 465.59 879.67 6.81 306.72
4075 22.68 299.96 771.55 5.71 309.94
4076 21.01 146.89 584.90 3.71 313.27
4077 19.15 28.82 124.93 4.51 312.98
4078 17.13 0.00 0.00 4.21 320.88
4079 15.11 0.00 0.00 4.01 317.15
4080 13.09 0.00 0.00 4.51 315.67
4081 12.07 0.00 0.00 3.71 313.29
4082 10.98 0.00 0.00 5.31 311.71
4083 10.41 0.00 0.00 4.01 310.87
4084 10.00 0.00 0.00 4.81 318.71
4085 10.18 8.23 0.00 2.10 322.60
4086 10.86 57.78 4.02 2.50 329.59
4087 11.60 133.03 39.98 2.00 334.45
4088 13.71 325.22 325.63 3.21 317.34
4089 15.13 375.02 221.69 3.21 324.47
4090 15.45 256.85 23.79 4.01 338.83
4091 15.32 177.11 4.52 2.50 346.32
4092 16.30 467.29 94.06 2.70 331.64
4093 17.29 537.15 145.49 3.21 328.31
4094 17.55 381.67 49.78 2.30 351.12
4095 18.50 623.42 332.93 2.10 324.93
4096 19.28 641.47 588.59 3.71 322.93
4097 19.91 628.51 781.13 3.71 314.33
4098 19.88 375.65 423.07 4.01 325.29
4099 19.13 158.78 86.59 3.51 339.09
4100 18.08 40.29 0.00 4.51 349.08
4101 17.07 15.65 0.00 2.90 347.89
4102 15.70 0.00 0.00 3.71 346.90
4103 14.34 0.00 0.00 2.10 342.87
4104 12.98 0.00 0.00 1.50 336.17
4105 12.08 0.00 0.00 1.00 330.37
4106 11.06 0.00 0.00 1.40 325.73
4107 10.48 0.00 0.00 2.00 321.27
4108 10.05 0.00 0.00 1.60 320.32
4109 10.42 17.86 0.00 1.30 320.11
4110 11.71 117.82 487.56 1.20 322.59
4111 13.41 260.77 703.53 2.30 319.41
4112 15.79 483.83 788.32 3.51 306.16
4113 17.40 525.83 634.47 4.01 319.49
4114 18.52 546.18 343.49 3.51 325.47
4115 18.81 428.82 94.17 3.21 337.66
4116 19.25 502.07 125.99 3.71 332.65
4117 19.02 417.29 37.95 3.21 351.96
4118 18.71 279.69 11.38 1.60 370.01
4119 18.23 290.60 12.52 2.30 365.45
4120 17.47 177.65 3.41 3.21 361.87
4121 17.18 296.67 54.63 1.80 349.90
4122 16.84 273.31 134.98 4.21 344.89
4123 16.35 220.53 310.35 5.01 339.38
4124 15.53 96.22 134.40 5.01 343.70
4125 14.60 29.97 105.02 6.61 339.35
4126 14.32 0.00 0.00 5.71 343.40
4127 14.05 0.00 0.00 5.51 341.19
4128 13.77 0.00 0.00 5.01 343.04
4129 14.40 0.00 0.00 4.21 346.50
4130 15.04 0.00 0.00 4.81 353.52
4131 15.20 0.00 0.00 4.21 360.09
4132 15.49 0.00 0.00 5.71 356.59
4133 15.84 7.68 0.00 6.81 357.06
4134 15.41 39.78 0.00 6.61 365.01
4135 17.30 84.08 0.00 5.91 364.44
4136 18.10 126.74 0.00 4.01 368.73
4137 18.80 148.53 0.00 2.90 374.27
4138 19.29 157.28 0.22 2.70 378.77
4139 20.08 238.51 2.61 2.90 379.37
4140 20.86 280.82 10.14 2.90 382.52
4141 21.83 369.16 21.08 2.70 383.38
4142 22.69 388.90 25.94 3.71 369.57
4143 22.85 339.24 21.39 2.50 386.07
4144 23.21 207.20 2.55 2.50 398.59
4145 23.19 182.43 2.86 2.00 397.90
4146 22.69 123.65 0.00 1.80 399.20
4147 21.88 51.84 0.00 2.50 401.74
4148 21.82 13.38 0.00 2.70 402.41
4149 21.25 7.89 0.00 2.30 395.77
4150 20.11 0.00 0.00 2.00 385.74
4151 18.80 0.00 0.00 2.50 374.88
4152 17.72 0.00 0.00 2.10 365.48
4153 16.28 0.00 0.00 1.40 357.50
4154 14.66 0.00 0.00 1.00 348.39
4155 13.77 0.00 0.00 1.80 343.96
4156 13.12 0.00 0.00 2.00 340.09
4157 13.56 20.14 29.00 1.10 339.82
4158 14.71 106.26 382.80 1.60 340.85
4159 16.17 223.85 486.57 2.10 339.07
4160 17.95 372.33 616.41 2.10 330.78
4161 19.80 511.53 660.41 2.50 332.74
4162 21.41 597.97 572.63 3.21 341.32
4163 22.88 680.66 573.08 4.21 344.71
4164 24.10 723.74 530.00 4.01 347.65
4165 25.14 762.80 555.20 5.91 347.22
4166 25.91 751.76 539.48 5.91 350.99
4167 26.28 669.10 484.30 4.51 355.73
4168 26.42 611.39 550.86 4.81 352.86
4169 26.30 520.97 620.67 6.41 351.87
4170 25.65 373.74 503.73 6.81 356.03
4171 24.67 255.65 533.48 6.41 353.94
4172 23.38 131.78 442.16 6.21 355.42
4173 21.93 32.31 179.62 4.21 359.64
4174 20.61 0.00 0.00 5.01 360.41
4175 19.30 0.00 0.00 5.51 361.91
4176 17.98 0.00 0.00 5.31 363.67
4177 17.77 0.00 0.00 6.41 363.72
4178 17.59 0.00 0.00 7.11 367.70
4179 17.52 0.00 0.00 8.01 369.81
4180 17.48 0.00 0.00 7.31 374.04
4181 17.75 9.43 0.00 8.31 377.52
4182 18.33 52.45 0.00 7.71 382.89
4183 18.84 117.47 12.35 7.71 381.11
4184 19.45 205.79 43.33 9.62 380.88
4185 21.42 355.34 173.77 11.62 376.97
4186 22.37 400.49 108.41 13.12 378.65
4187 23.66 491.15 159.52 12.02 381.45
4188 24.66 535.87 141.69 13.12 374.76
4189 25.46 542.11 151.51 10.82 374.17
4190 25.87 449.38 77.23 10.12 381.30
4191 25.44 200.64 7.15 6.61 397.66
4192 24.62 87.65 0.00 5.91 410.42
4193 23.87 48.08 0.00 5.31 411.36
4194 23.23 47.93 0.00 3.71 408.95
4195 22.59 23.00 0.00 5.01 394.73
4196 22.06 34.86 0.00 5.01 385.67
4197 21.54 10.34 0.00 5.01 383.88
4198 20.59 0.00 0.00 6.21 387.62
4199 19.61 0.00 0.00 6.21 385.94
4200 18.73 0.00 0.00 4.81 380.88
4201 17.50 0.00 0.00 4.21 380.63
4202 16.50 0.00 0.00 4.01 370.77
4203 15.94 0.00 0.00 4.81 368.98
4204 14.85 0.00 0.00 2.50 362.92
4205 15.80 10.18 0.00 1.60 365.77
4206 16.26 48.90 0.00 2.90 359.12
4207 16.90 118.51 14.11 5.01 356.23
4208 17.46 157.44 5.80 4.81 361.42
4209 18.30 261.38 38.92 5.01 361.36
4210 19.61 395.40 112.14 3.21 344.61
4211 19.88 255.54 10.17 4.01 371.68
4212 20.06 339.81 17.59 2.50 377.53
4213 20.93 403.20 27.61 1.80 362.43
4214 21.30 380.38 28.91 2.00 349.53
4215 21.91 512.27 193.29 2.50 336.68
4216 21.73 238.47 10.03 2.90 366.32
4217 21.36 159.69 0.17 3.71 383.70
4218 20.68 37.77 0.00 3.71 376.92
4219 20.18 84.60 0.00 5.31 351.92
4220 19.72 75.21 40.65 3.51 341.56
4221 19.14 11.31 0.00 2.00 336.82
4222 17.24 0.00 0.00 3.71 334.39
4223 15.34 0.00 0.00 2.30 325.12
4224 13.44 0.00 0.00 1.80 319.36
4225 11.73 0.00 0.00 1.60 323.45
4226 9.88 0.00 0.00 1.00 321.41
4227 8.88 0.00 0.00 1.50 319.94
4228 8.17 0.00 0.00 2.10 314.48
4229 8.51 16.69 0.00 1.50 316.81
4230 9.35 83.88 198.75 3.21 319.18
4231 10.66 199.43 348.71 2.70 313.25
4232 12.22 332.33 440.86 2.50 310.39
4233 13.67 431.63 377.62 3.21 310.71
4234 15.11 536.59 370.45 2.30 312.75
4235 16.35 597.12 335.06 2.70 314.21
4236 17.64 707.80 478.83 2.50 316.02
4237 18.89 792.45 599.31 4.51 317.22
4238 19.93 815.35 705.69 4.21 314.83
4239 20.52 726.26 617.96 5.71 317.99
4240 20.73 624.61 565.98 5.71 321.78
4241 20.50 466.06 406.95 6.41 324.53
4242 19.87 352.41 390.18 6.21 322.64
4243 18.87 220.94 334.68 4.51 324.59
4244 17.64 113.81 289.25 5.51 327.94
4245 16.30 30.61 145.69 4.21 327.01
4246 15.04 0.00 0.00 4.81 331.03
4247 13.78 0.00 0.00 5.51 324.48
4248 12.52 0.00 0.00 4.81 323.84
4249 12.26 0.00 0.00 4.21 318.43
4250 11.92 0.00 0.00 6.21 317.97
4251 11.72 0.00 0.00 5.71 316.39
4252 11.56 0.00 0.00 4.81 318.06
4253 12.01 15.26 0.00 2.70 318.66
4254 13.47 103.29 362.72 2.90 320.50
4255 14.82 181.43 234.92 3.21 327.07
4256 15.59 197.44 36.48 5.01 335.34
4257 16.81 309.57 93.78 5.51 334.04
4258 18.38 444.60 180.44 6.41 334.72
4259 19.02 378.57 70.37 6.41 357.92
4260 20.92 655.02 318.26 6.61 334.54
4261 21.97 575.68 193.45 8.01 344.49
4262 22.58 514.75 134.08 7.71 350.37
4263 22.36 291.80 14.53 7.31 358.49
4264 22.34 353.68 79.50 7.31 353.79
4265 22.84 548.57 582.68 7.31 333.99
4266 23.16 509.63 799.71 7.71 325.45
4267 22.95 330.22 787.53 6.61 327.18
4268 22.11 154.51 592.49 5.91 337.67
4269 20.93 31.90 125.36 4.51 334.55
4270 19.16 0.00 0.00 5.01 340.21
4271 17.38 0.00 0.00 4.01 336.31
4272 15.61 0.00 0.00 5.31 331.04
4273 14.34 0.00 0.00 5.71 327.05
4274 12.95 0.00 0.00 5.71 323.67
4275 12.20 0.00 0.00 4.81 320.92
4276 11.65 0.00 0.00 4.51 322.51
4277 12.09 18.46 3.90 4.81 326.92
4278 13.21 100.22 335.97 5.01 329.24
4279 14.69 216.97 421.05 4.51 331.34
4280 16.35 345.76 508.88 3.51 331.00
4281 18.18 491.25 616.47 3.71 329.92
4282 19.91 600.23 574.32 3.71 331.06
4283 21.59 710.82 662.40 4.21 330.96
4284 23.06 772.75 618.18 4.81 334.99
4285 24.23 789.25 619.51 5.31 335.83
4286 25.04 756.30 550.60 5.91 336.09
4287 25.47 679.45 508.97 5.51 339.63
4288 25.57 584.61 454.68 5.51 345.16
4289 25.34 479.78 438.23 3.71 345.94
4290 24.73 372.20 494.54 4.01 346.85
4291 23.69 227.33 367.84 4.01 349.47
4292 22.37 109.13 252.07 3.51 352.42
4293 20.96 29.96 135.70 4.01 351.61
4294 18.73 0.00 0.00 3.21 348.42
4295 16.50 0.00 0.00 1.60 342.07
4296 14.27 0.00 0.00 1.40 333.71
4297 12.87 0.00 0.00 0.60 330.96
4298 11.34 0.00 0.00 1.20 331.02
4299 10.51 0.00 0.00 1.30 326.81
4300 9.91 0.00 0.00 0.80 327.62
4301 10.14 13.71 0.00 0.50 329.65
4302 10.71 65.29 61.51 0.70 332.49
4303 12.39 241.82 463.27 0.60 320.93
4304 14.52 441.50 774.39 0.70 307.47
4305 16.50 581.48 865.95 0.70 311.76
4306 18.27 690.08 808.69 0.80 317.40
4307 19.47 685.41 549.97 1.00 324.46
4308 19.92 562.52 201.82 1.30 334.03
4309 20.02 497.44 108.24 1.60 353.03
4310 19.92 480.69 88.07 0.90 364.97
4311 20.00 451.79 107.36 1.00 351.31
4312 19.48 326.90 27.17 0.80 346.16
4313 18.77 259.00 21.40 0.70 348.46
4314 18.02 220.98 31.01 1.40 340.39
4315 17.05 121.33 6.90 1.60 347.48
4316 15.99 54.53 0.00 1.20 350.33
4317 14.92 13.68 0.00 0.90 347.28
4318 13.79 0.00 0.00 1.80 345.09
4319 12.66 0.00 0.00 2.00 340.09
4320 11.53 0.00 0.00 2.70 333.43
4321 11.32 0.00 0.00 2.30 330.54
4322 11.06 0.00 0.00 2.70 324.69
4323 10.90 0.00 0.00 4.51 324.79
4324 10.78 0.00 0.00 4.01 324.94
4325 11.21 16.09 0.00 4.51 325.17
4326 12.51 105.90 405.12 4.01 326.56
4327 14.29 244.57 623.74 5.01 319.29
4328 16.63 440.16 773.84 5.51 313.95
4329 18.71 558.45 789.94 7.11 320.20
4330 21.12 763.98 874.00 6.81 321.69
4331 22.92 788.04 727.93 4.81 330.28
4332 23.38 551.11 204.23 4.21 350.77
4333 23.64 526.62 136.64 4.51 351.04
4334 23.64 463.53 88.32 5.91 349.74
4335 23.04 326.83 21.45 5.31 355.62
4336 22.58 337.38 31.04 4.81 347.57
4337 22.02 299.44 41.00 4.01 343.98
4338 21.22 227.91 36.77 3.51 357.84
4339 20.41 161.33 81.25 1.80 341.25
4340 19.29 52.75 0.00 1.00 346.51
4341 18.19 14.19 0.00 0.70 340.93
4342 16.02 0.00 0.00 0.60 340.22
4343 14.17 0.00 0.00 1.00 331.26
4344 12.31 0.00 0.00 1.60 324.89
4345 10.10 0.00 0.00 1.70 313.85
4346 8.25 0.00 0.00 1.70 305.13
4347 6.44 0.00 0.00 1.70 299.98
4348 5.65 0.00 0.00 1.10 297.02
4349 5.99 17.55 0.00 0.70 297.01
4350 7.12 105.97 434.33 0.90 301.29
4351 8.60 229.41 568.29 1.10 305.33
4352 10.36 373.12 662.86 1.80 303.59
4353 12.15 507.27 683.15 1.40 302.86
4354 13.89 625.26 673.05 2.00 304.88
4355 15.46 714.34 645.28 3.00 306.70
4356 16.77 762.00 623.85 4.80 308.41
4357 17.84 789.48 625.13 4.80 308.26
4358 18.61 773.56 625.44 4.30 310.90
4359 19.11 741.60 667.85 6.30 313.70
4360 19.28 658.75 693.18 5.50 314.05
4361 19.11 532.82 643.75 6.30 316.11
4362 18.41 389.85 555.35 4.30 314.38
4363 17.30 253.62 472.02 5.50 316.45
4364 15.89 124.92 353.89 4.50 314.80
4365 14.34 30.92 151.94 4.80 314.51
4366 12.16 0.00 0.00 4.00 313.27
4367 9.98 0.00 0.00 4.30 306.42
4368 7.80 0.00 0.00 4.80 299.90
4369 6.98 0.00 0.00 4.30 298.58
4370 6.02 0.00 0.00 3.00 293.12
4371 5.47 0.00 0.00 3.10 290.34
4372 5.06 0.00 0.00 3.00 287.64
4373 5.47 16.20 0.00 2.40 289.30
4374 7.06 118.25 556.38 2.40 295.90
4375 9.17 265.13 749.33 3.00 297.39
4376 11.58 429.62 864.23 3.10 296.69
4377 14.10 592.23 925.59 3.10 296.92
4378 16.55 733.99 956.05 3.30 300.11
4379 18.80 844.00 971.55 5.20 305.48
4380 20.76 915.96 978.04 6.90 310.13
4381 22.35 939.66 977.18 5.20 314.55
4382 23.54 922.58 974.67 4.30 316.62
4383 24.28 857.33 965.17 5.50 318.01
4384 24.58 755.78 952.07 4.80 317.50
4385 24.46 622.24 926.79 4.30 317.33
4386 23.69 465.27 876.03 4.30 317.06
4387 22.37 300.88 770.14 3.70 320.26
4388 20.64 149.94 602.67 2.40 324.59
4389 18.68 29.64 135.78 3.10 322.47
4390 16.44 0.00 0.00 4.30 325.64
4391 14.20 0.00 0.00 4.00 317.30
4392 11.95 0.00 0.00 3.30 311.15
4393 10.62 0.00 0.00 5.20 306.77
4394 9.11 0.00 0.00 2.60 301.02
4395 8.27 0.00 0.00 3.10 299.17
4396 7.64 0.00 0.00 2.60 300.22
4397 7.94 14.90 0.00 2.40 301.86
4398 9.40 117.15 556.15 2.60 308.98
4399 11.32 261.82 744.14 2.60 306.54
4400 13.85 468.42 878.69 3.30 301.20
4401 16.17 604.77 933.24 3.70 307.28
4402 18.22 711.11 932.61 3.30 312.37
4403 20.07 804.41 754.23 3.70 315.60
4404 19.97 447.22 89.35 3.50 342.18
4405 19.76 426.08 36.84 5.20 356.12
4406 19.64 475.55 98.84 6.30 363.87
4407 19.92 553.11 242.08 6.90 346.78
4408 19.89 500.27 202.47 7.20 334.33
4409 19.55 411.01 205.45 7.20 334.25
4410 18.77 293.76 141.24 6.30 338.65
4411 17.73 198.97 159.41 6.00 336.78
4412 16.53 120.34 326.97 5.50 329.46
4413 15.15 28.18 100.73 5.70 326.27
4414 13.15 0.00 0.00 5.20 325.86
4415 11.14 0.00 0.00 4.30 316.38
4416 9.13 0.00 0.00 3.10 309.13
4417 8.35 0.00 0.00 4.30 304.76
4418 7.47 0.00 0.00 5.20 301.97
4419 7.01 0.00 0.00 4.80 298.87
4420 6.65 0.00 0.00 3.50 296.36
4421 6.96 13.43 0.00 4.00 297.21
4422 8.39 115.50 550.59 3.50 303.86
4423 10.71 300.40 760.09 3.70 299.20
4424 13.35 501.08 872.11 6.00 293.18
4425 15.68 627.64 937.79 6.00 299.04
4426 18.09 801.41 963.88 4.00 299.88
4427 19.98 848.93 787.53 5.20 309.28
4428 19.58 411.85 71.96 4.80 336.27
4429 18.56 324.06 14.20 5.50 352.24
4430 18.20 361.63 21.38 5.70 360.41
4431 17.86 372.53 31.16 6.60 345.88
4432 17.60 388.46 83.79 5.50 330.65
4433 17.18 343.25 114.89 4.00 328.15
4434 16.59 285.74 135.41 4.30 325.82
4435 15.83 216.84 326.99 4.00 319.29
4436 14.78 104.62 208.07 4.00 321.92
4437 13.60 22.25 15.22 4.80 315.70
4438 12.23 0.00 0.00 4.30 316.61
4439 10.87 0.00 0.00 3.70 311.69
4440 9.50 0.00 0.00 4.80 307.49
4441 8.82 0.00 0.00 4.50 308.25
4442 8.02 0.00 0.00 2.70 303.76
4443 7.56 0.00 0.00 4.80 301.57
4444 7.25 0.00 0.00 3.70 296.64
4445 7.61 14.53 0.00 2.70 297.75
4446 8.92 96.40 378.90 2.60 301.22
4447 10.70 220.30 488.40 2.60 298.26
4448 12.74 358.50 610.31 2.30 297.84
4449 14.81 488.21 602.07 2.30 302.48
4450 16.84 607.21 618.55 1.50 301.90
4451 18.70 696.46 640.05 1.50 307.78
4452 20.33 757.63 622.49 3.10 314.01
4453 21.72 794.91 622.52 3.30 315.43
4454 22.74 774.87 637.10 4.80 317.11
4455 23.43 735.68 656.13 6.90 316.83
4456 23.72 646.36 657.51 8.40 319.12
4457 23.65 531.07 656.91 8.10 323.02
4458 23.04 397.20 602.10 6.60 326.82
4459 21.92 253.71 533.36 6.30 331.85
4460 20.48 130.26 447.61 5.20 334.72
4461 18.85 29.22 134.88 5.50 332.01
4462 17.10 0.00 0.00 6.30 331.43
4463 15.34 0.00 0.00 7.50 326.48
4464 13.59 0.00 0.00 5.70 324.73
4465 12.60 0.00 0.00 6.00 319.95
4466 11.52 0.00 0.00 5.50 316.79
4467 10.93 0.00 0.00 3.50 315.00
4468 10.51 0.00 0.00 2.60 320.43
4469 10.91 14.57 0.00 2.00 322.78
4470 12.07 88.42 294.05 1.80 328.40
4471 13.81 215.09 520.10 1.90 329.61
4472 15.52 319.86 381.48 2.10 329.40
4473 16.53 333.45 128.45 0.90 348.67
4474 18.21 498.51 299.31 0.90 335.99
4475 19.57 547.10 265.05 0.60 334.54
4476 21.03 655.95 356.59 1.40 333.98
4477 22.19 667.40 335.24 1.30 335.34
4478 23.15 682.81 399.98 1.40 336.20
4479 23.91 681.93 526.61 1.00 336.03
4480 24.49 667.49 682.78 1.00 331.25
4481 24.67 549.10 678.51 0.80 336.18
4482 24.21 364.98 419.85 0.30 342.10
4483 23.20 207.69 259.37 0.20 347.97
4484 21.98 114.83 295.68 0.00 346.32
4485 20.59 26.40 82.38 0.20 341.47
4486 18.27 0.00 0.00 0.30 342.51
4487 15.96 0.00 0.00 0.10 334.36
4488 13.65 0.00 0.00 0.40 327.18
4489 11.93 0.00 0.00 0.50 324.54
4490 10.03 0.00 0.00 0.30 318.42
4491 8.99 0.00 0.00 0.10 312.31
4492 8.24 0.00 0.00 0.60 307.81
4493 8.48 13.05 0.00 0.10 308.73
4494 9.71 100.35 439.55 0.30 315.05
4495 11.39 229.60 613.68 0.30 318.42
4496 13.32 376.31 719.49 0.50 318.89
4497 15.33 518.34 759.71 1.30 321.45
4498 17.24 637.22 743.57 0.90 325.02
4499 18.96 724.65 702.35 0.80 330.31
4500 20.46 787.27 689.83 0.90 332.61
4501 21.69 817.80 701.83 1.70 337.01
4502 22.59 799.71 690.56 1.30 338.54
4503 23.11 741.57 680.75 2.40 339.26
4504 23.28 652.17 682.45 1.90 339.71
4505 23.09 532.75 668.75 1.80 342.04
4506 22.39 399.97 646.26 2.10 342.69
4507 21.25 261.71 584.35 2.40 344.76
4508 19.77 129.68 452.58 3.10 346.43
4509 18.12 27.25 119.17 4.30 342.70
4510 16.80 0.00 0.00 3.70 344.03
4511 15.48 0.00 0.00 3.00 340.22
4512 14.17 0.00 0.00 2.30 336.90
4513 14.08 0.00 0.00 3.00 334.88
4514 13.93 0.00 0.00 3.00 335.03
4515 13.82 0.00 0.00 2.60 335.25
4516 13.73 0.00 0.00 2.70 339.50
4517 13.95 7.83 0.00 3.00 340.20
4518 15.27 85.06 287.16 4.30 345.19
4519 16.76 176.56 263.59 3.50 350.12
4520 17.62 209.84 72.67 1.50 359.94
4521 19.63 387.36 232.49 1.00 351.77
4522 21.46 489.00 253.54 1.10 354.07
4523 20.55 71.99 0.00 1.50 395.28
4524 20.66 232.41 5.73 2.00 374.10
4525 20.72 238.20 2.03 2.60 371.28
4526 20.94 289.92 12.58 2.60 371.05
4527 21.56 429.18 89.80 3.30 364.21
4528 22.18 466.87 192.92 4.50 358.74
4529 22.37 349.16 125.84 3.30 363.28
4530 22.34 278.61 150.57 4.30 362.93
4531 21.64 119.36 10.08 3.00 384.59
4532 20.81 46.04 0.00 2.00 376.26
4533 19.90 6.71 0.00 1.30 374.24
4534 18.90 0.00 0.00 2.10 381.75
4535 17.81 0.00 0.00 1.40 379.55
4536 16.44 0.00 0.00 1.70 374.93
4537 16.72 0.00 0.00 1.40 376.10
4538 16.18 0.00 0.00 1.30 375.05
4539 15.96 0.00 0.00 2.10 377.96
4540 15.75 0.00 0.00 3.70 376.13
4541 15.76 3.96 0.00 3.70 376.12
4542 15.31 7.94 0.00 3.50 377.59
4543 15.98 31.58 0.00 5.20 378.80
4544 16.97 109.25 0.00 6.90 375.45
4545 18.12 189.66 4.86 5.70 375.71
4546 19.03 222.56 14.12 5.50 376.29
4547 21.53 576.41 291.38 6.00 369.21
4548 22.68 419.18 46.75 6.00 374.07
4549 23.60 429.57 44.88 6.60 373.24
4550 23.53 210.32 4.69 4.50 386.57
4551 23.40 191.12 1.42 3.50 391.17
4552 23.56 281.82 32.19 3.10 381.87
4553 23.97 381.33 204.80 3.00 370.56
4554 24.40 410.05 551.52 2.60 356.28
4555 24.51 307.42 714.32 2.30 350.64
4556 24.06 146.75 610.54 3.50 355.68
4557 23.25 34.24 237.31 2.60 355.95
4558 21.79 0.00 0.00 1.90 357.68
4559 20.34 0.00 0.00 2.40 356.27
4560 18.88 0.00 0.00 2.30 354.05
4561 17.66 0.00 0.00 2.00 352.76
4562 16.38 0.00 0.00 2.10 351.24
4563 15.71 0.00 0.00 1.40 351.59
4564 15.24 0.00 0.00 1.50 350.85
4565 15.39 7.39 0.00 1.50 354.12
4566 16.26 69.33 149.95 2.40 360.35
4567 17.24 141.88 108.64 1.80 360.81
4568 17.41 176.14 25.39 1.10 369.20
4569 18.41 215.21 10.81 1.50 371.19
4570 19.07 231.44 10.50 1.70 375.81
4571 20.49 485.61 187.70 3.00 359.43
4572 21.10 368.05 28.36 2.10 372.47
4573 22.11 533.86 151.13 1.90 366.41
4574 22.92 540.48 166.35 1.90 364.11
4575 23.42 483.40 146.91 1.10 363.98
4576 23.32 287.49 21.81 1.80 369.78
4577 23.22 286.17 37.29 1.00 363.02
4578 22.92 239.13 82.25 1.10 373.37
4579 22.08 78.58 0.00 1.10 396.79
4580 21.25 12.68 0.00 0.90 391.62
4581 20.42 6.31 0.00 0.90 375.62
4582 18.26 0.00 0.00 0.70 367.63
4583 16.10 0.00 0.00 1.30 355.99
4584 13.94 0.00 0.00 1.40 344.38
4585 12.22 0.00 0.00 1.50 338.77
4586 10.34 0.00 0.00 1.50 327.77
4587 9.31 0.00 0.00 1.80 318.75
4588 8.57 0.00 0.00 1.00 311.45
4589 8.76 10.73 0.00 0.90 309.27
4590 10.15 106.23 552.13 0.90 312.44
4591 12.12 254.50 744.03 0.80 314.13
4592 14.40 423.55 862.85 1.70 312.68
4593 16.79 588.67 928.69 2.70 314.01
4594 19.11 733.91 961.62 3.70 316.30
4595 21.25 846.56 979.59 4.00 318.14
4596 23.10 917.12 985.86 4.30 320.00
4597 24.60 944.00 987.33 5.50 321.67
4598 25.70 924.15 982.33 5.20 323.78
4599 26.39 861.07 974.94 5.70 326.89
4600 26.65 757.55 959.53 7.20 331.18
4601 26.49 619.05 929.72 7.50 331.92
4602 25.71 460.32 877.85 6.90 332.28
4603 24.39 292.57 764.39 6.90 335.45
4604 22.68 139.26 568.18 8.70 339.03
4605 20.78 24.22 58.01 9.50 334.81
4606 18.28 0.00 0.00 9.70 334.84
4607 15.78 0.00 0.00 11.80 331.26
4608 13.28 0.00 0.00 10.70 321.69
4609 11.91 0.00 0.00 13.10 318.38
4610 10.41 0.00 0.00 10.00 317.00
4611 9.59 0.00 0.00 11.10 313.18
4612 9.00 0.00 0.00 10.40 313.17
4613 9.19 9.46 0.00 8.70 312.16
4614 10.28 83.65 334.40 8.40 315.75
4615 11.86 202.53 490.03 7.20 316.90
4616 13.75 343.37 598.61 9.00 315.10
4617 15.80 490.98 683.03 9.00 315.44
4618 17.77 608.78 668.87 8.70 317.73
4619 19.60 705.86 663.29 9.30 320.32
4620 21.20 767.69 647.60 7.70 322.05
4621 22.50 793.22 641.34 7.50 322.88
4622 23.41 761.84 621.59 7.70 323.92
4623 23.99 711.20 637.11 7.70 321.67
4624 24.21 628.02 608.31 6.30 322.95
4625 24.11 519.04 628.17 7.70 326.12
4626 23.50 389.28 593.95 8.70 323.54
4627 22.44 253.13 561.27 6.60 326.51
4628 21.04 121.39 418.64 6.00 329.49
4629 19.47 24.46 86.23 6.60 327.59
4630 17.13 0.00 0.00 6.30 326.13
4631 14.80 0.00 0.00 7.20 318.42
4632 12.47 0.00 0.00 8.40 314.24
4633 11.02 0.00 0.00 10.00 312.69
4634 9.43 0.00 0.00 8.10 308.37
4635 8.56 0.00 0.00 9.30 304.16
4636 7.94 0.00 0.00 8.10 298.33
4637 8.10 9.15 0.00 6.90 298.42
4638 9.43 97.77 492.75 6.60 301.95
4639 11.34 238.95 716.90 5.70 302.74
4640 13.56 400.25 840.79 4.80 300.68
4641 15.90 559.91 907.76 3.50 301.94
4642 18.19 701.77 940.11 3.10 300.96
4643 20.30 809.85 952.17 2.00 300.82
4644 22.14 881.02 956.01 2.30 302.95
4645 23.65 908.75 955.70 2.30 307.31
4646 24.78 896.12 957.48 4.80 305.57
4647 25.50 833.80 949.61 6.60 308.96
4648 25.79 733.24 935.56 5.20 309.25
4649 25.68 601.22 909.64 5.70 309.05
4650 24.97 447.33 858.50 6.30 312.94
4651 23.72 285.78 750.78 6.30 318.27
4652 22.09 136.55 564.11 5.20 321.45
4653 20.26 23.41 55.64 5.20 317.24
4654 17.51 0.00 0.00 2.60 322.38
4655 14.77 0.00 0.00 2.30 317.45
4656 12.03 0.00 0.00 1.70 311.72
4657 10.59 0.00 0.00 2.10 306.96
4658 8.96 0.00 0.00 2.70 302.42
4659 8.04 0.00 0.00 3.10 296.57
4660 7.15 0.00 0.00 3.00 294.33
4661 6.49 8.47 0.00 1.80 294.17
4662 8.95 92.00 446.50 1.30 300.54
4663 10.73 227.25 672.95 1.90 301.87
4664 12.68 379.37 787.13 1.00 302.99
4665 14.66 531.46 849.98 1.10 299.52
4666 16.56 664.65 872.26 0.90 303.69
4667 18.23 761.82 860.43 1.80 306.83
4668 19.66 831.74 864.16 2.10 307.50
4669 20.79 860.64 865.56 0.70 310.43
4670 21.57 844.51 860.86 0.50 311.58
4671 22.00 791.01 867.58 0.30 311.59
4672 22.07 698.06 864.17 0.20 313.53
4673 21.73 573.52 847.87 0.10 313.16
4674 20.86 428.75 808.46 0.30 312.41
4675 19.54 275.01 710.93 0.40 315.54
4676 17.91 133.38 544.00 0.20 319.60
4677 16.11 23.29 58.54 0.20 316.07
4678 13.92 0.00 0.00 0.20 313.39
4679 11.73 0.00 0.00 0.10 308.04
4680 9.54 0.00 0.00 0.20 300.40
4681 8.44 0.00 0.00 0.30 300.11
4682 7.19 0.00 0.00 0.40 296.25
4683 6.47 0.00 0.00 0.60 293.60
4684 5.76 0.00 0.00 0.80 289.59
4685 5.23 7.81 0.00 0.40 287.76
4686 7.77 93.45 477.81 0.90 296.77
4687 9.67 232.14 704.57 0.40 295.94
4688 11.76 390.62 827.59 0.50 295.31
4689 13.87 544.20 886.73 0.50 293.79
4690 15.86 678.11 907.99 0.90 290.62
4691 17.68 787.20 923.13 0.80 292.57
4692 19.21 855.55 922.01 1.10 295.47
4693 20.43 884.18 922.04 1.00 303.01
4694 21.28 870.60 923.43 1.50 304.99
4695 21.76 812.05 919.18 1.30 302.94
4696 21.84 712.81 903.91 1.30 307.14
4697 21.49 584.10 880.55 1.40 309.64
4698 20.59 435.79 836.23 1.10 315.51
4699 19.21 278.00 731.47 0.80 318.42
4700 17.50 131.93 546.35 0.40 318.39
4701 15.63 21.70 42.60 0.90 314.21
4702 13.75 0.00 0.00 1.30 316.41
4703 11.88 0.00 0.00 1.70 310.26
4704 10.00 0.00 0.00 1.00 305.13
4705 9.15 0.00 0.00 1.50 303.43
4706 8.12 0.00 0.00 1.40 299.82
4707 7.53 0.00 0.00 0.90 296.26
4708 6.96 0.00 0.00 0.50 294.00
4709 6.52 7.12 0.00 0.60 293.33
4710 9.02 87.93 396.92 0.90 302.81
4711 10.91 221.41 663.55 1.30 304.98
4712 13.02 376.19 790.09 1.30 307.92
4713 15.15 527.37 849.81 1.30 301.75
4714 17.20 663.87 880.34 0.50 306.45
4715 19.07 771.73 894.93 0.60 313.87
4716 20.65 838.44 889.54 0.70 315.61
4717 21.90 865.00 884.42 1.50 317.83
4718 22.78 849.64 881.83 0.90 325.92
4719 23.28 796.96 890.11 1.00 327.01
4720 23.40 701.48 881.09 1.10 328.64
4721 23.08 573.81 857.64 1.30 328.34
4722 22.20 427.58 815.02 0.70 328.96
4723 20.84 273.95 720.11 0.70 331.27
4724 19.14 129.32 535.64 1.40 335.13
4725 17.27 21.25 37.62 1.40 335.69
4726 16.01 0.00 0.00 1.50 339.42
4727 14.75 0.00 0.00 1.10 337.93
4728 13.49 0.00 0.00 2.30 335.35
4729 13.17 0.00 0.00 3.30 331.17
4730 12.79 0.00 0.00 3.00 331.73
4731 12.58 0.00 0.00 3.70 333.79
4732 12.37 0.00 0.00 3.10 333.51
4733 12.21 5.15 0.00 3.50 340.12
4734 13.67 49.14 37.86 3.70 347.45
4735 14.35 119.47 55.59 4.00 351.45
4736 15.91 206.74 71.10 4.00 353.85
4737 16.69 232.75 25.66 4.30 356.09
4738 18.19 403.88 149.21 3.70 349.30
4739 18.73 316.57 23.93 3.70 363.02
4740 19.64 438.50 83.48 4.50 359.00
4741 20.94 603.97 258.55 3.70 349.99
4742 21.98 614.64 283.67 3.70 354.21
4743 22.31 456.23 122.72 3.50 362.52
4744 22.58 458.55 177.79 4.00 358.60
4745 22.51 349.11 137.36 6.30 360.77
4746 21.88 209.91 29.50 7.20 367.15
4747 21.05 133.09 50.38 4.80 365.60
4748 19.90 11.97 0.00 5.20 380.62
4749 18.77 7.79 0.00 3.70 387.07
4750 17.72 0.00 0.00 4.30 379.57
4751 16.66 0.00 0.00 4.80 374.94
4752 15.56 0.00 0.00 5.50 372.77
4753 14.73 0.00 0.00 5.70 367.39
4754 13.78 0.00 0.00 5.50 359.85
4755 13.30 0.00 0.00 4.30 356.51
4756 12.79 0.00 0.00 6.60 352.35
4757 12.42 3.59 0.00 4.80 348.84
4758 13.31 36.40 0.00 3.50 347.58
4759 14.13 103.87 16.24 2.70 345.49
4760 15.34 214.67 85.99 2.30 340.30
4761 16.76 342.23 142.65 3.00 336.68
4762 17.95 411.73 153.39 3.30 339.61
4763 19.08 492.19 165.89 4.30 341.47
4764 19.91 505.34 145.50 5.20 347.57
4765 20.43 483.65 105.02 4.50 351.19
4766 20.75 462.79 97.25 4.50 352.27
4767 20.53 324.62 22.74 5.70 370.89
4768 20.12 349.52 40.33 4.30 376.06
4769 20.08 240.76 18.47 3.70 369.83
4770 19.51 196.81 30.27 3.30 355.45
4771 18.46 72.08 0.00 4.00 374.24
4772 17.60 9.94 0.00 2.60 381.88
4773 16.72 9.73 0.00 2.60 373.62
4774 15.62 0.00 0.00 2.70 360.16
4775 14.51 0.00 0.00 2.70 354.24
4776 13.41 0.00 0.00 3.10 348.94
4777 12.83 0.00 0.00 2.40 344.90
4778 12.12 0.00 0.00 1.40 338.61
4779 11.69 0.00 0.00 1.80 333.75
4780 11.27 0.00 0.00 1.90 327.94
4781 10.94 5.44 0.00 1.80 325.71
4782 13.11 74.07 348.20 2.40 334.14
4783 14.93 199.02 564.71 2.60 335.36
4784 17.00 348.85 695.25 1.80 338.59
4785 19.11 494.89 756.35 1.10 332.64
4786 21.17 630.18 795.66 1.50 340.40
4787 23.02 732.71 799.79 1.40 345.21
4788 24.59 794.98 779.46 1.70 349.23
4789 25.83 819.61 766.19 1.30 357.73
4790 26.71 806.76 769.98 1.40 360.67
4791 27.21 748.41 758.73 1.40 362.13
4792 27.33 656.66 754.26 2.60 364.38
4793 27.03 536.81 745.86 3.00 368.41
4794 26.17 394.92 697.97 2.10 370.87
4795 24.84 242.18 567.00 2.70 373.78
4796 23.19 107.25 354.47 3.50 377.05
4797 21.43 18.57 5.27 4.00 374.28
4798 20.66 0.00 0.00 4.30 378.05
4799 19.90 0.00 0.00 3.50 375.81
4800 19.13 0.00 0.00 2.30 375.18
4801 19.15 0.00 0.00 2.40 377.55
4802 19.19 0.00 0.00 1.70 377.76
4803 19.22 0.00 0.00 1.10 379.81
4804 19.18 0.00 0.00 1.80 385.17
4805 19.22 1.79 0.00 1.70 388.57
4806 20.21 27.72 0.00 1.80 394.53
4807 19.99 28.04 0.00 0.80 403.37
4808 20.03 56.49 0.00 1.10 400.29
4809 21.00 86.76 0.00 0.80 400.55
4810 21.64 143.11 0.00 2.10 398.62
4811 22.52 215.41 5.53 2.10 400.07
4812 23.32 254.73 2.36 2.30 402.79
4813 23.86 240.85 6.16 3.30 394.97
4814 24.93 412.77 44.70 4.50 385.87
4815 25.48 319.99 19.12 3.70 389.52
4816 25.88 302.85 21.48 4.00 395.01
4817 26.01 264.34 32.17 5.70 406.55
4818 25.93 196.94 31.90 4.00 410.61
4819 24.37 69.34 0.00 3.00 419.36
4820 24.61 9.17 0.00 2.70 427.90
4821 24.25 6.54 0.00 3.70 419.78
4822 23.16 0.00 0.00 4.50 410.07
4823 22.16 0.00 0.00 5.50 405.54
4824 21.04 0.00 0.00 5.50 397.40
4825 19.80 0.00 0.00 3.50 389.54
4826 18.43 0.00 0.00 2.30 379.77
4827 17.68 0.00 0.00 2.10 372.55
4828 16.94 0.00 0.00 2.30 365.41
4829 16.40 4.08 0.00 2.30 359.57
4830 18.06 65.66 290.14 2.70 366.55
4831 19.58 187.10 503.32 4.00 361.66
4832 21.15 312.75 526.76 4.80 365.28
4833 22.88 462.84 652.50 6.00 359.04
4834 24.52 581.75 627.61 4.80 363.22
4835 25.98 670.96 593.00 4.00 365.68
4836 27.23 736.39 633.59 4.80 367.86
4837 28.25 767.80 639.96 6.30 372.57
4838 28.96 750.33 630.45 5.70 372.78
4839 29.34 687.74 581.66 4.30 374.24
4840 29.48 629.85 655.03 5.70 375.97
4841 29.20 489.74 583.92 4.00 381.43
4842 28.42 345.64 474.53 4.00 386.44
4843 27.29 206.92 369.89 4.00 386.67
4844 25.93 92.46 223.02 3.00 389.19
4845 24.51 15.31 0.00 2.00 387.11
4846 23.24 0.00 0.00 1.80 391.59
4847 21.96 0.00 0.00 0.90 389.63
4848 20.69 0.00 0.00 1.00 387.08
4849 20.11 0.00 0.00 1.30 384.82
4850 19.52 0.00 0.00 0.80 385.94
4851 19.22 0.00 0.00 0.90 388.09
4852 18.92 0.00 0.00 1.00 391.24
4853 18.72 1.09 0.00 0.70 393.88
4854 18.09 9.88 0.00 1.00 392.79
4855 18.94 38.57 0.00 1.70 394.75
4856 19.56 63.82 0.00 2.40 397.37
4857 20.43 178.00 5.47 3.70 393.16
4858 21.71 341.81 81.47 3.50 385.21
4859 22.81 403.71 78.58 3.10 387.57
4860 23.82 468.33 114.93 4.30 380.34
4861 24.77 536.04 169.63 3.50 378.19
4862 25.00 341.59 22.16 3.70 388.37
4863 24.93 293.08 16.20 3.50 402.33
4864 24.29 79.55 0.00 3.00 419.74
4865 23.75 136.32 0.00 2.70 412.49
4866 23.30 41.52 0.00 3.50 414.82
4867 22.64 22.38 0.00 2.60 411.78
4868 22.19 16.61 0.00 4.30 407.33
4869 21.68 3.28 0.00 4.50 400.79
4870 20.73 0.00 0.00 4.80 391.61
4871 19.77 0.00 0.00 4.50 382.56
4872 18.82 0.00 0.00 7.50 374.82
4873 17.91 0.00 0.00 6.30 371.76
4874 16.87 0.00 0.00 6.60 364.41
4875 16.29 0.00 0.00 8.10 357.85
4876 15.71 0.00 0.00 8.10 351.37
4877 15.29 3.12 0.00 7.20 345.84
4878 17.18 77.37 462.97 6.60 351.12
4879 18.89 218.20 705.84 3.70 349.33
4880 20.86 388.40 842.79 3.10 347.90
4881 22.82 548.28 914.78 2.70 345.58
4882 24.67 686.16 944.69 3.30 346.71
4883 26.57 849.38 791.57 3.50 345.87
4884 26.46 463.73 121.95 3.10 377.21
4885 26.30 469.72 86.97 3.10 390.31
4886 26.24 465.70 101.89 3.70 377.04
4887 25.77 385.23 41.05 5.20 381.16
4888 25.10 318.49 27.63 5.20 382.24
4889 24.27 252.89 27.64 4.80 385.59
4890 23.33 186.93 23.41 5.20 381.53
4891 22.05 112.18 8.54 7.90 391.64
4892 21.13 45.36 0.00 7.90 390.93
4893 20.02 7.81 0.00 6.00 378.50
4894 18.84 0.00 0.00 5.20 374.49
4895 17.67 0.00 0.00 3.00 366.91
4896 16.50 0.00 0.00 3.00 359.14
4897 16.03 0.00 0.00 2.70 353.13
4898 15.48 0.00 0.00 2.70 351.41
4899 15.18 0.00 0.00 3.10 347.48
4900 14.87 0.00 0.00 2.30 344.00
4901 14.64 2.51 0.00 2.30 344.22
4902 16.49 71.63 402.99 2.40 351.11
4903 18.27 209.54 661.14 3.00 350.16
4904 20.49 396.19 831.12 3.30 350.66
4905 22.78 578.25 925.71 1.50 348.24
4906 24.70 686.36 946.78 1.50 350.79
4907 26.48 800.97 777.06 1.50 351.48
4908 26.02 398.30 74.31 1.40 379.35
4909 25.54 375.90 26.31 1.70 381.49
4910 25.33 413.25 38.69 1.70 379.31
4911 24.96 370.61 41.27 2.30 380.07
4912 24.38 312.15 29.39 1.90 392.21
4913 23.74 262.52 33.52 1.70 383.39
4914 22.94 199.50 33.97 2.40 380.11
4915 22.00 120.94 15.82 2.00 380.68
4916 20.95 49.25 0.00 1.80 383.84
4917 19.61 8.34 0.00 2.30 385.46
4918 19.11 0.00 0.00 2.70 380.36
4919 18.45 0.00 0.00 1.80 379.10
4920 17.73 0.00 0.00 2.40 375.17
4921 16.96 0.00 0.00 2.10 371.41
4922 16.03 0.00 0.00 0.60 365.71
4923 16.68 0.00 0.00 0.60 367.99
4924 16.42 0.00 0.00 0.30 366.60
4925 16.43 1.02 0.00 0.40 365.47
4926 17.65 41.67 76.57 0.40 369.47
4927 18.57 111.92 61.96 0.40 368.21
4928 19.59 194.15 65.29 1.00 370.80
4929 20.90 315.39 142.12 1.70 373.27
4930 21.64 308.14 34.19 1.80 383.98
4931 22.35 359.01 33.29 1.40 387.79
4932 22.70 318.36 32.13 0.90 382.23
4933 21.81 79.33 0.00 1.10 383.96
4934 21.06 68.89 0.00 1.50 380.67
4935 20.77 152.00 0.62 1.80 386.17
4936 20.86 227.05 9.25 1.90 387.02
4937 21.03 235.29 18.71 2.70 383.90
4938 20.94 172.91 15.74 3.30 384.31
4939 20.67 114.93 18.94 3.30 382.99
4940 20.19 30.38 0.00 3.70 389.98
4941 19.68 4.25 0.00 4.80 384.85
4942 18.46 0.00 0.00 5.20 375.56
4943 17.23 0.00 0.00 3.70 366.39
4944 16.01 0.00 0.00 3.50 357.34
4945 14.86 0.00 0.00 3.30 349.68
4946 13.54 0.00 0.00 3.30 341.65
4947 12.80 0.00 0.00 4.50 336.41
4948 12.06 0.00 0.00 4.80 332.93
4949 11.51 1.74 0.00 4.00 328.12
4950 13.00 56.48 204.36 4.80 332.62
4951 14.37 161.29 395.88 3.50 336.07
4952 16.12 305.69 550.60 3.00 335.72
4953 17.94 444.45 586.70 4.50 336.15
4954 19.61 556.29 581.41 4.80 340.26
4955 21.18 658.90 590.75 3.70 341.18
4956 22.59 741.75 648.79 4.00 342.32
4957 23.72 771.13 650.95 3.30 346.42
4958 24.55 767.60 684.11 4.50 350.06
4959 25.00 705.25 658.79 4.80 354.31
4960 25.10 616.80 662.66 5.70 360.59
4961 24.84 504.01 674.18 5.50 358.42
4962 24.09 370.04 642.12 4.30 361.99
4963 22.87 218.42 504.76 2.70 363.96
4964 21.38 91.76 288.62 1.10 367.16
4965 19.81 12.05 0.00 0.60 363.82
4966 19.08 0.00 0.00 0.50 370.65
4967 18.35 0.00 0.00 0.50 371.56
4968 17.62 0.00 0.00 0.80 371.71
4969 17.80 0.00 0.00 0.70 376.09
4970 18.04 0.00 0.00 0.40 382.05
4971 18.15 0.00 0.00 1.10 385.55
4972 18.26 0.00 0.00 0.60 388.41
4973 18.28 0.19 0.00 1.30 390.41
4974 18.61 6.49 0.00 1.00 395.41
4975 18.85 18.74 0.00 0.40 392.99
4976 19.19 37.96 0.00 0.90 394.79
4977 19.49 56.18 0.00 0.70 394.78
4978 19.82 70.38 0.00 1.10 395.71
4979 20.16 88.37 0.00 0.80 396.28
4980 20.37 94.01 0.00 1.30 398.48
4981 20.52 97.79 0.00 1.40 398.34
4982 20.78 95.88 0.00 2.00 397.98
4983 20.83 88.91 0.00 2.10 398.35
4984 20.78 80.19 0.00 1.70 400.62
4985 20.63 63.08 0.00 1.80 400.09
4986 20.63 45.60 0.00 1.80 400.40
4987 20.58 27.18 0.00 2.10 400.72
4988 19.90 12.60 0.00 1.70 396.93
4989 18.38 1.58 0.00 1.50 389.66
4990 19.39 0.00 0.00 1.80 387.45
4991 18.42 0.00 0.00 1.80 383.85
4992 18.85 0.00 0.00 2.30 377.93
4993 17.22 0.00 0.00 2.10 372.18
4994 15.29 0.00 0.00 1.10 357.73
4995 14.22 0.00 0.00 1.40 348.61
4996 13.16 0.00 0.00 2.40 339.62
4997 12.38 1.24 0.00 2.40 332.41
4998 13.86 61.20 339.43 1.80 337.88
4999 15.42 189.96 627.84 1.30 336.72
5000 17.22 344.87 776.58 1.40 338.72
5001 19.18 514.07 796.09 1.90 344.01
5002 20.59 572.65 545.82 1.80 356.56
5003 20.83 430.99 125.09 1.90 361.89
5004 21.54 586.06 276.02 2.30 345.48
5005 22.63 760.93 534.59 2.70 339.37
5006 22.70 528.96 202.40 4.30 365.32
5007 23.39 756.40 704.69 4.30 337.92
5008 23.59 633.61 722.98 3.30 334.81
5009 23.44 507.64 660.78 2.70 333.37
5010 22.97 412.95 706.40 3.50 328.70
5011 21.85 203.83 348.35 2.70 338.43
5012 20.36 46.50 16.37 2.10 352.75
5013 18.93 7.81 0.00 1.90 346.89
5014 16.59 0.00 0.00 1.80 344.47
5015 14.25 0.00 0.00 2.40 335.00
5016 11.91 0.00 0.00 2.60 327.14
5017 10.65 0.00 0.00 3.50 323.06
5018 9.24 0.00 0.00 3.70 316.61
5019 8.46 0.00 0.00 3.70 311.07
5020 7.68 0.00 0.00 4.80 305.87
5021 7.14 0.00 0.00 4.00 298.85
5022 8.45 52.15 211.86 3.00 301.25
5023 9.92 165.82 477.71 2.00 302.05
5024 11.70 312.88 624.91 1.90 302.55
5025 13.48 448.44 661.34 1.10 299.72
5026 15.23 578.12 691.30 1.80 302.12
5027 16.73 658.22 626.08 2.60 306.07
5028 17.92 698.91 555.59 2.30 307.70
5029 18.90 733.72 597.40 2.40 305.67
5030 19.56 712.05 551.03 2.40 308.72
5031 19.85 639.12 502.64 2.40 306.82
5032 19.88 569.61 528.12 1.90 308.92
5033 19.54 460.37 499.92 2.60 309.41
5034 18.76 333.66 472.08 2.00 309.69
5035 17.62 202.60 404.03 2.10 310.03
5036 16.22 80.91 244.58 2.30 312.12
5037 14.75 8.73 0.00 1.90 309.23
5038 12.89 0.00 0.00 1.40 310.48
5039 11.03 0.00 0.00 1.30 304.20
5040 9.16 0.00 0.00 0.50 298.68
5041 8.14 0.00 0.00 0.50 296.58
5042 6.97 0.00 0.00 0.50 293.11
5043 6.30 0.00 0.00 1.40 292.27
5044 5.62 0.00 0.00 2.70 289.84
5045 5.11 0.00 0.00 2.70 286.30
5046 6.34 51.86 222.90 2.40 288.64
5047 7.72 168.46 516.16 2.60 292.07
5048 9.47 319.57 683.40 3.70 292.49
5049 11.32 472.56 774.85 3.30 293.30
5050 13.09 606.32 805.53 2.60 294.27
5051 14.73 718.38 835.63 3.00 295.23
5052 16.14 792.89 850.06 3.30 298.88
5053 17.23 814.05 825.79 2.70 303.26
5054 17.98 798.32 820.40 3.70 307.88
5055 18.39 740.21 812.78 4.00 311.99
5056 18.46 644.64 799.10 3.00 313.13
5057 18.11 515.26 761.02 3.00 314.27
5058 17.27 369.34 695.99 2.70 315.02
5059 16.01 218.94 578.95 4.00 317.68
5060 14.49 88.35 386.59 4.50 324.14
5061 13.00 8.12 0.00 5.50 319.52
5062 11.52 0.00 0.00 6.30 316.28
5063 10.03 0.00 0.00 5.50 311.04
5064 8.54 0.00 0.00 6.00 305.34
5065 8.06 0.00 0.00 6.00 298.63
5066 7.49 0.00 0.00 6.30 295.47
5067 7.19 0.00 0.00 7.20 294.74
5068 6.86 0.00 0.00 5.20 293.78
5069 6.61 0.00 0.00 3.30 297.14
5070 8.05 50.55 225.57 2.70 301.90
5071 9.76 166.11 513.57 2.10 307.37
5072 11.82 316.51 681.31 2.60 307.70
5073 14.02 471.67 782.41 2.70 307.40
5074 16.15 608.51 822.60 3.70 309.02
5075 18.10 716.91 839.24 3.30 312.50
5076 19.79 790.54 850.79 3.70 317.08
5077 21.15 818.97 848.01 3.10 318.23
5078 22.14 804.42 846.65 3.00 316.73
5079 22.72 743.78 832.71 3.00 316.29
5080 22.88 640.56 794.64 2.70 319.82
5081 22.59 512.66 761.95 4.30 322.04
5082 21.73 364.32 682.02 4.50 322.54
5083 20.41 212.30 550.38 6.60 324.06
5084 18.78 80.08 275.34 4.30 329.08
5085 17.27 6.97 0.00 3.50 329.47
5086 15.77 0.00 0.00 2.10 331.07
5087 14.63 0.00 0.00 2.70 328.09
5088 13.48 0.00 0.00 2.10 325.20
5089 12.41 0.00 0.00 1.70 309.29
5090 11.27 0.00 0.00 2.70 306.12
5091 10.13 0.00 0.00 2.70 300.57
5092 9.52 0.00 0.00 2.90 296.12
5093 9.07 0.00 0.00 2.40 291.88
5094 10.85 50.39 283.35 1.30 296.20
5095 13.01 171.49 537.03 1.60 301.25
5096 15.60 327.47 720.24 2.00 303.64
5097 18.33 485.60 833.27 1.40 306.05
5098 21.00 629.80 889.13 2.00 309.96
5099 23.46 744.79 916.87 1.70 313.97
5100 25.59 819.18 925.27 2.00 317.79
5101 27.27 843.60 915.14 1.60 321.34
5102 28.48 826.80 909.82 1.10 323.98
5103 29.21 770.38 909.93 1.40 325.74
5104 29.44 667.81 886.85 1.70 327.33
5105 29.08 532.13 842.93 2.10 328.56
5106 28.01 376.83 752.11 1.10 329.43
5107 26.34 217.16 595.03 0.50 333.84
5108 24.30 81.87 367.23 0.70 340.28
5109 22.27 6.19 0.00 0.50 341.76
5110 20.24 0.00 0.00 0.10 345.38
5111 18.21 0.00 0.00 0.30 338.11
5112 16.18 0.00 0.00 0.30 334.56
5113 14.81 0.00 0.00 0.30 323.67
5114 13.22 0.00 0.00 0.70 317.50
5115 12.32 0.00 0.00 1.00 312.27
5116 11.42 0.00 0.00 0.90 310.32
5117 10.74 0.00 0.00 0.60 313.74
5118 12.65 55.34 372.71 0.60 318.94
5119 14.86 181.68 638.60 0.60 323.72
5120 17.44 336.07 660.77 1.30 328.22
5121 18.94 370.45 332.02 1.80 335.14
5122 20.48 463.91 312.71 1.60 339.65
5123 22.73 666.87 572.72 1.80 333.91
5124 23.10 452.60 126.33 2.00 349.59
5125 23.72 535.37 193.36 1.80 343.61
5126 23.91 478.04 132.60 2.40 346.09
5127 24.28 545.07 260.86 3.30 340.06
5128 24.01 393.19 140.74 5.09 350.16
5129 23.97 461.19 477.50 5.09 336.37
5130 23.76 414.09 717.61 6.49 329.73
5131 22.82 258.00 732.86 6.09 329.27
5132 21.29 99.15 486.97 5.19 332.35
5133 19.09 7.64 0.00 4.19 330.59
5134 16.90 0.00 0.00 4.89 327.95
5135 14.70 0.00 0.00 3.49 320.89
5136 12.50 0.00 0.00 2.70 315.35
5137 11.51 0.00 0.00 2.40 312.81
5138 10.40 0.00 0.00 1.80 310.49
5139 9.78 0.00 0.00 2.10 308.29
5140 9.16 0.00 0.00 0.70 307.05
5141 8.71 0.00 0.00 0.40 305.16
5142 10.19 42.03 192.84 1.00 311.23
5143 12.22 154.33 472.73 0.60 319.89
5144 14.64 298.30 616.02 1.40 323.43
5145 17.23 448.81 722.42 2.00 325.02
5146 19.75 581.87 756.76 2.20 326.02
5147 22.12 697.62 803.09 3.10 330.73
5148 24.16 767.15 803.73 3.49 332.78
5149 25.82 800.87 818.25 2.90 337.88
5150 27.03 786.97 819.06 3.10 344.85
5151 27.70 716.31 751.48 3.69 349.37
5152 27.85 609.11 712.24 3.49 351.04
5153 27.44 482.67 675.99 1.60 350.75
5154 26.35 338.17 597.83 1.70 347.52
5155 24.70 189.54 445.56 2.40 350.60
5156 22.74 68.50 226.71 2.10 357.82
5157 20.54 4.50 0.00 2.00 348.42
5158 18.34 0.00 0.00 2.20 348.85
5159 16.14 0.00 0.00 2.40 337.08
5160 13.93 0.00 0.00 2.70 327.96
5161 12.42 0.00 0.00 2.90 321.55
5162 10.71 0.00 0.00 2.40 313.56
5163 9.75 0.00 0.00 2.70 309.06
5164 8.79 0.00 0.00 3.49 302.82
5165 8.09 0.00 0.00 3.49 301.81
5166 9.23 35.96 172.44 2.40 306.27
5167 11.41 164.57 579.81 1.70 314.31
5168 13.92 319.44 749.59 1.30 319.98
5169 16.55 479.12 847.88 1.10 321.16
5170 19.11 621.95 893.46 1.10 326.24
5171 21.45 734.66 913.62 2.10 332.28
5172 23.44 807.86 919.94 2.40 335.80
5173 25.03 837.24 919.62 2.40 337.13
5174 26.15 821.06 916.05 3.69 339.43
5175 26.79 760.02 906.92 2.90 339.69
5176 26.93 661.35 893.67 3.10 345.64
5177 26.51 525.25 850.96 4.59 346.62
5178 25.38 370.71 772.31 3.89 349.34
5179 23.67 212.70 637.20 3.49 351.60
5180 21.59 76.90 382.42 2.90 357.08
5181 20.02 3.85 0.00 2.90 356.38
5182 18.45 0.00 0.00 3.49 358.05
5183 16.88 0.00 0.00 3.30 355.68
5184 15.31 0.00 0.00 3.69 351.45
5185 14.78 0.00 0.00 5.49 351.75
5186 14.33 0.00 0.00 5.49 351.31
5187 14.13 0.00 0.00 6.09 354.88
5188 13.89 0.00 0.00 6.49 355.78
5189 13.72 0.00 0.00 8.39 356.83
5190 14.29 16.82 0.00 5.79 361.82
5191 14.75 42.83 0.00 5.19 366.56
5192 14.48 27.31 0.00 4.19 371.95
5193 15.62 131.19 0.00 4.89 366.05
5194 16.51 163.40 0.60 4.59 369.22
5195 16.91 207.03 5.96 2.70 370.99
5196 17.92 230.45 1.88 3.10 374.72
5197 17.94 290.91 11.59 3.10 373.33
5198 19.28 283.05 11.72 3.30 379.61
5199 20.09 331.65 24.14 3.69 379.70
5200 20.26 285.04 24.75 4.19 383.31
5201 20.53 229.86 17.89 3.49 383.55
5202 20.31 125.24 0.00 3.30 388.38
5203 19.80 72.94 0.00 2.20 386.83
5204 19.13 26.78 0.00 2.90 385.11
5205 17.94 1.43 0.00 3.10 375.96
5206 16.72 0.00 0.00 2.90 366.78
5207 15.51 0.00 0.00 4.39 357.71
5208 14.29 0.00 0.00 5.09 348.77
5209 13.14 0.00 0.00 4.59 343.34
5210 11.86 0.00 0.00 3.49 336.52
5211 11.15 0.00 0.00 5.19 330.36
5212 10.45 0.00 0.00 4.89 324.33
5213 9.94 0.00 0.00 4.59 319.76
5214 10.96 30.90 119.77 3.89 320.90
5215 12.81 138.29 415.96 3.30 325.09
5216 14.73 250.03 386.02 3.89 328.81
5217 16.97 396.01 495.27 3.89 326.84
5218 18.94 487.14 434.80 2.00 332.06
5219 20.96 608.69 527.83 2.70 335.10
5220 22.43 621.18 396.34 2.20 340.89
5221 23.47 613.67 331.03 1.60 346.39
5222 24.51 677.98 529.21 2.00 346.33
5223 25.19 642.26 565.81 2.00 345.10
5224 25.34 531.64 461.01 1.80 346.16
5225 24.85 384.35 319.22 2.10 344.97
5226 24.00 299.92 445.72 2.90 343.59
5227 22.68 170.80 373.75 2.90 345.20
5228 21.03 54.38 169.67 3.49 349.42
5229 19.16 2.57 0.00 2.40 344.25
5230 17.29 0.00 0.00 3.30 341.93
5231 15.42 0.00 0.00 4.19 334.64
5232 13.56 0.00 0.00 4.89 326.39
5233 12.40 0.00 0.00 4.19 323.61
5234 11.11 0.00 0.00 4.59 319.41
5235 10.40 0.00 0.00 4.39 312.70
5236 9.69 0.00 0.00 3.30 308.80
5237 9.18 0.00 0.00 2.40 305.77
5238 10.24 31.58 143.13 2.70 308.63
5239 12.47 156.71 580.08 1.80 314.72
5240 15.04 308.86 740.43 1.60 318.07
5241 17.69 460.20 816.29 3.10 316.29
5242 20.23 592.47 836.81 2.90 322.29
5243 22.51 693.83 829.08 4.39 325.26
5244 24.49 765.11 834.23 5.79 326.47
5245 26.05 788.46 816.28 5.79 328.93
5246 27.17 771.07 806.76 5.09 334.03
5247 27.83 718.95 820.68 3.30 334.16
5248 28.02 620.26 800.42 4.39 337.45
5249 27.64 491.04 764.30 3.30 336.49
5250 26.59 345.72 700.96 4.19 337.06
5251 24.97 195.35 580.20 3.89 336.29
5252 23.01 67.43 331.35 2.90 338.93
5253 20.58 2.02 0.00 1.40 333.71
5254 18.14 0.00 0.00 2.00 330.13
5255 15.71 0.00 0.00 2.40 321.94
5256 13.27 0.00 0.00 3.10 312.24
5257 11.57 0.00 0.00 3.69 307.99
5258 9.66 0.00 0.00 3.49 302.90
5259 8.60 0.00 0.00 2.20 296.56
5260 7.54 0.00 0.00 2.70 292.42
5261 6.80 0.00 0.00 3.89 288.52
5262 7.65 30.04 98.06 3.49 289.76
5263 10.17 179.92 654.36 2.90 295.92
5264 12.95 351.24 815.19 4.89 298.59
5265 15.80 522.59 911.10 4.89 299.43
5266 18.52 672.92 954.91 5.79 302.79
5267 20.95 787.35 977.50 7.19 307.92
5268 23.03 862.73 988.84 7.79 311.51
5269 24.65 888.35 990.54 7.79 316.28
5270 25.77 866.48 985.94 4.59 318.33
5271 26.37 795.07 972.51 4.39 320.73
5272 26.46 683.77 949.61 4.39 322.82
5273 25.91 537.97 907.82 3.30 325.27
5274 24.65 375.06 826.90 4.59 327.50
5275 22.79 207.47 662.99 4.59 331.76
5276 20.58 67.25 378.31 2.70 336.54
5277 18.72 1.34 0.00 2.90 336.20
5278 16.86 0.00 0.00 1.60 333.63
5279 15.00 0.00 0.00 1.40 328.31
5280 13.14 0.00 0.00 1.10 320.98
5281 12.44 0.00 0.00 2.10 317.65
5282 11.68 0.00 0.00 1.60 316.17
5283 11.28 0.00 0.00 3.10 315.78
5284 10.87 0.00 0.00 3.49 314.38
5285 10.58 0.00 0.00 3.10 314.97
5286 11.55 27.88 80.72 2.90 318.94
5287 13.96 161.29 633.41 3.49 327.56
5288 16.65 318.23 790.72 3.10 335.09
5289 19.41 474.63 874.27 3.49 335.67
5290 22.08 614.55 909.68 3.30 338.16
5291 24.47 718.02 910.59 5.09 345.21
5292 26.52 785.53 905.37 6.49 349.29
5293 28.18 814.24 904.15 5.79 352.35
5294 29.39 799.77 904.92 6.49 350.49
5295 30.12 736.88 891.61 6.49 355.48
5296 30.37 635.87 872.76 6.49 357.18
5297 30.07 506.67 847.26 6.49 356.86
5298 29.08 355.41 778.62 6.09 357.10
5299 27.53 199.88 644.75 6.49 360.27
5300 25.62 65.53 351.06 7.19 366.74
5301 23.79 1.05 0.00 5.39 362.18
5302 21.96 0.00 0.00 7.19 365.36
5303 20.14 0.00 0.00 5.79 355.84
5304 18.31 0.00 0.00 6.49 350.46
5305 16.79 0.00 0.00 8.39 341.04
5306 15.10 0.00 0.00 6.09 333.25
5307 14.16 0.00 0.00 5.79 326.49
5308 13.23 0.00 0.00 8.39 322.33
5309 12.55 0.00 0.00 5.79 320.06
5310 13.23 25.96 65.98 4.59 321.97
5311 15.49 174.29 503.16 4.39 330.44
5312 17.30 280.98 524.53 3.89 338.70
5313 19.59 459.99 769.68 4.59 335.94
5314 22.50 704.95 900.03 3.89 331.13
5315 24.83 785.43 784.33 3.89 339.37
5316 24.85 448.44 121.05 4.19 366.45
5317 25.14 522.44 199.38 3.89 362.13
5318 25.21 494.71 169.38 5.09 362.38
5319 25.08 444.05 133.35 3.89 365.60
5320 24.59 372.01 118.20 4.59 364.54
5321 23.52 236.82 34.24 3.69 369.57
5322 22.43 199.83 79.28 4.59 363.67
5323 21.12 111.47 64.62 3.30 367.48
5324 19.70 41.82 122.38 2.70 366.20
5325 18.26 0.00 0.00 2.90 366.66
5326 16.83 0.00 0.00 2.10 360.54
5327 15.39 0.00 0.00 1.80 355.12
5328 13.95 0.00 0.00 2.20 350.93
5329 13.48 0.00 0.00 3.10 349.57
5330 13.02 0.00 0.00 2.20 348.30
5331 12.80 0.00 0.00 2.90 349.04
5332 12.57 0.00 0.00 2.70 349.70
5333 12.42 0.00 0.00 2.40 349.73
5334 13.43 29.88 93.30 2.90 356.01
5335 13.51 34.21 0.00 2.90 356.14
5336 16.57 303.01 509.17 2.70 333.16
5337 19.90 514.88 690.08 2.40 331.80
5338 21.00 383.04 209.73 2.00 355.19
5339 20.08 89.42 0.00 1.40 379.12
5340 19.30 63.38 0.00 2.70 380.36
5341 19.27 193.03 13.55 2.20 371.46
5342 21.85 888.12 698.11 1.60 334.97
5343 23.70 823.32 790.07 1.80 338.33
5344 23.48 289.35 100.51 2.00 373.26
5345 22.11 41.45 0.00 2.40 387.44
5346 20.84 29.18 0.00 2.20 394.64
5347 19.97 56.66 0.00 1.80 389.97
5348 19.16 56.09 182.46 4.59 376.67
5349 17.98 0.00 0.00 4.89 364.83
5350 16.78 0.00 0.00 4.59 366.78
5351 15.39 0.00 0.00 3.49 359.07
5352 14.44 0.00 0.00 3.49 352.19
5353 13.23 0.00 0.00 2.40 345.27
5354 11.98 0.00 0.00 3.10 337.68
5355 11.31 0.00 0.00 2.40 334.07
5356 10.48 0.00 0.00 1.70 328.49
5357 10.34 0.00 0.00 2.40 325.59
5358 11.36 28.28 115.11 3.30 328.39
5359 12.75 105.14 163.34 2.70 331.65
5360 12.96 85.48 0.00 3.10 347.95
5361 12.61 37.68 0.00 3.89 354.62
5362 12.52 55.54 0.00 4.39 347.06
5363 12.47 58.08 0.00 3.49 346.91
5364 12.46 64.00 0.00 3.49 350.40
5365 13.42 274.51 21.19 4.19 339.65
5366 14.72 412.99 95.51 4.89 336.61
5367 16.39 583.84 382.08 3.89 329.69
5368 18.21 720.18 805.26 4.19 318.05
5369 19.00 487.82 758.90 3.89 329.26
5370 19.43 401.78 811.03 3.10 325.97
5371 19.27 223.34 695.14 4.19 327.48
5372 18.43 58.09 399.85 1.80 328.38
5373 16.61 0.00 0.00 1.70 329.84
5374 14.80 0.00 0.00 2.00 324.86
5375 12.98 0.00 0.00 1.10 318.84
5376 11.16 0.00 0.00 2.10 312.23
5377 9.47 0.00 0.00 1.30 306.17
5378 7.61 0.00 0.00 0.80 298.69
5379 6.63 0.00 0.00 1.40 294.37
5380 5.64 0.00 0.00 1.70 289.98
5381 4.92 0.00 0.00 1.70 287.05
5382 5.46 20.40 27.37 2.40 290.77
5383 7.14 127.48 463.23 2.20 299.03
5384 9.27 270.18 620.27 2.10 303.92
5385 11.56 417.30 715.13 1.40 305.27
5386 13.80 548.79 746.74 0.80 310.72
5387 15.87 656.82 766.53 0.40 314.70
5388 17.60 713.68 724.25 0.50 319.18
5389 18.95 738.49 712.13 0.80 321.80
5390 19.92 724.80 716.54 2.20 322.44
5391 20.43 663.64 700.10 2.70 323.16
5392 20.56 581.50 738.67 3.10 323.23
5393 20.19 457.76 717.98 2.90 323.69
5394 19.19 314.91 648.22 2.70 325.65
5395 17.68 168.99 517.59 2.10 325.78
5396 15.86 50.08 234.51 1.60 321.74
5397 14.05 0.00 0.00 1.40 320.58
5398 12.23 0.00 0.00 1.00 312.20
5399 10.41 0.00 0.00 1.10 305.07
5400 8.59 0.00 0.00 0.70 298.55
5401 7.74 0.00 0.00 1.40 294.17
5402 6.87 0.00 0.00 2.00 290.12
5403 6.40 0.00 0.00 2.00 287.92
5404 5.93 0.00 0.00 2.90 284.50
5405 5.60 0.00 0.00 1.80 282.69
5406 6.57 26.43 105.05 1.80 285.53
5407 9.33 171.12 601.45 1.30 294.51
5408 11.79 290.02 499.55 1.00 304.47
5409 10.53 40.14 0.00 1.40 334.08
5410 9.84 52.49 0.00 1.40 333.54
5411 9.43 62.25 0.00 1.00 331.05
5412 11.90 555.01 263.40 0.90 309.70
5413 13.02 409.15 87.81 0.60 320.68
5414 15.47 772.36 728.96 0.60 304.40
5415 16.93 647.83 588.81 0.30 314.71
5416 18.54 765.84 838.60 1.30 304.97
5417 19.35 606.78 908.94 2.00 308.82
5418 19.45 420.19 837.23 4.19 311.76
5419 18.72 229.54 679.50 3.10 316.83
5420 17.15 24.62 7.36 1.30 315.32
5421 16.08 0.00 0.00 1.80 319.59
5422 15.01 0.00 0.00 1.70 316.90
5423 13.95 0.00 0.00 1.10 314.89
5424 12.88 0.00 0.00 0.90 312.73
5425 12.13 0.00 0.00 0.80 314.03
5426 11.32 0.00 0.00 1.10 311.93
5427 10.87 0.00 0.00 1.30 312.23
5428 10.43 0.00 0.00 1.40 311.93
5429 10.11 0.00 0.00 0.60 315.47
5430 10.68 17.58 0.00 0.60 317.97
5431 11.81 83.81 120.52 1.00 324.40
5432 12.94 149.79 65.02 0.80 329.05
5433 14.58 272.20 118.24 1.40 327.27
5434 16.50 404.22 257.27 0.80 329.26
5435 18.70 559.92 429.31 0.80 330.06
5436 21.49 798.51 773.61 0.60 319.36
5437 22.76 621.65 368.43 0.80 335.30
5438 23.05 453.49 122.60 0.80 347.41
5439 22.78 317.70 52.49 1.80 357.25
5440 23.09 482.94 352.04 3.10 339.82
5441 22.20 229.49 51.85 2.90 365.82
5442 21.55 235.13 253.62 5.09 347.41
5443 20.28 84.55 33.65 2.70 359.54
5444 18.93 25.71 21.25 1.40 358.02
5445 17.80 0.00 0.00 1.30 361.55
5446 16.67 0.00 0.00 1.30 359.84
5447 15.55 0.00 0.00 1.00 357.16
5448 14.42 0.00 0.00 0.40 354.00
5449 13.69 0.00 0.00 0.60 352.43
5450 12.98 0.00 0.00 0.80 349.71
5451 12.62 0.00 0.00 1.00 347.62
5452 12.27 0.00 0.00 1.40 346.13
5453 11.70 0.00 0.00 1.30 351.09
5454 12.25 6.30 0.00 2.40 352.23
5455 12.40 11.26 0.00 3.89 354.06
5456 12.62 24.99 0.00 4.19 354.78
5457 12.88 39.30 0.00 3.69 355.91
5458 13.27 73.60 0.00 5.09 356.20
5459 13.85 131.45 0.00 5.49 356.22
5460 15.06 246.84 10.11 6.49 347.09
5461 16.25 321.96 22.96 5.79 348.86
5462 18.13 541.52 250.63 4.59 344.15
5463 19.26 447.36 176.65 4.59 351.34
5464 20.74 604.58 696.17 5.39 336.85
5465 21.45 439.98 597.11 4.59 344.54
5466 21.46 239.81 278.57 4.19 353.83
5467 20.95 129.31 291.33 3.30 354.42
5468 20.17 50.18 231.84 3.69 355.58
5469 19.09 0.00 0.00 4.59 358.90
5470 18.02 0.00 0.00 4.39 358.69
5471 16.95 0.00 0.00 4.59 358.13
5472 15.88 0.00 0.00 4.89 356.02
5473 14.74 0.00 0.00 4.39 352.22
5474 13.54 0.00 0.00 5.49 349.74
5475 12.91 0.00 0.00 6.49 351.82
5476 12.29 0.00 0.00 5.49 351.76
5477 11.85 0.00 0.00 7.79 350.87
5478 11.48 5.20 0.00 7.19 352.61
5479 11.85 9.96 0.00 8.99 356.64
5480 12.27 46.50 0.00 7.19 354.82
5481 13.38 168.99 10.84 9.79 349.89
5482 14.39 231.05 15.37 9.39 349.83
5483 14.84 190.35 4.79 8.99 353.38
5484 15.66 320.76 27.24 6.49 354.83
5485 16.85 450.66 126.60 7.19 342.82
5486 17.86 491.72 165.99 6.09 338.05
5487 18.49 436.18 155.38 6.49 341.25
5488 18.34 215.06 10.64 5.79 355.56
5489 18.03 181.15 7.43 7.19 364.19
5490 17.27 96.21 0.00 6.49 372.44
5491 16.67 25.56 0.00 5.79 376.41
5492 15.95 14.22 0.00 4.19 372.08
5493 15.11 0.00 0.00 5.09 360.36
5494 14.27 0.00 0.00 3.89 356.59
5495 13.35 0.00 0.00 3.69 356.77
5496 12.58 0.00 0.00 2.20 354.36
5497 12.03 0.00 0.00 1.70 349.78
5498 11.54 0.00 0.00 2.40 349.55
5499 11.23 0.00 0.00 2.10 346.88
5500 10.94 0.00 0.00 3.10 347.02
5501 10.22 0.00 0.00 3.69 343.18
5502 10.93 6.01 0.00 5.19 345.82
5503 11.14 20.68 0.00 5.79 346.34
5504 12.16 83.55 0.00 5.49 344.73
5505 13.29 178.96 17.12 7.19 344.95
5506 13.89 131.03 0.00 8.39 354.81
5507 14.30 162.11 0.29 10.88 356.52
5508 14.22 59.72 0.00 7.19 364.01
5509 14.26 104.75 0.00 5.79 361.74
5510 16.14 526.01 247.00 3.89 344.42
5511 17.47 484.46 220.32 3.49 344.57
5512 18.00 330.30 91.78 3.10 353.57
5513 18.20 258.25 86.94 3.89 355.92
5514 18.37 261.47 406.62 3.30 346.95
5515 18.05 140.10 439.14 3.49 348.26
5516 17.26 26.61 65.44 4.39 348.95
5517 16.55 0.00 0.00 4.89 347.87
5518 15.83 0.00 0.00 5.79 344.47
5519 15.12 0.00 0.00 4.89 344.98
5520 14.40 0.00 0.00 5.79 343.93
5521 13.84 0.00 0.00 8.39 340.62
5522 13.32 0.00 0.00 10.88 340.08
5523 13.07 0.00 0.00 9.79 340.81
5524 12.83 0.00 0.00 6.49 341.41
5525 12.69 0.00 0.00 7.19 346.56
5526 12.82 3.62 0.00 6.49 348.79
5527 13.50 51.22 0.00 5.79 353.30
5528 14.48 132.85 24.34 5.19 353.04
5529 15.75 246.42 120.24 3.69 349.51
5530 18.13 544.84 651.65 4.89 336.89
5531 20.62 746.37 778.68 4.19 335.41
5532 21.54 516.19 250.97 2.70 358.05
5533 21.29 270.12 13.03 4.19 372.26
5534 21.08 263.05 12.55 3.49 370.28
5535 19.98 58.15 0.00 4.19 380.28
5536 18.97 49.45 0.00 3.69 387.25
5537 18.20 38.02 0.00 4.39 387.80
5538 17.51 25.02 0.00 5.19 384.04
5539 16.98 50.18 0.00 6.49 371.65
5540 16.39 7.19 0.00 4.39 362.99
5541 15.70 0.00 0.00 3.89 361.42
5542 14.61 0.00 0.00 4.59 359.85
5543 14.29 0.00 0.00 4.59 356.53
5544 13.48 0.00 0.00 6.49 351.85
5545 12.70 0.00 0.00 4.89 351.17
5546 11.74 0.00 0.00 4.19 345.31
5547 11.24 0.00 0.00 4.19 342.14
5548 10.66 0.00 0.00 2.40 338.15
5549 10.38 0.00 0.00 2.70 335.84
5550 10.55 5.63 0.00 3.69 335.37
5551 11.29 48.07 0.00 3.89 335.76
5552 11.41 40.49 0.00 3.10 346.37
5553 13.26 236.20 104.52 2.20 336.64
5554 13.97 184.70 6.65 2.20 343.97
5555 16.66 547.59 411.44 2.90 327.95
5556 17.97 434.46 123.83 3.49 341.98
5557 19.51 555.37 265.00 3.69 339.07
5558 20.16 426.99 113.74 2.40 348.66
5559 21.42 628.30 561.16 3.89 336.54
5560 21.70 407.30 242.25 3.30 348.46
5561 21.32 255.64 101.06 2.00 354.50
5562 21.23 304.51 557.49 1.40 336.00
5563 20.30 117.84 239.98 0.40 349.55
5564 19.08 18.07 0.00 0.90 344.83
5565 17.54 0.00 0.00 0.80 343.98
5566 16.01 0.00 0.00 0.40 339.11
5567 14.47 0.00 0.00 0.10 334.96
5568 12.94 0.00 0.00 0.50 329.43
5569 11.87 0.00 0.00 0.60 324.02
5570 10.69 0.00 0.00 0.80 319.22
5571 9.51 0.00 0.00 0.60 313.23
5572 8.86 0.00 0.00 0.90 309.64
5573 8.21 0.00 0.00 1.00 309.04
5574 7.74 9.97 0.00 1.40 307.53
5575 10.74 94.16 289.77 1.30 321.48
5576 12.81 226.91 461.29 1.10 324.08
5577 14.80 352.07 489.05 1.10 330.45
5578 16.72 471.05 516.75 1.70 329.70
5579 18.40 556.92 511.97 1.40 333.40
5580 19.87 628.44 553.30 1.10 335.05
5581 21.17 689.38 630.96 2.00 336.78
5582 22.13 689.96 701.86 2.20 338.46
5583 22.59 622.24 650.40 2.70 342.58
5584 22.56 504.70 559.46 4.39 345.53
5585 21.85 367.04 451.51 4.19 347.01
5586 20.69 248.38 450.32 2.20 346.09
5587 19.10 112.53 289.66 2.10 349.39
5588 17.36 21.13 20.41 1.70 345.88
5589 15.73 0.00 0.00 2.00 342.27
5590 14.09 0.00 0.00 0.70 335.96
5591 12.46 0.00 0.00 0.40 328.97
5592 10.83 0.00 0.00 0.20 323.73
5593 9.74 0.00 0.00 0.20 317.58
5594 8.53 0.00 0.00 1.00 311.94
5595 7.35 0.00 0.00 0.60 305.75
5596 6.71 0.00 0.00 0.60 302.46
5597 6.06 0.00 0.00 0.30 298.84
5598 5.59 9.19 0.00 0.20 296.20
5599 8.44 90.74 281.85 0.10 306.81
5600 10.51 222.07 450.66 0.30 309.86
5601 12.60 355.00 516.82 0.90 312.74
5602 14.62 479.30 565.46 1.10 310.54
5603 16.48 583.59 609.31 0.40 312.17
5604 18.09 656.67 643.69 0.70 315.09
5605 19.43 704.11 691.91 0.40 318.03
5606 20.38 697.90 744.77 0.30 318.88
5607 20.85 631.80 715.74 1.00 318.10
5608 20.92 546.54 750.12 1.30 322.33
5609 20.38 414.35 684.77 0.80 324.25
5610 19.21 266.24 579.27 1.40 324.48
5611 17.57 120.99 389.92 2.10 330.76
5612 15.74 21.15 35.80 1.10 327.93
5613 14.06 0.00 0.00 1.80 324.78
5614 12.37 0.00 0.00 1.80 319.02
5615 10.69 0.00 0.00 1.40 312.25
5616 9.01 0.00 0.00 2.00 304.53
5617 7.90 0.00 0.00 3.10 303.03
5618 6.64 0.00 0.00 4.19 297.31
5619 5.38 0.00 0.00 3.10 291.62
5620 4.66 0.00 0.00 3.10 288.17
5621 3.94 0.00 0.00 3.10 284.61
5622 3.41 8.10 0.00 3.49 281.36
5623 6.30 97.38 404.86 3.89 294.12
5624 8.23 230.93 579.52 4.59 295.59
5625 10.17 361.41 570.08 5.39 301.24
5626 12.01 479.56 580.16 6.49 300.76
5627 13.76 592.16 658.85 4.39 301.77
5628 15.17 647.56 611.29 4.89 301.60
5629 16.28 679.54 625.99 5.49 305.27
5630 16.95 652.71 596.60 7.79 308.60
5631 17.26 603.70 624.02 12.98 308.84
5632 17.21 523.08 663.52 10.88 308.51
5633 16.68 414.62 714.69 8.39 307.07
5634 15.56 274.11 649.45 5.49 308.01
5635 13.96 126.52 465.46 3.89 313.78
5636 12.15 19.24 12.36 5.39 311.06
5637 11.18 0.00 0.00 6.09 315.62
5638 10.21 0.00 0.00 7.79 317.06
5639 9.24 0.00 0.00 7.79 316.73
5640 8.27 0.00 0.00 9.39 314.39
5641 8.16 0.00 0.00 10.19 312.13
5642 8.11 0.00 0.00 7.19 316.23
5643 8.06 0.00 0.00 7.79 319.53
5644 8.07 0.00 0.00 8.99 322.32
5645 8.07 0.00 0.00 5.49 324.50
5646 8.10 4.27 0.00 5.39 326.72
5647 8.93 20.08 0.00 5.49 329.15
5648 9.71 62.94 0.00 5.39 331.46
5649 10.15 62.78 0.00 4.89 337.34
5650 11.74 207.53 11.92 3.69 326.28
5651 13.10 257.53 14.40 5.49 328.26
5652 14.74 367.99 42.78 5.09 327.93
5653 16.21 418.84 99.63 4.59 330.43
5654 17.84 527.90 251.27 5.79 328.32
5655 18.98 491.42 283.74 6.49 330.06
5656 20.12 550.49 699.97 7.19 319.86
5657 20.98 525.59 754.81 7.79 312.20
5658 20.77 267.86 526.84 8.39 327.99
5659 19.94 134.83 436.27 6.49 328.31
5660 18.66 13.14 0.00 5.09 326.61
5661 17.20 0.00 0.00 4.19 330.69
5662 15.75 0.00 0.00 2.70 327.40
5663 14.29 0.00 0.00 2.70 319.37
5664 12.83 0.00 0.00 2.40 316.89
5665 11.08 0.00 0.00 2.40 310.94
5666 9.13 0.00 0.00 2.20 303.95
5667 7.21 0.00 0.00 2.20 296.01
5668 6.16 0.00 0.00 2.10 292.08
5669 5.12 0.00 0.00 2.40 288.93
5670 4.35 6.12 0.00 2.00 284.58
5671 7.00 93.65 434.63 2.20 295.50
5672 8.98 235.89 655.49 3.30 298.38
5673 11.14 392.13 781.83 2.70 302.02
5674 13.18 529.90 833.07 2.70 300.84
5675 14.99 635.86 843.46 3.69 303.42
5676 16.47 700.95 833.00 2.20 305.18
5677 17.59 728.16 834.30 1.80 308.73
5678 18.30 707.58 823.36 1.10 312.27
5679 18.62 652.23 836.95 1.00 310.37
5680 18.51 549.88 815.68 0.60 309.86
5681 17.83 421.15 784.86 0.50 311.54
5682 16.57 269.75 678.31 0.30 312.75
5683 14.86 121.22 486.88 0.40 314.14
5684 12.97 14.87 0.00 0.80 312.15
5685 11.49 0.00 0.00 0.80 310.57
5686 10.00 0.00 0.00 0.70 305.99
5687 8.52 0.00 0.00 0.80 298.70
5688 7.06 0.00 0.00 1.60 293.58
5689 6.53 0.00 0.00 1.10 292.03
5690 5.97 0.00 0.00 1.60 287.79
5691 5.41 0.00 0.00 1.30 284.54
5692 5.11 0.00 0.00 2.40 280.96
5693 4.81 0.00 0.00 2.70 279.39
5694 4.60 4.91 0.00 3.30 279.10
5695 7.62 108.91 334.13 3.89 290.14
5696 8.65 182.66 296.65 3.30 302.98
5697 10.10 300.00 338.18 2.70 308.28
5698 11.50 395.66 292.27 3.10 309.53
5699 11.94 356.66 106.12 2.10 326.86
5700 13.51 570.10 378.74 1.80 312.21
5701 14.19 492.97 200.16 3.10 320.13
5702 14.97 570.64 384.96 1.40 317.15
5703 15.30 485.74 269.89 2.00 322.13
5704 14.45 220.16 20.48 1.30 335.79
5705 12.93 36.27 0.00 1.80 347.02
5706 11.73 52.92 0.00 1.10 338.70
5707 10.54 10.48 0.00 1.30 337.81
5708 9.50 4.92 0.00 1.80 331.69
5709 9.37 0.00 0.00 1.30 330.33
5710 9.24 0.00 0.00 1.30 326.11
5711 9.11 0.00 0.00 2.20 323.89
5712 8.98 0.00 0.00 2.00 321.89
5713 9.02 0.00 0.00 2.40 316.97
5714 9.02 0.00 0.00 2.00 315.74
5715 9.02 0.00 0.00 1.40 315.94
5716 8.99 0.00 0.00 1.30 313.85
5717 8.97 0.00 0.00 0.90 312.39
5718 8.94 4.85 0.00 0.80 310.45
5719 12.50 96.39 378.00 0.80 323.51
5720 14.77 220.40 571.79 0.70 330.59
5721 17.46 377.98 635.66 0.60 333.74
5722 18.91 391.95 290.62 0.40 341.22
5723 20.02 425.95 209.11 0.50 344.96
5724 20.18 365.20 58.67 0.10 363.46
5725 20.00 282.64 13.39 0.00 379.03
5726 19.56 254.24 12.57 0.00 369.58
5727 18.10 102.62 0.00 0.20 364.26
5728 18.20 302.45 90.92 0.40 341.80
5729 18.51 344.37 379.75 0.50 332.99
5730 18.75 342.44 659.95 1.00 318.15
5731 18.00 149.19 580.16 0.50 326.51
5732 16.74 13.01 0.00 0.50 324.84
5733 15.69 0.00 0.00 0.90 325.02
5734 14.65 0.00 0.00 1.10 321.64
5735 13.60 0.00 0.00 1.60 320.23
5736 12.55 0.00 0.00 0.80 316.26
5737 11.74 0.00 0.00 0.40 313.15
5738 10.81 0.00 0.00 0.10 310.14
5739 9.89 0.00 0.00 0.20 307.12
5740 9.36 0.00 0.00 0.10 304.89
5741 8.84 0.00 0.00 0.10 303.02
5742 8.46 3.76 0.00 0.20 303.52
5743 11.48 92.31 505.09 0.50 315.59
5744 13.94 243.13 730.15 1.00 319.72
5745 16.45 399.79 841.41 1.10 325.16
5746 18.86 541.63 896.67 1.80 327.34
5747 20.99 649.27 911.56 1.10 332.17
5748 22.76 716.09 909.37 2.40 336.84
5749 24.11 741.40 907.17 3.49 336.35
5750 24.99 718.73 895.94 6.49 341.62
5751 25.42 655.31 888.53 7.19 344.44
5752 25.39 554.25 876.42 5.39 345.50
5753 24.70 421.47 838.20 3.30 348.62
5754 23.37 269.74 745.66 3.49 348.09
5755 21.55 118.17 556.67 2.70 349.76
5756 19.53 9.79 0.00 2.00 344.86
5757 18.34 0.00 0.00 3.10 347.72
5758 17.16 0.00 0.00 3.30 342.35
5759 15.97 0.00 0.00 3.10 338.00
5760 14.79 0.00 0.00 2.40 333.91
5761 14.16 0.00 0.00 2.00 329.63
5762 13.44 0.00 0.00 2.10 327.65
5763 12.72 0.00 0.00 3.89 325.50
5764 12.32 0.00 0.00 3.89 325.70
5765 11.92 0.00 0.00 3.49 323.52
5766 11.62 3.17 0.00 2.70 324.30
5767 14.19 78.02 379.75 3.49 335.75
5768 16.43 215.35 610.76 2.10 338.96
5769 18.80 363.67 715.92 2.90 342.90
5770 20.98 486.38 711.85 2.40 343.11
5771 22.82 569.13 658.53 1.40 346.98
5772 24.37 630.56 633.78 1.10 350.33
5773 25.55 652.56 622.15 1.40 352.17
5774 26.27 616.94 585.92 1.30 353.67
5775 26.67 581.38 641.84 1.60 354.21
5776 26.66 490.43 646.74 1.10 355.43
5777 25.96 350.93 534.70 2.90 359.96
5778 24.73 219.55 434.51 4.19 360.10
5779 23.08 87.68 256.02 3.49 365.90
5780 21.80 7.79 0.00 2.00 364.13
5781 20.51 0.00 0.00 1.60 364.33
5782 19.22 0.00 0.00 0.90 358.56
5783 17.93 0.00 0.00 0.80 352.65
5784 16.65 0.00 0.00 0.70 347.45
5785 15.78 0.00 0.00 1.00 342.37
5786 14.78 0.00 0.00 1.10 337.84
5787 13.78 0.00 0.00 1.80 332.18
5788 13.21 0.00 0.00 2.10 327.93
5789 12.65 0.00 0.00 1.10 323.31
5790 12.23 3.30 0.00 1.60 319.00
5791 15.43 101.12 520.84 2.10 329.71
5792 18.19 276.82 744.08 1.10 330.11
5793 21.04 461.13 729.25 1.00 334.69
5794 22.11 424.68 387.32 1.10 348.98
5795 24.87 755.38 802.70 1.60 337.76
5796 26.90 798.40 789.27 2.20 346.59
5797 26.67 448.46 161.76 2.70 375.81
5798 27.25 639.79 555.02 2.10 360.97
5799 27.17 502.42 364.75 2.20 366.79
5800 26.26 351.61 169.45 2.20 373.15
5801 25.42 336.44 400.56 1.80 365.90
5802 24.58 311.66 647.34 1.40 348.54
5803 23.07 130.76 553.32 1.60 352.10
5804 21.78 8.41 0.00 2.00 350.28
5805 20.48 0.00 0.00 2.20 351.53
5806 19.19 0.00 0.00 2.70 347.46
5807 17.90 0.00 0.00 3.10 344.55
5808 16.61 0.00 0.00 2.90 340.64
5809 15.96 0.00 0.00 2.10 338.36
5810 15.31 0.00 0.00 1.80 334.04
5811 14.65 0.00 0.00 1.40 332.85
5812 14.32 0.00 0.00 1.70 332.93
5813 13.98 0.00 0.00 1.10 332.55
5814 13.76 2.02 0.00 0.90 332.31
5815 16.53 81.33 473.52 0.50 339.67
5816 19.03 228.48 710.60 0.40 342.25
5817 21.62 383.16 824.99 0.50 344.82
5818 24.04 515.49 860.85 0.30 340.59
5819 26.20 620.04 869.88 0.20 339.83
5820 27.98 680.86 849.39 0.20 340.04
5821 29.39 709.08 857.61 0.40 341.76
5822 30.35 685.79 843.02 0.50 340.39
5823 30.84 620.67 829.77 1.30 338.42
5824 30.89 519.39 813.78 1.10 340.58
5825 30.27 388.09 769.73 1.70 340.51
5826 29.03 241.08 679.38 1.60 338.78
5827 27.34 96.67 421.13 2.70 338.87
5828 24.47 5.69 0.00 2.40 330.39
5829 21.60 0.00 0.00 1.70 326.28
5830 18.73 0.00 0.00 1.60 319.21
5831 15.74 0.00 0.00 1.60 312.32
5832 12.76 0.00 0.00 1.40 301.90
5833 10.05 0.00 0.00 1.60 269.17
5834 7.10 0.00 0.00 1.90 262.01
5835 4.18 0.00 0.00 1.70 252.98
5836 2.44 0.00 0.00 1.90 247.37
5837 0.71 0.00 0.00 2.11 241.86
5838 -0.54 1.53 0.00 1.10 238.42
5839 2.87 89.59 528.05 1.00 246.27
5840 6.03 255.71 736.64 0.60 249.67
5841 9.32 429.81 868.04 0.80 255.26
5842 12.51 586.82 937.13 1.20 254.97
5843 15.33 708.97 968.38 1.10 259.01
5844 17.65 785.83 983.62 1.90 262.59
5845 19.36 811.97 989.04 1.90 266.57
5846 20.44 790.32 985.11 1.60 267.58
5847 20.84 716.19 971.46 2.11 268.82
5848 20.57 595.47 942.32 2.11 271.06
5849 19.30 441.45 880.15 3.91 273.71
5850 17.13 268.83 761.14 3.71 277.82
5851 14.30 104.01 579.55 2.61 287.03
5852 12.46 4.40 0.00 2.41 287.69
5853 10.62 0.00 0.00 2.41 293.19
5854 8.78 0.00 0.00 1.50 291.78
5855 6.97 0.00 0.00 1.90 289.42
5856 5.17 0.00 0.00 2.41 285.53
5857 5.08 0.00 0.00 2.61 277.71
5858 5.04 0.00 0.00 1.70 276.03
5859 5.00 0.00 0.00 1.90 285.32
5860 5.01 0.00 0.00 1.90 290.19
5861 5.01 0.00 0.00 1.70 291.52
5862 5.03 0.81 0.00 1.70 291.99
5863 7.50 58.73 260.73 2.21 300.92
5864 11.83 263.19 670.70 1.70 291.05
5865 16.04 456.48 774.87 2.11 293.50
5866 18.10 450.76 529.50 2.11 308.02
5867 17.73 288.05 65.22 1.90 337.90
5868 18.40 365.09 80.20 2.41 348.24
5869 19.01 393.85 104.49 1.50 336.73
5870 16.74 65.63 0.00 1.30 340.00
5871 14.91 59.63 0.00 1.70 347.92
5872 14.41 185.34 6.74 1.20 324.04
5873 13.91 173.91 24.69 1.60 321.63
5874 13.30 141.02 124.72 0.70 315.10
5875 12.56 97.52 304.56 1.00 301.63
5876 11.70 3.30 0.00 1.20 302.14
5877 10.85 0.00 0.00 1.10 304.49
5878 9.99 0.00 0.00 1.90 302.97
5879 9.13 0.00 0.00 1.40 301.31
5880 8.28 0.00 0.00 1.60 301.98
5881 7.20 0.00 0.00 1.20 298.90
5882 6.01 0.00 0.00 1.60 293.22
5883 4.82 0.00 0.00 1.70 287.64
5884 4.17 0.00 0.00 1.40 285.65
5885 3.52 0.00 0.00 1.10 283.45
5886 3.05 0.66 0.00 0.80 282.80
5887 5.56 55.38 266.81 0.30 292.72
5888 8.10 167.56 379.32 0.80 298.03
5889 11.17 308.66 518.69 1.70 303.60
5890 13.89 411.34 475.50 3.41 302.50
5891 16.47 512.91 516.98 3.41 304.63
5892 18.71 583.46 555.38 4.31 309.78
5893 20.55 621.09 612.27 3.71 310.53
5894 21.89 620.25 663.07 4.51 311.21
5895 22.63 568.86 694.84 2.61 309.27
5896 22.69 462.72 619.48 3.21 315.17
5897 21.86 335.26 547.01 3.41 315.01
5898 20.21 198.08 493.88 5.31 316.31
5899 18.03 76.44 271.79 4.81 317.35
5900 16.23 2.64 0.00 4.31 314.55
5901 14.43 0.00 0.00 3.01 318.33
5902 12.63 0.00 0.00 2.21 310.34
5903 10.83 0.00 0.00 2.21 303.66
5904 9.03 0.00 0.00 1.90 299.68
5905 7.76 0.00 0.00 1.70 294.75
5906 6.40 0.00 0.00 1.50 290.39
5907 5.03 0.00 0.00 2.11 282.35
5908 4.27 0.00 0.00 3.21 279.67
5909 3.51 0.00 0.00 2.61 276.42
5910 2.96 0.00 0.00 3.71 275.74
5911 5.93 66.11 412.69 3.41 283.62
5912 9.09 206.23 663.24 5.31 287.38
5913 12.48 356.64 784.61 6.32 297.04
5914 15.74 492.56 839.39 7.22 294.55
5915 18.67 599.99 861.36 7.92 300.23
5916 21.04 657.90 833.00 7.22 301.88
5917 22.86 681.46 829.74 5.91 304.93
5918 24.05 659.97 822.94 5.31 306.18
5919 24.62 597.90 822.91 4.51 307.36
5920 24.56 497.52 810.89 3.71 309.17
5921 23.55 364.58 756.52 3.01 308.86
5922 21.67 216.79 653.62 2.81 311.04
5923 19.19 77.55 374.53 1.70 310.50
5924 17.22 1.93 0.00 1.90 305.06
5925 15.26 0.00 0.00 2.21 309.03
5926 13.29 0.00 0.00 2.61 304.31
5927 11.32 0.00 0.00 3.01 299.43
5928 9.36 0.00 0.00 3.21 294.12
5929 8.08 0.00 0.00 3.21 292.40
5930 6.68 0.00 0.00 4.81 288.21
5931 5.27 0.00 0.00 5.51 284.11
5932 4.49 0.00 0.00 4.31 281.37
5933 3.71 0.00 0.00 3.91 278.46
5934 3.13 0.00 0.00 3.71 276.52
5935 6.08 66.08 450.28 4.11 285.66
5936 9.39 212.83 705.19 4.51 290.36
5937 13.00 374.57 840.94 4.31 296.26
5938 16.49 521.38 913.68 5.01 290.44
5939 19.63 636.98 945.77 5.51 292.94
5940 22.27 711.10 960.12 6.12 295.61
5941 24.29 737.53 964.05 5.91 301.11
5942 25.61 712.60 957.28 6.52 303.31
5943 26.22 641.14 941.70 6.52 306.67
5944 26.13 528.33 909.40 6.12 310.52
5945 25.00 384.46 840.86 5.01 310.42
5946 22.94 224.18 708.26 5.31 313.78
5947 20.24 76.71 455.59 5.01 318.66
5948 18.64 1.28 0.00 5.51 315.01
5949 17.05 0.00 0.00 4.51 320.72
5950 15.45 0.00 0.00 5.31 318.83
5951 13.86 0.00 0.00 3.21 312.35
5952 12.26 0.00 0.00 4.11 309.81
5953 11.46 0.00 0.00 4.51 304.57
5954 10.59 0.00 0.00 4.31 302.76
5955 9.73 0.00 0.00 5.31 300.88
5956 9.26 0.00 0.00 5.51 298.85
5957 8.80 0.00 0.00 3.21 296.43
5958 8.47 0.00 0.00 2.61 301.27
5959 10.93 53.61 287.64 3.71 310.16
5960 14.02 187.29 572.42 3.21 319.65
5961 16.99 313.18 603.72 3.71 323.96
5962 19.83 431.26 624.98 4.11 319.73
5963 22.59 545.51 680.15 5.71 324.15
5964 24.71 584.15 613.47 7.52 326.31
5965 26.39 611.06 608.85 7.22 331.34
5966 27.56 598.70 648.50 6.52 335.40
5967 28.24 558.09 713.30 6.92 338.65
5968 28.31 458.42 693.40 7.22 339.37
5969 27.57 341.33 692.67 6.32 342.21
5970 25.90 185.94 506.93 6.32 346.66
5971 23.71 60.23 292.02 5.31 349.67
5972 22.30 0.82 0.00 3.01 349.54
5973 20.90 0.00 0.00 3.01 353.23
5974 19.49 0.00 0.00 1.40 347.63
5975 18.09 0.00 0.00 1.20 344.04
5976 16.68 0.00 0.00 1.90 340.15
5977 15.59 0.00 0.00 2.41 339.40
5978 14.49 0.00 0.00 3.21 336.90
5979 13.40 0.00 0.00 2.61 335.53
5980 12.85 0.00 0.00 3.71 335.20
5981 12.30 0.00 0.00 3.91 335.46
5982 11.93 0.00 0.00 3.01 338.81
5983 12.19 6.82 0.00 3.01 339.02
5984 13.75 88.32 48.00 4.31 346.30
5985 18.21 398.02 634.44 4.51 328.30
5986 21.67 526.71 922.50 4.31 332.56
5987 25.01 691.79 754.39 4.31 332.42
5988 25.58 431.86 213.18 3.91 359.87
5989 23.55 139.16 0.00 4.11 378.66
5990 22.77 229.25 10.30 3.21 368.56
5991 22.92 335.61 107.62 3.41 358.80
5992 22.44 241.83 30.09 3.41 358.27
5993 21.69 182.31 47.75 3.71 354.05
5994 20.44 66.94 0.00 2.61 358.34
5995 19.13 16.42 0.00 2.81 358.87
5996 17.99 0.00 0.00 3.21 357.11
5997 16.85 0.00 0.00 4.11 352.59
5998 15.71 0.00 0.00 5.31 341.98
5999 14.57 0.00 0.00 5.31 338.63
6000 13.37 0.00 0.00 3.91 343.63
6001 12.30 0.00 0.00 3.41 338.94
6002 11.06 0.00 0.00 1.70 330.47
6003 9.82 0.00 0.00 2.81 322.10
6004 9.15 0.00 0.00 3.41 316.95
6005 8.48 0.00 0.00 2.41 312.99
6006 8.00 0.00 0.00 3.01 308.79
6007 9.53 35.00 109.10 3.21 314.69
6008 11.79 135.86 258.85 3.21 323.58
6009 13.96 231.57 164.39 3.41 320.82
6010 16.68 374.89 391.42 4.31 316.20
6011 19.34 489.94 494.66 5.71 317.20
6012 21.89 593.60 652.93 6.52 318.11
6013 23.84 617.58 671.09 5.91 321.01
6014 25.16 597.75 657.14 5.01 323.52
6015 25.65 499.23 514.18 4.51 328.72
6016 25.47 387.93 430.43 2.81 332.95
6017 24.46 270.60 376.93 2.81 337.57
6018 22.87 161.34 389.01 2.81 342.01
6019 20.80 45.35 186.53 3.21 338.24
6020 19.61 0.00 0.00 2.61 346.00
6021 18.42 0.00 0.00 4.11 346.94
6022 17.23 0.00 0.00 4.11 343.94
6023 16.04 0.00 0.00 3.71 340.47
6024 14.85 0.00 0.00 4.51 338.36
6025 14.17 0.00 0.00 5.71 337.47
6026 13.47 0.00 0.00 4.81 338.32
6027 12.76 0.00 0.00 3.21 336.61
6028 12.40 0.00 0.00 3.71 334.79
6029 12.03 0.00 0.00 4.11 334.16
6030 11.78 0.00 0.00 4.31 335.77
6031 12.80 23.40 0.00 3.01 338.95
6032 13.98 76.98 1.03 2.41 342.31
6033 15.47 152.19 17.52 2.41 341.64
6034 16.69 195.40 16.64 2.21 343.89
6035 18.58 326.23 107.90 1.90 343.30
6036 19.83 325.71 40.86 1.50 347.42
6037 20.94 360.17 79.00 1.60 344.83
6038 21.38 292.02 25.03 1.90 346.91
6039 21.46 241.35 16.64 2.11 349.70
6040 20.98 161.29 2.53 2.21 351.94
6041 20.44 164.33 33.01 2.81 358.03
6042 19.65 70.70 0.00 1.60 374.08
6043 18.52 4.70 0.00 1.90 375.37
6044 17.28 0.00 0.00 3.01 367.43
6045 16.04 0.00 0.00 1.90 359.57
6046 14.71 0.00 0.00 3.01 351.29
6047 13.14 0.00 0.00 3.21 343.80
6048 12.27 0.00 0.00 3.21 336.17
6049 11.20 0.00 0.00 3.21 331.64
6050 10.03 0.00 0.00 2.41 324.49
6051 8.86 0.00 0.00 2.41 317.42
6052 8.24 0.00 0.00 2.41 313.46
6053 7.65 0.00 0.00 2.41 310.12
6054 7.23 0.00 0.00 2.41 307.43
6055 8.94 37.09 123.97 1.60 315.54
6056 10.57 106.61 105.36 2.11 321.94
6057 11.36 123.75 3.00 2.21 332.90
6058 13.71 287.61 149.16 4.11 334.41
6059 17.12 495.21 525.36 4.81 322.38
6060 19.15 468.24 278.18 5.71 320.62
6061 21.45 591.80 575.01 5.51 307.07
6062 23.21 600.41 669.03 6.72 308.01
6063 24.73 632.20 798.27 5.91 303.36
6064 24.96 429.61 567.68 6.72 313.44
6065 24.72 353.24 745.70 5.71 309.94
6066 23.43 196.61 607.91 5.91 315.96
6067 21.43 54.69 331.85 6.32 317.70
6068 19.63 0.00 0.00 5.91 323.53
6069 17.82 0.00 0.00 4.31 321.18
6070 16.02 0.00 0.00 3.71 315.76
6071 14.21 0.00 0.00 3.21 313.72
6072 12.40 0.00 0.00 2.61 309.46
6073 10.87 0.00 0.00 3.01 302.85
6074 9.21 0.00 0.00 3.71 298.98
6075 7.57 0.00 0.00 5.01 292.09
6076 6.69 0.00 0.00 4.11 289.51
6077 5.81 0.00 0.00 3.41 288.00
6078 5.18 0.00 0.00 2.61 287.31
6079 6.60 34.60 141.92 2.61 291.16
6080 9.41 165.52 545.48 1.60 301.18
6081 12.53 313.55 705.27 2.11 302.98
6082 15.64 454.21 806.20 2.11 303.26
6083 18.37 555.32 816.77 2.81 305.98
6084 20.62 617.83 809.76 3.01 307.31
6085 22.37 645.13 825.57 3.41 308.56
6086 23.51 620.19 813.39 5.51 311.67
6087 24.02 553.62 800.83 6.52 308.90
6088 23.94 451.74 781.74 5.51 308.89
6089 22.90 313.47 683.04 5.01 311.54
6090 21.07 167.89 534.33 4.81 312.27
6091 18.71 36.44 153.58 5.01 308.96
6092 16.96 0.00 0.00 3.91 316.73
6093 15.22 0.00 0.00 4.81 316.11
6094 13.47 0.00 0.00 4.51 312.39
6095 11.72 0.00 0.00 3.91 313.32
6096 9.98 0.00 0.00 4.51 308.25
6097 8.89 0.00 0.00 4.51 306.37
6098 7.71 0.00 0.00 4.31 303.83
6099 6.58 0.00 0.00 5.31 299.93
6100 5.96 0.00 0.00 5.51 297.96
6101 5.34 0.00 0.00 3.71 297.72
6102 4.90 0.00 0.00 3.41 298.66
6103 5.55 16.29 0.00 2.81 305.30
6104 6.23 49.75 0.00 3.01 309.48
6105 9.25 236.57 256.78 2.21 300.78
6106 12.53 389.51 462.13 2.21 296.71
6107 13.95 334.89 133.71 3.21 309.37
6108 14.99 350.91 94.05 3.21 310.95
6109 15.81 366.03 83.76 2.81 316.22
6110 16.22 334.34 81.29 3.91 316.64
6111 17.30 485.04 480.42 4.81 303.37
6112 18.00 453.47 634.68 3.91 300.09
6113 17.28 214.96 194.15 4.11 314.82
6114 16.35 165.87 374.04 4.81 306.39
6115 14.81 45.21 222.97 4.11 304.21
6116 13.66 0.00 0.00 3.41 308.55
6117 12.51 0.00 0.00 3.91 306.75
6118 11.37 0.00 0.00 3.41 305.26
6119 10.22 0.00 0.00 2.61 305.41
6120 9.07 0.00 0.00 1.90 306.17
6121 8.34 0.00 0.00 1.90 305.07
6122 7.68 0.00 0.00 2.21 303.14
6123 7.06 0.00 0.00 2.81 301.75
6124 6.76 0.00 0.00 4.31 301.38
6125 6.47 0.00 0.00 5.31 301.87
6126 6.29 0.00 0.00 5.51 301.94
6127 7.21 24.41 15.45 6.12 306.45
6128 8.56 98.04 96.81 4.31 311.77
6129 11.32 287.05 444.87 4.81 304.55
6130 15.05 545.81 767.26 4.81 293.81
6131 17.43 560.61 744.59 4.51 306.00
6132 18.80 522.28 458.30 4.81 316.23
6133 19.83 529.79 412.08 4.51 318.81
6134 19.55 322.05 94.47 4.81 333.46
6135 17.95 130.52 0.00 4.51 355.62
6136 16.31 39.94 0.00 4.81 345.55
6137 14.83 28.14 0.00 4.31 338.72
6138 13.53 15.07 0.00 4.11 336.50
6139 12.44 12.22 0.00 5.01 330.42
6140 11.62 0.00 0.00 5.01 331.68
6141 10.80 0.00 0.00 5.01 327.03
6142 9.98 0.00 0.00 3.71 321.85
6143 9.16 0.00 0.00 4.31 316.85
6144 8.34 0.00 0.00 4.31 313.53
6145 7.26 0.00 0.00 3.01 306.57
6146 6.08 0.00 0.00 4.81 298.70
6147 4.89 0.00 0.00 4.51 291.10
6148 4.25 0.00 0.00 4.51 285.81
6149 3.61 0.00 0.00 5.01 282.16
6150 3.15 0.00 0.00 5.31 277.89
6151 4.37 28.50 67.41 4.51 281.32
6152 7.56 170.82 646.05 6.32 291.14
6153 11.05 328.96 809.80 6.52 297.91
6154 14.44 471.14 892.45 5.71 297.16
6155 17.50 584.52 929.97 7.52 304.25
6156 20.08 655.77 946.06 6.72 308.95
6157 22.05 679.30 949.49 5.91 311.72
6158 23.35 655.14 945.54 4.11 314.67
6159 23.97 582.45 927.52 5.31 320.46
6160 23.90 468.78 889.30 5.91 321.92
6161 22.78 323.33 798.63 5.51 321.39
6162 20.79 167.65 637.22 3.71 322.08
6163 18.23 27.42 57.35 2.81 318.90
6164 16.63 0.00 0.00 4.11 322.40
6165 15.04 0.00 0.00 3.01 318.35
6166 13.44 0.00 0.00 2.81 315.15
6167 11.85 0.00 0.00 3.01 310.67
6168 10.25 0.00 0.00 2.81 304.57
6169 9.14 0.00 0.00 1.20 299.78
6170 8.03 0.00 0.00 1.50 294.67
6171 6.96 0.00 0.00 1.90 291.56
6172 6.42 0.00 0.00 2.21 289.33
6173 5.87 0.00 0.00 1.50 287.54
6174 5.51 0.00 0.00 1.40 287.06
6175 6.79 34.94 197.21 1.30 291.49
6176 9.20 166.82 578.27 1.00 301.11
6177 12.07 332.27 777.66 1.40 305.83
6178 14.95 487.24 894.36 1.50 300.98
6179 17.59 609.91 952.64 1.70 303.31
6180 19.83 687.89 972.32 3.41 299.89
6181 21.35 671.77 753.53 3.91 304.26
6182 21.19 406.47 211.82 5.01 326.11
6183 19.69 211.30 12.24 5.71 334.03
6184 17.94 123.90 0.00 6.12 339.24
6185 16.36 98.48 0.00 7.22 331.18
6186 14.59 13.05 0.00 6.72 336.91
6187 13.05 2.65 0.00 4.81 338.41
6188 12.21 0.00 0.00 4.51 338.02
6189 11.36 0.00 0.00 5.31 336.19
6190 10.52 0.00 0.00 6.72 330.84
6191 9.67 0.00 0.00 6.92 325.68
6192 8.82 0.00 0.00 9.22 323.81
6193 7.97 0.00 0.00 9.92 320.79
6194 7.12 0.00 0.00 13.33 314.89
6195 6.24 0.00 0.00 12.03 310.36
6196 5.79 0.00 0.00 10.73 306.89
6197 5.34 0.00 0.00 10.73 304.53
6198 5.02 0.00 0.00 10.73 301.63
6199 6.00 21.34 6.81 9.22 302.97
6200 7.43 82.58 50.64 9.92 308.20
6201 9.80 201.66 176.02 9.62 306.08
6202 11.33 230.22 68.55 9.22 313.16
6203 11.79 188.31 5.81 7.72 331.97
6204 11.72 137.26 0.00 7.92 326.69
6205 13.17 356.82 112.05 7.92 316.18
6206 14.73 435.71 285.56 8.42 310.02
6207 16.44 530.18 711.22 7.92 300.95
6208 17.08 381.20 514.60 8.72 304.87
6209 17.38 332.58 683.89 6.92 296.06
6210 16.66 163.79 566.99 6.52 301.07
6211 15.20 32.11 183.91 5.01 298.61
6212 13.78 0.00 0.00 3.71 302.20
6213 12.36 0.00 0.00 3.91 299.77
6214 10.94 0.00 0.00 3.71 295.54
6215 9.53 0.00 0.00 3.91 293.86
6216 8.11 0.00 0.00 3.41 291.28
6217 6.91 0.00 0.00 4.11 289.56
6218 5.66 0.00 0.00 3.41 287.32
6219 4.41 0.00 0.00 3.91 283.12
6220 3.76 0.00 0.00 5.01 282.87
6221 3.11 0.00 0.00 4.81 280.29
6222 2.67 0.00 0.00 5.01 281.39
6223 3.57 20.48 2.39 5.01 285.93
6224 4.94 82.48 58.16 6.12 293.35
6225 6.04 126.20 11.75 7.22 300.15
6226 7.56 212.95 29.79 7.92 299.42
6227 8.91 261.33 38.87 8.72 304.46
6228 11.30 452.32 287.50 8.72 298.97
6229 14.65 700.26 816.62 10.73 288.82
6230 16.99 672.82 969.74 9.92 292.70
6231 18.39 594.15 948.97 9.22 295.23
6232 18.93 471.07 882.26 8.72 299.61
6233 18.58 316.38 762.44 8.42 304.94
6234 17.20 153.01 556.85 9.22 309.79
6235 15.25 27.10 98.93 8.42 306.24
6236 13.85 0.00 0.00 8.22 310.67
6237 12.44 0.00 0.00 8.42 308.89
6238 11.03 0.00 0.00 7.22 306.46
6239 9.63 0.00 0.00 7.72 303.14
6240 8.22 0.00 0.00 6.92 296.24
6241 7.05 0.00 0.00 5.51 292.20
6242 5.77 0.00 0.00 5.71 288.96
6243 4.49 0.00 0.00 6.52 283.32
6244 3.80 0.00 0.00 7.72 281.45
6245 3.11 0.00 0.00 7.52 278.18
6246 2.61 0.00 0.00 7.52 275.89
6247 3.50 21.95 33.40 6.32 280.76
6248 5.92 134.94 478.11 6.92 292.91
6249 8.84 280.61 670.90 8.22 298.72
6250 11.85 417.39 779.72 7.52 300.95
6251 14.51 515.34 790.30 8.22 302.50
6252 16.77 584.42 800.35 7.72 301.93
6253 18.37 585.40 743.71 6.12 303.37
6254 19.40 560.91 737.45 5.91 302.69
6255 19.82 489.95 705.40 6.12 304.93
6256 19.63 388.87 673.46 6.32 307.06
6257 18.62 269.08 640.79 7.22 304.29
6258 16.84 128.54 477.15 7.92 304.89
6259 14.67 18.52 0.00 7.22 304.97
6260 13.33 0.00 0.00 6.72 308.63
6261 12.00 0.00 0.00 6.32 306.69
6262 10.67 0.00 0.00 5.71 303.93
6263 9.34 0.00 0.00 5.31 304.68
6264 8.01 0.00 0.00 5.51 302.98
6265 7.21 0.00 0.00 4.81 300.43
6266 6.39 0.00 0.00 4.51 300.70
6267 5.56 0.00 0.00 4.81 302.61
6268 5.14 0.00 0.00 4.11 300.45
6269 4.72 0.00 0.00 4.51 299.42
6270 4.44 0.00 0.00 3.91 301.31
6271 5.15 15.28 0.00 3.71 304.81
6272 5.27 20.87 0.00 1.90 307.74
6273 6.54 99.55 0.00 2.21 303.82
6274 7.97 167.92 7.88 2.21 300.53
6275 8.59 141.47 0.00 2.61 309.09
6276 10.83 368.55 166.36 3.41 299.98
6277 13.94 587.28 632.09 3.71 292.18
6278 15.40 442.27 289.37 2.21 306.77
6279 17.01 533.03 752.32 3.71 301.86
6280 17.58 383.53 574.72 3.41 307.76
6281 17.66 298.87 721.19 3.41 308.06
6282 16.70 139.04 537.50 2.61 316.21
6283 15.13 20.89 27.25 1.70 318.29
6284 14.11 0.00 0.00 1.30 323.22
6285 13.08 0.00 0.00 1.30 324.73
6286 12.06 0.00 0.00 1.00 323.34
6287 11.03 0.00 0.00 1.60 321.12
6288 10.01 0.00 0.00 1.60 317.89
6289 9.05 0.00 0.00 1.10 313.70
6290 8.05 0.00 0.00 0.80 312.01
6291 7.08 0.00 0.00 0.60 309.98
6292 6.57 0.00 0.00 0.40 308.60
6293 6.06 0.00 0.00 0.70 308.82
6294 5.70 0.00 0.00 0.70 309.45
6295 6.02 8.72 0.00 1.40 312.94
6296 6.75 45.82 0.00 1.00 316.52
6297 8.17 134.45 27.14 0.70 314.10
6298 9.23 166.60 11.11 1.20 318.95
6299 10.78 280.39 75.08 1.00 321.43
6300 12.53 378.69 182.14 0.70 314.88
6301 13.27 298.18 47.34 0.50 320.80
6302 13.63 263.84 32.88 0.20 322.22
6303 14.48 388.10 305.38 0.50 308.88
6304 14.68 275.20 189.71 1.30 312.49
6305 13.74 139.54 64.70 1.50 329.71
6306 12.82 10.26 0.00 2.11 354.51
6307 11.67 7.84 0.00 1.60 347.61
6308 10.79 0.00 0.00 1.40 342.33
6309 9.86 0.00 0.00 1.20 336.80
6310 8.82 0.00 0.00 0.50 332.53
6311 8.00 0.00 0.00 0.70 330.75
6312 7.11 0.00 0.00 1.40 326.00
6313 6.40 0.00 0.00 2.41 323.45
6314 5.52 0.00 0.00 1.40 317.78
6315 4.94 0.00 0.00 1.30 314.36
6316 4.57 0.00 0.00 1.60 312.48
6317 4.20 0.00 0.00 1.90 309.06
6318 3.95 0.00 0.00 2.81 307.89
6319 4.27 7.16 0.00 2.81 310.16
6320 4.61 22.04 0.00 2.81 311.35
6321 4.73 23.13 0.00 2.41 314.15
6322 5.42 80.14 0.00 2.61 312.78
6323 6.31 125.31 0.00 2.81 312.16
6324 8.75 362.80 168.90 2.41 302.70
6325 10.09 299.56 38.46 1.70 313.78
6326 11.13 306.21 82.37 2.41 314.43
6327 12.56 423.22 398.77 2.41 304.90
6328 13.64 408.93 703.82 2.81 304.09
6329 13.88 264.84 715.16 1.70 307.41
6330 13.36 138.39 556.16 0.70 306.59
6331 12.15 15.65 0.00 1.10 305.57
6332 11.61 0.00 0.00 0.80 310.24
6333 11.06 0.00 0.00 0.90 311.09
6334 10.52 0.00 0.00 0.50 312.24
6335 9.98 0.00 0.00 0.20 312.44
6336 9.44 0.00 0.00 0.50 312.44
6337 8.97 0.00 0.00 0.40 309.06
6338 8.49 0.00 0.00 0.90 312.58
6339 8.01 0.00 0.00 1.30 314.47
6340 7.76 0.00 0.00 1.20 314.15
6341 7.53 0.00 0.00 1.10 318.00
6342 7.37 0.00 0.00 0.90 320.00
6343 7.54 4.74 0.00 1.00 321.66
6344 8.02 32.43 0.00 1.10 325.69
6345 8.74 71.06 0.00 0.80 326.90
6346 9.42 101.48 0.00 0.90 327.79
6347 9.82 102.62 0.00 1.00 331.55
6348 10.22 131.78 0.00 1.20 332.72
6349 10.75 162.18 0.00 1.00 332.88
6350 10.94 153.73 0.00 0.70 334.15
6351 11.20 142.15 0.00 0.80 335.17
6352 11.19 92.37 0.00 0.70 337.71
6353 10.90 50.34 0.00 0.40 338.38
6354 10.13 13.45 0.00 0.40 339.84
6355 9.65 2.71 0.00 0.20 337.12
6356 8.46 0.00 0.00 0.10 330.48
6357 8.69 0.00 0.00 0.10 330.74
6358 8.08 0.00 0.00 0.60 328.30
6359 7.58 0.00 0.00 0.60 324.05
6360 6.74 0.00 0.00 0.80 322.69
6361 6.55 0.00 0.00 0.70 321.20
6362 5.76 0.00 0.00 1.30 320.35
6363 5.86 0.00 0.00 1.20 318.41
6364 5.61 0.00 0.00 1.70 318.21
6365 5.49 0.00 0.00 2.11 318.37
6366 5.37 0.00 0.00 2.11 317.73
6367 5.53 2.53 0.00 1.60 318.61
6368 5.68 13.16 0.00 1.10 319.98
6369 6.27 27.90 0.00 1.30 320.49
6370 6.65 42.19 0.00 1.00 322.57
6371 6.99 51.86 0.00 1.10 324.23
6372 7.29 58.40 0.00 1.30 326.21
6373 7.53 60.48 0.00 0.70 327.16
6374 10.35 489.22 506.24 0.40 304.72
6375 12.38 454.38 665.70 0.10 304.66
6376 13.52 354.04 632.45 0.10 309.10
6377 13.98 248.90 657.44 0.10 310.99
6378 13.66 110.20 461.00 0.40 316.33
6379 12.84 7.62 0.00 0.60 315.34
6380 12.02 0.00 0.00 0.70 316.09
6381 11.20 0.00 0.00 0.30 314.31
6382 10.37 0.00 0.00 0.20 314.72
6383 9.55 0.00 0.00 0.20 312.92
6384 8.73 0.00 0.00 0.50 314.77
6385 7.67 0.00 0.00 0.50 312.12
6386 6.66 0.00 0.00 0.30 311.90
6387 5.62 0.00 0.00 0.60 310.15
6388 5.10 0.00 0.00 0.80 309.39
6389 4.59 0.00 0.00 0.70 308.61
6390 4.24 0.00 0.00 0.90 308.80
6391 4.48 5.14 0.00 0.90 312.23
6392 4.62 11.09 0.00 0.70 314.59
6393 4.86 24.24 0.00 0.60 314.97
6394 5.33 54.68 0.00 0.70 313.06
6395 7.48 259.49 74.42 0.60 303.73
6396 8.52 208.77 18.21 0.40 312.32
6397 11.24 502.81 481.05 0.80 297.47
6398 13.75 583.40 777.94 1.10 293.13
6399 15.26 499.22 845.09 0.70 298.87
6400 16.35 470.92 845.94 0.70 290.39
6401 16.53 304.45 774.63 0.90 295.91
6402 15.63 129.69 567.94 1.50 302.55
6403 14.46 9.89 0.00 1.90 301.44
6404 13.30 0.00 0.00 2.21 306.63
6405 12.13 0.00 0.00 2.61 305.12
6406 10.96 0.00 0.00 1.90 301.42
6407 9.79 0.00 0.00 2.81 298.07
6408 8.63 0.00 0.00 3.21 294.37
6409 7.64 0.00 0.00 3.21 294.71
6410 6.69 0.00 0.00 2.61 290.80
6411 5.74 0.00 0.00 3.91 290.45
6412 5.28 0.00 0.00 2.21 289.39
6413 4.83 0.00 0.00 1.50 290.35
6414 4.53 0.00 0.00 1.90 290.11
6415 4.24 15.10 0.00 1.90 291.05
6416 6.42 85.76 158.09 2.11 300.75
6417 7.19 144.84 89.45 3.21 305.68
6418 10.42 494.34 667.15 3.01 285.15
6419 12.90 623.27 930.20 2.11 285.69
6420 14.80 703.54 789.26 3.01 288.46
6421 15.01 451.62 342.33 4.81 306.77
6422 13.28 131.36 0.00 5.51 327.87
6423 11.51 44.61 0.00 5.51 330.90
6424 10.10 34.78 0.00 5.91 329.04
6425 8.92 22.43 0.00 7.52 325.79
6426 8.13 66.39 171.79 6.52 304.73
6427 7.58 2.46 0.00 4.81 300.99
6428 7.01 0.00 0.00 4.31 299.78
6429 6.44 0.00 0.00 3.01 295.81
6430 5.87 0.00 0.00 2.61 293.42
6431 5.29 0.00 0.00 2.21 288.00
6432 4.72 0.00 0.00 1.70 287.07
6433 4.01 0.00 0.00 1.40 283.14
6434 3.26 0.00 0.00 0.90 279.73
6435 2.52 0.00 0.00 1.40 274.67
6436 2.14 0.00 0.00 1.90 271.49
6437 1.75 0.00 0.00 2.61 268.34
6438 1.49 0.00 0.00 2.41 265.39
6439 1.23 8.75 0.00 3.71 262.09
6440 5.38 136.56 596.35 3.21 274.48
6441 8.35 333.02 763.46 4.51 272.44
6442 9.80 376.03 581.35 3.41 286.07
6443 8.28 186.19 13.60 3.01 314.22
6444 8.02 219.63 12.64 2.61 312.39
6445 7.77 219.24 10.20 2.41 302.82
6446 7.35 189.74 5.83 2.61 299.20
6447 7.66 288.69 138.49 2.11 290.82
6448 6.98 130.70 0.16 2.81 299.07
6449 6.58 157.42 194.77 3.91 284.93
6450 5.66 35.48 0.00 2.61 294.02
6451 4.91 1.17 0.00 4.11 288.28
6452 4.15 0.00 0.00 4.31 284.04
6453 3.40 0.00 0.00 4.11 279.93
6454 2.64 0.00 0.00 4.11 274.23
6455 1.89 0.00 0.00 4.31 270.63
6456 1.14 0.00 0.00 5.01 268.14
6457 0.49 0.00 0.00 3.41 266.27
6458 -0.32 0.00 0.00 2.11 261.03
6459 -1.17 0.00 0.00 3.01 256.76
6460 -1.69 0.00 0.00 2.81 251.90
6461 -2.22 0.00 0.00 1.70 248.82
6462 -2.63 0.00 0.00 1.90 245.36
6463 -3.03 8.61 0.00 1.10 240.43
6464 0.94 119.46 606.36 0.50 252.52
6465 3.31 267.26 767.65 0.60 255.15
6466 5.53 402.42 860.70 1.10 259.51
6467 7.46 508.80 907.25 1.40 254.86
6468 8.99 572.42 920.86 1.40 256.20
6469 10.09 592.09 924.97 2.11 256.53
6470 10.67 564.27 918.43 1.90 258.20
6471 10.75 492.29 899.75 1.50 258.94
6472 10.16 380.00 845.70 2.21 257.31
6473 8.82 241.55 743.20 2.41 259.35
6474 6.94 96.21 549.30 1.70 261.82
6475 5.81 3.36 0.00 1.30 260.11
6476 4.69 0.00 0.00 1.40 265.02
6477 3.56 0.00 0.00 1.30 263.46
6478 2.43 0.00 0.00 1.30 262.25
6479 1.30 0.00 0.00 0.60 258.50
6480 0.18 0.00 0.00 0.60 255.22
6481 -0.16 0.00 0.00 1.10 253.59
6482 -0.52 0.00 0.00 0.90 252.98
6483 -0.90 0.00 0.00 1.30 252.14
6484 -1.11 0.00 0.00 1.20 252.78
6485 -1.32 0.00 0.00 1.20 253.67
6486 -1.47 0.00 0.00 1.90 253.45
6487 -1.62 7.54 0.00 2.81 253.99
6488 2.57 101.75 457.82 2.41 268.58
6489 5.36 238.14 667.45 2.61 271.10
6490 8.15 374.63 790.39 2.41 274.11
6491 10.65 477.50 836.10 2.21 271.50
6492 12.67 540.70 852.07 2.41 276.18
6493 14.14 559.80 856.50 3.91 278.90
6494 15.00 529.70 840.37 4.11 279.53
6495 15.24 455.60 806.53 6.32 283.95
6496 14.75 352.68 776.42 5.91 286.66
6497 13.38 218.42 670.11 5.51 288.25
6498 11.36 82.51 393.30 5.71 289.83
6499 10.29 2.52 0.00 6.72 283.85
6500 9.22 0.00 0.00 4.81 288.07
6501 8.15 0.00 0.00 5.31 284.90
6502 7.11 0.00 0.00 4.51 285.43
6503 6.07 0.00 0.00 3.91 279.46
6504 5.02 0.00 0.00 2.81 275.63
6505 4.12 0.00 0.00 1.70 272.89
6506 3.13 0.00 0.00 2.41 272.79
6507 2.13 0.00 0.00 2.21 269.06
6508 1.59 0.00 0.00 1.90 267.45
6509 1.04 0.00 0.00 2.21 265.72
6510 0.65 0.00 0.00 2.21 262.78
6511 0.25 6.53 0.00 1.90 261.73
6512 3.24 86.13 345.18 0.70 273.50
6513 5.66 226.68 622.21 1.40 271.50
6514 7.81 345.85 563.39 1.60 276.20
6515 8.78 336.58 229.80 2.81 277.77
6516 10.01 430.43 414.16 3.01 278.84
6517 10.92 449.93 444.49 2.41 280.62
6518 11.60 462.18 573.08 1.70 277.31
6519 11.97 436.95 646.57 3.41 277.26
6520 11.21 250.88 237.47 2.81 288.17
6521 9.84 132.50 120.71 3.21 292.75
6522 8.25 52.31 138.28 4.11 292.03
6523 7.48 1.46 0.00 3.41 292.40
6524 6.70 0.00 0.00 3.71 294.96
6525 5.92 0.00 0.00 4.11 292.94
6526 5.14 0.00 0.00 3.21 290.67
6527 4.36 0.00 0.00 2.81 287.27
6528 3.58 0.00 0.00 3.71 285.78
6529 3.22 0.00 0.00 2.81 284.85
6530 2.89 0.00 0.00 3.21 283.36
6531 2.56 0.00 0.00 5.31 280.61
6532 2.41 0.00 0.00 4.51 278.90
6533 2.26 0.00 0.00 3.21 278.51
6534 2.17 0.00 0.00 3.01 277.33
6535 2.09 4.64 0.00 2.41 277.86
6536 4.69 61.04 65.61 3.21 284.96
6537 6.41 140.95 90.75 3.91 288.29
6538 8.22 228.06 109.14 3.71 288.32
6539 9.86 291.44 110.52 3.21 285.69
6540 11.00 309.17 88.74 3.41 288.05
6541 12.13 359.03 166.42 4.31 285.92
6542 13.34 422.04 390.94 4.11 281.41
6543 14.16 403.49 607.26 3.41 277.90
6544 14.38 316.89 647.20 2.21 273.56
6545 13.83 201.00 606.17 2.61 274.54
6546 12.57 80.28 462.30 1.70 274.24
6547 10.86 1.48 0.00 1.90 273.59
6548 9.14 0.00 0.00 2.61 274.69
6549 7.45 0.00 0.00 2.41 270.85
6550 5.77 0.00 0.00 2.11 266.31
6551 3.92 0.00 0.00 1.30 262.97
6552 2.06 0.00 0.00 0.40 255.70
6553 0.10 0.00 0.00 0.40 248.04
6554 -1.76 0.00 0.00 0.60 242.82
6555 -3.66 0.00 0.00 1.00 237.97
6556 -4.82 0.00 0.00 0.80 233.13
6557 -5.97 0.00 0.00 0.50 229.24
6558 -6.82 0.00 0.00 0.70 224.49
6559 -7.66 4.74 0.00 0.50 220.81
6560 -1.55 110.18 574.72 0.70 238.22
6561 2.66 267.92 761.84 1.20 246.74
6562 6.64 413.80 872.09 2.50 252.84
6563 10.16 527.78 932.23 3.20 245.64
6564 13.00 596.44 955.50 1.70 240.84
6565 14.98 613.46 960.79 1.40 243.70
6566 16.06 580.70 951.08 1.40 249.31
6567 16.24 500.91 922.85 2.00 250.39
6568 15.23 378.37 852.02 3.70 255.28
6569 12.91 228.16 729.11 3.00 257.96
6570 9.63 77.96 543.04 2.00 260.11
6571 7.85 0.00 0.00 1.70 266.67
6572 6.12 0.00 0.00 1.00 263.58
6573 4.38 0.00 0.00 0.80 260.90
6574 2.63 0.00 0.00 1.00 255.85
6575 0.89 0.00 0.00 0.70 251.61
6576 -0.84 0.00 0.00 1.50 249.50
6577 -1.67 0.00 0.00 2.00 246.74
6578 -2.57 0.00 0.00 1.70 244.50
6579 -3.46 0.00 0.00 3.40 243.96
6580 -3.94 0.00 0.00 3.90 244.08
6581 -4.42 0.00 0.00 2.00 242.05
6582 -4.77 0.00 0.00 1.40 240.71
6583 -5.11 3.80 0.00 0.90 239.38
6584 -0.07 82.04 211.71 1.10 256.15
6585 2.62 172.33 296.68 0.90 262.09
6586 5.82 287.17 432.01 1.40 265.28
6587 8.95 389.26 525.56 1.80 259.65
6588 11.26 422.29 435.46 3.70 263.33
6589 13.29 471.48 581.09 4.20 263.83
6590 14.78 478.08 680.92 4.70 259.50
6591 15.19 390.57 597.37 5.60 257.05
6592 14.83 311.35 650.14 5.60 256.65
6593 13.29 195.46 617.17 4.70 256.96
6594 10.73 61.98 342.01 4.50 259.46
6595 9.04 0.00 0.00 3.20 266.31
6596 7.37 0.00 0.00 3.20 262.69
6597 5.71 0.00 0.00 3.20 258.14
6598 4.05 0.00 0.00 2.20 254.98
6599 2.39 0.00 0.00 1.80 251.55
6600 0.73 0.00 0.00 2.50 247.63
6601 -0.64 0.00 0.00 2.50 242.62
6602 -2.26 0.00 0.00 3.20 237.31
6603 -3.88 0.00 0.00 4.00 234.46
6604 -4.78 0.00 0.00 3.00 230.89
6605 -5.69 0.00 0.00 3.40 225.76
6606 -6.36 0.00 0.00 3.00 222.16
6607 -7.03 3.30 0.00 2.50 221.59
6608 -0.94 106.03 544.21 2.20 238.52
6609 3.54 267.63 750.39 3.90 246.60
6610 7.80 418.61 867.21 2.50 253.48
6611 11.62 535.04 929.79 4.00 246.46
6612 14.64 602.93 953.59 3.70 250.51
6613 16.74 619.61 959.62 2.70 254.27
6614 17.92 587.03 949.95 3.70 255.71
6615 18.11 500.92 919.22 4.70 254.52
6616 17.00 373.21 844.36 3.90 257.33
6617 14.51 218.18 712.54 3.40 258.39
6618 11.06 67.56 516.26 2.70 259.48
6619 9.85 0.00 0.00 4.20 272.15
6620 8.64 0.00 0.00 4.50 276.18
6621 7.45 0.00 0.00 3.20 278.76
6622 6.27 0.00 0.00 2.00 278.14
6623 5.08 0.00 0.00 1.50 280.54
6624 3.89 0.00 0.00 1.80 281.44
6625 3.54 0.00 0.00 2.70 283.00
6626 3.29 0.00 0.00 3.00 283.42
6627 3.05 0.00 0.00 2.50 284.34
6628 2.99 0.00 0.00 3.00 288.98
6629 2.92 0.00 0.00 1.40 292.71
6630 2.92 0.00 0.00 2.20 295.93
6631 2.92 0.65 0.00 2.20 298.68
6632 3.55 7.90 0.00 3.00 301.25
6633 4.08 20.46 0.00 1.70 301.62
6634 4.60 32.25 0.00 1.70 303.45
6635 5.06 41.41 0.00 3.40 298.18
6636 5.46 47.02 0.00 2.50 299.92
6637 5.75 48.63 0.00 3.00 310.59
6638 9.14 375.03 219.28 3.70 284.71
6639 13.18 544.60 753.50 3.20 272.86
6640 14.95 360.36 809.58 2.00 284.39
6641 15.18 180.33 592.16 2.70 295.72
6642 14.16 57.24 377.27 3.40 296.19
6643 12.86 0.00 0.00 2.20 293.28
6644 11.55 0.00 0.00 1.70 291.95
6645 10.24 0.00 0.00 1.10 287.89
6646 8.94 0.00 0.00 0.90 283.07
6647 7.63 0.00 0.00 1.20 276.23
6648 6.37 0.00 0.00 1.10 270.50
6649 4.61 0.00 0.00 2.20 265.67
6650 2.64 0.00 0.00 3.90 260.06
6651 0.67 0.00 0.00 5.00 251.53
6652 -0.41 0.00 0.00 5.20 247.26
6653 -1.49 0.00 0.00 3.40 243.35
6654 -2.29 0.00 0.00 4.20 241.66
6655 -3.10 1.96 0.00 3.20 238.02
6656 1.84 92.40 554.42 5.00 253.65
6657 5.90 246.46 740.89 5.20 259.63
6658 9.85 393.19 858.58 3.40 268.45
6659 13.38 508.92 925.09 3.40 262.02
6660 16.22 579.43 950.19 3.70 267.45
6661 18.23 599.60 956.31 3.40 271.16
6662 19.35 567.00 945.93 2.50 271.13
6663 19.57 486.02 912.12 3.20 275.08
6664 18.59 361.36 834.85 3.00 276.21
6665 16.30 208.35 694.00 2.70 280.08
6666 12.91 38.23 175.79 2.70 275.25
6667 11.30 0.00 0.00 3.70 282.29
6668 9.69 0.00 0.00 2.70 278.02
6669 8.08 0.00 0.00 2.70 275.32
6670 6.51 0.00 0.00 1.70 274.89
6671 4.94 0.00 0.00 1.00 269.93
6672 3.37 0.00 0.00 0.70 265.21
6673 2.63 0.00 0.00 1.10 263.37
6674 1.92 0.00 0.00 1.00 263.65
6675 1.21 0.00 0.00 2.00 261.78
6676 0.87 0.00 0.00 3.90 261.39
6677 0.52 0.00 0.00 1.80 260.96
6678 0.30 0.00 0.00 3.20 258.95
6679 0.08 2.00 0.00 3.00 258.48
6680 3.84 70.03 203.09 3.00 270.12
6681 4.71 101.91 43.79 3.00 283.21
6682 4.79 89.05 0.00 4.20 292.65
6683 4.53 65.70 0.00 5.20 293.32
6684 9.11 507.06 607.36 4.70 266.30
6685 13.06 597.90 850.20 5.40 268.68
6686 14.87 467.78 676.58 5.20 279.19
6687 16.07 444.15 674.04 4.40 276.69
6688 14.50 138.79 72.58 3.70 300.21
6689 12.25 30.46 0.00 4.40 310.69
6690 10.23 9.93 0.00 3.70 309.33
6691 9.74 0.00 0.00 3.90 315.07
6692 9.25 0.00 0.00 1.40 315.07
6693 8.76 0.00 0.00 1.80 316.41
6694 8.27 0.00 0.00 1.20 315.46
6695 7.77 0.00 0.00 1.20 316.54
6696 7.31 0.00 0.00 1.80 315.45
6697 6.67 0.00 0.00 2.50 317.34
6698 5.95 0.00 0.00 3.00 319.26
6699 5.62 0.00 0.00 4.40 317.50
6700 5.35 0.00 0.00 5.20 317.21
6701 5.07 0.00 0.00 5.00 316.19
6702 4.89 0.00 0.00 3.90 315.28
6703 4.71 0.11 0.00 3.90 313.97
6704 5.12 6.61 0.00 4.00 314.80
6705 5.55 21.60 0.00 3.90 311.55
6706 5.93 31.33 0.00 4.20 308.89
6707 6.25 40.78 0.00 4.40 308.13
6708 6.50 45.14 0.00 3.90 308.39
6709 6.73 51.27 0.00 4.00 308.82
6710 9.65 373.67 327.49 3.70 292.83
6711 11.45 316.90 374.34 4.00 297.61
6712 12.27 229.82 332.30 4.70 303.52
6713 12.29 125.29 265.79 4.50 309.34
6714 11.35 23.11 1.83 4.70 308.41
6715 10.60 0.00 0.00 5.20 308.26
6716 9.86 0.00 0.00 4.50 305.32
6717 9.11 0.00 0.00 4.50 304.85
6718 8.37 0.00 0.00 5.00 304.42
6719 7.62 0.00 0.00 4.00 304.03
6720 6.92 0.00 0.00 3.70 300.53
6721 6.14 0.00 0.00 4.20 300.12
6722 5.34 0.00 0.00 3.70 299.90
6723 4.54 0.00 0.00 3.40 300.22
6724 4.13 0.00 0.00 4.20 299.55
6725 3.72 0.00 0.00 5.00 297.27
6726 3.43 0.00 0.00 6.30 298.58
6727 3.15 0.00 0.00 5.00 298.63
6728 3.50 6.23 0.00 5.00 300.27
6729 4.59 43.84 0.00 6.90 297.76
6730 7.25 160.52 55.58 6.60 293.98
6731 8.36 147.01 2.01 6.60 302.07
6732 11.22 326.79 191.56 7.20 297.21
6733 13.34 349.81 217.54 6.90 300.03
6734 15.45 418.44 547.58 9.20 297.67
6735 16.51 350.61 578.63 9.50 301.55
6736 16.58 238.09 403.01 11.40 301.64
6737 15.79 152.58 428.27 10.40 297.87
6738 13.94 24.40 27.27 10.40 291.56
6739 12.95 0.00 0.00 10.40 290.06
6740 11.96 0.00 0.00 13.81 288.49
6741 10.97 0.00 0.00 9.90 285.97
6742 9.99 0.00 0.00 7.20 286.20
6743 9.00 0.00 0.00 9.50 284.01
6744 8.01 0.00 0.00 10.40 281.86
6745 7.15 0.00 0.00 8.20 278.81
6746 6.21 0.00 0.00 8.50 276.46
6747 5.28 0.00 0.00 8.50 274.36
6748 4.78 0.00 0.00 6.90 274.01
6749 4.28 0.00 0.00 6.30 273.92
6750 3.93 0.00 0.00 6.00 271.54
6751 3.57 0.00 0.00 4.50 271.87
6752 7.80 77.05 515.52 4.50 283.49
6753 12.16 231.51 713.25 4.70 289.59
6754 16.52 386.42 707.11 4.40 296.40
6755 17.67 316.54 315.02 5.20 301.84
6756 19.29 400.07 311.58 6.90 302.60
6757 15.40 46.21 0.00 7.20 328.18
6758 13.26 93.96 0.00 7.90 321.62
6759 16.32 478.94 607.17 6.90 284.43
6760 17.16 337.18 814.30 6.30 291.03
6761 16.35 186.24 655.11 8.50 294.85
6762 14.36 38.14 265.18 7.20 295.13
6763 13.17 0.00 0.00 6.90 299.80
6764 11.97 0.00 0.00 6.00 296.38
6765 10.78 0.00 0.00 6.00 292.86
6766 9.59 0.00 0.00 5.60 289.34
6767 8.39 0.00 0.00 5.20 286.77
6768 7.23 0.00 0.00 5.80 284.07
6769 6.34 0.00 0.00 6.00 283.42
6770 5.43 0.00 0.00 6.30 281.57
6771 4.53 0.00 0.00 6.60 281.56
6772 4.07 0.00 0.00 6.60 280.89
6773 3.61 0.00 0.00 6.30 279.31
6774 3.30 0.00 0.00 5.60 280.13
6775 2.99 0.00 0.00 6.30 279.78
6776 4.70 36.07 69.48 7.50 285.38
6777 7.38 149.22 282.55 7.90 291.24
6778 11.17 328.47 681.91 6.60 286.92
6779 14.16 418.09 773.36 6.60 293.89
6780 16.22 445.54 515.37 5.60 301.78
6781 13.83 103.18 0.00 7.50 328.79
6782 12.39 125.71 0.00 6.90 323.44
6783 11.18 113.55 0.00 6.00 319.64
6784 11.68 269.92 516.15 5.20 293.71
6785 11.35 182.96 582.11 4.70 288.60
6786 9.98 36.18 258.15 4.20 287.34
6787 9.61 0.00 0.00 1.80 289.22
6788 9.25 0.00 0.00 2.00 288.12
6789 8.88 0.00 0.00 1.80 287.76
6790 8.52 0.00 0.00 2.20 287.17
6791 8.16 0.00 0.00 1.70 288.62
6792 7.79 0.00 0.00 3.20 287.28
6793 7.50 0.00 0.00 2.20 291.33
6794 7.25 0.00 0.00 1.70 293.49
6795 7.00 0.00 0.00 1.70 293.24
6796 6.90 0.00 0.00 2.00 293.47
6797 6.81 0.00 0.00 2.20 296.89
6798 6.77 0.00 0.00 2.20 299.06
6799 6.72 0.00 0.00 2.70 296.72
6800 7.12 5.12 0.00 3.00 301.54
6801 8.93 58.22 0.00 3.90 309.97
6802 8.91 27.79 0.00 3.40 317.02
6803 10.09 96.85 0.00 3.20 313.79
6804 10.57 77.95 0.00 2.70 320.05
6805 13.42 302.84 161.99 1.80 311.47
6806 15.81 337.01 277.86 2.20 310.77
6807 18.28 416.36 736.82 1.80 305.44
6808 19.61 335.05 804.06 2.50 309.54
6809 19.57 175.27 634.34 2.00 316.19
6810 18.04 29.66 166.22 2.70 312.98
6811 17.21 0.00 0.00 2.50 313.31
6812 16.39 0.00 0.00 2.00 313.99
6813 15.57 0.00 0.00 3.40 313.24
6814 14.75 0.00 0.00 5.20 313.21
6815 13.92 0.00 0.00 5.80 310.38
6816 13.10 0.00 0.00 5.40 311.11
6817 12.01 0.00 0.00 6.30 308.62
6818 10.86 0.00 0.00 5.80 307.63
6819 9.71 0.00 0.00 7.50 306.31
6820 9.11 0.00 0.00 6.90 308.29
6821 8.51 0.00 0.00 5.40 310.00
6822 8.09 0.00 0.00 6.00 310.21
6823 7.67 0.00 0.00 6.90 313.47
6824 7.81 4.93 0.00 8.90 316.18
6825 8.66 48.28 0.00 11.90 318.07
6826 9.86 120.28 5.17 12.50 321.46
6827 11.00 185.77 21.61 10.40 324.19
6828 12.13 211.96 21.81 11.10 315.41
6829 12.96 242.34 34.96 8.20 313.91
6830 13.12 171.62 6.53 7.90 318.14
6831 12.91 123.41 0.00 7.20 319.84
6832 12.16 50.43 0.00 6.60 325.34
6833 11.39 27.47 0.00 6.30 320.27
6834 10.62 7.80 0.00 5.60 320.37
6835 9.67 0.00 0.00 5.20 316.00
6836 8.71 0.00 0.00 4.70 314.02
6837 7.75 0.00 0.00 4.20 310.11
6838 6.84 0.00 0.00 4.20 305.21
6839 5.90 0.00 0.00 4.00 301.12
6840 4.97 0.00 0.00 6.00 298.59
6841 4.27 0.00 0.00 5.60 300.11
6842 3.58 0.00 0.00 5.40 296.63
6843 2.89 0.00 0.00 7.90 290.71
6844 2.54 0.00 0.00 5.60 289.40
6845 2.20 0.00 0.00 5.00 288.17
6846 1.97 0.00 0.00 4.00 287.66
6847 1.74 0.00 0.00 3.90 284.58
6848 2.69 17.04 0.00 4.00 287.44
6849 3.12 32.18 0.00 3.70 288.16
6850 3.78 59.70 0.00 3.90 288.91
6851 7.82 326.31 390.81 3.40 275.44
6852 10.55 347.28 356.82 2.50 281.14
6853 12.12 321.11 160.22 2.70 287.73
6854 13.07 299.83 168.53 1.80 291.31
6855 13.16 212.44 104.34 1.00 294.52
6856 12.19 112.39 19.09 0.50 296.80
6857 11.65 135.55 341.14 0.50 280.26
6858 10.13 14.21 0.00 0.50 279.87
6859 9.04 0.00 0.00 0.40 276.15
6860 7.96 0.00 0.00 0.30 271.99
6861 6.91 0.00 0.00 0.60 271.20
6862 5.85 0.00 0.00 0.60 268.73
6863 4.79 0.00 0.00 0.20 267.51
6864 3.73 0.00 0.00 0.30 261.62
6865 2.66 0.00 0.00 0.30 260.30
6866 1.51 0.00 0.00 0.20 257.64
6867 0.36 0.00 0.00 0.70 255.11
6868 -0.26 0.00 0.00 1.00 253.30
6869 -0.85 0.00 0.00 0.90 251.37
6870 -1.30 0.00 0.00 1.10 250.32
6871 -1.74 0.00 0.00 1.20 249.74
6872 0.21 36.59 172.57 1.20 258.95
6873 3.65 164.11 591.08 1.50 269.55
6874 6.97 285.34 716.38 1.50 275.30
6875 10.03 387.23 805.71 2.20 271.41
6876 12.41 435.41 778.99 3.00 276.31
6877 14.17 457.36 822.41 2.00 280.28
6878 15.11 420.63 781.93 1.40 279.41
6879 15.24 341.80 707.12 2.50 279.01
6880 14.35 239.95 640.72 2.50 280.27
6881 12.42 114.69 451.89 2.00 280.16
6882 9.96 14.89 0.00 2.00 274.62
6883 8.77 0.00 0.00 1.50 277.92
6884 7.59 0.00 0.00 0.70 274.44
6885 6.45 0.00 0.00 0.50 273.94
6886 5.29 0.00 0.00 0.50 271.54
6887 4.13 0.00 0.00 0.20 265.37
6888 2.97 0.00 0.00 0.10 262.66
6889 2.14 0.00 0.00 0.10 260.22
6890 1.29 0.00 0.00 0.00 259.87
6891 0.45 0.00 0.00 0.30 256.83
6892 0.03 0.00 0.00 0.20 256.42
6893 -0.40 0.00 0.00 0.30 255.97
6894 -0.66 0.00 0.00 0.40 256.96
6895 -0.96 0.00 0.00 0.80 256.12
6896 0.70 33.23 137.48 0.70 262.95
6897 3.90 160.87 562.26 1.40 271.90
6898 8.03 345.02 793.71 2.00 268.47
6899 11.19 425.46 850.05 1.80 274.37
6900 13.26 443.02 713.34 1.80 281.29
6901 13.68 332.14 273.60 2.50 292.79
6902 13.77 303.31 233.16 2.20 289.17
6903 12.40 166.93 30.67 3.40 293.49
6904 10.95 127.52 45.22 3.90 291.04
6905 9.25 67.04 42.33 3.40 287.05
6906 7.46 12.13 0.00 3.40 279.12
6907 6.51 0.00 0.00 2.20 272.17
6908 5.56 0.00 0.00 3.40 271.02
6909 4.61 0.00 0.00 3.90 264.32
6910 3.66 0.00 0.00 3.40 261.41
6911 2.71 0.00 0.00 3.70 257.94
6912 1.77 0.00 0.00 2.70 256.39
6913 0.85 0.00 0.00 3.70 253.60
6914 -0.12 0.00 0.00 4.20 250.86
6915 -1.08 0.00 0.00 4.70 248.65
6916 -1.61 0.00 0.00 4.70 247.82
6917 -2.13 0.00 0.00 4.70 246.73
6918 -2.50 0.00 0.00 5.00 244.12
6919 -2.87 0.00 0.00 5.40 240.54
6920 -1.17 29.46 71.76 6.60 244.78
6921 2.39 154.28 443.98 7.90 250.61
6922 5.13 235.88 478.28 5.40 261.48
6923 7.67 320.03 514.85 5.60 258.93
6924 10.17 399.41 571.35 5.40 257.26
6925 12.53 471.28 753.42 5.20 256.35
6926 13.65 407.46 728.18 4.20 259.46
6927 14.14 361.90 761.61 5.00 258.28
6928 13.90 280.86 774.35 6.00 255.28
6929 12.36 149.34 578.25 9.20 254.69
6930 9.86 15.07 0.00 9.50 252.90
6931 8.54 0.00 0.00 7.20 259.90
6932 7.24 0.00 0.00 6.90 261.04
6933 5.94 0.00 0.00 8.20 262.41
6934 4.64 0.00 0.00 7.50 258.66
6935 3.35 0.00 0.00 7.90 256.93
6936 2.05 0.00 0.00 7.90 254.80
6937 0.99 0.00 0.00 6.60 253.01
6938 -0.20 0.00 0.00 5.60 251.53
6939 -1.39 0.00 0.00 8.90 247.67
6940 -2.06 0.00 0.00 8.50 247.08
6941 -2.73 0.00 0.00 5.80 245.72
6942 -3.23 0.00 0.00 6.30 244.42
6943 -3.72 0.00 0.00 6.90 244.96
6944 -2.41 25.81 50.75 5.80 250.31
6945 0.32 130.05 407.50 6.00 260.14
6946 3.38 253.62 613.89 7.20 262.80
6947 6.06 343.13 659.18 8.50 263.01
6948 8.09 387.80 610.45 8.50 266.07
6949 9.53 397.65 632.78 8.50 267.91
6950 10.48 391.60 721.85 6.60 268.45
6951 10.67 322.20 687.71 7.50 269.86
6952 9.94 224.83 644.69 8.20 270.46
6953 8.16 99.73 423.99 7.20 274.02
6954 7.34 8.61 0.00 5.60 275.66
6955 6.51 0.00 0.00 5.20 281.71
6956 5.68 0.00 0.00 5.20 282.74
6957 4.85 0.00 0.00 3.20 281.62
6958 4.02 0.00 0.00 2.00 284.22
6959 3.19 0.00 0.00 1.20 283.00
6960 2.36 0.00 0.00 1.40 281.09
6961 2.08 0.00 0.00 2.20 280.55
6962 1.77 0.00 0.00 3.20 279.72
6963 1.46 0.00 0.00 3.40 282.68
6964 1.29 0.00 0.00 3.20 282.54
6965 1.12 0.00 0.00 2.20 283.85
6966 1.00 0.00 0.00 2.50 284.61
6967 0.88 0.00 0.00 1.70 284.42
6968 1.37 9.89 0.00 1.70 288.58
6969 2.23 43.93 0.00 2.20 292.14
6970 3.24 86.75 0.00 2.50 291.61
6971 4.18 123.18 0.00 2.20 294.55
6972 5.08 155.23 3.28 2.20 295.93
6973 5.43 124.36 0.00 3.70 296.15
6974 5.48 100.60 0.00 3.90 296.77
6975 5.23 71.35 0.00 3.40 298.24
6976 4.75 48.68 0.00 2.00 302.26
6977 4.18 25.73 0.00 3.00 298.36
6978 3.63 3.27 0.00 3.40 298.83
6979 3.67 0.00 0.00 5.80 298.61
6980 3.52 0.00 0.00 4.50 298.26
6981 3.41 0.00 0.00 4.70 299.16
6982 3.20 0.00 0.00 4.40 297.90
6983 2.99 0.00 0.00 4.00 296.49
6984 2.78 0.00 0.00 3.90 296.26
6985 2.64 0.00 0.00 3.90 293.61
6986 2.58 0.00 0.00 3.20 290.41
6987 1.89 0.00 0.00 2.50 291.02
6988 2.20 0.00 0.00 2.20 292.77
6989 2.48 0.00 0.00 1.80 294.11
6990 2.47 0.00 0.00 1.40 294.55
6991 2.34 0.00 0.00 2.00 291.24
6992 2.86 6.52 0.00 3.20 297.47
6993 3.44 26.54 0.00 3.20 297.77
6994 4.14 52.53 0.00 4.20 300.84
6995 4.72 69.48 0.00 4.00 303.26
6996 5.30 79.69 0.00 4.40 306.00
6997 5.70 85.70 0.00 4.00 306.03
6998 5.92 77.90 0.00 3.70 304.62
6999 5.92 63.24 0.00 4.20 307.84
7000 5.69 43.46 0.00 4.50 306.96
7001 5.44 15.86 0.00 4.70 307.65
7002 4.95 1.85 0.00 5.40 304.24
7003 4.43 0.00 0.00 5.20 302.92
7004 4.22 0.00 0.00 4.50 301.05
7005 3.80 0.00 0.00 3.40 298.05
7006 3.39 0.00 0.00 1.70 295.06
7007 2.97 0.00 0.00 0.70 292.09
7008 2.56 0.00 0.00 0.90 289.14
7009 1.50 0.00 0.00 2.50 284.69
7010 0.40 0.00 0.00 1.80 278.20
7011 -0.68 0.00 0.00 2.50 273.94
7012 -1.27 0.00 0.00 3.20 271.55
7013 -1.85 0.00 0.00 2.70 268.28
7014 -2.26 0.00 0.00 1.40 261.27
7015 -2.66 0.00 0.00 0.90 258.53
7016 -1.75 20.98 17.39 1.10 259.58
7017 -0.66 70.72 34.45 0.80 261.14
7018 1.25 178.91 221.70 0.70 259.73
7019 4.48 384.93 723.62 1.70 253.50
7020 6.84 434.02 848.71 0.80 263.43
7021 8.30 421.77 691.98 0.90 268.48
7022 8.85 344.40 462.76 0.90 273.75
7023 7.53 129.57 10.61 2.20 288.19
7024 6.04 76.67 0.00 2.70 289.21
7025 4.33 7.88 0.00 2.20 293.91
7026 3.85 1.68 0.00 1.50 292.75
7027 3.37 0.00 0.00 0.40 291.03
7028 2.89 0.00 0.00 0.40 291.68
7029 2.41 0.00 0.00 0.40 283.43
7030 1.94 0.00 0.00 0.30 280.04
7031 1.46 0.00 0.00 0.50 277.88
7032 0.98 0.00 0.00 1.20 274.88
7033 0.69 0.00 0.00 1.00 273.71
7034 0.40 0.00 0.00 1.80 270.04
7035 0.12 0.00 0.00 2.50 267.38
7036 -0.01 0.00 0.00 2.50 264.91
7037 -0.15 0.00 0.00 2.50 264.00
7038 -0.23 0.00 0.00 3.40 263.13
7039 -0.32 0.00 0.00 2.70 261.23
7040 0.02 6.41 0.00 2.70 272.10
7041 1.13 48.91 0.00 3.00 277.67
7042 2.44 92.20 0.00 2.70 283.19
7043 3.00 88.46 0.00 2.70 277.13
7044 3.63 119.61 0.00 3.40 288.11
7045 4.20 159.17 4.93 4.20 293.00
7046 4.90 133.24 0.00 4.70 296.11
7047 4.99 104.27 0.00 6.30 286.29
7048 4.70 64.55 0.00 6.30 275.70
7049 4.21 38.11 0.00 6.30 273.41
7050 3.54 2.70 0.00 5.40 272.25
7051 2.86 0.00 0.00 6.00 270.32
7052 2.19 0.00 0.00 7.20 264.20
7053 1.51 0.00 0.00 7.50 260.47
7054 0.84 0.00 0.00 7.20 256.45
7055 0.16 0.00 0.00 7.50 255.74
7056 -0.49 0.00 0.00 7.50 254.18
7057 -1.24 0.00 0.00 6.90 251.87
7058 -2.04 0.00 0.00 5.80 249.01
7059 -2.84 0.00 0.00 5.80 246.60
7060 -3.27 0.00 0.00 6.00 244.18
7061 -3.70 0.00 0.00 5.80 240.37
7062 -4.01 0.00 0.00 5.80 239.88
7063 -4.32 0.00 0.00 5.80 237.42
7064 -3.27 19.66 9.53 4.70 240.23
7065 -0.14 134.21 550.47 4.70 248.51
7066 3.22 263.38 743.17 3.20 251.12
7067 6.22 361.84 763.25 3.00 256.99
7068 8.08 370.30 574.84 3.00 270.47
7069 9.73 412.29 694.43 3.00 271.90
7070 10.29 338.36 565.70 2.00 277.31
7071 10.02 253.41 441.11 3.20 279.76
7072 8.91 169.53 381.88 3.00 279.85
7073 7.23 84.97 267.09 3.00 274.25
7074 6.36 5.04 0.00 2.50 273.92
7075 5.49 0.00 0.00 2.20 271.06
7076 4.62 0.00 0.00 1.50 269.23
7077 3.75 0.00 0.00 1.00 270.71
7078 2.88 0.00 0.00 0.70 272.64
7079 2.01 0.00 0.00 1.70 270.29
7080 1.14 0.00 0.00 1.20 266.58
7081 0.52 0.00 0.00 1.00 269.13
7082 -0.12 0.00 0.00 1.70 269.93
7083 -0.74 0.00 0.00 2.20 270.15
7084 -1.07 0.00 0.00 2.00 270.26
7085 -1.40 0.00 0.00 1.10 269.58
7086 -1.62 0.00 0.00 1.10 270.35
7087 -1.84 0.00 0.00 1.20 268.19
7088 -1.73 2.35 0.00 1.70 269.32
7089 -1.43 13.46 0.00 3.00 271.05
7090 -0.94 36.04 0.00 3.00 270.50
7091 -0.77 29.96 0.00 2.70 274.20
7092 -0.49 47.19 0.00 3.00 272.35
7093 -0.42 51.05 0.00 3.20 276.20
7094 1.94 328.93 462.92 3.90 261.12
7095 3.18 261.94 468.38 5.00 255.22
7096 3.58 166.22 429.54 6.30 254.54
7097 3.28 71.11 252.70 5.00 254.22
7098 2.66 2.59 0.00 5.60 254.56
7099 2.05 0.00 0.00 5.20 253.33
7100 1.43 0.00 0.00 5.80 255.34
7101 0.82 0.00 0.00 5.20 254.09
7102 0.20 0.00 0.00 9.20 255.15
7103 -0.41 0.00 0.00 7.20 256.54
7104 -1.02 0.00 0.00 7.50 256.23
7105 -1.61 0.00 0.00 6.30 255.74
7106 -2.16 0.00 0.00 5.00 256.50
7107 -2.71 0.00 0.00 5.40 256.97
7108 -2.97 0.00 0.00 4.20 255.67
7109 -3.23 0.00 0.00 4.70 257.27
7110 -3.38 0.00 0.00 4.40 255.88
7111 -3.54 0.00 0.00 4.40 256.37
7112 -3.37 2.38 0.00 2.70 255.51
7113 -3.10 10.87 0.00 4.20 258.82
7114 -2.79 21.18 0.00 4.50 260.79
7115 -2.42 35.38 0.00 3.00 260.73
7116 -1.99 52.39 0.00 4.20 258.05
7117 -1.74 55.48 0.00 5.20 268.86
7118 0.68 328.75 368.14 5.00 238.11
7119 2.10 276.98 638.19 3.00 237.35
7120 2.64 182.53 587.31 3.90 241.01
7121 2.34 69.76 341.21 3.40 244.59
7122 1.41 1.99 0.00 3.40 243.24
7123 0.48 0.00 0.00 4.20 240.33
7124 -0.43 0.00 0.00 4.70 235.28
7125 -1.38 0.00 0.00 4.00 231.00
7126 -2.33 0.00 0.00 3.40 228.65
7127 -3.29 0.00 0.00 2.70 225.68
7128 -4.24 0.00 0.00 2.70 220.07
7129 -5.36 0.00 0.00 1.40 219.61
7130 -6.67 0.00 0.00 2.00 214.91
7131 -7.98 0.00 0.00 2.20 212.48
7132 -8.73 0.00 0.00 1.50 208.55
7133 -9.48 0.00 0.00 1.10 207.22
7134 -10.04 0.00 0.00 1.80 208.17
7135 -10.60 0.00 0.00 1.70 207.28
7136 -10.14 14.30 0.00 1.20 207.75
7137 -7.88 122.34 576.86 1.10 214.17
7138 -5.50 238.16 727.49 1.40 216.39
7139 -3.32 334.06 809.50 3.00 220.37
7140 -1.58 390.48 841.11 3.70 219.26
7141 -0.36 408.87 861.58 3.70 221.79
7142 0.21 371.30 808.99 3.70 215.83
7143 0.23 305.15 779.54 3.00 218.41
7144 -0.54 199.99 702.22 3.20 221.80
7145 -2.19 75.72 475.77 1.50 222.12
7146 -3.30 1.56 0.00 3.70 221.77
7147 -4.41 0.00 0.00 2.70 220.23
7148 -5.52 0.00 0.00 3.40 219.13
7149 -6.63 0.00 0.00 4.40 217.69
7150 -7.74 0.00 0.00 3.40 213.99
7151 -8.85 0.00 0.00 3.70 211.17
7152 -9.96 0.00 0.00 3.00 211.15
7153 -10.26 0.00 0.00 4.20 212.79
7154 -10.63 0.00 0.00 4.00 211.24
7155 -10.99 0.00 0.00 5.20 209.49
7156 -11.20 0.00 0.00 5.80 206.38
7157 -11.41 0.00 0.00 5.00 203.86
7158 -11.57 0.00 0.00 3.70 203.68
7159 -11.73 0.00 0.00 3.70 203.25
7160 -11.13 11.37 0.00 3.90 206.23
7161 -8.95 88.65 275.46 3.40 211.72
7162 -5.73 219.75 633.68 3.20 211.71
7163 -2.80 312.58 740.32 3.00 216.84
7164 -0.06 402.42 839.65 2.70 219.11
7165 2.38 471.97 902.35 2.00 214.40
7166 3.53 401.65 876.71 3.00 217.36
7167 4.02 349.33 823.02 1.40 216.58
7168 3.34 223.91 701.66 3.00 220.20
7169 1.44 84.15 505.87 3.20 223.48
7170 0.86 1.46 0.00 2.20 224.49
7171 0.28 0.00 0.00 2.20 232.32
7172 -0.30 0.00 0.00 1.70 231.48
7173 -0.86 0.00 0.00 1.70 235.04
7174 -1.46 0.00 0.00 2.20 233.13
7175 -2.05 0.00 0.00 1.20 233.65
7176 -2.65 0.00 0.00 1.40 234.91
7177 -2.99 0.00 0.00 1.00 233.30
7178 -3.37 0.00 0.00 1.00 234.29
7179 -3.75 0.00 0.00 0.60 235.82
7180 -3.95 0.00 0.00 0.80 236.43
7181 -4.15 0.00 0.00 0.90 237.13
7182 -4.30 0.00 0.00 0.70 238.66
7183 -4.45 0.00 0.00 1.40 242.67
7184 -4.01 7.64 0.00 3.00 244.64
7185 -2.43 60.28 39.93 1.80 249.75
7186 -0.22 145.49 157.59 2.50 248.17
7187 0.40 114.64 0.00 2.00 259.67
7188 2.26 240.45 183.84 1.00 256.08
7189 2.95 185.29 51.61 2.00 265.81
7190 2.56 84.15 0.00 2.20 276.77
7191 2.76 150.23 71.93 2.00 266.20
7192 3.25 202.03 479.08 2.50 253.26
7193 2.62 72.84 465.90 3.70 256.45
7194 2.02 0.00 0.00 3.20 254.52
7195 1.41 0.00 0.00 2.70 253.19
7196 0.81 0.00 0.00 2.50 252.49
7197 0.21 0.00 0.00 3.00 252.45
7198 -0.39 0.00 0.00 2.70 249.45
7199 -0.98 0.00 0.00 2.70 247.95
7200 -1.59 0.00 0.00 4.40 246.93
7201 -2.01 0.00 0.00 5.40 245.96
7202 -2.31 0.00 0.00 5.20 243.69
7203 -2.60 0.00 0.00 4.40 243.47
7204 -2.69 0.00 0.00 3.90 243.46
7205 -2.77 0.00 0.00 2.70 244.46
7206 -2.85 0.00 0.00 4.50 243.58
7207 -2.87 0.00 0.00 5.00 242.35
7208 -2.88 14.40 0.00 4.40 242.31
7209 1.24 120.43 596.71 4.00 253.52
7210 3.58 255.14 751.63 2.20 255.14
7211 5.66 365.96 842.18 2.70 256.36
7212 7.31 433.53 885.85 4.50 258.76
7213 8.46 449.84 600.91 4.50 260.66
7214 5.87 34.01 0.00 4.70 295.42
7215 4.00 26.96 0.00 3.00 290.85
7216 2.56 16.80 0.00 3.00 287.86
7217 1.40 5.91 0.00 3.90 281.52
7218 1.21 0.00 0.00 1.70 279.58
7219 1.02 0.00 0.00 1.10 276.11
7220 0.83 0.00 0.00 2.00 271.03
7221 0.64 0.00 0.00 1.40 267.11
7222 0.45 0.00 0.00 0.90 264.76
7223 0.26 0.00 0.00 1.00 261.93
7224 0.07 0.00 0.00 1.70 260.83
7225 -0.58 0.00 0.00 1.40 257.21
7226 -1.20 0.00 0.00 1.00 253.22
7227 -1.82 0.00 0.00 1.50 251.47
7228 -2.10 0.00 0.00 1.50 247.23
7229 -2.38 0.00 0.00 1.20 244.54
7230 -2.66 0.00 0.00 1.80 241.62
7231 -2.82 0.00 0.00 1.70 235.86
7232 -2.98 11.50 0.00 1.50 234.77
7233 1.28 114.88 591.95 1.40 242.46
7234 3.77 248.75 745.35 1.10 242.52
7235 6.01 361.42 837.93 1.10 243.70
7236 7.75 428.94 882.19 1.70 245.93
7237 8.97 445.21 745.00 1.80 248.42
7238 8.75 292.12 326.77 0.70 259.73
7239 6.36 37.93 0.00 2.00 281.67
7240 4.42 15.07 0.00 2.20 278.25
7241 2.85 5.14 0.00 3.40 276.10
7242 2.16 0.00 0.00 2.20 269.12
7243 1.47 0.00 0.00 3.00 266.87
7244 0.78 0.00 0.00 1.80 263.54
7245 0.09 0.00 0.00 2.50 259.93
7246 -0.59 0.00 0.00 2.50 260.50
7247 -1.29 0.00 0.00 3.20 260.09
7248 -2.00 0.00 0.00 2.20 253.94
7249 -2.96 0.00 0.00 2.00 249.97
7250 -4.03 0.00 0.00 2.50 247.05
7251 -5.10 0.00 0.00 2.50 243.54
7252 -5.69 0.00 0.00 3.00 241.54
7253 -6.28 0.00 0.00 2.50 239.49
7254 -6.87 0.00 0.00 1.40 236.85
7255 -7.31 0.00 0.00 2.20 234.88
7256 -7.74 9.51 0.00 4.20 233.07
7257 -5.83 44.02 6.42 5.40 241.91
7258 -4.61 102.64 31.13 5.80 244.93
7259 -2.52 217.67 241.97 6.00 242.80
7260 0.56 405.15 653.06 4.70 235.09
7261 1.94 359.23 730.31 6.30 242.95
7262 3.02 385.14 831.39 7.50 240.44
7263 3.23 301.74 802.50 8.20 241.86
7264 2.39 182.95 684.77 8.50 245.37
7265 0.68 59.91 480.87 9.20 243.25
7266 0.18 0.00 0.00 9.90 246.56
7267 -0.33 0.00 0.00 9.50 248.41
7268 -0.82 0.00 0.00 8.50 247.97
7269 -1.34 0.00 0.00 8.50 248.54
7270 -1.86 0.00 0.00 6.90 247.88
7271 -2.38 0.00 0.00 6.30 248.40
7272 -2.90 0.00 0.00 6.30 248.75
7273 -2.99 0.00 0.00 5.60 245.69
7274 -3.03 0.00 0.00 5.00 246.21
7275 -3.07 0.00 0.00 5.60 253.47
7276 -3.07 0.00 0.00 7.90 256.20
7277 -3.07 0.00 0.00 6.60 257.23
7278 -3.06 0.00 0.00 6.60 258.47
7279 -3.05 0.00 0.00 6.90 259.51
7280 -3.03 2.84 0.00 7.20 260.73
7281 -0.84 40.64 0.00 5.40 266.00
7282 0.57 94.40 29.62 4.50 264.68
7283 -0.10 25.40 0.00 5.00 275.32
7284 2.16 225.71 183.33 4.50 260.59
7285 3.90 261.77 295.80 5.40 264.30
7286 4.93 244.39 314.30 5.00 265.49
7287 5.48 217.50 369.61 4.50 266.22
7288 4.69 82.25 52.28 4.40 276.67
7289 3.54 25.38 22.23 3.20 275.72
7290 3.18 0.00 0.00 3.90 276.70
7291 2.81 0.00 0.00 4.00 276.53
7292 2.45 0.00 0.00 2.50 280.25
7293 2.09 0.00 0.00 2.50 279.23
7294 1.73 0.00 0.00 1.50 279.24
7295 1.37 0.00 0.00 0.50 277.93
7296 1.01 0.00 0.00 0.80 278.46
7297 0.52 0.00 0.00 1.10 243.65
7298 0.13 0.00 0.00 0.90 239.28
7299 -0.26 0.00 0.00 0.90 235.01
7300 -0.36 0.00 0.00 0.70 234.35
7301 -0.48 0.00 0.00 0.40 235.40
7302 -0.61 0.00 0.00 0.40 231.21
7303 -0.64 0.00 0.00 0.30 232.65
7304 -0.68 4.98 0.00 0.40 231.20
7305 -0.14 7.40 0.00 0.40 236.66
7306 2.18 86.45 28.92 0.80 233.47
7307 6.31 264.06 456.90 0.70 227.44
7308 9.05 306.86 534.07 1.00 234.75
7309 11.90 406.09 583.37 0.50 236.45
7310 9.06 26.91 0.00 0.60 270.72
7311 7.03 20.83 0.00 0.40 269.79
7312 5.81 42.42 0.00 0.40 263.48
7313 4.93 47.16 202.44 0.20 261.58
7314 4.65 0.00 0.00 0.30 262.86
7315 4.36 0.00 0.00 0.40 258.57
7316 4.08 0.00 0.00 0.30 258.02
7317 3.79 0.00 0.00 0.20 262.45
7318 3.51 0.00 0.00 0.10 264.76
7319 3.22 0.00 0.00 0.50 266.37
7320 2.94 0.00 0.00 0.60 267.34
7321 2.08 0.00 0.00 0.40 264.18
7322 1.19 0.00 0.00 0.10 267.26
7323 0.30 0.00 0.00 0.20 266.15
7324 -0.16 0.00 0.00 0.30 267.46
7325 -0.60 0.00 0.00 0.40 265.65
7326 -1.08 0.00 0.00 0.10 266.18
7327 -1.40 0.00 0.00 0.10 264.47
7328 -1.73 4.75 0.00 0.20 266.05
7329 0.66 35.62 0.00 0.20 273.23
7330 5.87 189.64 450.26 0.20 268.18
7331 10.83 330.40 686.62 0.50 268.30
7332 12.17 264.77 329.13 0.60 284.43
7333 11.75 188.79 76.25 0.90 292.67
7334 11.22 176.56 83.82 0.70 287.93
7335 11.05 190.03 272.67 0.60 281.67
7336 10.23 143.33 351.14 0.60 274.34
7337 8.27 43.79 303.14 0.70 272.85
7338 7.39 0.00 0.00 0.70 270.47
7339 6.51 0.00 0.00 0.50 269.90
7340 5.63 0.00 0.00 0.40 270.40
7341 4.74 0.00 0.00 1.00 268.93
7342 3.86 0.00 0.00 1.00 265.70
7343 2.98 0.00 0.00 0.70 262.45
7344 2.09 0.00 0.00 1.00 260.40
7345 1.35 0.00 0.00 1.00 257.90
7346 0.58 0.00 0.00 1.80 259.20
7347 -0.19 0.00 0.00 1.30 256.64
7348 -0.57 0.00 0.00 2.50 255.10
7349 -0.98 0.00 0.00 2.50 254.45
7350 -1.38 0.00 0.00 1.80 252.67
7351 -1.67 0.00 0.00 2.00 249.41
7352 -1.95 2.12 0.00 1.20 249.63
7353 1.25 54.27 136.08 1.60 257.74
7354 3.58 133.87 259.81 1.30 258.65
7355 5.25 179.99 162.70 1.10 265.50
7356 7.17 254.45 304.10 1.10 264.24
7357 7.23 162.33 30.37 1.60 275.85
7358 7.33 170.14 76.41 2.00 274.32
7359 6.09 75.02 0.00 3.00 284.64
7360 4.35 10.47 0.00 4.30 288.75
7361 2.95 7.91 0.00 4.30 286.14
7362 2.42 0.00 0.00 5.90 283.49
7363 1.89 0.00 0.00 4.30 281.51
7364 1.36 0.00 0.00 4.00 282.37
7365 0.83 0.00 0.00 4.00 281.81
7366 0.30 0.00 0.00 4.00 282.13
7367 -0.24 0.00 0.00 5.40 280.66
7368 -0.75 0.00 0.00 3.60 277.57
7369 -1.25 0.00 0.00 2.70 276.42
7370 -1.64 0.00 0.00 3.40 278.51
7371 -2.08 0.00 0.00 4.30 275.80
7372 -2.30 0.00 0.00 4.60 275.08
7373 -2.53 0.00 0.00 5.40 274.28
7374 -2.75 0.00 0.00 5.40 272.97
7375 -2.90 0.00 0.00 5.10 272.07
7376 -3.05 0.75 0.00 5.40 271.16
7377 -2.19 10.74 0.00 4.30 273.48
7378 -2.04 14.57 0.00 4.00 274.75
7379 -0.91 54.56 0.00 5.40 273.31
7380 -0.11 68.19 0.00 6.70 273.39
7381 1.08 112.60 0.00 7.30 273.32
7382 3.41 229.42 259.67 6.70 264.87
7383 5.19 239.97 524.75 7.30 262.63
7384 5.24 109.44 252.67 7.00 275.98
7385 4.05 25.78 75.40 5.60 274.03
7386 3.68 0.00 0.00 3.70 274.29
7387 3.31 0.00 0.00 3.60 272.17
7388 2.94 0.00 0.00 4.00 273.04
7389 2.57 0.00 0.00 5.10 273.34
7390 2.19 0.00 0.00 3.70 273.33
7391 1.82 0.00 0.00 5.10 272.00
7392 1.45 0.00 0.00 4.30 272.04
7393 1.10 0.00 0.00 3.40 272.76
7394 0.75 0.00 0.00 3.60 270.73
7395 0.40 0.00 0.00 4.00 272.12
7396 0.23 0.00 0.00 3.20 271.61
7397 0.05 0.00 0.00 3.40 272.43
7398 -0.12 0.00 0.00 3.60 272.56
7399 -0.24 0.00 0.00 3.00 272.78
7400 -0.35 0.73 0.00 3.40 273.95
7401 0.84 16.90 0.00 4.60 283.28
7402 1.77 42.06 0.00 4.80 286.59
7403 2.74 69.56 0.00 3.70 282.51
7404 3.25 71.56 0.00 5.90 282.92
7405 3.69 80.52 0.00 5.90 283.81
7406 4.07 87.30 0.00 4.30 282.71
7407 4.32 85.87 0.00 4.60 281.19
7408 4.11 50.52 0.00 2.70 280.49
7409 3.40 10.48 0.00 2.70 278.79
7410 2.71 0.00 0.00 4.00 285.95
7411 2.01 0.00 0.00 5.40 282.58
7412 1.29 0.00 0.00 5.10 278.37
7413 0.65 0.00 0.00 5.60 274.62
7414 -0.12 0.00 0.00 5.10 270.25
7415 -1.00 0.00 0.00 4.80 267.00
7416 -1.31 0.00 0.00 4.00 265.03
7417 -2.02 0.00 0.00 4.60 260.98
7418 -2.77 0.00 0.00 2.70 257.31
7419 -3.53 0.00 0.00 2.00 254.05
7420 -3.92 0.00 0.00 2.70 252.02
7421 -4.32 0.00 0.00 1.60 250.86
7422 -4.71 0.00 0.00 3.20 249.19
7423 -4.99 0.00 0.00 3.40 246.73
7424 -5.27 1.43 0.00 1.80 245.63
7425 -1.78 44.47 122.77 2.30 258.91
7426 0.54 105.34 90.68 2.30 259.93
7427 3.00 171.70 168.04 1.60 262.42
7428 6.71 301.43 581.43 1.60 260.71
7429 8.89 298.39 510.68 1.20 268.88
7430 11.08 353.90 699.66 2.00 265.83
7431 11.24 229.49 703.86 2.50 278.25
7432 10.20 155.25 623.19 3.60 274.63
7433 7.57 32.97 235.50 2.70 270.49
7434 6.83 0.00 0.00 2.00 268.87
7435 6.08 0.00 0.00 1.80 268.12
7436 5.33 0.00 0.00 1.40 263.51
7437 4.58 0.00 0.00 2.00 261.45
7438 3.83 0.00 0.00 2.90 257.54
7439 3.08 0.00 0.00 3.60 256.44
7440 2.34 0.00 0.00 4.30 255.68
7441 1.73 0.00 0.00 4.00 255.94
7442 1.18 0.00 0.00 4.00 254.67
7443 0.62 0.00 0.00 6.70 255.31
7444 0.37 0.00 0.00 5.40 254.94
7445 0.12 0.00 0.00 5.40 252.52
7446 -0.14 0.00 0.00 4.60 253.06
7447 -0.29 0.00 0.00 4.00 252.45
7448 -0.42 1.57 0.00 3.60 252.44
7449 4.48 75.07 541.18 3.00 264.15
7450 8.48 197.03 687.44 3.70 268.25
7451 11.32 262.27 703.96 3.60 277.35
7452 13.10 282.30 457.37 3.40 283.00
7453 12.92 186.45 113.20 4.00 294.49
7454 13.19 221.48 314.58 3.20 289.92
7455 13.25 204.72 458.57 3.20 283.96
7456 11.81 98.92 285.06 3.60 288.33
7457 9.68 17.41 0.00 3.00 286.70
7458 8.78 0.00 0.00 3.40 284.37
7459 7.87 0.00 0.00 4.30 284.41
7460 7.01 0.00 0.00 4.80 281.96
7461 6.13 0.00 0.00 4.80 279.06
7462 5.24 0.00 0.00 6.70 276.91
7463 4.36 0.00 0.00 6.20 275.76
7464 3.48 0.00 0.00 4.80 272.36
7465 2.42 0.00 0.00 4.60 271.02
7466 1.32 0.00 0.00 5.10 267.59
7467 0.23 0.00 0.00 4.60 265.43
7468 -0.33 0.00 0.00 5.90 262.66
7469 -0.88 0.00 0.00 4.30 261.87
7470 -1.46 0.00 0.00 4.00 261.96
7471 -1.86 0.00 0.00 5.40 260.33
7472 -2.25 0.00 0.00 4.00 258.06
7473 -0.75 21.47 0.00 2.20 262.09
7474 2.25 109.14 129.40 2.50 269.13
7475 4.21 150.98 116.31 1.30 273.33
7476 4.88 134.09 26.09 1.30 277.05
7477 7.92 325.82 601.63 2.70 262.42
7478 10.25 346.63 752.38 2.90 262.95
7479 10.45 204.90 481.85 3.70 272.33
7480 9.53 126.12 436.83 4.60 270.26
7481 7.51 27.14 103.09 3.00 266.31
7482 6.23 0.00 0.00 3.40 262.55
7483 4.96 0.00 0.00 4.30 260.06
7484 3.68 0.00 0.00 4.80 256.64
7485 2.41 0.00 0.00 4.30 251.33
7486 1.14 0.00 0.00 4.60 247.06
7487 -0.14 0.00 0.00 5.10 243.77
7488 -1.41 0.00 0.00 4.00 239.61
7489 -2.60 0.00 0.00 4.00 236.50
7490 -3.90 0.00 0.00 3.70 232.55
7491 -5.21 0.00 0.00 2.30 229.76
7492 -5.93 0.00 0.00 2.00 227.63
7493 -6.65 0.00 0.00 2.00 224.89
7494 -7.37 0.00 0.00 2.50 222.70
7495 -7.89 0.00 0.00 2.50 221.25
7496 -8.41 0.00 0.00 4.00 220.50
7497 -4.97 51.38 223.43 4.00 232.44
7498 -2.31 131.84 394.72 5.60 240.66
7499 0.33 213.40 510.75 5.90 245.77
7500 2.09 243.28 398.49 6.40 249.43
7501 2.64 209.97 153.51 6.20 252.06
7502 2.79 193.85 198.47 3.60 255.04
7503 2.79 187.29 457.78 4.00 248.29
7504 2.14 139.23 459.73 5.60 238.44
7505 -0.01 12.58 0.00 5.40 234.44
7506 -1.09 0.00 0.00 3.70 230.61
7507 -2.20 0.00 0.00 4.80 229.58
7508 -3.31 0.00 0.00 3.40 224.36
7509 -4.42 0.00 0.00 3.00 220.78
7510 -5.53 0.00 0.00 2.90 217.74
7511 -6.64 0.00 0.00 2.30 215.77
7512 -7.75 0.00 0.00 2.70 211.63
7513 -8.37 0.00 0.00 3.60 211.26
7514 -8.97 0.00 0.00 4.60 207.29
7515 -9.57 0.00 0.00 4.00 204.87
7516 -9.86 0.00 0.00 3.20 202.85
7517 -10.15 0.00 0.00 3.60 203.61
7518 -10.45 0.00 0.00 4.30 203.47
7519 -10.63 0.00 0.00 3.70 203.37
7520 -10.82 0.00 0.00 4.30 202.36
7521 -5.81 63.99 505.62 4.30 215.92
7522 -1.24 180.91 668.57 4.60 224.26
7523 2.87 283.77 781.37 4.30 229.50
7524 6.11 345.51 833.08 3.20 234.35
7525 8.26 358.77 844.19 3.00 238.15
7526 9.29 324.85 818.11 4.00 242.24
7527 9.07 247.02 745.42 3.20 242.95
7528 7.10 135.70 607.66 3.70 243.52
7529 3.87 16.55 0.00 3.20 236.69
7530 2.78 0.00 0.00 2.50 236.24
7531 1.69 0.00 0.00 2.00 232.82
7532 0.61 0.00 0.00 1.60 229.16
7533 -0.46 0.00 0.00 1.00 228.56
7534 -1.58 0.00 0.00 0.90 229.17
7535 -2.69 0.00 0.00 1.00 225.46
7536 -3.81 0.00 0.00 1.30 224.30
7537 -5.00 0.00 0.00 1.80 220.83
7538 -6.31 0.00 0.00 2.30 218.40
7539 -7.62 0.00 0.00 2.70 215.17
7540 -8.34 0.00 0.00 2.70 214.26
7541 -9.06 0.00 0.00 2.00 214.47
7542 -9.78 0.00 0.00 2.20 211.65
7543 -10.30 0.00 0.00 2.30 210.09
7544 -10.82 0.00 0.00 2.00 209.40
7545 -7.46 50.22 262.16 2.30 220.32
7546 -4.80 130.46 401.45 2.20 225.44
7547 -2.17 209.44 538.25 2.90 229.29
7548 0.29 280.84 584.05 2.20 229.81
7549 0.74 210.01 235.01 3.00 238.92
7550 1.30 236.87 477.33 3.20 237.00
7551 1.08 180.68 460.50 3.00 238.84
7552 0.18 131.42 444.91 2.90 232.92
7553 -1.98 20.87 24.64 1.80 229.80
7554 -3.00 0.00 0.00 2.20 226.20
7555 -4.02 0.00 0.00 2.00 225.51
7556 -5.05 0.00 0.00 1.80 222.36
7557 -6.07 0.00 0.00 2.50 220.20
7558 -7.10 0.00 0.00 2.00 217.50
7559 -8.12 0.00 0.00 3.40 214.06
7560 -9.14 0.00 0.00 5.90 211.75
7561 -9.68 0.00 0.00 5.10 211.61
7562 -10.23 0.00 0.00 5.10 209.34
7563 -10.77 0.00 0.00 3.60 207.55
7564 -11.04 0.00 0.00 4.00 205.94
7565 -11.32 0.00 0.00 4.60 204.45
7566 -11.59 0.00 0.00 3.70 202.64
7567 -11.77 0.00 0.00 4.00 201.41
7568 -11.96 0.00 0.00 5.60 200.60
7569 -8.30 52.34 317.83 5.40 210.88
7570 -5.41 134.95 507.23 5.10 222.04
7571 -2.58 214.81 485.21 3.20 226.21
7572 -1.49 196.94 205.86 2.90 235.13
7573 -1.27 165.32 84.36 3.70 235.43
7574 -1.04 173.04 155.34 3.70 232.05
7575 -1.90 105.81 45.42 5.10 234.86
7576 -3.30 55.83 28.31 5.90 233.86
7577 -4.98 10.04 0.00 4.80 228.38
7578 -5.69 0.00 0.00 4.80 226.19
7579 -6.39 0.00 0.00 4.80 223.15
7580 -7.09 0.00 0.00 6.70 220.79
7581 -7.79 0.00 0.00 6.20 222.06
7582 -8.49 0.00 0.00 6.40 218.40
7583 -9.19 0.00 0.00 6.40 219.11
7584 -9.90 0.00 0.00 7.00 215.77
7585 -10.58 0.00 0.00 4.80 214.38
7586 -11.27 0.00 0.00 6.70 209.01
7587 -11.96 0.00 0.00 7.00 207.68
7588 -12.31 0.00 0.00 7.30 208.14
7589 -12.66 0.00 0.00 5.60 208.24
7590 -13.00 0.00 0.00 4.80 207.19
7591 -13.24 0.00 0.00 4.30 205.93
7592 -13.47 0.00 0.00 4.00 203.50
7593 -11.45 26.45 48.87 3.40 209.64
7594 -9.61 74.75 55.41 4.30 214.07
7595 -6.01 192.02 370.17 5.10 213.70
7596 -1.97 309.90 686.03 4.60 215.77
7597 0.59 321.36 828.25 5.40 218.94
7598 1.96 295.15 805.37 5.60 221.80
7599 2.14 220.86 733.43 6.20 222.75
7600 0.69 114.60 608.94 6.20 225.33
7601 -1.83 17.35 0.00 5.60 222.03
7602 -2.55 0.00 0.00 6.20 225.02
7603 -3.27 0.00 0.00 5.40 222.17
7604 -3.99 0.00 0.00 4.30 222.63
7605 -4.71 0.00 0.00 3.70 219.46
7606 -5.43 0.00 0.00 2.30 219.36
7607 -6.15 0.00 0.00 2.50 220.43
7608 -6.87 0.00 0.00 2.20 219.42
7609 -7.56 0.00 0.00 2.00 219.13
7610 -8.29 0.00 0.00 1.10 216.76
7611 -9.01 0.00 0.00 1.30 215.47
7612 -9.39 0.00 0.00 1.10 215.58
7613 -9.77 0.00 0.00 1.60 216.03
7614 -10.15 0.00 0.00 1.40 217.14
7615 -10.41 0.00 0.00 1.60 216.80
7616 -10.67 0.00 0.00 1.80 216.59
7617 -10.17 7.84 0.00 2.50 219.73
7618 -8.80 48.87 0.00 2.70 227.25
7619 -8.95 22.92 0.00 2.50 233.75
7620 -8.17 84.79 0.00 1.80 233.25
7621 -8.30 23.66 0.00 1.80 239.68
7622 -6.22 219.92 312.16 1.60 226.22
7623 -5.24 172.75 492.63 1.10 220.80
7624 -5.18 93.01 403.40 2.00 224.58
7625 -6.14 11.36 0.00 1.60 219.89
7626 -6.88 0.00 0.00 2.30 220.94
7627 -7.61 0.00 0.00 1.60 219.83
7628 -8.35 0.00 0.00 2.50 218.29
7629 -9.08 0.00 0.00 2.70 216.94
7630 -9.82 0.00 0.00 2.90 214.61
7631 -10.55 0.00 0.00 2.70 213.07
7632 -11.29 0.00 0.00 3.60 209.37
7633 -11.91 0.00 0.00 3.40 208.28
7634 -12.55 0.00 0.00 2.70 205.22
7635 -13.20 0.00 0.00 3.40 202.91
7636 -13.53 0.00 0.00 3.40 202.50
7637 -13.87 0.00 0.00 4.80 203.16
7638 -14.20 0.00 0.00 5.60 203.31
7639 -14.43 0.00 0.00 3.70 205.13
7640 -14.66 0.00 0.00 2.90 205.34
7641 -14.19 7.10 0.00 2.30 207.63
7642 -13.01 41.39 0.00 2.00 212.49
7643 -12.42 50.33 0.00 3.00 215.32
7644 -12.70 23.06 0.00 3.20 220.09
7645 -12.62 31.86 0.00 2.50 219.28
7646 -10.02 254.71 483.10 3.20 204.67
7647 -8.93 179.19 595.29 2.70 205.61
7648 -8.93 86.13 381.97 3.00 208.77
7649 -9.95 9.45 0.00 2.70 203.85
7650 -10.56 0.00 0.00 2.20 205.08
7651 -11.17 0.00 0.00 2.70 201.43
7652 -11.78 0.00 0.00 2.50 198.90
7653 -12.39 0.00 0.00 2.90 194.81
7654 -13.00 0.00 0.00 2.20 191.66
7655 -13.61 0.00 0.00 2.00 191.03
7656 -14.22 0.00 0.00 1.60 189.88
7657 -14.73 0.00 0.00 1.30 185.86
7658 -15.24 0.00 0.00 2.30 184.37
7659 -15.74 0.00 0.00 1.10 183.85
7660 -15.99 0.00 0.00 1.10 181.91
7661 -16.24 0.00 0.00 1.00 180.27
7662 -16.48 0.00 0.00 1.10 178.52
7663 -16.64 0.00 0.00 2.70 176.29
7664 -16.80 0.00 0.00 2.00 174.55
7665 -14.25 33.63 231.75 2.70 180.01
7666 -9.93 147.29 638.44 2.90 186.43
7667 -5.94 248.15 622.90 3.00 194.68
7668 -4.70 207.96 299.12 4.00 208.24
7669 -4.32 183.72 169.88 4.00 215.04
7670 -3.64 216.92 401.59 3.20 210.09
7671 -3.16 216.72 490.75 3.20 204.15
7672 -4.90 69.63 162.50 3.00 215.37
7673 -7.07 12.95 0.00 2.90 213.06
7674 -7.97 0.00 0.00 4.00 211.79
7675 -8.87 0.00 0.00 2.70 210.49
7676 -9.77 0.00 0.00 3.00 209.46
7677 -10.67 0.00 0.00 3.40 208.17
7678 -11.57 0.00 0.00 4.80 204.85
7679 -12.47 0.00 0.00 5.10 203.03
7680 -13.36 0.00 0.00 6.20 201.63
7681 -14.31 0.00 0.00 5.60 198.89
7682 -15.37 0.00 0.00 4.30 197.10
7683 -16.42 0.00 0.00 4.80 195.28
7684 -17.01 0.00 0.00 4.60 191.95
7685 -17.59 0.00 0.00 5.90 190.93
7686 -18.17 0.00 0.00 5.10 190.38
7687 -18.59 0.00 0.00 4.30 190.62
7688 -19.02 0.00 0.00 4.00 189.82
7689 -18.70 8.43 0.00 4.80 190.91
7690 -18.72 12.03 0.00 4.60 191.59
7691 -18.14 51.29 0.00 4.60 190.09
7692 -16.56 159.34 137.89 5.10 184.72
7693 -15.32 191.42 209.36 4.30 186.55
7694 -15.20 112.95 19.18 2.70 194.85
7695 -15.34 86.23 20.13 1.60 195.24
7696 -16.26 13.02 0.00 1.40 200.85
7697 -17.09 2.16 0.00 2.00 195.46
7698 -17.38 0.00 0.00 2.00 195.20
7699 -17.67 0.00 0.00 1.30 194.54
7700 -17.96 0.00 0.00 1.40 193.54
7701 -18.39 0.00 0.00 1.40 190.75
7702 -18.53 0.00 0.00 0.60 189.89
7703 -18.82 0.00 0.00 1.10 187.84
7704 -19.11 0.00 0.00 1.10 185.80
7705 -18.98 0.00 0.00 0.80 185.62
7706 -18.70 0.00 0.00 0.80 186.11
7707 -18.42 0.00 0.00 0.50 186.59
7708 -18.20 0.00 0.00 0.90 186.52
7709 -17.99 0.00 0.00 1.20 186.97
7710 -17.77 0.00 0.00 1.00 187.16
7711 -17.58 0.00 0.00 1.10 187.19
7712 -17.39 0.00 0.00 1.80 183.88
7713 -15.94 17.95 0.00 2.90 185.76
7714 -13.27 87.77 166.64 1.80 192.42
7715 -11.80 107.33 62.47 1.80 197.55
7716 -9.21 205.96 320.83 1.80 191.70
7717 -8.13 169.00 153.54 1.60 199.11
7718 -8.60 88.70 0.00 1.80 216.12
7719 -9.80 34.93 0.00 2.30 208.35
7720 -11.08 8.46 0.00 2.70 207.55
7721 -11.53 4.04 0.00 2.90 205.90
7722 -11.97 0.00 0.00 2.50 203.85
7723 -12.42 0.00 0.00 2.00 199.39
7724 -12.86 0.00 0.00 2.20 198.69
7725 -13.30 0.00 0.00 3.00 194.34
7726 -13.75 0.00 0.00 3.60 195.45
7727 -14.19 0.00 0.00 2.90 195.69
7728 -14.64 0.00 0.00 2.90 195.98
7729 -15.88 0.00 0.00 2.30 200.69
7730 -17.20 0.00 0.00 2.20 196.36
7731 -18.59 0.00 0.00 2.20 189.87
7732 -19.63 0.00 0.00 1.80 185.02
7733 -20.20 0.00 0.00 1.30 182.31
7734 -21.01 0.00 0.00 1.00 179.26
7735 -21.62 0.00 0.00 1.30 177.22
7736 -22.23 0.00 0.00 2.00 174.59
7737 -21.99 10.38 0.00 2.50 176.17
7738 -21.73 32.18 0.00 2.50 176.33
7739 -21.96 22.53 0.00 2.20 177.45
7740 -21.53 77.74 0.00 1.40 173.80
7741 -21.05 115.45 12.48 1.10 172.54
7742 -20.58 145.32 119.51 1.60 170.67
7743 -20.57 103.51 97.53 1.30 172.18
7744 -20.85 65.85 179.22 1.30 169.96
7745 -20.91 6.40 0.00 1.60 169.10
7746 -20.98 0.00 0.00 2.00 169.75
7747 -21.04 0.00 0.00 1.80 169.54
7748 -21.10 0.00 0.00 3.20 169.34
7749 -21.16 0.00 0.00 3.60 169.03
7750 -21.23 0.00 0.00 4.00 169.83
7751 -21.29 0.00 0.00 4.30 169.59
7752 -21.35 0.00 0.00 4.30 169.35
7753 -20.72 0.00 0.00 2.90 172.05
7754 -19.89 0.00 0.00 4.00 172.82
7755 -19.06 0.00 0.00 5.40 175.18
7756 -18.55 0.00 0.00 4.60 178.20
7757 -18.04 0.00 0.00 3.20 179.28
7758 -17.53 0.00 0.00 3.20 181.25
7759 -17.13 0.00 0.00 2.70 184.04
7760 -16.72 0.00 0.00 2.50 184.80
7761 -15.02 17.01 0.00 1.60 188.91
7762 -12.00 80.87 153.37 2.00 195.30
7763 -7.10 208.71 587.02 3.20 194.73
7764 -2.66 294.21 772.15 2.20 198.08
7765 -0.48 262.54 695.35 1.20 208.24
7766 0.23 210.10 501.81 2.90 213.00
7767 -0.84 117.96 179.50 1.80 218.38
7768 -2.88 51.33 72.08 2.20 219.94
7769 -3.26 5.64 0.00 2.20 218.90
7770 -3.64 0.00 0.00 1.60 218.28
7771 -4.01 0.00 0.00 2.00 218.72
7772 -4.39 0.00 0.00 2.00 214.84
7773 -4.76 0.00 0.00 1.60 213.69
7774 -5.14 0.00 0.00 2.30 213.19
7775 -5.52 0.00 0.00 2.50 212.19
7776 -5.89 0.00 0.00 1.20 210.30
7777 -7.02 0.00 0.00 1.20 207.32
7778 -8.24 0.00 0.00 1.80 206.21
7779 -9.46 0.00 0.00 2.50 204.87
7780 -10.10 0.00 0.00 4.00 205.44
7781 -10.75 0.00 0.00 3.70 202.69
7782 -11.40 0.00 0.00 4.30 201.58
7783 -11.87 0.00 0.00 3.70 199.32
7784 -12.33 0.00 0.00 2.70 197.31
7785 -11.06 23.45 52.11 2.70 200.49
7786 -8.15 127.05 608.95 3.60 206.59
7787 -5.34 225.98 723.48 5.10 210.70
7788 -3.05 289.99 787.97 3.60 213.92
7789 -1.88 275.39 662.83 3.20 223.56
7790 -1.96 189.08 332.19 5.10 228.28
7791 -3.57 79.50 18.28 4.00 235.53
7792 -5.31 37.87 2.47 6.40 235.02
7793 -6.00 4.08 0.00 7.50 233.59
7794 -6.68 0.00 0.00 8.90 231.26
7795 -7.37 0.00 0.00 8.40 230.22
7796 -8.05 0.00 0.00 9.10 226.58
7797 -8.74 0.00 0.00 9.80 223.38
7798 -9.43 0.00 0.00 10.60 220.36
7799 -10.11 0.00 0.00 10.60 216.85
7800 -10.80 0.00 0.00 9.40 213.87
7801 -11.16 0.00 0.00 12.10 211.42
7802 -11.53 0.00 0.00 13.40 209.68
7803 -11.90 0.00 0.00 11.30 208.21
7804 -12.09 0.00 0.00 11.30 206.93
7805 -12.28 0.00 0.00 9.40 204.99
7806 -12.47 0.00 0.00 7.80 203.48
7807 -12.60 0.00 0.00 9.40 201.66
7808 -12.72 0.00 0.00 9.80 200.06
7809 -11.48 16.06 0.00 10.10 203.04
7810 -7.62 115.16 608.88 8.40 212.16
7811 -4.00 205.25 720.32 9.40 218.93
7812 -1.08 262.18 782.01 10.10 224.81
7813 0.90 280.09 797.20 8.40 226.34
7814 1.79 246.95 767.82 8.90 229.04
7815 1.63 179.62 688.40 8.90 232.65
7816 -0.04 83.88 521.60 8.00 232.34
7817 -0.66 4.94 0.00 8.40 233.16
7818 -1.32 0.00 0.00 7.60 235.15
7819 -1.98 0.00 0.00 8.00 233.09
7820 -2.64 0.00 0.00 7.00 233.25
7821 -3.30 0.00 0.00 7.30 232.79
7822 -3.96 0.00 0.00 8.70 233.18
7823 -4.62 0.00 0.00 7.60 230.73
7824 -5.28 0.00 0.00 7.30 228.51
7825 -5.90 0.00 0.00 6.70 230.22
7826 -6.59 0.00 0.00 7.00 227.14
7827 -7.28 0.00 0.00 7.30 225.12
7828 -7.66 0.00 0.00 6.20 224.79
7829 -8.03 0.00 0.00 7.00 225.04
7830 -8.41 0.00 0.00 6.40 225.60
7831 -8.68 0.00 0.00 5.60 225.18
7832 -8.96 0.00 0.00 4.30 224.72
7833 -8.33 9.36 0.00 4.30 226.66
7834 -6.59 58.52 70.09 3.20 234.06
7835 -4.29 130.00 200.03 2.20 236.95
7836 -1.54 218.99 483.30 2.70 236.54
7837 -0.14 205.67 395.59 2.00 242.09
7838 0.11 149.89 191.41 2.30 249.90
7839 0.36 159.63 472.31 2.30 244.35
7840 -0.33 92.26 478.59 1.30 239.87
7841 -0.92 6.11 0.00 1.40 240.49
7842 -1.53 0.00 0.00 1.30 236.96
7843 -2.14 0.00 0.00 1.80 235.09
7844 -2.75 0.00 0.00 2.70 235.43
7845 -3.36 0.00 0.00 2.90 233.05
7846 -3.97 0.00 0.00 2.00 231.70
7847 -4.58 0.00 0.00 2.90 231.10
7848 -5.19 0.00 0.00 2.50 229.16
7849 -5.55 0.00 0.00 2.70 226.84
7850 -5.90 0.00 0.00 2.70 225.93
7851 -6.25 0.00 0.00 3.20 224.19
7852 -6.42 0.00 0.00 5.40 224.21
7853 -6.59 0.00 0.00 6.20 223.23
7854 -6.76 0.00 0.00 4.60 223.59
7855 -6.87 0.00 0.00 5.10 221.78
7856 -6.98 0.00 0.00 5.40 221.57
7857 -5.64 18.08 0.00 6.70 227.08
7858 -1.99 116.94 344.99 7.50 236.72
7859 -0.05 147.24 309.38 6.40 251.94
7860 3.09 268.02 652.96 7.80 247.39
7861 5.43 299.37 663.96 7.00 247.71
7862 5.22 152.48 215.01 7.30 264.15
7863 5.48 191.55 393.13 5.90 252.07
7864 3.08 13.22 0.00 5.10 278.63
7865 2.55 2.74 0.00 5.90 279.33
7866 2.02 0.00 0.00 4.80 275.58
7867 1.49 0.00 0.00 5.60 273.84
7868 0.97 0.00 0.00 6.20 273.01
7869 0.44 0.00 0.00 6.40 271.58
7870 -0.09 0.00 0.00 8.00 269.51
7871 -0.60 0.00 0.00 7.60 269.75
7872 -1.14 0.00 0.00 7.00 268.77
7873 -1.71 0.00 0.00 6.40 268.64
7874 -2.38 0.00 0.00 4.80 268.35
7875 -3.04 0.00 0.00 2.30 265.53
7876 -3.42 0.00 0.00 2.90 262.54
7877 -3.80 0.00 0.00 2.50 261.53
7878 -4.18 0.00 0.00 3.20 261.30
7879 -4.54 0.00 0.00 5.90 258.21
7880 -4.81 0.00 0.00 8.00 256.62
7881 -4.71 4.79 0.00 5.90 256.88
7882 -4.26 31.16 0.00 5.90 257.82
7883 -3.58 57.15 0.00 6.70 257.32
7884 -3.54 60.46 0.00 4.00 260.56
7885 -3.12 62.06 0.00 5.40 260.51
7886 -3.18 47.36 0.00 3.70 262.45
7887 -3.25 47.63 0.00 4.00 260.92
7888 -3.55 25.58 0.00 2.90 260.69
7889 -3.71 1.53 0.00 2.50 259.63
7890 -3.85 0.00 0.00 1.60 260.50
7891 -3.96 0.00 0.00 2.00 260.68
7892 -4.14 0.00 0.00 2.20 259.75
7893 -4.84 0.00 0.00 2.70 257.92
7894 -4.53 0.00 0.00 1.60 258.73
7895 -4.55 0.00 0.00 1.30 258.45
7896 -4.77 0.00 0.00 1.20 257.62
7897 -4.45 0.00 0.00 1.20 258.66
7898 -4.17 0.00 0.00 1.10 259.91
7899 -4.01 0.00 0.00 0.90 262.80
7900 -3.54 0.00 0.00 0.70 263.08
7901 -3.25 0.00 0.00 0.70 266.78
7902 -3.02 0.00 0.00 0.70 267.40
7903 -2.82 0.00 0.00 0.60 268.21
7904 -2.63 0.00 0.00 0.60 269.64
7905 -2.35 1.62 0.00 1.20 271.53
7906 -1.92 7.78 0.00 1.40 274.22
7907 -1.29 19.70 0.00 1.40 274.59
7908 -0.79 24.76 0.00 1.40 277.20
7909 -0.41 26.29 0.00 2.70 279.16
7910 2.30 172.52 309.09 1.60 269.91
7911 3.57 122.79 349.34 2.00 265.83
7912 3.70 55.00 260.92 2.20 265.61
7913 3.28 2.59 0.00 1.60 266.61
7914 2.87 0.00 0.00 1.80 266.07
7915 2.45 0.00 0.00 1.40 267.52
7916 2.03 0.00 0.00 1.10 266.03
7917 1.62 0.00 0.00 1.80 266.61
7918 1.20 0.00 0.00 1.30 266.53
7919 0.79 0.00 0.00 1.00 266.02
7920 0.37 0.00 0.00 0.80 267.13
7921 -0.45 0.00 0.00 1.00 264.14
7922 -1.38 0.00 0.00 1.00 259.55
7923 -2.31 0.00 0.00 1.30 256.80
7924 -2.80 0.00 0.00 1.60 256.30
7925 -3.29 0.00 0.00 1.80 254.70
7926 -3.78 0.00 0.00 1.20 253.35
7927 -4.13 0.00 0.00 0.80 252.15
7928 -4.48 0.00 0.00 1.00 250.64
7929 -3.99 8.14 0.00 0.60 253.37
7930 -2.49 54.06 56.65 0.80 258.40
7931 -0.54 120.57 245.44 1.20 258.93
7932 1.17 168.68 331.85 0.90 259.78
7933 2.74 211.78 556.13 1.00 259.31
7934 3.48 184.34 451.90 0.50 260.75
7935 4.01 186.90 594.18 0.80 251.63
7936 3.25 83.62 509.66 0.70 252.59
7937 2.42 3.83 0.00 0.70 250.41
7938 1.60 0.00 0.00 0.80 252.66
7939 0.77 0.00 0.00 1.30 248.47
7940 -0.06 0.00 0.00 1.80 246.17
7941 -0.87 0.00 0.00 4.00 245.22
7942 -1.72 0.00 0.00 4.80 241.60
7943 -2.57 0.00 0.00 3.20 241.21
7944 -3.41 0.00 0.00 3.60 239.51
7945 -4.03 0.00 0.00 3.40 235.04
7946 -4.72 0.00 0.00 2.50 233.95
7947 -5.41 0.00 0.00 2.00 230.24
7948 -5.78 0.00 0.00 2.00 229.03
7949 -6.16 0.00 0.00 1.40 229.47
7950 -6.54 0.00 0.00 1.20 230.07
7951 -6.81 0.00 0.00 2.50 230.53
7952 -7.09 0.00 0.00 2.90 231.01
7953 -6.65 7.01 0.00 5.60 234.16
7954 -4.40 70.88 212.31 7.30 244.07
7955 -2.74 110.25 152.66 6.40 251.78
7956 -0.82 172.34 336.46 5.40 254.02
7957 0.83 212.05 454.61 6.40 255.20
7958 2.16 232.93 688.17 6.20 251.01
7959 2.49 173.46 665.14 6.20 249.75
7960 1.47 76.54 546.22 6.20 251.79
7961 1.05 3.33 0.00 4.80 253.00
7962 0.63 0.00 0.00 4.60 254.73
7963 0.21 0.00 0.00 4.00 254.85
7964 -0.21 0.00 0.00 4.80 255.49
7965 -0.61 0.00 0.00 3.40 255.57
7966 -1.04 0.00 0.00 3.20 257.23
7967 -1.47 0.00 0.00 2.70 256.62
7968 -1.90 0.00 0.00 3.00 256.78
7969 -2.05 0.00 0.00 2.90 258.25
7970 -2.17 0.00 0.00 2.00 258.78
7971 -2.29 0.00 0.00 2.00 259.57
7972 -2.40 0.00 0.00 1.60 259.81
7973 -2.45 0.00 0.00 2.00 261.39
7974 -2.49 0.00 0.00 2.50 262.71
7975 -2.53 0.00 0.00 3.00 263.17
7976 -2.55 0.00 0.00 1.80 263.05
7977 -2.57 6.48 0.00 1.20 261.92
7978 -0.39 30.32 0.00 1.40 271.48
7979 1.71 90.71 68.71 3.00 271.83
7980 2.77 105.00 27.72 4.30 276.96
7981 4.49 172.90 289.46 5.60 273.11
7982 5.27 153.86 277.75 5.90 277.71
7983 5.62 138.08 402.49 6.20 272.55
7984 4.79 64.25 370.77 7.30 270.65
7985 4.31 3.02 0.00 8.00 267.23
7986 3.82 0.00 0.00 8.40 265.07
7987 3.34 0.00 0.00 8.70 262.61
7988 2.85 0.00 0.00 8.70 259.10
7989 2.37 0.00 0.00 7.80 258.63
7990 1.89 0.00 0.00 7.50 255.87
7991 1.40 0.00 0.00 7.80 254.08
7992 0.92 0.00 0.00 8.40 254.68
7993 0.33 0.00 0.00 6.70 253.48
7994 -0.19 0.00 0.00 4.80 249.61
7995 -0.70 0.00 0.00 5.10 248.88
7996 -1.24 0.00 0.00 4.30 247.67
7997 -1.48 0.00 0.00 3.70 245.87
7998 -1.71 0.00 0.00 3.40 246.02
7999 -1.95 0.00 0.00 4.30 246.10
8000 -2.08 0.00 0.00 3.60 244.95
8001 -2.22 10.54 0.00 3.40 244.63
8002 1.69 92.73 522.31 3.40 256.81
8003 2.98 152.14 533.05 3.40 261.08
8004 4.12 200.76 591.04 3.60 260.00
8005 5.36 262.85 564.56 2.50 254.59
8006 4.06 79.72 0.00 2.00 277.97
8007 2.43 12.98 0.00 2.20 281.76
8008 1.21 5.63 0.00 3.00 277.18
8009 0.70 0.21 0.00 4.60 273.54
8010 0.18 0.00 0.00 5.90 271.43
8011 -0.33 0.00 0.00 4.00 269.97
8012 -0.84 0.00 0.00 5.40 265.17
8013 -1.36 0.00 0.00 7.30 263.10
8014 -1.89 0.00 0.00 7.60 259.71
8015 -3.22 0.00 0.00 7.00 253.95
8016 -4.54 0.00 0.00 6.20 247.01
8017 -5.95 0.00 0.00 4.50 188.22
8018 -7.27 0.00 0.00 2.70 187.64
8019 -8.60 0.00 0.00 1.40 185.29
8020 -10.55 0.00 0.00 1.50 179.86
8021 -11.67 0.00 0.00 1.20 181.25
8022 -12.78 0.00 0.00 0.90 178.91
8023 -13.90 0.00 0.00 1.00 176.51
8024 -14.74 0.00 0.00 0.90 174.80
8025 -15.57 4.34 0.00 0.70 172.24
8026 -15.06 11.33 0.00 0.70 184.09
8027 -12.95 80.18 44.87 1.70 182.04
8028 -10.75 152.62 256.47 2.10 179.76
8029 -10.20 129.16 90.31 1.50 187.66
8030 -9.79 143.10 210.03 0.80 190.80
8031 -9.85 121.78 382.94 0.50 191.23
8032 -10.67 74.75 365.31 0.90 192.22
8033 -11.25 2.47 0.00 0.90 191.38
8034 -11.82 0.00 0.00 0.90 189.29
8035 -12.40 0.00 0.00 1.40 190.46
8036 -12.98 0.00 0.00 1.50 192.45
8037 -13.56 0.00 0.00 1.20 191.96
8038 -14.14 0.00 0.00 1.70 190.37
8039 -14.72 0.00 0.00 3.30 189.28
8040 -15.30 0.00 0.00 2.10 187.78
8041 -14.88 0.00 0.00 3.10 190.50
8042 -14.41 0.00 0.00 2.10 185.91
8043 -13.94 0.00 0.00 0.60 186.64
8044 -13.47 0.00 0.00 1.20 189.25
8045 -13.21 0.00 0.00 1.20 191.75
8046 -12.95 0.00 0.00 1.10 193.50
8047 -12.69 0.00 0.00 1.00 193.27
8048 -12.50 0.00 0.00 1.40 194.73
8049 -12.31 8.68 0.00 2.70 196.32
8050 -1.92 83.83 390.21 2.30 217.29
8051 1.30 136.28 285.39 2.90 226.20
8052 0.54 89.94 12.44 3.10 237.39
8053 0.08 86.39 0.00 2.50 239.78
8054 1.60 159.80 303.23 1.40 232.73
8055 1.85 121.19 430.89 2.70 236.01
8056 0.56 67.16 368.78 1.70 235.17
8057 0.19 1.97 0.00 0.90 237.98
8058 -0.18 0.00 0.00 1.00 237.19
8059 -0.53 0.00 0.00 1.00 235.84
8060 -0.92 0.00 0.00 2.10 237.55
8061 -1.30 0.00 0.00 3.10 238.02
8062 -1.68 0.00 0.00 4.50 236.78
8063 -2.06 0.00 0.00 2.90 239.45
8064 -2.44 0.00 0.00 3.90 238.60
8065 -3.01 0.00 0.00 1.50 242.09
8066 -3.55 0.00 0.00 1.40 241.76
8067 -4.10 0.00 0.00 1.40 240.68
8068 -4.64 0.00 0.00 1.90 241.31
8069 -4.90 0.00 0.00 1.70 241.77
8070 -5.15 0.00 0.00 2.10 241.67
8071 -5.41 0.00 0.00 2.30 241.77
8072 -5.57 0.00 0.00 3.50 241.28
8073 -5.74 4.54 0.00 3.30 240.72
8074 -0.79 56.16 232.84 2.50 256.70
8075 2.46 132.02 450.47 3.10 259.88
8076 5.22 189.97 585.58 3.10 262.78
8077 6.99 207.71 598.77 3.30 267.82
8078 8.32 222.97 672.98 4.50 265.43
8079 8.18 154.83 656.94 3.90 265.32
8080 6.24 65.60 499.95 3.30 261.43
8081 5.72 1.90 0.00 2.30 261.31
8082 5.20 0.00 0.00 2.50 263.57
8083 4.67 0.00 0.00 2.50 264.81
8084 4.15 0.00 0.00 3.50 263.83
8085 3.63 0.00 0.00 1.90 264.21
8086 3.11 0.00 0.00 1.70 265.85
8087 2.59 0.00 0.00 1.70 265.14
8088 2.07 0.00 0.00 1.20 266.11
8089 1.45 0.00 0.00 1.10 265.39
8090 0.93 0.00 0.00 1.20 263.29
8091 0.41 0.00 0.00 0.70 261.20
8092 -0.12 0.00 0.00 0.60 261.09
8093 -0.33 0.00 0.00 0.70 259.27
8094 -0.53 0.00 0.00 0.60 260.19
8095 -0.75 0.00 0.00 1.00 261.00
8096 -0.87 0.00 0.00 0.90 261.23
8097 -0.99 4.18 0.00 1.10 260.52
8098 2.96 54.90 236.71 3.90 273.93
8099 5.04 111.39 254.78 2.70 275.93
8100 5.90 116.05 99.26 1.50 282.78
8101 7.62 187.59 383.89 1.20 277.67
8102 7.98 208.30 588.01 1.70 271.68
8103 7.98 147.84 632.00 1.70 271.40
8104 8.03 62.34 428.55 1.40 277.12
8105 7.53 1.64 0.00 1.50 276.17
8106 7.01 0.00 0.00 1.10 277.78
8107 6.50 0.00 0.00 0.70 280.02
8108 5.99 0.00 0.00 0.60 282.20
8109 5.47 0.00 0.00 1.00 285.07
8110 4.96 0.00 0.00 1.20 285.10
8111 4.44 0.00 0.00 1.00 285.16
8112 3.93 0.00 0.00 1.50 285.85
8113 3.10 0.00 0.00 1.70 285.30
8114 2.27 0.00 0.00 1.00 284.68
8115 1.44 0.00 0.00 1.20 284.25
8116 0.61 0.00 0.00 2.10 282.90
8117 0.20 0.00 0.00 2.90 282.45
8118 -0.21 0.00 0.00 3.10 281.92
8119 -0.61 0.00 0.00 3.50 281.49
8120 -0.89 0.00 0.00 4.20 281.66
8121 -1.17 2.16 0.00 5.00 281.83
8122 -0.67 5.79 0.00 4.70 286.19
8123 0.36 31.22 0.00 5.80 284.92
8124 2.51 96.35 79.96 7.70 280.40
8125 6.40 232.64 466.29 5.10 270.47
8126 7.26 143.34 234.54 5.10 284.56
8127 8.02 157.95 406.07 4.70 272.64
8128 7.13 66.07 520.79 4.20 270.51
8129 6.23 1.48 0.00 5.30 271.04
8130 5.33 0.00 0.00 5.80 269.52
8131 4.42 0.00 0.00 6.70 266.63
8132 3.52 0.00 0.00 8.89 261.72
8133 2.62 0.00 0.00 8.69 259.50
8134 1.72 0.00 0.00 9.19 255.61
8135 0.81 0.00 0.00 7.70 252.66
8136 -0.09 0.00 0.00 9.19 250.46
8137 -0.99 0.00 0.00 9.79 245.38
8138 -1.99 0.00 0.00 7.70 241.13
8139 -2.99 0.00 0.00 7.70 241.08
8140 -3.98 0.00 0.00 9.49 237.98
8141 -4.52 0.00 0.00 10.79 237.53
8142 -5.05 0.00 0.00 11.39 236.38
8143 -5.58 0.00 0.00 12.49 233.42
8144 -5.95 0.00 0.00 12.49 232.27
8145 -6.33 2.90 0.00 10.19 234.20
8146 -2.56 45.52 150.71 10.79 246.30
8147 0.30 116.04 319.72 10.19 248.58
8148 3.19 188.44 486.44 9.49 252.05
8149 5.15 215.37 694.65 9.89 252.06
8150 6.13 204.41 582.14 8.89 252.12
8151 4.89 103.56 214.16 7.70 258.98
8152 2.88 47.76 159.10 5.80 256.26
8153 2.27 1.02 0.00 3.50 256.98
8154 1.66 0.00 0.00 3.10 256.62
8155 1.04 0.00 0.00 2.70 254.95
8156 0.43 0.00 0.00 3.30 251.15
8157 -0.18 0.00 0.00 4.20 250.33
8158 -0.77 0.00 0.00 4.50 249.52
8159 -1.40 0.00 0.00 3.50 249.64
8160 -2.03 0.00 0.00 3.10 248.29
8161 -2.43 0.00 0.00 2.90 248.33
8162 -2.74 0.00 0.00 4.50 245.66
8163 -3.05 0.00 0.00 5.00 245.57
8164 -3.36 0.00 0.00 3.50 243.43
8165 -3.46 0.00 0.00 5.80 242.90
8166 -3.57 0.00 0.00 7.00 241.22
8167 -3.68 0.00 0.00 5.60 241.12
8168 -3.72 0.00 0.00 4.70 241.64
8169 -3.77 4.12 0.00 3.30 241.17
8170 1.01 58.88 181.09 3.30 251.07
8171 1.48 68.60 29.54 3.90 259.16
8172 1.66 67.35 0.00 2.90 265.11
8173 5.32 246.53 537.13 3.10 246.22
8174 7.13 220.01 436.66 2.70 251.80
8175 4.90 28.07 0.00 1.50 278.40
8176 2.89 4.61 0.00 2.30 274.57
8177 2.50 0.43 0.00 1.40 275.36
8178 2.10 0.00 0.00 1.50 273.10
8179 1.71 0.00 0.00 1.90 274.31
8180 1.32 0.00 0.00 2.70 270.96
8181 0.93 0.00 0.00 2.50 269.92
8182 0.54 0.00 0.00 1.10 266.86
8183 0.15 0.00 0.00 1.00 263.64
8184 -0.24 0.00 0.00 0.80 262.95
8185 -0.94 0.00 0.00 0.40 258.68
8186 -1.71 0.00 0.00 0.60 257.06
8187 -2.48 0.00 0.00 1.00 255.83
8188 -3.25 0.00 0.00 1.50 255.91
8189 -3.66 0.00 0.00 1.40 254.10
8190 -4.06 0.00 0.00 0.40 252.77
8191 -4.47 0.00 0.00 0.70 249.79
8192 -4.76 0.00 0.00 0.60 249.71
8193 -5.04 1.44 0.00 0.40 248.74
8194 -4.67 4.93 0.00 0.60 250.30
8195 -2.71 53.76 0.00 0.70 258.15
8196 -0.63 104.34 64.62 1.10 253.93
8197 0.17 104.72 32.86 2.50 266.91
8198 1.52 141.73 245.33 2.70 258.41
8199 1.44 80.31 109.68 3.50 264.30
8200 0.51 36.80 134.15 3.50 257.76
8201 -0.17 0.00 0.00 3.90 257.91
8202 -0.83 0.00 0.00 1.90 254.93
8203 -1.53 0.00 0.00 1.90 253.49
8204 -2.22 0.00 0.00 2.70 251.05
8205 -2.92 0.00 0.00 2.30 250.33
8206 -3.61 0.00 0.00 2.30 245.94
8207 -4.31 0.00 0.00 1.90 240.40
8208 -5.00 0.00 0.00 1.50 238.94
8209 -5.54 0.00 0.00 2.10 236.34
8210 -6.06 0.00 0.00 2.10 234.88
8211 -6.58 0.00 0.00 1.70 233.06
8212 -7.10 0.00 0.00 1.90 229.74
8213 -7.35 0.00 0.00 4.50 228.31
8214 -7.60 0.00 0.00 4.20 226.60
8215 -7.84 0.00 0.00 4.20 224.90
8216 -8.00 0.00 0.00 3.30 223.63
8217 -8.16 2.23 0.00 6.70 222.37
8218 -2.16 62.78 416.64 7.30 241.09
8219 1.29 136.12 565.29 6.30 248.51
8220 4.46 200.84 695.86 5.60 250.54
8221 6.32 212.13 696.85 5.30 254.77
8222 6.80 177.90 578.37 7.00 258.35
8223 6.31 138.42 576.04 6.30 255.01
8224 4.03 52.67 372.94 8.09 248.93
8225 3.07 0.00 0.00 6.70 247.34
8226 2.10 0.00 0.00 8.09 245.95
8227 1.14 0.00 0.00 7.00 244.21
8228 0.18 0.00 0.00 7.50 241.39
8229 -0.77 0.00 0.00 8.09 239.17
8230 -1.76 0.00 0.00 6.50 237.99
8231 -2.74 0.00 0.00 7.30 233.28
8232 -3.73 0.00 0.00 7.30 227.63
8233 -4.80 0.00 0.00 6.70 220.71
8234 -5.95 0.00 0.00 5.60 217.52
8235 -7.10 0.00 0.00 6.10 213.80
8236 -8.25 0.00 0.00 5.80 210.57
8237 -8.86 0.00 0.00 5.30 210.27
8238 -9.48 0.00 0.00 5.00 208.93
8239 -10.09 0.00 0.00 4.50 207.16
8240 -10.53 0.00 0.00 3.10 205.61
8241 -10.97 2.54 0.00 2.50 204.98
8242 -5.98 61.47 394.24 3.10 218.60
8243 -2.82 140.37 592.36 2.90 225.31
8244 -0.22 199.45 572.33 3.50 229.64
8245 0.12 154.54 245.70 3.50 237.17
8246 0.49 166.99 403.96 3.90 233.98
8247 -0.47 104.73 349.62 3.50 238.22
8248 -2.20 55.37 246.78 3.30 235.16
8249 -3.20 0.00 0.00 2.70 233.10
8250 -4.19 0.00 0.00 3.10 229.96
8251 -5.19 0.00 0.00 3.50 228.07
8252 -6.19 0.00 0.00 3.30 222.69
8253 -7.18 0.00 0.00 2.70 219.30
8254 -8.18 0.00 0.00 2.90 215.28
8255 -9.18 0.00 0.00 3.30 210.90
8256 -10.17 0.00 0.00 4.50 206.15
8257 -10.89 0.00 0.00 5.00 202.94
8258 -11.59 0.00 0.00 5.10 200.12
8259 -12.30 0.00 0.00 3.30 197.66
8260 -13.01 0.00 0.00 4.70 196.42
8261 -13.36 0.00 0.00 5.30 194.84
8262 -13.71 0.00 0.00 5.80 193.26
8263 -14.05 0.00 0.00 6.30 192.75
8264 -14.28 0.00 0.00 6.10 191.91
8265 -14.52 1.47 0.00 6.10 190.63
8266 -9.50 54.30 244.91 6.70 203.13
8267 -6.55 117.91 428.95 8.39 206.92
8268 -3.97 169.67 508.26 8.39 208.24
8269 -1.66 213.84 659.27 6.50 210.89
8270 -0.83 183.37 658.98 6.70 210.27
8271 -1.20 133.46 583.80 5.00 209.44
8272 -3.22 54.95 384.10 5.60 205.59
8273 -4.33 0.00 0.00 5.60 205.25
8274 -5.44 0.00 0.00 6.10 204.24
8275 -6.55 0.00 0.00 6.30 202.66
8276 -7.66 0.00 0.00 6.10 198.91
8277 -8.77 0.00 0.00 7.70 193.44
8278 -9.88 0.00 0.00 7.50 192.03
8279 -10.99 0.00 0.00 6.70 189.25
8280 -12.10 0.00 0.00 6.70 184.78
8281 -13.23 0.00 0.00 8.09 181.56
8282 -14.45 0.00 0.00 6.10 178.50
8283 -15.67 0.00 0.00 5.80 177.76
8284 -16.88 0.00 0.00 5.80 175.02
8285 -17.53 0.00 0.00 4.20 172.03
8286 -18.18 0.00 0.00 2.90 169.03
8287 -18.83 0.00 0.00 2.70 168.03
8288 -19.29 0.00 0.00 3.30 165.96
8289 -19.75 1.36 0.00 3.50 164.57
8290 -15.61 51.78 317.75 3.90 173.41
8291 -12.37 133.02 438.20 1.70 179.46
8292 -10.31 171.22 430.28 3.90 184.40
8293 -8.36 218.16 673.90 2.50 184.04
8294 -7.60 195.23 644.32 3.30 185.87
8295 -8.56 115.76 340.76 3.30 192.04
8296 -10.60 49.04 243.30 3.50 189.45
8297 -11.52 0.00 0.00 5.00 188.16
8298 -12.44 0.00 0.00 5.10 185.22
8299 -13.37 0.00 0.00 6.10 184.98
8300 -14.29 0.00 0.00 6.70 183.87
8301 -15.21 0.00 0.00 6.10 180.01
8302 -16.13 0.00 0.00 6.70 178.09
8303 -17.06 0.00 0.00 6.10 175.26
8304 -17.98 0.00 0.00 5.80 172.58
8305 -18.61 0.00 0.00 5.80 170.83
8306 -19.32 0.00 0.00 6.70 167.84
8307 -20.02 0.00 0.00 5.60 164.73
8308 -20.73 0.00 0.00 4.20 162.58
8309 -21.12 0.00 0.00 4.70 160.76
8310 -21.51 0.00 0.00 5.60 158.00
8311 -21.90 0.00 0.00 5.60 158.25
8312 -22.18 0.00 0.00 7.00 156.77
8313 -22.47 1.17 0.00 7.70 157.62
8314 -17.15 57.84 421.83 6.10 174.31
8315 -13.47 138.43 639.80 5.80 183.60
8316 -10.31 202.30 719.53 5.10 188.01
8317 -8.38 218.72 738.84 5.30 192.29
8318 -7.76 191.48 696.69 5.30 198.68
8319 -8.60 132.91 619.24 5.00 197.37
8320 -10.93 57.16 465.21 4.20 192.34
8321 -11.29 0.00 0.00 4.50 189.93
8322 -11.64 0.00 0.00 5.60 188.07
8323 -12.00 0.00 0.00 6.10 187.77
8324 -12.36 0.00 0.00 7.50 190.79
8325 -12.72 0.00 0.00 7.50 191.28
8326 -13.08 0.00 0.00 7.70 191.21
8327 -13.43 0.00 0.00 8.39 193.08
8328 -13.79 0.00 0.00 8.39 194.10
8329 -13.89 0.00 0.00 8.39 190.79
8330 -13.91 0.00 0.00 8.39 190.01
8331 -13.93 0.00 0.00 9.49 191.26
8332 -13.96 0.00 0.00 8.39 198.17
8333 -13.93 0.00 0.00 7.00 196.96
8334 -13.91 0.00 0.00 4.50 199.18
8335 -13.88 0.00 0.00 3.90 199.40
8336 -13.84 0.00 0.00 4.70 200.22
8337 -13.80 0.83 0.00 6.10 201.88
8338 -13.24 4.58 0.00 4.70 204.38
8339 -9.43 74.45 82.16 4.50 215.51
8340 -6.09 131.14 237.81 3.50 220.49
8341 -3.20 175.41 451.16 4.20 221.60
8342 -0.87 201.79 653.36 5.00 222.73
8343 -0.44 138.80 639.81 5.00 225.24
8344 -2.01 56.97 441.84 3.50 223.10
8345 -2.50 0.00 0.00 4.20 222.32
8346 -2.98 0.00 0.00 3.90 223.67
8347 -3.47 0.00 0.00 2.50 224.33
8348 -3.96 0.00 0.00 1.70 223.48
8349 -4.45 0.00 0.00 2.50 223.31
8350 -4.93 0.00 0.00 3.50 222.28
8351 -5.42 0.00 0.00 3.10 221.42
8352 -5.91 0.00 0.00 3.30 221.89
8353 -6.66 0.00 0.00 2.30 219.78
8354 -7.34 0.00 0.00 2.50 216.93
8355 -8.02 0.00 0.00 2.50 216.26
8356 -8.70 0.00 0.00 2.90 215.07
8357 -9.01 0.00 0.00 2.50 214.09
8358 -9.33 0.00 0.00 2.50 212.80
8359 -9.64 0.00 0.00 3.90 211.79
8360 -9.82 0.00 0.00 3.50 210.86
8361 -10.01 0.00 0.00 3.90 211.11
8362 -7.20 36.83 106.55 2.10 221.27
8363 -3.47 135.30 481.10 2.90 228.87
8364 -1.37 168.08 429.98 3.30 236.79
8365 -0.66 148.54 236.61 3.50 241.33
8366 0.18 176.67 391.00 4.50 233.36
8367 -1.81 33.87 0.00 4.20 248.29
8368 -3.61 13.60 0.00 5.00 238.92
8369 -4.56 0.00 0.00 3.50 232.80
8370 -5.50 0.00 0.00 4.20 230.33
8371 -6.45 0.00 0.00 4.20 226.94
8372 -7.40 0.00 0.00 2.90 219.19
8373 -8.34 0.00 0.00 3.90 212.34
8374 -9.29 0.00 0.00 2.50 210.08
8375 -10.23 0.00 0.00 1.90 205.10
8376 -11.18 0.00 0.00 2.30 200.63
8377 -12.80 0.00 0.00 3.30 193.14
8378 -14.62 0.00 0.00 1.90 187.48
8379 -16.44 0.00 0.00 1.50 180.59
8380 -18.26 0.00 0.00 1.00 174.12
8381 -19.27 0.00 0.00 1.10 169.25
8382 -20.28 0.00 0.00 0.70 164.46
8383 -21.29 0.00 0.00 1.20 159.52
8384 -22.03 0.00 0.00 2.10 155.81
8385 -22.77 0.00 0.00 2.90 155.92
8386 -20.02 46.05 260.20 2.90 160.22
8387 -17.85 119.93 504.55 2.70 164.74
8388 -16.14 172.48 396.94 3.90 164.55
8389 -16.85 94.01 31.50 5.80 173.95
8390 -16.93 113.76 131.06 6.10 170.52
8391 -17.27 101.33 236.73 6.50 166.97
8392 -18.31 53.74 242.69 6.10 165.02
8393 -19.33 0.00 0.00 4.70 161.18
8394 -20.34 0.00 0.00 3.90 159.01
8395 -21.36 0.00 0.00 2.90 158.08
8396 -22.37 0.00 0.00 2.70 154.45
8397 -23.39 0.00 0.00 2.50 151.36
8398 -24.40 0.00 0.00 1.50 149.08
8399 -25.42 0.00 0.00 1.10 144.95
8400 -26.44 0.00 0.00 1.70 141.67
8401 -26.74 0.00 0.00 2.50 139.37
8402 -27.10 0.00 0.00 4.70 137.75
8403 -27.46 0.00 0.00 5.30 137.47
8404 -27.82 0.00 0.00 4.70 135.73
8405 -28.03 0.00 0.00 4.50 135.11
8406 -28.24 0.00 0.00 2.90 134.17
8407 -28.45 0.00 0.00 2.30 132.07
8408 -28.60 0.00 0.00 4.20 131.06
8409 -28.76 0.00 0.00 5.10 131.76
8410 -24.22 45.71 214.50 5.60 148.02
8411 -21.05 109.97 414.59 6.30 158.22
8412 -18.06 168.59 550.72 4.70 162.41
8413 -15.53 211.30 664.09 4.20 164.11
8414 -14.23 200.92 715.56 4.50 169.56
8415 -14.63 135.23 636.89 5.00 171.49
8416 -16.84 57.22 469.43 2.50 169.12
8417 -16.88 0.00 0.00 3.50 171.19
8418 -16.92 0.00 0.00 3.30 172.92
8419 -16.96 0.00 0.00 4.50 173.22
8420 -17.00 0.00 0.00 3.90 172.31
8421 -17.05 0.00 0.00 2.70 171.97
8422 -17.09 0.00 0.00 2.30 173.35
8423 -17.13 0.00 0.00 0.80 174.88
8424 -17.17 0.00 0.00 0.80 176.15
8425 -17.03 0.00 0.00 1.20 178.27
8426 -16.74 0.00 0.00 1.00 179.34
8427 -16.44 0.00 0.00 1.40 181.09
8428 -16.14 0.00 0.00 2.30 184.22
8429 -15.91 0.00 0.00 2.10 185.58
8430 -15.68 0.00 0.00 1.90 185.74
8431 -15.45 0.00 0.00 2.10 186.55
8432 -15.24 0.00 0.00 3.10 188.86
8433 -15.04 0.00 0.00 3.50 190.53
8434 -10.61 45.72 222.66 3.90 202.44
8435 -7.61 106.70 377.19 4.20 209.43
8436 -3.84 192.11 478.12 4.50 208.82
8437 -2.92 147.62 239.67 3.90 217.07
8438 -3.19 109.35 125.70 5.10 221.38
8439 -5.25 36.62 0.00 5.10 225.05
8440 -7.06 19.08 0.00 6.70 220.64
8441 -7.35 0.00 0.00 6.70 217.16
8442 -7.64 0.00 0.00 7.30 216.07
8443 -7.93 0.00 0.00 6.30 214.14
8444 -8.22 0.00 0.00 7.00 214.35
8445 -8.50 0.00 0.00 7.30 212.16
8446 -8.79 0.00 0.00 8.89 210.98
8447 -9.08 0.00 0.00 7.70 208.91
8448 -9.37 0.00 0.00 7.00 210.28
8449 -10.23 0.00 0.00 6.70 207.49
8450 -11.11 0.00 0.00 5.80 203.40
8451 -11.99 0.00 0.00 7.00 200.14
8452 -12.87 0.00 0.00 7.00 195.89
8453 -13.32 0.00 0.00 6.70 192.58
8454 -13.77 0.00 0.00 5.30 190.58
8455 -14.23 0.00 0.00 4.50 191.20
8456 -14.54 0.00 0.00 4.50 190.96
8457 -14.84 0.00 0.00 5.60 187.57
8458 -11.26 50.09 372.55 5.10 196.57
8459 -8.53 126.67 527.24 4.70 202.37
8460 -6.64 168.50 452.05 5.60 208.24
8461 -6.01 151.44 303.25 6.30 213.93
8462 -5.61 153.28 357.70 3.90 214.46
8463 -7.38 44.48 0.00 3.50 226.54
8464 -9.35 4.08 0.00 2.30 218.85
8465 -9.96 0.00 0.00 3.30 213.94
8466 -10.56 0.00 0.00 4.50 211.99
8467 -11.17 0.00 0.00 4.50 209.90
8468 -11.77 0.00 0.00 2.30 205.90
8469 -12.37 0.00 0.00 2.90 203.99
8470 -12.98 0.00 0.00 3.90 200.39
8471 -13.58 0.00 0.00 2.50 195.61
8472 -14.19 0.00 0.00 2.10 194.60
8473 -14.70 0.00 0.00 2.30 192.56
8474 -15.33 0.00 0.00 3.10 190.61
8475 -15.96 0.00 0.00 2.90 188.52
8476 -16.58 0.00 0.00 2.90 184.86
8477 -16.95 0.00 0.00 1.70 182.97
8478 -17.31 0.00 0.00 1.90 180.36
8479 -17.68 0.00 0.00 2.70 178.20
8480 -17.96 0.00 0.00 2.10 176.44
8481 -18.24 0.00 0.00 1.90 174.28
8482 -14.56 39.83 223.39 2.50 188.53
8483 -10.44 128.80 377.02 2.70 198.65
8484 -9.37 121.31 199.67 3.50 211.18
8485 -9.16 110.10 76.60 2.70 215.36
8486 -8.58 136.44 250.59 3.50 214.15
8487 -8.26 134.03 393.50 3.90 209.09
8488 -9.88 46.41 291.88 3.90 203.78
8489 -10.05 0.00 0.00 1.90 205.74
8490 -10.22 0.00 0.00 1.10 205.85
8491 -10.39 0.00 0.00 2.50 207.01
8492 -10.56 0.00 0.00 1.90 208.11
8493 -10.73 0.00 0.00 1.50 207.62
8494 -10.90 0.00 0.00 1.20 208.73
8495 -11.07 0.00 0.00 2.70 208.82
8496 -11.24 0.00 0.00 1.50 208.42
8497 -11.03 0.00 0.00 1.50 211.65
8498 -10.64 0.00 0.00 1.40 213.99
8499 -10.25 0.00 0.00 1.90 215.58
8500 -9.93 0.00 0.00 1.50 217.37
8501 -9.57 0.00 0.00 3.10 219.95
8502 -9.29 0.00 0.00 3.10 221.81
8503 -9.01 0.00 0.00 1.50 223.68
8504 -8.76 0.00 0.00 2.50 225.40
8505 -8.51 0.00 0.00 2.30 226.36
8506 -7.91 4.08 0.00 3.30 228.01
8507 -3.73 80.78 149.66 3.30 245.25
8508 -1.51 101.09 83.50 3.10 242.78
8509 0.67 140.89 239.37 4.50 240.62
8510 2.64 170.12 387.50 3.90 240.29
8511 2.14 76.05 98.65 2.90 251.12
8512 0.10 5.81 0.00 1.90 245.31
8513 -0.33 0.00 0.00 1.00 243.09
8514 -0.75 0.00 0.00 1.90 243.09
8515 -1.20 0.00 0.00 1.90 240.86
8516 -1.65 0.00 0.00 2.10 240.21
8517 -2.09 0.00 0.00 1.40 237.00
8518 -2.54 0.00 0.00 1.70 236.75
8519 -2.99 0.00 0.00 3.50 236.98
8520 -3.43 0.00 0.00 4.50 235.35
8521 -4.51 0.00 0.00 5.00 234.75
8522 -5.75 0.00 0.00 4.20 230.66
8523 -6.99 0.00 0.00 2.50 224.10
8524 -8.23 0.00 0.00 3.50 219.51
8525 -8.92 0.00 0.00 4.50 216.96
8526 -9.62 0.00 0.00 4.20 215.49
8527 -10.32 0.00 0.00 3.10 212.50
8528 -10.83 0.00 0.00 3.50 210.51
8529 -11.35 0.00 0.00 3.50 209.72
8530 -8.20 40.60 151.84 2.10 216.85
8531 -6.30 91.25 189.72 1.50 220.16
8532 -5.49 101.47 85.82 1.50 226.15
8533 -4.41 138.72 203.53 1.40 224.85
8534 -3.68 147.14 364.54 1.10 224.61
8535 -3.68 115.93 345.87 1.70 222.98
8536 -4.80 57.03 321.27 2.10 222.04
8537 -5.42 0.00 0.00 1.90 220.82
8538 -6.05 0.00 0.00 1.70 220.72
8539 -6.67 0.00 0.00 2.30 219.65
8540 -7.30 0.00 0.00 2.90 216.31
8541 -7.93 0.00 0.00 3.90 214.85
8542 -8.55 0.00 0.00 2.70 214.53
8543 -9.18 0.00 0.00 2.70 212.45
8544 -9.80 0.00 0.00 2.30 210.89
8545 -9.87 0.00 0.00 3.10 210.95
8546 -9.86 0.00 0.00 2.30 208.29
8547 -9.84 0.00 0.00 2.70 208.92
8548 -9.82 0.00 0.00 2.30 209.34
8549 -9.77 0.00 0.00 1.90 207.88
8550 -9.72 0.00 0.00 1.50 208.56
8551 -9.67 0.00 0.00 0.80 207.40
8552 -9.60 0.00 0.00 1.70 209.24
8553 -9.54 0.00 0.00 1.90 207.50
8554 -4.90 48.90 358.98 2.30 222.24
8555 -1.19 126.86 566.43 1.90 230.19
8556 1.86 185.75 682.50 2.70 236.63
8557 3.87 205.28 577.85 1.70 241.63
8558 3.90 140.01 269.23 2.50 249.35
8559 1.79 55.92 9.92 2.50 254.89
8560 -0.26 30.49 48.27 1.90 250.51
8561 -0.45 0.50 0.00 2.30 251.97
8562 -0.61 0.00 0.00 1.90 251.78
8563 -0.80 0.00 0.00 2.30 255.57
8564 -0.99 0.00 0.00 2.70 256.92
8565 -1.18 0.00 0.00 3.50 258.17
8566 -1.37 0.00 0.00 1.70 257.91
8567 -1.56 0.00 0.00 1.90 258.91
8568 -1.75 0.00 0.00 2.10 260.98
8569 -2.25 0.00 0.00 1.20 261.00
8570 -2.75 0.00 0.00 0.80 260.83
8571 -3.25 0.00 0.00 1.20 260.14
8572 -3.85 0.00 0.00 1.90 260.93
8573 -4.03 0.00 0.00 2.50 260.32
8574 -4.25 0.00 0.00 2.50 259.94
8575 -4.50 0.00 0.00 3.50 258.93
8576 -4.67 0.00 0.00 4.20 258.36
8577 -4.84 0.00 0.00 3.90 257.78
8578 -4.04 8.93 0.00 4.20 262.19
8579 -3.14 29.18 0.00 2.10 263.91
8580 -3.15 20.55 0.00 2.70 266.78
8581 -3.48 15.54 0.00 2.30 268.01
8582 -0.87 148.38 261.55 1.70 253.29
8583 0.15 115.74 337.14 1.70 257.40
8584 -0.14 42.96 224.81 3.10 248.36
8585 -0.75 0.87 0.00 3.90 243.75
8586 -1.40 0.00 0.00 4.70 241.15
8587 -2.04 0.00 0.00 2.90 237.37
8588 -2.68 0.00 0.00 2.10 235.58
8589 -3.33 0.00 0.00 1.70 232.83
8590 -3.97 0.00 0.00 4.20 232.82
8591 -4.62 0.00 0.00 3.10 230.87
8592 -5.26 0.00 0.00 3.90 227.71
8593 -5.90 0.00 0.00 3.90 225.43
8594 -6.62 0.00 0.00 3.90 224.82
8595 -7.33 0.00 0.00 3.90 223.61
8596 -8.05 0.00 0.00 3.30 225.30
8597 -8.44 0.00 0.00 2.90 223.81
8598 -8.86 0.00 0.00 3.30 228.58
8599 -9.25 0.00 0.00 5.30 227.67
8600 -9.52 0.00 0.00 5.00 228.95
8601 -9.92 0.00 0.00 5.10 226.39
8602 -10.16 8.14 0.00 4.50 227.96
8603 -9.53 22.63 0.00 5.60 230.17
8604 -9.21 33.73 0.00 4.70 231.34
8605 -9.09 40.27 0.00 5.30 231.48
8606 -9.15 33.50 0.00 5.80 231.84
8607 -9.24 24.34 0.00 4.70 231.56
8608 -9.42 10.19 0.00 5.10 229.66
8609 -9.93 0.43 0.00 4.20 226.20
8610 -10.53 0.00 0.00 3.90 223.84
8611 -10.66 0.00 0.00 2.10 222.21
8612 -11.13 0.00 0.00 1.70 217.50
8613 -11.64 0.00 0.00 1.20 214.13
8614 -11.90 0.00 0.00 1.90 213.39
8615 -12.32 0.00 0.00 1.40 210.50
8616 -12.73 0.00 0.00 1.40 207.63
8617 -13.97 0.00 0.00 2.10 201.04
8618 -15.37 0.00 0.00 2.50 193.87
8619 -16.77 0.00 0.00 2.90 186.84
8620 -18.16 0.00 0.00 3.30 182.00
8621 -18.94 0.00 0.00 3.50 177.48
8622 -19.72 0.00 0.00 5.30 173.99
8623 -20.49 0.00 0.00 5.30 168.68
8624 -21.06 0.00 0.00 4.70 163.51
8625 -21.63 0.00 0.00 4.70 161.28
8626 -18.11 46.73 341.19 3.90 169.64
8627 -15.58 114.93 468.70 3.10 175.28
8628 -13.56 163.88 532.32 3.10 179.78
8629 -12.64 163.17 380.44 2.70 183.74
8630 -11.85 182.76 528.63 3.30 182.03
8631 -12.34 119.33 453.39 3.10 185.81
8632 -14.19 43.07 218.08 3.50 183.63
8633 -14.88 1.11 0.00 3.90 182.16
8634 -15.56 0.00 0.00 4.50 181.22
8635 -16.25 0.00 0.00 3.90 180.74
8636 -16.93 0.00 0.00 3.90 178.62
8637 -17.62 0.00 0.00 4.20 177.20
8638 -18.30 0.00 0.00 4.70 175.62
8639 -18.99 0.00 0.00 3.50 175.83
8640 -19.68 0.00 0.00 2.90 174.72
8641 -19.81 0.00 0.00 1.90 175.98
8642 -19.95 0.00 0.00 1.20 174.66
8643 -20.10 0.00 0.00 1.20 174.35
8644 -20.25 0.00 0.00 0.70 175.80
8645 -20.33 0.00 0.00 0.80 175.86
8646 -20.42 0.00 0.00 0.80 176.22
8647 -20.50 0.00 0.00 0.40 176.64
8648 -20.56 0.00 0.00 0.50 176.55
8649 -20.62 0.00 0.00 0.40 176.39
8650 -19.04 16.59 0.00 0.40 182.44
8651 -17.72 44.31 0.00 0.30 186.72
8652 -16.95 55.07 0.00 0.20 189.85
8653 -16.51 57.79 0.00 0.30 191.49
8654 -16.12 64.64 0.00 0.40 189.34
8655 -16.42 37.39 0.00 0.60 191.54
8656 -17.09 17.92 0.00 0.60 189.13
8657 -17.13 0.84 0.00 0.40 191.14
8658 -17.16 0.00 0.00 1.00 192.85
8659 -17.22 0.00 0.00 1.40 192.72
8660 -17.31 0.00 0.00 1.20 192.47
8661 -17.41 0.00 0.00 1.90 192.22
8662 -17.68 0.00 0.00 3.10 192.52
8663 -17.38 0.00 0.00 3.10 192.71
8664 -17.39 0.00 0.00 3.90 192.84
8665 -17.53 0.00 0.00 2.90 193.71
8666 -17.28 0.00 0.00 4.50 193.69
8667 -17.12 0.00 0.00 5.10 195.93
8668 -17.02 0.00 0.00 4.50 196.55
8669 -16.94 0.00 0.00 5.00 197.10
8670 -16.86 0.00 0.00 5.60 197.64
8671 -16.78 0.00 0.00 5.30 198.19
8672 -16.70 0.00 0.00 5.30 198.71
8673 -16.63 0.00 0.00 5.60 199.23
8674 -14.36 19.09 0.00 5.10 209.89
8675 -14.45 16.43 0.00 5.60 208.22
8676 -11.13 102.42 98.78 5.80 211.54
8677 -10.56 63.33 0.00 4.50 211.09
8678 -9.50 93.67 44.56 2.10 197.89
8679 -9.32 64.73 24.96 2.30 192.76
8680 -9.75 43.58 142.91 1.50 202.38
8681 -10.23 1.56 0.00 0.50 192.50
8682 -10.73 0.00 0.00 0.20 191.14
8683 -11.23 0.00 0.00 0.30 189.42
8684 -11.74 0.00 0.00 0.20 187.08
8685 -12.24 0.00 0.00 0.10 183.86
8686 -12.75 0.00 0.00 0.00 184.18
8687 -13.25 0.00 0.00 0.10 179.56
8688 -13.76 0.00 0.00 0.10 179.55
8689 -14.49 0.00 0.00 0.20 179.73
8690 -15.19 0.00 0.00 0.60 177.96
8691 -15.90 0.00 0.00 0.40 175.99
8692 -16.61 0.00 0.00 0.20 174.49
8693 -16.95 0.00 0.00 0.20 174.92
8694 -17.30 0.00 0.00 0.40 175.14
8695 -17.64 0.00 0.00 0.50 175.39
8696 -17.86 0.00 0.00 1.00 173.20
8697 -18.08 0.00 0.00 1.40 173.90
8698 -16.23 28.97 71.05 1.90 174.71
8699 -13.06 128.47 384.47 1.20 179.80
8700 -11.88 134.04 243.31 0.90 186.66
8701 -11.53 117.57 109.53 1.20 188.80
8702 -12.98 34.13 0.00 2.30 195.20
8703 -14.05 27.80 0.00 1.10 193.24
8704 -14.72 33.22 59.81 0.80 190.49
8705 -15.36 1.72 0.00 0.90 187.96
8706 -16.00 0.00 0.00 0.60 184.24
8707 -16.64 0.00 0.00 0.40 182.99
8708 -17.28 0.00 0.00 0.60 179.22
8709 -17.92 0.00 0.00 0.30 175.95
8710 -18.56 0.00 0.00 0.30 174.52
8711 -19.31 0.00 0.00 0.30 180.18
8712 -19.84 0.00 0.00 0.50 178.60
8713 -20.98 0.00 0.00 0.80 172.03
8714 -22.29 0.00 0.00 0.90 167.20
8715 -23.63 0.00 0.00 1.00 161.19
8716 -24.96 0.00 0.00 0.70 155.28
8717 -25.74 0.00 0.00 2.10 151.68
8718 -26.53 0.00 0.00 2.10 148.12
8719 -27.31 0.00 0.00 1.50 144.62
8720 -27.90 0.00 0.00 1.50 141.86
8721 -28.50 0.00 0.00 2.90 139.14
8722 -27.85 14.82 0.00 2.50 141.18
8723 -26.04 83.46 202.23 2.50 146.70
8724 -25.03 111.24 124.40 4.70 143.97
8725 -24.76 103.60 49.28 5.60 148.10
8726 -24.63 108.03 91.14 4.50 147.97
8727 -24.65 105.81 223.26 4.50 145.05
8728 -25.21 64.42 266.73 4.20 143.43
8729 -25.91 2.96 0.00 2.70 140.78
8730 -26.61 0.00 0.00 4.20 137.80
8731 -27.31 0.00 0.00 4.50 136.97
8732 -28.01 0.00 0.00 4.70 134.55
8733 -28.71 0.00 0.00 3.90 132.36
8734 -29.41 0.00 0.00 3.30 130.51
8735 -30.10 0.00 0.00 3.50 129.03
8736 -30.80 0.00 0.00 3.90 126.62
8737 -30.69 0.00 0.00 3.50 126.82
8738 -29.83 0.00 0.00 3.30 128.41
8739 -29.83 0.00 0.00 2.70 129.03
8740 -29.83 0.00 0.00 1.40 128.55
8741 -29.83 0.00 0.00 2.30 128.70
8742 -29.83 0.00 0.00 3.10 129.66
8743 -29.83 0.00 0.00 1.90 129.99
8744 -29.83 0.00 0.00 2.90 129.87
8745 -29.83 0.00 0.00 1.40 129.29
8746 -29.14 39.55 234.28 1.20 131.12
8747 -25.88 115.53 468.23 1.90 138.79
8748 -22.75 187.32 628.04 1.10 143.43
8749 -21.25 191.12 584.25 2.50 146.60
8750 -20.87 169.72 507.52 4.50 150.66
8751 -22.15 103.60 268.64 4.20 153.13
8752 -25.09 18.80 0.00 2.30 145.74
8753 -22.83 1.45 0.00 1.40 150.73
8754 -20.56 0.00 0.00 2.10 155.48
8755 -18.30 0.00 0.00 1.00 155.69
8756 -16.04 0.00 0.00 0.90 159.86
8757 -13.77 0.00 0.00 1.00 160.55
8758 -11.51 0.00 0.00 1.40 161.60
8759 -9.25 0.00 0.00 1.10 164.96
8760 -6.98 0.00 0.00 3.10 170.03
