# Location:	Dry/Cairo, Year: 2021-2040, Longitude: -31.283, STD Longitude: -30, Latitude: 30.083	
# NB: The longitudes are defined negative for values to the east and positive to the west.
TIME ta Ghoris Gbn w10 EL
1 12.55 0.00 0.00 2.80 319.78
2 12.03 0.00 0.00 2.70 319.50
3 11.51 0.00 0.00 3.20 318.84
4 11.26 0.00 0.00 2.50 318.67
5 11.00 0.00 0.00 2.30 318.53
6 10.83 0.00 0.00 2.10 319.86
7 10.66 0.00 0.00 2.30 320.62
8 11.92 57.98 128.90 2.60 323.79
9 13.42 195.13 277.10 1.80 319.95
10 14.89 329.30 381.35 1.80 316.63
11 16.04 405.90 337.08 1.70 314.76
12 16.83 427.92 241.81 2.80 319.35
13 17.65 509.81 483.07 3.20 315.88
14 18.15 478.84 523.58 3.70 312.58
15 17.52 207.22 60.46 4.20 330.11
16 16.68 122.52 45.50 3.70 333.90
17 15.58 5.77 0.00 4.20 350.44
18 14.98 0.00 0.00 4.70 350.54
19 14.37 0.00 0.00 3.90 343.49
20 13.76 0.00 0.00 3.00 338.94
21 13.16 0.00 0.00 3.00 338.04
22 12.55 0.00 0.00 3.40 332.60
23 11.95 0.00 0.00 3.70 326.61
24 11.34 0.00 0.00 3.00 324.18
25 10.73 0.00 0.00 4.20 319.13
26 10.08 0.00 0.00 5.40 312.27
27 9.43 0.00 0.00 5.40 312.24
28 9.09 0.00 0.00 6.20 308.98
29 8.76 0.00 0.00 6.00 305.37
30 8.52 0.00 0.00 4.50 300.22
31 8.28 0.00 0.00 4.20 299.08
32 10.06 76.58 361.08 3.40 299.66
33 12.02 245.39 624.97 5.70 296.62
34 13.92 406.08 742.28 6.00 295.75
35 15.57 527.78 807.57 5.70 290.20
36 16.81 583.04 799.98 7.30 289.87
37 17.66 590.02 815.95 6.20 289.69
38 17.98 510.68 746.08 7.30 291.80
39 17.74 377.31 588.54 5.70 292.65
40 16.79 208.93 439.53 4.70 297.70
41 15.42 59.91 234.07 6.00 301.46
42 14.66 0.00 0.00 5.20 306.60
43 13.91 0.00 0.00 3.20 305.76
44 13.15 0.00 0.00 3.00 300.54
45 12.39 0.00 0.00 3.20 298.82
46 11.63 0.00 0.00 3.60 298.71
47 10.87 0.00 0.00 3.20 294.32
48 10.11 0.00 0.00 4.50 292.77
49 9.49 0.00 0.00 5.00 291.73
50 8.79 0.00 0.00 4.50 291.87
51 8.10 0.00 0.00 5.20 288.97
52 7.71 0.00 0.00 3.40 286.21
53 7.32 0.00 0.00 2.70 286.86
54 7.04 0.00 0.00 2.20 285.25
55 6.76 0.00 0.00 2.80 280.46
56 8.36 74.46 327.57 2.20 280.98
57 10.10 235.88 559.95 2.20 280.55
58 11.85 397.52 692.95 2.30 279.02
59 13.38 520.76 764.50 2.10 276.05
60 14.61 596.05 845.96 2.50 274.32
61 15.39 594.50 844.96 3.00 269.74
62 15.69 517.85 779.21 3.00 270.14
63 15.53 402.64 751.07 3.00 273.81
64 14.69 236.81 583.56 3.40 277.78
65 13.37 74.01 283.52 4.20 282.93
66 12.67 0.00 0.00 4.70 284.93
67 11.98 0.00 0.00 3.40 284.37
68 11.28 0.00 0.00 2.60 283.32
69 10.59 0.00 0.00 2.50 281.43
70 9.89 0.00 0.00 3.70 282.48
71 9.19 0.00 0.00 3.70 277.55
72 8.50 0.00 0.00 5.40 279.18
73 8.13 0.00 0.00 5.20 277.80
74 7.70 0.00 0.00 5.70 275.79
75 7.27 0.00 0.00 6.20 275.39
76 7.02 0.00 0.00 9.90 275.91
77 6.78 0.00 0.00 6.90 277.05
78 6.60 0.00 0.00 5.20 274.92
79 6.42 0.00 0.00 5.00 278.33
80 8.26 74.46 330.76 3.90 284.72
81 10.25 234.87 553.76 3.90 283.27
82 12.25 396.16 688.59 4.70 287.20
83 13.91 503.17 688.83 6.20 279.62
84 15.32 589.85 801.54 5.40 280.13
85 16.22 585.52 803.59 5.40 284.11
86 16.61 518.68 774.32 5.40 284.04
87 16.46 397.86 716.02 4.20 286.55
88 15.57 240.09 591.46 5.00 289.45
89 14.14 77.39 298.63 3.90 299.94
90 13.85 0.00 0.00 2.30 305.62
91 13.56 0.00 0.00 2.00 303.44
92 13.27 0.00 0.00 1.70 302.32
93 12.98 0.00 0.00 2.20 302.16
94 12.69 0.00 0.00 2.30 304.72
95 12.40 0.00 0.00 1.10 307.22
96 12.11 0.00 0.00 1.60 309.26
97 12.06 0.00 0.00 2.70 307.35
98 12.03 0.00 0.00 2.60 306.28
99 12.00 0.00 0.00 3.00 306.25
100 12.00 0.00 0.00 3.60 306.15
101 11.99 0.00 0.00 4.50 309.00
102 11.99 0.00 0.00 4.70 313.36
103 11.98 0.00 0.00 3.40 321.69
104 12.69 26.57 0.00 3.40 338.52
105 13.46 83.49 0.00 4.50 342.54
106 14.19 130.78 0.00 5.20 329.75
107 14.19 132.79 0.00 6.00 346.21
108 14.80 136.70 0.00 5.40 352.89
109 15.16 178.85 0.66 4.20 336.47
110 15.51 203.91 6.66 3.20 330.45
111 15.49 140.38 0.00 3.00 347.07
112 15.26 77.19 0.00 2.80 353.93
113 14.72 20.90 0.00 2.50 354.36
114 14.57 0.00 0.00 2.60 352.34
115 14.29 0.00 0.00 2.70 349.49
116 14.00 0.00 0.00 1.80 346.66
117 13.71 0.00 0.00 2.60 343.84
118 13.42 0.00 0.00 2.30 341.04
119 13.14 0.00 0.00 2.20 338.25
120 12.85 0.00 0.00 3.00 335.48
121 12.51 0.00 0.00 2.70 332.41
122 12.15 0.00 0.00 2.60 329.59
123 11.79 0.00 0.00 3.60 329.73
124 11.60 0.00 0.00 4.20 326.48
125 11.41 0.00 0.00 3.40 326.98
126 11.28 0.00 0.00 3.90 322.56
127 11.15 0.00 0.00 4.70 320.42
128 12.74 63.39 197.37 5.00 323.39
129 14.57 208.02 381.53 4.70 319.29
130 16.47 362.69 518.43 5.00 318.92
131 17.96 447.41 443.65 5.00 313.20
132 19.34 545.94 647.11 3.90 311.04
133 20.20 551.10 649.43 3.60 311.59
134 20.65 498.66 627.33 3.90 314.43
135 20.48 351.07 448.68 3.70 320.32
136 19.75 223.65 443.17 2.80 322.01
137 18.54 72.02 207.06 2.70 323.09
138 17.99 0.00 0.00 1.50 327.91
139 17.45 0.00 0.00 1.30 326.31
140 16.90 0.00 0.00 0.80 322.49
141 16.35 0.00 0.00 1.70 324.65
142 15.81 0.00 0.00 1.50 323.79
143 15.26 0.00 0.00 0.80 323.87
144 14.71 0.00 0.00 0.50 324.52
145 14.24 0.00 0.00 0.90 322.17
146 13.73 0.00 0.00 0.70 324.09
147 13.22 0.00 0.00 1.30 329.32
148 12.94 0.00 0.00 1.10 330.39
149 12.67 0.00 0.00 1.70 329.01
150 12.47 0.00 0.00 1.50 327.08
151 12.27 0.00 0.00 2.30 325.39
152 13.22 39.36 6.12 2.50 327.98
153 14.84 172.84 162.28 1.70 320.23
154 15.59 200.64 30.69 1.60 326.82
155 16.51 292.25 60.67 2.30 324.03
156 17.33 349.13 105.08 2.60 324.79
157 17.98 376.21 139.10 2.80 325.93
158 18.52 400.19 270.01 2.70 321.07
159 18.82 368.98 516.44 3.20 319.05
160 18.59 235.50 523.10 2.70 317.69
161 17.73 75.67 267.87 3.40 321.70
162 17.18 0.00 0.00 2.00 326.54
163 16.64 0.00 0.00 1.80 325.50
164 16.10 0.00 0.00 2.30 329.59
165 15.55 0.00 0.00 2.50 330.12
166 15.01 0.00 0.00 1.10 330.00
167 14.47 0.00 0.00 1.30 328.32
168 13.92 0.00 0.00 1.50 330.43
169 13.54 0.00 0.00 2.00 329.17
170 13.17 0.00 0.00 1.70 330.22
171 12.79 0.00 0.00 1.60 330.29
172 12.61 0.00 0.00 1.60 327.68
173 12.42 0.00 0.00 1.10 330.17
174 12.30 0.00 0.00 0.90 326.83
175 12.17 0.00 0.00 0.60 330.80
176 13.31 45.63 45.57 1.10 334.65
177 15.17 195.25 281.42 1.30 327.55
178 16.56 288.54 188.27 2.20 329.76
179 18.81 538.59 662.04 2.30 309.93
180 19.60 426.47 243.04 1.70 324.57
181 20.06 426.15 226.46 2.00 321.08
182 20.43 428.76 385.03 2.70 317.29
183 20.44 337.32 344.59 3.00 319.41
184 19.67 151.87 96.09 4.50 332.70
185 18.65 72.47 210.20 4.50 327.90
186 17.89 0.00 0.00 4.20 331.14
187 17.13 0.00 0.00 2.80 329.37
188 16.37 0.00 0.00 3.00 327.25
189 15.61 0.00 0.00 3.00 325.16
190 14.85 0.00 0.00 4.50 325.48
191 14.09 0.00 0.00 6.60 321.14
192 13.33 0.00 0.00 9.30 318.55
193 12.56 0.00 0.00 10.30 314.94
194 11.71 0.00 0.00 7.60 311.86
195 10.86 0.00 0.00 8.00 307.71
196 10.40 0.00 0.00 7.60 305.64
197 9.94 0.00 0.00 7.60 303.90
198 9.61 0.00 0.00 5.40 301.70
199 9.28 0.00 0.00 4.50 300.49
200 11.13 82.15 386.19 4.70 305.02
201 13.15 259.94 704.67 4.70 302.12
202 15.17 437.34 865.52 7.30 301.27
203 16.88 563.39 912.10 6.00 298.27
204 18.18 629.30 925.16 5.70 300.24
205 19.01 624.01 905.90 6.20 301.48
206 19.35 556.85 879.09 6.60 300.77
207 19.14 424.27 777.83 5.70 302.93
208 18.22 255.46 645.14 8.00 307.65
209 16.77 82.94 383.86 6.00 310.68
210 16.10 0.66 0.00 10.30 310.13
211 15.44 0.00 0.00 8.70 312.66
212 14.78 0.00 0.00 5.70 309.72
213 14.12 0.00 0.00 7.60 307.86
214 13.45 0.00 0.00 7.30 307.26
215 12.79 0.00 0.00 6.90 312.67
216 12.13 0.00 0.00 6.60 314.08
217 11.79 0.00 0.00 5.40 313.35
218 11.44 0.00 0.00 6.90 313.77
219 11.10 0.00 0.00 10.90 315.79
220 10.92 0.00 0.00 10.30 314.09
221 10.74 0.00 0.00 7.30 313.87
222 10.62 0.00 0.00 6.00 309.83
223 10.50 0.00 0.00 6.60 310.90
224 12.63 82.32 387.13 6.90 314.28
225 14.96 261.27 709.08 3.90 314.61
226 17.27 439.31 869.29 2.80 313.83
227 19.19 557.40 889.03 3.60 312.18
228 20.60 625.27 907.94 3.70 308.94
229 21.57 629.90 916.48 4.50 311.28
230 22.03 567.64 905.71 4.20 310.58
231 21.96 439.81 843.90 4.70 310.62
232 21.12 272.49 722.64 3.90 312.52
233 19.74 92.72 416.20 6.90 316.89
234 18.97 0.85 0.00 6.20 317.63
235 18.19 0.00 0.00 5.00 320.19
236 17.41 0.00 0.00 5.00 314.18
237 16.64 0.00 0.00 6.00 312.15
238 15.86 0.00 0.00 5.70 311.38
239 15.09 0.00 0.00 6.90 311.10
240 14.31 0.00 0.00 6.60 308.89
241 13.58 0.00 0.00 8.70 307.02
242 12.79 0.00 0.00 8.00 305.61
243 12.01 0.00 0.00 9.30 305.74
244 11.59 0.00 0.00 5.70 303.28
245 11.17 0.00 0.00 3.40 302.76
246 10.87 0.00 0.00 3.00 302.97
247 10.58 0.00 0.00 2.80 298.82
248 12.42 79.65 365.25 3.00 304.79
249 14.44 253.09 666.03 4.50 302.55
250 16.43 424.52 805.76 4.70 300.26
251 18.07 536.06 801.69 7.30 299.55
252 19.34 601.01 814.62 6.60 300.51
253 20.10 601.47 808.25 8.00 301.04
254 20.46 543.55 807.21 5.70 302.94
255 20.33 415.98 721.06 5.20 309.37
256 19.59 261.86 653.03 3.90 310.63
257 18.23 89.71 386.21 4.20 312.49
258 17.37 1.03 0.00 3.70 310.71
259 16.50 0.00 0.00 3.70 312.69
260 15.64 0.00 0.00 3.70 308.82
261 14.77 0.00 0.00 4.70 303.79
262 13.91 0.00 0.00 4.50 302.11
263 13.04 0.00 0.00 4.20 303.08
264 12.18 0.00 0.00 4.20 301.97
265 11.54 0.00 0.00 3.20 298.43
266 10.81 0.00 0.00 3.00 292.85
267 10.08 0.00 0.00 3.40 294.80
268 9.68 0.00 0.00 5.00 292.22
269 9.27 0.00 0.00 3.40 291.34
270 8.97 0.00 0.00 3.70 292.34
271 8.67 0.00 0.00 2.20 292.35
272 10.23 66.69 248.87 2.70 301.50
273 11.61 185.48 228.69 3.60 305.41
274 14.33 465.78 698.03 3.40 291.33
275 15.67 470.96 457.45 3.90 293.54
276 16.22 426.03 229.89 5.20 301.80
277 16.81 487.50 375.03 4.50 298.36
278 16.92 405.99 265.57 5.00 301.76
279 17.22 482.40 780.56 4.70 289.19
280 16.77 297.18 791.91 3.90 294.07
281 15.57 100.06 502.18 3.90 302.89
282 15.05 1.81 0.00 3.90 301.63
283 14.52 0.00 0.00 3.60 308.88
284 14.00 0.00 0.00 4.20 308.52
285 13.47 0.00 0.00 3.20 307.83
286 12.94 0.00 0.00 3.90 307.37
287 12.42 0.00 0.00 5.00 305.41
288 11.89 0.00 0.00 4.50 304.40
289 11.74 0.00 0.00 3.60 306.06
290 11.61 0.00 0.00 5.00 308.22
291 11.47 0.00 0.00 5.00 308.06
292 11.42 0.00 0.00 4.50 308.73
293 11.36 0.00 0.00 3.00 309.56
294 11.32 0.00 0.00 2.30 307.74
295 11.29 0.00 0.00 3.20 308.83
296 13.30 74.24 326.98 2.60 312.70
297 15.43 231.99 522.15 2.70 310.77
298 17.60 393.97 639.09 3.90 310.78
299 19.49 512.45 691.30 3.60 303.56
300 20.90 586.39 727.35 2.80 300.89
301 21.78 561.93 626.95 1.80 301.90
302 22.01 453.30 411.13 2.00 309.34
303 21.86 370.48 477.08 2.00 306.63
304 21.15 246.36 517.65 1.80 302.50
305 19.86 79.40 258.17 1.30 306.74
306 19.18 1.53 0.00 1.30 305.96
307 18.44 0.00 0.00 1.60 314.39
308 17.70 0.00 0.00 1.80 314.26
309 16.96 0.00 0.00 1.60 316.00
310 16.22 0.00 0.00 1.70 310.73
311 15.48 0.00 0.00 1.30 310.66
312 14.74 0.00 0.00 0.90 310.91
313 13.92 0.00 0.00 0.40 311.34
314 13.02 0.00 0.00 0.40 308.44
315 12.11 0.00 0.00 0.40 306.24
316 11.61 0.00 0.00 0.80 305.63
317 11.11 0.00 0.00 1.30 304.15
318 10.74 0.00 0.00 1.30 304.09
319 10.38 0.00 0.00 0.40 306.42
320 11.96 71.72 294.60 0.60 306.25
321 13.73 230.86 502.59 1.00 309.59
322 15.54 396.85 643.38 1.30 306.72
323 16.97 494.45 618.32 1.70 307.18
324 18.05 548.54 601.70 1.60 310.11
325 18.83 572.70 656.95 1.30 308.77
326 19.14 507.40 601.11 1.70 311.91
327 19.05 404.09 591.55 1.70 314.04
328 18.29 251.45 533.29 1.50 319.08
329 17.03 90.27 348.41 1.00 324.81
330 16.41 1.83 0.00 1.60 322.05
331 15.78 0.00 0.00 1.60 320.47
332 15.16 0.00 0.00 2.80 320.59
333 14.54 0.00 0.00 2.60 322.16
334 13.91 0.00 0.00 2.20 318.05
335 13.29 0.00 0.00 1.70 318.21
336 12.66 0.00 0.00 1.50 315.21
337 12.43 0.00 0.00 2.20 315.90
338 12.19 0.00 0.00 1.80 315.88
339 11.94 0.00 0.00 1.80 317.63
340 11.81 0.00 0.00 2.20 317.86
341 11.68 0.00 0.00 2.80 320.99
342 11.59 0.00 0.00 3.60 320.04
343 11.50 0.00 0.00 3.90 324.57
344 12.68 51.02 50.80 4.70 330.81
345 13.86 154.05 92.33 4.20 327.04
346 14.63 202.17 20.66 4.70 329.25
347 15.30 253.37 19.54 4.50 331.98
348 15.49 208.46 4.98 5.20 339.50
349 15.67 222.95 7.31 6.20 337.46
350 15.52 159.03 0.00 5.70 335.35
351 15.41 157.88 1.33 8.00 333.24
352 14.99 91.67 0.00 6.90 348.76
353 14.39 7.99 0.00 4.70 344.86
354 14.04 0.88 0.00 4.20 340.10
355 13.70 0.00 0.00 4.70 336.23
356 13.36 0.00 0.00 4.20 333.28
357 13.01 0.00 0.00 5.20 327.64
358 12.67 0.00 0.00 4.50 324.69
359 12.33 0.00 0.00 5.40 318.94
360 11.98 0.00 0.00 5.00 316.95
361 11.69 0.00 0.00 5.40 313.15
362 11.40 0.00 0.00 4.20 316.73
363 11.11 0.00 0.00 3.40 315.47
364 10.97 0.00 0.00 2.50 311.61
365 10.83 0.00 0.00 3.00 307.89
366 10.74 0.00 0.00 3.00 306.81
367 10.64 0.00 0.00 3.60 305.29
368 12.14 67.67 264.98 3.20 305.38
369 13.70 209.02 359.21 3.00 304.44
370 15.19 340.79 372.53 4.20 307.88
371 16.75 488.06 503.92 4.20 300.61
372 17.32 403.87 175.76 4.50 309.34
373 17.87 449.02 236.58 4.20 306.30
374 18.02 374.50 179.81 6.00 311.69
375 17.12 139.45 0.00 8.70 326.04
376 15.93 23.00 0.00 5.70 332.44
377 15.04 39.60 0.00 6.90 322.22
378 14.79 1.57 0.00 4.70 316.92
379 14.55 0.00 0.00 3.90 319.45
380 14.31 0.00 0.00 4.20 320.50
381 14.06 0.00 0.00 3.60 315.83
382 13.82 0.00 0.00 3.40 312.29
383 13.58 0.00 0.00 3.70 315.22
384 13.33 0.00 0.00 3.40 318.07
385 13.07 0.00 0.00 3.70 318.26
386 12.81 0.00 0.00 3.00 318.30
387 12.55 0.00 0.00 2.80 319.92
388 12.42 0.00 0.00 3.90 317.18
389 12.29 0.00 0.00 3.60 316.04
390 12.20 0.00 0.00 2.60 312.91
391 12.11 0.00 0.00 2.80 312.45
392 13.65 56.27 113.87 2.60 317.74
393 14.72 135.21 35.65 2.60 322.17
394 16.58 299.97 196.62 2.80 318.97
395 18.29 413.58 273.03 3.20 314.30
396 19.07 369.60 127.78 3.70 320.48
397 20.23 528.99 433.03 4.50 314.45
398 21.09 532.47 644.80 5.20 314.64
399 21.42 435.65 684.62 6.60 314.03
400 21.18 297.34 691.09 6.60 312.20
401 20.15 108.74 425.58 6.20 315.87
402 19.56 3.67 0.00 6.90 312.97
403 18.90 0.00 0.00 7.30 316.80
404 18.24 0.00 0.00 9.30 311.79
405 17.58 0.00 0.00 9.30 312.21
406 16.92 0.00 0.00 9.30 312.44
407 16.26 0.00 0.00 8.70 311.20
408 15.60 0.00 0.00 9.30 307.55
409 14.95 0.00 0.00 9.30 309.38
410 14.23 0.00 0.00 8.70 308.98
411 13.50 0.00 0.00 11.40 307.15
412 13.11 0.00 0.00 13.60 307.06
413 12.71 0.00 0.00 10.30 311.66
414 12.43 0.00 0.00 9.30 311.79
415 12.14 0.00 0.00 6.00 312.27
416 14.01 79.07 350.59 5.70 318.62
417 16.05 251.05 611.38 6.60 318.46
418 18.05 417.89 721.61 6.90 318.42
419 19.84 563.22 834.78 6.20 309.48
420 21.25 642.93 872.81 8.00 314.38
421 22.10 628.64 817.74 8.00 319.27
422 22.48 563.90 804.58 8.70 321.89
423 22.35 437.29 716.38 8.00 326.24
424 21.52 273.91 595.23 8.70 330.98
425 20.15 100.31 385.87 6.60 337.34
426 19.62 3.07 0.00 8.00 336.31
427 19.01 0.00 0.00 8.00 341.56
428 18.41 0.00 0.00 8.70 338.70
429 17.80 0.00 0.00 6.60 339.31
430 17.19 0.00 0.00 5.20 341.35
431 16.58 0.00 0.00 5.70 339.82
432 15.97 0.00 0.00 5.40 340.99
433 15.66 0.00 0.00 6.20 343.00
434 15.38 0.00 0.00 7.30 347.91
435 15.10 0.00 0.00 7.60 345.89
436 14.97 0.00 0.00 5.20 344.51
437 14.84 0.00 0.00 4.70 345.91
438 14.76 0.00 0.00 4.50 343.80
439 14.68 0.00 0.00 5.70 341.30
440 15.29 21.54 0.00 4.20 345.26
441 15.31 21.21 0.00 3.60 354.33
442 15.47 35.88 0.00 6.00 358.24
443 17.95 389.18 224.91 6.20 329.12
444 20.82 663.68 807.95 5.40 315.55
445 22.79 682.22 956.90 6.20 313.85
446 23.97 616.65 924.32 7.30 316.38
447 24.44 485.39 846.76 7.60 315.35
448 24.17 305.08 700.34 8.00 319.90
449 23.13 114.26 437.54 5.20 326.13
450 22.61 5.10 0.00 4.20 330.14
451 22.08 0.00 0.00 3.60 337.93
452 21.56 0.00 0.00 2.50 336.97
453 21.04 0.00 0.00 2.30 339.51
454 20.52 0.00 0.00 2.20 337.77
455 19.99 0.00 0.00 3.70 338.73
456 19.51 0.00 0.00 2.70 339.56
457 18.85 0.00 0.00 3.20 340.76
458 18.15 0.00 0.00 2.70 340.81
459 17.45 0.00 0.00 2.20 342.65
460 17.07 0.00 0.00 1.80 340.21
461 16.70 0.00 0.00 2.00 341.21
462 16.43 0.00 0.00 2.30 344.48
463 16.17 0.00 0.00 2.20 342.49
464 17.53 54.77 67.07 2.80 348.90
465 19.01 172.79 112.31 3.20 347.20
466 19.98 239.88 82.91 3.20 350.40
467 22.25 534.54 583.03 3.40 331.50
468 23.72 558.76 538.05 3.20 331.54
469 24.22 446.47 232.19 2.70 337.36
470 24.82 519.44 561.64 2.50 330.59
471 24.99 429.00 609.75 1.50 327.87
472 24.33 236.60 284.59 0.60 328.15
473 23.01 48.04 0.00 0.70 341.82
474 22.08 2.91 0.00 0.70 340.03
475 21.15 0.00 0.00 1.10 341.89
476 20.22 0.00 0.00 0.60 338.99
477 19.32 0.00 0.00 0.60 336.54
478 18.34 0.00 0.00 1.30 336.41
479 17.36 0.00 0.00 1.30 334.71
480 16.38 0.00 0.00 1.30 332.43
481 15.60 0.00 0.00 2.10 331.98
482 14.73 0.00 0.00 2.50 326.89
483 13.87 0.00 0.00 1.30 320.55
484 13.40 0.00 0.00 2.50 318.32
485 12.92 0.00 0.00 2.20 317.91
486 12.58 0.00 0.00 2.50 319.21
487 12.24 0.00 0.00 2.30 318.11
488 13.02 37.61 0.00 2.50 318.98
489 13.95 125.80 12.99 2.20 320.15
490 15.28 265.30 112.95 3.00 310.62
491 15.89 263.47 20.98 3.40 314.53
492 16.30 279.34 22.38 3.90 319.62
493 16.52 275.27 24.24 3.70 322.59
494 17.13 415.97 265.06 4.50 312.50
495 17.53 407.71 472.38 3.70 309.95
496 17.54 294.70 638.33 4.70 306.38
497 16.87 112.66 383.74 4.20 314.16
498 16.30 5.98 0.00 3.60 308.88
499 15.73 0.00 0.00 4.50 311.87
500 15.15 0.00 0.00 4.70 312.69
501 14.58 0.00 0.00 4.20 316.94
502 14.01 0.00 0.00 4.20 315.29
503 13.43 0.00 0.00 4.20 311.20
504 12.86 0.00 0.00 3.20 309.62
505 12.64 0.00 0.00 2.50 308.89
506 12.46 0.00 0.00 3.20 310.38
507 12.28 0.00 0.00 2.20 313.60
508 12.21 0.00 0.00 1.70 310.50
509 12.14 0.00 0.00 2.50 309.53
510 12.10 0.00 0.00 2.00 312.61
511 12.07 0.00 0.00 1.50 312.88
512 13.48 66.46 147.32 1.70 316.75
513 14.37 148.59 65.67 2.10 320.67
514 15.21 224.03 41.86 2.70 323.26
515 16.59 404.26 212.88 2.00 313.79
516 17.14 336.09 59.80 2.50 320.81
517 17.73 394.11 136.58 3.00 318.00
518 17.54 217.26 16.90 2.30 326.31
519 16.61 37.00 0.00 2.30 333.75
520 15.84 23.33 0.00 2.20 335.84
521 15.24 24.00 0.00 1.60 329.46
522 14.91 1.60 0.00 1.70 329.51
523 14.58 0.00 0.00 0.60 325.88
524 14.25 0.00 0.00 1.30 325.07
525 13.92 0.00 0.00 0.90 323.89
526 13.59 0.00 0.00 0.70 323.98
527 13.26 0.00 0.00 1.00 324.87
528 12.93 0.00 0.00 0.70 319.76
529 12.44 0.00 0.00 0.80 311.73
530 11.94 0.00 0.00 2.00 312.76
531 11.43 0.00 0.00 2.70 313.49
532 11.18 0.00 0.00 3.40 313.63
533 10.92 0.00 0.00 2.30 312.16
534 10.74 0.00 0.00 2.60 310.11
535 10.56 0.57 0.00 2.30 310.71
536 12.26 65.95 137.92 2.00 313.35
537 13.12 133.42 40.93 1.60 318.88
538 13.14 104.16 0.00 1.60 331.77
539 14.88 371.04 185.78 1.50 313.26
540 17.19 617.03 668.54 1.80 301.95
541 18.96 670.38 886.23 1.50 302.24
542 19.92 607.75 880.64 2.10 304.71
543 20.26 480.86 803.08 2.50 307.72
544 19.89 305.91 658.66 2.60 308.79
545 18.82 119.53 405.53 3.00 315.35
546 18.15 7.35 0.00 3.00 314.83
547 17.49 0.00 0.00 2.60 319.82
548 16.82 0.00 0.00 1.50 319.61
549 16.15 0.00 0.00 1.30 316.00
550 15.48 0.00 0.00 1.50 317.93
551 14.82 0.00 0.00 1.30 316.29
552 14.15 0.00 0.00 1.60 316.96
553 13.54 0.00 0.00 1.70 315.98
554 12.88 0.00 0.00 0.90 314.38
555 12.22 0.00 0.00 1.30 313.89
556 11.86 0.00 0.00 2.00 311.68
557 11.49 0.00 0.00 1.60 308.63
558 11.23 0.00 0.00 1.10 308.59
559 10.97 0.68 0.00 1.70 309.14
560 12.87 80.69 248.05 1.70 312.26
561 14.56 225.66 367.24 2.50 313.14
562 16.80 438.40 659.19 2.10 308.25
563 18.48 536.74 643.38 3.60 304.33
564 19.59 561.82 554.81 3.40 310.21
565 20.19 550.97 466.74 4.50 310.79
566 20.32 456.97 346.08 5.20 315.37
567 20.05 364.07 318.20 5.70 312.43
568 19.33 241.42 332.49 6.20 313.62
569 18.07 90.11 117.76 8.00 321.83
570 17.45 5.96 0.00 7.30 321.06
571 16.83 0.00 0.00 5.20 326.72
572 16.21 0.00 0.00 5.00 323.98
573 15.59 0.00 0.00 4.50 323.87
574 14.97 0.00 0.00 5.70 318.14
575 14.36 0.00 0.00 5.40 314.16
576 13.74 0.00 0.00 3.90 313.52
577 13.37 0.00 0.00 5.00 314.70
578 12.97 0.00 0.00 5.00 314.24
579 12.56 0.00 0.00 6.60 313.29
580 12.34 0.00 0.00 6.00 313.92
581 12.12 0.00 0.00 5.20 312.33
582 11.95 0.00 0.00 3.90 308.54
583 11.79 0.70 0.00 5.00 307.70
584 13.71 73.31 212.74 3.70 307.75
585 15.81 233.79 402.22 3.00 305.31
586 16.95 286.12 140.69 3.20 312.32
587 18.63 456.86 371.23 3.60 300.86
588 19.78 494.88 323.49 4.20 304.61
589 20.86 575.38 551.45 5.70 300.48
590 21.38 506.15 466.67 6.90 304.36
591 21.55 441.68 644.87 6.60 301.83
592 21.09 295.71 602.22 8.00 298.80
593 19.98 126.03 394.75 6.20 303.33
594 19.48 8.75 0.00 6.20 300.33
595 18.91 0.00 0.00 5.00 308.79
596 18.35 0.00 0.00 5.70 311.54
597 17.78 0.00 0.00 4.20 311.00
598 17.21 0.00 0.00 3.40 312.26
599 16.64 0.00 0.00 2.80 311.21
600 16.07 0.00 0.00 2.20 312.42
601 15.68 0.00 0.00 2.10 316.95
602 15.30 0.00 0.00 2.50 319.85
603 14.91 0.00 0.00 2.00 320.35
604 14.73 0.00 0.00 2.30 320.34
605 14.54 0.00 0.00 2.00 325.79
606 14.42 0.00 0.00 2.00 328.87
607 14.30 0.74 0.00 3.00 330.68
608 14.49 6.91 0.00 2.10 336.45
609 15.80 108.21 0.00 2.50 325.99
610 16.72 163.61 3.36 2.70 330.72
611 18.40 351.55 133.26 3.20 318.41
612 19.39 349.72 84.02 3.90 321.70
613 21.52 724.45 797.17 3.20 299.03
614 22.49 559.64 596.86 4.20 312.81
615 22.94 468.33 639.88 3.20 312.60
616 22.50 244.03 281.62 4.70 324.44
617 21.46 76.34 60.86 3.40 334.75
618 20.92 5.66 0.00 3.70 339.51
619 20.37 0.00 0.00 3.90 343.56
620 19.82 0.00 0.00 3.20 346.48
621 19.31 0.00 0.00 4.50 344.61
622 18.73 0.00 0.00 3.40 343.13
623 18.16 0.00 0.00 4.20 343.14
624 17.59 0.00 0.00 3.40 349.40
625 16.96 0.00 0.00 2.80 347.21
626 16.33 0.00 0.00 3.70 351.63
627 15.70 0.00 0.00 5.40 353.57
628 15.38 0.00 0.00 6.00 352.61
629 15.06 0.00 0.00 3.70 349.45
630 14.85 0.00 0.00 4.50 349.71
631 14.63 0.36 0.00 5.40 350.92
632 14.81 7.36 0.00 5.70 351.60
633 15.00 22.41 0.00 6.00 348.58
634 16.23 161.69 2.50 6.90 336.29
635 17.08 199.80 4.67 6.60 332.83
636 18.27 334.54 52.31 12.30 327.35
637 19.43 421.34 167.32 11.40 324.63
638 21.03 670.70 780.99 6.90 303.69
639 21.85 535.82 874.68 7.60 310.21
640 21.99 347.72 737.62 8.00 314.93
641 21.34 142.45 487.48 6.90 321.81
642 20.62 11.10 0.00 7.60 322.04
643 19.91 0.00 0.00 5.40 324.84
644 19.22 0.00 0.00 5.40 326.04
645 18.47 0.00 0.00 4.50 327.73
646 17.71 0.00 0.00 3.70 324.47
647 16.96 0.00 0.00 2.80 317.03
648 16.21 0.00 0.00 3.40 316.99
649 15.49 0.00 0.00 2.20 313.48
650 14.70 0.00 0.00 2.50 313.15
651 13.92 0.00 0.00 2.70 311.38
652 13.50 0.00 0.00 3.00 311.16
653 13.09 0.00 0.00 2.10 310.80
654 12.79 0.00 0.00 1.10 312.11
655 12.49 1.04 0.00 1.00 311.84
656 14.13 71.81 211.16 0.70 319.60
657 16.07 240.57 454.47 1.60 313.58
658 18.07 416.22 623.09 1.30 310.93
659 19.76 539.45 642.92 1.10 305.18
660 20.70 549.52 442.48 2.00 313.84
661 21.43 571.44 518.26 1.50 313.82
662 21.68 494.90 402.94 0.60 316.19
663 21.70 437.22 500.22 0.60 316.74
664 20.86 228.86 190.20 0.90 324.86
665 19.63 75.92 42.61 0.70 333.53
666 18.85 6.92 0.00 0.80 331.09
667 18.06 0.00 0.00 1.10 337.47
668 17.28 0.00 0.00 1.00 335.00
669 16.50 0.00 0.00 1.10 329.59
670 15.71 0.00 0.00 2.00 327.67
671 14.93 0.00 0.00 1.60 325.68
672 14.15 0.00 0.00 0.70 325.91
673 13.60 0.00 0.00 0.80 319.68
674 13.09 0.00 0.00 0.60 316.69
675 12.57 0.00 0.00 0.40 316.48
676 12.32 0.00 0.00 0.40 313.58
677 12.08 0.00 0.00 0.60 314.06
678 11.92 0.00 0.00 1.50 312.90
679 11.77 1.70 0.00 0.80 309.46
680 13.48 99.37 396.48 0.40 313.80
681 15.21 298.71 679.83 0.30 309.32
682 16.92 497.00 841.51 0.20 306.29
683 18.44 648.44 771.25 0.20 302.32
684 18.67 445.48 208.71 0.30 321.51
685 18.92 479.82 263.62 0.10 318.23
686 17.47 54.97 0.00 0.00 342.39
687 16.35 44.06 0.00 0.10 346.78
688 15.44 28.79 0.00 0.30 350.43
689 14.66 12.04 0.00 0.50 350.29
690 14.37 1.02 0.00 0.30 349.11
691 14.09 0.00 0.00 0.30 348.07
692 13.80 0.00 0.00 0.30 347.23
693 13.52 0.00 0.00 0.20 344.91
694 13.23 0.00 0.00 0.10 341.86
695 12.95 0.00 0.00 0.30 337.60
696 12.67 0.00 0.00 0.40 332.36
697 12.28 0.00 0.00 0.50 327.70
698 11.89 0.00 0.00 0.60 325.80
699 11.49 0.00 0.00 0.80 323.09
700 11.30 0.00 0.00 1.50 321.36
701 11.10 0.00 0.00 1.30 321.77
702 10.97 0.00 0.00 1.50 319.78
703 10.84 1.42 0.00 1.00 319.37
704 13.13 89.17 359.87 1.30 324.89
705 15.51 274.20 630.89 0.80 322.98
706 18.08 480.99 744.59 0.50 315.01
707 19.78 556.11 648.15 0.70 314.87
708 21.14 628.08 708.50 1.10 314.31
709 21.99 614.69 644.25 0.80 320.10
710 22.30 530.52 497.26 0.70 324.61
711 22.04 402.56 403.56 0.60 326.09
712 21.22 270.42 389.61 1.00 326.30
713 19.90 109.64 240.17 1.60 330.93
714 19.03 9.35 0.00 1.30 324.01
715 18.08 0.00 0.00 1.80 329.60
716 17.14 0.00 0.00 1.10 329.64
717 16.20 0.00 0.00 1.30 324.72
718 15.26 0.00 0.00 1.30 317.79
719 14.32 0.00 0.00 1.00 316.29
720 13.38 0.00 0.00 0.60 310.13
721 12.44 0.00 0.00 0.60 306.79
722 11.45 0.00 0.00 0.90 305.52
723 10.46 0.00 0.00 2.30 298.51
724 9.94 0.00 0.00 1.80 295.14
725 9.42 0.00 0.00 0.50 292.13
726 9.06 0.00 0.00 0.50 288.21
727 8.69 2.07 0.00 0.70 289.17
728 10.48 100.37 409.34 0.90 299.84
729 12.24 297.07 692.11 1.10 296.74
730 13.98 491.68 852.17 1.30 293.65
731 15.51 640.20 939.00 1.10 290.36
732 16.71 723.81 889.32 1.80 289.81
733 17.29 654.48 632.16 1.50 297.29
734 16.70 364.72 121.60 0.90 311.87
735 15.50 173.32 3.84 1.10 318.69
736 14.07 34.89 0.00 1.60 325.61
737 12.85 11.43 0.00 2.30 330.06
738 12.51 8.54 0.00 2.30 329.87
739 12.18 0.00 0.00 2.30 328.31
740 11.85 0.00 0.00 2.00 324.41
741 11.51 0.00 0.00 2.00 324.01
742 11.18 0.00 0.00 1.30 320.86
743 10.85 0.00 0.00 0.90 319.64
744 10.52 0.00 0.00 0.90 314.94
745 10.46 0.00 0.00 0.60 317.41
746 10.35 0.00 0.00 0.50 314.34
747 10.25 0.00 0.00 1.00 313.85
748 10.20 0.00 0.00 1.50 311.12
749 10.15 0.00 0.00 2.10 310.75
750 10.12 0.00 0.00 2.40 310.29
751 10.09 1.62 0.00 2.70 307.12
752 12.17 89.87 322.47 2.50 307.16
753 14.17 262.11 527.57 2.40 301.84
754 16.16 433.16 637.54 2.90 301.45
755 17.76 536.92 607.69 3.10 292.69
756 18.93 583.38 541.71 2.90 298.11
757 19.83 626.96 658.77 2.50 299.50
758 20.34 583.21 681.57 2.70 299.00
759 20.42 473.46 656.76 2.40 298.68
760 19.78 293.22 454.80 2.10 300.19
761 18.67 134.48 408.26 1.60 304.63
762 18.03 11.41 0.00 1.30 305.69
763 17.39 0.00 0.00 1.30 309.98
764 16.75 0.00 0.00 0.80 310.17
765 16.11 0.00 0.00 0.60 307.35
766 15.47 0.00 0.00 0.60 307.05
767 14.83 0.00 0.00 0.10 308.07
768 14.19 0.00 0.00 0.20 304.17
769 13.54 0.00 0.00 0.30 300.86
770 12.80 0.00 0.00 0.30 300.38
771 12.07 0.00 0.00 0.30 296.56
772 11.66 0.00 0.00 0.80 291.08
773 11.26 0.00 0.00 0.80 292.25
774 10.96 0.00 0.00 0.60 291.09
775 10.67 1.73 0.00 0.20 293.09
776 12.68 100.82 319.56 0.30 295.12
777 14.35 269.31 565.47 0.10 290.97
778 15.84 411.42 510.53 0.60 294.07
779 16.74 449.32 281.45 0.90 291.17
780 17.08 406.06 114.90 1.00 300.91
781 17.38 437.00 158.05 0.70 302.98
782 17.90 545.29 490.97 1.30 294.38
783 18.16 502.97 726.04 1.50 293.71
784 17.93 351.10 767.41 1.60 296.20
785 17.04 153.51 541.94 1.60 301.03
786 16.28 15.34 0.00 2.10 301.41
787 15.53 0.00 0.00 1.00 305.43
788 14.77 0.00 0.00 0.60 304.80
789 14.02 0.00 0.00 0.30 304.99
790 13.26 0.00 0.00 0.60 303.20
791 12.51 0.00 0.00 0.60 302.10
792 11.76 0.00 0.00 0.20 300.67
793 11.32 0.00 0.00 0.50 302.53
794 10.86 0.00 0.00 0.30 304.55
795 10.40 0.00 0.00 0.90 305.57
796 10.16 0.00 0.00 0.90 305.10
797 9.92 0.00 0.00 0.70 302.83
798 9.75 0.00 0.00 0.40 303.97
799 9.58 1.68 0.00 0.10 308.81
800 10.23 34.67 0.00 0.40 307.17
801 11.21 138.22 19.32 0.70 301.66
802 12.63 309.25 151.88 0.80 295.77
803 14.09 463.92 308.96 0.80 289.38
804 15.61 633.66 602.06 1.10 285.31
805 16.35 549.41 353.21 1.10 292.08
806 17.00 598.00 580.48 1.30 284.67
807 16.61 301.01 95.91 1.40 296.39
808 15.98 213.89 124.11 1.60 297.87
809 14.80 13.31 0.00 1.70 317.61
810 14.54 5.78 0.00 1.00 317.97
811 14.27 0.00 0.00 0.90 322.22
812 14.01 0.00 0.00 0.70 325.54
813 13.75 0.00 0.00 0.80 323.98
814 13.49 0.00 0.00 0.90 325.86
815 13.22 0.00 0.00 0.80 325.32
816 12.96 0.00 0.00 1.00 328.10
817 12.81 0.00 0.00 1.40 332.13
818 12.38 0.00 0.00 2.10 343.56
819 12.51 0.00 0.00 2.70 343.66
820 12.44 0.00 0.00 3.20 342.64
821 12.37 0.00 0.00 2.40 341.61
822 12.28 0.00 0.00 1.60 337.21
823 12.17 1.14 0.00 1.10 335.97
824 12.99 38.81 0.00 0.70 340.02
825 14.01 137.28 11.77 1.10 339.49
826 14.60 171.97 3.96 1.10 345.64
827 15.39 273.91 22.15 1.10 328.53
828 15.93 289.58 16.71 1.60 323.26
829 16.27 283.44 14.43 1.30 327.34
830 16.36 228.98 7.67 1.60 331.69
831 16.16 154.50 0.00 1.50 335.42
832 15.69 68.21 0.00 1.60 334.08
833 15.12 12.78 0.00 1.40 340.06
834 14.83 4.16 0.00 0.80 336.18
835 14.53 0.00 0.00 1.60 332.83
836 14.24 0.00 0.00 1.80 330.23
837 13.95 0.00 0.00 1.60 321.46
838 13.65 0.00 0.00 1.10 318.84
839 13.36 0.00 0.00 1.10 315.33
840 13.07 0.00 0.00 1.60 318.46
841 12.74 0.00 0.00 1.10 318.52
842 12.45 0.00 0.00 0.90 314.58
843 12.16 0.00 0.00 1.50 312.85
844 12.02 0.00 0.00 2.40 312.50
845 11.89 0.00 0.00 1.60 310.15
846 11.81 0.00 0.00 2.20 308.53
847 11.74 2.46 0.00 2.10 306.87
848 13.51 90.97 237.90 2.90 310.68
849 15.34 277.88 480.88 3.90 304.82
850 16.89 422.16 536.56 3.80 305.65
851 18.23 536.26 537.24 3.40 298.79
852 19.36 618.89 527.90 4.50 299.43
853 18.24 178.51 4.11 3.60 325.40
854 17.51 190.28 7.38 2.70 322.66
855 17.59 342.53 167.98 2.10 311.18
856 17.53 308.60 427.80 2.40 306.69
857 16.93 136.06 323.90 2.40 307.86
858 16.07 11.11 0.00 3.60 309.55
859 15.56 0.00 0.00 3.40 313.84
860 15.04 0.00 0.00 3.40 311.29
861 14.52 0.00 0.00 3.40 307.77
862 14.00 0.00 0.00 2.70 307.60
863 13.48 0.00 0.00 3.40 305.13
864 12.96 0.00 0.00 3.80 301.74
865 12.31 0.00 0.00 3.80 303.41
866 11.61 0.00 0.00 3.10 304.65
867 10.91 0.00 0.00 1.70 310.85
868 10.54 0.00 0.00 2.20 309.10
869 10.16 0.00 0.00 1.70 310.42
870 9.89 0.00 0.00 1.80 308.87
871 9.63 2.34 0.00 2.20 311.16
872 11.10 73.74 71.95 2.40 314.62
873 12.68 232.41 298.84 2.40 308.87
874 14.16 375.13 352.25 3.10 309.97
875 15.59 512.97 432.56 2.70 301.79
876 16.88 624.74 618.18 3.40 302.66
877 17.72 621.19 579.99 3.60 306.43
878 18.26 606.90 678.59 4.70 304.30
879 18.37 498.75 647.04 4.10 303.40
880 17.87 329.37 513.45 4.30 307.80
881 16.82 145.88 300.53 3.40 310.24
882 15.54 16.56 0.00 3.40 306.86
883 14.94 0.00 0.00 3.40 306.24
884 14.35 0.00 0.00 2.70 303.41
885 13.75 0.00 0.00 3.60 305.50
886 13.15 0.00 0.00 2.90 303.14
887 12.56 0.00 0.00 2.40 304.35
888 11.96 0.00 0.00 2.70 305.39
889 11.58 0.00 0.00 3.10 300.43
890 11.20 0.00 0.00 3.10 301.54
891 10.83 0.00 0.00 3.90 299.67
892 10.64 0.00 0.00 4.90 302.53
893 10.45 0.00 0.00 4.70 303.15
894 10.32 0.00 0.00 3.60 304.28
895 10.19 2.82 0.00 4.50 302.13
896 12.14 91.17 244.68 4.10 305.31
897 14.00 264.96 446.73 3.40 302.10
898 16.02 461.34 647.31 2.90 297.95
899 17.69 583.94 680.82 2.00 294.51
900 18.88 629.69 621.13 2.40 299.57
901 19.62 613.90 544.45 2.10 299.84
902 19.99 581.96 582.04 1.70 301.97
903 19.83 425.88 377.25 2.10 307.09
904 19.14 271.30 292.80 2.70 311.00
905 18.02 130.91 264.77 3.10 309.25
906 16.73 15.11 0.00 2.50 307.07
907 16.02 0.00 0.00 2.70 312.33
908 15.31 0.00 0.00 1.50 308.00
909 14.61 0.00 0.00 1.10 307.08
910 13.90 0.00 0.00 1.10 306.53
911 13.19 0.00 0.00 1.10 303.19
912 12.49 0.00 0.00 1.30 303.91
913 11.79 0.00 0.00 2.00 302.87
914 11.02 0.00 0.00 1.30 299.93
915 10.25 0.00 0.00 0.90 299.09
916 9.83 0.00 0.00 1.80 298.13
917 9.41 0.00 0.00 1.30 297.16
918 9.10 0.00 0.00 1.70 300.01
919 8.80 3.32 0.00 2.20 300.16
920 10.56 100.55 221.37 2.00 301.29
921 12.13 281.86 454.76 1.80 302.38
922 13.47 423.76 487.95 2.00 301.82
923 14.94 607.42 703.64 2.10 295.08
924 15.92 641.66 592.51 2.90 294.12
925 16.09 490.10 212.65 3.60 301.26
926 16.02 425.23 157.25 2.50 303.41
927 15.46 299.91 79.62 2.90 310.54
928 14.57 168.75 14.81 3.80 319.88
929 13.59 91.31 19.72 3.60 319.16
930 12.55 8.89 0.00 2.40 318.74
931 12.30 0.00 0.00 3.10 322.07
932 12.06 0.00 0.00 3.40 318.67
933 11.81 0.00 0.00 3.60 318.35
934 11.56 0.00 0.00 2.70 317.47
935 11.31 0.00 0.00 2.20 316.77
936 11.06 0.00 0.00 1.80 314.79
937 11.12 0.00 0.00 1.50 311.98
938 11.20 0.00 0.00 1.60 309.42
939 11.29 0.00 0.00 2.00 311.15
940 11.34 0.00 0.00 1.50 309.60
941 11.39 0.00 0.00 0.90 309.29
942 11.44 0.00 0.00 1.80 311.70
943 11.48 2.43 0.00 1.80 314.48
944 12.77 50.48 0.00 1.50 320.91
945 14.82 211.41 159.37 2.20 308.58
946 16.33 307.71 104.64 3.20 312.12
947 17.88 433.32 201.94 3.20 309.14
948 19.13 495.43 211.11 3.20 306.81
949 20.36 608.19 456.97 2.90 298.65
950 20.85 486.20 255.44 2.90 307.57
951 21.07 438.60 395.38 3.20 307.26
952 20.92 340.77 556.20 3.60 306.86
953 20.07 159.95 340.99 4.70 310.88
954 18.87 20.54 0.00 3.90 311.73
955 18.49 0.00 0.00 3.60 323.16
956 18.10 0.00 0.00 2.90 323.94
957 17.72 0.00 0.00 3.10 324.91
958 17.33 0.00 0.00 1.80 326.93
959 16.94 0.00 0.00 2.50 328.17
960 16.56 0.00 0.00 3.10 327.54
961 16.07 0.00 0.00 2.70 330.85
962 15.58 0.00 0.00 2.00 331.10
963 15.08 0.00 0.00 3.40 334.64
964 14.83 0.00 0.00 3.10 339.01
965 14.58 0.00 0.00 3.10 340.85
966 14.40 0.00 0.00 2.70 344.43
967 14.23 1.68 0.00 3.90 347.04
968 14.35 7.42 0.00 3.20 358.17
969 15.02 71.38 0.00 2.70 354.79
970 15.85 162.67 0.28 2.70 337.03
971 16.51 211.85 4.85 2.70 336.84
972 17.19 280.96 13.46 2.20 331.10
973 17.85 344.88 63.23 2.40 326.95
974 19.15 627.23 585.44 2.00 313.70
975 19.47 369.36 173.39 1.80 325.19
976 19.44 254.97 141.60 2.20 328.41
977 18.86 97.06 43.74 2.00 336.47
978 18.13 13.45 0.00 2.50 335.34
979 17.56 0.00 0.00 2.90 337.59
980 16.99 0.00 0.00 2.40 336.07
981 16.42 0.00 0.00 1.40 331.79
982 15.86 0.00 0.00 1.10 332.32
983 15.29 0.00 0.00 1.30 331.55
984 14.72 0.00 0.00 1.00 333.52
985 14.20 0.00 0.00 0.40 333.00
986 13.67 0.00 0.00 0.40 331.84
987 13.14 0.00 0.00 0.60 331.44
988 12.87 0.00 0.00 0.40 327.06
989 12.60 0.00 0.00 0.50 321.91
990 12.42 0.00 0.00 0.80 318.85
991 12.23 3.82 0.00 1.50 316.47
992 13.93 89.18 202.12 1.70 317.14
993 13.71 66.23 0.00 1.80 332.74
994 16.09 451.99 487.61 1.10 309.78
995 18.02 607.63 640.78 1.30 304.45
996 18.87 527.88 250.64 1.60 312.28
997 19.04 402.80 94.76 2.10 319.99
998 19.85 681.19 585.71 3.10 301.24
999 19.27 248.96 35.39 4.50 322.30
1000 18.56 189.88 25.16 5.80 322.29
1001 17.72 108.12 73.86 4.70 324.46
1002 16.76 13.99 0.00 4.30 323.07
1003 16.26 0.00 0.00 6.40 323.13
1004 15.77 0.00 0.00 5.10 317.97
1005 15.28 0.00 0.00 4.90 313.67
1006 14.79 0.00 0.00 5.10 309.29
1007 14.29 0.00 0.00 6.40 307.92
1008 13.80 0.00 0.00 6.10 307.85
1009 13.35 0.00 0.00 7.00 309.70
1010 12.85 0.00 0.00 7.30 311.42
1011 12.35 0.00 0.00 8.00 309.96
1012 12.07 0.00 0.00 8.30 310.41
1013 11.80 0.00 0.00 7.30 310.20
1014 11.60 0.00 0.00 8.30 310.94
1015 11.41 5.19 0.00 8.10 307.54
1016 13.79 108.41 316.31 6.10 311.66
1017 15.12 231.09 198.45 5.80 312.04
1018 16.88 412.14 400.50 6.40 309.94
1019 18.29 509.94 367.82 6.70 304.33
1020 19.77 654.83 582.38 5.30 300.92
1021 20.20 530.54 260.58 4.90 309.34
1022 20.41 492.83 269.84 5.60 311.63
1023 20.60 508.39 572.06 5.30 305.73
1024 20.41 392.48 712.92 5.60 301.24
1025 19.53 184.45 490.73 5.10 303.48
1026 18.18 26.73 44.45 3.80 304.63
1027 17.50 0.00 0.00 4.10 311.48
1028 16.82 0.00 0.00 4.30 310.30
1029 16.14 0.00 0.00 4.70 307.87
1030 15.46 0.00 0.00 5.10 309.11
1031 14.78 0.00 0.00 5.80 313.02
1032 14.09 0.00 0.00 6.70 310.29
1033 13.60 0.00 0.00 6.40 312.42
1034 13.07 0.00 0.00 5.60 312.61
1035 12.54 0.00 0.00 5.80 310.12
1036 12.25 0.00 0.00 5.60 307.02
1037 11.96 0.00 0.00 5.10 308.05
1038 11.76 0.00 0.00 5.30 309.18
1039 11.55 5.06 0.00 6.70 311.85
1040 13.32 89.33 139.31 5.80 314.91
1041 15.30 288.47 481.68 5.60 307.93
1042 16.99 446.24 499.51 5.30 312.56
1043 18.54 588.42 636.95 7.00 306.41
1044 19.64 635.52 566.86 5.10 317.29
1045 20.29 637.74 501.33 5.30 313.89
1046 20.24 445.01 177.99 5.60 324.38
1047 19.81 351.85 109.84 7.30 328.96
1048 18.98 215.78 74.00 8.00 331.14
1049 18.01 140.10 194.05 7.00 326.65
1050 16.84 21.93 0.00 7.70 324.81
1051 16.49 0.00 0.00 6.70 328.94
1052 16.14 0.00 0.00 4.30 325.86
1053 15.80 0.00 0.00 2.20 324.01
1054 15.45 0.00 0.00 2.00 323.67
1055 15.11 0.00 0.00 1.70 325.79
1056 14.76 0.00 0.00 2.20 327.09
1057 14.59 0.00 0.00 1.80 330.76
1058 14.43 0.00 0.00 2.40 329.71
1059 14.26 0.00 0.00 2.00 331.37
1060 14.19 0.00 0.00 1.80 329.30
1061 14.11 0.00 0.00 2.00 327.08
1062 14.06 0.00 0.00 2.90 328.58
1063 14.01 3.87 0.00 3.90 329.95
1064 15.74 71.14 29.49 4.90 336.20
1065 16.98 172.81 30.40 4.90 337.16
1066 17.93 238.87 20.12 6.40 339.54
1067 18.85 310.40 29.26 6.10 335.04
1068 19.84 414.00 91.04 6.40 329.65
1069 20.62 441.31 111.07 7.70 325.49
1070 21.20 451.27 168.74 7.10 321.05
1071 21.55 417.22 288.11 4.50 320.17
1072 21.55 312.47 330.18 5.10 318.57
1073 21.05 184.54 391.39 4.50 318.24
1074 20.06 21.92 0.00 4.50 316.18
1075 19.43 0.00 0.00 4.30 314.94
1076 18.73 0.00 0.00 4.10 313.18
1077 18.03 0.00 0.00 4.30 308.88
1078 17.34 0.00 0.00 4.50 310.80
1079 16.64 0.00 0.00 4.50 311.62
1080 15.94 0.00 0.00 6.10 310.75
1081 15.21 0.00 0.00 4.90 311.57
1082 14.40 0.00 0.00 5.30 310.36
1083 13.59 0.00 0.00 4.90 313.96
1084 13.15 0.00 0.00 5.30 313.59
1085 12.71 0.00 0.00 3.60 315.03
1086 12.38 0.00 0.00 4.10 316.85
1087 12.06 4.51 0.00 6.10 314.25
1088 13.69 85.34 73.80 5.10 317.35
1089 14.70 193.22 66.32 4.10 318.96
1090 15.64 292.49 65.62 4.70 316.66
1091 16.57 389.59 110.47 4.10 313.05
1092 17.50 493.11 181.99 6.10 310.81
1093 18.13 503.77 186.61 7.30 311.58
1094 18.61 518.26 316.29 7.10 309.93
1095 18.71 426.42 314.46 6.70 308.82
1096 18.44 313.30 365.73 6.10 310.74
1097 17.70 164.42 324.26 7.70 308.61
1098 16.64 20.47 0.00 7.50 310.72
1099 16.13 0.00 0.00 6.70 314.63
1100 15.62 0.00 0.00 5.80 310.04
1101 15.11 0.00 0.00 5.30 311.47
1102 14.61 0.00 0.00 3.80 309.61
1103 14.10 0.00 0.00 3.40 307.90
1104 13.59 0.00 0.00 4.10 310.88
1105 13.43 0.00 0.00 4.50 309.73
1106 13.32 0.00 0.00 3.80 309.51
1107 13.21 0.00 0.00 2.90 313.83
1108 13.18 0.00 0.00 4.30 314.43
1109 13.16 0.00 0.00 3.90 318.40
1110 13.16 0.00 0.00 3.90 320.23
1111 13.16 4.76 0.00 4.10 321.78
1112 14.34 59.18 0.00 3.90 325.14
1113 16.41 271.28 302.79 3.60 314.22
1114 18.68 515.28 680.17 3.40 311.90
1115 20.38 645.91 770.64 3.80 311.23
1116 21.49 666.61 596.32 3.60 314.07
1117 22.20 648.80 468.01 3.10 316.08
1118 21.58 315.64 51.74 3.40 334.73
1119 20.86 245.76 17.46 3.90 338.93
1120 19.87 115.93 0.00 3.60 344.94
1121 18.78 13.84 0.00 5.10 356.24
1122 17.84 11.59 0.00 5.60 351.50
1123 17.68 0.00 0.00 4.90 354.57
1124 17.53 0.00 0.00 4.30 351.32
1125 17.37 0.00 0.00 4.10 348.95
1126 17.22 0.00 0.00 4.10 348.20
1127 17.06 0.00 0.00 3.80 352.93
1128 16.90 0.00 0.00 3.60 352.11
1129 16.52 0.00 0.00 3.80 349.39
1130 16.18 0.00 0.00 4.30 348.72
1131 15.84 0.00 0.00 4.30 347.76
1132 15.69 0.00 0.00 3.80 348.88
1133 15.54 0.00 0.00 4.50 348.10
1134 15.46 0.00 0.00 5.30 343.97
1135 15.38 5.47 0.00 6.10 339.52
1136 17.56 138.53 389.84 5.10 340.11
1137 19.05 325.46 592.88 4.70 338.38
1138 20.65 554.90 772.11 5.30 333.89
1139 21.77 633.22 644.77 5.80 328.88
1140 22.29 574.19 296.56 6.10 337.38
1141 22.11 391.27 89.00 7.00 347.28
1142 21.11 141.56 0.00 7.10 360.62
1143 20.07 44.64 0.00 7.50 372.79
1144 19.34 59.53 0.00 5.60 368.19
1145 18.68 48.20 0.00 4.90 359.02
1146 18.09 23.07 0.00 5.10 357.92
1147 17.73 0.00 0.00 5.60 358.19
1148 17.38 0.00 0.00 5.80 355.94
1149 17.02 0.00 0.00 5.30 353.41
1150 16.67 0.00 0.00 5.80 352.24
1151 16.31 0.00 0.00 6.10 344.73
1152 15.96 0.00 0.00 6.40 341.80
1153 15.40 0.00 0.00 6.10 338.02
1154 14.80 0.00 0.00 7.70 334.47
1155 14.20 0.00 0.00 6.10 328.96
1156 13.88 0.00 0.00 5.30 326.84
1157 13.56 0.00 0.00 4.50 323.85
1158 13.34 0.00 0.00 4.50 320.37
1159 13.11 7.70 0.00 4.10 313.13
1160 15.36 103.81 158.95 5.10 318.10
1161 17.40 292.34 423.42 4.70 311.05
1162 19.30 462.57 522.91 3.40 310.34
1163 20.89 603.11 617.60 3.40 303.18
1164 22.02 644.01 532.06 2.70 304.76
1165 22.83 665.37 545.67 2.10 303.78
1166 23.49 695.65 768.88 1.80 302.75
1167 23.73 600.69 869.11 1.50 303.89
1168 23.35 421.95 831.87 1.80 303.52
1169 22.28 209.71 636.65 1.50 307.53
1170 20.83 35.75 121.26 1.50 306.13
1171 20.07 0.00 0.00 0.90 311.63
1172 19.34 0.00 0.00 0.80 311.36
1173 18.54 0.00 0.00 1.40 312.60
1174 17.74 0.00 0.00 1.30 312.60
1175 16.94 0.00 0.00 1.10 310.79
1176 16.14 0.00 0.00 1.60 310.11
1177 15.52 0.00 0.00 1.10 311.41
1178 14.86 0.00 0.00 0.80 310.99
1179 14.20 0.00 0.00 1.80 307.63
1180 13.84 0.00 0.00 2.40 309.68
1181 13.49 0.00 0.00 1.30 308.37
1182 13.25 0.00 0.00 1.60 307.52
1183 13.00 9.21 0.00 2.70 310.83
1184 15.50 121.67 317.79 1.60 314.23
1185 17.43 310.28 513.28 1.30 309.15
1186 19.29 488.19 629.65 1.30 307.74
1187 20.87 638.83 697.21 1.50 302.21
1188 22.00 682.03 623.57 1.70 303.73
1189 22.73 682.29 582.27 2.10 302.06
1190 23.10 632.29 607.88 2.70 306.50
1191 22.95 481.31 419.41 2.50 312.11
1192 22.26 329.12 359.73 2.10 311.94
1193 21.15 167.60 291.24 2.00 311.74
1194 19.80 28.31 21.13 1.30 308.78
1195 19.03 0.00 0.00 1.30 316.67
1196 18.21 0.00 0.00 1.40 321.49
1197 17.38 0.00 0.00 1.80 319.44
1198 16.56 0.00 0.00 2.40 320.24
1199 15.73 0.00 0.00 3.90 313.42
1200 14.90 0.00 0.00 3.40 310.79
1201 14.25 0.00 0.00 2.90 308.51
1202 13.53 0.00 0.00 2.40 307.27
1203 12.82 0.00 0.00 2.50 304.50
1204 12.42 0.00 0.00 3.10 305.38
1205 12.03 0.00 0.00 1.70 304.52
1206 11.75 0.00 0.00 1.60 304.72
1207 11.46 10.41 0.00 2.00 302.59
1208 14.24 134.82 349.03 2.90 306.73
1209 16.13 320.79 519.42 3.80 305.61
1210 17.93 494.90 606.26 4.70 308.84
1211 19.50 627.05 658.89 4.30 302.74
1212 20.56 684.59 618.28 6.40 304.64
1213 21.36 712.78 651.86 5.60 308.97
1214 21.83 680.79 691.78 6.70 311.24
1215 21.77 523.31 565.48 7.10 316.93
1216 21.07 353.15 450.56 7.70 324.52
1217 19.86 166.91 306.91 6.10 328.11
1218 18.42 29.60 28.92 5.80 325.82
1219 17.80 0.00 0.00 6.10 330.74
1220 17.18 0.00 0.00 5.30 328.21
1221 16.56 0.00 0.00 5.30 327.45
1222 15.94 0.00 0.00 7.00 327.81
1223 15.33 0.00 0.00 5.30 325.41
1224 14.71 0.00 0.00 4.70 323.28
1225 14.37 0.00 0.00 4.10 321.65
1226 14.04 0.00 0.00 4.70 321.24
1227 13.70 0.00 0.00 4.90 320.55
1228 13.52 0.00 0.00 4.90 325.33
1229 13.35 0.00 0.00 4.10 324.71
1230 13.24 0.00 0.00 3.20 324.06
1231 13.12 11.10 0.00 3.60 325.51
1232 15.45 101.02 77.91 4.70 333.30
1233 17.07 241.31 127.35 4.50 334.74
1234 18.81 397.26 191.91 3.90 332.12
1235 20.35 528.14 333.17 3.20 328.54
1236 21.73 633.08 417.93 2.20 323.95
1237 23.19 779.58 776.14 3.10 317.65
1238 24.07 730.34 901.20 3.20 319.05
1239 24.39 603.53 840.78 4.70 320.07
1240 24.04 419.30 721.22 6.10 324.61
1241 22.98 209.02 512.70 5.80 329.63
1242 21.53 38.25 127.51 5.30 328.31
1243 20.85 0.00 0.00 5.80 331.54
1244 20.17 0.00 0.00 5.30 331.36
1245 19.52 0.00 0.00 5.60 328.60
1246 18.81 0.00 0.00 4.90 326.29
1247 18.09 0.00 0.00 4.30 329.13
1248 17.37 0.00 0.00 3.90 326.49
1249 16.68 0.00 0.00 2.90 326.67
1250 15.89 0.00 0.00 3.20 324.78
1251 15.10 0.00 0.00 4.90 324.12
1252 14.65 0.00 0.00 7.00 328.01
1253 14.21 0.00 0.00 4.50 329.49
1254 13.88 0.00 0.00 5.30 327.93
1255 13.56 11.25 0.00 4.30 329.72
1256 16.22 130.97 326.96 3.90 337.72
1257 18.11 320.39 492.72 3.60 337.92
1258 19.95 510.73 652.77 4.90 337.13
1259 21.38 625.95 618.82 4.10 333.95
1260 22.45 687.13 585.72 3.80 336.72
1261 23.18 701.80 597.56 4.90 343.05
1262 23.53 651.34 610.63 5.80 342.42
1263 23.54 556.60 663.83 6.40 343.42
1264 22.89 374.83 516.21 7.10 346.06
1265 21.67 174.59 325.81 6.70 350.99
1266 20.22 32.17 43.82 6.70 345.89
1267 19.87 0.00 0.00 6.70 350.58
1268 19.55 0.00 0.00 4.50 349.40
1269 19.17 0.00 0.00 5.30 350.62
1270 18.80 0.00 0.00 4.90 353.30
1271 18.42 0.00 0.00 3.60 354.36
1272 18.05 0.00 0.00 3.40 355.17
1273 18.08 0.00 0.00 3.60 357.94
1274 18.12 0.00 0.00 4.10 358.93
1275 18.16 0.00 0.00 3.40 358.23
1276 18.18 0.00 0.00 3.90 358.44
1277 18.20 0.00 0.00 4.50 355.82
1278 18.22 0.00 0.00 5.80 356.86
1279 18.24 10.09 0.00 5.80 356.63
1280 20.77 100.01 87.54 5.10 360.65
1281 22.97 275.89 263.38 5.10 352.00
1282 24.56 377.50 148.88 5.30 356.59
1283 25.44 390.81 101.73 6.10 364.33
1284 27.85 773.39 717.05 6.40 341.79
1285 28.70 580.33 254.37 6.40 355.79
1286 29.54 641.77 507.01 7.00 354.98
1287 28.92 333.58 95.89 8.00 373.02
1288 28.29 303.60 205.09 7.70 365.51
1289 27.06 123.24 58.04 7.30 375.12
1290 25.62 16.29 0.00 5.80 376.66
1291 24.96 0.00 0.00 3.90 376.75
1292 24.30 0.00 0.00 2.70 373.69
1293 23.63 0.00 0.00 3.10 371.66
1294 22.97 0.00 0.00 2.90 368.67
1295 22.31 0.00 0.00 3.10 365.43
1296 21.65 0.00 0.00 3.40 365.07
1297 20.95 0.00 0.00 2.10 359.55
1298 20.24 0.00 0.00 2.20 356.69
1299 19.57 0.00 0.00 3.20 355.40
1300 19.19 0.00 0.00 4.10 353.15
1301 18.81 0.00 0.00 3.10 351.44
1302 18.55 0.00 0.00 2.70 353.29
1303 18.29 14.24 0.00 3.20 351.71
1304 20.08 105.64 114.66 2.70 354.83
1305 22.20 359.69 519.84 2.10 339.72
1306 24.31 611.57 806.56 2.40 334.71
1307 25.55 657.39 650.93 2.10 339.02
1308 26.53 729.49 648.13 1.70 340.20
1309 26.96 653.58 421.65 2.20 344.41
1310 26.51 412.56 98.26 3.10 350.44
1311 25.76 297.52 43.70 3.60 356.72
1312 24.74 163.72 3.76 3.80 360.48
1313 23.74 96.51 1.48 2.90 359.19
1314 22.73 27.59 0.00 3.80 352.30
1315 22.07 0.00 0.00 4.90 353.42
1316 21.41 0.00 0.00 4.30 351.22
1317 20.75 0.00 0.00 3.60 348.52
1318 20.09 0.00 0.00 3.10 346.06
1319 19.46 0.00 0.00 2.70 337.81
1320 18.76 0.00 0.00 2.90 334.52
1321 18.13 0.00 0.00 4.10 334.90
1322 17.47 0.00 0.00 4.30 333.63
1323 16.81 0.00 0.00 5.30 333.30
1324 16.46 0.00 0.00 4.90 326.52
1325 16.11 0.00 0.00 4.90 325.04
1326 15.87 0.00 0.00 4.30 324.14
1327 15.63 15.05 0.00 3.60 321.87
1328 18.57 139.80 337.27 2.50 325.76
1329 20.52 334.77 529.07 3.40 324.41
1330 22.38 518.31 654.14 3.20 322.81
1331 23.89 635.86 608.84 4.10 317.47
1332 25.12 719.14 649.06 3.10 319.04
1333 26.00 740.78 685.83 2.50 318.57
1334 26.47 685.90 673.23 2.70 315.13
1335 26.44 540.02 561.53 2.90 319.87
1336 25.72 357.77 408.16 2.40 322.26
1337 24.52 178.42 303.05 2.40 327.62
1338 23.09 35.27 37.42 1.80 326.25
1339 22.08 0.00 0.00 1.50 329.56
1340 21.08 0.00 0.00 2.50 327.04
1341 20.07 0.00 0.00 2.70 325.36
1342 19.08 0.00 0.00 3.10 323.84
1343 18.03 0.00 0.00 3.10 318.28
1344 16.97 0.00 0.00 3.60 315.45
1345 16.04 0.00 0.00 3.80 314.73
1346 15.01 0.00 0.00 3.80 310.63
1347 13.98 0.00 0.00 4.70 311.17
1348 13.42 0.00 0.00 4.30 312.39
1349 12.85 0.00 0.00 3.40 309.30
1350 12.44 0.00 0.00 3.20 310.02
1351 12.02 15.92 0.00 3.90 308.01
1352 15.12 157.09 404.35 5.10 315.87
1353 17.02 352.93 604.47 4.90 317.23
1354 18.89 545.16 720.96 6.70 320.82
1355 20.42 690.77 788.74 7.70 311.34
1356 21.56 755.80 753.94 7.30 313.11
1357 22.29 757.21 725.72 8.10 312.00
1358 22.61 694.23 703.61 9.40 310.27
1359 22.51 565.58 646.58 11.90 306.61
1360 21.80 399.66 565.89 9.90 306.34
1361 20.59 208.69 434.99 9.60 313.39
1362 19.09 38.13 80.57 9.60 311.59
1363 18.33 0.00 0.00 9.40 313.47
1364 17.57 0.00 0.00 9.40 313.41
1365 16.81 0.00 0.00 9.00 307.58
1366 16.05 0.00 0.00 8.30 304.15
1367 15.29 0.00 0.00 8.60 305.28
1368 14.53 0.00 0.00 8.80 305.39
1369 14.17 0.00 0.00 8.50 299.86
1370 13.83 0.00 0.00 9.10 299.46
1371 13.48 0.00 0.00 10.50 300.78
1372 13.31 0.00 0.00 8.10 299.56
1373 13.14 0.00 0.00 8.80 300.29
1374 13.04 0.00 0.00 10.50 299.51
1375 13.51 17.47 0.00 11.90 299.78
1376 15.60 176.70 571.53 10.90 304.45
1377 18.19 393.70 792.53 9.90 303.81
1378 20.67 589.92 886.54 10.10 300.83
1379 22.87 736.55 923.06 10.10 303.88
1380 24.67 816.69 932.68 13.80 305.37
1381 25.97 819.73 915.77 11.90 305.22
1382 26.76 757.46 904.71 10.90 303.56
1383 27.01 625.08 862.74 9.10 306.35
1384 26.58 441.50 771.38 8.30 305.31
1385 25.40 226.63 472.21 8.80 309.71
1386 23.76 38.09 72.84 9.00 322.96
1387 22.69 0.00 0.00 8.30 331.15
1388 21.62 0.00 0.00 8.80 332.85
1389 20.54 0.00 0.00 8.50 327.73
1390 19.51 0.00 0.00 7.70 324.91
1391 18.38 0.00 0.00 7.70 325.17
1392 17.25 0.00 0.00 7.50 320.76
1393 16.05 0.00 0.00 7.50 321.21
1394 14.77 0.00 0.00 7.30 322.94
1395 13.49 0.00 0.00 6.70 322.12
1396 12.81 0.00 0.00 6.70 320.59
1397 12.14 0.00 0.00 5.60 320.20
1398 11.66 0.00 0.00 6.10 314.73
1399 12.00 18.05 0.00 6.40 313.91
1400 13.50 153.33 369.31 5.80 311.73
1401 15.41 341.79 508.49 4.50 309.66
1402 17.43 530.64 652.81 2.90 304.23
1403 19.19 655.49 626.49 3.40 304.46
1404 20.59 745.33 687.62 3.80 301.80
1405 21.63 758.16 699.43 3.90 300.96
1406 22.19 689.11 660.52 4.10 300.53
1407 22.34 577.36 670.42 2.90 302.56
1408 21.95 412.89 626.49 3.10 305.47
1409 20.96 219.94 530.39 2.70 309.86
1410 19.60 41.75 113.16 2.90 317.00
1411 18.60 0.00 0.00 2.40 320.96
1412 17.60 0.00 0.00 1.80 321.00
1413 16.60 0.00 0.00 2.40 314.47
1414 15.60 0.00 0.00 2.50 312.69
1415 14.60 0.00 0.00 2.40 307.71
1416 13.60 0.00 0.00 2.20 304.95
1417 12.70 0.00 0.00 2.50 300.59
1418 11.97 0.00 0.00 2.20 304.68
1419 11.25 0.00 0.00 1.70 302.43
1420 10.83 0.00 0.00 1.40 303.96
1421 10.42 0.00 0.00 0.80 304.46
1422 10.10 0.00 0.00 0.80 300.71
1423 10.37 20.62 0.00 0.90 300.69
1424 11.63 171.76 478.27 0.50 300.87
1425 13.13 362.31 591.79 0.70 303.06
1426 14.70 553.90 703.04 1.00 299.24
1427 15.98 661.51 624.73 0.80 303.33
1428 17.38 851.60 899.18 0.80 299.57
1429 18.38 865.19 991.14 0.50 299.87
1430 19.02 828.48 1015.03 0.90 303.39
1431 19.22 691.21 988.60 1.00 303.48
1432 18.93 494.45 925.35 1.00 306.23
1433 18.02 262.83 740.95 1.10 308.14
1434 16.72 57.26 284.95 1.60 312.38
1435 15.87 0.00 0.00 1.00 314.01
1436 15.02 0.00 0.00 0.90 309.07
1437 14.18 0.00 0.00 1.70 307.02
1438 13.33 0.00 0.00 1.10 307.53
1439 12.48 0.00 0.00 1.10 305.32
1440 11.64 0.00 0.00 1.00 301.64
1441 11.30 0.00 0.00 0.80 303.70
1442 10.94 0.00 0.00 0.40 299.61
1443 10.59 0.00 0.00 0.90 296.69
1444 10.41 0.00 0.00 1.10 299.13
1445 10.23 0.00 0.00 0.80 296.30
1446 10.11 0.00 0.00 0.70 295.22
1447 10.55 20.98 0.00 0.70 294.84
1448 12.33 187.56 587.62 0.70 300.52
1449 14.50 406.98 796.75 1.90 298.23
1450 16.63 601.26 878.74 2.50 296.21
1451 18.48 736.30 881.79 4.31 295.28
1452 19.95 822.49 911.23 5.61 298.52
1453 21.02 830.79 909.04 5.21 299.61
1454 21.66 768.41 899.90 6.41 302.80
1455 21.86 639.63 873.05 5.41 306.84
1456 21.48 451.26 781.35 6.11 311.28
1457 20.50 240.71 509.31 5.01 318.59
1458 19.14 43.33 87.49 5.01 330.67
1459 18.32 0.00 0.00 3.30 334.74
1460 17.49 0.00 0.00 2.70 330.51
1461 16.67 0.00 0.00 3.00 330.31
1462 15.85 0.00 0.00 3.81 328.52
1463 15.03 0.00 0.00 3.81 328.84
1464 14.21 0.00 0.00 3.81 330.36
1465 13.44 0.00 0.00 2.70 324.20
1466 12.61 0.00 0.00 1.30 323.18
1467 11.78 0.00 0.00 2.20 318.73
1468 11.34 0.00 0.00 1.90 321.57
1469 10.89 0.00 0.00 1.70 317.31
1470 10.58 0.00 0.00 1.60 318.45
1471 10.96 21.39 0.00 2.30 317.73
1472 12.10 138.76 124.44 3.30 322.10
1473 13.49 290.37 166.36 1.70 321.36
1474 14.93 443.43 309.54 1.40 318.37
1475 16.35 581.91 369.24 1.30 318.47
1476 17.66 695.87 534.14 1.60 311.28
1477 18.37 622.26 314.88 1.70 316.45
1478 19.24 760.76 764.39 2.20 306.32
1479 19.71 706.31 942.60 2.30 302.00
1480 19.72 506.17 924.97 3.30 302.09
1481 19.07 270.83 738.91 5.01 306.89
1482 17.85 60.23 297.66 4.11 311.39
1483 17.11 0.00 0.00 4.31 317.55
1484 16.36 0.00 0.00 2.70 316.39
1485 15.62 0.00 0.00 3.30 314.45
1486 14.87 0.00 0.00 2.70 313.64
1487 14.13 0.00 0.00 1.70 309.01
1488 13.38 0.00 0.00 2.70 307.60
1489 12.92 0.00 0.00 4.61 309.45
1490 12.48 0.00 0.00 3.81 309.54
1491 12.05 0.00 0.00 4.61 307.18
1492 11.83 0.00 0.00 4.31 307.98
1493 11.62 0.00 0.00 4.31 304.00
1494 11.49 0.00 0.00 2.70 302.41
1495 11.99 26.10 25.17 3.30 304.79
1496 13.50 186.41 467.09 4.11 310.26
1497 15.36 404.03 692.94 4.31 307.64
1498 17.23 603.73 824.37 5.41 303.61
1499 18.92 752.97 899.08 4.81 303.69
1500 20.21 835.98 922.11 5.61 301.47
1501 21.18 845.91 925.20 5.91 300.29
1502 21.77 782.02 797.65 6.91 298.41
1503 21.49 465.20 294.29 6.71 309.73
1504 20.04 58.03 0.00 6.41 338.53
1505 18.84 43.36 0.00 5.41 329.70
1506 17.67 4.50 0.00 6.41 331.40
1507 17.24 0.00 0.00 5.81 331.64
1508 16.80 0.00 0.00 6.11 328.17
1509 16.37 0.00 0.00 5.81 327.63
1510 15.93 0.00 0.00 4.81 327.27
1511 15.49 0.00 0.00 5.41 322.93
1512 15.06 0.00 0.00 6.11 319.75
1513 14.54 0.00 0.00 5.91 314.00
1514 13.99 0.00 0.00 5.41 309.57
1515 13.44 0.00 0.00 5.61 306.39
1516 13.14 0.00 0.00 5.41 299.71
1517 12.85 0.00 0.00 5.41 300.35
1518 12.64 0.00 0.00 6.71 294.71
1519 13.21 27.95 38.31 5.61 293.98
1520 14.94 191.91 484.36 4.81 293.67
1521 17.08 411.42 708.30 4.81 295.12
1522 19.21 611.94 837.89 4.31 292.50
1523 20.79 713.68 737.82 3.81 295.96
1524 22.03 766.11 614.36 5.81 298.47
1525 22.50 626.01 308.91 3.60 307.55
1526 22.88 636.14 418.55 5.61 307.30
1527 23.20 656.58 771.56 6.11 305.46
1528 23.00 467.14 753.51 5.61 307.69
1529 22.14 247.90 561.07 6.91 310.78
1530 20.86 57.70 243.41 6.71 318.27
1531 20.00 0.00 0.00 4.61 320.87
1532 19.18 0.00 0.00 3.00 319.89
1533 18.27 0.00 0.00 3.60 317.13
1534 17.36 0.00 0.00 4.61 315.40
1535 16.45 0.00 0.00 4.31 314.68
1536 15.55 0.00 0.00 3.00 313.71
1537 14.80 0.00 0.00 1.70 311.80
1538 14.03 0.00 0.00 1.90 311.26
1539 13.25 0.00 0.00 3.00 307.46
1540 12.85 0.00 0.00 2.70 309.98
1541 12.45 0.00 0.00 1.60 309.33
1542 12.17 0.00 0.00 1.00 311.95
1543 12.64 24.10 0.00 0.80 314.53
1544 13.83 142.00 108.91 1.10 317.05
1545 15.17 281.46 139.00 1.60 317.41
1546 16.76 460.56 313.75 3.30 312.58
1547 18.34 615.01 420.03 2.70 310.21
1548 19.79 755.01 594.85 4.61 305.46
1549 20.95 802.04 743.31 3.60 304.34
1550 21.74 771.53 834.06 2.70 304.88
1551 22.06 640.00 797.49 2.70 306.06
1552 21.88 453.88 682.60 3.30 307.90
1553 21.07 240.29 489.51 3.00 310.81
1554 19.88 56.60 197.12 3.30 318.65
1555 19.06 0.00 0.00 3.00 323.25
1556 18.17 0.00 0.00 3.30 321.60
1557 17.28 0.00 0.00 4.11 316.22
1558 16.38 0.00 0.00 5.01 315.81
1559 15.49 0.00 0.00 5.61 311.72
1560 14.60 0.00 0.00 6.11 310.06
1561 13.85 0.00 0.00 6.71 308.65
1562 13.05 0.00 0.00 5.91 311.26
1563 12.25 0.00 0.00 7.41 310.84
1564 11.82 0.00 0.00 6.71 306.99
1565 11.39 0.00 0.00 4.31 305.15
1566 11.09 0.00 0.00 3.00 301.49
1567 11.75 34.45 104.74 2.70 303.25
1568 13.44 200.06 436.05 2.70 304.39
1569 15.73 453.64 674.55 3.00 296.39
1570 16.58 401.04 188.49 3.00 311.18
1571 17.45 493.63 187.04 2.50 308.59
1572 19.44 901.38 818.09 3.30 289.02
1573 20.75 910.81 1014.15 3.00 293.21
1574 21.59 844.06 1006.16 4.81 296.64
1575 21.93 706.03 981.24 3.81 297.48
1576 21.74 508.80 900.79 3.00 297.73
1577 20.85 276.65 631.80 4.11 300.50
1578 19.51 47.51 95.25 4.31 317.19
1579 18.82 0.00 0.00 4.81 324.46
1580 18.12 0.00 0.00 3.81 324.40
1581 17.43 0.00 0.00 3.60 320.48
1582 16.74 0.00 0.00 2.70 319.86
1583 16.04 0.00 0.00 1.90 321.24
1584 15.35 0.00 0.00 3.00 318.56
1585 14.93 0.00 0.00 3.30 316.72
1586 14.50 0.00 0.00 1.70 318.72
1587 14.07 0.00 0.00 1.70 315.46
1588 13.85 0.00 0.00 1.90 315.37
1589 13.63 0.00 0.00 1.40 314.61
1590 13.47 0.00 0.00 3.81 314.50
1591 14.09 29.24 29.14 4.11 313.91
1592 15.74 184.52 371.00 4.81 319.11
1593 17.63 372.39 477.35 5.21 312.80
1594 19.48 540.92 561.57 4.11 307.47
1595 21.13 700.37 648.82 3.81 310.31
1596 22.49 770.89 640.96 3.30 312.02
1597 23.38 741.94 567.14 2.50 313.22
1598 23.89 681.48 559.63 3.00 318.96
1599 24.14 622.13 676.90 4.11 318.48
1600 23.81 426.39 564.24 3.60 319.89
1601 22.89 220.35 410.18 3.00 322.60
1602 21.63 50.84 154.20 3.30 330.66
1603 20.88 0.00 0.00 2.70 334.16
1604 20.14 0.00 0.00 2.30 330.91
1605 19.44 0.00 0.00 2.30 327.22
1606 18.65 0.00 0.00 1.70 324.02
1607 17.87 0.00 0.00 3.00 320.02
1608 17.08 0.00 0.00 2.50 317.65
1609 16.38 0.00 0.00 2.50 314.52
1610 15.65 0.00 0.00 3.30 312.58
1611 14.91 0.00 0.00 3.81 316.34
1612 14.52 0.00 0.00 3.81 317.45
1613 14.13 0.00 0.00 1.90 316.32
1614 13.86 0.00 0.00 2.70 320.50
1615 14.41 28.30 13.62 3.00 320.86
1616 15.83 168.88 293.07 2.70 323.63
1617 17.66 370.64 463.12 4.31 323.57
1618 19.26 507.46 421.95 4.11 320.11
1619 20.72 660.19 527.59 3.81 317.90
1620 22.12 785.36 643.24 3.00 313.67
1621 22.94 724.64 527.25 3.60 314.96
1622 23.38 659.54 478.75 3.81 316.22
1623 23.48 550.43 453.32 2.70 318.16
1624 23.16 407.53 458.84 2.70 317.23
1625 22.35 230.77 459.80 3.81 319.78
1626 21.17 50.21 152.92 3.30 324.63
1627 20.29 0.00 0.00 2.50 331.63
1628 19.47 0.00 0.00 1.90 331.10
1629 18.54 0.00 0.00 1.30 328.18
1630 17.62 0.00 0.00 1.10 327.15
1631 16.70 0.00 0.00 1.30 322.95
1632 15.78 0.00 0.00 1.00 318.09
1633 15.03 0.00 0.00 1.60 316.84
1634 14.23 0.00 0.00 2.50 310.79
1635 13.42 0.00 0.00 4.31 312.68
1636 12.99 0.00 0.00 3.81 312.26
1637 12.56 0.00 0.00 2.30 308.75
1638 12.26 0.00 0.00 2.70 304.60
1639 12.85 31.88 40.82 3.60 308.75
1640 14.29 178.99 330.68 2.70 308.75
1641 16.01 367.17 433.54 4.11 304.58
1642 17.83 561.70 587.03 2.70 300.99
1643 19.49 706.20 639.44 2.70 298.37
1644 20.61 748.89 609.03 1.90 302.70
1645 21.43 748.53 592.71 2.20 308.57
1646 21.87 681.57 545.47 2.30 308.91
1647 21.92 552.37 461.41 1.90 312.01
1648 21.49 394.02 400.98 1.70 321.15
1649 20.60 218.96 371.96 1.90 323.44
1650 19.45 51.09 142.70 2.30 330.50
1651 18.73 0.00 0.00 3.81 332.28
1652 18.02 0.00 0.00 5.21 331.52
1653 17.31 0.00 0.00 4.31 327.82
1654 16.60 0.00 0.00 3.60 329.99
1655 15.89 0.00 0.00 3.60 328.54
1656 15.17 0.00 0.00 3.81 323.01
1657 14.74 0.00 0.00 4.11 316.07
1658 14.28 0.00 0.00 4.61 317.68
1659 13.83 0.00 0.00 3.81 318.39
1660 13.60 0.00 0.00 5.21 320.86
1661 13.37 0.00 0.00 3.00 318.69
1662 13.21 0.00 0.00 2.50 319.66
1663 13.79 27.70 0.00 2.70 323.42
1664 15.05 145.91 96.84 3.30 326.60
1665 16.22 250.56 69.14 4.81 329.34
1666 17.69 415.22 166.68 4.81 324.39
1667 19.22 568.65 279.96 4.11 319.40
1668 20.58 693.25 439.52 4.11 315.25
1669 21.61 708.47 466.28 3.00 313.00
1670 22.18 625.57 379.40 2.30 319.02
1671 22.51 581.11 518.79 3.60 317.30
1672 22.16 349.40 220.91 3.60 323.88
1673 21.57 255.11 468.48 3.60 317.15
1674 20.53 64.89 216.86 2.20 326.29
1675 19.83 0.00 0.00 0.80 329.73
1676 19.16 0.00 0.00 0.70 327.77
1677 18.42 0.00 0.00 1.00 324.64
1678 17.68 0.00 0.00 0.80 322.29
1679 16.95 0.00 0.00 0.60 322.51
1680 16.21 0.00 0.00 0.60 320.14
1681 15.53 0.00 0.00 0.80 323.55
1682 14.82 0.00 0.00 0.30 321.25
1683 14.10 0.00 0.00 0.30 319.46
1684 13.72 0.00 0.00 0.10 320.86
1685 13.34 0.00 0.00 0.10 319.63
1686 13.07 0.00 0.00 0.10 317.83
1687 13.68 32.76 22.17 0.30 317.21
1688 14.93 162.98 191.67 0.20 322.36
1689 16.97 412.03 516.81 0.30 313.77
1690 18.93 605.30 639.97 0.40 306.54
1691 20.01 606.64 347.87 0.50 313.32
1692 20.89 656.60 343.11 0.70 315.38
1693 21.88 793.28 589.06 1.00 308.47
1694 22.10 580.13 293.56 1.30 319.91
1695 21.85 422.81 144.03 1.60 326.45
1696 21.30 313.99 113.86 1.10 325.00
1697 20.48 192.97 150.71 1.30 327.98
1698 19.47 54.75 136.96 1.70 331.80
1699 18.80 0.00 0.00 1.40 333.68
1700 18.14 0.00 0.00 1.90 335.29
1701 17.47 0.00 0.00 1.00 333.70
1702 16.80 0.00 0.00 1.90 333.82
1703 16.13 0.00 0.00 4.11 334.56
1704 15.46 0.00 0.00 4.81 334.23
1705 15.00 0.00 0.00 5.21 329.39
1706 14.49 0.00 0.00 4.81 330.81
1707 13.99 0.00 0.00 4.61 328.99
1708 13.71 0.00 0.00 4.31 328.20
1709 13.43 0.00 0.00 2.20 328.61
1710 13.22 0.00 0.00 2.70 326.59
1711 13.86 32.03 21.13 1.90 328.77
1712 15.38 177.51 245.08 4.11 323.67
1713 17.32 382.66 447.90 5.81 319.09
1714 19.39 592.48 613.63 5.01 308.41
1715 20.80 663.26 492.58 5.01 312.07
1716 21.89 705.28 452.50 5.41 311.58
1717 22.63 692.51 391.39 6.91 313.05
1718 22.99 623.45 377.50 8.01 313.22
1719 23.05 534.78 389.39 7.41 313.89
1720 22.73 409.62 454.19 7.41 312.47
1721 21.87 224.67 374.34 6.41 315.11
1722 20.68 64.50 141.77 5.81 318.68
1723 20.16 0.00 0.00 5.81 319.97
1724 19.64 0.00 0.00 5.41 320.33
1725 19.15 0.00 0.00 4.11 319.56
1726 18.60 0.00 0.00 4.81 320.07
1727 18.05 0.00 0.00 3.81 318.77
1728 17.50 0.00 0.00 2.70 319.51
1729 17.20 0.00 0.00 3.30 321.50
1730 16.82 0.00 0.00 3.30 322.81
1731 16.45 0.00 0.00 4.31 322.50
1732 16.23 0.00 0.00 4.61 324.09
1733 16.01 0.00 0.00 3.30 322.13
1734 15.85 0.00 0.00 3.30 319.65
1735 16.60 37.70 64.18 3.00 333.53
1736 18.45 212.68 419.18 2.70 332.09
1737 20.23 392.22 487.67 3.00 335.14
1738 21.74 517.46 381.10 5.01 334.10
1739 23.29 680.68 548.38 6.91 329.92
1740 24.52 743.22 560.68 7.21 333.47
1741 25.48 777.19 573.90 7.71 333.28
1742 25.63 561.52 249.78 8.31 348.46
1743 25.58 495.18 288.78 9.31 351.69
1744 25.11 374.49 326.18 9.81 353.49
1745 24.23 225.53 368.41 8.71 353.48
1746 22.99 52.35 141.50 8.71 364.04
1747 22.84 0.00 0.00 8.31 370.08
1748 22.70 0.00 0.00 13.32 372.83
1749 22.55 0.00 0.00 13.32 374.40
1750 22.41 0.00 0.00 10.21 372.33
1751 22.26 0.00 0.00 9.81 371.68
1752 22.12 0.00 0.00 9.31 372.00
1753 22.28 0.00 0.00 6.71 376.35
1754 22.42 0.00 0.00 7.21 375.09
1755 22.57 0.00 0.00 6.71 375.83
1756 22.64 0.00 0.00 7.21 374.75
1757 22.72 0.00 0.00 5.41 374.04
1758 22.76 0.00 0.00 5.01 376.29
1759 23.87 45.75 133.13 4.61 377.98
1760 26.03 223.79 417.37 4.61 373.34
1761 28.53 442.40 620.18 4.61 371.04
1762 31.06 640.30 712.22 5.41 371.47
1763 32.58 641.99 403.98 5.61 381.51
1764 34.20 785.69 597.41 6.11 373.42
1765 34.60 574.93 196.79 8.01 381.70
1766 34.56 473.96 125.33 8.71 390.51
1767 33.80 321.51 29.19 7.71 396.44
1768 32.87 246.74 28.10 9.31 397.91
1769 31.65 128.76 10.51 9.01 400.19
1770 30.32 42.31 36.14 8.31 399.57
1771 29.29 0.00 0.00 7.21 401.06
1772 28.27 0.00 0.00 7.21 397.46
1773 27.28 0.00 0.00 5.91 394.84
1774 26.29 0.00 0.00 6.71 392.11
1775 25.30 0.00 0.00 5.91 387.80
1776 24.30 0.00 0.00 3.81 381.72
1777 23.35 0.00 0.00 3.60 377.34
1778 22.29 0.00 0.00 3.81 371.66
1779 21.22 0.00 0.00 2.20 367.59
1780 20.63 0.00 0.00 1.90 366.66
1781 20.04 0.00 0.00 1.40 366.12
1782 19.61 0.00 0.00 1.40 363.67
1783 20.09 36.36 36.37 1.60 368.13
1784 21.65 240.74 404.79 1.10 355.00
1785 21.75 179.76 27.16 1.70 370.31
1786 22.64 397.08 137.38 3.60 360.26
1787 22.39 172.70 3.07 3.60 380.44
1788 22.70 361.38 22.99 3.30 369.79
1789 22.99 406.36 30.19 3.81 364.68
1790 23.05 341.76 23.88 3.00 372.50
1791 23.20 413.02 131.18 2.20 364.32
1792 23.16 327.98 154.93 2.20 365.03
1793 22.56 98.10 0.00 1.90 381.11
1794 21.87 23.91 0.00 3.00 386.64
1795 21.74 0.00 0.00 2.20 389.45
1796 21.60 0.00 0.00 3.00 386.58
1797 21.46 0.00 0.00 1.90 384.19
1798 21.32 0.00 0.00 1.30 383.33
1799 21.18 0.00 0.00 1.90 380.71
1800 21.05 0.00 0.00 3.81 379.18
1801 21.47 0.00 0.00 5.81 381.92
1802 21.77 0.00 0.00 8.31 393.85
1803 22.33 0.00 0.00 9.01 397.18
1804 22.72 0.00 0.00 7.41 399.02
1805 22.92 0.00 0.00 7.41 399.05
1806 22.27 0.00 0.00 5.61 398.04
1807 23.68 18.95 0.00 5.91 400.35
1808 23.98 61.44 0.00 6.41 402.09
1809 25.63 190.26 11.32 7.41 395.57
1810 27.24 341.00 54.63 8.71 391.32
1811 28.09 308.93 17.32 7.41 398.88
1812 29.24 435.67 77.62 7.41 394.54
1813 28.71 67.66 0.00 8.31 409.70
1814 29.04 285.72 21.78 7.41 390.75
1815 29.52 356.92 57.27 8.01 383.10
1816 29.58 229.97 25.52 7.21 388.48
1817 29.08 88.03 0.00 6.11 396.50
1818 28.40 15.32 0.00 5.01 399.47
1819 27.83 0.00 0.00 4.61 398.00
1820 27.30 0.00 0.00 4.31 394.63
1821 26.74 0.00 0.00 3.81 387.08
1822 26.19 0.00 0.00 4.61 388.74
1823 25.64 0.00 0.00 5.21 384.23
1824 25.08 0.00 0.00 5.41 379.73
1825 24.24 0.00 0.00 3.60 376.72
1826 23.36 0.00 0.00 4.81 370.59
1827 22.48 0.00 0.00 5.91 365.21
1828 22.03 0.00 0.00 6.71 364.99
1829 21.57 0.00 0.00 5.61 360.53
1830 21.26 0.00 0.00 3.81 362.03
1831 22.37 62.14 282.95 4.11 359.36
1832 24.26 271.11 603.34 5.41 356.66
1833 25.43 361.77 264.23 5.61 366.47
1834 25.23 196.09 9.88 5.41 384.93
1835 25.90 412.92 88.56 5.01 372.63
1836 27.48 784.96 540.99 5.41 355.34
1837 27.84 505.20 121.09 6.11 366.41
1838 28.33 590.18 308.02 9.31 359.02
1839 27.61 206.27 21.21 7.71 376.02
1840 27.65 401.14 313.98 6.41 349.91
1841 27.44 305.86 574.31 6.41 340.28
1842 26.59 58.20 112.19 6.11 360.03
1843 25.38 0.00 0.00 7.21 361.00
1844 24.16 0.00 0.00 6.71 354.90
1845 22.94 0.00 0.00 6.91 350.21
1846 21.73 0.00 0.00 8.01 346.67
1847 20.51 0.00 0.00 8.71 344.12
1848 19.34 0.00 0.00 7.41 338.76
1849 18.14 0.00 0.00 7.71 340.07
1850 16.83 0.00 0.00 8.71 332.52
1851 15.52 0.00 0.00 9.01 328.94
1852 14.80 0.00 0.00 8.71 322.82
1853 14.09 0.00 0.00 6.41 318.03
1854 13.57 0.00 0.00 6.41 304.94
1855 14.60 58.45 198.74 5.81 309.41
1856 16.36 249.83 494.83 5.91 305.61
1857 17.95 416.25 484.69 6.41 311.43
1858 19.53 588.03 522.76 7.21 309.01
1859 20.14 534.32 200.73 7.71 317.40
1860 20.81 623.73 257.29 7.41 316.78
1861 21.53 725.20 443.98 6.71 316.57
1862 21.91 667.01 409.00 7.21 315.94
1863 22.25 700.10 768.61 7.21 306.18
1864 22.13 505.73 717.24 6.91 310.83
1865 21.37 281.08 463.81 8.01 314.05
1866 20.09 46.58 39.38 7.71 328.35
1867 19.37 0.00 0.00 8.71 336.85
1868 18.57 0.00 0.00 8.71 334.52
1869 17.77 0.00 0.00 7.21 333.60
1870 16.96 0.00 0.00 6.71 333.37
1871 16.16 0.00 0.00 4.11 328.07
1872 15.36 0.00 0.00 3.81 325.86
1873 15.13 0.00 0.00 2.70 323.12
1874 14.89 0.00 0.00 2.20 320.50
1875 14.65 0.00 0.00 3.60 318.82
1876 14.52 0.00 0.00 3.30 315.73
1877 14.39 0.00 0.00 3.00 317.46
1878 14.30 0.00 0.00 3.60 317.22
1879 15.47 53.34 183.25 3.60 316.31
1880 17.55 240.68 500.65 4.11 310.80
1881 19.79 459.33 671.94 5.01 310.65
1882 21.80 631.69 688.92 4.11 306.88
1883 23.57 766.97 709.39 2.70 304.90
1884 24.92 818.13 647.01 4.81 307.70
1885 25.89 820.06 641.50 5.01 312.10
1886 26.47 766.07 670.23 5.81 311.69
1887 26.59 628.04 612.96 5.01 314.77
1888 26.17 462.47 580.45 4.81 316.98
1889 25.17 263.65 509.36 4.11 320.21
1890 23.77 77.14 317.00 5.01 328.70
1891 22.99 0.00 0.00 5.91 333.11
1892 22.20 0.00 0.00 6.41 333.84
1893 21.42 0.00 0.00 6.41 332.75
1894 20.63 0.00 0.00 6.41 332.53
1895 19.85 0.00 0.00 6.11 328.14
1896 19.10 0.00 0.00 5.61 329.14
1897 18.35 0.00 0.00 6.11 328.99
1898 17.55 0.00 0.00 5.41 325.38
1899 16.76 0.00 0.00 5.41 329.20
1900 16.33 0.00 0.00 5.21 331.24
1901 15.91 0.00 0.00 5.61 334.50
1902 15.61 0.00 0.00 6.41 335.87
1903 16.53 47.63 67.56 5.91 335.88
1904 17.89 186.84 132.53 5.81 330.01
1905 19.56 380.51 334.48 5.91 325.04
1906 20.95 505.15 290.85 5.91 320.87
1907 22.43 676.67 467.64 6.41 315.34
1908 23.75 787.56 565.31 8.01 317.07
1909 24.52 729.41 439.12 10.71 321.90
1910 24.87 639.30 345.22 8.71 326.26
1911 24.98 566.87 404.24 9.81 327.04
1912 24.56 387.01 306.84 10.71 330.89
1913 23.65 198.12 152.04 9.51 334.32
1914 22.47 43.46 11.57 11.21 344.15
1915 21.67 0.00 0.00 11.82 347.53
1916 20.88 0.00 0.00 11.21 344.54
1917 20.09 0.00 0.00 10.71 346.14
1918 19.34 0.00 0.00 9.81 338.19
1919 18.50 0.00 0.00 9.81 336.00
1920 17.67 0.00 0.00 11.21 331.55
1921 17.06 0.00 0.00 12.32 328.14
1922 16.42 0.00 0.00 11.82 323.44
1923 15.78 0.00 0.00 13.32 319.95
1924 15.44 0.00 0.00 10.71 316.76
1925 15.11 0.00 0.00 10.21 317.27
1926 14.87 0.00 0.00 8.01 314.72
1927 16.10 59.51 228.92 8.31 316.45
1928 18.20 261.38 546.31 6.71 309.59
1929 20.32 478.23 726.67 6.41 308.24
1930 22.27 661.10 763.70 8.01 300.74
1931 23.97 795.81 780.13 9.81 302.89
1932 25.33 866.57 779.74 10.41 301.18
1933 26.29 867.00 770.37 10.21 301.94
1934 26.84 798.93 758.89 8.31 305.90
1935 26.95 662.72 701.43 6.71 306.25
1936 26.45 470.89 632.57 6.11 306.97
1937 25.39 260.62 472.95 5.01 309.12
1938 23.97 74.66 234.31 3.81 319.35
1939 22.96 0.00 0.00 2.20 328.05
1940 21.94 0.00 0.00 3.00 328.52
1941 20.92 0.00 0.00 3.00 324.53
1942 19.91 0.00 0.00 2.50 323.28
1943 18.91 0.00 0.00 1.60 321.25
1944 17.84 0.00 0.00 1.10 319.18
1945 16.94 0.00 0.00 1.70 319.12
1946 15.95 0.00 0.00 2.70 315.93
1947 14.96 0.00 0.00 3.00 313.35
1948 14.43 0.00 0.00 4.31 313.97
1949 13.90 0.00 0.00 5.01 313.53
1950 13.52 0.00 0.00 5.91 310.15
1951 14.67 59.84 178.68 7.21 314.04
1952 16.42 237.89 412.19 7.41 309.51
1953 18.38 447.37 555.20 8.31 307.44
1954 20.25 645.67 676.11 7.71 303.32
1955 21.88 784.68 710.53 5.91 304.37
1956 23.24 875.65 797.64 6.91 304.44
1957 24.21 886.26 822.72 6.41 306.33
1958 24.71 797.01 724.55 6.91 308.89
1959 24.80 666.45 722.15 5.91 307.40
1960 24.36 490.72 679.44 4.11 310.99
1961 23.35 276.93 501.45 3.30 313.08
1962 21.95 83.16 239.77 3.60 323.10
1963 21.12 0.00 0.00 4.61 325.60
1964 20.29 0.00 0.00 4.81 323.28
1965 19.50 0.00 0.00 4.81 323.82
1966 18.62 0.00 0.00 4.31 322.12
1967 17.75 0.00 0.00 3.00 320.97
1968 16.87 0.00 0.00 3.81 319.16
1969 16.37 0.00 0.00 3.81 318.03
1970 15.84 0.00 0.00 3.60 316.47
1971 15.31 0.00 0.00 3.81 319.21
1972 15.03 0.00 0.00 4.61 322.03
1973 14.75 0.00 0.00 4.61 322.96
1974 14.55 0.00 0.00 4.11 318.69
1975 15.63 50.77 62.55 4.31 324.02
1976 17.31 208.27 167.45 3.81 320.03
1977 19.21 395.07 359.03 3.81 321.20
1978 20.90 557.28 389.81 3.00 317.24
1979 22.37 666.22 411.45 4.61 317.72
1980 23.61 741.98 452.58 5.21 317.10
1981 24.54 763.04 519.07 4.61 314.39
1982 25.07 698.99 506.07 4.11 312.06
1983 25.26 604.88 526.82 4.31 311.51
1984 25.07 475.71 610.47 3.60 309.59
1985 24.24 266.39 444.64 4.31 310.91
1986 23.00 79.65 197.59 4.11 317.60
1987 22.08 0.00 0.00 4.81 326.85
1988 21.16 0.00 0.00 3.60 327.63
1989 20.24 0.00 0.00 3.30 325.78
1990 19.36 0.00 0.00 3.60 325.93
1991 18.39 0.00 0.00 3.60 323.11
1992 17.42 0.00 0.00 2.20 322.99
1993 16.60 0.00 0.00 3.00 322.13
1994 15.71 0.00 0.00 3.00 319.60
1995 14.82 0.00 0.00 3.00 319.54
1996 14.34 0.00 0.00 1.90 318.66
1997 13.86 0.00 0.00 2.20 318.08
1998 13.51 0.00 0.00 2.50 320.07
1999 14.81 67.44 205.52 1.90 323.41
2000 16.62 253.52 415.48 1.90 318.34
2001 18.51 450.50 521.77 2.20 317.20
2002 20.21 623.87 588.14 2.50 312.84
2003 21.63 735.69 597.97 4.61 313.29
2004 22.79 807.25 597.96 5.81 312.27
2005 23.58 801.38 581.56 5.81 315.52
2006 24.06 765.65 609.93 6.11 311.46
2007 24.15 636.45 592.31 6.41 314.80
2008 23.59 419.29 379.26 6.41 320.46
2009 22.54 228.56 284.29 6.71 325.99
2010 21.22 66.95 134.62 8.31 328.30
2011 20.49 0.44 0.00 5.81 328.39
2012 19.77 0.00 0.00 5.41 334.52
2013 19.07 0.00 0.00 5.41 330.95
2014 18.30 0.00 0.00 4.81 330.64
2015 17.54 0.00 0.00 4.61 326.89
2016 16.77 0.00 0.00 3.60 323.79
2017 16.36 0.00 0.00 3.30 322.07
2018 15.94 0.00 0.00 2.30 321.49
2019 15.53 0.00 0.00 1.60 321.58
2020 15.32 0.00 0.00 4.11 318.99
2021 15.11 0.00 0.00 5.01 316.04
2022 14.97 0.00 0.00 3.30 315.21
2023 16.04 49.27 45.48 3.81 318.15
2024 17.78 208.99 155.18 2.20 313.00
2025 19.26 332.89 144.51 2.20 316.98
2026 21.47 631.54 529.55 2.30 304.76
2027 23.78 864.01 861.76 3.00 299.35
2028 25.74 984.66 1012.92 3.81 299.46
2029 27.14 987.22 1013.87 4.11 305.04
2030 27.99 914.35 1005.45 2.70 303.20
2031 28.34 770.98 828.05 3.81 305.93
2032 27.59 431.72 351.42 4.81 320.48
2033 26.69 329.79 670.50 2.70 317.02
2034 25.26 103.08 478.34 2.30 326.17
2035 24.39 0.88 0.00 2.50 326.45
2036 23.53 0.00 0.00 1.90 337.86
2037 22.66 0.00 0.00 2.70 333.11
2038 21.79 0.00 0.00 1.30 329.75
2039 20.93 0.00 0.00 2.30 329.08
2040 20.06 0.00 0.00 2.30 324.87
2041 19.25 0.00 0.00 1.40 323.32
2042 18.26 0.00 0.00 1.70 317.74
2043 17.27 0.00 0.00 1.60 314.10
2044 16.73 0.00 0.00 2.70 314.99
2045 16.19 0.00 0.00 2.30 315.22
2046 15.80 0.00 0.00 2.20 313.66
2047 17.50 86.30 384.40 2.50 323.70
2048 19.55 292.21 639.52 2.50 321.22
2049 21.54 513.39 783.90 3.60 323.40
2050 23.44 701.09 830.97 3.00 321.45
2051 25.11 842.71 866.51 4.31 323.91
2052 26.45 920.74 889.18 5.41 323.99
2053 27.38 921.33 887.01 5.61 327.58
2054 27.85 846.82 866.63 5.61 334.16
2055 27.94 718.94 869.37 5.01 330.95
2056 27.46 527.20 793.05 3.60 333.93
2057 26.36 304.26 666.79 4.31 342.45
2058 24.85 95.38 416.51 3.30 345.79
2059 24.00 0.75 0.00 3.60 343.28
2060 23.15 0.00 0.00 2.50 343.79
2061 22.30 0.00 0.00 1.90 341.55
2062 21.45 0.00 0.00 1.40 338.94
2063 20.61 0.00 0.00 1.10 338.25
2064 19.76 0.00 0.00 2.30 337.12
2065 19.37 0.00 0.00 1.40 331.74
2066 18.90 0.00 0.00 0.80 330.42
2067 18.42 0.00 0.00 1.00 331.53
2068 18.17 0.00 0.00 0.80 335.39
2069 17.91 0.00 0.00 0.70 335.28
2070 17.74 0.59 0.00 0.60 337.99
2071 19.72 97.43 272.61 0.40 342.35
2072 21.03 229.01 234.29 0.40 350.30
2073 23.46 526.37 652.42 0.50 339.14
2074 25.00 593.72 430.07 0.50 339.75
2075 26.88 831.07 735.39 0.60 333.00
2076 28.02 806.19 548.72 1.30 339.78
2077 28.78 776.09 494.35 1.00 343.51
2078 29.23 731.44 516.59 1.60 340.09
2079 29.68 779.28 830.95 1.60 332.28
2080 29.28 491.41 524.15 1.60 339.86
2081 27.97 190.35 116.03 1.70 353.35
2082 26.51 46.47 0.00 1.40 361.64
2083 25.63 0.92 0.00 1.30 359.50
2084 24.76 0.00 0.00 1.30 364.83
2085 23.88 0.00 0.00 1.60 364.60
2086 23.01 0.00 0.00 1.60 360.84
2087 22.13 0.00 0.00 1.40 358.55
2088 21.26 0.00 0.00 1.60 358.51
2089 20.51 0.00 0.00 2.20 361.41
2090 19.69 0.00 0.00 1.90 359.00
2091 18.90 0.00 0.00 3.00 354.35
2092 18.44 0.00 0.00 3.00 348.92
2093 17.98 0.00 0.00 1.60 344.37
2094 17.65 0.76 0.00 1.30 339.36
2095 19.05 71.41 168.43 1.90 344.69
2096 20.67 245.73 334.53 1.70 337.81
2097 22.63 467.60 541.58 2.20 333.00
2098 24.43 643.40 597.34 2.30 326.12
2099 25.91 750.21 565.32 3.81 327.90
2100 26.92 764.10 467.84 3.00 331.53
2101 27.66 785.88 505.17 2.70 332.85
2102 28.00 694.22 431.24 3.00 337.64
2103 27.99 579.73 394.87 2.30 335.61
2104 27.55 445.08 453.90 2.20 338.22
2105 26.64 255.60 358.68 1.70 338.09
2106 25.35 77.90 182.92 1.40 346.36
2107 24.42 1.05 0.00 1.90 345.74
2108 23.50 0.00 0.00 1.40 352.62
2109 22.58 0.00 0.00 2.20 348.64
2110 21.65 0.00 0.00 1.90 351.02
2111 20.73 0.00 0.00 1.90 353.16
2112 19.80 0.00 0.00 1.70 351.55
2113 19.23 0.00 0.00 3.00 348.02
2114 18.57 0.00 0.00 3.60 352.56
2115 17.92 0.00 0.00 3.60 352.88
2116 17.59 0.00 0.00 3.30 356.65
2117 17.26 0.00 0.00 3.00 354.85
2118 17.03 0.62 0.00 3.30 357.52
2119 17.17 7.18 0.00 3.30 360.42
2120 18.22 112.18 0.00 4.81 348.04
2121 19.02 180.71 2.64 5.01 348.75
2122 19.85 282.16 13.39 4.61 340.67
2123 20.37 283.13 11.58 3.30 342.06
2124 21.40 499.64 87.26 2.30 333.81
2125 22.28 552.68 127.42 3.00 331.06
2126 22.77 483.41 103.42 2.30 335.95
2127 22.96 395.95 81.70 2.30 337.15
2128 22.95 307.88 75.86 2.50 340.80
2129 22.47 149.61 16.15 4.31 346.62
2130 21.79 48.40 1.28 4.81 347.87
2131 20.86 0.80 0.00 4.31 342.10
2132 19.92 0.00 0.00 3.30 344.38
2133 19.01 0.00 0.00 2.50 337.00
2134 18.02 0.00 0.00 1.60 333.34
2135 17.04 0.00 0.00 1.30 325.93
2136 16.05 0.00 0.00 2.30 322.79
2137 15.10 0.00 0.00 1.60 322.28
2138 14.06 0.00 0.00 2.20 319.92
2139 13.03 0.00 0.00 4.61 313.78
2140 12.48 0.00 0.00 5.41 312.38
2141 11.92 0.00 0.00 4.61 311.35
2142 11.53 1.89 0.00 5.01 307.81
2143 13.47 101.84 371.55 4.31 309.42
2144 15.54 318.31 528.42 4.31 310.03
2145 16.16 315.54 108.69 3.81 329.57
2146 18.17 667.58 587.90 4.61 315.03
2147 19.70 771.94 627.12 4.61 314.81
2148 20.84 820.32 554.32 5.61 319.78
2149 22.02 965.93 889.68 6.11 309.26
2150 22.72 893.03 951.94 6.91 310.70
2151 22.94 751.65 930.60 7.21 311.34
2152 22.65 553.55 689.57 7.71 316.09
2153 21.17 135.46 32.24 6.91 337.69
2154 19.59 8.03 0.00 9.31 352.85
2155 18.89 0.57 0.00 9.81 350.55
2156 18.13 0.00 0.00 9.31 351.82
2157 17.37 0.00 0.00 8.71 348.71
2158 16.61 0.00 0.00 7.71 343.99
2159 15.84 0.00 0.00 8.01 336.95
2160 15.08 0.00 0.00 7.71 332.76
2161 14.96 0.00 0.00 7.30 331.74
2162 14.54 0.00 0.00 6.10 331.55
2163 14.11 0.00 0.00 5.70 329.70
2164 13.87 0.00 0.00 6.30 327.55
2165 13.64 0.00 0.00 5.50 328.54
2166 13.47 1.82 0.00 5.10 325.23
2167 15.41 97.91 355.10 5.70 327.04
2168 17.47 305.36 594.93 7.90 320.44
2169 19.56 516.97 713.86 5.50 320.18
2170 21.35 696.62 742.85 5.30 315.12
2171 22.92 822.89 739.13 6.40 319.49
2172 24.19 898.00 766.60 6.30 319.56
2173 25.10 900.32 775.94 5.10 315.45
2174 25.62 839.21 799.35 5.10 317.43
2175 25.72 702.83 772.24 4.30 319.16
2176 25.26 513.34 697.26 1.80 321.35
2177 24.22 295.64 566.28 1.40 324.19
2178 22.81 95.50 349.93 1.80 325.52
2179 22.03 1.51 0.00 3.20 322.47
2180 21.25 0.00 0.00 3.20 326.17
2181 20.47 0.00 0.00 2.50 323.73
2182 19.74 0.00 0.00 3.20 322.85
2183 18.92 0.00 0.00 3.70 315.88
2184 18.10 0.00 0.00 4.50 316.07
2185 17.50 0.00 0.00 4.10 315.76
2186 16.82 0.00 0.00 3.80 314.50
2187 16.14 0.00 0.00 4.30 310.01
2188 15.76 0.00 0.00 5.70 311.37
2189 15.38 0.00 0.00 7.00 308.84
2190 15.11 2.29 0.00 6.40 305.96
2191 17.09 103.86 385.18 6.70 306.76
2192 19.10 314.43 627.14 6.10 303.47
2193 21.03 531.83 745.15 6.30 304.80
2194 22.85 719.51 810.67 7.00 298.18
2195 24.41 849.59 817.22 7.30 299.72
2196 25.66 927.12 849.14 7.00 303.22
2197 26.54 925.97 848.14 9.61 306.75
2198 27.01 857.75 850.12 10.11 310.73
2199 27.10 728.45 853.11 9.61 315.32
2200 26.62 534.22 771.84 9.10 321.83
2201 25.56 309.18 625.66 10.11 325.12
2202 24.12 102.67 407.94 8.70 331.16
2203 23.39 1.75 0.00 6.40 333.12
2204 22.66 0.00 0.00 6.10 337.52
2205 21.93 0.00 0.00 6.30 333.60
2206 21.21 0.00 0.00 7.60 333.13
2207 20.48 0.00 0.00 9.10 330.06
2208 19.80 0.00 0.00 8.70 325.97
2209 19.39 0.00 0.00 9.10 323.57
2210 18.91 0.00 0.00 7.90 326.80
2211 18.43 0.00 0.00 9.61 327.01
2212 18.16 0.00 0.00 10.41 330.67
2213 17.88 0.00 0.00 10.81 328.35
2214 17.68 2.77 0.00 8.70 330.63
2215 20.09 121.49 443.00 6.70 338.59
2216 22.38 357.41 729.72 6.70 333.19
2217 24.74 603.97 794.58 8.30 336.47
2218 25.63 551.31 265.88 7.30 344.53
2219 26.23 575.86 218.75 7.00 353.08
2220 25.25 167.98 9.59 6.40 374.16
2221 26.04 695.75 273.05 8.30 347.37
2222 26.13 499.62 115.27 7.90 352.10
2223 26.21 516.84 250.38 8.30 348.22
2224 26.44 599.97 795.65 6.30 335.95
2225 26.01 353.07 732.84 5.50 341.83
2226 24.98 118.11 447.90 5.70 348.35
2227 23.96 2.82 0.00 6.40 345.42
2228 22.93 0.00 0.00 6.70 349.59
2229 21.90 0.00 0.00 7.30 343.56
2230 20.87 0.00 0.00 6.70 342.36
2231 19.84 0.00 0.00 7.00 338.69
2232 18.81 0.00 0.00 5.80 332.31
2233 18.07 0.00 0.00 6.70 337.74
2234 17.24 0.00 0.00 6.40 333.70
2235 16.41 0.00 0.00 7.00 329.83
2236 15.96 0.00 0.00 7.90 326.62
2237 15.51 0.00 0.00 6.10 328.30
2238 15.18 3.49 0.00 6.10 325.44
2239 17.18 107.68 346.81 5.50 326.76
2240 18.96 300.29 488.15 6.10 317.92
2241 20.63 491.68 556.88 5.70 315.95
2242 22.27 675.65 620.39 4.90 309.98
2243 23.70 802.19 639.07 3.80 307.75
2244 24.80 862.20 623.23 2.70 310.93
2245 25.60 875.55 666.70 3.80 315.13
2246 26.05 814.23 689.52 4.10 320.20
2247 26.10 678.31 648.37 5.30 324.35
2248 25.62 495.34 587.34 4.70 326.41
2249 24.66 297.47 516.15 4.90 326.70
2250 23.32 94.98 290.44 5.30 334.53
2251 22.54 2.07 0.00 5.50 333.54
2252 21.77 0.00 0.00 4.50 336.90
2253 21.00 0.00 0.00 4.70 335.91
2254 20.22 0.00 0.00 4.90 334.06
2255 19.49 0.00 0.00 5.80 333.05
2256 18.67 0.00 0.00 5.10 330.31
2257 18.25 0.00 0.00 5.50 329.81
2258 17.86 0.00 0.00 5.70 329.45
2259 17.47 0.00 0.00 5.10 329.45
2260 17.29 0.00 0.00 5.10 326.32
2261 17.11 0.00 0.00 4.10 327.42
2262 17.01 4.44 0.00 4.10 327.05
2263 19.03 119.73 377.10 2.70 328.86
2264 20.80 342.40 653.11 2.20 328.95
2265 22.65 576.34 819.38 2.90 327.23
2266 24.37 775.49 918.29 3.20 323.52
2267 25.87 917.18 961.40 3.20 323.04
2268 27.07 989.76 972.60 4.70 322.17
2269 27.90 988.35 830.61 6.10 322.58
2270 26.85 342.30 61.44 5.80 353.89
2271 26.51 507.18 236.22 7.00 343.09
2272 25.00 42.60 0.00 7.30 372.18
2273 24.04 152.85 29.69 6.10 359.61
2274 23.03 55.04 2.47 5.50 363.19
2275 22.49 3.33 0.00 4.70 356.63
2276 21.95 0.00 0.00 4.70 357.16
2277 21.41 0.00 0.00 4.10 355.51
2278 20.87 0.00 0.00 3.80 355.84
2279 20.33 0.00 0.00 4.70 354.18
2280 19.78 0.00 0.00 4.50 349.01
2281 19.11 0.00 0.00 4.50 343.31
2282 18.30 0.00 0.00 2.70 343.84
2283 17.50 0.00 0.00 2.70 341.74
2284 17.06 0.00 0.00 2.50 338.63
2285 16.63 0.00 0.00 1.30 336.82
2286 16.31 4.62 0.00 1.30 335.13
2287 18.29 105.69 249.17 1.30 339.39
2288 20.01 297.47 439.83 0.70 336.29
2289 21.67 482.89 485.05 0.60 335.11
2290 23.24 652.83 543.35 0.90 329.99
2291 24.57 763.95 563.14 0.60 331.00
2292 25.62 824.22 590.61 0.60 330.39
2293 26.31 809.88 531.50 1.10 334.76
2294 26.69 757.40 563.08 1.30 334.16
2295 26.73 639.88 534.02 1.40 339.08
2296 26.36 496.70 612.51 0.70 337.30
2297 25.46 291.30 476.50 1.00 339.18
2298 24.18 89.96 243.75 1.60 347.68
2299 23.26 2.56 0.00 1.60 346.58
2300 22.35 0.00 0.00 2.10 350.08
2301 21.44 0.00 0.00 2.10 343.83
2302 20.52 0.00 0.00 1.80 340.00
2303 19.65 0.00 0.00 1.80 336.95
2304 18.69 0.00 0.00 1.80 335.26
2305 18.07 0.00 0.00 1.30 336.52
2306 17.37 0.00 0.00 0.90 328.94
2307 16.67 0.00 0.00 0.50 327.49
2308 16.27 0.00 0.00 0.40 322.48
2309 15.88 0.00 0.00 0.40 321.20
2310 15.59 6.66 0.00 1.10 317.10
2311 18.09 137.44 518.56 0.90 319.57
2312 20.18 375.76 754.07 1.00 320.08
2313 21.82 545.54 643.73 1.80 321.58
2314 22.83 598.11 371.22 3.20 323.15
2315 23.70 680.71 357.99 4.10 321.59
2316 24.39 723.36 349.28 4.70 322.25
2317 24.68 655.80 263.36 4.50 329.46
2318 25.26 828.27 646.06 3.80 318.30
2319 25.33 642.54 505.40 3.80 322.36
2320 24.71 398.01 255.80 2.70 329.56
2321 23.66 204.78 122.16 1.30 332.87
2322 22.28 9.42 0.00 1.10 348.75
2323 21.75 0.76 0.00 0.90 351.48
2324 21.22 0.00 0.00 1.30 357.19
2325 20.69 0.00 0.00 1.60 359.16
2326 20.16 0.00 0.00 2.10 357.99
2327 19.68 0.00 0.00 1.60 351.70
2328 19.12 0.00 0.00 0.90 351.50
2329 18.87 0.00 0.00 0.90 365.32
2330 18.85 0.00 0.00 1.10 379.08
2331 18.73 0.00 0.00 1.00 377.32
2332 18.70 0.00 0.00 2.10 376.05
2333 18.66 0.00 0.00 1.80 374.78
2334 18.65 4.35 0.00 2.20 373.67
2335 19.77 59.99 0.00 2.90 375.56
2336 21.29 240.95 185.70 2.20 350.60
2337 23.34 508.29 502.92 2.70 327.75
2338 25.72 822.21 836.43 2.90 308.58
2339 27.25 847.66 674.06 4.50 317.05
2340 28.11 793.78 507.49 2.90 326.82
2341 28.62 732.06 360.14 4.10 331.72
2342 28.69 583.82 202.99 4.10 337.65
2343 27.91 324.37 44.52 4.70 350.91
2344 26.77 122.81 0.00 6.10 357.82
2345 25.34 45.29 0.00 6.10 376.19
2346 24.60 38.51 0.00 5.50 384.93
2347 24.03 1.80 0.00 4.90 397.01
2348 23.43 0.00 0.00 3.70 394.87
2349 22.82 0.00 0.00 3.70 391.52
2350 22.21 0.00 0.00 4.10 386.46
2351 21.60 0.00 0.00 3.80 380.68
2352 20.99 0.00 0.00 4.50 374.94
2353 20.17 0.00 0.00 3.40 368.05
2354 19.30 0.00 0.00 2.50 360.89
2355 18.34 0.00 0.00 3.40 353.37
2356 17.82 0.00 0.00 2.70 348.37
2357 17.30 0.00 0.00 1.80 331.38
2358 16.92 8.59 0.00 1.40 329.97
2359 19.60 144.99 526.64 2.70 335.52
2360 21.65 384.36 797.02 1.60 332.06
2361 23.75 626.04 744.00 1.30 333.08
2362 23.65 383.27 80.20 2.20 354.49
2363 23.30 312.56 23.84 2.90 358.54
2364 24.15 679.52 334.20 2.90 340.75
2365 25.57 1000.42 868.43 2.10 328.54
2366 26.37 895.26 872.06 0.70 331.40
2367 26.62 723.88 732.90 1.00 331.99
2368 26.26 483.71 511.91 1.30 338.69
2369 25.46 310.26 570.81 1.00 339.57
2370 24.27 112.45 408.39 1.60 346.82
2371 23.42 4.66 0.00 1.60 347.97
2372 22.58 0.00 0.00 1.10 352.24
2373 21.73 0.00 0.00 1.40 349.68
2374 20.89 0.00 0.00 1.40 347.13
2375 20.04 0.00 0.00 1.30 343.55
2376 19.22 0.00 0.00 2.10 342.30
2377 18.79 0.00 0.00 3.40 338.81
2378 18.27 0.00 0.00 3.80 336.55
2379 17.76 0.00 0.00 3.40 336.74
2380 17.47 0.00 0.00 3.70 336.59
2381 17.17 0.00 0.00 3.40 337.44
2382 16.95 7.86 0.00 3.70 336.04
2383 19.69 139.20 488.49 4.90 343.35
2384 21.72 362.87 735.49 4.50 339.45
2385 23.79 585.02 843.01 4.50 339.93
2386 25.68 771.22 882.10 4.10 333.91
2387 27.29 901.68 891.81 4.50 334.17
2388 28.52 959.73 874.84 3.20 337.28
2389 29.39 951.89 863.04 4.10 338.42
2390 29.82 872.70 839.15 3.40 336.59
2391 29.84 735.56 820.94 3.70 340.60
2392 29.26 545.72 755.90 4.10 341.97
2393 28.08 321.15 613.44 5.50 345.50
2394 26.56 110.41 375.37 7.60 351.71
2395 25.86 3.62 0.00 7.30 347.87
2396 25.16 0.00 0.00 8.30 353.41
2397 24.46 0.00 0.00 7.30 353.04
2398 23.75 0.00 0.00 7.30 349.06
2399 23.05 0.00 0.00 7.90 349.26
2400 22.35 0.00 0.00 8.30 347.96
2401 21.99 0.00 0.00 10.11 346.59
2402 21.59 0.00 0.00 9.61 347.55
2403 21.20 0.00 0.00 7.90 348.02
2404 20.98 0.00 0.00 8.70 345.86
2405 20.76 0.00 0.00 9.10 344.51
2406 20.60 8.68 0.00 9.10 341.82
2407 23.16 134.46 421.31 10.41 352.06
2408 25.24 353.27 663.21 8.30 345.99
2409 27.30 569.20 769.56 8.70 344.73
2410 29.18 745.64 788.64 9.10 342.75
2411 30.83 873.98 801.05 11.71 345.84
2412 32.12 932.82 786.31 11.71 345.82
2413 33.00 924.58 771.83 11.21 345.41
2414 33.47 852.07 765.55 10.41 346.39
2415 33.53 719.91 759.44 12.41 349.37
2416 33.00 533.16 699.80 11.21 353.23
2417 31.89 316.77 577.33 14.81 361.34
2418 30.37 111.27 315.90 11.21 363.16
2419 29.32 3.99 0.00 13.11 365.07
2420 28.27 0.00 0.00 13.11 370.12
2421 27.27 0.00 0.00 12.11 366.87
2422 26.26 0.00 0.00 10.81 363.41
2423 25.25 0.00 0.00 8.70 361.48
2424 24.23 0.00 0.00 8.30 364.62
2425 23.41 0.00 0.00 7.30 363.43
2426 22.50 0.00 0.00 7.30 363.78
2427 21.60 0.00 0.00 9.61 358.90
2428 21.10 0.00 0.00 9.61 357.43
2429 20.61 0.00 0.00 7.00 357.80
2430 20.26 8.40 0.00 7.90 358.54
2431 22.39 122.72 230.97 6.70 364.97
2432 23.96 304.31 405.23 6.70 361.93
2433 25.68 513.48 550.18 7.60 354.51
2434 27.29 687.92 579.52 6.70 348.98
2435 28.63 800.33 596.43 7.00 350.49
2436 29.73 864.47 635.75 8.30 352.28
2437 30.44 848.94 587.13 7.90 352.02
2438 30.73 748.40 496.04 7.00 353.25
2439 30.74 654.83 543.90 7.90 351.76
2440 30.27 493.89 556.00 9.61 353.00
2441 29.28 290.76 439.85 8.70 353.24
2442 27.95 103.63 209.79 7.30 358.98
2443 27.00 4.33 0.00 9.61 358.15
2444 26.01 0.00 0.00 10.11 362.27
2445 25.03 0.00 0.00 9.61 361.20
2446 24.05 0.00 0.00 9.10 358.06
2447 23.07 0.00 0.00 8.70 357.68
2448 22.08 0.00 0.00 7.90 353.54
2449 21.48 0.00 0.00 8.30 353.53
2450 20.80 0.00 0.00 6.70 352.05
2451 20.12 0.00 0.00 6.40 350.54
2452 19.79 0.00 0.00 4.70 350.56
2453 19.39 0.00 0.00 3.40 352.46
2454 19.10 8.54 0.00 3.40 348.95
2455 20.91 103.67 102.35 5.00 349.05
2456 22.45 280.78 261.72 4.30 345.15
2457 24.36 516.89 532.18 3.20 339.82
2458 25.91 654.47 486.30 2.50 333.90
2459 27.45 830.52 581.87 2.90 333.69
2460 28.26 772.31 426.10 2.90 341.11
2461 28.72 729.82 339.00 2.90 344.53
2462 29.04 723.90 439.70 4.10 342.09
2463 29.12 650.03 522.60 4.90 341.68
2464 28.60 449.15 371.23 5.50 345.28
2465 27.61 249.11 175.23 7.00 351.18
2466 26.33 79.79 58.43 6.30 360.11
2467 25.75 4.45 0.00 5.70 360.29
2468 25.17 0.00 0.00 5.10 365.58
2469 24.60 0.00 0.00 5.10 363.96
2470 24.02 0.00 0.00 6.10 364.91
2471 23.44 0.00 0.00 5.50 364.60
2472 22.87 0.00 0.00 8.30 361.46
2473 22.67 0.00 0.00 7.60 356.33
2474 22.44 0.00 0.00 6.40 360.10
2475 22.21 0.00 0.00 6.40 363.37
2476 22.07 0.00 0.00 5.80 360.52
2477 21.93 0.00 0.00 5.70 358.85
2478 21.83 9.59 0.00 4.10 359.87
2479 24.18 120.96 254.90 3.70 366.17
2480 26.07 315.73 412.61 3.20 363.90
2481 28.11 537.08 596.49 3.20 361.41
2482 29.88 678.20 559.20 2.90 358.40
2483 31.26 760.78 487.75 3.20 361.20
2484 32.43 835.67 548.01 3.40 363.14
2485 33.18 812.53 543.88 4.90 360.82
2486 33.55 740.47 497.81 5.00 364.26
2487 33.55 619.67 441.56 5.00 369.33
2488 33.13 491.71 513.60 5.00 366.94
2489 32.11 282.15 388.87 4.30 373.96
2490 30.74 106.08 284.62 3.20 378.63
2491 29.95 5.04 0.00 2.90 376.17
2492 29.15 0.00 0.00 3.20 378.76
2493 28.36 0.00 0.00 2.50 374.48
2494 27.60 0.00 0.00 2.20 373.19
2495 26.83 0.00 0.00 2.90 364.47
2496 26.07 0.00 0.00 2.70 361.84
2497 25.49 0.00 0.00 2.90 362.65
2498 24.84 0.00 0.00 1.60 366.75
2499 24.19 0.00 0.00 2.70 366.91
2500 23.83 0.00 0.00 3.40 370.66
2501 23.47 0.00 0.00 2.70 366.96
2502 23.20 12.30 0.00 2.50 365.20
2503 25.65 136.22 193.10 2.10 369.69
2504 27.41 333.72 398.26 3.20 366.08
2505 29.25 543.48 548.86 2.70 364.00
2506 31.03 725.54 648.43 3.20 357.14
2507 32.57 855.95 702.85 4.10 362.06
2508 33.73 904.92 648.11 4.70 359.78
2509 34.38 849.76 575.27 4.50 359.01
2510 34.71 791.20 561.74 4.30 357.60
2511 34.64 643.12 514.25 4.90 361.29
2512 33.98 463.11 403.91 4.10 365.59
2513 32.85 266.39 314.27 3.40 369.38
2514 31.44 99.15 168.30 4.10 375.94
2515 30.65 5.03 0.00 3.20 374.35
2516 29.87 0.00 0.00 2.10 379.29
2517 29.08 0.00 0.00 2.50 379.76
2518 28.29 0.00 0.00 1.60 376.70
2519 27.55 0.00 0.00 2.70 374.87
2520 26.79 0.00 0.00 2.20 373.73
2521 26.37 0.00 0.00 2.50 370.82
2522 25.86 0.00 0.00 1.80 368.57
2523 25.35 0.00 0.00 2.70 366.14
2524 25.04 0.00 0.00 4.30 366.29
2525 24.74 0.00 0.00 2.50 362.86
2526 24.50 11.94 0.00 2.90 362.95
2527 27.17 127.22 235.26 1.60 371.91
2528 29.44 343.09 454.22 2.50 360.68
2529 31.74 555.62 607.88 2.20 362.15
2530 33.77 722.39 655.92 2.90 356.35
2531 35.34 808.02 558.66 3.80 357.78
2532 36.71 903.28 636.46 3.70 357.69
2533 37.50 855.25 572.52 4.10 364.37
2534 37.70 723.71 412.30 4.30 369.73
2535 37.11 515.78 204.86 4.70 371.54
2536 35.75 287.11 48.83 2.70 377.75
2537 34.27 186.33 45.91 1.60 379.15
2538 32.62 63.37 4.72 2.50 382.36
2539 31.28 4.66 0.00 2.70 379.43
2540 29.94 0.00 0.00 2.10 383.22
2541 28.60 0.00 0.00 1.30 378.36
2542 27.30 0.00 0.00 2.50 374.69
2543 26.00 0.00 0.00 3.40 367.70
2544 24.71 0.00 0.00 5.30 363.43
2545 23.88 0.00 0.00 4.70 365.50
2546 22.98 0.00 0.00 5.30 361.50
2547 22.08 0.00 0.00 4.90 358.61
2548 21.59 0.00 0.00 4.10 359.42
2549 21.10 0.00 0.00 2.70 360.00
2550 20.75 12.76 0.00 2.90 356.83
2551 23.07 131.94 275.88 2.70 361.19
2552 24.74 324.41 427.06 1.60 357.95
2553 26.47 526.85 544.01 1.60 359.43
2554 28.08 703.48 598.38 1.00 354.33
2555 29.52 826.36 599.86 2.20 351.65
2556 30.69 900.85 636.84 3.40 349.24
2557 31.47 888.66 618.27 3.70 352.59
2558 31.87 822.00 618.12 3.20 350.25
2559 31.86 669.35 573.36 2.90 355.73
2560 31.32 501.10 540.67 2.90 358.06
2561 30.33 315.55 518.89 2.20 361.26
2562 28.94 107.57 275.41 3.20 371.07
2563 27.86 5.98 0.00 3.20 367.10
2564 26.84 0.00 0.00 2.70 368.41
2565 25.80 0.00 0.00 3.40 364.61
2566 24.75 0.00 0.00 2.10 358.66
2567 23.71 0.00 0.00 2.50 356.31
2568 22.66 0.00 0.00 3.70 354.93
2569 21.99 0.00 0.00 3.80 359.39
2570 21.25 0.00 0.00 2.50 354.85
2571 20.52 0.00 0.00 3.40 353.38
2572 20.12 0.00 0.00 4.10 351.34
2573 19.77 0.00 0.00 2.70 353.04
2574 19.48 14.05 0.00 3.40 347.41
2575 22.00 143.27 344.96 4.50 352.19
2576 23.84 350.62 513.39 5.30 347.64
2577 25.71 563.93 647.55 5.80 346.00
2578 27.29 711.18 642.52 7.30 340.92
2579 28.62 823.59 610.80 7.60 339.51
2580 29.69 877.77 606.54 7.00 339.80
2581 30.32 831.13 536.11 5.70 342.94
2582 30.55 738.79 455.53 4.90 347.70
2583 30.44 615.73 394.56 5.80 348.44
2584 29.86 467.59 419.25 5.00 350.39
2585 28.81 275.98 337.37 3.80 351.03
2586 27.52 104.55 218.06 3.70 356.44
2587 26.40 6.12 0.00 2.90 354.63
2588 25.29 0.00 0.00 2.50 355.95
2589 24.17 0.00 0.00 1.80 355.90
2590 23.06 0.00 0.00 2.10 352.84
2591 21.94 0.00 0.00 2.90 352.85
2592 20.82 0.00 0.00 3.70 348.42
2593 19.83 0.00 0.00 5.00 346.17
2594 18.77 0.00 0.00 5.30 342.58
2595 18.18 0.00 0.00 5.80 343.36
2596 17.59 0.00 0.00 5.80 337.07
2597 17.18 0.00 0.00 5.70 335.23
2598 17.42 14.70 0.00 6.40 333.15
2599 18.65 139.05 292.55 6.70 334.07
2600 20.31 337.93 443.88 6.30 331.69
2601 22.11 540.42 575.05 7.90 323.79
2602 23.85 713.93 642.27 8.30 323.66
2603 25.39 836.25 612.69 9.10 322.52
2604 26.68 911.97 643.47 8.30 324.85
2605 27.67 926.37 724.24 9.10 325.17
2606 28.24 844.74 676.73 7.60 326.81
2607 28.39 693.95 613.51 6.40 327.19
2608 28.08 517.94 596.45 6.10 331.25
2609 27.29 321.86 488.96 4.70 334.65
2610 26.08 120.68 254.33 5.00 340.91
2611 24.84 7.04 0.00 4.10 334.66
2612 23.60 0.00 0.00 4.50 340.12
2613 22.35 0.00 0.00 3.80 337.76
2614 21.11 0.00 0.00 4.50 333.10
2615 19.87 0.00 0.00 4.30 332.40
2616 18.62 0.00 0.00 4.70 328.26
2617 17.68 0.00 0.00 4.50 327.51
2618 16.68 0.00 0.00 3.20 321.33
2619 16.14 0.00 0.00 5.80 319.45
2620 15.61 0.00 0.00 7.30 318.45
2621 15.23 0.00 0.00 6.30 311.81
2622 15.51 17.01 0.00 5.80 316.73
2623 16.91 158.90 347.72 5.70 313.77
2624 18.81 374.86 580.90 6.70 311.43
2625 20.47 537.17 552.36 7.90 312.05
2626 21.92 658.77 467.50 7.60 314.93
2627 23.33 799.98 525.06 10.61 313.58
2628 24.38 823.13 510.62 7.60 318.26
2629 25.11 807.16 516.21 6.70 317.85
2630 25.56 756.25 510.40 7.60 318.57
2631 25.64 624.65 430.77 6.10 322.58
2632 25.26 449.20 356.81 6.10 327.44
2633 24.42 267.07 280.10 5.50 327.70
2634 23.24 84.91 76.39 5.80 332.66
2635 22.14 6.07 0.00 4.70 327.13
2636 21.03 0.00 0.00 4.30 330.04
2637 19.93 0.00 0.00 5.10 329.50
2638 18.82 0.00 0.00 5.10 325.20
2639 17.66 0.00 0.00 5.30 318.92
2640 16.49 0.00 0.00 5.00 317.58
2641 15.70 0.00 0.00 5.10 310.57
2642 14.80 0.00 0.00 4.50 305.33
2643 14.30 0.00 0.00 5.10 303.51
2644 13.80 0.00 0.00 4.50 299.43
2645 13.43 0.00 0.00 2.50 302.85
2646 13.73 19.38 0.00 2.50 304.47
2647 15.19 173.65 513.22 2.90 307.19
2648 17.11 396.44 714.44 2.50 306.28
2649 19.12 613.48 813.06 3.20 301.04
2650 20.89 790.29 838.11 3.20 302.09
2651 22.42 908.14 826.42 3.80 301.48
2652 23.65 964.25 814.63 3.70 302.94
2653 24.51 949.10 788.42 4.50 306.94
2654 24.99 875.04 783.74 4.30 308.16
2655 25.09 729.45 734.17 4.30 305.90
2656 24.70 544.65 680.48 4.90 309.96
2657 23.78 328.83 568.24 5.30 312.77
2658 22.46 122.98 364.06 5.00 315.61
2659 21.35 7.36 0.00 4.90 318.30
2660 20.23 0.00 0.00 4.50 319.84
2661 19.13 0.00 0.00 3.40 315.75
2662 17.95 0.00 0.00 4.10 311.27
2663 16.77 0.00 0.00 3.40 311.58
2664 15.59 0.00 0.00 2.90 310.86
2665 14.97 0.00 0.00 3.40 314.91
2666 14.23 0.00 0.00 2.70 310.46
2667 13.79 0.00 0.00 4.10 311.44
2668 13.36 0.00 0.00 4.50 309.11
2669 13.02 0.00 0.00 2.90 309.33
2670 13.26 19.15 0.00 3.20 311.93
2671 13.98 109.38 73.50 4.30 316.08
2672 14.64 188.36 34.21 4.90 317.17
2673 17.05 641.20 587.30 5.80 292.09
2674 18.26 592.79 275.63 5.00 304.22
2675 20.11 961.92 842.83 2.70 293.45
2676 21.55 1026.33 961.01 2.50 292.70
2677 22.58 1019.50 961.23 2.50 293.85
2678 23.21 941.82 953.28 1.60 293.44
2679 23.42 798.28 935.72 1.80 297.22
2680 23.22 600.00 850.29 1.30 304.33
2681 22.43 367.86 701.46 2.10 304.56
2682 21.22 142.03 447.89 1.80 310.00
2683 20.17 10.30 0.00 2.20 306.12
2684 19.14 0.00 0.00 3.80 308.45
2685 18.03 0.00 0.00 1.10 305.73
2686 16.93 0.00 0.00 1.10 302.20
2687 15.82 0.00 0.00 2.10 301.04
2688 14.71 0.00 0.00 1.80 297.75
2689 14.32 0.00 0.00 0.50 300.81
2690 13.91 0.00 0.00 0.30 301.37
2691 13.69 0.00 0.00 0.20 298.24
2692 13.46 0.00 0.00 0.30 297.11
2693 13.31 0.00 0.00 0.70 298.79
2694 13.73 20.77 0.00 0.90 300.34
2695 15.33 171.80 368.68 1.10 302.48
2696 16.92 321.10 307.15 0.90 302.59
2697 18.90 542.32 523.56 2.20 300.03
2698 20.82 741.32 613.56 1.80 296.80
2699 22.23 779.98 471.50 2.70 299.37
2700 23.80 976.95 771.53 1.80 293.39
2701 24.46 774.03 402.34 1.60 304.28
2702 24.48 561.95 152.94 1.10 307.28
2703 23.94 393.84 52.92 1.80 313.55
2704 23.35 348.28 125.07 2.10 305.83
2705 22.63 272.77 262.85 3.40 304.25
2706 21.65 133.83 319.21 3.80 306.63
2707 20.79 9.53 0.00 2.50 310.26
2708 19.92 0.00 0.00 2.10 311.79
2709 19.08 0.00 0.00 2.50 311.66
2710 18.17 0.00 0.00 2.50 311.68
2711 17.26 0.00 0.00 1.80 311.26
2712 16.35 0.00 0.00 2.20 308.27
2713 15.58 0.00 0.00 2.20 304.66
2714 14.69 0.00 0.00 1.60 301.16
2715 14.19 0.00 0.00 3.80 300.71
2716 13.68 0.00 0.00 4.70 300.30
2717 13.31 0.00 0.00 3.70 301.70
2718 13.62 22.51 0.00 3.70 306.71
2719 14.91 167.58 412.55 4.50 310.42
2720 16.68 386.39 617.84 4.70 308.02
2721 18.47 586.36 680.13 5.70 306.06
2722 20.03 740.64 646.79 5.80 303.30
2723 21.30 829.37 561.42 7.00 306.06
2724 22.40 916.28 627.96 6.40 304.97
2725 23.12 886.53 581.97 6.70 307.29
2726 23.53 820.92 599.67 6.10 307.68
2727 23.59 687.38 591.42 6.30 310.56
2728 23.20 510.00 552.04 7.00 316.01
2729 22.32 302.36 401.60 7.30 318.85
2730 21.10 114.46 261.18 6.70 325.32
2731 20.13 8.54 0.00 5.70 325.43
2732 19.17 0.00 0.00 5.80 330.43
2733 18.15 0.00 0.00 6.70 325.72
2734 17.12 0.00 0.00 5.50 326.27
2735 16.09 0.00 0.00 5.10 321.68
2736 15.07 0.00 0.00 4.50 320.16
2737 14.72 0.00 0.00 3.40 315.09
2738 14.35 0.00 0.00 3.70 311.31
2739 14.15 0.00 0.00 4.10 312.48
2740 13.95 0.00 0.00 3.80 315.94
2741 13.81 0.00 0.00 3.40 315.97
2742 14.23 20.78 0.00 3.40 315.13
2743 15.82 172.12 405.83 2.90 315.89
2744 17.82 382.46 576.61 3.40 312.36
2745 19.52 515.41 408.47 2.90 312.30
2746 20.82 609.79 319.96 2.20 313.52
2747 22.30 784.63 488.17 3.70 310.92
2748 23.68 901.61 583.00 4.30 303.49
2749 24.73 909.33 605.42 4.10 304.91
2750 25.17 740.18 425.85 4.50 305.87
2751 24.92 493.85 160.22 5.00 314.98
2752 24.16 316.95 76.24 5.30 316.37
2753 23.14 182.14 24.89 4.10 321.21
2754 21.99 75.97 13.62 3.80 319.53
2755 21.33 8.91 0.00 3.40 317.18
2756 20.67 0.00 0.00 2.90 322.09
2757 20.01 0.00 0.00 4.10 321.25
2758 19.38 0.00 0.00 3.80 318.13
2759 18.68 0.00 0.00 1.60 315.54
2760 17.98 0.00 0.00 2.20 317.00
2761 17.41 0.00 0.00 1.80 319.13
2762 16.80 0.00 0.00 3.20 317.88
2763 16.47 0.00 0.00 3.70 317.04
2764 16.13 0.00 0.00 3.80 319.49
2765 15.90 0.00 0.00 3.80 310.08
2766 16.19 15.21 0.00 3.80 312.20
2767 17.23 111.65 50.58 4.10 319.69
2768 18.62 254.93 86.37 3.40 315.01
2769 20.04 398.91 140.71 4.10 311.95
2770 21.63 578.44 270.76 3.40 307.31
2771 23.24 735.91 368.78 3.40 303.70
2772 24.39 740.85 320.17 2.70 309.17
2773 25.33 774.90 395.92 3.40 308.36
2774 25.87 697.34 334.06 3.40 309.70
2775 26.25 676.37 565.20 2.90 307.89
2776 26.24 516.48 553.36 3.20 312.70
2777 25.70 336.88 473.44 1.60 317.43
2778 24.66 132.43 247.27 0.90 323.27
2779 23.74 10.41 0.00 1.00 321.24
2780 22.82 0.00 0.00 1.60 326.88
2781 21.91 0.00 0.00 1.30 324.86
2782 20.99 0.00 0.00 1.60 327.55
2783 20.07 0.00 0.00 1.80 330.44
2784 19.17 0.00 0.00 0.70 330.46
2785 18.47 0.00 0.00 0.40 321.48
2786 17.72 0.00 0.00 0.60 321.87
2787 17.33 0.00 0.00 0.50 324.48
2788 16.93 0.00 0.00 0.50 324.70
2789 16.65 0.00 0.00 0.70 332.18
2790 17.13 24.09 0.00 0.30 334.06
2791 18.43 149.11 243.34 0.10 333.41
2792 20.16 343.92 384.44 0.10 326.41
2793 21.63 467.33 288.60 0.50 325.82
2794 22.98 586.08 281.51 1.80 325.96
2795 24.45 756.63 413.14 1.60 324.36
2796 25.98 924.83 617.58 1.80 322.78
2797 27.06 902.42 611.10 2.50 325.38
2798 27.72 827.82 593.39 2.20 321.17
2799 27.86 659.24 516.47 1.30 322.59
2800 27.61 487.83 445.20 1.60 326.19
2801 26.78 287.54 324.00 1.60 332.66
2802 25.60 109.95 140.89 2.10 339.43
2803 24.55 9.48 0.00 2.70 335.91
2804 23.50 0.00 0.00 4.30 339.83
2805 22.45 0.00 0.00 4.90 344.91
2806 21.40 0.00 0.00 5.30 344.99
2807 20.35 0.00 0.00 5.30 344.81
2808 19.33 0.00 0.00 6.10 342.40
2809 18.48 0.00 0.00 5.80 342.18
2810 17.57 0.00 0.00 7.00 339.41
2811 17.09 0.00 0.00 7.60 338.34
2812 16.60 0.00 0.00 8.30 337.77
2813 16.26 0.00 0.00 7.00 334.03
2814 16.65 21.23 0.00 6.70 337.60
2815 17.60 116.67 53.47 6.30 342.15
2816 18.97 271.62 112.01 5.80 338.33
2817 20.52 456.43 248.19 5.80 335.09
2818 22.39 695.20 521.75 5.10 330.84
2819 23.94 789.38 524.40 5.50 332.06
2820 25.06 801.07 447.19 5.30 332.97
2821 25.89 802.22 465.44 5.50 331.78
2822 26.49 787.91 516.92 5.30 330.21
2823 26.67 645.50 474.22 4.70 334.20
2824 26.48 497.81 474.55 5.10 334.71
2825 25.75 298.94 364.36 4.70 341.08
2826 24.61 105.27 134.89 3.40 349.87
2827 23.60 9.22 0.00 2.90 351.82
2828 22.59 0.00 0.00 2.90 357.79
2829 21.58 0.00 0.00 2.70 357.04
2830 20.57 0.00 0.00 1.80 351.95
2831 19.60 0.00 0.00 2.20 349.72
2832 18.53 0.00 0.00 2.70 348.81
2833 17.82 0.00 0.00 1.80 347.05
2834 17.06 0.00 0.00 2.20 350.15
2835 16.67 0.00 0.00 2.50 351.98
2836 16.27 0.00 0.00 0.90 347.24
2837 16.00 0.00 0.00 0.70 346.67
2838 16.36 19.31 0.00 1.00 347.53
2839 17.34 119.24 68.35 1.60 347.54
2840 19.00 319.05 259.00 1.10 337.56
2841 21.04 583.62 584.18 2.50 329.12
2842 22.59 669.14 448.50 2.20 330.40
2843 23.83 738.09 406.61 2.90 326.70
2844 24.82 778.41 375.17 2.10 324.26
2845 25.45 733.21 307.74 3.40 325.42
2846 25.61 589.48 178.38 3.20 332.93
2847 25.43 461.40 131.65 2.50 337.64
2848 24.80 301.16 39.36 1.80 342.58
2849 24.05 220.17 75.18 2.20 340.20
2850 23.08 92.80 51.46 1.80 348.41
2851 22.06 6.86 0.00 1.40 347.95
2852 21.04 0.00 0.00 2.20 345.04
2853 20.02 0.00 0.00 2.20 342.73
2854 19.01 0.00 0.00 1.40 335.66
2855 17.93 0.00 0.00 0.90 332.81
2856 16.86 0.00 0.00 0.60 329.54
2857 15.99 0.00 0.00 1.10 326.84
2858 15.00 0.00 0.00 1.60 322.17
2859 14.45 0.00 0.00 2.50 315.91
2860 13.89 0.00 0.00 2.50 314.17
2861 13.49 0.00 0.00 2.70 312.73
2862 14.01 30.15 45.78 3.80 311.93
2863 15.72 202.65 548.98 3.70 312.38
2864 17.77 421.44 721.75 3.80 310.71
2865 19.80 632.82 797.32 3.20 305.62
2866 21.66 811.82 840.36 4.30 306.05
2867 23.24 922.33 816.39 4.30 305.33
2868 24.50 980.33 815.70 4.90 304.36
2869 25.39 968.74 807.87 3.20 302.79
2870 25.89 894.47 806.72 2.10 308.89
2871 26.00 762.34 805.72 1.40 306.31
2872 25.63 579.62 777.83 1.10 310.50
2873 24.68 361.35 666.62 1.80 313.58
2874 23.29 144.64 438.70 2.10 323.47
2875 22.42 11.79 0.00 1.60 319.36
2876 21.55 0.00 0.00 0.90 324.87
2877 20.68 0.00 0.00 0.70 325.89
2878 19.81 0.00 0.00 1.60 326.61
2879 18.95 0.00 0.00 1.80 324.23
2880 18.04 0.00 0.00 0.50 322.18
2881 17.55 0.00 0.00 1.00 330.20
2882 17.18 0.00 0.00 1.40 326.94
2883 16.92 0.00 0.00 2.20 324.03
2884 16.67 0.00 0.00 1.90 325.82
2885 16.46 0.00 0.00 1.50 330.53
2886 16.92 31.33 52.51 1.70 329.05
2887 18.45 211.15 608.00 1.30 333.54
2888 20.22 443.35 787.58 1.80 328.81
2889 21.99 661.22 882.97 2.20 325.58
2890 23.64 841.23 913.87 2.80 328.56
2891 25.05 963.90 921.94 2.80 328.68
2892 26.17 1020.00 916.27 3.80 332.39
2893 26.95 1005.18 903.77 4.10 337.60
2894 27.37 925.15 890.75 4.10 336.42
2895 27.44 782.26 864.43 6.19 337.00
2896 27.05 590.91 815.34 6.39 337.74
2897 26.17 370.34 706.16 6.39 340.16
2898 24.90 150.66 478.45 7.99 343.00
2899 23.97 12.12 0.00 7.59 340.82
2900 23.05 0.00 0.00 9.49 341.38
2901 22.13 0.00 0.00 7.99 338.41
2902 21.21 0.00 0.00 6.59 335.80
2903 20.28 0.00 0.00 5.99 331.02
2904 19.41 0.00 0.00 7.59 331.36
2905 19.14 0.00 0.00 7.19 336.98
2906 18.84 0.00 0.00 6.99 334.82
2907 18.67 0.00 0.00 8.99 336.27
2908 18.50 0.00 0.00 7.19 334.71
2909 18.38 0.00 0.00 5.29 337.64
2910 19.04 32.40 58.89 5.49 340.34
2911 20.51 183.89 392.94 5.99 346.84
2912 22.39 391.35 555.51 5.09 344.90
2913 24.30 588.08 629.19 5.09 340.42
2914 26.14 760.76 657.61 6.59 343.29
2915 27.66 861.86 613.86 6.59 347.01
2916 28.92 902.04 627.79 6.59 342.15
2917 29.84 894.98 574.97 7.19 341.37
2918 30.43 843.78 634.41 7.19 341.21
2919 30.64 721.82 658.62 7.99 342.60
2920 30.36 540.11 627.80 10.89 347.91
2921 29.50 332.79 488.73 12.09 351.18
2922 28.22 128.50 296.06 11.79 357.75
2923 27.20 12.73 0.00 10.79 355.41
2924 26.17 0.00 0.00 9.49 357.10
2925 25.14 0.00 0.00 7.19 353.02
2926 24.11 0.00 0.00 8.99 349.48
2927 23.08 0.00 0.00 10.49 346.53
2928 22.05 0.00 0.00 11.49 341.24
2929 21.18 0.00 0.00 11.19 343.72
2930 20.21 0.00 0.00 10.09 342.28
2931 19.69 0.00 0.00 12.49 339.99
2932 19.19 0.00 0.00 10.09 342.64
2933 18.79 0.00 0.00 7.99 338.16
2934 19.30 31.17 40.99 8.49 334.35
2935 20.50 177.13 287.28 10.09 339.04
2936 22.13 385.48 486.36 7.39 336.82
2937 23.64 548.68 472.77 9.49 335.72
2938 25.07 701.93 512.79 7.59 340.04
2939 26.44 847.70 603.70 7.39 342.68
2940 27.36 836.54 490.61 8.99 345.46
2941 27.92 796.95 441.68 7.19 350.81
2942 28.26 745.35 452.02 6.39 348.29
2943 28.34 658.28 521.72 5.99 349.00
2944 28.05 504.05 476.84 6.99 350.20
2945 27.28 298.35 336.38 5.99 356.50
2946 26.15 112.89 119.17 5.99 360.13
2947 25.32 12.32 0.00 5.99 357.83
2948 24.49 0.00 0.00 5.79 360.94
2949 23.65 0.00 0.00 6.99 360.89
2950 22.82 0.00 0.00 5.79 360.33
2951 21.98 0.00 0.00 5.99 355.52
2952 21.15 0.00 0.00 3.60 351.43
2953 20.83 0.00 0.00 3.80 347.28
2954 20.46 0.00 0.00 4.30 342.26
2955 20.26 0.00 0.00 5.29 346.39
2956 20.06 0.00 0.00 5.99 345.52
2957 19.92 0.00 0.00 5.79 347.36
2958 20.51 31.69 41.28 6.59 346.54
2959 21.94 177.95 334.43 6.19 348.29
2960 23.74 381.78 473.09 4.80 347.57
2961 25.61 577.89 583.82 4.50 342.32
2962 27.45 762.34 636.99 5.29 338.53
2963 29.03 866.37 618.44 5.49 341.13
2964 30.37 932.71 645.74 6.19 341.30
2965 31.34 924.05 647.99 7.59 343.52
2966 31.91 850.98 649.46 7.59 342.40
2967 32.10 720.21 631.26 7.59 345.33
2968 31.78 535.37 601.20 6.59 347.52
2969 30.93 336.06 497.10 6.59 351.94
2970 29.66 137.08 275.93 6.59 355.92
2971 28.68 13.69 0.00 6.59 353.79
2972 27.69 0.00 0.00 5.79 361.69
2973 26.77 0.00 0.00 4.80 360.03
2974 25.81 0.00 0.00 4.80 360.66
2975 24.86 0.00 0.00 5.49 360.09
2976 23.91 0.00 0.00 5.29 360.12
2977 23.17 0.00 0.00 3.80 354.05
2978 22.36 0.00 0.00 2.50 353.24
2979 21.92 0.00 0.00 4.10 356.17
2980 21.48 0.00 0.00 4.50 355.87
2981 21.16 0.00 0.00 3.40 358.45
2982 21.71 33.46 53.71 3.40 359.08
2983 22.95 173.73 268.45 4.30 365.55
2984 24.56 372.72 429.89 3.00 365.56
2985 26.39 599.43 593.19 4.10 361.33
2986 28.04 758.68 635.95 4.50 358.62
2987 29.45 850.52 637.70 5.29 354.03
2988 30.64 919.32 590.55 6.99 357.03
2989 31.42 884.51 576.69 7.39 353.10
2990 31.84 804.76 556.96 6.59 356.51
2991 31.91 674.55 558.62 7.19 363.84
2992 31.53 507.06 480.49 7.59 366.83
2993 30.66 309.80 385.83 8.99 374.01
2994 29.47 132.03 215.08 10.09 375.48
2995 28.16 14.75 0.00 6.99 372.02
2996 27.40 0.00 0.00 6.59 371.80
2997 26.62 0.00 0.00 6.39 370.41
2998 25.85 0.00 0.00 5.29 368.47
2999 25.07 0.00 0.00 5.79 365.52
3000 24.30 0.00 0.00 4.80 362.85
3001 23.93 0.00 0.00 3.80 362.02
3002 23.54 0.00 0.00 4.30 360.40
3003 23.33 0.00 0.00 4.80 357.68
3004 23.12 0.00 0.00 4.50 358.07
3005 22.97 0.00 0.00 4.10 358.44
3006 23.62 34.37 57.76 3.20 358.80
3007 25.07 182.58 340.52 3.20 359.61
3008 26.84 380.71 471.03 4.30 358.68
3009 28.66 571.17 550.50 3.80 349.42
3010 30.46 735.91 602.86 3.60 351.82
3011 31.96 828.81 587.86 3.00 355.04
3012 33.15 872.13 536.36 4.30 361.28
3013 34.13 906.72 579.89 2.00 359.67
3014 34.69 823.72 593.20 2.00 358.50
3015 34.87 697.43 611.29 3.00 359.38
3016 34.59 523.81 548.11 2.80 364.55
3017 33.77 322.75 435.94 3.20 366.58
3018 32.56 132.87 286.88 2.50 372.78
3019 31.22 14.38 0.00 1.90 369.13
3020 30.13 0.00 0.00 1.70 376.06
3021 29.05 0.00 0.00 2.20 370.88
3022 27.97 0.00 0.00 3.60 369.34
3023 26.94 0.00 0.00 4.80 365.32
3024 25.89 0.00 0.00 6.39 362.35
3025 25.00 0.00 0.00 5.09 365.02
3026 24.00 0.00 0.00 3.60 363.61
3027 23.44 0.00 0.00 3.00 363.13
3028 22.88 0.00 0.00 3.40 361.36
3029 22.47 0.00 0.00 3.00 358.22
3030 23.12 40.37 124.64 2.50 357.15
3031 24.70 221.33 505.21 3.60 356.18
3032 26.60 451.28 717.25 4.80 352.49
3033 28.55 675.45 765.19 4.80 347.64
3034 29.53 630.52 300.13 5.09 361.90
3035 30.01 588.71 168.73 5.09 368.39
3036 30.65 706.50 272.90 5.79 363.17
3037 30.69 539.72 96.30 6.39 372.33
3038 30.66 522.64 105.28 6.39 369.78
3039 30.85 646.88 418.65 6.99 356.81
3040 30.94 619.09 754.14 6.59 350.30
3041 30.48 390.10 676.00 5.99 356.69
3042 29.50 165.25 436.93 5.29 365.41
3043 28.30 18.91 0.00 5.79 365.52
3044 27.41 0.00 0.00 5.09 365.26
3045 26.52 0.00 0.00 4.30 359.13
3046 25.63 0.00 0.00 3.80 357.86
3047 24.73 0.00 0.00 4.30 355.91
3048 23.84 0.00 0.00 4.50 353.26
3049 23.60 0.00 0.00 5.29 351.25
3050 23.33 0.00 0.00 5.49 349.39
3051 23.18 0.00 0.00 5.29 348.96
3052 23.03 0.00 0.00 5.09 351.30
3053 22.93 0.00 0.00 4.80 351.77
3054 23.69 38.78 99.56 3.80 348.52
3055 25.44 212.35 463.70 2.80 345.56
3056 27.48 429.80 673.32 2.20 341.22
3057 29.56 634.65 745.98 2.30 336.60
3058 31.52 799.44 755.85 1.50 341.86
3059 33.21 912.61 750.19 1.80 342.05
3060 34.59 971.38 757.08 1.80 340.16
3061 35.59 960.64 753.93 1.60 342.00
3062 36.20 893.66 777.18 1.70 342.43
3063 36.42 765.46 784.42 1.90 344.01
3064 36.14 583.29 750.87 3.00 343.12
3065 35.27 371.00 655.04 4.80 348.58
3066 33.94 158.23 459.60 5.49 355.98
3067 32.44 16.53 0.00 6.59 356.65
3068 31.24 0.00 0.00 4.80 361.93
3069 30.03 0.00 0.00 4.80 363.91
3070 28.82 0.00 0.00 4.80 362.01
3071 27.62 0.00 0.00 4.10 357.73
3072 26.48 0.00 0.00 4.30 359.00
3073 25.45 0.00 0.00 3.40 358.35
3074 24.31 0.00 0.00 2.50 355.38
3075 23.69 0.00 0.00 3.40 357.27
3076 23.07 0.00 0.00 4.10 355.05
3077 22.62 0.00 0.00 2.50 349.63
3078 23.24 40.06 116.68 2.80 351.30
3079 24.58 197.66 402.42 2.50 348.39
3080 26.21 405.75 562.64 2.30 341.87
3081 27.90 611.50 641.28 2.20 338.64
3082 29.52 773.79 664.72 2.50 337.86
3083 30.95 894.83 687.24 2.50 338.98
3084 32.09 952.75 692.21 3.80 342.29
3085 32.89 936.59 671.63 3.00 345.47
3086 33.34 869.94 694.43 3.80 345.33
3087 33.44 739.86 691.86 4.50 349.04
3088 33.10 561.82 651.37 4.50 349.32
3089 32.22 345.57 502.94 4.10 353.61
3090 30.96 144.58 349.65 3.60 363.30
3091 29.58 16.81 0.00 2.00 364.73
3092 28.75 0.00 0.00 1.90 368.12
3093 27.92 0.00 0.00 1.80 368.85
3094 27.14 0.00 0.00 0.80 370.37
3095 26.34 0.00 0.00 1.30 373.71
3096 25.54 0.00 0.00 2.20 376.97
3097 25.32 0.00 0.00 2.80 371.36
3098 25.09 0.00 0.00 3.00 371.54
3099 24.96 0.00 0.00 3.20 371.32
3100 24.84 0.00 0.00 3.80 370.97
3101 24.75 0.00 0.00 2.20 378.23
3102 25.50 38.31 77.53 1.50 378.19
3103 27.03 191.21 315.42 1.70 370.55
3104 28.80 380.61 443.66 2.30 371.18
3105 30.80 590.85 593.41 1.60 369.37
3106 32.65 749.45 622.21 2.00 368.88
3107 34.23 851.88 625.39 2.50 371.56
3108 35.49 895.62 567.78 2.80 371.86
3109 36.32 852.03 517.97 2.80 371.28
3110 36.80 785.76 491.98 3.40 372.77
3111 36.86 629.55 387.24 3.20 376.61
3112 36.53 498.77 416.46 4.30 377.28
3113 35.65 294.37 290.39 4.80 382.20
3114 34.44 123.68 135.71 3.80 387.92
3115 33.13 15.79 0.00 3.00 384.97
3116 31.98 0.00 0.00 2.30 384.70
3117 30.83 0.00 0.00 3.60 379.73
3118 29.68 0.00 0.00 3.40 379.11
3119 28.53 0.00 0.00 3.20 381.27
3120 27.41 0.00 0.00 4.10 381.63
3121 26.38 0.00 0.00 2.80 383.83
3122 25.26 0.00 0.00 4.10 385.12
3123 24.66 0.00 0.00 3.80 389.28
3124 24.06 0.00 0.00 3.40 388.47
3125 23.63 0.00 0.00 3.60 380.72
3126 24.26 40.03 65.96 2.80 378.95
3127 25.47 185.04 303.07 3.20 377.38
3128 26.86 358.98 358.74 4.10 374.78
3129 28.37 553.11 439.79 3.40 373.43
3130 29.95 734.98 555.72 2.80 368.11
3131 31.33 850.25 618.98 3.00 370.62
3132 32.46 914.00 573.86 3.20 368.94
3133 33.24 896.79 614.19 2.80 367.55
3134 33.67 818.29 542.11 4.10 370.73
3135 33.73 676.08 519.97 4.10 376.72
3136 33.34 497.43 424.29 3.60 377.25
3137 32.52 315.56 378.30 4.50 383.00
3138 31.37 132.39 245.15 4.50 391.25
3139 30.11 17.24 0.00 3.60 387.33
3140 29.13 0.00 0.00 2.20 392.77
3141 28.16 0.00 0.00 2.20 391.05
3142 27.23 0.00 0.00 1.90 390.01
3143 26.29 0.00 0.00 1.80 385.71
3144 25.34 0.00 0.00 1.40 384.04
3145 24.89 0.00 0.00 0.80 380.27
3146 24.41 0.00 0.00 0.60 377.41
3147 24.16 0.00 0.00 1.10 378.02
3148 23.90 0.00 0.00 0.60 377.57
3149 23.73 0.00 0.00 0.20 374.96
3150 24.39 35.52 28.29 0.40 375.39
3151 25.70 173.75 159.22 0.40 368.71
3152 27.27 352.22 318.98 1.00 371.18
3153 29.21 588.57 557.65 1.60 361.60
3154 30.83 701.49 485.94 1.60 361.37
3155 32.09 756.67 413.00 1.90 366.86
3156 33.21 833.70 481.32 2.50 368.73
3157 34.11 865.15 531.77 3.40 369.47
3158 34.60 771.24 466.98 4.80 369.93
3159 34.80 677.04 523.72 5.09 369.69
3160 34.39 452.35 289.42 5.29 380.02
3161 33.64 307.68 301.80 7.99 378.67
3162 32.47 105.55 74.53 7.99 389.15
3163 31.24 15.33 0.00 7.59 386.71
3164 30.11 0.00 0.00 6.99 389.15
3165 28.98 0.00 0.00 7.59 387.32
3166 27.85 0.00 0.00 9.49 383.92
3167 26.78 0.00 0.00 7.99 381.53
3168 25.69 0.00 0.00 8.99 380.84
3169 24.75 0.00 0.00 6.59 383.49
3170 23.70 0.00 0.00 6.19 384.67
3171 23.12 0.00 0.00 6.59 379.61
3172 22.54 0.00 0.00 5.79 376.03
3173 22.12 0.00 0.00 5.79 375.64
3174 22.82 43.77 120.41 6.19 377.83
3175 24.16 201.21 373.25 6.19 373.23
3176 25.83 412.96 548.01 4.80 365.96
3177 27.53 612.09 624.98 6.19 355.36
3178 29.14 779.47 652.81 6.19 358.44
3179 30.45 860.38 613.92 7.39 363.18
3180 31.54 924.21 595.63 7.39 364.22
3181 32.26 900.81 619.83 7.99 363.76
3182 32.66 832.60 597.74 8.49 364.97
3183 32.73 710.59 625.43 8.99 365.09
3184 32.35 536.19 564.97 7.99 367.08
3185 31.48 336.40 455.77 8.49 371.40
3186 30.25 143.50 304.22 7.59 379.41
3187 28.89 18.78 0.00 6.39 378.61
3188 28.20 0.00 0.00 4.80 387.99
3189 27.51 0.00 0.00 5.49 386.02
3190 26.88 0.00 0.00 6.39 387.97
3191 26.21 0.00 0.00 6.19 386.85
3192 25.55 0.00 0.00 6.39 384.13
3193 25.48 0.00 0.00 7.99 382.74
3194 25.40 0.00 0.00 9.49 384.00
3195 25.37 0.00 0.00 6.99 380.43
3196 25.33 0.00 0.00 6.19 376.61
3197 25.31 0.00 0.00 3.40 379.08
3198 26.15 39.99 49.74 3.20 384.78
3199 27.70 190.40 314.19 2.80 373.46
3200 29.70 391.29 462.99 2.50 370.91
3201 31.60 558.81 453.95 3.20 368.45
3202 33.35 697.16 495.94 2.80 369.08
3203 34.83 785.17 482.80 2.80 367.14
3204 36.18 880.33 535.31 3.20 368.59
3205 37.16 865.50 551.38 3.00 368.28
3206 37.76 798.18 530.39 2.30 369.22
3207 37.96 674.83 510.36 2.20 372.51
3208 37.82 545.10 592.96 3.00 370.26
3209 37.12 356.76 504.48 1.60 371.86
3210 35.96 158.53 291.23 1.60 379.45
3211 34.61 19.54 0.00 1.90 376.35
3212 33.23 0.00 0.00 2.50 379.41
3213 31.85 0.00 0.00 3.00 377.16
3214 30.47 0.00 0.00 3.00 374.00
3215 29.08 0.00 0.00 4.50 369.99
3216 27.70 0.00 0.00 4.80 365.14
3217 26.40 0.00 0.00 4.10 363.50
3218 24.94 0.00 0.00 4.50 358.17
3219 24.14 0.00 0.00 5.49 358.00
3220 23.35 0.00 0.00 5.29 357.64
3221 22.79 0.00 0.00 4.50 356.67
3222 23.45 44.77 127.50 5.49 359.43
3223 24.70 199.88 356.08 5.99 354.89
3224 26.18 394.05 468.82 6.59 353.56
3225 27.68 587.83 564.64 6.59 349.08
3226 29.13 737.36 551.41 7.99 348.39
3227 30.50 882.64 618.82 9.49 347.47
3228 31.60 945.46 653.41 8.49 346.99
3229 32.37 937.56 659.73 8.99 349.03
3230 32.79 857.85 640.30 10.09 352.70
3231 32.90 754.16 720.07 10.49 352.74
3232 32.66 593.31 719.80 10.49 361.35
3233 31.88 377.01 576.48 8.49 362.04
3234 30.69 165.87 356.53 7.19 370.20
3235 29.33 22.69 8.82 6.19 366.68
3236 28.30 0.00 0.00 5.99 369.64
3237 27.30 0.00 0.00 4.50 368.20
3238 26.30 0.00 0.00 5.09 366.98
3239 25.29 0.00 0.00 3.80 364.32
3240 24.29 0.00 0.00 3.40 362.55
3241 23.97 0.00 0.00 3.80 359.25
3242 23.61 0.00 0.00 4.50 354.25
3243 23.40 0.00 0.00 5.29 353.25
3244 23.20 0.00 0.00 4.50 354.77
3245 23.04 0.00 0.00 2.30 356.51
3246 23.97 48.38 165.63 2.30 358.42
3247 25.90 244.28 603.80 2.50 351.31
3248 28.00 468.92 779.13 2.20 354.86
3249 30.18 681.47 868.49 3.00 352.89
3250 32.18 852.08 888.41 3.80 351.81
3251 33.90 966.56 888.06 4.10 356.90
3252 35.27 1021.11 880.96 3.40 358.95
3253 36.26 1013.13 886.45 4.10 360.69
3254 36.84 934.37 876.86 4.30 361.41
3255 37.00 794.35 850.41 5.99 364.10
3256 36.65 608.87 787.69 5.79 367.18
3257 35.69 390.22 694.82 5.79 372.74
3258 34.28 173.16 490.94 5.99 382.33
3259 32.68 21.05 0.00 8.49 375.85
3260 31.73 0.00 0.00 7.39 383.54
3261 30.78 0.00 0.00 5.09 386.53
3262 29.83 0.00 0.00 6.19 388.08
3263 28.88 0.00 0.00 5.29 384.86
3264 27.92 0.00 0.00 5.29 382.95
3265 27.31 0.00 0.00 3.80 379.55
3266 26.58 0.00 0.00 3.20 379.20
3267 26.17 0.00 0.00 3.40 377.23
3268 25.75 0.00 0.00 4.30 380.28
3269 25.44 0.00 0.00 5.49 382.68
3270 26.39 49.21 170.20 6.39 386.08
3271 28.40 247.38 520.55 6.19 373.67
3272 30.69 473.74 790.00 5.49 369.71
3273 32.95 687.29 881.60 5.99 365.00
3274 35.03 859.35 903.58 5.09 367.79
3275 36.81 974.48 905.12 4.80 367.44
3276 38.22 1028.98 898.08 3.40 367.78
3277 39.21 1015.87 891.34 2.50 368.35
3278 39.78 941.07 891.66 2.50 367.96
3279 39.91 804.89 877.20 3.40 369.43
3280 39.49 615.48 803.57 4.10 369.35
3281 38.44 397.61 723.02 4.10 371.40
3282 36.91 179.59 531.48 3.40 379.95
3283 35.17 22.11 0.00 4.30 377.74
3284 33.40 0.00 0.00 3.20 383.25
3285 31.64 0.00 0.00 3.40 379.84
3286 29.88 0.00 0.00 3.00 377.08
3287 28.11 0.00 0.00 2.50 368.34
3288 26.42 0.00 0.00 2.80 361.14
3289 25.28 0.00 0.00 2.80 363.43
3290 24.04 0.00 0.00 3.00 358.60
3291 23.37 0.00 0.00 4.50 360.52
3292 22.70 0.00 0.00 4.80 358.04
3293 22.23 0.00 0.00 4.30 347.38
3294 23.01 49.06 144.55 3.60 345.56
3295 24.35 208.56 385.41 3.40 343.04
3296 25.92 408.27 511.36 2.30 340.65
3297 27.49 593.62 573.16 2.80 341.10
3298 29.00 756.73 619.55 3.20 340.91
3299 30.33 865.34 580.38 4.80 337.98
3300 31.39 917.79 570.50 4.50 339.08
3301 32.17 925.20 603.22 5.49 341.43
3302 32.58 836.93 642.53 5.79 342.87
3303 32.67 718.80 634.13 6.99 344.17
3304 32.32 537.16 548.29 5.49 347.04
3305 31.50 345.88 443.04 5.29 349.21
3306 30.34 159.53 333.51 4.50 356.27
3307 29.03 22.48 0.00 5.49 353.24
3308 27.77 0.00 0.00 3.80 360.37
3309 26.58 0.00 0.00 2.20 356.55
3310 25.37 0.00 0.00 2.20 355.44
3311 24.15 0.00 0.00 3.40 349.76
3312 22.94 0.00 0.00 2.80 352.90
3313 22.25 0.00 0.00 3.20 349.03
3314 21.48 0.00 0.00 4.30 348.38
3315 21.05 0.00 0.00 5.49 345.65
3316 20.62 0.00 0.00 5.79 346.32
3317 20.31 0.00 0.00 5.79 349.11
3318 21.19 49.75 166.93 4.80 350.20
3319 22.99 243.84 576.48 4.80 342.47
3320 24.95 464.12 750.02 5.49 340.94
3321 26.90 671.33 827.38 3.80 335.83
3322 28.68 838.19 844.19 4.50 337.06
3323 30.26 951.96 844.46 4.30 341.24
3324 31.51 1004.56 832.07 3.60 345.44
3325 32.40 991.57 823.48 4.50 343.88
3326 32.91 920.83 833.46 4.50 342.82
3327 33.04 789.54 826.99 5.09 345.50
3328 32.68 605.51 783.12 3.80 349.51
3329 31.77 393.06 688.06 3.60 351.32
3330 30.42 178.04 497.28 4.30 357.00
3331 28.88 22.97 0.24 4.10 358.74
3332 27.90 0.00 0.00 3.20 366.43
3333 26.98 0.00 0.00 3.40 362.83
3334 26.03 0.00 0.00 3.00 361.63
3335 25.09 0.00 0.00 3.40 359.12
3336 24.15 0.00 0.00 3.00 356.31
3337 23.67 0.00 0.00 3.00 359.68
3338 23.15 0.00 0.00 2.80 357.29
3339 22.88 0.00 0.00 3.40 358.26
3340 22.61 0.00 0.00 2.30 360.98
3341 22.42 0.00 0.00 2.00 364.83
3342 23.32 46.37 110.51 1.50 371.73
3343 24.82 197.27 314.42 1.40 365.58
3344 26.77 416.74 481.57 1.00 357.53
3345 28.16 503.28 291.86 1.90 363.45
3346 29.69 665.25 369.77 2.50 360.30
3347 30.89 719.62 320.99 2.00 360.89
3348 32.08 832.23 464.55 2.00 354.19
3349 33.17 915.55 555.82 1.70 350.67
3350 34.02 916.28 768.86 2.20 347.51
3351 34.49 818.36 865.23 3.00 346.37
3352 34.50 629.48 830.64 1.90 349.69
3353 33.88 407.74 699.64 3.20 353.31
3354 32.75 186.04 478.74 3.80 356.63
3355 31.37 28.90 52.68 2.80 356.42
3356 29.94 0.00 0.00 2.50 364.46
3357 28.51 0.00 0.00 2.30 362.55
3358 27.13 0.00 0.00 2.50 358.78
3359 25.75 0.00 0.00 2.80 358.08
3360 24.36 0.00 0.00 3.40 356.11
3361 23.16 0.00 0.00 2.20 357.88
3362 21.86 0.00 0.00 1.70 353.56
3363 21.15 0.00 0.00 2.00 354.51
3364 20.45 0.00 0.00 2.00 355.48
3365 19.94 0.00 0.00 1.30 350.48
3366 20.77 51.37 190.74 1.10 352.64
3367 22.24 226.72 476.40 1.40 345.89
3368 23.91 434.57 612.92 1.90 340.13
3369 25.57 628.26 667.71 1.60 333.99
3370 27.09 788.13 675.41 1.10 334.60
3371 28.43 906.14 695.96 0.80 332.90
3372 29.54 963.33 700.22 0.80 333.29
3373 30.31 950.57 690.05 0.30 332.96
3374 30.73 873.89 677.45 0.20 334.53
3375 30.81 745.57 672.18 1.10 331.32
3376 30.48 577.73 670.67 1.40 335.89
3377 29.64 375.25 597.31 1.10 339.74
3378 28.43 172.50 434.58 1.00 343.12
3379 27.09 25.40 20.28 0.60 340.58
3380 25.83 0.00 0.00 0.40 342.34
3381 24.57 0.00 0.00 0.30 341.25
3382 23.31 0.00 0.00 0.40 340.49
3383 22.05 0.00 0.00 1.00 342.00
3384 20.79 0.00 0.00 1.30 340.27
3385 20.11 0.00 0.00 1.50 342.06
3386 19.39 0.00 0.00 1.10 339.15
3387 18.96 0.00 0.00 1.30 336.62
3388 18.52 0.00 0.00 1.30 334.53
3389 18.20 0.00 0.00 0.80 335.06
3390 19.22 53.58 196.46 1.00 335.59
3391 20.80 228.29 479.98 1.00 328.07
3392 22.60 429.95 605.94 1.50 329.97
3393 24.41 625.54 656.05 1.80 323.18
3394 26.08 784.47 661.84 1.60 324.80
3395 27.50 885.59 629.80 1.80 326.09
3396 28.63 935.52 612.26 2.50 324.71
3397 29.48 935.20 639.67 3.40 331.15
3398 30.01 881.36 699.93 4.10 336.29
3399 30.17 755.45 702.40 4.80 335.26
3400 29.90 591.85 703.08 3.60 335.02
3401 29.07 379.14 594.63 2.20 337.30
3402 27.82 176.47 454.36 2.30 343.36
3403 26.44 26.47 28.66 2.20 340.60
3404 25.39 0.00 0.00 2.00 350.02
3405 24.34 0.00 0.00 1.60 349.21
3406 23.29 0.00 0.00 1.70 349.18
3407 22.24 0.00 0.00 1.40 348.80
3408 21.19 0.00 0.00 1.50 346.20
3409 20.56 0.00 0.00 1.10 344.26
3410 19.87 0.00 0.00 1.00 342.47
3411 19.55 0.00 0.00 0.80 343.50
3412 19.15 0.00 0.00 1.10 342.77
3413 18.87 0.00 0.00 0.50 336.84
3414 19.83 53.31 169.34 0.50 337.08
3415 21.34 215.19 394.76 0.30 329.41
3416 23.17 426.46 584.33 0.20 323.90
3417 24.98 618.58 616.05 0.10 324.02
3418 26.70 786.43 666.58 1.40 324.13
3419 28.13 886.34 630.90 1.70 324.02
3420 29.30 928.89 592.72 1.40 325.74
3421 30.15 922.48 601.21 1.10 324.42
3422 30.64 851.67 606.61 1.00 327.79
3423 30.79 734.49 631.98 1.40 331.63
3424 30.45 551.77 581.61 1.10 334.60
3425 29.61 358.62 497.89 0.60 336.70
3426 28.38 163.58 352.49 0.60 343.44
3427 27.03 26.29 23.98 0.60 338.77
3428 25.83 0.00 0.00 1.10 345.73
3429 24.63 0.00 0.00 0.60 343.33
3430 23.43 0.00 0.00 0.50 341.51
3431 22.24 0.00 0.00 0.60 343.36
3432 21.04 0.00 0.00 1.00 340.85
3433 20.16 0.00 0.00 0.80 336.10
3434 19.20 0.00 0.00 1.00 332.12
3435 18.62 0.00 0.00 1.40 326.36
3436 18.04 0.00 0.00 2.20 323.64
3437 17.61 0.00 0.00 2.30 329.17
3438 18.48 53.98 120.54 3.80 331.92
3439 19.82 221.20 340.71 3.80 324.96
3440 21.35 420.66 519.56 4.30 324.28
3441 22.81 594.16 547.26 4.50 324.10
3442 24.18 749.72 593.17 5.49 320.85
3443 25.36 852.71 603.62 6.99 322.44
3444 26.31 911.51 605.34 7.19 320.41
3445 26.99 907.47 561.82 8.49 323.01
3446 27.34 829.31 589.07 6.99 323.86
3447 27.36 692.23 529.03 9.49 324.50
3448 27.00 532.75 507.50 7.99 327.84
3449 26.21 338.93 394.02 8.99 329.95
3450 25.09 151.50 270.22 8.49 332.62
3451 23.86 26.52 23.46 7.99 333.87
3452 22.82 0.00 0.00 8.99 336.76
3453 21.78 0.00 0.00 9.79 332.45
3454 20.74 0.00 0.00 8.49 328.52
3455 19.70 0.00 0.00 7.59 328.09
3456 18.67 0.00 0.00 7.59 322.80
3457 18.25 0.00 0.00 6.99 322.88
3458 17.76 0.00 0.00 5.99 327.47
3459 17.49 0.00 0.00 6.99 330.89
3460 17.21 0.00 0.00 7.99 326.69
3461 17.01 0.00 0.00 7.39 328.66
3462 18.17 59.29 173.75 7.99 331.55
3463 19.81 232.24 423.77 9.49 329.07
3464 21.71 447.05 613.12 9.49 330.19
3465 23.64 654.37 734.46 8.99 321.34
3466 25.34 799.60 691.64 11.49 321.23
3467 26.92 943.90 791.92 13.19 321.84
3468 28.18 1000.58 813.18 14.88 322.30
3469 29.13 991.98 748.54 13.19 327.60
3470 29.26 724.39 368.62 11.19 338.61
3471 29.31 705.82 541.92 10.49 333.88
3472 28.68 470.73 289.11 8.99 342.51
3473 27.81 355.21 454.79 8.49 338.70
3474 26.65 173.58 365.68 6.99 339.14
3475 25.28 24.85 3.92 7.59 336.51
3476 24.31 0.00 0.00 8.49 343.58
3477 23.33 0.00 0.00 6.59 342.17
3478 22.36 0.00 0.00 4.80 345.95
3479 21.38 0.00 0.00 4.80 348.15
3480 20.41 0.00 0.00 2.50 343.68
3481 19.76 0.00 0.00 3.00 343.62
3482 19.05 0.00 0.00 2.20 339.33
3483 18.62 0.00 0.00 3.20 337.98
3484 18.19 0.00 0.00 3.80 336.29
3485 17.87 0.00 0.00 3.20 337.02
3486 18.96 56.56 193.76 4.30 341.06
3487 20.53 226.10 403.42 4.80 333.95
3488 22.28 420.61 543.48 5.99 330.60
3489 23.90 579.85 513.75 4.80 328.30
3490 25.49 745.14 556.42 5.29 326.40
3491 27.04 903.18 644.30 5.49 327.47
3492 28.13 908.25 572.61 5.49 333.93
3493 28.98 916.88 570.10 5.09 331.87
3494 29.55 882.07 679.24 4.80 330.23
3495 29.83 804.95 825.24 6.59 331.98
3496 29.67 620.48 777.15 6.99 335.48
3497 28.90 404.32 642.06 5.99 341.42
3498 27.67 188.76 429.11 5.49 344.04
3499 26.29 32.77 93.72 3.60 340.39
3500 25.32 0.00 0.00 2.20 345.42
3501 24.35 0.00 0.00 2.30 342.40
3502 23.38 0.00 0.00 1.60 341.83
3503 22.42 0.00 0.00 1.40 343.02
3504 21.45 0.00 0.00 1.90 343.97
3505 20.93 0.00 0.00 2.50 341.02
3506 20.35 0.00 0.00 2.80 340.57
3507 20.03 0.00 0.00 3.80 341.70
3508 19.71 0.00 0.00 5.29 343.60
3509 19.52 0.00 0.00 5.09 348.68
3510 20.68 64.29 301.51 3.80 352.77
3511 22.35 240.41 504.91 3.60 347.04
3512 24.23 447.51 651.61 4.50 347.46
3513 26.11 644.75 714.11 4.30 342.55
3514 27.82 804.65 722.79 4.10 340.91
3515 29.33 905.19 686.77 4.30 340.86
3516 30.50 941.74 625.59 5.49 340.88
3517 31.31 919.98 589.72 5.29 341.30
3518 31.80 867.23 645.07 4.50 337.64
3519 31.90 731.56 613.85 3.40 338.81
3520 31.58 574.61 636.50 2.30 343.36
3521 30.71 371.49 533.87 2.00 348.61
3522 29.43 170.62 372.72 3.80 352.03
3523 27.97 29.03 40.73 4.10 348.70
3524 26.91 0.00 0.00 2.80 358.13
3525 25.82 0.00 0.00 5.09 354.53
3526 24.74 0.00 0.00 3.60 352.18
3527 23.66 0.00 0.00 2.50 349.02
3528 22.57 0.00 0.00 1.10 341.33
3529 21.85 0.00 0.00 1.90 343.22
3530 21.04 0.00 0.00 1.50 338.51
3531 20.60 0.00 0.00 1.50 333.05
3532 20.16 0.00 0.00 1.40 334.33
3533 19.84 0.00 0.00 1.40 331.84
3534 20.91 60.85 270.95 1.30 333.73
3535 22.52 238.68 515.43 1.10 330.76
3536 24.33 448.21 661.27 0.40 327.89
3537 26.05 628.15 654.61 1.10 323.88
3538 27.61 784.41 654.78 1.00 325.99
3539 28.94 863.04 600.35 1.70 328.68
3540 29.95 895.74 569.29 1.90 328.23
3541 30.71 899.89 573.07 2.30 336.62
3542 31.07 804.95 540.51 2.50 338.96
3543 31.08 672.50 476.76 4.10 341.38
3544 30.66 519.41 422.06 3.60 346.82
3545 29.81 344.32 412.44 2.50 352.09
3546 28.60 157.56 280.20 3.00 358.94
3547 27.29 28.77 34.97 3.40 359.36
3548 26.25 0.00 0.00 2.20 361.73
3549 25.22 0.00 0.00 1.90 356.02
3550 24.18 0.00 0.00 2.80 356.03
3551 23.14 0.00 0.00 2.20 355.51
3552 22.11 0.00 0.00 3.80 351.63
3553 21.51 0.00 0.00 3.60 350.17
3554 20.86 0.00 0.00 2.50 349.73
3555 20.50 0.00 0.00 2.20 354.51
3556 20.15 0.00 0.00 3.00 354.03
3557 19.89 0.00 0.00 3.00 352.21
3558 20.85 52.62 144.11 3.40 356.22
3559 22.34 211.16 353.92 4.30 348.63
3560 24.27 437.91 549.81 3.80 343.75
3561 25.66 529.95 342.56 5.79 348.54
3562 27.01 669.65 364.48 5.09 347.53
3563 27.99 705.42 293.71 5.29 353.79
3564 29.07 829.96 456.52 5.29 353.06
3565 29.71 768.11 341.54 5.49 355.64
3566 30.02 694.85 312.90 5.49 354.33
3567 30.11 618.89 351.15 3.80 352.86
3568 29.86 491.96 359.34 4.80 357.02
3569 29.22 345.49 412.67 4.30 358.76
3570 28.24 180.04 421.91 4.50 361.29
3571 27.07 29.67 40.70 3.40 356.59
3572 25.85 0.00 0.00 3.00 358.05
3573 24.64 0.00 0.00 2.50 357.65
3574 23.43 0.00 0.00 3.20 357.10
3575 22.22 0.00 0.00 3.60 351.33
3576 21.01 0.00 0.00 3.60 352.01
3577 20.14 0.00 0.00 1.90 350.19
3578 19.19 0.00 0.00 2.50 349.76
3579 18.63 0.00 0.00 2.30 347.81
3580 18.06 0.00 0.00 3.40 346.56
3581 17.64 0.00 0.00 3.80 344.35
3582 18.60 54.08 146.53 4.10 346.98
3583 19.74 187.25 153.39 3.80 346.57
3584 21.09 354.31 293.21 4.80 347.52
3585 22.42 506.65 290.23 5.49 344.36
3586 23.95 714.70 496.07 7.59 340.12
3587 25.26 816.92 540.57 6.99 339.48
3588 26.33 879.24 521.14 7.99 340.35
3589 27.20 917.51 567.88 8.99 336.23
3590 27.78 894.03 711.46 7.99 338.02
3591 27.96 743.11 625.99 5.49 340.71
3592 27.76 574.42 625.31 4.80 342.70
3593 27.11 386.42 525.38 5.29 345.42
3594 26.02 182.27 324.22 4.80 348.97
3595 24.74 33.44 80.51 5.79 345.26
3596 23.94 0.00 0.00 5.09 349.93
3597 23.14 0.00 0.00 4.80 348.84
3598 22.34 0.00 0.00 6.19 348.67
3599 21.54 0.00 0.00 5.49 345.17
3600 20.74 0.00 0.00 4.10 345.15
3601 20.51 0.00 0.00 3.60 342.54
3602 20.23 0.00 0.00 1.80 344.79
3603 20.07 0.00 0.00 2.00 342.43
3604 19.91 0.00 0.00 2.20 341.23
3605 19.78 0.00 0.00 2.30 347.15
3606 20.90 56.68 150.61 2.80 351.58
3607 22.46 214.50 362.21 4.10 349.75
3608 24.29 411.08 487.90 3.00 346.66
3609 26.15 598.88 568.33 2.30 344.72
3610 27.88 760.60 584.61 2.00 344.76
3611 29.50 881.94 613.41 2.80 342.17
3612 30.82 941.42 622.27 3.00 343.30
3613 31.72 910.90 563.24 3.40 347.72
3614 32.25 845.02 641.19 2.20 349.47
3615 32.39 714.88 565.02 1.80 356.10
3616 32.06 547.23 524.08 1.50 360.39
3617 31.23 365.59 486.91 1.00 361.03
3618 29.98 171.08 330.79 0.80 369.26
3619 28.55 30.89 47.85 0.80 368.50
3620 27.75 0.00 0.00 0.80 373.42
3621 27.00 0.00 0.00 1.00 377.35
3622 26.23 0.00 0.00 1.00 379.01
3623 25.46 0.00 0.00 0.80 376.75
3624 24.68 0.00 0.00 0.50 379.07
3625 24.51 0.00 0.00 0.20 382.27
3626 23.95 0.00 0.00 0.20 384.92
3627 23.65 0.00 0.00 0.30 387.63
3628 23.34 0.00 0.00 0.30 386.92
3629 23.12 0.00 0.00 0.30 389.27
3630 24.04 54.99 168.56 0.10 388.53
3631 25.21 193.78 171.36 0.10 387.47
3632 26.56 364.92 312.12 0.20 385.79
3633 28.04 558.02 408.99 0.40 380.27
3634 29.53 717.95 524.22 0.80 378.80
3635 30.80 814.13 536.28 0.60 378.85
3636 31.90 895.19 544.17 0.80 377.62
3637 32.80 933.90 610.75 1.20 372.22
3638 33.38 879.79 661.94 0.60 372.48
3639 33.53 718.34 571.11 1.40 377.42
3640 33.29 544.98 526.37 0.70 378.72
3641 32.57 350.80 420.87 0.90 376.95
3642 31.52 167.14 308.47 1.60 382.58
3643 30.31 31.00 45.97 2.50 379.48
3644 29.48 0.00 0.00 2.20 384.10
3645 28.64 0.00 0.00 2.70 383.14
3646 27.84 0.00 0.00 2.90 381.62
3647 27.04 0.00 0.00 2.30 384.87
3648 26.23 0.00 0.00 2.00 384.79
3649 25.73 0.00 0.00 1.60 381.95
3650 25.17 0.00 0.00 2.20 380.19
3651 24.86 0.00 0.00 2.30 378.74
3652 24.55 0.00 0.00 3.10 375.48
3653 24.32 0.00 0.00 1.50 368.15
3654 25.31 59.75 151.82 1.50 371.03
3655 26.69 224.30 382.82 1.40 362.27
3656 28.20 414.81 499.45 1.00 364.65
3657 29.87 614.56 613.93 0.90 364.75
3658 31.25 726.73 514.51 0.30 374.79
3659 32.35 794.09 486.24 0.40 371.25
3660 33.34 877.86 518.39 0.50 366.57
3661 34.12 903.47 576.99 0.40 368.13
3662 34.54 812.63 547.49 0.90 371.96
3663 34.61 675.14 474.83 1.20 377.60
3664 34.28 513.91 409.31 1.20 381.47
3665 33.56 341.61 381.00 1.50 387.77
3666 32.50 157.94 251.84 1.00 391.19
3667 31.31 30.35 23.83 0.90 386.20
3668 30.37 0.00 0.00 1.60 383.38
3669 29.43 0.00 0.00 1.80 379.29
3670 28.50 0.00 0.00 2.30 379.07
3671 27.60 0.00 0.00 2.20 381.99
3672 26.69 0.00 0.00 2.90 381.25
3673 26.10 0.00 0.00 3.80 377.43
3674 25.45 0.00 0.00 3.60 381.55
3675 25.10 0.00 0.00 5.90 380.15
3676 24.76 0.00 0.00 5.90 378.30
3677 24.51 0.00 0.00 5.50 380.17
3678 25.45 57.11 154.53 4.40 379.65
3679 26.76 213.37 350.70 5.90 374.70
3680 28.27 406.24 466.77 5.50 373.51
3681 29.88 595.33 556.96 5.70 370.03
3682 31.47 772.73 604.14 5.50 365.47
3683 32.86 892.00 643.04 5.20 366.12
3684 34.00 953.45 658.22 5.70 368.80
3685 34.81 937.73 634.06 6.40 370.66
3686 35.31 879.41 657.74 6.90 374.89
3687 35.42 722.73 577.77 6.90 380.72
3688 35.15 565.08 574.07 5.70 390.75
3689 34.42 370.96 495.78 4.70 398.83
3690 33.34 177.35 339.27 4.90 408.07
3691 32.09 33.94 70.57 4.40 404.69
3692 30.91 0.00 0.00 4.40 407.23
3693 29.73 0.00 0.00 4.10 404.70
3694 28.55 0.00 0.00 2.90 402.91
3695 27.41 0.00 0.00 2.50 401.51
3696 26.27 0.00 0.00 1.60 394.75
3697 25.41 0.00 0.00 1.30 393.28
3698 24.47 0.00 0.00 1.30 390.52
3699 23.95 0.00 0.00 2.30 384.84
3700 23.44 0.00 0.00 2.00 384.52
3701 23.07 0.00 0.00 1.60 382.32
3702 24.10 66.41 265.04 2.00 384.11
3703 25.46 239.71 510.61 1.80 381.74
3704 27.03 449.53 649.31 1.70 378.52
3705 28.56 637.61 683.38 1.20 371.24
3706 29.95 777.42 631.90 1.40 375.76
3707 31.13 873.06 589.21 2.20 376.64
3708 32.13 944.88 631.42 2.50 374.09
3709 32.81 924.63 595.40 2.50 377.48
3710 33.18 853.26 593.58 2.30 380.07
3711 33.23 721.81 603.61 4.10 381.69
3712 32.92 565.21 571.52 3.80 383.09
3713 32.17 371.76 494.65 3.60 383.97
3714 31.09 180.69 374.42 3.80 385.49
3715 29.85 35.47 90.34 3.80 384.74
3716 28.75 0.00 0.00 3.60 385.19
3717 27.69 0.00 0.00 3.30 384.04
3718 26.62 0.00 0.00 3.10 382.42
3719 25.56 0.00 0.00 3.30 379.83
3720 24.49 0.00 0.00 4.40 375.59
3721 23.90 0.00 0.00 3.80 378.07
3722 23.25 0.00 0.00 3.30 373.53
3723 22.89 0.00 0.00 3.60 372.10
3724 22.53 0.00 0.00 2.90 369.77
3725 22.27 0.00 0.00 2.90 367.49
3726 23.45 71.10 326.52 2.70 372.12
3727 25.01 254.94 571.69 3.60 367.18
3728 26.75 470.55 738.44 2.50 365.98
3729 28.47 672.96 810.34 3.30 359.92
3730 30.11 837.40 828.20 3.30 364.29
3731 31.54 953.11 837.77 3.30 365.23
3732 32.68 1006.17 823.64 3.30 368.25
3733 33.48 993.23 808.65 2.00 367.53
3734 33.95 922.32 809.47 2.20 368.14
3735 34.08 792.01 789.97 3.80 369.00
3736 33.79 619.87 767.99 3.60 368.56
3737 33.02 415.24 690.87 2.50 372.03
3738 31.84 203.48 526.43 4.40 373.93
3739 30.46 35.08 75.36 3.10 375.04
3740 29.27 0.00 0.00 2.90 377.45
3741 28.09 0.00 0.00 2.70 375.34
3742 26.96 0.00 0.00 1.50 366.63
3743 25.82 0.00 0.00 1.20 359.51
3744 24.67 0.00 0.00 1.80 358.11
3745 23.89 0.00 0.00 2.70 359.48
3746 23.00 0.00 0.00 4.70 355.90
3747 22.51 0.00 0.00 3.80 353.01
3748 22.01 0.00 0.00 3.30 350.66
3749 21.65 0.00 0.00 2.00 347.46
3750 22.75 71.80 329.74 1.50 352.05
3751 24.18 254.55 567.33 1.40 350.10
3752 25.78 467.33 735.14 1.80 349.43
3753 27.35 662.30 772.92 2.90 345.78
3754 28.80 825.15 790.45 3.30 345.68
3755 30.08 936.17 787.65 4.10 349.93
3756 31.11 993.99 787.82 4.40 350.50
3757 31.84 986.06 786.56 2.90 349.80
3758 32.25 919.16 798.48 3.30 352.00
3759 32.35 798.00 807.10 3.80 353.22
3760 32.06 623.53 778.02 3.10 358.02
3761 31.30 423.01 728.81 2.20 359.97
3762 30.17 211.97 568.91 1.40 366.42
3763 28.81 36.84 74.72 2.00 369.51
3764 27.85 0.00 0.00 2.20 377.49
3765 26.96 0.00 0.00 2.00 380.10
3766 26.03 0.00 0.00 1.70 381.44
3767 25.10 0.00 0.00 1.20 378.52
3768 24.18 0.00 0.00 1.60 380.18
3769 23.84 0.00 0.00 3.10 378.28
3770 23.44 0.00 0.00 2.70 379.66
3771 23.22 0.00 0.00 4.40 379.17
3772 22.99 0.00 0.00 4.70 382.39
3773 22.82 0.00 0.00 2.90 383.97
3774 23.83 56.93 194.29 2.00 384.65
3775 25.05 194.46 207.65 1.60 387.56
3776 26.80 417.40 451.18 1.80 379.74
3777 28.27 555.54 380.39 1.80 378.87
3778 30.18 817.25 718.12 2.90 369.22
3779 31.83 942.57 761.53 2.30 370.52
3780 33.39 1087.84 934.65 4.40 368.53
3781 34.53 1081.02 985.23 3.10 367.98
3782 35.25 1007.81 982.73 5.20 369.29
3783 35.56 872.67 966.37 6.10 368.62
3784 35.45 685.11 936.72 5.20 369.63
3785 34.74 461.70 831.16 6.40 373.78
3786 33.56 230.53 638.27 5.70 375.99
3787 32.11 48.24 239.00 6.70 378.79
3788 31.27 0.00 0.00 7.80 387.51
3789 30.44 0.00 0.00 8.10 388.00
3790 29.60 0.00 0.00 9.10 388.23
3791 28.77 0.00 0.00 8.50 389.58
3792 27.94 0.00 0.00 8.50 389.38
3793 27.45 0.00 0.00 8.10 389.28
3794 26.89 0.00 0.00 7.80 386.92
3795 26.59 0.00 0.00 8.10 381.77
3796 26.28 0.00 0.00 7.40 380.80
3797 26.06 0.00 0.00 6.40 385.41
3798 27.24 68.63 306.62 4.90 388.06
3799 28.73 242.13 523.16 4.70 388.13
3800 30.47 447.02 638.48 5.50 385.43
3801 32.20 639.01 689.87 4.10 379.36
3802 33.80 796.76 695.70 5.50 378.81
3803 35.19 905.72 688.45 6.40 379.48
3804 36.32 966.62 700.41 7.80 376.95
3805 37.15 964.10 715.21 8.50 378.79
3806 37.66 898.73 729.52 10.00 381.34
3807 37.82 777.68 734.12 10.50 378.71
3808 37.60 611.63 727.16 10.00 381.18
3809 36.88 408.75 644.88 9.10 382.83
3810 35.77 204.09 506.97 10.50 391.52
3811 34.43 37.87 104.55 9.60 389.83
3812 33.13 0.00 0.00 8.10 398.25
3813 31.83 0.00 0.00 9.60 394.23
3814 30.54 0.00 0.00 9.60 391.48
3815 29.24 0.00 0.00 9.10 388.67
3816 27.94 0.00 0.00 7.80 383.13
3817 26.99 0.00 0.00 6.70 386.10
3818 25.94 0.00 0.00 6.70 386.05
3819 25.38 0.00 0.00 5.70 387.27
3820 24.82 0.00 0.00 5.20 389.21
3821 24.43 0.00 0.00 4.40 383.01
3822 25.19 49.89 99.81 3.60 385.65
3823 25.93 147.76 65.99 3.80 382.81
3824 26.46 205.34 17.59 2.50 386.97
3825 27.37 370.86 84.23 4.10 380.92
3826 28.46 543.01 175.80 4.90 373.14
3827 29.28 573.20 142.58 4.10 375.50
3828 30.31 764.04 320.84 4.40 365.81
3829 31.52 973.16 685.54 5.70 358.37
3830 32.42 956.99 862.63 4.90 357.36
3831 32.89 824.94 859.50 4.40 358.67
3832 32.97 642.25 775.99 4.10 361.00
3833 32.59 426.95 644.69 4.10 363.56
3834 31.77 209.79 440.79 5.20 373.75
3835 30.71 44.48 153.04 5.20 372.15
3836 29.83 0.00 0.00 5.20 379.55
3837 28.94 0.00 0.00 5.50 379.97
3838 28.06 0.00 0.00 5.20 378.16
3839 27.23 0.00 0.00 3.30 380.93
3840 26.38 0.00 0.00 2.70 380.35
3841 25.93 0.00 0.00 2.20 379.87
3842 25.44 0.00 0.00 2.00 381.46
3843 25.17 0.00 0.00 2.30 382.36
3844 24.91 0.00 0.00 2.20 384.56
3845 24.72 0.00 0.00 1.80 387.81
3846 25.25 33.55 0.00 1.80 389.62
3847 25.45 61.72 0.00 3.10 397.39
3848 26.75 284.02 112.07 3.60 383.46
3849 28.56 564.03 390.31 3.60 375.67
3850 30.59 822.55 735.71 3.10 369.46
3851 32.19 913.32 657.44 2.30 366.96
3852 33.03 797.52 386.53 2.70 377.01
3853 33.84 883.45 532.48 3.80 373.13
3854 34.02 661.23 274.49 5.20 382.10
3855 33.73 476.02 120.68 4.90 387.72
3856 33.32 415.50 155.86 4.90 386.57
3857 32.55 245.78 80.51 3.60 390.47
3858 31.71 168.03 241.91 2.90 385.78
3859 30.73 46.47 180.17 3.10 385.99
3860 30.24 0.00 0.00 2.50 390.86
3861 29.75 0.00 0.00 2.30 389.37
3862 29.26 0.00 0.00 2.20 391.39
3863 28.77 0.00 0.00 2.50 392.71
3864 28.28 0.00 0.00 2.20 392.46
3865 28.04 0.00 0.00 3.10 390.62
3866 27.80 0.00 0.00 2.90 386.87
3867 27.67 0.00 0.00 3.80 390.43
3868 27.53 0.00 0.00 4.10 390.63
3869 27.43 0.00 0.00 4.40 389.92
3870 28.48 57.62 183.01 3.10 387.21
3871 30.09 224.86 418.49 2.50 377.34
3872 32.02 443.56 592.41 1.60 374.94
3873 33.70 592.57 552.06 2.30 372.16
3874 35.17 713.59 492.00 2.70 371.84
3875 36.58 848.26 568.26 2.50 367.96
3876 37.75 909.21 593.76 3.80 365.56
3877 38.62 906.22 569.61 3.10 365.44
3878 39.37 946.20 813.89 4.10 368.03
3879 39.71 810.11 834.15 3.30 373.44
3880 39.67 637.42 783.04 3.30 376.40
3881 39.05 425.46 655.65 4.70 378.01
3882 37.97 210.66 455.89 4.40 380.48
3883 36.66 45.79 167.05 4.40 386.69
3884 35.20 0.00 0.00 4.10 390.48
3885 33.73 0.00 0.00 4.40 391.23
3886 32.26 0.00 0.00 4.70 392.88
3887 30.79 0.00 0.00 4.10 394.90
3888 29.32 0.00 0.00 2.50 394.13
3889 27.96 0.00 0.00 1.80 392.11
3890 26.55 0.00 0.00 1.20 391.95
3891 25.76 0.00 0.00 1.60 391.48
3892 24.98 0.00 0.00 1.70 393.51
3893 24.41 0.00 0.00 1.00 391.52
3894 25.00 45.11 44.72 0.60 395.27
3895 25.92 176.88 124.00 0.90 388.26
3896 26.95 328.04 150.46 1.00 385.42
3897 28.24 544.98 380.47 0.80 375.29
3898 29.34 649.22 336.84 1.00 379.51
3899 30.65 875.03 565.56 0.60 373.83
3900 31.72 949.92 633.43 0.40 374.03
3901 32.43 915.29 567.01 0.50 378.70
3902 32.83 851.58 548.87 1.00 375.85
3903 33.07 821.21 801.69 1.30 368.74
3904 32.98 641.67 797.86 1.60 372.95
3905 32.38 417.15 630.32 2.20 383.01
3906 31.40 205.45 472.58 2.50 386.47
3907 30.23 46.83 178.27 3.10 389.84
3908 29.41 0.00 0.00 3.10 388.45
3909 28.59 0.00 0.00 2.50 387.53
3910 27.81 0.00 0.00 2.50 387.63
3911 27.02 0.00 0.00 3.80 386.92
3912 26.23 0.00 0.00 2.50 386.88
3913 26.15 0.00 0.00 2.20 382.58
3914 26.06 0.00 0.00 1.70 381.79
3915 26.01 0.00 0.00 1.80 379.94
3916 25.96 0.00 0.00 2.30 377.52
3917 25.93 0.00 0.00 2.00 381.74
3918 27.18 67.34 213.04 1.40 388.48
3919 28.79 240.57 468.44 0.80 385.04
3920 30.70 450.59 653.48 0.60 381.23
3921 32.64 656.06 738.91 1.00 373.32
3922 34.43 818.82 775.81 1.40 376.17
3923 35.98 930.86 775.22 2.20 379.76
3924 37.21 978.47 740.49 2.00 381.78
3925 38.13 974.46 746.96 1.50 381.53
3926 38.65 886.00 666.02 2.50 380.53
3927 38.82 753.28 627.66 2.90 378.40
3928 38.50 572.41 585.32 2.90 380.09
3929 37.70 376.00 458.49 3.30 383.04
3930 36.53 181.55 332.13 4.10 389.67
3931 35.20 38.66 105.86 3.10 397.78
3932 33.82 0.00 0.00 2.90 401.59
3933 32.44 0.00 0.00 2.50 397.26
3934 31.06 0.00 0.00 2.50 396.43
3935 29.68 0.00 0.00 3.30 392.47
3936 28.30 0.00 0.00 3.30 386.97
3937 27.02 0.00 0.00 3.10 389.88
3938 25.58 0.00 0.00 1.20 385.00
3939 24.80 0.00 0.00 1.30 381.11
3940 24.02 0.00 0.00 1.20 378.01
3941 23.45 0.00 0.00 0.50 374.35
3942 24.29 60.20 190.96 0.60 375.99
3943 25.47 223.89 371.76 0.50 372.00
3944 26.74 405.66 443.56 0.80 368.04
3945 27.99 581.28 520.29 1.20 367.60
3946 29.33 765.04 589.73 1.50 366.36
3947 30.48 870.49 586.85 2.00 366.86
3948 31.31 893.40 562.13 2.30 370.41
3949 31.90 896.10 578.61 3.10 372.34
3950 32.26 855.53 588.95 2.30 373.37
3951 32.36 757.86 654.86 1.60 372.42
3952 32.18 615.23 704.84 1.20 369.86
3953 31.59 433.34 682.32 1.80 369.81
3954 30.60 216.70 483.40 2.30 371.49
3955 29.39 48.56 188.74 3.30 379.05
3956 28.37 0.00 0.00 2.90 379.08
3957 27.40 0.00 0.00 2.20 378.79
3958 26.41 0.00 0.00 2.30 378.66
3959 25.42 0.00 0.00 1.70 377.73
3960 24.44 0.00 0.00 1.60 371.78
3961 24.18 0.00 0.00 1.30 372.32
3962 23.90 0.00 0.00 2.90 372.37
3963 23.74 0.00 0.00 4.10 375.00
3964 23.59 0.00 0.00 4.90 374.39
3965 23.47 0.00 0.00 3.30 372.47
3966 24.54 59.52 226.51 3.80 371.99
3967 25.87 206.69 322.12 5.50 371.94
3968 27.58 416.33 497.36 6.40 367.94
3969 29.27 598.32 558.52 6.70 364.08
3970 30.88 750.61 596.42 6.40 364.48
3971 32.26 849.41 595.99 6.70 363.25
3972 33.41 914.35 606.78 6.90 360.53
3973 34.21 892.35 570.96 5.90 362.38
3974 34.68 820.19 549.20 7.60 363.30
3975 34.80 692.65 523.24 7.80 361.97
3976 34.58 553.06 502.36 8.70 362.45
3977 33.89 370.59 447.52 8.10 367.37
3978 32.86 188.34 325.17 10.00 373.04
3979 31.63 42.61 122.43 10.00 376.82
3980 30.43 0.00 0.00 9.10 381.74
3981 29.24 0.00 0.00 9.10 379.82
3982 28.04 0.00 0.00 10.80 377.73
3983 26.91 0.00 0.00 8.50 376.41
3984 25.76 0.00 0.00 8.50 373.83
3985 24.76 0.00 0.00 8.10 374.62
3986 23.65 0.00 0.00 7.10 367.76
3987 23.04 0.00 0.00 7.10 366.96
3988 22.43 0.00 0.00 7.20 360.72
3989 21.98 0.00 0.00 4.40 355.61
3990 22.91 65.09 266.50 3.80 363.01
3991 24.15 234.12 475.41 4.10 359.61
3992 25.54 430.41 591.88 4.90 354.73
3993 26.95 624.57 634.14 4.70 354.21
3994 28.26 787.65 674.23 5.90 352.66
3995 29.43 896.00 663.18 7.10 352.94
3996 30.37 949.92 648.77 6.90 356.14
3997 31.02 940.41 635.59 7.80 357.38
3998 31.38 875.59 644.46 7.60 356.82
3999 31.44 752.55 634.87 8.50 356.13
4000 31.14 580.51 604.07 8.70 359.45
4001 30.43 393.89 548.19 8.70 368.17
4002 29.39 199.52 431.13 9.10 377.06
4003 28.16 41.76 135.40 11.30 385.27
4004 27.13 0.00 0.00 9.10 388.05
4005 26.08 0.00 0.00 9.10 381.91
4006 25.02 0.00 0.00 9.10 380.87
4007 23.97 0.00 0.00 10.00 372.87
4008 22.92 0.00 0.00 9.10 370.73
4009 22.49 0.00 0.00 6.40 367.87
4010 21.96 0.00 0.00 6.70 364.92
4011 21.64 0.00 0.00 7.10 362.24
4012 21.33 0.00 0.00 7.40 356.71
4013 21.08 0.00 0.00 6.10 352.69
4014 22.34 79.38 447.19 6.70 352.25
4015 23.95 280.39 743.05 5.50 347.07
4016 25.71 507.85 882.81 4.10 346.18
4017 27.44 719.00 934.27 3.30 342.61
4018 29.04 892.36 953.81 3.60 340.41
4019 30.46 1013.79 967.01 2.70 343.38
4020 31.60 1074.70 966.73 4.90 345.37
4021 32.41 1069.67 967.10 6.90 344.50
4022 32.88 998.34 964.71 7.40 344.31
4023 33.01 865.58 947.96 6.10 348.15
4024 32.73 687.33 927.17 6.10 351.67
4025 31.95 470.72 864.48 6.40 353.15
4026 30.75 244.37 585.50 5.70 357.71
4027 29.27 42.34 97.62 4.40 370.80
4028 28.11 0.00 0.00 3.60 371.01
4029 27.00 0.00 0.00 4.10 366.62
4030 25.88 0.00 0.00 3.80 362.60
4031 24.75 0.00 0.00 3.60 360.62
4032 23.62 0.00 0.00 4.10 356.96
4033 23.05 0.00 0.00 3.60 357.03
4034 22.36 0.00 0.00 2.50 352.35
4035 21.96 0.00 0.00 1.80 349.44
4036 21.55 0.00 0.00 3.10 348.27
4037 21.24 0.00 0.00 3.60 344.67
4038 22.27 70.90 327.14 2.90 350.59
4039 23.63 252.99 573.14 2.50 343.06
4040 25.14 464.62 738.77 3.60 342.21
4041 26.64 664.45 795.67 3.80 340.19
4042 27.99 823.48 797.81 3.60 343.31
4043 29.21 939.73 807.20 3.60 341.72
4044 30.19 994.73 792.76 4.40 344.95
4045 30.87 988.64 789.14 3.80 347.98
4046 31.26 922.75 796.11 2.90 347.04
4047 31.34 803.77 801.99 3.60 345.69
4048 31.07 635.87 786.89 4.90 349.47
4049 30.35 433.89 726.75 3.30 350.77
4050 29.26 224.51 560.87 4.40 354.74
4051 27.95 43.13 136.59 3.10 366.59
4052 26.96 0.00 0.00 3.60 366.27
4053 25.94 0.00 0.00 4.90 363.84
4054 24.93 0.00 0.00 3.10 361.46
4055 23.91 0.00 0.00 5.90 360.60
4056 22.90 0.00 0.00 8.10 359.29
4057 22.54 0.00 0.00 7.80 356.40
4058 22.13 0.00 0.00 10.00 356.33
4059 21.90 0.00 0.00 11.00 354.35
4060 21.66 0.00 0.00 10.50 351.09
4061 21.49 0.00 0.00 8.70 354.06
4062 22.65 66.19 293.32 7.40 354.60
4063 24.14 235.16 490.03 7.40 353.67
4064 25.72 418.73 509.36 5.90 354.98
4065 27.24 582.61 518.31 5.90 353.34
4066 28.66 731.50 531.17 6.90 355.20
4067 30.05 863.82 561.63 6.10 356.84
4068 31.17 919.42 563.90 5.20 359.40
4069 32.02 926.63 594.66 5.70 362.34
4070 32.53 865.25 611.11 7.40 362.80
4071 32.71 747.87 616.56 6.70 362.08
4072 32.53 592.61 629.14 6.70 357.49
4073 31.84 396.44 519.70 7.20 361.00
4074 30.79 207.93 466.23 7.20 367.99
4075 29.50 44.03 156.13 6.10 374.12
4076 28.55 0.00 0.00 4.10 378.38
4077 27.63 0.00 0.00 4.90 379.86
4078 26.71 0.00 0.00 4.70 376.05
4079 25.78 0.00 0.00 4.40 375.01
4080 24.86 0.00 0.00 4.90 375.34
4081 24.24 0.00 0.00 3.60 371.52
4082 23.55 0.00 0.00 5.20 371.74
4083 23.17 0.00 0.00 4.70 369.04
4084 22.79 0.00 0.00 5.20 368.78
4085 22.51 0.00 0.00 2.00 370.42
4086 23.57 65.30 286.89 2.30 373.55
4087 24.93 229.99 467.91 1.80 369.92
4088 26.34 404.35 475.81 2.90 369.05
4089 27.78 583.05 521.33 3.30 368.21
4090 29.14 732.02 560.86 4.40 369.06
4091 30.35 830.91 564.62 3.30 369.83
4092 31.40 914.84 541.51 3.60 369.76
4093 32.14 900.14 562.63 4.10 368.58
4094 32.49 795.08 509.94 3.30 371.21
4095 32.55 675.62 474.13 3.30 370.66
4096 32.24 526.60 408.60 4.90 372.60
4097 31.52 350.76 359.80 5.20 370.22
4098 30.50 175.65 267.37 4.90 373.46
4099 29.32 38.18 46.69 4.10 380.89
4100 28.35 0.00 0.00 4.70 381.09
4101 27.43 0.00 0.00 3.10 376.78
4102 26.49 0.00 0.00 3.60 375.41
4103 25.55 0.00 0.00 2.20 375.14
4104 24.61 0.00 0.00 1.60 371.73
4105 24.05 0.00 0.00 0.90 374.76
4106 23.39 0.00 0.00 1.40 371.16
4107 23.02 0.00 0.00 2.20 369.12
4108 22.64 0.00 0.00 1.80 361.45
4109 22.35 0.00 0.00 1.30 352.88
4110 23.59 74.39 361.62 1.20 354.60
4111 25.21 265.90 681.47 2.00 351.79
4112 26.98 482.95 820.14 3.10 349.09
4113 28.71 683.64 862.82 3.80 343.94
4114 30.36 850.49 879.28 3.60 348.15
4115 31.79 966.03 881.92 3.80 348.71
4116 32.95 1028.56 884.82 4.40 352.89
4117 33.77 1023.44 882.82 4.10 360.62
4118 34.26 956.52 886.65 2.50 362.45
4119 34.39 831.44 877.36 3.30 362.19
4120 34.13 659.89 859.44 4.40 363.59
4121 33.35 453.21 800.16 2.70 366.12
4122 32.16 236.92 529.57 5.20 368.34
4123 30.68 43.88 104.18 5.70 384.65
4124 30.01 0.00 0.00 5.50 389.42
4125 29.35 0.00 0.00 6.70 387.10
4126 28.68 0.00 0.00 5.70 386.29
4127 28.01 0.00 0.00 5.50 389.15
4128 27.39 0.00 0.00 4.70 385.39
4129 27.29 0.00 0.00 4.10 380.86
4130 27.13 0.00 0.00 4.40 382.63
4131 27.02 0.00 0.00 4.70 379.58
4132 26.91 0.00 0.00 6.10 384.05
4133 26.81 0.00 0.00 6.70 388.69
4134 28.27 77.29 444.97 6.10 393.07
4135 30.28 278.34 744.74 5.70 389.83
4136 32.48 508.97 889.65 3.80 390.98
4137 34.66 724.43 944.55 3.10 384.52
4138 36.67 901.76 968.18 2.90 384.45
4139 38.40 1022.50 980.34 3.80 386.25
4140 39.80 1082.61 978.20 3.80 386.06
4141 40.82 1079.82 979.80 3.80 388.50
4142 41.44 1006.51 973.57 4.90 390.82
4143 41.65 875.55 957.65 3.80 392.58
4144 41.38 691.82 928.82 3.80 394.14
4145 40.51 475.32 866.65 2.90 393.45
4146 39.16 248.04 586.13 2.50 398.55
4147 37.48 44.02 103.88 3.10 417.38
4148 36.12 0.00 0.00 2.90 421.47
4149 34.76 0.00 0.00 2.50 416.97
4150 33.39 0.00 0.00 2.20 413.17
4151 32.03 0.00 0.00 2.50 409.38
4152 30.67 0.00 0.00 2.00 407.07
4153 29.67 0.00 0.00 1.60 399.63
4154 28.57 0.00 0.00 1.20 396.88
4155 27.97 0.00 0.00 2.00 395.53
4156 27.42 0.00 0.00 2.30 393.74
4157 27.00 0.00 0.00 1.30 392.43
4158 28.05 69.12 324.37 1.80 394.94
4159 29.56 252.93 589.92 2.30 391.95
4160 31.25 467.63 765.79 2.30 390.46
4161 32.95 673.17 835.55 2.70 384.70
4162 34.52 843.18 863.51 3.30 386.48
4163 35.88 962.69 875.69 4.70 386.27
4164 36.97 1016.85 857.11 4.10 384.97
4165 37.74 1011.78 853.72 6.10 385.62
4166 38.20 946.75 861.03 6.10 385.87
4167 38.33 823.72 854.64 4.90 390.11
4168 38.08 652.58 833.59 4.90 390.50
4169 37.34 443.87 743.94 6.70 392.80
4170 36.21 228.23 474.52 7.10 394.00
4171 34.84 44.45 141.32 6.70 408.32
4172 33.57 0.00 0.00 6.40 411.94
4173 32.30 0.00 0.00 4.70 406.13
4174 31.03 0.00 0.00 5.20 407.04
4175 29.76 0.00 0.00 5.90 403.85
4176 28.49 0.00 0.00 5.70 401.74
4177 27.80 0.00 0.00 6.10 405.76
4178 27.04 0.00 0.00 6.90 399.92
4179 26.64 0.00 0.00 8.50 401.88
4180 26.23 0.00 0.00 7.60 397.86
4181 25.94 0.00 0.00 7.60 396.97
4182 26.99 63.58 286.80 7.20 395.96
4183 28.43 236.13 515.38 7.40 391.06
4184 30.12 440.04 640.24 9.10 388.63
4185 31.83 638.79 716.91 11.30 386.20
4186 33.41 797.71 722.49 12.80 382.00
4187 34.78 908.93 715.55 12.80 383.13
4188 35.89 964.93 701.91 14.40 387.24
4189 36.70 963.05 707.00 12.00 391.04
4190 37.18 898.87 713.44 11.70 391.25
4191 37.35 785.12 730.23 8.10 384.14
4192 37.17 624.66 732.57 7.40 381.66
4193 36.49 424.87 660.06 6.70 383.49
4194 35.41 218.03 491.54 5.20 390.79
4195 34.11 45.67 154.02 5.90 404.74
4196 32.65 0.00 0.00 5.50 409.83
4197 31.20 0.00 0.00 5.50 404.37
4198 29.75 0.00 0.00 6.70 402.52
4199 28.30 0.00 0.00 6.40 402.22
4200 26.91 0.00 0.00 4.90 398.99
4201 25.84 0.00 0.00 4.40 395.30
4202 24.63 0.00 0.00 3.80 389.40
4203 23.96 0.00 0.00 5.20 384.73
4204 23.29 0.00 0.00 3.10 385.66
4205 22.81 0.00 0.00 1.70 381.16
4206 23.63 57.72 245.70 2.70 381.44
4207 24.79 212.86 346.70 4.70 378.80
4208 26.49 467.38 663.30 4.40 365.32
4209 28.10 671.30 834.27 5.20 358.65
4210 29.62 835.70 788.38 3.80 359.65
4211 30.56 827.23 531.70 4.90 365.29
4212 31.29 865.77 525.46 3.30 369.92
4213 31.86 890.03 534.70 2.70 368.19
4214 31.92 703.67 312.88 2.90 372.84
4215 32.00 741.75 597.09 3.80 365.16
4216 31.75 586.19 589.53 4.40 359.86
4217 31.09 407.22 568.51 4.90 362.63
4218 30.15 247.36 624.00 4.70 360.61
4219 28.94 59.81 306.31 6.10 369.89
4220 28.12 0.00 0.00 3.80 368.76
4221 27.34 0.00 0.00 2.30 369.33
4222 26.55 0.00 0.00 3.80 370.77
4223 25.75 0.00 0.00 2.50 370.56
4224 24.95 0.00 0.00 1.80 368.08
4225 24.89 0.00 0.00 1.80 369.25
4226 24.80 0.00 0.00 1.30 364.13
4227 24.74 0.00 0.00 1.70 364.18
4228 24.68 0.00 0.00 2.30 363.31
4229 24.63 0.00 0.00 1.80 359.67
4230 25.78 61.77 277.67 3.30 364.64
4231 27.37 231.91 497.80 2.90 365.49
4232 29.17 431.85 610.08 2.70 360.17
4233 31.03 626.26 677.22 3.30 354.05
4234 32.74 778.77 663.03 2.70 358.36
4235 34.23 886.99 646.83 2.90 361.55
4236 35.43 940.41 625.42 2.90 364.39
4237 36.32 940.14 633.60 4.90 364.97
4238 36.88 880.10 650.81 4.40 363.64
4239 37.08 757.18 635.42 5.90 368.99
4240 36.88 597.57 632.98 5.90 372.99
4241 36.19 410.90 573.30 6.70 371.31
4242 35.09 213.64 485.87 6.40 381.32
4243 33.75 46.20 169.52 4.90 389.92
4244 32.70 0.00 0.00 5.90 394.39
4245 31.66 0.00 0.00 4.40 390.65
4246 30.61 0.00 0.00 4.90 386.97
4247 29.56 0.00 0.00 5.70 384.87
4248 28.51 0.00 0.00 5.20 380.48
4249 27.66 0.00 0.00 4.40 372.66
4250 26.72 0.00 0.00 6.40 371.38
4251 26.22 0.00 0.00 5.90 368.66
4252 25.71 0.00 0.00 4.90 366.97
4253 25.34 0.00 0.00 3.10 371.39
4254 26.29 60.27 231.17 3.30 371.94
4255 27.58 222.68 451.32 3.60 368.87
4256 29.06 414.90 548.10 5.50 368.17
4257 30.64 612.89 619.26 5.90 361.52
4258 32.07 759.76 607.60 6.90 362.07
4259 33.30 864.70 584.34 6.70 361.33
4260 34.32 929.02 593.22 6.90 362.33
4261 35.08 936.81 623.59 8.50 362.99
4262 35.52 862.98 599.83 8.10 360.82
4263 35.67 760.67 645.16 7.60 355.33
4264 35.45 592.64 622.98 7.60 354.39
4265 34.75 386.71 465.66 7.60 358.34
4266 33.71 194.52 356.30 8.10 363.17
4267 32.48 46.06 136.42 7.10 366.38
4268 31.25 0.00 0.00 6.40 372.53
4269 30.02 0.00 0.00 4.90 373.14
4270 28.78 0.00 0.00 5.50 371.57
4271 27.59 0.00 0.00 4.40 370.81
4272 26.40 0.00 0.00 5.70 370.08
4273 25.64 0.00 0.00 6.10 370.74
4274 24.80 0.00 0.00 6.10 369.26
4275 24.34 0.00 0.00 5.20 367.26
4276 23.89 0.00 0.00 4.90 367.48
4277 23.56 0.00 0.00 5.20 362.52
4278 24.52 60.09 249.35 5.50 365.69
4279 25.88 225.18 472.07 4.90 363.02
4280 27.45 429.53 607.07 3.80 356.24
4281 29.06 626.68 684.29 4.10 351.52
4282 30.59 785.58 689.83 4.10 351.80
4283 31.94 902.56 700.23 4.70 354.29
4284 33.00 952.11 663.40 5.20 356.37
4285 33.76 945.94 651.82 5.70 357.64
4286 34.21 881.27 653.51 6.40 359.99
4287 34.35 764.20 655.38 5.90 359.87
4288 34.13 603.76 651.10 5.90 363.64
4289 33.44 408.94 592.83 4.10 366.24
4290 32.37 208.57 447.62 4.40 373.52
4291 31.10 46.11 165.74 4.40 381.98
4292 29.88 0.00 0.00 3.80 385.29
4293 28.67 0.00 0.00 4.10 383.58
4294 27.50 0.00 0.00 3.60 382.73
4295 26.32 0.00 0.00 2.00 377.19
4296 25.15 0.00 0.00 1.60 374.80
4297 24.38 0.00 0.00 0.70 372.76
4298 23.54 0.00 0.00 1.50 369.68
4299 23.08 0.00 0.00 1.60 372.10
4300 22.62 0.00 0.00 0.90 373.69
4301 22.28 0.00 0.00 0.60 377.61
4302 23.14 53.83 198.22 0.80 378.48
4303 24.56 226.71 480.30 0.60 368.58
4304 26.17 431.79 621.64 0.70 365.81
4305 27.78 628.15 692.46 0.70 361.18
4306 29.29 788.39 701.64 0.90 360.08
4307 30.65 906.67 715.54 1.20 356.71
4308 31.75 967.45 714.33 1.40 361.74
4309 32.56 971.81 736.37 1.80 361.22
4310 33.05 907.80 740.69 1.00 359.43
4311 33.20 786.27 728.65 1.20 356.11
4312 33.01 626.90 733.02 0.90 360.23
4313 32.32 423.43 643.28 0.80 365.96
4314 31.24 216.84 500.77 1.50 369.77
4315 29.93 46.88 174.62 1.70 376.82
4316 28.82 0.00 0.00 1.30 380.85
4317 27.74 0.00 0.00 0.90 378.57
4318 26.66 0.00 0.00 1.80 375.18
4319 25.58 0.00 0.00 2.00 372.63
4320 24.51 0.00 0.00 2.90 368.44
4321 23.87 0.00 0.00 2.50 370.88
4322 23.16 0.00 0.00 2.70 367.42
4323 22.77 0.00 0.00 4.40 366.23
4324 22.38 0.00 0.00 3.80 365.14
4325 22.10 0.00 0.00 4.70 359.34
4326 23.09 59.48 204.87 3.80 359.30
4327 24.25 196.89 246.47 5.20 357.35
4328 24.95 257.31 75.14 5.70 370.41
4329 25.50 310.82 35.42 7.20 374.90
4330 26.43 485.46 129.42 6.90 370.70
4331 28.29 914.30 663.07 4.90 353.77
4332 29.98 1038.78 873.93 4.40 351.66
4333 31.22 1037.23 912.83 4.70 355.09
4334 32.04 971.20 914.98 6.10 356.45
4335 32.45 844.68 900.68 5.50 357.49
4336 32.46 666.70 848.40 5.20 360.68
4337 31.96 453.56 729.08 4.10 366.39
4338 30.99 233.09 536.67 3.60 375.18
4339 29.74 56.69 241.99 2.00 383.07
4340 29.24 0.00 0.00 1.30 390.77
4341 28.74 0.00 0.00 0.70 387.19
4342 28.24 0.00 0.00 0.60 388.65
4343 27.77 0.00 0.00 1.20 389.72
4344 27.28 0.00 0.00 1.80 391.92
4345 26.68 0.00 0.00 1.90 394.02
4346 26.60 0.00 0.00 1.90 394.54
4347 26.55 0.00 0.00 1.90 399.24
4348 26.51 0.00 0.00 1.50 402.50
4349 26.47 0.00 0.00 0.90 412.23
4350 27.32 48.73 160.15 1.10 417.43
4351 28.61 186.21 259.35 1.30 417.92
4352 29.98 337.04 175.38 2.00 417.18
4353 31.46 506.47 313.72 1.60 413.47
4354 33.14 718.25 523.71 2.20 407.41
4355 34.57 818.58 531.45 3.10 402.28
4356 35.90 932.49 593.01 4.90 404.67
4357 36.88 924.22 575.59 4.90 400.11
4358 37.59 904.58 713.33 4.30 394.05
4359 37.99 816.27 800.34 6.30 395.79
4360 38.02 641.53 762.20 5.50 399.58
4361 37.51 433.47 637.21 6.30 399.57
4362 36.55 220.86 444.11 4.30 405.93
4363 35.35 53.29 177.31 5.50 409.70
4364 34.26 0.00 0.00 4.60 413.58
4365 33.18 0.00 0.00 5.20 416.71
4366 32.10 0.00 0.00 4.30 412.30
4367 31.01 0.00 0.00 4.60 404.08
4368 29.93 0.00 0.00 5.20 403.42
4369 28.90 0.00 0.00 4.60 404.88
4370 27.77 0.00 0.00 3.30 400.77
4371 27.19 0.00 0.00 3.70 398.70
4372 26.60 0.00 0.00 3.30 395.61
4373 26.17 0.00 0.00 2.90 391.77
4374 26.85 51.50 173.45 2.90 391.57
4375 27.90 203.36 355.23 3.50 386.56
4376 29.17 389.12 452.19 3.50 385.36
4377 30.44 565.81 505.57 3.50 381.68
4378 31.68 726.70 537.53 3.70 384.15
4379 32.78 848.82 586.78 5.50 389.43
4380 33.73 929.97 586.85 7.21 389.11
4381 34.36 902.84 591.94 5.80 391.25
4382 34.71 837.87 573.81 4.90 392.60
4383 34.75 691.92 486.02 5.80 397.80
4384 34.43 520.66 380.77 5.50 402.68
4385 33.76 351.99 334.80 4.60 407.22
4386 32.81 167.39 139.25 4.90 415.83
4387 31.74 44.11 138.19 4.30 419.71
4388 30.91 0.00 0.00 2.90 420.60
4389 30.08 0.00 0.00 3.50 419.17
4390 29.25 0.00 0.00 4.60 418.32
4391 28.42 0.00 0.00 4.30 415.92
4392 27.59 0.00 0.00 3.90 412.77
4393 27.31 0.00 0.00 5.50 404.76
4394 27.04 0.00 0.00 3.10 407.49
4395 26.87 0.00 0.00 3.70 410.05
4396 26.70 0.00 0.00 3.10 406.90
4397 26.57 0.00 0.00 2.90 409.53
4398 27.36 52.90 204.05 3.10 409.75
4399 29.07 262.31 597.19 2.90 398.88
4400 30.90 493.35 877.94 3.70 396.60
4401 32.64 695.65 913.84 4.10 396.58
4402 34.38 909.24 980.69 3.90 394.35
4403 35.92 1052.27 881.25 4.30 392.71
4404 36.06 651.83 218.28 4.10 415.44
4405 36.02 584.38 120.51 5.80 416.77
4406 35.99 590.03 166.30 6.60 414.59
4407 35.63 472.29 107.85 7.21 415.99
4408 35.05 366.72 88.24 7.51 417.19
4409 34.24 226.62 27.71 7.81 423.04
4410 33.36 142.12 70.49 6.90 418.09
4411 32.39 37.98 38.56 6.60 416.15
4412 31.50 0.00 0.00 6.00 416.71
4413 30.61 0.00 0.00 6.30 412.94
4414 29.71 0.00 0.00 5.80 411.68
4415 28.82 0.00 0.00 4.90 408.21
4416 27.93 0.00 0.00 3.90 401.69
4417 27.26 0.00 0.00 4.90 397.32
4418 26.50 0.00 0.00 5.80 395.43
4419 26.08 0.00 0.00 5.80 391.90
4420 25.66 0.00 0.00 4.10 386.47
4421 25.35 0.00 0.00 4.60 382.29
4422 26.12 50.96 184.77 4.30 386.99
4423 27.56 237.46 556.02 4.60 373.66
4424 29.23 452.56 734.14 6.60 372.84
4425 30.90 657.32 813.57 6.60 368.08
4426 32.45 825.17 834.17 4.60 369.40
4427 33.79 943.49 838.65 6.00 372.21
4428 34.86 1000.04 819.65 5.50 374.15
4429 35.64 1001.22 826.64 6.00 375.70
4430 36.11 935.15 824.92 6.30 377.96
4431 36.26 817.28 827.27 7.21 377.46
4432 36.06 647.88 804.76 6.00 378.94
4433 35.40 448.42 758.46 4.90 377.47
4434 34.34 233.12 573.85 5.20 384.75
4435 33.03 46.82 159.41 4.60 397.27
4436 32.11 0.00 0.00 4.60 405.65
4437 31.19 0.00 0.00 5.50 401.59
4438 30.27 0.00 0.00 4.90 399.00
4439 29.35 0.00 0.00 4.30 398.08
4440 28.43 0.00 0.00 5.50 396.23
4441 27.99 0.00 0.00 5.80 398.54
4442 27.50 0.00 0.00 3.90 398.14
4443 27.27 0.00 0.00 5.50 398.47
4444 27.01 0.00 0.00 4.60 398.65
4445 26.82 0.00 0.00 3.90 395.71
4446 27.63 49.56 172.20 3.70 400.16
4447 28.76 178.29 194.66 3.70 402.47
4448 30.30 373.85 332.29 3.30 395.13
4449 30.39 228.89 15.80 3.10 417.54
4450 30.09 138.69 0.00 2.10 426.45
4451 29.74 95.10 0.00 1.90 426.90
4452 30.59 519.33 115.25 3.10 407.45
4453 31.59 684.96 234.29 3.30 400.97
4454 32.06 537.58 133.72 4.30 404.31
4455 32.73 703.24 470.13 6.30 386.96
4456 32.84 439.78 204.09 7.81 395.04
4457 32.89 426.25 520.62 7.51 381.14
4458 32.65 283.89 696.84 6.30 377.52
4459 31.95 64.92 387.28 6.30 390.41
4460 31.17 0.00 0.00 5.80 393.89
4461 30.39 0.00 0.00 6.30 395.05
4462 29.61 0.00 0.00 7.21 387.97
4463 28.83 0.00 0.00 8.41 384.52
4464 28.05 0.00 0.00 6.90 384.64
4465 27.53 0.00 0.00 6.60 382.46
4466 27.05 0.00 0.00 6.30 378.88
4467 26.79 0.00 0.00 4.10 378.66
4468 26.53 0.00 0.00 3.30 377.20
4469 26.35 0.00 0.00 2.50 374.99
4470 27.35 69.51 231.20 2.30 376.96
4471 27.02 21.50 0.00 2.50 417.90
4472 29.42 523.39 618.34 2.60 370.17
4473 31.52 753.31 966.65 1.50 366.96
4474 33.37 942.94 805.63 1.30 371.99
4475 33.54 533.37 151.65 1.10 403.20
4476 34.45 890.72 489.21 1.90 383.54
4477 35.62 1145.24 945.39 1.70 372.40
4478 36.39 1061.46 1012.87 1.90 371.73
4479 36.81 941.25 740.75 1.50 374.55
4480 35.30 58.00 0.00 1.30 432.99
4481 34.01 40.23 0.00 1.20 432.46
4482 33.38 275.98 485.02 0.60 388.29
4483 32.42 50.38 203.43 0.30 411.06
4484 31.88 0.00 0.00 0.10 419.41
4485 31.34 0.00 0.00 0.30 417.88
4486 30.79 0.00 0.00 0.40 419.46
4487 30.25 0.00 0.00 0.10 423.80
4488 29.71 0.00 0.00 0.50 424.67
4489 29.21 0.00 0.00 0.70 417.20
4490 28.71 0.00 0.00 0.40 415.04
4491 28.46 0.00 0.00 0.10 419.73
4492 28.22 0.00 0.00 0.70 421.96
4493 28.06 0.00 0.00 0.10 430.25
4494 28.54 32.08 7.41 0.30 432.18
4495 29.77 196.14 312.16 0.30 417.31
4496 31.26 412.99 565.11 0.60 410.60
4497 32.68 593.42 557.65 1.30 402.88
4498 33.53 589.31 261.87 1.00 412.16
4499 34.46 739.14 365.50 0.90 404.79
4500 35.20 768.80 332.68 1.00 400.87
4501 35.96 882.98 530.34 1.70 393.11
4502 36.07 592.32 234.25 1.30 406.08
4503 34.89 67.13 0.00 2.50 435.62
4504 34.12 154.89 0.10 1.90 422.14
4505 33.84 320.79 224.26 1.90 399.47
4506 33.38 210.34 410.19 2.10 397.79
4507 32.71 58.67 228.00 2.30 402.10
4508 31.79 0.00 0.00 2.90 405.55
4509 30.87 0.00 0.00 3.90 403.32
4510 29.95 0.00 0.00 3.70 399.51
4511 29.03 0.00 0.00 3.10 404.69
4512 28.11 0.00 0.00 2.30 403.55
4513 27.21 0.00 0.00 2.60 412.03
4514 26.18 0.00 0.00 2.80 409.02
4515 25.60 0.00 0.00 2.80 407.66
4516 25.03 0.00 0.00 2.90 408.55
4517 24.60 0.00 0.00 2.50 401.68
4518 24.91 26.12 0.00 3.50 405.01
4519 26.07 183.01 217.49 3.10 388.94
4520 27.68 426.79 559.11 1.50 378.13
4521 29.15 590.65 552.47 1.20 380.65
4522 31.12 929.21 844.98 1.30 367.80
4523 32.52 972.08 826.18 2.00 372.88
4524 33.16 839.80 479.10 2.60 387.01
4525 33.54 805.87 423.90 3.30 392.33
4526 33.28 525.08 121.68 3.30 406.40
4527 33.29 670.75 395.80 4.30 394.30
4528 33.39 740.53 807.58 5.80 378.40
4529 33.02 511.94 904.06 4.30 383.30
4530 32.17 269.52 756.33 5.20 388.51
4531 30.99 62.88 363.05 3.50 395.32
4532 30.23 0.00 0.00 2.30 399.31
4533 29.47 0.00 0.00 1.60 396.96
4534 28.71 0.00 0.00 2.30 396.87
4535 27.95 0.00 0.00 1.50 394.49
4536 27.23 0.00 0.00 1.70 397.64
4537 27.18 0.00 0.00 1.30 393.98
4538 27.11 0.00 0.00 1.30 394.98
4539 27.07 0.00 0.00 2.30 400.02
4540 27.02 0.00 0.00 3.90 397.78
4541 26.98 0.00 0.00 3.30 403.54
4542 27.81 47.63 124.66 3.30 405.74
4543 29.69 250.22 571.41 4.30 396.20
4544 31.70 473.80 845.73 6.00 399.57
4545 33.68 684.01 902.02 5.50 392.47
4546 35.50 856.89 920.56 5.80 394.68
4547 37.10 980.90 931.41 6.60 399.25
4548 38.41 1044.22 927.93 6.90 400.64
4549 39.38 1043.26 926.82 7.81 402.48
4550 39.99 978.27 928.38 6.00 406.81
4551 40.25 855.52 920.86 4.90 408.25
4552 40.12 683.03 903.87 4.30 410.61
4553 39.45 472.23 846.97 4.10 415.04
4554 38.33 249.19 575.64 3.70 415.67
4555 36.90 46.28 117.30 2.90 426.04
4556 35.70 0.00 0.00 3.90 430.21
4557 34.51 0.00 0.00 2.90 426.72
4558 33.31 0.00 0.00 2.20 421.91
4559 32.11 0.00 0.00 2.60 419.73
4560 30.91 0.00 0.00 2.30 415.04
4561 29.83 0.00 0.00 2.10 411.70
4562 28.66 0.00 0.00 2.20 407.53
4563 28.04 0.00 0.00 1.70 403.08
4564 27.42 0.00 0.00 1.90 403.88
4565 27.02 0.00 0.00 1.50 400.00
4566 27.51 51.59 218.96 2.30 398.90
4567 28.78 279.49 696.48 1.70 385.83
4568 30.15 531.62 910.02 1.20 381.09
4569 31.49 768.91 870.88 1.70 379.12
4570 32.33 796.59 710.76 2.00 390.74
4571 33.25 989.51 826.73 3.50 387.11
4572 33.02 520.06 88.96 2.80 413.29
4573 32.91 549.07 72.33 2.60 410.91
4574 32.60 459.50 65.68 2.60 415.11
4575 32.01 296.78 14.13 2.00 422.04
4576 31.22 136.26 0.00 2.50 427.86
4577 30.38 40.93 0.00 1.70 431.44
4578 29.63 21.62 0.00 1.90 427.24
4579 28.96 11.08 0.00 1.60 424.43
4580 28.68 0.00 0.00 1.20 421.36
4581 28.39 0.00 0.00 1.10 417.49
4582 28.11 0.00 0.00 0.90 415.12
4583 27.82 0.00 0.00 1.30 413.38
4584 27.54 0.00 0.00 1.30 410.88
4585 27.71 0.00 0.00 1.70 408.61
4586 27.91 0.00 0.00 1.70 411.69
4587 28.02 0.00 0.00 2.00 408.76
4588 28.14 0.00 0.00 1.20 409.81
4589 28.22 0.00 0.00 1.10 407.16
4590 29.11 46.09 117.33 1.10 407.51
4591 31.04 250.38 584.13 1.00 392.10
4592 33.11 476.89 860.46 1.90 386.29
4593 35.16 690.66 919.16 2.90 388.22
4594 37.06 867.96 941.97 3.90 386.16
4595 38.72 991.98 951.34 3.90 387.53
4596 40.09 1055.22 947.73 4.30 386.64
4597 41.11 1053.55 945.17 5.50 387.42
4598 41.78 986.00 942.19 5.20 389.62
4599 42.08 860.19 929.63 5.80 390.41
4600 41.98 683.75 905.98 7.21 390.24
4601 41.34 471.31 845.58 7.51 389.46
4602 40.26 244.60 554.60 7.21 397.10
4603 38.87 44.18 100.68 6.90 415.68
4604 37.49 0.00 0.00 8.81 426.74
4605 36.11 0.00 0.00 9.41 426.14
4606 34.73 0.00 0.00 10.01 421.75
4607 33.34 0.00 0.00 11.91 418.23
4608 31.96 0.00 0.00 11.01 413.98
4609 30.41 0.00 0.00 13.61 412.22
4610 28.74 0.00 0.00 10.31 407.36
4611 27.84 0.00 0.00 11.91 402.96
4612 26.98 0.00 0.00 11.01 398.48
4613 26.35 0.00 0.00 9.21 396.18
4614 26.84 41.45 115.24 9.01 398.29
4615 27.79 189.97 334.37 8.01 393.20
4616 28.96 370.49 395.48 9.41 386.94
4617 30.09 532.73 414.73 9.71 386.13
4618 31.28 716.44 536.68 9.41 383.31
4619 32.56 925.52 753.24 10.01 381.02
4620 33.60 999.34 777.56 8.41 376.17
4621 34.15 896.01 555.59 8.41 385.39
4622 34.77 1024.26 888.83 8.71 374.91
4623 34.98 858.00 926.10 8.41 374.65
4624 34.93 711.20 946.84 7.51 373.85
4625 34.41 483.44 876.20 8.71 376.01
4626 33.50 254.61 696.07 9.41 378.16
4627 32.34 60.69 341.50 7.51 391.75
4628 31.21 0.00 0.00 6.90 394.79
4629 30.09 0.00 0.00 7.51 393.33
4630 28.96 0.00 0.00 7.51 397.36
4631 27.83 0.00 0.00 8.01 394.19
4632 26.76 0.00 0.00 9.01 393.42
4633 26.38 0.00 0.00 10.61 389.77
4634 25.95 0.00 0.00 9.01 392.86
4635 25.72 0.00 0.00 10.31 394.91
4636 25.49 0.00 0.00 9.01 397.06
4637 25.31 0.00 0.00 8.01 403.23
4638 26.06 45.81 161.55 7.81 404.03
4639 27.50 220.93 516.26 6.90 398.77
4640 29.23 432.88 694.15 6.00 395.05
4641 30.97 635.58 768.15 4.90 389.19
4642 32.58 796.53 766.33 4.10 392.10
4643 33.99 916.28 772.44 2.90 392.00
4644 35.13 974.85 754.53 3.10 393.51
4645 35.98 979.67 768.61 3.10 392.17
4646 36.53 923.25 791.71 5.80 387.92
4647 36.74 802.19 781.03 7.51 390.31
4648 36.58 631.51 747.79 6.00 390.50
4649 35.92 427.48 662.48 6.60 396.28
4650 34.87 217.17 511.58 6.90 404.51
4651 33.59 44.55 141.39 7.21 416.85
4652 32.53 0.00 0.00 6.00 417.00
4653 31.47 0.00 0.00 5.80 412.58
4654 30.41 0.00 0.00 3.30 406.41
4655 29.35 0.00 0.00 2.90 401.86
4656 28.29 0.00 0.00 2.20 397.38
4657 27.49 0.00 0.00 2.60 399.94
4658 26.66 0.00 0.00 3.30 401.26
4659 26.20 0.00 0.00 3.70 398.05
4660 25.73 0.00 0.00 3.50 394.47
4661 25.40 0.00 0.00 2.30 391.22
4662 26.03 43.65 140.12 1.90 388.95
4663 27.36 220.22 519.95 2.30 384.33
4664 28.98 435.06 709.17 1.60 384.50
4665 30.62 639.84 787.68 1.60 376.82
4666 32.15 812.18 819.48 1.50 373.95
4667 33.49 936.57 835.35 2.20 375.99
4668 34.57 996.71 821.45 2.50 376.58
4669 35.35 994.55 814.03 1.10 375.70
4670 35.83 931.17 816.35 0.90 374.78
4671 35.99 810.89 809.75 0.50 376.73
4672 35.80 640.83 782.91 0.40 377.92
4673 35.15 437.00 706.92 0.20 381.77
4674 34.11 223.18 524.56 0.40 386.00
4675 32.85 44.71 145.28 0.60 397.26
4676 31.77 0.00 0.00 0.30 395.83
4677 30.70 0.00 0.00 0.30 392.05
4678 29.63 0.00 0.00 0.30 389.00
4679 28.56 0.00 0.00 0.10 385.70
4680 27.49 0.00 0.00 0.20 385.30
4681 26.91 0.00 0.00 0.40 386.68
4682 26.25 0.00 0.00 0.50 386.28
4683 25.89 0.00 0.00 0.70 383.27
4684 25.53 0.00 0.00 0.90 382.88
4685 25.28 0.00 0.00 0.60 379.26
4686 25.94 42.85 135.13 1.00 385.35
4687 27.38 225.53 475.06 0.60 377.11
4688 29.10 443.21 746.60 0.60 375.29
4689 30.84 652.39 834.31 0.60 368.74
4690 32.46 825.72 861.06 1.00 364.87
4691 33.85 942.47 853.35 0.90 363.66
4692 34.97 997.45 824.90 1.20 360.78
4693 35.79 997.02 822.09 1.10 363.84
4694 36.30 934.96 828.17 1.60 365.85
4695 36.49 814.29 821.16 1.30 372.46
4696 36.32 645.47 800.82 1.30 370.13
4697 35.67 440.66 724.76 1.50 375.68
4698 34.62 223.94 449.40 1.20 384.77
4699 33.33 43.09 128.54 0.90 393.84
4700 32.07 0.00 0.00 0.50 396.81
4701 30.81 0.00 0.00 1.00 393.98
4702 29.55 0.00 0.00 1.30 388.52
4703 28.29 0.00 0.00 1.70 382.99
4704 27.08 0.00 0.00 1.10 376.50
4705 26.16 0.00 0.00 1.60 380.91
4706 25.16 0.00 0.00 1.50 374.38
4707 24.61 0.00 0.00 1.00 378.84
4708 24.07 0.00 0.00 0.70 372.78
4709 23.67 0.00 0.00 0.70 367.22
4710 24.24 41.57 124.42 1.00 368.86
4711 25.47 207.35 479.27 1.30 360.04
4712 26.87 408.18 602.07 1.30 354.25
4713 28.29 600.40 652.39 1.30 347.47
4714 29.65 757.94 644.92 0.60 349.25
4715 30.80 860.15 599.71 0.80 351.96
4716 31.73 916.25 577.49 0.90 353.82
4717 32.43 928.29 608.60 1.60 355.82
4718 32.84 866.20 611.39 1.00 362.44
4719 32.96 753.23 621.98 1.10 363.44
4720 32.76 590.52 599.53 1.20 367.03
4721 32.18 416.72 618.66 1.30 368.67
4722 31.23 212.42 490.51 0.80 373.25
4723 30.07 43.55 136.15 0.80 382.73
4724 29.08 0.00 0.00 1.50 386.66
4725 28.09 0.00 0.00 1.50 388.37
4726 27.13 0.00 0.00 1.60 388.21
4727 26.17 0.00 0.00 1.20 387.67
4728 25.21 0.00 0.00 2.30 385.68
4729 24.75 0.00 0.00 2.90 383.16
4730 24.23 0.00 0.00 2.60 385.37
4731 23.94 0.00 0.00 3.50 386.15
4732 23.65 0.00 0.00 3.10 382.53
4733 23.44 0.00 0.00 2.90 383.47
4734 24.10 42.07 134.75 3.10 387.38
4735 25.59 223.30 476.87 3.50 377.51
4736 27.30 444.28 759.13 3.50 372.30
4737 29.05 653.94 846.12 4.10 362.92
4738 30.70 826.30 867.31 3.90 365.62
4739 32.14 950.14 876.51 4.10 361.29
4740 33.30 1006.50 852.28 5.50 363.12
4741 34.17 1012.17 864.77 4.60 368.64
4742 34.70 944.56 856.53 4.90 370.94
4743 34.89 817.96 834.31 4.90 372.25
4744 34.70 646.65 808.11 5.20 372.69
4745 34.02 438.35 719.84 7.51 375.74
4746 32.94 222.76 450.06 8.01 379.36
4747 31.62 42.84 130.34 5.50 392.34
4748 30.63 0.00 0.00 5.50 393.69
4749 29.65 0.00 0.00 4.10 389.42
4750 28.66 0.00 0.00 4.30 385.67
4751 27.67 0.00 0.00 4.60 387.53
4752 26.74 0.00 0.00 5.50 380.81
4753 26.10 0.00 0.00 5.50 378.98
4754 25.39 0.00 0.00 5.20 377.01
4755 25.01 0.00 0.00 4.60 376.70
4756 24.62 0.00 0.00 6.90 377.56
4757 24.35 0.00 0.00 4.60 379.25
4758 24.91 38.67 107.14 3.50 377.85
4759 26.04 185.43 346.99 2.80 377.93
4760 27.28 354.08 381.86 2.50 375.19
4761 28.67 550.03 482.09 3.10 373.14
4762 30.08 722.91 556.98 3.90 372.23
4763 31.35 849.77 576.24 5.20 372.90
4764 32.37 905.07 609.12 6.30 375.71
4765 33.09 888.53 548.27 6.00 377.14
4766 33.45 791.65 505.04 6.00 381.41
4767 33.56 691.87 511.25 7.51 384.71
4768 33.34 536.69 426.92 6.00 388.28
4769 32.70 347.41 329.80 5.20 391.68
4770 31.74 162.83 137.07 4.60 396.96
4771 30.66 41.14 122.32 5.20 394.88
4772 29.82 0.00 0.00 3.10 400.13
4773 28.98 0.00 0.00 2.90 398.06
4774 28.15 0.00 0.00 3.10 397.96
4775 27.31 0.00 0.00 3.10 396.49
4776 26.53 0.00 0.00 3.30 389.54
4777 26.06 0.00 0.00 2.80 385.73
4778 25.55 0.00 0.00 1.90 383.59
4779 25.27 0.00 0.00 2.20 382.06
4780 24.98 0.00 0.00 2.30 380.13
4781 24.78 0.00 0.00 2.20 385.09
4782 25.52 45.80 189.71 2.80 388.37
4783 26.88 209.52 491.50 2.90 383.53
4784 28.05 341.80 301.29 2.20 387.17
4785 29.49 533.56 419.66 1.60 379.55
4786 30.99 719.98 556.64 2.00 379.14
4787 32.17 784.48 496.56 1.90 377.90
4788 33.68 1052.68 862.97 2.10 375.91
4789 34.80 1054.24 951.10 1.60 373.63
4790 35.54 989.38 951.26 1.70 377.98
4791 35.85 841.24 859.20 1.70 383.71
4792 35.75 640.64 769.66 2.90 389.99
4793 35.21 462.66 780.18 3.30 393.77
4794 34.22 234.90 587.75 2.50 400.33
4795 32.97 52.84 262.50 3.10 406.59
4796 32.05 0.00 0.00 3.90 414.66
4797 31.14 0.00 0.00 4.10 412.87
4798 30.23 0.00 0.00 4.30 413.26
4799 29.32 0.00 0.00 3.70 411.65
4800 28.40 0.00 0.00 2.60 407.12
4801 27.78 0.00 0.00 2.50 398.94
4802 27.14 0.00 0.00 1.60 402.15
4803 26.78 0.00 0.00 1.50 405.64
4804 26.42 0.00 0.00 2.10 404.31
4805 26.17 0.00 0.00 1.60 407.61
4806 26.76 38.70 81.31 1.70 408.42
4807 28.31 229.41 534.51 0.80 396.92
4808 30.10 453.03 823.49 1.20 397.28
4809 31.88 663.14 881.45 1.00 393.62
4810 33.53 836.82 899.49 2.30 393.66
4811 34.96 958.70 901.30 2.60 394.58
4812 36.14 1026.87 904.73 2.80 396.18
4813 37.02 1031.53 912.09 4.10 394.73
4814 37.57 968.97 916.59 5.50 394.60
4815 37.78 845.30 907.48 4.90 395.82
4816 37.64 672.70 890.37 5.20 396.50
4817 36.99 462.97 835.54 6.60 398.72
4818 35.93 238.91 555.49 5.20 402.41
4819 34.59 41.80 95.45 3.50 414.31
4820 33.31 0.00 0.00 3.10 415.92
4821 32.04 0.00 0.00 3.90 407.94
4822 30.76 0.00 0.00 4.60 406.82
4823 29.49 0.00 0.00 5.20 401.37
4824 28.21 0.00 0.00 5.20 400.38
4825 27.29 0.00 0.00 3.90 398.16
4826 26.27 0.00 0.00 2.60 397.97
4827 25.72 0.00 0.00 2.50 397.00
4828 25.16 0.00 0.00 2.80 390.52
4829 24.76 0.00 0.00 2.60 381.56
4830 25.28 37.87 77.33 3.10 383.90
4831 26.70 227.46 644.04 4.30 386.08
4832 28.31 452.01 824.52 5.20 386.16
4833 29.99 666.87 893.33 6.30 385.93
4834 31.53 842.50 913.49 5.20 381.60
4835 32.88 967.71 921.43 4.30 384.37
4836 33.96 1032.49 917.49 5.20 383.11
4837 34.75 1030.07 910.22 6.90 387.52
4838 35.23 970.07 919.78 6.30 390.28
4839 35.39 843.88 905.77 4.90 392.82
4840 35.19 667.39 879.07 6.30 392.28
4841 34.51 452.90 803.41 4.60 392.82
4842 33.44 230.85 515.03 4.60 396.92
4843 32.12 40.06 82.71 4.60 410.34
4844 31.08 0.00 0.00 3.50 413.03
4845 30.03 0.00 0.00 2.50 409.71
4846 28.99 0.00 0.00 2.20 400.87
4847 27.94 0.00 0.00 1.30 395.99
4848 26.94 0.00 0.00 1.50 390.37
4849 26.44 0.00 0.00 1.50 391.89
4850 25.94 0.00 0.00 1.00 390.19
4851 25.69 0.00 0.00 1.20 389.75
4852 25.44 0.00 0.00 1.30 390.39
4853 25.27 0.00 0.00 0.70 391.62
4854 25.98 49.83 150.93 1.00 396.00
4855 26.82 169.00 220.14 1.60 395.06
4856 28.66 495.56 749.88 2.30 373.65
4857 30.47 729.46 963.21 3.70 372.03
4858 32.05 899.99 837.84 3.70 372.23
4859 32.87 803.49 476.56 3.70 385.14
4860 34.15 1133.51 926.17 4.90 371.56
4861 34.66 891.57 501.94 4.60 383.39
4862 34.50 549.01 175.79 4.90 395.98
4863 34.91 919.18 734.61 4.90 367.72
4864 33.54 60.89 0.00 4.10 430.40
4865 32.35 41.80 0.00 3.70 427.53
4866 31.31 21.53 0.00 4.60 430.04
4867 30.38 4.42 0.00 3.10 427.80
4868 29.62 0.00 0.00 4.60 431.50
4869 28.85 0.00 0.00 4.60 425.43
4870 28.08 0.00 0.00 4.90 421.44
4871 27.32 0.00 0.00 4.30 416.94
4872 26.61 0.00 0.00 7.21 410.81
4873 25.88 0.00 0.00 6.60 408.75
4874 25.08 0.00 0.00 6.90 397.27
4875 24.65 0.00 0.00 8.41 392.97
4876 24.22 0.00 0.00 8.41 386.65
4877 23.91 0.00 0.00 7.51 377.44
4878 24.44 36.34 93.42 7.21 379.43
4879 25.65 193.60 438.95 4.30 386.64
4880 27.12 398.35 606.63 3.70 381.96
4881 28.66 601.60 667.98 3.30 376.81
4882 30.15 772.61 714.06 3.90 377.39
4883 31.40 871.15 645.76 4.10 377.61
4884 32.42 929.64 625.98 3.90 380.54
4885 33.15 925.48 610.00 3.70 380.74
4886 33.61 872.81 640.08 4.30 381.57
4887 33.78 768.90 682.76 5.80 383.05
4888 33.63 604.17 668.69 5.80 385.42
4889 33.02 404.31 601.60 5.50 387.21
4890 32.03 199.45 442.29 5.50 391.51
4891 30.86 39.38 108.99 8.21 398.09
4892 29.80 0.00 0.00 8.21 404.40
4893 28.74 0.00 0.00 6.60 399.04
4894 27.69 0.00 0.00 5.80 395.13
4895 26.69 0.00 0.00 3.50 393.28
4896 25.67 0.00 0.00 3.70 390.90
4897 25.02 0.00 0.00 3.30 387.19
4898 24.31 0.00 0.00 3.30 384.00
4899 23.92 0.00 0.00 3.70 383.17
4900 23.53 0.00 0.00 2.80 380.80
4901 23.25 0.00 0.00 2.80 384.29
4902 23.79 36.85 103.96 2.90 386.71
4903 25.03 195.81 419.38 3.50 388.37
4904 26.49 395.34 597.00 3.90 386.72
4905 28.05 607.35 692.70 2.00 378.59
4906 29.53 764.26 688.68 2.00 376.86
4907 30.81 877.27 667.42 2.00 374.98
4908 31.83 929.53 627.59 1.90 380.39
4909 32.57 923.02 604.68 2.00 378.46
4910 32.98 843.79 599.84 2.10 380.14
4911 33.09 721.83 583.01 2.60 385.10
4912 32.88 573.79 564.33 2.30 387.20
4913 32.26 392.42 541.84 2.00 390.95
4914 31.28 193.81 411.74 2.80 398.53
4915 30.12 38.83 106.33 2.30 403.26
4916 29.12 0.00 0.00 2.10 403.74
4917 28.13 0.00 0.00 2.60 399.33
4918 27.17 0.00 0.00 3.10 393.74
4919 26.20 0.00 0.00 2.10 392.05
4920 25.24 0.00 0.00 2.80 391.61
4921 24.62 0.00 0.00 2.20 391.38
4922 23.89 0.00 0.00 0.70 391.05
4923 23.47 0.00 0.00 0.90 388.09
4924 23.05 0.00 0.00 0.50 385.09
4925 22.73 0.00 0.00 0.20 382.69
4926 23.11 32.54 53.43 0.30 380.92
4927 24.27 201.60 504.52 0.40 382.46
4928 25.56 397.41 596.28 1.00 378.52
4929 26.94 606.34 693.22 1.70 371.90
4930 28.24 780.84 731.87 2.00 375.02
4931 29.50 933.99 796.33 1.70 372.07
4932 30.72 1093.14 952.86 1.50 367.35
4933 31.61 1096.62 1005.11 1.70 362.95
4934 32.16 1029.88 1001.04 2.20 362.71
4935 32.38 898.48 982.98 2.50 365.88
4936 32.27 711.51 954.00 2.60 366.60
4937 31.66 484.89 890.43 3.50 368.79
4938 30.64 245.70 710.50 3.90 373.84
4939 29.39 50.86 255.61 3.90 371.49
4940 28.34 0.00 0.00 3.70 377.42
4941 27.31 0.00 0.00 4.60 379.48
4942 26.29 0.00 0.00 4.90 375.56
4943 25.27 0.00 0.00 3.70 371.95
4944 24.25 0.00 0.00 3.50 368.77
4945 23.86 0.00 0.00 3.70 367.70
4946 23.41 0.00 0.00 3.50 368.08
4947 23.16 0.00 0.00 4.60 370.61
4948 22.91 0.00 0.00 4.90 366.69
4949 22.73 0.00 0.00 4.10 369.84
4950 23.36 38.94 105.43 5.20 372.39
4951 25.03 236.53 720.77 3.90 375.37
4952 26.97 478.57 790.40 3.50 372.14
4953 28.28 564.08 529.76 4.90 373.62
4954 29.40 653.43 392.74 5.20 378.93
4955 30.88 904.49 720.79 4.10 376.09
4956 32.10 971.02 747.80 4.30 377.81
4957 33.29 1101.84 934.77 3.90 371.86
4958 33.91 952.09 854.39 4.90 375.60
4959 34.31 910.15 934.71 5.20 367.07
4960 34.32 721.49 960.41 6.00 368.70
4961 33.77 492.60 897.45 5.80 369.96
4962 32.73 250.11 739.21 4.90 375.32
4963 31.39 51.59 283.42 3.30 375.38
4964 30.46 0.00 0.00 1.70 380.23
4965 29.52 0.00 0.00 1.00 381.53
4966 28.59 0.00 0.00 0.80 378.68
4967 27.66 0.00 0.00 0.80 377.00
4968 26.78 0.00 0.00 1.20 377.04
4969 26.19 0.00 0.00 0.80 377.32
4970 25.54 0.00 0.00 0.60 377.55
4971 25.19 0.00 0.00 1.30 379.26
4972 24.85 0.00 0.00 0.90 383.59
4973 24.60 0.00 0.00 1.10 390.05
4974 25.09 32.79 63.91 1.00 390.59
4975 26.33 188.63 398.75 0.40 392.11
4976 27.75 380.30 503.71 0.80 392.84
4977 29.30 573.07 593.78 0.80 388.03
4978 30.74 730.61 626.75 1.30 385.28
4979 32.06 860.72 623.29 1.10 387.95
4980 33.13 919.35 603.89 1.70 390.01
4981 33.94 927.56 623.68 2.00 385.58
4982 34.45 873.41 650.17 2.60 382.34
4983 34.65 757.80 656.92 2.90 382.44
4984 34.51 586.88 608.58 2.30 385.77
4985 33.91 393.42 565.61 2.50 391.94
4986 32.94 193.72 428.36 2.30 398.67
4987 31.79 35.98 79.34 2.50 397.56
4988 30.66 0.00 0.00 1.90 397.38
4989 29.54 0.00 0.00 1.70 390.56
4990 28.42 0.00 0.00 1.90 387.35
4991 27.30 0.00 0.00 1.70 384.05
4992 26.25 0.00 0.00 2.20 379.06
4993 25.43 0.00 0.00 2.30 379.35
4994 24.51 0.00 0.00 1.30 381.34
4995 23.99 0.00 0.00 1.60 380.91
4996 23.48 0.00 0.00 2.60 378.75
4997 23.10 0.00 0.00 2.60 375.11
4998 23.48 32.12 59.58 2.00 373.89
4999 24.71 207.31 589.54 1.50 375.92
5000 26.17 427.80 766.61 1.60 373.80
5001 27.62 639.28 840.41 2.10 368.27
5002 29.04 813.26 860.28 2.00 363.65
5003 30.29 941.68 875.69 2.10 364.50
5004 31.30 1008.62 875.85 2.50 365.89
5005 32.03 1008.28 871.45 2.90 366.13
5006 32.46 943.30 869.91 4.30 364.74
5007 32.59 820.67 863.68 4.30 365.05
5008 32.39 645.09 834.44 3.50 363.82
5009 31.73 433.00 742.13 3.10 365.90
5010 30.70 214.55 587.44 3.70 371.63
5011 29.47 35.00 71.81 3.10 368.13
5012 28.48 0.00 0.00 2.50 368.97
5013 27.49 0.00 0.00 2.20 366.21
5014 26.56 0.00 0.00 2.10 365.87
5015 25.61 0.00 0.00 2.60 364.96
5016 24.65 0.00 0.00 2.80 362.19
5017 24.28 0.00 0.00 3.70 361.46
5018 23.87 0.00 0.00 3.90 365.28
5019 23.64 0.00 0.00 4.10 365.39
5020 23.41 0.00 0.00 4.90 366.91
5021 23.24 0.00 0.00 4.30 370.60
5022 23.75 32.39 67.14 3.10 374.41
5023 25.00 184.12 427.02 2.30 377.63
5024 26.56 391.42 591.38 2.20 371.97
5025 28.15 585.51 651.16 1.50 365.79
5026 29.67 742.69 634.47 2.10 363.53
5027 30.96 843.60 581.12 2.90 362.93
5028 32.08 923.41 619.97 2.60 365.98
5029 32.91 926.81 625.94 2.80 367.00
5030 33.41 859.28 612.71 2.80 368.48
5031 33.61 751.36 642.78 2.80 365.18
5032 33.44 577.98 609.31 2.20 364.64
5033 32.79 382.03 516.33 2.80 369.15
5034 31.79 184.55 384.88 2.30 378.94
5035 30.60 34.77 74.35 2.50 382.34
5036 29.82 0.00 0.00 2.60 385.25
5037 29.04 0.00 0.00 2.10 382.36
5038 28.27 0.00 0.00 1.70 378.92
5039 27.49 0.00 0.00 1.60 380.58
5040 26.77 0.00 0.00 0.70 382.62
5041 26.27 0.00 0.00 0.70 379.63
5042 25.74 0.00 0.00 0.80 380.32
5043 25.45 0.00 0.00 1.60 379.59
5044 25.16 0.00 0.00 2.80 382.59
5045 24.95 0.00 0.00 2.90 380.94
5046 25.42 29.93 44.23 2.60 383.17
5047 26.66 179.87 368.10 2.80 389.67
5048 28.12 371.18 508.22 3.90 383.04
5049 29.77 575.85 577.55 3.70 378.18
5050 31.44 774.60 726.95 2.90 372.48
5051 32.80 863.32 624.30 3.10 375.91
5052 33.84 898.84 614.03 3.50 381.82
5053 34.65 911.43 554.00 3.10 384.96
5054 35.31 937.75 805.55 3.90 379.22
5055 35.53 764.10 643.94 4.10 385.61
5056 35.55 673.46 826.75 3.30 383.15
5057 35.02 437.07 766.39 3.30 384.90
5058 34.05 220.74 588.00 3.10 388.06
5059 32.84 42.47 183.14 4.30 385.13
5060 31.71 0.00 0.00 4.60 386.43
5061 30.58 0.00 0.00 5.50 382.83
5062 29.45 0.00 0.00 6.30 383.20
5063 28.32 0.00 0.00 5.80 383.62
5064 27.23 0.00 0.00 6.30 383.39
5065 26.37 0.00 0.00 6.30 382.35
5066 25.42 0.00 0.00 6.60 378.53
5067 24.90 0.00 0.00 7.51 373.69
5068 24.38 0.00 0.00 5.80 372.72
5069 23.99 0.00 0.00 3.90 371.46
5070 24.39 30.82 56.57 3.30 375.66
5071 25.64 201.45 577.40 2.60 379.61
5072 27.17 422.50 748.03 3.10 373.04
5073 28.75 636.19 842.15 3.30 371.29
5074 30.26 814.06 870.62 4.10 372.24
5075 31.57 935.11 865.42 3.90 375.57
5076 32.61 993.17 842.27 4.30 380.28
5077 33.35 988.44 825.29 3.70 385.52
5078 33.79 920.45 813.73 3.30 388.85
5079 33.90 793.01 790.19 3.30 388.74
5080 33.66 617.76 734.02 3.30 390.86
5081 32.95 407.42 648.15 4.60 397.64
5082 31.88 195.33 478.34 4.90 402.66
5083 30.62 31.96 52.26 6.90 399.18
5084 30.00 0.00 0.00 4.90 402.57
5085 29.38 0.00 0.00 4.10 403.07
5086 28.76 0.00 0.00 2.60 402.09
5087 28.14 0.00 0.00 3.10 402.85
5088 27.52 0.00 0.00 2.60 405.49
5089 27.57 0.00 0.00 2.20 392.27
5090 27.51 0.00 0.00 3.00 396.42
5091 27.47 0.00 0.00 3.00 392.68
5092 27.43 0.00 0.00 3.20 388.69
5093 27.43 0.00 0.00 2.80 387.54
5094 27.95 29.24 43.09 1.80 388.83
5095 29.43 182.00 439.87 2.10 390.33
5096 31.27 389.24 600.13 2.50 378.20
5097 33.13 584.72 660.68 1.90 379.03
5098 34.89 749.22 664.30 2.50 377.34
5099 36.46 872.09 671.21 2.20 382.25
5100 37.72 924.00 629.07 2.50 385.58
5101 38.67 927.60 636.08 1.90 389.08
5102 39.24 851.29 598.35 1.70 394.90
5103 39.49 746.66 638.70 1.80 394.07
5104 39.35 585.20 638.62 2.10 397.76
5105 38.70 391.89 561.60 2.50 399.31
5106 37.62 189.90 450.90 1.50 403.05
5107 36.33 31.79 55.23 0.80 398.27
5108 35.13 0.00 0.00 1.00 405.60
5109 33.94 0.00 0.00 0.70 402.85
5110 32.75 0.00 0.00 0.20 400.83
5111 31.56 0.00 0.00 0.40 400.40
5112 30.37 0.00 0.00 0.40 396.31
5113 29.26 0.00 0.00 0.40 388.05
5114 28.06 0.00 0.00 0.90 381.62
5115 27.41 0.00 0.00 1.20 379.01
5116 26.82 0.00 0.00 1.10 377.90
5117 26.37 0.00 0.00 0.70 380.72
5118 26.74 29.13 45.43 0.70 385.03
5119 28.05 207.18 626.03 0.80 392.04
5120 29.70 435.00 822.40 1.40 386.55
5121 31.38 654.88 899.31 1.90 382.02
5122 32.94 832.85 918.79 1.70 382.20
5123 34.30 962.03 929.61 1.90 382.76
5124 35.40 1028.32 928.05 2.10 382.10
5125 36.19 1024.95 919.06 2.10 385.15
5126 36.66 953.00 904.38 2.60 384.54
5127 36.80 824.12 887.57 3.20 386.19
5128 36.57 641.82 846.19 4.71 390.59
5129 35.85 427.18 749.17 4.71 390.36
5130 34.75 203.03 561.19 6.21 395.28
5131 33.45 30.14 41.67 6.21 388.69
5132 32.34 0.00 0.00 5.21 391.91
5133 31.24 0.00 0.00 4.20 389.59
5134 30.14 0.00 0.00 4.91 389.39
5135 29.03 0.00 0.00 3.80 388.80
5136 27.93 0.00 0.00 3.00 380.71
5137 27.40 0.00 0.00 2.80 386.08
5138 26.81 0.00 0.00 2.20 388.75
5139 26.49 0.00 0.00 2.50 386.65
5140 26.17 0.00 0.00 1.10 388.35
5141 25.94 0.00 0.00 0.60 387.79
5142 26.35 27.29 29.22 1.30 389.24
5143 27.65 186.68 484.78 0.90 387.73
5144 29.30 393.88 644.27 1.80 381.50
5145 31.00 598.51 719.93 2.30 376.81
5146 32.59 762.63 716.40 2.60 377.19
5147 33.97 878.29 697.39 3.50 379.55
5148 35.10 939.89 684.83 3.80 382.29
5149 35.93 937.70 673.94 3.20 387.45
5150 36.45 879.21 689.72 3.50 387.53
5151 36.64 762.84 699.75 4.00 390.06
5152 36.50 604.31 718.06 3.80 391.83
5153 35.87 402.16 653.39 2.10 393.08
5154 34.84 193.44 491.22 2.10 401.02
5155 33.59 29.56 39.82 2.80 399.40
5156 32.56 0.00 0.00 2.50 400.89
5157 31.53 0.00 0.00 2.30 398.25
5158 30.50 0.00 0.00 2.60 399.79
5159 29.47 0.00 0.00 2.80 400.92
5160 28.44 0.00 0.00 3.00 395.78
5161 27.71 0.00 0.00 3.20 392.16
5162 26.96 0.00 0.00 2.80 391.95
5163 26.54 0.00 0.00 3.20 388.28
5164 26.13 0.00 0.00 3.80 384.28
5165 25.83 0.00 0.00 3.80 388.16
5166 26.22 26.79 27.06 2.80 383.70
5167 27.54 193.99 550.35 2.20 386.26
5168 29.20 408.50 721.75 1.80 387.68
5169 30.90 616.10 789.98 1.70 384.45
5170 32.50 788.14 806.68 1.70 382.99
5171 33.89 909.84 803.75 2.50 384.88
5172 35.04 977.07 806.93 3.00 391.49
5173 35.89 980.60 814.06 3.00 393.50
5174 36.42 917.99 819.17 4.00 390.47
5175 36.62 799.12 826.21 3.50 390.98
5176 36.45 623.50 795.29 3.50 391.34
5177 35.80 417.26 733.29 4.71 390.55
5178 34.75 203.19 577.46 4.20 391.02
5179 33.47 29.06 38.80 4.00 389.04
5180 32.34 0.00 0.00 3.20 387.62
5181 31.21 0.00 0.00 3.50 382.06
5182 30.07 0.00 0.00 4.00 374.01
5183 28.94 0.00 0.00 3.60 371.12
5184 27.81 0.00 0.00 4.20 365.56
5185 27.07 0.00 0.00 5.51 369.60
5186 26.25 0.00 0.00 5.51 371.90
5187 25.80 0.00 0.00 6.41 375.24
5188 25.36 0.00 0.00 7.01 371.70
5189 25.04 0.00 0.00 6.61 368.83
5190 25.42 26.98 32.29 5.81 371.17
5191 26.77 197.93 591.53 5.21 377.86
5192 28.38 415.90 762.59 4.30 379.30
5193 30.05 620.94 811.85 5.21 377.35
5194 31.60 787.60 808.38 5.21 375.19
5195 32.94 902.98 785.43 3.80 377.67
5196 34.02 959.18 755.05 4.30 381.23
5197 34.80 957.69 746.83 4.30 382.40
5198 35.28 898.06 760.78 4.71 382.70
5199 35.45 777.03 758.59 5.21 385.87
5200 35.25 605.55 735.18 5.81 386.37
5201 34.57 397.22 639.86 4.71 389.67
5202 33.51 187.35 481.98 4.51 394.39
5203 32.26 27.03 22.36 3.50 396.15
5204 31.20 0.00 0.00 3.60 402.42
5205 30.14 0.00 0.00 3.80 400.29
5206 29.07 0.00 0.00 3.50 401.55
5207 28.01 0.00 0.00 4.51 400.59
5208 27.00 0.00 0.00 5.21 398.02
5209 26.35 0.00 0.00 5.21 390.89
5210 25.63 0.00 0.00 4.20 384.56
5211 25.24 0.00 0.00 5.81 386.79
5212 24.85 0.00 0.00 5.21 384.29
5213 24.57 0.00 0.00 5.21 388.38
5214 24.94 25.35 17.99 4.51 388.02
5215 26.26 189.16 546.05 4.00 389.15
5216 27.87 406.69 725.87 4.51 386.92
5217 29.60 615.48 796.75 4.51 381.91
5218 31.21 789.01 816.32 2.80 381.65
5219 32.63 915.24 825.75 3.60 377.88
5220 33.79 978.56 817.36 3.00 378.08
5221 34.64 979.16 816.42 2.30 379.51
5222 35.17 919.04 829.56 2.60 378.39
5223 35.36 791.65 812.26 2.80 381.98
5224 35.19 620.81 798.37 2.50 382.41
5225 34.52 414.34 737.80 2.80 388.57
5226 33.45 199.15 576.14 3.60 390.53
5227 32.16 27.37 29.85 3.50 392.53
5228 31.20 0.00 0.00 3.80 399.04
5229 30.24 0.00 0.00 3.00 396.08
5230 29.27 0.00 0.00 3.80 390.93
5231 28.31 0.00 0.00 4.30 388.34
5232 27.38 0.00 0.00 5.21 391.40
5233 26.80 0.00 0.00 4.51 391.04
5234 26.18 0.00 0.00 4.91 390.65
5235 25.84 0.00 0.00 4.71 391.84
5236 25.50 0.00 0.00 3.80 389.16
5237 25.26 0.00 0.00 3.00 391.11
5238 25.65 25.54 23.16 3.20 390.04
5239 26.98 187.69 545.15 2.50 394.09
5240 28.65 408.94 733.54 2.20 387.48
5241 30.42 622.11 824.50 3.80 376.41
5242 32.08 797.48 845.49 3.50 378.88
5243 33.50 911.59 817.92 4.71 374.79
5244 34.64 968.60 790.83 6.21 376.56
5245 35.50 973.06 801.93 6.41 376.72
5246 36.02 905.77 793.48 5.51 376.48
5247 36.21 779.73 778.42 4.00 380.18
5248 36.01 601.54 717.48 4.91 379.64
5249 35.31 393.33 639.78 4.00 379.13
5250 34.23 179.85 454.47 4.71 387.47
5251 32.96 25.74 17.28 4.30 383.48
5252 31.88 0.00 0.00 3.60 386.21
5253 30.81 0.00 0.00 2.10 386.20
5254 29.73 0.00 0.00 2.60 385.37
5255 28.65 0.00 0.00 3.20 383.60
5256 27.57 0.00 0.00 3.60 380.17
5257 26.83 0.00 0.00 4.20 381.79
5258 25.99 0.00 0.00 4.00 379.33
5259 25.54 0.00 0.00 3.00 378.97
5260 25.08 0.00 0.00 3.20 373.18
5261 24.76 0.00 0.00 4.30 367.20
5262 25.08 23.88 8.30 4.00 371.27
5263 26.26 174.95 456.35 3.60 373.39
5264 27.73 384.16 621.81 5.21 367.08
5265 29.36 592.88 705.90 5.21 364.55
5266 30.90 768.54 755.41 6.41 365.00
5267 32.25 889.94 752.72 7.41 364.47
5268 33.35 952.48 743.35 8.21 364.62
5269 34.16 954.73 748.65 7.81 367.29
5270 34.66 895.42 765.04 5.21 364.43
5271 34.84 769.38 748.51 5.21 365.99
5272 34.65 596.87 707.49 5.21 369.53
5273 33.97 382.16 591.59 4.00 375.76
5274 32.92 176.18 441.77 5.21 382.43
5275 31.70 24.60 9.62 5.21 378.17
5276 30.75 0.00 0.00 3.50 384.85
5277 29.81 0.00 0.00 3.60 380.18
5278 28.87 0.00 0.00 2.20 378.69
5279 27.93 0.00 0.00 2.10 379.52
5280 27.03 0.00 0.00 1.80 378.56
5281 26.50 0.00 0.00 2.80 370.27
5282 25.93 0.00 0.00 2.20 368.64
5283 25.63 0.00 0.00 3.80 364.32
5284 25.32 0.00 0.00 4.20 361.79
5285 25.11 0.00 0.00 3.60 362.45
5286 25.43 21.84 0.00 3.50 363.67
5287 26.64 175.11 467.72 4.00 366.85
5288 28.16 388.20 649.85 3.60 362.01
5289 29.72 572.76 638.12 4.00 362.81
5290 31.03 692.53 543.44 3.80 366.06
5291 32.33 846.42 602.44 5.51 366.41
5292 33.40 910.63 600.21 7.01 369.98
5293 34.03 830.16 490.03 6.41 376.97
5294 34.33 737.16 421.77 7.01 384.00
5295 34.38 631.32 374.35 7.41 384.12
5296 33.93 423.16 187.87 7.01 393.39
5297 33.17 264.44 108.03 7.41 395.20
5298 32.20 118.69 75.90 7.01 400.12
5299 31.17 20.66 0.00 7.41 401.64
5300 30.30 0.00 0.00 7.81 404.67
5301 29.43 0.00 0.00 6.21 403.31
5302 28.56 0.00 0.00 7.81 398.51
5303 27.70 0.00 0.00 7.01 394.66
5304 26.88 0.00 0.00 7.41 395.40
5305 26.26 0.00 0.00 8.61 394.19
5306 25.61 0.00 0.00 7.41 387.85
5307 25.27 0.00 0.00 7.01 392.30
5308 24.93 0.00 0.00 8.61 394.34
5309 24.70 0.00 0.00 7.01 394.82
5310 24.92 15.74 0.00 5.51 393.86
5311 25.90 147.12 277.79 5.51 390.75
5312 27.14 330.23 346.54 4.91 388.09
5313 27.75 334.75 86.31 5.81 397.66
5314 28.82 553.67 242.49 4.91 392.64
5315 30.30 843.54 558.18 4.91 379.47
5316 31.27 814.64 476.77 5.21 386.48
5317 32.26 945.37 668.51 4.71 378.45
5318 32.76 794.84 488.02 6.01 382.50
5319 32.78 558.31 248.37 4.71 390.82
5320 32.31 356.53 104.80 5.51 404.23
5321 31.43 134.24 0.00 4.51 418.08
5322 30.55 73.01 0.00 5.51 417.06
5323 29.67 11.34 0.00 4.20 412.57
5324 28.93 0.00 0.00 3.60 413.97
5325 28.20 0.00 0.00 3.80 411.73
5326 27.47 0.00 0.00 3.00 411.34
5327 26.79 0.00 0.00 2.60 413.40
5328 26.08 0.00 0.00 3.20 408.76
5329 25.51 0.00 0.00 3.50 404.67
5330 24.89 0.00 0.00 2.60 397.63
5331 24.55 0.00 0.00 3.60 396.70
5332 24.21 0.00 0.00 3.60 393.47
5333 23.97 0.00 0.00 2.60 396.02
5334 24.26 21.06 0.00 3.00 393.49
5335 25.27 152.17 289.06 3.00 395.93
5336 26.56 332.70 392.90 2.80 390.81
5337 27.61 445.27 235.65 3.00 392.08
5338 28.89 634.47 382.35 2.60 387.20
5339 30.09 764.26 461.80 2.30 383.28
5340 30.92 759.84 350.47 3.80 385.53
5341 31.72 848.18 514.94 3.50 382.80
5342 32.09 722.82 351.15 2.60 388.30
5343 32.27 662.19 475.35 3.00 387.27
5344 32.05 471.05 315.89 3.20 395.78
5345 31.42 288.18 157.13 3.80 402.38
5346 30.53 128.65 119.20 3.50 407.04
5347 29.53 19.33 0.00 2.60 404.04
5348 28.85 0.00 0.00 4.71 410.66
5349 28.17 0.00 0.00 4.91 408.49
5350 27.49 0.00 0.00 4.51 402.75
5351 26.86 0.00 0.00 3.80 397.19
5352 26.21 0.00 0.00 3.60 396.84
5353 25.85 0.00 0.00 2.80 394.88
5354 25.46 0.00 0.00 3.20 394.06
5355 25.24 0.00 0.00 3.00 390.86
5356 25.03 0.00 0.00 2.30 387.46
5357 24.88 0.00 0.00 2.50 385.60
5358 25.17 20.04 0.00 3.20 385.28
5359 26.45 184.13 560.69 2.60 384.53
5360 28.03 407.80 755.33 3.20 378.27
5361 29.85 653.43 875.91 4.00 369.71
5362 31.79 917.00 996.83 4.71 368.19
5363 33.42 1040.60 863.07 4.30 375.19
5364 33.48 576.06 148.67 4.30 409.94
5365 33.44 538.60 96.77 5.21 408.79
5366 33.46 571.02 150.22 6.21 403.77
5367 33.18 459.43 117.31 5.51 404.68
5368 32.58 314.32 39.50 5.51 411.26
5369 31.74 170.68 9.72 5.21 417.52
5370 30.85 87.76 8.03 4.20 413.32
5371 29.93 13.22 0.00 4.71 409.26
5372 29.23 0.00 0.00 2.50 414.95
5373 28.52 0.00 0.00 2.30 412.96
5374 27.82 0.00 0.00 2.30 407.15
5375 27.16 0.00 0.00 1.70 403.06
5376 26.48 0.00 0.00 2.50 401.02
5377 25.97 0.00 0.00 1.80 396.52
5378 25.43 0.00 0.00 1.30 393.90
5379 25.13 0.00 0.00 1.90 390.58
5380 24.84 0.00 0.00 2.20 388.53
5381 24.63 0.00 0.00 2.20 385.97
5382 24.95 21.24 0.00 3.00 384.10
5383 26.10 160.52 359.27 2.80 388.09
5384 27.47 343.17 436.98 2.50 386.08
5385 29.00 530.28 513.60 1.90 383.79
5386 30.44 682.58 555.37 1.10 386.91
5387 31.73 798.55 540.46 0.70 384.96
5388 32.76 847.21 547.21 0.90 384.77
5389 33.58 875.03 594.87 1.10 384.67
5390 34.10 819.30 581.22 2.60 388.97
5391 34.33 717.13 608.95 2.80 389.62
5392 34.23 557.08 610.05 3.50 386.23
5393 33.63 356.99 529.50 3.20 388.20
5394 32.68 166.02 402.86 2.80 394.16
5395 31.55 20.78 0.00 2.50 390.89
5396 30.59 0.00 0.00 1.90 395.22
5397 29.63 0.00 0.00 1.80 394.02
5398 28.67 0.00 0.00 1.40 388.70
5399 27.71 0.00 0.00 1.50 385.76
5400 26.81 0.00 0.00 1.10 386.54
5401 26.11 0.00 0.00 1.70 381.77
5402 25.36 0.00 0.00 2.20 379.00
5403 24.95 0.00 0.00 2.30 375.83
5404 24.55 0.00 0.00 3.00 376.70
5405 24.26 0.00 0.00 2.10 372.77
5406 24.52 18.90 0.00 2.10 373.12
5407 25.54 151.32 338.61 1.70 374.59
5408 26.92 348.30 491.31 1.30 367.48
5409 28.33 531.48 536.34 1.80 362.82
5410 29.78 710.58 595.13 1.80 367.26
5411 31.07 829.40 585.62 1.30 369.67
5412 32.13 893.72 584.64 1.30 370.59
5413 32.90 891.92 581.04 0.90 373.83
5414 33.38 831.07 592.44 0.90 373.77
5415 33.53 702.51 578.98 0.50 375.44
5416 33.31 527.52 527.75 1.50 380.44
5417 32.66 336.77 432.10 2.20 382.36
5418 31.66 137.68 260.09 4.00 392.50
5419 30.56 18.51 0.00 3.00 393.31
5420 29.67 0.00 0.00 1.50 394.53
5421 28.79 0.00 0.00 2.10 394.04
5422 27.91 0.00 0.00 1.90 393.02
5423 27.07 0.00 0.00 1.40 391.99
5424 26.22 0.00 0.00 1.20 390.66
5425 25.67 0.00 0.00 1.10 387.22
5426 25.07 0.00 0.00 1.30 387.12
5427 24.75 0.00 0.00 1.50 384.67
5428 24.43 0.00 0.00 1.70 384.58
5429 24.20 0.00 0.00 0.80 388.54
5430 24.49 19.79 0.00 0.80 388.41
5431 25.64 161.30 416.03 1.20 388.00
5432 27.17 370.43 597.57 1.10 387.46
5433 28.80 578.25 699.84 1.50 385.68
5434 30.39 750.41 720.36 1.00 384.86
5435 31.79 876.33 733.03 1.10 385.49
5436 32.95 941.75 736.71 0.80 386.25
5437 33.81 943.63 744.93 1.00 380.60
5438 34.34 877.50 742.44 1.10 382.63
5439 34.52 748.50 722.46 1.90 385.37
5440 34.32 567.98 659.05 3.00 389.42
5441 33.63 361.00 577.64 2.80 391.71
5442 32.56 154.81 393.29 4.71 397.61
5443 31.36 17.93 0.00 2.80 394.36
5444 30.47 0.00 0.00 1.70 397.81
5445 29.59 0.00 0.00 1.50 395.45
5446 28.70 0.00 0.00 1.50 392.34
5447 27.82 0.00 0.00 1.20 391.48
5448 26.98 0.00 0.00 0.60 388.62
5449 26.39 0.00 0.00 0.60 388.80
5450 25.74 0.00 0.00 0.70 386.01
5451 25.39 0.00 0.00 1.20 390.46
5452 25.05 0.00 0.00 1.50 385.94
5453 24.80 0.00 0.00 1.10 388.47
5454 25.07 18.78 0.00 2.20 388.91
5455 25.98 133.87 239.92 3.20 389.89
5456 27.30 321.21 385.78 3.60 383.38
5457 28.66 490.97 397.50 3.50 377.71
5458 29.79 582.91 293.26 4.91 375.52
5459 30.89 707.68 340.34 6.01 375.93
5460 31.59 678.50 256.46 7.01 380.26
5461 32.34 789.38 442.85 6.61 378.43
5462 32.99 828.93 562.24 5.81 376.56
5463 33.25 683.43 545.20 5.81 384.07
5464 33.21 530.30 555.61 6.61 386.21
5465 32.69 331.53 446.56 5.81 390.20
5466 31.84 153.02 397.21 4.91 391.44
5467 30.81 17.81 0.00 4.00 390.62
5468 29.96 0.00 0.00 4.20 391.06
5469 29.10 0.00 0.00 4.71 386.16
5470 28.24 0.00 0.00 4.51 384.88
5471 27.42 0.00 0.00 4.71 381.43
5472 26.59 0.00 0.00 4.91 378.45
5473 26.03 0.00 0.00 4.51 375.22
5474 25.42 0.00 0.00 5.51 375.79
5475 25.09 0.00 0.00 7.01 381.34
5476 24.76 0.00 0.00 6.41 382.53
5477 24.53 0.00 0.00 6.61 382.04
5478 24.79 18.06 0.00 6.61 386.70
5479 25.91 156.38 403.90 7.41 389.80
5480 27.40 360.59 572.08 6.61 387.11
5481 29.00 565.93 649.93 9.61 380.89
5482 30.56 736.64 681.66 9.61 381.16
5483 31.95 864.97 703.11 10.61 379.37
5484 33.11 934.62 722.48 8.61 378.59
5485 33.95 925.80 696.61 9.61 382.63
5486 34.46 860.38 697.45 9.01 385.38
5487 34.65 738.33 702.63 9.61 384.91
5488 34.45 562.29 670.72 8.61 388.86
5489 33.79 359.54 583.01 9.61 390.10
5490 32.74 154.40 426.87 9.01 396.86
5491 31.55 16.08 0.00 7.81 395.53
5492 30.68 0.00 0.00 5.21 398.67
5493 29.80 0.00 0.00 6.01 399.66
5494 28.93 0.00 0.00 4.71 402.34
5495 28.06 0.00 0.00 4.30 401.36
5496 27.22 0.00 0.00 3.20 397.12
5497 26.64 0.00 0.00 2.30 397.83
5498 26.01 0.00 0.00 3.00 396.47
5499 25.67 0.00 0.00 3.20 398.63
5500 25.33 0.00 0.00 4.00 397.34
5501 25.09 0.00 0.00 3.80 395.93
5502 25.33 17.51 0.00 5.21 393.12
5503 26.54 166.49 492.08 6.01 399.76
5504 28.12 382.22 682.37 6.01 397.34
5505 29.83 593.17 771.07 7.41 392.29
5506 31.46 771.77 806.66 8.61 391.10
5507 32.90 895.29 807.27 13.42 393.30
5508 34.06 956.40 797.85 9.01 397.75
5509 34.92 960.41 813.94 8.21 397.13
5510 35.46 898.78 828.72 5.81 398.35
5511 35.67 771.26 823.20 5.51 399.48
5512 35.49 593.15 797.42 4.91 395.77
5513 34.80 380.14 712.45 5.81 397.55
5514 33.72 163.27 510.03 4.71 404.34
5515 32.47 15.15 0.00 4.51 406.37
5516 31.53 0.00 0.00 5.21 408.85
5517 30.59 0.00 0.00 5.51 408.57
5518 29.65 0.00 0.00 6.41 406.37
5519 28.71 0.00 0.00 5.21 401.31
5520 27.77 0.00 0.00 6.41 400.37
5521 27.15 0.00 0.00 7.81 396.64
5522 26.47 0.00 0.00 10.61 391.47
5523 26.10 0.00 0.00 10.61 393.46
5524 25.73 0.00 0.00 7.81 389.41
5525 25.47 0.00 0.00 7.01 385.65
5526 25.71 17.23 0.00 6.61 387.67
5527 26.86 161.42 454.32 6.21 392.09
5528 28.35 365.59 604.13 5.81 387.23
5529 29.98 572.74 684.27 4.51 383.99
5530 31.56 751.93 743.27 6.01 378.10
5531 32.94 872.08 735.92 5.51 378.05
5532 34.06 932.45 725.48 4.20 378.48
5533 34.89 932.71 731.55 5.81 383.09
5534 35.40 868.71 739.10 5.21 380.73
5535 35.58 742.42 733.39 6.21 379.40
5536 35.40 571.81 726.78 5.51 382.80
5537 34.73 364.99 648.16 6.01 386.64
5538 33.68 154.56 458.89 7.01 394.50
5539 32.49 14.20 0.00 7.81 395.28
5540 31.51 0.00 0.00 5.21 403.13
5541 30.54 0.00 0.00 4.71 399.67
5542 29.56 0.00 0.00 4.91 398.86
5543 28.59 0.00 0.00 5.21 395.27
5544 27.61 0.00 0.00 7.01 394.05
5545 26.97 0.00 0.00 5.81 390.50
5546 26.25 0.00 0.00 4.91 391.31
5547 25.87 0.00 0.00 4.91 388.49
5548 25.48 0.00 0.00 3.60 387.38
5549 25.20 0.00 0.00 3.60 387.86
5550 25.45 18.80 0.00 4.51 387.62
5551 26.61 170.17 494.79 4.51 391.99
5552 28.18 398.94 730.48 3.80 386.63
5553 29.91 626.19 851.86 3.20 378.32
5554 31.55 816.52 930.99 3.20 380.73
5555 33.01 951.11 877.11 3.80 381.94
5556 33.79 852.53 542.10 4.20 390.80
5557 34.39 860.03 558.45 4.30 391.36
5558 35.00 947.36 834.96 3.50 385.86
5559 35.17 763.25 679.08 4.51 389.84
5560 34.29 319.69 87.46 4.00 413.88
5561 33.72 390.42 601.37 2.80 393.60
5562 32.73 162.68 492.05 2.10 403.75
5563 31.89 16.37 0.00 0.80 402.01
5564 31.05 0.00 0.00 1.40 407.86
5565 30.21 0.00 0.00 1.30 403.35
5566 29.36 0.00 0.00 0.70 399.32
5567 28.52 0.00 0.00 0.20 395.94
5568 27.68 0.00 0.00 0.80 393.98
5569 27.19 0.00 0.00 1.00 386.51
5570 26.63 0.00 0.00 1.10 388.61
5571 26.34 0.00 0.00 1.00 390.88
5572 26.04 0.00 0.00 1.20 392.13
5573 25.84 0.00 0.00 1.30 395.45
5574 26.01 12.08 0.00 1.70 396.07
5575 27.27 165.09 398.82 1.70 400.04
5576 28.54 317.15 347.34 1.40 400.71
5577 29.58 411.13 206.54 1.40 398.39
5578 31.01 642.59 434.54 1.90 391.45
5579 32.92 975.35 860.99 1.80 379.69
5580 34.45 1045.03 993.40 1.40 380.87
5581 35.58 1043.44 993.89 2.20 385.08
5582 36.31 970.68 931.49 2.50 389.94
5583 36.54 770.23 782.10 2.80 394.46
5584 36.33 567.75 718.30 4.30 398.86
5585 35.61 354.75 587.61 4.20 401.20
5586 34.57 167.41 483.10 2.60 406.41
5587 33.66 15.94 0.00 2.50 407.44
5588 32.74 0.00 0.00 2.10 407.08
5589 31.83 0.00 0.00 2.30 402.44
5590 30.92 0.00 0.00 1.00 401.66
5591 30.00 0.00 0.00 0.60 403.45
5592 29.09 0.00 0.00 0.30 401.31
5593 28.37 0.00 0.00 0.30 400.46
5594 27.60 0.00 0.00 1.20 399.52
5595 27.23 0.00 0.00 0.90 397.58
5596 26.83 0.00 0.00 0.80 397.22
5597 26.55 0.00 0.00 0.40 400.99
5598 26.74 14.40 0.00 0.40 400.45
5599 27.62 128.11 219.08 0.10 400.79
5600 28.87 295.49 295.80 0.40 399.95
5601 30.14 450.71 300.00 1.10 395.20
5602 31.32 579.11 295.76 1.20 394.43
5603 32.52 723.18 390.14 0.50 394.13
5604 33.59 821.40 504.79 0.80 393.56
5605 34.25 757.77 367.84 0.50 398.23
5606 34.73 743.36 443.18 0.30 393.53
5607 35.16 775.82 761.55 1.10 384.34
5608 35.30 654.82 902.18 1.30 381.23
5609 34.95 415.83 863.69 1.00 384.59
5610 34.09 172.76 646.65 1.50 393.39
5611 33.07 15.07 0.00 2.10 391.44
5612 32.05 0.00 0.00 1.20 387.79
5613 31.03 0.00 0.00 1.90 388.79
5614 30.01 0.00 0.00 1.90 391.45
5615 28.99 0.00 0.00 1.50 391.27
5616 27.97 0.00 0.00 2.10 388.28
5617 27.38 0.00 0.00 3.00 387.40
5618 26.71 0.00 0.00 4.00 382.58
5619 26.03 0.00 0.00 3.00 381.37
5620 25.66 0.00 0.00 3.20 381.45
5621 25.29 0.00 0.00 3.20 377.07
5622 25.02 14.48 0.00 3.50 375.83
5623 27.09 142.76 356.07 4.00 374.26
5624 28.53 344.04 526.09 4.51 367.78
5625 29.99 538.27 586.39 5.51 373.35
5626 31.33 705.96 646.97 6.41 371.37
5627 32.47 823.41 601.49 4.51 369.29
5628 33.38 891.86 617.65 4.91 369.68
5629 34.01 890.52 621.17 6.01 371.48
5630 34.34 828.35 636.46 7.41 373.03
5631 34.37 709.89 657.80 11.81 376.90
5632 34.01 543.40 662.37 10.61 379.29
5633 33.23 345.66 602.99 8.21 381.97
5634 32.10 136.53 404.75 6.41 389.07
5635 31.32 10.45 0.00 4.51 386.96
5636 30.53 0.00 0.00 6.21 391.70
5637 29.74 0.00 0.00 6.61 386.35
5638 28.95 0.00 0.00 7.81 390.04
5639 28.17 0.00 0.00 7.81 388.77
5640 27.41 0.00 0.00 9.61 385.19
5641 27.00 0.00 0.00 11.81 384.86
5642 26.52 0.00 0.00 7.81 385.52
5643 26.05 0.00 0.00 8.21 383.94
5644 25.78 0.00 0.00 9.01 384.77
5645 25.52 0.00 0.00 6.61 384.00
5646 25.32 14.28 0.00 6.41 389.37
5647 27.45 143.80 373.70 6.61 398.49
5648 28.99 344.62 535.36 6.41 391.60
5649 30.58 556.05 648.50 5.81 390.21
5650 32.06 736.04 711.52 4.71 385.21
5651 33.33 861.98 725.98 7.01 383.31
5652 34.34 931.73 750.71 6.01 380.07
5653 35.04 927.61 746.50 5.81 385.27
5654 35.40 852.99 723.81 7.01 391.75
5655 35.43 719.07 681.31 7.81 396.07
5656 34.99 535.44 631.50 8.21 398.63
5657 34.13 332.68 556.49 8.61 403.26
5658 32.95 130.46 375.25 9.01 412.05
5659 32.22 9.57 0.00 7.81 405.82
5660 31.50 0.00 0.00 6.01 411.79
5661 30.78 0.00 0.00 5.21 406.98
5662 30.06 0.00 0.00 3.80 404.51
5663 29.33 0.00 0.00 3.80 401.00
5664 28.61 0.00 0.00 3.50 400.08
5665 28.17 0.00 0.00 3.60 397.84
5666 27.66 0.00 0.00 3.20 393.11
5667 27.20 0.00 0.00 3.20 398.04
5668 26.93 0.00 0.00 3.00 403.09
5669 26.66 0.00 0.00 3.20 406.04
5670 26.47 12.63 0.00 2.80 409.41
5671 28.52 141.75 278.44 3.20 412.12
5672 30.03 345.65 504.80 4.00 409.34
5673 31.51 543.73 631.17 3.60 408.99
5674 32.76 682.37 562.78 3.60 399.03
5675 33.66 740.44 447.80 4.30 404.11
5676 34.21 726.42 321.72 3.00 409.05
5677 34.67 763.59 409.81 2.60 409.11
5678 34.97 751.89 483.32 1.80 405.76
5679 35.04 661.06 523.52 1.50 408.16
5680 34.53 419.99 262.79 1.10 417.02
5681 33.68 242.75 132.66 1.00 422.64
5682 32.63 90.08 71.27 0.60 428.93
5683 32.01 7.61 0.00 0.70 422.45
5684 31.39 0.00 0.00 1.20 427.62
5685 30.77 0.00 0.00 1.10 425.47
5686 30.14 0.00 0.00 1.00 421.95
5687 29.52 0.00 0.00 1.10 418.45
5688 28.90 0.00 0.00 1.80 418.94
5689 28.55 0.00 0.00 1.20 416.92
5690 28.19 0.00 0.00 1.50 413.86
5691 27.82 0.00 0.00 1.70 414.60
5692 27.63 0.00 0.00 2.60 415.82
5693 27.44 0.00 0.00 2.30 416.56
5694 27.34 8.07 0.00 2.80 419.82
5695 28.63 90.88 50.21 3.50 420.30
5696 29.91 265.68 183.59 3.00 411.22
5697 31.42 487.90 388.72 2.80 402.78
5698 32.99 709.67 592.68 3.20 392.09
5699 34.15 785.99 525.94 2.60 395.44
5700 35.15 883.48 559.79 2.60 396.74
5701 35.54 728.99 333.63 4.00 404.64
5702 35.75 684.20 323.49 2.30 403.48
5703 35.33 435.65 103.46 3.00 415.97
5704 34.72 327.05 94.95 2.20 420.12
5705 33.89 186.04 30.80 2.80 423.44
5706 32.98 77.66 35.14 1.90 425.81
5707 32.41 4.55 0.00 1.90 424.08
5708 31.83 0.00 0.00 2.20 429.23
5709 31.26 0.00 0.00 1.50 427.09
5710 30.69 0.00 0.00 1.50 428.42
5711 30.12 0.00 0.00 2.30 427.34
5712 29.55 0.00 0.00 2.10 423.44
5713 29.06 0.00 0.00 2.30 418.21
5714 28.50 0.00 0.00 1.90 410.23
5715 27.94 0.00 0.00 1.80 407.96
5716 27.64 0.00 0.00 1.70 408.80
5717 27.36 0.00 0.00 1.00 406.41
5718 27.14 11.73 0.00 0.80 405.26
5719 29.14 134.41 301.12 0.90 408.84
5720 30.79 353.45 561.74 0.70 402.72
5721 32.21 528.37 570.14 0.80 403.08
5722 33.51 688.19 588.33 0.60 397.80
5723 34.89 885.37 767.50 0.80 394.25
5724 35.83 905.58 644.94 0.30 397.84
5725 36.24 792.13 481.22 0.20 405.24
5726 36.35 700.29 358.71 0.20 407.17
5727 36.21 595.53 370.22 0.50 404.41
5728 35.77 479.46 444.08 0.80 402.57
5729 35.07 339.83 586.02 1.00 395.79
5730 34.00 128.43 337.76 1.40 400.14
5731 33.24 8.47 0.00 0.70 396.76
5732 32.47 0.00 0.00 0.60 399.14
5733 31.71 0.00 0.00 1.00 400.55
5734 30.95 0.00 0.00 1.10 402.32
5735 30.18 0.00 0.00 1.40 397.14
5736 29.42 0.00 0.00 0.80 396.24
5737 28.96 0.00 0.00 0.50 396.44
5738 28.44 0.00 0.00 0.10 393.63
5739 27.92 0.00 0.00 0.20 396.68
5740 27.64 0.00 0.00 0.10 394.93
5741 27.39 0.00 0.00 0.10 395.64
5742 27.19 12.35 0.00 0.30 398.18
5743 29.24 136.85 357.02 0.50 402.76
5744 30.74 335.73 518.38 1.10 401.43
5745 32.26 536.13 618.83 1.20 401.70
5746 33.69 714.45 643.61 1.80 395.79
5747 34.93 843.70 686.30 1.10 396.15
5748 35.89 901.83 675.68 2.30 400.56
5749 36.55 894.59 665.79 3.20 401.01
5750 36.87 816.41 638.34 5.81 400.91
5751 36.88 682.56 603.97 6.21 402.21
5752 36.44 503.65 578.10 5.21 403.73
5753 35.58 303.30 471.20 3.50 407.86
5754 34.44 111.33 300.97 3.60 417.94
5755 33.66 6.27 0.00 2.80 412.72
5756 32.88 0.00 0.00 2.20 416.16
5757 32.10 0.00 0.00 3.20 416.19
5758 31.32 0.00 0.00 3.50 417.27
5759 30.54 0.00 0.00 3.20 416.29
5760 29.76 0.00 0.00 2.80 413.59
5761 29.22 0.00 0.00 2.30 410.44
5762 28.63 0.00 0.00 2.30 406.10
5763 28.03 0.00 0.00 4.00 404.91
5764 27.70 0.00 0.00 4.00 403.18
5765 27.41 0.00 0.00 3.80 403.57
5766 27.17 12.15 0.00 3.00 406.67
5767 29.40 149.62 468.45 3.80 414.04
5768 31.04 368.58 692.77 2.60 405.75
5769 32.64 579.90 779.97 3.20 402.67
5770 34.10 756.30 807.83 2.80 398.46
5771 35.34 883.00 821.44 1.90 398.68
5772 36.30 942.83 815.49 1.50 399.22
5773 36.96 935.42 806.73 1.90 397.39
5774 37.28 858.90 787.17 1.80 400.27
5775 37.28 720.49 754.62 1.90 405.85
5776 36.83 539.20 706.90 1.70 408.09
5777 35.93 324.55 589.76 3.20 411.36
5778 34.71 116.94 375.22 4.30 420.20
5779 33.90 5.56 0.00 3.80 417.32
5780 33.09 0.00 0.00 2.30 422.91
5781 32.28 0.00 0.00 1.90 418.12
5782 31.47 0.00 0.00 1.30 415.92
5783 30.66 0.00 0.00 1.20 413.18
5784 29.85 0.00 0.00 1.00 409.37
5785 29.34 0.00 0.00 1.30 409.07
5786 28.76 0.00 0.00 1.50 408.54
5787 28.19 0.00 0.00 2.20 408.82
5788 27.87 0.00 0.00 2.30 406.93
5789 27.55 0.00 0.00 1.50 403.03
5790 27.36 9.66 0.00 1.80 396.39
5791 28.99 111.45 126.65 2.50 403.09
5792 30.30 287.26 317.75 1.50 399.61
5793 31.64 470.32 386.34 1.30 398.87
5794 32.95 641.70 478.50 1.50 392.60
5795 33.98 731.56 440.54 1.90 391.97
5796 34.86 810.18 519.76 2.60 397.17
5797 35.40 780.86 479.42 2.80 401.26
5798 35.65 706.22 401.63 2.50 401.99
5799 35.57 563.72 291.95 2.60 405.92
5800 35.34 502.55 550.51 2.60 398.34
5801 34.60 280.87 393.57 2.20 404.09
5802 33.59 103.24 249.82 1.80 412.00
5803 32.94 5.07 0.00 1.80 409.13
5804 32.29 0.00 0.00 2.20 410.01
5805 31.64 0.00 0.00 2.50 413.34
5806 30.99 0.00 0.00 2.80 413.14
5807 30.34 0.00 0.00 3.20 416.06
5808 29.69 0.00 0.00 3.20 418.27
5809 29.35 0.00 0.00 2.50 413.79
5810 28.98 0.00 0.00 2.20 414.81
5811 28.62 0.00 0.00 1.80 415.85
5812 28.43 0.00 0.00 2.10 411.65
5813 28.24 0.00 0.00 1.70 413.52
5814 28.11 10.36 0.00 1.20 419.60
5815 30.20 132.91 320.78 0.80 420.51
5816 31.69 323.04 477.04 0.70 418.85
5817 33.28 531.69 618.35 0.90 416.73
5818 34.78 712.89 653.65 0.40 408.10
5819 35.96 803.12 579.12 0.40 413.28
5820 36.95 881.44 617.63 0.30 409.22
5821 37.56 842.41 584.09 0.50 407.76
5822 37.83 748.49 504.99 0.70 408.09
5823 37.85 642.11 525.40 1.50 408.21
5824 37.44 478.75 508.47 1.30 407.27
5825 36.62 283.17 395.77 1.80 408.40
5826 35.53 101.69 236.52 1.70 417.83
5827 34.50 4.25 0.00 2.60 411.88
5828 33.47 0.00 0.00 2.50 413.59
5829 32.44 0.00 0.00 1.90 410.36
5830 31.42 0.00 0.00 1.70 409.08
5831 30.39 0.00 0.00 1.80 405.69
5832 29.36 0.00 0.00 1.70 401.20
5833 28.88 0.00 0.00 1.81 361.66
5834 27.87 0.00 0.00 2.11 362.22
5835 26.87 0.00 0.00 1.91 359.63
5836 26.32 0.00 0.00 2.11 357.86
5837 25.78 0.00 0.00 2.31 359.08
5838 25.38 10.96 0.00 1.30 353.71
5839 27.58 138.37 410.14 1.20 358.33
5840 29.26 349.67 611.65 0.70 357.51
5841 31.01 568.21 738.33 1.00 358.34
5842 32.59 741.72 774.78 1.40 355.56
5843 33.90 859.26 762.76 1.30 359.88
5844 34.88 909.41 727.71 1.91 357.53
5845 35.51 892.07 688.60 1.91 358.51
5846 35.81 818.99 681.68 1.71 363.33
5847 35.74 676.83 624.03 2.11 368.77
5848 35.17 497.22 604.52 2.31 372.19
5849 34.14 294.34 491.59 3.81 375.51
5850 32.80 101.81 257.75 3.61 388.18
5851 31.88 3.64 0.00 2.61 389.11
5852 30.96 0.00 0.00 2.61 394.36
5853 30.04 0.00 0.00 2.61 394.05
5854 29.12 0.00 0.00 1.71 387.33
5855 28.20 0.00 0.00 2.11 383.82
5856 27.33 0.00 0.00 2.61 382.61
5857 26.89 0.00 0.00 2.51 378.88
5858 26.39 0.00 0.00 1.61 378.13
5859 25.90 0.00 0.00 1.91 380.32
5860 25.62 0.00 0.00 2.11 380.05
5861 25.34 0.00 0.00 1.51 382.73
5862 25.14 8.31 0.00 1.61 393.73
5863 27.38 128.55 265.11 1.91 398.06
5864 28.94 309.96 404.98 1.61 393.27
5865 30.50 483.06 436.68 2.11 395.39
5866 32.10 666.91 533.62 2.31 389.15
5867 33.15 698.62 362.56 2.31 394.75
5868 33.96 742.36 395.67 3.01 392.57
5869 34.51 735.63 392.16 2.11 388.49
5870 34.80 686.51 367.44 1.81 392.77
5871 34.89 628.59 501.45 2.51 392.30
5872 34.59 488.36 561.05 1.81 388.09
5873 33.69 260.01 328.08 2.31 393.14
5874 32.47 85.04 172.02 1.00 399.41
5875 31.67 2.92 0.00 1.30 401.34
5876 30.88 0.00 0.00 1.30 402.95
5877 30.09 0.00 0.00 1.20 402.46
5878 29.30 0.00 0.00 1.81 400.07
5879 28.50 0.00 0.00 1.40 398.01
5880 27.75 0.00 0.00 1.61 395.50
5881 27.25 0.00 0.00 1.40 391.64
5882 26.70 0.00 0.00 1.81 385.59
5883 26.14 0.00 0.00 1.91 381.05
5884 25.84 0.00 0.00 1.51 379.97
5885 25.53 0.00 0.00 1.20 381.24
5886 25.31 9.65 0.00 1.00 382.63
5887 27.57 131.86 375.60 0.30 389.24
5888 29.35 338.47 575.81 0.90 387.30
5889 31.19 548.24 674.75 1.81 389.36
5890 32.87 721.25 714.76 3.41 383.59
5891 34.28 840.71 712.74 3.61 383.21
5892 35.39 899.50 709.30 4.42 388.66
5893 36.12 884.94 682.25 3.61 393.55
5894 36.48 807.40 663.69 4.72 395.63
5895 36.47 674.04 651.33 2.81 399.74
5896 35.94 497.31 634.14 3.21 402.76
5897 34.90 288.03 494.15 3.61 407.16
5898 33.53 96.68 260.52 5.42 413.10
5899 32.72 2.59 0.00 4.92 413.93
5900 31.90 0.00 0.00 4.42 419.42
5901 31.09 0.00 0.00 3.21 419.01
5902 30.28 0.00 0.00 2.51 416.12
5903 29.46 0.00 0.00 2.31 414.16
5904 28.65 0.00 0.00 2.11 405.45
5905 28.13 0.00 0.00 1.91 402.86
5906 27.59 0.00 0.00 1.71 402.51
5907 27.02 0.00 0.00 2.31 401.55
5908 26.71 0.00 0.00 3.21 400.79
5909 26.39 0.00 0.00 2.81 398.45
5910 26.16 8.35 0.00 3.81 398.52
5911 28.18 116.85 241.70 3.61 405.87
5912 29.26 239.85 143.45 5.42 404.71
5913 30.70 422.34 242.77 6.42 406.51
5914 32.22 601.32 344.84 7.33 403.17
5915 33.91 817.15 584.15 7.93 392.79
5916 34.92 784.44 489.78 7.33 402.28
5917 35.79 852.10 543.26 6.42 399.56
5918 36.00 664.34 325.88 5.72 410.04
5919 36.20 693.40 653.22 4.92 399.07
5920 36.01 536.82 748.84 4.01 403.33
5921 35.20 311.89 580.61 3.41 408.61
5922 33.96 104.03 315.05 3.21 413.38
5923 33.24 2.89 0.00 2.11 410.93
5924 32.52 0.00 0.00 2.11 415.54
5925 31.80 0.00 0.00 2.61 414.02
5926 31.08 0.00 0.00 2.81 414.18
5927 30.36 0.00 0.00 3.41 411.93
5928 29.64 0.00 0.00 3.41 409.64
5929 29.24 0.00 0.00 3.41 409.43
5930 28.82 0.00 0.00 4.92 407.28
5931 28.40 0.00 0.00 5.72 410.17
5932 28.18 0.00 0.00 4.72 409.26
5933 27.96 0.00 0.00 4.01 406.27
5934 27.84 7.24 0.00 3.81 408.32
5935 30.24 151.21 463.63 4.42 408.91
5936 32.13 388.16 723.46 4.72 401.34
5937 33.74 571.46 733.59 4.42 403.05
5938 34.92 667.20 520.28 5.22 400.77
5939 35.73 700.23 363.17 5.72 401.99
5940 35.92 572.85 154.36 6.42 412.97
5941 35.64 441.85 59.52 6.42 422.23
5942 35.59 487.20 105.52 6.92 416.05
5943 35.04 324.65 30.46 6.92 423.22
5944 34.48 281.17 60.58 6.62 418.19
5945 33.58 104.92 0.00 5.42 425.10
5946 32.64 26.43 0.00 5.72 428.61
5947 31.90 1.25 0.00 5.42 426.90
5948 31.16 0.00 0.00 6.02 425.92
5949 30.42 0.00 0.00 4.92 419.77
5950 29.68 0.00 0.00 5.72 413.76
5951 28.94 0.00 0.00 3.61 407.43
5952 28.19 0.00 0.00 4.42 401.75
5953 27.58 0.00 0.00 4.92 402.64
5954 26.89 0.00 0.00 4.72 402.42
5955 26.19 0.00 0.00 5.72 399.70
5956 25.81 0.00 0.00 6.02 394.53
5957 25.43 0.00 0.00 3.61 394.83
5958 25.16 5.89 0.00 3.01 384.44
5959 26.78 95.23 87.43 4.01 384.56
5960 27.82 219.68 104.02 3.61 387.65
5961 29.51 451.25 329.63 4.01 380.56
5962 30.96 586.20 336.31 4.42 380.27
5963 31.81 587.74 203.80 6.22 387.81
5964 32.86 754.57 433.89 7.53 380.44
5965 33.26 626.85 231.86 7.53 387.51
5966 33.69 691.03 396.98 6.92 383.16
5967 34.01 689.05 661.76 7.33 378.36
5968 34.00 555.34 800.34 7.53 373.74
5969 33.36 319.31 657.25 6.72 378.96
5970 32.25 103.76 377.19 6.72 385.62
5971 31.36 1.82 0.00 5.72 386.87
5972 30.47 0.00 0.00 3.61 389.34
5973 29.58 0.00 0.00 3.41 383.14
5974 28.69 0.00 0.00 1.71 382.56
5975 27.83 0.00 0.00 1.61 382.74
5976 26.97 0.00 0.00 2.31 382.41
5977 26.41 0.00 0.00 2.51 378.34
5978 25.77 0.00 0.00 3.01 377.19
5979 25.12 0.00 0.00 3.01 371.57
5980 24.76 0.00 0.00 4.01 371.14
5981 24.40 0.00 0.00 3.41 371.26
5982 24.13 6.41 0.00 2.61 371.93
5983 25.66 92.09 81.47 2.81 375.37
5984 26.91 243.31 126.74 4.01 373.24
5985 28.22 408.90 222.91 4.72 376.20
5986 29.61 573.30 324.26 4.72 373.54
5987 30.84 693.48 369.36 4.92 375.65
5988 31.65 696.21 308.52 4.72 381.09
5989 32.01 625.29 206.77 5.22 382.50
5990 32.46 713.13 480.33 4.21 376.74
5991 32.57 601.64 471.63 4.72 379.53
5992 32.24 434.14 412.13 4.72 384.85
5993 31.58 302.55 567.05 4.92 382.19
5994 30.48 95.28 296.74 3.61 390.24
5995 30.02 1.39 0.00 3.61 387.20
5996 29.56 0.00 0.00 3.61 391.38
5997 29.10 0.00 0.00 4.21 390.94
5998 28.65 0.00 0.00 5.22 391.83
5999 28.19 0.00 0.00 5.22 387.72
6000 27.77 0.00 0.00 3.81 389.89
6001 27.72 0.00 0.00 3.81 387.17
6002 27.61 0.00 0.00 2.11 391.16
6003 27.51 0.00 0.00 3.21 391.71
6004 27.43 0.00 0.00 3.61 394.03
6005 27.35 0.00 0.00 2.81 394.64
6006 27.28 7.61 0.00 3.41 394.24
6007 29.90 128.92 355.84 3.41 400.17
6008 31.92 325.02 512.53 3.41 397.94
6009 33.87 509.94 566.69 3.81 395.77
6010 35.50 641.31 514.84 4.72 394.58
6011 36.94 753.34 542.76 6.22 397.00
6012 37.97 779.03 525.12 6.92 402.16
6013 38.64 762.14 450.52 6.22 404.67
6014 39.15 770.65 607.35 5.42 399.05
6015 39.37 699.45 781.91 4.72 395.19
6016 39.03 518.36 739.92 3.21 400.02
6017 38.01 293.83 566.19 3.01 403.90
6018 36.54 90.73 295.72 3.21 410.73
6019 35.58 0.96 0.00 3.61 410.49
6020 34.62 0.00 0.00 3.01 418.77
6021 33.65 0.00 0.00 4.42 420.51
6022 32.69 0.00 0.00 4.21 418.25
6023 31.73 0.00 0.00 3.81 414.55
6024 30.76 0.00 0.00 4.92 409.71
6025 30.06 0.00 0.00 5.42 406.32
6026 29.32 0.00 0.00 4.42 408.79
6027 28.57 0.00 0.00 3.61 407.83
6028 28.18 0.00 0.00 3.81 404.06
6029 27.82 0.00 0.00 3.81 405.88
6030 27.55 7.30 0.00 4.01 410.17
6031 29.43 111.93 272.86 2.81 417.16
6032 31.19 317.26 491.96 2.31 412.68
6033 32.90 513.89 588.25 2.61 409.98
6034 34.44 676.64 594.79 2.61 404.18
6035 35.74 787.23 618.22 2.51 404.81
6036 36.79 853.99 613.88 2.31 403.67
6037 37.45 824.49 556.06 2.31 406.58
6038 37.76 742.29 547.21 3.01 408.86
6039 37.82 658.59 655.46 3.21 400.17
6040 37.37 472.74 623.13 3.21 404.59
6041 36.43 265.96 489.53 3.81 407.06
6042 35.17 81.15 301.45 2.31 413.34
6043 34.01 0.00 0.00 2.51 415.34
6044 32.85 0.00 0.00 3.21 407.90
6045 31.69 0.00 0.00 2.11 405.03
6046 30.52 0.00 0.00 3.01 401.39
6047 29.36 0.00 0.00 3.21 393.42
6048 28.20 0.00 0.00 3.21 388.03
6049 27.30 0.00 0.00 3.41 389.76
6050 26.30 0.00 0.00 2.81 385.00
6051 25.30 0.00 0.00 2.61 379.91
6052 24.76 0.00 0.00 2.61 377.77
6053 24.22 0.00 0.00 2.61 373.14
6054 23.83 7.23 0.00 2.61 366.00
6055 25.99 136.09 468.97 1.91 371.05
6056 27.72 356.47 726.16 2.31 368.10
6057 29.48 578.11 846.59 2.51 369.48
6058 31.10 757.90 880.29 4.21 363.47
6059 32.48 886.76 900.10 4.92 361.57
6060 33.53 945.26 900.42 6.02 361.62
6061 34.22 927.51 879.20 5.72 364.07
6062 34.54 848.40 871.37 6.92 368.79
6063 34.49 695.49 815.75 6.22 373.53
6064 33.89 504.12 748.24 6.92 378.69
6065 32.80 281.62 596.51 6.02 381.84
6066 31.39 82.17 357.77 6.22 390.89
6067 30.37 0.00 0.00 6.72 394.55
6068 29.36 0.00 0.00 6.22 390.23
6069 28.34 0.00 0.00 4.72 384.87
6070 27.37 0.00 0.00 4.01 382.33
6071 26.39 0.00 0.00 3.61 383.94
6072 25.40 0.00 0.00 3.01 379.66
6073 24.82 0.00 0.00 3.21 380.68
6074 24.18 0.00 0.00 4.01 377.97
6075 23.53 0.00 0.00 5.22 377.07
6076 23.18 0.00 0.00 4.42 373.15
6077 22.83 0.00 0.00 3.81 372.70
6078 22.57 6.67 0.00 3.01 373.20
6079 24.70 126.81 408.72 3.01 382.84
6080 26.43 335.05 613.57 1.91 385.13
6081 28.17 547.05 722.85 2.51 381.03
6082 29.85 728.39 793.38 2.51 376.07
6083 31.30 856.60 822.90 3.21 373.76
6084 32.42 918.24 834.88 3.41 374.66
6085 33.19 913.14 848.37 3.81 376.11
6086 33.58 833.94 840.09 6.02 378.44
6087 33.58 688.70 805.77 6.72 378.68
6088 33.00 493.16 720.55 5.72 377.66
6089 31.91 272.45 537.24 5.42 381.14
6090 30.51 78.83 338.10 5.22 386.21
6091 29.70 0.00 0.00 5.42 389.56
6092 28.90 0.00 0.00 4.21 388.11
6093 28.09 0.00 0.00 5.22 387.34
6094 27.34 0.00 0.00 4.92 385.22
6095 26.56 0.00 0.00 4.21 378.31
6096 25.78 0.00 0.00 4.92 375.82
6097 25.30 0.00 0.00 4.72 377.83
6098 24.77 0.00 0.00 4.42 380.49
6099 24.25 0.00 0.00 5.72 378.91
6100 23.97 0.00 0.00 6.02 379.63
6101 23.68 0.00 0.00 4.01 379.52
6102 23.48 6.53 0.00 3.81 379.10
6103 25.51 118.52 321.67 3.21 384.38
6104 27.17 313.24 484.83 3.41 383.27
6105 28.87 515.43 629.81 2.61 378.76
6106 30.40 663.81 577.32 2.61 373.53
6107 31.73 782.45 624.93 3.61 372.98
6108 32.78 842.29 591.08 3.61 370.26
6109 33.40 796.62 523.93 3.21 372.59
6110 33.74 747.15 611.36 4.01 370.63
6111 33.77 634.46 630.67 5.22 371.05
6112 33.31 467.17 638.13 4.21 373.15
6113 32.36 263.48 536.26 4.42 380.51
6114 31.07 71.40 299.57 5.22 393.28
6115 30.16 0.00 0.00 4.42 399.94
6116 29.25 0.00 0.00 3.81 398.81
6117 28.34 0.00 0.00 4.21 399.07
6118 27.48 0.00 0.00 3.61 393.61
6119 26.60 0.00 0.00 3.01 392.98
6120 25.72 0.00 0.00 2.31 391.27
6121 25.05 0.00 0.00 1.91 389.95
6122 24.30 0.00 0.00 2.11 389.56
6123 23.55 0.00 0.00 3.01 387.39
6124 23.14 0.00 0.00 4.72 386.71
6125 22.73 0.00 0.00 4.72 384.60
6126 22.42 5.99 0.00 4.92 377.38
6127 24.14 110.33 294.01 5.72 380.76
6128 25.63 303.11 470.29 4.01 373.94
6129 27.21 511.58 621.70 4.92 371.04
6130 28.66 683.99 654.33 5.22 366.12
6131 29.93 805.93 670.64 5.42 362.19
6132 30.90 856.34 652.46 6.02 363.10
6133 31.58 860.44 698.84 5.42 363.32
6134 31.94 802.08 742.66 6.02 362.83
6135 31.92 649.74 694.23 6.02 362.94
6136 31.42 476.33 694.91 6.02 357.85
6137 30.47 272.22 569.03 5.42 365.56
6138 29.19 75.62 290.37 5.22 375.03
6139 28.35 0.00 0.00 5.72 376.81
6140 27.55 0.00 0.00 5.42 377.82
6141 26.73 0.00 0.00 5.22 377.13
6142 25.91 0.00 0.00 3.81 376.96
6143 25.09 0.00 0.00 4.21 373.14
6144 24.28 0.00 0.00 4.42 367.42
6145 23.85 0.00 0.00 3.21 368.17
6146 23.37 0.00 0.00 4.92 370.97
6147 22.89 0.00 0.00 4.72 370.98
6148 22.62 0.00 0.00 4.92 368.10
6149 22.35 0.00 0.00 5.42 372.39
6150 22.15 5.82 0.00 5.42 374.72
6151 24.13 119.69 359.45 4.92 379.28
6152 25.82 326.11 588.35 6.72 373.71
6153 27.57 543.19 729.93 6.92 371.76
6154 29.19 720.66 788.73 6.22 368.23
6155 30.60 846.69 815.03 7.73 368.21
6156 31.66 895.44 790.74 7.23 372.10
6157 32.36 876.15 762.96 6.42 371.83
6158 32.70 800.74 768.27 4.72 369.06
6159 32.68 659.62 726.44 6.02 370.99
6160 32.09 463.17 646.22 6.42 372.71
6161 31.02 249.77 506.26 6.02 374.77
6162 29.64 58.02 208.11 4.21 386.86
6163 28.82 0.00 0.00 3.41 388.90
6164 28.00 0.00 0.00 4.42 384.19
6165 27.24 0.00 0.00 3.41 376.28
6166 26.45 0.00 0.00 3.21 371.79
6167 25.66 0.00 0.00 3.41 372.09
6168 24.87 0.00 0.00 3.21 369.19
6169 24.34 0.00 0.00 1.61 366.62
6170 23.76 0.00 0.00 1.81 363.19
6171 23.18 0.00 0.00 2.31 360.66
6172 22.86 0.00 0.00 2.61 357.23
6173 22.54 0.00 0.00 1.81 354.76
6174 22.31 1.08 0.00 1.71 356.85
6175 24.36 127.38 285.79 1.61 364.25
6176 25.36 255.18 245.44 1.20 367.66
6177 25.73 268.42 62.37 1.71 381.71
6178 25.02 58.37 0.00 1.71 394.42
6179 27.32 892.33 724.62 2.11 348.82
6180 29.01 953.52 948.81 3.61 354.83
6181 30.21 941.88 948.41 4.01 359.85
6182 30.92 858.17 939.27 5.22 361.12
6183 31.17 708.25 907.79 6.02 366.57
6184 30.95 505.21 801.92 6.42 369.06
6185 30.15 274.56 619.42 7.33 369.83
6186 28.98 71.71 319.65 6.92 377.03
6187 28.22 0.00 0.00 4.92 378.60
6188 27.50 0.00 0.00 4.92 380.23
6189 26.76 0.00 0.00 5.72 379.27
6190 26.02 0.00 0.00 6.92 381.01
6191 25.29 0.00 0.00 7.23 378.98
6192 24.55 0.00 0.00 9.23 380.42
6193 24.07 0.00 0.00 9.73 379.38
6194 23.54 0.00 0.00 13.75 377.74
6195 23.00 0.00 0.00 12.04 380.94
6196 22.70 0.00 0.00 11.04 381.36
6197 22.40 0.00 0.00 11.04 384.54
6198 22.18 5.05 0.00 11.04 385.30
6199 23.91 108.78 316.36 9.73 389.21
6200 25.51 310.51 532.29 10.34 384.38
6201 27.14 516.72 642.53 10.34 383.91
6202 28.59 681.95 668.91 9.73 376.46
6203 29.88 801.59 681.22 8.13 373.70
6204 30.84 846.34 648.75 8.43 370.63
6205 31.46 825.68 622.68 8.43 366.09
6206 31.76 756.38 645.81 8.83 360.59
6207 31.72 619.75 634.24 8.43 361.65
6208 31.16 436.67 579.18 9.73 363.62
6209 30.14 229.70 430.08 7.73 368.63
6210 28.86 52.01 165.27 7.23 380.61
6211 28.09 0.00 0.00 5.72 387.34
6212 27.37 0.00 0.00 4.21 383.68
6213 26.63 0.00 0.00 4.42 383.44
6214 25.89 0.00 0.00 4.21 379.33
6215 25.14 0.00 0.00 4.42 379.29
6216 24.40 0.00 0.00 4.01 374.06
6217 23.96 0.00 0.00 4.72 375.79
6218 23.48 0.00 0.00 4.01 378.11
6219 22.99 0.00 0.00 4.42 383.02
6220 22.72 0.00 0.00 5.42 381.57
6221 22.45 0.00 0.00 5.22 380.43
6222 22.26 4.89 0.00 5.42 379.84
6223 24.51 131.43 519.69 5.42 382.76
6224 26.43 357.07 784.51 6.62 379.59
6225 28.33 580.79 895.38 7.53 380.00
6226 30.13 767.11 939.34 8.13 377.09
6227 31.66 897.06 958.07 9.23 377.09
6228 32.84 953.41 959.60 9.23 376.84
6229 33.62 939.05 956.05 12.04 377.94
6230 33.99 847.07 933.50 10.34 379.62
6231 33.96 694.55 900.68 9.73 381.49
6232 33.32 495.56 816.80 9.23 384.06
6233 32.15 265.32 546.40 8.83 386.73
6234 30.61 50.41 111.68 9.73 399.40
6235 29.84 0.00 0.00 8.83 407.78
6236 29.07 0.00 0.00 8.63 405.25
6237 28.29 0.00 0.00 8.83 403.34
6238 27.57 0.00 0.00 7.73 396.29
6239 26.82 0.00 0.00 8.13 394.75
6240 26.07 0.00 0.00 7.73 394.71
6241 25.56 0.00 0.00 6.22 388.75
6242 25.03 0.00 0.00 6.42 387.92
6243 24.49 0.00 0.00 7.23 388.82
6244 24.20 0.00 0.00 8.13 391.01
6245 23.92 0.00 0.00 7.93 390.01
6246 23.71 4.04 0.00 7.93 393.85
6247 25.37 97.25 235.32 7.23 401.25
6248 26.65 247.88 211.21 7.53 405.27
6249 28.53 504.90 580.84 8.63 392.91
6250 30.36 697.31 686.90 7.93 386.19
6251 32.05 865.07 789.67 8.63 381.07
6252 32.85 761.01 468.35 8.43 394.21
6253 33.66 858.71 681.89 6.92 385.36
6254 34.21 837.61 882.30 6.62 380.66
6255 34.34 690.21 884.83 6.92 377.37
6256 33.91 486.90 775.18 6.92 378.30
6257 32.91 257.90 586.49 7.73 385.51
6258 31.57 61.44 270.18 8.43 392.23
6259 30.66 0.00 0.00 7.73 400.52
6260 29.75 0.00 0.00 7.33 399.67
6261 28.85 0.00 0.00 6.92 398.24
6262 27.94 0.00 0.00 6.42 400.18
6263 27.10 0.00 0.00 6.22 395.60
6264 26.22 0.00 0.00 6.22 394.09
6265 25.51 0.00 0.00 5.42 392.97
6266 24.72 0.00 0.00 5.22 390.76
6267 23.94 0.00 0.00 5.42 385.96
6268 23.52 0.00 0.00 4.72 384.69
6269 23.09 0.00 0.00 5.22 381.21
6270 22.78 4.07 0.00 4.42 383.18
6271 24.37 103.16 244.02 4.21 385.32
6272 25.80 290.11 452.63 2.51 378.46
6273 27.33 497.69 610.87 2.81 378.27
6274 28.73 663.59 618.11 2.81 376.56
6275 29.99 790.91 657.69 3.01 376.52
6276 30.82 795.10 542.24 4.01 378.25
6277 31.32 764.86 513.83 4.01 383.62
6278 31.45 656.98 420.95 2.81 384.53
6279 31.30 544.75 426.10 4.01 388.27
6280 30.63 355.91 299.48 3.81 391.27
6281 29.58 167.59 110.98 3.81 399.52
6282 28.41 41.47 53.32 3.01 396.60
6283 27.86 0.00 0.00 2.31 395.62
6284 27.30 0.00 0.00 1.61 392.39
6285 26.74 0.00 0.00 1.61 395.04
6286 26.18 0.00 0.00 1.30 393.96
6287 25.62 0.00 0.00 1.81 391.30
6288 25.05 0.00 0.00 1.81 391.24
6289 24.83 0.00 0.00 1.10 388.41
6290 24.66 0.00 0.00 0.80 390.27
6291 24.49 0.00 0.00 0.80 387.13
6292 24.43 0.00 0.00 0.60 381.96
6293 24.37 0.00 0.00 0.60 383.00
6294 24.35 3.39 0.00 0.60 382.82
6295 25.97 115.51 319.83 1.30 383.21
6296 27.27 301.14 456.72 1.00 383.44
6297 28.94 564.77 748.27 0.80 376.57
6298 30.49 756.51 798.47 1.30 372.21
6299 30.98 590.98 269.75 1.30 391.35
6300 31.99 875.64 675.73 1.00 376.44
6301 32.19 608.38 248.27 0.80 392.85
6302 31.61 332.47 37.60 0.50 407.08
6303 30.43 50.40 0.00 0.90 423.30
6304 29.45 35.11 0.00 1.81 426.06
6305 28.63 18.14 0.00 2.11 424.03
6306 27.92 4.02 0.00 2.81 422.96
6307 27.55 0.00 0.00 1.91 423.02
6308 27.16 0.00 0.00 1.51 416.68
6309 26.76 0.00 0.00 1.30 412.84
6310 26.36 0.00 0.00 0.50 409.13
6311 25.96 0.00 0.00 0.70 403.87
6312 25.56 0.00 0.00 1.40 403.44
6313 24.92 0.00 0.00 2.11 401.86
6314 24.20 0.00 0.00 1.30 396.30
6315 23.48 0.00 0.00 1.40 394.53
6316 23.08 0.00 0.00 1.71 389.24
6317 22.68 0.00 0.00 1.61 382.98
6318 22.39 3.56 0.00 2.31 376.81
6319 23.88 97.99 250.08 2.31 376.95
6320 25.35 291.45 458.65 2.31 372.69
6321 26.91 501.68 644.88 2.51 368.53
6322 28.19 641.22 572.17 2.81 366.02
6323 29.29 742.96 590.59 3.21 368.78
6324 30.10 775.78 548.26 3.01 369.75
6325 30.64 773.51 570.10 2.31 370.56
6326 30.90 712.41 614.18 3.21 368.03
6327 30.89 600.44 624.08 3.41 368.60
6328 30.37 416.34 575.89 3.61 370.88
6329 29.43 217.95 471.66 2.51 370.28
6330 28.22 42.07 105.28 1.20 380.84
6331 27.55 0.00 0.00 1.40 384.42
6332 26.86 0.00 0.00 1.00 378.53
6333 26.17 0.00 0.00 1.00 378.23
6334 25.48 0.00 0.00 0.40 377.45
6335 24.80 0.00 0.00 0.20 374.28
6336 24.11 0.00 0.00 0.40 374.90
6337 23.79 0.00 0.00 0.30 377.57
6338 23.45 0.00 0.00 0.80 375.45
6339 23.10 0.00 0.00 1.51 374.89
6340 22.91 0.00 0.00 1.30 375.26
6341 22.72 0.00 0.00 0.90 370.59
6342 22.58 3.48 0.00 0.70 370.42
6343 24.43 107.17 305.50 0.80 372.04
6344 26.18 310.18 574.14 1.00 369.38
6345 27.88 511.40 681.41 0.80 370.02
6346 29.53 681.30 715.87 1.00 368.51
6347 30.94 798.80 727.83 1.20 365.34
6348 32.04 856.27 743.33 1.51 364.57
6349 32.77 842.59 745.31 1.40 367.66
6350 33.16 771.01 775.16 1.00 370.72
6351 33.15 623.65 719.40 1.30 374.74
6352 32.54 427.10 633.07 1.10 374.72
6353 31.44 214.16 426.01 0.80 383.47
6354 30.08 40.76 102.16 0.70 394.78
6355 29.44 0.00 0.00 0.30 397.33
6356 28.80 0.00 0.00 0.10 397.76
6357 28.16 0.00 0.00 0.00 398.28
6358 27.57 0.00 0.00 0.40 396.94
6359 26.95 0.00 0.00 0.50 396.89
6360 26.33 0.00 0.00 0.70 392.57
6361 25.88 0.00 0.00 0.40 387.72
6362 25.41 0.00 0.00 1.10 384.94
6363 24.94 0.00 0.00 1.30 383.72
6364 24.69 0.00 0.00 1.71 379.11
6365 24.45 0.00 0.00 1.71 379.53
6366 24.27 3.25 0.00 1.61 380.51
6367 25.92 98.08 243.25 1.30 386.84
6368 27.48 283.35 452.28 0.90 381.33
6369 29.09 478.65 563.10 1.30 379.23
6370 30.66 648.95 623.41 1.00 375.74
6371 32.04 775.80 661.69 1.30 374.59
6372 33.10 826.39 656.32 1.61 374.13
6373 33.81 808.17 645.43 1.10 374.73
6374 34.21 753.59 711.92 0.70 375.56
6375 34.18 582.02 592.95 0.30 374.74
6376 33.58 388.68 465.13 0.30 381.20
6377 32.53 188.07 330.21 0.20 387.28
6378 31.28 37.71 48.12 0.70 390.71
6379 30.41 0.00 0.00 0.70 400.16
6380 29.53 0.00 0.00 0.80 394.32
6381 28.66 0.00 0.00 0.20 390.82
6382 27.82 0.00 0.00 0.20 389.26
6383 26.98 0.00 0.00 0.20 384.33
6384 26.13 0.00 0.00 0.30 383.81
6385 25.40 0.00 0.00 0.40 382.10
6386 24.55 0.00 0.00 0.20 376.20
6387 23.71 0.00 0.00 0.60 374.82
6388 23.23 0.00 0.00 0.90 373.09
6389 22.75 0.00 0.00 0.80 368.55
6390 22.40 3.02 0.00 0.90 369.28
6391 23.80 103.00 262.52 0.90 370.85
6392 25.15 303.50 516.21 0.60 370.42
6393 26.57 516.46 682.28 0.50 371.56
6394 27.88 696.17 769.11 0.70 373.22
6395 28.83 766.55 628.13 0.60 379.42
6396 29.50 788.30 563.50 0.40 379.78
6397 29.85 742.11 507.09 0.80 384.42
6398 29.94 666.35 530.66 1.20 384.65
6399 29.75 546.80 490.44 0.60 383.20
6400 29.15 378.14 431.06 0.80 383.98
6401 28.20 193.57 343.67 0.90 386.55
6402 27.12 37.19 78.64 1.51 383.30
6403 26.50 0.00 0.00 1.81 383.57
6404 25.87 0.00 0.00 2.11 381.14
6405 25.25 0.00 0.00 2.51 381.79
6406 24.63 0.00 0.00 1.91 375.72
6407 24.00 0.00 0.00 2.61 374.52
6408 23.38 0.00 0.00 3.21 372.35
6409 23.28 0.00 0.00 3.01 374.83
6410 23.18 0.00 0.00 2.61 375.26
6411 23.08 0.00 0.00 3.61 374.67
6412 23.02 0.00 0.00 2.31 376.09
6413 22.97 0.00 0.00 1.61 377.97
6414 22.93 2.88 0.00 1.91 378.90
6415 24.75 103.52 285.50 1.91 384.23
6416 26.44 296.37 510.43 2.11 380.42
6417 28.06 481.85 596.46 3.21 381.74
6418 29.78 672.71 662.87 3.01 373.08
6419 31.33 816.13 763.96 2.11 374.91
6420 32.38 820.31 644.05 3.01 381.63
6421 33.07 800.42 630.75 4.72 383.20
6422 33.31 679.34 546.07 5.72 384.19
6423 33.28 576.23 572.89 5.72 387.43
6424 32.49 326.10 230.78 6.22 395.10
6425 31.27 126.88 61.89 7.33 402.07
6426 30.00 27.44 0.00 6.72 400.35
6427 29.44 0.00 0.00 4.92 405.75
6428 28.87 0.00 0.00 4.42 404.08
6429 28.31 0.00 0.00 3.21 401.70
6430 27.78 0.00 0.00 2.81 402.27
6431 27.24 0.00 0.00 2.51 401.00
6432 26.69 0.00 0.00 2.11 399.67
6433 26.16 0.00 0.00 1.51 397.41
6434 25.59 0.00 0.00 0.90 393.97
6435 25.03 0.00 0.00 1.61 394.34
6436 24.73 0.00 0.00 2.11 390.72
6437 24.42 0.00 0.00 2.31 390.53
6438 24.21 2.13 0.00 2.11 393.13
6439 25.72 93.61 226.13 3.21 393.69
6440 27.11 266.62 394.74 2.81 395.89
6441 28.59 458.16 492.19 4.42 395.04
6442 29.91 590.63 466.61 3.61 395.04
6443 31.11 714.92 535.83 3.41 393.33
6444 32.06 775.10 580.79 3.41 389.57
6445 32.72 768.56 572.23 3.21 391.65
6446 32.95 651.35 486.33 3.61 394.88
6447 32.81 506.30 393.40 3.01 395.04
6448 32.24 355.12 397.28 3.81 393.38
6449 31.28 170.72 283.02 4.92 396.47
6450 30.14 30.25 27.68 3.41 392.93
6451 29.45 0.00 0.00 4.72 399.58
6452 28.77 0.00 0.00 4.42 399.38
6453 28.08 0.00 0.00 4.01 396.57
6454 27.44 0.00 0.00 4.21 395.55
6455 26.78 0.00 0.00 4.21 396.07
6456 26.11 0.00 0.00 4.92 393.83
6457 25.64 0.00 0.00 3.81 396.77
6458 25.12 0.00 0.00 2.31 397.07
6459 24.61 0.00 0.00 3.21 393.54
6460 24.34 0.00 0.00 3.21 389.41
6461 24.07 0.00 0.00 1.91 386.49
6462 23.88 1.92 0.00 2.11 386.17
6463 25.29 86.32 213.84 1.40 391.40
6464 26.76 265.75 399.01 0.70 387.61
6465 28.33 467.27 548.15 0.70 386.03
6466 29.82 624.54 569.01 1.30 379.86
6467 31.07 733.54 582.24 1.71 376.82
6468 32.15 820.80 641.35 1.71 375.90
6469 32.75 756.67 556.29 2.31 378.55
6470 33.01 675.03 552.32 2.11 379.43
6471 32.87 519.94 443.49 1.71 386.51
6472 32.32 375.58 477.54 2.51 392.04
6473 31.32 171.25 309.81 2.61 397.16
6474 30.13 29.33 26.28 1.91 390.26
6475 29.44 0.00 0.00 1.51 394.81
6476 28.75 0.00 0.00 1.61 392.95
6477 28.06 0.00 0.00 1.51 391.30
6478 27.42 0.00 0.00 1.51 388.17
6479 26.76 0.00 0.00 0.60 387.30
6480 26.09 0.00 0.00 0.60 382.05
6481 25.59 0.00 0.00 1.30 385.62
6482 25.06 0.00 0.00 1.10 384.19
6483 24.54 0.00 0.00 1.51 385.36
6484 24.27 0.00 0.00 1.40 383.43
6485 23.99 0.00 0.00 1.40 382.55
6486 23.81 1.76 0.00 1.91 381.16
6487 25.12 80.86 180.74 2.81 384.12
6488 26.19 213.10 126.59 2.51 386.60
6489 27.24 340.12 111.74 2.81 383.72
6490 28.10 430.97 125.99 2.51 380.12
6491 29.11 568.79 240.52 2.51 376.45
6492 30.22 723.01 453.80 2.61 372.59
6493 31.16 785.75 597.90 4.01 370.26
6494 31.74 732.75 713.32 4.21 368.79
6495 31.89 574.47 607.78 6.42 371.07
6496 31.45 348.86 355.05 6.02 378.29
6497 30.49 126.66 91.37 5.72 391.40
6498 29.45 26.42 4.00 6.02 391.68
6499 28.79 0.00 0.00 6.92 391.69
6500 28.14 0.00 0.00 4.92 392.72
6501 27.53 0.00 0.00 5.42 389.97
6502 26.89 0.00 0.00 4.72 386.05
6503 26.26 0.00 0.00 4.01 386.04
6504 25.62 0.00 0.00 3.21 382.24
6505 25.09 0.00 0.00 1.91 380.85
6506 24.51 0.00 0.00 2.81 374.85
6507 23.93 0.00 0.00 2.51 375.43
6508 23.62 0.00 0.00 2.11 373.70
6509 23.30 0.00 0.00 2.51 374.76
6510 23.08 1.88 0.00 2.51 371.71
6511 24.66 96.94 345.05 2.11 374.30
6512 26.24 291.57 556.97 1.00 372.60
6513 27.87 495.36 670.59 1.71 367.89
6514 29.41 667.83 735.38 1.81 363.42
6515 30.68 770.15 704.59 3.01 363.83
6516 31.65 815.89 690.33 3.21 362.33
6517 32.24 780.88 635.03 2.61 366.31
6518 32.50 704.87 652.02 1.91 365.27
6519 32.46 580.04 690.25 3.61 363.99
6520 31.85 390.56 613.71 3.01 372.83
6521 30.81 187.25 458.06 3.41 382.02
6522 29.54 27.93 27.13 4.21 377.79
6523 28.85 0.00 0.00 3.61 383.08
6524 28.17 0.00 0.00 3.81 382.32
6525 27.53 0.00 0.00 4.21 382.68
6526 26.87 0.00 0.00 3.41 378.53
6527 26.20 0.00 0.00 3.21 381.84
6528 25.54 0.00 0.00 3.81 376.04
6529 25.11 0.00 0.00 3.01 373.59
6530 24.68 0.00 0.00 3.41 376.25
6531 24.25 0.00 0.00 5.42 375.46
6532 24.04 0.00 0.00 4.72 374.33
6533 23.82 0.00 0.00 3.41 374.91
6534 23.68 1.62 0.00 3.41 378.49
6535 25.48 105.44 445.93 2.81 382.12
6536 27.29 316.54 708.00 3.41 373.12
6537 29.13 532.25 840.25 4.21 371.70
6538 30.87 711.42 892.88 3.81 365.40
6539 32.35 832.46 912.46 3.41 364.58
6540 33.48 885.25 916.40 3.81 360.59
6541 34.25 865.56 912.37 4.42 363.07
6542 34.62 778.17 905.81 4.21 366.87
6543 34.61 625.32 872.48 3.81 369.87
6544 33.99 421.65 778.63 2.61 374.66
6545 32.88 202.97 594.94 2.81 378.18
6546 31.52 24.90 3.83 2.11 373.42
6547 30.31 0.00 0.00 2.11 376.40
6548 29.10 0.00 0.00 2.81 376.24
6549 27.90 0.00 0.00 2.61 372.13
6550 26.76 0.00 0.00 2.31 372.04
6551 25.54 0.00 0.00 1.51 367.34
6552 24.32 0.00 0.00 0.50 365.73
6553 22.76 0.00 0.00 0.40 366.58
6554 21.54 0.00 0.00 0.70 365.49
6555 20.33 0.00 0.00 1.20 362.14
6556 19.62 0.00 0.00 0.90 358.48
6557 18.92 0.00 0.00 0.60 353.62
6558 18.38 1.43 0.00 0.70 345.73
6559 20.10 101.65 425.16 0.50 345.88
6560 21.86 309.72 683.11 0.70 338.91
6561 23.66 525.00 822.98 1.40 336.37
6562 25.27 695.53 854.21 2.71 333.36
6563 26.60 810.30 861.63 3.41 336.62
6564 27.56 859.92 859.78 1.91 338.36
6565 28.20 839.09 851.88 1.40 339.10
6566 28.45 755.46 853.76 1.40 336.53
6567 28.29 601.81 807.10 2.11 336.36
6568 27.51 408.81 738.76 3.81 336.34
6569 26.30 193.26 549.41 3.21 339.40
6570 24.81 23.35 0.00 2.31 338.89
6571 23.94 0.00 0.00 1.70 342.77
6572 23.07 0.00 0.00 1.00 344.06
6573 22.20 0.00 0.00 0.80 345.42
6574 21.33 0.00 0.00 1.20 346.46
6575 20.47 0.00 0.00 0.70 346.07
6576 19.60 0.00 0.00 1.60 345.94
6577 19.38 0.00 0.00 2.11 348.10
6578 19.15 0.00 0.00 1.60 348.97
6579 18.92 0.00 0.00 3.41 351.40
6580 18.82 0.00 0.00 3.81 349.90
6581 18.72 0.00 0.00 2.11 351.78
6582 18.67 1.17 0.00 1.30 354.87
6583 19.41 31.28 0.00 0.90 359.19
6584 20.20 105.18 0.00 1.20 356.22
6585 21.65 265.50 43.76 0.90 346.12
6586 23.21 418.14 137.42 1.40 340.57
6587 25.97 836.01 766.43 1.91 328.20
6588 27.52 763.70 561.86 3.41 335.07
6589 29.22 926.53 928.40 3.91 324.81
6590 30.26 839.12 1005.90 4.41 331.44
6591 30.63 659.68 804.89 5.52 335.79
6592 29.96 352.14 424.91 5.52 348.28
6593 28.86 189.59 441.61 4.61 350.37
6594 27.48 30.18 89.33 4.31 347.36
6595 26.77 0.00 0.00 3.01 355.61
6596 26.05 0.00 0.00 3.01 354.51
6597 25.34 0.00 0.00 3.01 356.36
6598 24.62 0.00 0.00 2.11 355.45
6599 23.91 0.00 0.00 1.70 355.56
6600 23.19 0.00 0.00 2.51 357.28
6601 22.32 0.00 0.00 2.31 355.55
6602 21.37 0.00 0.00 3.01 353.98
6603 20.43 0.00 0.00 3.91 352.21
6604 19.92 0.00 0.00 2.71 353.41
6605 19.46 0.00 0.00 3.21 352.27
6606 19.08 1.10 0.00 2.71 351.59
6607 20.23 61.86 52.45 2.31 359.24
6608 21.56 200.14 107.42 2.11 353.47
6609 23.02 359.41 161.92 3.61 353.88
6610 24.60 534.42 343.44 2.31 342.86
6611 26.00 655.23 430.73 3.81 338.91
6612 27.12 715.21 486.70 3.41 340.32
6613 27.90 723.02 539.77 2.51 341.76
6614 28.19 604.39 375.94 3.41 346.94
6615 28.49 640.02 790.41 4.41 338.55
6616 28.24 449.38 895.76 3.61 341.03
6617 27.30 209.19 679.81 3.01 346.17
6618 25.97 27.76 50.53 2.51 342.31
6619 25.13 0.00 0.00 3.91 344.57
6620 24.28 0.00 0.00 4.31 341.28
6621 23.43 0.00 0.00 3.01 342.37
6622 22.58 0.00 0.00 1.91 340.51
6623 21.73 0.00 0.00 1.40 339.78
6624 20.89 0.00 0.00 1.60 342.73
6625 20.36 0.00 0.00 2.11 343.52
6626 19.80 0.00 0.00 2.31 346.47
6627 19.26 0.00 0.00 2.31 343.93
6628 18.94 0.00 0.00 2.71 343.27
6629 18.62 0.00 0.00 0.90 347.20
6630 18.38 0.94 0.00 1.60 351.12
6631 20.17 89.13 341.71 1.60 357.00
6632 22.05 276.79 530.65 2.31 354.12
6633 23.93 464.46 611.78 1.40 356.72
6634 25.74 637.52 680.62 1.60 353.79
6635 27.23 741.70 667.23 3.61 356.61
6636 28.35 785.99 656.12 3.01 359.97
6637 29.08 757.12 626.90 3.41 362.56
6638 29.43 684.71 657.54 4.11 361.50
6639 29.32 539.60 616.31 3.81 367.06
6640 28.58 361.96 535.08 2.51 370.60
6641 27.36 163.27 411.90 3.41 376.33
6642 25.91 18.91 0.00 3.81 375.02
6643 25.24 0.00 0.00 2.31 374.88
6644 24.57 0.00 0.00 1.60 372.27
6645 23.89 0.00 0.00 1.00 374.15
6646 23.22 0.00 0.00 0.70 375.49
6647 22.54 0.00 0.00 0.90 372.06
6648 21.87 0.00 0.00 0.80 371.78
6649 21.42 0.00 0.00 2.11 369.37
6650 20.94 0.00 0.00 3.81 366.74
6651 20.46 0.00 0.00 4.61 363.60
6652 20.20 0.00 0.00 5.21 363.17
6653 19.94 0.00 0.00 3.21 361.84
6654 19.75 0.78 0.00 3.91 360.33
6655 21.71 93.43 228.50 3.01 365.12
6656 23.21 236.94 290.88 4.61 368.94
6657 24.65 372.96 193.60 4.91 368.22
6658 25.72 441.99 172.06 3.21 365.79
6659 27.06 610.00 327.94 3.01 360.43
6660 28.50 766.09 595.58 3.41 354.28
6661 29.80 843.67 843.79 3.01 355.59
6662 30.70 822.61 950.04 2.31 350.48
6663 30.97 648.61 964.24 3.01 348.32
6664 30.56 437.21 881.90 2.71 355.72
6665 29.41 199.56 659.60 2.51 361.79
6666 27.90 24.24 36.09 2.51 359.58
6667 27.30 0.00 0.00 3.41 365.00
6668 26.69 0.00 0.00 2.51 360.87
6669 26.07 0.00 0.00 2.31 363.86
6670 25.45 0.00 0.00 1.60 363.35
6671 24.84 0.00 0.00 0.90 366.90
6672 24.22 0.00 0.00 0.70 365.27
6673 23.77 0.00 0.00 1.00 364.85
6674 23.30 0.00 0.00 0.90 362.76
6675 22.82 0.00 0.00 1.91 360.54
6676 22.57 0.00 0.00 3.61 363.34
6677 22.31 0.00 0.00 1.70 360.06
6678 22.14 0.68 0.00 3.01 358.93
6679 24.07 94.25 422.11 2.71 362.79
6680 26.18 299.64 688.23 2.71 358.86
6681 28.30 508.27 810.54 2.71 354.89
6682 30.29 677.35 846.06 3.91 353.78
6683 31.94 785.51 840.21 4.91 354.92
6684 33.22 836.99 850.93 4.41 356.29
6685 34.07 819.61 858.46 5.21 357.13
6686 34.45 728.68 840.68 4.91 359.60
6687 34.36 579.44 809.95 4.11 362.85
6688 33.57 383.70 722.00 3.21 368.31
6689 32.21 170.90 517.99 4.11 371.81
6690 30.60 16.63 0.00 3.41 373.84
6691 29.72 0.00 0.00 3.61 375.68
6692 28.85 0.00 0.00 1.20 375.29
6693 27.97 0.00 0.00 1.60 374.93
6694 27.14 0.00 0.00 1.20 376.13
6695 26.29 0.00 0.00 1.20 372.93
6696 25.44 0.00 0.00 1.60 371.30
6697 24.73 0.00 0.00 1.91 371.21
6698 23.97 0.00 0.00 2.11 368.91
6699 23.20 0.00 0.00 4.11 366.83
6700 22.80 0.00 0.00 4.91 366.60
6701 22.39 0.00 0.00 3.91 363.28
6702 22.10 0.50 0.00 3.01 366.26
6703 23.78 92.77 309.76 3.01 371.29
6704 25.48 280.80 557.37 3.21 365.69
6705 27.16 465.66 631.90 3.41 363.74
6706 28.51 582.40 521.76 3.81 360.51
6707 29.91 731.82 625.51 4.31 358.87
6708 30.84 737.75 568.97 4.11 364.00
6709 31.31 672.43 452.88 4.31 367.01
6710 31.42 577.55 368.27 3.91 369.16
6711 30.99 412.63 246.28 4.41 374.40
6712 29.96 206.51 62.47 5.52 389.89
6713 28.79 100.40 53.90 4.91 387.10
6714 27.57 13.71 0.00 4.91 387.01
6715 27.05 0.00 0.00 5.21 389.85
6716 26.50 0.00 0.00 4.31 387.05
6717 25.96 0.00 0.00 4.31 388.08
6718 25.41 0.00 0.00 4.41 388.83
6719 24.86 0.00 0.00 3.41 388.32
6720 24.31 0.00 0.00 3.01 384.83
6721 24.01 0.00 0.00 3.41 379.56
6722 23.72 0.00 0.00 2.51 376.88
6723 23.42 0.00 0.00 3.21 375.15
6724 23.28 0.00 0.00 3.81 374.86
6725 23.14 0.00 0.00 4.11 374.10
6726 23.05 0.00 0.00 5.52 377.34
6727 24.85 85.92 272.45 4.11 383.86
6728 26.43 236.03 311.91 4.11 391.98
6729 28.10 401.08 369.03 6.12 388.10
6730 29.64 524.61 351.70 6.12 382.95
6731 30.61 532.94 224.19 6.72 387.65
6732 31.83 691.81 474.56 7.62 379.07
6733 32.60 659.43 422.72 7.22 378.03
6734 33.21 672.50 628.31 9.23 373.87
6735 33.31 513.63 577.47 9.93 374.84
6736 32.63 291.84 313.28 13.44 379.10
6737 31.54 132.09 250.50 10.53 380.87
6738 30.51 11.96 0.00 10.53 380.05
6739 29.48 0.00 0.00 9.53 383.45
6740 28.45 0.00 0.00 12.13 384.70
6741 27.45 0.00 0.00 8.72 380.76
6742 26.46 0.00 0.00 6.42 375.53
6743 25.46 0.00 0.00 8.32 371.13
6744 24.47 0.00 0.00 8.72 368.04
6745 23.43 0.00 0.00 7.62 368.93
6746 22.32 0.00 0.00 8.02 367.40
6747 21.20 0.00 0.00 8.02 362.16
6748 20.59 0.00 0.00 6.42 358.55
6749 19.99 0.00 0.00 5.72 358.99
6750 19.56 0.00 0.00 5.72 354.13
6751 20.83 72.70 209.86 3.91 358.93
6752 22.40 249.85 434.41 3.91 356.40
6753 24.11 449.98 603.74 4.31 352.03
6754 25.67 609.40 630.81 3.81 342.37
6755 27.01 727.80 664.81 4.61 342.95
6756 28.08 799.33 749.61 6.42 343.91
6757 28.85 795.47 823.95 6.42 343.44
6758 29.17 697.00 759.28 7.22 345.03
6759 28.96 517.89 632.51 6.42 348.70
6760 28.17 336.09 539.33 5.72 350.34
6761 26.99 141.49 371.22 7.62 356.58
6762 26.19 12.75 0.00 6.42 352.46
6763 25.39 0.00 0.00 6.42 357.62
6764 24.59 0.00 0.00 5.72 357.47
6765 23.79 0.00 0.00 5.72 357.67
6766 22.99 0.00 0.00 4.91 352.89
6767 22.19 0.00 0.00 4.41 353.58
6768 21.39 0.00 0.00 5.21 357.69
6769 21.01 0.00 0.00 4.91 359.56
6770 20.60 0.00 0.00 5.52 353.99
6771 20.18 0.00 0.00 5.92 350.49
6772 19.96 0.00 0.00 5.92 349.19
6773 19.74 0.00 0.00 4.91 347.39
6774 19.58 0.00 0.00 4.41 350.74
6775 20.98 69.99 219.69 5.21 350.01
6776 22.65 235.89 376.27 6.12 350.31
6777 24.58 439.92 544.94 6.72 351.04
6778 26.39 606.80 649.88 6.12 343.75
6779 27.99 738.76 713.41 6.42 347.55
6780 29.25 784.59 713.58 5.72 345.25
6781 29.92 714.49 587.22 8.02 344.34
6782 30.23 640.17 593.43 7.22 345.95
6783 30.08 502.22 585.53 6.72 347.13
6784 29.30 320.30 463.50 5.72 353.14
6785 28.00 121.79 224.33 4.91 365.26
6786 27.35 11.31 0.00 4.31 369.73
6787 26.68 0.00 0.00 1.70 377.47
6788 26.01 0.00 0.00 1.60 376.89
6789 25.33 0.00 0.00 1.40 376.68
6790 24.66 0.00 0.00 1.70 374.44
6791 23.99 0.00 0.00 1.20 374.04
6792 23.32 0.00 0.00 2.31 377.53
6793 22.82 0.00 0.00 1.60 376.19
6794 22.28 0.00 0.00 1.20 374.49
6795 21.73 0.00 0.00 1.40 374.80
6796 21.44 0.00 0.00 1.70 374.86
6797 21.15 0.00 0.00 1.40 372.49
6798 20.94 0.00 0.00 1.60 373.36
6799 21.68 37.80 0.00 1.91 381.05
6800 22.30 101.76 0.00 1.91 381.32
6801 23.24 210.53 12.63 3.41 378.28
6802 24.25 319.87 42.01 3.01 379.08
6803 25.92 576.87 279.53 3.21 367.67
6804 27.03 582.18 263.82 3.01 369.81
6805 27.42 449.17 105.34 2.31 379.83
6806 27.91 540.05 284.36 2.71 372.42
6807 28.40 574.71 749.53 2.51 361.01
6808 28.33 369.03 700.25 3.21 367.88
6809 27.53 153.12 454.52 2.71 375.11
6810 27.05 7.12 0.00 3.01 375.94
6811 26.53 0.00 0.00 2.51 380.30
6812 26.01 0.00 0.00 1.91 378.72
6813 25.50 0.00 0.00 3.01 378.86
6814 24.98 0.00 0.00 4.61 376.65
6815 24.46 0.00 0.00 5.21 376.12
6816 23.94 0.00 0.00 4.91 378.65
6817 23.64 0.00 0.00 5.72 374.39
6818 23.33 0.00 0.00 4.91 374.13
6819 23.01 0.00 0.00 6.92 374.42
6820 22.85 0.00 0.00 6.72 374.85
6821 22.69 0.00 0.00 4.41 373.51
6822 22.57 0.00 0.00 4.91 382.68
6823 24.01 69.92 250.68 5.72 384.03
6824 26.00 262.75 549.18 7.62 379.16
6825 27.86 441.72 602.82 9.93 381.95
6826 29.51 568.88 545.78 11.33 379.05
6827 31.01 688.10 578.90 9.93 379.74
6828 31.91 661.08 416.91 11.33 382.39
6829 32.59 676.69 523.19 8.52 383.15
6830 32.80 563.00 379.46 8.52 388.04
6831 32.71 474.70 476.36 8.02 382.95
6832 31.98 290.54 364.78 7.22 390.79
6833 30.77 110.64 138.07 6.72 396.64
6834 29.90 8.56 0.00 5.72 394.55
6835 29.03 0.00 0.00 4.91 396.86
6836 28.16 0.00 0.00 4.31 392.03
6837 27.33 0.00 0.00 3.61 387.37
6838 26.48 0.00 0.00 3.61 386.25
6839 25.64 0.00 0.00 3.21 386.82
6840 24.79 0.00 0.00 5.21 384.58
6841 24.01 0.00 0.00 4.61 384.66
6842 23.17 0.00 0.00 4.41 387.14
6843 22.32 0.00 0.00 7.22 383.59
6844 21.86 0.00 0.00 5.21 384.10
6845 21.41 0.00 0.00 3.91 382.87
6846 21.08 0.00 0.00 3.01 380.46
6847 22.49 73.91 236.80 2.51 382.14
6848 24.06 239.47 389.71 3.01 376.91
6849 25.08 319.68 155.84 3.01 386.10
6850 26.56 522.08 362.97 3.41 375.04
6851 27.86 638.72 460.16 3.21 373.72
6852 29.16 759.57 619.68 2.51 371.02
6853 30.25 820.44 865.33 2.71 368.99
6854 30.91 763.33 987.57 2.11 364.28
6855 31.03 599.62 949.69 1.30 364.19
6856 30.47 386.41 837.77 0.60 363.26
6857 29.28 158.75 593.57 0.50 371.99
6858 28.50 12.43 0.00 0.50 369.42
6859 27.72 0.00 0.00 0.30 373.08
6860 26.99 0.00 0.00 0.20 375.73
6861 26.24 0.00 0.00 0.50 379.21
6862 25.48 0.00 0.00 0.50 378.47
6863 24.72 0.00 0.00 0.10 374.05
6864 23.97 0.00 0.00 0.30 376.18
6865 23.53 0.00 0.00 0.30 377.41
6866 23.02 0.00 0.00 0.20 376.98
6867 22.51 0.00 0.00 0.70 375.48
6868 22.22 0.00 0.00 1.00 376.22
6869 21.94 0.00 0.00 0.90 375.67
6870 21.72 0.00 0.00 1.00 377.85
6871 22.69 50.02 77.83 1.30 382.11
6872 24.34 216.38 249.27 1.20 371.17
6873 27.11 545.35 722.95 1.40 356.90
6874 28.15 487.50 289.47 1.60 370.32
6875 29.27 603.21 349.80 2.31 366.87
6876 29.64 505.47 161.97 2.71 376.95
6877 30.21 608.86 343.84 2.11 372.03
6878 30.11 423.98 134.43 1.40 380.52
6879 29.88 389.21 212.15 2.31 377.19
6880 29.48 335.36 534.05 2.51 371.47
6881 28.57 161.81 506.44 2.11 368.34
6882 27.97 11.42 0.00 1.91 365.28
6883 27.41 0.00 0.00 1.60 370.52
6884 26.84 0.00 0.00 0.60 372.00
6885 26.26 0.00 0.00 0.50 369.16
6886 25.68 0.00 0.00 0.50 367.89
6887 25.10 0.00 0.00 0.20 368.27
6888 24.52 0.00 0.00 0.10 369.70
6889 24.27 0.00 0.00 0.10 373.05
6890 23.93 0.00 0.00 0.10 374.68
6891 23.59 0.00 0.00 0.30 375.52
6892 23.39 0.00 0.00 0.20 375.42
6893 23.18 0.00 0.00 0.30 376.26
6894 23.02 0.00 0.00 0.40 381.72
6895 24.73 73.77 334.54 0.80 385.86
6896 26.94 262.11 561.48 0.70 382.55
6897 29.27 462.13 726.94 1.40 383.07
6898 31.43 622.19 758.15 2.31 375.92
6899 33.26 735.64 787.57 1.91 377.59
6900 34.66 785.32 805.65 1.91 376.09
6901 35.54 756.77 782.85 2.51 376.44
6902 35.90 669.42 776.24 2.31 375.62
6903 35.75 530.63 778.58 3.41 378.55
6904 34.78 334.57 655.40 3.81 377.61
6905 33.17 131.09 432.99 3.41 380.58
6906 32.02 7.31 0.00 3.41 379.76
6907 30.87 0.00 0.00 2.31 385.33
6908 29.72 0.00 0.00 3.41 383.46
6909 28.57 0.00 0.00 3.61 380.06
6910 27.46 0.00 0.00 3.21 375.44
6911 26.34 0.00 0.00 3.61 376.46
6912 25.23 0.00 0.00 2.51 369.90
6913 24.49 0.00 0.00 3.41 368.63
6914 23.69 0.00 0.00 4.11 367.03
6915 22.88 0.00 0.00 4.41 367.15
6916 22.44 0.00 0.00 4.41 365.58
6917 22.01 0.00 0.00 4.41 364.52
6918 21.69 0.00 0.00 4.61 361.28
6919 22.82 61.11 229.01 5.21 369.78
6920 24.78 268.81 617.63 6.42 361.61
6921 26.67 465.95 757.10 7.62 361.03
6922 28.37 630.12 801.13 4.91 359.18
6923 29.82 732.20 789.40 5.52 357.73
6924 30.90 774.53 783.11 4.91 360.62
6925 31.62 761.22 813.84 4.91 362.11
6926 31.91 670.50 796.48 3.91 368.14
6927 31.74 518.46 747.17 4.61 369.43
6928 30.94 329.93 649.31 5.92 374.27
6929 29.65 130.09 451.83 8.72 379.94
6930 28.88 6.83 0.00 9.03 381.90
6931 28.12 0.00 0.00 6.92 385.53
6932 27.39 0.00 0.00 6.42 387.50
6933 26.64 0.00 0.00 7.62 385.17
6934 25.90 0.00 0.00 6.92 385.13
6935 25.16 0.00 0.00 7.22 387.38
6936 24.42 0.00 0.00 7.22 387.87
6937 24.00 0.00 0.00 6.12 383.34
6938 23.57 0.00 0.00 5.21 381.03
6939 23.14 0.00 0.00 8.32 379.48
6940 22.92 0.00 0.00 8.02 378.13
6941 22.71 0.00 0.00 5.21 384.19
6942 22.56 0.00 0.00 5.92 387.78
6943 23.78 60.19 227.17 6.42 390.58
6944 25.21 200.02 178.14 5.21 392.62
6945 26.81 365.60 335.60 5.52 389.61
6946 28.51 540.17 474.60 6.72 384.24
6947 29.81 600.75 398.68 8.02 384.74
6948 30.92 670.07 501.57 8.02 383.55
6949 31.71 670.70 552.99 7.62 382.00
6950 32.13 605.73 582.79 6.12 379.53
6951 32.17 481.63 587.12 6.92 382.95
6952 31.60 312.44 580.69 7.62 384.90
6953 30.48 111.26 320.64 6.42 395.03
6954 29.54 6.35 0.00 4.91 392.28
6955 28.60 0.00 0.00 4.61 397.34
6956 27.66 0.00 0.00 4.61 394.43
6957 26.78 0.00 0.00 2.71 392.84
6958 25.87 0.00 0.00 1.70 390.13
6959 24.96 0.00 0.00 0.90 386.53
6960 24.05 0.00 0.00 1.20 384.59
6961 23.18 0.00 0.00 1.91 387.07
6962 22.25 0.00 0.00 2.71 384.24
6963 21.33 0.00 0.00 3.01 377.70
6964 20.84 0.00 0.00 2.71 376.65
6965 20.36 0.00 0.00 1.91 371.32
6966 20.02 0.00 0.00 2.11 371.70
6967 20.64 42.41 50.08 1.40 372.88
6968 21.33 135.51 47.02 1.60 373.74
6969 22.74 366.00 316.29 1.91 363.77
6970 24.08 531.36 449.56 2.11 358.27
6971 24.98 570.23 309.23 1.91 364.21
6972 25.25 449.45 110.76 1.91 374.33
6973 25.64 545.64 243.23 3.41 369.27
6974 25.67 417.89 131.08 3.41 373.88
6975 25.34 288.10 81.39 3.21 379.44
6976 24.36 26.37 0.00 1.91 402.72
6977 23.51 12.11 0.00 2.51 400.52
6978 23.03 3.28 0.00 3.01 400.65
6979 22.54 0.00 0.00 5.72 397.55
6980 22.06 0.00 0.00 4.11 393.48
6981 21.58 0.00 0.00 4.41 390.53
6982 21.10 0.00 0.00 3.91 386.18
6983 20.62 0.00 0.00 3.61 386.88
6984 20.14 0.00 0.00 3.41 384.75
6985 19.91 0.00 0.00 3.21 378.28
6986 19.67 0.00 0.00 2.31 376.40
6987 19.48 0.00 0.00 2.11 375.05
6988 19.35 0.00 0.00 2.11 374.18
6989 19.22 0.00 0.00 1.20 372.91
6990 19.13 0.00 0.00 0.80 375.86
6991 20.13 51.70 148.23 1.40 372.18
6992 22.15 253.54 473.60 2.31 360.46
6993 23.75 391.51 407.79 2.71 370.27
6994 24.89 462.42 279.95 3.91 371.67
6995 26.09 590.06 375.81 3.91 369.97
6996 26.82 567.52 284.70 4.61 373.39
6997 27.04 466.07 124.08 4.31 382.24
6998 27.08 416.11 135.20 3.91 382.85
6999 26.68 297.10 72.92 4.41 382.91
7000 26.07 210.16 102.06 4.91 381.76
7001 25.16 79.43 64.85 5.21 383.96
7002 24.53 3.72 0.00 5.92 382.24
7003 23.89 0.00 0.00 5.21 383.01
7004 23.26 0.00 0.00 4.31 378.60
7005 22.62 0.00 0.00 3.01 375.77
7006 21.99 0.00 0.00 1.40 370.33
7007 21.36 0.00 0.00 0.40 372.04
7008 20.72 0.00 0.00 0.70 369.00
7009 20.12 0.00 0.00 1.70 367.11
7010 19.47 0.00 0.00 1.30 364.89
7011 18.74 0.00 0.00 2.31 361.47
7012 18.33 0.00 0.00 3.01 358.14
7013 17.92 0.00 0.00 1.91 356.69
7014 17.62 0.00 0.00 0.90 358.59
7015 18.51 52.68 178.15 0.50 358.77
7016 20.04 234.78 435.98 0.80 349.60
7017 21.35 378.59 408.21 0.60 350.59
7018 22.46 493.37 375.41 0.60 351.15
7019 23.46 596.73 380.46 1.70 353.39
7020 24.58 758.12 733.14 1.00 348.75
7021 25.31 739.91 783.10 1.20 352.10
7022 25.54 610.00 629.96 1.30 356.47
7023 25.48 493.41 665.28 3.21 355.39
7024 24.82 294.32 510.21 3.61 360.80
7025 23.76 109.59 269.21 2.71 367.59
7026 23.06 4.69 0.00 1.91 363.48
7027 22.36 0.00 0.00 0.40 366.71
7028 21.65 0.00 0.00 0.30 364.92
7029 20.95 0.00 0.00 0.30 362.03
7030 20.24 0.00 0.00 0.20 358.56
7031 19.54 0.00 0.00 0.40 355.69
7032 18.85 0.00 0.00 1.00 354.85
7033 18.54 0.00 0.00 0.70 359.08
7034 18.14 0.00 0.00 1.60 358.85
7035 17.74 0.00 0.00 2.51 358.55
7036 17.50 0.00 0.00 2.51 358.69
7037 17.25 0.00 0.00 1.91 359.02
7038 17.05 0.00 0.00 2.51 355.49
7039 18.10 54.17 207.26 2.11 358.77
7040 19.88 238.39 486.88 2.11 352.73
7041 21.75 441.52 672.83 2.51 348.57
7042 23.46 604.44 758.20 2.51 344.69
7043 24.78 685.91 648.05 3.01 342.86
7044 25.51 650.46 467.40 3.81 348.67
7045 25.94 626.18 467.60 4.61 346.94
7046 26.15 593.11 590.66 5.52 348.35
7047 26.10 501.60 714.92 7.22 343.32
7048 25.39 305.36 562.29 7.62 348.06
7049 24.19 110.27 310.46 7.22 355.67
7050 23.89 4.51 0.00 5.92 357.25
7051 23.59 0.00 0.00 6.12 362.84
7052 23.28 0.00 0.00 6.92 362.51
7053 22.98 0.00 0.00 7.22 365.19
7054 22.68 0.00 0.00 6.72 366.19
7055 22.38 0.00 0.00 6.92 369.48
7056 22.08 0.00 0.00 6.72 366.78
7057 22.20 0.00 0.00 6.92 367.57
7058 22.35 0.00 0.00 6.12 367.33
7059 22.49 0.00 0.00 5.52 368.49
7060 22.58 0.00 0.00 5.72 373.71
7061 22.66 0.00 0.00 6.12 376.93
7062 22.72 0.00 0.00 6.12 381.21
7063 23.61 39.54 45.45 6.42 381.71
7064 24.64 130.58 31.67 4.61 385.71
7065 25.12 147.31 0.00 4.41 392.38
7066 26.56 363.25 116.61 2.71 384.93
7067 27.72 434.90 116.06 2.11 384.61
7068 28.47 415.48 73.60 2.11 385.81
7069 28.71 321.82 25.97 1.70 391.35
7070 29.14 409.24 146.69 1.20 377.24
7071 28.94 229.73 24.03 1.91 384.53
7072 28.70 211.26 176.51 1.91 380.02
7073 27.81 8.61 0.00 1.91 407.97
7074 27.49 1.26 0.00 1.70 402.41
7075 27.15 0.00 0.00 1.60 405.43
7076 26.81 0.00 0.00 1.40 404.49
7077 26.47 0.00 0.00 0.90 398.37
7078 26.13 0.00 0.00 0.70 396.56
7079 25.79 0.00 0.00 1.70 395.64
7080 25.45 0.00 0.00 1.30 389.12
7081 25.01 0.00 0.00 0.80 385.47
7082 24.57 0.00 0.00 1.60 387.72
7083 24.14 0.00 0.00 2.11 384.86
7084 23.92 0.00 0.00 1.91 383.12
7085 23.71 0.00 0.00 1.00 380.04
7086 23.57 0.00 0.00 1.00 376.54
7087 24.69 55.78 117.37 1.20 376.90
7088 24.32 17.29 0.00 1.60 406.47
7089 25.12 156.17 1.83 2.71 398.15
7090 24.97 45.37 0.00 2.71 411.57
7091 24.92 54.24 0.00 2.51 411.80
7092 26.86 645.29 435.22 2.71 374.45
7093 28.52 738.42 715.30 3.01 370.19
7094 29.55 641.93 665.94 3.81 372.47
7095 29.92 451.01 517.63 4.61 377.72
7096 29.67 239.26 274.67 6.12 387.47
7097 29.02 96.19 192.66 4.61 389.66
7098 28.47 3.11 0.00 5.52 387.84
7099 27.93 0.00 0.00 4.91 389.26
7100 27.43 0.00 0.00 5.72 389.29
7101 26.90 0.00 0.00 4.91 389.83
7102 26.38 0.00 0.00 8.72 391.44
7103 25.85 0.00 0.00 6.92 391.24
7104 25.33 0.00 0.00 6.92 390.45
7105 24.77 0.00 0.00 5.52 389.50
7106 24.17 0.00 0.00 4.11 386.69
7107 23.57 0.00 0.00 4.91 387.38
7108 23.25 0.00 0.00 3.81 387.31
7109 22.93 0.00 0.00 3.81 386.78
7110 22.70 0.00 0.00 3.41 393.57
7111 23.42 38.21 32.26 3.41 396.75
7112 24.64 166.14 122.09 1.91 390.31
7113 25.99 312.52 154.48 3.61 389.58
7114 27.34 453.67 304.67 4.31 385.51
7115 28.54 555.15 347.83 3.01 381.22
7116 29.38 565.49 286.88 4.31 380.04
7117 30.05 593.17 400.03 5.52 384.77
7118 30.35 515.57 374.80 5.21 387.07
7119 30.41 445.42 556.19 3.41 383.56
7120 29.94 280.05 426.14 4.11 379.47
7121 28.97 97.24 199.27 3.81 384.41
7122 28.30 2.55 0.00 3.81 381.76
7123 27.64 0.00 0.00 4.11 385.12
7124 27.02 0.00 0.00 4.41 380.55
7125 26.38 0.00 0.00 3.61 377.43
7126 25.74 0.00 0.00 2.71 380.49
7127 25.10 0.00 0.00 2.11 377.23
7128 24.45 0.00 0.00 2.11 378.07
7129 24.00 0.00 0.00 1.40 378.82
7130 23.54 0.00 0.00 2.31 376.52
7131 23.09 0.00 0.00 1.91 376.58
7132 22.86 0.00 0.00 1.40 378.37
7133 22.64 0.00 0.00 1.40 381.60
7134 22.48 0.00 0.00 2.31 374.11
7135 23.06 29.20 0.00 2.11 377.70
7136 23.92 117.55 18.92 1.40 382.91
7137 24.31 133.18 0.00 1.20 388.35
7138 25.06 246.78 14.11 1.20 379.94
7139 25.67 288.55 15.05 2.31 382.14
7140 26.38 380.07 48.43 2.71 376.57
7141 27.32 534.42 265.97 2.71 369.23
7142 28.02 539.54 429.66 2.51 363.24
7143 28.44 471.88 606.16 1.91 358.13
7144 28.25 250.64 324.91 2.11 361.39
7145 27.45 31.77 0.00 0.90 382.41
7146 26.86 1.33 0.00 2.71 385.23
7147 26.26 0.00 0.00 2.31 386.64
7148 25.66 0.00 0.00 3.21 383.65
7149 25.06 0.00 0.00 4.31 382.00
7150 24.47 0.00 0.00 3.41 381.56
7151 23.87 0.00 0.00 3.61 380.80
7152 23.27 0.00 0.00 3.01 373.77
7153 22.67 0.00 0.00 3.91 370.30
7154 22.04 0.00 0.00 3.81 368.56
7155 21.40 0.00 0.00 4.91 367.17
7156 21.07 0.00 0.00 5.72 369.53
7157 20.73 0.00 0.00 4.61 365.68
7158 20.49 0.00 0.00 3.41 363.97
7159 21.38 51.47 183.86 3.21 365.71
7160 22.90 224.11 474.17 3.61 363.46
7161 24.58 423.08 607.58 3.21 364.01
7162 25.28 398.44 197.79 2.71 372.71
7163 26.81 706.50 699.01 2.71 357.06
7164 27.61 651.24 498.61 2.31 362.13
7165 28.42 728.02 788.50 1.91 355.15
7166 28.80 633.54 804.51 2.71 358.03
7167 28.76 478.97 526.62 1.30 358.20
7168 27.32 21.80 0.00 2.71 403.29
7169 26.10 7.35 0.00 3.01 404.68
7170 25.71 0.38 0.00 2.11 398.90
7171 25.31 0.00 0.00 2.11 402.00
7172 24.92 0.00 0.00 1.60 403.05
7173 24.52 0.00 0.00 1.60 402.61
7174 24.12 0.00 0.00 2.11 403.47
7175 23.73 0.00 0.00 1.20 400.21
7176 23.33 0.00 0.00 1.30 394.54
7177 23.12 0.00 0.00 0.70 389.24
7178 22.91 0.00 0.00 0.70 384.63
7179 22.71 0.00 0.00 0.50 384.26
7180 22.61 0.00 0.00 0.70 382.38
7181 22.51 0.00 0.00 0.60 384.28
7182 22.45 0.00 0.00 0.40 387.73
7183 23.37 44.06 125.90 1.00 385.50
7184 25.14 214.75 487.88 2.31 381.05
7185 27.03 402.70 613.88 1.70 380.55
7186 28.81 562.22 699.41 2.31 377.61
7187 30.36 666.51 713.89 2.11 377.18
7188 31.55 708.32 716.31 1.30 378.80
7189 32.26 665.28 635.16 2.71 379.88
7190 32.57 575.93 621.28 3.01 379.80
7191 32.41 438.25 563.44 2.71 385.36
7192 31.65 262.94 447.40 3.21 386.05
7193 30.44 83.52 235.90 4.11 394.71
7194 29.64 1.29 0.00 3.61 392.29
7195 28.84 0.00 0.00 3.01 393.77
7196 28.05 0.00 0.00 2.31 391.00
7197 27.29 0.00 0.00 2.51 391.79
7198 26.52 0.00 0.00 2.31 390.24
7199 25.75 0.00 0.00 2.31 386.05
7200 24.98 0.00 0.00 3.91 382.08
7201 24.17 0.00 0.00 4.61 381.44
7202 23.28 0.00 0.00 4.31 378.12
7203 22.39 0.00 0.00 4.11 374.07
7204 21.92 0.00 0.00 3.61 373.74
7205 21.44 0.00 0.00 1.91 372.07
7206 21.10 0.00 0.00 3.81 367.76
7207 21.84 43.71 129.92 4.11 368.97
7208 23.47 225.08 458.31 3.61 368.14
7209 25.20 422.98 732.12 3.41 366.64
7210 26.79 584.43 799.88 1.91 362.68
7211 28.10 691.84 820.17 2.71 364.55
7212 29.12 734.05 822.58 4.91 368.36
7213 29.76 707.51 811.62 4.91 369.60
7214 30.00 615.91 790.22 5.52 372.68
7215 29.78 463.67 713.96 3.61 373.72
7216 28.98 277.06 595.18 3.41 379.11
7217 27.75 91.01 376.03 4.11 384.02
7218 27.17 1.05 0.00 1.91 383.38
7219 26.56 0.00 0.00 1.20 388.52
7220 25.96 0.00 0.00 1.91 389.38
7221 25.35 0.00 0.00 1.20 390.11
7222 24.74 0.00 0.00 0.70 387.87
7223 24.14 0.00 0.00 0.70 382.84
7224 23.53 0.00 0.00 1.30 381.67
7225 23.27 0.00 0.00 1.00 377.58
7226 22.99 0.00 0.00 0.70 377.19
7227 22.71 0.00 0.00 1.40 380.23
7228 22.57 0.00 0.00 1.40 378.65
7229 22.43 0.00 0.00 0.80 377.60
7230 22.33 0.00 0.00 1.30 377.99
7231 22.90 27.99 0.00 1.20 378.42
7232 23.74 109.36 10.24 1.00 380.34
7233 25.05 257.96 107.90 1.20 373.72
7234 25.92 300.69 51.97 1.00 375.88
7235 27.01 437.90 139.43 1.20 366.42
7236 27.73 444.46 115.38 2.11 369.44
7237 28.51 520.49 265.21 2.31 367.79
7238 29.07 511.71 413.46 1.00 364.92
7239 29.29 421.09 522.04 2.71 364.48
7240 28.92 239.39 363.33 3.01 369.32
7241 28.14 96.98 265.70 3.91 368.53
7242 27.66 0.81 0.00 2.71 366.04
7243 27.21 0.00 0.00 3.01 367.25
7244 26.74 0.00 0.00 1.70 366.75
7245 26.27 0.00 0.00 2.31 366.83
7246 25.80 0.00 0.00 2.11 363.32
7247 25.33 0.00 0.00 2.51 361.44
7248 24.86 0.00 0.00 1.91 358.06
7249 24.45 0.00 0.00 1.60 356.54
7250 23.99 0.00 0.00 1.70 357.88
7251 23.53 0.00 0.00 2.31 357.45
7252 23.28 0.00 0.00 2.71 357.84
7253 23.03 0.00 0.00 1.70 362.09
7254 22.85 0.00 0.00 0.90 369.33
7255 23.63 42.93 128.95 1.60 372.64
7256 25.14 204.17 399.44 3.61 370.60
7257 26.75 381.16 563.96 4.91 371.36
7258 28.38 560.16 708.88 5.72 365.03
7259 29.83 671.80 693.77 6.42 367.26
7260 30.42 564.89 311.81 5.21 377.86
7261 30.92 595.43 458.06 6.92 375.07
7262 30.94 454.31 273.18 8.32 380.84
7263 30.41 304.51 142.07 9.03 386.46
7264 29.66 211.92 249.90 9.23 385.52
7265 28.64 81.45 224.23 9.53 384.09
7266 28.26 0.60 0.00 10.53 386.97
7267 27.88 0.00 0.00 9.23 393.22
7268 27.50 0.00 0.00 8.02 395.11
7269 27.17 0.00 0.00 7.62 396.93
7270 26.80 0.00 0.00 6.12 391.39
7271 26.43 0.00 0.00 5.72 389.92
7272 26.07 0.00 0.00 5.52 383.58
7273 25.90 0.00 0.00 4.61 379.99
7274 25.78 0.00 0.00 3.91 383.60
7275 25.67 0.00 0.00 5.21 383.74
7276 25.63 0.00 0.00 7.22 385.51
7277 25.59 0.00 0.00 5.52 386.82
7278 25.59 0.00 0.00 5.52 391.23
7279 26.43 38.83 97.11 5.72 391.15
7280 28.11 199.79 439.19 5.92 393.30
7281 30.07 390.11 615.93 4.61 393.48
7282 31.90 546.39 684.01 4.11 391.42
7283 33.34 622.42 629.40 4.91 394.98
7284 34.36 635.31 553.30 4.41 395.81
7285 35.08 627.74 594.48 5.52 398.33
7286 35.33 511.99 450.58 5.21 398.56
7287 35.17 393.88 458.42 4.91 398.18
7288 34.40 214.97 303.23 4.61 401.51
7289 33.29 61.55 89.69 3.41 407.27
7290 32.26 0.00 0.00 3.91 409.32
7291 31.23 0.00 0.00 3.91 404.17
7292 30.20 0.00 0.00 2.11 400.86
7293 29.17 0.00 0.00 2.11 394.34
7294 28.14 0.00 0.00 1.20 388.73
7295 26.81 0.00 0.00 0.40 382.92
7296 25.47 0.00 0.00 0.50 378.15
7297 24.48 0.00 0.00 0.60 381.26
7298 23.14 0.00 0.00 0.40 376.84
7299 21.79 0.00 0.00 0.50 371.24
7300 20.93 0.00 0.00 0.50 366.86
7301 20.07 0.00 0.00 0.20 363.40
7302 19.49 0.00 0.00 0.10 357.08
7303 20.15 35.26 38.97 0.10 355.84
7304 21.61 174.55 308.64 0.20 356.82
7305 23.43 361.35 502.03 0.30 354.06
7306 25.05 495.65 509.99 0.60 347.83
7307 26.57 627.98 604.89 0.60 345.38
7308 27.79 691.54 714.15 1.00 346.03
7309 28.51 657.97 678.05 0.50 346.39
7310 28.87 597.15 726.44 0.70 343.88
7311 28.62 425.30 619.67 0.40 345.12
7312 27.77 255.65 540.94 0.40 347.74
7313 26.43 80.89 277.20 0.30 353.95
7314 25.51 0.00 0.00 0.30 357.06
7315 24.60 0.00 0.00 0.40 358.62
7316 23.68 0.00 0.00 0.30 353.45
7317 22.76 0.00 0.00 0.20 350.34
7318 21.84 0.00 0.00 0.10 350.99
7319 20.93 0.00 0.00 0.40 350.58
7320 20.01 0.00 0.00 0.50 346.84
7321 19.66 0.00 0.00 0.30 345.29
7322 19.25 0.00 0.00 0.00 344.63
7323 18.84 0.00 0.00 0.20 345.54
7324 18.64 0.00 0.00 0.30 346.00
7325 18.43 0.00 0.00 0.20 345.41
7326 18.30 0.00 0.00 0.10 338.41
7327 19.31 36.68 81.21 0.10 341.65
7328 21.20 182.91 371.14 0.10 341.77
7329 23.08 324.53 361.51 0.20 343.96
7330 24.84 450.70 372.84 0.20 341.66
7331 26.49 564.28 412.47 0.60 336.87
7332 28.21 709.86 725.78 0.70 328.45
7333 29.04 593.79 491.57 1.20 336.38
7334 29.45 529.51 528.93 1.00 342.07
7335 29.05 345.81 273.01 0.90 345.70
7336 28.20 231.75 380.48 0.90 345.61
7337 26.93 78.35 250.77 1.00 350.06
7338 26.15 0.00 0.00 0.90 353.33
7339 25.37 0.00 0.00 0.60 356.32
7340 24.58 0.00 0.00 0.30 350.96
7341 23.80 0.00 0.00 0.80 352.95
7342 23.01 0.00 0.00 0.90 353.25
7343 22.23 0.00 0.00 0.50 350.60
7344 21.45 0.00 0.00 0.70 345.44
7345 20.67 0.00 0.00 0.80 346.23
7346 19.87 0.00 0.00 1.50 344.02
7347 18.98 0.00 0.00 1.50 344.58
7348 18.50 0.00 0.00 2.70 344.96
7349 18.02 0.00 0.00 2.00 347.13
7350 17.67 0.00 0.00 1.40 349.35
7351 18.40 30.71 19.92 1.50 351.82
7352 19.62 131.03 89.78 0.90 353.07
7353 20.32 180.10 17.67 1.40 359.92
7354 21.78 363.09 171.83 1.40 352.95
7355 23.89 621.86 586.44 1.20 344.97
7356 25.19 599.52 451.99 1.20 349.09
7357 25.91 547.21 375.85 2.00 354.67
7358 26.17 457.88 299.91 2.50 358.76
7359 25.67 272.66 115.32 3.71 366.25
7360 25.17 251.94 449.28 5.31 356.24
7361 24.08 75.56 210.75 5.31 359.60
7362 23.64 0.00 0.00 6.41 366.78
7363 23.21 0.00 0.00 4.51 367.44
7364 22.77 0.00 0.00 3.71 365.33
7365 22.34 0.00 0.00 3.51 366.13
7366 21.90 0.00 0.00 3.51 365.49
7367 21.47 0.00 0.00 4.71 360.81
7368 21.03 0.00 0.00 2.91 358.87
7369 20.91 0.00 0.00 1.80 356.93
7370 20.82 0.00 0.00 2.50 353.66
7371 20.73 0.00 0.00 4.01 355.84
7372 20.70 0.00 0.00 4.31 357.15
7373 20.66 0.00 0.00 4.01 357.27
7374 20.65 0.00 0.00 4.01 360.00
7375 21.38 25.04 0.00 3.71 361.54
7376 23.24 153.75 151.16 4.01 367.39
7377 24.89 261.20 118.37 3.51 372.30
7378 26.34 347.10 140.17 3.31 366.14
7379 28.42 560.39 424.16 5.01 360.75
7380 30.34 657.61 611.97 6.41 358.40
7381 31.42 586.06 488.83 7.21 362.44
7382 32.16 562.30 643.94 6.71 360.97
7383 32.12 384.14 452.69 7.51 371.19
7384 31.40 242.48 441.91 7.01 371.61
7385 30.03 71.60 199.53 5.51 375.88
7386 29.15 0.00 0.00 3.51 383.04
7387 28.28 0.00 0.00 3.11 381.91
7388 27.45 0.00 0.00 3.11 381.99
7389 26.61 0.00 0.00 4.01 376.35
7390 25.76 0.00 0.00 2.70 373.56
7391 24.92 0.00 0.00 3.71 373.90
7392 24.07 0.00 0.00 2.91 369.15
7393 23.11 0.00 0.00 2.20 367.37
7394 22.07 0.00 0.00 2.20 364.98
7395 21.03 0.00 0.00 3.31 361.50
7396 20.47 0.00 0.00 2.40 363.07
7397 19.91 0.00 0.00 2.00 365.60
7398 19.55 0.00 0.00 2.40 362.53
7399 20.07 26.31 0.00 1.70 361.38
7400 21.24 129.77 68.83 2.20 364.88
7401 22.57 252.98 101.44 3.51 360.65
7402 23.88 366.17 120.79 4.01 356.46
7403 24.87 414.76 134.63 3.31 354.38
7404 25.82 493.60 206.94 5.71 352.94
7405 26.56 518.29 322.86 5.71 355.71
7406 26.95 469.73 362.39 4.31 360.44
7407 27.05 400.97 534.95 4.51 353.57
7408 26.58 245.72 451.13 2.50 357.78
7409 25.53 71.55 205.36 2.50 361.60
7410 24.91 0.00 0.00 4.01 370.82
7411 24.28 0.00 0.00 4.71 370.24
7412 23.65 0.00 0.00 4.31 372.27
7413 23.03 0.00 0.00 4.51 373.95
7414 22.40 0.00 0.00 3.71 374.27
7415 21.78 0.00 0.00 3.51 371.85
7416 21.15 0.00 0.00 2.91 372.32
7417 20.90 0.00 0.00 3.71 376.53
7418 20.66 0.00 0.00 1.80 378.00
7419 20.41 0.00 0.00 1.10 374.59
7420 20.29 0.00 0.00 2.00 377.93
7421 20.17 0.00 0.00 1.00 379.10
7422 20.09 0.00 0.00 2.50 376.96
7423 20.23 5.27 0.00 2.70 379.20
7424 20.34 13.93 0.00 1.10 381.65
7425 22.23 230.52 104.59 1.50 360.13
7426 22.36 103.97 0.00 1.70 376.74
7427 23.36 282.89 24.13 1.10 369.12
7428 24.41 373.65 75.34 1.20 367.45
7429 25.33 417.70 126.86 0.80 364.65
7430 25.92 388.68 191.58 1.50 360.52
7431 25.48 136.16 0.00 2.00 374.91
7432 25.17 145.28 64.13 3.11 364.46
7433 24.53 46.65 70.68 2.20 364.33
7434 24.29 0.00 0.00 1.40 364.85
7435 24.05 0.00 0.00 1.40 364.20
7436 23.80 0.00 0.00 1.10 369.04
7437 23.56 0.00 0.00 1.50 369.81
7438 23.32 0.00 0.00 2.40 372.32
7439 23.08 0.00 0.00 3.11 373.28
7440 22.84 0.00 0.00 4.01 374.61
7441 22.24 0.00 0.00 3.51 388.71
7442 22.28 0.00 0.00 3.71 388.53
7443 21.88 0.00 0.00 6.21 390.16
7444 21.95 0.00 0.00 4.71 390.87
7445 21.82 0.00 0.00 4.71 390.38
7446 21.74 0.00 0.00 3.71 390.14
7447 22.01 13.11 0.00 3.31 388.31
7448 22.17 84.96 0.00 2.91 393.32
7449 24.06 170.07 10.95 2.40 397.94
7450 25.00 214.12 8.04 3.11 404.73
7451 25.79 259.11 16.68 3.11 408.70
7452 25.77 144.44 0.00 2.70 418.48
7453 26.44 318.17 36.83 3.51 408.33
7454 26.89 304.77 42.44 2.50 392.33
7455 27.08 251.42 70.68 2.50 380.19
7456 26.93 164.23 132.93 2.91 379.03
7457 26.40 68.21 185.95 2.40 375.27
7458 25.85 0.00 0.00 2.70 375.36
7459 25.30 0.00 0.00 3.71 373.74
7460 24.74 0.00 0.00 4.31 374.14
7461 24.19 0.00 0.00 4.31 369.88
7462 23.64 0.00 0.00 5.91 369.54
7463 23.09 0.00 0.00 5.31 370.15
7464 22.54 0.00 0.00 4.01 365.04
7465 22.00 0.00 0.00 3.11 363.19
7466 21.46 0.00 0.00 3.71 362.03
7467 20.91 0.00 0.00 3.71 355.74
7468 20.63 0.00 0.00 5.01 359.45
7469 20.35 0.00 0.00 2.70 361.04
7470 20.16 0.00 0.00 2.50 361.52
7471 20.85 27.37 19.39 3.71 362.66
7472 22.72 176.12 388.08 2.70 369.92
7473 24.72 340.24 488.35 1.10 368.62
7474 26.92 530.26 702.55 1.70 360.65
7475 28.45 576.00 558.82 1.00 363.87
7476 29.65 605.84 540.69 1.00 366.61
7477 30.41 584.41 537.20 2.50 367.21
7478 30.75 512.00 558.11 2.70 367.25
7479 30.48 366.81 430.56 4.31 373.02
7480 29.49 192.62 282.57 5.01 381.81
7481 28.10 50.25 137.75 2.91 382.17
7482 27.31 0.00 0.00 3.51 385.28
7483 26.50 0.00 0.00 4.01 379.49
7484 25.69 0.00 0.00 4.31 376.30
7485 24.88 0.00 0.00 3.51 378.20
7486 24.07 0.00 0.00 3.71 376.03
7487 23.26 0.00 0.00 4.01 373.22
7488 22.45 0.00 0.00 3.11 376.61
7489 21.69 0.00 0.00 2.91 373.65
7490 20.90 0.00 0.00 2.50 374.22
7491 20.11 0.00 0.00 1.70 371.12
7492 19.74 0.00 0.00 1.20 372.98
7493 19.31 0.00 0.00 1.00 376.37
7494 19.01 0.00 0.00 1.40 375.43
7495 19.32 13.48 0.00 1.40 379.29
7496 20.12 82.71 0.00 2.91 381.17
7497 21.91 270.71 214.94 3.31 366.11
7498 24.10 485.21 520.39 5.01 358.28
7499 25.31 466.67 268.98 5.71 366.94
7500 25.45 306.10 28.38 6.21 377.69
7501 25.57 313.19 58.28 5.91 374.21
7502 26.31 530.03 557.03 3.51 356.87
7503 26.34 330.39 308.58 4.31 365.42
7504 25.80 190.37 254.21 5.71 362.68
7505 24.90 69.10 217.62 5.31 354.99
7506 24.06 0.00 0.00 3.71 361.49
7507 23.22 0.00 0.00 4.31 361.72
7508 22.38 0.00 0.00 2.70 355.89
7509 21.54 0.00 0.00 2.00 358.45
7510 20.70 0.00 0.00 1.80 357.85
7511 19.91 0.00 0.00 1.40 353.95
7512 19.03 0.00 0.00 1.80 351.19
7513 18.30 0.00 0.00 2.70 348.14
7514 17.55 0.00 0.00 3.31 346.04
7515 16.80 0.00 0.00 3.31 344.62
7516 16.42 0.00 0.00 2.50 342.06
7517 16.03 0.00 0.00 2.40 342.17
7518 15.76 0.00 0.00 2.91 344.34
7519 16.39 25.62 11.52 2.50 341.54
7520 18.07 157.87 338.65 3.11 346.56
7521 20.09 338.05 464.70 3.31 343.19
7522 21.27 371.98 186.91 4.01 348.90
7523 22.52 484.55 303.89 4.01 347.65
7524 23.30 472.91 214.35 3.11 352.48
7525 24.49 655.89 724.16 2.70 341.36
7526 25.01 538.11 596.17 4.31 345.74
7527 24.84 349.33 351.60 3.31 354.94
7528 23.88 151.94 97.08 4.01 362.75
7529 22.69 46.08 100.88 3.11 361.14
7530 21.98 0.00 0.00 2.40 367.60
7531 21.27 0.00 0.00 1.50 361.17
7532 20.56 0.00 0.00 1.10 356.83
7533 19.90 0.00 0.00 0.50 353.10
7534 19.15 0.00 0.00 0.40 346.65
7535 18.40 0.00 0.00 0.50 340.73
7536 17.65 0.00 0.00 0.80 339.83
7537 17.03 0.00 0.00 1.10 340.75
7538 16.37 0.00 0.00 1.50 337.99
7539 15.70 0.00 0.00 2.20 334.46
7540 15.35 0.00 0.00 2.20 331.08
7541 15.00 0.00 0.00 1.10 326.14
7542 14.75 0.00 0.00 1.40 319.44
7543 15.28 20.75 0.00 1.40 325.23
7544 17.00 151.01 307.45 1.10 326.21
7545 18.67 275.31 185.75 1.70 324.59
7546 20.51 439.27 414.10 1.80 319.69
7547 22.20 557.73 550.67 2.70 320.56
7548 23.52 606.07 590.24 2.20 320.38
7549 24.46 607.18 638.72 3.31 321.60
7550 24.67 458.23 362.43 3.51 327.74
7551 24.58 377.09 506.08 3.51 327.91
7552 23.86 232.30 506.61 3.11 327.83
7553 22.59 62.69 237.82 2.00 333.63
7554 21.93 0.00 0.00 2.20 340.51
7555 21.28 0.00 0.00 1.80 338.03
7556 20.63 0.00 0.00 1.40 339.75
7557 19.98 0.00 0.00 2.00 342.03
7558 19.35 0.00 0.00 1.50 339.73
7559 18.66 0.00 0.00 2.70 338.32
7560 17.98 0.00 0.00 5.01 341.95
7561 17.49 0.00 0.00 4.31 336.26
7562 16.98 0.00 0.00 4.01 338.29
7563 16.47 0.00 0.00 3.11 339.45
7564 16.21 0.00 0.00 3.51 341.29
7565 15.95 0.00 0.00 3.31 340.61
7566 15.77 0.00 0.00 2.70 348.60
7567 16.39 23.75 1.27 2.91 349.36
7568 18.24 162.64 358.65 4.51 352.75
7569 20.42 348.06 565.27 4.31 350.82
7570 22.52 508.94 689.74 4.31 344.81
7571 24.20 592.90 679.66 2.70 346.43
7572 25.49 635.65 688.87 2.70 348.88
7573 26.31 607.11 650.37 3.71 352.13
7574 26.57 497.15 525.82 4.01 356.21
7575 26.21 350.75 424.23 5.51 359.79
7576 25.26 199.47 325.59 5.91 362.30
7577 23.88 48.62 131.14 4.71 367.17
7578 23.24 0.00 0.00 4.71 369.28
7579 22.60 0.00 0.00 4.31 366.60
7580 21.95 0.00 0.00 5.91 364.34
7581 21.31 0.00 0.00 5.01 361.85
7582 20.66 0.00 0.00 5.31 361.17
7583 20.02 0.00 0.00 5.01 358.40
7584 19.40 0.00 0.00 5.51 356.19
7585 18.80 0.00 0.00 3.51 353.80
7586 18.19 0.00 0.00 5.01 354.87
7587 17.58 0.00 0.00 5.71 353.84
7588 17.27 0.00 0.00 5.91 351.32
7589 16.95 0.00 0.00 3.71 349.14
7590 16.74 0.00 0.00 3.11 348.30
7591 17.32 22.25 0.00 2.70 349.15
7592 18.88 139.42 256.33 2.50 349.70
7593 20.71 298.09 384.26 2.40 349.13
7594 22.45 427.95 390.62 3.31 346.24
7595 23.92 512.84 399.32 4.51 352.12
7596 25.47 648.64 666.79 4.31 344.28
7597 26.41 604.01 618.91 5.01 345.97
7598 26.71 478.87 462.08 5.51 348.81
7599 26.69 390.01 546.50 6.21 346.02
7600 25.82 194.78 347.79 5.91 355.16
7601 24.52 46.62 130.54 5.31 363.03
7602 23.75 0.00 0.00 5.71 367.56
7603 22.99 0.00 0.00 4.71 365.31
7604 22.22 0.00 0.00 3.11 368.49
7605 21.45 0.00 0.00 2.70 361.43
7606 20.68 0.00 0.00 1.40 358.13
7607 19.91 0.00 0.00 1.40 353.23
7608 19.16 0.00 0.00 1.10 350.84
7609 18.43 0.00 0.00 1.00 352.53
7610 17.65 0.00 0.00 0.40 351.26
7611 16.86 0.00 0.00 0.80 347.34
7612 16.45 0.00 0.00 0.70 346.12
7613 16.03 0.00 0.00 0.70 346.04
7614 15.74 0.00 0.00 0.70 339.87
7615 16.22 20.82 0.00 0.90 342.93
7616 17.78 145.29 315.99 1.00 348.57
7617 19.80 324.66 503.89 1.80 346.81
7618 21.79 503.20 684.46 2.20 341.41
7619 23.62 631.42 785.88 2.20 340.96
7620 24.84 635.80 663.74 1.70 345.76
7621 25.46 568.09 543.58 1.80 352.38
7622 25.58 461.24 430.56 1.70 352.62
7623 25.21 342.07 385.47 1.20 354.14
7624 24.27 190.32 327.15 2.20 355.60
7625 22.95 45.20 120.62 1.80 361.50
7626 22.42 0.00 0.00 2.50 363.21
7627 21.89 0.00 0.00 1.40 360.14
7628 21.36 0.00 0.00 2.20 358.70
7629 20.83 0.00 0.00 2.20 360.18
7630 20.30 0.00 0.00 2.40 359.84
7631 19.81 0.00 0.00 2.00 357.47
7632 19.26 0.00 0.00 2.91 357.25
7633 18.95 0.00 0.00 3.11 354.81
7634 18.65 0.00 0.00 2.20 352.83
7635 18.36 0.00 0.00 2.91 353.53
7636 18.21 0.00 0.00 3.11 353.76
7637 18.06 0.00 0.00 4.31 353.35
7638 17.97 0.00 0.00 5.31 353.91
7639 18.23 9.65 0.00 3.31 354.75
7640 20.23 164.77 354.63 2.20 360.08
7641 21.97 293.48 343.10 1.80 365.82
7642 23.18 346.97 165.44 1.40 367.67
7643 23.73 311.58 47.10 2.50 374.19
7644 23.70 216.70 6.72 2.50 380.80
7645 24.16 351.14 88.72 2.00 369.42
7646 24.89 469.72 383.36 2.70 355.53
7647 24.85 262.01 141.10 2.20 367.22
7648 24.06 82.16 0.00 2.50 380.73
7649 23.10 4.44 0.00 2.00 387.08
7650 22.51 0.00 0.00 1.70 388.70
7651 21.91 0.00 0.00 2.20 386.74
7652 21.31 0.00 0.00 2.00 386.21
7653 20.72 0.00 0.00 2.40 382.72
7654 20.12 0.00 0.00 1.70 374.24
7655 19.56 0.00 0.00 1.50 371.14
7656 18.93 0.00 0.00 1.20 366.27
7657 18.27 0.00 0.00 0.80 362.41
7658 17.57 0.00 0.00 1.50 355.83
7659 16.87 0.00 0.00 0.70 349.67
7660 16.50 0.00 0.00 0.80 348.47
7661 16.13 0.00 0.00 0.50 351.49
7662 15.88 0.00 0.00 0.50 349.18
7663 16.34 18.87 0.00 1.80 347.31
7664 17.90 140.37 313.54 1.20 348.82
7665 19.91 311.32 487.05 2.20 344.88
7666 21.60 440.38 491.59 2.50 344.09
7667 22.84 483.04 328.83 3.11 347.76
7668 24.17 605.20 621.27 4.51 336.59
7669 24.99 572.53 580.49 4.51 334.95
7670 25.23 454.77 410.84 3.51 342.27
7671 25.12 362.38 495.73 3.71 341.34
7672 24.31 194.31 376.23 3.51 348.56
7673 23.06 44.23 131.29 3.11 357.74
7674 22.41 0.00 0.00 4.31 364.06
7675 21.76 0.00 0.00 2.50 361.67
7676 21.12 0.00 0.00 2.50 358.95
7677 20.47 0.00 0.00 2.91 357.63
7678 19.87 0.00 0.00 4.31 355.05
7679 19.19 0.00 0.00 4.31 353.66
7680 18.51 0.00 0.00 5.31 352.62
7681 18.01 0.00 0.00 4.51 350.65
7682 17.51 0.00 0.00 3.11 348.84
7683 17.01 0.00 0.00 4.01 346.86
7684 16.75 0.00 0.00 4.01 348.74
7685 16.50 0.00 0.00 4.51 349.89
7686 16.33 0.00 0.00 3.51 347.42
7687 16.83 18.53 0.00 2.91 346.68
7688 18.29 125.53 149.41 2.91 348.46
7689 19.75 232.41 122.02 3.71 351.08
7690 21.35 380.42 267.44 3.71 342.89
7691 23.41 585.10 633.50 4.31 337.76
7692 24.70 569.14 511.99 5.01 343.56
7693 25.64 573.09 614.21 4.01 342.90
7694 26.19 525.68 667.51 2.50 343.74
7695 26.13 364.67 535.61 1.50 348.07
7696 25.39 208.23 395.05 1.40 350.75
7697 24.16 51.76 150.44 1.80 355.27
7698 23.43 0.00 0.00 1.80 360.77
7699 22.70 0.00 0.00 1.00 361.09
7700 21.97 0.00 0.00 1.00 355.85
7701 21.24 0.00 0.00 0.90 354.92
7702 20.51 0.00 0.00 0.20 349.56
7703 19.83 0.00 0.00 0.70 347.32
7704 19.06 0.00 0.00 0.60 346.47
7705 18.32 0.00 0.00 0.30 342.80
7706 17.52 0.00 0.00 0.30 335.23
7707 16.71 0.00 0.00 0.30 333.22
7708 16.28 0.00 0.00 0.50 333.30
7709 15.85 0.00 0.00 0.70 331.68
7710 15.55 0.00 0.00 0.50 333.02
7711 15.99 18.87 0.00 0.60 332.76
7712 17.52 139.73 343.44 1.20 336.37
7713 19.18 276.09 349.49 2.50 338.96
7714 20.76 409.96 390.49 1.70 334.78
7715 22.34 538.62 547.22 1.80 332.43
7716 23.60 593.53 605.77 1.80 331.06
7717 24.26 528.99 439.07 2.00 334.28
7718 24.60 483.23 534.94 2.20 334.23
7719 24.58 386.62 615.84 2.70 333.99
7720 23.78 200.17 428.64 3.31 337.00
7721 22.54 47.96 156.14 3.31 341.05
7722 21.98 0.00 0.00 2.91 345.55
7723 21.42 0.00 0.00 2.00 345.43
7724 20.86 0.00 0.00 1.80 343.55
7725 20.29 0.00 0.00 2.70 340.48
7726 19.78 0.00 0.00 3.11 337.67
7727 19.19 0.00 0.00 2.40 337.17
7728 18.60 0.00 0.00 2.20 338.44
7729 18.28 0.00 0.00 1.80 336.50
7730 18.00 0.00 0.00 1.80 335.65
7731 17.72 0.00 0.00 1.70 336.52
7732 17.60 0.00 0.00 1.40 341.47
7733 17.48 0.00 0.00 1.00 340.86
7734 17.41 0.00 0.00 0.60 339.77
7735 17.57 5.10 0.00 1.00 337.74
7736 18.38 74.29 1.25 1.70 342.28
7737 19.47 178.87 39.16 2.20 338.82
7738 20.96 363.33 220.25 2.40 336.21
7739 22.07 406.06 176.74 1.80 340.38
7740 22.66 359.36 88.08 1.20 344.70
7741 22.68 229.53 17.22 0.80 354.43
7742 21.92 55.09 0.00 1.20 364.89
7743 21.43 79.38 0.00 1.10 361.00
7744 21.14 105.02 10.84 1.10 351.73
7745 20.63 20.58 0.00 1.20 354.05
7746 20.21 0.00 0.00 1.70 355.11
7747 19.82 0.00 0.00 1.50 352.35
7748 19.37 0.00 0.00 3.11 350.63
7749 18.92 0.00 0.00 3.31 347.01
7750 18.47 0.00 0.00 3.71 345.84
7751 18.02 0.00 0.00 4.01 344.75
7752 17.57 0.00 0.00 4.01 341.81
7753 16.87 0.00 0.00 2.00 338.35
7754 16.14 0.00 0.00 3.31 338.79
7755 15.40 0.00 0.00 5.01 336.69
7756 15.02 0.00 0.00 4.01 334.87
7757 14.64 0.00 0.00 2.20 334.15
7758 14.37 0.00 0.00 2.20 331.62
7759 14.77 16.11 0.00 1.70 330.42
7760 16.42 143.43 405.84 1.50 330.72
7761 18.52 320.89 591.09 1.00 325.62
7762 20.39 460.09 609.37 1.40 320.21
7763 21.95 552.61 629.23 2.91 321.76
7764 23.23 611.86 688.88 2.00 318.09
7765 24.13 609.29 753.01 1.20 318.40
7766 24.45 496.74 640.25 3.11 320.89
7767 24.31 378.29 630.28 2.00 323.85
7768 23.49 214.97 529.80 2.40 324.52
7769 22.17 46.11 164.00 2.20 331.40
7770 21.42 0.00 0.00 1.70 337.08
7771 20.67 0.00 0.00 1.70 333.41
7772 19.92 0.00 0.00 1.50 337.25
7773 19.18 0.00 0.00 1.20 332.29
7774 18.39 0.00 0.00 1.80 329.93
7775 17.60 0.00 0.00 1.80 330.63
7776 16.81 0.00 0.00 0.70 327.94
7777 16.17 0.00 0.00 0.70 327.89
7778 15.51 0.00 0.00 1.10 328.47
7779 14.85 0.00 0.00 2.00 331.13
7780 14.51 0.00 0.00 3.71 330.16
7781 14.17 0.00 0.00 2.91 329.24
7782 13.94 0.00 0.00 3.31 333.65
7783 14.32 15.24 0.00 2.91 334.26
7784 16.08 149.87 474.96 1.80 337.07
7785 18.29 335.65 697.05 2.00 338.96
7786 20.29 484.19 756.27 3.31 336.20
7787 21.95 581.11 756.63 5.01 337.55
7788 23.26 631.40 772.02 3.51 337.15
7789 24.05 590.40 708.75 3.31 336.56
7790 24.39 511.90 702.55 5.51 338.59
7791 24.16 367.90 593.30 4.51 335.85
7792 23.25 198.35 451.73 7.01 337.31
7793 21.90 41.60 114.04 7.81 348.43
7794 21.13 0.00 0.00 9.72 352.83
7795 20.36 0.00 0.00 8.62 353.49
7796 19.63 0.00 0.00 8.92 353.94
7797 18.82 0.00 0.00 9.32 350.64
7798 18.02 0.00 0.00 10.62 351.21
7799 17.21 0.00 0.00 9.72 347.49
7800 16.40 0.00 0.00 8.21 348.97
7801 15.78 0.00 0.00 11.62 350.67
7802 15.13 0.00 0.00 12.92 347.47
7803 14.48 0.00 0.00 10.62 351.00
7804 14.13 0.00 0.00 10.12 350.00
7805 13.79 0.00 0.00 7.51 350.38
7806 13.56 0.00 0.00 5.51 349.43
7807 13.32 13.67 0.00 7.51 350.36
7808 13.53 11.61 0.00 7.51 348.77
7809 15.89 245.11 247.69 8.21 326.69
7810 18.52 516.61 757.47 7.01 315.71
7811 20.34 633.63 798.75 8.21 312.99
7812 20.74 461.55 267.64 9.32 327.07
7813 21.42 590.13 633.85 7.51 314.64
7814 21.45 434.10 331.89 8.21 320.73
7815 20.30 142.31 0.00 8.21 336.83
7816 19.65 198.24 360.17 7.51 318.38
7817 18.56 55.24 217.73 7.81 317.87
7818 18.04 0.00 0.00 6.71 324.51
7819 17.53 0.00 0.00 7.01 322.19
7820 17.02 0.00 0.00 5.01 318.34
7821 16.51 0.00 0.00 5.31 316.53
7822 16.00 0.00 0.00 6.71 317.12
7823 15.49 0.00 0.00 5.51 316.82
7824 14.97 0.00 0.00 5.01 313.41
7825 14.59 0.00 0.00 4.31 311.66
7826 14.19 0.00 0.00 4.51 311.25
7827 13.79 0.00 0.00 5.51 312.14
7828 13.58 0.00 0.00 4.31 314.35
7829 13.37 0.00 0.00 4.51 313.33
7830 13.23 0.00 0.00 4.01 313.12
7831 13.08 13.72 0.00 3.31 307.56
7832 15.54 103.09 103.03 2.40 314.47
7833 16.74 203.91 90.78 2.70 317.82
7834 17.99 312.74 138.90 2.00 316.95
7835 19.88 523.25 520.38 1.20 305.56
7836 21.30 612.13 687.77 1.80 305.75
7837 22.36 633.45 860.06 1.40 307.84
7838 22.82 544.57 787.12 1.80 312.26
7839 22.54 365.93 580.42 2.00 323.19
7840 21.68 216.12 531.96 1.10 327.62
7841 20.35 52.01 230.59 1.20 335.44
7842 19.92 0.00 0.00 1.10 338.20
7843 19.41 0.00 0.00 1.40 337.39
7844 18.90 0.00 0.00 2.00 338.07
7845 18.39 0.00 0.00 2.20 339.01
7846 17.88 0.00 0.00 1.20 337.31
7847 17.38 0.00 0.00 1.80 334.87
7848 16.87 0.00 0.00 1.70 336.16
7849 16.43 0.00 0.00 1.80 336.70
7850 15.98 0.00 0.00 1.70 338.17
7851 15.53 0.00 0.00 2.50 338.22
7852 15.30 0.00 0.00 4.71 336.72
7853 15.06 0.00 0.00 5.01 337.85
7854 14.90 0.00 0.00 3.11 335.74
7855 14.74 11.88 0.00 3.71 336.66
7856 16.76 95.27 96.12 4.01 343.09
7857 18.66 274.18 366.09 5.71 333.21
7858 20.63 476.60 661.18 6.41 331.91
7859 21.47 450.45 304.59 5.91 339.62
7860 22.31 535.17 450.59 7.91 338.03
7861 22.86 533.86 534.20 6.41 341.26
7862 23.00 445.69 440.17 7.01 344.34
7863 22.43 274.08 205.20 5.91 352.92
7864 21.00 16.23 0.00 5.01 377.15
7865 19.93 22.70 0.00 5.51 375.67
7866 19.55 0.00 0.00 4.31 377.99
7867 19.17 0.00 0.00 4.71 371.88
7868 18.79 0.00 0.00 5.01 369.81
7869 18.40 0.00 0.00 5.01 371.83
7870 18.02 0.00 0.00 7.21 367.62
7871 17.64 0.00 0.00 5.91 363.16
7872 17.26 0.00 0.00 5.31 357.15
7873 16.94 0.00 0.00 4.71 353.87
7874 16.60 0.00 0.00 2.91 352.55
7875 16.26 0.00 0.00 1.20 350.89
7876 16.08 0.00 0.00 1.80 351.84
7877 15.89 0.00 0.00 1.10 350.38
7878 15.76 0.00 0.00 1.80 350.18
7879 15.63 10.71 0.00 4.01 349.01
7880 18.27 108.31 212.79 6.71 355.00
7881 19.97 253.68 311.98 4.51 352.40
7882 21.47 376.55 339.61 5.01 346.57
7883 22.77 472.65 387.47 5.91 344.29
7884 23.91 552.45 553.97 3.51 342.73
7885 24.58 531.68 534.58 5.01 345.51
7886 24.93 494.09 620.76 3.51 341.20
7887 24.83 382.18 702.18 4.01 341.88
7888 23.99 213.54 546.97 2.70 346.40
7889 22.68 50.70 237.93 2.20 343.89
7890 22.18 0.00 0.00 1.20 345.34
7891 21.68 0.00 0.00 1.50 340.18
7892 21.17 0.00 0.00 1.40 341.71
7893 20.67 0.00 0.00 1.80 337.71
7894 20.17 0.00 0.00 0.90 335.07
7895 19.71 0.00 0.00 0.70 333.94
7896 19.19 0.00 0.00 0.70 332.22
7897 18.77 0.00 0.00 0.60 331.08
7898 18.33 0.00 0.00 0.60 331.09
7899 17.89 0.00 0.00 0.50 333.41
7900 17.65 0.00 0.00 0.40 335.64
7901 17.42 0.00 0.00 0.30 337.74
7902 17.25 0.00 0.00 0.30 338.28
7903 17.09 10.65 0.00 0.30 340.83
7904 19.89 121.38 332.39 0.30 345.10
7905 21.62 284.30 495.62 0.90 342.73
7906 23.35 439.62 610.98 1.20 342.55
7907 24.37 470.37 388.50 1.40 343.70
7908 25.26 534.63 487.18 1.70 341.58
7909 25.83 532.94 549.71 2.91 341.05
7910 25.90 427.50 392.92 1.80 350.53
7911 25.55 333.48 466.33 2.40 350.48
7912 24.63 179.57 357.21 2.70 359.03
7913 23.40 48.53 165.77 2.00 357.83
7914 22.82 0.00 0.00 2.00 361.07
7915 22.25 0.00 0.00 1.50 357.46
7916 21.67 0.00 0.00 0.90 355.43
7917 21.10 0.00 0.00 1.50 352.72
7918 20.52 0.00 0.00 1.00 355.95
7919 19.94 0.00 0.00 0.50 350.69
7920 19.39 0.00 0.00 0.50 350.91
7921 18.91 0.00 0.00 0.50 351.76
7922 18.39 0.00 0.00 0.50 349.32
7923 17.86 0.00 0.00 1.10 349.68
7924 17.59 0.00 0.00 1.40 349.64
7925 17.31 0.00 0.00 1.20 350.55
7926 17.11 0.00 0.00 0.70 347.56
7927 16.92 10.19 0.00 0.40 344.36
7928 19.59 118.51 317.84 0.50 350.05
7929 21.00 255.19 359.96 0.40 354.62
7930 22.34 376.91 378.71 0.50 357.09
7931 23.60 488.90 452.56 1.20 353.19
7932 24.17 448.53 250.22 0.90 357.93
7933 24.77 514.08 455.88 0.90 351.54
7934 25.03 460.00 502.70 0.50 349.50
7935 24.84 346.65 514.86 0.90 351.62
7936 23.91 156.44 185.09 0.80 358.64
7937 22.70 32.76 21.16 0.80 359.84
7938 22.13 0.00 0.00 0.80 358.12
7939 21.56 0.00 0.00 1.50 355.40
7940 20.99 0.00 0.00 1.80 355.90
7941 20.42 0.00 0.00 4.31 358.65
7942 19.90 0.00 0.00 4.71 353.55
7943 19.30 0.00 0.00 2.91 349.54
7944 18.70 0.00 0.00 3.31 347.92
7945 18.24 0.00 0.00 2.91 348.39
7946 17.77 0.00 0.00 1.80 345.89
7947 17.30 0.00 0.00 1.70 341.76
7948 17.05 0.00 0.00 1.70 341.48
7949 16.81 0.00 0.00 0.90 337.88
7950 16.64 0.00 0.00 0.70 332.87
7951 16.47 11.34 0.00 1.70 333.01
7952 19.30 128.47 371.65 2.20 337.97
7953 20.74 269.45 391.39 5.51 339.76
7954 22.61 468.20 674.28 7.01 336.38
7955 23.82 521.90 598.04 6.41 336.39
7956 24.64 546.38 559.34 5.51 335.78
7957 25.22 557.51 639.62 6.41 336.41
7958 25.22 419.55 346.26 6.41 344.89
7959 24.56 272.44 192.57 6.41 346.77
7960 23.47 126.45 76.01 6.41 351.04
7961 22.27 37.67 82.51 5.01 347.14
7962 21.74 0.00 0.00 4.51 352.11
7963 21.21 0.00 0.00 3.51 354.23
7964 20.68 0.00 0.00 4.31 354.33
7965 20.15 0.00 0.00 2.50 351.64
7966 19.65 0.00 0.00 2.40 350.00
7967 19.09 0.00 0.00 1.70 349.65
7968 18.54 0.00 0.00 2.20 347.36
7969 18.05 0.00 0.00 1.70 346.15
7970 17.54 0.00 0.00 1.00 345.56
7971 17.03 0.00 0.00 1.20 346.07
7972 16.76 0.00 0.00 1.00 345.16
7973 16.49 0.00 0.00 1.00 339.29
7974 16.30 0.00 0.00 1.40 337.02
7975 16.10 8.31 0.00 2.00 335.18
7976 18.34 96.05 162.02 0.90 339.20
7977 18.90 146.88 29.41 0.70 345.42
7978 20.33 317.13 172.53 1.10 334.35
7979 21.04 318.40 95.40 2.91 339.24
7980 22.70 596.32 610.20 4.51 321.25
7981 23.83 606.38 739.36 5.91 323.58
7982 24.01 412.19 329.68 6.21 336.32
7983 24.02 371.13 634.89 6.41 333.16
7984 23.34 203.53 465.75 7.51 339.89
7985 22.19 47.31 181.35 8.92 341.44
7986 21.65 0.00 0.00 8.92 343.92
7987 21.10 0.00 0.00 8.62 343.74
7988 20.55 0.00 0.00 7.91 337.56
7989 20.00 0.00 0.00 7.01 336.92
7990 19.48 0.00 0.00 5.91 339.70
7991 18.90 0.00 0.00 6.71 341.53
7992 18.32 0.00 0.00 7.21 341.20
7993 17.87 0.00 0.00 4.71 338.99
7994 17.46 0.00 0.00 3.11 341.27
7995 17.04 0.00 0.00 4.01 341.25
7996 16.85 0.00 0.00 3.11 340.60
7997 16.65 0.00 0.00 2.20 344.44
7998 16.53 0.00 0.00 1.80 340.60
7999 16.42 10.19 0.00 2.70 343.71
8000 18.89 126.94 376.86 2.00 347.01
8001 20.57 307.83 617.41 2.20 343.48
8002 21.92 433.62 606.33 2.50 345.64
8003 23.32 589.97 817.71 2.91 333.12
8004 24.36 641.54 785.43 3.31 331.38
8005 24.37 415.91 233.21 2.20 352.32
8006 23.97 322.08 135.17 1.70 353.10
8007 22.87 114.74 0.00 2.00 363.11
8008 21.68 17.08 0.00 3.11 374.45
8009 20.70 3.97 0.00 4.71 370.48
8010 20.19 0.00 0.00 5.91 364.33
8011 19.71 0.00 0.00 3.71 355.15
8012 19.17 0.00 0.00 4.51 351.15
8013 18.63 0.00 0.00 6.21 348.07
8014 18.09 0.00 0.00 6.41 342.14
8015 17.55 0.00 0.00 5.71 337.88
8016 17.01 0.00 0.00 4.71 336.11
8017 16.09 0.00 0.00 3.31 321.74
8018 15.34 0.00 0.00 2.10 315.58
8019 14.58 0.00 0.00 1.10 313.49
8020 14.17 0.00 0.00 1.30 309.32
8021 13.75 0.00 0.00 1.00 307.80
8022 13.44 0.00 0.00 0.80 307.08
8023 13.14 5.81 0.00 0.90 304.67
8024 16.19 124.48 336.51 0.80 310.39
8025 17.55 239.30 269.45 0.60 317.91
8026 17.62 200.23 25.03 0.60 332.52
8027 17.32 154.04 0.00 1.60 334.56
8028 18.32 393.62 171.03 1.80 318.56
8029 19.09 426.03 245.41 1.50 315.55
8030 19.04 266.60 63.68 0.80 327.88
8031 19.25 348.97 467.02 0.40 314.58
8032 18.91 216.09 520.85 0.90 311.64
8033 17.92 50.29 244.22 0.80 309.27
8034 17.33 0.00 0.00 0.90 316.81
8035 16.73 0.00 0.00 1.30 319.48
8036 16.14 0.00 0.00 1.50 321.92
8037 15.55 0.00 0.00 1.20 317.56
8038 14.95 0.00 0.00 1.60 318.94
8039 14.36 0.00 0.00 3.11 319.93
8040 13.77 0.00 0.00 2.10 320.25
8041 13.52 0.00 0.00 2.40 320.36
8042 13.28 0.00 0.00 1.60 319.94
8043 13.05 0.00 0.00 0.50 322.90
8044 12.93 0.00 0.00 1.20 322.77
8045 12.81 0.00 0.00 1.00 322.12
8046 12.73 0.00 0.00 0.80 320.65
8047 12.65 6.94 0.00 0.80 321.50
8048 14.91 86.58 81.24 1.10 330.66
8049 16.73 226.34 226.91 2.20 327.57
8050 19.10 429.35 561.46 2.20 322.09
8051 21.04 563.90 761.42 3.11 316.65
8052 22.25 571.77 598.72 3.81 321.04
8053 22.55 447.38 286.95 3.11 329.97
8054 22.52 382.05 190.31 1.90 334.19
8055 21.90 267.85 189.52 3.31 333.47
8056 20.62 98.12 14.99 2.40 345.52
8057 19.31 20.97 0.00 1.20 341.19
8058 18.94 0.00 0.00 1.20 345.46
8059 18.56 0.00 0.00 1.20 346.98
8060 18.18 0.00 0.00 2.10 346.80
8061 17.81 0.00 0.00 2.81 346.45
8062 17.43 0.00 0.00 4.01 347.40
8063 17.05 0.00 0.00 2.40 342.87
8064 16.67 0.00 0.00 3.31 340.08
8065 16.28 0.00 0.00 1.30 342.03
8066 15.92 0.00 0.00 1.10 342.22
8067 15.56 0.00 0.00 1.50 342.16
8068 15.40 0.00 0.00 1.90 336.23
8069 15.23 0.00 0.00 1.30 335.35
8070 15.13 0.00 0.00 1.60 333.05
8071 15.03 6.85 0.00 1.80 335.86
8072 18.02 126.16 375.53 2.81 340.23
8073 19.71 273.39 538.56 3.11 342.12
8074 21.52 439.97 671.59 2.40 338.15
8075 23.29 593.07 839.28 3.31 330.06
8076 24.51 626.63 770.18 3.61 332.02
8077 24.92 515.29 485.85 4.01 336.41
8078 24.54 353.46 181.76 5.21 340.79
8079 23.51 195.54 56.80 4.71 347.58
8080 22.06 37.17 0.00 4.21 362.78
8081 20.84 20.92 0.00 2.81 362.00
8082 20.35 0.00 0.00 2.81 363.41
8083 19.87 0.00 0.00 2.61 359.40
8084 19.43 0.00 0.00 3.61 355.82
8085 18.92 0.00 0.00 1.80 350.98
8086 18.41 0.00 0.00 1.60 348.94
8087 17.91 0.00 0.00 1.50 348.66
8088 17.40 0.00 0.00 1.20 346.83
8089 16.77 0.00 0.00 0.90 344.68
8090 16.10 0.00 0.00 1.00 343.05
8091 15.43 0.00 0.00 0.80 341.36
8092 15.08 0.00 0.00 0.70 337.61
8093 14.73 0.00 0.00 0.50 332.59
8094 14.48 0.00 0.00 0.50 330.17
8095 14.23 6.38 0.00 0.80 323.13
8096 16.98 107.40 326.86 0.70 325.83
8097 18.44 222.70 221.21 0.90 331.94
8098 18.62 189.85 19.65 3.81 342.85
8099 19.85 379.07 191.77 2.81 327.36
8100 21.24 513.68 435.76 1.90 321.78
8101 22.57 613.82 777.14 1.80 317.69
8102 23.21 529.00 802.45 2.20 315.41
8103 23.24 386.07 699.42 2.40 319.62
8104 22.46 208.06 513.32 2.10 326.81
8105 21.17 48.34 210.87 2.20 320.09
8106 20.45 0.00 0.00 1.60 325.89
8107 19.73 0.00 0.00 0.90 328.09
8108 19.04 0.00 0.00 0.70 327.37
8109 18.28 0.00 0.00 1.00 327.04
8110 17.53 0.00 0.00 1.20 327.69
8111 16.78 0.00 0.00 0.90 327.56
8112 16.02 0.00 0.00 1.30 328.29
8113 15.42 0.00 0.00 1.50 327.26
8114 14.77 0.00 0.00 0.80 324.55
8115 14.13 0.00 0.00 1.30 325.33
8116 13.78 0.00 0.00 2.10 325.72
8117 13.44 0.00 0.00 2.20 327.85
8118 13.19 0.00 0.00 2.40 330.07
8119 12.95 5.89 0.00 2.81 334.48
8120 15.15 88.28 193.95 3.61 338.55
8121 16.55 201.51 133.68 4.51 340.73
8122 17.70 285.11 110.75 4.51 347.33
8123 19.15 425.22 318.91 6.21 336.72
8124 20.24 489.83 374.09 8.42 335.00
8125 21.30 569.54 658.02 5.61 328.67
8126 21.89 525.97 793.46 5.91 327.19
8127 21.86 373.15 603.49 5.21 331.15
8128 20.82 152.01 202.85 4.91 345.61
8129 19.56 37.74 96.47 5.91 342.97
8130 19.00 0.00 0.00 6.51 345.96
8131 18.44 0.00 0.00 7.01 347.13
8132 17.88 0.00 0.00 8.72 347.62
8133 17.33 0.00 0.00 8.42 346.46
8134 16.77 0.00 0.00 9.12 347.13
8135 16.21 0.00 0.00 7.21 346.31
8136 15.65 0.00 0.00 8.72 346.56
8137 15.28 0.00 0.00 9.12 343.69
8138 14.87 0.00 0.00 7.21 345.28
8139 14.46 0.00 0.00 7.92 347.12
8140 14.23 0.00 0.00 9.42 345.85
8141 14.00 0.00 0.00 9.62 345.87
8142 13.83 0.00 0.00 10.42 344.50
8143 13.67 5.26 0.00 10.42 340.50
8144 16.18 92.26 241.97 11.32 343.71
8145 17.81 212.43 168.52 10.12 343.88
8146 19.47 337.25 295.54 11.32 343.28
8147 20.71 415.01 296.75 13.33 340.03
8148 21.35 393.20 160.34 9.92 340.05
8149 21.91 425.14 258.16 11.32 333.10
8150 22.63 516.72 716.69 9.62 322.48
8151 22.72 379.87 749.95 8.72 328.76
8152 22.05 219.74 612.60 6.71 328.90
8153 20.75 51.26 280.50 4.21 331.08
8154 20.29 0.00 0.00 3.61 333.03
8155 19.83 0.00 0.00 3.11 332.94
8156 19.42 0.00 0.00 3.31 334.19
8157 18.94 0.00 0.00 3.81 334.64
8158 18.45 0.00 0.00 3.81 334.93
8159 17.97 0.00 0.00 3.11 336.30
8160 17.49 0.00 0.00 2.61 337.56
8161 17.19 0.00 0.00 2.40 337.02
8162 16.92 0.00 0.00 3.61 336.90
8163 16.64 0.00 0.00 4.71 337.23
8164 16.52 0.00 0.00 3.31 338.20
8165 16.39 0.00 0.00 4.91 338.00
8166 16.31 0.00 0.00 5.91 338.39
8167 16.24 3.58 0.00 4.71 338.57
8168 18.00 61.89 20.97 4.01 344.69
8169 19.43 161.90 57.39 3.11 344.39
8170 20.83 270.95 94.30 3.31 345.91
8171 22.34 388.01 198.51 4.21 339.58
8172 23.82 494.14 394.85 3.61 334.96
8173 25.14 567.60 661.13 3.61 332.36
8174 25.99 541.14 828.97 3.31 328.21
8175 26.15 396.81 760.89 2.20 330.78
8176 25.44 215.23 575.49 3.11 331.13
8177 24.13 50.30 254.33 1.90 330.36
8178 23.40 0.00 0.00 2.10 338.27
8179 22.67 0.00 0.00 2.10 339.13
8180 21.94 0.00 0.00 2.61 339.53
8181 21.20 0.00 0.00 2.40 340.31
8182 20.47 0.00 0.00 1.00 342.18
8183 19.74 0.00 0.00 0.90 341.36
8184 19.03 0.00 0.00 0.70 342.01
8185 18.15 0.00 0.00 0.30 338.61
8186 17.22 0.00 0.00 0.40 335.62
8187 16.29 0.00 0.00 1.00 333.02
8188 15.80 0.00 0.00 1.60 332.38
8189 15.31 0.00 0.00 1.10 335.64
8190 14.96 0.00 0.00 0.30 335.26
8191 14.61 4.42 0.00 0.50 338.02
8192 17.03 102.31 305.02 0.50 341.87
8193 18.97 267.68 511.77 0.40 339.86
8194 20.72 423.09 693.04 0.70 340.72
8195 22.15 522.38 707.72 0.90 338.10
8196 23.23 576.59 742.51 1.30 334.20
8197 23.93 574.96 773.42 3.11 329.78
8198 24.11 484.14 692.14 3.31 334.61
8199 23.78 366.21 683.05 4.21 332.49
8200 22.80 201.65 543.55 4.51 340.92
8201 21.37 37.96 100.06 4.51 339.73
8202 20.52 0.00 0.00 2.40 341.93
8203 19.67 0.00 0.00 2.20 341.95
8204 18.83 0.00 0.00 2.61 337.91
8205 17.93 0.00 0.00 2.10 336.55
8206 17.03 0.00 0.00 2.10 330.42
8207 16.13 0.00 0.00 1.80 329.80
8208 15.24 0.00 0.00 1.30 327.16
8209 14.59 0.00 0.00 1.60 325.11
8210 13.88 0.00 0.00 1.60 323.23
8211 13.17 0.00 0.00 1.80 319.61
8212 12.78 0.00 0.00 1.90 319.79
8213 12.39 0.00 0.00 3.61 320.74
8214 12.11 0.00 0.00 3.31 320.58
8215 11.83 4.42 0.00 3.31 319.10
8216 14.84 119.53 535.14 2.81 325.46
8217 17.23 310.75 808.52 6.51 320.68
8218 19.43 479.12 921.73 7.21 318.59
8219 21.12 596.22 962.00 6.51 311.78
8220 22.38 646.36 970.15 6.21 314.85
8221 23.13 628.84 961.36 5.91 315.51
8222 23.36 549.23 941.17 7.92 316.32
8223 22.94 406.14 867.41 7.21 319.13
8224 21.75 223.00 691.74 9.12 323.62
8225 20.03 39.17 85.88 7.52 319.78
8226 19.52 0.00 0.00 8.42 326.14
8227 18.94 0.00 0.00 7.52 326.35
8228 18.36 0.00 0.00 7.52 327.56
8229 17.78 0.00 0.00 7.92 324.31
8230 17.20 0.00 0.00 6.21 325.14
8231 16.61 0.00 0.00 6.71 324.93
8232 16.03 0.00 0.00 6.71 329.35
8233 15.73 0.00 0.00 6.71 332.33
8234 15.40 0.00 0.00 5.41 331.86
8235 15.08 0.00 0.00 5.91 331.93
8236 14.91 0.00 0.00 5.41 332.67
8237 14.74 0.00 0.00 5.21 333.78
8238 14.62 0.00 0.00 4.71 331.42
8239 14.49 2.34 0.00 4.01 331.48
8240 15.46 39.05 0.00 3.11 337.46
8241 16.71 139.19 25.86 2.40 335.95
8242 18.31 280.91 153.97 3.11 332.23
8243 18.35 163.03 0.00 2.81 343.22
8244 18.75 238.04 12.20 3.31 338.75
8245 19.18 280.28 29.78 3.31 336.67
8246 19.31 231.07 24.24 3.81 338.98
8247 19.55 277.63 251.31 3.61 332.74
8248 18.83 58.42 0.00 3.31 351.56
8249 18.05 14.73 0.00 2.61 351.58
8250 17.74 0.00 0.00 3.11 349.27
8251 17.42 0.00 0.00 3.61 348.74
8252 17.10 0.00 0.00 3.11 347.11
8253 16.79 0.00 0.00 2.61 344.35
8254 16.47 0.00 0.00 2.61 349.55
8255 16.15 0.00 0.00 3.11 348.46
8256 15.83 0.00 0.00 4.21 347.48
8257 15.60 0.00 0.00 4.71 342.43
8258 15.25 0.00 0.00 4.91 347.26
8259 15.07 0.00 0.00 3.31 347.64
8260 14.97 0.00 0.00 4.51 353.52
8261 14.84 0.00 0.00 5.21 352.56
8262 14.70 0.00 0.00 5.61 348.04
8263 14.58 2.23 0.00 6.21 346.22
8264 16.49 68.09 63.18 5.91 350.19
8265 18.22 196.13 177.74 5.91 353.33
8266 18.32 169.68 9.95 6.71 369.08
8267 18.20 119.49 0.00 8.22 372.13
8268 18.45 219.23 7.82 8.42 369.95
8269 18.45 206.50 5.86 6.51 370.71
8270 17.89 227.95 32.57 6.71 366.79
8271 19.67 304.36 315.38 4.71 355.63
8272 19.29 118.97 68.19 5.21 366.60
8273 18.54 20.50 0.00 5.41 361.54
8274 18.11 0.00 0.00 5.61 358.42
8275 17.68 0.00 0.00 6.21 355.32
8276 17.26 0.00 0.00 5.91 352.23
8277 16.83 0.00 0.00 7.52 349.16
8278 16.41 0.00 0.00 7.52 346.10
8279 15.98 0.00 0.00 6.71 343.05
8280 15.56 0.00 0.00 6.71 340.02
8281 15.20 0.00 0.00 7.21 331.80
8282 14.83 0.00 0.00 5.21 329.02
8283 14.46 0.00 0.00 5.41 330.05
8284 14.27 0.00 0.00 5.61 329.71
8285 14.08 0.00 0.00 3.31 325.28
8286 13.95 0.00 0.00 2.20 326.73
8287 13.81 3.55 0.00 2.10 326.67
8288 16.41 98.33 376.58 2.61 334.43
8289 18.77 276.71 637.32 3.31 336.93
8290 20.89 442.27 698.88 3.81 333.25
8291 22.05 457.66 414.57 1.90 334.08
8292 23.38 584.84 700.60 4.21 327.24
8293 23.68 445.80 309.95 3.11 333.73
8294 23.86 436.17 440.50 4.01 329.42
8295 23.16 263.90 208.68 4.21 333.95
8296 22.37 210.28 439.48 4.51 326.70
8297 21.04 50.27 249.83 5.41 324.91
8298 20.42 0.00 0.00 5.61 327.45
8299 19.81 0.00 0.00 6.21 324.41
8300 19.22 0.00 0.00 6.71 323.61
8301 18.57 0.00 0.00 5.61 325.00
8302 17.92 0.00 0.00 6.51 321.93
8303 17.27 0.00 0.00 5.41 320.73
8304 16.62 0.00 0.00 5.41 321.64
8305 16.01 0.00 0.00 5.21 323.03
8306 15.36 0.00 0.00 6.21 325.41
8307 14.70 0.00 0.00 5.41 324.31
8308 14.35 0.00 0.00 4.01 321.66
8309 14.00 0.00 0.00 3.81 319.04
8310 13.75 0.00 0.00 4.51 320.23
8311 13.50 2.85 0.00 4.71 322.17
8312 15.36 75.62 167.67 6.21 329.21
8313 17.39 239.77 460.46 7.52 317.64
8314 19.32 393.04 593.82 5.91 320.35
8315 20.85 504.05 657.59 6.21 315.30
8316 21.94 539.67 637.99 5.41 315.10
8317 22.67 544.39 674.89 5.61 319.29
8318 22.99 490.18 729.36 5.91 317.55
8319 22.72 355.41 525.46 5.61 320.62
8320 21.60 156.30 222.09 4.91 331.19
8321 20.22 39.19 108.41 5.21 332.85
8322 19.73 0.00 0.00 6.21 337.16
8323 19.26 0.00 0.00 6.21 333.39
8324 18.73 0.00 0.00 7.21 333.89
8325 18.21 0.00 0.00 7.21 333.53
8326 17.69 0.00 0.00 7.21 333.47
8327 17.16 0.00 0.00 8.12 334.75
8328 16.64 0.00 0.00 8.22 332.08
8329 16.32 0.00 0.00 7.92 333.83
8330 15.99 0.00 0.00 7.92 335.87
8331 15.65 0.00 0.00 9.42 337.29
8332 15.47 0.00 0.00 8.42 336.34
8333 15.29 0.00 0.00 6.21 336.98
8334 15.17 0.00 0.00 3.61 337.75
8335 15.04 2.69 0.00 3.11 336.00
8336 17.27 82.72 261.68 3.81 340.34
8337 19.58 254.36 508.26 5.41 333.33
8338 21.10 353.46 407.81 4.21 339.79
8339 22.72 484.79 529.13 4.51 329.59
8340 23.55 459.27 324.92 4.01 339.18
8341 24.24 491.23 461.51 4.71 337.72
8342 24.60 456.82 598.50 5.41 338.85
8343 24.39 334.97 524.40 5.61 338.35
8344 23.44 172.68 343.37 4.21 346.29
8345 22.08 38.42 106.45 4.71 343.98
8346 21.61 0.00 0.00 4.21 347.72
8347 21.13 0.00 0.00 2.61 346.64
8348 20.66 0.00 0.00 1.60 343.50
8349 20.19 0.00 0.00 2.20 348.28
8350 19.72 0.00 0.00 3.31 350.86
8351 19.28 0.00 0.00 2.61 351.49
8352 18.78 0.00 0.00 2.81 353.81
8353 18.37 0.00 0.00 1.90 354.20
8354 17.95 0.00 0.00 2.10 357.63
8355 17.53 0.00 0.00 2.40 358.55
8356 17.32 0.00 0.00 2.81 361.91
8357 17.10 0.00 0.00 1.90 363.87
8358 16.95 0.00 0.00 1.90 363.87
8359 16.80 2.42 0.00 3.11 361.59
8360 18.93 74.97 180.61 2.81 368.25
8361 20.60 199.90 179.98 3.61 365.74
8362 22.23 319.37 291.06 2.10 367.56
8363 24.06 469.92 469.58 3.31 357.42
8364 25.80 589.55 769.74 3.81 352.41
8365 26.95 588.83 865.21 4.21 349.62
8366 27.53 526.14 849.79 4.91 347.26
8367 27.48 388.46 752.45 4.91 352.40
8368 26.54 213.34 571.77 5.41 351.93
8369 25.04 52.12 262.83 4.21 347.92
8370 24.22 0.00 0.00 4.71 355.50
8371 23.40 0.00 0.00 4.51 355.07
8372 22.57 0.00 0.00 2.81 353.80
8373 21.75 0.00 0.00 3.61 356.44
8374 20.93 0.00 0.00 2.20 354.27
8375 20.11 0.00 0.00 1.80 357.13
8376 19.32 0.00 0.00 2.10 354.78
8377 18.52 0.00 0.00 3.31 354.71
8378 17.65 0.00 0.00 1.90 348.93
8379 16.79 0.00 0.00 1.60 347.17
8380 16.34 0.00 0.00 1.00 351.34
8381 15.88 0.00 0.00 1.10 355.80
8382 15.55 0.00 0.00 0.80 355.09
8383 15.23 1.55 0.00 1.30 356.27
8384 15.80 28.85 0.00 2.10 359.24
8385 17.76 216.30 276.01 2.81 341.64
8386 19.58 384.62 469.48 2.61 336.50
8387 19.85 282.61 71.34 2.61 345.04
8388 20.26 342.90 116.86 3.81 340.90
8389 21.41 604.56 614.87 5.61 321.43
8390 21.27 291.57 99.89 5.91 345.00
8391 20.79 208.81 55.21 6.21 340.84
8392 20.07 119.76 41.88 5.91 338.26
8393 19.10 4.00 0.00 4.51 336.04
8394 18.56 0.00 0.00 3.81 340.59
8395 18.03 0.00 0.00 2.61 336.53
8396 17.49 0.00 0.00 2.61 336.80
8397 16.95 0.00 0.00 2.40 334.33
8398 16.42 0.00 0.00 1.60 333.36
8399 15.88 0.00 0.00 1.20 333.58
8400 15.34 0.00 0.00 1.80 332.04
8401 15.04 0.00 0.00 1.90 330.13
8402 14.72 0.00 0.00 3.81 327.34
8403 14.41 0.00 0.00 5.21 327.95
8404 14.25 0.00 0.00 4.21 325.12
8405 14.08 0.00 0.00 3.31 322.71
8406 13.97 0.00 0.00 2.20 318.79
8407 13.86 1.89 0.00 1.60 313.97
8408 15.48 57.31 40.19 3.31 316.25
8409 16.97 163.23 84.15 4.51 316.00
8410 18.54 276.59 123.81 5.41 314.65
8411 19.50 303.54 71.24 6.51 315.07
8412 20.10 320.75 84.15 5.21 314.39
8413 21.17 464.87 366.21 4.71 306.63
8414 21.76 418.09 418.88 4.91 309.86
8415 22.01 365.21 568.56 5.61 307.50
8416 21.65 226.24 587.34 3.31 308.51
8417 20.58 56.02 276.99 4.21 313.79
8418 19.99 0.00 0.00 4.01 316.58
8419 19.44 0.00 0.00 4.51 322.27
8420 18.82 0.00 0.00 3.81 326.55
8421 18.20 0.00 0.00 2.40 324.88
8422 17.58 0.00 0.00 2.10 324.39
8423 16.97 0.00 0.00 0.70 328.44
8424 16.35 0.00 0.00 0.80 329.56
8425 15.77 0.00 0.00 1.10 331.51
8426 15.17 0.00 0.00 0.80 331.14
8427 14.57 0.00 0.00 1.50 332.71
8428 14.26 0.00 0.00 2.20 334.63
8429 13.96 0.00 0.00 1.60 333.11
8430 13.74 0.00 0.00 1.50 330.89
8431 13.53 1.19 0.00 1.60 332.71
8432 13.71 7.57 0.00 2.40 339.89
8433 14.14 42.33 0.00 3.31 333.63
8434 15.03 131.88 0.00 3.81 330.54
8435 16.92 360.34 189.85 4.21 313.93
8436 18.98 542.80 574.88 4.91 302.72
8437 19.72 408.53 238.15 4.51 312.42
8438 20.34 434.06 434.30 5.61 308.78
8439 20.77 423.52 675.17 5.91 300.05
8440 20.28 188.74 342.06 7.92 311.27
8441 19.27 33.62 35.97 7.52 311.40
8442 18.76 0.00 0.00 7.92 319.36
8443 18.25 0.00 0.00 6.71 317.81
8444 17.74 0.00 0.00 6.71 315.58
8445 17.24 0.00 0.00 7.01 318.23
8446 16.73 0.00 0.00 8.72 317.52
8447 16.22 0.00 0.00 7.52 316.83
8448 15.71 0.00 0.00 6.71 314.19
8449 15.28 0.00 0.00 6.71 312.40
8450 14.81 0.00 0.00 5.61 310.35
8451 14.34 0.00 0.00 7.01 310.84
8452 14.08 0.00 0.00 7.01 311.45
8453 13.83 0.00 0.00 6.71 311.36
8454 13.65 0.00 0.00 5.21 310.39
8455 13.47 1.64 0.00 4.01 309.30
8456 15.29 67.56 116.32 4.01 312.39
8457 15.78 105.87 0.00 5.41 322.62
8458 17.02 226.06 53.80 4.91 318.51
8459 17.90 265.64 28.48 4.51 324.08
8460 18.61 303.41 41.38 5.41 324.35
8461 19.36 364.87 141.93 6.21 323.88
8462 19.75 346.69 150.66 3.61 322.03
8463 19.85 281.04 255.78 3.61 318.80
8464 19.78 237.94 542.44 2.20 313.28
8465 18.92 54.92 279.87 3.11 312.18
8466 18.32 0.00 0.00 4.01 310.54
8467 17.72 0.00 0.00 4.21 312.95
8468 17.12 0.00 0.00 2.20 312.69
8469 16.52 0.00 0.00 2.61 315.59
8470 15.92 0.00 0.00 3.81 317.96
8471 15.32 0.00 0.00 2.40 318.47
8472 14.72 0.00 0.00 2.10 318.72
8473 14.27 0.00 0.00 1.90 318.48
8474 13.80 0.00 0.00 2.40 317.05
8475 13.32 0.00 0.00 2.81 316.32
8476 13.07 0.00 0.00 2.61 319.02
8477 12.82 0.00 0.00 1.20 321.10
8478 12.64 0.00 0.00 1.30 324.64
8479 12.46 1.45 0.00 1.90 327.34
8480 14.42 79.42 280.18 1.60 329.44
8481 17.25 308.34 690.44 1.60 319.28
8482 19.12 422.22 670.03 2.20 330.39
8483 19.65 368.22 188.50 2.81 339.90
8484 20.06 387.51 169.94 4.01 342.88
8485 20.12 335.89 101.38 3.31 344.68
8486 19.93 288.24 71.26 4.51 342.42
8487 19.66 253.76 130.82 4.71 334.78
8488 18.78 126.67 60.06 4.51 338.10
8489 17.69 35.35 31.35 2.40 337.77
8490 17.08 0.00 0.00 1.60 337.14
8491 16.47 0.00 0.00 2.61 337.08
8492 15.86 0.00 0.00 1.90 334.18
8493 15.25 0.00 0.00 1.50 331.67
8494 14.64 0.00 0.00 1.20 325.38
8495 14.04 0.00 0.00 2.20 325.32
8496 13.43 0.00 0.00 1.50 321.73
8497 12.94 0.00 0.00 1.30 323.87
8498 12.45 0.00 0.00 1.10 320.15
8499 11.95 0.00 0.00 1.90 318.91
8500 11.70 0.00 0.00 1.60 318.56
8501 11.45 0.00 0.00 2.40 316.34
8502 11.27 0.00 0.00 2.40 314.96
8503 11.10 1.23 0.00 1.20 308.11
8504 12.62 56.16 49.61 1.90 310.10
8505 14.10 165.66 82.33 2.10 308.02
8506 15.58 275.07 120.27 3.31 307.36
8507 17.04 381.99 217.57 3.61 300.86
8508 18.68 522.91 543.87 3.61 294.19
8509 19.75 530.60 628.73 4.71 291.14
8510 20.41 503.38 737.79 4.51 290.06
8511 20.60 410.02 786.40 3.81 286.43
8512 20.03 241.78 748.71 2.40 286.27
8513 18.78 59.22 345.12 1.30 291.28
8514 18.01 0.00 0.00 2.40 297.08
8515 17.24 0.00 0.00 2.10 296.16
8516 16.48 0.00 0.00 2.10 298.24
8517 15.71 0.00 0.00 1.30 298.94
8518 14.94 0.00 0.00 1.60 297.04
8519 14.17 0.00 0.00 3.11 291.54
8520 13.40 0.00 0.00 3.81 293.39
8521 12.68 0.00 0.00 4.21 293.80
8522 11.89 0.00 0.00 3.61 295.62
8523 11.10 0.00 0.00 2.20 296.50
8524 10.67 0.00 0.00 3.61 294.72
8525 10.24 0.00 0.00 3.61 296.22
8526 9.94 0.00 0.00 3.31 298.14
8527 9.63 1.17 0.00 2.20 298.65
8528 11.69 84.30 366.97 2.81 303.01
8529 13.76 253.06 612.61 3.31 300.65
8530 15.70 407.82 727.49 2.10 301.80
8531 17.34 517.88 766.11 1.80 295.97
8532 18.56 569.77 767.85 2.10 294.25
8533 19.35 571.51 801.71 1.90 295.23
8534 19.67 508.26 807.88 1.60 296.68
8535 19.40 378.65 726.59 2.40 298.96
8536 18.39 213.60 560.95 2.81 301.87
8537 16.85 45.06 155.16 2.40 312.49
8538 16.23 0.00 0.00 2.20 318.28
8539 15.60 0.00 0.00 2.61 315.90
8540 14.98 0.00 0.00 2.81 313.60
8541 14.36 0.00 0.00 3.61 314.55
8542 13.74 0.00 0.00 2.40 316.40
8543 13.12 0.00 0.00 2.20 312.43
8544 12.49 0.00 0.00 1.90 310.05
8545 12.16 0.00 0.00 2.61 302.60
8546 11.81 0.00 0.00 1.80 302.00
8547 11.45 0.00 0.00 2.61 299.86
8548 11.27 0.00 0.00 2.20 303.10
8549 11.08 0.00 0.00 1.50 308.47
8550 10.95 0.00 0.00 1.20 308.95
8551 10.83 0.99 0.00 0.60 309.86
8552 12.72 69.22 219.87 1.30 313.86
8553 14.41 192.69 218.93 1.80 314.72
8554 16.89 402.60 601.33 2.20 306.40
8555 18.91 515.99 709.76 2.10 300.00
8556 19.78 467.50 357.63 3.11 307.12
8557 20.38 469.89 412.94 2.20 303.82
8558 20.73 450.68 531.68 3.31 302.52
8559 20.67 360.20 612.96 3.31 304.60
8560 19.85 203.38 507.59 2.61 311.33
8561 18.47 43.64 133.65 3.11 319.93
8562 17.85 0.00 0.00 2.40 322.94
8563 17.22 0.00 0.00 2.40 320.70
8564 16.60 0.00 0.00 2.61 319.52
8565 15.97 0.00 0.00 3.31 318.61
8566 15.35 0.00 0.00 1.60 314.85
8567 14.73 0.00 0.00 1.80 312.34
8568 14.10 0.00 0.00 1.80 309.99
8569 13.55 0.00 0.00 1.10 311.74
8570 12.96 0.00 0.00 0.60 313.87
8571 12.36 0.00 0.00 1.30 313.74
8572 12.05 0.00 0.00 1.80 310.57
8573 11.73 0.00 0.00 1.90 309.85
8574 11.50 0.00 0.00 1.90 310.79
8575 11.28 1.06 0.00 2.81 308.10
8576 13.43 89.26 385.84 3.61 310.57
8577 15.56 266.96 663.13 3.61 309.13
8578 17.67 440.79 821.16 4.01 308.23
8579 19.48 568.44 792.51 2.20 301.61
8580 19.81 429.19 287.73 3.11 317.24
8581 19.61 326.66 97.00 2.81 326.76
8582 18.76 218.00 24.67 2.20 335.53
8583 18.54 300.85 281.92 2.20 326.92
8584 18.05 232.67 567.59 4.01 323.16
8585 16.94 62.02 326.97 4.51 327.61
8586 16.42 0.00 0.00 5.21 332.17
8587 15.89 0.00 0.00 3.31 330.58
8588 15.37 0.00 0.00 2.10 328.77
8589 14.85 0.00 0.00 1.80 328.58
8590 14.33 0.00 0.00 3.81 331.66
8591 13.81 0.00 0.00 2.61 332.44
8592 13.29 0.00 0.00 3.61 335.38
8593 12.94 0.00 0.00 3.81 334.90
8594 12.63 0.00 0.00 3.81 335.33
8595 12.31 0.00 0.00 3.81 332.51
8596 12.16 0.00 0.00 3.31 333.41
8597 12.01 0.00 0.00 2.81 332.75
8598 11.93 0.00 0.00 3.31 335.09
8599 11.84 0.70 0.00 5.21 335.43
8600 12.84 41.51 0.00 4.71 338.35
8601 14.23 157.80 102.24 4.91 330.57
8602 15.90 308.98 263.25 4.21 324.58
8603 17.93 508.98 587.90 5.21 317.55
8604 18.48 366.23 156.31 4.51 333.06
8605 19.44 513.07 492.85 5.21 322.23
8606 19.03 240.75 41.44 5.61 337.88
8607 18.08 109.95 0.00 4.51 343.95
8608 17.36 114.45 41.14 4.91 331.35
8609 16.49 38.23 61.54 4.01 326.34
8610 16.09 0.00 0.00 3.81 325.30
8611 15.69 0.00 0.00 1.90 324.30
8612 15.28 0.00 0.00 1.80 323.76
8613 14.88 0.00 0.00 1.30 326.31
8614 14.48 0.00 0.00 1.80 327.28
8615 14.07 0.00 0.00 1.30 321.18
8616 13.67 0.00 0.00 1.30 322.52
8617 13.16 0.00 0.00 2.10 323.41
8618 12.62 0.00 0.00 2.40 322.72
8619 12.09 0.00 0.00 2.81 320.68
8620 11.81 0.00 0.00 3.31 318.77
8621 11.53 0.00 0.00 3.61 317.79
8622 11.34 0.00 0.00 4.91 319.38
8623 11.15 0.61 0.00 5.21 315.71
8624 12.12 39.20 0.00 4.51 322.32
8625 11.97 29.28 0.00 4.21 331.19
8626 14.01 278.83 192.67 3.81 315.53
8627 13.54 44.29 0.00 3.11 341.43
8628 14.27 247.04 56.58 3.11 328.51
8629 16.01 545.70 561.18 2.61 310.12
8630 17.15 520.17 666.00 3.31 309.50
8631 16.97 213.98 77.33 3.11 330.82
8632 16.68 182.28 307.44 3.61 325.63
8633 15.82 39.04 65.86 3.81 333.18
8634 15.37 0.00 0.00 4.01 332.51
8635 14.92 0.00 0.00 3.61 333.96
8636 14.47 0.00 0.00 3.81 333.59
8637 14.02 0.00 0.00 4.01 331.96
8638 13.58 0.00 0.00 4.21 329.37
8639 13.13 0.00 0.00 3.61 325.72
8640 12.68 0.00 0.00 2.61 323.83
8641 12.32 0.00 0.00 1.50 322.58
8642 12.00 0.00 0.00 1.00 324.24
8643 11.67 0.00 0.00 1.30 322.59
8644 11.52 0.00 0.00 0.80 323.95
8645 11.37 0.00 0.00 0.60 323.76
8646 11.28 0.00 0.00 0.60 322.93
8647 11.19 0.82 0.00 0.30 320.25
8648 13.16 80.04 293.69 0.40 325.04
8649 15.19 245.14 557.58 0.40 321.76
8650 17.22 410.68 719.77 0.40 322.36
8651 19.00 534.04 808.10 0.30 315.70
8652 20.30 596.97 846.69 0.30 316.31
8653 21.16 592.30 844.66 0.40 318.15
8654 21.55 520.52 578.68 0.80 319.29
8655 19.64 28.86 0.00 0.90 356.30
8656 19.02 221.13 400.25 1.00 322.05
8657 17.62 13.94 0.00 0.70 348.45
8658 17.22 0.00 0.00 1.30 350.11
8659 16.83 0.00 0.00 1.60 345.73
8660 16.43 0.00 0.00 1.30 345.82
8661 16.03 0.00 0.00 1.90 343.90
8662 15.63 0.00 0.00 2.81 336.44
8663 15.23 0.00 0.00 2.61 332.31
8664 14.83 0.00 0.00 3.61 328.14
8665 14.30 0.00 0.00 2.40 326.16
8666 13.74 0.00 0.00 3.81 325.43
8667 13.17 0.00 0.00 4.91 326.93
8668 12.87 0.00 0.00 4.21 323.19
8669 12.57 0.00 0.00 4.01 321.25
8670 12.36 0.00 0.00 4.71 316.88
8671 12.14 0.62 0.00 4.51 313.45
8672 13.76 63.09 177.43 4.71 313.36
8673 16.03 237.87 507.47 5.21 309.65
8674 18.18 400.67 669.45 4.91 308.13
8675 19.55 447.18 418.89 5.91 310.48
8676 20.28 449.91 325.46 6.21 318.05
8677 20.64 415.39 246.61 4.91 322.05
8678 20.99 444.17 443.40 2.61 321.25
8679 20.73 310.71 321.19 3.11 324.75
8680 20.09 217.07 440.15 2.20 324.38
8681 18.91 60.73 230.73 0.90 333.22
8682 18.22 0.00 0.00 0.40 336.64
8683 17.53 0.00 0.00 0.40 337.22
8684 16.84 0.00 0.00 0.20 339.45
8685 16.14 0.00 0.00 0.10 341.54
8686 15.45 0.00 0.00 0.00 343.07
8687 14.76 0.00 0.00 0.10 339.55
8688 14.07 0.00 0.00 0.10 337.61
8689 13.54 0.00 0.00 0.10 334.05
8690 13.00 0.00 0.00 0.40 335.82
8691 12.46 0.00 0.00 0.40 331.26
8692 12.18 0.00 0.00 0.20 328.73
8693 11.90 0.00 0.00 0.20 327.33
8694 11.70 0.00 0.00 0.30 329.13
8695 11.51 0.00 0.00 0.30 325.14
8696 12.87 52.27 50.15 0.90 327.30
8697 14.59 183.28 196.96 1.30 325.37
8698 16.67 355.35 471.32 1.90 319.62
8699 18.47 472.20 583.18 1.50 314.09
8700 19.70 511.78 523.00 1.20 314.18
8701 20.53 517.35 556.94 1.80 313.24
8702 21.06 501.47 698.06 2.81 310.33
8703 20.95 353.10 546.60 1.80 314.93
8704 20.18 210.20 440.46 1.20 316.89
8705 18.90 53.76 199.57 1.20 322.05
8706 18.16 0.00 0.00 0.90 331.39
8707 17.42 0.00 0.00 0.50 328.04
8708 16.67 0.00 0.00 0.60 326.74
8709 15.93 0.00 0.00 0.30 325.68
8710 15.19 0.00 0.00 0.30 323.89
8711 14.45 0.00 0.00 0.20 318.28
8712 13.70 0.00 0.00 0.50 318.28
8713 13.04 0.00 0.00 0.70 319.04
8714 12.35 0.00 0.00 0.70 314.99
8715 11.67 0.00 0.00 1.00 311.16
8716 11.31 0.00 0.00 0.80 309.94
8717 10.95 0.00 0.00 1.60 311.93
8718 10.71 0.00 0.00 1.60 312.44
8719 10.46 0.00 0.00 1.20 313.08
8720 11.62 45.20 20.36 1.30 317.11
8721 12.78 135.32 51.13 2.61 322.17
8722 14.76 319.25 301.56 2.40 312.99
8723 15.79 328.87 137.79 2.81 313.01
8724 17.63 561.78 591.36 4.91 301.70
8725 19.11 622.97 857.68 6.21 295.42
8726 19.83 550.72 910.34 5.21 297.65
8727 19.96 417.16 821.70 4.91 302.00
8728 19.36 241.29 653.66 4.91 306.19
8729 18.05 69.73 375.87 3.31 311.07
8730 17.25 0.00 0.00 4.71 318.22
8731 16.46 0.00 0.00 4.51 317.53
8732 15.66 0.00 0.00 4.51 311.15
8733 14.87 0.00 0.00 3.61 311.00
8734 14.08 0.00 0.00 3.11 312.08
8735 13.28 0.00 0.00 3.11 309.39
8736 12.49 0.00 0.00 3.61 306.78
8737 11.80 0.00 0.00 3.11 310.15
8738 11.11 0.00 0.00 2.61 309.95
8739 10.42 0.00 0.00 2.61 306.23
8740 10.08 0.00 0.00 1.50 303.76
8741 9.74 0.00 0.00 1.80 302.92
8742 9.51 0.00 0.00 2.40 302.95
8743 9.28 0.00 0.00 1.50 304.72
8744 10.89 62.26 162.64 2.20 306.53
8745 12.72 203.82 352.21 1.30 304.02
8746 14.26 312.98 281.63 1.30 305.42
8747 16.24 499.82 556.45 2.20 292.28
8748 16.93 403.68 212.20 1.30 301.69
8749 17.68 468.37 359.23 3.11 297.00
8750 18.39 518.46 698.72 4.91 293.01
8751 18.51 390.62 673.68 4.91 293.47
8752 17.87 224.35 504.24 3.11 297.36
8753 16.65 65.25 253.70 2.10 307.24
8754 15.40 0.00 0.00 2.61 310.53
8755 14.16 0.00 0.00 1.20 307.98
8756 12.91 0.00 0.00 0.90 307.68
8757 11.66 0.00 0.00 0.90 305.31
8758 10.41 0.00 0.00 1.30 304.74
8759 9.16 0.00 0.00 1.00 301.98
8760 7.91 0.00 0.00 2.81 301.79
