# Location:	Hot/Abu Dhabi Airport, Year: 2021-2040, Longitude: -54.650, STD Longitude: -55, Latitude: 24.430	
# NB: The longitudes are defined negative for values to the east and positive to the west.
TIME ta Ghoris Gbn w10 EL
1 16.91 0.00 0.00 3.00 350.47
2 15.98 0.00 0.00 2.80 347.64
3 15.05 0.00 0.00 3.20 348.23
4 14.55 0.00 0.00 2.50 346.12
5 14.06 0.00 0.00 2.30 343.38
6 13.71 0.00 0.00 2.10 341.40
7 13.36 0.00 0.00 2.30 342.38
8 14.33 42.60 122.66 2.60 340.37
9 16.24 207.29 484.02 1.80 336.06
10 18.30 389.93 626.07 1.80 333.00
11 20.17 534.53 699.93 1.70 327.19
12 21.68 621.21 703.84 2.80 329.24
13 22.87 670.87 770.54 3.30 329.27
14 23.59 637.98 752.71 3.70 327.83
15 23.65 484.15 563.80 4.20 334.04
16 23.09 337.37 493.54 4.00 333.31
17 21.86 148.15 243.52 4.20 339.21
18 20.38 23.72 0.00 4.70 339.69
19 19.54 0.00 0.00 4.00 344.57
20 18.69 0.00 0.00 3.00 340.90
21 17.85 0.00 0.00 3.00 339.94
22 17.01 0.00 0.00 3.30 339.63
23 16.17 0.00 0.00 3.70 341.05
24 15.33 0.00 0.00 3.00 342.38
25 14.74 0.00 0.00 4.20 341.70
26 14.13 0.00 0.00 5.40 339.58
27 13.52 0.00 0.00 5.40 336.89
28 13.22 0.00 0.00 6.00 334.74
29 12.91 0.00 0.00 6.00 333.36
30 12.70 0.00 0.00 4.40 331.35
31 12.49 0.00 0.00 4.00 329.69
32 13.41 35.79 33.13 3.20 334.20
33 14.92 153.31 117.46 5.70 337.58
34 16.79 310.96 288.03 5.70 334.60
35 18.79 476.71 429.31 5.40 327.82
36 21.03 675.18 779.44 6.90 320.59
37 22.64 705.99 789.28 6.30 318.91
38 23.20 545.88 428.78 7.20 328.36
39 23.64 552.80 737.14 5.40 322.53
40 23.33 372.64 679.66 4.70 327.42
41 22.28 189.65 487.74 6.00 330.66
42 20.77 32.03 87.04 4.90 329.99
43 19.87 0.00 0.00 3.00 333.83
44 18.96 0.00 0.00 2.80 328.38
45 18.05 0.00 0.00 3.00 324.91
46 17.15 0.00 0.00 3.50 325.36
47 16.24 0.00 0.00 3.00 328.32
48 15.33 0.00 0.00 4.40 329.58
49 14.48 0.00 0.00 4.70 330.91
50 13.57 0.00 0.00 4.20 332.99
51 12.66 0.00 0.00 4.90 336.68
52 12.18 0.00 0.00 3.20 334.66
53 11.69 0.00 0.00 2.50 332.21
54 11.35 0.00 0.00 2.00 328.68
55 11.01 0.00 0.00 2.60 330.21
56 11.96 39.74 56.52 2.00 332.30
57 13.75 186.15 350.37 2.00 333.12
58 15.81 365.00 496.80 2.30 328.18
59 17.29 440.61 325.67 2.00 329.33
60 19.30 665.61 756.67 2.30 318.91
61 20.64 671.60 764.08 2.80 318.92
62 21.37 613.83 692.32 3.00 322.78
63 21.58 509.27 658.78 2.80 327.72
64 21.26 382.71 723.27 3.30 325.05
65 20.20 197.35 542.00 4.00 330.95
66 18.69 34.15 109.59 4.70 331.65
67 17.89 0.00 0.00 3.30 333.59
68 17.09 0.00 0.00 2.50 334.17
69 16.29 0.00 0.00 2.40 332.93
70 15.50 0.00 0.00 3.70 332.21
71 14.70 0.00 0.00 3.70 328.58
72 13.90 0.00 0.00 5.40 327.31
73 13.35 0.00 0.00 4.90 324.87
74 12.76 0.00 0.00 5.70 322.05
75 12.18 0.00 0.00 6.30 321.90
76 11.87 0.00 0.00 9.10 321.39
77 11.56 0.00 0.00 6.90 317.41
78 11.34 0.00 0.00 4.90 316.85
79 11.12 0.00 0.00 4.70 317.71
80 12.19 42.31 125.05 3.70 325.71
81 14.47 218.46 453.11 3.70 320.23
82 16.90 412.81 754.12 4.40 317.68
83 19.06 558.97 794.25 6.00 315.37
84 20.83 652.77 811.33 5.20 319.43
85 22.17 691.57 826.90 5.20 322.33
86 23.04 672.15 878.33 5.20 321.09
87 23.30 551.70 816.76 4.00 324.18
88 22.83 387.18 734.92 4.70 330.77
89 21.56 189.11 497.64 4.00 335.31
90 19.86 28.11 25.31 2.10 334.41
91 19.24 0.00 0.00 1.80 340.94
92 18.61 0.00 0.00 1.70 340.65
93 17.98 0.00 0.00 2.10 342.03
94 17.36 0.00 0.00 2.10 341.98
95 16.73 0.00 0.00 1.00 342.71
96 16.11 0.00 0.00 1.50 345.03
97 15.63 0.00 0.00 2.40 346.97
98 15.12 0.00 0.00 2.10 351.26
99 14.61 0.00 0.00 3.00 348.79
100 14.34 0.00 0.00 3.50 348.22
101 14.08 0.00 0.00 3.50 351.62
102 13.88 0.00 0.00 4.00 351.65
103 13.69 0.00 0.00 2.80 351.67
104 14.40 28.85 0.00 2.80 354.38
105 16.11 165.84 192.11 4.00 342.31
106 17.51 265.71 148.92 4.90 348.79
107 20.01 551.92 617.51 6.30 335.21
108 20.91 435.34 179.11 6.00 350.39
109 21.58 454.49 164.02 4.70 348.87
110 22.17 490.63 300.29 3.70 345.59
111 22.39 419.80 290.79 3.50 345.09
112 21.71 216.65 77.89 3.30 354.84
113 20.92 161.28 244.42 2.60 348.07
114 19.77 35.18 97.17 3.00 348.38
115 19.31 0.00 0.00 2.80 352.17
116 18.85 0.00 0.00 1.70 355.74
117 18.38 0.00 0.00 2.40 353.74
118 17.92 0.00 0.00 2.10 355.26
119 17.46 0.00 0.00 1.80 354.01
120 17.00 0.00 0.00 2.60 351.29
121 16.67 0.00 0.00 2.50 350.96
122 16.35 0.00 0.00 2.40 350.97
123 16.02 0.00 0.00 3.30 346.53
124 15.85 0.00 0.00 4.00 342.23
125 15.69 0.00 0.00 3.30 341.06
126 15.58 0.00 0.00 4.00 344.39
127 15.47 0.00 0.00 4.70 341.25
128 16.62 42.85 91.44 4.90 344.60
129 18.70 196.50 320.39 4.70 343.97
130 20.90 364.36 502.48 4.90 344.30
131 22.62 455.52 381.03 4.90 339.10
132 24.34 584.42 572.99 3.70 339.65
133 25.61 609.88 556.08 3.30 339.63
134 26.07 552.85 453.06 3.70 342.23
135 26.08 404.36 193.41 3.50 350.18
136 25.83 309.84 336.67 2.80 348.26
137 24.81 170.08 302.46 2.50 349.14
138 23.39 31.51 53.24 1.30 350.35
139 22.70 0.00 0.00 1.30 353.90
140 22.01 0.00 0.00 0.80 351.13
141 21.31 0.00 0.00 1.50 350.53
142 20.62 0.00 0.00 1.30 349.09
143 19.93 0.00 0.00 0.80 346.84
144 19.23 0.00 0.00 0.50 343.80
145 18.55 0.00 0.00 0.80 342.14
146 17.82 0.00 0.00 0.50 338.70
147 17.09 0.00 0.00 1.10 338.87
148 16.69 0.00 0.00 1.10 339.55
149 16.30 0.00 0.00 1.30 340.43
150 16.02 0.00 0.00 1.00 341.24
151 15.74 0.00 0.00 1.90 343.32
152 16.52 33.14 20.64 2.00 346.60
153 17.73 132.56 83.40 1.50 349.61
154 20.18 378.57 474.36 1.50 337.16
155 21.58 410.51 257.45 2.50 340.43
156 22.38 407.05 124.62 3.00 344.74
157 23.19 477.07 194.07 3.30 343.12
158 23.56 424.04 165.85 3.20 347.75
159 24.10 509.66 570.00 4.00 337.00
160 24.11 370.84 570.61 3.30 346.19
161 23.28 170.04 312.83 4.00 351.18
162 22.07 34.80 98.73 2.30 351.34
163 21.31 0.00 0.00 1.90 351.89
164 20.55 0.00 0.00 2.10 349.38
165 19.79 0.00 0.00 2.40 347.53
166 19.03 0.00 0.00 0.90 345.90
167 18.27 0.00 0.00 1.10 342.94
168 17.51 0.00 0.00 1.10 340.81
169 16.98 0.00 0.00 1.90 336.72
170 16.43 0.00 0.00 1.70 330.80
171 15.88 0.00 0.00 1.50 328.33
172 15.60 0.00 0.00 1.50 328.75
173 15.32 0.00 0.00 1.10 329.22
174 15.13 0.00 0.00 0.90 327.41
175 14.93 0.00 0.00 0.70 329.05
176 15.99 40.91 121.79 1.10 335.27
177 18.00 194.15 408.90 1.30 341.11
178 20.35 386.83 601.76 2.10 336.83
179 22.70 566.11 756.45 2.30 332.02
180 24.50 640.17 730.00 1.50 334.77
181 25.65 632.26 629.93 1.90 338.38
182 26.12 598.76 614.91 2.60 338.10
183 26.34 518.63 662.97 3.00 338.90
184 26.01 374.39 614.29 4.40 341.25
185 25.11 196.43 478.96 4.40 346.44
186 23.53 32.26 50.41 4.20 347.05
187 22.65 0.00 0.00 2.80 346.07
188 21.77 0.00 0.00 3.00 344.58
189 20.89 0.00 0.00 3.00 345.96
190 20.01 0.00 0.00 4.40 345.97
191 19.12 0.00 0.00 6.30 341.59
192 18.24 0.00 0.00 9.10 338.43
193 17.44 0.00 0.00 10.30 336.95
194 16.56 0.00 0.00 7.60 334.77
195 15.68 0.00 0.00 8.20 330.52
196 15.20 0.00 0.00 7.60 331.66
197 14.73 0.00 0.00 7.60 328.34
198 14.38 0.00 0.00 5.20 329.10
199 14.04 0.00 0.00 4.20 328.55
200 15.16 49.95 224.20 4.40 329.07
201 17.26 232.55 607.73 4.70 333.94
202 19.55 439.80 805.57 7.20 335.50
203 21.65 605.73 795.91 5.70 329.10
204 22.68 563.39 435.60 5.70 339.04
205 23.54 613.85 547.79 6.00 338.43
206 23.72 491.08 272.38 6.30 344.71
207 23.82 485.75 495.34 5.40 341.14
208 23.28 331.60 337.83 7.60 343.49
209 21.84 86.74 0.00 5.70 361.59
210 20.42 23.10 0.00 9.70 362.82
211 19.78 0.00 0.00 8.20 365.64
212 19.15 0.00 0.00 5.40 364.82
213 18.52 0.00 0.00 7.60 363.12
214 17.88 0.00 0.00 6.90 362.02
215 17.25 0.00 0.00 6.60 355.38
216 16.62 0.00 0.00 6.30 350.02
217 16.30 0.00 0.00 5.20 346.60
218 15.99 0.00 0.00 6.60 343.33
219 15.68 0.00 0.00 10.30 345.35
220 15.54 0.00 0.00 9.70 343.55
221 15.39 0.00 0.00 6.90 340.97
222 15.30 0.00 0.00 5.70 335.78
223 15.20 0.00 0.00 6.30 337.19
224 16.28 37.37 68.73 6.60 339.22
225 17.75 139.83 96.47 3.70 345.98
226 20.04 329.69 320.30 2.50 340.94
227 22.22 474.53 409.07 3.20 331.41
228 23.43 455.51 204.93 3.50 339.19
229 25.14 644.66 602.86 4.20 332.30
230 26.23 673.58 803.96 4.00 329.27
231 26.85 591.18 884.52 4.40 329.97
232 26.95 452.99 915.56 3.70 330.19
233 26.20 237.24 722.41 6.60 334.70
234 24.88 45.87 162.40 6.30 337.21
235 24.01 0.00 0.00 4.70 342.28
236 23.15 0.00 0.00 4.70 345.39
237 22.28 0.00 0.00 5.70 343.16
238 21.42 0.00 0.00 5.40 343.56
239 20.55 0.00 0.00 6.60 339.57
240 19.69 0.00 0.00 6.30 344.03
241 18.76 0.00 0.00 8.20 341.18
242 17.77 0.00 0.00 7.60 340.87
243 16.79 0.00 0.00 8.60 337.89
244 16.26 0.00 0.00 5.40 339.11
245 15.74 0.00 0.00 3.20 341.06
246 15.36 0.00 0.00 2.80 340.37
247 14.99 0.00 0.00 2.60 342.38
248 15.95 40.76 84.43 2.80 345.34
249 16.98 127.76 68.80 4.20 347.57
250 19.02 335.49 314.86 4.40 339.35
251 20.08 347.71 131.40 6.90 347.40
252 21.42 492.52 272.83 6.30 345.13
253 22.83 622.19 534.85 7.60 336.72
254 24.28 751.10 852.58 5.40 325.71
255 24.82 579.89 804.28 4.90 333.04
256 24.89 458.48 878.39 3.70 333.25
257 24.07 241.43 725.00 4.00 336.77
258 22.65 49.04 188.53 3.50 334.91
259 21.74 0.00 0.00 3.50 340.87
260 20.84 0.00 0.00 3.50 340.55
261 19.93 0.00 0.00 4.40 335.95
262 19.03 0.00 0.00 4.20 333.61
263 18.12 0.00 0.00 4.20 330.08
264 17.22 0.00 0.00 4.00 326.29
265 16.59 0.00 0.00 3.00 329.57
266 15.95 0.00 0.00 2.80 325.92
267 15.32 0.00 0.00 3.20 324.87
268 15.01 0.00 0.00 4.70 326.05
269 14.69 0.00 0.00 3.20 326.66
270 14.48 0.00 0.00 3.50 330.00
271 14.27 0.00 0.00 2.00 329.63
272 15.33 50.35 229.88 2.50 329.51
273 17.29 236.03 632.14 3.30 337.09
274 19.43 446.56 829.90 3.20 334.79
275 21.41 619.86 937.13 3.70 327.44
276 23.07 731.00 833.12 4.90 324.62
277 23.49 535.51 277.83 4.20 339.98
278 23.99 603.73 532.33 4.70 334.05
279 23.17 277.28 111.47 4.40 352.55
280 21.56 34.76 0.00 3.70 371.11
281 20.22 18.23 0.00 3.70 370.52
282 19.17 34.75 69.81 3.70 364.99
283 18.79 0.00 0.00 3.30 366.81
284 18.41 0.00 0.00 4.20 367.07
285 18.03 0.00 0.00 3.20 364.72
286 17.64 0.00 0.00 4.00 360.54
287 17.26 0.00 0.00 4.70 359.31
288 16.88 0.00 0.00 4.20 356.90
289 16.49 0.00 0.00 3.30 355.52
290 16.12 0.00 0.00 4.90 350.82
291 15.74 0.00 0.00 4.70 349.96
292 15.55 0.00 0.00 4.40 349.56
293 15.37 0.00 0.00 2.80 344.98
294 15.24 0.00 0.00 2.10 342.85
295 15.12 0.00 0.00 3.00 342.91
296 16.26 41.67 122.56 2.50 340.42
297 18.46 202.43 460.99 2.50 341.32
298 20.98 398.35 657.22 3.70 340.69
299 23.22 542.61 697.80 3.50 333.86
300 25.07 633.29 693.81 2.60 335.20
301 26.29 685.66 748.80 1.70 333.84
302 27.05 644.54 738.31 1.80 336.07
303 27.35 548.40 730.02 1.90 333.31
304 27.03 389.35 624.16 1.80 339.59
305 26.03 202.99 480.21 1.10 345.39
306 24.60 38.98 101.50 1.10 342.72
307 23.72 0.00 0.00 1.40 347.23
308 22.84 0.00 0.00 1.70 344.06
309 21.96 0.00 0.00 1.50 343.60
310 21.09 0.00 0.00 1.50 343.45
311 20.21 0.00 0.00 1.10 345.53
312 19.33 0.00 0.00 0.80 344.46
313 18.43 0.00 0.00 0.40 343.74
314 17.47 0.00 0.00 0.40 340.29
315 16.51 0.00 0.00 0.40 336.67
316 16.00 0.00 0.00 0.80 334.45
317 15.50 0.00 0.00 1.30 336.56
318 15.14 0.00 0.00 1.30 334.25
319 14.78 0.00 0.00 0.40 333.49
320 15.65 38.58 58.85 0.60 338.42
321 17.24 175.78 285.59 1.00 339.56
322 18.82 310.99 234.43 1.30 341.83
323 20.93 535.38 581.81 1.70 329.68
324 22.54 610.34 599.13 1.50 329.35
325 23.48 584.04 415.13 1.30 339.29
326 24.25 615.61 616.73 1.70 340.91
327 24.56 532.76 667.50 1.50 339.27
328 24.22 362.73 434.99 1.40 342.17
329 23.09 158.06 162.46 1.00 350.03
330 21.70 34.62 32.63 1.50 349.11
331 20.80 0.00 0.00 1.70 350.19
332 19.91 0.00 0.00 2.80 351.98
333 19.01 0.00 0.00 2.50 350.16
334 18.11 0.00 0.00 2.10 349.09
335 17.21 0.00 0.00 1.70 347.69
336 16.32 0.00 0.00 1.40 344.19
337 15.67 0.00 0.00 1.90 340.67
338 14.98 0.00 0.00 1.40 337.71
339 14.28 0.00 0.00 1.80 336.68
340 13.91 0.00 0.00 2.10 334.88
341 13.54 0.00 0.00 2.40 329.32
342 13.28 0.00 0.00 3.00 325.80
343 13.01 0.00 0.00 3.30 321.99
344 13.99 38.89 53.72 4.00 321.65
345 15.82 180.92 317.70 4.00 329.40
346 18.07 370.65 500.83 4.70 327.49
347 19.88 477.83 438.05 4.90 323.56
348 21.37 556.84 417.29 5.70 325.28
349 22.46 583.53 408.54 7.20 324.53
350 23.46 644.12 638.53 6.90 322.51
351 24.00 585.05 822.31 9.70 324.48
352 23.90 419.86 711.52 8.60 327.90
353 22.92 221.44 515.89 5.40 332.15
354 21.40 48.54 199.01 4.70 338.74
355 20.63 0.00 0.00 4.90 340.80
356 19.86 0.00 0.00 4.00 342.15
357 19.09 0.00 0.00 4.90 340.79
358 18.31 0.00 0.00 4.00 339.97
359 17.54 0.00 0.00 4.90 342.64
360 16.77 0.00 0.00 4.40 341.18
361 16.21 0.00 0.00 4.70 337.69
362 15.61 0.00 0.00 3.50 334.72
363 15.01 0.00 0.00 3.20 329.33
364 14.69 0.00 0.00 2.30 327.44
365 14.37 0.00 0.00 2.40 332.18
366 14.15 0.00 0.00 2.40 333.04
367 13.93 0.00 0.00 3.00 334.07
368 14.82 35.47 47.77 2.60 338.13
369 15.69 104.52 9.16 2.60 348.33
370 16.77 196.79 17.68 4.20 345.60
371 18.38 363.27 148.94 4.40 336.87
372 20.09 508.10 279.20 4.90 331.02
373 22.15 722.74 722.59 4.90 323.67
374 23.13 593.03 502.69 6.90 331.15
375 23.82 580.08 717.75 10.90 326.26
376 23.72 375.77 465.19 6.90 335.24
377 22.72 167.90 186.99 7.60 343.40
378 21.34 33.73 27.44 5.20 346.73
379 20.92 0.00 0.00 4.20 353.83
380 20.50 0.00 0.00 4.00 352.67
381 20.07 0.00 0.00 3.20 349.23
382 19.65 0.00 0.00 3.00 346.15
383 19.23 0.00 0.00 3.20 346.54
384 18.81 0.00 0.00 3.00 342.10
385 18.53 0.00 0.00 4.00 342.02
386 18.29 0.00 0.00 3.30 346.77
387 18.05 0.00 0.00 2.80 349.92
388 17.95 0.00 0.00 3.70 345.79
389 17.85 0.00 0.00 4.20 346.99
390 17.79 0.00 0.00 2.80 347.42
391 17.74 0.00 0.00 3.30 351.36
392 18.76 43.29 138.27 2.80 356.22
393 20.09 157.37 169.48 2.50 356.68
394 22.69 439.88 713.96 2.60 342.24
395 24.95 605.51 779.61 2.80 338.37
396 25.88 507.71 258.08 3.20 351.75
397 26.08 451.38 156.69 3.50 361.57
398 25.49 214.15 7.14 4.00 376.75
399 24.76 187.34 2.45 5.40 375.14
400 24.18 182.01 13.71 5.40 372.38
401 23.25 59.91 0.00 5.20 379.30
402 22.40 31.56 6.18 5.70 366.36
403 22.07 0.00 0.00 6.30 367.37
404 21.74 0.00 0.00 8.60 368.34
405 21.41 0.00 0.00 9.10 367.34
406 21.08 0.00 0.00 9.10 371.50
407 20.75 0.00 0.00 9.10 374.13
408 20.42 0.00 0.00 9.70 370.15
409 19.94 0.00 0.00 8.60 369.01
410 19.43 0.00 0.00 8.60 364.27
411 18.93 0.00 0.00 11.51 361.91
412 18.66 0.00 0.00 13.41 359.76
413 18.40 0.00 0.00 9.70 360.66
414 18.21 0.00 0.00 8.60 360.66
415 18.03 0.00 0.00 5.70 356.71
416 18.88 34.01 21.76 5.40 355.86
417 20.57 166.88 187.83 6.00 353.18
418 23.05 391.65 537.75 6.60 345.09
419 25.61 598.90 762.69 6.00 340.24
420 26.90 620.62 576.54 7.60 349.39
421 27.72 589.39 406.35 7.60 351.86
422 28.04 506.36 253.31 8.20 355.10
423 27.99 408.64 208.77 7.60 360.91
424 27.48 298.23 152.72 8.20 363.46
425 26.48 140.97 66.38 6.00 372.17
426 25.39 37.57 33.19 7.60 369.33
427 24.74 0.00 0.00 7.60 370.68
428 24.09 0.00 0.00 8.20 368.70
429 23.44 0.00 0.00 6.30 365.23
430 22.79 0.00 0.00 4.90 364.25
431 22.14 0.00 0.00 5.40 365.04
432 21.49 0.00 0.00 5.20 365.62
433 20.94 0.00 0.00 6.00 363.87
434 20.35 0.00 0.00 6.90 362.38
435 19.75 0.00 0.00 7.20 361.93
436 19.44 0.00 0.00 4.90 362.85
437 19.12 0.00 0.00 4.40 363.85
438 18.90 0.00 0.00 4.20 364.89
439 18.68 0.00 0.00 5.40 363.06
440 19.72 39.78 64.11 3.70 367.27
441 21.40 166.03 181.92 3.30 368.59
442 24.11 407.01 578.20 5.70 359.07
443 26.03 522.90 571.87 5.70 357.40
444 27.39 583.07 489.06 5.20 359.29
445 28.39 609.64 477.69 6.00 360.04
446 29.14 620.94 590.50 6.90 355.37
447 29.63 601.20 797.15 7.20 351.49
448 29.56 435.57 728.09 7.60 358.69
449 28.70 234.75 537.80 4.90 366.24
450 27.34 55.57 228.95 4.00 370.46
451 26.67 0.00 0.00 3.30 374.73
452 26.00 0.00 0.00 2.30 378.59
453 25.42 0.00 0.00 2.10 376.54
454 24.63 0.00 0.00 2.00 375.25
455 23.85 0.00 0.00 3.50 373.15
456 23.07 0.00 0.00 2.50 366.62
457 22.45 0.00 0.00 3.00 366.12
458 21.82 0.00 0.00 2.50 362.29
459 21.20 0.00 0.00 2.00 357.03
460 20.88 0.00 0.00 1.70 359.06
461 20.57 0.00 0.00 1.80 359.74
462 20.35 0.00 0.00 2.30 358.78
463 20.14 0.00 0.00 2.10 360.69
464 21.21 42.68 106.43 2.60 361.77
465 23.23 203.18 356.84 3.00 358.05
466 25.49 392.15 546.37 3.00 358.26
467 27.23 553.92 662.60 3.20 353.18
468 28.81 660.74 725.66 3.00 350.95
469 29.99 699.52 746.84 2.50 359.33
470 30.73 666.27 619.78 2.40 360.18
471 30.14 333.43 99.07 1.40 379.53
472 29.58 307.43 192.59 0.50 377.31
473 28.47 130.47 57.38 0.80 389.14
474 27.30 51.89 132.73 0.70 381.05
475 26.46 0.00 0.00 1.00 386.70
476 25.77 0.00 0.00 0.70 383.81
477 24.80 0.00 0.00 0.60 378.16
478 23.83 0.00 0.00 1.30 378.11
479 22.86 0.00 0.00 1.30 377.53
480 21.89 0.00 0.00 1.30 373.66
481 20.86 0.00 0.00 2.00 377.92
482 19.93 0.00 0.00 2.40 379.70
483 18.88 0.00 0.00 1.30 378.67
484 18.29 0.00 0.00 2.30 376.16
485 17.80 0.00 0.00 2.10 375.25
486 17.41 0.00 0.00 2.40 373.76
487 17.01 0.00 0.00 2.30 372.27
488 17.52 25.35 0.00 2.30 376.15
489 18.66 135.75 82.77 2.10 372.80
490 18.45 92.32 0.00 3.00 388.32
491 18.66 266.53 29.35 3.30 378.68
492 20.11 279.00 18.68 4.00 379.70
493 21.23 426.18 110.21 3.70 371.69
494 21.29 376.30 73.63 4.20 378.11
495 22.00 396.79 170.98 3.70 373.23
496 22.20 312.35 198.62 4.70 374.03
497 22.04 235.60 457.51 4.20 366.48
498 21.25 57.63 195.83 3.30 369.54
499 20.42 0.00 0.00 4.40 366.82
500 19.59 0.00 0.00 4.70 362.60
501 18.75 0.00 0.00 4.20 361.64
502 17.92 0.00 0.00 4.00 360.57
503 17.09 0.00 0.00 4.00 354.98
504 16.25 0.00 0.00 3.00 355.01
505 15.77 0.00 0.00 2.10 352.89
506 15.27 0.00 0.00 2.60 350.76
507 14.76 0.00 0.00 2.00 348.21
508 14.49 0.00 0.00 1.70 346.89
509 14.22 0.00 0.00 1.90 344.07
510 14.03 0.00 0.00 1.50 343.45
511 13.85 0.00 0.00 1.00 345.12
512 14.93 40.43 57.53 1.30 350.28
513 16.56 161.37 155.52 1.90 352.27
514 18.95 364.20 402.83 2.50 347.27
515 20.64 438.85 287.42 2.00 345.49
516 21.93 490.25 233.13 2.80 348.53
517 22.28 382.41 90.64 3.30 354.37
518 23.71 682.50 649.99 2.60 337.90
519 24.41 580.15 716.18 2.60 340.00
520 24.47 420.02 606.84 2.60 343.12
521 23.66 227.63 423.00 2.00 348.33
522 22.26 56.08 163.75 1.90 351.80
523 21.49 0.00 0.00 0.70 353.75
524 20.71 0.00 0.00 1.10 352.25
525 19.94 0.00 0.00 0.80 350.47
526 19.16 0.00 0.00 0.70 349.58
527 18.39 0.00 0.00 0.90 345.45
528 17.61 0.00 0.00 0.60 344.72
529 16.95 0.00 0.00 0.80 341.49
530 16.26 0.00 0.00 1.90 342.05
531 15.56 0.00 0.00 2.60 337.98
532 15.20 0.00 0.00 3.30 335.74
533 14.83 0.00 0.00 2.30 339.35
534 14.58 0.00 0.00 2.50 339.81
535 14.32 0.00 0.00 2.30 342.46
536 15.37 42.01 110.64 1.90 343.49
537 17.48 207.88 453.89 1.50 341.82
538 19.86 404.96 628.42 1.50 340.33
539 22.09 567.57 713.40 1.40 331.17
540 23.83 649.46 672.67 1.70 333.21
541 25.18 693.90 701.46 1.40 335.50
542 25.79 650.58 664.45 2.00 337.47
543 26.08 574.03 660.00 2.40 341.70
544 25.84 387.27 473.01 2.50 348.80
545 24.64 199.17 312.17 3.00 352.46
546 23.04 48.48 117.56 3.00 359.74
547 22.21 0.00 0.00 2.50 364.48
548 21.38 0.00 0.00 1.30 361.24
549 20.55 0.00 0.00 1.30 363.60
550 19.72 0.00 0.00 1.40 363.80
551 18.89 0.00 0.00 1.10 360.27
552 18.06 0.00 0.00 1.50 361.08
553 17.39 0.00 0.00 1.50 358.29
554 16.67 0.00 0.00 0.90 356.98
555 15.96 0.00 0.00 1.30 355.25
556 15.58 0.00 0.00 1.90 355.48
557 15.21 0.00 0.00 1.50 353.61
558 14.94 0.00 0.00 1.10 351.80
559 14.68 0.00 0.00 1.70 352.34
560 15.67 39.86 57.54 1.70 350.77
561 17.40 175.90 175.91 2.40 349.24
562 19.46 351.05 378.45 2.00 344.66
563 21.54 515.57 499.82 3.50 339.50
564 23.46 648.38 613.13 3.30 337.92
565 25.01 715.17 746.75 4.40 340.53
566 25.78 671.02 714.30 5.20 344.14
567 26.11 574.96 686.63 5.70 348.07
568 25.80 395.92 495.93 6.00 352.15
569 24.82 202.78 323.67 7.60 356.64
570 23.27 51.80 159.57 7.20 358.72
571 22.52 0.00 0.00 5.20 362.94
572 21.77 0.00 0.00 4.90 360.74
573 21.02 0.00 0.00 4.40 357.77
574 20.28 0.00 0.00 5.70 357.99
575 19.53 0.00 0.00 5.20 355.98
576 18.78 0.00 0.00 3.70 355.51
577 18.20 0.00 0.00 4.70 351.50
578 17.58 0.00 0.00 4.70 350.00
579 16.96 0.00 0.00 6.60 348.15
580 16.63 0.00 0.00 6.00 343.65
581 16.30 0.00 0.00 5.20 340.34
582 16.06 0.00 0.00 3.70 340.64
583 15.83 0.00 0.00 4.70 338.36
584 16.94 43.58 132.32 3.70 338.88
585 18.98 200.01 389.41 3.00 336.40
586 21.26 384.71 524.69 3.00 336.45
587 23.44 542.72 625.25 3.50 334.41
588 25.15 623.20 582.98 4.00 338.98
589 26.30 685.45 639.56 5.70 337.56
590 27.09 665.72 685.03 6.60 338.07
591 27.41 573.35 668.38 6.30 340.06
592 27.08 397.23 489.07 7.60 349.13
593 26.12 219.75 400.85 6.00 349.54
594 24.75 55.25 169.53 6.30 358.17
595 24.09 0.00 0.00 4.70 362.05
596 23.43 0.00 0.00 5.40 362.30
597 22.77 0.00 0.00 4.00 358.69
598 22.11 0.00 0.00 3.20 357.71
599 21.45 0.00 0.00 2.60 361.30
600 20.79 0.00 0.00 2.00 360.58
601 20.31 0.00 0.00 1.90 362.01
602 19.84 0.00 0.00 2.40 358.10
603 19.37 0.00 0.00 1.80 357.55
604 19.13 0.00 0.00 2.10 356.45
605 18.90 0.00 0.00 1.80 358.04
606 18.74 0.00 0.00 1.90 358.67
607 18.59 0.00 0.00 2.80 363.62
608 19.54 34.18 23.29 1.90 366.69
609 20.09 73.34 0.00 2.30 379.29
610 21.68 224.72 59.07 2.50 371.02
611 23.94 433.79 255.90 3.00 356.88
612 25.57 483.18 190.49 4.00 362.82
613 26.76 576.08 313.84 3.00 361.04
614 28.10 693.42 687.82 4.20 355.66
615 28.82 597.99 761.66 3.20 357.83
616 29.00 457.53 735.61 4.70 358.71
617 28.45 260.53 552.51 3.20 364.17
618 27.29 69.76 267.47 3.50 371.72
619 26.52 0.00 0.00 3.70 377.31
620 25.90 0.00 0.00 3.20 376.89
621 25.00 0.00 0.00 4.20 371.97
622 24.10 0.00 0.00 3.20 370.37
623 23.20 0.00 0.00 4.00 370.77
624 22.30 0.00 0.00 3.20 366.94
625 21.38 0.00 0.00 2.60 368.74
626 20.41 0.00 0.00 3.70 369.30
627 19.43 0.00 0.00 5.20 366.29
628 18.92 0.00 0.00 5.70 367.32
629 18.40 0.00 0.00 3.50 363.56
630 18.04 0.00 0.00 4.20 363.90
631 17.68 0.00 0.00 5.20 370.15
632 18.45 32.33 7.72 5.40 373.71
633 19.43 114.17 15.31 6.00 376.40
634 21.39 309.87 194.74 6.90 367.01
635 22.96 406.13 180.70 6.60 364.85
636 24.54 537.45 307.35 12.11 364.91
637 25.85 600.41 358.82 10.90 366.32
638 26.83 709.76 729.46 6.60 356.44
639 27.48 644.42 856.82 7.20 356.50
640 27.57 474.90 754.27 7.60 359.41
641 26.93 266.19 572.44 6.60 365.76
642 25.90 72.62 287.38 7.20 374.69
643 24.90 0.00 0.00 5.20 375.01
644 23.89 0.00 0.00 5.20 368.23
645 22.89 0.00 0.00 4.20 365.90
646 21.89 0.00 0.00 3.50 365.29
647 20.88 0.00 0.00 2.60 361.63
648 19.88 0.00 0.00 3.30 365.36
649 19.12 0.00 0.00 2.00 362.99
650 18.31 0.00 0.00 2.30 359.67
651 17.50 0.00 0.00 2.50 355.17
652 17.07 0.00 0.00 2.80 353.11
653 16.65 0.00 0.00 2.00 351.43
654 16.35 0.00 0.00 1.00 350.88
655 16.05 0.00 0.00 1.00 352.94
656 17.21 46.18 141.91 0.80 354.80
657 19.58 230.80 537.05 1.50 349.48
658 21.93 413.33 632.35 1.10 350.42
659 24.02 556.17 632.47 1.00 338.44
660 25.84 667.49 685.25 1.90 342.21
661 26.84 699.65 668.46 1.30 340.07
662 27.55 668.75 646.00 0.50 340.25
663 27.90 607.17 753.83 0.60 338.11
664 27.70 447.40 690.66 0.80 343.64
665 26.78 252.26 552.16 0.70 345.53
666 25.45 60.01 235.00 0.80 355.94
667 24.34 0.00 0.00 1.10 357.81
668 23.24 0.00 0.00 1.00 352.10
669 22.13 0.00 0.00 1.10 349.26
670 21.03 0.00 0.00 1.80 348.05
671 19.92 0.00 0.00 1.50 349.64
672 18.82 0.00 0.00 0.80 347.26
673 17.91 0.00 0.00 0.70 345.32
674 16.90 0.00 0.00 0.50 340.65
675 15.88 0.00 0.00 0.30 341.26
676 15.33 0.00 0.00 0.40 338.96
677 14.78 0.00 0.00 0.40 334.96
678 14.37 0.00 0.00 1.00 330.26
679 13.97 0.00 0.00 0.60 328.88
680 14.96 44.28 125.33 0.30 332.56
681 16.42 171.01 166.94 0.30 335.53
682 18.65 391.36 459.63 0.10 328.94
683 20.80 566.96 623.33 0.20 321.92
684 22.87 735.10 792.04 0.30 318.02
685 23.93 664.61 520.59 0.20 329.07
686 24.31 563.35 335.91 0.10 336.91
687 24.28 471.25 309.94 0.20 343.77
688 23.82 372.94 356.74 0.40 341.61
689 22.71 200.23 168.11 0.80 344.19
690 21.24 58.88 195.69 0.30 346.47
691 20.66 0.00 0.00 0.30 352.49
692 20.07 0.00 0.00 0.20 353.85
693 19.48 0.00 0.00 0.10 356.14
694 18.89 0.00 0.00 0.00 352.92
695 18.31 0.00 0.00 0.20 353.39
696 17.72 0.00 0.00 0.40 355.62
697 17.56 0.00 0.00 0.60 352.09
698 17.44 0.00 0.00 0.90 352.41
699 17.32 0.00 0.00 0.80 351.58
700 17.28 0.00 0.00 1.50 353.03
701 17.25 0.00 0.00 1.70 355.60
702 17.24 0.00 0.00 1.80 359.62
703 17.23 0.00 0.00 1.50 355.49
704 17.82 17.88 0.00 1.70 358.64
705 19.17 102.96 0.49 0.90 354.58
706 20.20 156.97 0.75 0.50 358.82
707 21.42 245.52 12.72 0.70 354.23
708 22.88 361.05 36.45 0.90 346.10
709 24.23 432.11 92.34 0.60 343.82
710 25.09 425.28 102.58 0.50 360.68
711 25.85 414.42 177.41 0.50 343.67
712 26.21 431.89 529.38 0.70 335.49
713 26.24 285.45 591.05 1.10 334.32
714 25.51 72.05 307.08 0.90 344.40
715 24.45 0.00 0.00 1.50 350.71
716 23.39 0.00 0.00 1.10 346.52
717 22.33 0.00 0.00 1.40 345.23
718 21.26 0.00 0.00 1.50 339.11
719 20.20 0.00 0.00 1.30 331.39
720 19.14 0.00 0.00 0.80 337.00
721 17.88 0.00 0.00 0.70 336.71
722 16.47 0.00 0.00 0.90 331.58
723 15.06 0.00 0.00 2.30 330.54
724 14.28 0.00 0.00 1.80 329.31
725 13.50 0.00 0.00 0.50 324.98
726 12.94 0.00 0.00 0.50 323.12
727 12.37 0.00 0.00 0.80 321.09
728 13.54 54.44 217.68 0.90 324.09
729 15.63 238.65 531.45 1.10 326.87
730 17.93 448.34 725.88 1.30 329.65
731 19.94 603.63 694.53 1.10 324.52
732 20.91 566.05 330.52 1.90 335.41
733 21.78 632.06 404.20 1.40 333.12
734 22.77 752.49 794.25 0.90 322.75
735 23.16 648.24 852.13 1.30 323.59
736 22.96 481.38 753.23 1.50 328.42
737 21.92 274.63 578.06 2.30 330.70
738 20.31 79.95 299.53 2.40 336.50
739 19.49 0.00 0.00 2.30 341.09
740 18.67 0.00 0.00 1.90 339.56
741 17.85 0.00 0.00 1.90 341.69
742 17.03 0.00 0.00 1.30 346.42
743 16.21 0.00 0.00 0.90 343.70
744 15.39 0.00 0.00 0.90 340.44
745 15.12 0.00 0.00 0.70 326.11
746 14.93 0.00 0.00 0.50 330.13
747 14.75 0.00 0.00 1.10 328.82
748 14.66 0.00 0.00 1.50 327.25
749 14.57 0.00 0.00 2.10 326.84
750 14.52 0.00 0.00 2.30 321.65
751 14.46 0.00 0.00 2.70 324.32
752 15.39 35.69 22.21 2.60 324.28
753 17.89 229.85 407.38 2.40 313.80
754 19.22 286.91 130.38 2.90 326.28
755 20.72 416.22 196.36 3.20 325.19
756 22.71 626.04 486.60 3.00 320.28
757 23.78 567.60 266.47 2.70 327.85
758 24.26 488.35 167.44 2.70 333.10
759 24.33 397.11 142.67 2.40 333.91
760 24.48 433.29 471.09 2.10 324.12
761 23.75 216.35 232.14 1.60 334.99
762 22.39 25.54 0.00 1.40 353.21
763 21.61 0.00 0.00 1.30 355.32
764 20.83 0.00 0.00 1.00 355.59
765 20.05 0.00 0.00 0.60 357.43
766 19.27 0.00 0.00 0.70 358.44
767 18.49 0.00 0.00 0.10 356.83
768 17.71 0.00 0.00 0.30 351.05
769 16.89 0.00 0.00 0.40 344.59
770 16.02 0.00 0.00 0.40 345.58
771 15.15 0.00 0.00 0.40 343.36
772 14.69 0.00 0.00 0.80 339.20
773 14.23 0.00 0.00 0.90 338.39
774 13.90 0.00 0.00 0.60 338.70
775 13.58 0.00 0.00 0.20 338.70
776 14.64 48.28 153.90 0.30 338.56
777 16.57 219.91 444.65 0.10 336.02
778 18.65 412.03 546.58 0.70 334.45
779 20.51 558.83 610.12 0.90 330.17
780 22.23 693.83 703.23 1.00 328.72
781 23.50 729.83 709.23 0.80 323.95
782 24.31 706.61 726.64 1.20 325.90
783 24.60 599.45 674.37 1.40 325.10
784 24.39 460.41 682.90 1.60 326.29
785 23.46 270.99 579.04 1.60 329.15
786 22.03 82.87 357.68 2.10 330.34
787 20.96 0.00 0.00 1.10 334.91
788 19.90 0.00 0.00 0.70 333.08
789 18.83 0.00 0.00 0.30 329.67
790 17.77 0.00 0.00 0.50 326.56
791 16.70 0.00 0.00 0.60 323.77
792 15.63 0.00 0.00 0.20 325.82
793 14.80 0.00 0.00 0.50 327.78
794 13.89 0.00 0.00 0.40 323.28
795 12.98 0.00 0.00 0.90 323.32
796 12.48 0.00 0.00 1.00 320.93
797 11.98 0.00 0.00 0.80 319.85
798 11.62 0.00 0.00 0.40 314.88
799 11.26 0.00 0.00 0.10 313.65
800 12.32 49.12 146.85 0.40 317.98
801 14.55 249.78 503.31 0.80 311.53
802 16.87 460.30 782.91 0.90 309.19
803 19.01 638.89 884.43 0.80 307.90
804 20.79 751.44 906.80 1.20 309.53
805 22.11 792.72 908.85 1.10 313.23
806 22.94 769.22 924.15 1.20 314.30
807 23.27 671.31 916.63 1.40 313.50
808 22.99 502.92 852.08 1.50 315.41
809 21.94 296.80 717.96 1.80 321.78
810 20.34 92.20 407.29 1.10 328.16
811 19.49 0.00 0.00 0.90 336.99
812 18.65 0.00 0.00 0.80 333.69
813 17.81 0.00 0.00 0.80 328.48
814 16.96 0.00 0.00 1.00 329.51
815 16.12 0.00 0.00 0.80 329.91
816 15.28 0.00 0.00 1.00 327.34
817 14.79 0.00 0.00 1.20 324.30
818 14.27 0.00 0.00 1.80 323.66
819 13.75 0.00 0.00 2.70 323.25
820 13.47 0.00 0.00 3.20 322.41
821 13.20 0.00 0.00 2.00 324.95
822 13.01 0.00 0.00 1.30 326.90
823 12.81 0.00 0.00 1.00 330.63
824 13.95 47.89 137.99 0.60 331.41
825 15.95 215.34 395.69 1.10 325.14
826 18.23 416.03 575.34 1.20 323.08
827 20.22 558.93 589.49 1.30 318.90
828 22.03 688.84 664.81 2.00 318.70
829 23.44 741.04 705.36 1.60 316.40
830 24.28 696.08 667.33 2.00 317.84
831 24.63 605.13 654.05 2.00 321.86
832 24.34 440.09 540.00 2.10 328.18
833 23.31 247.99 415.27 1.80 329.54
834 21.79 69.23 188.60 1.20 336.15
835 21.08 0.00 0.00 1.80 342.60
836 20.37 0.00 0.00 1.90 340.26
837 19.66 0.00 0.00 1.50 339.97
838 18.94 0.00 0.00 1.20 338.73
839 18.23 0.00 0.00 1.00 340.09
840 17.52 0.00 0.00 1.40 339.16
841 16.93 0.00 0.00 1.20 341.81
842 16.33 0.00 0.00 1.00 339.63
843 15.72 0.00 0.00 1.50 338.17
844 15.41 0.00 0.00 2.40 337.04
845 15.10 0.00 0.00 1.60 337.20
846 14.88 0.00 0.00 2.30 339.82
847 14.67 0.00 0.00 2.10 338.24
848 15.75 49.72 106.98 2.90 338.90
849 17.69 224.78 333.29 4.00 333.97
850 19.45 377.73 391.38 3.80 334.64
851 21.50 588.02 625.99 3.40 329.08
852 23.17 690.61 675.53 4.50 331.48
853 24.39 719.93 646.05 3.60 336.38
854 25.02 644.04 496.47 2.90 341.24
855 25.08 501.49 305.41 2.10 341.99
856 24.35 305.58 116.35 2.40 350.68
857 23.11 135.09 9.85 2.40 356.27
858 21.77 41.51 0.00 3.80 359.53
859 21.06 0.00 0.00 3.40 359.43
860 20.36 0.00 0.00 3.40 358.09
861 19.65 0.00 0.00 3.40 362.74
862 18.94 0.00 0.00 2.70 364.02
863 18.24 0.00 0.00 3.60 362.23
864 17.53 0.00 0.00 3.80 360.43
865 16.92 0.00 0.00 4.00 358.89
866 15.80 0.00 0.00 3.00 358.53
867 15.49 0.00 0.00 1.80 356.02
868 15.17 0.00 0.00 2.30 356.96
869 14.83 0.00 0.00 1.80 354.96
870 14.56 0.00 0.00 2.00 354.48
871 14.14 0.00 0.00 2.40 351.94
872 15.13 39.28 25.94 2.40 357.30
873 16.63 166.96 96.57 2.60 354.09
874 18.59 356.56 286.75 3.00 348.88
875 19.81 401.52 141.79 2.90 350.19
876 20.91 484.32 159.10 3.40 349.48
877 21.54 465.20 105.75 3.80 352.32
878 21.73 393.65 55.20 4.80 356.40
879 22.02 444.44 207.62 4.30 348.48
880 22.27 463.54 514.28 4.50 341.26
881 21.85 268.41 351.88 3.40 341.28
882 20.82 86.71 140.34 3.60 344.23
883 20.07 0.77 0.00 3.60 342.82
884 19.32 0.00 0.00 2.90 345.41
885 18.57 0.00 0.00 3.80 342.01
886 17.82 0.00 0.00 3.00 342.59
887 17.07 0.00 0.00 2.40 339.04
888 16.32 0.00 0.00 2.70 340.65
889 15.84 0.00 0.00 3.20 339.11
890 15.35 0.00 0.00 3.20 341.66
891 14.86 0.00 0.00 4.10 339.64
892 14.61 0.00 0.00 5.10 343.81
893 14.36 0.00 0.00 4.70 342.21
894 14.19 0.00 0.00 3.80 343.71
895 14.02 0.00 0.00 4.50 346.55
896 15.05 41.91 38.22 4.30 349.55
897 16.70 177.09 102.12 3.60 347.53
898 18.32 308.62 126.55 3.00 344.52
899 20.12 470.28 276.16 2.10 336.00
900 20.94 417.51 96.13 2.60 344.29
901 22.73 723.37 582.58 2.30 328.44
902 24.01 724.18 704.66 1.90 330.93
903 24.66 623.79 655.45 2.30 329.51
904 24.73 464.06 553.82 2.90 331.14
905 23.83 227.09 227.05 3.00 338.07
906 22.57 86.90 164.21 2.70 338.66
907 21.70 0.83 0.00 2.90 335.67
908 20.84 0.00 0.00 1.60 340.05
909 19.98 0.00 0.00 1.20 339.91
910 19.12 0.00 0.00 1.30 340.71
911 18.25 0.00 0.00 1.20 341.01
912 17.39 0.00 0.00 1.40 342.32
913 16.57 0.00 0.00 2.00 342.85
914 15.66 0.00 0.00 1.30 340.73
915 14.76 0.00 0.00 1.10 336.00
916 14.26 0.00 0.00 1.90 335.44
917 13.77 0.00 0.00 1.40 334.28
918 13.41 0.00 0.00 1.90 332.20
919 13.05 0.00 0.00 2.30 327.04
920 13.97 44.72 46.17 2.10 333.50
921 15.57 194.57 170.36 2.00 331.72
922 17.26 356.98 275.03 2.10 329.65
923 19.37 590.23 597.12 2.10 319.22
924 20.67 604.52 381.08 3.00 322.28
925 21.48 597.44 311.43 3.80 325.15
926 22.17 639.45 464.08 2.60 321.06
927 22.45 561.47 449.85 2.90 319.47
928 22.08 381.00 295.00 4.00 325.33
929 21.24 243.76 344.99 3.60 327.88
930 19.96 78.50 142.79 2.60 333.64
931 19.34 0.81 0.00 3.00 333.39
932 18.72 0.00 0.00 3.60 336.95
933 18.09 0.00 0.00 3.80 342.40
934 17.47 0.00 0.00 2.90 338.68
935 16.85 0.00 0.00 2.40 335.10
936 16.23 0.00 0.00 1.90 334.72
937 15.97 0.00 0.00 1.50 331.56
938 15.70 0.00 0.00 1.60 333.51
939 15.44 0.00 0.00 2.10 329.91
940 15.31 0.00 0.00 1.50 328.57
941 15.17 0.00 0.00 1.00 327.22
942 15.08 0.00 0.00 1.90 329.45
943 14.99 0.00 0.00 1.90 330.99
944 16.39 53.98 116.62 1.60 339.12
945 18.30 200.19 176.59 2.40 336.67
946 20.42 371.64 351.56 3.20 336.68
947 22.36 507.80 358.41 3.20 330.83
948 23.91 580.88 326.22 3.20 332.17
949 25.01 597.23 305.01 2.90 333.83
950 25.90 679.33 526.79 3.00 328.84
951 26.47 630.52 652.34 3.20 327.70
952 26.51 470.42 551.54 3.80 331.90
953 25.82 275.07 388.04 4.80 337.73
954 24.61 90.94 165.33 4.00 339.32
955 23.82 1.33 0.00 3.80 341.40
956 23.02 0.00 0.00 2.90 347.90
957 22.23 0.00 0.00 3.00 346.09
958 21.44 0.00 0.00 2.00 351.18
959 20.65 0.00 0.00 2.60 347.52
960 19.85 0.00 0.00 3.20 342.62
961 19.08 0.00 0.00 2.40 344.46
962 18.25 0.00 0.00 1.90 343.72
963 17.42 0.00 0.00 3.40 343.49
964 16.98 0.00 0.00 3.00 344.62
965 16.55 0.00 0.00 2.60 347.45
966 16.24 0.00 0.00 2.40 347.45
967 15.93 0.00 0.00 3.40 351.84
968 16.71 35.78 0.74 2.90 355.35
969 18.32 177.27 130.18 2.60 348.11
970 20.27 363.03 304.28 2.90 344.02
971 22.03 500.87 343.04 3.00 336.60
972 23.70 635.48 449.91 2.70 335.86
973 25.19 737.55 649.05 3.00 331.84
974 25.97 722.25 677.10 2.70 332.63
975 26.36 623.33 646.64 2.60 330.36
976 26.28 465.68 549.82 3.00 332.63
977 25.70 273.23 387.20 2.60 335.98
978 24.33 91.43 165.54 3.20 343.05
979 23.37 1.45 0.00 3.20 341.35
980 22.40 0.00 0.00 2.60 345.99
981 21.44 0.00 0.00 1.50 344.72
982 20.47 0.00 0.00 1.20 344.64
983 19.51 0.00 0.00 1.20 342.10
984 18.54 0.00 0.00 1.00 341.62
985 17.79 0.00 0.00 0.50 341.98
986 16.99 0.00 0.00 0.40 340.76
987 16.18 0.00 0.00 0.70 338.30
988 15.75 0.00 0.00 0.50 340.85
989 15.32 0.00 0.00 0.60 342.79
990 15.01 0.00 0.00 0.80 341.15
991 14.70 0.00 0.00 1.50 340.96
992 15.89 52.51 134.93 1.80 342.16
993 17.21 168.18 99.80 1.90 343.49
994 19.01 345.83 210.05 1.20 339.55
995 21.11 551.30 456.63 1.30 335.05
996 22.89 665.79 551.86 1.60 336.44
997 24.26 718.51 586.69 2.10 338.50
998 25.21 714.57 627.87 3.20 337.12
999 25.67 630.58 667.36 4.70 339.49
1000 25.63 489.13 651.59 5.70 340.81
1001 24.80 290.66 484.32 4.70 346.10
1002 23.39 95.82 234.33 4.30 352.96
1003 22.50 1.51 0.00 6.30 350.96
1004 21.60 0.00 0.00 5.10 354.44
1005 20.70 0.00 0.00 5.10 351.46
1006 19.80 0.00 0.00 5.10 347.70
1007 18.91 0.00 0.00 6.60 343.94
1008 18.01 0.00 0.00 6.30 344.49
1009 17.36 0.00 0.00 6.80 343.06
1010 16.65 0.00 0.00 7.40 341.85
1011 15.93 0.00 0.00 8.01 342.84
1012 15.55 0.00 0.00 8.51 340.76
1013 15.16 0.00 0.00 7.40 342.44
1014 14.88 0.00 0.00 8.51 343.89
1015 14.60 0.00 0.00 8.21 344.17
1016 16.16 66.69 209.43 6.60 347.08
1017 18.41 256.25 479.10 6.30 347.12
1018 20.83 467.25 664.94 6.60 344.75
1019 23.08 644.36 774.90 6.80 339.15
1020 24.77 717.22 608.73 5.50 342.99
1021 25.54 635.96 363.77 5.30 350.25
1022 25.81 612.71 346.66 5.70 354.85
1023 26.17 644.98 652.34 5.50 344.83
1024 26.12 508.77 696.86 5.70 344.13
1025 25.45 301.72 531.44 5.50 352.28
1026 23.93 100.95 273.05 4.00 358.11
1027 22.96 2.08 0.00 4.30 357.31
1028 21.98 0.00 0.00 4.70 363.15
1029 21.01 0.00 0.00 5.10 360.00
1030 20.03 0.00 0.00 5.30 355.36
1031 19.06 0.00 0.00 6.30 354.42
1032 18.09 0.00 0.00 6.80 350.68
1033 17.39 0.00 0.00 6.60 350.90
1034 16.61 0.00 0.00 6.00 348.86
1035 15.83 0.00 0.00 6.00 342.14
1036 15.41 0.00 0.00 5.70 340.95
1037 14.98 0.00 0.00 5.50 337.50
1038 14.67 0.00 0.00 5.70 333.47
1039 14.36 0.00 0.00 7.00 335.07
1040 15.64 56.71 146.01 6.00 338.90
1041 17.70 235.88 379.28 6.00 335.93
1042 19.87 427.25 514.84 5.50 335.36
1043 21.81 578.33 559.25 7.20 333.47
1044 23.66 728.16 685.21 5.30 330.03
1045 24.97 752.09 648.20 5.50 336.60
1046 25.66 737.31 671.65 6.00 336.23
1047 25.85 600.35 536.60 7.40 343.01
1048 25.80 478.16 590.44 8.21 346.98
1049 24.83 290.33 428.01 7.20 349.57
1050 23.32 98.96 196.12 8.01 356.15
1051 22.64 2.19 0.00 6.80 357.73
1052 21.97 0.00 0.00 4.70 359.40
1053 21.29 0.00 0.00 2.40 354.22
1054 20.61 0.00 0.00 2.30 351.03
1055 19.94 0.00 0.00 1.90 349.08
1056 19.26 0.00 0.00 2.60 348.62
1057 18.91 0.00 0.00 1.90 350.88
1058 18.55 0.00 0.00 2.30 346.61
1059 18.20 0.00 0.00 2.10 347.19
1060 18.02 0.00 0.00 2.00 345.27
1061 17.84 0.00 0.00 1.80 344.34
1062 17.71 0.00 0.00 2.60 345.69
1063 17.59 0.00 0.00 3.60 344.10
1064 19.25 64.38 149.16 4.70 347.66
1065 20.77 183.01 126.41 4.80 353.83
1066 23.00 384.51 338.28 6.60 351.77
1067 24.89 504.25 311.75 6.80 348.37
1068 26.73 705.85 574.44 7.20 342.87
1069 27.43 560.97 226.68 8.41 351.79
1070 27.90 548.76 240.75 8.01 351.27
1071 28.50 639.03 587.98 5.70 344.64
1072 28.60 493.49 593.46 6.30 345.80
1073 27.99 293.14 430.78 5.50 352.15
1074 26.83 100.98 198.26 5.30 356.25
1075 25.94 2.52 0.00 4.80 359.48
1076 25.12 0.00 0.00 4.50 362.25
1077 24.09 0.00 0.00 4.50 360.71
1078 23.06 0.00 0.00 4.70 363.64
1079 22.03 0.00 0.00 4.50 360.44
1080 21.00 0.00 0.00 6.00 354.92
1081 19.99 0.00 0.00 5.10 349.05
1082 18.89 0.00 0.00 5.70 346.87
1083 17.79 0.00 0.00 5.10 343.23
1084 17.20 0.00 0.00 5.50 340.07
1085 16.60 0.00 0.00 3.80 341.86
1086 16.17 0.00 0.00 4.30 340.63
1087 15.75 0.00 0.00 6.30 339.83
1088 17.04 71.18 109.42 5.30 347.16
1089 18.69 251.15 314.09 4.50 345.85
1090 20.49 453.20 484.64 5.10 341.80
1091 21.83 553.35 441.45 4.30 342.78
1092 22.92 634.64 412.08 6.30 346.67
1093 23.82 701.97 517.08 7.60 345.65
1094 24.15 596.11 299.66 7.40 350.61
1095 24.05 464.16 189.11 7.00 353.10
1096 22.96 192.35 5.78 6.30 365.59
1097 21.80 114.66 0.00 7.70 366.01
1098 20.65 49.18 0.00 7.60 367.02
1099 20.08 2.36 0.00 7.00 367.42
1100 19.52 0.00 0.00 6.00 368.03
1101 18.96 0.00 0.00 5.70 364.44
1102 18.39 0.00 0.00 4.00 365.82
1103 17.83 0.00 0.00 3.80 364.64
1104 17.26 0.00 0.00 4.50 361.83
1105 17.10 0.00 0.00 4.80 360.76
1106 16.92 0.00 0.00 4.00 359.64
1107 16.74 0.00 0.00 3.20 359.96
1108 16.64 0.00 0.00 4.50 360.36
1109 16.54 0.00 0.00 4.30 358.80
1110 16.47 0.00 0.00 4.10 357.54
1111 16.40 0.00 0.00 4.50 356.47
1112 17.90 56.26 83.28 4.30 359.58
1113 20.08 219.09 283.02 3.80 352.18
1114 21.90 342.40 148.78 3.80 352.88
1115 24.05 529.17 338.75 4.10 344.77
1116 25.15 494.04 148.18 3.80 353.12
1117 25.97 562.01 219.46 3.20 352.29
1118 26.71 593.43 298.60 3.80 349.23
1119 27.11 543.74 343.23 4.30 349.02
1120 27.11 420.67 344.52 4.00 350.47
1121 26.68 309.96 484.39 5.30 345.82
1122 25.65 84.89 149.75 5.70 361.02
1123 24.94 2.14 0.00 5.10 360.45
1124 24.23 0.00 0.00 4.50 368.46
1125 23.53 0.00 0.00 4.30 359.91
1126 22.82 0.00 0.00 4.30 357.02
1127 22.11 0.00 0.00 4.00 352.25
1128 21.40 0.00 0.00 3.80 353.61
1129 20.75 0.00 0.00 3.60 351.92
1130 20.04 0.00 0.00 4.10 352.11
1131 19.34 0.00 0.00 4.50 348.83
1132 18.96 0.00 0.00 4.00 347.71
1133 18.58 0.00 0.00 4.10 347.09
1134 18.31 0.00 0.00 4.80 347.24
1135 18.04 0.00 0.00 5.50 347.29
1136 19.64 68.64 212.22 4.80 350.60
1137 21.51 229.43 325.33 4.70 353.30
1138 23.70 428.18 454.83 5.50 355.30
1139 25.34 523.98 348.31 6.60 355.80
1140 26.42 607.61 329.18 7.00 355.34
1141 27.35 656.71 372.45 7.70 353.59
1142 28.17 710.51 582.25 8.01 347.63
1143 28.58 638.23 629.84 8.41 347.97
1144 28.62 520.47 633.24 6.80 349.22
1145 27.79 262.31 292.20 6.00 361.63
1146 26.53 85.63 93.74 6.00 365.90
1147 25.77 3.08 0.00 6.30 365.75
1148 25.07 0.00 0.00 6.00 371.37
1149 24.18 0.00 0.00 5.50 371.25
1150 23.30 0.00 0.00 6.00 370.57
1151 22.42 0.00 0.00 6.00 373.83
1152 21.54 0.00 0.00 6.30 375.16
1153 20.88 0.00 0.00 6.30 372.31
1154 20.19 0.00 0.00 7.70 369.49
1155 19.50 0.00 0.00 6.60 366.43
1156 19.14 0.00 0.00 5.50 367.65
1157 18.77 0.00 0.00 4.80 363.82
1158 18.52 0.00 0.00 4.80 362.71
1159 18.26 0.00 0.00 4.30 362.58
1160 19.77 65.34 177.89 5.30 368.89
1161 21.84 243.53 378.70 5.10 368.30
1162 24.06 441.05 508.91 3.60 366.77
1163 25.74 569.25 441.39 3.60 360.16
1164 27.30 722.87 636.36 3.00 357.33
1165 28.39 739.06 599.90 2.40 359.12
1166 29.10 718.49 617.89 2.00 356.75
1167 29.42 637.22 594.63 1.80 357.35
1168 29.10 443.15 394.98 2.10 360.28
1169 28.19 254.71 279.25 1.60 363.48
1170 26.91 87.69 108.62 1.60 367.14
1171 26.07 2.83 0.00 1.20 364.04
1172 25.32 0.00 0.00 0.90 364.31
1173 24.35 0.00 0.00 1.50 360.78
1174 23.37 0.00 0.00 1.40 359.29
1175 22.39 0.00 0.00 1.30 357.80
1176 21.42 0.00 0.00 1.80 352.10
1177 20.60 0.00 0.00 1.20 349.38
1178 19.73 0.00 0.00 0.90 351.14
1179 18.85 0.00 0.00 2.00 351.19
1180 18.39 0.00 0.00 2.40 353.15
1181 17.92 0.00 0.00 1.30 349.61
1182 17.59 0.00 0.00 1.80 350.91
1183 17.26 0.00 0.00 2.70 351.31
1184 18.67 62.83 96.33 1.80 355.40
1185 20.37 213.01 147.99 1.30 352.13
1186 22.27 389.14 310.48 1.40 353.90
1187 24.19 559.35 387.51 1.60 351.19
1188 26.02 757.12 671.94 1.80 348.10
1189 27.33 801.43 711.12 2.10 348.79
1190 28.00 712.73 565.62 2.90 350.84
1191 28.26 622.01 561.00 2.70 352.76
1192 28.16 502.99 615.97 2.10 353.81
1193 27.30 277.62 365.16 2.10 363.55
1194 26.01 90.99 103.97 1.30 368.23
1195 25.17 3.76 0.00 1.40 366.37
1196 24.10 0.00 0.00 1.40 367.45
1197 23.04 0.00 0.00 2.00 365.46
1198 21.97 0.00 0.00 2.40 363.63
1199 20.91 0.00 0.00 4.00 359.60
1200 19.84 0.00 0.00 3.40 359.03
1201 19.03 0.00 0.00 3.00 359.00
1202 18.14 0.00 0.00 2.60 358.62
1203 17.24 0.00 0.00 2.60 361.95
1204 16.76 0.00 0.00 3.00 360.56
1205 16.28 0.00 0.00 1.80 359.33
1206 15.93 0.00 0.00 1.80 359.25
1207 15.58 0.00 0.00 2.10 357.31
1208 16.62 47.80 14.32 3.00 361.58
1209 17.89 162.93 46.39 3.80 358.10
1210 19.48 318.16 131.25 4.80 357.24
1211 22.20 654.65 643.61 4.50 339.04
1212 24.35 771.53 755.66 6.30 339.13
1213 25.76 816.99 767.41 5.70 342.34
1214 26.63 787.00 713.36 6.80 344.69
1215 26.72 573.14 361.57 7.20 352.56
1216 26.66 518.87 594.49 7.70 348.60
1217 25.82 242.36 204.90 6.30 367.56
1218 24.38 113.10 231.33 5.70 364.36
1219 23.67 4.39 0.00 6.00 368.23
1220 22.96 0.00 0.00 5.50 374.20
1221 22.25 0.00 0.00 5.50 370.07
1222 21.54 0.00 0.00 7.00 369.93
1223 20.82 0.00 0.00 5.50 369.48
1224 20.11 0.00 0.00 4.80 365.97
1225 19.72 0.00 0.00 4.30 363.47
1226 19.32 0.00 0.00 4.80 363.37
1227 18.91 0.00 0.00 5.10 360.28
1228 18.69 0.00 0.00 5.30 361.03
1229 18.48 0.00 0.00 4.30 362.41
1230 18.33 0.00 0.00 3.40 363.55
1231 18.18 0.00 0.00 3.80 362.25
1232 20.01 71.72 207.50 5.10 367.81
1233 22.02 229.08 178.68 4.70 364.93
1234 23.92 372.87 168.47 4.10 366.86
1235 25.73 507.64 249.34 3.60 363.25
1236 27.12 645.95 396.44 2.40 359.89
1237 28.34 699.75 447.43 3.20 359.41
1238 29.25 713.36 554.30 3.40 361.42
1239 29.80 666.31 650.09 4.80 362.51
1240 29.90 535.06 694.91 6.30 361.38
1241 29.24 325.14 533.94 6.00 366.95
1242 27.99 117.71 282.37 5.50 375.16
1243 27.21 5.01 0.00 6.00 374.34
1244 26.42 0.00 0.00 5.70 380.52
1245 25.79 0.00 0.00 5.70 380.68
1246 24.88 0.00 0.00 5.10 381.71
1247 23.97 0.00 0.00 4.50 378.11
1248 23.06 0.00 0.00 4.10 376.14
1249 22.23 0.00 0.00 3.00 373.74
1250 21.32 0.00 0.00 3.40 374.20
1251 20.41 0.00 0.00 5.10 372.89
1252 19.90 0.00 0.00 7.00 373.93
1253 19.40 0.00 0.00 4.70 372.80
1254 19.04 0.00 0.00 5.50 368.90
1255 18.67 0.31 0.00 4.50 367.62
1256 20.29 73.63 175.56 4.30 374.04
1257 22.13 239.85 302.31 4.00 373.79
1258 24.22 437.13 431.22 5.10 370.94
1259 25.99 606.93 532.86 4.30 366.90
1260 27.63 768.63 670.87 4.10 364.68
1261 28.79 796.79 673.88 5.10 365.97
1262 29.53 774.44 694.55 6.00 367.43
1263 29.83 677.56 642.26 6.60 370.46
1264 29.48 474.20 457.57 7.20 373.99
1265 28.53 284.21 377.65 7.00 378.73
1266 27.19 104.25 227.45 7.00 382.89
1267 26.65 4.72 0.00 6.80 387.55
1268 26.11 0.00 0.00 4.70 392.48
1269 25.72 0.00 0.00 5.50 389.71
1270 25.09 0.00 0.00 5.30 388.99
1271 24.47 0.00 0.00 4.00 386.13
1272 23.84 0.00 0.00 3.80 384.31
1273 23.61 0.00 0.00 4.00 382.42
1274 23.34 0.00 0.00 4.30 383.50
1275 23.07 0.00 0.00 3.80 381.55
1276 22.92 0.00 0.00 4.10 380.78
1277 22.77 0.00 0.00 4.80 382.97
1278 22.66 0.00 0.00 6.00 385.52
1279 22.55 0.63 0.00 6.00 386.90
1280 24.96 86.91 263.08 5.30 392.76
1281 26.70 236.23 252.51 5.50 394.29
1282 28.20 351.50 160.60 5.50 397.92
1283 30.47 603.71 486.23 6.60 390.14
1284 32.28 699.33 556.21 6.80 392.47
1285 33.68 759.87 571.08 6.60 393.23
1286 34.56 707.92 521.39 7.20 396.70
1287 34.84 589.58 411.64 8.01 396.23
1288 34.64 468.90 447.33 7.70 391.67
1289 33.63 271.89 278.21 7.40 392.67
1290 32.30 117.88 326.66 6.30 386.86
1291 31.34 5.53 0.00 4.30 389.55
1292 30.37 0.00 0.00 3.00 397.31
1293 29.41 0.00 0.00 3.40 394.54
1294 28.44 0.00 0.00 3.20 389.06
1295 27.48 0.00 0.00 3.20 386.43
1296 26.51 0.00 0.00 3.60 384.33
1297 25.83 0.00 0.00 2.40 381.72
1298 24.76 0.00 0.00 2.60 376.57
1299 23.69 0.00 0.00 3.40 373.54
1300 23.11 0.00 0.00 4.50 372.46
1301 22.53 0.00 0.00 3.20 369.40
1302 22.12 0.00 0.00 3.00 368.33
1303 21.71 0.80 0.00 3.40 368.13
1304 23.62 87.16 252.83 2.90 369.64
1305 25.74 279.34 483.66 2.30 363.18
1306 27.48 482.66 614.37 2.60 359.65
1307 29.20 645.86 647.60 2.30 350.72
1308 30.70 772.42 687.52 1.90 353.27
1309 31.87 832.01 746.50 2.40 355.37
1310 32.56 787.35 695.55 3.40 358.01
1311 32.74 658.91 617.88 3.80 359.83
1312 32.44 505.18 584.33 4.00 360.19
1313 31.52 308.99 472.09 3.00 368.48
1314 30.18 120.08 362.19 4.00 374.82
1315 29.17 5.32 0.00 5.10 376.64
1316 28.17 0.00 0.00 4.50 381.03
1317 27.16 0.00 0.00 3.80 380.32
1318 26.15 0.00 0.00 3.20 383.67
1319 25.23 0.00 0.00 2.90 376.77
1320 24.06 0.00 0.00 3.00 373.37
1321 23.25 0.00 0.00 4.30 370.06
1322 22.40 0.00 0.00 4.50 366.68
1323 21.55 0.00 0.00 5.50 362.77
1324 21.10 0.00 0.00 5.10 360.45
1325 20.65 0.00 0.00 5.10 359.53
1326 20.33 0.00 0.00 4.50 358.53
1327 20.02 0.78 0.00 3.80 358.99
1328 21.99 85.35 209.96 2.70 364.41
1329 24.27 282.48 460.66 3.60 358.87
1330 26.41 497.60 633.52 3.40 361.71
1331 28.32 672.62 716.25 4.50 351.93
1332 29.90 784.00 729.04 3.20 358.19
1333 31.09 826.33 730.85 2.70 356.33
1334 31.76 771.29 635.32 2.90 361.39
1335 32.00 670.96 642.44 3.00 361.77
1336 31.71 506.62 578.35 2.60 363.86
1337 30.76 305.10 442.24 2.60 362.47
1338 29.39 113.25 263.81 2.00 370.86
1339 28.23 5.54 0.00 1.60 366.45
1340 27.07 0.00 0.00 2.60 368.36
1341 25.91 0.00 0.00 2.70 366.54
1342 24.77 0.00 0.00 3.20 364.04
1343 23.42 0.00 0.00 3.20 359.19
1344 22.08 0.00 0.00 3.80 352.82
1345 20.93 0.00 0.00 4.00 349.70
1346 19.65 0.00 0.00 4.00 343.68
1347 18.36 0.00 0.00 4.80 342.56
1348 17.65 0.00 0.00 4.50 339.81
1349 16.95 0.00 0.00 3.60 339.75
1350 16.43 0.00 0.00 3.40 337.00
1351 15.91 1.34 0.00 4.10 334.04
1352 18.05 100.87 353.99 5.30 341.97
1353 20.29 310.55 614.78 5.10 341.45
1354 22.59 529.39 757.13 6.80 342.66
1355 24.68 706.64 824.32 7.70 338.16
1356 26.17 825.95 857.84 7.40 343.69
1357 27.26 866.10 850.95 8.21 340.26
1358 27.90 831.70 837.43 9.51 340.95
1359 28.09 720.72 775.37 11.41 341.52
1360 27.73 545.22 699.96 10.11 346.74
1361 26.73 337.52 593.90 9.91 352.37
1362 25.35 124.46 371.18 9.91 361.09
1363 24.45 6.09 0.00 9.51 355.45
1364 23.56 0.00 0.00 9.51 356.68
1365 22.66 0.00 0.00 9.21 351.08
1366 21.76 0.00 0.00 8.61 350.68
1367 20.87 0.00 0.00 8.91 345.52
1368 19.97 0.00 0.00 9.01 343.54
1369 19.65 0.00 0.00 8.81 342.22
1370 19.33 0.00 0.00 9.51 343.33
1371 19.02 0.00 0.00 10.61 342.37
1372 18.86 0.00 0.00 8.41 343.50
1373 18.70 0.00 0.00 9.01 343.50
1374 18.59 0.00 0.00 10.61 338.82
1375 18.49 1.48 0.00 12.21 341.87
1376 21.12 100.88 349.32 11.41 348.59
1377 23.86 310.48 592.03 10.21 342.67
1378 26.39 527.79 651.69 10.61 346.64
1379 27.89 581.01 393.18 10.61 345.48
1380 29.11 650.38 359.52 14.11 346.27
1381 30.15 711.79 412.47 12.81 342.53
1382 31.29 834.14 778.64 11.41 334.20
1383 31.85 730.87 798.19 9.51 337.71
1384 31.72 525.04 610.06 8.61 341.69
1385 30.94 347.11 623.65 9.01 342.98
1386 29.56 134.09 415.22 9.51 345.29
1387 28.43 7.97 0.00 8.81 343.72
1388 27.31 0.00 0.00 9.01 352.20
1389 26.19 0.00 0.00 8.81 350.64
1390 25.13 0.00 0.00 8.21 349.31
1391 23.83 0.00 0.00 8.21 348.13
1392 22.53 0.00 0.00 8.01 345.39
1393 21.22 0.00 0.00 8.01 341.78
1394 19.77 0.00 0.00 7.60 334.48
1395 18.33 0.00 0.00 7.20 333.27
1396 17.54 0.00 0.00 7.00 335.47
1397 16.75 0.00 0.00 6.30 333.46
1398 16.18 0.00 0.00 6.60 329.65
1399 15.61 1.84 0.00 7.00 329.39
1400 17.74 102.71 310.01 6.30 333.99
1401 19.87 308.15 541.23 5.10 335.42
1402 22.03 517.48 678.66 3.40 337.43
1403 24.01 691.27 740.06 3.80 331.43
1404 25.63 801.99 749.18 4.30 331.22
1405 26.51 842.72 746.33 4.30 329.80
1406 27.14 820.14 772.91 4.50 328.79
1407 27.34 713.45 743.90 3.40 328.42
1408 27.04 549.00 704.38 3.60 323.10
1409 26.12 346.50 605.73 3.00 326.59
1410 24.73 133.78 384.58 3.20 335.13
1411 23.51 6.88 0.00 2.70 334.97
1412 22.28 0.00 0.00 2.10 338.65
1413 21.06 0.00 0.00 2.60 333.81
1414 19.83 0.00 0.00 2.90 334.41
1415 18.61 0.00 0.00 2.70 332.36
1416 17.38 0.00 0.00 2.60 328.50
1417 16.41 0.00 0.00 3.01 332.97
1418 15.70 0.00 0.00 2.30 333.57
1419 14.99 0.00 0.00 1.90 328.78
1420 14.60 0.00 0.00 1.50 326.18
1421 14.21 0.00 0.00 0.80 326.78
1422 13.93 0.00 0.00 0.90 325.01
1423 13.65 2.20 0.00 0.90 323.25
1424 15.71 99.26 261.87 0.50 329.89
1425 17.73 293.06 474.68 0.70 327.00
1426 19.79 493.84 585.95 1.10 326.49
1427 21.65 654.50 614.81 0.80 327.51
1428 23.34 794.73 694.61 0.90 328.60
1429 24.49 806.78 621.74 0.50 330.39
1430 25.25 793.51 656.89 0.90 332.57
1431 25.50 678.19 624.39 0.90 334.75
1432 25.16 509.58 543.80 0.90 337.93
1433 24.20 324.83 465.80 1.30 342.45
1434 22.74 126.43 313.33 1.50 343.47
1435 21.94 7.60 0.00 1.10 341.69
1436 21.13 0.00 0.00 0.90 348.44
1437 20.32 0.00 0.00 1.70 347.04
1438 19.52 0.00 0.00 1.10 344.38
1439 18.71 0.00 0.00 1.30 343.46
1440 17.91 0.00 0.00 1.00 343.32
1441 17.39 0.00 0.00 0.90 345.79
1442 16.93 0.00 0.00 0.40 346.58
1443 16.46 0.00 0.00 0.90 343.15
1444 16.26 0.00 0.00 1.10 341.51
1445 16.06 0.00 0.00 0.90 341.19
1446 15.94 0.00 0.00 0.60 340.69
1447 15.82 3.37 0.00 0.60 342.79
1448 17.94 119.47 414.98 0.60 343.70
1449 19.99 351.66 702.68 2.10 339.96
1450 22.06 587.23 867.28 2.40 333.37
1451 23.95 777.76 960.48 4.51 326.36
1452 25.36 901.49 994.58 5.61 324.83
1453 26.40 948.19 1000.54 5.31 327.54
1454 27.08 914.59 741.28 6.71 325.70
1455 25.66 188.29 13.35 5.31 363.39
1456 24.14 48.64 0.00 6.11 367.54
1457 22.71 30.63 0.00 4.91 365.97
1458 21.88 153.34 336.24 4.91 332.24
1459 21.30 10.27 0.00 3.21 336.39
1460 20.71 0.00 0.00 2.71 341.56
1461 20.13 0.00 0.00 3.01 340.04
1462 19.55 0.00 0.00 3.91 340.22
1463 18.96 0.00 0.00 3.91 342.35
1464 18.38 0.00 0.00 3.91 338.45
1465 17.56 0.00 0.00 2.71 334.88
1466 16.64 0.00 0.00 1.30 332.55
1467 15.73 0.00 0.00 2.10 333.87
1468 15.22 0.00 0.00 1.90 328.49
1469 14.72 0.00 0.00 1.70 324.73
1470 14.35 0.00 0.00 1.50 321.03
1471 13.99 3.02 0.00 2.30 316.35
1472 16.18 109.02 301.83 3.21 318.96
1473 18.29 319.43 580.01 1.50 320.46
1474 20.51 544.42 739.39 1.40 318.71
1475 22.50 722.68 809.40 1.30 314.34
1476 24.08 821.83 776.08 1.50 315.46
1477 25.21 852.07 738.84 1.50 318.18
1478 25.68 821.02 738.53 1.90 317.99
1479 25.88 722.72 741.94 2.30 319.35
1480 25.59 552.74 673.25 3.21 318.87
1481 24.75 341.67 554.58 4.91 326.30
1482 23.20 131.18 359.71 4.11 331.73
1483 22.32 7.89 0.00 4.31 329.12
1484 21.44 0.00 0.00 2.71 331.66
1485 20.56 0.00 0.00 3.21 330.62
1486 19.68 0.00 0.00 2.71 333.91
1487 18.79 0.00 0.00 1.70 334.00
1488 17.91 0.00 0.00 2.71 337.62
1489 17.42 0.00 0.00 4.51 335.52
1490 16.89 0.00 0.00 3.91 337.89
1491 16.35 0.00 0.00 4.51 338.00
1492 16.05 0.00 0.00 4.31 338.69
1493 15.76 0.00 0.00 4.31 337.94
1494 15.55 0.00 0.00 2.40 338.56
1495 15.33 2.79 0.00 3.21 340.50
1496 17.62 108.48 236.19 4.11 345.48
1497 19.76 312.78 485.82 4.31 338.59
1498 22.02 531.86 653.47 5.31 338.80
1499 23.99 693.34 675.48 4.51 338.59
1500 25.45 762.43 591.93 5.61 337.40
1501 26.04 739.01 461.38 5.91 335.29
1502 26.29 636.25 289.80 6.71 339.00
1503 26.17 519.24 195.23 6.71 345.20
1504 25.71 420.33 198.64 6.11 351.65
1505 24.96 272.40 171.93 5.11 346.18
1506 23.68 129.01 281.67 6.11 344.37
1507 22.90 7.95 0.00 5.61 344.51
1508 22.12 0.00 0.00 5.91 351.26
1509 21.34 0.00 0.00 5.71 349.64
1510 20.56 0.00 0.00 4.81 350.03
1511 19.79 0.00 0.00 5.11 346.65
1512 19.01 0.00 0.00 6.11 348.60
1513 18.45 0.00 0.00 5.71 347.02
1514 17.84 0.00 0.00 5.31 344.11
1515 17.23 0.00 0.00 5.61 343.20
1516 16.90 0.00 0.00 5.31 339.33
1517 16.57 0.00 0.00 5.31 340.90
1518 16.33 0.00 0.00 6.71 338.66
1519 16.09 3.25 0.00 5.31 341.30
1520 18.30 102.61 247.78 4.51 346.85
1521 20.52 307.99 466.75 4.51 343.69
1522 22.72 511.98 586.38 4.11 346.44
1523 24.62 660.88 573.89 3.91 343.27
1524 25.91 757.25 597.60 5.61 339.62
1525 26.92 803.69 607.51 3.61 336.49
1526 27.57 779.42 626.38 5.31 336.98
1527 27.86 700.42 648.18 5.91 335.64
1528 27.70 546.81 653.07 5.31 337.86
1529 26.90 337.50 512.66 6.91 343.59
1530 25.62 131.77 292.19 6.41 350.11
1531 24.85 8.33 0.00 4.31 347.62
1532 23.88 0.00 0.00 3.01 353.40
1533 22.90 0.00 0.00 3.21 350.56
1534 21.92 0.00 0.00 4.31 349.55
1535 20.95 0.00 0.00 4.11 347.70
1536 19.97 0.00 0.00 2.71 344.42
1537 19.21 0.00 0.00 1.50 342.46
1538 18.38 0.00 0.00 1.90 339.80
1539 17.55 0.00 0.00 2.71 334.50
1540 17.09 0.00 0.00 2.40 334.92
1541 16.64 0.00 0.00 1.50 337.49
1542 16.31 0.00 0.00 1.00 335.51
1543 15.99 3.44 0.00 0.70 335.71
1544 17.80 88.10 90.12 1.10 340.09
1545 19.62 265.48 193.22 1.50 333.45
1546 21.47 448.16 357.40 3.21 331.86
1547 23.21 606.69 410.94 2.40 330.45
1548 24.57 686.73 406.18 4.51 329.36
1549 25.42 729.99 412.83 3.61 328.66
1550 26.10 753.86 537.12 2.40 327.29
1551 26.41 673.78 557.04 2.71 328.02
1552 26.37 543.42 607.42 3.01 327.25
1553 25.71 340.50 455.07 3.01 330.34
1554 24.61 136.07 231.85 3.21 335.23
1555 23.61 10.02 0.00 3.01 335.31
1556 22.61 0.00 0.00 3.21 341.17
1557 21.61 0.00 0.00 3.91 340.60
1558 20.62 0.00 0.00 4.91 340.25
1559 19.62 0.00 0.00 5.31 337.75
1560 18.62 0.00 0.00 5.91 333.34
1561 17.94 0.00 0.00 6.41 327.24
1562 17.17 0.00 0.00 5.71 327.88
1563 16.41 0.00 0.00 7.11 327.03
1564 15.99 0.00 0.00 6.71 324.97
1565 15.57 0.00 0.00 4.31 322.10
1566 15.26 0.00 0.00 3.01 323.97
1567 14.96 4.90 0.00 2.71 324.91
1568 17.56 123.37 391.84 2.71 331.11
1569 19.86 342.76 622.26 2.71 326.51
1570 22.17 562.68 748.34 3.01 324.50
1571 24.26 743.22 824.58 2.30 318.27
1572 25.73 851.41 822.32 3.01 323.61
1573 26.80 891.55 821.31 2.71 322.99
1574 27.47 859.83 822.98 4.81 325.83
1575 27.68 746.12 780.70 3.61 330.89
1576 27.39 578.05 741.74 3.01 332.98
1577 26.48 367.83 638.73 3.91 334.89
1578 25.21 146.89 440.40 4.11 339.61
1579 24.32 9.78 0.00 4.51 341.09
1580 23.42 0.00 0.00 3.61 347.32
1581 22.53 0.00 0.00 3.21 349.48
1582 21.64 0.00 0.00 2.40 346.45
1583 20.74 0.00 0.00 1.90 344.34
1584 19.85 0.00 0.00 3.01 343.30
1585 19.30 0.00 0.00 3.01 343.55
1586 18.70 0.00 0.00 1.70 341.03
1587 18.09 0.00 0.00 1.70 339.81
1588 17.77 0.00 0.00 1.70 341.49
1589 17.45 0.00 0.00 1.40 341.62
1590 17.21 0.00 0.00 3.61 337.07
1591 16.98 5.02 0.00 3.91 336.00
1592 19.52 119.80 237.62 4.51 341.44
1593 21.59 316.00 448.38 5.11 339.76
1594 23.66 511.25 537.95 3.91 344.62
1595 25.36 670.87 569.36 3.91 338.67
1596 26.61 749.87 530.91 3.21 335.74
1597 27.63 815.56 577.70 2.40 332.64
1598 28.36 822.73 645.02 2.71 332.16
1599 28.53 660.60 504.43 3.91 335.72
1600 28.18 495.00 411.37 3.21 332.19
1601 27.26 296.34 300.45 3.01 336.23
1602 25.98 115.32 132.74 3.21 342.75
1603 25.35 9.60 0.00 2.40 343.20
1604 24.46 0.00 0.00 2.30 350.13
1605 23.56 0.00 0.00 2.30 348.92
1606 22.67 0.00 0.00 1.70 351.86
1607 21.77 0.00 0.00 2.71 350.48
1608 20.87 0.00 0.00 2.30 353.19
1609 20.18 0.00 0.00 2.40 346.84
1610 19.43 0.00 0.00 3.21 344.66
1611 18.67 0.00 0.00 3.91 344.60
1612 18.27 0.00 0.00 3.61 344.41
1613 17.86 0.00 0.00 1.90 339.06
1614 17.57 0.00 0.00 2.71 339.57
1615 17.28 5.47 0.00 3.01 336.23
1616 19.80 120.97 220.02 2.71 339.30
1617 21.85 317.89 441.74 4.31 335.17
1618 23.80 502.60 495.71 4.11 332.08
1619 25.58 694.90 615.49 3.61 326.56
1620 27.07 828.36 701.39 3.01 325.28
1621 28.03 822.62 584.56 3.61 332.18
1622 28.59 781.26 598.75 3.91 334.06
1623 28.79 688.63 571.43 2.71 331.74
1624 28.49 525.93 531.64 2.71 330.13
1625 27.65 333.44 456.59 3.61 332.48
1626 26.37 131.31 252.99 3.21 339.99
1627 25.45 9.99 0.00 2.40 341.41
1628 24.56 0.00 0.00 1.70 346.26
1629 23.49 0.00 0.00 1.30 344.09
1630 22.42 0.00 0.00 1.10 342.63
1631 21.35 0.00 0.00 1.30 337.50
1632 20.28 0.00 0.00 1.00 336.03
1633 19.47 0.00 0.00 1.50 336.77
1634 18.57 0.00 0.00 2.30 334.80
1635 17.67 0.00 0.00 4.31 333.06
1636 17.18 0.00 0.00 3.91 338.04
1637 16.69 0.00 0.00 2.30 339.10
1638 16.33 0.00 0.00 2.71 339.71
1639 15.97 5.99 0.00 3.21 339.85
1640 18.19 107.89 209.57 2.71 345.67
1641 20.03 288.65 326.73 4.11 343.32
1642 21.97 482.68 418.90 2.40 341.49
1643 23.76 646.10 496.03 2.71 337.23
1644 25.31 764.14 546.86 1.70 337.36
1645 26.33 858.43 660.53 2.10 335.31
1646 27.05 830.34 690.48 2.30 335.62
1647 27.39 749.01 741.78 1.90 337.18
1648 27.27 577.17 668.28 1.70 339.19
1649 26.49 362.38 517.37 1.70 340.89
1650 25.36 146.18 284.99 2.30 349.13
1651 24.42 11.58 0.00 3.61 352.44
1652 23.47 0.00 0.00 4.91 356.30
1653 22.53 0.00 0.00 4.31 356.42
1654 21.58 0.00 0.00 3.61 351.94
1655 20.63 0.00 0.00 3.61 351.82
1656 19.69 0.00 0.00 3.61 347.17
1657 19.11 0.00 0.00 3.91 347.56
1658 18.48 0.00 0.00 4.51 347.94
1659 17.85 0.00 0.00 3.91 347.97
1660 17.51 0.00 0.00 4.91 347.14
1661 17.16 0.00 0.00 3.01 344.90
1662 16.92 0.00 0.00 2.40 343.39
1663 16.67 6.66 0.00 2.71 342.63
1664 19.19 118.82 201.55 3.01 348.33
1665 21.27 315.52 410.55 4.81 347.35
1666 23.50 532.00 581.07 4.81 346.60
1667 25.31 666.79 530.91 4.11 344.49
1668 26.41 750.42 537.14 4.11 346.40
1669 27.35 794.75 547.95 3.01 347.61
1670 27.95 770.58 536.84 2.10 344.74
1671 28.23 707.58 619.99 3.61 343.22
1672 27.98 523.08 481.95 3.21 346.12
1673 27.06 301.41 300.32 3.61 352.30
1674 25.78 122.58 148.96 1.90 360.01
1675 25.12 11.31 0.00 0.80 355.94
1676 24.22 0.00 0.00 0.60 361.21
1677 23.33 0.00 0.00 0.90 360.35
1678 22.43 0.00 0.00 0.80 355.79
1679 21.53 0.00 0.00 0.50 348.19
1680 20.64 0.00 0.00 0.50 347.80
1681 19.98 0.00 0.00 0.80 348.43
1682 19.26 0.00 0.00 0.30 347.24
1683 18.54 0.00 0.00 0.30 346.96
1684 18.15 0.00 0.00 0.10 344.14
1685 17.76 0.00 0.00 0.10 344.01
1686 17.48 0.00 0.00 0.10 341.68
1687 17.20 7.30 0.00 0.30 340.43
1688 19.34 105.57 109.73 0.20 343.54
1689 21.16 285.74 292.52 0.30 339.75
1690 22.82 443.04 285.34 0.30 339.23
1691 24.14 542.50 228.02 0.50 335.12
1692 25.83 820.36 594.54 0.60 325.80
1693 26.70 749.01 408.05 1.00 330.22
1694 27.40 782.25 537.63 1.30 328.97
1695 27.39 552.04 231.33 1.50 338.27
1696 27.11 468.69 318.45 1.10 333.44
1697 26.26 267.19 159.08 1.30 340.16
1698 25.13 74.64 0.00 1.70 354.23
1699 24.33 10.20 0.00 1.40 359.31
1700 23.53 0.00 0.00 1.90 367.09
1701 22.72 0.00 0.00 1.00 365.39
1702 21.92 0.00 0.00 1.90 363.29
1703 21.12 0.00 0.00 4.11 361.37
1704 20.31 0.00 0.00 4.81 358.42
1705 19.77 0.00 0.00 5.11 354.51
1706 19.19 0.00 0.00 4.81 348.02
1707 18.60 0.00 0.00 4.51 345.83
1708 18.29 0.00 0.00 4.31 346.33
1709 17.97 0.00 0.00 2.10 341.50
1710 17.75 0.00 0.00 2.71 343.03
1711 17.52 9.18 0.00 1.90 341.77
1712 20.03 118.34 125.76 4.11 346.49
1713 21.83 289.24 283.45 5.71 346.57
1714 24.00 511.54 449.04 4.91 344.56
1715 25.69 669.71 533.62 4.91 341.38
1716 27.24 824.21 599.09 5.31 337.96
1717 28.23 816.06 543.12 6.91 339.07
1718 28.89 800.75 585.87 8.02 341.81
1719 29.00 637.38 406.51 7.41 344.16
1720 28.61 483.49 350.88 7.41 345.18
1721 27.67 285.75 168.88 6.41 352.72
1722 26.39 112.18 93.47 5.61 354.07
1723 25.65 11.28 0.00 5.71 351.40
1724 25.01 0.00 0.00 5.31 354.89
1725 24.16 0.00 0.00 3.91 352.46
1726 23.30 0.00 0.00 4.51 353.37
1727 22.45 0.00 0.00 3.61 354.18
1728 21.59 0.00 0.00 2.40 351.81
1729 20.93 0.00 0.00 3.21 350.83
1730 20.17 0.00 0.00 3.21 346.98
1731 19.41 0.00 0.00 4.11 347.20
1732 18.98 0.00 0.00 4.31 346.96
1733 18.55 0.00 0.00 3.21 342.22
1734 18.23 0.00 0.00 3.21 342.92
1735 17.91 9.46 0.00 2.71 345.44
1736 20.56 128.56 226.62 2.71 357.49
1737 22.65 334.12 447.31 3.01 355.97
1738 24.78 544.28 599.25 4.91 353.08
1739 26.28 694.35 569.35 6.91 344.33
1740 27.61 810.75 606.65 7.11 346.65
1741 28.63 862.28 645.75 7.72 345.91
1742 29.25 830.42 637.84 8.32 349.18
1743 29.38 694.25 574.29 9.22 358.55
1744 28.94 509.91 417.44 10.02 366.05
1745 27.97 317.75 354.80 8.72 371.16
1746 26.63 127.85 156.72 8.32 379.04
1747 26.20 12.82 0.00 8.02 378.52
1748 25.77 0.00 0.00 13.13 386.23
1749 25.35 0.00 0.00 13.13 384.88
1750 25.01 0.00 0.00 10.02 386.12
1751 24.52 0.00 0.00 9.52 384.31
1752 24.02 0.00 0.00 8.92 387.17
1753 23.94 0.00 0.00 6.41 371.80
1754 23.91 0.00 0.00 7.11 373.00
1755 23.88 0.00 0.00 6.71 388.17
1756 23.88 0.00 0.00 7.11 396.53
1757 23.89 0.00 0.00 5.11 396.34
1758 23.91 0.00 0.00 4.81 389.25
1759 23.93 9.83 0.00 4.51 390.89
1760 26.42 118.02 114.21 4.31 393.52
1761 28.19 289.03 174.69 4.31 389.74
1762 29.96 460.02 303.17 5.31 385.66
1763 31.49 583.11 297.58 5.61 384.50
1764 33.04 735.40 449.10 5.91 378.01
1765 34.50 855.96 583.57 7.72 372.50
1766 35.36 773.90 520.72 8.32 373.42
1767 35.76 682.23 535.56 7.41 375.60
1768 35.59 509.17 390.02 8.92 377.94
1769 34.53 251.63 117.72 8.72 389.79
1770 33.27 115.60 101.76 8.02 387.57
1771 32.27 11.71 0.00 6.91 387.92
1772 31.27 0.00 0.00 6.91 392.20
1773 30.28 0.00 0.00 5.71 387.90
1774 29.28 0.00 0.00 6.41 385.85
1775 28.28 0.00 0.00 5.71 383.87
1776 27.28 0.00 0.00 3.61 379.99
1777 26.11 0.00 0.00 2.71 377.92
1778 24.87 0.00 0.00 2.71 373.53
1779 23.35 0.00 0.00 1.90 367.89
1780 22.51 0.00 0.00 1.70 364.19
1781 21.67 0.00 0.00 0.90 358.56
1782 21.05 0.00 0.00 0.90 357.16
1783 20.44 10.40 0.00 1.00 356.79
1784 22.38 111.25 96.40 0.80 359.64
1785 23.86 284.87 169.94 1.40 360.33
1786 25.48 509.26 421.05 3.21 359.66
1787 26.78 655.70 464.76 3.91 358.40
1788 27.98 801.63 569.28 3.91 357.00
1789 28.86 848.43 585.00 4.51 357.90
1790 29.29 779.98 525.82 3.91 361.12
1791 29.39 689.11 574.64 2.71 362.68
1792 29.09 533.37 488.47 2.71 362.67
1793 28.29 343.27 420.36 2.40 367.95
1794 27.13 148.70 233.56 3.61 373.93
1795 26.36 12.88 0.00 2.30 373.40
1796 25.59 0.00 0.00 2.71 375.13
1797 24.90 0.00 0.00 1.70 375.79
1798 24.00 0.00 0.00 1.00 371.17
1799 23.11 0.00 0.00 1.50 366.37
1800 22.21 0.00 0.00 3.21 362.71
1801 22.02 0.00 0.00 5.31 364.15
1802 21.81 0.00 0.00 7.41 366.02
1803 21.60 0.00 0.00 8.72 365.52
1804 21.49 0.00 0.00 7.41 369.34
1805 21.38 0.00 0.00 6.41 368.99
1806 21.30 0.00 0.00 4.81 372.56
1807 21.22 12.41 0.00 5.31 372.93
1808 24.18 126.96 183.15 5.71 379.12
1809 26.33 339.51 426.88 6.91 374.85
1810 28.16 507.04 408.91 8.32 378.20
1811 29.69 628.87 378.97 7.41 369.52
1812 30.82 686.12 319.24 8.02 368.14
1813 31.78 744.13 358.78 8.92 368.46
1814 32.39 723.91 385.87 8.32 371.06
1815 32.78 696.26 561.23 8.92 370.90
1816 32.53 494.65 373.33 8.02 377.20
1817 31.76 327.15 372.89 6.71 378.79
1818 30.51 130.11 146.64 5.31 382.97
1819 29.75 12.80 0.00 4.81 377.49
1820 29.00 0.00 0.00 4.11 379.20
1821 28.24 0.00 0.00 3.61 375.66
1822 27.49 0.00 0.00 4.31 373.79
1823 26.73 0.00 0.00 4.81 371.57
1824 25.98 0.00 0.00 4.91 369.25
1825 25.43 0.00 0.00 3.61 368.98
1826 24.55 0.00 0.00 4.51 367.76
1827 23.67 0.00 0.00 5.71 362.54
1828 23.19 0.00 0.00 6.41 363.50
1829 22.72 0.00 0.00 5.31 363.27
1830 22.38 0.00 0.00 3.61 358.28
1831 22.04 12.40 0.00 3.91 357.06
1832 25.13 151.87 347.19 5.11 365.39
1833 26.87 365.58 545.01 5.31 361.97
1834 28.62 562.94 613.45 5.11 360.10
1835 30.24 735.93 653.39 4.91 353.84
1836 31.52 826.63 613.51 5.11 355.15
1837 32.42 850.81 604.98 5.91 359.20
1838 32.96 817.05 583.11 9.22 363.02
1839 33.05 683.87 526.04 7.41 366.96
1840 32.59 505.05 396.85 6.41 369.24
1841 31.67 325.26 346.46 6.11 372.80
1842 30.35 126.11 126.13 5.91 377.42
1843 29.28 13.06 0.00 6.91 379.50
1844 28.22 0.00 0.00 6.41 383.59
1845 27.15 0.00 0.00 6.71 383.58
1846 26.09 0.00 0.00 7.72 385.85
1847 25.13 0.00 0.00 8.32 381.21
1848 23.89 0.00 0.00 7.11 378.78
1849 22.94 0.00 0.00 7.41 379.24
1850 21.88 0.00 0.00 8.32 374.63
1851 20.81 0.00 0.00 8.72 371.75
1852 20.22 0.00 0.00 8.32 375.72
1853 19.63 0.00 0.00 6.11 371.28
1854 19.19 0.00 0.00 6.11 372.85
1855 18.76 11.94 0.00 5.71 371.32
1856 20.86 142.14 243.69 5.71 381.74
1857 22.72 289.69 161.73 6.11 387.83
1858 24.10 427.94 204.43 6.91 389.30
1859 25.76 681.19 498.93 7.41 383.34
1860 26.96 761.74 483.00 7.11 370.94
1861 27.35 633.74 202.59 6.41 371.56
1862 27.48 589.66 179.72 6.91 388.69
1863 27.98 773.38 640.20 6.91 362.14
1864 27.77 504.46 358.56 6.91 369.95
1865 26.90 271.12 147.26 7.72 377.12
1866 25.68 112.43 77.38 7.41 395.97
1867 25.20 10.96 0.00 8.32 379.15
1868 24.41 0.00 0.00 8.32 379.28
1869 23.62 0.00 0.00 6.91 377.54
1870 22.84 0.00 0.00 6.41 377.06
1871 22.05 0.00 0.00 3.91 369.51
1872 21.04 0.00 0.00 3.61 377.83
1873 20.98 0.00 0.00 2.40 377.26
1874 20.67 0.00 0.00 1.90 375.27
1875 20.36 0.00 0.00 3.21 373.29
1876 20.20 0.00 0.00 3.01 372.15
1877 20.04 0.00 0.00 2.71 371.01
1878 19.92 0.00 0.00 3.21 370.15
1879 19.81 12.85 0.00 3.21 369.30
1880 22.56 123.67 111.75 3.91 381.52
1881 24.49 297.86 172.90 4.81 386.56
1882 26.55 538.09 449.03 3.91 366.91
1883 28.51 729.46 622.15 2.71 355.30
1884 29.70 736.30 408.69 4.51 359.05
1885 30.52 743.62 383.67 4.81 361.37
1886 30.92 679.45 295.95 5.61 365.68
1887 30.88 544.20 212.27 4.91 366.05
1888 30.39 419.48 174.04 4.81 365.20
1889 29.59 294.65 198.94 3.91 365.26
1890 28.32 92.15 31.26 4.91 377.67
1891 27.60 8.51 0.00 5.71 375.24
1892 26.88 0.00 0.00 6.41 375.34
1893 26.15 0.00 0.00 6.11 374.28
1894 25.43 0.00 0.00 6.41 370.77
1895 24.77 0.00 0.00 5.91 367.49
1896 23.93 0.00 0.00 5.31 360.12
1897 23.17 0.00 0.00 5.91 356.39
1898 22.32 0.00 0.00 5.11 354.97
1899 21.47 0.00 0.00 5.11 351.57
1900 21.00 0.00 0.00 4.91 351.12
1901 20.53 0.00 0.00 5.31 349.89
1902 20.18 0.00 0.00 6.11 348.96
1903 19.83 14.75 0.00 5.91 349.82
1904 22.88 144.67 273.45 5.61 355.08
1905 25.02 350.37 432.32 5.71 353.20
1906 26.52 516.52 408.49 5.71 355.57
1907 28.04 679.43 489.41 6.41 348.18
1908 29.35 794.99 552.14 7.72 353.44
1909 30.29 824.07 579.05 10.52 355.75
1910 30.91 814.82 560.60 8.32 356.47
1911 31.18 739.22 635.83 9.52 355.30
1912 31.00 581.03 628.66 10.52 354.76
1913 30.21 380.92 507.02 9.22 358.90
1914 28.92 161.88 283.80 11.02 364.77
1915 28.07 16.63 0.00 11.92 366.72
1916 27.23 0.00 0.00 11.02 372.00
1917 26.39 0.00 0.00 10.52 374.20
1918 25.54 0.00 0.00 9.52 372.64
1919 24.76 0.00 0.00 9.52 376.94
1920 23.78 0.00 0.00 11.02 379.44
1921 23.10 0.00 0.00 11.92 375.97
1922 22.41 0.00 0.00 11.42 371.18
1923 21.71 0.00 0.00 13.13 367.91
1924 21.35 0.00 0.00 10.52 369.72
1925 21.00 0.00 0.00 9.52 368.22
1926 20.75 0.00 0.00 7.72 368.83
1927 21.04 12.25 0.00 8.02 369.44
1928 22.25 110.74 66.66 6.41 373.27
1929 24.32 313.46 231.22 6.11 369.20
1930 26.41 537.89 442.71 7.72 362.02
1931 28.24 673.83 463.13 9.52 362.31
1932 30.01 827.83 582.06 10.22 364.81
1933 31.30 837.23 563.03 10.02 363.11
1934 31.98 734.54 389.56 8.02 365.59
1935 32.39 686.19 506.66 6.41 362.24
1936 32.37 526.15 437.04 5.91 367.03
1937 31.69 325.77 327.90 4.81 371.99
1938 30.53 132.73 136.13 3.61 381.19
1939 29.22 13.98 0.00 1.90 376.69
1940 28.23 0.00 0.00 2.71 379.77
1941 27.25 0.00 0.00 2.71 379.43
1942 26.27 0.00 0.00 2.30 377.27
1943 25.44 0.00 0.00 1.40 376.32
1944 24.30 0.00 0.00 1.00 372.53
1945 23.26 0.00 0.00 1.50 372.52
1946 22.14 0.00 0.00 2.40 368.95
1947 21.02 0.00 0.00 2.71 370.66
1948 20.42 0.00 0.00 4.11 369.10
1949 19.82 0.00 0.00 4.81 364.61
1950 19.39 0.00 0.00 5.71 365.51
1951 19.69 16.47 0.00 6.91 365.23
1952 20.92 130.78 147.43 7.11 367.92
1953 23.25 387.11 447.60 8.02 357.65
1954 25.45 604.77 593.07 7.41 346.80
1955 26.68 612.82 300.80 5.91 354.23
1956 27.71 683.23 279.44 6.71 360.23
1957 28.99 880.75 545.17 6.11 354.68
1958 29.34 642.71 240.51 6.71 365.79
1959 29.22 482.57 130.71 5.71 371.35
1960 28.82 395.76 130.57 3.91 369.22
1961 28.17 294.47 159.00 3.01 366.79
1962 27.18 138.61 161.04 3.61 368.72
1963 26.01 13.08 0.00 4.51 364.33
1964 25.45 0.00 0.00 4.81 365.99
1965 24.63 0.00 0.00 4.51 365.83
1966 23.80 0.00 0.00 4.11 365.90
1967 22.98 0.00 0.00 3.01 361.08
1968 22.15 0.00 0.00 3.61 361.52
1969 21.72 0.00 0.00 3.91 360.45
1970 21.27 0.00 0.00 3.21 360.75
1971 20.83 0.00 0.00 3.61 360.93
1972 20.60 0.00 0.00 4.51 362.53
1973 20.37 0.00 0.00 4.51 361.89
1974 20.21 0.00 0.00 3.91 359.45
1975 20.63 16.74 0.00 4.31 356.42
1976 22.25 142.86 142.53 3.91 358.07
1977 24.52 343.99 355.68 3.91 349.67
1978 26.71 565.69 528.52 2.71 338.37
1979 28.47 665.36 413.10 4.31 344.62
1980 29.91 735.51 386.98 4.91 347.02
1981 30.97 748.52 389.71 4.51 347.40
1982 31.63 700.62 331.99 3.91 345.58
1983 31.96 628.71 343.77 4.11 343.09
1984 31.98 516.42 400.47 3.21 345.83
1985 31.36 331.23 337.78 4.11 345.55
1986 30.31 161.58 191.42 3.91 352.26
1987 29.00 19.08 0.00 4.51 348.64
1988 28.01 0.00 0.00 3.61 353.23
1989 27.03 0.00 0.00 3.21 354.42
1990 26.04 0.00 0.00 3.61 351.37
1991 25.17 0.00 0.00 3.61 353.10
1992 24.03 0.00 0.00 1.90 349.79
1993 22.95 0.00 0.00 2.71 353.37
1994 21.78 0.00 0.00 3.01 351.91
1995 20.61 0.00 0.00 2.71 352.95
1996 19.98 0.00 0.00 1.70 350.25
1997 19.35 0.00 0.00 1.90 346.93
1998 18.89 0.00 0.00 2.30 341.93
1999 19.26 19.32 0.00 1.90 341.76
2000 20.96 169.53 305.77 1.70 349.67
2001 23.06 370.37 433.78 2.10 346.78
2002 25.12 548.08 462.37 2.30 344.86
2003 26.77 725.91 566.10 4.51 342.42
2004 28.25 823.73 577.73 5.61 343.76
2005 29.43 872.32 613.06 5.61 344.29
2006 29.98 748.93 417.64 6.11 348.49
2007 30.21 670.24 465.63 6.41 346.54
2008 30.07 531.51 427.24 6.41 345.85
2009 29.38 355.08 422.09 6.41 349.48
2010 28.15 135.63 166.11 8.32 363.00
2011 26.79 16.91 0.00 5.61 364.03
2012 26.08 0.00 0.00 5.31 365.69
2013 25.37 0.00 0.00 5.11 370.08
2014 24.72 0.00 0.00 4.51 368.71
2015 23.90 0.00 0.00 4.31 365.07
2016 23.08 0.00 0.00 3.61 362.68
2017 22.70 0.00 0.00 3.21 359.38
2018 22.31 0.00 0.00 2.10 356.33
2019 21.93 0.00 0.00 1.50 355.69
2020 21.73 0.00 0.00 3.91 356.57
2021 21.53 0.00 0.00 4.91 356.43
2022 21.39 0.00 0.00 3.21 356.77
2023 21.97 22.51 0.00 3.61 357.17
2024 23.90 171.39 358.17 2.10 361.55
2025 26.11 385.74 509.65 1.90 357.23
2026 28.35 595.04 623.42 2.10 352.99
2027 30.49 773.33 664.31 3.01 349.30
2028 32.25 862.95 640.22 3.61 349.30
2029 33.54 885.79 610.14 4.11 354.82
2030 34.40 822.80 550.34 2.40 362.20
2031 34.79 717.27 588.04 3.91 360.51
2032 34.69 560.05 528.10 4.51 363.82
2033 33.92 371.19 472.70 2.71 368.71
2034 32.67 162.43 367.80 2.10 375.00
2035 31.16 18.22 0.00 2.40 373.05
2036 30.26 0.00 0.00 1.90 382.05
2037 29.36 0.00 0.00 2.71 377.34
2038 28.46 0.00 0.00 1.30 377.00
2039 27.56 0.00 0.00 2.10 380.74
2040 26.65 0.00 0.00 2.10 378.40
2041 25.80 0.00 0.00 1.40 378.82
2042 24.96 0.00 0.00 1.70 377.69
2043 23.88 0.00 0.00 1.50 375.55
2044 23.30 0.00 0.00 2.40 374.01
2045 22.72 0.00 0.00 2.30 373.45
2046 22.30 0.00 0.00 1.90 373.23
2047 22.82 24.56 0.00 2.30 370.17
2048 24.75 189.06 454.43 2.40 376.96
2049 26.79 415.57 626.57 3.61 376.79
2050 28.93 629.03 719.07 2.71 370.13
2051 30.88 794.90 740.69 4.11 370.56
2052 32.53 901.74 754.61 5.11 373.14
2053 33.73 924.20 717.62 5.31 379.86
2054 34.57 885.89 719.55 5.61 377.76
2055 34.99 794.94 758.87 4.91 375.43
2056 34.88 608.86 680.73 3.21 380.88
2057 34.03 389.74 584.48 4.11 383.82
2058 32.70 170.14 415.66 3.21 392.03
2059 31.13 18.14 0.00 3.21 385.38
2060 30.36 0.00 0.00 2.40 392.30
2061 29.58 0.00 0.00 1.70 395.98
2062 28.81 0.00 0.00 1.30 396.55
2063 28.03 0.00 0.00 1.00 394.38
2064 27.26 0.00 0.00 2.30 393.59
2065 26.83 0.00 0.00 1.30 390.67
2066 26.37 0.00 0.00 0.60 389.86
2067 25.91 0.00 0.00 0.90 389.77
2068 25.66 0.00 0.00 0.70 394.29
2069 25.42 0.00 0.00 0.60 394.80
2070 25.40 0.00 0.00 0.50 396.28
2071 25.80 25.44 2.95 0.40 394.85
2072 27.61 186.30 413.73 0.40 396.14
2073 29.86 404.22 565.41 0.40 394.28
2074 32.15 610.10 649.17 0.50 391.20
2075 34.30 781.55 684.62 0.50 391.76
2076 36.20 884.51 687.57 1.30 392.11
2077 37.68 920.66 697.59 1.00 394.45
2078 38.64 871.98 667.56 1.50 395.89
2079 39.09 767.36 676.64 1.50 401.44
2080 39.04 599.37 657.46 1.50 406.27
2081 38.21 390.84 583.16 1.70 407.43
2082 36.76 169.78 404.86 1.40 413.22
2083 35.06 18.39 0.00 1.30 409.90
2084 33.87 0.00 0.00 1.30 413.61
2085 32.76 0.00 0.00 1.50 410.99
2086 31.64 0.00 0.00 1.50 409.06
2087 30.51 0.00 0.00 1.40 405.44
2088 29.38 0.00 0.00 1.50 404.42
2089 28.39 0.00 0.00 2.10 399.08
2090 27.34 0.00 0.00 1.90 396.39
2091 26.29 0.00 0.00 3.01 391.72
2092 25.74 0.00 0.00 3.01 387.29
2093 25.33 0.00 0.00 1.50 386.40
2094 24.88 0.00 0.00 1.30 385.62
2095 25.35 29.23 34.40 1.90 385.36
2096 27.07 204.32 458.66 1.70 390.89
2097 29.24 443.55 685.14 2.10 388.48
2098 31.44 668.88 820.19 2.30 380.69
2099 33.33 826.29 824.82 3.91 379.19
2100 35.13 955.14 840.47 3.01 375.94
2101 36.26 908.39 616.09 2.71 379.63
2102 36.91 841.78 573.47 3.01 382.36
2103 37.07 700.57 510.38 2.30 381.66
2104 36.79 558.07 504.24 2.10 381.11
2105 35.89 361.61 443.73 1.70 383.17
2106 34.52 156.00 302.41 1.40 388.17
2107 33.02 17.06 0.00 1.90 386.80
2108 31.68 0.00 0.00 1.40 393.67
2109 30.35 0.00 0.00 2.10 386.07
2110 29.01 0.00 0.00 1.70 380.52
2111 27.67 0.00 0.00 1.90 377.66
2112 26.34 0.00 0.00 1.70 371.21
2113 25.41 0.00 0.00 2.40 373.08
2114 24.10 0.00 0.00 2.71 369.14
2115 22.78 0.00 0.00 3.61 363.63
2116 22.08 0.00 0.00 3.21 361.29
2117 21.39 0.00 0.00 2.30 356.47
2118 20.90 0.00 0.00 2.40 354.84
2119 21.47 27.67 13.00 2.40 353.87
2120 23.26 186.11 373.28 4.31 357.41
2121 25.47 397.67 503.27 4.51 355.68
2122 27.25 600.11 595.75 4.51 348.48
2123 29.08 769.38 614.16 3.61 350.61
2124 30.63 874.19 638.54 2.71 349.92
2125 31.77 892.21 600.24 3.91 347.52
2126 32.54 866.12 637.47 3.21 342.30
2127 32.85 743.82 601.21 3.21 347.09
2128 32.69 565.99 542.78 3.61 349.66
2129 31.92 366.94 443.46 5.11 352.55
2130 30.66 154.16 288.30 5.31 363.00
2131 29.22 18.83 0.00 4.51 362.66
2132 27.98 0.00 0.00 3.21 363.76
2133 26.73 0.00 0.00 2.30 362.03
2134 25.49 0.00 0.00 1.30 357.42
2135 24.23 0.00 0.00 1.10 351.01
2136 22.78 0.00 0.00 1.90 351.01
2137 21.69 0.00 0.00 1.40 351.65
2138 20.52 0.00 0.00 2.10 345.85
2139 19.34 0.00 0.00 4.51 341.71
2140 18.72 0.00 0.00 5.31 340.77
2141 18.09 0.00 0.00 4.51 337.60
2142 17.64 0.00 0.00 4.91 329.80
2143 18.21 26.63 0.00 4.31 331.80
2144 20.01 182.80 334.81 4.31 334.93
2145 22.19 385.17 440.65 3.61 333.98
2146 24.24 549.08 411.04 4.51 332.38
2147 26.00 723.60 520.60 4.51 327.34
2148 27.51 829.27 594.31 5.31 331.22
2149 28.62 846.55 567.08 5.91 334.27
2150 29.35 812.45 541.03 6.91 335.57
2151 29.69 722.79 579.26 7.11 337.65
2152 29.65 575.41 556.48 7.72 342.55
2153 29.00 385.61 505.27 6.71 345.76
2154 27.82 173.97 372.80 9.22 353.30
2155 26.39 19.66 0.00 9.52 351.49
2156 25.40 0.00 0.00 8.92 359.38
2157 24.42 0.00 0.00 8.32 359.76
2158 23.27 0.00 0.00 7.41 352.68
2159 22.12 0.00 0.00 7.72 352.08
2160 20.96 0.00 0.00 7.41 351.21
2161 20.36 0.00 0.00 7.20 346.98
2162 19.53 0.00 0.00 5.90 346.68
2163 18.70 0.00 0.00 5.50 344.24
2164 18.24 0.00 0.00 6.10 344.43
2165 17.79 0.00 0.00 5.30 343.10
2166 17.46 0.00 0.00 4.90 345.56
2167 18.12 31.26 34.49 5.30 350.25
2168 20.05 201.55 394.12 7.60 350.79
2169 22.30 412.11 537.22 5.30 349.75
2170 24.64 625.04 629.90 5.10 345.99
2171 26.39 771.13 647.93 6.10 344.20
2172 27.92 879.21 637.05 5.90 340.24
2173 29.09 913.00 643.84 4.90 344.48
2174 29.85 871.74 642.00 4.80 349.89
2175 30.20 772.18 669.41 3.90 352.50
2176 30.12 605.55 642.44 1.40 353.51
2177 29.36 387.46 536.38 1.20 357.80
2178 28.09 169.79 374.77 1.40 364.70
2179 26.61 20.42 0.00 2.90 356.79
2180 25.62 0.00 0.00 2.90 362.98
2181 24.66 0.00 0.00 2.40 356.89
2182 23.51 0.00 0.00 2.90 352.73
2183 22.36 0.00 0.00 3.40 347.59
2184 21.22 0.00 0.00 4.10 344.97
2185 20.44 0.00 0.00 3.90 344.31
2186 19.61 0.00 0.00 3.40 338.18
2187 18.77 0.00 0.00 3.90 341.21
2188 18.32 0.00 0.00 5.30 344.71
2189 17.87 0.00 0.00 6.60 346.21
2190 17.55 0.00 0.00 6.10 343.50
2191 18.30 33.80 52.03 6.60 343.26
2192 20.40 211.94 463.29 5.60 349.53
2193 22.89 438.24 637.19 5.90 349.22
2194 25.39 650.43 720.82 6.60 339.70
2195 27.21 813.77 739.16 6.90 341.99
2196 28.86 917.24 749.86 6.60 343.98
2197 30.11 950.76 758.11 9.30 347.12
2198 30.91 898.85 721.51 9.70 347.85
2199 31.26 792.61 731.54 9.30 352.12
2200 31.13 613.52 664.27 8.90 355.06
2201 30.32 398.42 591.04 9.70 359.55
2202 28.98 176.12 412.06 8.00 365.92
2203 27.41 21.11 0.00 6.10 358.70
2204 26.48 0.00 0.00 5.60 366.68
2205 25.55 0.00 0.00 5.60 364.13
2206 24.64 0.00 0.00 7.20 360.30
2207 23.56 0.00 0.00 8.90 356.15
2208 22.48 0.00 0.00 8.40 355.81
2209 21.71 0.00 0.00 8.40 351.45
2210 20.89 0.00 0.00 7.60 347.71
2211 20.06 0.00 0.00 8.90 347.54
2212 19.62 0.00 0.00 9.70 348.20
2213 19.18 0.00 0.00 10.20 348.40
2214 18.87 0.00 0.00 8.00 352.59
2215 19.75 37.68 84.65 6.10 351.42
2216 21.98 221.02 467.13 6.10 354.41
2217 24.48 436.94 611.49 7.60 351.99
2218 26.17 556.94 394.33 6.60 349.55
2219 27.99 747.63 553.39 6.40 347.27
2220 29.87 941.51 748.67 5.90 345.71
2221 31.04 888.29 594.25 7.20 349.32
2222 31.91 889.26 645.50 7.20 346.83
2223 32.09 686.09 439.98 7.20 354.63
2224 32.09 625.69 666.62 5.60 352.89
2225 31.46 428.31 666.63 4.80 353.28
2226 30.18 181.57 436.09 5.10 361.24
2227 28.65 24.36 9.44 5.90 359.52
2228 27.60 0.00 0.00 6.10 368.38
2229 26.56 0.00 0.00 6.60 366.37
2230 25.51 0.00 0.00 6.10 367.72
2231 24.46 0.00 0.00 6.40 366.72
2232 23.25 0.00 0.00 5.30 362.62
2233 22.31 0.00 0.00 6.10 358.98
2234 21.31 0.00 0.00 5.90 351.35
2235 20.32 0.00 0.00 6.10 349.22
2236 19.79 0.00 0.00 7.20 350.47
2237 19.26 0.00 0.00 5.30 348.55
2238 18.89 0.00 0.00 5.50 346.68
2239 19.76 41.16 121.89 4.90 348.90
2240 21.88 232.61 469.90 5.50 346.55
2241 24.41 477.50 747.49 4.90 343.80
2242 26.58 703.48 850.69 4.30 337.58
2243 28.55 878.42 918.22 3.30 338.76
2244 30.19 986.14 869.90 2.10 340.16
2245 31.18 923.38 603.16 3.30 346.32
2246 31.50 760.49 428.25 3.40 352.78
2247 31.52 655.95 356.31 4.80 350.92
2248 30.40 309.56 58.21 4.10 365.95
2249 29.60 348.68 323.91 4.30 348.45
2250 28.37 150.76 159.06 4.90 351.14
2251 26.99 22.14 0.00 5.10 347.56
2252 26.22 0.00 0.00 4.10 351.94
2253 25.60 0.00 0.00 4.10 354.02
2254 24.70 0.00 0.00 4.30 355.92
2255 23.81 0.00 0.00 5.30 350.92
2256 22.91 0.00 0.00 4.80 350.17
2257 22.30 0.00 0.00 4.90 349.88
2258 21.67 0.00 0.00 5.10 347.22
2259 21.03 0.00 0.00 4.60 350.35
2260 20.69 0.00 0.00 4.80 348.82
2261 20.36 0.00 0.00 3.40 349.64
2262 20.12 0.00 0.00 3.40 351.00
2263 20.97 35.23 45.82 2.40 352.95
2264 23.07 205.80 355.87 1.90 351.72
2265 25.31 391.78 408.72 2.60 354.25
2266 27.16 580.74 466.32 2.90 350.29
2267 28.83 698.41 443.97 2.90 352.67
2268 30.28 792.51 508.82 4.10 356.66
2269 31.44 836.42 535.77 5.60 356.26
2270 32.20 798.76 513.18 5.30 355.72
2271 32.75 784.72 645.80 6.60 351.66
2272 32.78 598.45 602.35 6.90 353.87
2273 32.11 380.07 467.87 5.60 358.40
2274 30.85 152.92 223.10 5.10 369.97
2275 29.41 19.20 0.00 4.30 364.88
2276 28.43 0.00 0.00 4.30 371.08
2277 27.46 0.00 0.00 3.70 371.57
2278 26.49 0.00 0.00 3.40 373.10
2279 25.52 0.00 0.00 4.30 372.58
2280 24.55 0.00 0.00 4.10 370.35
2281 23.59 0.00 0.00 4.10 366.87
2282 22.54 0.00 0.00 2.10 362.41
2283 21.49 0.00 0.00 2.40 361.07
2284 20.93 0.00 0.00 2.10 359.59
2285 20.37 0.00 0.00 1.00 360.11
2286 19.96 0.00 0.00 1.00 363.73
2287 20.83 39.21 75.96 1.00 368.63
2288 22.98 222.96 437.39 0.50 360.65
2289 25.53 457.38 664.47 0.40 356.66
2290 27.52 661.74 715.12 0.70 352.41
2291 29.45 825.83 740.42 0.40 352.87
2292 31.02 912.75 701.65 0.40 354.33
2293 32.20 940.60 695.89 0.90 352.88
2294 32.98 904.22 715.89 1.10 355.53
2295 33.29 784.12 682.72 1.20 361.40
2296 33.15 619.73 682.82 0.70 363.41
2297 32.35 409.80 609.55 0.90 365.52
2298 31.00 186.02 453.35 1.40 371.99
2299 29.41 23.02 0.00 1.40 368.48
2300 28.49 0.00 0.00 1.90 376.15
2301 27.57 0.00 0.00 1.90 371.44
2302 26.65 0.00 0.00 1.70 369.27
2303 25.73 0.00 0.00 1.70 366.57
2304 24.86 0.00 0.00 1.70 362.92
2305 24.18 0.00 0.00 1.10 361.49
2306 23.53 0.00 0.00 0.80 360.98
2307 22.88 0.00 0.00 0.40 361.26
2308 22.57 0.00 0.00 0.30 359.56
2309 22.26 0.00 0.00 0.30 355.91
2310 22.06 0.00 0.00 1.10 350.53
2311 23.06 47.15 161.88 0.90 355.61
2312 25.13 243.73 545.78 0.90 353.38
2313 27.11 488.87 756.70 1.70 351.89
2314 29.16 713.67 880.72 3.10 346.14
2315 31.01 887.03 917.39 3.90 344.63
2316 32.58 993.20 932.21 4.50 351.55
2317 33.74 1024.81 935.84 4.30 354.63
2318 34.59 979.97 809.21 3.70 355.06
2319 33.80 444.31 88.76 3.70 381.13
2320 32.76 286.46 40.53 2.60 384.16
2321 31.20 38.53 0.00 1.10 399.62
2322 29.85 16.06 0.00 1.00 401.31
2323 28.68 4.66 0.00 0.80 395.93
2324 28.17 0.00 0.00 1.20 396.25
2325 27.66 0.00 0.00 1.40 398.23
2326 27.16 0.00 0.00 2.10 396.56
2327 26.65 0.00 0.00 1.40 398.11
2328 26.14 0.00 0.00 0.80 398.91
2329 25.53 0.00 0.00 0.80 391.13
2330 25.03 0.00 0.00 1.00 390.07
2331 24.36 0.00 0.00 1.00 388.66
2332 24.05 0.00 0.00 1.90 382.38
2333 23.73 0.00 0.00 1.70 382.18
2334 23.53 0.00 0.00 2.10 385.25
2335 24.59 49.23 175.85 2.90 381.61
2336 26.38 247.22 547.54 2.10 378.84
2337 28.46 492.55 755.83 2.60 376.57
2338 30.52 716.93 878.43 3.10 370.26
2339 32.38 889.75 917.11 4.50 373.60
2340 33.92 995.40 931.84 2.90 371.02
2341 35.19 1026.59 935.01 3.90 368.05
2342 36.05 981.44 739.91 3.90 367.03
2343 33.94 69.65 0.00 4.50 415.37
2344 34.20 678.90 578.11 5.90 365.12
2345 32.65 36.15 0.00 5.90 408.49
2346 31.31 16.50 0.00 5.30 410.79
2347 30.14 2.30 0.00 4.60 402.95
2348 29.42 0.00 0.00 3.40 404.06
2349 28.70 0.00 0.00 3.40 399.90
2350 27.99 0.00 0.00 3.70 397.78
2351 27.27 0.00 0.00 3.70 393.48
2352 26.55 0.00 0.00 4.30 388.09
2353 25.68 0.00 0.00 3.30 385.60
2354 24.77 0.00 0.00 2.10 378.28
2355 23.67 0.00 0.00 3.30 371.30
2356 23.08 0.00 0.00 2.60 366.09
2357 22.50 0.00 0.00 1.40 360.48
2358 22.08 0.00 0.00 1.10 351.98
2359 23.08 45.28 120.28 2.40 349.13
2360 25.34 240.35 487.49 1.20 341.80
2361 27.40 470.60 680.37 1.10 337.84
2362 29.51 673.99 726.44 2.10 334.30
2363 31.40 832.23 734.67 2.90 334.49
2364 32.96 927.81 729.07 2.90 335.34
2365 34.11 952.93 716.74 1.70 339.10
2366 34.90 907.98 712.78 0.50 335.32
2367 35.21 790.78 675.40 0.90 336.07
2368 34.99 609.52 643.95 1.10 337.03
2369 34.08 396.51 537.55 0.90 341.02
2370 32.73 176.94 374.89 1.40 346.97
2371 31.15 23.38 0.00 1.40 347.87
2372 30.14 0.00 0.00 1.00 355.59
2373 29.12 0.00 0.00 1.20 358.40
2374 28.11 0.00 0.00 1.20 358.20
2375 27.10 0.00 0.00 1.10 356.46
2376 26.09 0.00 0.00 1.90 357.48
2377 25.56 0.00 0.00 3.30 358.26
2378 24.71 0.00 0.00 3.90 360.80
2379 23.86 0.00 0.00 3.40 357.05
2380 23.41 0.00 0.00 3.40 353.22
2381 22.95 0.00 0.00 3.30 351.01
2382 22.63 0.00 0.00 3.40 350.75
2383 23.73 47.20 131.99 4.60 354.11
2384 25.88 245.10 439.96 4.30 344.31
2385 28.19 479.35 704.30 4.10 338.47
2386 30.43 690.21 774.43 3.90 334.90
2387 32.45 855.18 803.71 4.10 337.91
2388 34.11 954.10 808.47 3.10 341.68
2389 35.40 967.72 759.82 3.90 347.54
2390 36.25 927.95 774.91 3.30 347.87
2391 36.59 805.16 735.33 3.30 353.70
2392 36.41 631.35 689.83 3.90 354.84
2393 35.49 408.42 575.80 5.30 358.08
2394 33.99 180.92 395.41 7.60 366.68
2395 32.37 24.30 0.00 7.20 366.20
2396 31.36 0.00 0.00 8.40 371.60
2397 30.36 0.00 0.00 7.20 368.73
2398 29.36 0.00 0.00 6.90 367.66
2399 28.36 0.00 0.00 7.60 368.72
2400 27.35 0.00 0.00 8.40 370.75
2401 26.60 0.00 0.00 9.70 364.86
2402 25.81 0.00 0.00 9.30 366.27
2403 25.10 0.00 0.00 7.60 370.40
2404 24.61 0.00 0.00 8.40 370.11
2405 24.13 0.00 0.00 8.90 370.13
2406 23.78 0.00 0.00 8.90 373.39
2407 24.91 48.56 137.46 10.00 377.76
2408 26.78 236.84 452.33 8.00 373.79
2409 28.95 460.70 630.91 8.00 371.27
2410 31.05 660.10 659.18 8.40 365.12
2411 32.94 812.52 654.06 11.11 364.86
2412 34.55 919.90 689.21 11.11 369.74
2413 35.90 965.52 746.45 10.60 368.04
2414 36.76 917.42 734.76 9.70 374.53
2415 37.15 805.80 716.65 11.81 371.78
2416 36.98 615.80 602.02 10.60 376.80
2417 36.06 385.68 464.98 14.21 384.50
2418 34.60 168.97 311.30 10.60 392.39
2419 33.03 23.94 0.00 12.51 387.57
2420 31.84 0.00 0.00 12.51 392.85
2421 30.65 0.00 0.00 11.51 390.00
2422 29.46 0.00 0.00 10.20 387.87
2423 28.27 0.00 0.00 8.00 385.75
2424 27.08 0.00 0.00 7.20 382.53
2425 26.10 0.00 0.00 6.40 381.21
2426 25.18 0.00 0.00 6.40 378.40
2427 24.00 0.00 0.00 8.40 374.61
2428 23.38 0.00 0.00 8.90 376.58
2429 22.76 0.00 0.00 6.10 372.42
2430 22.34 0.00 0.00 6.90 371.05
2431 23.41 53.06 61.77 5.90 371.79
2432 25.21 226.54 251.41 6.10 368.91
2433 26.91 442.76 429.13 6.60 367.05
2434 28.75 651.57 554.66 5.90 361.88
2435 30.44 818.04 635.12 6.40 361.84
2436 31.87 921.42 678.96 7.60 361.43
2437 32.96 951.17 691.09 6.90 361.31
2438 33.61 904.55 672.88 6.40 361.08
2439 33.92 785.90 599.73 6.90 360.76
2440 33.12 386.72 112.32 8.40 375.12
2441 31.76 148.72 0.00 8.00 391.34
2442 30.31 29.98 0.00 6.60 395.90
2443 29.02 5.22 0.00 8.40 394.83
2444 28.27 0.00 0.00 9.30 395.71
2445 27.52 0.00 0.00 8.40 390.15
2446 26.76 0.00 0.00 8.00 386.45
2447 26.01 0.00 0.00 7.60 386.03
2448 25.38 0.00 0.00 7.20 382.56
2449 24.74 0.00 0.00 7.20 382.92
2450 24.04 0.00 0.00 5.90 379.03
2451 23.35 0.00 0.00 5.60 377.08
2452 22.97 0.00 0.00 4.10 374.03
2453 22.59 0.00 0.00 2.60 373.45
2454 22.31 0.00 0.00 2.60 371.64
2455 23.44 47.70 75.70 4.50 372.65
2456 25.45 213.83 315.31 3.70 369.83
2457 27.30 416.49 402.11 2.60 369.62
2458 29.38 622.12 538.79 1.90 363.54
2459 31.29 782.58 562.77 2.10 360.38
2460 32.99 907.86 625.92 2.40 362.27
2461 34.27 939.11 650.11 2.40 362.11
2462 35.15 890.66 626.78 3.70 362.80
2463 35.47 753.70 574.71 4.30 362.61
2464 35.22 569.08 495.57 4.90 365.23
2465 34.37 384.29 442.93 6.60 366.36
2466 33.09 188.89 354.54 5.60 373.28
2467 31.54 26.04 6.55 5.30 375.84
2468 30.92 0.00 0.00 4.60 380.74
2469 30.29 0.00 0.00 4.60 378.42
2470 29.66 0.00 0.00 5.60 376.22
2471 29.04 0.00 0.00 5.10 377.44
2472 28.41 0.00 0.00 8.00 380.68
2473 28.04 0.00 0.00 7.20 379.91
2474 27.65 0.00 0.00 6.10 378.27
2475 27.26 0.00 0.00 5.90 377.02
2476 27.05 0.00 0.00 5.30 375.18
2477 26.85 0.00 0.00 5.10 377.25
2478 26.70 0.00 0.00 3.40 375.54
2479 27.78 50.64 104.04 3.10 377.98
2480 29.56 215.69 312.40 2.60 376.76
2481 31.57 412.14 394.33 2.60 379.69
2482 33.46 585.32 408.69 2.40 374.96
2483 35.53 772.65 543.17 2.60 376.00
2484 37.43 910.41 627.90 2.90 373.02
2485 38.83 923.11 587.30 4.30 375.54
2486 39.60 828.82 535.39 4.60 378.41
2487 40.03 766.83 607.20 4.60 378.52
2488 39.88 572.36 487.18 4.50 382.73
2489 38.99 360.61 361.60 3.90 387.96
2490 37.61 162.08 254.96 2.90 399.41
2491 36.02 25.54 0.24 2.40 399.69
2492 35.12 0.00 0.00 2.90 402.26
2493 34.22 0.00 0.00 2.10 397.12
2494 33.38 0.00 0.00 1.70 397.98
2495 32.52 0.00 0.00 2.60 399.49
2496 31.67 0.00 0.00 2.40 395.15
2497 30.91 0.00 0.00 2.60 393.85
2498 30.00 0.00 0.00 1.20 393.07
2499 29.09 0.00 0.00 2.60 391.28
2500 28.56 0.00 0.00 3.10 388.77
2501 28.02 0.00 0.00 2.40 388.84
2502 27.62 0.00 0.00 2.40 385.68
2503 28.86 56.54 50.39 1.70 387.98
2504 30.35 188.90 151.81 2.90 389.72
2505 32.35 383.32 287.67 2.40 388.15
2506 34.65 604.49 448.94 2.90 384.05
2507 36.89 768.41 527.65 3.90 390.56
2508 38.71 854.48 548.65 4.30 396.51
2509 40.21 922.33 581.31 4.10 395.16
2510 41.23 903.32 610.57 3.90 392.33
2511 41.43 710.84 470.57 4.50 402.13
2512 40.68 466.87 202.64 3.70 412.57
2513 39.37 303.35 135.40 3.30 417.89
2514 37.56 114.04 31.72 3.70 425.35
2515 35.69 24.56 0.00 2.90 420.47
2516 34.57 0.00 0.00 1.90 419.68
2517 33.46 0.00 0.00 2.10 420.99
2518 32.44 0.00 0.00 1.40 417.02
2519 31.38 0.00 0.00 2.40 417.55
2520 30.31 0.00 0.00 2.10 414.02
2521 29.97 0.00 0.00 2.10 424.62
2522 29.41 0.00 0.00 1.70 423.55
2523 29.18 0.00 0.00 2.40 423.09
2524 29.14 0.00 0.00 3.90 422.94
2525 28.91 0.00 0.00 2.10 422.41
2526 27.74 0.00 0.00 2.90 420.37
2527 29.82 44.22 38.73 1.40 423.91
2528 30.97 182.58 103.87 2.40 419.65
2529 33.40 379.09 191.76 2.10 415.99
2530 35.37 547.06 310.72 2.90 416.32
2531 37.03 643.66 272.84 3.40 419.71
2532 38.21 663.30 173.68 3.40 415.62
2533 39.18 701.39 252.67 3.90 409.99
2534 40.02 741.03 355.93 4.10 406.22
2535 40.45 657.92 362.30 4.30 407.31
2536 40.53 543.83 402.15 2.40 406.40
2537 39.94 351.41 324.93 1.40 408.80
2538 38.89 183.34 204.97 2.40 409.50
2539 37.52 30.82 29.47 2.40 409.27
2540 36.36 0.00 0.00 1.90 415.13
2541 35.19 0.00 0.00 1.10 412.75
2542 34.03 0.00 0.00 2.40 407.89
2543 32.94 0.00 0.00 3.30 401.65
2544 31.83 0.00 0.00 5.10 400.67
2545 30.77 0.00 0.00 4.50 401.23
2546 29.63 0.00 0.00 5.10 396.55
2547 28.49 0.00 0.00 4.60 389.49
2548 27.87 0.00 0.00 3.70 388.51
2549 27.26 0.00 0.00 2.60 383.86
2550 26.82 0.00 0.00 2.60 377.22
2551 27.87 56.77 109.16 2.40 379.35
2552 29.44 222.08 313.55 1.40 383.31
2553 31.37 441.60 452.63 1.40 382.35
2554 33.28 639.54 560.31 0.80 378.91
2555 35.00 783.45 574.50 2.10 376.92
2556 36.38 848.09 556.10 3.30 382.53
2557 37.45 884.69 567.36 3.40 379.86
2558 38.07 822.60 550.75 2.90 387.52
2559 38.28 714.99 513.59 2.90 386.14
2560 38.07 569.60 471.85 2.90 387.70
2561 37.25 372.28 408.27 2.10 388.66
2562 35.95 171.68 274.49 3.10 394.47
2563 34.44 28.04 17.90 3.10 392.08
2564 33.33 0.00 0.00 2.60 397.05
2565 32.23 0.00 0.00 3.10 390.04
2566 31.12 0.00 0.00 1.90 388.29
2567 30.02 0.00 0.00 2.10 385.77
2568 28.91 0.00 0.00 3.40 380.51
2569 28.22 0.00 0.00 3.70 374.71
2570 27.48 0.00 0.00 2.40 371.34
2571 26.75 0.00 0.00 3.30 373.41
2572 26.36 0.00 0.00 3.90 370.51
2573 25.97 0.00 0.00 2.40 371.18
2574 25.70 0.00 0.00 3.30 366.91
2575 26.91 59.07 154.12 4.10 370.74
2576 28.72 233.40 353.46 4.90 370.35
2577 30.86 454.22 491.11 5.60 370.06
2578 32.94 648.08 576.65 7.20 358.98
2579 34.86 807.19 591.96 7.60 360.39
2580 36.43 875.62 596.97 6.90 363.80
2581 37.68 916.96 603.71 5.50 363.78
2582 38.56 902.75 645.43 4.50 359.16
2583 38.94 783.09 636.17 5.50 358.18
2584 38.83 612.20 622.39 4.80 362.80
2585 38.00 402.00 520.86 3.40 365.85
2586 36.62 184.27 341.47 3.40 375.46
2587 34.99 28.84 23.46 2.60 376.03
2588 33.62 0.00 0.00 2.10 377.97
2589 32.37 0.00 0.00 1.40 369.81
2590 31.07 0.00 0.00 1.90 370.75
2591 29.77 0.00 0.00 2.60 367.65
2592 28.47 0.00 0.00 3.40 363.72
2593 27.37 0.00 0.00 4.80 368.92
2594 26.18 0.00 0.00 5.10 369.66
2595 25.08 0.00 0.00 5.50 370.19
2596 24.34 0.00 0.00 5.50 366.02
2597 23.61 0.00 0.00 5.50 359.18
2598 23.09 0.00 0.00 6.10 353.83
2599 24.39 59.40 93.01 6.40 359.09
2600 24.45 73.02 0.00 5.90 372.66
2601 25.39 198.20 12.20 7.60 364.91
2602 28.04 678.08 545.43 8.00 339.05
2603 30.33 840.38 686.88 8.40 344.33
2604 32.17 939.37 649.90 8.00 346.47
2605 32.46 595.48 150.64 8.90 366.59
2606 33.31 852.84 567.80 7.20 355.14
2607 33.80 800.23 670.83 6.10 355.54
2608 33.85 622.81 586.40 5.50 358.74
2609 33.31 407.74 449.19 4.10 365.79
2610 32.20 192.04 253.40 4.50 373.54
2611 30.83 32.64 44.44 3.40 371.83
2612 29.88 0.00 0.00 4.10 374.17
2613 28.93 0.00 0.00 3.30 372.94
2614 27.97 0.00 0.00 4.10 375.76
2615 27.02 0.00 0.00 3.90 372.84
2616 26.06 0.00 0.00 4.30 372.95
2617 25.50 0.00 0.00 4.10 371.09
2618 24.96 0.00 0.00 2.60 372.47
2619 24.26 0.00 0.00 5.30 373.16
2620 23.89 0.00 0.00 6.90 369.98
2621 23.52 0.00 0.00 5.90 370.77
2622 23.26 0.00 0.00 5.30 375.03
2623 24.84 64.14 134.48 5.30 376.03
2624 26.75 247.11 362.46 6.40 374.68
2625 28.95 462.53 466.22 7.20 374.99
2626 30.38 526.94 225.22 7.20 375.05
2627 31.64 621.97 204.08 10.20 379.13
2628 32.64 669.05 233.01 7.20 383.21
2629 34.02 892.75 547.53 6.10 375.52
2630 34.82 792.11 465.89 6.90 378.66
2631 35.28 731.58 520.25 5.50 373.48
2632 35.45 645.48 642.80 5.50 365.90
2633 34.91 424.26 504.47 5.10 372.78
2634 33.72 199.47 299.57 5.30 380.83
2635 32.32 33.30 59.99 4.10 381.46
2636 31.07 0.00 0.00 3.70 388.22
2637 29.81 0.00 0.00 4.60 385.94
2638 28.55 0.00 0.00 4.60 386.28
2639 27.29 0.00 0.00 4.80 384.22
2640 26.04 0.00 0.00 4.50 383.78
2641 25.04 0.00 0.00 4.60 384.08
2642 23.68 0.00 0.00 4.10 378.54
2643 22.32 0.00 0.00 4.80 373.02
2644 21.59 0.00 0.00 4.10 372.67
2645 20.85 0.00 0.00 1.90 370.33
2646 20.33 0.00 0.00 2.10 364.25
2647 22.00 74.93 297.94 2.60 362.89
2648 24.29 276.56 555.71 2.10 358.64
2649 26.48 506.78 689.96 2.90 355.99
2650 28.62 722.24 770.16 2.90 351.05
2651 30.52 883.77 818.70 3.30 350.97
2652 32.07 973.64 807.59 3.30 350.49
2653 33.19 989.53 777.04 4.10 348.01
2654 33.86 940.85 775.63 3.90 348.09
2655 34.15 836.20 802.05 3.90 350.82
2656 33.96 661.97 778.34 4.50 351.99
2657 33.11 439.64 679.39 4.90 354.03
2658 31.70 209.23 510.09 4.60 358.24
2659 30.01 30.64 33.67 4.50 355.98
2660 28.78 0.00 0.00 4.10 361.11
2661 27.55 0.00 0.00 3.10 359.72
2662 26.31 0.00 0.00 3.70 356.62
2663 25.17 0.00 0.00 3.10 357.33
2664 23.74 0.00 0.00 2.60 354.05
2665 22.83 0.00 0.00 3.10 355.65
2666 21.82 0.00 0.00 2.40 349.06
2667 20.82 0.00 0.00 3.90 349.59
2668 20.28 0.00 0.00 4.10 351.58
2669 19.73 0.00 0.00 2.60 352.90
2670 19.34 0.00 0.00 2.90 352.37
2671 20.95 70.99 242.75 3.90 354.63
2672 23.13 261.77 457.09 4.50 346.80
2673 25.64 492.97 624.89 5.50 342.99
2674 27.53 688.72 649.05 4.60 336.17
2675 29.15 791.27 541.61 2.40 341.23
2676 30.48 872.40 578.63 2.10 342.59
2677 31.48 896.00 573.51 2.10 349.71
2678 32.12 862.60 582.50 1.20 352.20
2679 32.26 711.93 471.76 1.40 352.14
2680 31.91 549.17 403.66 1.10 356.33
2681 31.01 357.13 327.29 1.70 357.08
2682 29.66 159.10 136.06 1.70 360.16
2683 28.16 27.58 4.55 2.10 355.58
2684 27.32 0.00 0.00 3.70 362.98
2685 26.49 0.00 0.00 0.90 362.50
2686 25.65 0.00 0.00 0.90 359.38
2687 24.87 0.00 0.00 1.90 351.44
2688 23.90 0.00 0.00 1.70 350.08
2689 23.35 0.00 0.00 0.40 345.21
2690 22.78 0.00 0.00 0.20 343.15
2691 22.20 0.00 0.00 0.20 339.32
2692 21.90 0.00 0.00 0.20 341.23
2693 21.59 0.00 0.00 0.60 338.64
2694 21.38 0.00 0.00 0.80 340.57
2695 23.08 70.04 145.14 1.00 349.84
2696 25.21 244.33 342.12 0.80 341.92
2697 27.18 453.54 446.60 2.10 342.04
2698 29.30 658.69 575.97 1.70 335.38
2699 31.16 798.61 551.90 2.60 338.54
2700 32.84 926.39 632.02 1.70 337.95
2701 33.94 904.19 554.31 1.40 338.00
2702 34.51 794.21 472.47 1.00 344.41
2703 34.74 708.46 464.75 1.70 343.20
2704 34.24 494.55 240.91 1.90 349.70
2705 33.42 359.54 345.21 3.30 350.07
2706 32.15 170.53 256.01 3.70 354.09
2707 30.69 31.18 34.74 2.40 353.64
2708 29.62 0.00 0.00 1.90 362.72
2709 28.56 0.00 0.00 2.40 358.62
2710 27.50 0.00 0.00 2.40 358.35
2711 26.43 0.00 0.00 1.70 357.30
2712 25.51 0.00 0.00 2.10 357.74
2713 24.42 0.00 0.00 2.10 358.72
2714 23.22 0.00 0.00 1.40 354.11
2715 22.02 0.00 0.00 3.70 350.70
2716 21.37 0.00 0.00 4.50 346.08
2717 20.72 0.00 0.00 3.40 346.15
2718 20.25 0.00 0.00 3.40 347.38
2719 21.90 73.64 210.03 4.30 353.60
2720 24.07 263.07 439.89 4.50 352.29
2721 26.16 477.77 561.21 5.50 349.96
2722 28.17 678.62 624.08 5.60 340.34
2723 29.96 827.61 621.70 6.60 341.55
2724 31.43 918.65 619.43 6.40 344.28
2725 32.50 935.64 598.48 6.60 340.99
2726 33.18 895.04 620.85 5.90 343.34
2727 33.44 784.53 625.59 5.90 342.95
2728 33.27 628.72 651.32 6.90 349.81
2729 32.43 415.12 542.65 6.90 355.15
2730 31.06 188.83 361.15 6.40 362.36
2731 29.46 32.15 41.73 5.30 364.50
2732 28.50 0.00 0.00 5.50 370.01
2733 27.53 0.00 0.00 6.60 367.03
2734 26.57 0.00 0.00 5.10 370.33
2735 25.61 0.00 0.00 4.80 370.51
2736 24.67 0.00 0.00 4.10 368.71
2737 24.06 0.00 0.00 3.10 362.33
2738 23.41 0.00 0.00 3.10 363.29
2739 22.76 0.00 0.00 3.70 366.35
2740 22.42 0.00 0.00 3.40 368.56
2741 22.07 0.00 0.00 3.10 371.55
2742 21.83 0.00 0.00 3.10 376.53
2743 23.24 56.97 49.34 2.60 377.15
2744 25.32 223.23 166.64 3.10 371.30
2745 27.30 431.24 378.04 2.60 366.36
2746 29.18 586.67 352.14 1.90 361.80
2747 30.76 693.72 329.27 3.30 359.62
2748 32.23 808.62 456.09 3.90 354.27
2749 33.32 827.75 454.64 3.70 358.33
2750 34.24 868.80 589.31 4.10 354.17
2751 34.74 774.78 627.10 4.80 352.50
2752 34.83 637.44 661.63 4.90 348.68
2753 34.20 426.79 544.25 3.70 349.06
2754 33.02 203.19 337.60 3.40 351.43
2755 31.52 32.10 38.31 3.10 349.04
2756 30.38 0.00 0.00 2.60 353.74
2757 29.25 0.00 0.00 3.70 352.30
2758 28.11 0.00 0.00 3.70 347.61
2759 26.98 0.00 0.00 1.40 346.15
2760 25.85 0.00 0.00 1.90 341.45
2761 24.94 0.00 0.00 1.70 346.94
2762 23.70 0.00 0.00 3.10 348.58
2763 22.46 0.00 0.00 3.40 346.24
2764 21.78 0.00 0.00 3.70 344.75
2765 21.11 0.00 0.00 3.70 341.49
2766 20.61 0.00 0.00 3.70 340.49
2767 22.43 81.38 101.90 3.90 342.28
2768 24.46 261.54 296.22 3.30 345.37
2769 26.16 433.32 378.71 3.70 349.41
2770 27.87 612.47 420.01 3.10 349.33
2771 29.56 783.96 517.50 3.30 348.04
2772 30.96 872.59 569.21 2.40 345.61
2773 32.00 899.25 548.42 3.10 349.23
2774 32.75 894.85 602.82 3.10 353.41
2775 33.08 795.46 636.87 2.60 351.92
2776 32.90 602.16 550.02 3.10 355.96
2777 32.09 400.40 417.34 1.40 357.74
2778 30.80 195.90 232.70 0.70 364.16
2779 29.26 35.08 43.08 0.80 360.22
2780 28.52 0.00 0.00 1.40 366.89
2781 27.79 0.00 0.00 1.00 365.39
2782 27.05 0.00 0.00 1.40 367.41
2783 26.31 0.00 0.00 1.40 366.15
2784 25.57 0.00 0.00 0.70 361.90
2785 25.47 0.00 0.00 0.30 357.82
2786 25.16 0.00 0.00 0.50 360.42
2787 24.85 0.00 0.00 0.40 360.22
2788 24.69 0.00 0.00 0.40 363.26
2789 24.52 0.00 0.00 0.70 364.11
2790 24.40 0.53 0.00 0.20 370.47
2791 26.23 83.24 107.73 0.10 377.07
2792 28.26 268.19 305.51 0.10 378.79
2793 30.44 473.96 474.12 0.50 380.51
2794 32.54 657.52 540.06 1.90 372.49
2795 34.45 806.43 583.01 1.70 374.34
2796 36.13 896.76 612.97 1.90 377.44
2797 37.37 911.67 592.08 2.40 378.03
2798 38.25 893.78 598.07 2.40 380.61
2799 38.60 771.08 583.43 1.20 381.56
2800 38.38 589.92 531.31 1.40 381.91
2801 37.45 383.93 404.08 1.70 388.39
2802 35.95 167.51 183.68 1.90 395.91
2803 34.27 31.79 20.43 2.60 395.03
2804 33.42 0.00 0.00 4.30 402.78
2805 32.56 0.00 0.00 4.80 399.53
2806 31.69 0.00 0.00 5.10 400.46
2807 30.83 0.00 0.00 5.10 400.52
2808 29.97 0.00 0.00 5.90 400.03
2809 29.22 0.00 0.00 5.90 395.66
2810 28.42 0.00 0.00 6.90 394.54
2811 27.62 0.00 0.00 7.60 396.01
2812 27.20 0.00 0.00 8.40 396.53
2813 26.77 0.00 0.00 6.90 393.73
2814 26.47 0.69 0.00 6.40 395.66
2815 28.06 77.09 118.42 5.90 402.48
2816 29.79 244.52 299.42 5.60 398.78
2817 31.38 392.03 224.83 5.60 402.58
2818 33.40 628.22 451.45 4.90 394.04
2819 35.28 778.11 529.82 5.10 390.81
2820 36.81 849.21 513.34 4.90 390.49
2821 38.15 931.17 546.99 5.10 389.79
2822 39.12 924.15 686.95 4.90 388.57
2823 39.57 805.59 663.31 4.30 393.84
2824 39.53 628.99 577.03 4.80 394.43
2825 38.75 415.59 444.04 4.30 398.60
2826 37.41 201.16 255.37 3.10 403.59
2827 35.79 38.73 51.96 2.60 402.37
2828 34.45 0.00 0.00 2.60 405.79
2829 33.17 0.00 0.00 2.40 404.43
2830 31.88 0.00 0.00 1.40 396.04
2831 30.60 0.00 0.00 2.10 391.93
2832 29.32 0.00 0.00 2.40 390.84
2833 28.28 0.00 0.00 1.40 389.73
2834 27.18 0.00 0.00 1.90 390.13
2835 26.08 0.00 0.00 2.10 389.37
2836 25.49 0.00 0.00 0.80 385.90
2837 24.98 0.00 0.00 0.60 382.53
2838 24.50 0.68 0.00 0.90 379.32
2839 25.54 59.93 61.78 1.40 383.72
2840 27.10 237.83 223.56 1.00 372.65
2841 29.18 500.82 505.68 2.10 365.67
2842 31.16 711.46 622.51 2.10 359.69
2843 32.90 872.35 696.18 2.90 363.63
2844 34.17 918.64 590.51 1.70 365.99
2845 35.07 899.64 535.99 3.30 368.74
2846 35.45 786.86 444.56 3.10 376.88
2847 35.15 558.94 183.50 2.10 381.22
2848 34.19 341.48 46.66 1.70 387.83
2849 33.04 201.03 12.20 1.90 389.53
2850 31.87 126.14 40.12 1.70 383.00
2851 30.63 25.13 0.00 1.20 388.51
2852 29.80 0.00 0.00 2.10 389.77
2853 28.96 0.00 0.00 2.10 388.64
2854 28.13 0.00 0.00 1.20 383.38
2855 27.30 0.00 0.00 0.80 378.69
2856 26.47 0.00 0.00 0.50 374.71
2857 25.94 0.00 0.00 1.00 376.33
2858 25.51 0.00 0.00 1.40 370.22
2859 24.85 0.00 0.00 2.40 371.20
2860 24.49 0.00 0.00 2.40 370.57
2861 24.13 0.00 0.00 2.60 365.48
2862 23.88 1.14 0.00 3.70 362.17
2863 25.74 83.74 216.65 3.40 363.86
2864 27.78 276.56 421.86 3.70 361.43
2865 29.91 480.06 519.35 3.10 360.12
2866 31.99 671.35 576.35 4.10 352.23
2867 33.83 818.77 601.16 4.10 354.10
2868 35.49 914.68 590.52 4.60 356.23
2869 36.76 946.75 614.64 2.90 357.17
2870 37.60 907.34 644.92 1.70 360.95
2871 37.91 778.95 628.44 1.20 367.14
2872 37.74 621.19 603.03 1.00 368.26
2873 36.86 414.98 535.20 1.70 370.25
2874 35.44 202.44 371.12 1.90 377.37
2875 33.72 35.73 60.98 1.40 382.04
2876 32.63 0.00 0.00 0.80 386.86
2877 31.50 0.00 0.00 0.60 383.72
2878 30.37 0.00 0.00 1.40 385.69
2879 29.25 0.00 0.00 1.70 382.08
2880 28.12 0.00 0.00 0.40 379.43
2881 26.63 0.00 0.00 0.80 387.39
2882 25.62 0.00 0.00 1.20 382.39
2883 24.72 0.00 0.00 2.00 382.48
2884 24.07 0.00 0.00 1.70 380.30
2885 23.43 0.00 0.00 1.30 376.14
2886 22.96 1.39 0.00 1.50 374.22
2887 24.93 95.51 335.09 1.10 377.80
2888 26.99 309.33 607.44 1.60 373.50
2889 29.19 541.80 742.93 2.00 375.05
2890 31.29 749.70 819.92 2.60 371.06
2891 33.08 902.48 831.24 2.60 374.32
2892 34.66 994.15 832.96 3.90 375.40
2893 35.82 1012.64 819.04 4.10 374.90
2894 36.54 969.93 842.58 4.10 374.60
2895 36.82 856.26 841.85 6.20 379.77
2896 36.60 685.35 832.08 6.50 382.40
2897 35.68 462.19 735.96 6.20 387.88
2898 34.17 226.30 447.67 7.90 390.97
2899 32.44 37.31 72.63 7.40 403.96
2900 31.48 0.00 0.00 9.20 410.66
2901 30.53 0.00 0.00 7.90 408.16
2902 29.57 0.00 0.00 6.50 402.36
2903 28.61 0.00 0.00 5.80 402.72
2904 27.66 0.00 0.00 7.40 397.81
2905 27.19 0.00 0.00 6.70 400.02
2906 26.68 0.00 0.00 6.70 397.56
2907 26.17 0.00 0.00 8.80 396.06
2908 25.89 0.00 0.00 6.70 393.03
2909 25.62 0.00 0.00 4.80 388.88
2910 25.42 1.38 0.00 5.10 389.84
2911 27.27 89.60 192.56 5.60 393.61
2912 29.24 280.09 432.93 4.60 387.01
2913 31.39 497.11 561.20 4.60 388.05
2914 33.54 707.60 653.98 6.20 380.63
2915 35.58 862.60 697.25 6.20 379.14
2916 37.26 951.69 695.45 6.20 383.18
2917 38.46 957.47 642.23 6.70 385.71
2918 39.25 922.01 687.74 6.70 387.98
2919 39.58 808.11 681.32 7.40 389.39
2920 39.37 630.46 621.87 10.50 391.28
2921 38.44 409.72 483.98 11.70 397.38
2922 37.00 200.56 354.84 11.30 398.65
2923 35.30 37.31 70.78 10.10 403.12
2924 34.13 0.00 0.00 8.40 403.42
2925 32.97 0.00 0.00 6.70 404.53
2926 31.91 0.00 0.00 7.90 403.16
2927 30.80 0.00 0.00 9.70 398.20
2928 29.69 0.00 0.00 10.80 393.82
2929 28.77 0.00 0.00 10.50 392.22
2930 27.76 0.00 0.00 9.70 390.13
2931 26.74 0.00 0.00 11.70 390.06
2932 26.19 0.00 0.00 9.20 386.24
2933 25.64 0.00 0.00 7.10 383.08
2934 25.24 1.83 0.00 7.40 376.59
2935 27.02 93.06 94.64 9.20 382.26
2936 28.75 275.32 273.44 6.70 379.69
2937 30.70 489.64 430.81 8.40 375.39
2938 32.15 593.33 340.04 6.70 374.46
2939 33.28 675.25 276.79 6.50 376.56
2940 34.82 890.26 560.40 7.40 370.62
2941 36.14 970.85 662.76 6.50 369.40
2942 36.96 919.76 643.53 5.60 368.35
2943 37.30 798.80 593.76 5.30 372.84
2944 37.16 621.13 508.55 6.20 375.60
2945 36.34 410.09 380.79 5.30 380.13
2946 35.02 201.94 208.35 5.30 384.93
2947 33.44 42.68 40.01 5.30 389.02
2948 32.53 0.00 0.00 5.10 393.04
2949 31.58 0.00 0.00 6.20 390.54
2950 30.64 0.00 0.00 5.10 391.04
2951 29.70 0.00 0.00 5.30 387.28
2952 28.76 0.00 0.00 3.00 386.92
2953 28.26 0.00 0.00 3.20 386.64
2954 27.71 0.00 0.00 3.60 381.47
2955 27.16 0.00 0.00 4.80 377.75
2956 26.86 0.00 0.00 5.60 375.17
2957 26.56 0.00 0.00 5.10 375.81
2958 26.34 2.00 0.00 6.20 374.32
2959 28.15 87.75 122.35 5.60 380.18
2960 29.87 255.95 306.00 4.40 375.51
2961 31.86 462.39 413.40 4.10 374.96
2962 33.86 656.59 527.00 4.60 367.77
2963 35.83 821.50 567.20 4.80 367.50
2964 37.47 914.83 582.31 5.80 368.00
2965 38.74 948.79 613.24 6.90 372.79
2966 39.52 893.76 600.40 6.90 373.09
2967 39.81 767.38 593.79 6.90 378.47
2968 39.63 611.97 563.66 6.20 377.79
2969 38.80 412.46 433.57 6.20 379.64
2970 37.43 202.57 250.75 5.90 385.37
2971 35.80 39.26 55.24 5.90 388.78
2972 34.77 0.00 0.00 5.10 391.01
2973 33.75 0.00 0.00 4.10 390.20
2974 32.78 0.00 0.00 4.40 388.17
2975 31.80 0.00 0.00 5.10 383.93
2976 30.83 0.00 0.00 4.60 383.31
2977 30.08 0.00 0.00 3.20 381.41
2978 29.25 0.00 0.00 2.20 376.36
2979 28.41 0.00 0.00 3.40 375.24
2980 27.95 0.00 0.00 3.90 373.01
2981 27.48 0.00 0.00 3.00 368.31
2982 27.14 2.47 0.00 3.00 369.83
2983 29.01 95.44 86.42 3.90 373.45
2984 30.62 260.78 255.51 2.40 368.00
2985 32.65 488.28 407.91 3.60 369.85
2986 34.70 690.50 517.80 4.10 366.83
2987 36.62 850.34 589.20 4.80 368.30
2988 38.21 947.49 627.75 6.50 371.34
2989 39.21 910.63 552.25 6.90 380.57
2990 39.12 607.24 190.16 6.20 393.53
2991 39.37 750.98 517.69 6.70 386.82
2992 39.26 618.14 483.36 7.10 385.24
2993 38.45 407.57 357.97 8.40 388.49
2994 37.13 201.71 192.06 9.20 392.23
2995 35.54 39.15 36.08 6.50 394.37
2996 34.57 0.00 0.00 6.20 401.17
2997 33.60 0.00 0.00 5.80 398.81
2998 32.69 0.00 0.00 4.80 398.94
2999 31.77 0.00 0.00 5.10 398.05
3000 30.85 0.00 0.00 4.40 400.11
3001 30.37 0.00 0.00 3.20 394.95
3002 29.85 0.00 0.00 3.60 396.20
3003 29.33 0.00 0.00 4.10 393.03
3004 29.06 0.00 0.00 4.10 391.07
3005 28.78 0.00 0.00 3.60 390.46
3006 28.59 2.59 0.00 2.80 394.92
3007 30.61 98.37 134.31 2.80 398.03
3008 32.56 287.81 338.84 3.90 395.43
3009 34.65 491.50 502.92 3.40 397.16
3010 36.78 686.48 593.91 3.00 393.40
3011 38.70 835.51 604.18 2.60 392.40
3012 40.34 936.02 623.44 3.90 394.10
3013 41.62 975.40 677.19 1.70 394.94
3014 42.37 899.26 599.46 1.70 399.27
3015 42.64 775.71 580.41 2.60 399.67
3016 42.31 586.86 501.24 2.40 410.61
3017 41.40 399.79 450.43 2.80 411.24
3018 40.01 199.38 265.84 2.20 415.03
3019 38.37 40.69 59.94 1.60 421.08
3020 37.10 0.00 0.00 1.50 422.07
3021 35.83 0.00 0.00 2.00 421.79
3022 34.56 0.00 0.00 3.20 415.44
3023 33.29 0.00 0.00 4.60 412.13
3024 32.12 0.00 0.00 6.20 412.26
3025 31.07 0.00 0.00 4.80 412.15
3026 29.91 0.00 0.00 3.20 410.30
3027 28.76 0.00 0.00 2.80 408.65
3028 28.13 0.00 0.00 3.00 403.51
3029 27.50 0.00 0.00 2.80 394.59
3030 27.04 2.67 0.00 2.40 390.48
3031 28.91 99.76 231.86 3.20 394.17
3032 30.77 299.12 479.46 4.40 393.13
3033 32.75 514.91 623.87 4.40 394.09
3034 34.70 713.07 651.87 4.80 392.88
3035 36.48 863.30 684.87 4.60 394.03
3036 37.99 964.70 727.22 5.30 395.61
3037 39.15 1003.52 781.55 5.90 396.80
3038 39.87 958.42 799.38 6.20 401.40
3039 40.11 826.68 718.33 6.70 402.78
3040 39.83 646.28 661.38 6.20 406.09
3041 38.88 428.75 577.21 5.80 403.04
3042 37.44 214.10 397.46 5.10 407.20
3043 35.73 41.32 102.77 5.30 409.67
3044 34.71 0.00 0.00 4.60 414.00
3045 33.68 0.00 0.00 4.10 409.49
3046 32.71 0.00 0.00 3.60 408.13
3047 31.73 0.00 0.00 3.90 407.39
3048 30.75 0.00 0.00 4.10 404.11
3049 30.29 0.00 0.00 4.80 402.59
3050 29.78 0.00 0.00 5.10 403.99
3051 29.26 0.00 0.00 5.10 404.17
3052 28.99 0.00 0.00 4.60 403.50
3053 28.71 0.00 0.00 4.40 398.69
3054 28.51 3.21 0.00 3.40 396.37
3055 30.64 102.42 287.01 2.40 395.59
3056 32.76 306.52 533.74 1.90 390.90
3057 35.13 536.34 679.08 2.00 391.01
3058 37.42 734.38 736.83 1.30 387.47
3059 39.48 891.93 778.35 1.50 387.53
3060 41.13 969.18 740.38 1.60 386.47
3061 42.35 985.52 722.55 1.30 385.03
3062 43.13 943.16 749.11 1.40 385.44
3063 43.46 834.09 758.54 1.60 387.63
3064 43.25 657.95 699.16 2.80 391.45
3065 42.33 442.92 622.65 4.40 393.82
3066 40.85 218.86 419.27 5.30 396.65
3067 39.07 41.57 94.84 6.20 408.22
3068 37.82 0.00 0.00 4.60 411.26
3069 36.57 0.00 0.00 4.40 410.03
3070 35.32 0.00 0.00 4.60 406.06
3071 34.07 0.00 0.00 3.90 404.79
3072 32.87 0.00 0.00 3.90 401.42
3073 31.89 0.00 0.00 3.20 397.53
3074 30.81 0.00 0.00 2.20 396.33
3075 29.73 0.00 0.00 3.20 395.59
3076 29.14 0.00 0.00 3.90 394.82
3077 28.54 0.00 0.00 2.40 392.46
3078 28.11 3.13 0.00 2.40 391.25
3079 29.98 98.95 197.28 2.40 394.34
3080 31.82 293.43 429.85 2.00 388.50
3081 33.84 517.44 598.16 1.90 390.33
3082 35.84 705.70 637.97 2.20 381.12
3083 37.58 843.63 620.27 2.20 385.70
3084 39.02 936.25 633.05 3.60 388.14
3085 40.06 950.76 612.42 2.80 388.35
3086 40.69 900.78 613.40 3.60 387.32
3087 40.89 788.45 611.12 4.40 385.24
3088 40.65 634.38 618.74 4.40 387.39
3089 39.75 422.86 537.29 3.90 389.84
3090 38.35 212.70 349.79 3.40 395.71
3091 36.69 42.89 103.01 1.90 405.02
3092 35.69 0.00 0.00 1.60 411.91
3093 34.68 0.00 0.00 1.50 410.73
3094 33.68 0.00 0.00 0.60 407.13
3095 32.73 0.00 0.00 0.90 406.45
3096 31.78 0.00 0.00 2.00 405.22
3097 31.32 0.00 0.00 2.60 401.91
3098 30.84 0.00 0.00 2.80 401.20
3099 30.35 0.00 0.00 3.00 399.75
3100 30.09 0.00 0.00 3.60 401.98
3101 29.83 0.00 0.00 2.00 399.55
3102 29.65 3.91 0.00 1.30 398.64
3103 31.77 103.33 109.89 1.50 407.02
3104 33.65 288.24 293.07 2.20 407.02
3105 35.85 501.98 448.25 1.40 401.78
3106 38.03 701.63 557.62 1.90 397.42
3107 40.01 857.48 627.88 2.40 397.07
3108 41.64 947.07 650.71 2.60 394.30
3109 42.70 915.54 559.30 2.60 397.51
3110 43.38 879.53 592.43 3.20 397.41
3111 43.58 745.18 515.86 3.00 395.26
3112 43.22 572.17 420.33 4.10 399.18
3113 42.24 371.88 341.59 4.60 403.38
3114 40.84 187.32 224.29 3.60 403.69
3115 39.23 41.32 50.23 2.80 409.78
3116 38.03 0.00 0.00 2.20 413.90
3117 36.84 0.00 0.00 3.40 413.05
3118 35.64 0.00 0.00 3.20 408.51
3119 34.44 0.00 0.00 3.00 399.99
3120 33.25 0.00 0.00 3.90 397.93
3121 32.31 0.00 0.00 2.60 394.87
3122 31.25 0.00 0.00 3.60 391.35
3123 30.19 0.00 0.00 3.60 388.61
3124 29.62 0.00 0.00 3.00 386.42
3125 29.04 0.00 0.00 3.40 380.29
3126 28.63 4.04 0.00 2.40 372.81
3127 30.52 101.76 108.52 2.80 378.15
3128 32.25 288.97 289.64 3.90 375.47
3129 34.17 502.23 443.62 3.20 373.14
3130 36.14 701.47 552.48 2.60 371.68
3131 37.87 844.20 618.50 2.80 372.50
3132 39.34 948.30 660.12 3.00 369.51
3133 40.40 956.83 628.23 2.60 373.98
3134 40.98 885.51 605.70 3.60 378.02
3135 41.08 738.36 506.63 3.60 378.52
3136 40.57 541.73 342.38 3.40 386.80
3137 39.59 367.82 326.17 4.40 390.03
3138 38.22 182.76 166.84 4.40 394.83
3139 36.67 42.29 49.86 3.20 401.48
3140 35.60 0.00 0.00 1.90 406.48
3141 34.53 0.00 0.00 2.00 402.85
3142 33.46 0.00 0.00 1.70 401.46
3143 32.47 0.00 0.00 1.60 397.07
3144 31.45 0.00 0.00 1.20 393.52
3145 30.86 0.00 0.00 0.60 391.27
3146 30.21 0.00 0.00 0.40 389.20
3147 29.56 0.00 0.00 0.90 388.31
3148 29.20 0.00 0.00 0.40 388.63
3149 28.85 0.00 0.00 0.10 388.35
3150 28.60 4.30 0.00 0.30 390.84
3151 30.71 105.15 110.72 0.30 396.81
3152 32.57 290.54 292.47 0.90 390.87
3153 34.65 503.69 446.24 1.50 389.97
3154 36.73 694.16 554.82 1.40 386.21
3155 38.60 842.55 612.47 1.70 386.96
3156 40.15 931.05 601.12 2.40 385.23
3157 41.20 917.45 561.58 3.20 387.31
3158 41.77 845.00 530.73 4.80 389.84
3159 41.93 728.55 508.93 5.10 396.08
3160 41.60 578.21 455.95 5.10 396.18
3161 40.66 380.60 364.96 7.90 403.12
3162 39.31 195.52 223.84 7.90 403.42
3163 37.72 43.27 51.55 7.40 413.13
3164 36.52 0.00 0.00 6.70 419.53
3165 35.32 0.00 0.00 7.40 412.65
3166 34.12 0.00 0.00 9.20 412.25
3167 32.92 0.00 0.00 7.90 409.34
3168 31.83 0.00 0.00 8.40 404.29
3169 30.95 0.00 0.00 6.20 406.22
3170 29.97 0.00 0.00 5.90 405.28
3171 29.00 0.00 0.00 6.20 402.91
3172 28.47 0.00 0.00 5.30 397.64
3173 27.94 0.00 0.00 5.60 394.95
3174 27.55 4.29 0.00 5.80 391.65
3175 29.42 96.76 145.14 5.80 392.91
3176 31.15 276.58 348.10 4.40 386.98
3177 32.98 478.87 448.40 5.80 385.76
3178 34.92 667.90 536.79 5.80 383.78
3179 36.67 813.82 537.35 6.90 381.12
3180 38.21 928.30 592.66 6.90 380.04
3181 39.44 979.47 682.81 7.40 381.14
3182 40.19 920.86 655.53 7.90 383.18
3183 40.39 773.64 567.18 8.40 385.07
3184 40.15 617.80 566.94 7.40 387.24
3185 39.32 430.56 454.95 7.90 391.27
3186 37.96 217.95 274.01 6.90 397.24
3187 36.34 50.74 72.74 5.90 401.64
3188 35.32 0.00 0.00 4.40 409.24
3189 34.31 0.00 0.00 5.10 403.66
3190 33.29 0.00 0.00 5.90 403.18
3191 32.36 0.00 0.00 5.60 403.16
3192 31.39 0.00 0.00 5.90 410.91
3193 30.86 0.00 0.00 7.10 407.04
3194 30.29 0.00 0.00 8.80 410.19
3195 29.72 0.00 0.00 6.20 408.25
3196 29.41 0.00 0.00 5.80 406.20
3197 29.10 0.00 0.00 3.00 405.57
3198 28.89 5.03 0.00 2.80 404.83
3199 31.09 108.63 131.02 2.20 406.37
3200 32.95 297.00 324.57 2.20 402.71
3201 35.14 511.57 481.41 2.60 400.43
3202 37.18 688.24 583.17 2.20 394.98
3203 39.14 862.98 656.35 2.20 394.58
3204 40.67 927.39 602.42 2.60 393.65
3205 41.78 934.90 566.74 2.40 395.61
3206 42.50 902.09 599.28 2.00 401.69
3207 42.74 770.95 560.28 1.90 405.60
3208 42.39 584.40 458.98 2.60 410.46
3209 41.44 387.89 338.56 1.30 415.43
3210 39.96 168.35 136.00 1.30 421.89
3211 38.35 41.53 55.85 1.60 423.55
3212 37.12 0.00 0.00 2.20 427.17
3213 35.89 0.00 0.00 2.60 426.81
3214 34.67 0.00 0.00 2.80 425.31
3215 33.44 0.00 0.00 4.40 417.90
3216 32.30 0.00 0.00 4.40 412.82
3217 31.33 0.00 0.00 3.60 409.20
3218 30.26 0.00 0.00 4.40 404.83
3219 29.20 0.00 0.00 5.10 400.00
3220 28.62 0.00 0.00 4.80 398.22
3221 28.04 0.00 0.00 4.10 394.21
3222 27.63 4.89 0.00 5.30 389.43
3223 29.65 105.50 176.71 5.80 395.96
3224 31.41 291.27 393.60 6.20 391.69
3225 33.38 511.61 556.04 6.20 385.05
3226 35.36 696.42 602.48 7.40 379.01
3227 37.21 864.90 661.28 9.20 380.96
3228 38.72 950.59 671.37 8.40 383.43
3229 39.85 978.09 692.08 8.40 384.93
3230 40.55 932.43 705.97 9.70 384.56
3231 40.81 819.95 699.82 10.10 396.29
3232 40.57 642.26 629.98 10.10 396.31
3233 39.66 431.88 502.76 7.90 401.05
3234 38.27 221.24 316.46 6.50 406.48
3235 36.59 47.51 94.56 5.60 412.82
3236 35.40 0.00 0.00 5.60 419.63
3237 34.21 0.00 0.00 4.10 416.21
3238 33.02 0.00 0.00 4.40 412.41
3239 31.94 0.00 0.00 3.40 410.62
3240 30.81 0.00 0.00 2.80 410.37
3241 30.13 0.00 0.00 3.40 411.44
3242 29.37 0.00 0.00 4.10 411.96
3243 28.60 0.00 0.00 4.80 407.50
3244 28.18 0.00 0.00 3.90 405.02
3245 27.76 0.00 0.00 2.00 403.25
3246 27.45 5.51 0.00 2.00 396.37
3247 30.00 124.51 379.09 2.20 400.90
3248 31.99 320.88 557.63 1.90 397.97
3249 34.00 519.38 589.79 2.60 399.09
3250 35.96 690.15 584.86 3.40 391.99
3251 37.94 879.28 681.77 3.60 387.65
3252 39.66 994.50 789.12 3.00 386.60
3253 41.01 1039.09 843.75 3.60 389.53
3254 41.91 1010.71 926.78 3.90 390.19
3255 42.31 892.94 915.47 5.60 388.00
3256 42.21 714.89 868.61 5.30 388.66
3257 41.35 492.29 752.58 5.30 394.85
3258 39.86 254.08 559.51 5.60 399.76
3259 38.03 58.69 245.92 7.90 403.15
3260 36.93 0.00 0.00 6.90 416.19
3261 35.83 0.00 0.00 4.60 413.05
3262 34.74 0.00 0.00 5.80 412.65
3263 33.64 0.00 0.00 4.80 409.04
3264 32.61 0.00 0.00 4.80 411.67
3265 31.96 0.00 0.00 3.40 406.85
3266 31.22 0.00 0.00 2.80 405.25
3267 30.48 0.00 0.00 3.00 404.01
3268 30.05 0.00 0.00 3.90 398.58
3269 29.63 0.00 0.00 5.10 394.70
3270 29.32 6.30 0.00 5.90 389.07
3271 31.98 125.60 379.86 5.80 395.52
3272 34.26 340.44 641.39 5.10 389.30
3273 36.87 583.97 800.05 5.60 389.02
3274 39.31 791.23 894.43 4.60 381.73
3275 41.46 946.70 916.66 4.40 384.81
3276 43.21 1038.14 921.26 2.80 382.11
3277 44.50 1059.79 858.79 2.20 388.39
3278 45.01 910.22 600.33 2.20 394.22
3279 44.95 740.10 504.58 3.00 400.77
3280 44.48 634.17 599.76 3.90 395.09
3281 43.58 493.09 745.91 3.60 388.94
3282 42.04 255.25 559.68 3.00 394.88
3283 40.12 59.80 248.92 4.10 398.17
3284 38.52 0.00 0.00 2.80 405.08
3285 36.92 0.00 0.00 3.20 405.10
3286 35.32 0.00 0.00 2.60 402.34
3287 33.72 0.00 0.00 2.20 399.68
3288 32.21 0.00 0.00 2.40 399.18
3289 31.16 0.00 0.00 2.40 398.46
3290 30.00 0.00 0.00 2.60 389.34
3291 28.85 0.00 0.00 4.10 385.00
3292 28.22 0.00 0.00 4.40 382.99
3293 27.59 0.00 0.00 3.90 380.00
3294 27.14 6.11 0.00 3.20 376.15
3295 29.36 116.67 309.31 3.00 377.44
3296 31.34 326.52 561.59 2.00 370.02
3297 33.37 547.64 684.13 2.40 371.74
3298 35.39 738.38 726.31 2.80 365.49
3299 37.13 874.48 705.07 4.40 363.60
3300 38.60 972.14 740.59 4.40 365.29
3301 39.65 982.91 706.54 5.10 369.84
3302 40.29 936.93 718.65 5.60 371.54
3303 40.50 822.58 704.59 6.50 376.21
3304 40.22 653.47 660.42 5.30 375.14
3305 39.29 442.71 599.57 4.80 379.78
3306 37.85 225.55 440.28 4.10 385.47
3307 36.14 47.83 143.43 5.10 394.17
3308 34.81 0.00 0.00 3.40 394.48
3309 33.48 0.00 0.00 1.90 390.42
3310 32.24 0.00 0.00 1.90 386.90
3311 30.98 0.00 0.00 3.00 381.55
3312 29.72 0.00 0.00 2.60 379.22
3313 28.95 0.00 0.00 2.80 377.26
3314 28.09 0.00 0.00 3.90 370.95
3315 27.23 0.00 0.00 5.10 368.05
3316 26.75 0.00 0.00 5.60 367.42
3317 26.28 0.00 0.00 5.30 366.58
3318 25.93 6.36 0.00 4.40 363.35
3319 28.34 120.59 362.50 4.40 367.29
3320 30.42 330.55 585.15 5.10 367.69
3321 32.62 557.93 720.82 3.40 369.12
3322 34.73 755.35 784.19 4.10 362.10
3323 36.65 904.75 804.21 4.10 365.23
3324 38.20 987.16 787.82 3.20 366.26
3325 39.35 1009.10 789.64 4.10 367.52
3326 40.06 962.21 799.72 4.10 370.51
3327 40.32 850.08 795.67 4.60 370.16
3328 40.07 678.61 745.60 3.60 370.86
3329 39.13 464.79 674.04 3.20 373.04
3330 37.65 240.80 529.23 3.90 379.24
3331 35.83 49.84 151.09 3.60 391.73
3332 34.72 0.00 0.00 2.80 394.60
3333 33.60 0.00 0.00 3.00 391.95
3334 32.55 0.00 0.00 2.60 391.23
3335 31.49 0.00 0.00 3.20 394.62
3336 30.43 0.00 0.00 2.80 392.95
3337 29.80 0.00 0.00 2.80 388.40
3338 29.11 0.00 0.00 2.60 383.73
3339 28.42 0.00 0.00 3.20 380.13
3340 28.05 0.00 0.00 2.20 376.67
3341 27.67 0.00 0.00 1.90 379.51
3342 27.41 5.99 0.00 1.30 374.90
3343 29.77 115.88 247.56 1.10 380.14
3344 31.74 309.85 483.58 0.80 374.99
3345 33.83 521.56 604.05 1.70 374.97
3346 35.98 716.59 650.59 2.40 370.55
3347 37.86 856.62 646.46 1.90 374.26
3348 39.40 941.45 640.82 1.70 380.21
3349 40.54 959.96 633.13 1.50 382.13
3350 41.26 915.85 649.04 2.00 385.20
3351 41.55 808.85 657.08 2.80 384.41
3352 41.34 644.24 626.24 1.60 386.59
3353 40.48 442.02 587.71 3.00 386.35
3354 39.08 227.58 405.45 3.60 392.50
3355 37.37 51.00 150.93 2.60 405.81
3356 35.99 0.00 0.00 2.40 409.26
3357 34.61 0.00 0.00 2.20 406.21
3358 33.22 0.00 0.00 2.40 406.08
3359 31.94 0.00 0.00 2.60 400.78
3360 30.63 0.00 0.00 3.20 399.99
3361 29.59 0.00 0.00 2.00 398.04
3362 28.46 0.00 0.00 1.50 397.06
3363 27.33 0.00 0.00 1.90 392.90
3364 26.71 0.00 0.00 1.90 386.02
3365 26.10 0.00 0.00 1.10 382.33
3366 25.65 6.38 0.00 0.90 381.50
3367 27.83 114.16 231.08 1.20 382.81
3368 29.70 312.65 462.66 1.70 380.11
3369 31.74 536.51 624.74 1.40 377.51
3370 33.66 729.00 690.37 0.90 371.63
3371 35.42 868.00 682.30 0.60 368.77
3372 36.88 961.86 706.05 0.60 367.09
3373 37.89 957.51 625.62 0.20 366.91
3374 38.49 911.79 636.06 0.10 368.49
3375 38.70 809.04 656.43 0.90 371.36
3376 38.41 635.77 618.08 1.30 369.85
3377 37.51 436.42 555.36 1.10 373.05
3378 36.12 224.70 384.76 0.80 378.84
3379 34.45 52.69 140.18 0.60 385.81
3380 33.10 0.00 0.00 0.40 393.51
3381 31.86 0.00 0.00 0.20 387.24
3382 30.58 0.00 0.00 0.40 377.33
3383 29.30 0.00 0.00 0.90 372.37
3384 28.01 0.00 0.00 1.20 368.46
3385 27.20 0.00 0.00 1.40 367.47
3386 26.30 0.00 0.00 1.10 364.04
3387 25.40 0.00 0.00 1.20 363.01
3388 25.06 0.00 0.00 1.20 364.27
3389 24.48 0.00 0.00 0.80 360.76
3390 24.07 7.02 0.00 0.90 357.64
3391 26.45 121.62 292.33 0.90 363.04
3392 28.46 325.74 537.94 1.40 358.79
3393 30.58 547.20 673.99 1.70 359.18
3394 32.61 743.29 739.19 1.50 355.97
3395 34.42 890.77 758.42 1.70 355.44
3396 35.92 970.52 734.73 2.60 360.18
3397 37.02 986.19 716.60 3.40 362.72
3398 37.69 940.30 727.40 4.10 362.23
3399 37.93 829.47 722.65 4.60 364.05
3400 37.68 664.11 687.57 3.60 367.22
3401 36.77 456.43 625.98 2.20 369.66
3402 35.31 235.57 458.91 2.20 374.69
3403 33.55 52.82 185.46 2.00 384.68
3404 32.46 0.00 0.00 1.90 393.64
3405 31.35 0.00 0.00 1.50 389.66
3406 30.25 0.00 0.00 1.60 390.15
3407 29.14 0.00 0.00 1.30 384.06
3408 28.03 0.00 0.00 1.30 381.03
3409 27.36 0.00 0.00 0.90 378.32
3410 26.64 0.00 0.00 0.90 377.02
3411 25.91 0.00 0.00 0.80 375.11
3412 25.52 0.00 0.00 0.90 376.44
3413 25.14 0.00 0.00 0.40 376.98
3414 25.01 6.27 0.00 0.40 375.91
3415 26.92 101.13 166.74 0.20 381.17
3416 28.65 270.77 302.08 0.20 379.43
3417 30.50 459.41 358.56 0.10 376.65
3418 32.51 669.90 535.35 1.30 366.92
3419 34.49 853.53 622.48 1.60 365.13
3420 36.04 909.14 586.65 1.30 366.89
3421 37.29 958.32 614.38 1.10 365.80
3422 38.05 899.48 586.78 0.90 371.53
3423 38.43 819.82 673.41 1.30 369.07
3424 38.34 649.94 602.59 1.10 372.15
3425 37.54 443.05 478.66 0.80 377.79
3426 36.21 230.68 300.52 0.60 381.65
3427 34.58 59.87 96.16 0.60 385.61
3428 33.18 0.00 0.00 1.10 393.96
3429 31.89 0.00 0.00 0.80 388.80
3430 30.56 0.00 0.00 0.60 387.53
3431 29.23 0.00 0.00 0.60 381.61
3432 27.90 0.00 0.00 0.90 378.52
3433 26.84 0.00 0.00 0.80 381.23
3434 25.68 0.00 0.00 1.10 382.72
3435 24.63 0.00 0.00 1.40 384.41
3436 23.90 0.00 0.00 2.20 384.92
3437 23.18 0.00 0.00 2.60 387.09
3438 22.67 7.27 0.00 3.90 387.15
3439 22.98 18.57 0.00 3.90 391.82
3440 23.83 103.54 0.00 4.40 384.31
3441 25.59 345.31 126.00 4.60 373.68
3442 28.15 701.88 517.83 5.60 351.72
3443 30.25 856.94 585.82 6.90 353.90
3444 31.93 951.02 622.62 7.10 357.06
3445 33.12 973.90 631.35 8.40 359.89
3446 33.94 923.26 612.78 6.90 358.46
3447 34.29 804.33 565.20 9.20 358.72
3448 34.19 630.58 484.62 7.90 362.57
3449 33.45 425.06 365.67 8.80 367.00
3450 32.26 204.21 207.76 8.40 378.94
3451 30.86 60.63 53.90 7.90 378.45
3452 29.90 0.00 0.00 8.80 381.17
3453 28.94 0.00 0.00 9.70 379.48
3454 27.99 0.00 0.00 8.40 376.71
3455 27.03 0.00 0.00 7.10 376.12
3456 26.07 0.00 0.00 7.40 373.66
3457 25.54 0.00 0.00 6.70 374.19
3458 24.95 0.00 0.00 5.60 372.94
3459 24.44 0.00 0.00 6.50 370.30
3460 24.06 0.00 0.00 7.40 370.41
3461 23.68 0.00 0.00 6.90 375.23
3462 23.41 7.71 0.00 7.40 380.10
3463 25.91 118.22 153.20 8.80 387.53
3464 27.85 308.41 350.68 8.80 385.93
3465 29.94 519.74 505.18 8.40 385.70
3466 31.79 677.46 548.01 11.00 380.29
3467 33.56 844.31 596.57 12.60 378.72
3468 35.12 933.51 617.48 14.20 376.40
3469 36.26 946.84 594.86 12.60 377.65
3470 36.96 897.21 592.70 10.50 379.16
3471 37.22 788.47 619.92 9.70 376.82
3472 36.98 623.57 575.50 7.90 378.84
3473 36.06 414.61 429.19 7.40 380.00
3474 34.66 216.94 282.04 6.20 380.84
3475 32.99 55.01 88.93 7.10 385.39
3476 32.01 0.00 0.00 7.40 388.94
3477 30.99 0.00 0.00 5.90 387.10
3478 29.96 0.00 0.00 4.10 382.52
3479 28.94 0.00 0.00 4.10 383.20
3480 27.92 0.00 0.00 2.00 379.26
3481 27.18 0.00 0.00 2.60 378.71
3482 26.38 0.00 0.00 1.70 374.75
3483 25.58 0.00 0.00 2.60 372.29
3484 25.15 0.00 0.00 3.20 370.57
3485 24.84 0.00 0.00 2.80 368.57
3486 24.48 7.29 0.00 3.60 364.56
3487 26.82 118.66 188.13 4.40 370.27
3488 28.36 272.67 249.79 5.30 369.07
3489 28.53 230.15 42.40 4.40 385.87
3490 31.18 726.19 569.95 4.80 354.41
3491 32.43 653.99 276.69 5.10 363.99
3492 34.12 901.38 566.91 5.10 357.76
3493 35.63 986.17 701.26 4.40 358.63
3494 36.61 938.90 720.67 4.40 356.94
3495 37.08 826.14 706.18 6.20 361.94
3496 37.07 657.35 632.80 6.20 363.58
3497 36.39 450.51 509.77 5.60 364.61
3498 35.13 236.26 329.79 4.80 365.73
3499 33.56 62.44 115.65 3.20 370.26
3500 32.58 0.00 0.00 1.90 374.54
3501 31.59 0.00 0.00 2.00 371.60
3502 30.59 0.00 0.00 1.30 370.45
3503 29.60 0.00 0.00 1.10 370.96
3504 28.60 0.00 0.00 1.60 368.92
3505 27.94 0.00 0.00 2.20 366.65
3506 27.21 0.00 0.00 2.40 367.09
3507 26.47 0.00 0.00 3.60 369.16
3508 26.07 0.00 0.00 5.10 366.38
3509 25.67 0.00 0.00 4.80 365.14
3510 25.38 7.93 0.00 3.40 361.60
3511 27.83 120.85 287.60 3.40 369.12
3512 29.89 324.75 528.71 4.10 368.06
3513 32.09 549.44 676.61 3.90 368.22
3514 34.20 748.13 754.45 3.60 362.72
3515 36.10 884.20 737.05 3.90 365.07
3516 37.65 971.81 740.36 5.30 367.24
3517 38.79 985.58 714.90 4.80 370.60
3518 39.51 945.28 741.52 4.40 368.33
3519 39.79 833.22 712.62 3.00 369.26
3520 39.52 655.54 647.33 2.00 374.09
3521 38.58 446.34 579.18 1.70 377.12
3522 37.13 235.71 438.94 3.40 384.67
3523 35.38 55.63 180.65 3.90 393.53
3524 34.12 0.00 0.00 2.60 399.58
3525 32.91 0.00 0.00 4.60 398.70
3526 31.70 0.00 0.00 3.20 397.99
3527 30.50 0.00 0.00 2.40 389.96
3528 29.30 0.00 0.00 0.90 385.25
3529 28.43 0.00 0.00 1.70 382.78
3530 27.47 0.00 0.00 1.30 375.85
3531 26.52 0.00 0.00 1.30 376.26
3532 25.99 0.00 0.00 1.20 374.33
3533 25.46 0.00 0.00 1.10 372.35
3534 25.08 7.72 0.00 0.90 371.78
3535 27.48 122.41 260.50 0.90 371.79
3536 29.48 327.20 495.18 0.40 368.70
3537 31.57 547.82 654.98 0.90 368.56
3538 33.53 738.16 719.63 0.80 360.15
3539 35.33 877.51 714.97 1.50 358.89
3540 36.81 964.24 715.81 1.90 358.58
3541 37.88 978.73 692.66 2.40 358.28
3542 38.50 916.08 645.75 2.40 357.80
3543 38.69 804.44 634.04 3.90 357.06
3544 38.39 642.08 622.58 3.40 360.08
3545 37.47 444.27 564.84 2.60 364.76
3546 36.06 234.82 422.12 2.80 372.23
3547 34.35 57.30 174.32 3.20 379.83
3548 33.11 0.00 0.00 2.00 378.95
3549 31.96 0.00 0.00 1.70 380.41
3550 30.78 0.00 0.00 2.60 372.99
3551 29.60 0.00 0.00 2.20 373.39
3552 28.41 0.00 0.00 3.60 371.87
3553 27.67 0.00 0.00 3.40 368.74
3554 26.86 0.00 0.00 2.40 371.23
3555 26.05 0.00 0.00 2.00 367.87
3556 25.61 0.00 0.00 3.00 365.95
3557 25.17 0.00 0.00 2.80 363.34
3558 25.01 7.87 0.00 3.20 357.17
3559 27.20 116.92 203.82 4.10 363.20
3560 29.16 313.09 421.08 3.60 358.68
3561 31.29 534.68 579.13 5.60 360.80
3562 33.27 723.57 670.07 4.80 357.83
3563 35.13 867.71 682.91 5.10 355.48
3564 36.67 955.08 686.27 5.10 355.94
3565 37.80 972.77 673.55 5.30 357.48
3566 38.48 916.96 648.06 5.30 361.50
3567 38.72 803.90 617.14 3.60 365.48
3568 38.45 635.77 602.03 4.60 368.49
3569 37.57 443.26 531.85 4.10 371.79
3570 36.18 235.43 351.57 4.40 369.78
3571 34.49 58.47 132.42 3.00 379.90
3572 33.10 0.00 0.00 2.80 388.20
3573 31.81 0.00 0.00 2.40 383.57
3574 30.49 0.00 0.00 3.00 380.34
3575 29.16 0.00 0.00 3.40 377.90
3576 27.83 0.00 0.00 3.20 374.39
3577 26.84 0.00 0.00 1.70 373.28
3578 25.72 0.00 0.00 2.20 369.39
3579 24.72 0.00 0.00 2.00 366.13
3580 24.01 0.00 0.00 3.20 364.97
3581 23.30 0.00 0.00 3.40 364.09
3582 22.77 8.90 0.00 3.90 366.66
3583 25.20 118.68 114.16 3.60 374.41
3584 26.91 300.99 286.18 4.60 373.60
3585 28.54 470.67 400.99 5.30 373.13
3586 30.25 659.88 507.19 7.40 370.13
3587 31.80 803.19 541.12 6.50 372.60
3588 33.00 876.43 548.91 7.90 374.28
3589 33.94 892.54 517.14 8.40 376.85
3590 34.70 924.42 630.81 7.40 370.97
3591 35.00 808.45 584.12 5.10 373.02
3592 34.83 637.79 504.65 4.40 374.50
3593 33.97 423.62 386.49 4.80 378.45
3594 32.71 230.17 227.20 4.40 381.85
3595 31.19 60.07 66.73 5.30 385.88
3596 30.35 0.00 0.00 4.60 389.03
3597 29.51 0.00 0.00 4.40 387.71
3598 28.67 0.00 0.00 5.80 387.89
3599 27.83 0.00 0.00 5.10 386.77
3600 26.99 0.00 0.00 3.60 383.08
3601 26.71 0.00 0.00 3.20 384.89
3602 26.41 0.00 0.00 1.50 383.41
3603 26.10 0.00 0.00 1.70 382.82
3604 25.94 0.00 0.00 1.90 382.72
3605 25.77 0.00 0.00 2.00 379.55
3606 25.65 8.46 0.00 2.40 380.51
3607 28.05 110.83 115.52 3.90 383.59
3608 29.82 274.38 288.11 2.80 384.42
3609 31.75 461.16 360.19 2.20 379.20
3610 33.78 657.18 504.43 1.70 373.60
3611 35.82 824.64 554.48 2.40 369.39
3612 37.52 916.65 574.05 2.60 369.13
3613 38.83 945.99 593.28 3.00 372.25
3614 39.66 896.55 588.51 2.00 375.60
3615 40.05 801.49 586.35 1.50 374.50
3616 39.94 633.52 507.08 1.30 374.16
3617 39.13 435.47 389.11 0.80 376.83
3618 37.79 231.46 229.80 0.60 383.37
3619 36.15 67.50 68.19 0.60 385.07
3620 34.98 0.00 0.00 0.60 392.45
3621 33.81 0.00 0.00 0.80 390.18
3622 32.71 0.00 0.00 0.80 387.14
3623 31.64 0.00 0.00 0.80 382.66
3624 30.58 0.00 0.00 0.40 378.97
3625 30.04 0.00 0.00 0.20 402.91
3626 28.97 0.00 0.00 0.20 398.03
3627 27.91 0.00 0.00 0.30 393.90
3628 27.32 0.00 0.00 0.30 387.63
3629 26.74 0.00 0.00 0.30 389.24
3630 26.31 9.09 0.00 0.10 389.88
3631 28.37 117.21 124.25 0.10 397.04
3632 29.94 299.38 302.16 0.20 396.73
3633 31.63 499.64 449.41 0.30 396.93
3634 33.34 699.24 553.81 0.80 389.27
3635 34.83 830.92 598.80 0.50 391.93
3636 36.05 901.41 594.83 0.80 391.77
3637 36.96 925.39 598.00 1.00 387.45
3638 37.57 905.95 613.89 0.60 383.71
3639 37.80 803.65 602.85 1.40 388.79
3640 37.57 629.75 523.73 0.70 387.03
3641 36.76 426.61 405.28 0.90 392.74
3642 35.48 212.34 243.45 1.60 403.03
3643 34.00 60.21 74.99 2.50 405.88
3644 33.07 0.00 0.00 2.20 411.82
3645 32.11 0.00 0.00 2.70 406.01
3646 31.16 0.00 0.00 2.90 404.18
3647 30.21 0.00 0.00 2.30 404.13
3648 29.25 0.00 0.00 2.00 403.15
3649 28.79 0.00 0.00 1.60 397.38
3650 28.28 0.00 0.00 2.20 398.05
3651 27.76 0.00 0.00 2.30 395.33
3652 27.47 0.00 0.00 3.10 393.10
3653 27.18 0.00 0.00 1.50 387.93
3654 26.97 8.65 0.00 1.50 388.17
3655 29.14 113.05 101.57 1.40 390.82
3656 30.85 290.89 263.74 1.00 386.64
3657 32.76 501.02 404.98 0.80 386.28
3658 34.56 676.92 507.71 0.30 389.96
3659 36.32 832.18 568.90 0.30 389.41
3660 37.62 874.58 525.31 0.40 394.71
3661 38.67 922.70 568.57 0.40 394.48
3662 39.37 897.27 589.63 0.90 395.26
3663 39.66 788.54 556.77 1.20 393.60
3664 39.52 635.27 478.24 1.20 395.19
3665 38.72 423.73 362.63 1.50 399.93
3666 37.47 230.10 209.59 0.90 404.20
3667 35.96 68.17 59.46 0.90 408.62
3668 35.04 0.00 0.00 1.60 417.39
3669 34.11 0.00 0.00 1.80 420.08
3670 33.25 0.00 0.00 2.30 417.52
3671 32.37 0.00 0.00 2.20 409.53
3672 31.49 0.00 0.00 2.90 404.50
3673 30.89 0.00 0.00 3.90 406.99
3674 30.25 0.00 0.00 3.60 405.39
3675 29.61 0.00 0.00 5.90 399.05
3676 29.26 0.00 0.00 5.90 402.13
3677 28.91 0.00 0.00 5.40 401.56
3678 28.66 9.26 0.00 4.40 401.05
3679 30.90 117.65 101.18 5.70 405.18
3680 32.47 285.02 262.83 5.40 404.91
3681 34.29 491.86 403.78 5.70 406.70
3682 36.22 685.97 506.40 5.30 403.10
3683 37.95 832.41 573.79 5.00 403.98
3684 39.31 896.39 584.83 5.70 411.64
3685 40.36 931.69 557.29 6.40 411.19
3686 40.99 872.20 564.16 6.90 411.86
3687 41.29 796.37 555.75 6.70 411.95
3688 41.14 629.44 477.43 5.40 409.14
3689 40.36 424.55 362.18 4.40 408.08
3690 39.12 226.22 209.67 5.00 411.18
3691 37.65 69.78 59.73 4.20 411.67
3692 36.36 0.00 0.00 4.20 416.37
3693 35.07 0.00 0.00 3.90 413.71
3694 33.79 0.00 0.00 2.90 408.43
3695 32.59 0.00 0.00 2.50 404.10
3696 31.37 0.00 0.00 1.50 397.02
3697 30.40 0.00 0.00 1.30 393.68
3698 29.32 0.00 0.00 1.30 392.26
3699 28.25 0.00 0.00 2.30 391.50
3700 27.66 0.00 0.00 1.80 385.67
3701 27.07 0.00 0.00 1.60 385.41
3702 26.64 8.86 0.00 2.00 382.17
3703 28.78 122.34 194.74 1.70 389.70
3704 30.46 316.86 406.46 1.70 384.48
3705 32.25 528.04 562.68 1.00 384.75
3706 33.89 709.60 629.69 1.40 384.09
3707 35.46 854.77 646.50 2.00 389.63
3708 36.76 943.57 653.65 2.30 392.18
3709 37.73 971.27 670.48 2.50 392.44
3710 38.32 923.33 651.36 2.20 395.32
3711 38.46 790.91 584.78 3.90 398.56
3712 38.14 620.29 548.61 3.90 404.79
3713 37.26 419.46 417.28 3.60 405.18
3714 35.97 224.29 335.67 3.90 412.12
3715 34.46 62.43 131.04 3.90 416.13
3716 33.48 0.00 0.00 3.60 416.17
3717 32.60 0.00 0.00 3.30 413.16
3718 31.68 0.00 0.00 3.10 411.38
3719 30.75 0.00 0.00 3.30 410.30
3720 29.82 0.00 0.00 4.20 407.21
3721 29.40 0.00 0.00 3.90 402.18
3722 28.93 0.00 0.00 3.10 404.30
3723 28.46 0.00 0.00 3.60 405.59
3724 28.20 0.00 0.00 2.90 404.40
3725 27.93 0.00 0.00 2.70 402.10
3726 27.74 8.83 0.00 2.50 405.48
3727 30.19 124.88 293.52 3.30 410.49
3728 32.19 329.95 531.97 2.50 407.79
3729 34.23 542.73 652.93 3.10 405.91
3730 36.28 734.07 694.45 3.10 398.22
3731 38.14 886.44 752.09 3.30 393.12
3732 39.62 961.11 711.39 3.10 390.05
3733 40.70 976.45 687.57 1.80 396.38
3734 41.40 935.33 704.46 2.20 403.33
3735 41.69 835.66 725.59 3.60 405.19
3736 41.54 676.15 696.89 3.30 403.80
3737 40.74 469.55 627.89 2.30 404.37
3738 39.40 250.07 467.62 4.20 403.49
3739 37.77 70.92 214.89 3.10 408.20
3740 36.58 0.00 0.00 2.70 411.43
3741 35.38 0.00 0.00 2.50 410.66
3742 34.18 0.00 0.00 1.40 403.28
3743 33.06 0.00 0.00 1.00 403.48
3744 31.92 0.00 0.00 1.80 403.75
3745 31.03 0.00 0.00 2.70 401.00
3746 30.04 0.00 0.00 4.70 402.52
3747 29.05 0.00 0.00 3.90 399.67
3748 28.50 0.00 0.00 3.10 397.16
3749 27.95 0.00 0.00 1.80 396.39
3750 27.55 9.19 0.00 1.40 398.20
3751 29.92 130.13 377.09 1.40 403.87
3752 31.82 340.71 611.97 1.80 401.58
3753 33.76 561.79 725.60 2.90 398.20
3754 35.74 761.87 807.79 3.30 393.16
3755 37.46 905.72 814.32 3.90 393.90
3756 38.87 996.44 822.34 4.20 396.43
3757 39.91 1018.95 820.24 2.70 401.46
3758 40.56 974.80 828.36 3.10 404.14
3759 40.79 867.01 825.99 3.90 406.94
3760 40.59 700.16 796.76 2.90 408.86
3761 39.77 494.97 728.77 2.20 413.04
3762 38.42 269.29 549.10 1.30 411.42
3763 36.77 77.15 291.27 1.80 415.54
3764 35.63 0.00 0.00 2.00 417.50
3765 34.50 0.00 0.00 2.00 415.50
3766 33.42 0.00 0.00 1.70 410.27
3767 32.35 0.00 0.00 1.20 407.39
3768 31.27 0.00 0.00 1.60 405.26
3769 30.70 0.00 0.00 3.10 405.40
3770 30.06 0.00 0.00 2.70 405.17
3771 29.42 0.00 0.00 4.40 403.10
3772 29.08 0.00 0.00 4.40 402.65
3773 28.73 0.00 0.00 2.70 403.27
3774 28.47 9.05 0.00 1.80 406.54
3775 30.84 123.25 302.58 1.50 410.93
3776 32.77 326.11 521.68 1.70 408.48
3777 34.87 551.66 688.30 1.70 408.53
3778 36.92 743.01 744.71 2.90 401.78
3779 38.70 882.11 739.89 2.20 399.99
3780 40.18 973.24 753.18 4.40 404.03
3781 41.26 987.67 725.06 2.90 404.82
3782 41.94 941.58 724.41 5.00 406.27
3783 42.20 834.44 718.83 6.10 409.96
3784 42.02 674.35 686.08 5.30 411.47
3785 41.22 471.12 627.24 6.10 413.70
3786 39.91 256.32 480.47 5.70 419.43
3787 38.29 73.87 225.51 6.70 427.59
3788 36.98 0.00 0.00 7.80 438.36
3789 35.67 0.00 0.00 8.10 436.03
3790 34.35 0.00 0.00 8.90 437.06
3791 33.11 0.00 0.00 8.50 434.92
3792 31.86 0.00 0.00 8.50 428.29
3793 30.90 0.00 0.00 8.10 420.24
3794 29.84 0.00 0.00 7.80 416.81
3795 28.77 0.00 0.00 7.80 414.06
3796 28.19 0.00 0.00 7.20 409.66
3797 27.60 0.00 0.00 6.10 410.17
3798 27.18 8.71 0.00 4.70 408.37
3799 29.34 121.03 276.33 4.40 414.47
3800 31.07 318.04 502.02 5.40 412.27
3801 32.90 529.17 627.82 3.90 412.19
3802 34.65 718.93 663.33 5.30 405.55
3803 36.25 855.41 652.92 6.10 405.57
3804 37.54 936.62 635.55 7.80 404.04
3805 38.54 973.59 679.38 8.10 403.11
3806 39.14 926.08 672.85 9.70 405.39
3807 39.35 821.28 673.53 10.20 407.42
3808 39.15 661.46 640.72 9.70 406.68
3809 38.36 461.36 601.97 8.90 407.89
3810 37.08 248.94 450.74 10.20 414.31
3811 35.54 71.62 203.91 9.40 422.52
3812 34.44 0.00 0.00 7.80 425.61
3813 33.39 0.00 0.00 9.40 421.21
3814 32.35 0.00 0.00 9.40 417.63
3815 31.30 0.00 0.00 8.90 417.60
3816 30.26 0.00 0.00 7.40 415.23
3817 29.73 0.00 0.00 6.40 415.68
3818 29.13 0.00 0.00 6.40 413.75
3819 28.54 0.00 0.00 5.40 413.07
3820 28.21 0.00 0.00 4.70 410.67
3821 27.89 0.00 0.00 4.20 409.88
3822 27.65 9.11 0.00 3.30 406.61
3823 29.83 113.81 125.26 3.60 413.07
3824 31.34 272.22 288.89 2.30 412.71
3825 33.08 467.46 382.53 3.90 408.93
3826 34.92 665.89 531.47 4.70 398.76
3827 36.70 824.41 560.18 3.90 399.68
3828 38.14 900.67 597.54 4.20 402.30
3829 39.29 951.22 597.34 5.40 400.07
3830 40.07 926.31 649.99 4.70 393.99
3831 40.38 799.60 593.15 4.20 396.51
3832 40.22 630.03 527.35 3.90 401.07
3833 39.49 446.83 411.16 3.90 402.53
3834 38.27 242.38 251.89 5.00 410.75
3835 36.78 75.55 81.38 5.00 415.81
3836 35.74 0.00 0.00 5.00 418.66
3837 34.70 0.00 0.00 5.30 416.23
3838 33.66 0.00 0.00 5.00 411.60
3839 32.71 0.00 0.00 3.30 409.04
3840 31.72 0.00 0.00 2.50 408.62
3841 31.02 0.00 0.00 2.00 405.43
3842 30.22 0.00 0.00 1.80 404.40
3843 29.42 0.00 0.00 2.20 405.23
3844 28.98 0.00 0.00 2.00 403.30
3845 28.53 0.00 0.00 1.80 399.17
3846 28.21 9.46 0.00 1.70 393.95
3847 30.46 121.14 146.21 2.90 399.00
3848 32.18 307.30 335.34 3.30 395.42
3849 34.02 516.41 485.79 3.30 394.72
3850 35.88 698.51 590.63 2.90 390.27
3851 37.34 792.40 502.60 2.20 396.89
3852 38.67 908.53 530.82 2.70 397.74
3853 39.47 863.51 486.39 3.90 404.57
3854 39.96 831.28 495.35 5.00 405.58
3855 40.29 819.68 626.33 4.70 399.70
3856 40.20 654.78 565.53 4.70 402.67
3857 39.48 453.81 448.34 3.60 404.21
3858 38.26 246.84 283.77 2.70 410.18
3859 36.77 76.47 98.39 2.90 416.63
3860 35.79 0.00 0.00 2.30 419.29
3861 34.82 0.00 0.00 2.20 415.42
3862 33.85 0.00 0.00 2.00 414.88
3863 32.95 0.00 0.00 2.30 411.41
3864 32.02 0.00 0.00 2.00 406.44
3865 31.55 0.00 0.00 2.90 402.96
3866 31.03 0.00 0.00 2.70 401.56
3867 30.51 0.00 0.00 3.90 398.52
3868 30.23 0.00 0.00 3.90 399.14
3869 29.95 0.00 0.00 4.40 396.89
3870 29.75 9.11 0.00 2.90 396.84
3871 31.99 115.06 130.04 2.30 405.24
3872 33.69 293.64 310.10 1.60 402.57
3873 35.62 487.39 457.69 2.20 401.25
3874 37.45 658.54 538.91 2.70 398.93
3875 39.10 793.56 504.92 2.50 398.20
3876 40.54 894.79 585.78 3.60 396.30
3877 41.61 912.97 572.42 2.90 401.28
3878 42.34 891.03 570.41 4.20 397.94
3879 42.69 798.37 601.18 3.10 400.32
3880 42.59 635.19 537.48 3.30 400.46
3881 41.89 443.11 421.44 4.40 406.09
3882 40.68 237.44 261.28 4.40 407.41
3883 39.21 74.70 86.73 4.20 408.60
3884 37.85 0.00 0.00 3.90 414.19
3885 36.48 0.00 0.00 4.40 410.95
3886 35.12 0.00 0.00 4.70 407.94
3887 33.75 0.00 0.00 3.90 404.19
3888 32.49 0.00 0.00 2.30 398.70
3889 31.39 0.00 0.00 1.70 393.52
3890 30.17 0.00 0.00 1.00 394.40
3891 28.96 0.00 0.00 1.50 389.58
3892 28.29 0.00 0.00 1.60 391.18
3893 27.63 0.00 0.00 0.90 389.73
3894 27.14 9.18 0.00 0.60 390.39
3895 29.04 110.80 133.90 0.90 390.65
3896 30.52 287.06 316.27 1.00 390.42
3897 32.19 494.34 464.65 0.80 388.05
3898 33.74 673.21 547.31 1.00 384.00
3899 35.29 830.54 573.58 0.60 383.53
3900 36.59 925.73 606.94 0.40 387.83
3901 37.51 935.00 567.35 0.40 392.20
3902 38.09 902.13 598.79 1.00 392.35
3903 38.28 795.54 592.67 1.30 395.06
3904 38.08 636.23 545.25 1.50 396.16
3905 37.25 420.73 401.07 2.20 399.48
3906 36.01 222.06 268.22 2.50 406.92
3907 34.55 69.60 90.63 3.10 413.10
3908 33.61 0.00 0.00 3.10 411.32
3909 32.75 0.00 0.00 2.50 409.44
3910 31.85 0.00 0.00 2.50 404.19
3911 30.95 0.00 0.00 3.90 403.51
3912 30.06 0.00 0.00 2.50 399.41
3913 29.72 0.00 0.00 2.20 398.89
3914 29.35 0.00 0.00 1.70 396.38
3915 28.99 0.00 0.00 1.80 394.30
3916 28.79 0.00 0.00 2.30 392.17
3917 28.58 0.00 0.00 2.00 392.87
3918 28.44 9.02 0.00 1.40 390.20
3919 30.68 113.81 111.23 0.80 394.59
3920 32.28 276.81 279.42 0.60 394.70
3921 34.12 477.81 417.56 1.00 395.03
3922 36.14 680.59 526.23 1.40 388.36
3923 37.98 832.43 579.42 2.20 389.86
3924 39.54 932.04 626.33 2.00 387.27
3925 40.70 950.90 610.78 1.50 387.21
3926 41.43 900.12 580.14 2.50 384.55
3927 41.71 777.75 546.25 2.90 385.69
3928 41.48 607.83 497.48 2.90 390.29
3929 40.69 423.04 388.87 3.10 392.37
3930 39.44 226.32 235.01 4.20 396.55
3931 37.95 72.10 73.97 3.10 395.17
3932 36.88 0.57 0.00 2.90 399.72
3933 35.81 0.00 0.00 2.50 404.13
3934 34.74 0.00 0.00 2.50 404.98
3935 33.66 0.00 0.00 3.10 402.71
3936 32.69 0.00 0.00 3.30 407.24
3937 31.83 0.00 0.00 3.10 405.49
3938 30.89 0.00 0.00 1.20 405.38
3939 29.94 0.00 0.00 1.30 403.73
3940 29.42 0.00 0.00 1.00 405.92
3941 28.90 0.00 0.00 0.50 406.49
3942 28.52 9.16 0.00 0.60 407.33
3943 30.61 114.79 132.50 0.40 410.06
3944 32.23 295.49 314.25 0.80 407.35
3945 33.91 490.26 462.51 1.00 406.26
3946 35.75 687.79 567.14 1.40 401.38
3947 37.37 829.01 584.83 2.00 397.43
3948 38.69 910.21 567.35 2.30 402.15
3949 39.63 915.89 578.90 2.90 406.52
3950 40.25 894.32 577.36 2.30 405.58
3951 40.47 789.55 600.75 1.60 407.12
3952 40.34 649.82 544.41 1.20 408.16
3953 39.61 453.70 428.89 1.80 411.67
3954 38.41 248.25 268.70 2.30 412.72
3955 36.92 74.93 91.41 3.30 417.32
3956 35.83 0.65 0.00 2.90 420.18
3957 34.74 0.00 0.00 2.20 424.57
3958 33.66 0.00 0.00 2.20 422.36
3959 32.66 0.00 0.00 1.60 419.98
3960 31.63 0.00 0.00 1.60 416.65
3961 31.05 0.00 0.00 1.20 411.22
3962 30.42 0.00 0.00 2.90 412.94
3963 29.79 0.00 0.00 4.20 409.50
3964 29.45 0.00 0.00 5.00 413.06
3965 29.11 0.00 0.00 3.30 408.36
3966 28.86 9.13 0.00 3.90 410.33
3967 31.09 116.76 114.52 5.40 413.97
3968 32.81 298.26 285.16 6.40 412.77
3969 34.64 495.83 429.59 6.40 411.63
3970 36.48 673.42 533.38 6.40 405.18
3971 38.18 823.47 593.35 6.40 405.20
3972 39.58 904.80 555.29 6.90 405.88
3973 40.64 933.67 564.73 5.70 408.41
3974 41.31 892.09 571.40 7.60 409.86
3975 41.60 792.02 587.60 7.80 408.98
3976 41.47 639.47 511.25 8.50 414.62
3977 40.69 429.64 397.32 8.10 412.32
3978 39.46 233.45 242.61 10.20 417.08
3979 37.98 74.13 78.19 9.70 422.06
3980 36.72 0.71 0.00 9.40 416.31
3981 35.46 0.00 0.00 8.90 423.06
3982 34.19 0.00 0.00 10.70 413.13
3983 33.01 0.00 0.00 8.10 411.03
3984 31.81 0.00 0.00 8.10 411.36
3985 30.87 0.00 0.00 7.80 408.82
3986 29.84 0.00 0.00 6.90 403.34
3987 28.82 0.00 0.00 6.90 396.14
3988 28.26 0.00 0.00 7.00 394.10
3989 27.70 0.00 0.00 4.20 392.00
3990 27.29 8.48 0.00 3.60 392.96
3991 29.31 113.85 140.48 3.90 396.75
3992 30.86 290.50 327.06 4.70 394.13
3993 32.67 509.03 477.01 4.40 390.94
3994 34.33 683.60 582.05 5.70 384.53
3995 35.84 811.95 568.33 6.90 382.24
3996 37.14 909.78 567.82 6.70 384.46
3997 38.14 948.64 605.11 7.60 386.15
3998 38.74 896.55 582.20 7.40 389.60
3999 38.98 801.26 590.16 8.10 386.93
4000 38.73 617.45 520.78 8.50 389.02
4001 37.98 440.40 445.09 8.50 390.10
4002 36.74 226.59 283.24 8.90 394.25
4003 35.28 71.65 99.77 11.10 400.56
4004 34.16 0.73 0.00 8.90 397.79
4005 33.12 0.00 0.00 8.90 403.08
4006 32.06 0.00 0.00 8.50 401.86
4007 31.00 0.00 0.00 9.70 398.09
4008 29.94 0.00 0.00 8.90 394.91
4009 29.34 0.00 0.00 5.90 396.07
4010 28.66 0.00 0.00 6.10 392.71
4011 27.98 0.00 0.00 6.90 388.68
4012 27.61 0.00 0.00 7.20 385.04
4013 27.23 0.00 0.00 5.90 382.25
4014 26.95 8.85 0.00 6.40 380.12
4015 29.37 126.58 360.48 5.30 384.78
4016 31.35 334.04 595.43 3.90 386.17
4017 33.39 553.16 712.21 3.10 382.88
4018 35.38 747.23 776.74 3.30 382.47
4019 37.14 884.43 762.54 2.50 385.29
4020 38.61 974.49 766.80 4.70 385.94
4021 39.68 993.56 747.57 6.70 384.69
4022 40.37 952.40 755.52 7.20 385.53
4023 40.64 849.82 757.94 5.90 386.33
4024 40.49 690.00 735.91 5.90 393.49
4025 39.70 488.93 667.00 6.10 394.10
4026 38.39 270.54 532.42 5.40 399.17
4027 36.76 82.09 295.11 4.20 405.67
4028 35.56 0.81 0.00 3.30 400.34
4029 34.36 0.00 0.00 3.90 402.86
4030 33.22 0.00 0.00 3.60 399.78
4031 32.08 0.00 0.00 3.30 394.61
4032 30.93 0.00 0.00 3.90 391.98
4033 30.15 0.00 0.00 3.30 387.48
4034 29.27 0.00 0.00 2.30 385.19
4035 28.39 0.00 0.00 1.70 388.13
4036 27.91 0.00 0.00 2.90 392.83
4037 27.43 0.00 0.00 3.30 391.74
4038 27.07 8.67 0.00 2.70 394.51
4039 29.37 124.24 289.12 2.30 400.99
4040 31.22 327.16 527.14 3.30 398.32
4041 33.18 546.39 685.26 3.60 398.53
4042 35.09 743.86 767.19 3.60 392.30
4043 36.80 884.28 763.61 3.60 392.39
4044 38.20 969.76 753.07 4.20 393.25
4045 39.21 980.82 706.40 3.60 393.52
4046 39.80 926.28 668.80 2.70 400.08
4047 40.03 831.71 695.21 3.30 399.80
4048 39.82 669.12 645.35 4.70 400.10
4049 39.01 470.51 608.94 3.10 405.46
4050 37.71 258.97 461.94 4.40 404.89
4051 36.13 78.18 230.99 2.90 412.63
4052 34.97 0.89 0.00 3.30 411.22
4053 33.81 0.00 0.00 4.70 418.76
4054 32.73 0.00 0.00 3.10 419.63
4055 31.63 0.00 0.00 5.70 418.87
4056 30.53 0.00 0.00 8.10 418.41
4057 29.86 0.00 0.00 7.60 414.64
4058 29.10 0.00 0.00 10.20 411.45
4059 28.34 0.00 0.00 10.70 408.78
4060 27.92 0.00 0.00 10.20 408.20
4061 27.51 0.00 0.00 8.50 406.79
4062 27.20 8.90 0.00 7.20 404.30
4063 29.63 128.64 354.53 7.20 411.85
4064 31.57 335.65 602.00 5.70 405.83
4065 33.58 560.47 744.75 5.70 405.81
4066 35.61 752.30 797.90 6.70 399.66
4067 37.38 897.46 806.56 5.90 398.07
4068 38.86 991.00 818.21 5.00 397.56
4069 39.94 1008.28 792.96 5.40 401.51
4070 40.61 965.81 795.97 7.20 398.28
4071 40.89 862.95 797.79 6.40 398.48
4072 40.71 697.18 739.51 6.40 401.31
4073 39.90 493.19 678.38 7.00 406.64
4074 38.57 272.92 537.74 7.00 412.82
4075 36.92 83.13 293.38 5.90 422.78
4076 35.80 0.96 0.00 3.90 419.94
4077 34.67 0.00 0.00 4.70 423.42
4078 33.54 0.00 0.00 4.40 424.23
4079 32.51 0.00 0.00 4.20 420.77
4080 31.44 0.00 0.00 4.70 417.08
4081 30.78 0.00 0.00 3.60 414.09
4082 30.04 0.00 0.00 5.00 416.46
4083 29.30 0.00 0.00 4.40 412.45
4084 28.90 0.00 0.00 5.00 411.85
4085 28.50 0.00 0.00 1.80 407.52
4086 28.21 8.49 0.00 2.20 406.71
4087 30.58 124.55 351.49 1.70 412.03
4088 32.54 331.50 590.96 2.70 405.51
4089 34.58 549.97 707.62 3.10 404.12
4090 36.61 743.33 769.63 4.20 397.69
4091 38.38 883.47 764.16 3.10 403.46
4092 39.82 966.75 745.51 3.30 404.80
4093 40.90 991.89 743.19 4.20 400.94
4094 41.59 950.42 747.49 3.10 400.91
4095 41.88 852.01 761.45 3.10 398.60
4096 41.75 694.47 745.65 5.00 399.45
4097 40.99 493.71 677.64 5.00 398.53
4098 39.71 274.21 541.25 4.70 402.06
4099 38.10 84.72 292.45 3.90 410.75
4100 36.68 1.02 0.00 4.40 405.43
4101 35.27 0.00 0.00 2.90 409.58
4102 33.86 0.00 0.00 3.60 407.74
4103 32.54 0.00 0.00 2.00 403.99
4104 31.20 0.00 0.00 1.50 397.74
4105 30.18 0.00 0.00 0.80 397.64
4106 29.02 0.00 0.00 1.30 393.80
4107 27.86 0.00 0.00 2.20 388.19
4108 27.20 0.00 0.00 1.70 388.26
4109 26.54 0.00 0.00 1.20 387.09
4110 26.05 8.59 0.00 1.00 386.16
4111 28.19 126.56 348.41 1.80 394.29
4112 29.91 333.75 595.95 2.90 389.02
4113 31.74 557.87 740.25 3.90 389.93
4114 33.40 753.54 806.13 3.30 388.75
4115 34.98 899.21 814.80 3.60 390.58
4116 36.26 988.71 813.42 4.40 391.86
4117 37.21 1017.41 819.85 4.20 390.10
4118 37.77 970.63 809.30 2.30 390.82
4119 37.93 857.54 778.24 3.30 394.52
4120 37.68 694.42 725.96 4.40 396.40
4121 36.83 486.86 647.29 2.50 401.35
4122 35.50 266.66 493.75 5.00 408.82
4123 33.89 79.85 235.77 5.70 413.90
4124 33.24 1.04 0.00 5.30 414.61
4125 32.55 0.00 0.00 6.70 413.08
4126 31.86 0.00 0.00 5.70 413.85
4127 31.18 0.00 0.00 5.30 412.27
4128 30.49 0.00 0.00 4.70 413.10
4129 30.54 0.00 0.00 3.90 412.52
4130 30.51 0.00 0.00 4.40 415.26
4131 30.49 0.00 0.00 4.40 413.62
4132 30.43 0.00 0.00 5.90 410.98
4133 30.38 0.00 0.00 6.40 409.83
4134 30.32 8.41 0.00 6.10 409.81
4135 33.13 123.81 329.08 5.40 416.41
4136 35.49 328.74 574.76 3.60 414.75
4137 38.07 551.40 718.57 2.90 414.93
4138 40.51 746.81 785.91 2.70 406.43
4139 42.66 891.35 792.32 3.60 409.40
4140 44.42 980.09 788.82 3.60 412.17
4141 45.73 1000.85 771.32 3.60 410.58
4142 46.57 961.43 781.05 4.70 412.97
4143 46.92 856.05 772.24 3.60 419.04
4144 46.72 688.00 701.67 3.60 425.40
4145 45.78 485.56 639.48 2.70 426.24
4146 44.23 269.98 509.05 2.50 430.68
4147 42.30 82.89 258.72 2.90 437.84
4148 41.01 1.13 0.00 2.90 438.36
4149 39.71 0.00 0.00 2.30 440.55
4150 38.42 0.00 0.00 2.00 439.27
4151 37.12 0.00 0.00 2.30 434.81
4152 35.83 0.00 0.00 2.00 431.63
4153 34.93 0.00 0.00 1.50 428.09
4154 33.95 0.00 0.00 1.20 419.19
4155 33.03 0.00 0.00 2.00 422.92
4156 32.52 0.00 0.00 2.20 421.44
4157 32.01 0.00 0.00 1.30 420.07
4158 31.64 7.28 0.00 1.70 416.45
4159 33.61 110.40 227.63 2.20 420.41
4160 35.41 299.21 444.50 2.20 412.92
4161 37.32 505.53 569.01 2.70 414.93
4162 39.20 699.94 614.82 3.30 410.80
4163 40.88 846.94 648.06 4.40 410.80
4164 42.27 936.96 651.21 3.90 414.73
4165 43.34 974.33 686.52 6.10 416.35
4166 43.98 918.43 641.37 6.10 416.11
4167 44.24 818.68 632.40 4.70 412.46
4168 44.05 648.92 594.11 4.70 413.56
4169 43.28 455.46 525.42 6.40 417.46
4170 42.06 254.93 399.19 7.00 419.52
4171 40.55 77.55 183.55 6.40 426.07
4172 39.32 1.21 0.00 6.40 425.39
4173 38.09 0.00 0.00 4.40 430.25
4174 36.86 0.00 0.00 5.30 427.33
4175 35.63 0.00 0.00 5.70 423.16
4176 34.40 0.00 0.00 5.40 419.70
4177 33.60 0.00 0.00 6.10 420.44
4178 32.80 0.00 0.00 6.70 419.56
4179 31.96 0.00 0.00 8.10 422.65
4180 31.50 0.00 0.00 7.40 420.83
4181 31.04 0.00 0.00 7.60 419.11
4182 30.71 7.75 0.00 7.20 419.80
4183 32.82 114.58 166.10 7.20 422.97
4184 34.53 301.33 368.16 8.90 421.95
4185 36.34 490.23 493.78 11.10 421.44
4186 38.09 666.79 576.83 12.50 417.45
4187 39.68 809.00 542.34 12.50 420.16
4188 41.04 908.70 571.27 14.20 420.03
4189 42.10 946.13 599.77 11.80 418.95
4190 42.78 908.44 610.99 11.50 418.52
4191 43.04 798.09 574.16 7.80 421.82
4192 42.88 635.54 557.31 7.20 423.34
4193 42.11 437.35 447.00 6.40 426.36
4194 40.90 242.13 332.96 5.00 425.53
4195 39.43 76.12 130.47 5.70 436.79
4196 38.28 1.20 0.00 5.30 434.28
4197 37.13 0.00 0.00 5.30 437.46
4198 35.98 0.00 0.00 6.40 432.61
4199 34.83 0.00 0.00 6.10 432.21
4200 33.68 0.00 0.00 4.70 432.36
4201 33.00 0.00 0.00 4.20 430.15
4202 32.21 0.00 0.00 3.60 424.85
4203 31.42 0.00 0.00 5.00 420.57
4204 30.98 0.00 0.00 2.90 420.36
4205 30.55 0.00 0.00 1.60 421.32
4206 30.23 7.24 0.00 2.50 421.03
4207 32.32 112.87 187.83 4.40 424.70
4208 34.02 298.91 399.73 4.20 420.15
4209 35.99 510.63 557.37 5.00 417.05
4210 37.89 698.75 615.19 3.60 410.80
4211 39.59 843.97 641.94 4.70 412.06
4212 40.98 930.92 634.34 3.10 414.85
4213 42.00 947.15 602.86 2.50 419.61
4214 42.68 920.76 647.57 2.70 419.25
4215 42.97 821.71 639.53 3.60 423.01
4216 42.79 649.12 591.81 4.20 423.09
4217 42.02 453.20 490.21 4.70 423.75
4218 40.76 242.88 356.18 4.70 431.49
4219 39.23 75.37 150.87 5.90 441.95
4220 38.15 1.27 0.00 3.60 439.65
4221 37.07 0.00 0.00 2.20 440.82
4222 35.99 0.00 0.00 3.60 438.56
4223 34.91 0.00 0.00 2.30 432.89
4224 33.83 0.00 0.00 1.80 430.66
4225 33.22 0.00 0.00 1.80 430.67
4226 32.50 0.00 0.00 1.20 429.68
4227 31.78 0.00 0.00 1.60 430.59
4228 31.39 0.00 0.00 2.30 427.38
4229 30.99 0.00 0.00 1.70 430.21
4230 30.70 7.24 0.00 3.10 430.14
4231 32.84 113.92 153.35 2.90 434.69
4232 34.52 294.79 350.10 2.50 430.72
4233 36.39 491.82 502.04 3.30 428.01
4234 38.36 703.03 611.03 2.50 418.36
4235 40.13 854.24 676.22 2.90 418.01
4236 41.54 930.46 633.83 2.70 414.35
4237 42.55 938.11 578.13 4.70 418.65
4238 43.20 900.26 587.39 4.40 422.10
4239 43.46 804.83 603.10 5.70 422.75
4240 43.30 644.38 557.50 5.90 424.46
4241 42.48 432.14 410.02 6.70 434.68
4242 41.21 231.63 301.16 6.10 435.78
4243 39.71 73.66 121.75 4.70 437.54
4244 38.66 1.25 0.00 5.70 437.61
4245 37.62 0.00 0.00 4.40 439.35
4246 36.57 0.00 0.00 5.00 438.34
4247 35.53 0.00 0.00 5.40 437.83
4248 34.49 0.00 0.00 5.00 434.11
4249 33.81 0.00 0.00 4.20 436.55
4250 33.15 0.00 0.00 6.40 429.28
4251 32.45 0.00 0.00 5.70 427.76
4252 32.08 0.00 0.00 5.00 425.30
4253 31.70 0.00 0.00 2.90 427.25
4254 31.44 6.65 0.00 3.10 425.19
4255 33.30 97.28 107.27 3.30 430.53
4256 35.17 289.52 276.57 5.30 421.72
4257 36.37 375.82 183.38 5.70 426.24
4258 37.96 572.34 311.19 6.70 418.51
4259 39.24 656.86 260.83 6.70 415.55
4260 40.68 831.55 480.43 6.90 413.73
4261 42.10 969.37 635.82 8.10 408.84
4262 43.04 927.60 630.42 7.80 412.84
4263 43.51 819.16 587.29 7.40 416.18
4264 43.54 655.50 512.58 7.40 415.89
4265 42.96 456.81 400.71 7.40 421.87
4266 41.88 253.66 248.27 7.80 427.32
4267 40.51 85.64 83.09 7.00 432.11
4268 39.25 1.70 0.00 6.40 430.92
4269 37.99 0.00 0.00 4.70 430.35
4270 36.73 0.00 0.00 5.30 425.43
4271 35.47 0.00 0.00 4.40 420.08
4272 34.21 0.00 0.00 5.40 419.73
4273 33.27 0.00 0.00 5.90 417.61
4274 32.23 0.00 0.00 5.90 414.33
4275 31.19 0.00 0.00 5.00 410.56
4276 30.62 0.00 0.00 4.70 404.81
4277 30.05 0.00 0.00 5.00 406.67
4278 29.64 7.08 0.00 5.30 398.51
4279 31.64 111.47 119.14 4.70 407.38
4280 33.19 285.66 297.06 3.60 403.04
4281 34.85 476.10 445.90 3.90 397.46
4282 36.57 658.71 535.57 3.90 394.13
4283 38.21 823.99 576.30 4.40 394.61
4284 39.61 928.07 628.36 5.00 392.14
4285 40.64 945.75 599.32 5.40 398.23
4286 41.24 888.12 589.08 6.10 401.78
4287 41.45 780.15 566.79 5.70 404.70
4288 41.30 640.49 538.01 5.90 401.28
4289 40.59 452.12 425.24 3.90 406.42
4290 39.43 255.57 269.07 4.20 409.02
4291 37.99 86.35 94.18 4.20 414.79
4292 36.75 1.43 0.00 3.60 416.63
4293 35.51 0.00 0.00 4.20 421.58
4294 34.27 0.00 0.00 3.30 419.33
4295 33.10 0.00 0.00 1.80 416.05
4296 31.92 0.00 0.00 1.60 410.50
4297 31.19 0.00 0.00 0.60 410.09
4298 30.39 0.00 0.00 1.40 411.12
4299 29.60 0.00 0.00 1.50 407.27
4300 29.16 0.00 0.00 0.90 404.15
4301 28.72 0.00 0.00 0.50 403.35
4302 28.41 6.90 0.00 0.70 404.14
4303 30.46 111.44 117.38 0.60 407.37
4304 32.09 290.71 294.64 0.70 408.62
4305 33.86 496.88 443.46 0.60 405.98
4306 35.74 690.92 549.63 0.90 398.10
4307 37.44 839.80 619.00 1.20 398.79
4308 38.77 909.06 575.91 1.40 401.73
4309 39.82 950.96 601.30 1.70 403.86
4310 40.38 866.83 545.13 1.00 404.54
4311 40.55 755.17 495.68 1.20 399.93
4312 40.27 595.08 427.21 0.90 401.05
4313 39.46 414.24 363.95 0.80 401.85
4314 38.26 233.92 267.87 1.50 403.11
4315 36.84 79.50 93.62 1.70 407.20
4316 35.70 1.42 0.00 1.30 407.02
4317 34.56 0.00 0.00 0.90 406.26
4318 33.43 0.00 0.00 1.80 402.99
4319 32.40 0.00 0.00 2.00 400.52
4320 31.32 0.00 0.00 2.70 403.47
4321 30.59 0.00 0.00 2.50 399.91
4322 29.75 0.00 0.00 2.70 396.56
4323 28.91 0.00 0.00 4.40 393.20
4324 28.44 0.00 0.00 3.90 393.31
4325 27.97 0.00 0.00 4.70 389.88
4326 27.62 6.77 0.00 3.90 387.07
4327 29.57 106.17 127.56 5.30 392.62
4328 31.08 273.43 311.88 5.70 390.78
4329 32.82 475.20 439.94 7.00 390.28
4330 34.56 663.82 550.74 6.90 385.29
4331 36.16 798.81 556.22 5.00 389.41
4332 37.49 888.64 584.77 4.40 388.18
4333 38.54 933.06 553.50 4.70 392.15
4334 39.27 923.34 638.99 6.10 396.42
4335 39.58 816.84 631.88 5.40 400.96
4336 39.49 664.01 557.47 5.00 400.10
4337 38.75 456.20 444.30 3.90 402.28
4338 37.55 256.92 285.67 3.60 410.53
4339 36.05 85.85 103.49 2.00 409.38
4340 35.49 1.52 0.00 1.20 416.50
4341 34.92 0.00 0.00 0.60 427.73
4342 34.36 0.00 0.00 0.60 428.20
4343 33.80 0.00 0.00 1.00 430.17
4344 33.29 0.00 0.00 1.80 430.18
4345 32.65 0.00 0.00 2.00 413.43
4346 32.62 0.00 0.00 2.00 419.01
4347 32.60 0.00 0.00 2.00 419.29
4348 32.59 0.00 0.00 1.60 420.23
4349 32.58 0.00 0.00 0.90 419.73
4350 32.57 6.42 0.00 1.20 418.93
4351 34.73 106.11 78.72 1.40 423.62
4352 36.52 276.40 226.93 2.10 423.05
4353 38.39 458.52 364.65 1.70 427.09
4354 40.30 643.45 467.89 2.30 422.64
4355 42.05 787.15 509.91 3.20 423.22
4356 43.58 893.76 573.22 4.79 422.76
4357 44.79 930.39 559.20 4.79 424.23
4358 45.55 874.77 558.91 4.49 425.82
4359 45.84 746.18 480.14 6.19 427.62
4360 45.72 600.30 444.58 5.29 430.48
4361 44.99 408.47 331.57 6.39 434.91
4362 43.82 216.02 155.84 4.49 438.67
4363 42.43 74.03 62.00 5.59 439.83
4364 41.34 1.46 0.00 4.79 438.45
4365 40.25 0.00 0.00 5.29 444.10
4366 39.16 0.00 0.00 4.49 443.53
4367 38.07 0.00 0.00 4.99 440.95
4368 36.98 0.00 0.00 5.29 437.72
4369 35.90 0.00 0.00 4.79 434.93
4370 34.70 0.00 0.00 3.70 429.43
4371 33.51 0.00 0.00 3.90 427.78
4372 32.86 0.00 0.00 3.70 425.84
4373 32.29 0.00 0.00 3.20 423.59
4374 31.84 6.01 0.00 3.30 426.94
4375 33.49 103.31 69.61 3.70 431.62
4376 34.88 270.64 209.73 3.90 425.72
4377 36.49 472.77 344.10 3.90 424.29
4378 37.84 606.79 392.82 4.10 425.08
4379 39.29 796.33 515.59 5.89 417.88
4380 40.45 873.93 554.80 7.49 415.41
4381 41.30 891.14 508.67 6.19 424.26
4382 41.64 773.82 375.26 5.29 430.94
4383 41.76 712.38 407.53 6.39 430.13
4384 41.42 534.27 281.91 5.89 428.25
4385 40.72 388.44 270.67 5.29 427.91
4386 39.68 217.33 149.80 5.29 428.74
4387 38.43 67.22 54.90 4.79 434.66
4388 37.45 1.47 0.00 3.30 428.18
4389 36.48 0.00 0.00 4.10 427.19
4390 35.51 0.00 0.00 5.29 428.25
4391 34.53 0.00 0.00 4.99 422.49
4392 33.56 0.00 0.00 4.30 421.16
4393 33.10 0.00 0.00 6.19 419.48
4394 32.65 0.00 0.00 3.50 415.55
4395 32.16 0.00 0.00 4.30 414.07
4396 31.89 0.00 0.00 3.70 414.35
4397 31.62 0.00 0.00 3.50 416.15
4398 31.43 5.52 0.00 3.70 407.64
4399 33.44 107.41 244.46 3.50 412.75
4400 35.27 291.98 422.43 4.30 415.59
4401 37.10 477.61 478.35 4.79 414.38
4402 38.97 669.07 572.45 4.49 406.16
4403 40.80 849.56 657.43 4.79 406.03
4404 42.19 902.95 551.35 4.79 407.40
4405 43.28 942.65 578.54 6.19 410.53
4406 44.05 932.89 667.57 7.19 407.68
4407 44.49 861.43 759.18 7.79 405.01
4408 44.50 700.93 729.59 8.09 400.68
4409 43.89 497.81 627.43 8.09 400.45
4410 42.74 278.25 455.26 7.49 410.49
4411 41.25 88.19 214.35 7.19 418.41
4412 40.15 1.65 0.00 6.59 416.64
4413 39.04 0.00 0.00 6.89 422.61
4414 37.94 0.00 0.00 6.39 422.57
4415 36.83 0.00 0.00 5.59 422.18
4416 35.73 0.00 0.00 4.49 415.01
4417 34.88 0.00 0.00 5.89 412.70
4418 33.96 0.00 0.00 6.39 411.71
4419 33.03 0.00 0.00 6.39 411.11
4420 32.59 0.00 0.00 4.79 414.97
4421 32.11 0.00 0.00 5.29 411.93
4422 31.77 5.49 0.00 4.99 408.90
4423 33.65 108.85 196.36 5.29 413.94
4424 35.38 300.51 417.43 7.19 410.89
4425 37.24 511.07 579.42 7.49 412.34
4426 39.05 704.87 669.11 5.29 406.86
4427 40.59 832.48 620.78 6.59 407.24
4428 41.83 909.13 579.60 6.19 405.99
4429 42.79 946.18 588.34 6.59 404.07
4430 43.34 882.31 573.47 6.89 407.44
4431 43.51 768.12 513.99 7.79 406.63
4432 43.29 620.32 506.52 6.89 411.95
4433 42.57 440.48 443.90 5.59 416.56
4434 41.42 238.67 322.24 5.89 417.91
4435 40.01 73.29 152.12 5.59 426.41
4436 38.81 1.50 0.00 5.59 428.04
4437 37.60 0.00 0.00 6.39 432.81
4438 36.39 0.00 0.00 5.59 433.13
4439 35.18 0.00 0.00 5.29 428.94
4440 33.98 0.00 0.00 6.19 422.13
4441 33.16 0.00 0.00 5.89 417.81
4442 32.32 0.00 0.00 4.10 412.51
4443 31.45 0.00 0.00 6.19 411.66
4444 30.97 0.00 0.00 5.29 409.80
4445 30.49 0.00 0.00 4.10 412.00
4446 30.13 5.58 0.00 3.70 414.52
4447 32.01 106.90 301.59 3.70 416.01
4448 33.70 300.81 501.05 3.50 413.05
4449 35.56 507.94 614.96 3.50 413.51
4450 37.37 697.53 647.46 2.50 410.02
4451 38.96 840.96 647.85 2.40 409.76
4452 40.27 925.22 625.56 4.10 411.93
4453 41.24 952.00 618.35 4.49 411.91
4454 41.86 914.90 624.75 5.89 411.55
4455 42.11 816.45 628.60 7.79 417.11
4456 42.00 671.78 644.36 9.09 416.00
4457 41.31 478.43 607.53 8.89 420.30
4458 40.16 272.12 464.62 7.79 423.22
4459 38.69 85.46 251.61 7.49 428.57
4460 37.77 1.51 0.00 6.39 426.64
4461 36.86 0.00 0.00 6.59 433.87
4462 35.94 0.00 0.00 7.49 432.39
4463 35.02 0.00 0.00 8.39 428.06
4464 34.11 0.00 0.00 6.89 423.97
4465 33.68 0.00 0.00 7.19 422.81
4466 33.21 0.00 0.00 6.89 420.76
4467 32.78 0.00 0.00 4.99 418.03
4468 32.53 0.00 0.00 4.10 418.71
4469 32.28 0.00 0.00 3.20 417.93
4470 32.10 5.16 0.00 2.80 415.94
4471 33.97 102.03 279.55 3.00 419.89
4472 35.91 303.02 517.46 3.20 421.41
4473 37.78 495.14 552.90 2.00 422.79
4474 39.51 659.56 547.30 1.80 418.66
4475 41.16 820.20 589.60 1.60 419.62
4476 42.50 901.04 560.82 2.30 424.37
4477 43.52 924.23 533.55 2.10 425.99
4478 44.04 832.21 497.78 2.30 432.40
4479 44.23 739.11 489.77 2.00 432.55
4480 44.00 590.34 386.16 1.70 437.29
4481 43.18 385.99 189.70 1.60 441.67
4482 42.00 210.84 140.18 0.70 445.35
4483 40.61 59.92 42.74 0.50 454.85
4484 39.74 1.43 0.00 0.20 454.49
4485 38.88 0.00 0.00 0.50 459.53
4486 38.01 0.00 0.00 0.50 454.90
4487 37.15 0.00 0.00 0.20 447.18
4488 36.28 0.00 0.00 0.60 443.78
4489 35.67 0.00 0.00 0.80 435.68
4490 35.00 0.00 0.00 0.50 432.79
4491 34.32 0.00 0.00 0.20 433.63
4492 33.96 0.00 0.00 0.80 429.84
4493 33.59 0.00 0.00 0.20 426.66
4494 33.33 4.49 0.00 0.30 426.34
4495 35.22 98.33 153.72 0.30 427.01
4496 37.07 290.91 358.92 0.70 421.04
4497 38.54 424.83 311.86 1.40 423.69
4498 40.08 595.20 368.12 1.20 417.02
4499 41.31 675.42 296.88 0.90 414.14
4500 42.61 828.21 474.48 1.00 410.50
4501 43.45 802.08 377.45 1.80 416.89
4502 43.94 752.99 353.64 1.60 417.88
4503 44.17 692.21 367.29 2.50 417.19
4504 44.11 573.43 353.71 2.10 416.34
4505 43.61 429.62 405.65 2.00 415.99
4506 42.71 260.34 339.15 2.30 413.62
4507 41.47 80.51 134.23 2.40 417.64
4508 40.17 1.40 0.00 3.20 415.16
4509 38.88 0.00 0.00 4.10 418.00
4510 37.58 0.00 0.00 3.70 411.08
4511 36.28 0.00 0.00 3.20 405.99
4512 34.99 0.00 0.00 2.50 399.29
4513 33.98 0.00 0.00 2.80 399.23
4514 32.85 0.00 0.00 2.80 398.02
4515 31.83 0.00 0.00 3.00 395.10
4516 31.24 0.00 0.00 3.20 393.53
4517 30.65 0.00 0.00 2.70 396.11
4518 30.22 4.29 0.00 3.70 396.22
4519 31.68 88.12 106.36 3.30 401.07
4520 32.96 249.03 275.61 1.70 399.11
4521 34.60 450.42 385.74 1.40 398.35
4522 36.22 633.53 485.12 1.60 394.79
4523 37.62 761.19 476.11 2.20 397.96
4524 38.87 873.69 538.49 2.80 397.47
4525 39.92 945.33 586.43 3.50 396.24
4526 40.63 923.92 637.32 3.50 396.58
4527 40.87 788.34 549.63 4.49 400.96
4528 40.75 632.94 537.80 5.89 405.36
4529 40.08 444.41 454.85 4.49 407.53
4530 38.99 249.79 352.66 5.59 415.90
4531 37.63 78.15 190.52 3.70 426.69
4532 36.94 1.48 0.00 2.70 429.15
4533 36.25 0.00 0.00 1.80 436.24
4534 35.56 0.00 0.00 2.50 429.85
4535 34.87 0.00 0.00 1.70 427.93
4536 34.18 0.00 0.00 2.10 420.71
4537 34.05 0.00 0.00 1.70 416.11
4538 33.92 0.00 0.00 1.60 420.38
4539 33.78 0.00 0.00 2.70 420.88
4540 33.71 0.00 0.00 4.10 423.08
4541 33.64 0.00 0.00 3.70 424.79
4542 33.59 4.60 0.00 3.50 430.99
4543 35.77 104.14 262.65 4.49 434.29
4544 37.70 289.26 461.08 6.39 429.76
4545 39.82 501.17 601.95 5.89 431.43
4546 41.69 656.57 545.10 6.19 430.45
4547 43.28 768.41 487.76 6.89 433.98
4548 44.72 876.12 542.98 7.19 431.83
4549 45.89 926.77 539.52 8.09 434.62
4550 46.63 873.55 554.45 6.39 433.09
4551 46.95 765.62 508.13 5.29 434.13
4552 46.87 620.42 490.77 4.99 433.57
4553 46.25 448.44 468.53 4.79 433.72
4554 45.13 247.47 362.19 4.10 437.72
4555 43.71 75.38 169.19 3.50 443.39
4556 42.39 1.38 0.00 4.30 441.50
4557 41.08 0.00 0.00 3.30 442.40
4558 39.77 0.00 0.00 2.50 436.80
4559 38.45 0.00 0.00 3.20 431.71
4560 37.14 0.00 0.00 2.80 427.79
4561 35.86 0.00 0.00 2.40 431.66
4562 34.44 0.00 0.00 2.50 427.76
4563 33.03 0.00 0.00 2.20 422.58
4564 32.32 0.00 0.00 2.30 419.22
4565 31.58 0.00 0.00 1.80 416.74
4566 31.04 3.85 0.00 2.70 412.34
4567 32.42 88.60 156.95 2.10 413.99
4568 33.70 255.31 307.98 1.60 408.38
4569 35.17 442.71 367.72 2.00 408.38
4570 36.74 644.41 517.35 2.30 399.08
4571 38.16 792.55 526.63 3.90 399.03
4572 39.35 888.86 591.06 3.20 401.27
4573 40.18 899.13 550.10 3.00 402.44
4574 40.73 883.24 573.93 3.00 401.09
4575 40.82 729.97 445.93 2.30 403.30
4576 40.64 611.95 465.47 2.80 404.41
4577 39.98 438.80 435.14 2.10 408.31
4578 38.92 245.82 354.40 2.10 412.77
4579 37.60 75.75 173.12 2.00 424.41
4580 36.89 1.41 0.00 1.40 420.34
4581 36.18 0.00 0.00 1.40 422.67
4582 35.47 0.00 0.00 1.00 424.23
4583 34.76 0.00 0.00 1.60 424.65
4584 34.04 0.00 0.00 1.70 421.49
4585 34.03 0.00 0.00 2.00 417.74
4586 34.00 0.00 0.00 2.00 418.33
4587 33.96 0.00 0.00 2.20 420.64
4588 33.94 0.00 0.00 1.40 422.01
4589 33.92 0.00 0.00 1.40 422.23
4590 33.89 4.40 0.00 1.30 418.59
4591 36.17 105.02 282.64 1.20 425.05
4592 38.30 302.54 510.84 2.00 417.33
4593 40.51 509.72 632.77 3.20 418.28
4594 42.53 680.21 593.39 4.10 415.67
4595 44.31 810.58 593.82 4.10 413.55
4596 45.90 922.38 608.17 4.49 410.58
4597 47.06 934.69 570.99 5.59 413.92
4598 47.82 892.76 563.23 5.29 421.64
4599 48.14 782.64 565.18 5.89 421.05
4600 48.06 644.66 551.94 7.49 424.26
4601 47.37 456.28 502.68 7.49 429.62
4602 46.17 257.13 411.24 7.19 431.28
4603 44.65 80.66 214.75 7.19 443.00
4604 43.30 1.43 0.00 8.89 436.62
4605 41.95 0.00 0.00 9.59 445.07
4606 40.59 0.00 0.00 10.19 443.63
4607 39.24 0.00 0.00 11.89 439.01
4608 37.89 0.00 0.00 11.29 431.69
4609 36.61 0.00 0.00 13.38 429.57
4610 35.19 0.00 0.00 10.69 425.32
4611 33.78 0.00 0.00 13.38 424.18
4612 33.00 0.00 0.00 11.89 423.45
4613 32.31 0.00 0.00 9.59 424.76
4614 31.78 3.81 0.00 9.59 427.45
4615 33.33 99.33 204.22 8.59 430.88
4616 34.87 284.65 434.48 10.19 423.80
4617 36.56 495.02 587.69 10.49 422.24
4618 38.20 685.23 609.96 10.19 420.51
4619 39.70 842.84 664.16 10.69 423.13
4620 40.91 929.51 644.01 9.19 422.37
4621 41.76 937.37 578.11 9.09 426.24
4622 42.27 896.36 571.81 9.19 428.53
4623 42.41 783.45 566.62 9.19 429.21
4624 42.22 643.65 549.27 8.29 431.56
4625 41.53 461.35 527.63 9.39 429.91
4626 40.41 254.03 396.13 10.19 437.45
4627 39.01 76.74 187.34 8.39 446.19
4628 38.01 1.34 0.00 8.09 442.86
4629 37.02 0.00 0.00 8.39 446.92
4630 36.02 0.00 0.00 8.39 444.33
4631 35.02 0.00 0.00 8.89 437.43
4632 34.03 0.00 0.00 9.59 433.47
4633 33.68 0.00 0.00 11.89 433.13
4634 33.31 0.00 0.00 9.79 428.50
4635 32.94 0.00 0.00 10.99 429.65
4636 32.80 0.00 0.00 9.79 430.29
4637 32.61 0.00 0.00 8.89 429.55
4638 32.48 3.12 0.00 8.59 428.92
4639 33.90 74.97 59.96 8.09 432.16
4640 35.56 241.68 179.63 7.19 427.44
4641 37.27 414.66 297.01 6.19 428.24
4642 39.12 614.73 418.75 5.29 416.22
4643 40.80 756.41 472.16 3.90 419.64
4644 42.34 884.37 560.14 4.10 417.86
4645 43.47 896.11 545.71 3.90 418.73
4646 44.21 856.78 548.56 6.89 420.99
4647 44.59 775.63 527.93 8.29 425.65
4648 44.44 575.10 352.68 7.19 431.36
4649 43.81 416.83 364.58 7.79 430.64
4650 42.73 223.34 207.70 8.09 436.90
4651 41.43 81.78 143.09 8.09 438.01
4652 40.42 1.32 0.00 6.89 440.29
4653 39.40 0.00 0.00 6.89 442.27
4654 38.39 0.00 0.00 4.30 440.65
4655 37.37 0.00 0.00 3.70 442.37
4656 36.36 0.00 0.00 2.80 438.61
4657 35.47 0.00 0.00 3.30 440.00
4658 34.54 0.00 0.00 4.10 439.42
4659 33.61 0.00 0.00 4.49 437.64
4660 33.13 0.00 0.00 4.30 441.34
4661 32.71 0.00 0.00 3.00 446.31
4662 32.39 0.29 0.00 2.30 443.42
4663 32.49 7.59 0.00 3.00 443.38
4664 32.58 21.42 0.00 2.10 443.84
4665 32.69 37.46 0.00 2.20 439.98
4666 35.78 686.08 464.51 2.00 396.07
4667 38.25 842.12 657.20 2.70 393.14
4668 40.20 940.39 680.27 3.00 395.83
4669 41.67 972.02 682.45 1.60 402.28
4670 42.67 934.47 683.85 1.30 409.35
4671 43.23 830.78 653.76 0.70 407.09
4672 43.35 670.43 579.74 0.60 412.47
4673 42.95 471.26 465.88 0.30 413.53
4674 42.04 262.38 303.78 0.70 422.90
4675 40.83 86.42 112.96 0.80 427.23
4676 39.83 1.58 0.00 0.50 427.84
4677 38.83 0.00 0.00 0.30 433.35
4678 37.83 0.00 0.00 0.30 431.21
4679 36.83 0.00 0.00 0.10 426.16
4680 35.83 0.00 0.00 0.20 424.19
4681 35.01 0.00 0.00 0.50 425.08
4682 34.12 0.00 0.00 0.60 423.49
4683 33.23 0.00 0.00 0.80 416.83
4684 32.80 0.00 0.00 1.00 417.95
4685 32.35 0.00 0.00 0.70 416.76
4686 32.03 3.00 0.00 1.00 412.99
4687 33.60 89.67 192.34 0.70 415.84
4688 35.23 265.87 374.76 0.70 410.70
4689 37.02 466.61 470.73 0.70 405.93
4690 38.78 652.89 546.11 1.20 398.82
4691 40.37 798.02 541.57 1.00 400.36
4692 41.76 906.65 580.37 1.40 400.55
4693 42.83 944.52 598.17 1.20 399.30
4694 43.54 909.56 606.78 1.70 395.21
4695 43.86 811.42 610.09 1.40 393.19
4696 43.82 662.84 598.96 1.40 392.97
4697 43.19 460.63 525.62 1.60 394.25
4698 42.09 256.36 411.60 1.30 398.42
4699 40.71 79.47 183.77 0.90 403.66
4700 39.35 1.22 0.00 0.50 406.28
4701 38.00 0.00 0.00 1.00 409.47
4702 36.64 0.00 0.00 1.40 408.30
4703 35.29 0.00 0.00 1.80 405.47
4704 33.93 0.00 0.00 1.20 403.02
4705 32.90 0.00 0.00 1.70 401.63
4706 31.86 0.00 0.00 1.60 397.92
4707 30.78 0.00 0.00 1.00 397.32
4708 30.18 0.00 0.00 0.70 397.40
4709 29.59 0.00 0.00 0.80 393.38
4710 29.16 3.09 0.00 1.00 387.88
4711 30.74 95.00 159.07 1.40 390.23
4712 32.27 278.74 372.98 1.40 388.41
4713 33.86 473.06 492.77 1.40 387.69
4714 35.48 653.33 548.81 0.70 382.41
4715 36.98 803.69 554.38 0.80 381.72
4716 38.26 907.28 582.65 0.90 383.25
4717 39.22 936.09 575.52 1.70 383.59
4718 39.82 898.03 575.77 1.00 386.70
4719 40.05 790.34 581.06 1.20 392.25
4720 39.91 639.88 554.48 1.30 394.14
4721 39.23 448.31 452.31 1.40 399.95
4722 38.11 242.54 331.67 0.80 407.37
4723 36.73 78.58 147.28 0.80 412.65
4724 35.72 1.14 0.00 1.60 414.04
4725 34.71 0.00 0.00 1.40 414.86
4726 33.70 0.00 0.00 1.60 414.52
4727 32.75 0.00 0.00 1.30 415.30
4728 31.78 0.00 0.00 2.30 409.96
4729 31.31 0.00 0.00 3.00 406.89
4730 30.79 0.00 0.00 2.70 406.74
4731 30.27 0.00 0.00 3.50 401.11
4732 29.99 0.00 0.00 3.20 406.07
4733 29.70 0.00 0.00 3.00 408.77
4734 29.50 2.42 0.00 3.20 410.56
4735 31.03 82.10 150.37 3.50 414.39
4736 32.50 239.45 172.48 3.50 415.05
4737 34.12 417.73 313.03 4.30 412.70
4738 36.00 627.25 465.95 4.10 406.93
4739 37.69 771.22 523.57 4.30 405.63
4740 39.07 850.73 531.68 5.59 408.37
4741 40.16 892.94 541.68 4.79 408.34
4742 40.85 846.16 513.40 4.99 409.57
4743 41.29 810.47 594.04 4.99 410.12
4744 41.38 682.54 651.31 5.59 413.58
4745 40.89 481.59 536.27 7.49 411.06
4746 39.85 267.37 366.06 8.09 414.00
4747 38.49 85.03 149.96 5.89 415.59
4748 37.48 1.28 0.00 5.89 414.33
4749 36.47 0.00 0.00 4.49 424.13
4750 35.46 0.00 0.00 4.79 423.07
4751 34.45 0.00 0.00 4.99 421.34
4752 33.44 0.00 0.00 5.89 426.11
4753 32.74 0.00 0.00 5.89 423.94
4754 31.95 0.00 0.00 5.59 426.24
4755 31.16 0.00 0.00 5.29 424.62
4756 30.73 0.00 0.00 7.19 428.13
4757 30.30 0.00 0.00 4.99 433.48
4758 29.99 2.21 0.00 4.10 434.96
4759 30.46 29.77 0.00 3.30 441.97
4760 31.94 202.46 128.47 3.00 425.98
4761 34.04 477.54 466.11 3.70 411.50
4762 36.07 681.58 578.42 4.30 409.98
4763 37.85 838.98 645.68 5.59 410.96
4764 39.13 876.81 540.16 6.59 413.16
4765 40.28 970.88 625.91 6.39 409.34
4766 40.73 800.83 448.64 6.59 421.51
4767 40.67 617.80 236.91 7.79 429.12
4768 40.37 540.11 280.48 6.59 422.41
4769 39.54 343.95 146.94 5.89 424.10
4770 38.58 244.88 296.03 5.29 423.68
4771 37.35 84.67 107.25 5.59 429.56
4772 36.55 1.29 0.00 3.70 425.37
4773 35.75 0.00 0.00 3.50 434.79
4774 34.96 0.00 0.00 3.70 435.52
4775 34.16 0.00 0.00 3.70 432.58
4776 33.36 0.00 0.00 3.90 431.07
4777 32.91 0.00 0.00 3.30 425.84
4778 32.47 0.00 0.00 2.30 425.60
4779 31.99 0.00 0.00 2.70 426.00
4780 31.72 0.00 0.00 2.80 424.79
4781 31.45 0.00 0.00 2.70 426.51
4782 31.25 2.11 0.00 3.20 434.13
4783 32.75 80.10 131.46 3.30 434.43
4784 34.36 248.03 310.75 2.50 432.07
4785 35.92 401.32 277.00 2.00 434.08
4786 37.40 544.08 275.94 2.30 432.62
4787 38.90 700.59 346.93 2.20 432.71
4788 40.20 793.34 440.25 2.40 435.05
4789 41.21 824.48 429.84 2.10 438.11
4790 42.12 893.67 535.50 2.10 434.90
4791 42.56 780.10 560.16 2.10 440.52
4792 42.61 636.97 534.19 3.20 440.46
4793 42.19 473.19 490.02 3.50 439.21
4794 41.21 262.11 322.94 2.80 448.35
4795 39.90 84.13 122.39 3.30 450.11
4796 39.10 1.09 0.00 4.10 447.47
4797 38.30 0.00 0.00 4.49 450.99
4798 37.50 0.00 0.00 4.79 445.46
4799 36.70 0.00 0.00 4.10 440.46
4800 35.90 0.00 0.00 3.00 440.82
4801 35.38 0.00 0.00 2.80 440.44
4802 34.81 0.00 0.00 2.00 439.17
4803 34.24 0.00 0.00 1.80 437.06
4804 33.94 0.00 0.00 2.30 435.03
4805 33.63 0.00 0.00 1.80 431.30
4806 33.42 2.22 0.00 2.10 428.68
4807 35.11 85.01 211.91 1.00 437.90
4808 36.68 243.42 294.78 1.40 432.89
4809 38.39 423.17 334.17 1.30 427.34
4810 40.34 642.79 510.94 2.50 420.14
4811 42.05 778.67 511.49 2.80 422.58
4812 43.31 817.74 471.85 3.20 424.82
4813 44.31 857.47 482.47 4.49 425.91
4814 45.06 861.46 534.22 5.89 424.02
4815 45.50 802.60 574.34 4.99 424.53
4816 45.63 693.47 700.16 5.59 421.89
4817 45.24 509.51 685.19 6.89 422.90
4818 44.25 283.39 508.44 5.29 429.65
4819 42.89 86.92 249.96 3.90 435.30
4820 41.56 1.18 0.00 3.50 436.24
4821 40.23 0.00 0.00 4.30 443.38
4822 38.90 0.00 0.00 4.79 438.64
4823 37.57 0.00 0.00 5.59 435.02
4824 36.24 0.00 0.00 5.59 436.92
4825 35.11 0.00 0.00 4.30 432.04
4826 33.88 0.00 0.00 3.00 431.94
4827 32.71 0.00 0.00 2.80 431.00
4828 32.07 0.00 0.00 3.20 431.55
4829 31.43 0.00 0.00 3.00 429.39
4830 30.98 2.10 0.00 3.50 431.81
4831 32.46 90.26 213.82 4.79 434.93
4832 34.00 276.25 429.19 5.59 429.09
4833 35.71 478.62 550.23 6.59 428.25
4834 37.39 668.86 581.47 5.89 423.47
4835 38.87 808.32 599.89 4.99 423.48
4836 40.07 891.78 604.44 5.89 426.02
4837 41.05 945.88 590.90 7.19 427.05
4838 41.63 890.96 592.18 6.59 429.54
4839 41.91 824.10 634.80 5.59 428.63
4840 41.82 658.36 606.37 6.89 430.82
4841 41.16 459.60 509.81 4.99 431.85
4842 40.03 244.22 350.25 5.29 435.02
4843 38.64 74.50 203.92 4.99 439.91
4844 37.48 0.80 0.00 3.90 437.14
4845 36.33 0.00 0.00 3.00 438.39
4846 35.17 0.00 0.00 2.70 436.30
4847 34.01 0.00 0.00 1.80 431.97
4848 32.85 0.00 0.00 1.80 428.18
4849 32.29 0.00 0.00 1.80 426.77
4850 31.62 0.00 0.00 1.30 427.60
4851 30.95 0.00 0.00 1.60 426.22
4852 30.58 0.00 0.00 1.80 423.31
4853 30.21 0.00 0.00 0.90 420.77
4854 29.95 2.09 0.00 1.30 416.64
4855 31.48 85.23 228.96 2.00 420.20
4856 33.19 276.89 463.16 2.70 411.41
4857 35.13 486.33 587.00 4.10 411.97
4858 37.01 677.05 620.30 4.10 409.72
4859 38.68 820.54 609.93 4.10 416.01
4860 40.10 919.28 620.46 5.29 414.30
4861 41.14 938.63 584.19 4.79 414.83
4862 41.81 897.47 575.57 4.99 414.33
4863 42.08 792.56 587.91 5.29 414.90
4864 42.01 653.07 577.29 4.49 417.71
4865 41.36 463.48 550.19 4.10 421.39
4866 40.24 259.13 444.09 4.99 426.06
4867 38.80 77.60 228.65 3.50 433.10
4868 37.70 0.72 0.00 4.99 437.19
4869 36.61 0.00 0.00 4.99 435.61
4870 35.51 0.00 0.00 5.29 431.77
4871 34.41 0.00 0.00 4.79 426.21
4872 33.31 0.00 0.00 7.49 423.29
4873 32.59 0.00 0.00 6.89 425.21
4874 31.79 0.00 0.00 7.49 424.24
4875 30.99 0.00 0.00 8.59 420.45
4876 30.56 0.00 0.00 8.89 419.58
4877 30.12 0.00 0.00 8.09 419.94
4878 29.81 1.90 0.00 7.79 412.22
4879 31.30 86.93 109.95 4.99 417.99
4880 32.64 244.03 297.48 4.30 419.25
4881 34.18 432.04 366.34 4.10 418.90
4882 35.87 627.54 476.74 4.49 415.48
4883 37.50 797.93 549.13 4.79 414.22
4884 38.93 916.15 612.09 4.49 414.49
4885 40.00 940.92 578.17 4.30 418.06
4886 40.59 860.38 525.38 4.99 417.93
4887 40.69 692.38 352.00 6.39 423.36
4888 40.50 580.93 369.51 6.39 421.03
4889 39.73 375.94 176.16 6.19 425.58
4890 38.60 199.08 114.24 6.19 427.79
4891 37.29 55.81 49.96 8.59 432.73
4892 36.28 0.56 0.00 8.59 430.81
4893 35.28 0.00 0.00 7.19 436.49
4894 34.27 0.00 0.00 6.39 434.86
4895 33.26 0.00 0.00 4.10 430.91
4896 32.33 0.00 0.00 4.30 429.65
4897 31.67 0.00 0.00 3.90 427.61
4898 30.96 0.00 0.00 3.90 424.35
4899 30.25 0.00 0.00 4.30 423.96
4900 29.87 0.00 0.00 3.30 423.51
4901 29.48 0.00 0.00 3.30 422.37
4902 29.21 1.49 0.00 3.50 420.92
4903 30.57 78.17 132.37 4.10 425.06
4904 32.02 244.05 312.91 4.49 422.90
4905 33.75 456.66 445.88 2.40 421.35
4906 35.36 610.04 439.06 2.40 418.20
4907 36.97 786.23 527.49 2.40 414.93
4908 38.27 861.53 548.97 2.30 415.11
4909 39.19 865.62 491.44 2.40 416.40
4910 39.73 808.60 485.48 2.40 417.47
4911 39.96 724.72 457.96 3.20 419.07
4912 39.80 574.10 354.88 2.70 422.01
4913 39.09 379.69 183.63 2.30 422.45
4914 38.02 206.70 141.55 3.20 427.37
4915 36.71 51.66 45.81 2.70 438.50
4916 35.69 0.52 0.00 2.40 439.28
4917 34.67 0.00 0.00 3.00 441.24
4918 33.64 0.00 0.00 3.50 432.71
4919 32.68 0.00 0.00 2.40 429.86
4920 31.70 0.00 0.00 3.00 425.27
4921 31.00 0.00 0.00 2.50 421.71
4922 30.21 0.00 0.00 0.90 415.89
4923 29.42 0.00 0.00 1.20 410.47
4924 28.97 0.00 0.00 0.70 410.33
4925 28.53 0.00 0.00 0.30 414.66
4926 28.20 1.50 0.00 0.30 414.07
4927 29.56 81.52 196.25 0.50 415.33
4928 31.08 262.74 405.51 1.20 409.86
4929 32.78 476.07 553.29 2.00 405.81
4930 34.48 668.08 586.58 2.20 403.05
4931 36.03 813.40 594.10 2.00 403.21
4932 37.33 908.82 593.13 1.70 397.22
4933 38.32 944.80 602.83 2.00 393.95
4934 38.95 902.75 590.83 2.40 398.31
4935 39.19 794.72 595.20 2.50 399.90
4936 39.10 655.68 588.04 2.80 403.33
4937 38.46 464.37 562.47 3.70 407.64
4938 37.36 256.52 442.22 4.10 414.28
4939 35.98 76.46 216.61 3.90 419.82
4940 34.97 0.50 0.00 3.90 417.09
4941 33.97 0.00 0.00 4.79 420.42
4942 32.97 0.00 0.00 4.99 416.85
4943 32.05 0.00 0.00 3.90 414.96
4944 31.10 0.00 0.00 3.70 413.33
4945 30.60 0.00 0.00 3.90 411.90
4946 30.04 0.00 0.00 3.90 409.97
4947 29.48 0.00 0.00 4.99 407.86
4948 29.17 0.00 0.00 5.29 409.86
4949 28.86 0.00 0.00 4.49 411.09
4950 28.64 1.41 0.00 5.59 406.09
4951 30.17 82.60 212.21 4.10 408.37
4952 31.90 268.55 440.11 3.90 402.51
4953 33.79 479.34 571.27 5.29 401.44
4954 35.70 667.35 586.41 5.89 397.43
4955 37.42 815.51 600.87 4.49 401.22
4956 38.92 923.84 637.53 4.79 402.57
4957 40.07 959.47 647.48 4.30 403.61
4958 40.86 935.38 690.78 5.29 406.47
4959 41.24 840.97 708.94 5.89 407.44
4960 41.26 700.67 751.63 6.59 408.42
4961 40.70 507.09 682.79 6.19 409.68
4962 39.56 279.12 505.11 5.29 416.20
4963 38.08 82.47 245.66 3.70 426.05
4964 37.09 0.00 0.00 2.10 428.30
4965 36.10 0.00 0.00 1.40 427.48
4966 35.11 0.00 0.00 1.20 421.91
4967 34.12 0.00 0.00 1.20 419.55
4968 33.13 0.00 0.00 1.60 418.88
4969 32.50 0.00 0.00 1.00 414.43
4970 31.79 0.00 0.00 0.70 407.24
4971 31.07 0.00 0.00 1.70 406.00
4972 30.68 0.00 0.00 1.20 406.95
4973 30.29 0.00 0.00 1.40 406.04
4974 30.01 1.15 0.00 1.20 407.93
4975 31.50 82.87 188.74 0.60 410.34
4976 33.07 262.49 413.88 1.00 406.60
4977 34.94 468.30 524.67 1.00 406.76
4978 36.75 652.66 550.47 1.60 403.85
4979 38.39 801.58 561.12 1.40 403.95
4980 39.83 911.60 602.43 2.00 402.37
4981 40.88 927.29 558.10 2.20 403.13
4982 41.60 905.79 600.60 2.80 404.25
4983 41.90 793.73 594.81 3.20 407.01
4984 41.85 649.87 575.49 2.50 404.83
4985 41.22 457.11 534.84 2.70 405.61
4986 40.12 257.05 418.67 2.50 408.38
4987 38.73 76.73 181.12 2.70 414.66
4988 37.51 0.00 0.00 2.10 417.65
4989 36.30 0.00 0.00 2.00 412.13
4990 35.09 0.00 0.00 2.10 406.81
4991 33.88 0.00 0.00 2.00 404.12
4992 32.72 0.00 0.00 2.40 403.41
4993 31.85 0.00 0.00 2.50 400.04
4994 30.89 0.00 0.00 1.60 396.88
4995 29.93 0.00 0.00 1.80 395.49
4996 29.41 0.00 0.00 2.80 398.92
4997 28.88 0.00 0.00 2.80 396.62
4998 28.50 0.95 0.00 2.20 393.41
4999 29.85 80.66 193.08 1.70 393.58
5000 31.33 256.20 387.08 1.80 391.95
5001 32.88 453.17 461.88 2.30 389.97
5002 34.59 646.38 551.00 2.30 390.27
5003 36.23 822.57 609.32 2.30 389.46
5004 37.61 921.18 631.27 2.70 388.26
5005 38.67 962.43 658.37 3.20 389.77
5006 39.36 924.88 658.72 4.49 390.58
5007 39.65 818.62 639.10 4.49 393.51
5008 39.57 661.43 608.12 3.70 396.41
5009 38.88 451.68 492.96 3.30 397.40
5010 37.74 245.89 399.96 3.90 405.49
5011 36.34 71.39 185.52 3.30 411.29
5012 35.39 0.00 0.00 2.70 416.82
5013 34.44 0.00 0.00 2.40 413.88
5014 33.49 0.00 0.00 2.30 413.51
5015 32.61 0.00 0.00 2.80 413.35
5016 31.70 0.00 0.00 3.20 411.17
5017 31.24 0.00 0.00 3.90 409.50
5018 30.74 0.00 0.00 4.10 412.45
5019 30.23 0.00 0.00 4.30 412.70
5020 29.95 0.00 0.00 5.29 412.98
5021 29.68 0.00 0.00 4.49 414.46
5022 29.48 0.90 0.00 3.50 414.35
5023 30.65 64.79 74.82 2.70 417.09
5024 31.92 204.43 118.94 2.50 412.60
5025 33.50 396.98 281.42 1.80 405.94
5026 35.11 557.83 302.88 2.40 399.71
5027 36.84 755.86 470.43 3.30 397.08
5028 38.57 934.18 637.52 2.80 390.11
5029 39.64 884.96 511.52 3.00 396.21
5030 40.11 749.19 330.25 3.00 401.91
5031 40.24 650.69 279.08 3.00 406.52
5032 40.15 565.48 341.36 2.50 403.18
5033 39.46 367.21 167.53 3.20 406.86
5034 38.47 221.78 273.73 2.50 408.98
5035 37.22 67.50 91.45 2.70 411.63
5036 36.43 0.00 0.00 2.80 422.70
5037 35.64 0.00 0.00 2.40 417.77
5038 34.84 0.00 0.00 2.10 415.77
5039 34.05 0.00 0.00 1.80 417.08
5040 33.25 0.00 0.00 0.90 414.73
5041 32.75 0.00 0.00 0.90 414.41
5042 32.18 0.00 0.00 0.90 415.87
5043 31.61 0.00 0.00 1.80 419.64
5044 31.31 0.00 0.00 3.20 419.29
5045 31.00 0.00 0.00 3.20 419.00
5046 30.78 0.78 0.00 3.00 423.82
5047 32.23 80.24 141.48 3.00 427.22
5048 33.77 250.14 352.82 4.10 423.85
5049 35.64 458.56 471.08 3.90 426.09
5050 37.51 655.26 576.62 3.20 423.00
5051 39.21 806.82 576.76 3.50 423.56
5052 40.72 926.59 635.96 3.90 422.18
5053 41.86 950.44 609.75 3.30 420.46
5054 42.52 878.83 570.36 4.30 424.68
5055 42.78 767.79 517.99 4.49 420.78
5056 42.63 610.03 487.81 3.50 420.35
5057 41.91 414.73 368.72 3.50 427.35
5058 40.76 216.59 267.61 3.30 431.17
5059 39.36 57.24 79.79 4.49 439.78
5060 38.28 0.00 0.00 4.99 444.55
5061 37.19 0.00 0.00 5.89 438.28
5062 36.10 0.00 0.00 6.59 436.22
5063 35.01 0.00 0.00 6.19 429.56
5064 33.93 0.00 0.00 6.59 428.49
5065 33.05 0.00 0.00 6.59 428.17
5066 32.17 0.00 0.00 6.89 422.26
5067 31.25 0.00 0.00 7.79 423.37
5068 30.74 0.00 0.00 6.19 419.99
5069 30.24 0.00 0.00 4.49 418.06
5070 29.88 0.64 0.00 3.90 413.75
5071 31.18 76.36 172.42 3.00 415.67
5072 32.69 252.38 381.90 3.70 408.13
5073 34.39 455.16 475.95 3.70 407.04
5074 36.09 634.18 524.92 4.79 403.13
5075 37.66 789.34 539.66 4.49 406.26
5076 39.04 902.19 568.28 4.79 405.84
5077 40.11 944.65 607.15 4.30 403.47
5078 40.83 919.59 645.73 3.90 403.85
5079 41.15 814.53 631.60 3.90 403.20
5080 41.10 665.50 642.44 3.70 405.52
5081 40.49 468.35 576.61 5.29 407.75
5082 39.37 252.05 397.75 5.59 417.03
5083 37.96 71.91 164.95 7.19 422.00
5084 37.07 0.00 0.00 5.29 423.65
5085 36.18 0.00 0.00 4.79 420.90
5086 35.29 0.00 0.00 3.20 420.79
5087 34.40 0.00 0.00 3.70 419.67
5088 33.51 0.00 0.00 3.20 415.17
5089 33.08 0.00 0.00 2.60 412.15
5090 32.66 0.00 0.00 3.40 411.74
5091 32.20 0.00 0.00 3.60 412.63
5092 31.96 0.00 0.00 3.70 415.04
5093 31.71 0.00 0.00 3.40 413.96
5094 31.53 0.66 0.00 2.30 414.40
5095 33.05 77.83 166.83 2.50 413.45
5096 34.90 252.54 387.24 2.80 411.61
5097 36.93 452.79 467.83 2.50 412.39
5098 39.01 653.24 574.73 2.80 405.49
5099 40.90 807.00 572.69 2.60 406.53
5100 42.60 931.48 653.32 2.80 407.97
5101 43.88 956.49 643.71 2.50 412.91
5102 44.72 912.24 624.77 2.00 417.03
5103 45.08 798.50 575.83 2.30 424.45
5104 45.02 641.67 579.12 2.50 429.61
5105 44.28 438.77 453.87 3.00 435.97
5106 43.04 233.38 357.42 1.90 437.62
5107 41.50 62.50 159.26 1.00 443.91
5108 40.34 0.00 0.00 1.20 449.71
5109 39.17 0.00 0.00 0.90 447.46
5110 38.01 0.00 0.00 0.30 442.29
5111 36.85 0.00 0.00 0.50 436.34
5112 35.68 0.00 0.00 0.50 434.48
5113 34.70 0.00 0.00 0.50 433.17
5114 33.61 0.00 0.00 1.00 431.53
5115 32.60 0.00 0.00 1.40 428.49
5116 32.04 0.00 0.00 1.20 424.46
5117 31.48 0.00 0.00 0.80 423.23
5118 31.07 0.52 0.00 0.80 419.29
5119 32.52 79.45 201.73 0.80 421.09
5120 34.21 261.83 440.09 1.60 418.76
5121 36.17 474.64 576.02 2.20 414.66
5122 38.14 677.72 628.82 1.90 413.29
5123 39.88 824.75 636.16 2.20 416.89
5124 41.30 911.57 608.24 2.30 419.78
5125 42.38 941.66 600.79 2.30 424.70
5126 43.14 934.48 681.70 2.70 425.01
5127 43.46 818.14 646.57 3.40 428.68
5128 43.37 662.26 622.91 4.70 428.69
5129 42.65 459.59 573.52 4.90 433.38
5130 41.43 249.34 441.03 6.20 438.41
5131 39.90 68.29 193.53 6.20 441.18
5132 38.74 0.00 0.00 5.20 445.83
5133 37.58 0.00 0.00 4.50 447.57
5134 36.42 0.00 0.00 5.00 442.68
5135 35.25 0.00 0.00 4.10 437.51
5136 34.09 0.00 0.00 3.40 430.69
5137 33.39 0.00 0.00 3.20 427.47
5138 32.67 0.00 0.00 2.70 426.57
5139 31.93 0.00 0.00 3.00 425.22
5140 31.53 0.00 0.00 1.40 427.08
5141 31.13 0.00 0.00 0.80 426.38
5142 30.84 0.54 0.00 1.60 428.06
5143 32.30 76.25 244.34 1.10 431.05
5144 34.02 253.48 401.29 2.20 428.81
5145 36.06 465.03 535.38 2.70 426.53
5146 37.94 635.94 520.31 3.00 416.37
5147 39.67 785.12 562.36 3.70 419.22
5148 41.11 872.02 572.67 4.10 420.92
5149 42.25 917.77 597.48 3.60 422.61
5150 42.97 872.03 584.03 3.70 421.28
5151 43.35 801.72 587.68 4.30 421.28
5152 43.31 644.39 576.47 4.10 424.53
5153 42.69 463.13 561.80 2.50 424.25
5154 41.52 250.79 461.71 2.60 424.81
5155 40.02 67.92 238.47 3.20 426.30
5156 38.92 0.00 0.00 2.80 433.38
5157 37.81 0.00 0.00 2.80 426.70
5158 36.70 0.00 0.00 3.00 421.56
5159 35.59 0.00 0.00 3.20 417.99
5160 34.48 0.00 0.00 3.40 413.94
5161 33.72 0.00 0.00 3.60 412.41
5162 32.88 0.00 0.00 3.20 410.65
5163 32.13 0.00 0.00 3.60 411.57
5164 31.70 0.00 0.00 4.10 412.66
5165 31.27 0.00 0.00 4.10 413.61
5166 30.97 0.37 0.00 3.40 411.54
5167 32.40 76.93 232.53 2.70 416.03
5168 34.24 270.04 467.78 2.20 408.32
5169 36.22 471.99 539.16 2.20 408.79
5170 38.11 655.22 569.81 2.20 405.42
5171 39.72 776.11 546.65 3.00 410.31
5172 41.06 863.15 536.52 3.40 410.55
5173 42.21 932.06 564.79 3.40 409.18
5174 42.84 852.72 530.49 4.30 418.78
5175 43.07 743.04 508.54 3.70 421.36
5176 42.95 611.19 504.20 3.70 427.14
5177 42.17 400.58 341.36 5.20 432.49
5178 40.98 218.80 301.10 4.70 435.19
5179 39.53 58.84 199.78 4.30 438.09
5180 38.36 0.00 0.00 3.70 440.83
5181 37.19 0.00 0.00 3.70 435.75
5182 36.02 0.00 0.00 4.30 437.13
5183 34.86 0.00 0.00 4.10 429.29
5184 33.69 0.00 0.00 4.50 427.32
5185 32.85 0.00 0.00 5.80 426.50
5186 32.03 0.00 0.00 5.80 422.44
5187 31.16 0.00 0.00 6.90 421.24
5188 30.68 0.00 0.00 7.40 420.01
5189 30.21 0.00 0.00 7.10 419.79
5190 29.87 0.00 0.00 6.20 416.18
5191 31.35 79.55 245.78 5.60 415.66
5192 32.96 256.99 413.31 4.90 413.03
5193 34.86 457.23 476.23 5.80 417.53
5194 36.67 633.62 517.52 5.60 416.06
5195 38.38 791.10 548.31 4.50 417.92
5196 39.82 889.00 610.72 5.00 417.21
5197 40.88 907.46 577.12 5.00 417.79
5198 41.59 878.26 600.09 5.40 416.68
5199 41.87 772.37 562.12 5.60 419.72
5200 41.78 624.51 530.52 6.40 418.91
5201 41.09 437.44 463.61 5.40 424.63
5202 39.89 224.01 337.66 5.20 425.75
5203 38.41 59.19 213.26 4.10 430.48
5204 37.29 0.00 0.00 4.30 436.70
5205 36.16 0.00 0.00 4.50 438.31
5206 35.03 0.00 0.00 4.10 431.28
5207 33.91 0.00 0.00 5.20 425.63
5208 32.84 0.00 0.00 5.60 422.68
5209 32.13 0.00 0.00 5.80 422.35
5210 31.35 0.00 0.00 4.70 418.86
5211 30.57 0.00 0.00 6.40 413.64
5212 30.15 0.00 0.00 5.80 412.85
5213 29.73 0.00 0.00 5.80 408.54
5214 29.42 0.00 0.00 5.20 403.05
5215 30.89 78.16 242.60 4.70 406.87
5216 32.74 271.98 508.44 5.20 402.17
5217 34.84 498.25 665.28 5.20 402.08
5218 36.97 706.58 751.93 3.60 399.33
5219 38.83 855.79 744.11 4.30 401.78
5220 40.37 948.29 729.74 3.90 401.29
5221 41.55 983.14 737.23 3.00 404.78
5222 42.28 927.95 683.23 3.40 409.90
5223 42.58 820.45 649.23 3.60 408.59
5224 42.41 650.02 617.55 3.20 409.63
5225 41.63 451.06 556.61 3.60 410.45
5226 40.33 238.29 415.65 4.10 417.58
5227 38.73 56.99 177.54 3.90 430.67
5228 37.66 0.00 0.00 4.50 437.44
5229 36.58 0.00 0.00 3.70 433.49
5230 35.51 0.00 0.00 4.30 430.59
5231 34.43 0.00 0.00 5.00 429.17
5232 33.35 0.00 0.00 5.60 425.69
5233 32.69 0.00 0.00 5.20 423.26
5234 31.94 0.00 0.00 5.40 422.21
5235 31.18 0.00 0.00 5.40 422.29
5236 30.77 0.00 0.00 4.50 421.19
5237 30.36 0.00 0.00 3.70 414.95
5238 30.07 0.00 0.00 3.90 412.41
5239 31.50 75.32 146.07 3.00 415.96
5240 32.97 232.83 279.55 2.80 414.92
5241 35.02 457.05 491.76 4.30 410.26
5242 36.90 627.16 503.84 4.10 403.40
5243 38.59 765.57 531.55 5.20 406.88
5244 40.02 861.18 558.05 6.90 405.65
5245 41.18 912.49 590.33 7.10 408.49
5246 41.92 870.41 563.51 6.20 412.23
5247 42.38 825.41 668.02 4.70 412.46
5248 42.41 671.62 661.98 5.60 416.79
5249 41.80 464.41 541.00 4.70 422.73
5250 40.63 245.11 359.18 5.20 426.33
5251 39.13 64.27 132.92 5.00 433.00
5252 38.08 0.00 0.00 4.10 432.29
5253 37.02 0.00 0.00 2.70 430.27
5254 35.97 0.00 0.00 3.40 431.89
5255 34.91 0.00 0.00 3.70 432.59
5256 33.85 0.00 0.00 4.30 430.93
5257 33.13 0.00 0.00 4.70 427.72
5258 32.41 0.00 0.00 4.50 429.31
5259 31.66 0.00 0.00 3.70 428.31
5260 31.25 0.00 0.00 3.90 426.97
5261 30.84 0.00 0.00 5.00 430.46
5262 30.54 0.00 0.00 4.50 426.92
5263 31.74 63.92 110.85 4.10 428.70
5264 33.42 243.08 314.04 5.60 419.60
5265 35.35 441.94 452.04 5.80 418.45
5266 37.24 626.27 516.33 6.90 413.67
5267 38.68 705.64 371.26 7.70 414.89
5268 39.89 785.69 432.60 8.40 413.15
5269 40.87 830.10 449.65 8.40 418.30
5270 41.30 722.49 293.71 5.80 420.29
5271 41.61 720.42 448.02 5.80 411.88
5272 41.55 576.45 390.69 5.80 416.43
5273 40.93 401.95 361.16 4.90 417.66
5274 39.93 242.79 301.17 6.20 409.76
5275 38.59 64.64 98.00 5.80 408.02
5276 37.52 0.00 0.00 4.30 413.58
5277 36.45 0.00 0.00 4.50 413.38
5278 35.38 0.00 0.00 3.00 410.09
5279 34.31 0.00 0.00 2.70 408.54
5280 33.24 0.00 0.00 2.60 409.64
5281 32.59 0.00 0.00 3.60 418.12
5282 31.91 0.00 0.00 2.80 416.09
5283 31.24 0.00 0.00 4.30 413.42
5284 30.90 0.00 0.00 4.70 412.97
5285 30.56 0.00 0.00 4.10 411.51
5286 30.34 0.00 0.00 4.10 404.05
5287 30.45 5.69 0.00 4.70 407.56
5288 30.81 45.05 0.00 4.30 404.62
5289 33.46 467.10 464.08 4.70 371.75
5290 35.84 670.49 590.85 4.50 367.62
5291 37.88 832.20 666.79 6.20 370.28
5292 39.57 934.10 687.61 7.70 370.87
5293 40.87 966.96 689.72 7.10 375.28
5294 41.75 928.13 691.37 7.70 382.12
5295 42.21 820.75 577.17 7.70 383.49
5296 40.78 187.19 15.26 7.70 422.01
5297 40.38 449.00 353.68 8.00 384.82
5298 39.10 98.50 0.00 7.70 410.10
5299 37.93 62.00 90.15 8.00 391.40
5300 36.99 0.00 0.00 8.40 394.87
5301 36.06 0.00 0.00 7.10 397.82
5302 35.12 0.00 0.00 8.69 400.40
5303 34.18 0.00 0.00 7.70 396.49
5304 33.24 0.00 0.00 8.40 390.76
5305 32.36 0.00 0.00 9.49 385.61
5306 31.36 0.00 0.00 8.40 380.07
5307 30.37 0.00 0.00 8.00 378.78
5308 29.83 0.00 0.00 9.49 381.60
5309 29.29 0.00 0.00 8.00 387.69
5310 28.90 0.00 0.00 6.60 388.55
5311 30.15 71.29 65.15 6.40 394.69
5312 31.67 242.29 224.49 5.80 394.32
5313 33.39 450.27 380.55 6.60 391.72
5314 35.19 639.69 495.36 6.20 388.52
5315 36.86 796.19 571.28 5.80 384.23
5316 38.19 872.36 580.54 6.20 382.04
5317 39.24 916.48 604.24 5.80 385.79
5318 39.91 878.89 611.13 6.90 389.54
5319 40.16 763.54 528.34 5.80 385.28
5320 39.94 586.72 442.21 6.60 380.93
5321 39.20 408.63 370.64 5.60 387.30
5322 37.99 198.74 166.29 6.40 394.58
5323 36.57 52.81 54.04 5.00 398.85
5324 35.51 0.00 0.00 4.50 404.38
5325 34.45 0.00 0.00 4.70 402.03
5326 33.39 0.00 0.00 3.90 400.72
5327 32.41 0.00 0.00 3.60 401.79
5328 31.40 0.00 0.00 3.90 399.10
5329 30.80 0.00 0.00 4.10 396.19
5330 30.12 0.00 0.00 3.60 397.08
5331 29.44 0.00 0.00 4.30 396.02
5332 29.05 0.00 0.00 4.30 392.20
5333 28.67 0.00 0.00 3.60 395.86
5334 28.39 0.00 0.00 3.70 397.40
5335 29.54 64.78 140.87 3.70 400.75
5336 31.13 241.40 365.91 3.60 402.05
5337 32.87 448.75 483.12 3.70 400.24
5338 34.74 642.27 562.97 3.40 393.04
5339 36.48 807.63 600.18 3.00 388.79
5340 37.90 895.49 577.07 4.50 389.70
5341 38.96 917.65 608.92 4.10 390.22
5342 39.70 905.17 624.82 3.40 391.07
5343 40.03 801.70 622.93 3.70 393.51
5344 39.96 644.72 618.43 3.90 396.38
5345 39.29 446.72 534.33 4.30 397.34
5346 38.10 232.67 349.64 4.10 399.27
5347 36.62 52.49 119.25 3.40 405.13
5348 35.56 0.00 0.00 5.40 407.20
5349 34.50 0.00 0.00 5.40 405.99
5350 33.44 0.00 0.00 5.20 399.23
5351 32.46 0.00 0.00 4.30 398.26
5352 31.45 0.00 0.00 4.30 393.47
5353 30.84 0.00 0.00 3.40 389.29
5354 30.17 0.00 0.00 3.70 388.69
5355 29.50 0.00 0.00 3.70 390.93
5356 29.13 0.00 0.00 3.00 388.52
5357 28.76 0.00 0.00 3.00 389.26
5358 28.49 0.00 0.00 3.90 384.73
5359 29.85 72.27 237.61 3.20 387.01
5360 31.66 261.21 487.60 3.70 383.63
5361 33.67 483.41 625.12 4.70 386.42
5362 35.79 693.85 703.23 5.20 386.66
5363 37.72 857.33 759.77 4.90 385.03
5364 39.29 946.94 735.81 5.00 385.89
5365 40.47 972.58 714.92 5.60 389.06
5366 41.24 934.17 720.57 6.60 390.70
5367 41.57 825.09 700.80 5.80 393.85
5368 41.47 662.59 665.17 6.20 393.37
5369 40.71 457.59 610.87 5.80 398.30
5370 39.42 236.81 472.29 4.90 404.51
5371 37.81 50.20 143.75 5.40 415.61
5372 36.74 0.00 0.00 3.20 418.77
5373 35.68 0.00 0.00 3.00 420.02
5374 34.62 0.00 0.00 3.00 415.50
5375 33.55 0.00 0.00 2.30 414.61
5376 32.55 0.00 0.00 3.00 411.69
5377 31.86 0.00 0.00 2.50 404.33
5378 31.10 0.00 0.00 1.80 400.57
5379 30.35 0.00 0.00 2.50 400.58
5380 29.95 0.00 0.00 2.70 402.78
5381 29.54 0.00 0.00 2.70 399.52
5382 29.25 0.00 0.00 3.40 399.65
5383 30.49 66.35 154.40 3.40 401.17
5384 32.16 243.63 389.19 3.00 399.12
5385 34.05 452.63 509.65 2.50 397.32
5386 36.03 653.23 595.31 1.60 394.25
5387 37.86 814.56 608.65 1.00 396.31
5388 39.44 925.05 665.78 1.20 397.07
5389 40.59 940.39 615.77 1.50 400.80
5390 41.33 898.23 597.49 3.00 402.83
5391 41.61 773.46 555.23 3.20 404.79
5392 41.42 602.71 512.33 3.70 410.74
5393 40.64 411.41 418.04 3.60 413.28
5394 39.38 202.37 286.45 3.40 419.97
5395 37.89 48.81 119.67 2.80 428.32
5396 36.84 0.00 0.00 2.30 432.68
5397 35.78 0.00 0.00 2.20 429.03
5398 34.73 0.00 0.00 1.80 424.34
5399 33.68 0.00 0.00 1.90 421.19
5400 32.68 0.00 0.00 1.40 418.66
5401 31.95 0.00 0.00 2.00 415.68
5402 31.16 0.00 0.00 2.60 419.14
5403 30.37 0.00 0.00 2.70 416.66
5404 29.94 0.00 0.00 3.40 413.00
5405 29.51 0.00 0.00 2.50 409.37
5406 29.21 0.00 0.00 2.50 411.55
5407 30.38 63.40 68.19 2.00 415.70
5408 31.75 210.20 164.55 1.60 414.28
5409 33.38 402.15 324.95 2.20 409.61
5410 35.35 622.41 497.36 2.20 400.88
5411 37.00 741.32 471.78 1.60 401.92
5412 38.51 870.56 551.07 1.60 397.71
5413 39.43 822.54 442.95 1.10 408.89
5414 40.15 839.98 526.92 1.10 402.88
5415 40.49 750.50 542.00 0.60 400.60
5416 40.44 598.29 502.44 1.90 401.63
5417 39.78 405.51 381.17 2.50 408.91
5418 38.63 203.97 216.42 4.10 418.78
5419 37.23 47.61 51.52 3.40 421.87
5420 36.25 0.00 0.00 1.80 425.84
5421 35.27 0.00 0.00 2.30 421.82
5422 34.28 0.00 0.00 2.20 420.75
5423 33.30 0.00 0.00 1.80 420.81
5424 32.39 0.00 0.00 1.40 420.96
5425 31.77 0.00 0.00 1.20 419.62
5426 31.11 0.00 0.00 1.50 415.55
5427 30.44 0.00 0.00 1.80 416.21
5428 30.08 0.00 0.00 1.90 415.81
5429 29.73 0.00 0.00 0.90 413.96
5430 29.47 0.00 0.00 0.90 411.57
5431 30.65 61.84 84.41 1.40 414.15
5432 32.16 218.12 267.64 1.20 415.74
5433 33.86 404.49 346.45 1.80 418.05
5434 35.75 599.97 443.62 1.20 410.69
5435 37.38 722.62 432.01 1.40 412.55
5436 38.99 876.28 563.53 0.90 408.97
5437 40.37 959.61 665.79 1.10 403.04
5438 41.28 918.72 671.16 1.20 402.35
5439 41.72 806.81 625.68 2.20 408.34
5440 41.67 616.78 542.62 3.00 417.73
5441 40.96 414.72 421.50 3.00 419.42
5442 39.77 213.93 248.15 4.70 424.02
5443 38.30 48.38 63.01 3.00 428.85
5444 37.28 0.00 0.00 1.90 432.57
5445 36.27 0.00 0.00 1.80 430.28
5446 35.25 0.00 0.00 1.80 425.78
5447 34.23 0.00 0.00 1.40 421.22
5448 33.21 0.00 0.00 0.70 419.43
5449 32.50 0.00 0.00 0.70 418.43
5450 31.70 0.00 0.00 0.80 416.17
5451 30.89 0.00 0.00 1.40 409.69
5452 30.46 0.00 0.00 1.80 408.50
5453 30.03 0.00 0.00 1.40 409.13
5454 29.72 0.00 0.00 2.30 407.90
5455 30.91 65.13 114.33 3.40 407.47
5456 32.36 222.36 290.56 3.60 404.05
5457 33.87 388.97 303.10 3.60 404.62
5458 35.67 592.36 401.00 4.90 396.31
5459 37.07 679.03 330.23 5.80 401.83
5460 38.66 880.17 573.33 6.90 397.93
5461 39.74 868.22 510.45 6.90 401.51
5462 40.46 839.14 551.13 5.60 401.61
5463 40.74 720.42 465.21 5.80 405.81
5464 40.57 552.71 369.98 6.60 409.66
5465 39.94 400.82 400.68 5.80 412.66
5466 38.77 181.52 143.51 5.40 425.13
5467 37.41 41.48 51.64 4.50 427.78
5468 36.46 0.00 0.00 4.50 430.60
5469 35.51 0.00 0.00 5.00 427.79
5470 34.56 0.00 0.00 4.90 427.78
5471 33.61 0.00 0.00 5.00 424.90
5472 32.72 0.00 0.00 5.40 420.70
5473 32.12 0.00 0.00 4.90 416.54
5474 31.46 0.00 0.00 5.80 412.43
5475 30.81 0.00 0.00 7.40 407.49
5476 30.45 0.00 0.00 6.90 404.38
5477 30.09 0.00 0.00 7.10 406.16
5478 29.83 0.00 0.00 7.10 402.83
5479 31.05 63.72 121.28 8.00 403.71
5480 32.84 248.87 338.10 7.40 398.30
5481 34.79 449.96 481.56 10.19 393.93
5482 36.68 625.11 528.08 10.19 391.24
5483 38.19 720.39 431.96 11.39 394.59
5484 39.18 722.00 291.53 8.99 399.61
5485 40.23 841.68 475.36 10.19 397.83
5486 41.11 879.61 544.07 10.19 397.90
5487 41.61 811.97 639.70 11.39 401.71
5488 41.53 589.84 473.95 9.49 405.31
5489 40.96 439.73 501.90 11.39 404.66
5490 39.83 221.91 313.83 10.19 409.82
5491 38.38 49.30 88.27 8.69 417.34
5492 37.40 0.00 0.00 6.40 423.12
5493 36.41 0.00 0.00 6.90 424.25
5494 35.42 0.00 0.00 5.60 420.91
5495 34.44 0.00 0.00 5.20 420.59
5496 33.45 0.00 0.00 4.10 425.39
5497 32.82 0.00 0.00 3.20 421.89
5498 32.11 0.00 0.00 4.10 423.01
5499 31.41 0.00 0.00 4.10 423.43
5500 31.02 0.00 0.00 4.90 418.88
5501 30.64 0.00 0.00 4.70 420.43
5502 30.37 0.00 0.00 6.20 423.76
5503 31.54 62.37 193.45 6.90 428.41
5504 33.25 244.51 419.67 6.60 424.44
5505 35.29 457.79 552.35 8.40 417.09
5506 37.28 649.83 580.02 9.49 411.81
5507 39.08 801.69 595.87 14.19 415.15
5508 40.56 888.56 572.40 10.19 414.87
5509 41.73 934.05 610.61 8.99 419.66
5510 42.52 904.13 645.79 6.90 420.22
5511 42.84 782.05 583.19 6.40 424.08
5512 42.73 620.70 589.05 5.80 423.37
5513 41.96 414.41 480.98 6.60 419.68
5514 40.72 212.31 397.12 5.80 425.15
5515 39.21 44.17 129.18 5.60 426.34
5516 38.18 0.00 0.00 6.20 430.44
5517 37.14 0.00 0.00 6.40 425.24
5518 36.11 0.00 0.00 7.40 421.62
5519 35.08 0.00 0.00 6.20 422.53
5520 34.05 0.00 0.00 7.40 416.76
5521 33.30 0.00 0.00 8.69 419.04
5522 32.55 0.00 0.00 12.59 420.08
5523 31.78 0.00 0.00 12.59 419.37
5524 31.36 0.00 0.00 8.69 418.81
5525 30.93 0.00 0.00 8.00 420.80
5526 30.63 0.00 0.00 7.70 419.09
5527 31.76 60.92 185.68 7.40 418.12
5528 33.51 246.82 436.99 6.60 411.29
5529 35.58 464.74 588.35 5.40 405.58
5530 37.63 667.63 646.75 6.90 399.30
5531 39.43 812.27 626.84 6.60 401.12
5532 40.88 893.11 585.76 5.20 402.32
5533 41.99 924.46 587.23 6.90 405.74
5534 42.74 895.64 624.34 6.40 409.14
5535 43.05 787.92 616.96 7.10 411.11
5536 42.98 639.02 645.37 6.40 412.23
5537 42.26 436.15 596.66 7.10 413.19
5538 40.99 211.58 405.59 8.00 419.39
5539 39.45 42.37 107.43 8.99 424.24
5540 38.43 0.00 0.00 6.20 427.14
5541 37.40 0.00 0.00 5.60 425.10
5542 36.38 0.00 0.00 6.20 425.46
5543 35.35 0.00 0.00 6.20 426.50
5544 34.33 0.00 0.00 8.00 422.33
5545 33.64 0.00 0.00 6.60 422.84
5546 32.89 0.00 0.00 5.80 420.86
5547 32.22 0.00 0.00 6.20 415.82
5548 31.83 0.00 0.00 4.50 415.66
5549 31.44 0.00 0.00 4.50 416.35
5550 31.16 0.00 0.00 5.40 414.19
5551 32.22 56.11 132.93 5.40 420.37
5552 33.84 224.76 325.51 4.90 416.21
5553 35.47 383.38 294.64 4.10 420.75
5554 36.96 517.79 225.91 4.10 416.99
5555 38.01 562.28 163.09 4.70 419.71
5556 38.94 631.84 187.87 5.00 419.02
5557 39.92 744.92 294.46 5.20 414.44
5558 40.71 772.23 414.07 4.10 413.11
5559 41.32 776.42 592.84 5.40 408.58
5560 41.55 661.06 661.15 4.90 403.64
5561 41.20 445.02 530.92 3.70 407.62
5562 40.23 220.43 334.87 2.80 420.10
5563 38.92 45.02 91.05 1.40 427.95
5564 38.06 0.00 0.00 2.00 437.63
5565 37.20 0.00 0.00 1.90 438.36
5566 36.33 0.00 0.00 1.10 434.60
5567 35.47 0.00 0.00 0.40 434.55
5568 34.61 0.00 0.00 1.20 433.21
5569 34.07 0.00 0.00 1.40 432.10
5570 33.52 0.00 0.00 1.50 431.40
5571 32.98 0.00 0.00 1.40 431.16
5572 32.76 0.00 0.00 1.60 424.98
5573 32.50 0.00 0.00 1.60 426.97
5574 32.32 0.00 0.00 2.00 430.46
5575 33.44 64.13 183.63 2.00 433.04
5576 35.23 256.64 447.20 1.90 427.29
5577 37.25 486.38 637.67 1.80 423.69
5578 39.24 697.66 737.77 2.30 421.63
5579 41.04 861.31 791.61 2.20 420.91
5580 42.56 961.92 805.17 1.80 426.59
5581 43.72 992.27 759.11 2.60 425.35
5582 44.10 780.32 400.88 2.80 436.65
5583 43.18 376.89 47.14 3.20 455.65
5584 42.76 476.71 227.92 4.50 444.04
5585 41.76 249.78 68.49 4.50 452.70
5586 40.38 44.85 0.00 3.00 476.08
5587 39.14 11.91 0.00 2.80 473.13
5588 38.37 0.00 0.00 2.50 472.77
5589 37.60 0.00 0.00 2.60 467.75
5590 36.83 0.00 0.00 1.20 464.81
5591 36.06 0.00 0.00 0.80 460.73
5592 35.29 0.00 0.00 0.40 455.36
5593 34.54 0.00 0.00 0.50 449.37
5594 33.73 0.00 0.00 1.40 446.82
5595 32.92 0.00 0.00 1.00 445.01
5596 32.55 0.00 0.00 0.90 441.55
5597 32.14 0.00 0.00 0.50 438.77
5598 31.85 0.00 0.00 0.50 438.27
5599 32.90 59.89 206.63 0.20 437.34
5600 34.64 237.50 399.27 0.50 430.57
5601 36.53 437.60 472.51 1.20 434.14
5602 38.49 644.06 587.60 1.40 425.50
5603 40.20 782.50 582.73 0.70 427.42
5604 41.63 873.70 603.69 0.90 425.45
5605 42.65 875.28 528.76 0.70 430.54
5606 43.39 873.10 563.27 0.40 425.05
5607 43.66 745.19 530.57 1.20 422.74
5608 43.45 566.97 422.04 1.40 423.56
5609 42.64 368.38 347.18 1.00 424.82
5610 41.44 187.46 298.87 1.60 429.42
5611 40.03 38.98 62.78 2.20 434.47
5612 38.92 0.00 0.00 1.40 437.36
5613 37.82 0.00 0.00 2.00 435.71
5614 36.72 0.00 0.00 2.00 432.56
5615 35.62 0.00 0.00 1.80 430.58
5616 34.51 0.00 0.00 2.20 429.24
5617 33.67 0.00 0.00 3.00 432.00
5618 32.80 0.00 0.00 3.90 427.11
5619 31.93 0.00 0.00 3.20 422.66
5620 31.45 0.00 0.00 3.20 419.51
5621 30.98 0.00 0.00 3.20 413.17
5622 30.64 0.00 0.00 3.60 403.72
5623 31.71 59.51 205.84 3.90 403.76
5624 33.43 248.53 465.49 4.70 398.96
5625 35.43 464.14 599.00 5.40 392.31
5626 37.38 657.53 609.75 6.60 390.63
5627 39.17 821.92 665.32 4.70 388.22
5628 40.66 916.08 662.72 5.20 388.22
5629 41.73 925.37 602.50 6.20 393.21
5630 42.45 899.61 653.65 7.40 394.94
5631 42.73 783.69 625.90 10.19 397.00
5632 42.58 623.03 628.34 10.19 392.80
5633 41.79 412.00 498.90 8.40 397.48
5634 40.49 188.97 292.81 6.90 405.62
5635 38.96 34.95 52.63 5.00 409.33
5636 38.04 0.00 0.00 6.60 413.07
5637 37.12 0.00 0.00 7.10 413.07
5638 36.20 0.00 0.00 8.00 412.33
5639 35.28 0.00 0.00 8.40 410.79
5640 34.36 0.00 0.00 9.49 408.71
5641 33.82 0.00 0.00 11.39 405.92
5642 33.24 0.00 0.00 8.40 407.59
5643 32.72 0.00 0.00 8.99 402.15
5644 32.43 0.00 0.00 9.49 403.60
5645 32.14 0.00 0.00 7.70 401.63
5646 31.94 0.00 0.00 7.40 404.35
5647 32.91 52.26 90.28 7.40 410.90
5648 34.18 175.49 90.68 7.40 412.49
5649 35.48 302.51 82.65 6.60 414.67
5650 37.17 502.11 221.69 5.60 407.79
5651 38.92 680.42 341.63 8.00 406.53
5652 40.49 798.57 461.22 6.90 406.68
5653 41.86 884.00 546.16 6.60 404.26
5654 42.73 824.23 527.26 8.00 408.24
5655 43.22 751.46 550.62 8.69 407.47
5656 43.24 578.20 496.94 8.99 415.55
5657 42.71 403.27 446.66 9.49 420.32
5658 41.66 201.28 258.11 10.19 426.33
5659 40.31 38.69 52.87 8.69 430.47
5660 39.40 0.00 0.00 7.10 437.30
5661 38.48 0.00 0.00 6.20 435.79
5662 37.56 0.00 0.00 4.70 435.16
5663 36.64 0.00 0.00 4.70 434.13
5664 35.73 0.00 0.00 4.50 434.46
5665 34.97 0.00 0.00 4.50 431.92
5666 34.16 0.00 0.00 4.10 432.24
5667 33.35 0.00 0.00 4.10 430.49
5668 32.91 0.00 0.00 3.90 429.88
5669 32.55 0.00 0.00 4.10 427.76
5670 32.25 0.00 0.00 3.70 431.87
5671 33.17 51.79 42.31 4.10 439.27
5672 34.77 214.42 183.58 4.90 434.44
5673 36.22 354.85 156.04 4.30 436.11
5674 38.02 571.31 346.76 4.30 426.45
5675 39.86 762.89 526.36 5.00 423.73
5676 41.59 914.54 569.20 3.90 420.91
5677 42.63 855.24 502.51 3.40 425.73
5678 43.39 853.51 564.02 2.60 424.82
5679 43.80 777.56 515.63 2.30 421.85
5680 43.75 598.09 432.45 1.60 425.42
5681 43.04 388.09 310.18 1.40 428.98
5682 41.85 186.72 154.01 1.00 433.68
5683 40.44 36.65 21.66 1.10 432.16
5684 39.48 0.00 0.00 1.60 436.64
5685 38.51 0.00 0.00 1.50 438.31
5686 37.55 0.00 0.00 1.40 434.38
5687 36.59 0.00 0.00 1.40 432.73
5688 35.62 0.00 0.00 2.30 435.74
5689 34.93 0.00 0.00 1.50 432.84
5690 34.19 0.00 0.00 1.90 428.78
5691 33.45 0.00 0.00 2.00 426.46
5692 33.06 0.00 0.00 3.00 426.59
5693 32.72 0.00 0.00 2.70 430.84
5694 32.45 0.00 0.00 3.20 429.06
5695 33.41 52.98 46.60 3.70 431.49
5696 34.86 199.27 159.31 3.40 429.16
5697 36.45 365.79 175.89 3.20 425.97
5698 38.38 594.08 429.60 3.70 419.21
5699 40.20 758.48 516.69 3.20 418.62
5700 41.70 848.43 565.29 3.00 420.50
5701 42.87 887.01 579.49 4.30 418.19
5702 43.62 843.30 562.05 2.80 419.54
5703 43.88 706.52 471.12 3.40 421.14
5704 43.76 564.16 447.27 2.70 428.04
5705 43.09 387.58 326.12 3.20 432.49
5706 41.94 186.57 164.06 2.30 433.20
5707 40.55 35.50 23.18 2.30 433.58
5708 39.61 0.00 0.00 2.60 438.20
5709 38.67 0.00 0.00 2.00 436.82
5710 37.73 0.00 0.00 1.90 437.85
5711 36.79 0.00 0.00 2.70 433.80
5712 35.85 0.00 0.00 2.50 430.30
5713 35.16 0.00 0.00 2.70 426.41
5714 34.42 0.00 0.00 2.30 426.14
5715 33.69 0.00 0.00 2.20 426.67
5716 33.29 0.00 0.00 2.20 423.74
5717 32.89 0.00 0.00 1.20 425.45
5718 32.68 0.00 0.00 1.00 426.84
5719 33.76 59.37 71.61 1.10 429.96
5720 35.45 233.28 258.06 0.90 429.27
5721 37.32 433.02 430.24 1.00 426.76
5722 39.33 652.24 551.49 0.80 416.93
5723 41.18 815.54 616.61 1.00 415.02
5724 42.39 816.34 494.52 0.40 421.66
5725 43.42 878.63 537.01 0.30 418.68
5726 44.24 901.08 642.73 0.30 417.85
5727 44.54 754.45 556.85 0.70 418.11
5728 44.10 505.04 282.00 0.90 424.69
5729 43.39 392.99 400.46 1.10 420.70
5730 42.11 155.21 154.92 1.50 432.02
5731 40.70 32.11 34.51 0.70 429.55
5732 39.84 0.00 0.00 0.70 437.46
5733 38.97 0.00 0.00 1.00 437.35
5734 38.11 0.00 0.00 1.20 434.06
5735 37.25 0.00 0.00 1.50 432.51
5736 36.38 0.00 0.00 0.80 432.17
5737 35.77 0.00 0.00 0.60 429.84
5738 35.12 0.00 0.00 0.20 429.76
5739 34.47 0.00 0.00 0.20 428.75
5740 34.12 0.00 0.00 0.10 428.59
5741 33.77 0.00 0.00 0.10 428.80
5742 33.53 0.00 0.00 0.20 431.64
5743 34.50 49.93 80.56 0.50 433.43
5744 36.20 222.54 280.19 1.00 429.25
5745 37.98 407.78 384.80 1.20 423.02
5746 39.81 597.66 463.81 1.80 422.25
5747 41.32 704.02 400.06 1.20 424.10
5748 42.69 814.84 501.76 2.30 420.35
5749 43.87 889.90 559.74 3.20 421.43
5750 44.55 814.82 525.45 5.40 423.50
5751 44.85 710.57 492.70 5.80 424.03
5752 44.50 489.54 268.15 5.00 429.93
5753 43.66 312.76 150.47 3.40 432.82
5754 42.55 174.80 236.72 3.60 428.00
5755 41.23 29.32 27.76 2.80 427.99
5756 40.38 0.00 0.00 2.50 434.38
5757 39.53 0.00 0.00 3.40 434.15
5758 38.68 0.00 0.00 3.60 435.18
5759 37.83 0.00 0.00 3.40 429.42
5760 36.98 0.00 0.00 3.00 428.86
5761 36.32 0.00 0.00 2.60 428.80
5762 35.62 0.00 0.00 2.70 432.03
5763 34.92 0.00 0.00 4.10 430.59
5764 34.55 0.00 0.00 4.30 430.35
5765 34.18 0.00 0.00 3.90 429.83
5766 33.92 0.00 0.00 3.40 433.98
5767 34.85 47.70 95.17 3.90 437.62
5768 36.60 225.44 369.12 3.00 431.80
5769 38.53 429.83 463.24 3.60 426.14
5770 40.43 618.34 532.87 3.20 421.71
5771 42.25 790.69 587.33 2.30 421.22
5772 43.72 871.20 616.81 1.90 425.80
5773 44.83 897.90 589.03 2.30 428.50
5774 45.44 813.13 526.09 2.20 430.89
5775 45.68 709.48 491.43 2.30 432.31
5776 45.39 526.67 356.06 2.00 437.67
5777 44.57 344.72 322.54 3.60 441.90
5778 43.39 172.58 305.04 4.50 451.99
5779 42.00 25.95 1.67 4.10 452.46
5780 40.97 0.00 0.00 2.70 459.27
5781 39.94 0.00 0.00 2.30 455.47
5782 38.91 0.00 0.00 1.60 453.36
5783 37.88 0.00 0.00 1.50 448.76
5784 36.85 0.00 0.00 1.20 447.55
5785 36.02 0.00 0.00 1.60 444.50
5786 35.11 0.00 0.00 1.80 447.64
5787 34.20 0.00 0.00 2.50 443.94
5788 33.71 0.00 0.00 2.70 437.14
5789 33.22 0.00 0.00 1.90 434.78
5790 32.87 0.00 0.00 2.20 434.76
5791 33.88 54.26 152.63 2.70 438.35
5792 35.56 228.61 348.69 1.90 439.65
5793 37.42 431.74 472.99 1.60 433.52
5794 39.36 639.18 592.08 1.90 425.52
5795 41.17 809.89 647.14 2.20 428.95
5796 42.66 898.36 632.30 2.80 426.84
5797 43.73 910.24 589.95 3.20 427.13
5798 44.41 867.19 596.12 2.70 429.25
5799 44.68 760.25 634.85 3.00 436.83
5800 44.51 593.29 592.07 2.80 439.84
5801 43.73 391.65 508.91 2.60 444.28
5802 42.46 179.65 364.49 2.20 450.41
5803 40.98 27.28 18.82 2.20 447.05
5804 40.11 0.00 0.00 2.60 453.18
5805 39.25 0.00 0.00 2.80 454.35
5806 38.38 0.00 0.00 3.20 450.82
5807 37.51 0.00 0.00 3.60 445.06
5808 36.64 0.00 0.00 3.40 443.05
5809 36.13 0.00 0.00 2.70 442.60
5810 35.55 0.00 0.00 2.60 442.09
5811 34.96 0.00 0.00 2.20 438.85
5812 34.63 0.00 0.00 2.50 438.25
5813 34.30 0.00 0.00 1.90 439.45
5814 34.06 0.00 0.00 1.50 441.48
5815 35.11 47.97 71.61 1.00 444.55
5816 36.83 200.62 173.80 0.90 438.18
5817 38.86 393.12 332.29 1.00 437.37
5818 41.11 610.36 514.05 0.60 430.11
5819 43.04 739.46 518.43 0.50 429.09
5820 44.60 815.24 507.90 0.40 432.11
5821 45.90 878.73 557.47 0.70 429.55
5822 46.81 859.26 644.26 0.80 428.02
5823 47.21 751.46 618.28 1.60 433.12
5824 47.16 597.82 598.83 1.50 434.60
5825 46.40 399.99 477.18 2.00 438.73
5826 45.03 183.68 274.38 1.90 442.68
5827 43.39 27.68 28.52 2.80 442.80
5828 41.92 0.00 0.00 2.60 448.87
5829 40.46 0.00 0.00 2.00 444.55
5830 38.99 0.00 0.00 1.90 437.66
5831 37.71 0.00 0.00 2.00 431.84
5832 36.42 0.00 0.00 1.90 430.75
5833 35.69 0.00 0.00 1.90 388.93
5834 34.40 0.00 0.00 2.30 383.40
5835 33.18 0.00 0.00 2.10 378.83
5836 32.57 0.00 0.00 2.10 378.97
5837 31.97 0.00 0.00 2.30 378.41
5838 31.54 0.00 0.00 1.40 376.96
5839 32.51 55.07 113.71 1.20 380.35
5840 34.14 234.22 353.04 0.80 376.45
5841 36.18 460.48 542.43 1.10 378.19
5842 38.21 668.69 666.51 1.40 381.19
5843 40.05 830.47 704.83 1.30 386.19
5844 41.45 890.27 603.01 2.10 393.74
5845 42.61 955.80 682.36 1.90 393.71
5846 43.01 774.18 463.41 1.80 402.21
5847 43.06 671.04 422.05 2.10 401.90
5848 42.67 525.74 371.77 2.30 404.89
5849 41.92 391.59 471.52 3.80 406.52
5850 40.55 139.20 149.26 3.80 419.65
5851 39.08 21.44 0.00 2.70 422.10
5852 37.86 0.00 0.00 2.70 426.85
5853 36.65 0.00 0.00 2.70 425.69
5854 35.44 0.00 0.00 1.70 420.32
5855 34.22 0.00 0.00 2.10 421.73
5856 33.08 0.00 0.00 2.70 419.39
5857 32.31 0.00 0.00 2.50 414.41
5858 31.48 0.00 0.00 1.60 412.41
5859 30.66 0.00 0.00 1.90 413.03
5860 30.22 0.00 0.00 2.10 414.94
5861 29.78 0.00 0.00 1.50 414.84
5862 29.47 0.00 0.00 1.60 424.03
5863 30.40 49.84 49.39 1.90 421.85
5864 31.78 194.17 152.80 1.60 420.98
5865 33.54 401.28 361.81 2.10 416.87
5866 35.59 617.94 496.45 2.30 408.70
5867 37.50 785.08 574.42 2.30 409.46
5868 39.15 898.83 616.97 3.20 409.09
5869 40.36 914.96 617.26 2.10 408.12
5870 41.12 864.05 591.24 1.80 410.76
5871 41.33 706.94 509.61 2.50 412.85
5872 40.99 524.39 388.42 1.80 414.40
5873 40.14 352.49 337.74 2.30 414.43
5874 38.84 153.95 164.94 1.00 422.15
5875 37.37 22.58 0.00 1.30 420.98
5876 36.49 0.00 0.00 1.30 429.50
5877 35.61 0.00 0.00 1.20 430.08
5878 34.72 0.00 0.00 1.80 427.87
5879 33.84 0.00 0.00 1.40 421.81
5880 33.03 0.00 0.00 1.60 423.74
5881 32.46 0.00 0.00 1.40 422.97
5882 31.85 0.00 0.00 1.80 425.39
5883 31.24 0.00 0.00 1.90 426.81
5884 30.92 0.00 0.00 1.50 425.41
5885 30.60 0.00 0.00 1.20 427.49
5886 30.37 0.00 0.00 1.00 431.70
5887 31.37 49.88 105.49 0.30 435.45
5888 33.05 214.72 327.63 0.90 432.65
5889 35.05 423.07 436.33 1.80 430.83
5890 37.20 630.32 578.04 3.40 426.23
5891 39.05 760.86 536.47 3.60 426.20
5892 40.74 890.12 610.23 4.40 422.23
5893 42.02 919.72 636.63 3.60 423.94
5894 42.81 857.05 592.04 4.71 426.96
5895 43.16 753.22 612.92 2.80 428.01
5896 42.99 574.53 568.31 3.20 430.29
5897 42.19 381.34 486.30 3.60 433.33
5898 40.86 168.64 277.71 5.41 440.76
5899 39.31 21.91 0.00 4.91 437.11
5900 38.25 0.00 0.00 4.40 440.58
5901 37.20 0.00 0.00 3.20 440.34
5902 36.15 0.00 0.00 2.50 441.02
5903 35.09 0.00 0.00 2.30 435.49
5904 34.04 0.00 0.00 2.10 431.66
5905 33.23 0.00 0.00 1.90 423.11
5906 32.33 0.00 0.00 1.70 421.02
5907 31.43 0.00 0.00 2.30 417.29
5908 30.95 0.00 0.00 3.20 419.89
5909 30.47 0.00 0.00 2.80 424.68
5910 30.13 0.00 0.00 3.60 424.81
5911 31.13 52.80 86.87 3.60 425.41
5912 32.69 214.23 297.89 5.41 424.14
5913 34.39 396.13 343.71 6.41 424.46
5914 36.20 575.36 395.65 7.31 417.96
5915 37.82 707.33 450.61 7.91 417.69
5916 39.18 795.06 505.01 7.31 417.28
5917 40.24 827.46 499.37 6.41 413.56
5918 41.09 856.29 562.77 5.71 410.76
5919 41.54 774.85 671.45 4.91 412.40
5920 41.51 597.63 584.29 4.00 417.94
5921 40.80 383.32 443.71 3.40 420.46
5922 39.56 170.53 241.56 3.20 424.33
5923 38.08 22.40 0.00 2.10 421.52
5924 37.08 0.00 0.00 2.10 426.09
5925 36.07 0.00 0.00 2.70 424.48
5926 35.07 0.00 0.00 2.80 419.85
5927 34.06 0.00 0.00 3.20 416.53
5928 33.12 0.00 0.00 3.40 413.54
5929 32.48 0.00 0.00 3.40 417.78
5930 31.81 0.00 0.00 4.91 420.11
5931 31.13 0.00 0.00 5.71 420.05
5932 30.77 0.00 0.00 4.40 416.91
5933 30.41 0.00 0.00 4.00 416.40
5934 30.16 0.00 0.00 3.80 416.16
5935 31.13 49.62 132.58 4.40 416.44
5936 33.00 236.69 395.76 4.71 409.33
5937 35.15 459.48 590.76 4.40 408.91
5938 37.22 643.27 604.39 5.21 405.36
5939 39.16 807.50 660.41 5.71 403.45
5940 40.76 899.59 661.09 6.41 406.49
5941 42.03 944.31 712.42 6.41 409.29
5942 42.75 860.61 579.37 6.71 416.34
5943 42.86 675.42 448.19 7.01 428.31
5944 42.52 537.64 447.97 6.41 432.56
5945 41.71 378.71 529.26 5.41 430.92
5946 40.39 171.40 322.65 5.71 436.10
5947 38.85 20.21 0.00 5.21 432.59
5948 37.70 0.00 0.00 6.01 435.47
5949 36.56 0.00 0.00 4.91 433.13
5950 35.41 0.00 0.00 5.41 434.36
5951 34.26 0.00 0.00 3.60 433.04
5952 33.18 0.00 0.00 4.40 434.17
5953 32.28 0.00 0.00 4.91 431.42
5954 31.32 0.00 0.00 4.71 429.60
5955 30.35 0.00 0.00 5.71 424.35
5956 29.84 0.00 0.00 6.01 423.77
5957 29.32 0.00 0.00 3.60 421.56
5958 28.96 0.00 0.00 3.00 423.24
5959 29.83 47.65 120.49 4.00 424.41
5960 31.42 214.47 343.01 3.60 420.45
5961 33.34 432.40 476.66 4.00 414.79
5962 35.24 622.21 564.06 4.40 409.08
5963 37.03 775.77 574.79 6.21 408.81
5964 38.55 876.84 586.68 7.61 409.82
5965 39.77 928.81 683.68 7.61 408.10
5966 40.54 879.05 676.27 7.01 407.44
5967 40.83 755.93 630.06 7.31 408.73
5968 40.62 572.35 590.22 7.31 407.79
5969 39.77 368.98 501.23 6.71 407.73
5970 38.45 161.83 300.60 6.71 412.46
5971 36.92 17.65 0.00 5.71 410.11
5972 35.88 0.00 0.00 3.40 414.44
5973 34.83 0.00 0.00 3.40 415.58
5974 33.78 0.00 0.00 1.70 415.00
5975 32.82 0.00 0.00 1.50 407.16
5976 31.83 0.00 0.00 2.30 407.08
5977 31.14 0.00 0.00 2.50 408.86
5978 30.42 0.00 0.00 3.00 407.50
5979 29.69 0.00 0.00 3.00 404.75
5980 29.31 0.00 0.00 4.00 402.39
5981 28.92 0.00 0.00 3.40 401.01
5982 28.65 0.00 0.00 2.70 399.69
5983 29.59 51.55 86.66 2.80 401.42
5984 31.23 228.78 309.04 4.00 403.18
5985 33.15 447.93 495.78 4.71 400.43
5986 34.83 600.01 482.91 4.71 403.57
5987 36.72 814.98 650.79 4.91 403.04
5988 38.29 912.00 711.53 4.71 405.20
5989 39.47 936.75 678.88 4.91 407.36
5990 39.89 755.91 451.57 4.20 416.27
5991 40.11 714.55 535.52 4.71 415.42
5992 39.53 450.09 245.64 4.40 428.93
5993 38.26 197.48 26.77 4.71 441.01
5994 36.86 81.06 0.47 3.60 445.63
5995 35.50 15.13 0.00 3.60 446.36
5996 34.93 0.00 0.00 3.60 451.34
5997 34.37 0.00 0.00 4.20 449.42
5998 33.81 0.00 0.00 5.21 446.45
5999 33.30 0.00 0.00 5.21 442.46
6000 32.77 0.00 0.00 3.80 440.32
6001 32.45 0.00 0.00 3.80 436.22
6002 32.07 0.00 0.00 2.10 438.09
6003 31.69 0.00 0.00 3.00 436.32
6004 31.47 0.00 0.00 3.60 437.83
6005 31.25 0.00 0.00 2.70 437.64
6006 31.08 0.00 0.00 3.40 442.54
6007 32.15 48.07 90.28 3.40 440.63
6008 34.06 217.20 318.54 3.40 439.67
6009 36.48 435.75 501.85 3.80 437.19
6010 38.95 643.96 612.68 4.71 431.75
6011 41.19 802.26 656.18 6.01 430.68
6012 43.00 886.20 634.90 7.01 433.22
6013 44.26 881.46 597.04 6.21 437.60
6014 44.99 815.56 551.09 5.41 440.11
6015 45.27 719.22 566.11 4.71 439.12
6016 44.94 542.04 484.88 3.20 442.38
6017 43.82 324.23 332.18 3.00 446.70
6018 42.23 139.01 242.67 3.20 450.12
6019 40.48 16.28 0.00 3.60 445.43
6020 39.25 0.00 0.00 3.00 452.87
6021 38.02 0.00 0.00 4.40 450.44
6022 36.80 0.00 0.00 4.20 442.18
6023 35.57 0.00 0.00 3.80 437.41
6024 34.34 0.00 0.00 4.71 432.58
6025 33.43 0.00 0.00 5.41 431.01
6026 32.56 0.00 0.00 4.40 430.91
6027 31.65 0.00 0.00 3.40 432.96
6028 31.16 0.00 0.00 3.80 430.13
6029 30.68 0.00 0.00 3.60 429.14
6030 30.33 0.00 0.00 4.00 427.00
6031 31.16 44.46 58.60 2.80 426.09
6032 32.74 208.95 326.05 2.30 419.02
6033 34.67 425.98 465.21 2.50 418.39
6034 36.66 620.47 568.28 2.70 410.39
6035 38.43 762.36 584.28 2.50 414.50
6036 39.93 862.03 612.53 2.30 418.37
6037 41.12 903.63 626.19 2.30 419.17
6038 41.89 864.02 652.70 2.80 424.09
6039 42.22 755.16 670.21 3.00 423.78
6040 42.07 579.66 624.22 3.20 428.48
6041 41.23 359.84 484.50 3.80 436.59
6042 39.89 144.59 286.28 2.30 442.53
6043 38.63 14.26 0.00 2.50 441.50
6044 37.36 0.00 0.00 3.20 447.80
6045 36.09 0.00 0.00 1.90 447.28
6046 34.83 0.00 0.00 3.00 446.12
6047 33.56 0.00 0.00 3.20 439.54
6048 32.40 0.00 0.00 3.00 434.94
6049 31.46 0.00 0.00 3.40 431.34
6050 30.44 0.00 0.00 2.70 430.67
6051 29.42 0.00 0.00 2.70 423.37
6052 28.87 0.00 0.00 2.70 418.83
6053 28.33 0.00 0.00 2.70 415.48
6054 27.94 0.00 0.00 2.70 413.81
6055 28.78 47.19 138.00 1.90 408.63
6056 30.44 224.12 415.26 2.30 403.04
6057 32.38 445.62 559.47 2.50 402.83
6058 34.33 654.28 651.98 4.20 396.34
6059 36.16 809.12 687.08 4.91 397.93
6060 37.67 900.31 689.73 6.01 397.58
6061 38.78 919.66 682.07 5.71 397.88
6062 39.45 860.13 648.84 7.01 399.15
6063 39.68 743.79 644.32 6.21 400.83
6064 39.42 571.96 631.70 7.01 402.83
6065 38.53 361.87 507.79 6.01 404.32
6066 37.14 141.12 305.79 6.21 417.60
6067 36.02 13.54 0.00 6.71 413.94
6068 34.90 0.00 0.00 6.21 418.05
6069 33.77 0.00 0.00 4.71 415.88
6070 32.74 0.00 0.00 4.00 413.13
6071 31.67 0.00 0.00 3.60 406.27
6072 30.61 0.00 0.00 2.80 405.32
6073 29.90 0.00 0.00 3.20 406.34
6074 29.14 0.00 0.00 4.00 401.74
6075 28.38 0.00 0.00 5.21 397.36
6076 27.98 0.00 0.00 4.40 395.87
6077 27.57 0.00 0.00 3.80 397.73
6078 27.28 0.00 0.00 3.00 398.45
6079 28.12 43.78 57.48 3.00 401.22
6080 29.76 210.02 340.25 1.90 398.56
6081 31.66 415.71 452.02 2.50 402.55
6082 33.55 615.20 559.96 2.50 394.10
6083 35.47 783.55 600.36 3.20 392.23
6084 37.07 876.72 622.81 3.20 394.33
6085 38.20 879.76 609.99 3.60 393.04
6086 39.02 873.87 685.85 6.01 392.70
6087 39.34 745.78 660.15 6.71 397.14
6088 39.23 591.38 687.49 5.71 398.14
6089 38.38 362.78 538.79 5.41 402.89
6090 37.03 151.70 308.05 5.21 411.13
6091 35.92 13.34 0.00 5.41 410.43
6092 34.81 0.00 0.00 4.20 409.55
6093 33.70 0.00 0.00 5.21 408.46
6094 32.68 0.00 0.00 4.91 408.90
6095 31.63 0.00 0.00 4.20 405.20
6096 30.58 0.00 0.00 4.71 401.58
6097 29.77 0.00 0.00 4.71 404.55
6098 28.88 0.00 0.00 4.40 403.64
6099 27.98 0.00 0.00 5.71 398.98
6100 27.49 0.00 0.00 6.01 395.86
6101 26.99 0.00 0.00 4.00 394.48
6102 26.63 0.00 0.00 3.80 394.41
6103 27.43 46.29 123.94 3.20 398.07
6104 29.10 229.12 455.65 3.40 390.46
6105 31.00 448.14 602.86 2.70 388.39
6106 32.79 632.66 597.36 2.50 384.09
6107 34.33 764.18 569.22 3.40 381.86
6108 35.83 899.07 682.44 3.60 378.56
6109 36.93 916.06 684.98 3.00 378.69
6110 37.54 843.19 602.06 4.00 383.47
6111 37.82 765.99 721.76 5.21 379.96
6112 37.70 609.93 754.55 4.20 379.98
6113 36.87 383.13 606.90 4.40 388.85
6114 35.51 155.39 366.48 4.91 395.18
6115 34.46 13.38 0.00 4.40 393.80
6116 33.40 0.00 0.00 3.60 400.29
6117 32.44 0.00 0.00 4.00 398.48
6118 31.44 0.00 0.00 3.60 398.61
6119 30.44 0.00 0.00 3.00 396.32
6120 29.43 0.00 0.00 2.30 397.01
6121 28.88 0.00 0.00 1.90 398.99
6122 28.28 0.00 0.00 2.10 398.78
6123 27.68 0.00 0.00 3.00 398.52
6124 27.36 0.00 0.00 4.71 396.52
6125 27.03 0.00 0.00 4.71 398.20
6126 26.80 0.00 0.00 4.91 396.89
6127 27.64 43.50 58.77 5.71 403.31
6128 29.25 207.27 334.23 4.00 403.76
6129 31.13 410.19 422.81 4.91 404.14
6130 33.12 621.29 563.74 5.21 399.70
6131 35.03 794.54 640.34 5.21 399.46
6132 36.61 871.63 619.24 5.71 398.34
6133 37.76 886.08 589.78 5.41 401.91
6134 38.37 794.60 514.47 6.01 405.08
6135 38.56 680.14 541.47 5.71 405.89
6136 38.26 522.57 482.42 6.01 406.24
6137 37.35 325.82 411.31 5.41 413.70
6138 36.00 130.09 258.15 5.21 421.18
6139 35.17 10.50 0.00 5.71 417.30
6140 34.33 0.00 0.00 5.41 423.09
6141 33.50 0.00 0.00 5.21 418.61
6142 32.75 0.00 0.00 3.80 417.17
6143 31.96 0.00 0.00 4.20 414.14
6144 31.17 0.00 0.00 4.20 414.08
6145 30.62 0.00 0.00 3.20 408.70
6146 30.04 0.00 0.00 4.91 410.68
6147 29.45 0.00 0.00 4.71 412.71
6148 29.14 0.00 0.00 4.91 414.51
6149 28.83 0.00 0.00 5.41 412.11
6150 28.61 0.00 0.00 5.41 413.60
6151 29.48 45.32 101.94 4.91 414.76
6152 31.26 225.42 354.12 6.71 407.26
6153 33.34 449.21 550.00 7.01 405.26
6154 35.45 656.86 676.52 6.21 401.14
6155 37.37 804.85 677.74 7.61 401.10
6156 38.81 854.46 618.96 7.01 409.09
6157 39.87 870.08 630.06 6.41 410.96
6158 40.52 816.25 586.96 4.71 410.42
6159 40.72 692.78 550.39 5.71 410.75
6160 40.39 522.00 493.55 6.41 411.63
6161 39.43 312.80 326.82 6.01 414.22
6162 38.01 107.80 123.81 4.00 425.57
6163 37.00 9.04 0.00 3.20 423.08
6164 36.00 0.00 0.00 4.40 427.72
6165 35.00 0.00 0.00 3.40 429.09
6166 33.99 0.00 0.00 3.20 430.62
6167 33.06 0.00 0.00 3.40 424.07
6168 32.10 0.00 0.00 3.20 424.90
6169 31.33 0.00 0.00 1.50 420.50
6170 30.50 0.00 0.00 1.80 417.57
6171 29.67 0.00 0.00 2.30 415.64
6172 29.22 0.00 0.00 2.70 413.45
6173 28.77 0.00 0.00 1.80 412.29
6174 28.45 0.00 0.00 1.70 411.08
6175 29.31 46.56 131.09 1.60 410.43
6176 31.08 230.89 413.81 1.20 402.49
6177 33.13 459.95 614.86 1.70 403.17
6178 35.18 663.77 672.05 1.70 398.14
6179 36.76 745.49 541.97 2.10 405.04
6180 38.05 820.99 548.41 3.60 403.59
6181 39.28 928.97 711.01 4.00 403.62
6182 39.96 843.99 628.43 5.21 408.43
6183 40.18 716.45 620.11 6.01 409.87
6184 39.77 507.07 431.47 6.41 414.20
6185 38.94 360.30 543.36 7.31 408.74
6186 37.60 140.17 304.24 7.01 417.84
6187 36.56 9.71 0.00 4.91 419.05
6188 35.53 0.00 0.00 4.91 424.66
6189 34.49 0.00 0.00 5.41 421.24
6190 33.45 0.00 0.00 7.01 421.69
6191 32.51 0.00 0.00 7.21 415.77
6192 31.53 0.00 0.00 9.31 412.13
6193 30.84 0.00 0.00 9.81 408.94
6194 30.09 0.00 0.00 13.72 408.96
6195 29.35 0.00 0.00 12.01 405.20
6196 28.95 0.00 0.00 11.01 401.26
6197 28.56 0.00 0.00 11.01 401.71
6198 28.28 0.00 0.00 11.01 402.48
6199 29.12 44.71 118.36 9.31 408.78
6200 30.86 225.31 411.12 10.31 401.35
6201 32.87 445.51 610.61 10.31 398.05
6202 34.85 641.93 637.37 9.81 398.56
6203 36.73 799.68 671.97 7.91 401.36
6204 38.18 863.42 600.14 8.41 401.43
6205 39.34 908.26 676.11 8.41 400.38
6206 40.01 839.89 625.19 8.91 402.64
6207 40.22 705.60 596.33 8.41 407.73
6208 39.91 537.40 582.25 9.31 410.63
6209 38.96 324.44 447.93 7.61 415.30
6210 37.56 122.73 285.79 7.21 421.34
6211 36.53 8.24 0.00 5.71 423.64
6212 35.51 0.00 0.00 4.20 425.97
6213 34.48 0.00 0.00 4.40 423.78
6214 33.45 0.00 0.00 4.20 420.67
6215 32.52 0.00 0.00 4.40 418.23
6216 31.54 0.00 0.00 4.00 413.33
6217 30.81 0.00 0.00 4.71 411.67
6218 30.01 0.00 0.00 4.00 410.18
6219 29.22 0.00 0.00 4.40 407.19
6220 28.79 0.00 0.00 5.41 404.33
6221 28.36 0.00 0.00 5.21 401.00
6222 28.05 0.00 0.00 5.41 395.08
6223 28.87 44.53 89.82 5.41 397.74
6224 30.84 247.81 485.64 6.51 391.44
6225 32.98 478.37 740.13 7.61 394.40
6226 35.13 691.77 833.60 8.21 388.72
6227 37.07 843.65 839.64 8.91 396.73
6228 38.65 932.99 840.32 9.31 401.20
6229 39.77 936.82 794.22 12.01 408.95
6230 40.46 882.73 789.55 10.31 412.33
6231 40.69 759.41 774.58 9.81 415.19
6232 40.37 575.80 712.78 8.91 416.84
6233 39.37 353.83 599.84 8.91 421.61
6234 37.88 133.63 398.70 9.31 431.51
6235 36.89 7.47 0.00 8.91 428.52
6236 35.89 0.00 0.00 8.61 434.84
6237 34.90 0.00 0.00 8.61 434.42
6238 33.91 0.00 0.00 7.81 436.76
6239 32.99 0.00 0.00 8.21 430.72
6240 32.05 0.00 0.00 7.61 429.34
6241 31.41 0.00 0.00 6.21 422.72
6242 30.76 0.00 0.00 6.41 426.56
6243 30.11 0.00 0.00 7.21 425.51
6244 29.77 0.00 0.00 8.21 426.51
6245 29.44 0.00 0.00 7.91 428.44
6246 29.21 0.00 0.00 7.91 436.08
6247 30.04 44.67 124.00 7.01 438.95
6248 31.01 149.68 91.52 7.61 445.51
6249 33.23 456.00 570.00 8.61 425.99
6250 35.37 665.98 729.39 7.91 418.42
6251 37.32 825.70 788.29 8.61 418.82
6252 38.92 919.09 804.80 8.21 418.83
6253 40.11 938.97 762.88 6.71 420.13
6254 40.66 800.82 557.21 6.51 428.05
6255 40.88 709.50 580.47 6.71 427.23
6256 40.34 455.09 282.17 7.01 432.16
6257 38.93 140.54 3.26 7.81 451.35
6258 37.39 9.98 0.00 8.21 467.04
6259 36.49 4.31 0.00 7.81 459.83
6260 35.59 0.00 0.00 7.31 459.37
6261 34.69 0.00 0.00 6.71 453.66
6262 33.79 0.00 0.00 6.41 445.99
6263 32.97 0.00 0.00 6.01 440.18
6264 32.11 0.00 0.00 6.01 437.51
6265 31.33 0.00 0.00 5.41 432.98
6266 30.50 0.00 0.00 5.21 427.46
6267 29.67 0.00 0.00 5.41 425.54
6268 29.23 0.00 0.00 4.40 418.84
6269 28.80 0.00 0.00 5.21 420.17
6270 28.49 0.00 0.00 4.40 417.09
6271 29.25 41.52 86.07 4.20 416.33
6272 30.87 212.90 328.89 2.50 411.53
6273 32.80 430.59 524.23 2.80 404.57
6274 34.72 627.09 626.29 2.70 399.62
6275 36.50 775.12 628.82 3.00 398.72
6276 37.92 846.63 608.94 4.00 400.24
6277 38.95 856.76 631.97 4.00 397.31
6278 39.54 791.98 571.11 2.70 400.77
6279 39.75 686.68 605.99 4.00 404.66
6280 39.43 510.77 514.88 3.80 406.22
6281 38.54 312.87 441.08 3.80 409.48
6282 37.21 115.82 216.86 3.00 420.11
6283 36.09 5.94 0.00 2.10 416.15
6284 34.98 0.00 0.00 1.60 420.53
6285 33.86 0.00 0.00 1.60 415.53
6286 32.82 0.00 0.00 1.30 408.89
6287 31.76 0.00 0.00 1.80 403.51
6288 30.70 0.00 0.00 1.80 397.95
6289 29.88 0.00 0.00 1.10 399.25
6290 28.97 0.00 0.00 0.80 400.32
6291 28.07 0.00 0.00 0.80 401.55
6292 27.57 0.00 0.00 0.60 399.58
6293 27.08 0.00 0.00 0.60 394.92
6294 26.72 0.00 0.00 0.60 385.88
6295 27.41 43.04 89.80 1.30 388.91
6296 28.83 210.80 339.29 1.00 388.14
6297 30.62 439.34 536.47 0.80 384.10
6298 32.40 645.96 664.21 1.30 385.17
6299 33.98 803.68 725.84 1.30 385.76
6300 35.37 895.91 743.62 1.00 381.88
6301 36.38 914.84 732.16 0.80 381.88
6302 36.87 807.15 566.27 0.50 388.92
6303 36.79 602.63 360.15 0.90 395.36
6304 36.19 436.27 271.10 1.80 400.10
6305 35.05 219.24 99.68 2.10 412.05
6306 33.70 73.92 28.04 2.70 419.22
6307 33.04 4.31 0.00 1.90 423.22
6308 32.34 0.00 0.00 1.50 428.66
6309 31.64 0.00 0.00 1.30 423.96
6310 30.94 0.00 0.00 0.50 425.97
6311 30.25 0.00 0.00 0.70 426.46
6312 29.55 0.00 0.00 1.40 426.10
6313 29.26 0.00 0.00 2.10 420.73
6314 28.95 0.00 0.00 1.30 419.98
6315 28.65 0.00 0.00 1.40 417.73
6316 28.49 0.00 0.00 1.70 417.23
6317 28.34 0.00 0.00 1.60 416.32
6318 28.23 0.00 0.00 2.30 417.18
6319 29.08 41.54 91.92 2.30 418.91
6320 30.91 218.90 402.43 2.30 412.61
6321 33.05 441.46 619.89 2.50 408.79
6322 35.23 648.17 683.31 2.70 402.48
6323 37.28 809.77 753.60 3.00 409.78
6324 38.93 888.80 727.62 3.00 405.30
6325 40.09 884.63 658.76 2.30 405.19
6326 40.80 823.49 623.29 3.20 409.61
6327 41.01 688.45 595.12 3.40 414.63
6328 40.63 504.41 516.18 3.60 415.92
6329 39.63 300.92 417.19 2.50 419.07
6330 38.18 103.97 242.56 1.20 424.77
6331 37.22 4.47 0.00 1.40 422.21
6332 36.27 0.00 0.00 1.00 425.91
6333 35.31 0.00 0.00 1.00 422.90
6334 34.35 0.00 0.00 0.40 417.84
6335 33.40 0.00 0.00 0.20 415.72
6336 32.54 0.00 0.00 0.40 416.25
6337 31.68 0.00 0.00 0.30 409.94
6338 30.75 0.00 0.00 0.80 409.03
6339 29.82 0.00 0.00 1.40 408.87
6340 29.33 0.00 0.00 1.30 410.46
6341 28.83 0.00 0.00 0.90 409.29
6342 28.48 0.00 0.00 0.70 413.74
6343 29.21 41.58 94.15 0.80 413.88
6344 30.79 213.12 353.06 1.00 409.93
6345 32.65 429.25 552.88 0.80 407.35
6346 34.47 619.71 602.68 1.00 401.44
6347 36.14 756.38 626.03 1.20 402.05
6348 37.54 849.47 613.30 1.50 401.12
6349 38.59 871.24 627.60 1.40 400.53
6350 39.21 814.07 606.42 1.00 400.76
6351 39.36 672.01 563.63 1.30 400.88
6352 39.02 508.33 548.68 1.10 403.66
6353 38.07 295.16 406.14 0.80 409.96
6354 36.72 103.23 227.01 0.70 411.12
6355 35.77 4.05 0.00 0.30 409.96
6356 34.81 0.00 0.00 0.10 412.78
6357 33.86 0.00 0.00 0.00 408.78
6358 32.98 0.00 0.00 0.40 407.91
6359 32.07 0.00 0.00 0.50 412.13
6360 31.17 0.00 0.00 0.70 410.45
6361 30.58 0.00 0.00 0.40 410.75
6362 29.95 0.00 0.00 1.10 412.03
6363 29.33 0.00 0.00 1.30 405.29
6364 28.99 0.00 0.00 1.70 408.66
6365 28.66 0.00 0.00 1.70 404.22
6366 28.42 0.00 0.00 1.60 400.03
6367 29.14 37.56 38.33 1.30 400.51
6368 30.64 190.32 262.60 0.90 398.03
6369 32.68 422.52 514.98 1.30 391.53
6370 34.79 640.20 659.27 1.00 386.02
6371 36.76 796.93 707.11 1.30 390.25
6372 38.18 829.60 563.99 1.60 390.85
6373 39.21 840.33 598.17 1.10 392.70
6374 39.67 729.06 453.36 0.70 398.15
6375 39.85 653.73 527.23 0.30 393.81
6376 39.65 527.00 601.31 0.30 398.48
6377 38.78 316.67 439.12 0.20 401.77
6378 37.44 111.44 207.49 0.70 402.20
6379 36.41 3.89 0.00 0.70 399.11
6380 35.39 0.00 0.00 0.80 403.68
6381 34.37 0.00 0.00 0.20 407.60
6382 33.40 0.00 0.00 0.20 407.69
6383 32.43 0.00 0.00 0.20 407.01
6384 31.45 0.00 0.00 0.30 408.84
6385 30.68 0.00 0.00 0.40 406.34
6386 29.86 0.00 0.00 0.20 409.60
6387 29.03 0.00 0.00 0.60 408.93
6388 28.59 0.00 0.00 0.90 406.18
6389 28.15 0.00 0.00 0.80 403.22
6390 27.84 0.00 0.00 0.90 405.57
6391 28.53 39.14 70.56 0.90 409.32
6392 30.09 206.85 300.84 0.60 404.30
6393 31.89 413.43 494.52 0.50 402.46
6394 33.66 606.75 590.06 0.70 401.71
6395 35.35 750.52 622.36 0.60 402.66
6396 36.80 851.19 632.08 0.40 407.17
6397 37.82 854.05 597.60 0.80 411.92
6398 38.42 790.17 604.54 1.20 414.02
6399 38.62 681.11 605.33 0.60 409.07
6400 38.20 469.40 409.24 0.80 413.68
6401 37.22 271.59 331.38 0.90 419.78
6402 35.87 89.16 117.82 1.50 432.78
6403 35.00 2.82 0.00 1.80 429.89
6404 34.12 0.00 0.00 2.10 429.80
6405 33.31 0.00 0.00 2.50 427.93
6406 32.47 0.00 0.00 1.90 423.38
6407 31.64 0.00 0.00 2.70 419.64
6408 30.81 0.00 0.00 3.20 418.72
6409 30.25 0.00 0.00 3.00 416.23
6410 29.65 0.00 0.00 2.70 417.04
6411 29.05 0.00 0.00 3.60 416.54
6412 28.73 0.00 0.00 2.30 415.21
6413 28.41 0.00 0.00 1.60 417.48
6414 28.18 0.00 0.00 1.90 413.49
6415 28.89 37.13 59.92 1.90 411.16
6416 30.43 195.35 328.85 2.10 405.68
6417 32.25 394.87 433.78 3.20 404.73
6418 34.03 577.22 498.54 3.00 398.84
6419 35.84 742.95 579.32 2.10 398.49
6420 37.34 828.66 603.82 3.00 394.76
6421 38.42 837.16 586.71 4.71 397.02
6422 39.10 788.56 609.28 5.41 395.90
6423 39.33 666.05 576.26 5.71 399.83
6424 39.02 486.74 496.64 6.21 401.64
6425 38.10 283.61 398.96 7.31 408.95
6426 36.77 94.87 201.10 6.71 418.02
6427 35.88 2.48 0.00 4.91 413.92
6428 35.00 0.00 0.00 4.40 417.92
6429 34.12 0.00 0.00 3.20 419.45
6430 33.29 0.00 0.00 2.80 417.75
6431 32.45 0.00 0.00 2.50 415.99
6432 31.61 0.00 0.00 1.90 420.43
6433 30.94 0.00 0.00 1.50 414.35
6434 30.22 0.00 0.00 0.90 415.39
6435 29.51 0.00 0.00 1.60 415.23
6436 29.12 0.00 0.00 2.10 413.35
6437 28.74 0.00 0.00 2.30 414.06
6438 28.47 0.00 0.00 2.10 412.86
6439 29.20 40.04 56.38 3.20 413.08
6440 30.79 207.04 266.57 2.80 409.57
6441 32.68 419.63 454.79 4.40 410.79
6442 34.60 620.93 582.68 3.60 403.07
6443 36.25 734.52 565.98 3.40 403.32
6444 37.53 789.63 509.55 3.40 406.31
6445 38.28 742.63 381.92 3.20 404.33
6446 38.84 743.34 504.59 3.60 404.90
6447 39.15 694.90 620.37 3.00 399.29
6448 38.94 510.25 519.42 3.80 402.86
6449 38.00 273.39 323.68 4.91 408.38
6450 36.63 75.90 104.24 3.40 423.88
6451 35.71 1.68 0.00 4.71 424.00
6452 34.79 0.00 0.00 4.40 429.12
6453 33.86 0.00 0.00 4.00 428.39
6454 33.01 0.00 0.00 4.00 422.46
6455 32.14 0.00 0.00 4.00 413.85
6456 31.26 0.00 0.00 4.91 410.16
6457 30.62 0.00 0.00 3.60 407.21
6458 29.97 0.00 0.00 2.30 406.78
6459 29.31 0.00 0.00 3.20 402.03
6460 28.97 0.00 0.00 3.00 400.57
6461 28.64 0.00 0.00 1.90 398.64
6462 28.41 0.00 0.00 2.10 400.32
6463 29.14 39.23 62.12 1.40 401.88
6464 30.73 207.09 284.28 0.70 399.05
6465 31.59 261.35 82.65 0.70 413.67
6466 33.28 525.42 303.39 1.30 400.51
6467 35.29 778.02 645.94 1.60 395.46
6468 36.97 867.64 708.20 1.60 398.96
6469 38.14 861.29 628.50 2.10 404.62
6470 38.92 824.21 704.13 2.10 402.79
6471 39.24 695.08 608.56 1.70 404.28
6472 38.57 373.50 190.56 2.50 417.61
6473 37.61 239.28 163.52 2.70 418.68
6474 36.37 86.81 158.59 1.90 423.48
6475 35.48 1.51 0.00 1.50 422.17
6476 34.60 0.00 0.00 1.60 425.68
6477 33.71 0.00 0.00 1.50 422.14
6478 32.90 0.00 0.00 1.50 419.16
6479 32.05 0.00 0.00 0.60 421.42
6480 31.21 0.00 0.00 0.60 420.46
6481 30.45 0.00 0.00 1.30 418.82
6482 29.65 0.00 0.00 1.10 414.28
6483 28.84 0.00 0.00 1.50 416.83
6484 28.41 0.00 0.00 1.40 414.89
6485 27.99 0.00 0.00 1.40 411.70
6486 27.68 0.00 0.00 1.90 416.72
6487 28.33 35.58 53.02 2.80 416.27
6488 29.76 188.69 293.20 2.50 415.17
6489 31.45 381.50 400.10 2.80 415.59
6490 33.21 574.20 505.63 2.50 407.20
6491 34.89 734.11 575.63 2.50 406.69
6492 36.30 812.35 587.09 2.70 408.68
6493 37.40 849.63 618.70 3.80 406.53
6494 38.06 789.85 611.32 4.20 405.60
6495 38.27 663.32 583.35 6.41 406.47
6496 38.04 506.63 550.24 6.01 405.34
6497 37.12 276.80 384.48 5.71 412.40
6498 35.78 83.49 162.53 6.01 421.46
6499 34.82 1.26 0.00 7.01 421.49
6500 33.85 0.00 0.00 4.91 425.95
6501 32.96 0.00 0.00 5.41 425.26
6502 32.04 0.00 0.00 4.71 424.80
6503 31.12 0.00 0.00 4.00 426.76
6504 30.20 0.00 0.00 3.20 423.71
6505 29.52 0.00 0.00 1.90 424.19
6506 28.78 0.00 0.00 2.80 424.06
6507 28.05 0.00 0.00 2.50 422.85
6508 27.66 0.00 0.00 2.10 423.44
6509 27.27 0.00 0.00 2.50 422.60
6510 26.99 0.00 0.00 2.50 422.09
6511 27.67 36.78 67.18 2.10 422.44
6512 29.30 207.32 427.76 0.90 415.72
6513 31.16 413.16 528.86 1.70 410.47
6514 33.00 603.46 608.24 1.80 409.72
6515 34.74 764.77 647.32 3.00 405.64
6516 36.23 849.76 668.32 3.20 401.76
6517 37.35 876.04 709.42 2.70 404.03
6518 38.01 808.66 676.74 1.90 400.60
6519 38.24 695.25 705.58 3.60 402.03
6520 37.95 516.28 664.11 3.00 402.10
6521 37.01 297.40 529.95 3.40 407.40
6522 35.62 95.07 267.13 4.20 414.20
6523 34.69 1.07 0.00 3.60 415.33
6524 33.76 0.00 0.00 3.80 420.62
6525 32.91 0.00 0.00 4.20 420.65
6526 32.03 0.00 0.00 3.40 418.00
6527 31.15 0.00 0.00 3.00 416.67
6528 30.27 0.00 0.00 3.80 408.07
6529 29.63 0.00 0.00 3.00 408.62
6530 28.94 0.00 0.00 3.40 406.86
6531 28.26 0.00 0.00 5.21 406.55
6532 27.91 0.00 0.00 4.71 402.16
6533 27.55 0.00 0.00 3.40 398.73
6534 27.30 0.00 0.00 3.20 389.67
6535 27.99 36.37 65.01 2.70 393.93
6536 29.91 233.55 489.01 3.40 386.27
6537 32.09 471.05 784.87 4.00 387.57
6538 34.18 677.39 863.55 3.80 379.24
6539 36.13 831.41 887.36 3.40 379.09
6540 37.70 911.03 873.86 3.80 379.08
6541 38.84 922.39 868.26 4.40 379.87
6542 39.53 860.12 857.88 4.20 379.88
6543 39.75 729.15 838.43 3.80 379.03
6544 39.39 537.64 763.95 2.70 379.17
6545 38.36 311.64 634.33 2.80 381.63
6546 36.85 96.64 391.73 2.10 387.43
6547 35.72 0.77 0.00 2.10 387.96
6548 34.59 0.00 0.00 2.80 392.92
6549 33.46 0.00 0.00 2.70 395.63
6550 32.44 0.00 0.00 2.30 399.08
6551 31.36 0.00 0.00 1.50 395.05
6552 30.29 0.00 0.00 0.50 396.02
6553 28.97 0.00 0.00 0.40 404.60
6554 28.02 0.00 0.00 0.70 407.02
6555 27.07 0.00 0.00 1.20 408.37
6556 26.57 0.00 0.00 0.90 407.47
6557 26.08 0.00 0.00 0.60 409.56
6558 25.73 0.00 0.00 0.70 417.95
6559 26.64 42.46 75.04 0.50 422.07
6560 26.82 61.57 0.00 0.70 424.76
6561 28.72 313.57 185.25 1.50 405.86
6562 30.36 440.04 190.84 2.70 405.34
6563 33.20 868.52 786.98 3.40 386.85
6564 35.57 960.45 982.54 1.90 388.55
6565 37.29 975.13 985.17 1.50 391.53
6566 38.39 911.61 978.15 1.50 392.55
6567 38.88 774.14 960.97 2.10 393.48
6568 38.75 573.80 885.46 3.70 399.78
6569 37.77 333.14 579.34 3.00 399.73
6570 36.04 59.00 78.80 2.30 423.68
6571 34.96 0.52 0.00 1.70 422.51
6572 33.88 0.00 0.00 1.10 424.21
6573 32.86 0.00 0.00 0.80 417.86
6574 31.83 0.00 0.00 1.10 413.14
6575 30.80 0.00 0.00 0.70 413.14
6576 29.78 0.00 0.00 1.60 406.52
6577 28.94 0.00 0.00 2.10 405.29
6578 28.05 0.00 0.00 1.60 401.71
6579 27.16 0.00 0.00 3.40 399.34
6580 26.69 0.00 0.00 3.70 401.02
6581 26.22 0.00 0.00 1.90 401.24
6582 25.89 0.00 0.00 1.30 396.85
6583 26.60 34.84 55.88 0.80 398.35
6584 28.55 215.07 497.31 1.20 403.35
6585 30.77 433.78 641.60 0.80 400.54
6586 32.97 634.58 726.37 1.50 393.31
6587 34.95 778.14 731.66 1.90 397.21
6588 36.58 853.39 708.28 3.40 397.58
6589 37.70 842.69 636.26 3.90 398.60
6590 38.38 796.84 674.39 4.50 403.33
6591 38.58 671.22 664.22 5.60 405.61
6592 38.18 498.87 652.35 5.60 409.88
6593 37.07 284.67 508.74 4.50 416.87
6594 35.49 87.96 341.09 4.30 422.19
6595 34.35 0.00 0.00 3.00 424.16
6596 33.21 0.00 0.00 2.70 414.76
6597 32.16 0.00 0.00 3.00 411.14
6598 31.08 0.00 0.00 2.10 411.56
6599 30.00 0.00 0.00 1.60 410.40
6600 28.91 0.00 0.00 2.30 404.32
6601 28.09 0.00 0.00 2.10 403.62
6602 27.22 0.00 0.00 3.00 403.04
6603 26.34 0.00 0.00 3.70 401.02
6604 25.88 0.00 0.00 2.70 397.68
6605 25.42 0.00 0.00 3.00 395.13
6606 25.09 0.00 0.00 2.70 393.50
6607 25.78 33.50 45.92 2.30 391.68
6608 27.86 224.87 576.07 1.90 394.30
6609 30.20 451.00 728.23 3.50 391.57
6610 32.49 655.01 809.72 2.10 385.55
6611 34.53 805.36 833.30 3.50 384.33
6612 36.25 888.85 835.51 3.40 383.27
6613 37.51 900.85 835.16 2.30 385.18
6614 38.27 845.77 849.23 3.40 385.11
6615 38.51 714.20 828.61 4.30 388.88
6616 38.10 525.21 763.20 3.40 387.90
6617 36.94 300.02 631.04 3.00 391.05
6618 35.26 88.26 386.41 2.30 397.02
6619 34.13 0.00 0.00 3.70 402.38
6620 33.00 0.00 0.00 4.10 398.29
6621 31.97 0.00 0.00 2.70 395.28
6622 30.90 0.00 0.00 1.70 389.73
6623 29.82 0.00 0.00 1.30 387.22
6624 28.75 0.00 0.00 1.60 389.53
6625 27.93 0.00 0.00 2.10 387.88
6626 27.06 0.00 0.00 2.10 389.42
6627 26.19 0.00 0.00 2.10 391.68
6628 25.72 0.00 0.00 2.50 391.80
6629 25.26 0.00 0.00 0.80 393.64
6630 25.08 0.00 0.00 1.50 393.64
6631 25.61 32.94 43.41 1.60 395.29
6632 27.63 218.77 542.81 2.10 400.65
6633 29.96 447.43 720.69 1.30 396.47
6634 32.25 653.53 812.71 1.60 389.08
6635 34.29 804.24 838.41 3.40 392.79
6636 36.02 888.45 843.76 2.70 397.57
6637 37.28 901.77 848.51 3.20 404.45
6638 38.05 845.23 859.26 3.90 401.75
6639 38.28 712.11 835.19 3.50 406.97
6640 37.88 526.69 798.15 2.50 407.54
6641 36.71 299.34 618.94 3.20 413.30
6642 35.03 89.05 383.48 3.50 418.51
6643 33.98 0.00 0.00 2.30 419.92
6644 32.98 0.00 0.00 1.50 411.84
6645 31.98 0.00 0.00 0.90 414.46
6646 30.98 0.00 0.00 0.70 407.32
6647 29.98 0.00 0.00 0.90 403.70
6648 28.98 0.00 0.00 0.80 402.97
6649 28.26 0.00 0.00 2.10 403.01
6650 27.49 0.00 0.00 3.50 399.00
6651 26.72 0.00 0.00 4.70 393.89
6652 26.31 0.00 0.00 4.90 391.30
6653 25.90 0.00 0.00 3.00 389.26
6654 25.61 0.00 0.00 3.70 388.13
6655 26.30 33.08 47.54 3.00 389.05
6656 28.48 231.98 628.11 4.70 394.95
6657 30.98 472.17 816.77 4.70 395.03
6658 33.37 685.70 919.01 3.00 389.03
6659 35.60 839.92 940.87 3.00 390.78
6660 37.40 922.31 939.28 3.20 394.50
6661 38.69 929.88 931.11 3.00 390.12
6662 39.45 861.77 914.68 2.10 388.80
6663 39.66 722.65 881.52 2.70 392.17
6664 39.17 526.19 794.75 2.50 387.24
6665 37.91 293.64 637.27 2.50 394.33
6666 36.14 82.17 375.79 2.50 405.99
6667 35.16 0.00 0.00 3.40 413.50
6668 34.17 0.00 0.00 2.50 409.98
6669 33.19 0.00 0.00 2.30 406.36
6670 32.30 0.00 0.00 1.50 400.43
6671 31.37 0.00 0.00 0.80 395.51
6672 30.44 0.00 0.00 0.70 388.24
6673 29.76 0.00 0.00 0.90 386.17
6674 29.05 0.00 0.00 0.80 386.00
6675 28.34 0.00 0.00 1.70 385.79
6676 27.96 0.00 0.00 3.50 385.79
6677 27.59 0.00 0.00 1.60 386.90
6678 27.32 0.00 0.00 2.70 391.59
6679 28.16 38.96 93.32 2.50 390.84
6680 30.35 235.24 636.20 2.50 394.69
6681 32.91 480.41 840.66 2.70 393.95
6682 35.48 698.68 951.16 3.90 386.24
6683 37.81 860.28 980.73 4.90 384.83
6684 39.71 950.64 991.58 4.30 385.62
6685 41.09 963.31 751.68 4.90 392.36
6686 38.32 67.10 0.00 4.70 449.76
6687 39.28 757.57 631.24 3.90 399.79
6688 39.21 555.20 895.40 3.00 404.74
6689 38.25 313.82 725.91 3.90 404.04
6690 36.68 88.09 429.29 3.20 409.21
6691 35.61 0.00 0.00 3.40 415.22
6692 34.53 0.00 0.00 1.20 410.85
6693 33.46 0.00 0.00 1.60 408.09
6694 32.46 0.00 0.00 1.10 404.31
6695 31.44 0.00 0.00 1.10 399.70
6696 30.41 0.00 0.00 1.60 397.38
6697 29.59 0.00 0.00 1.70 398.97
6698 28.71 0.00 0.00 1.90 397.99
6699 27.83 0.00 0.00 4.10 394.09
6700 27.36 0.00 0.00 4.70 390.61
6701 26.89 0.00 0.00 3.90 392.37
6702 26.55 0.00 0.00 2.70 393.00
6703 27.20 32.09 43.70 2.70 393.67
6704 29.06 207.54 493.38 3.00 399.48
6705 31.30 433.23 682.35 3.40 398.63
6706 33.42 627.38 742.58 3.70 394.10
6707 35.47 781.87 791.96 4.10 392.13
6708 37.15 869.33 814.04 3.90 393.48
6709 38.35 875.61 800.22 4.10 393.84
6710 39.03 802.41 757.15 3.90 398.11
6711 39.20 673.17 739.43 4.30 397.07
6712 38.72 483.15 656.89 5.20 397.26
6713 37.55 267.85 535.47 4.70 402.37
6714 35.89 61.78 212.78 4.90 414.45
6715 34.96 0.00 0.00 4.90 420.86
6716 34.04 0.00 0.00 4.10 417.52
6717 33.11 0.00 0.00 4.10 414.99
6718 32.28 0.00 0.00 4.30 411.84
6719 31.40 0.00 0.00 3.20 410.81
6720 30.52 0.00 0.00 2.70 407.81
6721 29.94 0.00 0.00 3.40 407.05
6722 29.35 0.00 0.00 2.50 403.45
6723 28.75 0.00 0.00 3.00 402.94
6724 28.45 0.00 0.00 3.50 407.56
6725 28.15 0.00 0.00 3.90 408.51
6726 27.95 0.00 0.00 5.20 405.95
6727 28.49 24.52 0.00 3.90 410.57
6728 29.85 147.29 126.28 3.90 412.91
6729 31.73 339.67 298.15 6.20 407.41
6730 33.27 455.77 211.27 6.20 403.84
6731 35.19 652.54 417.40 6.50 400.01
6732 36.97 781.93 566.56 7.50 400.67
6733 38.34 811.22 608.81 7.10 400.57
6734 39.02 692.88 482.40 8.90 403.94
6735 39.22 569.93 419.14 9.70 405.82
6736 38.86 408.10 383.09 13.30 404.13
6737 37.87 216.29 273.69 10.30 408.48
6738 36.49 52.20 76.08 10.30 415.31
6739 35.41 0.00 0.00 9.30 418.90
6740 34.33 0.00 0.00 11.90 412.39
6741 33.25 0.00 0.00 8.60 410.23
6742 32.26 0.00 0.00 6.00 410.14
6743 31.24 0.00 0.00 8.20 409.10
6744 30.21 0.00 0.00 8.60 409.66
6745 29.22 0.00 0.00 7.10 405.04
6746 28.16 0.00 0.00 7.50 404.30
6747 27.09 0.00 0.00 7.50 397.36
6748 26.53 0.00 0.00 6.00 394.39
6749 25.96 0.00 0.00 5.20 393.36
6750 25.56 0.00 0.00 5.20 388.44
6751 26.09 28.38 14.42 3.70 386.17
6752 27.64 181.28 344.08 3.50 389.64
6753 29.67 400.67 532.13 3.90 387.04
6754 31.61 581.85 593.79 3.50 386.40
6755 33.28 714.09 630.63 4.30 383.42
6756 34.74 793.50 626.20 6.00 385.16
6757 35.76 792.61 600.15 6.20 391.95
6758 36.35 738.23 618.96 6.80 391.05
6759 36.49 614.76 567.53 6.00 396.28
6760 36.12 459.26 604.68 5.60 397.12
6761 35.04 241.74 422.38 7.50 401.97
6762 33.54 55.76 168.24 6.20 410.59
6763 32.65 0.00 0.00 6.00 414.60
6764 31.74 0.00 0.00 5.20 412.45
6765 30.83 0.00 0.00 5.20 411.74
6766 29.91 0.00 0.00 4.70 407.20
6767 29.00 0.00 0.00 4.30 403.47
6768 28.09 0.00 0.00 4.90 403.08
6769 27.53 0.00 0.00 4.70 401.95
6770 26.94 0.00 0.00 4.90 400.00
6771 26.35 0.00 0.00 5.80 401.71
6772 26.04 0.00 0.00 5.80 400.79
6773 25.73 0.00 0.00 4.70 400.65
6774 25.52 0.00 0.00 4.10 400.44
6775 26.10 27.30 7.10 4.90 401.80
6776 27.86 187.37 367.08 6.00 404.73
6777 30.08 410.23 580.22 6.50 399.61
6778 32.23 599.10 652.43 6.00 393.67
6779 34.22 756.85 718.10 6.20 393.75
6780 35.86 823.31 692.71 5.60 395.60
6781 37.00 816.71 628.67 7.90 397.10
6782 37.58 722.51 566.60 6.80 398.15
6783 37.61 564.60 423.54 6.20 401.50
6784 37.02 404.06 392.06 5.20 404.79
6785 35.86 219.37 315.46 4.70 409.43
6786 34.35 55.19 141.90 3.90 417.66
6787 33.41 0.00 0.00 1.50 428.34
6788 32.54 0.00 0.00 1.50 423.45
6789 31.64 0.00 0.00 1.30 421.90
6790 30.73 0.00 0.00 1.50 421.01
6791 29.83 0.00 0.00 1.10 419.51
6792 28.93 0.00 0.00 2.10 416.14
6793 28.16 0.00 0.00 1.30 413.39
6794 27.33 0.00 0.00 1.10 413.17
6795 26.50 0.00 0.00 1.30 406.23
6796 26.07 0.00 0.00 1.60 406.05
6797 25.63 0.00 0.00 1.30 405.27
6798 25.33 0.00 0.00 1.50 404.50
6799 25.86 26.63 3.52 1.70 403.63
6800 27.50 183.01 367.93 1.90 408.56
6801 29.50 389.11 516.87 3.20 402.54
6802 31.48 574.08 599.96 3.00 396.68
6803 33.28 726.39 645.51 3.00 396.61
6804 34.79 793.21 643.76 3.00 393.43
6805 35.87 793.80 620.87 2.10 397.50
6806 36.51 740.61 614.01 2.50 400.61
6807 36.59 579.29 487.60 2.30 403.20
6808 36.07 412.32 432.37 3.00 403.60
6809 34.96 219.37 330.14 2.50 409.85
6810 33.48 51.92 135.02 3.00 412.11
6811 32.63 0.00 0.00 2.50 415.84
6812 31.74 0.00 0.00 1.70 409.33
6813 30.86 0.00 0.00 2.70 405.37
6814 29.98 0.00 0.00 4.50 400.17
6815 29.10 0.00 0.00 5.20 397.39
6816 28.21 0.00 0.00 4.70 389.78
6817 27.55 0.00 0.00 5.80 391.25
6818 26.86 0.00 0.00 4.90 390.71
6819 26.17 0.00 0.00 7.10 386.22
6820 25.81 0.00 0.00 6.50 382.48
6821 25.45 0.00 0.00 4.30 384.14
6822 25.20 0.00 0.00 4.70 385.63
6823 25.79 27.87 17.44 5.60 384.44
6824 27.88 216.01 615.64 7.50 389.73
6825 30.30 449.38 792.63 9.70 388.15
6826 32.66 657.31 892.68 11.10 382.07
6827 34.78 808.62 918.77 9.70 384.48
6828 36.56 891.88 925.13 11.10 386.22
6829 37.85 902.61 928.93 8.20 386.79
6830 38.63 839.49 929.51 8.20 388.32
6831 38.87 701.62 903.76 7.90 390.36
6832 38.42 507.23 822.89 7.10 393.19
6833 37.19 273.24 544.19 6.50 394.65
6834 35.43 51.93 110.25 5.60 409.15
6835 34.32 0.00 0.00 4.70 408.67
6836 33.22 0.00 0.00 4.10 404.07
6837 32.21 0.00 0.00 3.40 400.49
6838 31.17 0.00 0.00 3.40 399.78
6839 30.12 0.00 0.00 3.00 393.09
6840 29.07 0.00 0.00 4.90 389.77
6841 28.18 0.00 0.00 4.50 390.25
6842 27.25 0.00 0.00 4.10 388.24
6843 26.32 0.00 0.00 6.80 385.11
6844 25.84 0.00 0.00 4.70 378.42
6845 25.35 0.00 0.00 3.70 375.79
6846 25.02 0.00 0.00 2.50 376.34
6847 25.69 33.73 68.34 2.30 378.34
6848 27.64 225.05 644.05 2.70 379.97
6849 29.97 469.18 846.92 2.70 384.10
6850 32.24 686.35 962.18 3.00 377.46
6851 34.27 846.44 992.33 3.00 381.63
6852 36.00 934.83 1003.03 2.30 382.85
6853 37.25 945.07 1004.72 2.50 381.29
6854 37.99 875.06 996.60 1.90 377.83
6855 38.21 733.86 817.45 1.10 379.53
6856 37.16 366.08 248.14 0.50 394.67
6857 35.63 170.84 96.00 0.50 402.61
6858 33.93 36.76 10.86 0.40 405.71
6859 32.94 0.00 0.00 0.30 409.54
6860 32.06 0.00 0.00 0.20 404.28
6861 31.11 0.00 0.00 0.40 399.73
6862 30.17 0.00 0.00 0.50 396.47
6863 29.23 0.00 0.00 0.10 390.37
6864 28.29 0.00 0.00 0.20 387.03
6865 27.52 0.00 0.00 0.30 386.13
6866 26.70 0.00 0.00 0.20 380.77
6867 25.88 0.00 0.00 0.60 375.01
6868 25.45 0.00 0.00 0.90 373.29
6869 25.02 0.00 0.00 0.90 372.14
6870 24.83 0.00 0.00 1.10 372.88
6871 25.25 26.11 6.13 1.30 374.51
6872 27.29 213.07 493.34 1.20 378.80
6873 29.07 363.98 385.90 1.50 386.42
6874 31.07 567.98 555.81 1.60 381.61
6875 33.23 794.55 829.81 2.30 378.02
6876 35.11 886.84 930.38 2.70 379.00
6877 36.50 902.31 945.18 1.90 378.81
6878 37.44 873.40 999.55 1.30 380.24
6879 37.78 730.47 976.32 2.30 383.51
6880 37.46 525.75 900.48 2.30 389.24
6881 36.30 284.18 722.09 1.90 391.02
6882 34.60 65.57 334.99 1.90 398.44
6883 33.63 0.00 0.00 1.60 404.01
6884 32.73 0.00 0.00 0.60 400.46
6885 31.81 0.00 0.00 0.50 401.36
6886 30.89 0.00 0.00 0.50 398.82
6887 29.97 0.00 0.00 0.20 398.60
6888 29.05 0.00 0.00 0.10 395.38
6889 28.35 0.00 0.00 0.10 391.97
6890 27.63 0.00 0.00 0.00 390.59
6891 26.91 0.00 0.00 0.20 388.09
6892 26.53 0.00 0.00 0.20 386.18
6893 26.15 0.00 0.00 0.30 389.09
6894 25.89 0.00 0.00 0.40 390.58
6895 26.45 26.77 15.34 0.80 389.47
6896 28.52 215.71 640.60 0.70 389.60
6897 30.92 449.67 839.48 1.50 390.91
6898 33.21 655.67 911.61 2.30 384.95
6899 35.37 805.84 935.38 1.90 386.05
6900 37.13 892.19 949.72 1.90 383.03
6901 38.40 896.23 940.90 2.50 384.49
6902 39.11 819.95 912.21 2.30 393.38
6903 39.30 680.66 878.88 3.40 401.64
6904 38.79 484.44 788.47 3.70 405.30
6905 37.55 256.23 508.39 3.40 410.13
6906 35.81 46.09 85.34 3.40 422.85
6907 34.69 0.00 0.00 2.30 425.91
6908 33.57 0.00 0.00 3.40 419.25
6909 32.53 0.00 0.00 3.50 410.38
6910 31.46 0.00 0.00 3.20 406.84
6911 30.40 0.00 0.00 3.50 399.43
6912 29.33 0.00 0.00 2.50 396.89
6913 28.42 0.00 0.00 3.40 394.77
6914 27.43 0.00 0.00 3.90 392.65
6915 26.44 0.00 0.00 4.50 390.98
6916 25.91 0.00 0.00 4.50 384.55
6917 25.38 0.00 0.00 4.50 382.34
6918 25.00 0.00 0.00 4.70 380.82
6919 25.48 25.73 7.90 5.20 381.62
6920 27.24 196.54 508.75 6.50 385.63
6921 29.29 408.88 663.79 7.90 385.61
6922 31.27 593.07 703.33 4.90 381.01
6923 33.00 736.15 727.88 5.20 378.33
6924 34.48 806.24 704.95 4.90 378.91
6925 35.56 822.18 732.41 4.70 379.11
6926 36.24 777.95 777.26 3.70 378.95
6927 36.38 631.49 701.51 4.50 381.84
6928 35.90 449.61 667.22 5.80 386.24
6929 34.78 244.76 544.52 8.60 390.45
6930 33.20 46.53 127.19 8.70 403.55
6931 32.45 0.00 0.00 6.80 404.55
6932 31.66 0.00 0.00 6.20 401.06
6933 30.87 0.00 0.00 7.50 397.53
6934 30.09 0.00 0.00 6.80 393.43
6935 29.30 0.00 0.00 7.10 394.49
6936 28.51 0.00 0.00 7.10 397.61
6937 28.07 0.00 0.00 6.50 394.41
6938 27.65 0.00 0.00 5.60 393.97
6939 27.23 0.00 0.00 8.20 394.38
6940 27.02 0.00 0.00 7.90 391.48
6941 26.82 0.00 0.00 5.80 392.19
6942 26.70 0.00 0.00 6.50 399.35
6943 27.13 20.51 0.00 7.10 396.73
6944 28.62 164.45 243.95 5.60 399.06
6945 29.21 176.65 16.51 5.60 414.83
6946 30.89 446.89 248.10 6.50 400.85
6947 32.31 546.85 224.43 7.10 402.59
6948 33.54 635.63 303.16 6.80 401.45
6949 34.42 614.27 232.88 6.50 402.33
6950 34.98 572.09 280.61 4.90 405.12
6951 34.84 358.43 87.10 5.60 416.35
6952 33.95 142.31 0.00 6.00 425.30
6953 33.03 81.99 0.00 5.60 422.86
6954 32.13 4.41 0.00 4.10 433.67
6955 31.40 0.00 0.00 4.10 430.51
6956 30.68 0.00 0.00 4.30 424.17
6957 29.96 0.00 0.00 2.50 423.84
6958 29.23 0.00 0.00 1.60 413.54
6959 28.51 0.00 0.00 0.90 411.43
6960 27.79 0.00 0.00 1.20 409.87
6961 26.97 0.00 0.00 1.50 410.28
6962 26.09 0.00 0.00 1.90 407.49
6963 25.22 0.00 0.00 2.70 402.21
6964 24.88 0.00 0.00 2.50 401.34
6965 24.35 0.00 0.00 1.30 396.98
6966 23.97 0.00 0.00 1.50 394.28
6967 24.52 24.52 1.64 0.90 394.05
6968 26.12 184.29 453.47 1.10 396.50
6969 28.16 395.30 609.48 1.60 390.77
6970 30.16 582.41 685.19 2.10 382.89
6971 31.96 726.49 716.98 2.10 383.84
6972 33.40 806.77 730.98 2.30 384.81
6973 34.53 818.53 746.21 3.70 383.93
6974 35.18 754.07 739.86 3.90 387.42
6975 35.33 619.84 688.63 3.70 392.50
6976 34.84 431.03 623.10 2.50 394.67
6977 33.69 222.85 429.39 3.20 393.61
6978 32.24 42.21 91.34 3.40 402.54
6979 31.39 0.00 0.00 6.00 403.84
6980 30.54 0.00 0.00 4.10 402.48
6981 29.69 0.00 0.00 4.30 400.04
6982 28.84 0.00 0.00 3.70 396.79
6983 27.99 0.00 0.00 3.20 397.49
6984 27.13 0.00 0.00 3.00 393.07
6985 26.53 0.00 0.00 3.00 389.78
6986 25.90 0.00 0.00 2.10 383.22
6987 25.26 0.00 0.00 1.90 382.40
6988 25.07 0.00 0.00 1.90 381.20
6989 24.68 0.00 0.00 1.20 377.27
6990 24.41 0.00 0.00 0.70 373.39
6991 24.92 21.18 0.00 1.30 370.37
6992 26.55 182.77 388.40 2.10 375.05
6993 28.50 368.78 503.29 2.50 376.86
6994 30.44 545.73 552.40 3.70 369.85
6995 31.87 610.10 375.96 3.70 374.75
6996 33.14 709.77 498.44 4.50 372.38
6997 33.94 653.86 337.45 4.10 374.87
6998 34.41 615.95 366.18 3.90 375.03
6999 34.60 550.54 479.47 4.50 377.86
7000 34.23 389.77 431.70 4.90 381.70
7001 33.35 229.53 451.53 4.90 380.57
7002 32.10 47.34 151.08 5.80 386.66
7003 31.20 0.00 0.00 5.20 387.77
7004 30.30 0.00 0.00 4.10 388.01
7005 29.40 0.00 0.00 2.70 383.33
7006 28.50 0.00 0.00 1.30 381.14
7007 27.61 0.00 0.00 0.40 374.98
7008 26.71 0.00 0.00 0.60 372.61
7009 25.98 0.00 0.00 1.70 373.97
7010 25.21 0.00 0.00 1.20 376.64
7011 24.51 0.00 0.00 2.10 377.86
7012 24.05 0.00 0.00 3.00 379.15
7013 23.58 0.00 0.00 1.70 380.95
7014 23.26 0.00 0.00 0.80 379.77
7015 23.79 22.39 0.00 0.50 376.65
7016 25.36 167.58 351.24 0.70 381.17
7017 27.35 374.39 518.96 0.60 375.07
7018 29.41 572.80 657.68 0.60 370.68
7019 31.25 714.35 698.26 1.70 369.45
7020 32.68 775.64 654.03 0.90 374.68
7021 33.72 788.03 670.85 1.10 378.17
7022 34.38 728.50 680.04 1.30 376.61
7023 34.53 591.16 624.23 3.00 378.51
7024 34.08 421.40 573.99 3.40 381.69
7025 32.99 215.41 410.57 2.70 383.71
7026 31.62 40.11 85.50 1.90 388.11
7027 30.68 0.00 0.00 0.40 390.88
7028 29.74 0.00 0.00 0.30 389.42
7029 28.80 0.00 0.00 0.30 387.41
7030 27.86 0.00 0.00 0.20 385.79
7031 26.92 0.00 0.00 0.40 378.48
7032 25.97 0.00 0.00 1.10 378.16
7033 25.20 0.00 0.00 0.70 374.30
7034 24.44 0.00 0.00 1.60 372.03
7035 23.48 0.00 0.00 2.50 367.67
7036 22.98 0.00 0.00 2.50 363.47
7037 22.48 0.00 0.00 1.90 360.98
7038 22.12 0.00 0.00 2.50 357.75
7039 22.64 22.11 0.00 1.90 360.57
7040 24.50 170.27 390.11 2.10 368.52
7041 26.46 375.66 555.41 2.50 367.77
7042 28.44 553.83 606.71 2.50 366.57
7043 30.25 699.28 644.85 3.00 367.87
7044 31.66 755.95 611.13 3.70 372.87
7045 32.75 788.23 668.04 4.50 376.61
7046 33.41 746.07 735.75 5.60 379.60
7047 33.61 606.10 681.71 7.50 379.19
7048 33.15 422.02 629.07 7.50 384.58
7049 32.11 210.54 407.32 7.50 390.25
7050 30.66 39.14 82.97 6.00 396.64
7051 29.99 0.00 0.00 6.00 400.49
7052 29.33 0.00 0.00 6.80 402.84
7053 28.66 0.00 0.00 7.10 399.59
7054 28.00 0.00 0.00 6.50 401.17
7055 27.34 0.00 0.00 6.80 399.62
7056 26.67 0.00 0.00 6.50 396.59
7057 26.22 0.00 0.00 6.20 392.68
7058 25.77 0.00 0.00 5.20 391.35
7059 25.31 0.00 0.00 5.20 389.02
7060 25.08 0.00 0.00 5.60 388.07
7061 24.98 0.00 0.00 5.20 392.20
7062 24.80 0.00 0.00 5.20 394.87
7063 25.07 16.84 0.00 5.20 399.15
7064 26.30 125.36 88.94 4.10 406.11
7065 28.01 297.56 208.91 4.10 401.99
7066 30.12 517.03 466.30 2.30 393.27
7067 31.93 639.14 506.79 2.30 394.22
7068 33.24 675.37 421.25 2.30 400.45
7069 34.66 794.63 671.89 2.10 394.36
7070 35.61 757.67 788.83 1.60 392.77
7071 35.99 621.45 744.91 2.50 396.67
7072 35.72 430.72 622.95 2.50 404.46
7073 34.71 215.76 420.69 2.50 410.23
7074 33.27 41.07 119.42 2.10 417.98
7075 32.52 0.00 0.00 1.70 421.90
7076 31.74 0.00 0.00 1.30 419.33
7077 30.96 0.00 0.00 0.80 418.11
7078 30.17 0.00 0.00 0.60 410.38
7079 29.39 0.00 0.00 1.50 406.53
7080 28.61 0.00 0.00 1.10 400.46
7081 27.86 0.00 0.00 0.60 396.63
7082 27.08 0.00 0.00 1.20 398.66
7083 26.29 0.00 0.00 2.10 393.57
7084 25.88 0.00 0.00 1.90 395.04
7085 25.46 0.00 0.00 0.70 395.53
7086 25.18 0.00 0.00 0.70 396.13
7087 25.56 19.47 0.00 0.80 400.14
7088 26.95 151.98 265.52 1.20 397.26
7089 28.72 337.09 407.82 2.50 397.10
7090 30.54 512.89 476.03 2.70 394.23
7091 32.27 664.98 586.46 2.70 393.04
7092 33.74 757.95 620.47 3.20 392.15
7093 34.78 742.39 612.23 3.40 396.46
7094 35.42 693.78 598.45 4.30 401.00
7095 35.65 593.61 631.17 5.80 400.09
7096 35.27 408.36 507.96 7.50 402.38
7097 34.23 203.63 315.68 5.60 409.87
7098 32.88 38.82 76.49 6.20 402.82
7099 32.05 0.00 0.00 5.20 411.51
7100 31.22 0.00 0.00 5.60 410.90
7101 30.40 0.00 0.00 4.70 410.32
7102 29.57 0.00 0.00 8.40 408.01
7103 28.74 0.00 0.00 6.50 406.37
7104 27.91 0.00 0.00 6.50 402.75
7105 27.27 0.00 0.00 5.20 401.40
7106 26.60 0.00 0.00 3.90 396.39
7107 25.94 0.00 0.00 4.70 398.14
7108 25.59 0.00 0.00 3.50 397.74
7109 25.24 0.00 0.00 3.50 399.74
7110 25.00 0.00 0.00 3.20 403.42
7111 25.38 18.67 0.00 3.20 399.74
7112 26.69 139.69 129.04 1.70 407.36
7113 28.25 296.27 181.51 3.40 409.49
7114 30.31 530.57 520.58 4.10 403.36
7115 31.72 572.08 308.98 2.70 412.42
7116 33.05 697.01 507.80 4.10 413.12
7117 34.22 737.54 580.05 5.20 410.63
7118 34.98 699.34 623.51 5.20 406.80
7119 35.29 592.80 650.59 3.20 407.87
7120 34.99 407.05 525.86 3.90 407.52
7121 34.00 201.53 329.36 3.50 411.68
7122 32.70 37.16 79.81 3.50 410.59
7123 31.90 0.00 0.00 3.90 413.79
7124 31.11 0.00 0.00 4.30 409.60
7125 30.31 0.00 0.00 3.40 406.37
7126 29.51 0.00 0.00 2.50 405.89
7127 28.71 0.00 0.00 1.90 401.71
7128 27.91 0.00 0.00 1.90 400.32
7129 27.25 0.00 0.00 1.10 398.99
7130 26.56 0.00 0.00 1.70 393.20
7131 25.87 0.00 0.00 1.90 390.72
7132 25.51 0.00 0.00 1.30 387.29
7133 25.15 0.00 0.00 0.90 386.84
7134 25.05 0.00 0.00 1.60 384.13
7135 25.27 18.35 0.00 1.50 386.22
7136 26.69 152.59 294.84 1.10 386.37
7137 28.18 295.49 184.44 0.90 389.09
7138 29.86 472.68 359.63 1.20 382.88
7139 31.70 665.34 584.30 2.50 379.98
7140 33.01 707.10 535.87 3.20 382.82
7141 34.11 733.90 610.96 3.20 381.03
7142 34.76 671.14 576.26 3.20 383.99
7143 34.88 526.63 458.04 2.50 387.79
7144 34.49 375.47 466.59 2.70 390.12
7145 33.45 173.16 282.19 1.30 393.10
7146 32.20 28.06 2.31 3.20 396.42
7147 31.38 0.00 0.00 2.50 399.77
7148 30.57 0.00 0.00 3.00 396.67
7149 29.75 0.00 0.00 4.10 393.37
7150 28.93 0.00 0.00 3.20 389.62
7151 28.11 0.00 0.00 3.20 391.32
7152 27.29 0.00 0.00 2.50 393.29
7153 26.60 0.00 0.00 3.70 392.25
7154 25.88 0.00 0.00 3.50 392.39
7155 25.15 0.00 0.00 4.90 397.61
7156 24.91 0.00 0.00 5.80 396.66
7157 24.47 0.00 0.00 4.50 394.14
7158 24.17 0.00 0.00 3.20 396.50
7159 24.55 16.79 0.00 3.00 398.39
7160 25.66 130.45 154.07 3.40 398.87
7161 27.45 328.95 355.21 3.00 391.93
7162 29.38 526.32 552.43 2.70 385.74
7163 31.14 670.11 628.43 2.50 378.14
7164 32.68 774.30 704.52 2.10 378.64
7165 33.76 773.38 682.13 1.70 378.75
7166 34.35 681.65 613.17 2.50 385.43
7167 34.43 535.17 493.26 1.20 390.50
7168 33.84 345.39 361.65 2.50 393.64
7169 32.83 179.84 299.55 2.70 394.01
7170 31.53 31.38 36.66 1.90 391.13
7171 30.78 0.00 0.00 1.90 395.22
7172 30.02 0.00 0.00 1.50 389.80
7173 29.26 0.00 0.00 1.60 388.15
7174 28.51 0.00 0.00 1.90 389.90
7175 27.75 0.00 0.00 1.10 387.46
7176 26.99 0.00 0.00 1.30 386.78
7177 26.38 0.00 0.00 0.70 382.24
7178 25.74 0.00 0.00 0.70 380.15
7179 25.11 0.00 0.00 0.50 377.45
7180 24.91 0.00 0.00 0.70 377.93
7181 24.53 0.00 0.00 0.50 375.68
7182 24.27 0.00 0.00 0.40 369.87
7183 24.69 17.10 0.00 0.90 373.56
7184 26.20 164.13 385.89 2.10 382.08
7185 28.16 357.30 539.84 1.60 380.34
7186 30.24 557.01 678.76 2.30 377.17
7187 32.06 687.81 689.90 2.10 373.05
7188 33.46 748.80 609.08 1.20 376.57
7189 34.78 821.71 811.14 2.50 371.66
7190 35.64 780.96 896.55 2.70 371.77
7191 35.94 640.70 873.77 2.70 369.49
7192 35.58 443.37 756.47 3.20 374.57
7193 34.46 218.45 547.60 4.10 381.86
7194 32.98 37.65 119.81 3.50 380.28
7195 32.06 0.00 0.00 2.70 385.93
7196 31.14 0.00 0.00 2.30 383.56
7197 30.23 0.00 0.00 2.50 385.17
7198 29.31 0.00 0.00 2.10 386.99
7199 28.39 0.00 0.00 2.10 388.93
7200 27.47 0.00 0.00 3.70 389.24
7201 26.65 0.00 0.00 4.70 381.48
7202 25.77 0.00 0.00 4.30 383.12
7203 25.04 0.00 0.00 3.90 380.46
7204 24.50 0.00 0.00 3.40 382.20
7205 23.97 0.00 0.00 1.70 378.01
7206 23.59 0.00 0.00 3.70 375.41
7207 23.97 17.37 0.00 4.10 376.38
7208 25.52 166.84 462.75 3.50 377.08
7209 27.47 373.96 630.05 3.40 372.06
7210 29.44 564.32 732.34 1.90 367.70
7211 31.20 704.80 761.76 2.70 372.72
7212 32.67 792.43 810.16 4.70 377.08
7213 33.69 791.96 788.54 4.70 374.83
7214 34.30 723.58 769.64 5.20 377.97
7215 34.45 599.32 769.49 3.40 376.79
7216 33.98 416.46 696.19 3.40 380.61
7217 32.90 201.37 507.62 3.90 383.28
7218 31.47 29.46 27.29 1.70 383.42
7219 30.65 0.00 0.00 1.20 388.48
7220 29.83 0.00 0.00 1.70 385.81
7221 29.01 0.00 0.00 1.20 379.16
7222 28.19 0.00 0.00 0.70 379.41
7223 27.37 0.00 0.00 0.70 378.22
7224 26.55 0.00 0.00 1.30 377.16
7225 25.96 0.00 0.00 0.90 380.29
7226 25.33 0.00 0.00 0.70 379.43
7227 24.81 0.00 0.00 1.30 381.63
7228 24.41 0.00 0.00 1.30 377.64
7229 24.01 0.00 0.00 0.70 375.27
7230 23.73 0.00 0.00 1.30 373.46
7231 24.07 15.78 0.00 1.10 372.76
7232 25.74 176.83 434.93 1.10 376.84
7233 27.42 336.63 450.27 1.10 380.91
7234 29.08 494.59 434.25 0.90 376.45
7235 31.20 758.88 809.05 1.20 369.59
7236 32.58 754.75 623.91 2.10 377.60
7237 32.94 556.02 231.41 2.30 386.50
7238 32.92 453.39 123.78 0.90 388.50
7239 32.61 378.03 129.57 2.70 391.41
7240 32.12 317.20 237.05 3.00 389.71
7241 31.38 216.65 460.88 3.70 375.21
7242 30.21 35.57 81.80 2.70 376.08
7243 29.64 0.00 0.00 3.00 381.51
7244 29.06 0.00 0.00 1.60 379.55
7245 28.49 0.00 0.00 2.30 378.18
7246 27.92 0.00 0.00 2.10 385.04
7247 27.34 0.00 0.00 2.50 382.21
7248 26.77 0.00 0.00 1.70 380.15
7249 26.48 0.00 0.00 1.60 380.23
7250 26.19 0.00 0.00 1.70 383.48
7251 25.91 0.00 0.00 2.30 387.42
7252 25.77 0.00 0.00 2.70 391.55
7253 25.63 0.00 0.00 1.60 395.13
7254 25.53 0.00 0.00 0.90 392.31
7255 25.44 7.10 0.00 1.50 390.62
7256 26.58 57.82 0.00 3.40 395.01
7257 27.69 169.79 14.99 4.90 388.20
7258 29.66 413.63 256.36 5.80 380.47
7259 30.52 388.10 78.71 6.20 387.83
7260 31.40 478.85 134.64 4.90 385.22
7261 32.66 683.52 495.21 7.10 377.30
7262 33.06 524.20 237.44 8.40 386.63
7263 33.58 585.35 608.12 8.90 375.97
7264 33.04 273.13 153.94 8.90 392.84
7265 32.29 159.51 238.93 9.30 395.82
7266 31.22 21.58 0.00 10.30 394.83
7267 30.71 0.00 0.00 9.30 397.15
7268 30.20 0.00 0.00 7.90 398.62
7269 29.69 0.00 0.00 7.50 401.17
7270 29.18 0.00 0.00 6.00 401.19
7271 28.67 0.00 0.00 5.60 402.68
7272 28.16 0.00 0.00 5.20 398.53
7273 27.63 0.00 0.00 4.30 399.14
7274 27.08 0.00 0.00 3.70 398.02
7275 26.53 0.00 0.00 4.90 396.16
7276 26.24 0.00 0.00 7.10 391.52
7277 25.95 0.00 0.00 5.20 386.47
7278 25.75 0.00 0.00 5.20 385.76
7279 25.55 15.10 0.00 5.20 391.64
7280 28.32 147.99 340.98 5.80 402.66
7281 30.14 343.40 523.16 4.50 402.15
7282 31.96 538.26 656.71 3.90 400.50
7283 33.55 689.34 744.57 4.50 394.62
7284 34.85 763.74 749.54 4.30 395.35
7285 35.72 765.89 737.55 5.20 393.44
7286 36.10 688.13 668.82 4.90 393.66
7287 36.03 550.27 634.44 4.70 398.31
7288 35.27 367.40 506.95 4.50 403.95
7289 34.01 173.88 363.23 3.20 410.10
7290 32.59 26.05 6.94 3.70 406.85
7291 31.71 0.00 0.00 3.50 412.65
7292 30.83 0.00 0.00 1.90 412.07
7293 29.96 0.00 0.00 1.90 409.30
7294 29.08 0.00 0.00 0.90 402.63
7295 28.20 0.00 0.00 0.30 399.92
7296 27.32 0.00 0.00 0.50 390.71
7297 27.12 0.00 0.00 0.70 361.88
7298 26.28 0.00 0.00 0.50 363.41
7299 25.59 0.00 0.00 0.70 359.62
7300 25.06 0.00 0.00 0.50 354.38
7301 24.54 0.00 0.00 0.20 351.85
7302 24.16 0.00 0.00 0.20 355.21
7303 23.79 14.41 0.00 0.10 350.91
7304 26.86 149.99 368.54 0.30 352.35
7305 28.84 352.07 579.48 0.30 349.46
7306 30.63 526.34 628.03 0.70 350.98
7307 32.23 672.95 699.41 0.70 349.91
7308 33.45 741.78 687.76 1.10 351.96
7309 34.22 743.32 675.03 0.60 355.49
7310 34.57 669.33 625.49 0.70 356.98
7311 34.47 543.55 621.52 0.50 358.89
7312 33.62 356.60 454.18 0.50 366.29
7313 32.36 168.43 340.71 0.30 371.76
7314 30.83 25.34 3.68 0.30 371.75
7315 30.01 0.00 0.00 0.40 373.28
7316 29.19 0.00 0.00 0.30 372.83
7317 28.37 0.00 0.00 0.20 367.90
7318 27.55 0.00 0.00 0.10 369.01
7319 26.73 0.00 0.00 0.40 367.71
7320 25.92 0.00 0.00 0.50 367.67
7321 25.52 0.00 0.00 0.30 369.23
7322 24.89 0.00 0.00 0.00 366.58
7323 24.26 0.00 0.00 0.20 365.98
7324 23.93 0.00 0.00 0.30 360.99
7325 23.60 0.00 0.00 0.20 361.41
7326 23.37 0.00 0.00 0.10 361.31
7327 23.15 13.82 0.00 0.10 360.46
7328 26.42 145.74 333.94 0.10 368.70
7329 28.62 354.87 565.86 0.20 366.75
7330 30.73 550.16 708.21 0.30 361.99
7331 32.44 675.51 703.53 0.70 358.35
7332 33.83 773.48 791.15 0.80 361.56
7333 34.72 743.64 671.97 1.10 363.82
7334 35.05 649.51 596.26 1.00 365.60
7335 34.94 536.75 591.88 1.00 364.29
7336 34.12 363.72 515.01 1.00 366.92
7337 32.80 168.14 357.06 1.00 374.51
7338 31.24 24.39 0.00 1.00 374.61
7339 30.22 0.00 0.00 0.70 381.47
7340 29.21 0.00 0.00 0.40 380.04
7341 28.19 0.00 0.00 0.90 376.44
7342 27.18 0.00 0.00 0.90 368.57
7343 26.17 0.00 0.00 0.60 364.43
7344 25.25 0.00 0.00 0.80 365.39
7345 24.16 0.00 0.00 0.90 363.92
7346 22.95 0.00 0.00 1.40 359.72
7347 21.73 0.00 0.00 1.40 355.39
7348 21.05 0.00 0.00 2.60 357.74
7349 20.38 0.00 0.00 1.90 356.54
7350 19.89 0.00 0.00 1.40 356.84
7351 19.39 12.41 0.00 1.50 358.90
7352 22.37 143.47 287.28 1.10 370.82
7353 24.39 343.08 513.07 1.40 367.55
7354 26.11 533.79 656.96 1.40 366.78
7355 27.51 665.50 648.53 1.30 357.89
7356 28.25 651.85 445.99 1.30 365.53
7357 28.73 657.27 467.49 2.10 366.10
7358 29.07 668.77 587.97 2.50 364.68
7359 28.66 449.38 294.43 3.79 375.87
7360 27.76 291.05 157.79 5.19 378.18
7361 26.53 136.88 122.50 5.19 386.81
7362 25.27 20.69 0.00 6.49 386.88
7363 24.87 0.00 0.00 4.59 392.82
7364 24.47 0.00 0.00 3.79 393.38
7365 24.07 0.00 0.00 3.79 392.19
7366 23.67 0.00 0.00 3.79 394.66
7367 23.27 0.00 0.00 4.79 394.04
7368 22.87 0.00 0.00 3.10 395.08
7369 23.04 0.00 0.00 2.10 404.57
7370 23.30 0.00 0.00 2.70 409.90
7371 23.55 0.00 0.00 3.99 412.31
7372 23.72 0.00 0.00 4.29 413.96
7373 23.89 0.00 0.00 4.29 412.19
7374 24.03 0.00 0.00 4.29 412.28
7375 24.17 8.13 0.00 4.29 410.45
7376 25.93 65.36 0.00 4.59 414.47
7377 28.77 287.83 265.28 3.79 396.84
7378 29.29 231.00 28.44 3.50 412.26
7379 31.01 458.58 182.02 5.19 402.66
7380 33.39 725.22 602.17 6.99 389.41
7381 34.88 691.95 548.84 7.29 396.12
7382 36.01 690.46 690.19 6.99 392.58
7383 36.44 557.46 661.83 7.59 393.18
7384 36.07 374.20 530.99 7.29 395.03
7385 34.91 174.03 322.50 5.89 401.15
7386 33.42 24.65 7.50 3.99 398.88
7387 32.73 0.00 0.00 3.50 407.14
7388 32.03 0.00 0.00 3.79 404.92
7389 31.33 0.00 0.00 4.59 402.21
7390 30.63 0.00 0.00 3.30 399.52
7391 29.93 0.00 0.00 4.29 397.43
7392 29.23 0.00 0.00 3.30 396.46
7393 28.22 0.00 0.00 2.60 396.31
7394 27.11 0.00 0.00 2.60 393.71
7395 26.00 0.00 0.00 3.79 390.98
7396 25.54 0.00 0.00 2.70 389.32
7397 24.84 0.00 0.00 2.50 387.48
7398 24.34 0.00 0.00 2.70 386.07
7399 23.83 10.89 0.00 2.10 385.98
7400 25.85 107.84 121.38 2.50 392.69
7401 27.53 299.69 336.99 3.79 384.91
7402 29.17 483.46 490.34 4.29 382.67
7403 30.70 645.14 638.92 3.79 375.64
7404 31.76 695.93 585.11 5.89 375.29
7405 32.49 711.93 627.66 5.89 373.88
7406 32.70 606.51 475.88 4.79 381.26
7407 32.41 456.89 342.37 4.99 387.79
7408 31.75 339.89 427.00 2.90 385.14
7409 30.59 143.91 191.05 2.90 393.24
7410 29.26 19.56 0.00 4.59 392.40
7411 28.50 0.00 0.00 5.19 393.18
7412 27.75 0.00 0.00 4.59 392.40
7413 26.99 0.00 0.00 4.99 391.29
7414 26.23 0.00 0.00 4.29 387.12
7415 25.62 0.00 0.00 3.99 390.98
7416 24.74 0.00 0.00 3.30 389.18
7417 24.32 0.00 0.00 3.79 388.30
7418 23.87 0.00 0.00 1.90 391.59
7419 23.42 0.00 0.00 1.50 392.74
7420 23.17 0.00 0.00 2.30 392.60
7421 22.92 0.00 0.00 1.10 390.92
7422 22.74 0.00 0.00 2.30 391.30
7423 22.57 9.21 0.00 2.50 393.13
7424 24.47 73.61 4.50 1.20 401.64
7425 26.05 215.61 90.95 1.70 396.81
7426 27.79 379.34 176.77 2.10 393.50
7427 29.86 592.75 464.23 1.50 382.16
7428 30.96 566.58 269.75 1.90 387.28
7429 31.99 646.23 420.70 1.40 383.64
7430 32.14 468.28 187.05 2.50 393.76
7431 32.37 516.26 525.33 2.90 389.26
7432 32.20 399.27 668.97 4.29 385.02
7433 31.23 185.20 445.89 2.90 391.42
7434 29.87 25.58 25.43 2.30 385.90
7435 29.33 0.00 0.00 1.70 387.35
7436 28.80 0.00 0.00 1.30 385.02
7437 28.27 0.00 0.00 1.70 384.65
7438 27.73 0.00 0.00 2.50 383.06
7439 27.20 0.00 0.00 2.90 383.95
7440 26.67 0.00 0.00 3.79 384.08
7441 26.28 0.00 0.00 3.30 384.57
7442 25.86 0.00 0.00 3.30 386.00
7443 25.58 0.00 0.00 6.19 387.82
7444 25.32 0.00 0.00 4.99 385.54
7445 25.06 0.00 0.00 4.29 388.28
7446 24.87 0.00 0.00 3.50 391.64
7447 24.68 9.28 0.00 3.10 389.72
7448 27.68 137.86 286.40 2.70 400.20
7449 29.15 274.30 262.97 2.60 403.89
7450 30.41 380.48 145.25 3.50 406.36
7451 31.51 470.33 187.30 3.79 402.07
7452 32.09 452.87 114.35 3.50 411.34
7453 32.78 540.77 235.67 4.59 408.90
7454 33.73 699.41 725.23 3.50 392.89
7455 33.99 524.05 594.30 3.79 396.86
7456 33.62 358.14 548.48 3.99 395.47
7457 32.64 164.02 339.93 3.30 399.23
7458 31.32 22.83 0.00 3.50 401.03
7459 30.72 0.00 0.00 4.59 408.22
7460 30.12 0.00 0.00 4.59 406.09
7461 29.51 0.00 0.00 4.29 405.51
7462 28.91 0.00 0.00 5.89 404.07
7463 28.31 0.00 0.00 5.19 402.19
7464 27.71 0.00 0.00 4.29 400.41
7465 27.25 0.00 0.00 3.50 398.25
7466 26.73 0.00 0.00 3.99 397.60
7467 26.22 0.00 0.00 4.29 399.23
7468 25.94 0.00 0.00 5.19 402.07
7469 25.66 0.00 0.00 3.10 403.33
7470 25.60 0.00 0.00 2.90 400.76
7471 25.36 9.20 0.00 3.99 404.96
7472 28.11 125.30 308.01 3.10 410.53
7473 29.86 279.49 316.28 1.50 408.38
7474 31.74 451.50 412.78 2.10 405.92
7475 33.53 602.51 542.25 1.30 395.44
7476 35.07 700.62 643.02 1.40 393.03
7477 36.01 674.77 541.43 2.70 395.06
7478 36.26 559.51 364.59 3.10 399.96
7479 36.25 498.66 515.52 4.59 398.88
7480 35.57 351.86 466.97 5.19 402.48
7481 34.10 129.90 146.24 3.30 413.03
7482 32.56 17.97 0.00 3.79 408.97
7483 31.57 0.00 0.00 4.29 412.83
7484 30.57 0.00 0.00 4.59 409.63
7485 29.58 0.00 0.00 3.99 404.61
7486 28.59 0.00 0.00 3.99 399.20
7487 27.59 0.00 0.00 4.29 399.80
7488 26.60 0.00 0.00 3.30 392.57
7489 25.82 0.00 0.00 3.30 391.63
7490 25.05 0.00 0.00 2.90 394.04
7491 24.07 0.00 0.00 2.10 388.02
7492 23.55 0.00 0.00 1.50 387.20
7493 23.03 0.00 0.00 1.30 381.29
7494 22.65 0.00 0.00 1.50 378.99
7495 22.28 9.38 0.00 1.50 380.28
7496 24.86 114.55 239.03 3.10 386.18
7497 26.65 305.34 437.96 3.50 379.49
7498 28.11 438.76 382.35 5.19 381.37
7499 29.64 605.98 563.13 5.89 371.88
7500 30.84 683.38 590.29 6.79 371.38
7501 31.61 678.93 579.93 6.19 371.69
7502 32.09 662.37 652.50 3.99 368.40
7503 32.05 507.73 569.70 4.59 368.64
7504 31.43 351.90 520.91 5.89 370.54
7505 30.19 134.60 174.62 5.69 383.91
7506 28.81 19.05 0.00 4.29 378.08
7507 28.01 0.00 0.00 4.79 383.49
7508 27.21 0.00 0.00 3.10 381.51
7509 26.41 0.00 0.00 2.50 380.66
7510 25.62 0.00 0.00 2.30 376.15
7511 24.86 0.00 0.00 1.70 372.47
7512 23.93 0.00 0.00 2.10 373.64
7513 23.32 0.00 0.00 2.90 373.20
7514 22.66 0.00 0.00 3.50 373.35
7515 21.99 0.00 0.00 3.50 369.86
7516 21.64 0.00 0.00 2.90 365.65
7517 21.29 0.00 0.00 2.70 363.85
7518 21.04 0.00 0.00 3.30 361.76
7519 20.79 8.14 0.00 2.90 362.07
7520 23.61 118.50 279.71 3.50 368.60
7521 25.58 298.67 419.30 3.50 365.31
7522 27.61 505.57 621.68 4.29 358.93
7523 29.38 655.03 694.98 4.29 348.49
7524 30.51 675.44 573.77 3.30 352.94
7525 31.16 649.30 508.63 3.10 359.01
7526 31.48 605.68 527.71 4.59 356.16
7527 31.42 494.71 520.65 3.79 360.07
7528 30.63 310.71 353.66 4.29 364.37
7529 29.38 136.95 238.05 3.50 368.57
7530 27.97 19.03 0.00 2.70 370.12
7531 27.30 0.00 0.00 1.90 378.46
7532 26.63 0.00 0.00 1.40 377.08
7533 25.95 0.00 0.00 0.70 373.95
7534 25.40 0.00 0.00 0.60 376.83
7535 24.62 0.00 0.00 0.70 377.74
7536 23.83 0.00 0.00 1.10 378.57
7537 23.24 0.00 0.00 1.30 376.73
7538 22.62 0.00 0.00 1.70 376.07
7539 22.00 0.00 0.00 2.50 369.71
7540 21.68 0.00 0.00 2.50 369.87
7541 21.35 0.00 0.00 1.30 369.22
7542 21.12 0.00 0.00 1.50 366.87
7543 20.89 8.23 0.00 1.50 371.16
7544 23.68 114.50 266.61 1.30 376.12
7545 25.74 299.71 436.30 1.90 372.06
7546 27.64 479.96 557.17 2.10 374.06
7547 29.40 634.62 639.09 2.90 368.33
7548 30.50 648.48 513.13 2.50 371.50
7549 31.35 684.87 591.08 3.30 372.15
7550 31.94 679.24 729.81 3.79 369.54
7551 31.91 505.13 560.34 3.79 374.12
7552 31.21 339.09 500.42 3.30 378.05
7553 29.98 152.83 352.02 2.30 381.91
7554 28.53 18.77 0.00 2.50 378.40
7555 27.75 0.00 0.00 2.10 384.87
7556 26.97 0.00 0.00 1.50 385.41
7557 26.19 0.00 0.00 2.10 383.15
7558 25.56 0.00 0.00 1.70 378.09
7559 24.65 0.00 0.00 2.70 376.83
7560 23.75 0.00 0.00 5.19 372.67
7561 22.98 0.00 0.00 4.29 374.20
7562 22.14 0.00 0.00 3.99 372.56
7563 21.30 0.00 0.00 3.30 370.04
7564 20.84 0.00 0.00 3.79 365.86
7565 20.38 0.00 0.00 3.50 365.43
7566 20.05 0.00 0.00 2.90 364.83
7567 19.72 7.54 0.00 3.10 362.34
7568 22.49 118.81 254.30 4.79 364.75
7569 24.38 283.03 386.46 4.79 366.24
7570 25.97 439.02 425.92 4.79 359.99
7571 27.48 586.36 531.12 3.10 351.77
7572 28.78 689.64 604.82 2.90 351.67
7573 29.54 661.53 560.78 4.29 361.80
7574 29.97 631.59 640.00 4.29 362.08
7575 30.03 534.00 657.30 5.69 358.52
7576 29.42 353.97 523.86 6.19 365.59
7577 28.23 155.19 310.80 5.19 373.90
7578 26.81 17.51 0.00 5.19 378.53
7579 26.21 0.00 0.00 4.79 385.02
7580 25.61 0.00 0.00 6.19 381.09
7581 25.09 0.00 0.00 5.49 379.10
7582 24.39 0.00 0.00 5.49 379.18
7583 23.70 0.00 0.00 5.49 376.54
7584 23.01 0.00 0.00 5.89 375.68
7585 22.63 0.00 0.00 3.99 377.50
7586 22.25 0.00 0.00 5.49 376.20
7587 21.87 0.00 0.00 6.19 372.63
7588 21.68 0.00 0.00 6.49 371.54
7589 21.49 0.00 0.00 4.59 369.10
7590 21.36 0.00 0.00 3.50 370.73
7591 21.23 6.26 0.00 3.10 373.79
7592 23.79 101.48 111.01 2.90 380.25
7593 25.65 248.39 172.35 2.70 374.10
7594 26.66 336.31 132.42 3.79 380.41
7595 28.27 523.97 332.03 4.99 375.46
7596 29.71 634.39 507.11 4.79 371.74
7597 30.68 636.77 483.50 5.49 372.64
7598 31.17 574.02 432.99 5.89 381.41
7599 30.96 389.62 220.75 6.79 388.51
7600 30.45 306.59 359.63 6.49 385.00
7601 29.46 149.94 271.59 5.69 384.84
7602 28.21 18.26 0.00 6.19 382.37
7603 27.54 0.00 0.00 5.19 387.14
7604 26.87 0.00 0.00 3.79 386.58
7605 26.20 0.00 0.00 3.10 387.86
7606 25.69 0.00 0.00 1.70 385.95
7607 24.91 0.00 0.00 1.90 384.70
7608 24.13 0.00 0.00 1.40 382.09
7609 23.36 0.00 0.00 1.30 377.71
7610 22.51 0.00 0.00 0.70 375.23
7611 21.67 0.00 0.00 1.10 374.25
7612 21.21 0.00 0.00 1.00 370.57
7613 20.75 0.00 0.00 1.10 372.08
7614 20.43 0.00 0.00 1.00 372.26
7615 20.10 6.74 0.00 1.10 372.51
7616 22.77 114.19 306.64 1.30 380.77
7617 24.91 298.38 486.36 2.10 378.49
7618 26.72 485.85 648.03 2.50 375.01
7619 28.37 630.99 696.57 2.50 373.50
7620 29.58 690.74 658.17 1.90 374.88
7621 30.31 673.21 586.73 2.10 373.54
7622 30.80 667.45 757.94 1.90 375.16
7623 30.83 541.96 728.84 1.40 376.69
7624 30.18 361.11 595.91 2.50 378.77
7625 28.95 162.51 373.54 2.10 383.17
7626 27.48 19.49 0.00 2.60 382.54
7627 26.79 0.00 0.00 1.50 384.95
7628 26.10 0.00 0.00 2.50 383.17
7629 25.54 0.00 0.00 2.50 382.83
7630 24.74 0.00 0.00 2.50 380.98
7631 23.93 0.00 0.00 2.10 377.18
7632 23.13 0.00 0.00 3.10 381.54
7633 22.61 0.00 0.00 2.70 380.21
7634 22.07 0.00 0.00 2.10 377.06
7635 21.52 0.00 0.00 3.10 371.93
7636 21.23 0.00 0.00 3.10 370.22
7637 20.95 0.00 0.00 3.79 366.88
7638 20.74 0.00 0.00 4.59 363.59
7639 20.54 5.73 0.00 2.90 361.92
7640 23.23 108.61 247.98 2.10 368.23
7641 25.32 277.35 373.22 1.90 367.91
7642 26.90 431.82 406.79 1.70 368.25
7643 28.42 559.28 465.65 3.10 364.24
7644 29.57 616.57 451.38 3.30 369.15
7645 30.34 618.99 450.40 2.70 370.84
7646 30.82 599.45 566.66 3.79 369.24
7647 30.92 507.89 599.45 3.10 369.79
7648 30.42 347.72 524.03 3.50 372.96
7649 29.30 154.32 308.94 2.90 375.17
7650 27.92 17.61 0.00 2.50 374.50
7651 27.21 0.00 0.00 2.60 378.57
7652 26.51 0.00 0.00 2.30 379.31
7653 25.80 0.00 0.00 2.50 374.78
7654 25.18 0.00 0.00 1.70 373.37
7655 24.36 0.00 0.00 1.50 372.34
7656 23.54 0.00 0.00 1.30 372.45
7657 22.86 0.00 0.00 1.10 372.29
7658 22.14 0.00 0.00 1.70 369.06
7659 21.41 0.00 0.00 1.10 366.41
7660 21.03 0.00 0.00 1.10 362.91
7661 20.65 0.00 0.00 0.70 362.75
7662 20.39 0.00 0.00 0.70 363.78
7663 20.12 6.54 0.00 1.90 366.30
7664 22.81 121.49 333.92 1.40 372.85
7665 25.01 319.99 586.63 2.30 363.01
7666 26.58 479.96 625.29 2.60 370.12
7667 28.25 658.55 817.83 3.10 361.29
7668 29.55 739.68 865.54 4.59 361.83
7669 30.44 748.05 768.87 4.79 368.79
7670 30.16 459.70 210.18 3.50 385.54
7671 30.32 550.41 554.10 3.79 369.85
7672 29.04 168.76 25.43 3.79 395.94
7673 27.62 51.80 0.00 3.30 405.45
7674 26.35 15.69 0.00 4.59 402.91
7675 25.82 0.00 0.00 2.70 405.10
7676 25.40 0.00 0.00 2.70 401.56
7677 24.78 0.00 0.00 3.10 396.93
7678 24.16 0.00 0.00 4.29 391.13
7679 23.55 0.00 0.00 4.59 384.39
7680 22.93 0.00 0.00 5.49 380.28
7681 22.47 0.00 0.00 4.79 376.14
7682 22.00 0.00 0.00 3.30 369.82
7683 21.53 0.00 0.00 4.59 366.90
7684 21.29 0.00 0.00 4.29 366.71
7685 21.04 0.00 0.00 4.79 368.30
7686 20.88 0.00 0.00 3.79 366.92
7687 20.71 4.95 0.00 3.10 364.45
7688 23.34 106.17 210.11 3.30 366.81
7689 25.46 277.71 398.02 3.99 365.67
7690 27.07 437.85 454.91 4.29 364.67
7691 28.87 613.01 636.30 4.59 360.45
7692 30.15 659.82 600.60 5.19 361.96
7693 31.01 663.04 605.93 4.59 357.76
7694 31.32 565.84 438.52 2.90 361.69
7695 31.33 482.09 536.31 1.90 358.86
7696 30.65 310.88 370.98 1.70 370.47
7697 29.40 118.67 140.68 2.30 377.03
7698 28.04 15.37 0.00 2.10 374.99
7699 27.34 0.00 0.00 1.30 379.75
7700 26.63 0.00 0.00 1.30 377.78
7701 25.92 0.00 0.00 1.20 376.10
7702 25.32 0.00 0.00 0.40 377.33
7703 24.50 0.00 0.00 0.90 377.96
7704 23.68 0.00 0.00 0.80 374.93
7705 22.92 0.00 0.00 0.50 372.08
7706 22.10 0.00 0.00 0.50 370.45
7707 21.28 0.00 0.00 0.40 367.14
7708 20.84 0.00 0.00 0.70 365.59
7709 20.40 0.00 0.00 1.00 364.38
7710 20.09 0.00 0.00 0.70 360.97
7711 19.77 5.24 0.00 0.80 359.98
7712 22.30 108.26 298.66 1.30 363.39
7713 24.50 297.08 537.02 2.60 363.42
7714 26.19 455.35 558.29 1.70 366.86
7715 27.73 596.96 650.41 1.90 358.92
7716 28.98 680.62 635.92 2.10 359.16
7717 29.64 634.72 515.73 2.10 367.22
7718 30.01 608.66 621.02 2.30 364.38
7719 30.03 511.32 665.41 2.90 363.88
7720 29.46 352.51 627.26 3.30 368.38
7721 28.31 159.60 464.12 3.30 376.10
7722 26.91 16.09 0.00 2.90 377.34
7723 26.15 0.00 0.00 2.10 378.31
7724 25.53 0.00 0.00 2.10 376.97
7725 24.65 0.00 0.00 2.70 373.48
7726 23.78 0.00 0.00 3.30 373.21
7727 22.90 0.00 0.00 2.50 370.92
7728 22.02 0.00 0.00 2.50 368.02
7729 21.40 0.00 0.00 1.70 363.36
7730 20.75 0.00 0.00 1.50 362.86
7731 20.09 0.00 0.00 1.90 362.38
7732 19.74 0.00 0.00 1.50 364.13
7733 19.39 0.00 0.00 1.00 364.63
7734 19.15 0.00 0.00 0.60 364.86
7735 18.90 4.74 0.00 1.00 364.43
7736 21.68 115.07 395.01 1.40 374.33
7737 24.08 314.51 644.66 2.30 369.78
7738 26.13 502.06 762.25 2.50 368.47
7739 27.88 648.24 839.90 2.30 361.20
7740 29.19 714.81 815.71 1.70 358.60
7741 30.04 712.33 779.25 1.30 359.14
7742 30.48 656.45 787.39 2.10 357.50
7743 30.46 530.57 740.34 1.90 356.74
7744 29.71 345.84 596.16 1.90 359.83
7745 28.41 152.08 420.98 2.10 366.80
7746 26.90 15.39 0.00 2.50 370.71
7747 26.20 0.00 0.00 1.90 372.26
7748 25.64 0.00 0.00 3.10 368.49
7749 24.83 0.00 0.00 3.30 363.99
7750 24.01 0.00 0.00 3.50 363.06
7751 23.19 0.00 0.00 3.79 361.64
7752 22.37 0.00 0.00 3.79 359.86
7753 21.74 0.00 0.00 2.30 362.79
7754 21.06 0.00 0.00 3.30 361.59
7755 20.38 0.00 0.00 4.99 361.08
7756 20.02 0.00 0.00 4.29 363.43
7757 19.66 0.00 0.00 2.50 359.90
7758 19.41 0.00 0.00 2.50 358.63
7759 19.15 4.12 0.00 1.90 356.98
7760 21.75 109.44 343.33 1.90 359.85
7761 24.02 301.58 580.12 1.30 357.08
7762 25.91 473.19 661.75 1.70 356.21
7763 27.53 615.42 713.73 3.10 350.56
7764 28.71 667.57 646.64 2.30 356.46
7765 29.44 652.94 602.24 1.40 358.15
7766 29.82 610.55 626.44 3.30 356.47
7767 29.77 486.81 587.18 2.30 363.13
7768 29.06 317.46 454.31 2.60 367.29
7769 27.83 131.22 272.00 2.50 379.03
7770 26.44 14.35 0.00 1.90 373.41
7771 25.71 0.00 0.00 1.90 375.29
7772 25.04 0.00 0.00 1.70 375.20
7773 24.18 0.00 0.00 1.40 374.21
7774 23.32 0.00 0.00 2.10 371.48
7775 22.47 0.00 0.00 2.10 367.27
7776 21.61 0.00 0.00 1.10 362.73
7777 20.93 0.00 0.00 1.00 356.91
7778 20.20 0.00 0.00 1.20 358.59
7779 19.47 0.00 0.00 2.30 355.47
7780 19.09 0.00 0.00 3.79 353.82
7781 18.70 0.00 0.00 2.90 356.74
7782 18.43 0.00 0.00 3.30 359.13
7783 18.16 3.97 0.00 2.90 360.23
7784 20.77 110.10 385.54 2.10 367.65
7785 23.03 301.34 598.83 2.30 365.62
7786 25.31 494.69 758.08 3.30 361.33
7787 26.97 650.12 869.89 5.19 351.05
7788 28.33 725.33 873.77 3.79 351.06
7789 29.25 733.95 874.80 3.79 352.96
7790 29.65 649.01 760.62 5.69 356.72
7791 29.57 513.96 689.81 4.99 359.56
7792 28.84 345.64 612.56 7.09 362.59
7793 27.54 147.05 400.33 7.69 373.85
7794 26.06 14.80 0.00 9.69 369.37
7795 25.44 0.00 0.00 8.49 374.31
7796 24.58 0.00 0.00 8.89 374.02
7797 23.72 0.00 0.00 9.39 373.23
7798 22.85 0.00 0.00 10.39 366.77
7799 21.99 0.00 0.00 9.99 364.05
7800 21.13 0.00 0.00 8.49 361.02
7801 20.46 0.00 0.00 11.78 360.65
7802 19.75 0.00 0.00 13.08 359.76
7803 19.05 0.00 0.00 10.89 356.14
7804 18.68 0.00 0.00 10.89 355.15
7805 18.32 0.00 0.00 7.89 352.59
7806 18.07 0.00 0.00 6.49 351.23
7807 17.81 4.24 0.00 7.89 352.90
7808 20.32 111.26 359.27 7.89 354.92
7809 22.55 309.51 625.24 8.89 349.60
7810 24.75 503.77 781.20 7.69 354.18
7811 26.38 651.79 867.92 8.89 346.39
7812 27.70 734.85 909.16 9.99 343.17
7813 28.59 744.99 751.74 8.19 341.76
7814 27.64 313.57 100.35 9.39 365.23
7815 27.57 471.37 433.23 9.39 347.14
7816 27.12 365.28 619.42 8.19 346.02
7817 25.96 126.10 192.77 8.19 360.13
7818 24.68 13.14 0.00 7.29 357.34
7819 24.00 0.00 0.00 7.69 358.67
7820 23.32 0.00 0.00 5.89 355.74
7821 22.64 0.00 0.00 6.19 352.52
7822 21.96 0.00 0.00 7.59 345.59
7823 21.28 0.00 0.00 6.19 343.76
7824 20.60 0.00 0.00 5.89 342.73
7825 20.05 0.00 0.00 5.19 346.26
7826 19.43 0.00 0.00 5.19 342.60
7827 18.82 0.00 0.00 6.19 340.11
7828 18.49 0.00 0.00 5.19 341.22
7829 18.15 0.00 0.00 5.19 342.19
7830 17.91 0.00 0.00 4.99 339.75
7831 17.67 3.15 0.00 3.99 342.34
7832 20.22 105.95 313.32 3.10 346.38
7833 22.52 298.60 572.98 3.30 346.25
7834 24.74 479.27 728.66 2.60 347.71
7835 26.28 600.05 707.93 1.70 339.63
7836 27.50 673.19 710.64 2.50 339.62
7837 28.36 689.07 735.91 1.90 342.17
7838 28.79 630.65 728.07 2.50 345.74
7839 28.77 507.17 677.15 2.60 349.88
7840 28.03 325.05 508.77 1.50 359.79
7841 26.75 135.65 321.19 1.50 362.27
7842 26.07 13.81 0.00 1.40 364.84
7843 25.53 0.00 0.00 1.70 368.93
7844 24.74 0.00 0.00 2.30 367.21
7845 23.95 0.00 0.00 2.50 362.02
7846 23.16 0.00 0.00 1.50 362.90
7847 22.37 0.00 0.00 2.30 361.71
7848 21.58 0.00 0.00 1.90 359.44
7849 21.02 0.00 0.00 2.10 354.74
7850 20.41 0.00 0.00 1.90 352.93
7851 19.80 0.00 0.00 2.70 352.70
7852 19.47 0.00 0.00 4.99 352.69
7853 19.13 0.00 0.00 4.99 355.17
7854 18.89 0.00 0.00 3.30 354.21
7855 18.64 2.85 0.00 3.99 355.17
7856 20.79 89.52 207.32 4.29 363.69
7857 22.71 250.00 369.49 5.89 361.91
7858 24.66 413.29 454.25 6.79 362.56
7859 26.14 543.29 499.02 6.19 358.34
7860 27.55 666.59 648.10 7.89 358.77
7861 28.55 690.37 749.89 6.99 359.10
7862 29.09 637.07 760.05 7.29 357.71
7863 29.19 526.22 741.83 6.49 357.96
7864 28.55 329.98 538.98 5.49 365.45
7865 27.36 146.13 366.62 5.89 371.37
7866 26.80 14.67 0.00 4.99 368.83
7867 26.24 0.00 0.00 5.19 369.75
7868 25.68 0.00 0.00 5.49 374.15
7869 25.21 0.00 0.00 5.49 376.81
7870 24.56 0.00 0.00 7.29 374.71
7871 23.91 0.00 0.00 6.49 376.66
7872 23.26 0.00 0.00 5.69 375.98
7873 22.86 0.00 0.00 5.19 377.26
7874 22.43 0.00 0.00 3.50 372.26
7875 22.01 0.00 0.00 1.70 370.87
7876 21.79 0.00 0.00 2.50 373.96
7877 21.56 0.00 0.00 1.50 371.09
7878 21.40 0.00 0.00 2.30 370.79
7879 21.25 2.45 0.00 4.59 371.01
7880 23.87 102.75 322.91 7.09 378.61
7881 26.07 295.41 518.41 4.99 374.33
7882 26.78 297.21 123.20 5.49 387.71
7883 27.37 342.11 88.31 6.49 388.36
7884 29.32 706.50 705.80 3.99 364.80
7885 30.70 728.62 885.76 5.49 367.85
7886 31.49 666.59 855.84 4.29 366.29
7887 31.71 537.26 783.41 4.59 371.02
7888 31.26 355.96 650.20 3.10 371.79
7889 30.14 156.20 419.05 2.60 375.27
7890 29.47 17.03 0.00 1.70 374.59
7891 28.80 0.00 0.00 1.90 381.11
7892 28.13 0.00 0.00 1.70 379.64
7893 27.45 0.00 0.00 2.30 378.18
7894 26.78 0.00 0.00 1.20 380.18
7895 26.11 0.00 0.00 1.00 378.91
7896 25.59 0.00 0.00 0.90 380.67
7897 24.91 0.00 0.00 0.90 377.98
7898 24.19 0.00 0.00 0.80 377.96
7899 23.46 0.00 0.00 0.70 375.74
7900 23.07 0.00 0.00 0.60 374.81
7901 22.68 0.00 0.00 0.40 372.18
7902 22.40 0.00 0.00 0.40 372.51
7903 22.12 2.09 0.00 0.40 372.12
7904 23.94 78.36 166.04 0.40 377.21
7905 25.64 240.05 302.53 1.10 371.65
7906 26.45 284.94 106.22 1.30 381.18
7907 28.50 608.93 636.46 1.50 359.87
7908 29.59 580.80 403.39 1.70 366.00
7909 30.12 527.86 270.31 2.90 367.13
7910 30.84 646.24 718.57 2.10 358.17
7911 31.03 519.48 708.34 2.50 355.60
7912 30.45 296.67 358.27 2.70 366.72
7913 29.45 149.53 357.26 2.10 366.67
7914 28.79 15.99 0.00 2.30 367.15
7915 28.12 0.00 0.00 1.50 371.80
7916 27.46 0.00 0.00 1.10 370.52
7917 26.80 0.00 0.00 1.70 371.17
7918 26.13 0.00 0.00 1.20 373.95
7919 25.61 0.00 0.00 0.70 373.62
7920 24.84 0.00 0.00 0.60 374.10
7921 24.31 0.00 0.00 0.90 375.02
7922 23.72 0.00 0.00 0.90 376.75
7923 23.14 0.00 0.00 1.30 380.81
7924 22.82 0.00 0.00 1.40 382.82
7925 22.50 0.00 0.00 1.70 383.47
7926 22.27 0.00 0.00 1.20 381.73
7927 22.04 1.01 0.00 0.70 379.82
7928 22.17 7.63 0.00 0.90 383.24
7929 23.52 126.42 9.24 0.60 375.96
7930 25.30 301.13 136.99 0.70 367.97
7931 27.24 558.07 524.51 1.20 353.42
7932 28.01 448.75 161.69 0.80 369.10
7933 28.57 469.25 170.55 0.80 372.32
7934 28.99 477.50 269.97 0.50 374.33
7935 28.84 318.14 88.80 0.70 385.87
7936 28.36 222.37 96.00 0.70 386.93
7937 27.58 112.81 116.19 0.70 387.40
7938 27.22 12.46 0.00 0.70 387.79
7939 26.85 0.00 0.00 1.30 393.38
7940 26.48 0.00 0.00 1.70 398.97
7941 26.11 0.00 0.00 3.99 398.19
7942 25.75 0.00 0.00 4.79 394.98
7943 25.51 0.00 0.00 3.30 395.36
7944 25.08 0.00 0.00 3.79 394.80
7945 24.87 0.00 0.00 2.90 388.61
7946 24.70 0.00 0.00 2.10 387.69
7947 24.54 0.00 0.00 1.90 389.58
7948 24.47 0.00 0.00 1.70 391.45
7949 24.41 0.00 0.00 1.10 395.89
7950 24.38 0.00 0.00 0.90 397.54
7951 24.35 1.56 0.00 1.90 401.61
7952 25.49 44.06 0.00 2.50 403.07
7953 26.77 171.51 79.70 5.19 398.53
7954 28.74 378.14 322.43 6.99 389.07
7955 30.66 547.67 558.32 6.49 382.98
7956 32.20 635.42 639.54 5.69 385.57
7957 33.14 608.98 508.27 6.79 387.89
7958 33.72 587.95 602.11 6.49 382.92
7959 33.73 419.22 307.68 6.79 387.22
7960 32.70 151.25 14.34 6.79 407.48
7961 31.69 106.75 127.41 5.49 400.22
7962 31.03 9.86 0.00 4.79 397.33
7963 30.37 0.00 0.00 3.99 399.28
7964 29.71 0.00 0.00 4.59 397.61
7965 29.06 0.00 0.00 2.90 400.11
7966 28.40 0.00 0.00 2.70 397.92
7967 27.74 0.00 0.00 2.10 397.06
7968 27.08 0.00 0.00 2.50 396.59
7969 26.27 0.00 0.00 2.10 394.92
7970 25.51 0.00 0.00 1.30 392.23
7971 24.48 0.00 0.00 1.50 387.15
7972 23.93 0.00 0.00 1.30 384.48
7973 23.37 0.00 0.00 1.20 380.10
7974 22.97 0.00 0.00 1.70 378.26
7975 22.57 1.50 0.00 2.30 379.00
7976 24.43 85.76 247.64 1.20 384.51
7977 26.09 260.90 494.99 1.10 380.96
7978 27.34 375.86 352.53 1.30 382.10
7979 28.68 529.62 493.99 3.10 373.17
7980 29.78 612.60 577.53 4.79 378.44
7981 30.58 641.47 633.71 6.19 379.01
7982 30.91 560.51 511.06 6.49 380.96
7983 31.02 514.45 704.96 6.79 381.06
7984 30.55 339.22 577.43 7.59 385.03
7985 29.52 147.93 352.04 8.89 392.76
7986 28.69 15.75 0.00 8.89 386.73
7987 27.86 0.00 0.00 8.49 390.89
7988 27.03 0.00 0.00 8.19 391.09
7989 26.20 0.00 0.00 7.29 389.86
7990 25.51 0.00 0.00 6.49 387.81
7991 24.54 0.00 0.00 7.09 386.79
7992 23.58 0.00 0.00 7.59 385.59
7993 22.98 0.00 0.00 5.49 380.10
7994 22.38 0.00 0.00 3.50 377.79
7995 21.77 0.00 0.00 4.59 378.56
7996 21.46 0.00 0.00 3.50 377.74
7997 21.16 0.00 0.00 2.70 376.84
7998 20.95 0.00 0.00 2.30 372.66
7999 20.74 1.22 0.00 3.10 368.73
8000 22.61 77.87 236.76 2.60 375.68
8001 24.30 219.39 283.50 2.70 373.96
8002 25.76 355.26 306.51 2.90 372.61
8003 27.27 510.54 414.46 3.30 363.25
8004 28.82 666.79 700.52 3.79 357.67
8005 29.97 702.73 782.06 2.60 356.34
8006 30.51 605.08 636.35 2.30 360.27
8007 30.55 467.18 540.25 2.50 362.96
8008 29.91 290.19 390.28 3.50 365.61
8009 28.84 129.91 268.01 4.99 365.50
8010 27.92 13.76 0.00 6.19 364.10
8011 27.01 0.00 0.00 3.99 368.69
8012 26.09 0.00 0.00 4.79 366.60
8013 25.27 0.00 0.00 6.49 364.78
8014 24.21 0.00 0.00 6.79 364.13
8015 23.14 0.00 0.00 5.89 361.95
8016 22.08 0.00 0.00 5.19 364.28
8017 21.00 0.00 0.00 3.30 354.90
8018 19.88 0.00 0.00 1.80 351.45
8019 18.76 0.00 0.00 1.20 347.77
8020 18.15 0.00 0.00 1.50 344.42
8021 17.54 0.00 0.00 0.80 342.75
8022 17.11 0.00 0.00 0.60 342.70
8023 16.67 0.83 0.00 0.60 342.64
8024 17.94 54.20 41.13 0.60 345.22
8025 19.71 203.26 182.46 0.50 341.24
8026 21.64 371.39 323.12 0.70 339.59
8027 24.14 623.69 763.61 2.00 329.81
8028 25.64 669.73 718.63 2.30 332.97
8029 26.78 722.83 881.92 2.00 332.75
8030 27.38 663.19 879.66 1.00 332.67
8031 27.47 535.94 809.07 0.70 334.53
8032 26.81 338.21 595.48 1.20 342.22
8033 25.60 156.39 445.39 1.00 343.64
8034 24.91 17.03 0.00 1.20 344.59
8035 24.03 0.00 0.00 1.60 351.50
8036 23.16 0.00 0.00 1.50 346.96
8037 22.29 0.00 0.00 1.20 350.48
8038 21.41 0.00 0.00 1.50 351.03
8039 20.54 0.00 0.00 2.90 348.31
8040 19.66 0.00 0.00 1.80 346.77
8041 19.19 0.00 0.00 2.50 345.37
8042 18.68 0.00 0.00 1.60 347.06
8043 18.16 0.00 0.00 0.50 346.56
8044 17.88 0.00 0.00 1.20 348.13
8045 17.61 0.00 0.00 0.90 348.57
8046 17.41 0.00 0.00 0.70 344.51
8047 17.21 0.75 0.00 0.70 350.39
8048 18.83 59.64 53.55 1.00 354.46
8049 20.79 203.16 154.40 2.30 348.42
8050 23.07 380.46 391.68 2.30 351.21
8051 25.17 522.27 509.66 3.10 343.47
8052 26.56 607.62 583.11 3.60 343.33
8053 27.65 635.10 632.74 3.10 345.62
8054 28.13 552.30 470.51 1.80 352.43
8055 28.39 523.05 749.85 3.30 349.80
8056 27.96 346.41 631.12 2.50 352.80
8057 26.80 151.74 400.35 1.20 356.59
8058 26.16 16.45 0.00 1.20 357.53
8059 25.51 0.00 0.00 1.00 366.92
8060 24.92 0.00 0.00 2.00 367.99
8061 24.17 0.00 0.00 2.90 360.89
8062 23.42 0.00 0.00 3.80 359.37
8063 22.66 0.00 0.00 2.50 358.24
8064 21.91 0.00 0.00 3.30 355.56
8065 21.33 0.00 0.00 1.30 353.89
8066 20.69 0.00 0.00 0.90 356.03
8067 20.05 0.00 0.00 1.30 355.25
8068 19.70 0.00 0.00 2.00 355.35
8069 19.35 0.00 0.00 1.30 354.45
8070 19.10 0.00 0.00 1.60 355.33
8071 18.85 0.72 0.00 1.60 358.90
8072 20.94 79.47 280.85 2.70 364.03
8073 23.16 248.07 466.83 2.90 360.83
8074 25.52 431.39 643.48 2.30 360.18
8075 27.13 562.17 670.50 3.30 352.53
8076 28.41 617.34 620.27 3.60 353.42
8077 29.36 645.03 646.43 4.00 355.86
8078 29.92 613.50 731.86 5.00 357.09
8079 30.00 502.14 721.28 4.80 358.14
8080 29.39 334.25 608.68 4.00 362.25
8081 28.12 141.51 396.89 2.70 367.53
8082 27.46 13.97 0.00 2.90 369.25
8083 26.80 0.00 0.00 2.50 376.24
8084 26.15 0.00 0.00 3.60 375.07
8085 25.65 0.00 0.00 1.60 379.80
8086 24.88 0.00 0.00 1.50 377.60
8087 24.12 0.00 0.00 1.30 374.83
8088 23.35 0.00 0.00 1.00 373.85
8089 22.84 0.00 0.00 0.90 376.70
8090 22.32 0.00 0.00 1.20 377.62
8091 21.79 0.00 0.00 0.70 379.05
8092 21.52 0.00 0.00 0.70 379.24
8093 21.26 0.00 0.00 0.70 378.33
8094 21.08 0.00 0.00 0.60 384.10
8095 20.89 0.13 0.00 0.90 388.42
8096 21.06 6.85 0.00 0.80 389.37
8097 22.81 139.09 40.89 0.90 372.43
8098 23.98 206.83 20.74 3.80 376.75
8099 25.56 357.17 119.55 2.50 367.24
8100 26.92 508.16 277.46 1.50 363.22
8101 28.19 578.46 383.27 1.20 359.42
8102 28.27 327.25 51.68 1.60 371.45
8103 28.08 267.06 30.76 1.60 371.38
8104 27.78 232.29 159.76 1.50 363.14
8105 27.26 160.31 355.63 1.60 350.63
8106 26.55 13.40 0.00 1.00 353.19
8107 25.85 0.00 0.00 0.70 355.01
8108 25.24 0.00 0.00 0.60 351.54
8109 24.42 0.00 0.00 0.90 349.75
8110 23.60 0.00 0.00 1.30 351.44
8111 22.77 0.00 0.00 0.90 350.79
8112 21.95 0.00 0.00 1.60 347.50
8113 21.18 0.00 0.00 1.50 348.59
8114 20.33 0.00 0.00 0.70 345.81
8115 19.49 0.00 0.00 1.20 343.10
8116 19.03 0.00 0.00 2.10 341.04
8117 18.58 0.00 0.00 2.30 341.26
8118 18.25 0.00 0.00 2.50 341.78
8119 17.92 0.00 0.00 2.70 341.37
8120 19.72 70.84 226.25 3.60 349.06
8121 21.14 183.42 140.75 4.20 352.38
8122 22.68 309.50 132.19 4.20 351.36
8123 24.25 436.10 244.13 6.00 345.96
8124 25.55 540.63 383.13 8.10 345.80
8125 26.47 566.44 406.33 5.50 347.68
8126 27.15 581.52 584.44 5.70 345.50
8127 27.55 545.59 817.31 5.30 342.84
8128 27.32 363.53 698.78 4.80 345.26
8129 26.33 160.49 464.28 5.70 350.65
8130 25.60 17.69 0.00 6.20 349.58
8131 24.94 0.00 0.00 6.70 359.08
8132 24.09 0.00 0.00 8.71 358.65
8133 23.25 0.00 0.00 8.10 358.72
8134 22.41 0.00 0.00 8.71 359.51
8135 21.56 0.00 0.00 6.90 361.21
8136 20.72 0.00 0.00 8.40 356.43
8137 20.18 0.00 0.00 9.01 356.88
8138 19.58 0.00 0.00 6.90 357.03
8139 18.99 0.00 0.00 7.60 355.97
8140 18.66 0.00 0.00 9.21 356.91
8141 18.33 0.00 0.00 9.61 360.47
8142 18.10 0.00 0.00 10.81 361.06
8143 17.86 0.00 0.00 10.81 363.20
8144 19.77 72.47 229.20 10.81 370.85
8145 22.11 249.93 517.35 9.91 370.94
8146 24.47 429.20 648.40 10.81 371.91
8147 26.38 585.44 771.72 13.11 365.31
8148 27.87 664.77 778.02 9.61 369.23
8149 28.72 630.31 638.91 10.81 374.82
8150 29.17 589.14 649.10 9.61 373.55
8151 29.18 481.03 614.21 8.10 375.04
8152 28.51 321.05 532.02 6.20 377.94
8153 27.20 129.29 268.41 3.80 385.42
8154 26.59 13.20 0.00 3.10 382.91
8155 25.98 0.00 0.00 2.70 389.25
8156 25.51 0.00 0.00 2.90 385.63
8157 24.80 0.00 0.00 3.30 383.77
8158 24.08 0.00 0.00 3.60 380.21
8159 23.37 0.00 0.00 2.90 371.82
8160 22.66 0.00 0.00 2.50 372.55
8161 22.20 0.00 0.00 2.10 374.37
8162 21.70 0.00 0.00 3.30 371.52
8163 21.21 0.00 0.00 4.50 369.48
8164 20.95 0.00 0.00 3.10 370.25
8165 20.69 0.00 0.00 4.50 369.90
8166 20.51 0.00 0.00 5.70 372.53
8167 20.33 0.00 0.00 4.50 377.52
8168 22.35 73.88 301.15 3.60 384.85
8169 24.85 255.91 567.39 2.70 383.10
8170 27.10 456.19 783.04 3.10 386.18
8171 29.00 582.91 770.74 3.80 382.85
8172 30.36 631.95 669.21 3.10 386.09
8173 31.28 638.51 646.00 3.30 386.14
8174 31.61 541.38 469.06 3.10 392.59
8175 31.45 428.07 411.28 2.10 390.98
8176 30.62 270.67 277.97 2.70 389.41
8177 29.21 90.47 50.13 1.80 397.92
8178 28.33 11.87 0.00 2.00 396.16
8179 27.46 0.00 0.00 2.00 395.26
8180 26.59 0.00 0.00 2.50 392.01
8181 25.71 0.00 0.00 2.30 389.20
8182 24.89 0.00 0.00 0.90 386.57
8183 23.87 0.00 0.00 0.80 387.87
8184 22.86 0.00 0.00 0.60 383.76
8185 21.95 0.00 0.00 0.30 378.19
8186 20.97 0.00 0.00 0.40 373.78
8187 19.98 0.00 0.00 0.90 365.88
8188 19.45 0.00 0.00 1.50 363.03
8189 18.91 0.00 0.00 0.90 358.66
8190 18.53 0.00 0.00 0.30 355.78
8191 18.15 0.00 0.00 0.50 354.17
8192 20.23 83.81 378.76 0.50 361.21
8193 22.60 273.90 693.88 0.40 361.55
8194 24.94 460.22 822.43 0.70 363.11
8195 26.66 606.87 883.23 0.80 361.56
8196 28.05 683.36 877.08 1.30 364.56
8197 29.02 702.95 893.06 3.10 364.69
8198 29.51 645.13 870.44 3.30 364.39
8199 29.55 532.00 856.89 4.20 364.92
8200 28.89 359.31 759.37 4.50 364.58
8201 27.61 161.91 549.06 4.50 369.64
8202 26.72 14.15 0.00 2.30 368.81
8203 25.82 0.00 0.00 2.10 373.59
8204 25.00 0.00 0.00 2.50 372.54
8205 23.97 0.00 0.00 2.10 369.31
8206 22.93 0.00 0.00 2.00 363.58
8207 21.89 0.00 0.00 1.60 360.31
8208 20.86 0.00 0.00 1.30 357.64
8209 20.17 0.00 0.00 1.60 357.00
8210 19.44 0.00 0.00 1.60 358.05
8211 18.71 0.00 0.00 1.80 359.26
8212 18.33 0.00 0.00 1.80 359.83
8213 17.94 0.00 0.00 3.60 354.40
8214 17.68 0.00 0.00 3.30 355.58
8215 17.41 0.00 0.00 3.30 355.26
8216 19.48 79.29 360.07 2.70 360.00
8217 21.97 269.32 680.79 6.40 357.69
8218 24.29 439.95 740.61 6.90 361.87
8219 26.08 576.18 775.76 6.40 357.81
8220 27.43 643.07 737.22 6.00 361.73
8221 28.38 658.88 740.96 6.00 362.23
8222 28.90 615.29 762.63 7.80 367.41
8223 28.97 502.45 736.96 6.90 366.44
8224 28.35 338.04 635.29 8.71 368.58
8225 27.13 153.72 475.90 7.20 376.84
8226 25.63 14.38 0.00 8.40 375.41
8227 24.89 0.00 0.00 7.20 379.43
8228 23.97 0.00 0.00 7.20 377.95
8229 23.05 0.00 0.00 7.60 372.77
8230 22.13 0.00 0.00 6.00 368.97
8231 21.21 0.00 0.00 6.40 366.73
8232 20.29 0.00 0.00 6.40 364.39
8233 19.54 0.00 0.00 6.00 361.41
8234 18.74 0.00 0.00 4.50 361.07
8235 17.94 0.00 0.00 5.70 358.93
8236 17.51 0.00 0.00 5.30 358.98
8237 17.09 0.00 0.00 4.20 359.04
8238 16.79 0.00 0.00 3.80 358.48
8239 16.49 0.00 0.00 3.10 357.02
8240 18.32 71.38 307.41 2.30 363.78
8241 20.56 245.34 548.19 2.10 359.94
8242 23.01 443.50 758.60 2.70 358.49
8243 25.18 589.90 836.96 2.90 354.02
8244 26.59 678.85 873.67 3.80 354.82
8245 27.62 691.09 862.36 3.80 351.60
8246 28.15 631.10 825.09 4.50 351.76
8247 28.22 516.68 785.62 4.20 352.81
8248 27.56 339.12 642.25 3.80 361.30
8249 26.29 148.96 442.69 3.10 365.06
8250 24.82 14.58 0.00 3.60 361.75
8251 24.00 0.00 0.00 3.60 365.83
8252 23.19 0.00 0.00 2.90 363.42
8253 22.37 0.00 0.00 2.50 361.24
8254 21.56 0.00 0.00 2.50 360.93
8255 20.74 0.00 0.00 2.70 354.69
8256 19.92 0.00 0.00 3.80 349.57
8257 19.32 0.00 0.00 4.00 350.65
8258 18.67 0.00 0.00 4.20 346.69
8259 18.03 0.00 0.00 3.10 347.71
8260 17.69 0.00 0.00 4.20 347.84
8261 17.34 0.00 0.00 4.20 349.85
8262 17.10 0.00 0.00 4.80 347.14
8263 16.86 0.00 0.00 5.30 351.42
8264 18.46 60.75 204.13 5.00 357.23
8265 20.46 212.45 358.32 5.50 353.99
8266 22.75 396.58 528.41 6.40 356.58
8267 24.88 546.48 662.92 8.40 349.80
8268 26.25 618.41 647.13 8.71 350.37
8269 27.40 674.84 788.51 6.90 352.22
8270 28.01 613.12 743.48 7.20 356.97
8271 28.09 485.34 655.17 5.50 362.42
8272 27.49 320.35 546.66 6.00 366.28
8273 26.31 144.86 366.22 6.00 369.78
8274 24.94 14.81 0.00 6.20 368.11
8275 24.30 0.00 0.00 6.20 374.79
8276 23.67 0.00 0.00 5.70 374.27
8277 23.04 0.00 0.00 7.20 376.24
8278 22.41 0.00 0.00 6.70 375.86
8279 21.77 0.00 0.00 6.00 373.97
8280 21.14 0.00 0.00 6.00 368.66
8281 20.67 0.00 0.00 6.90 365.50
8282 20.20 0.00 0.00 5.00 367.55
8283 19.73 0.00 0.00 5.30 366.87
8284 19.50 0.00 0.00 5.50 365.98
8285 19.26 0.00 0.00 3.10 365.25
8286 19.11 0.00 0.00 2.10 367.18
8287 18.95 0.00 0.00 1.80 364.75
8288 20.30 53.96 146.32 2.50 369.85
8289 21.69 165.31 130.54 2.90 375.80
8290 24.21 413.67 548.22 3.60 363.91
8291 26.11 556.60 671.47 1.80 364.14
8292 27.86 706.65 815.97 4.00 360.69
8293 28.76 629.69 606.52 2.90 373.60
8294 28.78 425.74 195.85 3.80 385.71
8295 28.39 337.05 145.59 4.00 388.37
8296 27.42 171.18 38.69 4.20 393.65
8297 26.15 37.65 0.00 5.30 404.88
8298 25.11 9.88 0.00 5.50 397.78
8299 24.70 0.00 0.00 6.00 403.94
8300 24.30 0.00 0.00 6.40 405.30
8301 23.89 0.00 0.00 5.50 408.81
8302 23.49 0.00 0.00 6.20 405.05
8303 23.08 0.00 0.00 5.30 401.60
8304 22.68 0.00 0.00 5.30 400.50
8305 22.28 0.00 0.00 5.50 397.15
8306 21.88 0.00 0.00 6.40 392.68
8307 21.48 0.00 0.00 5.00 389.71
8308 21.29 0.00 0.00 3.80 388.78
8309 21.09 0.00 0.00 4.20 389.86
8310 20.96 0.00 0.00 5.00 393.57
8311 20.83 0.00 0.00 5.30 389.12
8312 21.27 15.88 0.00 6.40 389.53
8313 21.34 20.75 0.00 7.60 395.53
8314 22.94 194.14 26.23 5.70 385.37
8315 23.31 130.64 0.00 5.50 397.35
8316 24.35 282.61 23.10 4.50 391.67
8317 25.47 375.39 86.62 4.80 387.90
8318 26.14 407.97 153.31 4.80 385.67
8319 26.65 379.71 192.17 4.50 382.79
8320 26.84 296.72 348.67 3.80 382.80
8321 26.25 81.50 22.50 4.00 398.97
8322 25.51 11.82 0.00 5.30 396.64
8323 25.11 0.00 0.00 5.50 394.01
8324 24.56 0.00 0.00 6.90 392.54
8325 24.00 0.00 0.00 7.20 390.84
8326 23.44 0.00 0.00 7.20 389.90
8327 22.89 0.00 0.00 8.10 386.32
8328 22.33 0.00 0.00 8.10 386.28
8329 21.75 0.00 0.00 7.60 382.91
8330 21.14 0.00 0.00 7.60 380.05
8331 20.53 0.00 0.00 9.21 379.34
8332 20.21 0.00 0.00 7.90 378.34
8333 19.89 0.00 0.00 5.70 375.05
8334 19.67 0.00 0.00 3.10 369.43
8335 19.45 0.00 0.00 2.70 370.72
8336 20.94 55.03 166.71 3.60 374.79
8337 23.12 216.76 412.66 5.30 370.80
8338 25.52 418.64 640.81 4.00 369.14
8339 27.24 526.00 602.23 4.00 367.80
8340 28.37 549.51 405.11 3.80 375.76
8341 29.72 702.99 791.89 4.20 369.53
8342 30.51 650.27 874.99 5.00 376.17
8343 30.73 529.92 807.06 5.30 378.90
8344 30.27 356.15 679.03 4.00 381.31
8345 29.10 160.51 452.09 4.50 390.16
8346 27.63 19.30 0.00 4.00 385.94
8347 26.96 0.00 0.00 2.50 389.99
8348 26.29 0.00 0.00 1.50 390.53
8349 25.61 0.00 0.00 2.10 391.29
8350 25.01 0.00 0.00 3.10 391.29
8351 24.23 0.00 0.00 2.50 388.52
8352 23.44 0.00 0.00 2.70 388.17
8353 22.77 0.00 0.00 1.80 389.38
8354 22.08 0.00 0.00 1.80 385.17
8355 21.38 0.00 0.00 2.30 385.10
8356 21.03 0.00 0.00 2.70 383.84
8357 20.67 0.00 0.00 1.80 379.79
8358 20.42 0.00 0.00 1.80 376.45
8359 20.18 0.00 0.00 2.90 373.01
8360 21.63 55.75 219.41 2.70 377.62
8361 24.01 237.02 554.07 3.30 375.75
8362 26.15 421.73 701.64 2.00 370.75
8363 27.97 561.30 759.08 3.10 367.19
8364 29.37 630.91 723.80 3.80 366.63
8365 30.42 661.77 772.56 4.00 361.86
8366 30.98 606.07 738.14 4.80 364.62
8367 31.07 491.12 678.12 4.80 368.95
8368 30.42 312.01 494.56 5.50 377.41
8369 29.24 142.02 327.96 4.20 384.33
8370 27.83 15.77 0.00 4.50 380.15
8371 26.98 0.00 0.00 4.20 384.41
8372 26.14 0.00 0.00 2.70 381.15
8373 25.43 0.00 0.00 3.30 382.74
8374 24.45 0.00 0.00 2.10 380.22
8375 23.47 0.00 0.00 1.60 374.49
8376 22.49 0.00 0.00 2.00 368.92
8377 21.60 0.00 0.00 2.70 366.98
8378 20.65 0.00 0.00 1.30 365.79
8379 19.70 0.00 0.00 1.50 366.82
8380 19.19 0.00 0.00 0.90 367.73
8381 18.68 0.00 0.00 0.70 366.60
8382 18.32 0.00 0.00 0.50 368.46
8383 17.96 0.00 0.00 0.90 368.82
8384 19.33 55.49 222.95 1.60 374.89
8385 21.57 234.54 540.76 2.50 370.37
8386 23.78 410.78 654.31 2.70 369.13
8387 25.66 565.14 766.32 2.90 360.22
8388 27.11 656.27 821.68 4.20 356.89
8389 28.16 682.96 852.23 6.20 361.07
8390 28.69 619.95 791.19 6.70 361.03
8391 28.77 508.13 759.20 7.20 366.02
8392 28.20 342.99 647.72 6.90 369.87
8393 27.04 159.59 490.35 5.30 374.49
8394 25.59 16.53 0.00 4.20 372.05
8395 24.91 0.00 0.00 2.90 377.55
8396 24.05 0.00 0.00 2.50 376.27
8397 23.19 0.00 0.00 2.10 374.40
8398 22.33 0.00 0.00 1.30 369.99
8399 21.47 0.00 0.00 0.90 368.30
8400 20.61 0.00 0.00 1.50 365.86
8401 20.03 0.00 0.00 2.00 365.22
8402 19.45 0.00 0.00 3.80 364.95
8403 18.87 0.00 0.00 5.00 366.46
8404 18.59 0.00 0.00 4.20 364.01
8405 18.31 0.00 0.00 3.30 362.43
8406 18.12 0.00 0.00 2.10 360.70
8407 17.94 0.00 0.00 1.60 359.30
8408 19.55 66.29 316.74 3.30 362.07
8409 21.78 249.57 529.09 4.50 358.85
8410 23.41 357.76 376.42 5.30 366.01
8411 25.53 600.15 779.37 6.20 353.82
8412 27.10 693.48 943.69 5.00 352.40
8413 28.23 715.32 770.40 4.50 353.13
8414 27.53 307.68 113.24 4.80 382.25
8415 27.76 478.26 398.18 5.50 361.30
8416 26.72 166.13 30.27 3.10 380.55
8417 25.56 34.85 0.00 4.00 395.11
8418 24.26 15.63 0.00 3.80 389.85
8419 23.58 0.00 0.00 4.20 385.02
8420 22.91 0.00 0.00 3.60 382.67
8421 22.24 0.00 0.00 2.30 379.39
8422 21.56 0.00 0.00 2.00 374.66
8423 20.89 0.00 0.00 0.60 370.05
8424 20.22 0.00 0.00 0.70 367.68
8425 19.50 0.00 0.00 0.90 360.92
8426 18.78 0.00 0.00 0.70 355.76
8427 18.06 0.00 0.00 1.30 350.97
8428 17.70 0.00 0.00 2.10 348.19
8429 17.34 0.00 0.00 1.50 345.91
8430 17.09 0.00 0.00 1.30 342.07
8431 16.85 0.00 0.00 1.60 339.86
8432 18.65 75.13 462.88 2.30 343.10
8433 20.93 264.77 620.41 3.10 344.47
8434 22.54 371.27 400.97 3.60 352.72
8435 25.09 663.23 837.08 4.00 335.12
8436 26.74 762.96 815.08 4.80 337.26
8437 26.80 446.80 188.29 4.20 360.86
8438 27.42 640.95 707.35 5.70 349.01
8439 27.79 605.06 661.28 5.70 340.48
8440 26.03 32.46 0.00 7.60 391.23
8441 25.01 119.64 162.11 7.20 364.82
8442 23.53 4.58 0.00 7.80 363.72
8443 22.81 0.00 0.00 6.40 365.85
8444 22.09 0.00 0.00 6.70 363.76
8445 21.37 0.00 0.00 6.70 359.72
8446 20.65 0.00 0.00 8.71 356.14
8447 19.93 0.00 0.00 7.20 355.22
8448 19.21 0.00 0.00 6.40 350.45
8449 18.52 0.00 0.00 6.00 347.62
8450 17.80 0.00 0.00 5.00 346.81
8451 17.08 0.00 0.00 6.40 349.14
8452 16.71 0.00 0.00 6.70 346.71
8453 16.33 0.00 0.00 5.70 345.27
8454 16.07 0.00 0.00 4.20 343.97
8455 15.81 0.00 0.00 3.10 348.30
8456 17.16 51.50 177.10 3.30 352.21
8457 19.68 240.91 590.28 4.80 348.09
8458 22.12 421.05 736.21 4.80 348.72
8459 24.32 568.16 807.18 4.50 346.04
8460 25.86 653.89 822.73 5.70 347.02
8461 26.99 686.20 867.65 6.40 347.49
8462 27.66 645.94 884.97 4.20 351.02
8463 27.82 532.76 853.38 4.00 357.18
8464 27.31 365.01 759.61 2.90 361.62
8465 26.13 171.71 568.74 3.80 364.47
8466 24.63 17.64 0.00 4.50 362.24
8467 23.71 0.00 0.00 4.20 364.35
8468 22.80 0.00 0.00 2.10 364.63
8469 21.88 0.00 0.00 2.50 360.02
8470 20.97 0.00 0.00 3.30 355.27
8471 20.05 0.00 0.00 2.10 347.72
8472 19.14 0.00 0.00 1.80 346.21
8473 18.36 0.00 0.00 1.80 347.66
8474 17.54 0.00 0.00 2.30 348.80
8475 16.72 0.00 0.00 2.70 345.00
8476 16.29 0.00 0.00 2.50 345.35
8477 15.86 0.00 0.00 1.00 347.03
8478 15.56 0.00 0.00 1.20 347.95
8479 15.25 0.00 0.00 1.80 349.53
8480 16.61 52.53 146.59 1.50 350.89
8481 19.37 262.45 623.91 1.50 343.51
8482 22.03 461.06 903.00 2.30 346.65
8483 24.35 612.95 953.77 2.90 345.70
8484 25.99 707.35 978.33 4.00 348.08
8485 27.13 727.74 978.55 3.10 346.85
8486 27.77 676.32 965.35 4.20 345.70
8487 27.89 558.37 931.57 4.50 346.48
8488 27.32 382.51 834.61 4.50 348.01
8489 26.04 177.39 605.63 2.30 355.44
8490 24.42 18.05 0.00 1.50 353.13
8491 23.48 0.00 0.00 2.50 363.29
8492 22.54 0.00 0.00 1.80 358.81
8493 21.61 0.00 0.00 1.50 355.46
8494 20.67 0.00 0.00 1.00 353.51
8495 19.73 0.00 0.00 2.30 350.21
8496 18.80 0.00 0.00 1.30 347.72
8497 18.05 0.00 0.00 1.20 346.72
8498 17.25 0.00 0.00 1.00 345.14
8499 16.46 0.00 0.00 1.80 345.49
8500 16.03 0.00 0.00 1.50 343.20
8501 15.61 0.00 0.00 2.50 338.36
8502 15.31 0.00 0.00 2.30 339.48
8503 15.01 0.00 0.00 1.00 340.60
8504 16.25 48.68 166.34 1.80 343.56
8505 18.42 215.79 464.61 2.00 341.34
8506 20.54 377.72 534.31 3.10 346.46
8507 22.62 534.10 668.67 3.60 343.49
8508 24.14 590.92 590.95 3.30 350.88
8509 25.44 658.81 750.87 4.80 348.98
8510 25.93 607.51 724.43 4.50 351.37
8511 26.05 489.89 658.03 3.60 352.19
8512 25.63 352.55 678.50 2.50 351.14
8513 24.56 164.06 486.70 1.20 353.39
8514 22.92 18.03 0.00 2.30 351.77
8515 22.11 0.00 0.00 2.10 352.35
8516 21.30 0.00 0.00 2.00 351.96
8517 20.48 0.00 0.00 1.30 351.18
8518 19.67 0.00 0.00 1.50 349.89
8519 18.86 0.00 0.00 3.10 347.98
8520 18.04 0.00 0.00 3.60 346.16
8521 17.44 0.00 0.00 4.20 344.65
8522 16.78 0.00 0.00 3.30 342.22
8523 16.12 0.00 0.00 2.30 339.47
8524 15.75 0.00 0.00 3.60 334.69
8525 15.39 0.00 0.00 3.30 335.30
8526 15.13 0.00 0.00 3.30 333.67
8527 14.86 0.00 0.00 2.30 334.56
8528 16.28 55.14 238.52 2.70 340.27
8529 19.18 274.80 583.03 3.10 333.72
8530 19.96 258.18 121.62 2.00 352.54
8531 21.12 378.44 173.02 1.60 346.71
8532 21.83 384.59 112.45 2.00 352.90
8533 22.92 526.34 320.14 1.80 343.54
8534 23.35 441.57 224.36 1.60 352.47
8535 22.88 261.40 54.46 2.30 359.94
8536 22.74 307.68 364.32 2.70 345.80
8537 22.15 206.15 497.76 2.50 338.59
8538 20.92 27.71 65.12 2.30 336.20
8539 20.29 0.00 0.00 2.50 339.15
8540 19.66 0.00 0.00 2.90 337.52
8541 19.03 0.00 0.00 3.30 338.43
8542 18.40 0.00 0.00 2.30 339.08
8543 17.78 0.00 0.00 2.10 340.33
8544 17.15 0.00 0.00 2.00 341.20
8545 16.80 0.00 0.00 2.50 339.35
8546 16.43 0.00 0.00 1.80 338.86
8547 16.06 0.00 0.00 2.50 335.62
8548 15.86 0.00 0.00 2.10 337.34
8549 15.67 0.00 0.00 1.30 337.82
8550 15.54 0.00 0.00 1.20 339.94
8551 15.41 0.00 0.00 0.50 337.84
8552 17.04 60.95 318.60 1.30 343.53
8553 19.55 246.91 645.94 1.60 343.52
8554 22.19 447.94 793.29 2.10 343.89
8555 23.97 516.53 604.16 2.00 344.61
8556 25.41 585.83 597.71 3.10 347.40
8557 26.28 631.71 598.86 2.10 348.93
8558 26.24 405.92 170.07 3.10 364.13
8559 26.26 426.58 334.45 3.10 358.48
8560 25.43 201.63 68.77 2.50 372.61
8561 24.14 113.61 107.54 2.90 365.83
8562 22.66 14.67 0.00 2.30 362.10
8563 22.17 0.00 0.00 2.50 366.27
8564 21.69 0.00 0.00 2.70 364.63
8565 21.20 0.00 0.00 3.30 366.14
8566 20.72 0.00 0.00 1.50 368.88
8567 20.23 0.00 0.00 1.60 366.71
8568 19.75 0.00 0.00 1.60 365.04
8569 18.49 0.00 0.00 1.30 369.97
8570 18.63 0.00 0.00 0.70 371.35
8571 18.45 0.00 0.00 1.20 368.18
8572 18.20 0.00 0.00 1.80 366.81
8573 18.13 0.00 0.00 2.50 368.22
8574 18.08 0.00 0.00 2.50 372.72
8575 17.97 0.00 0.00 3.60 370.79
8576 18.77 27.99 0.00 4.00 372.39
8577 18.67 17.57 0.00 3.60 385.11
8578 18.78 32.08 0.00 3.80 385.36
8579 18.93 43.75 0.00 2.00 386.05
8580 19.08 50.92 0.00 2.50 386.81
8581 19.20 62.63 0.00 2.10 386.79
8582 21.38 562.24 513.16 1.60 343.05
8583 22.98 559.42 781.17 1.60 341.01
8584 23.68 383.95 755.88 2.90 349.30
8585 23.65 181.11 533.71 3.60 360.76
8586 22.95 25.60 41.67 4.50 358.82
8587 22.28 0.00 0.00 2.70 359.22
8588 21.60 0.00 0.00 2.10 356.75
8589 20.93 0.00 0.00 1.60 354.84
8590 20.26 0.00 0.00 3.80 352.49
8591 19.58 0.00 0.00 2.90 351.13
8592 18.91 0.00 0.00 3.60 348.67
8593 18.12 0.00 0.00 3.10 347.41
8594 17.28 0.00 0.00 3.10 347.57
8595 16.44 0.00 0.00 3.60 346.98
8596 15.99 0.00 0.00 3.10 344.12
8597 15.54 0.00 0.00 2.10 340.76
8598 15.22 0.00 0.00 2.50 342.07
8599 14.91 0.00 0.00 4.20 342.43
8600 16.09 47.51 156.40 3.80 346.84
8601 18.07 203.90 417.08 4.50 345.24
8602 20.03 357.78 438.54 4.00 350.37
8603 21.70 467.23 417.29 5.50 347.71
8604 23.44 613.72 635.52 5.00 343.68
8605 24.56 607.90 602.56 5.70 345.06
8606 25.13 550.77 529.97 6.40 347.58
8607 25.28 471.32 573.78 5.30 347.41
8608 24.72 312.08 431.12 5.70 348.50
8609 23.61 164.10 374.91 4.80 349.09
8610 22.12 23.16 7.52 4.20 347.58
8611 21.30 0.00 0.00 2.10 352.93
8612 20.48 0.00 0.00 1.60 353.31
8613 19.66 0.00 0.00 1.00 353.07
8614 18.83 0.00 0.00 1.50 352.64
8615 18.01 0.00 0.00 1.00 351.89
8616 17.19 0.00 0.00 1.00 348.72
8617 16.60 0.00 0.00 1.60 351.56
8618 15.99 0.00 0.00 2.00 350.19
8619 15.38 0.00 0.00 2.70 346.78
8620 15.07 0.00 0.00 3.10 347.15
8621 14.76 0.00 0.00 2.70 345.20
8622 14.55 0.00 0.00 4.20 342.33
8623 14.33 0.00 0.00 4.20 342.44
8624 15.40 43.22 112.34 3.80 342.35
8625 17.53 214.96 394.68 4.00 335.60
8626 18.59 258.87 128.36 3.60 346.59
8627 20.12 419.10 259.11 3.30 335.94
8628 21.23 459.01 227.40 3.30 340.52
8629 22.97 700.79 791.00 3.10 330.99
8630 23.97 634.93 731.67 3.80 336.78
8631 23.93 384.49 247.24 3.80 353.25
8632 22.85 163.76 15.48 4.20 369.31
8633 21.57 68.57 0.00 4.50 372.01
8634 20.32 13.40 0.00 4.80 364.14
8635 19.83 0.00 0.00 3.80 364.59
8636 19.34 0.00 0.00 3.60 360.64
8637 18.85 0.00 0.00 3.80 361.37
8638 18.36 0.00 0.00 4.00 359.84
8639 17.87 0.00 0.00 3.10 359.19
8640 17.38 0.00 0.00 2.30 356.25
8641 16.96 0.00 0.00 1.30 351.67
8642 16.52 0.00 0.00 0.90 351.77
8643 16.08 0.00 0.00 1.20 350.29
8644 15.85 0.00 0.00 0.70 346.62
8645 15.62 0.00 0.00 0.50 342.06
8646 15.46 0.00 0.00 0.50 341.36
8647 15.30 0.00 0.00 0.20 338.09
8648 16.69 48.57 134.79 0.40 339.43
8649 18.14 150.58 117.61 0.40 351.64
8650 19.41 232.87 73.85 0.40 359.85
8651 21.82 480.89 414.00 0.30 347.34
8652 24.17 639.04 689.01 0.30 345.50
8653 25.30 549.53 388.88 0.40 353.35
8654 25.79 524.13 429.15 0.70 353.52
8655 26.08 472.04 544.12 0.80 353.18
8656 25.99 371.82 653.91 0.90 349.96
8657 25.19 176.60 437.63 0.70 354.67
8658 23.66 26.18 37.09 1.30 354.73
8659 22.97 0.00 0.00 1.60 359.27
8660 22.29 0.00 0.00 1.30 357.14
8661 21.60 0.00 0.00 2.00 354.10
8662 20.91 0.00 0.00 2.90 352.06
8663 20.22 0.00 0.00 2.70 351.15
8664 19.53 0.00 0.00 3.60 351.49
8665 18.92 0.00 0.00 2.50 347.99
8666 18.30 0.00 0.00 3.60 349.54
8667 17.67 0.00 0.00 5.00 348.50
8668 17.36 0.00 0.00 4.00 347.21
8669 17.04 0.00 0.00 3.80 346.43
8670 16.82 0.00 0.00 4.50 344.92
8671 16.60 0.00 0.00 4.20 349.22
8672 17.65 39.58 91.45 4.50 352.28
8673 17.58 34.72 0.00 5.00 367.47
8674 19.46 248.93 115.21 4.80 350.54
8675 22.44 553.92 627.35 5.70 333.36
8676 24.74 649.92 798.48 6.00 335.10
8677 25.94 628.09 638.17 4.80 338.74
8678 26.58 557.14 500.84 2.70 346.42
8679 26.17 306.51 98.76 2.90 368.96
8680 26.08 357.96 500.68 2.10 357.75
8681 25.39 170.34 393.55 0.70 362.54
8682 24.01 25.65 26.68 0.40 361.67
8683 23.26 0.00 0.00 0.40 363.07
8684 22.50 0.00 0.00 0.20 359.87
8685 21.75 0.00 0.00 0.10 357.13
8686 21.00 0.00 0.00 0.00 354.63
8687 20.25 0.00 0.00 0.10 351.94
8688 19.49 0.00 0.00 0.10 349.89
8689 18.79 0.00 0.00 0.10 345.71
8690 18.06 0.00 0.00 0.40 343.28
8691 17.34 0.00 0.00 0.40 343.88
8692 16.96 0.00 0.00 0.20 343.55
8693 16.58 0.00 0.00 0.20 346.08
8694 16.32 0.00 0.00 0.30 344.60
8695 16.05 0.00 0.00 0.40 347.29
8696 17.15 41.94 105.76 0.80 352.34
8697 18.79 165.63 145.96 1.30 350.36
8698 20.75 325.38 332.95 2.00 349.25
8699 22.70 472.43 454.34 1.50 342.48
8700 24.21 537.75 409.94 1.00 343.43
8701 25.66 637.73 632.91 1.80 340.49
8702 26.33 621.99 713.46 2.90 339.06
8703 26.56 489.54 635.55 1.80 337.41
8704 26.27 351.19 557.06 1.20 338.75
8705 25.44 167.34 351.29 1.20 348.87
8706 23.94 25.45 20.57 0.90 350.28
8707 23.01 0.00 0.00 0.50 352.42
8708 22.09 0.00 0.00 0.60 349.71
8709 21.16 0.00 0.00 0.30 347.45
8710 20.24 0.00 0.00 0.30 346.65
8711 19.31 0.00 0.00 0.20 348.62
8712 18.38 0.00 0.00 0.50 345.67
8713 17.58 0.00 0.00 0.70 342.94
8714 16.74 0.00 0.00 0.70 343.48
8715 15.89 0.00 0.00 0.90 343.56
8716 15.45 0.00 0.00 0.70 343.64
8717 15.01 0.00 0.00 1.60 340.67
8718 14.70 0.00 0.00 1.80 343.43
8719 14.39 0.00 0.00 1.20 346.03
8720 15.46 41.34 90.93 1.30 346.77
8721 17.25 177.92 284.73 2.70 347.77
8722 19.22 334.75 383.14 2.50 349.63
8723 20.83 430.55 316.02 2.90 347.28
8724 22.48 562.45 488.60 5.00 344.36
8725 23.92 639.66 636.21 6.20 341.65
8726 24.90 631.51 742.14 5.00 344.48
8727 25.38 559.48 868.87 5.00 342.10
8728 25.17 388.62 752.05 4.80 345.99
8729 24.08 188.81 537.72 3.30 350.64
8730 22.53 29.90 57.70 4.80 350.17
8731 21.53 0.00 0.00 4.50 351.34
8732 20.53 0.00 0.00 4.20 345.94
8733 19.54 0.00 0.00 3.30 344.18
8734 18.54 0.00 0.00 3.10 342.94
8735 17.54 0.00 0.00 3.10 341.09
8736 16.54 0.00 0.00 3.30 341.25
8737 15.72 0.00 0.00 2.90 337.66
8738 14.96 0.00 0.00 2.50 336.53
8739 14.19 0.00 0.00 2.50 336.06
8740 13.84 0.00 0.00 1.30 339.35
8741 13.48 0.00 0.00 1.60 338.53
8742 13.26 0.00 0.00 2.30 336.37
8743 13.05 0.00 0.00 1.30 338.03
8744 14.45 47.73 162.90 2.10 342.65
8745 16.81 211.69 446.27 1.30 340.79
8746 19.03 359.22 486.55 1.20 343.76
8747 21.13 496.23 527.18 2.10 342.75
8748 23.25 645.63 706.81 1.30 341.05
8749 24.24 550.88 366.69 2.90 350.22
8750 25.00 559.83 522.73 5.00 347.93
8751 25.37 498.80 637.77 4.80 345.24
8752 24.81 305.77 365.51 2.90 354.24
8753 23.69 164.09 393.63 2.00 350.90
8754 22.19 26.06 20.33 2.50 345.37
8755 20.50 0.00 0.00 1.00 348.37
8756 18.81 0.00 0.00 0.80 344.28
8757 17.13 0.00 0.00 0.90 340.87
8758 15.44 0.00 0.00 1.20 337.42
8759 13.75 0.00 0.00 0.90 333.69
8760 12.06 0.00 0.00 2.70 326.55
