# Location:	Mediterranean/Rome Airport Campino, Year: 2021-2040, Longitude: -12.583, STD longitude: -15, Latitude: 41.800	
# NB: The longitudes are defined negative for values to the east and positive to the west.
TIME ta Ghoris Gbn w10 EL
1 4.21 0.00 0.00 2.20 272.19
2 3.61 0.00 0.00 2.20 271.38
3 3.00 0.00 0.00 2.20 270.24
4 2.68 0.00 0.00 1.30 269.74
5 2.36 0.00 0.00 1.60 269.25
6 2.04 0.00 0.00 1.30 269.69
7 1.81 0.00 0.00 1.60 269.83
8 1.59 5.47 0.00 2.20 268.68
9 4.24 101.91 324.53 0.80 276.31
10 5.31 185.59 328.08 0.80 280.61
11 5.44 162.53 50.37 0.60 290.89
12 6.30 286.10 265.66 1.60 285.39
13 6.81 286.70 187.84 2.20 288.41
14 6.82 214.98 121.71 2.50 291.16
15 5.86 61.24 0.00 2.70 303.73
16 5.18 70.95 20.10 2.50 296.77
17 4.40 20.40 0.00 2.90 294.18
18 3.95 0.00 0.00 3.51 291.53
19 3.50 0.00 0.00 2.90 286.25
20 3.05 0.00 0.00 2.20 282.82
21 2.61 0.00 0.00 2.40 282.09
22 2.16 0.00 0.00 2.90 278.00
23 1.71 0.00 0.00 3.51 273.50
24 1.26 0.00 0.00 2.50 271.63
25 0.94 0.00 0.00 4.01 267.85
26 0.62 0.00 0.00 6.21 263.08
27 0.30 0.00 0.00 5.11 263.43
28 0.14 0.00 0.00 5.81 261.26
29 -0.02 0.00 0.00 6.91 258.82
30 -0.18 0.00 0.00 4.01 255.02
31 -0.29 0.00 0.00 3.51 254.74
32 -0.39 5.42 0.00 2.50 252.40
33 3.32 114.84 582.83 5.41 259.89
34 5.38 241.60 760.72 5.11 263.32
35 7.12 340.26 679.17 4.01 265.10
36 7.53 282.19 230.91 5.41 275.21
37 7.94 309.06 312.16 4.01 274.05
38 7.49 208.69 94.40 5.11 280.71
39 7.17 208.04 295.51 3.00 273.13
40 6.22 106.06 144.51 2.40 276.14
41 4.91 13.23 0.00 3.51 271.89
42 4.47 0.00 0.00 2.90 271.89
43 4.02 0.00 0.00 1.30 271.23
44 3.57 0.00 0.00 1.60 266.94
45 3.12 0.00 0.00 2.00 265.56
46 2.67 0.00 0.00 2.50 265.49
47 2.22 0.00 0.00 2.00 261.91
48 1.77 0.00 0.00 3.81 260.65
49 1.33 0.00 0.00 4.31 258.51
50 0.85 0.00 0.00 3.81 258.46
51 0.37 0.00 0.00 3.81 255.94
52 0.11 0.00 0.00 2.00 253.55
53 -0.15 0.00 0.00 1.80 253.90
54 -0.40 0.00 0.00 1.20 252.26
55 -0.58 0.00 0.00 2.20 249.30
56 -0.77 5.27 0.00 1.10 246.21
57 1.64 104.34 581.47 1.10 252.64
58 3.37 254.93 778.52 1.10 250.45
59 4.91 381.67 649.70 0.70 251.62
60 4.93 255.36 174.01 1.10 267.23
61 5.39 355.82 455.59 1.40 255.44
62 5.25 253.42 233.02 1.40 260.90
63 3.82 23.23 0.00 1.30 282.34
64 2.69 12.69 0.00 1.80 281.11
65 1.80 9.49 0.00 2.70 279.52
66 1.51 0.00 0.00 3.31 276.87
67 1.23 0.00 0.00 2.40 276.08
68 0.95 0.00 0.00 1.60 274.88
69 0.66 0.00 0.00 1.40 272.97
70 0.38 0.00 0.00 3.31 273.55
71 0.10 0.00 0.00 3.51 269.09
72 -0.19 0.00 0.00 6.21 270.17
73 -0.34 0.00 0.00 5.41 268.23
74 -0.47 0.00 0.00 6.61 266.20
75 -0.60 0.00 0.00 6.21 265.52
76 -0.65 0.00 0.00 10.02 265.50
77 -0.71 0.00 0.00 7.61 265.99
78 -0.76 0.00 0.00 4.71 263.67
79 -0.79 0.00 0.00 4.31 264.94
80 -0.82 3.86 0.00 3.00 265.34
81 1.19 53.26 56.39 2.70 269.30
82 3.90 197.07 446.74 3.00 266.08
83 6.33 317.95 572.92 4.71 263.83
84 7.21 281.02 246.37 3.31 274.59
85 8.93 440.40 759.41 3.00 266.66
86 9.81 395.34 881.36 2.90 267.57
87 9.92 296.67 803.75 1.80 270.31
88 8.97 161.51 630.83 2.50 273.02
89 7.34 35.33 194.08 2.00 276.09
90 6.95 0.00 0.00 0.60 275.01
91 6.55 0.00 0.00 0.60 271.82
92 6.15 0.00 0.00 0.60 269.55
93 5.75 0.00 0.00 1.10 268.11
94 5.35 0.00 0.00 1.30 268.98
95 4.95 0.00 0.00 0.40 269.78
96 4.55 0.00 0.00 0.70 270.17
97 4.07 0.00 0.00 2.00 268.50
98 3.57 0.00 0.00 1.60 265.65
99 3.06 0.00 0.00 2.40 263.67
100 2.80 0.00 0.00 2.90 262.13
101 2.53 0.00 0.00 3.81 262.96
102 2.27 0.00 0.00 4.31 264.93
103 2.08 0.00 0.00 2.50 268.36
104 1.90 3.85 0.00 2.50 270.58
105 4.15 76.86 273.91 3.81 278.80
106 5.35 159.84 223.82 4.71 284.22
107 7.73 361.19 720.76 5.81 279.11
108 9.77 478.61 773.02 4.71 279.04
109 10.13 334.29 389.35 3.00 292.80
110 9.97 266.49 232.28 2.00 295.95
111 9.01 149.83 61.61 1.80 304.74
112 7.81 74.18 8.17 1.60 305.36
113 6.55 17.91 0.00 1.10 303.31
114 6.40 0.00 0.00 1.40 302.50
115 6.26 0.00 0.00 1.60 303.13
116 6.11 0.00 0.00 0.60 300.00
117 5.96 0.00 0.00 1.60 299.80
118 5.81 0.00 0.00 1.30 301.23
119 5.66 0.00 0.00 1.10 300.27
120 5.52 0.00 0.00 2.40 298.55
121 5.47 0.00 0.00 2.20 297.53
122 5.49 0.00 0.00 2.20 298.76
123 5.50 0.00 0.00 2.90 298.35
124 5.54 0.00 0.00 3.51 297.76
125 5.58 0.00 0.00 3.31 297.18
126 5.62 0.00 0.00 4.31 296.18
127 5.66 0.00 0.00 5.11 294.16
128 5.71 4.01 0.00 5.41 293.69
129 9.06 88.34 379.27 4.31 299.99
130 11.43 212.73 571.87 4.01 301.42
131 13.26 292.71 518.69 3.51 302.02
132 14.67 362.23 589.12 2.20 302.69
133 15.65 372.83 620.99 1.60 304.52
134 16.21 353.41 658.51 2.00 306.32
135 16.06 255.33 565.13 1.80 310.38
136 14.98 122.96 264.11 1.10 316.74
137 13.53 27.29 61.41 1.10 311.01
138 13.05 0.00 0.00 0.30 309.93
139 12.47 0.00 0.00 0.30 307.69
140 11.89 0.00 0.00 0.20 303.47
141 11.32 0.00 0.00 0.80 304.63
142 10.74 0.00 0.00 0.70 303.06
143 10.16 0.00 0.00 0.40 302.33
144 9.58 0.00 0.00 0.20 302.09
145 8.77 0.00 0.00 0.30 297.92
146 7.89 0.00 0.00 0.20 297.95
147 7.00 0.00 0.00 0.70 300.61
148 6.53 0.00 0.00 0.60 300.29
149 6.05 0.00 0.00 0.80 297.98
150 5.57 0.00 0.00 0.60 295.09
151 5.23 0.00 0.00 1.40 293.30
152 4.88 3.54 0.00 1.60 293.30
153 6.74 60.53 67.71 0.90 297.96
154 7.88 136.43 115.03 0.90 298.66
155 10.13 316.21 496.55 2.40 291.45
156 12.14 432.34 808.39 2.90 285.35
157 13.60 492.09 936.34 3.31 285.33
158 14.32 445.84 909.91 2.90 286.39
159 14.37 341.79 839.35 3.81 290.39
160 13.52 194.33 695.67 3.00 291.18
161 11.96 41.14 268.96 4.01 289.65
162 11.39 0.00 0.00 1.60 295.68
163 10.81 0.00 0.00 1.10 295.61
164 10.24 0.00 0.00 1.40 299.86
165 9.66 0.00 0.00 1.80 301.04
166 9.09 0.00 0.00 0.40 301.65
167 8.51 0.00 0.00 0.60 300.98
168 7.94 0.00 0.00 0.60 303.34
169 7.65 0.00 0.00 1.40 303.71
170 7.37 0.00 0.00 1.30 305.66
171 7.09 0.00 0.00 0.90 306.82
172 6.95 0.00 0.00 0.90 305.93
173 6.82 0.00 0.00 0.90 309.07
174 6.68 0.00 0.00 0.70 307.49
175 6.59 0.00 0.00 0.40 311.52
176 6.51 3.12 0.00 0.90 312.59
177 8.14 43.53 0.00 0.90 320.02
178 10.46 167.15 218.14 1.80 312.63
179 10.92 141.56 10.93 1.60 319.70
180 11.19 145.52 1.11 0.70 323.86
181 11.33 141.87 0.00 0.90 321.46
182 12.76 355.14 518.64 1.80 300.16
183 13.62 344.31 765.23 2.20 295.40
184 13.64 194.86 701.66 3.51 302.85
185 12.71 42.93 286.18 3.81 301.81
186 12.02 0.00 0.00 3.51 301.00
187 11.34 0.00 0.00 2.20 299.90
188 10.65 0.00 0.00 2.50 298.51
189 9.97 0.00 0.00 2.70 297.13
190 9.29 0.00 0.00 4.71 297.66
191 8.60 0.00 0.00 7.61 294.42
192 7.92 0.00 0.00 11.12 292.56
193 7.19 0.00 0.00 11.82 289.56
194 6.43 0.00 0.00 9.52 287.23
195 5.66 0.00 0.00 7.61 284.03
196 5.25 0.00 0.00 7.11 282.76
197 4.85 0.00 0.00 8.31 281.74
198 4.44 0.00 0.00 4.71 280.13
199 4.16 0.00 0.00 3.51 279.86
200 3.87 6.14 0.00 3.51 279.89
201 6.27 102.17 387.53 3.51 285.87
202 7.58 215.68 477.80 6.61 288.03
203 9.27 376.18 731.78 3.81 284.02
204 10.19 393.49 642.06 3.51 291.14
205 11.10 470.41 702.04 3.81 287.12
206 10.64 250.28 192.34 3.81 302.85
207 9.00 25.92 0.00 3.00 321.62
208 7.70 14.65 0.00 5.41 320.03
209 6.72 23.37 0.00 3.31 315.32
210 6.65 0.00 0.00 7.31 315.29
211 6.59 0.00 0.00 6.61 314.21
212 6.53 0.00 0.00 3.81 312.60
213 6.47 0.00 0.00 6.91 311.90
214 6.41 0.00 0.00 6.21 312.31
215 6.34 0.00 0.00 5.81 317.89
216 6.28 0.00 0.00 5.41 320.05
217 6.39 0.00 0.00 3.81 320.06
218 6.26 0.00 0.00 6.21 320.91
219 6.71 0.00 0.00 8.31 322.42
220 6.97 0.00 0.00 7.61 324.43
221 7.13 0.00 0.00 6.61 325.07
222 7.28 0.00 0.00 4.71 325.72
223 7.42 0.00 0.00 5.81 326.26
224 7.56 2.76 0.00 5.81 326.64
225 8.41 21.55 0.00 2.00 328.26
226 9.62 86.09 0.00 0.90 324.08
227 11.51 209.03 124.40 1.30 320.50
228 13.03 271.04 147.18 1.40 314.54
229 14.28 334.52 331.73 2.00 313.46
230 14.04 148.34 7.90 1.80 328.55
231 13.46 91.47 0.00 2.20 329.30
232 12.52 15.97 0.00 1.60 348.28
233 11.81 15.25 0.00 4.71 344.14
234 11.62 0.00 0.00 4.01 334.60
235 11.44 0.00 0.00 2.90 332.34
236 11.25 0.00 0.00 3.31 327.80
237 11.06 0.00 0.00 5.11 326.92
238 10.88 0.00 0.00 4.71 327.22
239 10.69 0.00 0.00 6.61 328.00
240 10.51 0.00 0.00 5.81 326.98
241 9.92 0.00 0.00 7.61 325.02
242 9.23 0.00 0.00 7.31 329.20
243 8.66 0.00 0.00 7.11 329.37
244 8.32 0.00 0.00 3.51 327.10
245 7.98 0.00 0.00 2.20 326.36
246 7.65 0.00 0.00 1.80 325.98
247 7.39 0.00 0.00 1.60 319.92
248 7.17 2.78 0.00 1.80 323.60
249 7.47 10.84 0.00 2.90 321.40
250 9.66 154.37 177.65 3.00 310.07
251 10.45 161.83 27.75 5.41 310.18
252 10.65 140.33 0.00 4.31 315.23
253 10.49 138.09 0.00 5.81 327.83
254 11.01 182.39 42.29 3.00 323.16
255 11.55 260.59 410.27 2.50 300.84
256 11.64 184.58 542.21 1.40 296.84
257 10.96 45.76 294.27 2.00 293.17
258 10.26 0.00 0.00 1.80 290.96
259 9.56 0.00 0.00 2.00 288.34
260 8.86 0.00 0.00 2.40 284.92
261 8.16 0.00 0.00 3.51 280.52
262 7.47 0.00 0.00 3.31 278.96
263 6.77 0.00 0.00 3.31 279.66
264 6.07 0.00 0.00 3.31 278.58
265 5.54 0.00 0.00 2.40 275.12
266 4.93 0.00 0.00 2.20 270.22
267 4.32 0.00 0.00 2.00 271.74
268 3.98 0.00 0.00 3.51 269.45
269 3.64 0.00 0.00 2.70 268.61
270 3.30 0.00 0.00 3.00 269.20
271 3.05 0.00 0.00 1.20 269.45
272 2.79 4.63 0.00 1.80 273.40
273 5.41 79.99 140.41 2.70 284.74
274 5.28 76.82 0.00 2.20 295.71
275 6.79 219.51 145.23 2.50 284.32
276 7.66 237.03 97.31 3.51 289.29
277 8.86 343.57 373.79 2.50 283.21
278 9.34 290.56 287.57 2.90 287.32
279 9.58 273.05 528.70 2.50 283.94
280 9.18 171.48 552.08 2.00 285.38
281 8.07 49.66 305.31 2.00 286.86
282 7.80 0.00 0.00 2.20 287.37
283 7.52 0.00 0.00 2.20 291.62
284 7.25 0.00 0.00 3.31 293.24
285 6.97 0.00 0.00 2.40 294.57
286 6.70 0.00 0.00 3.31 296.12
287 6.43 0.00 0.00 4.71 296.39
288 6.15 0.00 0.00 3.51 297.46
289 6.17 0.00 0.00 2.70 301.26
290 6.27 0.00 0.00 5.11 303.42
291 6.36 0.00 0.00 3.81 305.45
292 6.45 0.00 0.00 3.31 308.05
293 6.53 0.00 0.00 2.20 310.80
294 6.61 0.00 0.00 1.20 311.17
295 6.69 0.00 0.00 2.50 313.75
296 6.77 2.17 0.00 1.80 315.32
297 6.95 7.14 0.00 1.60 319.48
298 8.17 57.93 0.00 2.90 317.45
299 9.69 147.60 13.11 2.20 318.00
300 11.64 262.21 143.98 1.20 301.41
301 13.31 337.04 342.58 0.40 296.02
302 14.07 278.52 175.72 0.40 303.46
303 14.31 215.53 211.39 0.50 303.12
304 13.60 83.64 18.63 0.50 308.71
305 12.64 17.66 0.00 0.30 305.51
306 12.32 0.00 0.00 0.30 305.85
307 11.99 0.00 0.00 0.60 309.79
308 11.67 0.00 0.00 1.10 311.35
309 11.35 0.00 0.00 0.90 314.63
310 11.03 0.00 0.00 1.10 311.47
311 10.71 0.00 0.00 0.70 313.11
312 10.38 0.00 0.00 0.50 315.05
313 9.78 0.00 0.00 0.20 316.91
314 9.15 0.00 0.00 0.20 315.51
315 8.52 0.00 0.00 0.20 314.75
316 8.19 0.00 0.00 0.50 315.42
317 7.72 0.00 0.00 1.30 318.44
318 6.84 0.00 0.00 1.20 319.47
319 7.23 0.00 0.00 0.30 321.58
320 6.83 2.71 0.00 0.50 320.90
321 7.25 7.60 0.00 0.80 324.27
322 7.95 59.14 0.00 0.90 316.93
323 9.07 146.78 11.85 1.10 314.82
324 9.71 163.03 5.65 0.90 319.09
325 10.30 200.01 27.28 0.60 319.30
326 10.90 244.71 109.79 0.90 316.47
327 11.10 190.45 88.38 0.70 308.37
328 10.91 117.72 107.67 0.60 310.63
329 10.29 33.18 87.94 0.40 309.84
330 9.54 0.00 0.00 0.80 305.11
331 8.79 0.00 0.00 1.10 298.12
332 8.04 0.00 0.00 3.31 296.33
333 7.29 0.00 0.00 2.90 295.79
334 6.53 0.00 0.00 2.00 290.36
335 5.78 0.00 0.00 1.40 288.61
336 5.03 0.00 0.00 1.10 284.18
337 4.37 0.00 0.00 1.60 282.88
338 3.66 0.00 0.00 1.20 280.38
339 2.95 0.00 0.00 1.20 279.32
340 2.57 0.00 0.00 1.60 277.64
341 2.18 0.00 0.00 2.70 278.27
342 1.80 0.00 0.00 3.81 275.56
343 1.53 0.00 0.00 4.01 277.04
344 1.26 5.18 0.00 5.11 278.48
345 3.27 66.68 116.87 4.31 281.44
346 5.53 216.39 437.39 4.71 273.68
347 7.55 343.18 703.43 4.31 275.12
348 9.43 458.37 770.12 5.11 275.84
349 10.12 391.63 540.11 6.91 283.45
350 10.08 297.63 287.19 5.81 285.13
351 9.45 219.50 171.27 8.31 287.51
352 8.46 141.78 296.08 6.91 286.37
353 7.07 37.80 131.75 3.81 284.09
354 6.58 0.00 0.00 2.90 281.07
355 6.09 0.00 0.00 3.51 278.76
356 5.60 0.00 0.00 2.90 277.19
357 5.11 0.00 0.00 4.01 273.40
358 4.62 0.00 0.00 3.00 271.81
359 4.13 0.00 0.00 4.31 267.91
360 3.64 0.00 0.00 3.51 267.07
361 3.36 0.00 0.00 4.01 264.15
362 3.02 0.00 0.00 2.70 268.08
363 2.68 0.00 0.00 2.00 268.02
364 2.49 0.00 0.00 1.10 265.94
365 2.29 0.00 0.00 1.80 263.96
366 2.10 0.00 0.00 1.80 264.01
367 1.95 0.00 0.00 2.50 264.70
368 1.80 6.25 0.00 2.00 262.68
369 5.52 101.23 339.04 1.80 271.85
370 7.69 220.32 451.02 3.31 277.59
371 8.94 266.01 292.36 3.00 283.92
372 9.31 241.25 94.06 3.31 290.75
373 9.75 272.98 133.87 3.00 289.70
374 10.61 367.56 482.27 5.41 283.67
375 10.99 327.29 744.50 9.01 282.13
376 10.43 192.25 622.97 4.71 284.13
377 9.02 56.04 360.38 6.21 282.09
378 8.77 0.00 0.00 3.31 278.88
379 8.51 0.00 0.00 2.50 279.77
380 8.26 0.00 0.00 2.70 281.96
381 8.00 0.00 0.00 2.00 279.41
382 7.75 0.00 0.00 1.80 277.78
383 7.49 0.00 0.00 2.40 281.47
384 7.24 0.00 0.00 2.00 285.00
385 7.19 0.00 0.00 2.90 286.91
386 7.15 0.00 0.00 2.40 288.69
387 7.12 0.00 0.00 1.60 291.69
388 7.11 0.00 0.00 2.70 291.10
389 7.10 0.00 0.00 3.00 291.76
390 7.09 0.00 0.00 1.60 290.78
391 7.08 0.00 0.00 2.40 291.89
392 7.08 3.75 0.00 1.80 294.38
393 11.17 102.53 341.21 1.40 305.43
394 13.39 217.83 488.78 1.60 311.00
395 14.92 282.84 327.07 1.80 316.18
396 14.26 128.50 0.00 2.40 333.87
397 15.82 392.09 478.53 2.90 315.94
398 16.97 409.31 763.55 3.31 316.51
399 17.39 331.79 755.91 5.11 316.93
400 16.84 195.80 597.87 5.11 318.61
401 15.47 59.19 345.98 4.31 314.43
402 15.06 0.00 0.00 5.11 312.24
403 14.66 0.00 0.00 6.21 311.67
404 14.25 0.00 0.00 8.31 308.12
405 13.85 0.00 0.00 9.01 309.38
406 13.44 0.00 0.00 8.31 310.45
407 13.10 0.00 0.00 7.61 310.37
408 12.66 0.00 0.00 8.31 307.95
409 12.17 0.00 0.00 8.31 311.27
410 11.67 0.00 0.00 7.61 311.64
411 11.17 0.00 0.00 9.52 310.75
412 10.91 0.00 0.00 13.42 311.40
413 10.66 0.00 0.00 9.01 316.08
414 10.40 0.00 0.00 7.31 316.69
415 10.22 0.00 0.00 4.31 316.86
416 10.05 4.74 0.00 4.01 319.42
417 12.35 79.50 161.61 4.31 327.82
418 13.22 140.00 83.95 4.31 332.61
419 14.54 264.33 271.97 3.31 324.25
420 15.47 301.05 169.82 5.11 330.98
421 16.05 304.71 162.29 4.71 335.07
422 16.17 245.55 115.11 4.71 340.04
423 15.72 156.55 31.27 4.31 346.15
424 14.78 55.61 0.00 4.71 357.61
425 13.82 4.37 0.00 3.00 351.20
426 13.25 0.00 0.00 5.11 349.12
427 12.93 0.00 0.00 5.41 348.64
428 12.43 0.00 0.00 6.61 343.23
429 11.92 0.00 0.00 4.71 340.31
430 11.42 0.00 0.00 3.31 337.46
431 10.91 0.00 0.00 4.01 333.23
432 10.40 0.00 0.00 3.51 329.02
433 9.95 0.00 0.00 4.01 325.10
434 9.53 0.00 0.00 5.41 321.49
435 9.12 0.00 0.00 5.81 317.90
436 8.94 0.00 0.00 2.90 315.60
437 8.76 0.00 0.00 2.70 314.47
438 8.58 0.00 0.00 2.50 310.50
439 8.48 0.00 0.00 3.81 305.97
440 8.38 6.45 0.00 2.20 306.22
441 11.43 105.67 468.27 1.60 316.03
442 13.39 246.50 692.31 4.01 318.81
443 15.13 367.85 815.40 4.31 316.00
444 16.53 444.21 843.08 3.51 309.89
445 17.38 443.60 791.51 4.31 309.73
446 17.80 407.19 786.03 5.81 311.20
447 17.79 326.38 761.69 6.21 308.79
448 17.08 199.40 645.40 6.61 311.77
449 15.85 63.10 350.30 3.00 315.49
450 15.51 0.00 0.00 2.40 323.26
451 15.17 0.00 0.00 1.80 324.58
452 14.82 0.00 0.00 0.90 323.47
453 14.48 0.00 0.00 0.80 325.35
454 14.14 0.00 0.00 0.80 323.58
455 13.80 0.00 0.00 2.50 324.10
456 13.45 0.00 0.00 1.30 324.44
457 12.99 0.00 0.00 2.20 325.21
458 12.43 0.00 0.00 1.80 324.71
459 11.87 0.00 0.00 0.90 325.65
460 11.59 0.00 0.00 0.60 323.24
461 11.31 0.00 0.00 1.10 323.64
462 11.03 0.00 0.00 1.60 325.65
463 10.84 0.00 0.00 1.40 323.56
464 10.66 6.32 0.00 2.40 325.87
465 12.96 78.22 197.69 2.50 332.81
466 14.68 207.52 391.15 2.40 328.63
467 15.72 256.62 179.24 2.20 334.46
468 16.62 312.40 183.95 1.60 332.08
469 17.09 299.38 142.82 1.20 333.20
470 17.16 246.60 108.61 1.10 337.74
471 17.20 243.67 249.98 0.30 330.56
472 17.08 212.90 576.25 0.10 315.64
473 16.25 72.81 437.00 0.10 316.09
474 15.56 0.00 0.00 0.20 316.11
475 14.88 0.00 0.00 0.40 315.94
476 14.19 0.00 0.00 0.30 315.64
477 13.50 0.00 0.00 0.30 315.65
478 12.86 0.00 0.00 0.90 317.83
479 12.12 0.00 0.00 0.90 318.44
480 11.38 0.00 0.00 0.90 318.53
481 10.65 0.00 0.00 1.60 318.57
482 9.82 0.00 0.00 2.40 315.86
483 8.99 0.00 0.00 0.80 312.07
484 8.53 0.00 0.00 2.20 311.96
485 8.08 0.00 0.00 1.60 313.34
486 7.62 0.00 0.00 2.00 315.88
487 7.28 0.00 0.00 2.00 317.90
488 6.81 2.89 0.00 2.00 319.75
489 7.33 16.28 0.00 1.60 325.33
490 9.72 185.22 184.47 2.70 307.45
491 10.07 152.09 15.69 3.31 320.43
492 9.42 36.74 0.00 4.01 331.21
493 8.95 102.93 0.00 3.51 327.61
494 9.62 164.84 28.35 4.31 320.75
495 10.50 339.81 595.20 3.31 301.01
496 10.71 224.67 681.59 4.71 297.43
497 10.19 74.59 418.04 3.51 303.17
498 9.66 0.00 0.00 2.70 298.97
499 9.13 0.00 0.00 3.81 299.50
500 8.61 0.00 0.00 4.01 300.62
501 8.08 0.00 0.00 3.51 304.48
502 7.55 0.00 0.00 3.31 303.56
503 7.03 0.00 0.00 3.00 300.69
504 6.50 0.00 0.00 2.20 299.82
505 6.32 0.00 0.00 1.20 300.01
506 6.14 0.00 0.00 2.20 301.88
507 5.96 0.00 0.00 1.10 305.13
508 5.86 0.00 0.00 0.60 303.36
509 5.77 0.00 0.00 1.30 303.29
510 5.68 0.00 0.00 0.90 306.47
511 5.61 0.00 0.00 0.60 307.39
512 5.55 2.69 0.00 0.70 308.71
513 6.54 26.27 0.00 1.10 311.99
514 7.20 63.46 0.00 2.00 315.17
515 7.82 92.26 0.00 1.10 311.09
516 8.18 103.71 0.00 1.80 317.00
517 8.39 103.16 0.00 2.50 318.53
518 8.75 140.99 0.00 1.40 316.25
519 9.09 157.89 25.17 1.40 313.31
520 8.16 113.45 45.56 1.30 312.31
521 8.37 40.88 53.44 0.80 312.95
522 8.26 0.00 0.00 0.80 313.20
523 8.11 0.00 0.00 0.20 313.20
524 7.73 0.00 0.00 0.60 311.97
525 7.35 0.00 0.00 0.40 310.73
526 6.81 0.00 0.00 0.30 305.96
527 6.28 0.00 0.00 0.60 308.42
528 6.17 0.00 0.00 0.40 304.12
529 5.86 0.00 0.00 0.60 305.85
530 5.48 0.00 0.00 1.80 304.62
531 5.11 0.00 0.00 2.70 305.59
532 4.91 0.00 0.00 3.51 306.99
533 4.72 0.00 0.00 2.50 307.23
534 4.53 0.00 0.00 2.90 306.91
535 4.40 0.00 0.00 2.40 308.61
536 4.27 4.99 0.00 1.60 308.70
537 4.76 13.88 0.00 0.90 307.83
538 5.94 79.29 0.00 0.80 306.40
539 7.92 210.18 86.32 0.60 297.37
540 9.45 270.03 95.70 0.80 297.96
541 10.56 297.86 126.96 0.60 299.92
542 11.32 301.30 178.99 1.10 299.87
543 11.60 250.71 286.79 1.30 300.74
544 11.33 169.41 311.16 1.40 298.15
545 10.45 72.70 232.25 2.20 295.61
546 9.91 0.00 0.00 2.20 294.87
547 9.37 0.00 0.00 1.80 294.59
548 8.83 0.00 0.00 0.70 294.56
549 8.29 0.00 0.00 0.80 291.61
550 7.76 0.00 0.00 0.90 293.38
551 7.22 0.00 0.00 0.80 292.12
552 6.68 0.00 0.00 1.10 292.79
553 6.18 0.00 0.00 1.20 292.70
554 5.62 0.00 0.00 0.70 291.38
555 5.06 0.00 0.00 0.70 290.96
556 4.74 0.00 0.00 1.30 289.23
557 4.43 0.00 0.00 1.30 286.81
558 4.12 0.00 0.00 0.90 286.68
559 3.89 0.00 0.00 1.40 285.27
560 3.66 9.34 0.00 1.30 284.66
561 6.15 71.26 87.72 2.40 291.91
562 8.35 197.73 325.06 1.40 288.84
563 10.00 278.47 274.85 3.31 291.34
564 11.96 408.06 526.17 2.70 290.66
565 12.38 306.21 162.76 3.81 300.74
566 12.52 286.79 170.72 4.31 301.97
567 12.77 319.79 516.09 5.11 290.38
568 12.32 215.24 561.59 5.41 290.58
569 11.01 75.43 316.20 7.31 296.18
570 10.45 1.20 0.00 6.91 295.61
571 9.90 0.00 0.00 4.31 296.90
572 9.35 0.00 0.00 4.31 295.03
573 8.80 0.00 0.00 3.81 295.37
574 8.25 0.00 0.00 5.81 290.95
575 7.70 0.00 0.00 5.11 288.01
576 7.14 0.00 0.00 3.00 287.88
577 6.83 0.00 0.00 4.31 288.87
578 6.50 0.00 0.00 4.31 288.99
579 6.16 0.00 0.00 6.21 288.70
580 5.98 0.00 0.00 5.11 289.76
581 5.80 0.00 0.00 5.11 288.99
582 5.61 0.00 0.00 3.31 286.31
583 5.48 0.00 0.00 4.31 286.69
584 5.35 6.55 0.00 2.90 283.61
585 8.83 94.01 230.80 1.80 292.40
586 11.07 215.61 411.23 1.80 292.13
587 12.75 291.60 312.74 2.00 294.27
588 14.88 452.95 706.18 2.40 290.72
589 16.06 437.88 583.59 3.81 295.80
590 15.87 268.95 141.48 5.11 310.23
591 16.11 346.67 572.36 4.31 296.75
592 15.45 215.38 602.81 5.81 295.56
593 13.95 65.88 280.33 3.81 303.87
594 13.45 1.40 0.00 4.31 298.95
595 13.01 0.00 0.00 3.00 299.77
596 12.48 0.00 0.00 4.31 300.41
597 11.94 0.00 0.00 2.70 298.10
598 11.41 0.00 0.00 2.00 297.37
599 10.87 0.00 0.00 1.60 294.63
600 10.34 0.00 0.00 0.90 293.85
601 9.91 0.00 0.00 0.90 295.67
602 9.52 0.00 0.00 1.40 296.22
603 9.12 0.00 0.00 0.60 294.76
604 8.94 0.00 0.00 1.10 293.07
605 8.76 0.00 0.00 1.10 295.76
606 8.58 0.00 0.00 1.20 296.37
607 8.47 0.00 0.00 2.70 296.26
608 8.36 12.01 0.00 1.20 298.17
609 11.71 115.19 400.35 1.40 305.21
610 13.74 261.55 623.49 1.80 306.05
611 14.95 320.16 414.09 2.00 310.59
612 15.80 353.31 356.52 2.90 313.02
613 16.63 412.08 474.07 1.80 309.43
614 16.48 268.07 134.11 2.90 324.30
615 15.56 143.75 11.35 1.60 330.37
616 14.16 16.29 0.00 3.00 342.13
617 13.08 5.91 0.00 1.80 339.83
618 12.53 0.71 0.00 2.40 339.56
619 11.98 0.00 0.00 2.90 334.72
620 11.43 0.00 0.00 2.50 333.21
621 10.88 0.00 0.00 3.81 327.65
622 10.33 0.00 0.00 2.70 322.57
623 9.78 0.00 0.00 3.81 318.77
624 9.23 0.00 0.00 2.70 319.96
625 8.55 0.00 0.00 1.80 314.84
626 7.83 0.00 0.00 3.00 314.00
627 7.11 0.00 0.00 5.11 310.94
628 6.72 0.00 0.00 5.41 306.75
629 6.34 0.00 0.00 2.70 300.76
630 5.95 0.00 0.00 3.31 297.11
631 5.68 0.00 0.00 4.71 293.88
632 5.41 10.13 0.00 4.71 292.07
633 9.22 121.97 503.04 5.41 299.01
634 11.56 273.34 737.52 6.61 297.53
635 13.51 396.42 836.61 5.81 297.18
636 15.09 483.59 909.34 10.62 292.02
637 16.13 502.88 911.95 10.02 295.48
638 16.63 466.58 898.82 5.11 294.68
639 16.59 374.98 844.43 6.21 300.50
640 15.66 233.19 687.39 6.61 305.03
641 14.11 85.41 425.53 5.41 310.27
642 13.70 1.81 0.00 5.81 312.39
643 13.30 0.00 0.00 3.51 318.38
644 12.95 0.00 0.00 3.51 321.55
645 12.51 0.00 0.00 2.70 325.01
646 12.08 0.00 0.00 2.20 324.27
647 11.65 0.00 0.00 1.10 319.95
648 11.21 0.00 0.00 2.00 321.93
649 10.97 0.00 0.00 0.90 320.67
650 10.71 0.00 0.00 1.30 322.93
651 10.46 0.00 0.00 1.20 323.95
652 10.34 0.00 0.00 1.60 326.01
653 10.17 0.00 0.00 1.10 330.52
654 10.00 0.00 0.00 0.40 333.35
655 9.93 0.00 0.00 0.40 335.88
656 9.86 2.81 0.00 0.30 339.27
657 10.42 19.95 0.00 0.70 342.81
658 10.81 50.98 0.00 0.40 342.60
659 10.68 86.61 0.00 0.30 338.17
660 11.63 135.02 0.00 0.80 340.51
661 12.19 136.83 0.00 0.40 342.12
662 12.40 106.27 0.00 0.10 344.07
663 12.58 85.91 0.00 0.10 343.37
664 12.50 61.84 0.00 0.20 341.55
665 12.14 18.95 0.00 0.20 343.66
666 11.72 0.81 0.00 0.30 341.61
667 11.30 0.00 0.00 0.60 343.20
668 10.84 0.00 0.00 0.60 341.57
669 10.34 0.00 0.00 0.90 337.48
670 9.83 0.00 0.00 1.60 336.10
671 7.68 0.00 0.00 1.30 329.87
672 8.88 0.00 0.00 0.60 336.65
673 7.49 0.00 0.00 0.50 328.23
674 7.49 0.00 0.00 0.40 324.95
675 6.57 0.00 0.00 0.10 323.22
676 6.04 0.00 0.00 0.20 320.12
677 5.70 0.00 0.00 0.40 319.69
678 5.16 0.00 0.00 1.20 316.08
679 4.87 0.00 0.00 0.60 315.51
680 4.50 1.70 0.00 0.10 312.86
681 4.48 9.68 0.00 0.10 313.82
682 4.52 30.12 0.00 0.00 312.39
683 5.07 50.63 0.00 0.10 312.38
684 5.38 89.41 0.00 0.10 311.41
685 5.50 83.74 0.00 0.00 311.20
686 6.84 371.37 363.23 0.00 287.77
687 7.50 299.11 425.73 0.00 292.17
688 7.55 174.16 267.98 0.20 300.98
689 7.09 65.64 144.34 0.50 304.58
690 6.72 2.28 0.00 0.10 305.44
691 6.36 0.00 0.00 0.20 305.16
692 5.99 0.00 0.00 0.10 306.40
693 5.63 0.00 0.00 0.10 306.50
694 5.26 0.00 0.00 0.10 305.72
695 4.90 0.00 0.00 0.20 304.65
696 4.53 0.00 0.00 0.40 302.48
697 4.51 0.00 0.00 0.70 302.19
698 4.59 0.00 0.00 1.10 305.99
699 4.67 0.00 0.00 1.10 306.80
700 4.76 0.00 0.00 1.80 308.06
701 4.85 0.00 0.00 2.00 311.07
702 4.94 0.00 0.00 2.20 312.02
703 5.04 0.00 0.00 1.40 314.00
704 5.13 2.76 0.00 1.60 316.53
705 5.79 13.51 0.00 0.80 320.02
706 6.28 33.47 0.00 0.30 316.81
707 6.98 65.37 0.00 0.50 313.94
708 7.58 85.27 0.00 0.70 313.30
709 8.59 164.97 4.83 0.40 314.95
710 11.81 516.04 655.16 0.30 289.14
711 12.72 283.61 301.16 0.30 304.85
712 12.81 165.21 168.03 0.60 309.17
713 11.94 42.19 0.00 1.10 317.99
714 11.24 1.83 0.00 0.80 311.30
715 10.54 0.00 0.00 1.40 311.19
716 9.84 0.00 0.00 1.10 311.50
717 9.14 0.00 0.00 1.10 307.34
718 8.25 0.00 0.00 1.20 313.21
719 7.65 0.00 0.00 1.10 309.88
720 6.47 0.00 0.00 0.60 306.10
721 5.80 0.00 0.00 0.60 302.42
722 4.42 0.00 0.00 1.10 294.95
723 3.04 0.00 0.00 2.40 287.57
724 2.28 0.00 0.00 1.40 283.54
725 1.53 0.00 0.00 0.50 279.53
726 0.98 0.00 0.00 0.50 276.64
727 0.43 0.00 0.00 0.80 274.81
728 0.52 7.23 0.00 0.90 280.24
729 1.15 56.32 0.00 1.10 280.17
730 1.83 113.63 2.69 0.90 278.93
731 3.22 247.11 125.00 0.60 271.66
732 3.92 239.60 30.47 1.20 275.99
733 4.36 242.98 26.66 0.70 279.11
734 4.79 276.69 124.09 0.30 275.22
735 5.46 373.86 589.64 0.50 261.17
736 5.10 156.56 141.55 0.80 273.28
737 4.30 65.80 76.51 1.60 277.53
738 3.82 5.34 0.00 1.80 278.01
739 3.35 0.00 0.00 2.00 275.35
740 2.88 0.00 0.00 1.60 273.01
741 2.41 0.00 0.00 1.60 273.48
742 1.94 0.00 0.00 1.10 271.71
743 1.47 0.00 0.00 0.60 271.46
744 1.00 0.00 0.00 0.70 268.43
745 1.09 0.00 0.00 0.40 263.55
746 1.26 0.00 0.00 0.40 259.05
747 1.42 0.00 0.00 0.80 260.97
748 1.53 0.00 0.00 1.30 261.17
749 1.64 0.00 0.00 2.70 258.11
750 1.72 0.00 0.00 2.90 261.20
751 1.81 0.00 0.00 3.40 260.78
752 2.31 12.12 0.00 3.10 262.53
753 3.66 82.82 57.88 2.30 262.54
754 5.35 181.33 95.11 2.70 264.65
755 6.99 264.67 124.45 2.70 264.93
756 8.31 307.81 124.13 2.30 269.75
757 9.73 392.90 367.04 1.80 268.93
758 10.66 374.12 386.84 1.60 270.48
759 11.07 308.82 404.35 1.30 273.36
760 11.06 230.99 448.19 1.20 271.61
761 10.29 108.69 388.56 0.80 272.64
762 9.67 5.74 0.00 0.50 274.28
763 9.06 0.00 0.00 0.60 273.54
764 8.44 0.00 0.00 0.40 271.37
765 7.83 0.00 0.00 0.20 271.46
766 7.21 0.00 0.00 0.30 269.32
767 6.59 0.00 0.00 0.00 272.68
768 5.98 0.00 0.00 0.10 271.89
769 5.14 0.00 0.00 0.10 269.51
770 4.23 0.00 0.00 0.20 269.18
771 3.33 0.00 0.00 0.20 267.35
772 2.84 0.00 0.00 0.50 264.54
773 2.35 0.00 0.00 0.50 264.12
774 2.00 0.00 0.00 0.30 264.31
775 1.66 0.00 0.00 0.10 260.72
776 2.04 16.51 0.00 0.10 262.30
777 3.73 146.09 458.44 0.10 263.44
778 5.44 277.61 485.21 0.40 269.25
779 6.04 245.43 123.96 0.80 278.49
780 6.48 264.26 63.32 0.90 281.31
781 6.94 307.27 131.70 0.50 278.51
782 7.93 482.50 672.53 1.20 264.86
783 8.26 363.35 565.67 1.30 270.05
784 7.88 202.39 323.39 1.60 276.67
785 7.07 95.22 272.04 1.60 278.75
786 6.35 6.82 0.00 2.30 273.96
787 5.62 0.00 0.00 0.80 273.12
788 4.90 0.00 0.00 0.40 272.69
789 4.18 0.00 0.00 0.20 273.42
790 3.46 0.00 0.00 0.30 272.32
791 2.74 0.00 0.00 0.40 270.32
792 2.02 0.00 0.00 0.10 270.40
793 1.59 0.00 0.00 0.30 268.17
794 1.06 0.00 0.00 0.20 266.97
795 0.52 0.00 0.00 0.80 264.21
796 0.20 0.00 0.00 0.90 262.09
797 -0.12 0.00 0.00 0.50 259.99
798 -0.37 0.00 0.00 0.30 258.25
799 -0.62 0.00 0.00 0.10 256.52
800 -0.31 15.81 0.00 0.30 257.59
801 1.45 157.52 655.33 0.50 265.05
802 3.42 322.62 832.64 0.80 264.46
803 5.24 457.74 921.22 0.50 257.94
804 6.73 541.41 958.07 1.10 259.48
805 7.79 565.45 966.17 1.00 260.72
806 8.38 530.06 954.97 1.20 265.02
807 8.48 433.09 907.45 1.20 262.86
808 7.94 289.46 806.99 1.50 262.86
809 6.73 123.35 620.85 1.80 265.12
810 6.00 5.90 0.00 0.90 262.11
811 5.27 0.00 0.00 0.80 263.66
812 4.54 0.00 0.00 0.50 263.68
813 3.81 0.00 0.00 0.50 261.81
814 3.08 0.00 0.00 0.80 259.49
815 2.35 0.00 0.00 0.50 260.39
816 1.61 0.00 0.00 0.90 257.33
817 1.34 0.00 0.00 1.10 255.66
818 1.06 0.00 0.00 1.80 255.18
819 0.78 0.00 0.00 3.10 255.24
820 0.63 0.00 0.00 3.60 259.16
821 0.48 0.00 0.00 1.90 258.76
822 0.38 0.00 0.00 1.10 259.32
823 0.28 0.00 0.00 0.50 259.83
824 0.82 16.65 0.00 0.30 263.16
825 2.93 147.05 557.98 0.60 268.70
826 5.22 293.00 709.49 1.00 268.24
827 7.31 408.99 759.94 1.10 266.23
828 9.04 483.21 786.29 1.80 267.50
829 10.35 512.19 823.24 1.30 270.55
830 11.10 473.50 792.01 1.80 272.49
831 11.32 390.63 770.22 1.80 272.93
832 10.85 265.52 702.43 1.90 273.25
833 9.62 112.79 482.16 1.50 275.55
834 9.03 6.50 0.00 0.80 277.20
835 8.44 0.00 0.00 1.50 283.79
836 7.84 0.00 0.00 1.60 279.53
837 7.25 0.00 0.00 1.20 277.29
838 6.66 0.00 0.00 0.80 278.89
839 6.07 0.00 0.00 0.50 280.52
840 5.48 0.00 0.00 1.20 283.82
841 4.93 0.00 0.00 0.80 280.94
842 4.38 0.00 0.00 0.50 281.22
843 3.84 0.00 0.00 1.20 282.44
844 3.56 0.00 0.00 2.30 283.28
845 3.29 0.00 0.00 1.30 286.19
846 3.11 0.00 0.00 1.90 286.37
847 2.93 0.00 0.00 1.90 287.24
848 3.60 24.69 60.49 2.90 291.49
849 4.53 92.18 75.70 4.00 294.39
850 5.93 211.73 165.17 3.60 292.23
851 6.97 262.00 142.45 3.10 294.45
852 9.45 600.52 746.91 4.30 274.98
853 10.84 544.03 880.12 3.20 282.56
854 12.01 587.38 809.81 2.10 279.01
855 11.97 324.91 263.84 1.50 299.76
856 10.39 24.51 0.00 1.80 324.29
857 9.27 56.28 30.63 1.80 315.22
858 8.83 8.71 0.00 3.20 313.10
859 8.40 0.00 0.00 3.10 309.95
860 7.96 0.00 0.00 2.90 309.23
861 7.52 0.00 0.00 3.10 307.75
862 7.09 0.00 0.00 2.10 304.81
863 6.65 0.00 0.00 3.10 302.46
864 6.21 0.00 0.00 3.20 299.87
865 5.77 0.00 0.00 3.70 297.28
866 5.31 0.00 0.00 2.90 298.60
867 4.84 0.00 0.00 1.00 298.49
868 4.59 0.00 0.00 1.50 298.31
869 4.34 0.00 0.00 1.30 300.72
870 4.17 0.00 0.00 1.60 299.16
871 3.94 0.00 0.00 2.10 298.18
872 4.17 9.13 0.00 2.10 300.36
873 4.69 63.65 0.00 1.90 300.41
874 5.02 128.68 5.78 2.30 301.35
875 6.07 217.80 31.48 1.80 300.51
876 6.61 221.51 15.55 2.30 304.27
877 6.80 180.77 2.70 2.50 305.12
878 6.73 129.10 0.00 3.60 306.95
879 6.23 63.63 0.00 2.90 313.45
880 5.72 26.31 0.00 3.10 317.44
881 4.63 11.09 0.00 1.90 314.08
882 5.28 3.92 0.00 2.10 308.42
883 5.04 0.00 0.00 2.50 304.20
884 4.80 0.00 0.00 1.90 300.60
885 4.56 0.00 0.00 3.10 297.37
886 4.31 0.00 0.00 2.50 295.28
887 4.07 0.00 0.00 1.80 288.72
888 3.83 0.00 0.00 2.10 287.61
889 3.71 0.00 0.00 2.90 286.81
890 3.68 0.00 0.00 2.90 284.98
891 3.66 0.00 0.00 3.40 277.71
892 3.70 0.00 0.00 4.50 275.41
893 3.74 0.00 0.00 4.80 272.68
894 3.80 0.00 0.00 3.40 272.03
895 3.86 0.00 0.00 4.50 267.07
896 4.56 27.42 76.99 3.70 266.03
897 6.36 183.33 691.98 2.70 268.34
898 8.35 365.08 857.19 1.80 264.95
899 10.20 512.90 788.08 1.00 265.87
900 11.05 445.40 459.20 1.20 279.97
901 10.42 186.83 17.58 0.90 300.72
902 9.23 43.10 0.00 0.50 311.04
903 8.21 35.54 0.00 0.90 322.31
904 7.61 24.16 0.00 1.30 319.18
905 6.95 10.82 0.00 1.60 315.97
906 6.82 9.35 0.00 1.30 315.22
907 6.62 0.00 0.00 1.80 314.08
908 6.46 0.00 0.00 0.90 316.07
909 5.86 0.00 0.00 0.50 312.65
910 6.10 0.00 0.00 0.80 314.00
911 5.92 0.00 0.00 0.80 312.97
912 5.74 0.00 0.00 0.90 311.94
913 4.40 0.00 0.00 1.60 304.52
914 4.30 0.00 0.00 1.00 303.14
915 3.76 0.00 0.00 0.40 304.51
916 3.34 0.00 0.00 1.30 303.62
917 2.76 0.00 0.00 1.20 302.28
918 2.72 0.00 0.00 1.80 297.96
919 2.48 0.00 0.00 2.30 301.85
920 2.51 3.34 0.00 1.90 302.00
921 2.61 14.95 0.00 1.50 301.67
922 2.81 37.76 0.00 1.50 301.36
923 3.11 71.70 0.00 1.30 301.03
924 3.22 76.99 0.00 2.10 302.04
925 3.36 68.23 0.00 2.90 305.09
926 4.77 423.77 401.34 1.50 278.04
927 5.58 355.99 479.64 1.80 282.09
928 5.85 240.65 452.93 2.70 288.49
929 5.66 115.29 380.19 2.50 292.29
930 5.45 8.70 0.00 1.30 292.83
931 5.25 0.00 0.00 2.30 292.56
932 5.04 0.00 0.00 3.10 294.66
933 4.83 0.00 0.00 3.40 292.64
934 4.63 0.00 0.00 2.30 294.29
935 4.42 0.00 0.00 1.90 294.05
936 4.22 0.00 0.00 1.30 291.65
937 4.26 0.00 0.00 1.10 296.89
938 4.36 0.00 0.00 1.20 296.03
939 4.45 0.00 0.00 1.30 296.06
940 4.52 0.00 0.00 0.90 295.90
941 4.59 0.00 0.00 0.50 299.85
942 4.65 0.00 0.00 1.60 301.72
943 4.71 0.00 0.00 1.60 300.69
944 5.19 11.47 0.00 1.20 297.75
945 5.66 40.89 0.00 1.90 303.11
946 6.77 103.91 0.00 2.90 305.15
947 7.94 168.77 4.85 2.50 294.23
948 9.14 236.11 26.20 2.30 295.74
949 10.75 363.93 176.68 1.80 294.01
950 11.84 348.61 161.47 1.80 299.97
951 12.61 336.97 392.92 1.90 300.22
952 12.81 237.58 379.74 2.50 301.89
953 12.46 143.85 398.86 3.70 295.41
954 11.95 10.96 0.00 2.90 295.58
955 11.44 0.00 0.00 2.90 295.39
956 10.93 0.00 0.00 2.10 294.63
957 10.41 0.00 0.00 2.50 294.97
958 9.90 0.00 0.00 1.20 294.56
959 9.39 0.00 0.00 2.10 294.79
960 8.88 0.00 0.00 2.90 293.69
961 8.18 0.00 0.00 1.60 292.95
962 7.42 0.00 0.00 1.10 292.53
963 6.66 0.00 0.00 2.90 292.33
964 6.25 0.00 0.00 2.30 290.06
965 5.85 0.00 0.00 1.80 291.19
966 5.56 0.00 0.00 1.50 291.41
967 5.27 0.00 0.00 2.90 291.09
968 5.84 21.99 0.00 2.10 296.10
969 7.39 133.97 321.37 1.80 300.12
970 8.88 240.11 293.79 1.90 303.33
971 9.97 293.52 180.05 2.30 302.76
972 11.93 524.83 668.10 1.80 289.93
973 12.81 437.70 361.71 2.30 298.73
974 13.45 467.89 577.92 1.80 295.88
975 13.26 278.54 159.68 1.60 309.73
976 12.89 227.50 313.02 2.10 307.10
977 11.85 89.73 118.28 1.80 317.50
978 10.63 8.67 0.00 2.50 317.93
979 10.22 0.00 0.00 2.50 317.29
980 9.80 0.00 0.00 1.80 315.86
981 9.38 0.00 0.00 0.80 316.12
982 8.97 0.00 0.00 0.50 317.96
983 8.55 0.00 0.00 0.50 318.18
984 8.13 0.00 0.00 0.40 315.55
985 7.93 0.00 0.00 0.10 317.62
986 7.66 0.00 0.00 0.20 318.76
987 7.56 0.00 0.00 0.20 319.01
988 7.49 0.00 0.00 0.10 320.36
989 7.40 0.00 0.00 0.30 320.67
990 7.34 0.00 0.00 0.60 321.13
991 7.27 0.00 0.00 1.60 321.60
992 7.14 7.79 0.00 1.80 321.68
993 8.02 42.71 0.00 1.60 326.58
994 8.53 70.45 0.00 0.80 328.20
995 9.26 132.84 0.00 0.80 326.81
996 9.85 163.82 0.00 1.00 326.69
997 10.09 153.19 0.00 1.50 331.18
998 10.46 158.45 0.00 2.50 330.55
999 10.31 101.04 0.00 4.00 336.74
1000 9.81 93.88 0.00 5.40 334.02
1001 10.11 50.47 0.00 4.00 331.63
1002 9.41 5.26 0.00 3.60 332.32
1003 8.92 0.00 0.00 6.20 329.76
1004 8.96 0.00 0.00 5.10 329.29
1005 8.70 0.00 0.00 5.10 327.87
1006 6.51 0.00 0.00 5.10 317.18
1007 7.24 0.00 0.00 6.60 321.07
1008 7.63 0.00 0.00 6.20 323.49
1009 7.55 0.00 0.00 6.80 322.40
1010 7.20 0.00 0.00 7.30 320.64
1011 7.01 0.00 0.00 7.30 320.66
1012 6.82 0.00 0.00 7.70 318.94
1013 6.73 0.00 0.00 7.00 319.54
1014 6.65 0.00 0.00 8.10 319.26
1015 6.56 0.00 0.00 7.70 318.97
1016 6.67 9.39 0.00 5.60 318.93
1017 7.31 42.53 0.00 4.80 320.28
1018 7.88 84.98 0.00 4.80 319.04
1019 8.35 110.80 0.00 4.80 317.35
1020 9.01 175.17 2.14 3.20 311.00
1021 9.74 237.74 13.93 2.90 310.63
1022 10.07 189.29 4.58 3.40 313.12
1023 10.22 159.77 2.79 3.10 312.32
1024 10.08 99.74 0.00 3.20 313.13
1025 9.57 16.55 0.00 3.10 317.69
1026 9.04 5.17 0.00 1.80 326.10
1027 8.58 0.00 0.00 2.50 322.91
1028 7.60 0.00 0.00 3.10 319.86
1029 7.39 0.00 0.00 3.60 318.08
1030 6.79 0.00 0.00 4.30 315.65
1031 6.49 0.00 0.00 5.40 309.13
1032 4.94 0.00 0.00 5.80 308.54
1033 5.58 0.00 0.00 5.10 307.01
1034 5.03 0.00 0.00 4.30 303.01
1035 4.47 0.00 0.00 4.50 300.60
1036 4.19 0.00 0.00 4.00 300.69
1037 3.90 0.00 0.00 3.70 294.61
1038 3.70 0.00 0.00 4.00 293.02
1039 3.50 0.00 0.00 5.40 291.44
1040 4.12 19.78 0.00 4.30 294.19
1041 4.81 64.78 0.00 4.30 294.65
1042 6.05 160.83 20.13 3.70 295.42
1043 7.07 211.98 26.19 5.60 284.61
1044 8.87 399.96 275.12 3.40 276.80
1045 10.17 420.02 281.95 3.70 279.55
1046 11.71 555.16 780.22 4.00 270.73
1047 12.40 439.39 792.69 6.00 276.96
1048 12.48 312.79 680.35 6.60 276.62
1049 11.70 146.70 465.63 5.60 281.38
1050 10.44 20.84 22.59 6.40 282.26
1051 9.93 0.00 0.00 5.10 285.48
1052 9.43 0.00 0.00 2.70 285.17
1053 8.92 0.00 0.00 0.90 285.93
1054 8.41 0.00 0.00 0.90 287.71
1055 7.91 0.00 0.00 0.50 287.61
1056 7.40 0.00 0.00 1.20 287.60
1057 6.98 0.00 0.00 0.60 285.96
1058 6.59 0.00 0.00 1.00 285.39
1059 6.21 0.00 0.00 1.00 283.89
1060 6.03 0.00 0.00 0.90 285.65
1061 5.85 0.00 0.00 0.80 292.81
1062 5.74 0.00 0.00 1.50 292.90
1063 5.64 0.00 0.00 2.50 298.14
1064 6.47 25.59 5.82 3.70 300.79
1065 7.99 121.68 134.76 3.70 305.79
1066 9.20 186.23 59.42 5.80 310.87
1067 10.49 273.03 101.38 5.80 303.78
1068 12.54 476.41 462.35 6.20 293.29
1069 14.34 587.88 778.25 7.60 290.67
1070 15.05 442.82 379.17 6.80 299.65
1071 15.67 463.37 675.15 4.30 289.97
1072 15.18 226.62 248.33 5.10 303.29
1073 14.14 95.26 97.99 4.00 308.77
1074 12.99 13.40 0.00 4.00 308.46
1075 12.17 0.00 0.00 3.40 313.04
1076 11.35 0.00 0.00 3.10 311.54
1077 10.54 0.00 0.00 3.10 308.37
1078 9.72 0.00 0.00 3.20 305.21
1079 8.90 0.00 0.00 3.10 301.15
1080 8.09 0.00 0.00 4.80 299.09
1081 7.13 0.00 0.00 3.70 295.25
1082 6.09 0.00 0.00 4.30 291.21
1083 5.05 0.00 0.00 3.60 289.21
1084 4.48 0.00 0.00 4.30 287.65
1085 3.91 0.00 0.00 2.30 286.86
1086 3.51 0.00 0.00 2.90 284.04
1087 3.10 0.00 0.00 5.10 284.42
1088 3.90 31.87 75.69 3.70 285.66
1089 5.37 144.15 261.17 2.90 288.96
1090 7.30 306.12 521.20 3.40 285.07
1091 9.18 443.50 649.82 2.70 279.39
1092 10.48 481.15 564.86 5.10 284.30
1093 11.37 492.83 527.62 6.40 285.71
1094 11.80 447.00 461.29 6.00 284.92
1095 11.75 347.55 357.13 5.60 290.22
1096 11.14 235.91 301.31 4.80 291.63
1097 10.07 119.17 261.96 6.40 292.79
1098 8.75 16.72 0.00 6.20 290.06
1099 8.13 0.00 0.00 5.60 289.68
1100 7.51 0.00 0.00 4.50 288.13
1101 6.89 0.00 0.00 4.00 287.41
1102 6.27 0.00 0.00 2.10 283.75
1103 5.66 0.00 0.00 1.90 283.47
1104 5.04 0.00 0.00 2.90 281.96
1105 4.80 0.00 0.00 3.20 280.86
1106 4.56 0.00 0.00 2.30 281.51
1107 4.32 0.00 0.00 1.50 281.75
1108 4.20 0.00 0.00 3.10 279.92
1109 4.08 0.00 0.00 2.70 278.72
1110 4.00 0.00 0.00 2.70 276.52
1111 3.92 0.00 0.00 3.10 280.96
1112 5.05 33.26 83.56 2.90 282.08
1113 7.26 162.70 361.34 2.30 286.09
1114 9.10 260.23 291.57 2.30 293.45
1115 11.05 380.81 388.34 2.70 290.08
1116 12.86 475.20 512.71 2.30 288.84
1117 14.01 488.87 486.24 1.80 289.55
1118 14.89 494.73 625.69 2.30 288.70
1119 15.36 447.50 769.81 2.90 289.39
1120 15.20 315.77 652.95 2.50 293.49
1121 14.19 152.63 445.89 4.30 302.20
1122 12.77 24.78 41.44 4.80 297.20
1123 12.23 0.00 0.00 4.00 305.27
1124 11.69 0.00 0.00 3.40 304.99
1125 11.15 0.00 0.00 3.10 303.50
1126 10.60 0.00 0.00 3.20 301.86
1127 10.06 0.00 0.00 2.90 301.46
1128 9.52 0.00 0.00 2.50 305.16
1129 8.98 0.00 0.00 2.70 304.64
1130 8.43 0.00 0.00 3.40 305.77
1131 7.87 0.00 0.00 3.20 302.74
1132 7.59 0.00 0.00 2.70 302.37
1133 7.30 0.00 0.00 3.40 303.44
1134 7.11 0.00 0.00 4.50 303.91
1135 6.91 0.00 0.00 5.40 303.88
1136 7.67 29.11 24.13 4.30 308.34
1137 9.22 147.32 210.85 3.60 308.92
1138 11.43 340.19 567.98 4.30 302.47
1139 13.25 448.88 582.51 5.10 306.23
1140 13.91 392.76 204.84 5.40 317.58
1141 14.13 326.43 90.00 6.00 322.49
1142 14.15 293.08 68.26 6.00 322.50
1143 14.29 332.33 263.82 6.40 314.61
1144 13.16 34.60 0.00 4.30 338.44
1145 12.02 12.16 0.00 3.40 334.42
1146 11.05 2.07 0.00 3.60 331.13
1147 10.57 0.00 0.00 4.30 328.87
1148 10.08 0.00 0.00 4.50 327.03
1149 9.60 0.00 0.00 4.00 325.31
1150 9.06 0.00 0.00 4.50 324.78
1151 8.63 0.00 0.00 4.80 326.27
1152 8.14 0.00 0.00 5.10 322.01
1153 7.72 0.00 0.00 4.80 319.50
1154 7.31 0.00 0.00 6.40 316.98
1155 6.90 0.00 0.00 4.80 314.45
1156 6.70 0.00 0.00 3.70 313.12
1157 6.50 0.00 0.00 3.10 312.88
1158 6.36 0.00 0.00 3.10 311.14
1159 6.23 0.00 0.00 2.70 306.53
1160 7.31 33.15 57.31 3.60 308.74
1161 8.48 105.02 41.82 3.40 303.99
1162 10.23 230.58 140.80 1.80 298.11
1163 12.16 359.97 269.86 1.80 293.07
1164 13.93 473.78 456.89 1.30 291.19
1165 15.25 501.24 502.78 1.00 292.44
1166 15.96 446.59 399.84 0.80 294.62
1167 16.41 424.79 561.52 0.50 292.27
1168 15.96 243.55 237.56 1.00 299.27
1169 15.24 170.64 400.32 0.60 293.06
1170 13.99 29.64 105.98 0.60 292.77
1171 13.24 0.00 0.00 0.30 297.54
1172 12.52 0.00 0.00 0.20 297.29
1173 11.71 0.00 0.00 0.80 295.48
1174 10.91 0.00 0.00 0.60 295.81
1175 10.11 0.00 0.00 0.50 295.04
1176 9.31 0.00 0.00 1.10 291.92
1177 8.48 0.00 0.00 0.50 288.23
1178 7.59 0.00 0.00 0.30 289.89
1179 6.71 0.00 0.00 1.30 290.97
1180 6.24 0.00 0.00 1.90 288.08
1181 5.77 0.00 0.00 0.80 286.09
1182 5.43 0.00 0.00 1.20 284.40
1183 5.10 0.00 0.00 2.30 287.19
1184 6.27 40.67 153.04 1.20 291.32
1185 8.40 186.82 502.08 0.80 295.99
1186 10.80 359.02 696.07 0.90 294.95
1187 13.03 499.98 831.69 1.10 289.87
1188 14.56 564.22 801.84 1.20 293.58
1189 15.61 566.53 741.17 1.60 292.20
1190 16.21 532.67 733.89 2.50 294.79
1191 16.30 434.63 652.03 2.30 299.89
1192 15.80 312.67 611.76 1.60 299.48
1193 14.61 151.19 425.27 1.50 305.77
1194 13.16 24.35 17.67 0.80 303.60
1195 12.25 0.00 0.00 0.90 305.52
1196 11.34 0.00 0.00 1.00 301.41
1197 10.43 0.00 0.00 1.50 296.99
1198 9.52 0.00 0.00 2.10 294.95
1199 8.61 0.00 0.00 4.00 286.90
1200 7.71 0.00 0.00 3.20 283.81
1201 7.04 0.00 0.00 2.70 283.83
1202 6.31 0.00 0.00 1.90 286.21
1203 5.59 0.00 0.00 1.90 285.40
1204 5.20 0.00 0.00 2.70 287.59
1205 4.81 0.00 0.00 1.20 284.17
1206 4.53 0.00 0.00 1.10 282.86
1207 4.26 0.00 0.00 1.50 281.70
1208 5.53 42.90 156.97 2.50 284.23
1209 7.88 199.06 560.76 3.40 288.62
1210 10.30 360.62 716.21 4.50 288.32
1211 12.18 451.65 632.21 4.00 290.17
1212 13.61 522.05 639.77 6.20 288.14
1213 14.80 573.53 696.08 5.40 283.73
1214 15.35 505.43 590.94 6.20 285.53
1215 15.41 410.80 490.90 6.60 288.61
1216 14.88 295.07 472.93 7.30 291.08
1217 13.77 156.62 436.95 5.60 292.58
1218 12.28 26.53 35.67 5.10 292.70
1219 11.60 0.00 0.00 5.40 296.51
1220 10.92 0.00 0.00 4.80 295.82
1221 10.24 0.00 0.00 4.50 296.38
1222 9.55 0.00 0.00 6.00 294.06
1223 8.87 0.00 0.00 4.30 292.65
1224 8.19 0.00 0.00 3.60 291.80
1225 7.75 0.00 0.00 2.90 289.82
1226 7.28 0.00 0.00 3.60 288.12
1227 6.81 0.00 0.00 3.70 286.28
1228 6.57 0.00 0.00 3.70 286.62
1229 6.32 0.00 0.00 2.90 284.13
1230 6.15 0.00 0.00 1.90 283.65
1231 5.98 0.00 0.00 2.30 288.40
1232 7.35 44.15 156.82 3.70 287.73
1233 9.34 171.50 340.25 3.40 293.94
1234 11.66 329.14 506.61 2.70 292.92
1235 13.97 493.58 733.98 1.90 284.25
1236 15.62 542.01 675.89 1.10 288.55
1237 16.69 539.12 586.12 1.90 294.75
1238 17.05 442.11 348.30 2.10 301.47
1239 16.97 358.00 313.15 3.70 299.62
1240 16.31 250.85 178.87 5.40 299.62
1241 15.24 142.49 309.14 5.10 301.94
1242 13.84 28.19 30.96 4.50 300.94
1243 13.27 0.00 0.00 4.80 306.55
1244 12.74 0.00 0.00 4.50 308.63
1245 12.13 0.00 0.00 4.50 308.01
1246 11.52 0.00 0.00 3.70 308.28
1247 10.91 0.00 0.00 3.20 305.74
1248 10.30 0.00 0.00 2.90 305.45
1249 9.79 0.00 0.00 1.90 308.88
1250 9.26 0.00 0.00 2.50 308.28
1251 8.73 0.00 0.00 4.00 308.59
1252 8.45 0.00 0.00 6.00 311.88
1253 8.18 0.00 0.00 4.00 314.96
1254 7.98 0.00 0.00 5.10 315.01
1255 7.79 0.00 0.00 3.60 319.01
1256 8.48 21.67 0.00 3.20 322.97
1257 8.62 31.42 0.00 2.70 332.06
1258 8.98 61.90 0.00 3.70 332.53
1259 11.33 327.86 164.43 2.50 312.02
1260 12.59 305.66 44.03 2.10 317.56
1261 13.53 344.69 100.47 3.20 319.61
1262 14.84 488.34 449.93 4.00 307.83
1263 15.52 408.33 418.77 4.30 313.16
1264 15.90 368.32 697.74 5.10 308.85
1265 15.51 189.77 560.93 4.80 316.19
1266 14.46 38.82 187.42 4.80 317.66
1267 14.05 0.00 0.00 5.10 321.02
1268 13.64 0.00 0.00 3.20 320.40
1269 13.22 0.00 0.00 4.30 320.22
1270 12.85 0.00 0.00 4.00 318.36
1271 12.41 0.00 0.00 2.70 319.26
1272 11.96 0.00 0.00 2.30 320.96
1273 11.62 0.00 0.00 2.70 324.80
1274 11.29 0.00 0.00 3.40 323.63
1275 10.96 0.00 0.00 2.10 324.98
1276 10.80 0.00 0.00 2.70 325.69
1277 10.64 0.00 0.00 4.30 329.37
1278 10.54 0.00 0.00 5.60 328.50
1279 10.44 0.00 0.00 5.60 330.51
1280 11.54 39.31 71.26 4.50 334.01
1281 14.06 229.45 494.05 4.30 320.55
1282 15.80 334.69 448.80 4.00 325.60
1283 16.81 355.26 193.24 4.50 331.94
1284 18.01 467.66 351.04 4.50 329.01
1285 18.16 319.33 91.41 4.30 341.61
1286 17.70 215.37 10.71 4.80 349.64
1287 17.03 156.77 0.00 6.00 350.08
1288 16.24 99.32 0.00 5.60 351.55
1289 15.44 108.72 77.99 5.10 345.84
1290 14.78 27.40 14.92 3.60 342.80
1291 14.41 0.00 0.00 2.10 341.39
1292 13.99 0.00 0.00 1.30 339.69
1293 13.57 0.00 0.00 1.80 339.66
1294 13.22 0.00 0.00 1.80 338.85
1295 12.76 0.00 0.00 1.90 340.19
1296 12.31 0.00 0.00 2.30 338.01
1297 11.26 0.00 0.00 1.20 338.05
1298 11.17 0.00 0.00 1.50 334.95
1299 10.55 0.00 0.00 2.10 335.59
1300 10.45 0.00 0.00 3.20 334.54
1301 10.14 0.00 0.00 2.50 331.58
1302 9.97 0.00 0.00 2.10 332.96
1303 9.78 0.00 0.00 2.70 332.24
1304 10.49 22.73 0.00 1.90 336.37
1305 10.69 39.53 0.00 1.20 335.84
1306 11.27 83.18 0.00 1.30 335.69
1307 12.02 144.37 0.00 1.00 330.01
1308 13.72 355.08 123.10 0.60 322.09
1309 14.79 347.91 90.84 1.10 326.41
1310 15.52 340.99 93.65 1.80 327.67
1311 15.87 288.27 81.53 2.10 327.55
1312 16.02 253.37 202.37 2.30 326.37
1313 15.85 180.39 356.19 1.50 322.23
1314 15.07 43.48 225.81 2.70 321.76
1315 14.48 0.00 0.00 4.30 317.47
1316 13.88 0.00 0.00 3.70 318.87
1317 13.29 0.00 0.00 2.90 318.70
1318 12.73 0.00 0.00 2.50 316.66
1319 12.10 0.00 0.00 2.10 317.78
1320 11.46 0.00 0.00 2.30 315.98
1321 10.93 0.00 0.00 3.70 313.13
1322 10.41 0.00 0.00 4.00 309.40
1323 9.57 0.00 0.00 4.80 313.34
1324 9.63 0.00 0.00 4.30 314.60
1325 9.37 0.00 0.00 4.80 314.46
1326 9.19 0.00 0.00 4.30 317.37
1327 9.02 0.00 0.00 3.10 312.04
1328 10.46 52.60 166.40 1.90 318.36
1329 11.84 153.32 111.10 2.50 321.63
1330 13.26 258.11 118.90 2.10 315.29
1331 14.04 301.61 77.57 3.10 332.33
1332 15.02 366.66 126.70 1.50 320.71
1333 15.56 353.53 91.66 1.20 321.83
1334 16.15 410.58 210.26 1.20 317.76
1335 16.33 324.17 166.08 1.30 322.39
1336 15.38 86.56 0.00 1.10 352.60
1337 14.36 13.53 0.00 1.10 343.67
1338 13.49 10.02 0.00 0.80 334.96
1339 12.85 0.00 0.00 0.60 328.62
1340 12.12 0.00 0.00 1.80 325.64
1341 11.38 0.00 0.00 2.10 324.44
1342 10.64 0.00 0.00 2.70 319.87
1343 9.90 0.00 0.00 2.70 313.64
1344 9.17 0.00 0.00 3.40 311.84
1345 8.41 0.00 0.00 3.20 306.17
1346 7.60 0.00 0.00 3.10 300.27
1347 6.78 0.00 0.00 4.30 296.76
1348 6.34 0.00 0.00 3.60 292.13
1349 5.90 0.00 0.00 2.70 292.01
1350 5.59 0.00 0.00 2.50 292.04
1351 5.27 0.00 0.00 3.20 292.63
1352 7.15 62.97 263.75 4.80 297.78
1353 9.21 200.38 400.44 4.00 297.22
1354 11.29 339.99 470.27 6.00 300.03
1355 13.34 485.79 629.93 7.00 292.35
1356 15.12 592.93 766.96 6.60 292.68
1357 16.36 607.33 739.26 7.30 297.75
1358 16.95 539.32 610.90 9.00 302.13
1359 17.16 480.42 666.99 12.90 298.49
1360 16.65 329.08 531.79 10.80 304.78
1361 15.43 168.30 383.82 9.70 309.19
1362 13.84 35.29 98.50 9.00 304.88
1363 13.22 0.00 0.00 8.50 312.82
1364 12.48 0.00 0.00 8.10 309.20
1365 11.74 0.00 0.00 7.90 305.96
1366 11.00 0.00 0.00 6.80 302.48
1367 10.26 0.00 0.00 7.30 303.09
1368 9.52 0.00 0.00 7.60 302.78
1369 9.06 0.00 0.00 7.00 303.06
1370 8.61 0.00 0.00 7.80 299.61
1371 8.16 0.00 0.00 9.70 300.17
1372 7.94 0.00 0.00 6.00 298.54
1373 7.73 0.00 0.00 7.30 301.37
1374 7.59 0.00 0.00 9.70 302.47
1375 7.45 0.00 0.00 10.80 304.13
1376 9.78 77.02 283.14 9.00 309.60
1377 12.05 227.42 528.42 8.10 309.48
1378 14.29 390.14 690.37 8.50 309.65
1379 16.05 482.07 592.01 8.50 307.28
1380 17.67 580.94 630.53 10.80 304.58
1381 18.42 510.05 366.00 9.00 311.11
1382 18.73 451.32 305.86 8.50 311.98
1383 18.91 434.69 434.33 7.00 310.66
1384 18.69 349.91 601.10 5.80 313.11
1385 17.83 204.79 599.06 6.60 310.45
1386 16.46 49.09 271.54 7.00 308.86
1387 15.61 0.00 0.00 6.20 311.53
1388 14.76 0.00 0.00 6.80 309.40
1389 13.91 0.00 0.00 6.20 307.70
1390 13.13 0.00 0.00 5.40 305.39
1391 12.21 0.00 0.00 5.40 304.97
1392 11.30 0.00 0.00 5.10 302.59
1393 10.31 0.00 0.00 5.10 305.42
1394 9.25 0.00 0.00 4.80 304.98
1395 8.19 0.00 0.00 4.00 300.90
1396 7.62 0.00 0.00 4.00 299.72
1397 7.06 0.00 0.00 3.40 301.14
1398 6.66 0.00 0.00 3.70 301.50
1399 6.26 0.62 0.00 4.00 301.04
1400 7.41 41.74 13.88 3.60 301.68
1401 9.38 180.13 200.50 2.50 298.06
1402 11.04 287.50 162.91 1.10 298.29
1403 12.81 419.55 314.79 1.30 289.12
1404 13.40 360.88 112.35 1.90 295.77
1405 14.28 464.15 260.95 2.10 291.35
1406 15.36 586.03 671.37 2.50 277.80
1407 15.72 458.19 559.45 1.30 282.39
1408 15.53 325.97 496.34 1.50 279.97
1409 14.66 174.20 375.44 1.30 285.27
1410 13.35 36.10 75.41 1.50 288.51
1411 12.34 0.00 0.00 1.20 296.56
1412 11.26 0.00 0.00 0.80 292.96
1413 10.17 0.00 0.00 1.20 293.01
1414 9.08 0.00 0.00 1.50 293.25
1415 7.99 0.00 0.00 1.30 293.06
1416 6.90 0.00 0.00 1.20 290.55
1417 5.93 0.00 0.00 1.20 293.90
1418 5.06 0.00 0.00 0.90 290.99
1419 4.20 0.00 0.00 0.70 293.08
1420 3.72 0.00 0.00 0.50 295.22
1421 3.25 0.00 0.00 0.30 294.64
1422 2.90 0.00 0.00 0.30 298.77
1423 2.56 1.15 0.00 0.40 302.56
1424 2.61 6.49 0.00 0.20 304.61
1425 2.66 19.49 0.00 0.30 304.40
1426 5.51 430.41 581.34 0.50 278.82
1427 7.62 571.13 882.40 0.40 274.49
1428 9.23 658.44 751.37 0.40 275.96
1429 9.08 317.18 118.56 0.30 295.91
1430 9.92 643.66 746.26 0.50 277.32
1431 10.27 544.14 869.29 0.50 282.23
1432 10.17 393.64 766.48 0.60 289.10
1433 9.43 214.45 584.31 0.90 291.92
1434 8.28 54.59 283.12 1.30 285.42
1435 7.82 0.00 0.00 0.80 287.66
1436 7.35 0.00 0.00 0.50 284.70
1437 6.89 0.00 0.00 1.81 284.14
1438 6.42 0.00 0.00 0.90 280.92
1439 5.96 0.00 0.00 0.90 284.44
1440 5.49 0.00 0.00 0.70 287.73
1441 5.39 0.00 0.00 0.70 288.91
1442 5.29 0.00 0.00 0.30 289.93
1443 5.19 0.00 0.00 0.60 288.01
1444 5.14 0.00 0.00 0.90 287.11
1445 5.09 0.00 0.00 0.90 285.83
1446 5.06 0.00 0.00 0.60 280.95
1447 5.03 1.43 0.00 0.60 282.15
1448 6.98 73.87 264.11 0.50 285.82
1449 8.77 208.80 282.45 2.41 285.90
1450 8.55 124.28 0.00 2.71 315.24
1451 8.48 114.81 0.00 4.12 304.62
1452 7.82 89.73 0.00 5.22 319.34
1453 9.71 449.25 227.51 4.42 303.87
1454 10.14 326.03 74.74 5.92 313.16
1455 10.73 344.72 173.23 3.91 311.60
1456 11.47 455.72 683.88 4.92 296.58
1457 11.51 257.86 770.03 3.51 288.29
1458 10.75 59.09 353.85 3.51 285.97
1459 10.22 0.00 0.00 2.01 289.57
1460 9.69 0.00 0.00 2.01 288.66
1461 9.15 0.00 0.00 2.41 289.04
1462 8.62 0.00 0.00 3.11 290.18
1463 8.09 0.00 0.00 3.31 284.83
1464 7.55 0.00 0.00 3.31 282.65
1465 7.01 0.00 0.00 2.41 284.33
1466 6.40 0.00 0.00 0.80 283.81
1467 5.78 0.00 0.00 1.20 284.89
1468 5.44 0.00 0.00 1.20 285.40
1469 5.10 0.00 0.00 1.51 282.58
1470 4.85 0.00 0.00 1.30 281.00
1471 4.59 1.50 0.00 2.21 283.88
1472 5.84 65.79 128.63 3.11 291.00
1473 6.35 115.46 12.60 1.00 298.96
1474 7.22 261.59 114.46 0.70 298.30
1475 8.28 301.80 59.20 0.50 302.92
1476 8.96 361.78 101.08 0.60 293.74
1477 9.02 257.10 15.98 0.70 300.82
1478 9.25 326.49 44.88 0.90 296.06
1479 9.28 278.89 72.14 1.00 292.15
1480 9.58 405.66 633.45 1.81 272.64
1481 9.26 193.55 287.10 3.51 284.18
1482 8.37 9.72 0.00 2.71 312.64
1483 8.03 0.00 0.00 3.31 317.22
1484 7.69 0.00 0.00 2.21 317.71
1485 7.35 0.00 0.00 2.71 311.74
1486 7.01 0.00 0.00 2.41 312.87
1487 6.66 0.00 0.00 1.30 311.70
1488 6.32 0.00 0.00 2.41 307.45
1489 6.29 0.00 0.00 4.12 306.95
1490 6.29 0.00 0.00 3.51 306.35
1491 6.29 0.00 0.00 3.51 307.81
1492 6.31 0.00 0.00 3.31 306.71
1493 6.32 0.00 0.00 3.91 306.52
1494 6.15 0.00 0.00 2.41 307.18
1495 6.08 1.83 0.00 3.11 308.23
1496 6.49 49.92 15.54 3.51 310.77
1497 7.80 109.81 1.40 3.31 310.80
1498 9.31 226.21 33.09 4.42 310.53
1499 10.09 253.36 20.90 3.11 316.52
1500 10.67 283.07 22.67 3.91 319.72
1501 11.05 288.17 21.35 4.12 322.02
1502 11.33 292.29 26.64 4.92 322.37
1503 11.48 215.12 13.09 4.62 326.40
1504 11.01 92.83 0.00 4.12 331.53
1505 10.34 22.43 0.00 3.11 325.80
1506 9.81 22.46 0.00 4.42 316.26
1507 9.41 0.00 0.00 3.91 313.44
1508 9.01 0.00 0.00 4.92 313.08
1509 8.60 0.00 0.00 4.42 312.94
1510 8.20 0.00 0.00 3.31 310.08
1511 7.80 0.00 0.00 3.91 308.84
1512 7.40 0.00 0.00 5.22 304.74
1513 6.88 0.00 0.00 4.42 300.27
1514 6.29 0.00 0.00 3.71 298.66
1515 5.71 0.00 0.00 3.91 295.19
1516 5.40 0.00 0.00 3.51 291.34
1517 5.08 0.00 0.00 3.71 289.22
1518 4.85 0.00 0.00 5.22 284.21
1519 4.62 3.39 0.00 3.71 286.32
1520 6.95 104.48 461.95 2.71 290.07
1521 8.93 283.12 722.24 2.71 285.63
1522 10.89 458.95 863.59 2.21 286.88
1523 12.60 593.03 909.00 1.81 284.12
1524 13.85 676.13 929.01 3.91 284.66
1525 14.76 694.66 922.29 1.81 285.31
1526 15.30 661.13 928.73 3.71 286.86
1527 15.44 567.63 914.93 4.62 290.32
1528 15.06 421.60 858.37 3.71 290.52
1529 14.09 239.85 661.04 5.42 297.36
1530 12.72 51.32 208.99 5.22 311.18
1531 12.01 0.00 0.00 2.71 314.53
1532 11.31 0.00 0.00 1.30 315.78
1533 10.60 0.00 0.00 1.81 311.96
1534 9.90 0.00 0.00 2.71 309.91
1535 9.19 0.00 0.00 2.41 307.06
1536 8.49 0.00 0.00 1.30 305.09
1537 8.01 0.00 0.00 0.80 305.80
1538 7.49 0.00 0.00 1.00 307.78
1539 6.97 0.00 0.00 1.51 309.26
1540 6.70 0.00 0.00 1.30 308.41
1541 6.42 0.00 0.00 1.00 308.30
1542 6.23 0.00 0.00 0.50 305.85
1543 6.03 2.54 0.00 0.40 308.73
1544 7.30 57.65 31.65 0.70 313.96
1545 8.05 120.05 7.11 0.90 316.32
1546 8.58 160.02 1.93 2.41 318.66
1547 8.76 149.28 0.00 1.30 318.77
1548 9.40 264.70 18.78 3.11 313.10
1549 10.41 417.61 141.45 2.01 302.19
1550 11.41 501.32 340.15 1.00 296.96
1551 12.08 478.84 490.84 1.00 296.24
1552 12.48 435.98 740.84 1.30 290.10
1553 12.41 277.51 785.87 1.30 286.06
1554 11.63 81.73 558.09 1.81 292.59
1555 11.04 0.00 0.00 2.01 293.84
1556 10.46 0.00 0.00 2.41 293.23
1557 9.87 0.00 0.00 3.11 292.70
1558 9.29 0.00 0.00 4.42 291.63
1559 8.70 0.00 0.00 5.22 294.45
1560 8.12 0.00 0.00 5.92 294.51
1561 7.68 0.00 0.00 5.92 289.77
1562 7.25 0.00 0.00 4.92 288.38
1563 6.81 0.00 0.00 6.63 286.78
1564 6.60 0.00 0.00 5.62 284.21
1565 6.38 0.00 0.00 2.91 280.87
1566 6.23 0.00 0.00 1.51 280.35
1567 6.09 6.89 0.00 1.30 277.63
1568 8.44 129.39 607.58 1.30 285.75
1569 10.20 322.91 826.13 1.51 288.28
1570 12.06 532.73 790.21 1.81 292.82
1571 12.55 435.81 288.49 1.20 298.46
1572 12.92 459.14 225.19 1.81 297.44
1573 13.45 584.62 481.95 1.51 293.15
1574 13.85 575.21 536.76 3.51 293.64
1575 12.49 47.61 0.00 2.41 329.13
1576 11.29 35.38 0.00 1.81 328.89
1577 10.57 114.47 62.89 2.71 316.99
1578 9.90 83.98 305.83 2.91 296.28
1579 9.62 0.00 0.00 3.51 295.03
1580 9.35 0.00 0.00 2.41 288.93
1581 9.07 0.00 0.00 2.21 286.29
1582 8.80 0.00 0.00 1.51 286.79
1583 8.53 0.00 0.00 0.90 289.78
1584 8.25 0.00 0.00 2.01 289.82
1585 7.98 0.00 0.00 2.21 288.28
1586 7.71 0.00 0.00 0.90 291.78
1587 7.44 0.00 0.00 0.90 290.31
1588 7.31 0.00 0.00 1.00 288.79
1589 7.18 0.00 0.00 0.70 288.03
1590 7.09 0.00 0.00 2.91 285.74
1591 7.01 6.50 0.00 3.11 287.72
1592 9.75 135.38 625.49 3.71 294.65
1593 11.86 343.35 760.57 4.12 292.80
1594 13.18 447.16 698.77 2.71 296.87
1595 14.30 544.27 655.81 2.71 293.14
1596 15.17 597.37 563.88 2.21 296.47
1597 15.24 433.81 162.36 1.51 307.86
1598 14.67 291.15 29.78 1.81 318.35
1599 13.97 223.80 9.94 2.91 321.81
1600 13.41 216.65 46.64 2.41 324.32
1601 12.66 109.25 10.80 2.01 332.01
1602 11.76 44.39 64.81 2.41 331.85
1603 11.35 0.00 0.00 1.81 332.50
1604 10.93 0.00 0.00 1.51 331.81
1605 10.52 0.00 0.00 1.51 329.86
1606 10.11 0.00 0.00 1.00 329.53
1607 9.70 0.00 0.00 2.21 329.46
1608 9.29 0.00 0.00 1.81 324.89
1609 8.85 0.00 0.00 1.81 324.22
1610 8.40 0.00 0.00 2.41 322.53
1611 7.94 0.00 0.00 2.91 317.44
1612 7.70 0.00 0.00 2.71 317.50
1613 7.46 0.00 0.00 1.00 315.94
1614 7.29 0.00 0.00 2.01 314.99
1615 7.13 5.55 0.00 2.21 316.54
1616 8.41 58.49 32.69 2.01 320.33
1617 10.39 237.54 325.34 3.31 306.71
1618 11.98 364.55 367.68 3.11 310.90
1619 13.44 506.34 458.72 2.71 303.59
1620 14.06 445.03 186.54 2.01 309.69
1621 14.76 530.48 325.05 2.41 307.55
1622 15.26 533.16 421.81 2.71 307.46
1623 15.49 477.78 472.87 1.81 306.59
1624 15.18 320.24 292.64 1.81 311.39
1625 14.28 136.76 63.99 2.71 318.78
1626 13.27 49.70 95.71 2.21 315.16
1627 12.63 0.00 0.00 1.51 318.29
1628 11.90 0.00 0.00 1.00 313.94
1629 11.16 0.00 0.00 0.70 312.79
1630 10.43 0.00 0.00 0.50 311.23
1631 9.70 0.00 0.00 0.70 308.81
1632 8.97 0.00 0.00 0.50 304.94
1633 8.32 0.00 0.00 1.00 305.42
1634 7.61 0.00 0.00 2.01 300.52
1635 6.90 0.00 0.00 3.71 297.77
1636 6.51 0.00 0.00 3.11 294.97
1637 6.12 0.00 0.00 1.51 293.42
1638 5.83 0.00 0.00 2.01 294.08
1639 5.55 7.15 0.00 2.71 293.59
1640 7.79 102.94 270.31 2.01 299.14
1641 9.04 220.23 176.26 3.31 299.52
1642 10.04 302.97 120.99 1.81 306.53
1643 11.16 421.38 218.00 1.81 300.69
1644 12.32 534.44 362.55 1.00 300.25
1645 13.21 595.79 497.01 1.20 297.31
1646 13.81 584.79 575.72 1.51 297.05
1647 14.01 498.21 554.50 1.20 298.37
1648 13.81 373.48 515.94 1.00 298.57
1649 13.21 251.01 543.70 1.20 298.05
1650 12.20 94.30 521.18 1.81 295.42
1651 11.47 0.00 0.00 3.11 301.21
1652 10.74 0.00 0.00 4.62 298.92
1653 10.01 0.00 0.00 3.51 298.18
1654 9.28 0.00 0.00 2.91 291.79
1655 8.55 0.00 0.00 2.71 286.76
1656 7.81 0.00 0.00 2.91 286.54
1657 7.38 0.00 0.00 3.11 285.48
1658 6.92 0.00 0.00 3.71 283.54
1659 6.46 0.00 0.00 2.91 281.48
1660 6.22 0.00 0.00 4.12 280.34
1661 5.97 0.00 0.00 2.21 281.51
1662 5.80 0.00 0.00 1.51 282.25
1663 5.63 10.32 0.00 1.81 284.67
1664 8.32 123.58 266.97 2.21 291.50
1665 9.44 227.91 247.41 3.51 296.10
1666 11.71 489.65 667.49 3.51 286.69
1667 12.97 513.73 422.15 2.91 290.98
1668 14.62 763.26 841.89 2.91 280.99
1669 15.47 680.04 712.57 1.81 286.14
1670 15.84 603.41 584.39 1.20 290.20
1671 15.39 387.31 207.76 2.41 299.84
1672 14.62 277.55 123.26 2.41 304.07
1673 13.71 196.14 243.14 2.41 300.57
1674 12.67 90.98 301.13 1.00 295.93
1675 12.11 0.82 0.00 0.30 298.29
1676 11.55 0.00 0.00 0.20 304.22
1677 10.99 0.00 0.00 0.50 305.83
1678 10.42 0.00 0.00 0.40 306.40
1679 9.86 0.00 0.00 0.30 303.35
1680 9.30 0.00 0.00 0.30 304.20
1681 8.84 0.00 0.00 0.50 304.49
1682 8.34 0.00 0.00 0.10 304.15
1683 7.84 0.00 0.00 0.10 301.93
1684 7.57 0.00 0.00 0.00 302.75
1685 7.30 0.00 0.00 0.00 299.09
1686 7.11 0.00 0.00 0.10 296.74
1687 6.92 8.76 0.00 0.10 299.56
1688 9.99 130.70 288.73 0.10 307.61
1689 10.80 202.17 146.56 0.10 315.88
1690 10.46 129.64 0.00 0.20 325.88
1691 9.98 79.81 0.00 0.40 328.82
1692 10.89 334.25 67.98 0.40 315.14
1693 11.26 278.96 28.26 0.80 317.78
1694 12.53 579.77 467.93 1.00 299.36
1695 13.47 613.74 793.51 1.20 291.34
1696 13.84 457.91 872.65 0.80 293.23
1697 13.64 269.11 710.98 0.90 298.30
1698 12.92 88.38 432.10 1.51 301.25
1699 12.29 1.11 0.00 1.51 304.14
1700 11.67 0.00 0.00 2.41 308.96
1701 11.04 0.00 0.00 1.20 309.31
1702 10.42 0.00 0.00 2.41 309.44
1703 9.79 0.00 0.00 4.92 310.49
1704 9.17 0.00 0.00 5.42 310.22
1705 8.71 0.00 0.00 5.62 310.61
1706 8.21 0.00 0.00 4.62 308.31
1707 7.71 0.00 0.00 4.12 303.23
1708 7.44 0.00 0.00 3.71 302.14
1709 7.16 0.00 0.00 1.81 304.73
1710 6.96 0.00 0.00 2.41 304.41
1711 6.76 9.16 0.00 1.30 308.62
1712 8.71 88.94 91.67 3.71 314.96
1713 10.53 254.48 314.62 5.42 308.54
1714 11.89 360.44 285.98 4.12 311.45
1715 13.35 519.71 457.06 3.91 303.55
1716 14.59 612.77 561.12 4.62 300.98
1717 15.22 560.84 354.61 6.63 307.48
1718 15.70 576.98 516.28 8.23 307.52
1719 15.85 496.56 492.13 6.93 305.97
1720 15.58 376.99 441.64 6.93 308.66
1721 14.55 150.64 86.52 5.42 320.86
1722 13.31 32.95 0.00 4.42 333.36
1723 12.93 0.87 0.00 4.42 332.49
1724 12.46 0.00 0.00 3.91 339.15
1725 11.98 0.00 0.00 2.41 336.67
1726 11.50 0.00 0.00 3.11 335.26
1727 11.02 0.00 0.00 2.21 333.82
1728 10.55 0.00 0.00 1.20 330.05
1729 10.17 0.00 0.00 2.21 333.25
1730 10.00 0.00 0.00 2.41 335.99
1731 9.72 0.00 0.00 2.71 334.41
1732 9.58 0.00 0.00 2.91 333.60
1733 9.44 0.00 0.00 2.71 332.78
1734 9.35 0.00 0.00 2.71 332.23
1735 9.25 7.48 0.00 2.21 331.68
1736 10.50 49.65 0.00 2.01 335.91
1737 10.55 54.84 0.00 2.01 342.21
1738 11.28 139.31 0.00 3.51 332.87
1739 12.80 326.64 94.89 5.62 327.79
1740 12.97 231.18 8.37 5.62 340.47
1741 13.62 290.45 19.63 5.92 337.52
1742 13.69 369.91 88.58 6.32 334.80
1743 15.14 493.40 437.89 6.93 326.92
1744 15.40 346.77 353.00 7.73 318.20
1745 15.32 237.71 453.99 6.32 311.12
1746 14.76 101.42 393.69 5.92 313.01
1747 14.20 2.01 0.00 5.92 310.13
1748 13.65 0.00 0.00 12.15 314.07
1749 13.09 0.00 0.00 12.15 312.94
1750 12.58 0.00 0.00 8.83 310.03
1751 11.99 0.00 0.00 8.53 310.70
1752 11.39 0.00 0.00 7.33 308.60
1753 10.73 0.00 0.00 4.12 306.23
1754 10.05 0.00 0.00 4.62 305.05
1755 9.36 0.00 0.00 4.12 302.88
1756 9.00 0.00 0.00 4.62 302.51
1757 8.65 0.00 0.00 2.71 302.73
1758 8.40 0.00 0.00 2.21 301.79
1759 8.78 15.31 0.00 2.01 303.12
1760 10.63 157.90 592.53 2.01 308.36
1761 12.92 350.83 809.57 2.01 311.14
1762 15.00 527.85 905.58 3.11 305.88
1763 16.92 660.72 936.31 3.31 302.06
1764 18.51 736.58 939.10 3.91 303.32
1765 19.69 751.70 930.10 5.92 303.99
1766 20.45 714.16 932.85 6.63 303.52
1767 20.75 608.76 899.01 5.62 303.59
1768 20.55 461.96 856.19 7.33 305.79
1769 19.69 276.75 712.48 6.63 307.07
1770 18.33 94.85 440.38 5.92 312.88
1771 17.23 1.78 0.00 4.92 312.98
1772 16.13 0.00 0.00 4.92 316.65
1773 15.03 0.00 0.00 3.71 312.55
1774 13.93 0.00 0.00 4.42 311.54
1775 12.89 0.00 0.00 3.51 310.01
1776 11.71 0.00 0.00 1.30 306.77
1777 10.67 0.00 0.00 0.90 305.01
1778 9.53 0.00 0.00 1.00 298.46
1779 8.40 0.00 0.00 0.50 297.70
1780 7.79 0.00 0.00 0.50 295.38
1781 7.18 0.00 0.00 0.30 291.36
1782 6.74 0.00 0.00 0.30 285.04
1783 7.08 16.60 0.00 0.40 283.02
1784 8.84 162.88 598.58 0.30 287.91
1785 10.98 355.65 808.90 0.60 286.05
1786 13.06 533.78 906.64 2.21 279.81
1787 14.87 669.84 943.76 2.71 278.39
1788 16.36 750.13 956.02 2.71 277.26
1789 17.48 770.42 959.15 3.31 277.77
1790 18.17 727.74 951.71 2.41 285.28
1791 18.42 625.53 930.33 1.51 289.96
1792 18.19 475.08 884.74 1.81 292.96
1793 17.31 288.26 744.90 1.51 294.65
1794 15.95 102.67 492.56 2.41 297.11
1795 15.05 2.19 0.00 1.51 296.97
1796 14.15 0.00 0.00 2.01 300.34
1797 13.25 0.00 0.00 0.90 301.76
1798 12.37 0.00 0.00 0.50 303.94
1799 11.41 0.00 0.00 0.90 306.17
1800 10.44 0.00 0.00 2.41 306.04
1801 9.89 0.00 0.00 4.62 303.83
1802 9.31 0.00 0.00 7.73 305.00
1803 8.73 0.00 0.00 9.44 304.71
1804 8.43 0.00 0.00 6.93 307.10
1805 8.12 0.00 0.00 5.62 306.76
1806 7.91 0.00 0.00 3.51 308.87
1807 8.36 17.44 0.00 3.91 309.99
1808 9.83 128.37 261.94 4.42 312.85
1809 11.69 281.24 377.67 5.92 310.06
1810 13.46 424.17 429.25 7.73 307.48
1811 15.33 589.68 583.25 6.32 305.32
1812 17.20 739.29 795.57 6.63 302.36
1813 18.31 677.06 584.37 7.73 310.06
1814 19.23 708.68 819.18 6.93 303.34
1815 19.61 589.43 745.16 7.33 303.04
1816 19.63 480.78 849.50 6.32 303.61
1817 18.93 289.27 695.67 4.92 311.95
1818 17.67 102.86 430.69 3.31 315.08
1819 16.73 3.63 0.00 2.41 312.24
1820 15.79 0.00 0.00 2.01 312.36
1821 14.85 0.00 0.00 1.51 310.75
1822 13.92 0.00 0.00 2.21 309.98
1823 13.05 0.00 0.00 2.91 308.64
1824 12.04 0.00 0.00 3.11 307.56
1825 11.16 0.00 0.00 1.81 303.54
1826 10.21 0.00 0.00 2.91 300.51
1827 9.26 0.00 0.00 4.12 296.51
1828 8.76 0.00 0.00 4.92 293.02
1829 8.25 0.00 0.00 3.71 292.63
1830 7.90 0.00 0.00 1.81 297.55
1831 8.35 20.20 0.00 2.01 299.42
1832 10.19 168.32 572.85 3.51 302.26
1833 12.38 358.01 775.60 3.71 299.49
1834 14.38 531.29 866.88 3.51 297.14
1835 16.23 667.88 912.58 3.11 300.32
1836 17.76 747.87 927.18 3.31 302.30
1837 18.90 767.55 930.65 4.42 302.78
1838 19.60 719.20 908.68 8.23 301.81
1839 19.86 618.23 887.12 5.92 299.89
1840 19.62 467.08 830.37 4.62 301.08
1841 18.73 281.53 685.98 4.42 304.34
1842 17.37 101.66 438.74 4.42 310.69
1843 16.40 3.02 0.00 5.42 312.17
1844 15.43 0.00 0.00 4.92 316.52
1845 14.45 0.00 0.00 5.22 314.42
1846 13.48 0.00 0.00 6.32 315.27
1847 12.55 0.00 0.00 6.93 313.51
1848 11.50 0.00 0.00 5.42 310.19
1849 10.77 0.00 0.00 5.92 311.58
1850 9.96 0.00 0.00 7.33 309.39
1851 9.14 0.00 0.00 6.63 306.77
1852 8.70 0.00 0.00 6.32 305.65
1853 8.26 0.00 0.00 4.62 307.04
1854 7.94 0.00 0.00 4.92 307.23
1855 8.07 8.29 0.00 4.12 309.33
1856 9.44 123.41 138.66 3.91 310.89
1857 11.18 282.11 320.60 4.42 311.00
1858 11.78 246.38 42.97 4.92 320.43
1859 13.50 545.08 399.89 4.92 306.34
1860 15.20 695.03 617.37 4.12 304.21
1861 14.69 238.42 13.66 3.31 333.15
1862 14.43 267.19 15.01 3.71 331.35
1863 14.52 338.02 92.82 3.71 323.19
1864 14.55 328.77 231.06 3.71 315.56
1865 14.37 277.54 473.09 4.62 307.34
1866 13.55 75.82 148.31 4.62 317.03
1867 13.00 4.97 0.00 5.62 319.06
1868 12.48 0.00 0.00 6.32 320.45
1869 11.90 0.00 0.00 4.92 321.91
1870 11.31 0.00 0.00 4.42 323.53
1871 10.72 0.00 0.00 1.81 324.46
1872 10.13 0.00 0.00 1.81 320.93
1873 9.91 0.00 0.00 1.00 322.74
1874 9.71 0.00 0.00 0.70 324.06
1875 9.52 0.00 0.00 1.30 327.42
1876 9.44 0.00 0.00 1.20 328.19
1877 9.35 0.00 0.00 1.51 326.74
1878 9.31 0.00 0.00 2.41 326.77
1879 9.55 7.68 0.00 2.21 332.02
1880 9.65 12.33 0.00 2.71 334.73
1881 10.05 50.67 0.00 3.31 333.10
1882 10.78 124.92 0.00 2.01 330.11
1883 11.53 189.67 7.96 0.90 331.18
1884 13.34 474.23 177.06 2.41 312.00
1885 15.04 598.96 373.62 2.71 308.42
1886 16.20 563.14 372.14 3.31 310.57
1887 16.85 471.89 334.35 2.41 310.85
1888 17.20 399.08 400.23 2.21 309.83
1889 16.48 155.50 57.40 1.51 337.79
1890 15.95 62.18 33.01 2.91 330.80
1891 15.53 2.72 0.00 4.42 331.02
1892 15.11 0.00 0.00 5.42 337.42
1893 14.70 0.00 0.00 5.22 339.19
1894 14.28 0.00 0.00 5.42 340.81
1895 13.87 0.00 0.00 4.92 342.98
1896 13.45 0.00 0.00 4.12 344.09
1897 12.96 0.00 0.00 5.22 343.67
1898 12.27 0.00 0.00 3.91 343.37
1899 11.66 0.00 0.00 3.51 346.97
1900 11.29 0.00 0.00 3.31 341.24
1901 10.84 0.00 0.00 4.42 341.54
1902 10.71 0.00 0.00 5.62 347.31
1903 10.98 11.98 0.00 4.92 350.05
1904 10.94 12.69 0.00 4.42 348.53
1905 13.66 346.17 437.86 4.12 321.75
1906 14.78 319.57 118.32 3.91 336.14
1907 14.52 123.65 0.00 4.12 348.87
1908 14.66 208.08 2.27 5.42 346.20
1909 14.63 195.94 5.07 8.53 350.42
1910 15.18 347.70 68.81 5.62 335.73
1911 14.92 137.98 0.00 6.63 353.66
1912 15.27 326.25 210.13 7.73 326.63
1913 15.26 219.35 259.43 6.32 332.06
1914 14.88 108.63 257.10 8.23 332.20
1915 14.10 6.13 0.00 10.74 333.44
1916 13.34 0.00 0.00 9.44 332.20
1917 12.59 0.00 0.00 8.83 327.85
1918 11.35 0.00 0.00 7.73 324.74
1919 10.83 0.00 0.00 7.73 322.09
1920 10.11 0.00 0.00 9.44 317.38
1921 9.71 0.00 0.00 10.74 316.34
1922 9.11 0.00 0.00 9.44 313.26
1923 8.51 0.00 0.00 10.14 310.18
1924 8.19 0.00 0.00 7.33 308.65
1925 7.87 0.00 0.00 6.63 307.13
1926 7.65 0.00 0.00 4.62 306.12
1927 8.36 27.71 37.09 4.92 309.15
1928 9.95 147.05 261.56 3.51 311.37
1929 11.82 299.27 366.59 3.11 313.13
1930 13.83 478.87 553.12 4.62 318.31
1931 15.60 595.27 599.53 6.63 307.37
1932 16.93 633.73 514.30 7.33 305.79
1933 17.96 659.18 543.30 6.93 304.72
1934 18.68 645.67 610.17 4.92 303.48
1935 19.04 575.63 655.01 3.51 306.00
1936 19.03 460.33 726.02 3.11 308.15
1937 18.38 293.71 615.23 1.81 309.26
1938 17.17 111.21 364.14 0.90 314.99
1939 16.17 6.89 0.00 0.40 311.58
1940 15.17 0.00 0.00 0.70 312.25
1941 14.17 0.00 0.00 0.80 308.51
1942 13.17 0.00 0.00 0.70 305.13
1943 12.18 0.00 0.00 0.40 303.54
1944 11.11 0.00 0.00 0.30 300.29
1945 10.21 0.00 0.00 0.50 298.47
1946 9.26 0.00 0.00 1.00 293.82
1947 8.31 0.00 0.00 1.30 290.17
1948 7.82 0.00 0.00 2.71 288.95
1949 7.32 0.00 0.00 3.31 288.01
1950 6.97 0.00 0.00 4.62 289.93
1951 7.80 38.54 172.24 5.62 288.65
1952 9.60 202.91 613.12 5.92 292.71
1953 11.71 408.30 819.95 6.93 292.76
1954 13.67 595.76 937.49 5.92 289.63
1955 15.42 738.95 987.44 4.12 287.94
1956 16.87 823.85 1003.93 5.22 290.62
1957 17.95 843.63 850.63 4.42 293.27
1958 17.89 515.76 257.53 4.92 308.14
1959 17.99 581.80 556.22 3.91 297.40
1960 16.84 216.71 82.37 1.81 319.18
1961 15.27 23.60 0.00 1.20 332.07
1962 13.90 9.14 0.00 1.51 330.30
1963 13.29 0.58 0.00 2.71 328.29
1964 12.72 0.00 0.00 3.11 327.07
1965 12.06 0.00 0.00 2.91 324.06
1966 11.40 0.00 0.00 2.71 321.11
1967 10.74 0.00 0.00 1.30 319.57
1968 10.08 0.00 0.00 2.01 317.63
1969 9.64 0.00 0.00 2.21 315.17
1970 9.18 0.00 0.00 2.01 313.63
1971 8.73 0.00 0.00 2.01 310.04
1972 8.49 0.00 0.00 3.11 305.82
1973 8.25 0.00 0.00 3.11 305.78
1974 8.09 0.00 0.00 2.41 301.95
1975 8.73 25.12 0.00 2.91 304.47
1976 9.91 115.94 73.05 2.21 307.09
1977 11.69 274.82 173.69 2.21 304.09
1978 13.21 386.01 165.64 1.30 304.20
1979 15.07 583.47 485.12 2.91 301.02
1980 17.21 803.27 785.90 3.51 295.84
1981 18.27 672.63 478.12 3.11 307.53
1982 18.45 472.94 170.33 2.41 317.35
1983 18.30 387.80 129.42 2.71 317.37
1984 18.06 360.87 270.70 2.01 307.40
1985 17.22 190.38 117.29 2.91 314.04
1986 16.19 96.89 249.04 2.71 314.51
1987 15.42 6.53 0.00 3.31 310.88
1988 14.65 0.00 0.00 2.21 313.96
1989 13.88 0.00 0.00 2.01 314.94
1990 13.11 0.00 0.00 2.41 311.26
1991 12.36 0.00 0.00 2.21 310.05
1992 11.53 0.00 0.00 1.00 309.85
1993 10.79 0.00 0.00 1.81 306.32
1994 10.01 0.00 0.00 2.01 305.59
1995 9.23 0.00 0.00 1.81 301.78
1996 8.81 0.00 0.00 0.90 300.86
1997 8.40 0.00 0.00 1.00 299.07
1998 8.11 0.00 0.00 1.30 302.42
1999 9.01 44.19 211.35 1.00 304.47
2000 10.75 212.00 555.60 0.90 307.51
2001 12.78 419.07 759.83 1.20 309.18
2002 14.59 608.49 797.44 1.51 305.26
2003 15.28 506.13 271.54 3.51 320.64
2004 15.86 544.80 248.99 4.92 323.20
2005 17.15 858.12 700.20 4.92 305.89
2006 17.05 441.53 133.22 5.42 328.52
2007 16.03 194.57 10.28 5.62 339.52
2008 15.34 231.87 44.09 5.42 332.63
2009 14.12 24.11 0.00 5.62 344.56
2010 13.06 9.52 0.00 8.23 343.09
2011 12.90 2.87 0.00 4.12 344.26
2012 12.65 0.00 0.00 3.91 345.83
2013 12.41 0.00 0.00 3.71 344.74
2014 12.16 0.00 0.00 3.11 346.28
2015 11.92 0.00 0.00 2.91 348.79
2016 11.67 0.00 0.00 2.01 348.51
2017 11.52 0.00 0.00 2.21 351.97
2018 9.89 0.00 0.00 1.30 344.57
2019 11.21 0.00 0.00 0.50 351.72
2020 11.43 0.00 0.00 2.41 350.48
2021 11.60 0.00 0.00 4.42 346.12
2022 11.67 0.00 0.00 2.71 348.51
2023 11.90 9.49 0.00 3.11 346.42
2024 11.99 21.36 0.00 1.30 344.33
2025 13.21 134.32 0.00 1.00 339.57
2026 13.79 133.30 0.00 1.00 346.62
2027 14.44 191.15 1.49 1.51 336.57
2028 15.15 253.23 7.68 1.81 337.61
2029 16.02 343.48 24.26 2.21 339.48
2030 16.75 366.65 35.58 0.90 338.42
2031 17.03 265.40 16.10 1.81 341.05
2032 17.15 243.73 37.68 2.71 352.61
2033 16.67 70.67 0.00 1.00 364.92
2034 16.09 88.19 174.09 0.80 349.99
2035 15.08 6.09 0.00 1.30 345.17
2036 14.90 0.00 0.00 1.00 345.06
2037 14.88 0.00 0.00 2.01 342.63
2038 14.50 0.00 0.00 0.70 341.40
2039 14.03 0.00 0.00 1.81 339.71
2040 13.35 0.00 0.00 1.81 339.97
2041 13.12 0.00 0.00 1.00 341.14
2042 12.54 0.00 0.00 1.30 339.20
2043 11.93 0.00 0.00 0.80 339.02
2044 11.59 0.00 0.00 2.01 342.61
2045 11.26 0.00 0.00 2.41 340.66
2046 11.03 0.00 0.00 2.01 341.50
2047 11.11 3.76 0.00 2.41 342.87
2048 11.85 60.09 0.00 2.41 347.14
2049 12.52 122.01 0.00 3.11 346.21
2050 13.35 182.78 3.38 2.21 339.65
2051 15.19 457.97 191.12 3.11 326.90
2052 16.02 366.83 39.15 3.91 334.65
2053 16.17 245.01 11.50 3.91 343.61
2054 17.49 629.27 435.42 3.91 321.66
2055 18.25 534.88 434.13 3.11 324.53
2056 18.66 460.65 568.12 1.30 322.25
2057 18.72 340.50 710.85 2.21 316.97
2058 18.07 137.77 462.41 1.51 323.86
2059 17.38 6.22 0.00 2.01 326.88
2060 16.68 0.00 0.00 1.51 330.87
2061 15.98 0.00 0.00 1.00 330.66
2062 15.29 0.00 0.00 0.70 331.03
2063 14.59 0.00 0.00 0.60 331.39
2064 13.89 0.00 0.00 1.81 333.02
2065 13.32 0.00 0.00 0.70 330.55
2066 12.82 0.00 0.00 0.30 331.73
2067 12.23 0.00 0.00 0.40 332.88
2068 11.94 0.00 0.00 0.40 334.29
2069 11.66 0.00 0.00 0.30 334.24
2070 11.48 0.00 0.00 0.30 339.39
2071 11.94 16.31 0.00 0.20 344.29
2072 11.96 15.81 0.00 0.20 351.85
2073 12.11 30.27 0.00 0.20 350.42
2074 12.28 43.43 0.00 0.20 349.76
2075 14.67 505.40 281.00 0.40 323.01
2076 17.26 742.98 672.46 1.00 313.46
2077 19.44 833.43 881.76 0.80 311.64
2078 20.93 786.25 948.21 1.30 313.32
2079 21.79 677.95 793.39 1.30 318.38
2080 21.87 423.98 423.37 1.30 327.89
2081 21.56 324.66 664.98 1.81 323.40
2082 20.66 132.37 420.61 1.20 325.99
2083 19.81 12.24 0.00 1.20 327.30
2084 18.96 0.00 0.00 1.00 332.91
2085 18.11 0.00 0.00 1.51 329.77
2086 17.26 0.00 0.00 1.51 332.60
2087 16.41 0.00 0.00 1.30 331.79
2088 15.56 0.00 0.00 1.30 331.92
2089 14.59 0.00 0.00 2.21 335.23
2090 13.55 0.00 0.00 1.81 330.47
2091 12.54 0.00 0.00 2.91 331.87
2092 11.93 0.00 0.00 2.91 329.01
2093 11.33 0.00 0.00 1.20 329.98
2094 10.90 0.00 0.00 0.90 328.07
2095 11.86 41.60 86.14 1.51 331.46
2096 12.80 122.72 53.52 1.30 335.99
2097 14.10 266.49 141.20 1.81 334.27
2098 16.28 528.36 550.59 2.01 316.84
2099 17.40 496.16 232.24 3.31 327.04
2100 18.86 684.20 485.42 2.41 323.66
2101 18.89 389.72 72.91 2.41 344.57
2102 19.44 576.62 310.12 2.71 332.01
2103 19.79 550.29 472.48 1.81 322.83
2104 19.80 448.42 577.50 1.51 319.41
2105 19.29 291.53 519.20 1.20 320.81
2106 18.24 109.48 282.71 0.90 330.84
2107 17.26 9.30 0.00 1.30 333.66
2108 16.28 0.00 0.00 0.90 338.37
2109 15.29 0.00 0.00 1.81 335.21
2110 14.31 0.00 0.00 1.30 335.12
2111 13.33 0.00 0.00 1.51 336.31
2112 12.37 0.00 0.00 1.30 334.90
2113 11.73 0.00 0.00 2.41 331.52
2114 11.06 0.00 0.00 2.41 328.19
2115 10.39 0.00 0.00 3.11 324.79
2116 10.03 0.00 0.00 2.91 326.96
2117 9.68 0.00 0.00 1.81 325.82
2118 9.43 0.00 0.00 2.21 324.91
2119 10.48 39.47 51.24 2.01 330.57
2120 12.10 159.95 133.30 3.51 323.90
2121 13.35 250.37 87.21 3.91 324.52
2122 14.37 315.16 74.24 3.71 322.86
2123 14.88 297.54 17.34 2.71 326.47
2124 15.35 330.76 20.60 2.01 329.36
2125 16.07 436.07 92.28 2.91 323.17
2126 16.71 474.23 148.61 2.21 317.36
2127 17.31 510.02 329.54 2.41 311.26
2128 17.69 475.82 588.24 2.71 299.97
2129 17.74 364.75 764.17 4.12 296.95
2130 17.06 153.60 547.47 4.42 302.60
2131 15.97 12.61 0.00 3.51 304.12
2132 14.89 0.00 0.00 2.21 302.83
2133 13.80 0.00 0.00 1.51 302.66
2134 12.77 0.00 0.00 0.60 303.39
2135 11.61 0.00 0.00 0.50 302.34
2136 10.45 0.00 0.00 1.20 299.26
2137 9.47 0.00 0.00 0.80 298.83
2138 8.39 0.00 0.00 1.30 292.36
2139 7.32 0.00 0.00 3.71 290.26
2140 6.73 0.00 0.00 4.62 288.42
2141 6.15 0.00 0.00 3.71 287.77
2142 5.73 0.00 0.00 3.91 285.77
2143 7.00 53.29 224.05 3.11 293.64
2144 8.67 190.28 345.48 3.31 290.01
2145 10.71 370.64 512.92 2.41 287.16
2146 12.65 521.61 574.61 3.31 285.53
2147 14.35 666.53 659.90 3.31 286.61
2148 15.70 719.69 664.65 4.42 290.06
2149 16.69 735.42 632.76 5.22 290.82
2150 17.31 700.77 656.33 5.92 289.56
2151 17.56 622.12 693.00 6.32 293.18
2152 17.32 472.13 638.17 6.93 297.59
2153 16.52 313.67 622.05 5.62 295.45
2154 15.21 127.47 400.98 8.83 306.40
2155 14.28 12.42 0.00 9.44 305.81
2156 13.35 0.00 0.00 8.23 310.39
2157 12.45 0.00 0.00 7.33 308.42
2158 11.45 0.00 0.00 5.92 306.26
2159 10.46 0.00 0.00 5.92 305.40
2160 9.46 0.00 0.00 5.62 302.59
2161 9.04 0.00 0.00 6.12 314.08
2162 8.48 0.00 0.00 4.71 311.46
2163 7.91 0.00 0.00 3.81 310.94
2164 7.62 0.00 0.00 4.41 309.65
2165 7.32 0.00 0.00 3.61 310.61
2166 7.11 0.00 0.00 3.01 305.14
2167 7.89 44.13 56.60 3.61 306.88
2168 9.14 185.12 289.49 6.12 304.36
2169 10.42 329.58 331.56 3.41 306.57
2170 11.74 483.65 379.73 3.01 302.98
2171 13.35 735.78 779.77 4.21 298.99
2172 14.27 690.90 535.96 4.01 302.45
2173 14.76 625.94 337.97 2.71 306.30
2174 14.63 424.91 91.06 2.51 329.04
2175 14.63 433.72 177.80 1.70 312.12
2176 14.13 277.26 68.68 0.20 308.48
2177 13.34 132.42 5.82 0.20 314.49
2178 12.66 107.73 170.63 0.40 303.36
2179 11.78 14.16 0.00 1.30 300.68
2180 11.13 0.00 0.00 1.30 303.40
2181 10.48 0.00 0.00 1.00 298.79
2182 9.84 0.00 0.00 1.50 298.62
2183 9.19 0.00 0.00 2.21 301.93
2184 8.54 0.00 0.00 3.01 297.74
2185 8.04 0.00 0.00 2.41 295.15
2186 7.51 0.00 0.00 2.21 296.46
2187 6.97 0.00 0.00 2.51 292.88
2188 6.69 0.00 0.00 4.41 294.51
2189 6.41 0.00 0.00 6.62 293.95
2190 6.22 0.00 0.00 5.41 299.04
2191 7.43 60.17 203.20 5.71 301.12
2192 9.01 215.43 444.75 4.41 295.26
2193 10.76 396.92 600.14 4.41 294.30
2194 12.47 560.99 664.54 5.11 289.89
2195 13.87 684.68 705.00 5.71 294.77
2196 15.00 746.64 681.84 5.11 295.20
2197 15.87 768.23 708.63 8.02 297.87
2198 16.41 728.60 722.23 8.02 296.71
2199 16.63 633.66 724.46 7.42 296.97
2200 16.44 483.34 657.72 6.62 299.52
2201 15.76 305.71 551.76 8.02 300.72
2202 14.69 126.22 331.70 5.71 306.24
2203 13.51 14.33 0.00 4.01 309.58
2204 12.94 0.00 0.00 3.61 317.33
2205 12.27 0.00 0.00 3.61 317.26
2206 11.60 0.00 0.00 5.11 314.48
2207 10.92 0.00 0.00 6.62 310.70
2208 10.25 0.00 0.00 6.12 307.70
2209 9.71 0.00 0.00 6.12 307.86
2210 9.13 0.00 0.00 5.11 303.40
2211 8.54 0.00 0.00 6.12 303.11
2212 8.23 0.00 0.00 7.02 304.01
2213 7.91 0.00 0.00 8.52 304.63
2214 7.68 0.00 0.00 5.11 303.82
2215 8.94 66.55 207.83 3.41 308.56
2216 10.44 224.90 456.00 3.61 308.10
2217 12.11 409.30 623.49 4.91 308.48
2218 13.60 571.52 699.03 4.01 304.67
2219 14.94 698.16 735.81 3.61 307.26
2220 16.05 772.02 753.00 3.21 306.50
2221 16.84 778.01 727.72 4.71 308.05
2222 17.30 723.24 690.70 4.71 309.09
2223 17.44 625.73 666.81 4.71 305.58
2224 17.16 462.99 572.79 3.21 309.41
2225 16.43 291.99 464.18 2.21 315.20
2226 15.38 123.22 300.40 2.71 325.45
2227 14.23 15.02 0.00 3.61 321.09
2228 13.63 0.00 0.00 4.21 321.78
2229 13.10 0.00 0.00 4.71 321.36
2230 12.45 0.00 0.00 4.01 316.82
2231 11.80 0.00 0.00 4.21 314.74
2232 11.16 0.00 0.00 3.21 318.03
2233 10.75 0.00 0.00 4.41 316.09
2234 10.31 0.00 0.00 4.41 314.96
2235 9.86 0.00 0.00 4.01 309.98
2236 9.63 0.00 0.00 4.91 310.60
2237 9.39 0.00 0.00 3.81 311.99
2238 9.23 0.00 0.00 3.81 314.03
2239 10.57 75.25 215.03 3.21 317.50
2240 12.12 248.40 441.03 3.81 315.08
2241 12.70 262.76 108.91 3.01 325.29
2242 13.78 466.59 304.42 1.70 314.81
2243 14.67 532.44 257.31 0.70 313.61
2244 14.73 349.61 26.20 0.20 323.53
2245 14.87 427.56 54.40 0.70 332.93
2246 15.54 624.25 344.31 0.90 311.81
2247 15.51 389.48 113.71 2.21 335.53
2248 14.53 145.61 0.00 1.50 353.57
2249 14.44 204.92 109.20 1.90 337.69
2250 13.68 33.70 0.00 2.71 339.78
2251 13.05 11.65 0.00 3.41 337.66
2252 12.54 0.00 0.00 2.41 336.95
2253 12.03 0.00 0.00 2.51 333.78
2254 11.52 0.00 0.00 3.01 329.39
2255 11.01 0.00 0.00 4.41 330.92
2256 10.51 0.00 0.00 3.61 331.36
2257 10.14 0.00 0.00 3.61 330.97
2258 9.80 0.00 0.00 3.81 329.90
2259 9.46 0.00 0.00 3.01 328.63
2260 9.31 0.00 0.00 3.21 327.70
2261 9.15 0.00 0.00 1.70 327.27
2262 9.06 1.15 0.00 1.70 325.70
2263 9.21 6.54 0.00 0.70 328.23
2264 11.53 265.49 461.18 0.50 299.27
2265 13.43 469.35 779.75 1.00 298.67
2266 15.13 650.68 741.69 1.30 293.52
2267 15.27 382.52 147.57 1.30 314.47
2268 16.20 683.73 458.65 2.71 301.06
2269 17.34 880.14 833.62 4.71 294.14
2270 18.07 819.29 955.44 4.21 292.50
2271 18.46 719.02 608.44 5.71 296.93
2272 17.09 43.58 0.00 6.12 336.62
2273 15.93 28.13 0.00 4.41 338.10
2274 15.28 159.05 342.49 3.61 307.99
2275 14.43 18.35 0.00 2.51 309.35
2276 13.88 0.00 0.00 2.51 312.01
2277 13.33 0.00 0.00 1.90 312.28
2278 12.84 0.00 0.00 1.90 308.51
2279 12.25 0.00 0.00 2.71 306.87
2280 11.66 0.00 0.00 2.41 305.19
2281 10.94 0.00 0.00 2.41 303.50
2282 10.14 0.00 0.00 0.90 301.40
2283 9.34 0.00 0.00 0.90 300.47
2284 8.90 0.00 0.00 0.90 302.05
2285 8.46 0.00 0.00 0.20 299.82
2286 8.15 1.34 0.00 0.30 301.30
2287 9.72 84.51 374.42 0.30 306.60
2288 11.38 263.08 638.55 0.10 300.82
2289 13.14 456.38 784.75 0.00 300.31
2290 14.61 624.33 842.28 0.20 297.10
2291 15.98 752.60 873.69 0.10 297.47
2292 17.07 821.52 872.10 0.10 300.98
2293 17.87 835.70 876.62 0.50 306.90
2294 18.34 784.82 861.31 0.70 306.89
2295 18.48 683.13 850.97 1.00 308.64
2296 18.22 528.42 799.69 0.40 309.36
2297 17.49 346.20 706.95 0.50 310.31
2298 16.38 154.54 498.06 1.30 315.82
2299 15.10 18.16 0.00 1.30 315.12
2300 14.38 0.00 0.00 1.90 318.64
2301 13.66 0.00 0.00 1.70 317.26
2302 13.01 0.00 0.00 1.50 316.26
2303 12.23 0.00 0.00 1.50 316.15
2304 11.46 0.00 0.00 1.50 313.59
2305 11.04 0.00 0.00 0.90 312.83
2306 10.59 0.00 0.00 0.50 313.01
2307 10.13 0.00 0.00 0.20 310.14
2308 9.89 0.00 0.00 0.20 311.20
2309 9.64 0.00 0.00 0.20 311.86
2310 9.47 1.79 0.00 1.10 316.45
2311 11.01 79.45 301.96 0.70 323.12
2312 12.45 227.20 398.35 0.70 318.88
2313 13.96 406.55 530.25 1.70 320.25
2314 15.38 549.94 549.43 3.01 314.98
2315 16.62 659.79 553.06 3.61 315.46
2316 17.69 741.31 636.32 4.21 316.98
2317 18.47 753.15 635.07 3.81 317.27
2318 18.97 716.21 627.29 3.21 313.53
2319 19.09 592.66 523.49 3.01 313.83
2320 18.76 432.86 406.46 1.90 315.52
2321 18.09 292.11 389.31 0.60 315.93
2322 17.10 133.61 282.73 0.50 321.40
2323 15.98 18.31 0.00 0.40 320.63
2324 15.34 0.00 0.00 1.00 323.52
2325 14.69 0.00 0.00 1.10 322.94
2326 14.05 0.00 0.00 1.70 321.15
2327 13.41 0.00 0.00 1.10 317.15
2328 12.82 0.00 0.00 0.40 322.39
2329 12.31 0.00 0.00 0.50 325.70
2330 11.82 0.00 0.00 0.70 327.01
2331 11.33 0.00 0.00 0.70 331.07
2332 11.09 0.00 0.00 1.70 332.83
2333 10.86 0.00 0.00 1.50 334.02
2334 10.71 3.18 0.00 1.90 335.68
2335 10.89 8.01 0.00 2.51 340.14
2336 11.06 23.12 0.00 1.70 338.05
2337 11.24 38.88 0.00 2.21 340.73
2338 14.69 722.35 632.70 2.41 295.47
2339 14.19 62.67 0.00 3.81 339.94
2340 16.68 941.24 747.05 2.11 290.70
2341 18.51 955.42 1025.29 3.01 295.41
2342 19.75 903.23 1018.79 3.01 298.73
2343 20.48 788.29 1000.39 3.61 301.03
2344 20.74 619.34 962.97 6.12 303.13
2345 20.48 411.87 875.58 5.71 302.81
2346 19.66 193.05 693.29 4.71 309.28
2347 18.53 20.03 0.00 3.61 308.59
2348 17.65 0.00 0.00 2.21 314.47
2349 16.77 0.00 0.00 2.21 314.47
2350 15.89 0.00 0.00 2.51 315.67
2351 15.01 0.00 0.00 2.51 313.03
2352 14.13 0.00 0.00 3.01 312.90
2353 13.18 0.00 0.00 1.90 309.79
2354 12.13 0.00 0.00 1.10 307.28
2355 10.99 0.00 0.00 1.90 307.66
2356 10.38 0.00 0.00 1.30 308.07
2357 9.76 0.00 0.00 0.70 306.58
2358 9.31 3.14 0.00 0.40 310.36
2359 11.25 108.02 507.19 1.50 320.88
2360 12.99 303.37 776.55 0.60 317.64
2361 14.59 504.60 898.92 0.50 319.81
2362 16.13 678.19 945.74 1.10 314.90
2363 17.46 805.04 962.56 1.90 311.02
2364 18.53 876.10 965.82 1.70 315.99
2365 19.29 886.32 963.14 1.00 312.11
2366 19.73 839.01 962.63 0.10 308.82
2367 19.84 733.91 952.79 0.40 311.65
2368 19.57 576.72 919.51 0.60 314.29
2369 18.79 382.50 829.49 0.40 313.69
2370 17.63 179.34 634.06 1.10 318.66
2371 16.26 21.43 0.00 1.10 314.70
2372 15.37 0.00 0.00 0.70 316.64
2373 14.48 0.00 0.00 1.10 319.08
2374 13.59 0.00 0.00 1.00 315.61
2375 12.74 0.00 0.00 0.90 309.31
2376 11.78 0.00 0.00 1.70 308.55
2377 11.33 0.00 0.00 3.01 308.86
2378 10.82 0.00 0.00 3.61 306.61
2379 10.30 0.00 0.00 2.71 304.94
2380 10.02 0.00 0.00 3.01 303.10
2381 9.73 0.00 0.00 2.71 302.14
2382 9.52 3.96 0.00 2.71 299.54
2383 11.62 106.66 463.15 4.21 304.89
2384 13.38 296.13 723.42 3.61 303.60
2385 15.15 492.71 852.20 3.21 305.40
2386 16.80 659.47 892.45 2.71 303.76
2387 18.24 784.70 911.58 3.01 309.69
2388 19.39 853.06 910.57 1.90 311.36
2389 20.21 858.26 894.66 2.51 312.88
2390 20.68 800.62 864.60 1.90 314.64
2391 20.81 694.04 841.82 2.21 317.67
2392 20.52 542.63 805.08 2.51 320.58
2393 19.73 355.99 696.79 4.71 325.06
2394 18.54 162.66 484.56 8.52 331.88
2395 17.18 21.88 0.00 7.42 332.08
2396 16.53 0.00 0.00 9.12 335.67
2397 15.88 0.00 0.00 7.02 335.98
2398 15.23 0.00 0.00 6.12 336.72
2399 14.59 0.00 0.00 7.02 336.20
2400 13.94 0.00 0.00 7.42 335.06
2401 13.55 0.00 0.00 9.93 329.64
2402 13.17 0.00 0.00 8.02 332.81
2403 12.69 0.00 0.00 5.71 335.28
2404 12.40 0.00 0.00 6.62 333.86
2405 12.12 0.00 0.00 7.02 334.96
2406 11.90 1.90 0.00 6.62 336.94
2407 13.18 64.58 59.41 8.02 343.91
2408 14.75 241.51 353.48 5.41 335.39
2409 16.16 380.77 326.03 5.11 340.36
2410 18.23 669.38 778.00 5.41 329.13
2411 19.63 715.41 604.11 9.93 334.24
2412 20.15 596.54 263.79 9.12 343.16
2413 20.44 576.00 218.13 8.02 343.90
2414 20.04 330.73 37.23 6.12 357.23
2415 20.07 494.63 251.49 10.63 342.96
2416 20.22 566.90 750.31 7.42 330.81
2417 19.87 372.23 693.14 13.13 336.49
2418 19.02 173.48 474.29 7.02 340.47
2419 17.92 28.80 85.51 11.63 337.97
2420 17.37 0.00 0.00 10.63 341.57
2421 16.81 0.00 0.00 9.12 341.60
2422 16.26 0.00 0.00 6.12 343.58
2423 15.71 0.00 0.00 4.21 343.79
2424 15.16 0.00 0.00 4.01 341.61
2425 14.96 0.00 0.00 3.61 338.77
2426 14.77 0.00 0.00 3.81 340.92
2427 14.57 0.00 0.00 4.91 341.11
2428 14.47 0.00 0.00 4.91 339.98
2429 14.38 0.00 0.00 3.81 340.73
2430 14.29 1.94 0.00 4.71 350.43
2431 14.98 45.52 0.00 3.61 351.86
2432 15.54 109.26 0.00 3.81 353.83
2433 16.05 180.41 4.57 4.01 355.18
2434 16.37 173.46 1.80 3.21 361.24
2435 16.89 281.38 10.73 3.21 359.09
2436 17.21 291.64 10.58 4.01 361.67
2437 17.21 271.52 9.17 3.41 366.15
2438 16.73 178.97 1.01 3.01 368.30
2439 17.37 184.77 1.29 3.41 367.10
2440 17.19 107.12 0.00 4.41 369.82
2441 16.70 40.32 0.00 4.21 371.36
2442 16.29 22.40 0.00 3.41 368.97
2443 15.92 7.50 0.00 5.11 367.58
2444 15.35 0.00 0.00 6.62 361.87
2445 13.78 0.00 0.00 5.71 353.21
2446 14.35 0.00 0.00 5.71 351.49
2447 14.25 0.00 0.00 5.41 345.68
2448 13.96 0.00 0.00 4.91 344.78
2449 13.45 0.00 0.00 4.71 340.78
2450 12.99 0.00 0.00 3.41 337.06
2451 12.37 0.00 0.00 3.01 330.42
2452 11.92 0.00 0.00 1.10 329.34
2453 11.87 0.00 0.00 0.40 325.17
2454 11.68 5.75 0.00 0.50 321.18
2455 13.41 114.58 256.56 2.21 323.97
2456 13.74 162.83 63.41 1.30 336.54
2457 14.85 358.42 250.67 0.50 332.38
2458 16.30 605.62 584.46 0.40 317.49
2459 17.18 606.61 360.61 0.50 322.90
2460 17.96 688.66 426.26 0.70 325.50
2461 18.56 706.58 457.90 0.70 327.73
2462 19.09 748.11 551.71 1.90 321.79
2463 18.46 278.38 28.74 2.51 343.78
2464 17.52 101.87 0.00 3.61 350.74
2465 16.57 28.01 0.00 5.71 352.56
2466 15.80 34.12 0.00 4.71 349.86
2467 15.10 14.21 0.00 4.01 348.97
2468 14.82 0.00 0.00 3.01 350.50
2469 14.54 0.00 0.00 3.21 351.16
2470 14.26 0.00 0.00 4.41 345.09
2471 13.97 0.00 0.00 3.61 341.98
2472 13.69 0.00 0.00 7.42 341.79
2473 13.43 0.00 0.00 6.12 336.20
2474 13.14 0.00 0.00 4.71 332.49
2475 12.91 0.00 0.00 4.21 331.26
2476 12.73 0.00 0.00 3.41 329.20
2477 12.56 0.00 0.00 3.41 327.85
2478 12.43 7.42 0.00 1.30 328.46
2479 14.38 103.50 290.36 1.10 334.88
2480 16.00 273.74 500.13 0.70 331.13
2481 17.75 464.15 650.12 0.90 329.45
2482 19.40 626.95 717.26 0.70 327.84
2483 20.83 743.33 725.41 1.00 329.17
2484 22.00 817.45 753.49 1.10 326.90
2485 22.93 839.07 792.72 2.71 327.86
2486 23.51 795.37 804.35 3.21 325.86
2487 23.73 694.71 799.62 3.21 328.51
2488 23.51 541.62 739.63 3.01 332.05
2489 22.74 353.11 583.78 2.21 335.46
2490 21.54 163.13 421.59 1.30 343.53
2491 20.25 27.58 42.28 1.10 344.86
2492 19.50 0.00 0.00 1.50 351.04
2493 18.75 0.00 0.00 1.00 347.81
2494 18.00 0.00 0.00 0.90 347.09
2495 17.26 0.00 0.00 1.50 348.50
2496 16.51 0.00 0.00 1.30 347.11
2497 15.92 0.00 0.00 1.50 343.00
2498 15.26 0.00 0.00 0.50 339.44
2499 14.61 0.00 0.00 1.50 340.60
2500 14.25 0.00 0.00 2.11 340.66
2501 13.89 0.00 0.00 1.50 340.25
2502 13.63 8.89 0.00 1.30 340.39
2503 15.57 108.89 276.37 1.00 348.49
2504 17.04 276.39 492.88 2.11 346.96
2505 18.60 457.86 623.87 1.50 342.71
2506 20.10 622.46 685.96 1.90 337.54
2507 21.38 738.75 696.11 2.71 335.36
2508 22.47 803.49 693.50 3.21 332.15
2509 23.25 810.30 683.64 3.01 331.69
2510 23.68 752.14 648.40 2.71 332.67
2511 23.79 653.54 645.61 3.41 334.07
2512 23.51 513.05 621.74 2.41 332.59
2513 22.76 342.71 534.19 2.11 335.84
2514 21.61 154.14 338.20 2.51 344.67
2515 20.39 28.08 41.77 1.90 345.70
2516 19.59 0.00 0.00 1.00 349.11
2517 18.79 0.00 0.00 1.30 346.25
2518 17.99 0.00 0.00 0.70 342.08
2519 17.19 0.00 0.00 1.70 345.29
2520 16.39 0.00 0.00 1.30 343.28
2521 15.89 0.00 0.00 1.30 346.72
2522 15.36 0.00 0.00 1.00 344.11
2523 14.82 0.00 0.00 1.70 341.94
2524 14.53 0.00 0.00 3.21 342.20
2525 14.24 0.00 0.00 1.50 339.90
2526 14.03 8.88 0.00 2.11 340.05
2527 15.86 97.57 209.99 0.70 343.79
2528 17.28 250.10 340.36 1.50 339.13
2529 18.72 406.73 393.75 1.30 341.66
2530 20.23 575.44 508.60 1.90 332.71
2531 21.77 750.48 675.28 2.51 328.63
2532 23.09 825.53 738.90 2.41 331.80
2533 23.87 772.05 554.16 2.71 338.38
2534 24.67 861.22 821.58 3.21 332.12
2535 24.95 716.17 786.44 3.41 336.42
2536 24.93 595.77 824.67 1.30 334.03
2537 24.27 385.84 754.49 0.70 339.47
2538 23.18 194.69 556.66 1.50 342.29
2539 21.83 37.80 168.88 1.70 338.57
2540 20.82 0.00 0.00 1.30 341.93
2541 19.79 0.00 0.00 0.60 338.66
2542 18.76 0.00 0.00 1.70 337.34
2543 17.73 0.00 0.00 2.51 334.05
2544 16.71 0.00 0.00 4.91 335.35
2545 15.88 0.00 0.00 3.81 333.34
2546 14.98 0.00 0.00 4.71 331.78
2547 14.09 0.00 0.00 3.61 333.35
2548 13.60 0.00 0.00 2.51 330.16
2549 13.11 0.00 0.00 1.50 328.42
2550 12.81 12.45 0.00 1.50 329.97
2551 14.40 99.15 183.75 1.30 337.08
2552 15.85 274.47 425.51 0.60 335.30
2553 17.09 415.37 361.86 0.60 336.07
2554 18.87 692.47 775.11 0.20 324.55
2555 20.35 820.62 926.40 1.10 328.33
2556 21.50 892.64 936.71 2.21 329.48
2557 22.38 903.31 818.40 2.41 331.11
2558 22.34 602.67 274.75 1.90 348.55
2559 21.97 501.88 208.63 1.90 350.44
2560 21.52 457.84 387.86 1.90 346.72
2561 20.87 338.27 507.47 1.30 346.70
2562 19.88 173.99 444.77 2.21 345.69
2563 18.71 27.84 27.45 2.21 339.56
2564 17.89 0.00 0.00 1.90 341.15
2565 17.08 0.00 0.00 2.41 339.27
2566 16.27 0.00 0.00 1.10 336.34
2567 15.45 0.00 0.00 1.50 335.45
2568 14.64 0.00 0.00 2.71 332.57
2569 14.19 0.00 0.00 3.01 331.55
2570 13.70 0.00 0.00 1.70 329.85
2571 13.22 0.00 0.00 2.21 326.95
2572 13.02 0.00 0.00 3.01 328.91
2573 12.75 0.00 0.00 1.50 326.69
2574 12.56 10.46 0.00 2.41 327.71
2575 14.45 108.08 250.63 3.21 334.16
2576 15.55 232.88 163.79 4.41 333.30
2577 17.04 421.28 368.68 5.11 330.97
2578 18.59 603.23 571.78 7.42 324.87
2579 20.02 744.64 662.01 7.42 323.92
2580 21.10 801.85 639.55 6.12 322.39
2581 21.85 775.90 566.41 4.01 324.15
2582 22.11 650.14 371.65 2.71 329.81
2583 22.14 570.49 375.99 4.21 330.00
2584 21.74 428.73 301.35 3.01 330.16
2585 20.94 253.71 145.43 1.70 333.01
2586 19.86 98.73 22.30 1.70 336.67
2587 18.78 27.63 20.70 1.10 335.35
2588 17.87 0.00 0.00 0.90 335.35
2589 16.96 0.00 0.00 0.50 331.56
2590 16.05 0.00 0.00 0.70 329.05
2591 15.14 0.00 0.00 1.50 327.07
2592 14.23 0.00 0.00 2.21 324.40
2593 13.30 0.00 0.00 3.81 325.86
2594 12.32 0.00 0.00 4.21 325.50
2595 11.74 0.00 0.00 4.71 322.35
2596 11.16 0.00 0.00 4.71 322.33
2597 10.75 0.00 0.00 4.41 315.31
2598 10.91 11.81 0.00 5.41 317.56
2599 11.65 91.47 94.45 5.41 318.95
2600 12.42 174.63 43.33 4.71 320.19
2601 13.39 314.87 93.25 6.62 318.63
2602 14.52 462.09 185.82 7.02 314.92
2603 15.47 527.95 196.58 7.42 317.68
2604 16.78 770.43 548.55 6.12 308.18
2605 17.69 742.05 498.27 7.02 311.87
2606 18.40 755.35 582.65 5.11 311.93
2607 18.62 583.16 386.72 4.01 318.35
2608 18.53 439.73 323.91 3.41 320.71
2609 18.17 336.18 456.79 1.70 316.92
2610 17.46 184.75 376.07 2.21 320.84
2611 16.50 38.23 116.74 1.30 323.49
2612 15.83 0.00 0.00 2.11 331.17
2613 15.15 0.00 0.00 1.30 333.31
2614 14.47 0.00 0.00 2.11 332.57
2615 13.79 0.00 0.00 2.11 332.45
2616 13.12 0.00 0.00 2.51 331.73
2617 12.92 0.00 0.00 2.51 328.99
2618 12.66 0.00 0.00 1.30 329.46
2619 12.53 0.00 0.00 4.01 329.29
2620 12.40 0.00 0.00 6.12 328.94
2621 12.32 0.00 0.00 5.41 336.85
2622 12.40 4.24 0.00 4.41 339.74
2623 13.26 84.40 44.78 4.21 344.53
2624 14.40 211.60 121.38 5.41 339.01
2625 14.71 195.59 8.04 6.12 350.20
2626 15.14 160.78 0.52 5.41 355.53
2627 14.86 61.80 0.00 9.12 361.86
2628 15.72 387.15 49.38 4.41 348.13
2629 17.04 645.81 271.84 3.41 327.44
2630 17.87 567.80 225.31 4.01 329.72
2631 18.11 365.49 48.77 2.51 335.11
2632 18.24 335.13 101.60 2.51 331.76
2633 18.22 264.01 160.21 2.21 328.01
2634 17.69 82.56 0.00 2.71 337.28
2635 16.38 24.41 0.00 1.50 347.01
2636 16.05 0.00 0.00 1.50 354.24
2637 15.24 0.00 0.00 2.71 348.46
2638 14.46 0.00 0.00 3.01 345.93
2639 13.59 0.00 0.00 3.41 339.88
2640 12.75 0.00 0.00 2.71 335.32
2641 11.78 0.00 0.00 2.71 331.38
2642 10.73 0.00 0.00 2.11 328.83
2643 10.18 0.00 0.00 3.01 324.74
2644 9.62 0.00 0.00 2.11 320.61
2645 9.22 0.00 0.00 0.50 317.41
2646 9.47 15.17 0.00 0.60 317.76
2647 10.52 123.31 269.19 1.00 321.76
2648 11.89 275.86 379.66 0.70 319.44
2649 13.37 455.24 501.19 1.30 314.28
2650 14.82 607.33 571.75 1.10 315.96
2651 16.17 733.78 615.12 1.90 315.17
2652 17.31 802.57 627.08 1.90 316.14
2653 18.14 799.66 624.39 2.51 315.88
2654 18.64 739.56 598.84 2.41 313.23
2655 18.84 643.35 557.39 2.41 315.18
2656 18.71 497.33 493.18 3.01 315.70
2657 18.17 343.10 483.43 3.81 319.28
2658 17.25 166.72 335.59 3.21 326.25
2659 16.14 34.85 51.21 3.21 325.71
2660 15.02 0.00 0.00 2.71 323.99
2661 13.89 0.00 0.00 1.70 319.47
2662 12.82 0.00 0.00 2.41 313.67
2663 11.61 0.00 0.00 1.70 308.85
2664 10.40 0.00 0.00 1.30 304.08
2665 9.59 0.00 0.00 1.90 306.03
2666 8.67 0.00 0.00 1.30 305.76
2667 8.17 0.00 0.00 2.51 302.65
2668 7.66 0.00 0.00 2.71 299.26
2669 7.29 0.00 0.00 1.50 295.44
2670 7.58 18.03 0.00 1.50 293.96
2671 8.85 144.02 432.95 2.71 300.52
2672 10.50 323.99 596.22 3.41 302.15
2673 12.29 509.56 715.23 4.91 297.50
2674 13.85 661.82 729.23 3.41 296.72
2675 15.25 777.45 740.60 1.00 299.65
2676 16.42 842.72 745.45 0.90 301.04
2677 17.28 844.17 722.69 0.90 301.52
2678 17.85 811.05 774.76 0.40 300.87
2679 18.07 705.20 754.07 0.60 303.61
2680 17.97 557.86 713.91 0.40 305.41
2681 17.33 373.34 611.06 0.90 309.84
2682 16.30 191.08 438.64 0.90 313.26
2683 15.04 39.62 135.94 1.30 313.66
2684 14.41 0.00 0.00 3.01 315.29
2685 13.79 0.00 0.00 0.40 314.83
2686 13.16 0.00 0.00 0.40 314.92
2687 12.57 0.00 0.00 1.30 314.85
2688 11.90 0.00 0.00 1.10 316.89
2689 11.77 0.00 0.00 0.20 316.88
2690 11.66 0.00 0.00 0.10 319.59
2691 11.62 0.00 0.00 0.00 319.83
2692 11.57 0.00 0.00 0.10 322.18
2693 11.54 0.00 0.00 0.60 325.71
2694 11.77 11.00 0.00 0.90 334.06
2695 12.32 67.72 0.00 1.30 337.73
2696 12.46 189.58 53.45 0.90 333.76
2697 14.03 268.71 29.25 2.21 340.40
2698 14.70 335.94 29.54 1.50 344.11
2699 15.56 367.65 26.73 2.11 347.07
2700 16.32 453.37 44.62 1.00 348.02
2701 16.81 403.70 27.42 0.70 353.77
2702 16.99 349.45 19.94 0.40 356.90
2703 17.24 356.51 41.89 0.70 355.36
2704 16.84 143.78 0.00 1.00 353.25
2705 16.37 90.36 0.00 2.41 339.83
2706 15.78 18.64 0.00 2.71 347.71
2707 15.23 10.82 0.00 1.90 357.42
2708 14.64 0.00 0.00 1.70 355.31
2709 14.02 0.00 0.00 2.21 349.13
2710 13.39 0.00 0.00 2.21 343.03
2711 12.82 0.00 0.00 1.70 337.26
2712 12.15 0.00 0.00 2.11 331.03
2713 11.39 0.00 0.00 1.90 324.34
2714 10.56 0.00 0.00 1.10 317.42
2715 10.13 0.00 0.00 3.21 312.99
2716 9.69 0.00 0.00 4.21 307.97
2717 9.38 0.00 0.00 2.71 303.99
2718 9.83 23.08 28.19 2.71 293.18
2719 11.33 162.60 419.27 3.81 292.90
2720 12.70 286.40 313.84 3.81 295.15
2721 12.84 191.36 8.45 5.11 307.04
2722 12.88 188.40 8.59 5.11 312.01
2723 14.03 534.01 205.13 6.62 298.13
2724 15.08 602.83 220.30 5.71 299.10
2725 16.46 839.73 590.29 5.71 291.34
2726 17.05 634.81 289.29 4.71 305.62
2727 17.81 777.27 805.87 4.71 294.51
2728 18.14 624.23 878.72 5.71 297.85
2729 18.04 425.94 758.14 5.71 301.82
2730 17.39 219.02 561.42 5.11 306.69
2731 16.41 52.97 254.27 3.81 306.39
2732 15.52 0.00 0.00 4.01 310.94
2733 14.63 0.00 0.00 5.11 313.10
2734 13.74 0.00 0.00 3.61 313.58
2735 12.91 0.00 0.00 3.21 313.83
2736 11.95 0.00 0.00 2.11 312.58
2737 11.31 0.00 0.00 1.10 309.48
2738 10.61 0.00 0.00 1.30 311.29
2739 10.24 0.00 0.00 1.90 312.35
2740 9.87 0.00 0.00 1.50 310.09
2741 9.61 0.00 0.00 1.50 312.61
2742 10.01 21.11 0.00 1.30 315.98
2743 11.23 139.12 297.51 1.00 318.74
2744 12.78 301.80 438.46 1.50 315.52
2745 14.41 498.93 638.90 1.00 306.05
2746 15.97 639.95 625.97 0.70 308.86
2747 17.14 683.57 472.49 1.70 308.38
2748 18.18 762.86 539.54 2.41 308.24
2749 18.98 769.86 538.43 2.21 313.08
2750 19.45 711.56 490.38 2.71 315.38
2751 19.57 585.00 358.86 3.61 318.09
2752 19.31 443.04 309.66 3.81 319.29
2753 18.71 308.10 305.86 2.41 320.22
2754 17.78 153.30 139.26 2.21 322.53
2755 16.71 40.31 128.61 1.70 325.37
2756 15.67 0.00 0.00 1.30 324.10
2757 14.63 0.00 0.00 2.51 318.80
2758 13.60 0.00 0.00 2.41 313.97
2759 12.59 0.00 0.00 0.50 313.81
2760 11.48 0.00 0.00 0.90 306.31
2761 10.64 0.00 0.00 0.70 304.65
2762 9.69 0.00 0.00 1.90 300.98
2763 9.17 0.00 0.00 2.41 299.05
2764 8.65 0.00 0.00 2.51 298.01
2765 8.27 0.00 0.00 2.51 297.57
2766 8.68 23.80 20.49 2.51 296.05
2767 10.06 160.24 468.39 2.71 302.38
2768 11.79 345.68 641.23 2.11 299.86
2769 13.53 534.99 745.31 2.41 298.23
2770 15.17 695.74 800.70 1.90 299.38
2771 16.66 820.45 840.14 1.90 301.10
2772 17.88 885.45 844.40 1.10 304.09
2773 18.80 896.06 853.67 1.90 305.07
2774 19.38 847.06 854.69 1.90 307.34
2775 19.61 740.63 839.65 1.50 311.00
2776 19.48 583.84 771.18 1.90 314.38
2777 18.83 398.74 691.25 0.60 316.44
2778 17.75 206.34 505.09 0.20 319.70
2779 16.42 44.75 178.24 0.40 325.13
2780 15.74 0.00 0.00 1.00 331.99
2781 15.07 0.00 0.00 0.60 331.40
2782 14.39 0.00 0.00 1.00 332.40
2783 13.72 0.00 0.00 1.10 332.22
2784 13.11 0.00 0.00 0.30 327.65
2785 12.96 0.00 0.00 0.10 324.63
2786 12.78 0.00 0.00 0.20 324.54
2787 12.67 0.00 0.00 0.20 324.71
2788 12.57 0.00 0.00 0.20 324.55
2789 12.49 0.00 0.00 0.40 331.51
2790 12.90 17.53 0.00 0.10 334.81
2791 13.70 95.09 30.78 0.00 335.81
2792 14.54 191.53 32.36 0.00 340.80
2793 15.89 318.40 97.75 0.40 344.37
2794 17.34 470.47 167.53 2.11 330.06
2795 18.37 495.49 132.58 1.70 329.43
2796 19.10 498.10 95.64 1.90 339.20
2797 19.74 528.41 120.47 2.21 335.51
2798 20.50 639.58 300.17 2.11 331.75
2799 20.74 476.94 158.68 1.00 340.71
2800 21.00 508.15 453.63 1.50 334.70
2801 20.77 322.25 301.15 1.50 343.29
2802 20.35 250.88 629.36 1.90 333.96
2803 19.47 62.04 380.89 2.41 341.50
2804 18.79 0.00 0.00 4.21 348.51
2805 18.10 0.00 0.00 4.91 348.11
2806 17.42 0.00 0.00 5.41 349.47
2807 16.73 0.00 0.00 5.11 349.18
2808 16.05 0.00 0.00 6.62 346.53
2809 15.50 0.00 0.00 5.71 340.62
2810 14.96 0.00 0.00 7.42 344.10
2811 14.68 0.00 0.00 8.52 347.93
2812 14.41 0.00 0.00 9.12 347.89
2813 14.22 0.00 0.00 6.62 351.69
2814 14.45 13.36 0.00 5.41 352.97
2815 14.99 74.50 0.00 4.71 355.97
2816 15.70 165.10 17.76 4.21 356.33
2817 17.02 385.28 231.71 4.01 345.22
2818 19.43 844.73 799.92 3.01 325.24
2819 21.07 869.90 772.21 3.41 332.91
2820 21.61 598.83 221.97 3.21 352.21
2821 21.63 434.04 66.14 3.41 359.50
2822 22.23 716.75 452.50 3.21 341.89
2823 22.26 472.25 158.67 2.21 352.71
2824 21.44 173.61 4.17 3.01 367.98
2825 20.48 36.34 0.00 2.41 376.41
2826 19.52 29.45 0.00 1.10 386.43
2827 18.86 20.17 0.00 1.00 377.88
2828 18.13 0.00 0.00 1.10 374.17
2829 17.39 0.00 0.00 1.00 370.46
2830 16.65 0.00 0.00 0.50 366.76
2831 15.91 0.00 0.00 0.90 363.07
2832 15.17 0.00 0.00 1.10 362.99
2833 14.39 0.00 0.00 0.90 362.23
2834 13.31 0.00 0.00 1.50 361.60
2835 13.26 0.00 0.00 1.00 360.99
2836 13.08 0.00 0.00 0.20 360.57
2837 12.86 0.00 0.00 0.30 358.24
2838 12.92 2.72 0.00 0.60 361.05
2839 13.05 14.84 0.00 1.30 362.50
2840 13.14 30.61 0.00 0.70 362.11
2841 13.30 45.96 0.00 1.70 363.08
2842 13.44 58.95 0.00 1.30 361.57
2843 13.58 68.39 0.00 1.90 363.36
2844 13.69 73.59 0.00 0.70 362.04
2845 14.80 476.61 135.19 1.90 345.12
2846 16.77 964.80 822.43 1.50 319.79
2847 18.11 849.37 999.96 0.90 324.19
2848 18.90 682.19 968.74 0.50 325.63
2849 19.21 477.56 905.41 0.90 327.43
2850 19.07 258.65 757.57 0.70 332.03
2851 18.48 66.52 416.54 0.70 340.40
2852 17.88 0.00 0.00 1.70 343.48
2853 17.28 0.00 0.00 1.70 342.82
2854 16.68 0.00 0.00 1.10 337.69
2855 16.08 0.00 0.00 0.50 335.73
2856 15.48 0.00 0.00 0.40 333.05
2857 14.86 0.00 0.00 1.00 334.08
2858 14.18 0.00 0.00 1.90 333.46
2859 13.81 0.00 0.00 2.11 334.17
2860 13.44 0.00 0.00 1.90 335.72
2861 13.17 0.00 0.00 2.71 340.37
2862 13.48 18.30 0.00 3.81 344.43
2863 14.28 105.56 58.45 3.41 345.58
2864 15.50 255.08 164.60 3.61 338.11
2865 16.19 316.62 88.07 2.51 346.65
2866 16.61 390.64 74.86 3.41 352.04
2867 18.34 582.53 240.26 2.71 350.68
2868 19.04 547.91 138.81 3.21 343.52
2869 19.00 365.64 20.75 1.30 366.90
2870 18.90 293.84 10.50 0.50 371.63
2871 18.69 268.48 9.76 0.20 357.46
2872 18.48 282.93 35.36 0.20 363.99
2873 18.48 314.55 258.35 0.50 340.19
2874 18.13 200.63 389.55 0.70 334.40
2875 17.50 70.23 262.70 0.90 330.59
2876 16.64 0.00 0.00 0.40 335.27
2877 15.78 0.00 0.00 0.30 332.81
2878 14.92 0.00 0.00 1.30 331.90
2879 14.06 0.00 0.00 1.70 330.52
2880 13.20 0.00 0.00 0.20 327.75
2881 12.39 0.00 0.00 0.30 328.27
2882 11.77 0.00 0.00 0.50 330.32
2883 11.42 0.00 0.00 1.70 330.88
2884 11.08 0.00 0.00 1.30 329.81
2885 10.82 0.00 0.00 0.80 329.26
2886 11.34 29.45 31.33 1.00 333.10
2887 12.17 118.94 79.52 0.50 338.71
2888 13.24 259.67 142.79 1.10 339.10
2889 14.42 404.27 225.90 1.70 335.28
2890 15.86 603.41 425.14 2.31 330.60
2891 16.86 626.82 300.64 2.10 339.21
2892 17.75 698.48 340.02 3.41 341.41
2893 18.67 812.04 542.52 3.71 338.10
2894 19.16 711.52 447.53 3.71 338.20
2895 19.55 718.54 646.93 6.21 332.25
2896 19.47 490.92 372.77 6.21 344.47
2897 19.05 367.74 470.57 6.01 347.66
2898 18.27 192.32 364.47 8.92 355.22
2899 17.27 55.85 182.42 7.32 354.65
2900 16.81 0.00 0.00 10.02 357.59
2901 16.35 0.00 0.00 7.32 357.20
2902 15.88 0.00 0.00 5.11 351.63
2903 15.42 0.00 0.00 4.31 347.55
2904 14.96 0.00 0.00 6.21 339.32
2905 14.86 0.00 0.00 5.71 339.71
2906 14.75 0.00 0.00 5.71 339.22
2907 14.68 0.00 0.00 6.51 337.37
2908 14.61 0.00 0.00 4.71 336.78
2909 14.56 0.00 0.00 3.21 334.84
2910 15.03 25.35 0.81 3.21 337.34
2911 16.78 203.41 548.63 4.01 340.36
2912 18.45 370.65 571.32 2.71 346.13
2913 19.43 403.50 251.06 2.31 351.22
2914 21.04 670.68 463.27 4.31 343.09
2915 20.70 229.46 9.90 3.71 368.58
2916 20.33 195.04 1.38 3.21 369.33
2917 20.00 184.86 1.51 3.71 382.83
2918 19.93 251.00 11.94 3.41 364.54
2919 20.54 602.94 327.47 4.51 337.92
2920 21.14 672.30 758.08 6.92 322.89
2921 20.88 264.54 130.29 11.03 342.95
2922 20.18 92.90 0.00 9.32 367.20
2923 19.53 29.04 0.00 6.51 353.47
2924 18.40 0.00 0.00 5.71 363.15
2925 17.79 0.00 0.00 4.01 368.81
2926 16.92 0.00 0.00 5.31 362.27
2927 16.05 0.00 0.00 6.92 355.79
2928 15.18 0.00 0.00 9.32 349.37
2929 14.44 0.00 0.00 7.32 343.74
2930 13.62 0.00 0.00 6.01 337.73
2931 13.17 0.00 0.00 10.02 333.85
2932 12.79 0.00 0.00 5.11 330.39
2933 12.45 0.00 0.00 4.01 327.12
2934 12.92 33.13 48.09 4.31 328.42
2935 13.96 156.60 272.55 5.31 317.32
2936 15.18 308.21 350.18 3.41 317.33
2937 16.64 506.21 546.82 4.71 313.29
2938 17.96 637.27 536.82 3.41 315.83
2939 19.08 722.74 510.38 3.01 315.07
2940 20.05 800.79 538.14 4.31 312.11
2941 20.74 789.70 535.62 3.01 312.39
2942 21.18 760.39 546.35 2.31 312.33
2943 21.34 651.81 506.60 2.10 317.19
2944 21.24 532.40 529.14 3.21 320.37
2945 20.76 367.19 450.26 2.31 326.33
2946 19.97 221.73 477.78 2.31 325.81
2947 18.94 68.09 257.54 2.51 327.66
2948 18.05 0.00 0.00 2.51 330.62
2949 17.15 0.00 0.00 4.31 329.75
2950 16.26 0.00 0.00 2.51 326.55
2951 15.36 0.00 0.00 2.71 327.37
2952 14.46 0.00 0.00 0.80 326.79
2953 14.00 0.00 0.00 1.10 322.31
2954 13.47 0.00 0.00 1.60 319.47
2955 13.18 0.00 0.00 2.51 318.55
2956 12.88 0.00 0.00 3.41 315.13
2957 12.73 0.00 0.00 3.21 317.32
2958 13.32 37.30 122.86 4.51 318.18
2959 14.84 201.71 599.67 3.71 320.72
2960 16.56 398.29 778.52 1.90 316.04
2961 18.30 587.90 856.53 1.70 311.45
2962 19.94 750.06 892.43 2.31 311.16
2963 21.37 865.24 899.39 2.71 313.90
2964 22.62 930.75 907.84 3.71 313.65
2965 23.55 935.26 903.77 5.11 313.71
2966 24.14 883.80 899.97 5.11 318.64
2967 24.39 778.97 893.68 4.91 320.56
2968 24.31 629.84 875.95 4.01 317.78
2969 23.71 447.92 826.90 4.01 319.84
2970 22.68 249.69 680.01 4.01 321.12
2971 21.36 76.30 381.62 4.01 331.19
2972 20.32 0.00 0.00 3.01 334.09
2973 19.26 0.00 0.00 1.90 333.07
2974 18.20 0.00 0.00 2.10 335.45
2975 17.14 0.00 0.00 3.01 329.61
2976 16.08 0.00 0.00 2.51 328.12
2977 15.36 0.00 0.00 1.30 322.97
2978 14.55 0.00 0.00 0.60 322.78
2979 14.09 0.00 0.00 1.60 323.05
2980 13.64 0.00 0.00 2.10 321.10
2981 13.31 0.00 0.00 1.30 318.26
2982 13.95 39.17 103.06 1.30 322.37
2983 15.45 211.32 643.75 2.31 326.79
2984 17.12 410.90 817.24 1.00 326.82
2985 18.79 601.28 886.70 2.10 321.66
2986 20.36 762.83 916.41 2.51 322.79
2987 21.71 874.63 915.01 3.01 323.42
2988 22.88 941.18 925.45 5.11 324.64
2989 23.75 947.21 925.22 5.71 325.12
2990 24.29 895.61 921.51 4.71 327.68
2991 24.51 791.32 917.53 5.11 328.46
2992 24.38 635.69 885.54 5.71 332.72
2993 23.75 450.88 828.85 6.92 337.31
2994 22.69 251.63 678.46 8.02 338.81
2995 21.37 77.46 373.19 4.51 346.57
2996 20.48 0.00 0.00 4.31 345.08
2997 19.57 0.00 0.00 3.71 341.23
2998 18.67 0.00 0.00 2.51 338.75
2999 17.76 0.00 0.00 3.01 338.11
3000 16.85 0.00 0.00 2.10 337.98
3001 16.45 0.00 0.00 1.10 334.75
3002 16.01 0.00 0.00 1.70 331.89
3003 15.76 0.00 0.00 2.10 331.33
3004 15.52 0.00 0.00 1.90 329.95
3005 15.34 0.00 0.00 1.70 332.83
3006 16.09 40.46 143.73 1.10 332.99
3007 17.73 212.66 609.21 1.00 337.23
3008 19.28 370.45 571.73 2.10 338.61
3009 20.90 553.96 695.46 1.60 332.04
3010 22.60 721.08 731.71 1.30 333.07
3011 24.31 896.84 877.27 1.00 330.53
3012 25.57 910.81 790.89 2.10 332.24
3013 26.63 962.00 879.53 0.50 334.63
3014 27.16 838.98 683.34 0.50 336.94
3015 27.56 828.89 886.52 1.10 331.59
3016 27.64 701.64 970.03 1.10 333.42
3017 27.18 499.72 911.77 1.60 331.62
3018 26.21 282.13 776.23 1.10 337.32
3019 24.88 88.92 531.21 0.70 345.24
3020 23.56 0.97 0.00 0.60 344.17
3021 22.24 0.00 0.00 1.10 347.26
3022 20.92 0.00 0.00 2.51 342.05
3023 19.69 0.00 0.00 4.01 340.77
3024 18.43 0.00 0.00 6.21 340.07
3025 17.42 0.00 0.00 4.01 338.24
3026 16.30 0.00 0.00 2.10 333.59
3027 15.69 0.00 0.00 1.40 330.53
3028 15.08 0.00 0.00 1.70 328.49
3029 14.63 0.00 0.00 1.60 330.98
3030 15.30 44.61 202.27 1.30 336.36
3031 16.53 199.49 520.74 2.10 340.80
3032 17.94 385.70 671.32 3.41 339.57
3033 19.27 542.16 654.27 3.21 337.63
3034 20.50 680.08 636.77 3.71 338.74
3035 21.55 777.40 606.08 3.21 340.09
3036 22.47 838.63 608.74 4.01 337.37
3037 23.19 862.46 661.42 4.91 337.61
3038 23.61 806.25 639.47 4.91 339.67
3039 23.74 709.30 645.91 5.31 340.13
3040 23.55 558.85 608.22 4.71 340.51
3041 22.94 386.89 514.27 4.01 342.37
3042 21.98 207.16 374.68 3.21 346.51
3043 20.81 59.03 167.21 3.71 352.70
3044 20.05 0.86 0.00 2.71 347.93
3045 19.26 0.00 0.00 2.31 349.35
3046 18.46 0.00 0.00 1.70 345.83
3047 17.66 0.00 0.00 2.10 343.23
3048 16.87 0.00 0.00 2.51 337.97
3049 16.69 0.00 0.00 3.21 336.63
3050 16.47 0.00 0.00 3.71 335.95
3051 16.34 0.00 0.00 3.21 336.49
3052 16.21 0.00 0.00 2.71 334.60
3053 16.12 0.00 0.00 2.71 339.25
3054 16.98 45.53 203.96 1.70 339.88
3055 18.53 205.86 548.63 0.90 341.38
3056 20.24 390.17 685.52 0.50 338.33
3057 21.98 571.05 754.64 0.70 337.53
3058 23.65 716.85 753.09 0.20 341.12
3059 25.10 819.17 729.57 0.50 337.95
3060 26.32 885.74 751.07 0.50 338.32
3061 27.25 892.96 755.89 0.30 338.09
3062 27.83 836.55 731.46 0.50 339.43
3063 28.07 726.70 695.91 0.70 339.50
3064 27.95 583.50 678.29 1.90 345.82
3065 27.34 411.22 612.66 4.01 348.39
3066 26.32 227.91 489.12 4.91 349.73
3067 25.05 71.70 295.08 6.21 355.85
3068 23.99 1.15 0.00 3.71 357.26
3069 22.93 0.00 0.00 3.41 363.18
3070 21.87 0.00 0.00 3.71 361.12
3071 20.80 0.00 0.00 2.71 357.28
3072 19.83 0.00 0.00 2.71 354.48
3073 19.02 0.00 0.00 1.90 352.09
3074 18.11 0.00 0.00 1.00 349.93
3075 17.61 0.00 0.00 1.90 345.30
3076 17.11 0.00 0.00 2.51 346.77
3077 16.74 0.00 0.00 1.10 347.56
3078 17.23 31.91 16.48 1.30 351.67
3079 17.89 114.03 23.07 1.30 353.66
3080 18.69 220.88 52.70 1.00 353.62
3081 19.63 346.56 104.89 0.90 353.30
3082 20.73 506.53 183.90 1.10 352.18
3083 21.82 631.26 281.37 1.10 351.61
3084 22.45 575.58 153.29 2.51 356.62
3085 22.57 436.38 60.53 1.60 366.44
3086 23.26 730.57 456.62 2.51 346.42
3087 23.66 659.71 512.91 3.41 347.89
3088 23.73 520.88 407.99 3.21 349.89
3089 23.69 471.94 727.31 2.71 341.04
3090 23.16 264.36 624.01 2.10 350.33
3091 22.27 86.02 353.89 0.90 356.01
3092 21.70 1.97 0.00 0.70 356.22
3093 21.12 0.00 0.00 0.60 357.89
3094 20.60 0.00 0.00 0.10 357.47
3095 20.04 0.00 0.00 0.30 362.18
3096 19.49 0.00 0.00 1.40 365.46
3097 19.47 0.00 0.00 2.51 362.15
3098 19.46 0.00 0.00 2.71 367.82
3099 19.45 0.00 0.00 2.31 367.02
3100 19.44 0.00 0.00 3.01 370.21
3101 19.43 0.00 0.00 1.70 376.11
3102 20.27 38.62 80.84 0.80 379.29
3103 22.34 227.40 483.24 1.00 363.35
3104 23.47 282.73 199.07 1.90 371.39
3105 23.26 144.28 0.00 0.60 387.56
3106 24.16 372.94 74.98 1.10 373.34
3107 24.12 201.79 4.22 1.40 389.96
3108 24.38 300.24 10.64 1.40 399.63
3109 24.69 325.44 20.36 1.30 387.29
3110 24.79 318.41 25.52 1.70 400.97
3111 26.02 739.48 609.86 1.60 360.21
3112 26.82 685.22 798.48 2.71 357.35
3113 27.01 427.54 634.40 3.21 365.43
3114 26.77 260.34 609.11 2.31 365.28
3115 26.09 84.96 342.36 1.60 369.63
3116 25.03 1.87 0.00 1.30 370.10
3117 23.96 0.00 0.00 2.71 371.29
3118 22.89 0.00 0.00 2.51 369.16
3119 21.83 0.00 0.00 2.31 368.31
3120 20.76 0.00 0.00 3.71 364.40
3121 19.78 0.00 0.00 1.70 360.11
3122 18.64 0.00 0.00 3.01 354.11
3123 18.02 0.00 0.00 2.71 351.61
3124 17.41 0.00 0.00 1.90 350.21
3125 16.96 0.00 0.00 2.51 349.33
3126 17.70 53.88 154.90 1.40 354.97
3127 18.46 162.59 216.03 1.70 361.35
3128 19.97 415.12 654.12 2.71 348.14
3129 21.44 611.36 795.06 1.90 345.03
3130 22.59 694.22 585.42 1.30 350.31
3131 23.19 645.56 290.71 1.40 359.38
3132 23.63 662.84 256.20 1.70 360.15
3133 24.03 711.73 348.57 1.30 360.15
3134 24.27 682.93 359.79 2.51 358.74
3135 24.30 603.05 349.33 2.51 359.90
3136 23.89 406.10 165.30 2.10 368.97
3137 23.10 222.60 35.21 3.21 373.74
3138 22.13 93.58 0.00 3.21 379.01
3139 21.14 19.12 0.00 2.10 380.70
3140 20.61 1.70 0.00 0.90 378.46
3141 20.05 0.00 0.00 1.00 378.46
3142 19.50 0.00 0.00 0.80 377.71
3143 18.94 0.00 0.00 0.70 376.61
3144 18.38 0.00 0.00 0.30 369.22
3145 18.40 0.00 0.00 0.20 375.79
3146 18.33 0.00 0.00 0.20 377.53
3147 18.30 0.00 0.00 0.30 378.04
3148 18.19 0.00 0.00 0.10 378.30
3149 17.60 0.00 0.00 0.10 375.54
3150 19.37 36.28 44.95 0.20 378.17
3151 19.93 73.75 0.00 0.20 382.57
3152 20.20 87.48 0.00 0.70 387.47
3153 20.18 53.97 0.00 1.30 392.83
3154 20.21 58.69 0.00 1.00 393.47
3155 20.37 97.07 0.00 1.30 392.56
3156 21.48 421.76 53.38 1.90 380.73
3157 22.54 506.37 95.33 2.51 382.31
3158 23.50 514.68 117.61 4.31 369.56
3159 24.28 540.99 239.64 4.31 362.92
3160 24.36 297.54 36.31 4.31 389.16
3161 24.44 239.48 60.19 8.62 397.18
3162 24.10 100.98 0.00 8.02 391.77
3163 23.62 34.78 0.00 7.32 383.49
3164 22.78 1.83 0.00 6.51 377.80
3165 21.95 0.00 0.00 8.02 377.01
3166 21.12 0.00 0.00 10.02 376.16
3167 20.34 0.00 0.00 8.02 375.05
3168 19.55 0.00 0.00 8.02 368.56
3169 18.36 0.00 0.00 4.71 364.35
3170 17.06 0.00 0.00 4.31 359.99
3171 16.34 0.00 0.00 4.51 353.96
3172 15.63 0.00 0.00 3.21 347.72
3173 15.11 0.00 0.00 3.41 345.65
3174 15.99 58.48 215.96 4.01 342.66
3175 17.12 204.62 472.66 4.01 340.03
3176 18.47 389.58 613.94 2.10 341.40
3177 19.82 560.97 671.20 3.41 339.81
3178 21.03 702.37 665.27 3.41 339.36
3179 22.13 796.14 623.80 4.91 342.01
3180 23.08 871.40 672.26 4.91 347.24
3181 23.77 878.00 675.71 5.31 349.41
3182 24.17 823.70 658.41 5.71 347.51
3183 24.28 722.21 649.22 5.71 348.59
3184 24.11 585.81 649.70 5.11 348.65
3185 23.53 419.74 622.20 5.31 347.55
3186 22.59 236.50 477.46 4.71 347.72
3187 21.43 81.66 298.98 3.21 352.46
3188 20.44 2.77 0.00 1.70 346.11
3189 19.43 0.00 0.00 2.51 344.42
3190 18.43 0.00 0.00 3.71 336.98
3191 17.42 0.00 0.00 3.21 333.90
3192 16.42 0.00 0.00 3.71 328.58
3193 16.10 0.00 0.00 5.31 330.94
3194 15.72 0.00 0.00 6.51 333.05
3195 15.51 0.00 0.00 4.01 335.69
3196 15.29 0.00 0.00 3.21 332.83
3197 15.12 0.00 0.00 0.80 333.09
3198 16.45 70.40 412.35 0.70 337.26
3199 18.10 243.61 698.94 0.50 337.45
3200 19.94 446.04 855.82 0.50 340.33
3201 21.78 639.07 919.80 0.80 337.04
3202 23.58 801.34 947.91 0.70 335.75
3203 25.14 912.91 949.71 0.70 338.58
3204 26.42 976.22 955.47 1.00 341.93
3205 27.39 983.42 958.08 0.90 343.17
3206 28.00 930.12 951.53 0.70 343.79
3207 28.26 821.97 939.77 0.70 346.67
3208 28.16 668.19 914.78 1.10 346.79
3209 27.52 481.75 861.15 0.30 348.42
3210 26.42 279.64 714.76 0.40 350.80
3211 25.02 97.60 449.93 0.70 359.74
3212 23.75 3.16 0.00 1.40 361.01
3213 22.47 0.00 0.00 1.90 364.83
3214 21.19 0.00 0.00 1.90 365.48
3215 20.00 0.00 0.00 3.71 364.32
3216 18.77 0.00 0.00 3.71 361.62
3217 17.87 0.00 0.00 2.71 355.93
3218 16.88 0.00 0.00 3.41 350.26
3219 16.33 0.00 0.00 4.51 352.09
3220 15.79 0.00 0.00 4.01 350.13
3221 15.40 0.00 0.00 3.21 353.08
3222 16.25 52.89 195.94 4.31 355.46
3223 17.32 183.36 313.11 4.71 351.02
3224 18.70 367.30 476.43 5.31 348.25
3225 19.99 512.07 478.30 4.91 346.09
3226 21.02 602.63 375.97 6.21 348.51
3227 21.98 685.75 361.88 8.02 345.79
3228 22.87 770.68 482.51 6.21 344.03
3229 23.66 835.51 580.90 6.21 342.27
3230 24.23 823.66 633.35 7.32 339.74
3231 24.51 738.39 674.11 8.02 342.01
3232 24.44 576.38 612.98 8.02 343.97
3233 23.93 398.88 477.92 5.31 350.13
3234 23.04 221.07 365.99 4.01 351.67
3235 21.94 76.72 194.48 3.01 359.63
3236 20.94 3.55 0.00 3.01 359.70
3237 20.01 0.00 0.00 1.60 359.98
3238 19.05 0.00 0.00 1.90 354.60
3239 18.08 0.00 0.00 1.30 351.37
3240 17.12 0.00 0.00 0.90 352.63
3241 16.67 0.00 0.00 1.40 352.51
3242 16.15 0.00 0.00 1.90 351.50
3243 15.84 0.00 0.00 2.71 351.84
3244 15.54 0.00 0.00 1.90 349.17
3245 15.31 0.00 0.00 0.50 350.87
3246 16.40 60.56 249.84 0.60 352.82
3247 17.70 204.38 425.00 0.80 351.41
3248 19.19 377.28 529.64 0.60 348.75
3249 20.71 545.65 588.29 1.10 339.11
3250 22.09 673.55 554.61 1.90 343.06
3251 23.43 796.43 596.56 2.10 338.84
3252 24.49 841.62 638.60 1.60 341.55
3253 25.26 840.20 620.81 2.10 343.02
3254 25.79 814.18 615.27 2.31 342.32
3255 26.00 721.47 630.60 4.51 345.91
3256 25.89 576.50 591.53 4.01 346.06
3257 25.33 420.11 560.65 4.01 344.51
3258 24.39 244.62 490.23 4.31 349.80
3259 23.18 88.56 329.53 7.32 352.92
3260 22.41 4.14 0.00 6.01 351.33
3261 21.64 0.00 0.00 3.01 357.15
3262 20.87 0.00 0.00 4.31 357.22
3263 20.17 0.00 0.00 3.01 356.61
3264 19.43 0.00 0.00 3.01 354.50
3265 19.13 0.00 0.00 1.60 353.76
3266 18.81 0.00 0.00 1.10 353.09
3267 18.63 0.00 0.00 1.30 353.87
3268 18.46 0.00 0.00 2.10 350.11
3269 18.33 0.00 0.00 3.71 349.44
3270 19.52 62.36 253.49 4.71 355.03
3271 20.89 209.10 443.42 4.51 350.93
3272 22.58 388.19 580.70 3.41 346.96
3273 24.25 553.49 608.90 3.71 345.27
3274 25.82 695.60 621.95 2.51 346.19
3275 27.17 785.42 604.47 2.31 346.35
3276 28.33 859.74 617.60 1.00 345.30
3277 29.18 851.70 645.67 0.60 348.27
3278 29.72 802.05 604.47 0.70 345.55
3279 29.98 720.74 623.41 1.40 345.51
3280 29.96 598.62 651.90 2.10 347.03
3281 29.43 418.95 577.87 2.10 351.61
3282 28.51 246.23 441.99 1.60 354.88
3283 27.33 85.82 244.61 2.71 358.19
3284 25.84 4.59 0.00 1.60 358.51
3285 24.36 0.00 0.00 1.90 357.88
3286 22.88 0.00 0.00 1.30 354.57
3287 21.39 0.00 0.00 1.00 353.25
3288 19.99 0.00 0.00 1.30 350.37
3289 18.72 0.00 0.00 1.30 343.66
3290 17.34 0.00 0.00 1.60 339.62
3291 16.60 0.00 0.00 3.21 334.37
3292 15.85 0.00 0.00 3.41 330.64
3293 15.31 0.60 0.00 3.01 327.18
3294 16.23 62.61 224.94 1.90 329.68
3295 17.30 207.43 421.51 1.70 326.16
3296 18.54 381.53 533.31 0.90 323.19
3297 19.85 563.70 632.60 1.30 321.69
3298 21.04 711.08 649.17 1.60 321.92
3299 22.07 785.03 570.03 3.21 325.75
3300 22.97 870.30 630.35 3.01 327.38
3301 23.57 847.24 605.19 4.01 331.02
3302 23.88 775.69 519.74 4.51 336.44
3303 23.86 641.93 415.20 5.71 338.54
3304 23.60 529.27 425.25 3.71 340.90
3305 22.94 359.58 332.66 3.41 342.66
3306 22.02 205.73 177.42 2.51 345.86
3307 20.93 67.48 64.54 4.01 354.93
3308 19.83 4.56 0.00 1.90 352.91
3309 18.70 0.00 0.00 0.70 353.50
3310 17.56 0.00 0.00 0.70 348.11
3311 16.43 0.00 0.00 1.70 343.49
3312 15.30 0.00 0.00 1.30 342.44
3313 14.81 0.00 0.00 1.60 342.62
3314 14.25 0.00 0.00 2.71 337.12
3315 13.93 0.00 0.00 4.01 340.14
3316 13.61 0.00 0.00 4.51 341.21
3317 13.38 0.85 0.00 4.51 341.16
3318 14.44 59.43 191.74 3.01 343.39
3319 15.68 196.95 348.21 2.71 336.66
3320 17.20 376.74 485.50 3.71 335.56
3321 18.80 561.21 618.25 1.70 330.09
3322 20.19 680.86 608.34 2.51 334.88
3323 21.38 775.43 574.91 2.31 334.22
3324 22.37 814.02 571.58 1.40 337.54
3325 23.13 829.42 587.99 2.51 336.45
3326 23.63 797.88 586.98 2.51 335.23
3327 23.88 726.51 630.46 3.01 334.44
3328 23.81 585.16 601.55 1.90 341.71
3329 23.28 423.55 582.70 1.60 344.12
3330 22.34 237.26 414.45 2.31 349.00
3331 21.15 85.72 217.24 2.10 352.88
3332 20.26 5.57 0.00 1.60 351.86
3333 19.34 0.00 0.00 1.70 355.04
3334 18.43 0.00 0.00 1.40 354.98
3335 17.51 0.00 0.00 1.90 356.60
3336 16.59 0.00 0.00 1.60 352.94
3337 16.09 0.00 0.00 1.60 349.28
3338 15.52 0.00 0.00 1.40 344.56
3339 15.20 0.00 0.00 1.90 344.75
3340 14.89 0.00 0.00 1.00 343.15
3341 14.65 1.17 0.00 0.80 347.26
3342 15.87 67.61 243.39 0.30 349.15
3343 17.16 210.54 420.17 0.20 347.98
3344 18.64 383.39 525.54 0.10 345.06
3345 20.14 552.10 603.01 0.90 341.86
3346 21.58 700.38 622.30 1.60 341.09
3347 22.94 815.94 649.91 1.00 338.90
3348 24.05 871.87 641.04 1.00 338.55
3349 24.87 873.89 630.53 0.60 340.65
3350 25.44 849.75 691.72 1.30 340.95
3351 25.63 724.10 604.55 1.90 343.97
3352 25.48 575.32 580.52 0.90 349.19
3353 24.86 404.43 481.43 2.31 353.43
3354 23.89 236.98 402.99 3.21 355.97
3355 22.68 84.43 218.00 1.90 361.11
3356 21.58 6.00 0.00 1.70 363.46
3357 20.54 0.00 0.00 1.60 365.90
3358 19.49 0.00 0.00 1.70 360.62
3359 18.43 0.00 0.00 1.90 355.39
3360 17.38 0.00 0.00 2.71 354.49
3361 16.69 0.00 0.00 1.60 353.58
3362 15.95 0.00 0.00 1.00 352.48
3363 15.55 0.00 0.00 1.10 350.15
3364 15.16 0.00 0.00 1.10 347.64
3365 14.88 0.97 0.00 0.60 347.13
3366 15.88 56.61 105.75 0.50 350.12
3367 16.33 110.84 16.63 0.70 354.73
3368 16.47 113.70 0.00 1.60 359.42
3369 16.67 148.08 0.00 0.90 355.18
3370 17.41 317.60 18.88 0.30 350.12
3371 18.02 364.38 22.84 0.10 354.94
3372 18.60 422.62 34.62 0.10 358.28
3373 19.17 484.15 80.10 0.00 353.48
3374 20.11 732.34 421.95 0.00 339.27
3375 20.78 718.17 585.07 0.30 335.48
3376 20.90 440.91 200.44 0.50 349.40
3377 20.83 351.06 256.58 0.30 348.94
3378 20.58 255.81 458.07 0.30 341.91
3379 19.99 104.47 262.80 0.30 343.92
3380 19.15 7.67 0.00 0.30 347.85
3381 18.31 0.00 0.00 0.10 350.99
3382 17.48 0.00 0.00 0.40 348.23
3383 16.64 0.00 0.00 0.90 346.73
3384 15.80 0.00 0.00 1.10 346.87
3385 15.23 0.00 0.00 1.90 345.92
3386 14.65 0.00 0.00 1.10 345.94
3387 14.34 0.00 0.00 0.80 345.72
3388 14.04 0.00 0.00 0.80 346.50
3389 13.83 1.07 0.00 0.90 346.47
3390 14.28 30.78 0.00 0.90 348.61
3391 14.78 97.46 0.00 0.90 349.20
3392 15.64 242.10 82.10 1.60 345.87
3393 17.06 486.06 335.67 1.90 333.33
3394 17.97 517.83 211.98 1.40 341.72
3395 18.68 558.05 178.43 1.30 342.56
3396 20.23 1033.26 749.53 2.10 321.50
3397 20.26 449.44 85.98 2.71 352.26
3398 20.05 384.97 43.17 3.41 367.79
3399 19.16 63.79 0.00 4.01 374.14
3400 19.31 459.41 254.09 2.51 340.47
3401 18.25 126.89 0.00 1.10 372.62
3402 17.90 51.85 0.00 1.30 375.69
3403 17.39 8.48 0.00 1.30 377.72
3404 16.80 2.53 0.00 1.40 371.44
3405 16.22 0.00 0.00 0.90 365.84
3406 15.64 0.00 0.00 1.30 359.10
3407 15.05 0.00 0.00 0.80 353.80
3408 14.47 0.00 0.00 0.90 351.40
3409 14.00 0.00 0.00 0.40 343.99
3410 13.52 0.00 0.00 0.40 339.12
3411 13.27 0.00 0.00 0.30 334.14
3412 13.02 0.00 0.00 0.50 332.13
3413 12.85 2.45 0.00 0.20 326.26
3414 14.13 79.18 291.75 0.30 326.63
3415 15.41 238.62 417.74 0.10 322.80
3416 15.88 247.32 88.70 0.10 334.06
3417 16.95 453.21 242.27 0.00 321.87
3418 18.76 817.06 806.00 0.90 313.66
3419 20.35 954.84 852.78 1.60 315.68
3420 21.15 825.58 555.95 0.80 326.26
3421 21.60 736.62 365.95 0.60 333.49
3422 22.02 776.30 495.23 0.50 329.18
3423 21.90 533.04 357.17 0.90 338.51
3424 20.59 51.40 0.00 0.70 367.39
3425 19.94 245.26 151.39 0.50 345.52
3426 18.93 29.06 0.00 0.50 364.98
3427 18.06 26.95 0.00 0.50 361.55
3428 17.35 3.42 0.00 0.90 356.90
3429 16.63 0.00 0.00 0.60 357.62
3430 15.92 0.00 0.00 0.50 354.80
3431 15.20 0.00 0.00 0.50 351.87
3432 14.49 0.00 0.00 0.80 348.70
3433 13.13 0.00 0.00 0.80 346.84
3434 12.88 0.00 0.00 1.10 343.87
3435 12.68 0.00 0.00 1.30 339.53
3436 12.39 0.00 0.00 2.71 337.37
3437 12.06 1.56 0.00 3.71 332.79
3438 13.36 73.29 143.35 5.31 339.15
3439 13.51 105.55 5.47 5.31 351.06
3440 13.80 135.10 0.00 5.31 355.98
3441 14.70 314.79 50.08 5.11 347.67
3442 15.05 281.34 13.84 5.31 356.78
3443 15.26 259.21 2.97 6.92 358.08
3444 15.50 312.08 14.89 6.51 356.66
3445 15.88 409.06 42.37 8.02 347.44
3446 16.43 537.85 128.19 5.31 341.33
3447 16.61 405.17 82.13 7.32 347.53
3448 17.26 710.49 599.31 5.71 324.29
3449 17.14 302.34 147.87 6.51 345.48
3450 17.02 302.62 549.56 6.01 330.98
3451 16.39 75.78 102.94 6.01 348.09
3452 15.92 7.83 0.00 6.92 348.44
3453 15.44 0.00 0.00 8.62 350.84
3454 14.96 0.00 0.00 6.51 350.24
3455 14.49 0.00 0.00 5.71 351.37
3456 14.01 0.00 0.00 5.71 350.86
3457 13.91 0.00 0.00 4.91 354.99
3458 13.91 0.00 0.00 3.71 358.20
3459 13.90 0.00 0.00 4.31 362.78
3460 13.89 0.00 0.00 5.11 362.50
3461 13.81 0.88 0.00 5.31 364.69
3462 14.08 8.39 0.00 6.01 368.84
3463 14.10 18.95 0.00 7.32 365.19
3464 14.84 109.36 0.00 6.51 357.48
3465 15.23 160.43 0.22 5.71 358.11
3466 15.91 183.31 1.15 8.92 359.66
3467 16.23 290.22 10.37 12.43 359.76
3468 16.89 308.38 17.88 12.43 363.56
3469 17.64 344.34 18.15 10.02 363.01
3470 18.28 406.04 26.36 5.31 362.38
3471 18.71 380.45 30.78 4.51 363.98
3472 18.98 355.32 74.33 3.21 349.14
3473 18.97 224.30 19.46 3.01 348.37
3474 18.67 123.64 5.25 2.10 364.81
3475 18.15 64.37 38.70 3.41 365.27
3476 17.35 6.19 0.00 4.51 363.19
3477 14.97 0.00 0.00 2.71 351.63
3478 15.25 0.00 0.00 1.10 349.96
3479 14.82 0.00 0.00 1.40 346.96
3480 14.53 0.00 0.00 0.30 341.85
3481 13.90 0.00 0.00 0.50 340.69
3482 12.98 0.00 0.00 0.30 335.01
3483 12.53 0.00 0.00 0.70 334.30
3484 11.99 0.00 0.00 1.30 332.92
3485 11.59 2.15 0.00 1.00 327.71
3486 12.79 64.10 175.87 1.90 333.90
3487 13.72 180.31 146.15 2.51 330.76
3488 14.68 288.87 122.04 3.71 335.21
3489 16.01 480.87 328.71 2.31 335.51
3490 17.19 589.91 322.69 2.71 341.38
3491 18.35 721.95 429.71 3.01 328.34
3492 19.21 741.68 389.98 3.01 323.06
3493 19.84 744.90 369.51 2.31 326.47
3494 20.38 775.64 504.53 2.31 325.44
3495 20.73 743.52 586.09 4.51 322.16
3496 20.90 711.08 853.11 4.71 318.48
3497 20.72 501.90 820.12 3.71 320.97
3498 20.08 325.16 769.64 3.01 322.22
3499 19.08 130.05 525.29 1.30 328.65
3500 18.04 12.73 0.00 0.50 327.33
3501 17.00 0.00 0.00 0.70 332.29
3502 15.97 0.00 0.00 0.20 334.18
3503 14.93 0.00 0.00 0.10 333.02
3504 13.90 0.00 0.00 0.60 329.24
3505 13.38 0.00 0.00 1.10 329.13
3506 12.79 0.00 0.00 1.40 328.32
3507 12.50 0.00 0.00 2.51 330.43
3508 12.14 0.00 0.00 4.31 329.51
3509 11.88 2.84 0.00 4.01 328.47
3510 13.43 84.98 372.24 2.31 333.81
3511 14.97 253.04 629.91 2.10 333.47
3512 16.68 446.77 778.82 3.01 334.05
3513 18.37 629.77 840.98 2.51 328.84
3514 19.95 781.72 861.33 2.31 328.78
3515 21.29 887.06 853.21 2.31 331.12
3516 22.46 948.62 858.72 4.01 334.89
3517 23.33 955.78 861.75 3.21 334.50
3518 23.87 903.16 849.07 2.71 335.75
3519 24.09 800.97 836.85 1.40 336.38
3520 23.96 654.36 806.95 0.80 332.55
3521 23.33 475.79 733.36 0.60 332.85
3522 22.28 283.84 598.15 2.10 336.19
3523 20.95 112.20 390.01 2.71 344.22
3524 19.77 9.93 0.00 1.40 341.51
3525 18.56 0.00 0.00 3.71 345.78
3526 17.35 0.00 0.00 2.10 343.05
3527 16.14 0.00 0.00 1.10 337.92
3528 14.94 0.00 0.00 0.10 336.12
3529 14.17 0.00 0.00 0.80 334.45
3530 13.34 0.00 0.00 0.50 329.74
3531 12.89 0.00 0.00 0.40 331.13
3532 12.49 0.00 0.00 0.30 327.90
3533 12.15 2.91 0.00 0.30 322.97
3534 13.27 63.33 128.91 0.30 327.90
3535 13.90 136.17 38.42 0.30 333.46
3536 15.22 317.03 224.68 0.10 325.57
3537 15.76 300.01 63.44 0.40 334.22
3538 17.43 657.33 462.63 0.30 314.97
3539 18.97 800.31 581.20 1.00 313.48
3540 20.32 899.63 664.53 1.40 312.55
3541 21.63 1032.57 920.78 1.90 311.58
3542 22.56 973.58 981.05 2.10 310.74
3543 23.07 866.14 967.58 4.01 310.00
3544 23.21 718.88 951.84 3.21 312.94
3545 22.90 528.23 892.48 1.90 315.97
3546 22.10 321.59 749.34 2.31 320.96
3547 20.94 130.67 511.37 2.71 329.05
3548 19.75 14.10 0.00 1.60 331.91
3549 18.53 0.00 0.00 1.10 333.99
3550 17.30 0.00 0.00 2.10 333.06
3551 16.08 0.00 0.00 1.60 329.75
3552 14.86 0.00 0.00 3.41 328.29
3553 13.98 0.00 0.00 3.01 323.76
3554 13.00 0.00 0.00 1.60 323.93
3555 12.51 0.00 0.00 1.10 321.94
3556 11.92 0.00 0.00 2.10 321.01
3557 11.50 3.35 0.00 2.10 322.79
3558 13.00 86.41 354.94 2.71 326.41
3559 14.41 250.32 598.24 3.41 324.40
3560 15.99 443.05 742.82 3.01 322.51
3561 17.59 629.61 833.85 4.91 315.68
3562 19.07 783.11 860.05 4.01 318.21
3563 20.37 895.29 870.71 4.01 319.24
3564 21.41 956.47 874.64 4.01 319.01
3565 22.23 961.64 871.97 4.01 319.86
3566 22.72 905.53 849.37 4.01 322.49
3567 22.89 802.13 832.23 2.10 322.53
3568 22.74 656.05 802.16 3.01 323.23
3569 22.11 480.12 737.09 2.51 325.96
3570 21.08 286.45 592.83 3.01 331.39
3571 19.87 113.79 387.25 1.60 335.89
3572 18.56 11.10 0.00 1.40 335.96
3573 17.26 0.00 0.00 1.10 335.44
3574 15.96 0.00 0.00 1.70 330.58
3575 14.67 0.00 0.00 2.31 326.25
3576 13.37 0.00 0.00 2.10 323.06
3577 12.71 0.00 0.00 0.70 319.25
3578 11.87 0.00 0.00 1.10 319.88
3579 11.42 0.00 0.00 1.00 321.10
3580 10.97 0.00 0.00 2.10 321.48
3581 10.66 3.38 0.00 2.51 320.95
3582 11.96 67.44 163.48 2.71 325.69
3583 12.76 152.20 81.64 2.51 330.09
3584 13.85 302.81 167.41 3.41 324.92
3585 15.26 483.88 328.17 4.31 315.57
3586 16.50 596.39 330.02 6.92 317.29
3587 17.72 726.58 437.61 5.31 316.85
3588 19.01 883.91 593.80 6.51 313.54
3589 20.13 960.15 812.16 6.92 314.72
3590 20.75 861.98 645.32 6.01 322.02
3591 20.77 603.48 291.03 2.71 331.83
3592 20.58 503.45 308.21 2.31 333.27
3593 20.00 358.64 188.73 2.71 334.65
3594 19.07 188.21 110.70 2.51 344.43
3595 17.99 66.97 23.43 3.41 351.62
3596 16.92 9.97 0.00 2.71 345.06
3597 16.37 0.00 0.00 2.51 344.88
3598 15.82 0.00 0.00 4.31 343.72
3599 15.27 0.00 0.00 3.21 344.62
3600 14.72 0.00 0.00 1.90 342.31
3601 14.48 0.00 0.00 1.40 338.18
3602 14.21 0.00 0.00 0.30 337.33
3603 14.05 0.00 0.00 0.50 335.29
3604 13.89 0.00 0.00 0.60 334.56
3605 13.78 3.66 0.00 0.90 340.17
3606 14.99 69.97 177.82 1.10 341.42
3607 16.24 213.90 363.28 2.51 335.60
3608 17.60 376.94 429.05 1.40 336.82
3609 19.34 618.44 697.33 0.90 327.29
3610 20.97 793.99 836.35 0.60 326.42
3611 22.54 931.86 826.99 1.10 328.81
3612 22.96 672.76 321.06 1.40 347.10
3613 22.83 503.49 85.30 1.90 356.93
3614 22.74 508.40 84.77 0.90 353.03
3615 22.51 458.90 91.64 0.50 352.44
3616 22.04 367.04 86.76 0.40 353.81
3617 21.14 175.33 4.81 0.10 362.83
3618 20.27 104.78 0.00 0.10 365.26
3619 19.37 44.87 0.00 0.20 365.19
3620 18.50 5.88 0.00 0.20 355.97
3621 17.91 0.00 0.00 0.30 358.58
3622 17.33 0.00 0.00 0.30 359.23
3623 16.74 0.00 0.00 0.30 357.46
3624 16.16 0.00 0.00 0.20 353.41
3625 16.05 0.00 0.00 0.10 362.10
3626 15.62 0.00 0.00 0.00 357.80
3627 15.39 0.00 0.00 0.10 354.64
3628 15.16 0.00 0.00 0.10 351.50
3629 14.99 4.02 0.00 0.10 348.74
3630 16.34 88.34 269.73 0.00 354.73
3631 17.38 225.70 432.43 0.00 357.50
3632 18.43 366.58 403.18 0.10 360.74
3633 19.58 528.67 430.20 0.30 356.15
3634 21.07 800.24 781.17 0.90 345.53
3635 22.44 919.39 775.74 0.60 344.25
3636 22.57 563.73 157.94 0.90 364.51
3637 22.60 532.38 103.84 1.20 364.26
3638 22.38 456.33 37.62 0.60 380.42
3639 22.13 417.21 44.84 1.50 365.88
3640 21.47 270.24 19.12 0.70 384.00
3641 20.58 161.89 1.06 0.90 386.75
3642 20.06 96.33 0.00 2.20 382.28
3643 19.32 54.66 0.00 3.69 368.88
3644 18.59 6.35 0.00 3.10 360.52
3645 18.10 0.00 0.00 3.69 362.81
3646 17.61 0.00 0.00 3.89 355.49
3647 17.12 0.00 0.00 2.60 354.57
3648 16.63 0.00 0.00 1.90 352.11
3649 16.38 0.00 0.00 1.20 353.42
3650 16.10 0.00 0.00 2.20 354.03
3651 15.95 0.00 0.00 2.20 350.42
3652 15.79 0.00 0.00 3.39 347.33
3653 15.68 4.08 0.00 1.00 338.92
3654 17.05 85.86 308.60 0.90 338.54
3655 18.34 247.64 548.55 0.80 335.95
3656 19.73 427.89 669.89 0.50 334.59
3657 21.04 582.34 604.27 0.40 334.22
3658 22.56 803.86 833.05 0.10 332.37
3659 23.92 922.77 816.25 0.10 330.78
3660 24.25 659.23 294.68 0.20 347.39
3661 24.36 597.80 165.24 0.10 351.42
3662 24.13 480.72 77.81 0.60 358.41
3663 23.78 423.67 73.80 0.80 360.87
3664 23.19 312.66 26.91 0.90 364.24
3665 22.42 197.24 8.46 1.20 368.52
3666 21.60 124.14 3.57 0.70 363.25
3667 20.79 47.89 0.00 0.70 368.29
3668 19.99 8.42 0.00 1.50 368.13
3669 19.40 0.00 0.00 2.20 366.37
3670 18.80 0.00 0.00 2.60 362.88
3671 18.21 0.00 0.00 2.40 360.06
3672 17.61 0.00 0.00 3.39 356.37
3673 17.19 0.00 0.00 4.29 353.25
3674 16.71 0.00 0.00 3.89 349.22
3675 16.44 0.00 0.00 5.99 346.09
3676 16.18 0.00 0.00 5.99 344.19
3677 15.98 4.17 0.00 5.19 346.60
3678 17.51 96.26 428.12 3.89 350.25
3679 18.89 270.09 685.43 5.19 348.05
3680 20.42 471.54 814.85 4.49 347.41
3681 22.02 682.61 942.23 4.49 339.03
3682 23.55 840.90 964.51 4.19 342.24
3683 24.97 986.01 834.68 3.69 343.65
3684 24.78 527.23 119.84 4.19 370.77
3685 24.64 530.83 105.06 4.89 371.09
3686 24.45 507.89 83.29 5.49 367.14
3687 24.14 461.15 91.75 4.89 366.06
3688 23.72 399.01 111.72 3.69 363.24
3689 23.09 288.41 71.84 2.40 363.45
3690 22.31 187.34 77.83 2.80 362.82
3691 21.42 81.19 50.67 2.40 362.37
3692 20.57 9.67 0.00 2.40 357.45
3693 19.64 0.00 0.00 2.20 356.91
3694 18.70 0.00 0.00 1.20 354.46
3695 17.77 0.00 0.00 1.00 350.88
3696 16.84 0.00 0.00 0.40 345.17
3697 16.21 0.00 0.00 0.30 347.08
3698 15.45 0.00 0.00 0.30 342.63
3699 15.00 0.00 0.00 1.10 339.74
3700 14.55 0.00 0.00 0.80 337.00
3701 14.21 4.53 0.00 0.70 329.72
3702 15.76 102.18 468.58 1.00 332.45
3703 17.13 285.23 689.20 0.90 326.86
3704 18.20 412.74 579.79 0.80 334.09
3705 19.37 580.76 595.72 0.40 327.13
3706 20.75 804.98 785.00 0.50 324.26
3707 21.70 836.14 633.42 1.20 326.76
3708 22.67 956.05 809.52 1.50 324.13
3709 23.48 1011.24 913.55 1.50 325.09
3710 24.06 998.14 996.71 1.40 326.10
3711 24.31 892.37 982.84 3.39 325.76
3712 24.25 738.45 959.94 3.10 324.94
3713 23.76 548.57 913.43 2.80 326.79
3714 22.85 341.42 781.39 3.10 331.92
3715 21.65 146.56 558.89 3.10 336.13
3716 20.41 19.45 17.08 2.80 337.10
3717 19.45 0.00 0.00 2.60 341.22
3718 18.50 0.00 0.00 2.20 340.30
3719 17.54 0.00 0.00 2.40 338.09
3720 16.58 0.00 0.00 3.39 336.50
3721 16.38 0.00 0.00 3.10 334.75
3722 16.13 0.00 0.00 2.20 334.52
3723 15.99 0.00 0.00 2.40 334.23
3724 15.84 0.00 0.00 1.70 333.04
3725 15.73 3.74 0.00 1.70 335.69
3726 16.80 58.41 62.88 1.40 341.40
3727 18.29 219.86 347.06 2.40 332.72
3728 19.83 388.47 479.60 1.20 333.05
3729 21.21 528.19 442.42 1.90 329.99
3730 22.84 719.71 595.73 1.90 324.85
3731 24.03 757.68 492.23 1.90 327.82
3732 24.73 708.39 308.96 1.90 332.70
3733 25.82 938.13 724.97 0.70 324.77
3734 26.63 928.58 857.32 1.00 326.66
3735 27.07 827.04 876.97 2.60 329.37
3736 27.16 679.58 813.44 2.40 328.03
3737 26.79 498.90 715.11 1.20 332.32
3738 25.97 305.06 566.66 3.39 342.94
3739 24.83 129.05 346.44 2.20 353.07
3740 23.59 17.60 0.00 1.70 355.54
3741 22.56 0.00 0.00 1.50 360.75
3742 21.53 0.00 0.00 0.60 356.65
3743 20.57 0.00 0.00 0.30 359.47
3744 19.58 0.00 0.00 1.00 357.35
3745 18.84 0.00 0.00 1.90 349.17
3746 18.00 0.00 0.00 4.19 350.23
3747 17.53 0.00 0.00 3.10 348.49
3748 17.07 0.00 0.00 2.20 346.49
3749 16.73 4.51 0.00 1.00 355.19
3750 18.00 79.52 209.99 0.60 356.96
3751 19.18 227.79 421.01 0.50 352.51
3752 20.30 365.65 390.39 1.00 354.93
3753 21.36 497.81 357.87 2.20 354.28
3754 22.34 593.36 320.14 2.60 352.50
3755 23.41 744.23 468.64 3.10 348.08
3756 24.35 819.23 529.10 3.39 350.22
3757 25.11 858.41 574.61 1.70 351.35
3758 25.47 753.70 447.36 2.20 353.46
3759 25.60 677.34 486.25 2.80 356.33
3760 25.48 552.80 415.07 1.70 354.45
3761 25.07 437.81 497.55 1.10 348.90
3762 24.27 250.30 332.24 0.40 352.28
3763 23.26 110.63 244.06 1.00 355.06
3764 22.18 15.11 0.00 1.20 351.22
3765 21.27 0.00 0.00 1.10 354.87
3766 20.43 0.00 0.00 0.90 353.95
3767 19.55 0.00 0.00 0.50 357.79
3768 18.67 0.00 0.00 0.90 357.35
3769 18.32 0.00 0.00 2.80 358.29
3770 17.91 0.00 0.00 2.20 358.72
3771 17.67 0.00 0.00 3.89 356.33
3772 17.43 0.00 0.00 3.89 354.49
3773 17.26 4.81 0.00 1.90 352.08
3774 18.45 69.01 91.93 1.00 359.84
3775 19.50 190.12 152.34 0.60 357.95
3776 20.88 367.00 379.55 0.90 354.09
3777 22.33 538.07 498.05 0.90 349.21
3778 23.73 675.77 555.67 2.20 349.47
3779 24.96 776.28 516.75 1.20 350.76
3780 25.84 782.10 465.43 3.69 357.44
3781 26.63 843.61 544.92 1.90 354.36
3782 27.08 772.03 501.83 4.29 354.91
3783 27.27 689.70 515.66 5.49 355.89
3784 27.15 553.11 412.33 4.19 354.83
3785 26.64 398.97 369.34 5.19 353.23
3786 25.85 263.13 386.23 4.49 351.82
3787 24.78 95.70 125.68 5.69 364.81
3788 23.67 16.03 0.00 8.09 365.11
3789 22.84 0.00 0.00 8.09 366.87
3790 22.01 0.00 0.00 8.89 363.88
3791 21.17 0.00 0.00 7.79 363.17
3792 20.41 0.00 0.00 7.39 361.78
3793 19.95 0.00 0.00 6.69 355.90
3794 19.41 0.00 0.00 5.99 353.10
3795 19.11 0.00 0.00 5.99 351.98
3796 18.81 0.00 0.00 4.89 350.92
3797 18.58 5.33 0.00 3.69 356.19
3798 20.32 96.40 332.24 1.90 361.28
3799 21.85 268.27 584.76 1.70 356.02
3800 23.17 397.10 449.56 2.60 363.18
3801 24.16 471.89 277.18 1.40 365.21
3802 24.76 479.82 146.34 2.60 373.41
3803 24.81 379.91 41.98 3.89 381.79
3804 25.80 731.02 346.74 5.69 363.67
3805 26.59 756.78 402.81 6.39 366.81
3806 27.13 729.33 373.20 7.79 367.88
3807 27.81 865.06 809.34 7.79 356.53
3808 28.09 713.87 889.91 7.39 359.46
3809 28.00 527.82 794.41 6.69 358.71
3810 27.40 326.67 647.60 7.39 357.83
3811 26.43 141.19 421.13 6.69 363.73
3812 25.32 20.83 31.03 5.19 360.12
3813 24.07 0.00 0.00 6.69 364.83
3814 22.83 0.00 0.00 6.69 363.40
3815 21.58 0.00 0.00 5.99 361.55
3816 20.41 0.00 0.00 4.49 360.38
3817 19.60 0.00 0.00 3.10 359.85
3818 18.69 0.00 0.00 3.10 358.29
3819 18.18 0.00 0.00 1.90 357.11
3820 17.68 0.00 0.00 1.50 356.06
3821 17.31 4.07 0.00 1.10 356.49
3822 18.11 57.38 50.64 0.80 359.50
3823 19.46 241.17 393.04 1.10 346.84
3824 21.01 471.29 706.04 0.50 334.61
3825 22.28 590.55 595.72 1.50 335.73
3826 22.97 582.64 288.28 2.20 347.20
3827 23.86 752.02 465.21 1.40 339.22
3828 24.31 682.78 291.28 1.70 345.83
3829 24.27 513.58 89.94 3.10 354.97
3830 24.21 509.22 92.85 2.40 351.41
3831 23.87 403.80 43.18 1.70 353.88
3832 23.63 428.26 138.96 1.70 350.35
3833 23.18 325.81 116.93 1.70 349.65
3834 22.39 154.63 26.40 3.10 371.48
3835 21.58 73.86 13.90 3.10 357.54
3836 20.79 11.27 0.00 3.10 353.97
3837 20.00 0.00 0.00 3.39 354.39
3838 19.22 0.00 0.00 3.10 350.13
3839 18.44 0.00 0.00 1.50 350.63
3840 17.65 0.00 0.00 0.90 348.07
3841 17.42 0.00 0.00 0.60 347.04
3842 17.13 0.00 0.00 0.60 348.29
3843 16.96 0.00 0.00 0.80 347.20
3844 16.78 0.00 0.00 0.80 346.04
3845 16.65 4.94 0.00 0.70 347.11
3846 18.19 87.83 263.34 0.70 351.80
3847 19.51 238.96 480.04 1.70 348.44
3848 21.00 425.66 636.94 2.40 348.62
3849 22.55 588.20 647.01 2.20 345.63
3850 23.78 673.99 526.92 1.50 350.19
3851 25.03 816.70 595.05 1.00 351.03
3852 26.02 858.71 598.09 1.40 348.79
3853 26.65 815.92 511.17 2.60 350.98
3854 26.99 754.55 467.24 3.89 355.48
3855 27.12 687.02 478.57 3.39 357.70
3856 26.85 523.88 326.19 3.69 361.93
3857 26.17 359.24 168.17 2.20 364.58
3858 25.29 241.26 286.14 1.40 368.52
3859 24.24 113.29 259.16 1.70 371.46
3860 23.10 16.64 0.00 1.20 370.82
3861 22.42 0.00 0.00 1.10 374.52
3862 21.74 0.00 0.00 1.00 368.20
3863 21.06 0.00 0.00 1.40 364.68
3864 20.45 0.00 0.00 1.00 363.25
3865 20.13 0.00 0.00 1.90 361.09
3866 19.76 0.00 0.00 1.70 359.96
3867 19.55 0.00 0.00 2.80 361.84
3868 19.34 0.00 0.00 3.10 361.13
3869 19.19 4.93 0.00 3.69 367.98
3870 20.56 76.48 194.14 1.90 373.76
3871 21.67 203.30 287.30 1.20 370.44
3872 23.22 387.11 451.05 0.60 363.92
3873 24.70 538.82 486.39 1.10 362.28
3874 26.00 652.62 494.28 1.50 363.37
3875 27.14 739.00 476.66 1.40 364.63
3876 28.12 806.93 509.75 2.60 361.43
3877 28.96 851.64 563.88 1.70 355.52
3878 29.42 772.55 473.71 2.80 361.87
3879 29.69 719.28 543.40 1.90 362.54
3880 29.69 604.25 563.74 2.20 358.90
3881 29.27 439.98 500.43 3.39 358.71
3882 28.45 263.15 379.84 3.39 361.66
3883 27.40 114.38 260.65 3.10 369.44
3884 26.27 17.55 0.00 2.80 366.19
3885 24.96 0.00 0.00 3.39 369.73
3886 23.65 0.00 0.00 3.69 366.20
3887 22.33 0.00 0.00 2.80 362.96
3888 21.02 0.00 0.00 1.10 359.18
3889 20.06 0.00 0.00 0.60 356.93
3890 18.95 0.00 0.00 0.30 350.03
3891 18.34 0.00 0.00 0.60 345.69
3892 17.73 0.00 0.00 0.70 343.93
3893 17.28 5.18 0.00 0.30 343.49
3894 18.59 85.18 242.59 0.20 347.73
3895 19.69 230.78 429.96 0.30 345.95
3896 20.97 407.85 566.13 0.40 345.66
3897 22.32 589.31 650.73 0.30 342.03
3898 23.62 734.68 681.98 0.40 342.65
3899 24.75 838.28 673.60 0.20 342.25
3900 25.67 898.30 674.34 0.10 346.94
3901 26.35 908.28 680.65 0.10 350.68
3902 26.79 874.71 716.63 0.60 351.45
3903 26.94 774.04 690.81 0.80 354.95
3904 26.82 631.02 636.98 1.10 357.66
3905 26.26 455.83 574.13 2.20 360.46
3906 25.37 278.66 451.78 2.60 362.92
3907 24.25 120.32 300.61 3.69 369.69
3908 23.07 18.75 0.00 3.39 368.71
3909 21.98 0.00 0.00 2.40 370.79
3910 20.93 0.00 0.00 2.40 366.83
3911 19.88 0.00 0.00 3.89 363.66
3912 18.83 0.00 0.00 2.20 354.69
3913 18.42 0.00 0.00 1.50 352.52
3914 17.91 0.00 0.00 1.00 351.58
3915 17.62 0.00 0.00 1.10 350.72
3916 17.33 0.00 0.00 1.70 349.52
3917 17.10 5.65 0.00 1.40 347.32
3918 18.76 95.09 365.76 0.70 351.72
3919 20.21 262.09 613.87 0.30 350.37
3920 21.81 455.00 760.66 0.20 345.92
3921 23.50 642.16 854.25 0.40 347.12
3922 25.06 793.85 873.93 0.70 351.16
3923 26.41 900.32 868.46 1.50 348.80
3924 27.51 957.84 859.83 1.40 353.74
3925 28.31 956.68 833.86 0.80 356.14
3926 28.81 910.11 828.37 2.20 359.61
3927 29.01 814.06 822.24 2.60 359.01
3928 28.92 676.36 810.16 2.40 364.60
3929 28.34 497.93 726.72 2.80 367.91
3930 27.37 311.96 622.69 4.19 368.79
3931 26.11 135.16 418.34 2.80 374.22
3932 24.76 19.36 0.00 2.40 373.57
3933 23.85 0.00 0.00 1.90 377.57
3934 22.94 0.00 0.00 1.90 377.68
3935 22.04 0.00 0.00 2.60 375.63
3936 21.13 0.00 0.00 2.80 373.49
3937 20.76 0.00 0.00 3.10 370.80
3938 20.35 0.00 0.00 0.60 369.51
3939 20.13 0.00 0.00 0.50 373.03
3940 19.92 0.00 0.00 0.40 372.90
3941 19.77 5.59 0.00 0.20 373.50
3942 21.12 96.91 285.41 0.40 379.72
3943 22.16 237.42 430.37 0.20 375.18
3944 23.54 444.65 683.39 0.60 368.72
3945 25.05 664.61 809.25 0.60 360.21
3946 26.32 787.66 794.42 0.90 362.38
3947 27.31 845.07 601.56 1.20 363.29
3948 25.52 454.87 86.83 1.40 397.46
3949 26.24 444.89 26.02 2.20 411.81
3950 26.33 370.88 18.20 1.20 412.25
3951 25.57 275.30 10.03 0.60 415.30
3952 25.33 251.45 9.54 0.30 409.01
3953 24.58 166.30 1.38 0.90 411.09
3954 24.17 89.96 0.00 1.50 408.72
3955 23.49 31.32 0.00 3.10 409.05
3956 22.83 6.52 0.00 2.80 402.45
3957 22.21 0.00 0.00 1.70 396.22
3958 21.55 0.00 0.00 1.90 389.84
3959 20.90 0.00 0.00 1.20 383.49
3960 20.24 0.00 0.00 1.10 377.23
3961 19.78 0.00 0.00 0.60 378.51
3962 19.17 0.00 0.00 2.60 376.41
3963 18.82 0.00 0.00 3.89 373.41
3964 18.47 0.00 0.00 4.49 368.14
3965 18.22 5.68 0.00 3.10 363.84
3966 19.86 94.56 382.86 3.39 362.80
3967 21.22 257.06 584.03 4.89 361.64
3968 22.82 442.38 721.89 5.99 354.67
3969 24.42 620.28 781.49 5.69 349.45
3970 25.89 764.22 785.19 5.19 352.06
3971 27.18 870.33 781.08 5.19 353.99
3972 28.23 924.43 760.44 5.49 353.65
3973 29.00 926.93 740.12 4.19 353.94
3974 29.48 877.16 720.13 6.69 356.27
3975 29.68 791.70 744.45 6.69 357.69
3976 29.61 662.24 754.34 7.79 355.36
3977 29.10 494.54 716.51 6.69 356.61
3978 28.21 312.55 614.15 8.89 357.98
3979 27.03 137.95 427.92 8.39 364.30
3980 25.74 20.47 9.99 7.79 360.17
3981 24.25 0.00 0.00 7.09 356.53
3982 22.76 0.00 0.00 8.89 352.64
3983 21.27 0.00 0.00 5.99 349.32
3984 19.88 0.00 0.00 5.69 345.75
3985 18.87 0.00 0.00 5.49 341.98
3986 17.72 0.00 0.00 3.89 337.80
3987 17.07 0.00 0.00 3.89 331.02
3988 16.43 0.00 0.00 4.29 328.19
3989 15.95 5.73 0.00 1.20 326.28
3990 17.66 108.38 513.73 1.00 329.23
3991 19.09 292.51 767.24 1.20 324.40
3992 20.63 495.18 890.65 1.90 324.53
3993 22.14 684.54 940.70 1.70 323.50
3994 23.60 844.82 965.05 2.80 326.43
3995 24.86 958.96 974.08 4.49 329.99
3996 25.87 1019.58 975.68 4.19 333.13
3997 26.60 1022.88 968.33 5.49 331.70
3998 27.04 972.28 958.60 5.19 334.27
3999 27.17 865.69 938.73 5.99 337.14
4000 27.00 716.76 913.50 6.39 341.02
4001 26.37 530.81 820.34 6.39 344.23
4002 25.35 332.95 719.58 6.39 347.77
4003 24.05 146.92 493.21 8.89 351.18
4004 22.66 19.31 0.00 6.39 349.79
4005 21.71 0.00 0.00 6.39 352.92
4006 20.82 0.00 0.00 5.99 352.64
4007 19.92 0.00 0.00 6.69 347.86
4008 19.01 0.00 0.00 5.99 348.50
4009 18.88 0.00 0.00 2.60 345.38
4010 18.67 0.00 0.00 3.10 348.65
4011 18.53 0.00 0.00 3.69 349.09
4012 18.39 0.00 0.00 4.29 350.99
4013 18.27 2.29 0.00 2.60 355.59
4014 20.19 98.23 233.92 3.39 356.61
4015 20.75 160.55 103.95 1.90 366.90
4016 22.58 407.10 464.74 1.10 354.81
4017 24.75 645.64 704.24 0.70 341.90
4018 24.77 356.47 53.86 0.90 382.98
4019 25.11 458.90 43.77 0.50 394.27
4020 25.13 400.33 38.65 1.90 403.97
4021 25.83 617.32 186.71 4.29 379.95
4022 25.82 504.46 101.42 5.19 398.87
4023 25.07 264.67 17.65 3.69 412.99
4024 25.76 490.88 258.03 3.69 393.17
4025 25.99 577.76 773.11 3.89 362.53
4026 25.78 366.06 759.49 2.80 352.83
4027 25.07 165.66 539.74 1.90 356.55
4028 24.12 27.99 123.95 1.20 358.99
4029 23.06 0.00 0.00 1.70 364.49
4030 22.00 0.00 0.00 1.50 362.45
4031 20.98 0.00 0.00 1.40 359.27
4032 19.97 0.00 0.00 1.90 355.11
4033 19.35 0.00 0.00 1.50 353.38
4034 18.65 0.00 0.00 0.80 355.74
4035 18.26 0.00 0.00 0.50 356.00
4036 17.87 0.00 0.00 1.40 353.17
4037 17.58 5.43 0.00 2.20 357.34
4038 18.95 82.51 223.89 1.40 362.78
4039 20.17 229.91 429.47 1.00 361.12
4040 21.53 405.56 560.17 2.20 361.41
4041 22.97 569.70 595.59 2.40 355.41
4042 24.32 711.62 613.30 1.90 356.37
4043 25.49 808.40 587.39 1.90 357.88
4044 26.52 892.25 654.18 2.60 356.82
4045 27.28 898.45 644.98 2.20 359.12
4046 27.77 856.72 649.56 1.20 361.00
4047 27.97 765.15 649.68 1.90 356.21
4048 27.88 622.00 614.53 3.39 360.33
4049 27.34 449.24 518.53 1.70 361.99
4050 26.45 278.85 427.02 3.10 365.46
4051 25.33 126.65 285.97 1.70 369.13
4052 24.13 21.14 13.08 2.20 364.50
4053 23.23 0.00 0.00 3.89 368.43
4054 22.33 0.00 0.00 1.70 366.97
4055 21.43 0.00 0.00 4.69 361.59
4056 20.59 0.00 0.00 8.39 358.66
4057 20.22 0.00 0.00 7.39 361.40
4058 19.82 0.00 0.00 10.08 359.77
4059 19.61 0.00 0.00 10.68 358.28
4060 19.40 0.00 0.00 9.49 358.51
4061 19.25 4.99 0.00 7.09 355.06
4062 20.44 66.12 105.64 4.89 356.94
4063 21.08 142.82 43.82 4.89 360.18
4064 21.93 240.95 52.53 2.80 361.42
4065 23.19 417.53 183.13 2.80 356.05
4066 23.95 423.00 88.48 3.89 360.62
4067 25.04 605.91 213.98 3.10 352.72
4068 25.84 614.58 191.20 1.90 354.65
4069 26.80 769.09 417.32 2.60 349.38
4070 27.68 835.24 536.84 4.69 348.91
4071 28.33 811.12 749.99 3.89 349.33
4072 28.55 633.48 574.96 3.89 356.83
4073 28.60 555.71 699.45 4.69 350.82
4074 27.88 234.33 209.54 4.69 371.51
4075 26.83 49.38 0.00 3.39 389.60
4076 25.84 16.16 0.00 1.40 384.71
4077 24.72 0.00 0.00 2.40 382.70
4078 23.60 0.00 0.00 2.20 378.34
4079 22.48 0.00 0.00 1.90 377.97
4080 21.36 0.00 0.00 2.40 371.97
4081 20.46 0.00 0.00 1.40 369.61
4082 19.42 0.00 0.00 2.80 364.55
4083 18.85 0.00 0.00 2.20 362.36
4084 18.27 0.00 0.00 2.80 356.80
4085 17.85 5.31 0.00 0.50 356.00
4086 19.15 83.06 260.27 0.70 358.59
4087 20.34 236.62 473.83 0.40 358.05
4088 21.61 408.02 545.71 1.20 362.23
4089 22.96 573.52 610.81 1.50 356.29
4090 24.25 721.77 645.98 2.60 355.74
4091 25.37 824.62 634.11 1.40 354.04
4092 26.24 865.09 577.48 1.70 355.81
4093 26.90 879.73 590.46 2.40 356.89
4094 27.29 831.04 640.73 1.50 359.11
4095 27.41 739.06 604.25 1.70 358.79
4096 27.30 620.08 589.54 3.39 356.00
4097 26.81 467.95 600.61 3.69 356.01
4098 25.96 288.40 468.51 3.39 358.18
4099 24.88 130.64 306.71 2.40 361.55
4100 23.71 22.25 24.51 3.10 359.98
4101 22.63 0.00 0.00 1.50 362.49
4102 21.56 0.00 0.00 2.20 359.45
4103 20.55 0.00 0.00 0.80 352.30
4104 19.52 0.00 0.00 0.50 349.09
4105 19.12 0.00 0.00 0.20 351.49
4106 18.63 0.00 0.00 0.40 353.59
4107 18.34 0.00 0.00 1.10 352.47
4108 18.04 0.00 0.00 0.80 352.87
4109 17.82 5.24 0.00 0.40 352.06
4110 19.37 88.88 335.82 0.40 356.89
4111 20.71 243.51 519.31 1.10 354.78
4112 22.21 422.93 636.05 2.40 356.53
4113 23.81 600.88 718.41 3.10 350.45
4114 25.27 743.48 720.39 2.60 350.12
4115 26.59 859.10 748.46 2.80 350.78
4116 27.69 925.60 765.72 3.69 349.44
4117 28.51 932.70 757.07 3.10 350.96
4118 29.05 898.58 785.03 1.20 350.76
4119 29.27 798.52 757.80 2.20 353.19
4120 29.21 667.53 759.47 3.39 355.93
4121 28.70 500.39 722.16 1.40 362.03
4122 27.79 319.49 627.33 4.29 369.97
4123 26.59 144.35 443.37 4.69 378.51
4124 25.27 22.70 28.67 4.29 378.13
4125 24.69 0.00 0.00 5.99 384.82
4126 24.11 0.00 0.00 4.49 381.24
4127 23.52 0.00 0.00 4.19 381.94
4128 22.94 0.00 0.00 3.10 381.65
4129 22.88 0.00 0.00 2.40 378.30
4130 22.80 0.00 0.00 2.80 380.34
4131 22.75 0.00 0.00 2.80 380.89
4132 22.70 0.00 0.00 4.49 382.04
4133 22.66 5.15 0.00 5.19 387.49
4134 24.44 92.46 378.05 4.49 387.08
4135 26.01 255.48 590.82 3.69 382.88
4136 27.72 441.28 729.87 1.50 380.13
4137 29.42 616.17 777.33 1.10 374.12
4138 31.00 764.03 793.02 1.10 374.39
4139 32.41 873.69 797.14 1.70 371.55
4140 33.59 941.58 815.43 1.70 372.34
4141 34.48 944.38 793.81 1.90 374.01
4142 35.08 902.16 795.65 2.80 374.58
4143 35.37 804.77 777.76 1.90 373.74
4144 35.36 673.21 777.99 1.90 368.59
4145 34.90 506.58 744.97 1.20 375.20
4146 34.04 319.19 623.68 1.00 381.76
4147 32.88 145.53 444.84 1.50 385.44
4148 31.60 22.13 19.98 1.50 386.84
4149 30.38 0.00 0.00 1.10 392.34
4150 29.16 0.00 0.00 0.90 391.53
4151 27.94 0.00 0.00 1.20 387.14
4152 26.72 0.00 0.00 0.90 380.92
4153 25.63 0.00 0.00 0.60 380.46
4154 24.41 0.00 0.00 0.40 381.54
4155 23.74 0.00 0.00 1.00 381.33
4156 23.07 0.00 0.00 1.20 377.97
4157 22.58 5.02 0.00 0.50 382.65
4158 23.94 84.95 258.98 1.00 388.35
4159 25.16 238.07 445.79 1.40 383.77
4160 26.54 418.81 622.36 1.40 380.54
4161 27.96 600.12 703.94 1.90 374.11
4162 29.32 760.51 783.11 2.60 376.05
4163 30.50 864.35 768.81 3.69 376.76
4164 31.47 933.82 792.78 3.10 379.60
4165 32.22 953.95 822.51 5.49 378.35
4166 32.67 902.37 795.92 5.19 376.13
4167 32.85 809.35 791.73 3.39 377.33
4168 32.73 660.24 712.53 3.69 378.20
4169 32.20 489.81 663.67 5.49 377.74
4170 31.30 301.58 509.77 5.99 383.57
4171 30.15 132.32 346.56 5.19 388.34
4172 28.92 22.09 18.68 4.89 384.55
4173 27.69 0.00 0.00 2.80 381.34
4174 26.47 0.00 0.00 3.69 376.74
4175 25.24 0.00 0.00 4.19 376.61
4176 24.02 0.00 0.00 3.89 373.43
4177 23.47 0.00 0.00 4.49 372.40
4178 22.85 0.00 0.00 4.89 369.74
4179 22.50 0.00 0.00 7.09 368.59
4180 22.15 0.00 0.00 5.69 366.05
4181 21.89 4.46 0.00 5.99 365.50
4182 23.30 78.37 205.82 5.19 371.16
4183 24.56 219.85 351.25 5.19 370.84
4184 25.95 381.74 438.03 7.09 367.75
4185 27.30 528.43 461.43 9.79 366.69
4186 28.64 678.24 540.58 12.28 364.53
4187 29.93 808.47 579.74 10.68 364.36
4188 30.95 858.34 622.18 12.28 370.12
4189 31.72 863.54 608.18 8.89 374.72
4190 32.21 821.93 616.04 8.09 375.48
4191 32.40 722.54 535.92 4.49 380.82
4192 32.39 633.98 622.24 3.69 379.22
4193 31.99 476.72 629.77 2.80 376.70
4194 31.18 293.25 465.32 1.40 381.03
4195 30.09 127.35 304.42 2.40 385.20
4196 28.92 22.68 25.43 1.90 386.30
4197 27.77 0.00 0.00 1.90 389.13
4198 26.62 0.00 0.00 3.69 389.31
4199 25.46 0.00 0.00 3.39 385.84
4200 24.31 0.00 0.00 1.70 385.58
4201 23.58 0.00 0.00 1.40 383.05
4202 22.76 0.00 0.00 1.10 380.29
4203 22.30 0.00 0.00 2.40 382.88
4204 21.83 0.00 0.00 0.80 382.42
4205 21.49 4.69 0.00 0.30 387.91
4206 22.90 82.27 243.91 0.80 390.03
4207 24.14 229.17 403.86 2.60 386.03
4208 25.53 400.03 551.24 2.20 385.43
4209 26.97 576.00 623.73 3.10 380.79
4210 28.34 724.05 662.03 1.40 379.28
4211 29.50 815.52 613.46 2.40 378.26
4212 30.44 869.83 592.70 1.20 375.48
4213 31.15 882.10 597.52 0.80 370.79
4214 31.61 847.96 619.58 1.10 365.64
4215 31.79 756.60 602.83 1.70 366.49
4216 31.68 611.18 573.51 2.60 368.64
4217 31.14 446.76 489.01 3.10 371.47
4218 30.26 276.75 399.82 2.80 378.27
4219 29.16 125.94 260.25 4.49 386.83
4220 27.98 22.56 23.07 1.90 384.31
4221 27.04 0.00 0.00 0.80 389.42
4222 26.11 0.00 0.00 2.20 386.11
4223 25.17 0.00 0.00 1.00 386.57
4224 24.23 0.00 0.00 0.60 382.16
4225 23.84 0.00 0.00 0.70 384.02
4226 23.38 0.00 0.00 0.30 387.26
4227 23.12 0.00 0.00 0.60 393.37
4228 22.86 0.00 0.00 1.20 393.17
4229 22.66 4.30 0.00 0.80 395.84
4230 24.04 75.07 186.66 2.40 400.98
4231 25.28 210.73 344.71 1.90 396.16
4232 26.72 377.90 454.41 1.50 394.91
4233 28.25 551.51 566.44 2.40 389.51
4234 29.67 689.09 597.84 1.40 391.36
4235 30.92 792.79 580.90 1.70 391.50
4236 32.01 870.21 594.66 1.50 390.11
4237 32.84 881.57 596.56 3.69 391.05
4238 33.36 826.83 627.80 3.39 392.96
4239 33.57 732.42 584.31 4.69 394.59
4240 33.51 601.78 532.06 4.69 396.74
4241 33.05 454.59 526.76 5.49 395.94
4242 32.21 281.60 421.68 4.89 397.63
4243 31.13 131.06 294.34 3.39 405.07
4244 29.95 22.29 19.02 4.49 402.40
4245 28.91 0.00 0.00 2.80 404.97
4246 27.88 0.00 0.00 3.39 397.40
4247 26.84 0.00 0.00 4.19 394.99
4248 25.80 0.00 0.00 3.39 393.91
4249 25.13 0.00 0.00 2.60 388.27
4250 24.38 0.00 0.00 4.89 386.74
4251 23.96 0.00 0.00 4.19 387.65
4252 23.55 0.00 0.00 2.80 389.15
4253 23.24 4.62 0.00 1.20 389.82
4254 24.73 84.61 312.37 1.40 395.37
4255 26.08 238.45 464.26 1.70 394.45
4256 27.57 416.15 624.35 3.69 397.67
4257 29.08 589.83 693.15 3.89 388.49
4258 30.46 727.32 677.54 4.89 389.64
4259 31.70 839.02 690.20 4.69 387.14
4260 32.72 896.97 676.36 4.89 391.10
4261 33.48 906.21 671.32 7.09 388.73
4262 34.00 877.00 712.26 6.39 386.64
4263 34.23 786.51 711.82 5.49 382.81
4264 34.17 649.18 669.75 5.49 382.54
4265 33.67 475.36 620.12 5.49 387.24
4266 32.78 291.07 450.24 5.99 391.34
4267 31.65 128.84 306.51 4.69 400.79
4268 30.43 22.74 24.35 3.89 399.59
4269 29.01 0.00 0.00 1.90 401.54
4270 27.58 0.00 0.00 2.60 401.31
4271 26.15 0.00 0.00 1.70 394.79
4272 24.72 0.00 0.00 3.10 391.14
4273 23.74 0.00 0.00 3.89 390.25
4274 22.64 0.00 0.00 3.69 386.54
4275 22.04 0.00 0.00 2.40 381.94
4276 21.43 0.00 0.00 2.20 379.69
4277 21.04 4.41 0.00 2.60 374.77
4278 22.35 82.73 262.60 2.80 380.58
4279 23.61 236.91 460.32 2.40 374.20
4280 25.02 417.55 635.32 1.40 369.80
4281 26.44 591.73 703.47 1.50 366.39
4282 27.80 747.58 750.40 1.50 369.65
4283 28.96 843.61 707.66 2.20 371.19
4284 29.93 916.02 741.29 2.80 369.59
4285 30.65 923.69 730.14 3.39 373.75
4286 31.10 878.14 716.34 4.29 372.45
4287 31.27 786.88 712.87 3.69 376.13
4288 31.18 654.96 706.08 3.89 375.53
4289 30.67 481.98 625.72 1.70 379.21
4290 29.78 297.84 482.93 1.90 377.78
4291 28.65 129.54 315.41 2.20 380.66
4292 27.44 22.93 26.50 1.70 378.44
4293 26.20 0.00 0.00 2.20 385.46
4294 24.97 0.00 0.00 1.70 384.16
4295 23.73 0.00 0.00 0.60 381.32
4296 22.50 0.00 0.00 0.40 380.82
4297 21.89 0.00 0.00 0.10 380.13
4298 21.20 0.00 0.00 0.40 381.83
4299 20.88 0.00 0.00 0.50 380.00
4300 20.51 0.00 0.00 0.20 375.98
4301 20.25 3.40 0.00 0.10 378.71
4302 21.08 52.80 44.60 0.20 381.76
4303 22.22 184.16 150.75 0.20 372.43
4304 23.38 318.13 164.60 0.20 374.42
4305 24.65 474.18 312.78 0.20 368.59
4306 26.09 665.58 523.75 0.40 364.91
4307 27.29 749.20 483.83 0.60 368.49
4308 28.53 904.36 646.68 0.80 363.41
4309 29.29 836.09 527.40 1.20 369.81
4310 29.67 743.79 446.44 0.50 373.94
4311 29.84 673.88 424.62 0.60 374.01
4312 29.68 529.56 319.16 0.40 381.15
4313 29.29 438.91 439.51 0.40 377.77
4314 28.54 267.33 339.90 1.10 381.53
4315 27.60 141.15 332.66 1.50 381.81
4316 26.53 23.68 36.30 0.90 378.00
4317 25.53 0.00 0.00 0.60 380.22
4318 24.52 0.00 0.00 1.70 378.04
4319 23.52 0.00 0.00 1.90 374.44
4320 22.52 0.00 0.00 3.10 375.02
4321 21.92 0.00 0.00 2.40 375.13
4322 21.22 0.00 0.00 2.60 372.60
4323 20.87 0.00 0.00 4.49 374.30
4324 20.48 0.00 0.00 3.89 372.10
4325 20.19 3.63 0.00 4.49 369.19
4326 21.41 75.20 209.26 3.69 372.25
4327 22.63 217.09 398.53 4.69 367.94
4328 24.05 391.47 527.54 4.89 367.63
4329 25.55 571.72 624.03 7.09 362.33
4330 26.93 713.17 639.49 5.99 363.18
4331 28.14 816.73 625.70 3.39 366.65
4332 29.16 885.18 643.23 2.80 367.33
4333 29.89 881.17 598.43 3.10 370.34
4334 30.34 834.69 584.42 4.69 369.72
4335 30.49 734.83 589.44 3.89 372.69
4336 30.38 610.39 554.42 3.39 374.19
4337 29.85 449.82 500.08 2.20 372.69
4338 28.98 286.40 442.43 1.90 377.34
4339 27.87 129.00 306.36 0.70 383.81
4340 26.67 23.03 27.82 0.30 379.37
4341 26.21 0.00 0.00 0.10 385.67
4342 25.75 0.00 0.00 0.10 386.85
4343 25.29 0.00 0.00 0.40 385.80
4344 24.83 0.00 0.00 1.00 388.25
4345 24.48 0.00 0.00 1.00 386.11
4346 24.59 0.00 0.00 1.00 384.72
4347 24.64 0.00 0.00 0.90 388.18
4348 24.69 0.00 0.00 0.60 394.04
4349 24.72 3.60 0.00 0.30 390.25
4350 26.09 65.03 146.18 0.50 390.98
4351 27.53 202.11 324.63 0.70 385.73
4352 29.21 373.76 455.59 1.30 382.31
4353 30.81 517.59 449.10 0.90 385.86
4354 32.44 675.18 545.40 1.50 380.11
4355 33.90 785.05 571.34 2.61 380.48
4356 35.12 842.55 592.95 5.11 378.05
4357 36.06 852.99 588.79 4.81 381.01
4358 36.64 793.39 561.76 4.11 388.54
4359 36.95 719.25 555.98 6.41 387.64
4360 36.99 609.25 551.32 5.11 386.92
4361 36.58 451.80 510.00 6.11 389.94
4362 35.76 281.59 418.96 3.11 389.61
4363 34.66 128.57 274.79 4.81 393.64
4364 33.46 23.40 32.89 3.71 395.83
4365 32.11 0.00 0.00 4.11 402.32
4366 30.76 0.00 0.00 3.11 405.98
4367 29.41 0.00 0.00 3.41 401.49
4368 28.06 0.00 0.00 4.11 403.06
4369 26.77 0.00 0.00 3.11 397.40
4370 25.33 0.00 0.00 1.90 396.45
4371 24.54 0.00 0.00 2.10 393.14
4372 23.75 0.00 0.00 1.90 391.03
4373 23.17 3.51 0.00 1.50 390.23
4374 24.41 79.80 310.20 1.60 395.59
4375 25.58 232.02 502.01 2.10 393.17
4376 26.92 412.50 630.72 2.31 395.15
4377 28.29 590.42 713.47 2.10 388.19
4378 29.58 741.88 742.63 2.31 387.40
4379 30.70 848.63 734.22 4.51 389.69
4380 31.61 909.00 724.63 6.41 391.20
4381 32.25 906.25 676.83 4.11 391.95
4382 32.61 855.96 646.21 2.91 397.86
4383 32.75 783.39 701.78 4.51 398.74
4384 32.62 649.85 687.63 3.71 400.33
4385 32.09 483.40 630.75 2.91 400.10
4386 31.21 306.74 548.47 3.11 402.58
4387 30.08 135.63 364.95 2.61 410.84
4388 28.86 22.85 26.15 1.50 411.56
4389 27.97 0.00 0.00 2.10 416.80
4390 27.09 0.00 0.00 3.11 413.74
4391 26.20 0.00 0.00 2.91 408.65
4392 25.32 0.00 0.00 2.41 404.32
4393 25.27 0.00 0.00 4.51 394.77
4394 25.27 0.00 0.00 1.60 405.68
4395 25.28 0.00 0.00 2.10 404.79
4396 25.29 0.00 0.00 1.60 402.53
4397 25.32 3.48 0.00 1.60 401.88
4398 26.86 92.59 367.75 1.80 397.71
4399 28.35 269.96 631.41 1.60 390.87
4400 30.00 478.72 801.65 2.41 388.17
4401 31.65 675.30 910.11 2.81 383.93
4402 33.23 852.76 978.12 2.41 381.76
4403 34.47 913.36 771.50 2.81 388.51
4404 34.02 424.32 68.87 2.61 423.58
4405 33.32 333.27 16.58 4.51 443.25
4406 32.78 307.30 10.20 5.81 443.75
4407 32.32 299.71 12.57 6.11 432.20
4408 31.93 296.42 18.08 6.72 417.79
4409 31.48 236.30 18.11 6.72 420.06
4410 30.77 141.92 7.42 5.51 436.66
4411 29.85 77.40 10.12 5.11 436.64
4412 29.61 11.00 0.00 4.11 433.06
4413 29.00 0.00 0.00 4.51 427.96
4414 28.39 0.00 0.00 3.71 422.90
4415 27.78 0.00 0.00 2.91 417.86
4416 27.17 0.00 0.00 1.90 412.86
4417 26.36 0.00 0.00 2.91 406.67
4418 25.44 0.00 0.00 3.71 399.93
4419 24.93 0.00 0.00 3.41 396.65
4420 24.43 0.00 0.00 2.10 392.43
4421 24.05 3.23 0.00 2.81 389.29
4422 25.41 78.95 303.76 2.41 389.48
4423 26.65 223.23 466.91 2.61 385.98
4424 27.84 360.88 401.77 5.11 387.42
4425 29.19 535.04 533.75 5.11 381.92
4426 30.37 646.56 508.26 2.61 383.21
4427 31.45 751.55 490.10 3.71 388.12
4428 32.27 779.88 475.19 3.11 392.11
4429 32.83 767.41 422.07 3.71 397.67
4430 33.20 751.13 467.82 4.11 396.77
4431 33.41 710.03 511.90 5.51 395.06
4432 33.32 567.25 426.48 3.71 396.93
4433 32.87 429.50 401.12 2.61 396.49
4434 32.14 288.80 456.41 2.91 395.45
4435 31.16 140.04 399.28 2.81 398.58
4436 30.05 23.33 33.87 2.81 399.08
4437 28.96 0.00 0.00 3.71 402.39
4438 27.87 0.00 0.00 2.91 403.74
4439 26.78 0.00 0.00 2.61 400.04
4440 25.69 0.00 0.00 3.41 400.02
4441 25.17 0.00 0.00 3.71 401.15
4442 24.62 0.00 0.00 1.90 406.64
4443 24.03 0.00 0.00 3.41 409.37
4444 23.87 0.00 0.00 2.61 411.17
4445 23.84 1.94 0.00 2.10 410.13
4446 24.03 13.88 0.00 1.90 414.10
4447 22.96 18.52 0.00 1.90 417.16
4448 23.80 32.84 0.00 1.60 418.61
4449 24.43 46.64 0.00 1.50 418.59
4450 24.96 158.98 1.22 0.70 414.50
4451 25.93 373.54 41.12 0.50 408.08
4452 27.92 756.51 378.03 1.80 398.91
4453 29.25 734.00 343.50 1.90 408.67
4454 30.07 669.67 287.16 3.11 415.61
4455 31.24 860.35 755.50 5.81 388.16
4456 31.48 502.58 275.13 7.52 391.61
4457 31.64 480.02 548.78 7.12 373.97
4458 31.53 347.71 708.19 5.11 372.32
4459 30.98 159.65 556.52 5.11 379.64
4460 30.20 27.94 108.13 3.71 376.02
4461 29.41 0.00 0.00 4.81 385.95
4462 28.62 0.00 0.00 5.81 384.96
4463 27.83 0.00 0.00 7.92 379.44
4464 27.04 0.00 0.00 5.11 379.03
4465 26.27 0.00 0.00 4.81 377.22
4466 25.44 0.00 0.00 4.11 378.69
4467 24.99 0.00 0.00 2.10 376.64
4468 24.55 0.00 0.00 1.40 378.08
4469 24.22 2.65 0.00 1.00 380.61
4470 25.32 65.00 138.19 0.80 388.45
4471 25.92 140.38 67.18 1.00 394.05
4472 26.98 292.46 163.54 1.20 390.00
4473 28.34 486.66 360.28 0.30 383.17
4474 29.49 586.32 328.46 0.30 384.02
4475 30.85 792.99 574.02 0.20 375.69
4476 31.95 854.42 604.08 0.70 376.57
4477 32.66 808.98 503.68 0.60 377.94
4478 33.11 764.58 489.32 0.80 379.10
4479 33.16 597.12 276.07 0.50 390.56
4480 32.95 486.79 217.80 0.40 390.82
4481 32.52 389.49 266.91 0.40 390.27
4482 31.65 178.58 57.43 0.10 398.39
4483 30.68 77.24 10.16 0.10 407.36
4484 29.70 17.64 0.00 0.00 402.90
4485 28.62 0.00 0.00 0.10 406.66
4486 27.53 0.00 0.00 0.20 403.13
4487 26.45 0.00 0.00 0.10 400.12
4488 25.36 0.00 0.00 0.30 393.22
4489 24.65 0.00 0.00 0.40 387.75
4490 23.86 0.00 0.00 0.20 384.22
4491 23.43 0.00 0.00 0.10 383.46
4492 22.99 0.00 0.00 0.50 381.26
4493 22.67 2.37 0.00 0.10 384.31
4494 24.05 76.92 327.33 0.20 387.43
4495 25.42 229.64 524.63 0.20 380.33
4496 26.93 403.66 624.17 0.50 379.56
4497 28.47 577.84 688.57 1.30 371.00
4498 29.93 726.44 706.79 0.90 371.60
4499 31.21 833.02 695.95 0.70 370.92
4500 32.27 894.32 686.98 0.80 373.81
4501 33.08 909.29 695.25 1.50 374.95
4502 33.62 877.39 722.75 1.20 374.85
4503 33.87 790.97 732.85 2.61 378.54
4504 33.85 665.67 749.03 1.60 379.28
4505 33.40 501.32 719.55 1.50 380.69
4506 32.56 319.14 618.80 1.90 385.46
4507 31.43 143.98 436.27 2.31 389.74
4508 30.17 22.45 25.42 3.11 385.29
4509 28.71 0.00 0.00 5.11 388.07
4510 27.25 0.00 0.00 4.11 383.11
4511 25.79 0.00 0.00 2.81 377.32
4512 24.33 0.00 0.00 1.90 374.38
4513 23.33 0.00 0.00 2.31 372.99
4514 22.20 0.00 0.00 2.31 367.60
4515 21.57 0.00 0.00 2.10 363.72
4516 20.94 0.00 0.00 2.31 363.65
4517 20.53 2.24 0.00 1.90 356.57
4518 21.87 82.93 398.19 3.11 360.82
4519 23.26 249.00 655.11 2.61 358.69
4520 24.80 439.95 796.00 0.60 359.95
4521 26.33 620.82 848.26 0.40 356.74
4522 27.76 775.15 868.80 0.50 358.24
4523 29.03 890.11 875.49 1.10 361.25
4524 30.06 953.62 871.35 1.90 366.95
4525 30.82 964.45 866.38 2.61 369.61
4526 31.29 917.23 848.60 2.61 374.14
4527 31.46 822.45 836.43 4.11 373.70
4528 31.35 682.02 808.22 5.81 373.79
4529 30.80 511.18 760.96 3.71 375.98
4530 29.86 322.90 644.77 4.81 373.57
4531 28.65 145.36 452.20 2.41 376.24
4532 27.32 21.43 13.68 1.30 374.12
4533 26.43 0.00 0.00 0.60 378.55
4534 25.55 0.00 0.00 1.40 374.96
4535 24.67 0.00 0.00 0.60 377.58
4536 23.79 0.00 0.00 0.90 375.40
4537 23.64 0.00 0.00 0.60 375.03
4538 23.42 0.00 0.00 0.50 374.76
4539 23.28 0.00 0.00 1.60 378.11
4540 23.14 0.00 0.00 3.71 379.44
4541 23.02 2.67 0.00 2.81 383.46
4542 24.74 84.90 388.69 2.61 387.39
4543 26.51 259.12 657.60 4.11 383.78
4544 28.50 465.26 827.05 6.41 383.22
4545 30.52 664.74 785.12 5.11 375.57
4546 31.38 590.17 316.45 5.11 389.37
4547 33.13 928.32 721.61 6.11 374.83
4548 32.98 473.55 105.61 6.11 406.01
4549 32.54 354.94 39.18 7.12 414.49
4550 33.44 890.46 674.15 4.51 383.57
4551 34.17 903.97 925.34 2.91 379.74
4552 34.47 754.47 958.55 2.61 382.27
4553 34.37 567.39 890.21 2.41 384.04
4554 33.70 361.08 758.31 2.10 388.72
4555 32.61 164.25 542.90 1.50 395.90
4556 31.33 27.78 114.72 2.61 394.04
4557 30.09 0.00 0.00 1.60 394.36
4558 28.85 0.00 0.00 0.90 394.93
4559 27.61 0.00 0.00 1.40 389.15
4560 26.37 0.00 0.00 1.20 386.63
4561 25.53 0.00 0.00 1.00 387.45
4562 24.60 0.00 0.00 1.10 388.15
4563 24.10 0.00 0.00 0.70 387.73
4564 23.60 0.00 0.00 0.90 385.79
4565 23.24 1.55 0.00 0.50 381.97
4566 24.39 79.32 354.51 1.40 384.90
4567 25.57 242.03 604.30 0.80 376.59
4568 27.09 470.13 836.70 0.40 368.16
4569 28.63 682.05 900.92 0.80 362.25
4570 29.82 779.13 815.54 1.10 368.16
4571 30.63 795.41 507.09 2.81 377.19
4572 29.84 320.08 31.91 1.90 407.71
4573 29.51 402.67 27.52 1.80 402.59
4574 29.32 434.84 30.19 1.80 396.32
4575 29.08 421.75 41.29 1.10 409.14
4576 28.79 359.74 64.55 1.60 393.59
4577 28.44 326.93 129.02 0.90 384.51
4578 27.82 177.47 48.37 1.00 390.11
4579 27.08 71.33 4.03 0.90 394.33
4580 26.33 13.54 0.00 0.50 393.60
4581 25.83 0.00 0.00 0.50 395.28
4582 25.34 0.00 0.00 0.30 394.31
4583 24.84 0.00 0.00 0.80 391.96
4584 24.34 0.00 0.00 0.90 389.87
4585 24.29 0.00 0.00 1.30 388.37
4586 24.22 0.00 0.00 1.20 387.00
4587 24.17 0.00 0.00 1.40 387.19
4588 24.12 0.00 0.00 0.60 383.31
4589 24.08 1.49 0.00 0.70 385.04
4590 25.38 64.38 225.35 0.60 389.26
4591 26.78 202.12 384.18 0.50 386.21
4592 28.41 371.84 498.23 1.30 383.33
4593 30.01 527.25 535.35 2.81 374.30
4594 31.63 690.21 610.31 4.11 373.13
4595 33.08 796.94 597.75 3.71 379.19
4596 34.31 869.30 619.11 4.11 378.11
4597 35.27 883.42 622.19 5.51 376.70
4598 35.90 832.64 591.35 5.11 383.68
4599 36.20 741.08 614.66 5.81 386.18
4600 36.22 620.47 592.19 7.92 387.02
4601 35.78 458.04 524.96 7.92 391.80
4602 34.96 293.53 469.75 7.12 391.29
4603 33.85 133.32 336.18 6.72 397.55
4604 32.62 20.71 9.76 9.02 394.83
4605 31.28 0.00 0.00 10.12 400.40
4606 29.93 0.00 0.00 10.12 396.54
4607 28.58 0.00 0.00 13.73 393.67
4608 27.24 0.00 0.00 11.23 392.32
4609 26.02 0.00 0.00 12.03 389.84
4610 24.68 0.00 0.00 9.42 385.72
4611 23.95 0.00 0.00 10.72 382.94
4612 23.21 0.00 0.00 9.42 382.05
4613 22.68 1.32 0.00 7.52 379.26
4614 23.81 71.49 329.17 7.12 381.61
4615 25.05 226.88 554.45 5.11 380.22
4616 26.45 407.93 680.02 7.92 375.64
4617 27.87 588.56 754.96 7.92 371.63
4618 29.21 739.46 773.77 7.12 366.73
4619 30.37 844.36 752.04 8.52 364.40
4620 31.31 904.74 736.20 5.11 366.38
4621 32.02 922.57 751.67 5.11 368.24
4622 32.48 888.57 770.53 5.51 369.73
4623 32.64 785.52 723.90 5.51 372.83
4624 32.54 655.39 722.00 3.41 374.79
4625 32.04 488.91 680.80 6.11 375.54
4626 31.18 310.82 585.16 7.52 374.65
4627 30.05 138.37 420.31 4.11 377.59
4628 28.83 20.11 3.94 3.71 373.13
4629 27.60 0.00 0.00 4.51 376.80
4630 26.37 0.00 0.00 4.51 372.81
4631 25.14 0.00 0.00 5.51 369.95
4632 23.91 0.00 0.00 7.52 370.73
4633 23.40 0.00 0.00 9.42 372.50
4634 22.82 0.00 0.00 7.12 374.15
4635 22.49 0.00 0.00 8.92 370.96
4636 22.16 0.00 0.00 6.72 369.17
4637 21.92 1.17 0.00 5.11 373.12
4638 23.24 71.97 326.22 4.51 376.95
4639 24.69 228.57 577.27 3.11 373.84
4640 26.32 413.99 715.61 2.61 372.06
4641 27.98 594.44 782.62 1.80 368.56
4642 29.53 746.55 802.17 1.40 372.62
4643 30.90 855.63 792.68 0.70 375.33
4644 32.02 917.57 781.36 0.90 378.60
4645 32.86 923.20 756.62 1.00 380.77
4646 33.39 874.84 727.13 3.11 380.40
4647 33.63 786.94 731.36 5.51 384.72
4648 33.58 653.75 718.82 3.41 387.46
4649 33.08 486.15 662.07 4.51 390.02
4650 32.17 303.62 560.77 5.11 393.97
4651 30.99 133.95 389.32 5.11 395.06
4652 29.70 19.47 0.00 3.71 391.98
4653 28.51 0.00 0.00 3.41 398.46
4654 27.32 0.00 0.00 1.40 398.52
4655 26.14 0.00 0.00 1.20 393.73
4656 24.95 0.00 0.00 0.70 392.07
4657 24.18 0.00 0.00 1.20 389.22
4658 23.32 0.00 0.00 1.80 385.58
4659 22.85 0.00 0.00 2.10 382.46
4660 22.37 0.00 0.00 1.90 381.46
4661 22.03 0.96 0.00 1.00 380.74
4662 23.21 67.32 295.21 0.50 380.80
4663 24.53 217.34 510.16 1.20 376.46
4664 26.03 395.94 636.12 0.40 374.34
4665 27.53 566.96 684.69 0.50 367.55
4666 28.96 714.32 695.14 0.40 364.74
4667 30.23 827.29 701.89 1.10 364.26
4668 31.30 894.49 708.41 1.40 363.78
4669 32.09 903.90 694.93 0.20 369.70
4670 32.61 864.77 695.99 0.20 367.64
4671 32.85 779.15 707.28 0.10 362.96
4672 32.80 644.35 688.06 0.00 368.77
4673 32.34 485.64 674.26 0.00 370.07
4674 31.50 311.12 597.85 0.10 371.05
4675 30.38 137.03 423.33 0.30 376.26
4676 29.14 19.18 0.00 0.10 370.65
4677 27.86 0.00 0.00 0.10 376.65
4678 26.57 0.00 0.00 0.20 373.62
4679 25.28 0.00 0.00 0.10 374.61
4680 23.99 0.00 0.00 0.20 370.41
4681 23.20 0.00 0.00 0.20 371.24
4682 22.32 0.00 0.00 0.30 367.22
4683 21.84 0.00 0.00 0.60 364.03
4684 21.36 0.00 0.00 0.80 365.21
4685 21.01 0.80 0.00 0.40 359.02
4686 22.28 71.75 335.43 0.90 361.26
4687 23.70 232.24 624.24 0.40 356.05
4688 25.33 425.05 780.03 0.40 353.22
4689 26.97 610.96 849.91 0.40 343.25
4690 28.52 770.89 881.75 0.90 346.17
4691 29.90 887.58 888.48 0.70 346.52
4692 31.03 953.50 887.33 1.10 347.65
4693 31.88 964.19 879.97 0.90 348.28
4694 32.43 919.15 867.26 1.30 350.10
4695 32.68 826.08 860.48 1.10 352.29
4696 32.63 688.99 846.53 1.10 355.91
4697 32.14 514.66 795.91 1.20 355.64
4698 31.23 324.01 681.41 1.00 362.27
4699 30.03 143.20 475.19 0.70 364.51
4700 28.72 18.35 0.00 0.30 364.02
4701 27.20 0.00 0.00 0.90 367.90
4702 25.68 0.00 0.00 1.20 367.28
4703 24.16 0.00 0.00 1.50 362.33
4704 22.64 0.00 0.00 0.90 358.91
4705 21.60 0.00 0.00 1.40 359.41
4706 20.50 0.00 0.00 1.20 356.02
4707 19.89 0.00 0.00 0.60 354.02
4708 19.28 0.00 0.00 0.40 353.01
4709 18.84 0.00 0.00 0.50 349.75
4710 19.96 70.60 333.58 0.70 354.39
4711 21.24 232.69 634.13 1.10 350.89
4712 22.79 426.20 791.77 1.10 345.16
4713 24.35 611.97 857.75 1.00 337.39
4714 25.80 766.20 873.48 0.30 337.56
4715 27.09 883.37 881.47 0.40 338.85
4716 28.14 950.15 881.99 0.50 341.57
4717 28.94 963.29 880.19 1.30 341.76
4718 29.44 920.26 872.50 0.70 342.46
4719 29.64 824.74 859.42 0.80 343.90
4720 29.56 688.10 846.82 0.90 350.95
4721 29.05 515.68 803.76 1.10 349.64
4722 28.15 323.63 685.32 0.40 354.97
4723 26.95 142.98 482.47 0.50 360.81
4724 25.64 18.16 0.00 1.30 358.44
4725 24.48 0.00 0.00 1.20 364.04
4726 23.31 0.00 0.00 1.30 364.29
4727 22.14 0.00 0.00 1.00 363.25
4728 20.98 0.00 0.00 2.31 359.35
4729 20.52 0.00 0.00 3.11 354.51
4730 19.98 0.00 0.00 2.61 352.26
4731 19.67 0.00 0.00 3.71 351.46
4732 19.36 0.00 0.00 2.91 351.68
4733 19.13 0.00 0.00 2.61 355.69
4734 20.33 67.64 321.51 2.81 358.53
4735 21.74 226.05 580.12 2.91 358.04
4736 23.44 418.98 767.00 2.91 362.19
4737 25.14 601.80 831.35 3.71 353.86
4738 26.75 760.54 862.29 3.11 354.10
4739 28.19 879.18 874.37 3.41 354.56
4740 29.39 949.46 883.11 5.11 354.22
4741 30.32 967.04 891.58 3.71 352.71
4742 30.93 926.67 890.44 3.71 354.62
4743 31.21 825.57 864.38 3.71 354.29
4744 31.18 683.10 834.64 4.51 352.95
4745 30.67 507.82 762.54 7.12 354.31
4746 29.74 315.23 645.59 8.52 358.79
4747 28.52 136.79 440.62 4.51 364.78
4748 27.18 17.79 0.00 4.51 367.42
4749 26.00 0.00 0.00 2.61 370.15
4750 24.82 0.00 0.00 2.91 365.59
4751 23.64 0.00 0.00 3.11 361.83
4752 22.46 0.00 0.00 4.11 359.30
4753 21.69 0.00 0.00 4.11 359.69
4754 20.82 0.00 0.00 3.41 359.62
4755 20.39 0.00 0.00 2.81 357.00
4756 19.93 0.00 0.00 5.81 354.72
4757 19.60 0.00 0.00 2.81 357.14
4758 20.55 58.55 224.38 1.90 358.25
4759 21.67 194.83 408.37 1.20 357.14
4760 23.11 374.49 565.93 1.00 356.25
4761 24.61 552.16 653.48 1.60 348.61
4762 26.01 695.65 651.77 2.31 345.23
4763 27.23 801.39 634.54 3.41 347.11
4764 28.27 873.53 654.27 4.81 349.32
4765 29.08 895.85 681.48 4.51 349.48
4766 29.57 838.62 625.01 4.51 351.36
4767 29.79 759.93 656.00 6.11 351.67
4768 29.75 634.41 667.26 4.51 351.96
4769 29.28 466.21 621.29 3.11 355.22
4770 28.42 280.07 444.84 2.81 356.39
4771 27.30 117.23 294.02 3.11 364.03
4772 26.10 17.29 0.00 1.50 364.17
4773 25.23 0.00 0.00 1.50 369.27
4774 24.36 0.00 0.00 1.60 364.51
4775 23.49 0.00 0.00 1.60 365.16
4776 22.62 0.00 0.00 1.90 369.15
4777 22.28 0.00 0.00 1.50 370.05
4778 21.90 0.00 0.00 0.60 364.78
4779 21.68 0.00 0.00 1.00 361.94
4780 21.46 0.00 0.00 1.10 360.87
4781 21.30 0.00 0.00 1.10 361.94
4782 22.26 52.46 211.88 1.60 366.79
4783 23.43 178.89 318.54 1.80 360.01
4784 25.01 369.26 525.26 1.10 358.56
4785 26.67 554.11 653.11 0.50 355.77
4786 28.08 667.94 577.76 0.90 357.56
4787 29.25 743.87 505.17 0.80 364.72
4788 30.27 818.99 557.97 1.00 361.63
4789 30.92 770.94 456.88 0.70 361.13
4790 31.36 749.80 447.77 0.80 362.41
4791 31.50 643.17 363.71 0.80 364.81
4792 31.34 519.39 328.08 2.10 369.99
4793 30.78 365.71 178.45 2.61 377.65
4794 29.92 214.76 126.43 1.60 386.18
4795 28.91 100.56 121.24 2.41 390.25
4796 27.84 15.95 0.00 3.41 388.65
4797 26.93 0.00 0.00 3.71 391.80
4798 26.02 0.00 0.00 4.11 388.06
4799 25.11 0.00 0.00 2.91 386.10
4800 24.20 0.00 0.00 1.60 387.82
4801 23.58 0.00 0.00 1.50 383.97
4802 22.88 0.00 0.00 0.70 380.99
4803 22.50 0.00 0.00 0.60 380.69
4804 22.12 0.00 0.00 1.10 379.60
4805 21.84 0.00 0.00 0.70 378.94
4806 22.78 53.15 190.76 0.90 382.52
4807 23.99 187.34 375.13 0.20 382.81
4808 25.36 347.50 453.52 0.50 379.42
4809 26.86 527.36 584.65 0.40 372.11
4810 28.34 686.16 616.79 1.60 375.33
4811 29.67 800.69 640.71 1.90 375.12
4812 30.73 849.48 591.36 2.31 375.19
4813 31.56 870.86 611.28 4.11 376.78
4814 32.10 828.74 603.25 5.81 378.68
4815 32.33 729.99 608.25 4.81 378.90
4816 32.31 614.38 599.91 4.81 381.42
4817 31.88 458.90 599.86 6.72 382.65
4818 31.07 279.05 469.81 4.51 386.70
4819 29.99 119.39 295.52 2.41 391.63
4820 28.83 16.05 0.00 1.90 388.05
4821 27.59 0.00 0.00 2.81 390.35
4822 26.36 0.00 0.00 3.71 385.04
4823 25.12 0.00 0.00 4.51 381.42
4824 23.88 0.00 0.00 4.51 380.79
4825 23.03 0.00 0.00 2.61 376.40
4826 22.08 0.00 0.00 1.40 373.24
4827 21.57 0.00 0.00 1.20 371.66
4828 21.05 0.00 0.00 1.50 369.89
4829 20.67 0.00 0.00 1.50 370.29
4830 21.63 57.49 199.25 2.10 374.26
4831 22.90 206.20 442.36 3.41 367.72
4832 24.41 393.87 627.01 4.11 366.17
4833 25.97 579.05 749.69 5.81 362.43
4834 27.45 738.40 814.53 3.71 363.30
4835 28.73 844.22 789.66 2.81 365.90
4836 29.80 914.23 799.62 3.71 364.40
4837 30.59 918.50 768.50 5.81 367.87
4838 31.09 871.19 741.94 4.81 370.54
4839 31.27 764.25 681.70 2.91 369.19
4840 31.18 629.19 646.30 4.81 374.24
4841 30.64 458.57 604.34 2.81 375.74
4842 29.75 279.53 479.69 2.81 378.98
4843 28.59 113.99 295.65 2.81 384.64
4844 27.38 15.06 0.00 1.90 380.24
4845 26.19 0.00 0.00 1.10 380.01
4846 25.00 0.00 0.00 1.00 378.23
4847 23.82 0.00 0.00 0.30 378.02
4848 22.63 0.00 0.00 0.40 375.06
4849 21.96 0.00 0.00 0.40 375.07
4850 21.22 0.00 0.00 0.20 377.66
4851 20.81 0.00 0.00 0.40 375.44
4852 20.45 0.00 0.00 0.50 376.25
4853 20.16 0.00 0.00 0.20 375.18
4854 21.14 59.23 240.26 0.30 376.90
4855 22.52 212.92 551.79 0.90 371.73
4856 24.15 405.01 746.83 1.80 365.26
4857 25.77 585.43 805.00 3.41 363.43
4858 27.28 733.65 804.29 3.11 362.44
4859 28.61 845.47 798.26 2.91 362.81
4860 29.70 904.71 774.09 4.81 364.93
4861 30.54 920.57 778.99 3.71 367.13
4862 31.08 877.15 766.22 4.11 364.14
4863 31.32 781.55 745.58 4.11 362.95
4864 31.27 649.54 739.85 2.91 359.56
4865 30.78 478.27 673.59 2.61 363.86
4866 29.89 295.54 567.33 3.41 363.94
4867 28.73 124.43 393.31 1.90 367.78
4868 27.48 14.78 0.00 3.71 369.04
4869 26.16 0.00 0.00 3.71 375.43
4870 24.83 0.00 0.00 3.71 372.06
4871 23.51 0.00 0.00 3.11 365.05
4872 22.19 0.00 0.00 7.12 364.46
4873 21.30 0.00 0.00 6.11 365.33
4874 20.36 0.00 0.00 6.41 362.53
4875 19.84 0.00 0.00 8.52 359.74
4876 19.33 0.00 0.00 8.52 358.56
4877 18.95 0.00 0.00 6.41 353.24
4878 19.81 53.97 208.63 5.81 358.82
4879 20.97 199.47 498.30 2.41 355.31
4880 22.44 381.18 633.85 1.80 349.53
4881 23.94 559.99 715.51 1.50 345.31
4882 25.36 709.63 726.55 1.90 345.45
4883 26.64 830.48 754.09 2.10 343.53
4884 27.69 894.44 744.72 1.90 345.59
4885 28.50 908.47 743.76 1.80 347.96
4886 29.02 871.01 749.99 2.41 348.12
4887 29.26 780.58 746.99 4.11 349.66
4888 29.21 646.34 733.54 3.71 353.49
4889 28.75 481.31 703.22 3.41 352.51
4890 27.90 297.30 583.93 3.71 352.45
4891 26.78 125.64 407.00 7.92 358.67
4892 25.57 14.15 0.00 7.92 359.03
4893 24.35 0.00 0.00 5.11 358.96
4894 23.14 0.00 0.00 3.71 355.55
4895 21.93 0.00 0.00 1.60 353.74
4896 20.71 0.00 0.00 1.80 352.91
4897 20.09 0.00 0.00 1.60 354.88
4898 19.38 0.00 0.00 1.60 354.76
4899 19.00 0.00 0.00 1.90 354.67
4900 18.62 0.00 0.00 1.20 353.39
4901 18.34 0.00 0.00 1.30 357.18
4902 19.30 55.08 181.76 1.50 359.03
4903 20.21 160.85 232.92 2.10 362.45
4904 21.42 317.32 344.56 2.41 358.92
4905 22.39 391.57 177.44 0.60 360.32
4906 23.50 536.05 233.25 0.70 356.90
4907 24.62 664.96 330.18 0.70 356.08
4908 26.01 883.26 651.46 0.60 346.41
4909 27.21 956.43 854.36 0.90 343.65
4910 28.08 932.58 921.41 0.90 342.21
4911 28.58 835.79 910.18 1.50 345.43
4912 28.73 690.75 862.86 1.30 343.35
4913 28.47 509.67 767.66 1.00 342.97
4914 27.75 312.25 619.98 1.80 347.00
4915 26.70 130.23 391.33 1.50 353.60
4916 25.53 16.07 0.00 1.30 353.09
4917 24.33 0.00 0.00 1.90 355.45
4918 23.13 0.00 0.00 2.41 351.17
4919 21.93 0.00 0.00 1.30 352.29
4920 20.73 0.00 0.00 1.90 346.13
4921 19.92 0.00 0.00 1.30 346.27
4922 18.98 0.00 0.00 0.20 344.73
4923 18.45 0.00 0.00 0.30 345.77
4924 17.92 0.00 0.00 0.10 344.40
4925 17.54 0.00 0.00 0.10 339.18
4926 18.19 44.98 182.13 0.10 343.80
4927 19.16 171.91 333.88 0.10 345.76
4928 20.41 348.63 496.94 0.60 342.90
4929 21.66 507.33 539.16 1.30 339.74
4930 22.96 667.50 602.82 1.50 340.33
4931 24.15 787.48 623.41 1.20 337.70
4932 25.11 846.62 602.09 0.90 340.38
4933 25.87 874.75 642.13 1.10 341.38
4934 26.38 848.15 682.46 1.60 346.07
4935 26.59 750.08 653.81 1.90 346.80
4936 26.55 630.10 686.18 2.31 349.35
4937 26.16 476.15 695.71 3.41 350.27
4938 25.39 296.40 549.14 4.11 355.29
4939 24.35 123.09 325.76 3.71 360.24
4940 23.21 14.41 0.00 3.41 361.55
4941 22.27 0.00 0.00 5.11 362.32
4942 21.33 0.00 0.00 5.11 361.23
4943 20.44 0.00 0.00 2.91 362.38
4944 19.54 0.00 0.00 2.81 361.81
4945 19.24 0.00 0.00 2.81 355.96
4946 18.89 0.00 0.00 2.81 353.44
4947 18.69 0.00 0.00 4.11 352.00
4948 18.49 0.00 0.00 4.11 350.27
4949 18.34 0.00 0.00 3.11 360.11
4950 19.12 43.60 158.27 4.51 361.31
4951 20.32 174.34 321.88 2.61 364.33
4952 21.71 334.37 417.00 2.10 365.37
4953 23.19 491.31 463.22 3.71 361.92
4954 24.62 632.72 517.88 4.11 363.48
4955 26.00 765.51 567.52 2.61 361.03
4956 27.18 839.62 574.67 2.81 362.12
4957 28.15 878.75 659.20 2.31 361.39
4958 28.81 844.93 676.76 3.11 360.45
4959 29.11 731.99 591.00 3.71 366.32
4960 29.16 630.29 692.89 4.81 366.73
4961 28.80 469.71 669.77 4.51 370.56
4962 28.02 291.86 517.58 2.91 371.99
4963 26.92 118.94 296.89 1.80 379.89
4964 25.72 13.20 0.00 0.40 378.78
4965 24.97 0.00 0.00 0.20 384.21
4966 24.21 0.00 0.00 0.10 383.30
4967 23.45 0.00 0.00 0.20 381.53
4968 22.70 0.00 0.00 0.40 381.32
4969 22.25 0.00 0.00 0.20 383.30
4970 21.77 0.00 0.00 0.10 383.01
4971 21.53 0.00 0.00 0.70 379.69
4972 21.28 0.00 0.00 0.30 380.65
4973 21.11 0.00 0.00 0.60 378.46
4974 21.65 28.45 7.32 0.40 384.58
4975 22.21 86.08 0.00 0.10 386.09
4976 23.13 199.32 27.18 0.40 381.89
4977 24.15 311.66 75.05 0.40 378.58
4978 25.06 391.21 61.49 0.90 379.91
4979 25.95 476.90 98.78 0.70 381.10
4980 26.96 608.49 207.44 1.20 376.85
4981 27.71 611.02 197.10 1.40 379.49
4982 28.43 673.57 301.53 2.31 374.53
4983 28.97 655.18 412.44 2.61 373.72
4984 29.36 631.48 627.78 1.80 369.88
4985 29.50 518.40 737.70 1.90 366.48
4986 29.16 313.67 583.93 1.80 373.52
4987 28.42 127.25 351.45 2.10 377.84
4988 27.52 13.87 0.00 1.30 375.26
4989 26.25 0.00 0.00 1.10 376.93
4990 24.98 0.00 0.00 1.30 372.44
4991 23.70 0.00 0.00 1.20 372.88
4992 22.43 0.00 0.00 1.80 370.47
4993 21.27 0.00 0.00 1.80 364.59
4994 20.08 0.00 0.00 0.70 361.93
4995 19.43 0.00 0.00 1.00 360.96
4996 18.77 0.00 0.00 2.10 360.27
4997 18.30 0.00 0.00 2.31 359.67
4998 18.79 34.34 65.35 1.30 364.39
4999 19.81 167.20 331.32 0.80 363.08
5000 20.98 330.07 422.52 0.90 359.14
5001 21.98 427.27 284.80 1.40 366.28
5002 23.01 560.69 314.66 1.30 365.37
5003 24.09 707.04 448.28 1.40 363.72
5004 25.45 948.76 819.47 1.80 354.43
5005 26.13 812.56 542.05 2.31 366.40
5006 26.86 922.89 849.27 4.51 360.03
5007 27.25 825.70 903.18 4.11 358.80
5008 27.32 680.13 846.03 2.81 361.33
5009 27.01 498.62 748.86 2.31 362.58
5010 26.27 301.38 598.02 2.91 366.20
5011 25.23 121.39 365.96 2.31 371.16
5012 24.17 12.75 0.00 1.50 367.02
5013 23.10 0.00 0.00 1.30 367.76
5014 22.04 0.00 0.00 1.20 361.83
5015 20.97 0.00 0.00 1.90 362.68
5016 19.98 0.00 0.00 2.10 359.16
5017 19.52 0.00 0.00 3.11 357.26
5018 18.99 0.00 0.00 3.41 355.68
5019 18.68 0.00 0.00 3.11 353.73
5020 18.38 0.00 0.00 4.51 351.13
5021 18.16 0.00 0.00 3.41 352.03
5022 18.86 41.73 148.39 2.10 357.82
5023 20.07 180.58 429.72 1.20 359.52
5024 21.58 367.77 624.16 1.10 354.75
5025 23.18 544.49 699.46 0.40 349.06
5026 24.69 696.40 716.87 1.10 351.83
5027 26.05 813.91 730.53 1.90 355.75
5028 27.19 880.33 727.76 1.50 359.17
5029 28.03 881.45 683.03 1.60 363.87
5030 28.58 845.93 696.01 1.60 365.41
5031 28.83 751.31 679.84 1.60 366.34
5032 28.79 616.80 664.69 1.20 369.06
5033 28.30 447.15 613.37 1.90 373.28
5034 27.40 261.33 454.49 1.30 374.74
5035 26.25 102.09 268.20 1.50 381.59
5036 25.41 9.75 0.00 1.80 380.03
5037 24.57 0.00 0.00 1.30 381.90
5038 23.73 0.00 0.00 0.90 377.96
5039 22.89 0.00 0.00 0.80 374.62
5040 22.05 0.00 0.00 0.20 373.25
5041 21.61 0.00 0.00 0.20 374.74
5042 21.12 0.00 0.00 0.30 374.15
5043 20.85 0.00 0.00 1.00 374.06
5044 20.58 0.00 0.00 2.41 374.02
5045 20.43 0.00 0.00 2.61 376.56
5046 21.05 37.12 102.00 2.31 374.59
5047 22.19 158.88 304.23 2.31 377.28
5048 23.64 328.11 446.43 3.71 373.82
5049 25.15 494.56 521.31 2.91 367.65
5050 26.61 642.60 560.82 2.10 366.69
5051 27.83 722.32 497.72 2.31 364.51
5052 28.89 793.32 527.81 2.61 364.95
5053 29.71 813.61 574.92 2.10 362.45
5054 30.24 764.59 523.91 3.11 367.18
5055 30.51 695.88 565.65 3.11 364.05
5056 30.50 572.24 536.19 2.31 366.01
5057 30.21 463.49 673.66 2.31 364.90
5058 29.50 283.92 534.83 2.10 368.62
5059 28.47 112.48 304.98 3.41 374.56
5060 27.40 10.52 0.00 4.11 372.42
5061 26.34 0.00 0.00 5.11 377.67
5062 25.28 0.00 0.00 6.41 375.96
5063 24.22 0.00 0.00 5.11 376.47
5064 23.16 0.00 0.00 5.81 371.06
5065 22.41 0.00 0.00 5.81 370.93
5066 21.59 0.00 0.00 5.81 369.46
5067 21.15 0.00 0.00 6.72 367.85
5068 20.70 0.00 0.00 3.71 370.08
5069 20.43 0.00 0.00 2.31 368.91
5070 20.86 32.19 42.56 1.60 373.24
5071 21.76 146.04 213.55 1.10 374.46
5072 23.25 362.91 530.22 1.60 367.26
5073 24.80 559.01 717.25 1.80 362.42
5074 25.97 638.47 535.54 2.61 371.81
5075 26.97 721.99 500.33 2.31 372.90
5076 27.93 833.08 558.25 2.61 368.35
5077 28.48 763.66 466.87 2.10 373.16
5078 28.79 707.43 373.33 1.80 369.96
5079 28.84 600.07 310.41 1.80 370.85
5080 28.42 407.67 129.49 1.80 381.32
5081 27.77 284.17 75.43 3.11 385.22
5082 26.94 170.07 77.63 3.71 384.14
5083 25.96 44.55 0.00 6.41 395.76
5084 25.28 4.82 0.00 3.41 394.52
5085 24.60 0.00 0.00 2.61 391.42
5086 23.92 0.00 0.00 1.30 388.77
5087 23.24 0.00 0.00 1.80 386.93
5088 22.56 0.00 0.00 1.30 379.90
5089 22.34 0.00 0.00 0.90 379.70
5090 22.04 0.00 0.00 1.80 379.36
5091 21.87 0.00 0.00 1.80 377.30
5092 21.71 0.00 0.00 2.00 371.87
5093 21.58 0.00 0.00 1.60 364.30
5094 22.40 37.94 139.11 0.70 366.55
5095 23.89 173.96 407.75 0.90 366.26
5096 25.71 353.67 593.98 1.30 363.31
5097 27.61 532.89 664.99 0.80 359.26
5098 29.44 691.12 718.18 1.20 359.36
5099 31.11 812.79 744.98 1.00 358.67
5100 32.52 883.54 755.93 1.20 361.77
5101 33.56 883.31 706.26 0.80 366.51
5102 34.23 828.69 657.29 0.60 372.16
5103 34.54 730.08 630.75 0.80 379.52
5104 34.52 599.52 612.30 1.10 384.76
5105 33.94 423.56 526.10 1.60 387.58
5106 32.93 247.10 410.77 0.60 392.24
5107 31.64 90.91 218.37 0.20 397.34
5108 30.34 7.73 0.00 0.40 393.01
5109 29.05 0.00 0.00 0.20 395.90
5110 27.75 0.00 0.00 0.00 395.44
5111 26.46 0.00 0.00 0.10 392.56
5112 25.16 0.00 0.00 0.10 391.68
5113 24.06 0.00 0.00 0.20 385.60
5114 22.86 0.00 0.00 0.50 381.99
5115 22.20 0.00 0.00 0.80 376.84
5116 21.55 0.00 0.00 0.60 374.78
5117 21.07 0.00 0.00 0.40 373.94
5118 21.68 35.35 122.77 0.40 375.63
5119 22.94 170.55 416.70 0.40 376.92
5120 24.47 346.78 564.81 1.20 374.39
5121 26.07 521.41 641.60 2.00 369.13
5122 27.59 672.41 660.20 1.30 367.83
5123 28.96 787.67 666.44 1.60 368.20
5124 30.07 845.39 636.58 1.60 370.28
5125 30.93 867.10 659.13 1.60 369.64
5126 31.50 830.36 668.81 2.30 368.58
5127 31.75 742.59 677.05 3.30 368.87
5128 31.68 603.29 631.61 5.30 366.98
5129 31.15 433.89 590.28 5.00 366.61
5130 30.20 253.41 457.28 8.49 369.99
5131 28.99 95.53 244.32 7.89 375.23
5132 27.79 7.09 0.00 5.00 373.15
5133 26.58 0.00 0.00 3.80 378.12
5134 25.38 0.00 0.00 4.60 376.43
5135 24.18 0.00 0.00 2.70 367.94
5136 22.97 0.00 0.00 1.80 366.55
5137 22.36 0.00 0.00 1.60 368.40
5138 21.69 0.00 0.00 1.00 366.52
5139 21.32 0.00 0.00 1.20 364.17
5140 20.95 0.00 0.00 0.30 361.46
5141 20.68 0.00 0.00 0.10 358.34
5142 21.32 33.23 100.80 0.50 362.26
5143 22.61 160.57 324.60 0.30 364.04
5144 24.11 317.70 434.12 1.00 367.27
5145 25.79 497.86 566.77 1.50 360.16
5146 27.45 657.32 604.32 2.00 363.23
5147 28.84 743.77 581.00 2.70 368.23
5148 30.03 815.67 584.21 3.30 369.56
5149 30.93 821.21 581.24 2.30 371.52
5150 31.44 750.51 488.14 2.50 374.00
5151 31.68 675.71 538.15 3.30 375.81
5152 31.58 538.28 434.45 3.00 380.94
5153 31.03 387.60 378.58 0.90 381.78
5154 30.13 232.06 354.70 1.00 385.22
5155 28.95 81.31 184.91 1.80 395.31
5156 27.85 6.31 0.00 1.50 394.40
5157 26.75 0.00 0.00 1.50 396.47
5158 25.65 0.00 0.00 2.00 392.36
5159 24.55 0.00 0.00 2.00 387.20
5160 23.45 0.00 0.00 2.30 383.73
5161 22.72 0.00 0.00 2.50 379.56
5162 21.93 0.00 0.00 2.00 379.99
5163 21.51 0.00 0.00 2.10 378.23
5164 21.08 0.00 0.00 3.00 378.92
5165 20.78 0.00 0.00 3.30 382.89
5166 21.37 30.13 41.65 1.80 383.67
5167 22.53 143.48 232.28 1.10 383.27
5168 23.94 290.35 315.32 0.60 383.62
5169 24.91 346.16 139.74 0.60 386.14
5170 26.29 536.67 274.20 0.60 382.10
5171 27.24 550.34 188.86 1.50 385.83
5172 28.81 845.63 591.99 1.80 373.87
5173 30.15 909.90 738.01 2.00 374.01
5174 30.73 724.55 430.29 3.50 383.62
5175 31.21 737.88 632.00 2.30 377.41
5176 31.40 638.86 772.23 2.30 376.68
5177 31.22 482.67 754.64 4.60 376.30
5178 30.47 273.89 571.86 3.50 380.97
5179 29.38 107.46 347.68 3.00 383.33
5180 28.14 7.69 0.00 2.10 383.87
5181 26.91 0.00 0.00 2.30 386.74
5182 25.67 0.00 0.00 3.30 379.12
5183 24.44 0.00 0.00 2.70 374.58
5184 23.20 0.00 0.00 3.30 369.99
5185 22.30 0.00 0.00 5.30 368.70
5186 21.33 0.00 0.00 5.00 368.05
5187 20.80 0.00 0.00 6.50 370.47
5188 20.34 0.00 0.00 7.20 367.93
5189 19.98 0.00 0.00 6.50 367.97
5190 20.51 30.99 77.13 4.60 367.28
5191 21.57 146.15 284.72 3.80 367.63
5192 22.97 305.40 374.90 2.50 362.84
5193 24.40 454.77 400.85 3.80 361.58
5194 25.72 574.82 388.06 3.50 361.30
5195 27.01 703.63 485.41 1.60 363.49
5196 28.22 807.16 550.11 2.30 365.60
5197 29.23 857.24 632.23 2.50 365.61
5198 29.87 798.64 593.64 3.00 371.74
5199 30.20 716.50 616.63 3.50 371.43
5200 30.19 577.57 594.23 4.40 375.79
5201 29.70 399.69 445.36 3.30 383.00
5202 28.81 224.89 338.14 2.70 386.14
5203 27.67 80.02 168.15 1.50 392.68
5204 26.48 5.30 0.00 2.00 391.94
5205 25.29 0.00 0.00 2.10 394.59
5206 24.10 0.00 0.00 1.60 392.01
5207 22.91 0.00 0.00 3.50 384.73
5208 21.72 0.00 0.00 4.20 378.95
5209 20.95 0.00 0.00 4.20 374.41
5210 20.16 0.00 0.00 2.50 372.73
5211 19.71 0.00 0.00 4.60 366.45
5212 19.25 0.00 0.00 4.00 361.47
5213 18.93 0.00 0.00 4.00 356.54
5214 19.47 30.67 60.60 3.00 358.05
5215 20.90 182.62 562.38 2.10 354.36
5216 22.72 375.59 754.30 3.00 351.74
5217 24.61 568.15 849.51 2.70 350.95
5218 26.41 731.74 883.29 0.90 350.46
5219 27.99 849.55 885.41 1.60 353.09
5220 29.31 918.04 884.85 1.20 353.38
5221 30.32 934.24 888.99 0.70 353.78
5222 30.98 893.27 888.90 1.00 354.56
5223 31.30 796.97 881.49 1.20 356.09
5224 31.26 653.24 857.72 1.10 357.74
5225 30.69 472.65 776.83 1.30 358.41
5226 29.66 277.07 647.65 2.30 366.96
5227 28.31 100.57 418.35 2.10 371.04
5228 27.13 4.62 0.00 3.00 369.11
5229 25.95 0.00 0.00 1.80 372.43
5230 24.77 0.00 0.00 2.70 369.01
5231 23.60 0.00 0.00 3.80 361.95
5232 22.42 0.00 0.00 4.60 360.19
5233 21.73 0.00 0.00 3.80 359.69
5234 20.97 0.00 0.00 4.20 355.02
5235 20.60 0.00 0.00 3.80 351.50
5236 20.20 0.00 0.00 2.30 349.74
5237 19.91 0.00 0.00 1.60 352.33
5238 20.45 29.37 70.26 1.80 354.42
5239 21.83 170.93 485.49 1.00 357.97
5240 23.56 354.40 657.46 0.80 357.36
5241 25.34 531.63 722.37 2.30 358.46
5242 27.02 681.95 728.63 2.00 358.00
5243 28.54 802.44 749.74 3.80 357.71
5244 29.81 870.17 749.69 5.60 360.05
5245 30.76 873.09 711.52 5.90 358.57
5246 31.38 833.14 713.33 4.20 360.35
5247 31.67 740.12 707.82 2.10 363.68
5248 31.62 601.30 683.57 3.80 365.71
5249 31.08 434.84 642.29 2.30 367.65
5250 30.11 254.58 533.19 3.30 373.44
5251 28.84 91.65 347.56 3.00 379.35
5252 27.63 4.08 0.00 2.00 371.73
5253 26.41 0.00 0.00 0.70 375.14
5254 25.20 0.00 0.00 1.20 374.00
5255 23.98 0.00 0.00 1.80 369.13
5256 22.77 0.00 0.00 2.30 364.34
5257 21.96 0.00 0.00 3.00 365.37
5258 21.08 0.00 0.00 2.70 363.43
5259 20.60 0.00 0.00 1.50 359.22
5260 20.19 0.00 0.00 1.80 355.70
5261 19.86 0.00 0.00 3.50 354.68
5262 20.36 28.72 68.21 2.70 354.98
5263 21.68 168.01 486.51 2.10 358.82
5264 23.38 354.52 670.12 4.40 354.16
5265 25.08 525.48 706.65 4.40 351.74
5266 26.71 679.10 726.01 5.60 351.04
5267 28.18 798.54 743.52 7.20 348.29
5268 29.40 862.29 730.08 7.89 347.84
5269 30.30 861.98 681.80 7.20 348.28
5270 30.86 808.21 639.83 3.30 352.07
5271 31.08 709.59 603.55 3.30 351.07
5272 30.97 565.95 566.33 3.30 352.77
5273 30.40 409.79 510.52 2.00 359.12
5274 29.43 237.33 403.50 3.80 361.89
5275 28.21 82.56 237.65 3.80 366.78
5276 26.91 3.36 0.00 1.60 365.65
5277 25.62 0.00 0.00 1.80 366.59
5278 24.33 0.00 0.00 0.60 364.13
5279 23.03 0.00 0.00 0.60 359.43
5280 21.74 0.00 0.00 0.50 357.41
5281 20.86 0.00 0.00 1.30 358.06
5282 19.98 0.00 0.00 0.80 355.26
5283 19.48 0.00 0.00 2.50 353.38
5284 18.98 0.00 0.00 3.00 349.44
5285 18.62 0.00 0.00 2.30 347.81
5286 19.08 26.01 35.89 2.10 348.82
5287 20.59 182.08 607.43 3.00 354.63
5288 22.50 390.36 747.11 2.30 354.72
5289 24.27 548.26 698.24 2.70 355.16
5290 25.35 557.89 335.03 2.30 366.17
5291 26.69 740.99 559.49 4.60 362.14
5292 28.03 875.61 735.80 7.20 356.35
5293 29.43 1032.35 959.29 5.30 351.73
5294 30.40 986.49 1006.00 6.50 352.36
5295 30.93 881.33 992.37 5.90 352.48
5296 31.05 724.18 966.05 5.90 352.43
5297 30.65 527.63 914.22 5.90 358.01
5298 29.71 311.40 792.39 5.60 362.64
5299 28.37 110.71 583.66 5.90 366.07
5300 27.03 4.04 0.00 6.50 365.20
5301 25.70 0.00 0.00 4.60 366.05
5302 24.37 0.00 0.00 6.50 363.36
5303 23.03 0.00 0.00 5.30 359.32
5304 21.70 0.00 0.00 5.60 357.87
5305 20.82 0.00 0.00 7.20 352.91
5306 19.91 0.00 0.00 5.30 353.77
5307 19.40 0.00 0.00 4.80 355.58
5308 18.88 0.00 0.00 6.50 356.60
5309 18.51 0.00 0.00 5.00 357.80
5310 18.84 22.96 6.18 3.30 356.32
5311 19.91 146.92 281.66 3.00 358.74
5312 21.86 412.50 718.31 2.50 343.60
5313 23.86 622.93 943.32 3.30 339.70
5314 25.42 727.45 857.62 2.50 347.46
5315 26.79 837.82 772.60 2.30 348.15
5316 27.03 583.57 197.95 2.70 370.59
5317 27.14 562.32 146.12 2.30 372.90
5318 27.29 606.71 240.94 3.80 367.27
5319 27.09 469.35 141.56 2.50 370.49
5320 26.79 432.73 193.04 3.50 365.73
5321 26.24 328.54 179.07 2.50 363.34
5322 25.34 166.11 89.92 3.80 370.88
5323 24.29 52.76 35.12 2.10 375.26
5324 23.30 2.10 0.00 1.60 372.26
5325 22.30 0.00 0.00 1.80 375.06
5326 21.31 0.00 0.00 1.20 374.45
5327 20.38 0.00 0.00 1.00 366.89
5328 19.43 0.00 0.00 1.50 365.59
5329 19.00 0.00 0.00 1.80 360.43
5330 18.55 0.00 0.00 1.10 357.05
5331 18.31 0.00 0.00 2.00 355.09
5332 18.07 0.00 0.00 2.00 352.14
5333 17.90 0.00 0.00 1.20 351.85
5334 18.31 24.43 27.73 1.50 351.67
5335 19.68 184.95 644.29 1.60 351.57
5336 21.33 395.80 847.34 1.50 345.90
5337 23.26 632.26 945.61 1.50 341.88
5338 25.02 801.18 980.76 1.20 342.97
5339 26.64 952.85 810.09 0.90 345.09
5340 26.64 506.89 113.59 2.30 371.82
5341 26.63 510.54 97.29 2.10 375.64
5342 26.41 443.76 49.98 1.20 379.57
5343 25.73 282.13 14.11 1.80 385.86
5344 24.90 186.30 1.57 2.00 387.90
5345 24.00 122.31 0.00 2.50 402.14
5346 23.19 72.87 0.00 2.30 387.61
5347 22.35 21.29 0.00 1.50 391.86
5348 21.92 1.21 0.00 4.60 388.94
5349 21.50 0.00 0.00 4.60 386.27
5350 21.08 0.00 0.00 4.20 384.22
5351 20.66 0.00 0.00 2.50 376.48
5352 20.30 0.00 0.00 2.30 371.02
5353 20.03 0.00 0.00 1.30 364.63
5354 19.76 0.00 0.00 1.80 362.19
5355 19.64 0.00 0.00 1.60 356.87
5356 19.51 0.00 0.00 1.00 350.73
5357 19.42 0.00 0.00 1.20 351.09
5358 19.84 23.22 23.38 2.10 349.82
5359 21.39 199.09 687.08 1.50 353.86
5360 23.33 425.48 862.53 2.00 348.64
5361 25.32 646.07 945.64 3.00 342.42
5362 27.19 826.55 981.28 4.20 347.58
5363 28.75 930.32 808.53 3.30 352.93
5364 28.40 427.39 64.97 3.30 382.92
5365 28.06 408.37 30.76 4.40 382.85
5366 27.72 387.43 30.33 5.30 382.37
5367 27.32 346.28 30.95 4.20 384.09
5368 26.76 263.84 18.56 4.40 386.09
5369 26.10 187.93 12.70 4.20 386.55
5370 25.36 113.61 5.51 2.50 385.72
5371 24.55 35.24 0.00 3.80 392.08
5372 23.85 1.11 0.00 1.00 386.79
5373 23.14 0.00 0.00 0.80 386.07
5374 22.43 0.00 0.00 1.00 381.38
5375 21.72 0.00 0.00 0.50 377.10
5376 21.01 0.00 0.00 1.20 370.79
5377 20.32 0.00 0.00 0.60 367.71
5378 19.53 0.00 0.00 0.40 363.81
5379 19.09 0.00 0.00 0.80 359.58
5380 18.65 0.00 0.00 1.00 354.73
5381 18.33 0.00 0.00 1.20 350.35
5382 18.70 22.58 15.86 2.10 344.31
5383 20.04 162.75 527.86 2.00 346.35
5384 21.74 356.34 731.86 1.50 345.13
5385 23.59 547.35 834.50 0.80 344.27
5386 25.38 716.28 884.29 0.30 345.45
5387 26.96 833.96 885.95 0.10 353.23
5388 28.28 907.09 896.33 0.20 357.39
5389 29.28 919.31 892.78 0.40 364.02
5390 29.95 876.51 891.30 2.00 367.23
5391 30.25 779.60 886.80 2.30 369.73
5392 30.20 631.32 854.63 2.70 371.04
5393 29.61 444.43 753.67 2.70 374.85
5394 28.56 249.25 612.48 2.10 381.51
5395 27.21 80.08 371.44 1.60 386.02
5396 26.23 1.25 0.00 1.10 386.64
5397 25.24 0.00 0.00 1.00 392.16
5398 24.26 0.00 0.00 0.60 394.50
5399 23.28 0.00 0.00 0.80 389.40
5400 22.29 0.00 0.00 0.40 388.32
5401 21.57 0.00 0.00 1.20 386.66
5402 20.94 0.00 0.00 2.10 387.14
5403 20.33 0.00 0.00 1.60 384.46
5404 20.49 0.00 0.00 2.70 385.32
5405 20.26 0.00 0.00 1.80 384.89
5406 20.65 21.80 11.49 1.80 388.13
5407 21.08 92.10 37.94 1.10 392.71
5408 21.17 193.11 76.21 0.80 390.86
5409 24.61 522.65 605.11 1.10 380.88
5410 25.94 534.69 305.58 1.00 391.22
5411 26.71 540.76 215.22 0.50 400.58
5412 25.99 76.68 0.00 0.40 428.15
5413 25.50 117.70 0.00 0.20 422.52
5414 26.47 672.43 307.14 0.20 392.38
5415 26.53 373.08 72.35 0.10 409.18
5416 26.89 518.86 399.36 0.60 379.18
5417 27.10 487.20 681.20 1.30 367.83
5418 26.63 204.29 278.17 4.00 385.52
5419 25.92 91.63 309.25 2.70 376.15
5420 25.14 1.31 0.00 0.90 375.50
5421 24.37 0.00 0.00 1.60 378.33
5422 23.56 0.00 0.00 1.50 384.90
5423 22.81 0.00 0.00 1.00 386.47
5424 21.98 0.00 0.00 0.60 380.83
5425 21.63 0.00 0.00 0.50 385.76
5426 21.24 0.00 0.00 0.80 386.01
5427 21.05 0.00 0.00 0.90 389.61
5428 20.86 0.00 0.00 1.00 388.84
5429 20.71 0.00 0.00 0.30 391.32
5430 20.64 15.43 0.00 0.30 395.81
5431 21.15 33.28 0.00 0.70 396.25
5432 22.01 124.80 0.00 0.50 391.21
5433 24.12 456.86 304.03 1.10 377.83
5434 24.60 268.10 26.03 0.50 387.72
5435 24.86 247.76 6.56 0.50 385.37
5436 25.90 532.55 132.97 0.30 371.16
5437 26.87 602.79 204.42 0.40 365.16
5438 27.82 687.07 370.08 0.50 361.62
5439 29.00 879.54 839.17 1.60 349.33
5440 29.40 587.15 637.50 3.30 360.62
5441 29.21 334.42 263.97 2.70 372.13
5442 28.35 79.04 0.00 5.60 397.99
5443 27.43 9.58 0.00 2.50 404.12
5444 26.40 0.57 0.00 1.00 413.92
5445 25.49 0.00 0.00 0.90 419.48
5446 24.52 0.00 0.00 0.90 410.60
5447 23.55 0.00 0.00 0.60 401.83
5448 22.57 0.00 0.00 0.20 393.17
5449 21.52 0.00 0.00 0.30 384.13
5450 20.41 0.00 0.00 0.30 374.90
5451 19.81 0.00 0.00 0.70 371.49
5452 19.20 0.00 0.00 1.10 366.64
5453 18.76 0.00 0.00 0.70 357.48
5454 19.04 19.44 0.00 2.00 356.47
5455 20.17 147.66 451.48 3.80 350.59
5456 21.69 334.34 658.38 4.00 349.04
5457 23.39 525.74 766.18 3.50 345.55
5458 25.04 691.15 831.96 5.30 350.76
5459 26.50 809.67 839.54 7.20 352.43
5460 27.74 887.68 866.72 9.49 348.80
5461 28.68 904.48 875.96 8.49 348.72
5462 29.28 855.17 858.67 5.00 352.64
5463 29.54 756.30 848.70 5.00 353.08
5464 29.47 609.14 814.89 6.50 356.31
5465 28.90 432.91 760.61 4.80 361.42
5466 27.89 240.11 590.87 4.00 366.55
5467 26.61 72.95 339.74 2.50 377.29
5468 25.63 0.00 0.00 2.70 382.85
5469 24.65 0.00 0.00 3.80 378.23
5470 23.67 0.00 0.00 3.30 379.48
5471 22.69 0.00 0.00 3.80 379.29
5472 21.72 0.00 0.00 4.00 378.28
5473 21.33 0.00 0.00 3.30 372.85
5474 20.90 0.00 0.00 4.40 372.16
5475 20.66 0.00 0.00 6.50 370.72
5476 20.48 0.00 0.00 5.00 370.57
5477 20.31 0.00 0.00 5.60 373.66
5478 20.61 18.54 0.00 5.30 372.66
5479 21.87 138.79 404.72 6.50 376.24
5480 23.31 285.25 400.48 5.30 375.35
5481 25.11 489.46 600.56 9.09 367.65
5482 26.66 602.52 552.85 8.49 369.39
5483 27.98 687.92 501.70 8.49 378.03
5484 29.17 769.97 558.70 5.90 372.10
5485 30.09 786.12 535.81 7.20 370.58
5486 30.64 719.44 494.17 6.50 375.68
5487 30.91 644.29 518.97 6.50 378.34
5488 30.79 489.37 397.91 5.60 380.28
5489 30.22 340.52 343.77 7.20 381.73
5490 29.31 189.09 283.42 6.50 382.87
5491 28.16 50.00 133.11 5.00 389.22
5492 27.27 0.00 0.00 2.50 390.98
5493 26.37 0.00 0.00 3.50 387.45
5494 25.48 0.00 0.00 2.10 382.06
5495 24.59 0.00 0.00 1.80 379.33
5496 23.69 0.00 0.00 0.90 378.77
5497 23.03 0.00 0.00 0.50 372.73
5498 22.31 0.00 0.00 1.10 371.44
5499 21.92 0.00 0.00 1.10 371.65
5500 21.53 0.00 0.00 2.00 372.48
5501 21.25 0.00 0.00 2.10 372.70
5502 21.55 17.16 0.00 4.20 375.63
5503 22.62 125.45 310.54 4.80 376.51
5504 24.13 296.11 462.26 4.40 372.64
5505 25.82 479.35 622.79 6.50 366.90
5506 27.46 635.99 639.47 8.49 366.83
5507 28.99 763.98 703.95 12.49 366.72
5508 30.25 829.14 697.85 7.89 366.88
5509 31.16 816.66 605.35 5.90 368.25
5510 31.78 787.89 660.78 3.30 367.64
5511 32.05 689.30 644.82 3.00 366.62
5512 32.01 551.26 618.48 2.30 369.59
5513 31.47 384.33 565.47 3.50 373.47
5514 30.52 208.20 453.65 2.50 372.58
5515 29.32 59.25 242.40 2.50 378.25
5516 28.31 0.00 0.00 3.50 380.88
5517 27.30 0.00 0.00 3.80 376.54
5518 26.29 0.00 0.00 5.00 374.93
5519 25.28 0.00 0.00 3.50 378.00
5520 24.27 0.00 0.00 4.80 375.63
5521 23.60 0.00 0.00 6.50 375.31
5522 22.88 0.00 0.00 10.39 375.63
5523 22.49 0.00 0.00 9.49 369.68
5524 22.09 0.00 0.00 5.60 372.07
5525 21.82 0.00 0.00 4.80 367.34
5526 22.08 15.41 0.00 4.60 367.37
5527 23.19 128.37 312.49 4.00 368.58
5528 24.67 293.73 461.50 3.30 365.92
5529 26.45 501.52 664.88 1.80 356.81
5530 28.12 651.68 718.50 3.50 357.85
5531 29.52 738.55 615.80 3.00 364.05
5532 30.72 815.46 661.73 1.60 361.11
5533 31.61 812.53 601.79 3.80 363.42
5534 32.11 737.05 538.65 3.00 367.19
5535 32.33 656.40 564.94 4.20 364.52
5536 32.19 510.64 492.04 3.30 372.63
5537 31.62 358.77 435.54 4.20 373.99
5538 30.68 193.01 376.48 5.00 371.95
5539 29.52 53.90 198.71 6.50 374.79
5540 28.47 0.00 0.00 3.30 377.91
5541 27.43 0.00 0.00 2.50 380.58
5542 26.38 0.00 0.00 3.30 379.52
5543 25.33 0.00 0.00 3.50 377.72
5544 24.28 0.00 0.00 5.30 378.16
5545 23.56 0.00 0.00 4.00 374.15
5546 22.76 0.00 0.00 3.00 376.13
5547 22.33 0.00 0.00 3.00 375.50
5548 21.90 0.00 0.00 1.20 372.20
5549 21.59 0.00 0.00 1.60 371.87
5550 21.84 15.30 0.00 2.70 372.08
5551 22.91 125.19 319.22 3.00 376.13
5552 24.41 296.02 502.79 2.00 371.73
5553 26.02 469.47 599.93 1.20 368.83
5554 27.66 639.23 666.61 1.20 371.21
5555 29.05 730.18 613.68 1.80 374.14
5556 30.24 802.93 631.60 2.30 379.05
5557 31.17 825.16 662.10 2.50 382.37
5558 31.77 778.34 650.47 1.30 384.15
5559 32.05 687.35 660.15 3.00 379.88
5560 32.01 554.40 663.14 2.30 380.40
5561 31.49 385.46 610.95 1.10 384.53
5562 30.55 202.52 434.70 0.60 394.81
5563 29.35 51.26 191.00 0.10 400.75
5564 28.40 0.00 0.00 0.40 400.48
5565 27.45 0.00 0.00 0.40 397.99
5566 26.51 0.00 0.00 0.10 393.08
5567 25.56 0.00 0.00 0.00 388.91
5568 24.61 0.00 0.00 0.30 387.26
5569 24.05 0.00 0.00 0.40 384.29
5570 23.43 0.00 0.00 0.50 384.51
5571 23.10 0.00 0.00 0.40 384.31
5572 22.77 0.00 0.00 0.60 382.74
5573 22.54 0.00 0.00 0.70 384.30
5574 22.79 14.52 0.00 1.20 382.10
5575 23.88 121.95 323.84 1.10 380.70
5576 25.38 289.24 479.13 0.90 374.95
5577 27.06 469.67 611.12 0.80 371.62
5578 28.64 608.67 583.24 1.30 370.61
5579 30.09 727.75 614.17 1.10 371.36
5580 31.25 773.59 589.66 0.60 368.76
5581 32.17 794.70 609.97 1.60 369.56
5582 32.79 761.63 611.05 2.00 367.80
5583 33.09 669.19 601.61 2.30 370.62
5584 33.05 529.52 594.66 4.60 371.16
5585 32.51 360.24 497.63 4.20 376.74
5586 31.58 189.08 349.91 1.80 382.99
5587 30.40 46.38 152.60 1.80 386.70
5588 29.40 0.00 0.00 1.20 390.28
5589 28.39 0.00 0.00 1.50 391.36
5590 27.38 0.00 0.00 0.30 389.24
5591 26.38 0.00 0.00 0.20 387.08
5592 25.37 0.00 0.00 0.00 390.66
5593 24.64 0.00 0.00 0.10 386.92
5594 23.86 0.00 0.00 0.70 387.56
5595 23.46 0.00 0.00 0.40 388.05
5596 23.05 0.00 0.00 0.30 386.22
5597 22.76 0.00 0.00 0.20 386.47
5598 22.92 9.55 0.00 0.10 385.42
5599 23.66 84.23 67.69 0.00 386.55
5600 23.71 60.61 0.00 0.20 400.75
5601 25.49 399.89 284.97 0.70 375.14
5602 26.99 508.55 299.07 0.90 376.38
5603 28.65 702.23 545.26 0.30 369.54
5604 30.37 884.95 793.17 0.40 365.15
5605 31.20 715.13 417.01 0.30 371.21
5606 31.74 671.88 394.53 0.10 375.23
5607 32.32 746.70 767.71 0.80 363.83
5608 32.50 593.14 783.65 1.10 366.98
5609 32.21 405.74 662.65 0.60 368.78
5610 31.43 210.42 472.26 1.30 378.57
5611 30.36 53.23 203.66 2.30 386.55
5612 29.38 0.00 0.00 1.00 392.49
5613 28.39 0.00 0.00 2.00 392.69
5614 27.41 0.00 0.00 2.00 387.92
5615 26.43 0.00 0.00 1.30 380.72
5616 25.45 0.00 0.00 2.00 378.05
5617 24.82 0.00 0.00 3.50 375.12
5618 24.14 0.00 0.00 4.60 375.65
5619 23.46 0.00 0.00 3.00 372.20
5620 23.10 0.00 0.00 3.00 371.84
5621 22.73 0.00 0.00 3.00 371.04
5622 22.47 11.42 0.00 3.30 374.74
5623 24.37 99.84 149.15 3.80 380.33
5624 25.22 192.40 77.09 4.60 383.37
5625 26.03 279.32 56.31 5.30 387.80
5626 26.79 357.23 68.75 7.89 386.59
5627 27.92 536.02 214.59 3.50 382.26
5628 29.24 713.85 460.35 4.20 378.29
5629 30.25 742.43 496.80 5.30 381.52
5630 31.14 807.22 705.55 8.49 374.80
5631 31.74 762.99 883.30 14.39 372.39
5632 31.95 636.35 939.97 11.59 370.86
5633 31.67 438.76 829.33 7.89 375.48
5634 30.85 229.13 640.79 4.80 383.09
5635 29.71 56.33 322.52 2.50 389.33
5636 28.90 0.00 0.00 4.80 393.44
5637 28.09 0.00 0.00 5.60 391.01
5638 27.29 0.00 0.00 7.20 388.90
5639 26.48 0.00 0.00 7.20 391.58
5640 25.67 0.00 0.00 9.09 391.32
5641 25.12 0.00 0.00 10.39 390.37
5642 24.53 0.00 0.00 5.90 387.36
5643 23.94 0.00 0.00 5.90 390.70
5644 23.62 0.00 0.00 7.20 389.90
5645 23.30 0.00 0.00 4.60 387.98
5646 23.07 11.08 0.00 4.40 393.87
5647 24.81 98.18 105.13 4.40 397.53
5648 26.05 238.75 186.53 4.20 395.83
5649 27.61 433.27 456.99 3.30 393.54
5650 29.07 587.51 538.27 2.10 386.38
5651 30.06 623.13 368.90 4.60 391.85
5652 30.90 687.86 389.80 3.50 392.64
5653 31.76 792.13 545.74 3.00 386.06
5654 32.10 661.13 388.10 4.80 390.10
5655 32.18 578.71 373.66 5.30 389.88
5656 31.96 465.32 361.57 5.90 388.65
5657 31.14 241.28 116.41 5.90 399.86
5658 30.03 80.14 0.00 7.20 411.67
5659 28.96 28.97 11.81 5.30 409.54
5660 28.16 0.00 0.00 3.80 411.17
5661 27.35 0.00 0.00 2.70 408.72
5662 26.55 0.00 0.00 1.20 406.54
5663 25.74 0.00 0.00 1.30 406.52
5664 24.94 0.00 0.00 1.20 401.95
5665 24.35 0.00 0.00 1.30 400.84
5666 23.70 0.00 0.00 1.20 398.87
5667 23.04 0.00 0.00 1.20 395.94
5668 22.68 0.00 0.00 1.10 393.90
5669 22.32 0.00 0.00 1.50 390.04
5670 22.06 11.68 0.00 1.20 386.79
5671 24.48 130.94 455.27 1.50 394.05
5672 26.18 317.46 683.48 2.50 388.72
5673 27.91 509.19 805.70 1.80 385.24
5674 29.55 678.39 864.63 1.80 384.21
5675 30.96 798.64 877.21 2.70 382.13
5676 32.10 868.88 884.03 1.30 378.64
5677 32.92 878.26 879.08 1.00 381.53
5678 33.41 831.70 876.77 0.50 377.60
5679 33.56 727.32 858.68 0.40 379.49
5680 33.27 570.66 781.05 0.20 379.73
5681 32.48 386.51 698.65 0.20 383.42
5682 31.30 195.04 527.83 0.10 388.66
5683 29.89 37.51 114.30 0.20 388.85
5684 29.00 0.00 0.00 0.50 393.72
5685 28.11 0.00 0.00 0.50 393.45
5686 27.22 0.00 0.00 0.40 390.80
5687 26.32 0.00 0.00 0.50 389.32
5688 25.43 0.00 0.00 1.30 381.32
5689 24.87 0.00 0.00 0.60 381.38
5690 24.25 0.00 0.00 1.00 379.77
5691 23.63 0.00 0.00 1.10 379.44
5692 23.28 0.00 0.00 2.50 375.51
5693 22.94 0.00 0.00 2.10 372.42
5694 22.68 10.84 0.00 2.70 366.50
5695 25.00 125.25 431.97 3.50 375.19
5696 26.67 307.82 640.01 2.50 372.88
5697 28.37 493.97 754.76 2.00 376.41
5698 29.92 649.73 777.55 2.50 367.49
5699 31.27 765.51 783.99 1.80 368.00
5700 32.31 818.33 738.23 1.60 368.80
5701 33.09 836.46 762.85 3.30 369.41
5702 33.55 793.11 769.27 1.20 369.62
5703 33.69 696.40 768.95 2.00 368.98
5704 33.43 547.45 725.60 1.10 369.34
5705 32.69 374.06 659.93 1.80 370.66
5706 31.56 188.89 508.82 0.80 374.47
5707 30.21 35.91 106.66 1.00 373.58
5708 29.33 0.00 0.00 1.30 376.86
5709 28.45 0.00 0.00 0.70 378.69
5710 27.56 0.00 0.00 0.70 380.92
5711 26.68 0.00 0.00 1.60 376.51
5712 25.80 0.00 0.00 1.20 376.55
5713 25.23 0.00 0.00 1.60 372.71
5714 24.60 0.00 0.00 1.10 371.84
5715 23.97 0.00 0.00 0.90 371.43
5716 23.61 0.00 0.00 0.90 373.90
5717 23.26 0.00 0.00 0.30 372.53
5718 23.00 9.78 0.00 0.30 372.42
5719 25.35 127.20 470.14 0.30 379.31
5720 27.02 309.81 667.29 0.30 377.55
5721 28.68 492.20 758.29 0.30 375.91
5722 30.25 655.26 807.41 0.20 372.16
5723 31.59 766.90 798.53 0.30 373.45
5724 32.68 835.55 806.26 0.10 376.19
5725 33.47 847.49 809.98 0.00 380.16
5726 33.93 800.95 807.77 0.10 382.20
5727 34.05 695.60 780.12 0.30 382.27
5728 33.78 550.39 753.40 0.50 389.78
5729 33.03 377.60 699.63 0.60 391.07
5730 31.90 193.85 564.32 1.30 392.04
5731 30.53 33.36 65.35 0.40 394.94
5732 29.72 0.00 0.00 0.40 398.65
5733 28.92 0.00 0.00 0.70 394.10
5734 28.11 0.00 0.00 1.00 392.77
5735 27.31 0.00 0.00 1.30 392.63
5736 26.50 0.00 0.00 0.50 392.63
5737 26.04 0.00 0.00 0.30 390.69
5738 25.52 0.00 0.00 0.00 390.23
5739 25.00 0.00 0.00 0.10 389.93
5740 24.71 0.00 0.00 0.00 390.14
5741 24.43 0.00 0.00 0.10 388.28
5742 24.21 9.14 0.00 0.20 385.93
5743 26.27 110.72 312.11 0.40 393.21
5744 27.82 278.74 481.18 1.00 390.65
5745 29.37 447.91 555.25 1.20 389.70
5746 30.86 602.46 620.48 2.10 383.13
5747 32.10 699.49 625.13 0.90 383.68
5748 33.11 763.34 617.80 2.70 383.54
5749 33.85 777.32 626.39 4.20 383.75
5750 34.33 751.07 652.40 10.39 382.98
5751 34.47 645.90 627.96 10.39 385.69
5752 34.19 497.30 570.51 6.50 385.83
5753 33.49 337.27 485.13 3.00 386.43
5754 32.42 164.51 380.50 3.30 392.22
5755 31.18 30.49 58.34 2.10 392.05
5756 30.47 0.00 0.00 1.50 395.19
5757 29.77 0.00 0.00 2.70 395.94
5758 29.07 0.00 0.00 3.00 391.56
5759 28.36 0.00 0.00 2.70 388.72
5760 27.66 0.00 0.00 2.00 388.19
5761 27.24 0.00 0.00 1.30 390.09
5762 26.73 0.00 0.00 1.50 386.71
5763 26.22 0.00 0.00 3.50 385.54
5764 25.92 0.00 0.00 3.50 385.96
5765 25.63 0.00 0.00 3.30 384.54
5766 25.41 10.97 0.00 2.10 380.66
5767 28.20 142.51 619.05 3.00 385.40
5768 30.26 354.50 747.60 1.50 380.39
5769 31.70 474.52 612.88 2.00 387.31
5770 33.77 750.42 782.28 1.60 375.83
5771 34.26 573.20 249.25 0.60 397.85
5772 32.87 69.90 0.00 0.50 435.01
5773 32.55 310.39 25.22 0.70 419.74
5774 33.22 681.58 460.58 0.60 393.19
5775 34.01 807.19 831.00 0.90 382.92
5776 34.14 566.60 775.64 0.60 387.34
5777 33.94 436.40 838.09 2.50 386.10
5778 33.14 218.46 714.58 4.20 396.03
5779 31.98 39.08 146.79 3.50 394.18
5780 31.01 0.00 0.00 1.30 396.29
5781 30.04 0.00 0.00 1.00 396.70
5782 29.07 0.00 0.00 0.50 397.25
5783 28.11 0.00 0.00 0.50 396.64
5784 27.14 0.00 0.00 0.30 394.70
5785 26.56 0.00 0.00 0.60 391.45
5786 25.92 0.00 0.00 0.80 395.96
5787 25.28 0.00 0.00 1.50 399.06
5788 24.92 0.00 0.00 1.60 399.78
5789 24.56 0.00 0.00 0.80 399.35
5790 24.30 7.68 0.00 1.10 401.80
5791 26.25 107.03 321.65 2.00 411.93
5792 27.67 265.74 463.81 0.70 408.37
5793 29.01 410.56 418.99 0.60 409.33
5794 30.29 547.04 451.80 0.70 404.79
5795 31.36 636.67 468.89 1.00 407.67
5796 32.24 696.02 459.32 2.00 404.94
5797 32.98 743.68 538.07 2.30 404.51
5798 33.38 686.51 514.58 1.60 405.06
5799 33.56 632.05 611.20 2.00 403.77
5800 33.39 493.11 571.08 1.80 407.20
5801 32.77 331.52 496.01 1.30 408.43
5802 31.78 162.51 379.19 0.90 409.02
5803 30.61 27.13 39.61 1.00 405.15
5804 29.93 0.00 0.00 1.50 407.83
5805 29.25 0.00 0.00 2.00 402.70
5806 28.56 0.00 0.00 2.50 402.01
5807 27.88 0.00 0.00 3.00 400.26
5808 27.20 0.00 0.00 2.50 398.73
5809 26.86 0.00 0.00 1.60 398.07
5810 26.49 0.00 0.00 1.30 396.93
5811 26.12 0.00 0.00 0.80 396.91
5812 25.92 0.00 0.00 1.20 395.08
5813 25.73 0.00 0.00 0.80 390.44
5814 25.58 6.99 0.00 0.50 387.75
5815 27.72 106.67 300.60 0.20 390.74
5816 29.42 277.20 512.01 0.20 385.77
5817 31.11 446.02 580.76 0.30 388.02
5818 32.71 598.86 645.33 0.10 382.12
5819 34.15 718.14 671.93 0.10 382.42
5820 35.29 775.12 648.47 0.10 383.08
5821 36.15 793.56 676.67 0.20 382.98
5822 36.67 745.43 671.29 0.30 383.58
5823 36.83 643.39 654.12 1.10 386.17
5824 36.61 508.40 655.17 1.00 384.67
5825 35.93 352.82 657.06 1.50 389.01
5826 34.84 172.30 516.12 1.30 393.98
5827 33.53 25.70 32.00 3.00 390.03
5828 32.07 0.00 0.00 2.50 390.33
5829 30.61 0.00 0.00 1.50 388.16
5830 29.15 0.00 0.00 1.20 385.32
5831 27.70 0.00 0.00 1.30 378.84
5832 26.26 0.00 0.00 1.10 379.60
5833 25.28 0.00 0.00 1.20 351.87
5834 23.83 0.00 0.00 1.60 350.24
5835 22.39 0.00 0.00 1.20 347.60
5836 21.57 0.00 0.00 1.40 343.42
5837 20.80 0.00 0.00 1.60 342.02
5838 20.23 6.40 0.00 0.50 343.92
5839 22.50 120.24 497.93 0.40 350.21
5840 24.34 311.16 744.05 0.20 348.55
5841 26.19 503.94 854.42 0.30 348.81
5842 27.93 676.18 871.30 0.60 344.02
5843 29.30 766.98 704.12 0.50 347.59
5844 29.04 445.01 90.81 1.40 370.26
5845 29.11 547.09 182.02 1.40 366.22
5846 29.07 524.99 192.19 1.00 365.92
5847 28.95 500.05 236.06 1.50 363.29
5848 28.57 423.34 342.49 1.60 365.70
5849 27.89 319.25 486.89 4.11 359.76
5850 26.77 140.57 312.81 3.51 366.85
5851 25.48 21.79 0.00 2.01 366.97
5852 24.32 0.00 0.00 2.01 366.80
5853 23.15 0.00 0.00 2.01 362.32
5854 21.98 0.00 0.00 0.90 359.18
5855 20.87 0.00 0.00 1.40 360.04
5856 19.75 0.00 0.00 2.01 355.30
5857 19.34 0.00 0.00 1.80 353.27
5858 18.87 0.00 0.00 0.70 352.42
5859 18.40 0.00 0.00 1.00 352.53
5860 18.13 0.00 0.00 1.20 355.64
5861 17.86 0.00 0.00 0.60 357.49
5862 17.66 5.85 0.00 0.70 359.80
5863 20.10 108.19 407.15 1.20 367.84
5864 22.04 282.43 589.97 0.70 368.17
5865 24.04 452.37 656.76 1.20 369.38
5866 25.96 611.64 711.26 1.40 362.01
5867 27.62 721.22 703.49 1.40 366.48
5868 28.98 789.41 717.58 2.41 366.75
5869 29.95 796.84 712.41 1.00 367.04
5870 30.54 752.86 723.68 0.90 372.05
5871 30.73 658.53 737.09 1.60 373.72
5872 30.44 520.88 740.81 0.90 377.17
5873 29.54 345.48 664.48 1.50 381.99
5874 28.15 160.11 479.96 0.20 386.45
5875 26.53 21.52 0.78 0.50 382.69
5876 25.78 0.00 0.00 0.50 382.79
5877 25.03 0.00 0.00 0.50 381.61
5878 24.28 0.00 0.00 1.40 383.92
5879 23.54 0.00 0.00 0.60 384.82
5880 22.79 0.00 0.00 1.00 381.57
5881 22.35 0.00 0.00 0.60 382.12
5882 21.90 0.00 0.00 1.40 383.90
5883 21.45 0.00 0.00 1.40 384.46
5884 21.23 0.00 0.00 0.70 383.71
5885 21.04 0.00 0.00 0.50 383.74
5886 20.89 4.38 0.00 0.30 385.37
5887 22.43 72.19 62.41 0.00 388.45
5888 23.62 180.12 82.78 0.30 387.09
5889 24.76 280.85 105.80 1.40 387.30
5890 27.55 680.42 746.38 3.81 362.91
5891 29.12 658.88 463.69 3.51 371.85
5892 29.70 533.57 178.98 4.61 381.31
5893 30.16 550.54 193.94 3.21 381.67
5894 30.66 603.23 324.83 4.61 376.01
5895 30.98 581.39 466.10 1.80 374.90
5896 30.37 301.66 84.01 2.41 386.55
5897 29.47 187.23 58.17 2.81 387.95
5898 28.28 45.32 0.00 5.52 398.76
5899 27.18 16.07 0.00 4.61 394.93
5900 26.30 0.00 0.00 4.11 394.35
5901 25.43 0.00 0.00 2.01 389.89
5902 24.55 0.00 0.00 1.00 383.23
5903 23.68 0.00 0.00 1.20 379.35
5904 22.80 0.00 0.00 0.90 379.74
5905 21.98 0.00 0.00 0.90 376.24
5906 21.08 0.00 0.00 0.60 375.29
5907 20.25 0.00 0.00 1.20 375.02
5908 19.78 0.00 0.00 2.41 373.11
5909 19.31 0.00 0.00 1.80 372.53
5910 18.96 4.89 0.00 3.01 370.26
5911 21.14 105.13 416.55 2.81 375.71
5912 23.05 280.53 615.17 5.31 375.14
5913 25.04 466.29 741.88 6.52 373.80
5914 26.91 626.37 788.35 8.22 367.97
5915 28.55 748.67 821.27 9.43 371.55
5916 29.86 811.25 815.55 7.12 376.24
5917 30.80 821.64 821.82 4.61 382.45
5918 31.34 772.39 819.44 3.51 380.33
5919 31.47 661.35 779.52 2.61 385.26
5920 31.09 513.75 749.25 1.60 385.54
5921 30.16 339.06 678.39 1.20 388.76
5922 28.76 153.14 486.97 1.20 392.71
5923 27.17 18.39 0.00 0.50 387.00
5924 26.20 0.00 0.00 0.60 385.79
5925 25.22 0.00 0.00 1.00 388.08
5926 24.25 0.00 0.00 1.40 382.14
5927 23.28 0.00 0.00 2.01 379.11
5928 22.31 0.00 0.00 2.01 378.41
5929 21.75 0.00 0.00 2.01 378.66
5930 21.14 0.00 0.00 4.11 375.83
5931 20.59 0.00 0.00 5.01 372.31
5932 20.28 0.00 0.00 3.21 370.78
5933 19.96 0.00 0.00 2.61 369.70
5934 19.73 4.38 0.00 2.31 369.61
5935 21.92 99.71 381.51 3.01 375.75
5936 23.82 265.56 542.77 3.21 375.65
5937 25.82 444.38 648.98 2.81 377.30
5938 27.77 608.97 735.32 3.51 371.59
5939 29.46 724.90 750.78 4.41 372.91
5940 30.78 779.72 720.87 5.31 376.27
5941 31.75 789.58 727.32 5.01 371.51
5942 32.28 728.49 683.24 5.82 370.35
5943 32.44 634.08 696.84 5.82 372.15
5944 32.12 496.66 698.37 4.61 365.86
5945 31.23 327.96 639.34 3.01 369.39
5946 29.90 149.35 488.24 3.51 377.01
5947 28.35 17.26 0.00 3.21 375.88
5948 27.22 0.00 0.00 4.41 378.41
5949 26.08 0.00 0.00 2.81 374.67
5950 24.95 0.00 0.00 3.51 368.73
5951 23.81 0.00 0.00 1.40 363.75
5952 22.68 0.00 0.00 2.41 356.72
5953 21.78 0.00 0.00 3.01 355.71
5954 20.92 0.00 0.00 2.81 354.99
5955 20.04 0.00 0.00 3.81 354.16
5956 19.59 0.00 0.00 4.11 353.95
5957 19.14 0.00 0.00 1.40 354.62
5958 18.83 4.79 0.00 0.90 357.07
5959 20.71 105.14 393.75 2.01 360.59
5960 22.43 295.13 657.88 1.50 356.53
5961 24.29 498.13 817.19 2.01 356.64
5962 26.05 675.00 912.82 2.41 350.21
5963 27.59 805.32 878.16 4.61 348.74
5964 28.46 759.17 599.39 7.72 355.75
5965 29.42 886.94 896.24 7.12 354.42
5966 30.01 832.26 822.93 5.52 359.91
5967 29.73 535.98 348.96 6.12 376.82
5968 27.91 41.51 0.00 6.22 413.30
5969 26.59 100.46 0.00 5.01 395.97
5970 25.24 11.59 0.00 5.01 402.37
5971 24.11 16.65 0.00 3.21 398.47
5972 23.38 0.00 0.00 1.00 396.01
5973 22.66 0.00 0.00 1.00 391.24
5974 21.93 0.00 0.00 0.20 385.44
5975 21.20 0.00 0.00 0.20 379.02
5976 20.54 0.00 0.00 0.60 374.80
5977 19.95 0.00 0.00 0.90 373.91
5978 19.36 0.00 0.00 1.40 370.72
5979 18.76 0.00 0.00 1.40 365.12
5980 18.46 0.00 0.00 2.61 359.94
5981 18.15 0.00 0.00 2.01 359.09
5982 17.95 4.04 0.00 1.20 358.60
5983 19.78 98.20 348.19 1.40 361.13
5984 21.46 280.00 607.89 2.81 359.34
5985 23.33 476.35 769.28 3.51 360.53
5986 25.10 648.12 867.25 3.21 355.29
5987 26.66 774.80 921.83 3.21 354.47
5988 27.93 845.08 933.95 3.01 356.28
5989 28.85 853.67 935.97 3.51 356.72
5990 29.41 799.98 929.20 2.41 360.28
5991 29.60 687.91 585.48 2.81 359.71
5992 27.69 40.35 0.00 2.81 403.19
5993 26.08 25.62 0.00 3.21 401.99
5994 24.70 10.93 0.00 1.60 401.18
5995 23.51 1.27 0.00 1.80 397.57
5996 23.21 0.00 0.00 2.01 397.57
5997 22.92 0.00 0.00 2.81 394.36
5998 22.63 0.00 0.00 4.11 390.47
5999 22.34 0.00 0.00 4.11 388.49
6000 22.04 0.00 0.00 2.01 384.85
6001 21.81 0.00 0.00 2.31 381.39
6002 21.59 0.00 0.00 0.60 376.93
6003 21.38 0.00 0.00 1.40 375.11
6004 21.28 0.00 0.00 2.01 377.30
6005 21.18 0.00 0.00 1.20 376.41
6006 21.12 3.14 0.00 2.01 373.83
6007 23.16 91.02 352.86 2.01 380.46
6008 25.00 256.04 531.12 1.80 378.51
6009 27.03 445.86 606.19 2.31 377.55
6010 28.40 507.78 379.01 3.21 378.62
6011 29.82 640.82 513.59 5.31 378.72
6012 31.18 750.77 618.92 6.52 379.90
6013 32.26 786.13 709.06 5.01 379.74
6014 33.12 799.03 856.85 3.51 376.06
6015 33.49 678.68 895.38 2.81 378.57
6016 33.41 523.39 811.92 1.00 377.25
6017 32.69 331.20 672.21 1.00 380.62
6018 31.49 139.15 439.26 1.40 386.48
6019 30.72 14.95 0.00 2.01 386.24
6020 29.95 0.00 0.00 1.40 389.75
6021 29.19 0.00 0.00 3.21 390.03
6022 28.42 0.00 0.00 3.01 391.92
6023 27.66 0.00 0.00 2.41 393.01
6024 26.89 0.00 0.00 3.81 395.41
6025 26.03 0.00 0.00 4.61 391.00
6026 25.11 0.00 0.00 2.81 391.86
6027 24.18 0.00 0.00 1.60 387.36
6028 23.69 0.00 0.00 2.01 386.43
6029 23.19 0.00 0.00 2.31 387.12
6030 22.84 1.79 0.00 2.41 388.00
6031 24.46 75.42 207.83 1.00 390.26
6032 25.63 186.64 154.55 0.70 392.04
6033 26.54 261.68 70.19 0.90 397.36
6034 27.71 396.56 150.37 0.90 391.92
6035 28.69 463.52 120.95 0.90 389.07
6036 29.50 513.36 167.96 0.70 389.37
6037 30.21 560.31 228.61 0.90 391.43
6038 30.68 540.80 197.81 1.50 388.71
6039 30.86 476.29 245.08 1.60 391.20
6040 30.92 439.58 470.02 1.80 384.82
6041 30.56 306.17 560.04 2.81 382.35
6042 29.65 117.98 330.19 0.90 389.40
6043 28.51 9.52 0.00 1.20 387.82
6044 27.37 0.00 0.00 2.41 389.72
6045 26.23 0.00 0.00 0.90 388.78
6046 25.10 0.00 0.00 2.01 384.46
6047 23.96 0.00 0.00 2.31 380.83
6048 22.82 0.00 0.00 2.01 380.06
6049 21.99 0.00 0.00 2.61 381.74
6050 21.12 0.00 0.00 1.60 379.56
6051 20.31 0.00 0.00 1.40 380.60
6052 19.87 0.00 0.00 1.50 379.93
6053 19.42 0.00 0.00 1.60 379.87
6054 19.10 1.61 0.00 1.50 377.24
6055 20.20 53.64 44.87 0.70 382.28
6056 20.50 86.83 0.00 1.00 389.67
6057 21.05 160.27 1.82 1.40 387.13
6058 21.42 175.37 4.66 3.51 387.40
6059 22.92 466.33 162.03 4.11 372.61
6060 24.71 680.81 495.91 5.82 364.59
6061 25.59 563.68 245.74 5.01 373.41
6062 26.43 630.48 434.67 7.12 366.46
6063 26.55 422.42 182.99 5.31 376.05
6064 26.75 474.64 612.03 6.52 364.71
6065 26.49 312.98 541.77 4.61 367.36
6066 25.67 125.70 311.58 5.01 376.66
6067 24.86 6.49 0.00 5.82 381.64
6068 24.06 0.00 0.00 5.01 382.56
6069 23.25 0.00 0.00 2.61 382.45
6070 22.45 0.00 0.00 2.01 382.80
6071 21.64 0.00 0.00 1.50 382.58
6072 20.89 0.00 0.00 0.90 381.00
6073 20.38 0.00 0.00 1.40 379.27
6074 19.81 0.00 0.00 2.31 379.61
6075 19.25 0.00 0.00 3.81 376.54
6076 18.93 0.00 0.00 2.61 376.01
6077 18.62 0.00 0.00 2.01 374.96
6078 18.39 1.18 0.00 1.20 374.42
6079 19.79 63.94 92.19 1.20 383.62
6080 21.02 185.07 137.59 0.50 383.96
6081 22.52 315.41 187.01 0.90 384.01
6082 22.62 232.91 13.28 0.90 395.81
6083 22.68 282.56 26.98 1.50 398.05
6084 24.86 686.52 493.60 1.60 380.24
6085 25.36 458.48 110.72 2.31 383.93
6086 25.52 394.74 66.52 5.31 388.36
6087 25.60 382.27 120.47 6.52 383.71
6088 25.78 435.20 456.43 4.61 369.41
6089 25.61 315.36 625.16 4.11 368.06
6090 24.82 125.04 382.25 3.51 370.83
6091 24.04 10.41 0.00 4.11 370.38
6092 23.26 0.00 0.00 2.61 370.11
6093 22.49 0.00 0.00 3.81 368.17
6094 21.71 0.00 0.00 3.21 365.18
6095 20.98 0.00 0.00 2.61 364.30
6096 20.24 0.00 0.00 3.21 359.33
6097 19.80 0.00 0.00 3.21 363.16
6098 19.35 0.00 0.00 2.81 364.46
6099 18.90 0.00 0.00 4.11 362.47
6100 18.67 0.00 0.00 4.41 361.08
6101 18.44 0.00 0.00 2.01 364.19
6102 18.29 0.77 0.00 1.80 366.32
6103 19.50 59.46 103.31 1.40 369.46
6104 20.27 134.71 30.14 1.50 374.89
6105 21.59 294.27 147.45 0.90 369.36
6106 23.48 516.08 411.50 0.70 358.17
6107 25.68 764.88 801.18 1.60 351.85
6108 26.86 686.93 502.44 1.80 362.31
6109 26.88 419.49 86.35 1.20 378.79
6110 26.31 285.99 12.64 2.41 385.49
6111 25.65 233.78 11.81 3.81 385.80
6112 25.50 338.11 212.07 2.41 370.98
6113 25.19 282.81 422.48 2.81 360.13
6114 24.31 78.14 98.58 3.81 375.44
6115 23.49 6.38 0.00 3.01 368.61
6116 22.67 0.00 0.00 2.31 368.52
6117 21.85 0.00 0.00 2.61 365.46
6118 21.08 0.00 0.00 2.01 364.98
6119 20.29 0.00 0.00 1.40 359.43
6120 19.51 0.00 0.00 0.70 356.69
6121 18.75 0.00 0.00 0.60 357.05
6122 17.93 0.00 0.00 0.70 354.99
6123 17.11 0.00 0.00 1.60 351.99
6124 16.66 0.00 0.00 3.81 346.36
6125 16.22 0.00 0.00 4.11 343.99
6126 15.90 1.21 0.00 4.41 344.07
6127 17.66 85.06 391.75 5.01 349.69
6128 19.46 259.90 638.28 2.41 346.30
6129 21.33 447.66 777.10 3.51 351.84
6130 23.21 611.44 841.04 3.51 347.31
6131 24.81 724.30 846.02 3.81 352.18
6132 26.09 787.00 849.25 4.41 353.83
6133 27.00 791.28 846.05 3.81 352.87
6134 27.53 746.10 865.80 4.41 349.44
6135 27.65 634.39 838.17 4.11 351.30
6136 27.26 480.33 793.37 4.41 350.79
6137 26.29 298.12 683.66 3.51 354.33
6138 24.89 116.02 466.78 3.21 357.29
6139 23.82 5.94 0.00 4.11 356.19
6140 22.76 0.00 0.00 3.81 358.11
6141 21.69 0.00 0.00 3.21 355.17
6142 20.69 0.00 0.00 1.80 353.41
6143 19.67 0.00 0.00 2.31 349.23
6144 18.64 0.00 0.00 2.41 347.23
6145 17.96 0.00 0.00 1.40 346.83
6146 17.21 0.00 0.00 3.51 343.63
6147 16.47 0.00 0.00 2.81 340.08
6148 16.06 0.00 0.00 3.01 339.96
6149 15.66 0.00 0.00 3.81 340.26
6150 15.36 0.96 0.00 4.11 344.10
6151 17.06 81.22 373.54 3.01 350.30
6152 18.85 253.46 616.76 5.82 348.56
6153 20.79 444.86 765.56 5.82 349.25
6154 22.64 609.79 847.27 4.11 345.37
6155 24.24 718.24 838.76 6.52 347.90
6156 25.55 785.88 858.47 5.52 348.43
6157 26.48 792.96 864.67 4.11 347.79
6158 27.00 735.86 849.42 1.80 350.50
6159 27.13 628.82 836.70 3.21 352.31
6160 26.72 472.66 782.69 4.11 356.18
6161 25.73 287.11 644.43 3.51 355.98
6162 24.32 107.72 428.34 1.60 360.55
6163 23.31 4.92 0.00 1.00 358.99
6164 22.29 0.00 0.00 2.41 360.84
6165 21.27 0.00 0.00 1.40 361.04
6166 20.33 0.00 0.00 1.20 358.50
6167 19.36 0.00 0.00 1.50 357.76
6168 18.38 0.00 0.00 1.40 354.52
6169 17.72 0.00 0.00 0.20 353.75
6170 16.98 0.00 0.00 0.40 352.23
6171 16.25 0.00 0.00 0.70 349.80
6172 15.85 0.00 0.00 1.00 348.14
6173 15.45 0.00 0.00 0.50 350.28
6174 15.16 0.56 0.00 0.50 350.71
6175 16.38 64.62 205.89 0.40 353.16
6176 18.07 241.00 483.42 0.20 342.83
6177 19.83 426.52 657.15 0.50 344.31
6178 21.49 595.47 709.27 0.60 337.52
6179 22.45 580.81 376.07 0.90 346.20
6180 23.01 562.68 280.47 2.81 347.02
6181 23.28 526.32 205.78 3.21 349.51
6182 23.44 514.11 190.60 5.01 354.35
6183 23.36 436.39 213.22 6.12 360.43
6184 22.63 250.44 64.59 6.52 369.10
6185 21.69 150.66 24.25 8.62 369.76
6186 20.68 54.05 14.99 7.12 371.36
6187 20.04 3.39 0.00 3.51 368.42
6188 19.39 0.00 0.00 3.51 366.92
6189 18.75 0.00 0.00 4.41 360.21
6190 18.10 0.00 0.00 7.12 357.93
6191 17.46 0.00 0.00 7.12 352.42
6192 16.82 0.00 0.00 11.03 350.95
6193 16.49 0.00 0.00 12.03 350.67
6194 16.14 0.00 0.00 14.44 350.16
6195 15.79 0.00 0.00 12.03 350.03
6196 15.60 0.00 0.00 10.03 345.50
6197 15.41 0.00 0.00 10.03 344.49
6198 15.27 0.00 0.00 9.63 343.61
6199 16.41 51.85 64.04 8.22 346.97
6200 17.75 172.78 126.56 8.62 345.71
6201 18.61 231.45 67.36 8.02 353.12
6202 20.45 484.28 355.35 7.72 338.79
6203 21.00 363.52 83.47 5.01 350.47
6204 21.99 532.81 254.07 5.31 342.54
6205 23.44 746.25 665.46 5.52 331.62
6206 24.44 720.10 736.07 6.22 331.72
6207 24.55 464.25 289.64 5.52 344.21
6208 24.46 403.97 453.29 7.12 342.50
6209 23.71 218.18 285.63 4.41 349.87
6210 22.54 54.26 27.34 3.81 364.15
6211 21.93 2.79 0.00 1.80 359.79
6212 21.31 0.00 0.00 0.90 361.69
6213 20.76 0.00 0.00 1.20 358.93
6214 20.17 0.00 0.00 1.20 355.61
6215 19.58 0.00 0.00 1.50 356.78
6216 18.99 0.00 0.00 1.20 359.66
6217 18.53 0.00 0.00 2.01 355.88
6218 18.03 0.00 0.00 1.50 355.16
6219 17.53 0.00 0.00 1.80 355.13
6220 17.25 0.00 0.00 3.01 352.51
6221 16.98 0.00 0.00 3.01 352.89
6222 16.79 0.00 0.00 3.21 359.34
6223 17.92 52.92 79.43 3.21 359.87
6224 19.37 188.19 269.44 5.01 356.06
6225 21.01 348.36 385.89 6.52 355.53
6226 22.61 490.62 425.30 7.72 355.26
6227 24.24 630.68 590.43 9.12 354.91
6228 25.48 677.31 546.85 8.62 357.18
6229 26.41 693.60 599.43 10.63 356.49
6230 26.77 576.98 379.06 9.12 364.23
6231 26.93 539.94 556.32 8.62 362.70
6232 26.76 433.36 632.36 7.72 358.78
6233 25.92 239.15 453.22 7.12 363.61
6234 24.69 80.30 220.78 8.02 370.27
6235 23.87 2.44 0.00 7.12 366.47
6236 23.06 0.00 0.00 7.12 368.07
6237 22.24 0.00 0.00 7.12 369.66
6238 21.43 0.00 0.00 5.31 362.99
6239 20.67 0.00 0.00 5.82 363.17
6240 19.89 0.00 0.00 5.01 363.62
6241 19.31 0.00 0.00 2.41 364.73
6242 18.69 0.00 0.00 2.81 364.77
6243 18.07 0.00 0.00 4.11 362.79
6244 17.74 0.00 0.00 6.12 364.03
6245 17.40 0.00 0.00 5.82 362.91
6246 17.16 0.00 0.00 5.82 363.19
6247 18.49 63.86 213.51 4.11 369.07
6248 20.07 216.22 449.19 5.01 367.59
6249 21.84 395.69 613.23 6.52 363.48
6250 23.62 552.77 673.23 5.52 356.95
6251 25.21 671.21 727.67 6.22 358.16
6252 26.50 739.70 761.85 5.82 359.06
6253 27.39 732.18 723.18 3.21 359.24
6254 27.88 676.96 695.93 2.81 362.35
6255 27.95 551.71 636.53 3.51 367.83
6256 27.50 405.50 570.85 3.51 368.76
6257 26.53 230.93 424.78 5.52 367.57
6258 25.22 78.89 252.88 6.22 372.02
6259 24.33 1.84 0.00 5.52 368.81
6260 23.43 0.00 0.00 5.01 373.36
6261 22.53 0.00 0.00 4.11 371.95
6262 21.63 0.00 0.00 3.21 369.81
6263 20.78 0.00 0.00 2.81 371.14
6264 19.92 0.00 0.00 3.01 368.03
6265 19.27 0.00 0.00 2.31 366.39
6266 18.55 0.00 0.00 2.31 361.42
6267 17.82 0.00 0.00 2.41 361.24
6268 17.42 0.00 0.00 1.60 360.77
6269 17.02 0.00 0.00 2.41 358.40
6270 16.73 0.00 0.00 1.80 355.73
6271 17.50 39.23 19.58 1.60 355.74
6272 18.53 142.27 78.27 0.40 354.69
6273 20.23 337.53 322.61 0.60 348.60
6274 22.09 533.25 584.14 0.60 339.29
6275 22.86 451.71 166.02 0.90 352.36
6276 23.23 421.84 81.83 1.80 356.11
6277 23.35 380.03 46.18 1.80 357.24
6278 23.66 471.12 185.43 0.70 349.97
6279 23.62 361.30 127.65 2.01 357.62
6280 23.63 390.68 457.51 2.01 348.34
6281 23.24 261.26 495.55 2.01 346.45
6282 22.33 86.18 249.54 1.20 352.70
6283 21.60 1.93 0.00 0.60 349.51
6284 20.91 0.00 0.00 0.40 353.74
6285 20.20 0.00 0.00 0.40 350.42
6286 19.49 0.00 0.00 0.20 349.18
6287 18.78 0.00 0.00 0.70 344.60
6288 18.07 0.00 0.00 0.90 343.19
6289 17.73 0.00 0.00 0.20 345.14
6290 17.37 0.00 0.00 0.10 348.54
6291 17.01 0.00 0.00 0.10 350.56
6292 16.82 0.00 0.00 0.10 352.67
6293 16.63 0.00 0.00 0.10 355.17
6294 16.49 0.00 0.00 0.10 356.92
6295 17.71 54.61 143.94 0.60 357.81
6296 18.79 152.18 112.18 0.40 362.62
6297 20.00 267.47 108.76 0.20 360.78
6298 21.51 432.34 277.36 0.60 353.60
6299 22.62 467.49 194.47 0.50 356.90
6300 24.01 632.81 435.69 0.40 353.98
6301 25.19 691.94 625.49 0.20 354.80
6302 25.93 642.26 619.46 0.10 354.18
6303 26.21 534.10 593.08 0.40 356.06
6304 26.04 392.43 551.03 1.60 359.60
6305 25.38 252.04 515.30 2.31 356.98
6306 24.25 81.12 262.58 3.01 360.04
6307 23.50 1.21 0.00 1.60 358.44
6308 22.75 0.00 0.00 0.90 363.28
6309 21.99 0.00 0.00 0.60 362.76
6310 21.24 0.00 0.00 0.10 362.53
6311 20.55 0.00 0.00 0.20 357.63
6312 19.83 0.00 0.00 0.90 358.53
6313 19.20 0.00 0.00 2.31 355.36
6314 18.57 0.00 0.00 0.70 354.48
6315 17.93 0.00 0.00 0.70 352.18
6316 17.61 0.00 0.00 1.40 349.98
6317 17.29 0.00 0.00 1.20 349.21
6318 17.07 0.00 0.00 2.31 348.82
6319 17.96 48.90 143.77 2.31 353.15
6320 19.19 183.04 290.41 2.01 352.84
6321 20.27 293.15 160.18 1.80 356.51
6322 21.09 364.34 162.70 2.31 358.96
6323 22.79 667.61 677.02 2.61 345.81
6324 24.00 692.33 601.92 2.31 351.44
6325 24.74 647.81 524.02 1.40 358.62
6326 25.22 615.92 526.89 2.61 360.71
6327 24.79 324.06 92.99 2.61 373.81
6328 23.92 165.03 6.02 3.01 383.25
6329 22.92 68.71 0.00 1.40 387.29
6330 21.94 17.56 0.00 0.20 388.23
6331 21.37 0.00 0.00 0.50 385.94
6332 20.85 0.00 0.00 0.20 384.99
6333 20.30 0.00 0.00 0.20 379.20
6334 19.75 0.00 0.00 0.00 377.51
6335 19.21 0.00 0.00 0.00 373.22
6336 18.66 0.00 0.00 0.10 367.72
6337 18.17 0.00 0.00 0.10 363.27
6338 17.63 0.00 0.00 0.30 358.89
6339 17.10 0.00 0.00 1.00 353.74
6340 16.81 0.00 0.00 0.70 350.00
6341 16.53 0.00 0.00 0.50 350.03
6342 16.32 0.00 0.00 0.30 348.89
6343 17.66 66.52 332.91 0.40 353.41
6344 19.43 241.93 616.34 0.50 353.98
6345 21.34 440.23 773.43 0.40 352.99
6346 22.83 532.89 584.06 0.50 354.07
6347 23.88 573.47 425.20 0.60 359.07
6348 25.41 807.95 665.23 1.00 351.81
6349 24.18 59.31 0.00 0.90 399.76
6350 25.11 749.00 625.83 0.40 349.71
6351 25.38 564.28 613.36 0.70 357.96
6352 24.35 181.96 51.97 0.50 387.25
6353 23.64 221.68 379.37 0.20 368.21
6354 22.60 79.63 317.20 0.30 369.08
6355 21.90 0.00 0.00 0.10 370.98
6356 21.20 0.00 0.00 0.00 369.09
6357 20.56 0.00 0.00 0.00 368.43
6358 19.89 0.00 0.00 0.20 362.52
6359 19.22 0.00 0.00 0.30 359.67
6360 18.54 0.00 0.00 0.50 355.05
6361 18.07 0.00 0.00 0.30 352.78
6362 17.58 0.00 0.00 0.90 355.09
6363 17.09 0.00 0.00 1.00 351.74
6364 16.83 0.00 0.00 1.80 353.55
6365 16.58 0.00 0.00 1.80 354.57
6366 16.40 0.00 0.00 1.60 355.56
6367 17.51 51.92 215.55 1.00 361.71
6368 19.54 240.47 646.38 0.40 348.09
6369 21.58 432.81 846.21 0.70 349.92
6370 23.55 591.84 893.91 0.50 348.78
6371 25.23 702.77 900.82 0.70 350.39
6372 26.56 761.03 901.01 1.20 351.22
6373 27.51 761.26 897.12 0.50 353.89
6374 28.04 701.67 884.39 0.20 358.51
6375 28.17 588.63 862.26 0.10 358.85
6376 27.74 431.89 809.92 0.10 359.29
6377 26.73 245.56 663.02 0.10 364.38
6378 25.32 72.56 352.91 0.30 364.58
6379 24.23 0.00 0.00 0.40 371.20
6380 23.14 0.00 0.00 0.50 368.64
6381 22.05 0.00 0.00 0.20 366.07
6382 21.01 0.00 0.00 0.10 362.14
6383 19.96 0.00 0.00 0.10 358.74
6384 18.92 0.00 0.00 0.20 353.70
6385 17.98 0.00 0.00 0.30 351.28
6386 16.95 0.00 0.00 0.20 344.90
6387 15.93 0.00 0.00 0.40 343.81
6388 15.37 0.00 0.00 0.60 341.74
6389 14.82 0.00 0.00 0.60 341.44
6390 14.42 0.00 0.00 0.70 339.91
6391 15.33 66.42 301.09 0.70 339.36
6392 16.35 213.51 427.03 0.40 344.35
6393 17.68 421.95 751.06 0.30 341.97
6394 18.99 605.63 835.66 0.40 341.40
6395 19.98 686.12 756.52 0.20 346.80
6396 20.30 561.26 278.98 0.20 361.96
6397 19.81 315.73 40.11 0.50 376.11
6398 20.08 519.13 288.80 0.90 357.35
6399 18.92 47.61 0.00 0.30 389.08
6400 18.08 87.87 0.00 0.40 378.27
6401 17.22 19.40 0.00 0.60 381.69
6402 16.48 16.99 0.00 1.60 375.30
6403 16.58 0.00 0.00 2.31 376.45
6404 16.67 0.00 0.00 2.81 375.26
6405 16.76 0.00 0.00 3.21 374.78
6406 16.85 0.00 0.00 2.01 376.52
6407 16.91 0.00 0.00 3.01 378.03
6408 16.88 0.00 0.00 3.81 378.68
6409 17.00 0.00 0.00 3.81 384.23
6410 15.85 0.00 0.00 3.01 376.49
6411 17.72 0.00 0.00 3.81 381.29
6412 17.52 0.00 0.00 1.50 380.50
6413 18.05 0.00 0.00 1.20 384.16
6414 18.63 0.00 0.00 1.80 388.10
6415 18.98 4.91 0.00 1.60 387.50
6416 19.33 19.65 0.00 1.80 388.87
6417 19.61 35.78 0.00 2.81 390.09
6418 19.67 49.72 0.00 2.31 393.45
6419 20.20 59.79 0.00 0.90 393.34
6420 20.46 65.10 0.00 1.60 394.83
6421 20.64 65.24 0.00 3.81 395.96
6422 22.20 453.55 203.49 4.61 375.63
6423 23.48 454.69 383.88 4.41 360.55
6424 24.11 315.56 330.15 5.01 365.81
6425 24.24 171.88 259.91 7.72 368.05
6426 23.79 37.47 32.57 5.82 391.47
6427 23.35 0.00 0.00 3.21 395.55
6428 23.13 0.00 0.00 3.01 393.45
6429 22.67 0.00 0.00 1.60 389.93
6430 22.41 0.00 0.00 1.40 387.61
6431 22.13 0.00 0.00 1.00 385.18
6432 21.89 0.00 0.00 0.70 386.18
6433 21.18 0.00 0.00 0.40 381.17
6434 20.54 0.00 0.00 0.20 379.41
6435 19.86 0.00 0.00 0.40 380.75
6436 19.52 0.00 0.00 0.90 377.97
6437 19.18 0.00 0.00 1.80 375.19
6438 18.95 0.00 0.00 1.50 373.11
6439 19.71 48.51 204.97 3.01 376.83
6440 21.38 266.87 639.47 2.41 363.94
6441 22.75 411.06 679.48 4.11 369.42
6442 23.49 424.08 283.58 2.41 374.44
6443 24.56 616.77 580.89 2.01 360.80
6444 25.04 529.12 260.43 1.50 371.35
6445 24.44 410.73 100.86 1.20 391.42
6446 23.99 126.94 0.00 1.50 414.60
6447 23.23 51.56 0.00 1.00 411.87
6448 22.72 155.63 7.82 1.80 394.90
6449 22.33 115.64 29.49 3.21 389.07
6450 21.79 36.23 48.91 1.60 386.53
6451 21.14 0.00 0.00 3.51 382.05
6452 20.55 0.00 0.00 3.51 378.00
6453 19.92 0.00 0.00 3.01 373.73
6454 19.30 0.00 0.00 3.21 370.94
6455 18.67 0.00 0.00 3.21 367.54
6456 18.04 0.00 0.00 4.41 365.46
6457 17.40 0.00 0.00 2.31 362.05
6458 16.71 0.00 0.00 0.90 358.53
6459 16.02 0.00 0.00 1.60 354.56
6460 15.65 0.00 0.00 1.50 350.66
6461 15.28 0.00 0.00 0.60 347.63
6462 15.02 0.00 0.00 0.90 341.43
6463 15.90 43.90 117.83 0.20 345.94
6464 17.92 239.47 615.42 0.00 339.68
6465 19.94 435.78 882.89 0.00 339.95
6466 21.81 604.42 946.36 0.30 338.11
6467 23.50 726.64 973.87 0.60 335.40
6468 24.85 790.41 985.20 0.60 338.65
6469 25.80 791.19 985.64 1.40 338.35
6470 26.33 727.96 974.30 1.20 340.16
6471 26.43 607.81 948.55 0.70 337.99
6472 25.95 438.76 885.22 1.60 341.98
6473 24.89 243.15 621.12 1.80 347.12
6474 23.37 44.69 120.43 1.00 362.68
6475 22.51 0.00 0.00 0.60 366.49
6476 21.64 0.00 0.00 0.90 363.46
6477 20.83 0.00 0.00 0.70 363.93
6478 20.01 0.00 0.00 0.70 364.41
6479 19.18 0.00 0.00 0.10 364.83
6480 18.35 0.00 0.00 0.20 363.81
6481 17.76 0.00 0.00 0.90 355.88
6482 17.16 0.00 0.00 0.60 356.50
6483 16.56 0.00 0.00 0.90 353.45
6484 16.25 0.00 0.00 0.70 354.29
6485 15.95 0.00 0.00 1.20 350.62
6486 15.74 0.00 0.00 2.31 350.54
6487 16.26 33.32 40.91 3.51 351.05
6488 17.45 182.94 401.61 2.81 351.19
6489 18.76 353.61 486.99 2.61 346.34
6490 20.32 580.24 716.58 1.80 335.76
6491 20.84 451.19 220.11 1.50 356.29
6492 20.68 360.26 48.06 1.40 377.21
6493 19.99 383.79 76.93 2.81 375.21
6494 20.44 207.60 5.88 3.01 383.24
6495 19.45 86.44 0.00 6.12 388.70
6496 19.14 71.51 0.00 5.01 382.99
6497 18.78 107.60 37.08 4.41 368.77
6498 18.31 35.43 61.75 4.61 365.12
6499 17.88 0.00 0.00 7.12 362.81
6500 17.44 0.00 0.00 3.81 359.60
6501 17.01 0.00 0.00 4.61 354.94
6502 16.50 0.00 0.00 3.81 352.22
6503 16.11 0.00 0.00 2.81 350.28
6504 15.70 0.00 0.00 1.60 351.04
6505 15.34 0.00 0.00 0.50 353.12
6506 14.93 0.00 0.00 1.20 349.96
6507 14.52 0.00 0.00 0.90 346.76
6508 14.30 0.00 0.00 0.70 344.62
6509 14.08 0.00 0.00 1.20 342.49
6510 13.91 0.00 0.00 1.20 340.72
6511 14.75 40.52 132.44 0.90 342.42
6512 16.17 175.66 364.73 0.10 344.38
6513 17.81 340.54 486.86 0.50 341.17
6514 19.51 506.90 655.78 0.70 334.83
6515 20.92 601.17 642.47 2.01 338.84
6516 22.07 662.78 667.92 2.01 341.79
6517 22.97 676.87 717.37 1.50 339.11
6518 23.46 617.52 702.28 0.70 339.35
6519 23.56 508.32 678.34 2.61 344.13
6520 23.13 359.26 597.90 1.80 349.52
6521 22.16 183.63 436.61 2.41 349.11
6522 20.94 39.32 134.95 3.81 348.40
6523 20.51 0.00 0.00 2.61 352.62
6524 20.08 0.00 0.00 3.01 350.23
6525 19.65 0.00 0.00 3.51 348.33
6526 19.22 0.00 0.00 2.31 353.17
6527 18.79 0.00 0.00 2.01 350.09
6528 18.36 0.00 0.00 2.81 347.63
6529 18.13 0.00 0.00 1.60 345.15
6530 17.92 0.00 0.00 2.31 347.05
6531 17.72 0.00 0.00 4.61 349.45
6532 17.63 0.00 0.00 3.51 351.99
6533 17.55 0.00 0.00 2.31 354.06
6534 17.50 0.00 0.00 1.80 353.64
6535 18.36 37.59 105.79 1.20 353.97
6536 19.80 165.56 320.30 2.01 356.47
6537 21.46 328.59 465.09 2.81 351.29
6538 23.01 441.15 406.26 2.41 350.13
6539 24.09 470.88 238.84 1.80 355.23
6540 25.07 537.72 311.10 2.01 352.86
6541 26.12 638.76 565.45 3.01 348.91
6542 26.68 559.34 529.46 2.81 351.53
6543 26.90 468.72 538.47 2.01 350.92
6544 26.61 320.96 428.27 0.90 352.35
6545 25.77 147.89 186.66 1.20 362.37
6546 24.68 29.24 21.68 0.60 358.74
6547 23.49 0.00 0.00 0.90 357.77
6548 22.30 0.00 0.00 1.60 354.98
6549 21.11 0.00 0.00 1.50 353.09
6550 20.01 0.00 0.00 1.00 349.19
6551 18.57 0.00 0.00 0.40 345.64
6552 17.12 0.00 0.00 0.00 337.37
6553 15.42 0.00 0.00 0.10 343.14
6554 13.98 0.00 0.00 0.30 337.58
6555 12.58 0.00 0.00 0.60 328.92
6556 11.58 0.00 0.00 0.50 322.56
6557 10.58 0.00 0.00 0.30 316.27
6558 9.86 0.00 0.00 0.40 311.54
6559 10.70 38.12 92.49 0.20 315.31
6560 12.85 214.66 669.87 0.40 326.36
6561 14.85 397.74 820.34 1.10 330.93
6562 16.80 561.61 899.24 2.51 327.22
6563 18.49 679.18 930.09 3.11 329.65
6564 19.80 736.36 934.53 1.30 329.99
6565 20.67 731.09 925.10 0.80 332.95
6566 21.05 664.84 902.82 0.80 332.65
6567 21.02 549.53 877.90 1.50 331.54
6568 20.40 388.39 804.00 3.71 331.11
6569 19.14 203.69 639.94 2.51 333.87
6570 17.47 33.98 66.08 1.50 329.56
6571 16.35 0.00 0.00 1.10 331.45
6572 15.23 0.00 0.00 0.60 326.95
6573 14.10 0.00 0.00 0.40 322.11
6574 12.98 0.00 0.00 0.60 317.29
6575 11.86 0.00 0.00 0.40 312.89
6576 10.65 0.00 0.00 1.10 309.03
6577 10.25 0.00 0.00 2.01 310.70
6578 9.83 0.00 0.00 1.10 308.54
6579 9.41 0.00 0.00 3.11 306.31
6580 9.20 0.00 0.00 3.71 304.40
6581 8.98 0.00 0.00 1.30 302.72
6582 8.83 0.00 0.00 0.70 299.78
6583 9.95 35.67 76.21 0.40 304.18
6584 12.66 206.32 641.68 0.60 312.55
6585 15.30 394.10 820.04 0.40 313.52
6586 17.86 557.75 900.05 0.80 309.19
6587 20.03 666.52 911.73 1.10 311.14
6588 21.77 725.64 921.85 2.91 311.03
6589 23.07 728.26 930.71 3.71 311.18
6590 23.81 666.37 920.36 4.51 315.81
6591 23.95 543.48 876.37 6.02 320.02
6592 23.28 379.43 788.31 5.52 321.17
6593 21.84 192.82 600.63 4.01 325.59
6594 20.00 30.65 54.95 3.41 322.99
6595 19.05 0.00 0.00 1.61 326.00
6596 18.10 0.00 0.00 1.61 323.72
6597 17.15 0.00 0.00 1.81 321.14
6598 16.20 0.00 0.00 1.00 316.02
6599 15.25 0.00 0.00 0.70 317.17
6600 14.30 0.00 0.00 1.30 314.18
6601 13.42 0.00 0.00 1.10 310.04
6602 12.53 0.00 0.00 2.01 310.29
6603 11.52 0.00 0.00 2.91 308.43
6604 10.98 0.00 0.00 1.61 306.46
6605 10.44 0.00 0.00 2.21 303.39
6606 10.06 0.00 0.00 1.61 304.81
6607 11.37 47.05 270.66 1.10 308.20
6608 13.85 229.74 527.21 0.90 316.44
6609 15.46 321.46 420.99 2.51 327.64
6610 17.07 443.49 449.52 1.00 323.70
6611 19.05 630.86 718.80 2.51 318.53
6612 20.01 559.55 370.81 2.01 325.76
6613 20.27 455.53 190.00 1.00 332.57
6614 21.41 739.91 785.86 2.01 312.05
6615 21.69 536.48 742.62 3.71 324.23
6616 20.93 297.56 354.26 2.21 332.78
6617 19.85 177.93 406.02 1.61 330.30
6618 18.30 22.01 0.00 1.10 324.94
6619 17.44 0.00 0.00 2.91 326.06
6620 16.59 0.00 0.00 3.41 323.31
6621 15.74 0.00 0.00 1.61 322.20
6622 14.88 0.00 0.00 0.80 320.04
6623 14.03 0.00 0.00 0.50 319.91
6624 13.18 0.00 0.00 0.70 319.10
6625 12.69 0.00 0.00 1.10 320.43
6626 12.08 0.00 0.00 1.30 320.95
6627 11.46 0.00 0.00 1.10 321.43
6628 11.13 0.00 0.00 1.61 319.52
6629 10.81 0.00 0.00 0.30 321.44
6630 10.58 0.00 0.00 0.80 324.11
6631 11.50 31.21 58.79 0.80 325.24
6632 12.82 119.48 93.92 1.30 332.15
6633 14.59 272.70 193.56 0.60 329.25
6634 16.51 414.97 368.49 0.70 323.89
6635 18.56 574.66 612.89 2.71 322.34
6636 20.14 622.26 605.69 1.81 328.21
6637 21.31 638.83 625.40 2.41 331.08
6638 21.75 510.29 404.36 3.41 335.26
6639 21.67 389.07 323.84 2.51 337.05
6640 21.00 272.39 301.81 1.30 334.60
6641 20.00 156.82 355.53 2.21 331.62
6642 18.61 27.17 37.91 2.71 333.28
6643 17.97 0.00 0.00 1.30 340.51
6644 17.32 0.00 0.00 0.60 338.97
6645 16.68 0.00 0.00 0.40 338.69
6646 16.04 0.00 0.00 0.20 337.67
6647 15.39 0.00 0.00 0.40 336.28
6648 14.75 0.00 0.00 0.40 334.94
6649 14.26 0.00 0.00 1.61 332.47
6650 13.73 0.00 0.00 3.71 332.16
6651 13.20 0.00 0.00 5.02 333.60
6652 12.91 0.00 0.00 5.32 336.16
6653 12.69 0.00 0.00 2.21 337.63
6654 12.47 0.00 0.00 3.11 338.48
6655 13.20 27.09 13.65 1.81 343.28
6656 14.37 107.52 60.30 4.51 347.22
6657 16.12 244.51 134.25 4.51 343.85
6658 17.66 335.87 123.61 1.61 342.09
6659 19.28 455.14 247.32 1.50 340.00
6660 20.59 501.30 275.97 1.81 341.09
6661 21.85 581.16 494.23 1.50 337.55
6662 22.54 508.42 427.30 0.80 341.49
6663 22.76 419.79 386.92 1.50 344.81
6664 22.93 419.06 732.78 1.30 335.79
6665 22.15 209.67 710.87 1.10 340.65
6666 20.76 34.81 123.90 1.30 338.29
6667 20.12 0.00 0.00 2.41 343.74
6668 19.48 0.00 0.00 1.50 342.83
6669 18.83 0.00 0.00 1.30 340.48
6670 18.19 0.00 0.00 0.60 337.82
6671 17.55 0.00 0.00 0.30 339.73
6672 16.91 0.00 0.00 0.20 335.64
6673 16.46 0.00 0.00 0.40 333.88
6674 16.03 0.00 0.00 0.40 337.26
6675 15.60 0.00 0.00 1.10 334.61
6676 15.39 0.00 0.00 3.11 335.68
6677 15.18 0.00 0.00 1.00 332.92
6678 15.04 0.00 0.00 2.41 335.72
6679 15.90 30.37 63.41 2.01 340.07
6680 18.07 185.92 537.21 1.81 346.88
6681 20.51 370.76 729.07 1.81 346.33
6682 22.29 449.13 473.18 3.41 348.32
6683 24.38 618.02 758.36 4.72 345.57
6684 26.15 693.89 816.92 3.71 345.98
6685 27.06 610.05 599.64 4.51 352.22
6686 27.53 548.02 575.08 4.01 352.87
6687 27.80 517.63 789.04 2.71 344.95
6688 27.37 358.53 732.35 1.61 347.90
6689 26.20 173.22 525.48 2.71 355.48
6690 24.63 29.08 94.39 1.81 350.91
6691 23.74 0.00 0.00 2.21 358.61
6692 22.84 0.00 0.00 0.30 357.63
6693 21.95 0.00 0.00 0.60 357.57
6694 21.05 0.00 0.00 0.40 354.36
6695 20.23 0.00 0.00 0.40 351.92
6696 19.37 0.00 0.00 0.80 353.79
6697 18.46 0.00 0.00 1.00 353.51
6698 17.50 0.00 0.00 1.30 353.51
6699 16.53 0.00 0.00 3.71 350.51
6700 16.02 0.00 0.00 4.72 347.69
6701 15.51 0.00 0.00 3.41 346.77
6702 15.16 0.00 0.00 1.81 346.24
6703 15.77 25.34 10.33 1.81 350.22
6704 16.83 109.65 79.77 2.01 354.32
6705 18.40 253.22 166.54 2.21 350.29
6706 19.90 365.23 181.74 2.51 343.98
6707 21.63 528.40 467.99 3.11 337.15
6708 23.36 647.40 669.05 2.71 334.63
6709 24.20 550.99 417.82 2.91 345.09
6710 24.60 484.70 372.44 2.51 344.49
6711 24.80 454.50 522.19 3.11 342.73
6712 23.98 216.30 141.96 4.51 355.29
6713 22.95 134.74 283.83 3.71 349.51
6714 21.63 16.37 0.00 4.01 349.79
6715 20.93 0.00 0.00 4.21 355.50
6716 20.30 0.00 0.00 2.71 353.53
6717 19.63 0.00 0.00 2.71 349.98
6718 18.96 0.00 0.00 3.11 351.21
6719 18.29 0.00 0.00 1.61 351.14
6720 17.62 0.00 0.00 1.30 350.95
6721 17.21 0.00 0.00 1.81 348.78
6722 16.81 0.00 0.00 1.00 347.82
6723 16.40 0.00 0.00 1.50 342.37
6724 16.20 0.00 0.00 2.41 342.13
6725 16.00 0.00 0.00 2.71 341.25
6726 15.86 0.00 0.00 4.72 341.74
6727 16.61 25.17 17.90 2.71 345.44
6728 18.57 157.93 417.23 2.51 349.44
6729 20.45 282.28 358.46 5.52 352.93
6730 21.99 362.21 217.02 5.32 354.95
6731 23.85 508.50 432.07 6.02 352.53
6732 25.21 530.14 369.19 7.22 354.69
6733 25.92 472.70 243.66 6.02 361.28
6734 26.73 541.73 560.45 9.13 353.90
6735 26.97 429.11 532.31 10.43 355.66
6736 26.69 313.83 595.91 14.75 356.46
6737 25.69 151.46 466.77 10.43 358.87
6738 24.28 18.84 0.00 9.13 355.24
6739 23.13 0.00 0.00 8.43 360.24
6740 21.97 0.00 0.00 11.24 359.32
6741 20.82 0.00 0.00 7.02 355.92
6742 19.75 0.00 0.00 3.41 350.14
6743 18.65 0.00 0.00 6.02 347.89
6744 17.54 0.00 0.00 7.02 343.22
6745 16.41 0.00 0.00 4.72 343.77
6746 15.21 0.00 0.00 5.32 340.58
6747 14.01 0.00 0.00 5.02 336.65
6748 13.38 0.00 0.00 3.11 332.48
6749 12.82 0.00 0.00 2.71 331.29
6750 12.34 0.00 0.00 2.71 329.66
6751 12.87 23.70 7.56 1.00 329.89
6752 14.22 151.35 345.72 1.00 330.65
6753 15.80 298.81 448.38 1.50 332.20
6754 17.67 488.30 708.61 1.00 319.04
6755 19.16 572.50 685.95 2.21 321.68
6756 20.35 628.88 719.41 4.21 323.54
6757 21.08 608.72 644.34 4.51 331.70
6758 21.38 518.91 495.15 5.32 335.86
6759 21.02 348.83 243.16 4.01 339.74
6760 19.88 125.59 1.01 3.41 357.18
6761 18.50 12.82 0.00 6.02 369.48
6762 17.32 8.11 0.00 4.51 370.23
6763 16.83 0.00 0.00 4.21 371.53
6764 16.35 0.00 0.00 3.41 365.53
6765 15.86 0.00 0.00 3.41 361.02
6766 15.37 0.00 0.00 2.71 358.53
6767 14.88 0.00 0.00 2.41 353.86
6768 14.39 0.00 0.00 3.11 350.65
6769 14.22 0.00 0.00 2.91 350.37
6770 14.05 0.00 0.00 3.41 347.21
6771 13.88 0.00 0.00 4.01 342.28
6772 13.80 0.00 0.00 4.21 339.21
6773 13.71 0.00 0.00 2.91 335.07
6774 13.65 0.00 0.00 2.21 334.24
6775 14.23 18.45 0.00 3.11 335.79
6776 16.10 136.88 297.96 4.51 339.27
6777 17.90 249.29 212.48 5.02 338.32
6778 18.97 271.00 73.18 4.01 345.46
6779 19.81 302.71 35.22 4.21 353.16
6780 20.44 315.21 29.01 3.11 353.66
6781 20.94 336.60 41.36 6.62 352.46
6782 21.40 345.47 112.91 5.02 356.49
6783 22.07 429.18 479.14 4.21 343.89
6784 22.40 368.82 767.91 2.91 337.17
6785 21.85 169.98 610.77 2.41 341.30
6786 20.75 22.15 36.30 1.81 341.21
6787 20.02 0.00 0.00 0.20 347.17
6788 19.29 0.00 0.00 0.30 348.52
6789 18.56 0.00 0.00 0.30 351.34
6790 17.83 0.00 0.00 0.40 351.20
6791 17.10 0.00 0.00 0.20 352.06
6792 16.36 0.00 0.00 1.00 351.80
6793 15.64 0.00 0.00 0.50 349.76
6794 14.88 0.00 0.00 0.30 349.62
6795 14.13 0.00 0.00 0.40 350.64
6796 13.73 0.00 0.00 0.80 349.81
6797 13.34 0.00 0.00 0.60 353.15
6798 13.07 0.00 0.00 0.70 355.98
6799 13.54 17.81 0.00 1.00 360.73
6800 13.48 15.87 0.00 1.10 364.78
6801 14.81 161.55 35.89 2.51 352.66
6802 16.41 294.49 108.24 2.01 347.01
6803 17.90 392.79 167.33 2.01 350.34
6804 19.44 508.23 329.92 1.81 347.43
6805 20.71 554.87 474.72 1.00 343.54
6806 21.89 618.86 783.62 1.50 340.98
6807 22.43 497.14 885.04 1.10 344.01
6808 22.36 332.27 781.19 2.01 346.97
6809 21.47 150.70 564.15 1.50 351.53
6810 20.24 18.34 0.00 2.01 350.99
6811 19.66 0.00 0.00 1.61 353.13
6812 19.08 0.00 0.00 1.00 351.97
6813 18.50 0.00 0.00 2.21 351.68
6814 17.92 0.00 0.00 4.72 350.61
6815 17.34 0.00 0.00 5.52 348.00
6816 16.76 0.00 0.00 4.72 351.67
6817 16.33 0.00 0.00 6.02 349.73
6818 15.88 0.00 0.00 4.51 347.52
6819 15.42 0.00 0.00 7.42 343.80
6820 15.19 0.00 0.00 6.62 342.85
6821 14.95 0.00 0.00 2.91 340.66
6822 14.78 0.00 0.00 3.71 340.75
6823 15.35 20.10 0.00 4.72 342.53
6824 16.99 132.49 237.75 7.42 347.89
6825 19.60 343.82 576.86 11.84 342.80
6826 21.25 394.59 363.78 12.74 348.18
6827 23.04 516.63 547.78 9.73 348.83
6828 24.41 553.58 498.22 10.43 354.87
6829 25.70 625.79 691.05 6.02 352.27
6830 26.68 628.32 853.13 6.02 349.49
6831 26.95 488.18 842.54 5.32 354.27
6832 26.63 354.70 842.73 4.51 354.79
6833 25.43 159.36 641.46 4.01 357.22
6834 23.81 17.98 0.00 2.91 357.02
6835 23.09 0.00 0.00 2.41 362.63
6836 22.37 0.00 0.00 1.61 364.22
6837 21.66 0.00 0.00 1.00 361.37
6838 20.94 0.00 0.00 1.10 360.94
6839 20.29 0.00 0.00 1.00 361.34
6840 19.61 0.00 0.00 3.41 362.51
6841 19.03 0.00 0.00 3.11 362.15
6842 18.39 0.00 0.00 2.91 360.53
6843 17.75 0.00 0.00 6.02 359.36
6844 17.40 0.00 0.00 2.91 357.72
6845 17.05 0.00 0.00 2.41 358.73
6846 16.79 0.00 0.00 1.10 362.15
6847 16.90 6.41 0.00 1.00 363.53
6848 18.02 97.76 55.93 1.30 368.30
6849 19.23 199.58 101.95 1.10 363.03
6850 18.97 112.85 0.00 1.30 387.75
6851 19.74 219.20 11.36 1.00 381.01
6852 20.30 281.94 43.79 0.60 379.08
6853 19.98 61.82 0.00 0.70 396.84
6854 20.82 419.48 296.20 0.40 368.07
6855 20.90 237.66 44.56 0.10 378.13
6856 20.63 126.87 8.50 0.10 383.35
6857 20.25 97.81 171.98 0.10 375.31
6858 19.98 7.63 0.00 0.10 376.31
6859 19.71 0.00 0.00 0.00 376.71
6860 19.44 0.00 0.00 0.00 376.25
6861 19.17 0.00 0.00 0.20 375.28
6862 18.90 0.00 0.00 0.20 373.38
6863 18.63 0.00 0.00 0.00 370.66
6864 18.36 0.00 0.00 0.10 369.99
6865 17.75 0.00 0.00 0.10 375.96
6866 18.22 0.00 0.00 0.10 376.10
6867 18.04 0.00 0.00 0.60 376.35
6868 18.44 0.00 0.00 1.00 377.19
6869 16.62 0.00 0.00 1.30 376.94
6870 17.70 0.00 0.00 1.61 380.31
6871 18.69 4.02 0.00 1.81 383.16
6872 19.12 22.77 0.00 1.50 389.13
6873 19.58 54.93 0.00 1.50 386.95
6874 20.01 77.57 0.00 1.30 389.22
6875 20.48 111.46 0.00 1.81 390.41
6876 20.82 124.75 0.00 2.01 392.06
6877 21.20 136.50 0.00 1.10 380.34
6878 21.37 122.77 0.00 0.60 394.12
6879 21.42 86.94 0.00 1.30 396.50
6880 21.22 65.61 0.00 1.30 394.77
6881 21.05 27.60 0.00 1.00 395.49
6882 20.81 2.63 0.00 1.00 392.54
6883 20.58 0.00 0.00 0.80 389.73
6884 19.92 0.00 0.00 0.20 387.31
6885 19.80 0.00 0.00 0.20 385.45
6886 19.65 0.00 0.00 0.30 382.85
6887 19.35 0.00 0.00 0.10 382.66
6888 18.83 0.00 0.00 0.00 381.55
6889 18.57 0.00 0.00 0.00 377.65
6890 18.00 0.00 0.00 0.00 374.77
6891 17.42 0.00 0.00 0.10 370.74
6892 17.13 0.00 0.00 0.10 367.70
6893 16.83 0.00 0.00 0.10 364.55
6894 16.63 0.00 0.00 0.40 361.95
6895 16.99 14.20 0.00 1.00 362.69
6896 18.37 117.10 221.72 0.80 362.90
6897 20.32 284.82 442.43 1.81 362.17
6898 21.91 376.06 341.08 2.71 370.20
6899 23.84 542.73 608.56 2.21 357.55
6900 25.10 537.55 463.23 2.01 363.88
6901 26.34 625.03 772.44 2.51 362.58
6902 27.12 583.17 859.96 2.21 361.53
6903 27.38 472.51 875.51 3.41 362.72
6904 26.94 308.13 759.10 3.71 368.79
6905 25.81 130.71 525.31 2.91 376.69
6906 25.14 11.66 0.00 2.91 380.47
6907 24.48 0.00 0.00 1.61 384.14
6908 23.81 0.00 0.00 2.91 384.65
6909 23.15 0.00 0.00 3.41 383.81
6910 22.48 0.00 0.00 2.71 385.66
6911 21.81 0.00 0.00 2.91 385.79
6912 21.15 0.00 0.00 1.81 385.38
6913 20.63 0.00 0.00 3.11 383.59
6914 20.07 0.00 0.00 4.21 385.07
6915 19.51 0.00 0.00 4.21 386.53
6916 19.23 0.00 0.00 4.01 390.08
6917 18.95 0.00 0.00 4.72 392.52
6918 18.77 0.00 0.00 5.02 393.66
6919 18.73 1.93 0.00 5.52 393.47
6920 18.26 17.69 0.00 7.42 393.77
6921 18.96 34.80 0.00 7.93 397.80
6922 19.28 48.81 0.00 3.41 398.74
6923 19.58 60.65 0.00 3.11 400.34
6924 19.77 71.52 0.00 2.71 398.50
6925 19.78 55.17 0.00 2.41 398.79
6926 21.15 456.54 368.23 1.10 365.50
6927 21.97 368.00 413.91 2.01 363.21
6928 22.30 245.29 383.88 3.41 365.54
6929 22.16 104.19 298.73 7.72 371.44
6930 21.68 6.59 0.00 7.72 375.53
6931 21.19 0.00 0.00 5.32 372.43
6932 20.75 0.00 0.00 5.02 369.81
6933 20.29 0.00 0.00 7.02 366.97
6934 19.82 0.00 0.00 6.02 367.05
6935 19.36 0.00 0.00 6.62 366.74
6936 18.89 0.00 0.00 6.62 366.12
6937 18.44 0.00 0.00 4.72 370.18
6938 18.03 0.00 0.00 3.41 369.91
6939 17.61 0.00 0.00 7.02 370.19
6940 17.41 0.00 0.00 6.02 372.84
6941 17.22 0.00 0.00 3.41 370.85
6942 17.10 0.00 0.00 4.51 369.42
6943 17.27 9.03 0.00 5.32 372.29
6944 18.12 58.33 0.00 3.11 373.14
6945 18.17 38.72 0.00 3.11 382.58
6946 18.29 43.54 0.00 4.51 382.19
6947 18.70 105.91 0.00 5.32 380.00
6948 19.41 195.18 7.19 5.02 372.32
6949 20.73 393.22 172.65 4.51 358.99
6950 21.90 441.99 349.22 2.51 352.74
6951 22.41 305.49 193.10 3.41 363.07
6952 22.74 275.21 512.91 4.21 355.05
6953 22.43 112.67 428.64 3.11 364.28
6954 21.61 6.19 0.00 1.61 359.79
6955 20.83 0.00 0.00 1.81 356.78
6956 20.05 0.00 0.00 2.21 356.67
6957 19.26 0.00 0.00 0.60 356.13
6958 18.48 0.00 0.00 0.30 354.12
6959 17.69 0.00 0.00 0.10 350.85
6960 16.91 0.00 0.00 0.20 347.28
6961 15.69 0.00 0.00 0.60 343.90
6962 14.37 0.00 0.00 1.10 343.68
6963 13.04 0.00 0.00 1.50 339.45
6964 12.37 0.00 0.00 1.30 337.64
6965 11.60 0.00 0.00 0.70 339.05
6966 11.06 0.00 0.00 0.90 338.09
6967 11.19 9.93 0.00 0.50 339.64
6968 11.62 55.43 0.00 0.60 343.35
6969 12.45 148.97 25.20 0.90 340.14
6970 13.47 280.93 118.70 1.10 332.77
6971 14.18 304.67 76.59 0.90 335.40
6972 14.83 360.76 116.01 1.00 333.95
6973 14.88 241.45 26.24 2.41 343.49
6974 15.26 374.85 183.79 2.51 332.66
6975 15.43 331.40 321.43 2.01 331.06
6976 15.19 195.72 147.64 0.80 336.09
6977 14.57 80.29 105.49 1.50 342.17
6978 14.04 8.34 0.00 2.01 339.05
6979 13.51 0.00 0.00 6.02 337.98
6980 12.99 0.00 0.00 3.41 337.87
6981 12.51 0.00 0.00 3.71 337.47
6982 11.94 0.00 0.00 2.91 332.68
6983 11.38 0.00 0.00 2.41 330.63
6984 10.82 0.00 0.00 2.01 328.34
6985 10.78 0.00 0.00 1.81 330.47
6986 10.80 0.00 0.00 1.00 331.97
6987 10.82 0.00 0.00 0.80 331.97
6988 10.85 0.00 0.00 0.80 331.78
6989 10.88 0.00 0.00 0.40 329.11
6990 10.92 0.00 0.00 0.20 328.42
6991 10.96 9.70 0.00 0.60 328.76
6992 13.48 84.42 76.96 1.30 331.50
6993 12.98 45.72 0.00 1.81 343.38
6994 13.48 112.90 0.00 3.11 343.40
6995 14.47 212.53 14.60 2.91 338.56
6996 16.65 487.01 340.47 4.01 320.44
6997 17.24 303.64 79.03 3.11 332.46
6998 18.54 513.23 571.12 2.71 313.55
6999 19.48 501.30 824.42 3.71 306.96
7000 19.65 321.19 818.69 4.21 312.72
7001 18.92 127.93 597.41 4.51 319.29
7002 18.25 7.13 0.00 5.32 318.18
7003 17.58 0.00 0.00 4.51 320.37
7004 16.92 0.00 0.00 2.91 318.48
7005 16.25 0.00 0.00 1.30 316.32
7006 15.58 0.00 0.00 0.30 310.95
7007 14.91 0.00 0.00 0.10 309.98
7008 14.24 0.00 0.00 0.10 309.67
7009 13.38 0.00 0.00 0.90 312.77
7010 12.42 0.00 0.00 0.60 309.39
7011 11.36 0.00 0.00 1.30 306.69
7012 10.75 0.00 0.00 2.01 307.55
7013 10.15 0.00 0.00 0.90 308.24
7014 9.70 0.00 0.00 0.30 306.42
7015 9.25 14.07 0.00 0.10 308.35
7016 11.15 102.92 147.93 0.30 316.08
7017 10.97 99.34 0.00 0.20 330.26
7018 12.77 395.23 442.83 0.20 311.64
7019 13.69 440.61 392.98 1.10 310.55
7020 14.37 477.92 381.37 0.50 310.99
7021 14.83 496.24 412.96 0.60 311.93
7022 15.25 545.65 736.95 0.70 307.31
7023 15.12 365.74 446.02 2.71 316.64
7024 14.39 192.65 216.78 3.11 328.48
7025 13.29 35.19 0.00 2.21 339.98
7026 12.86 2.89 0.00 1.30 340.79
7027 12.32 0.00 0.00 0.10 339.48
7028 11.78 0.00 0.00 0.10 336.95
7029 11.25 0.00 0.00 0.10 331.81
7030 10.71 0.00 0.00 0.00 331.23
7031 10.17 0.00 0.00 0.20 329.07
7032 9.63 0.00 0.00 1.00 326.13
7033 9.69 0.00 0.00 0.60 325.05
7034 9.72 0.00 0.00 1.61 321.96
7035 9.75 0.00 0.00 2.51 321.79
7036 9.75 0.00 0.00 2.41 321.25
7037 9.76 0.00 0.00 1.81 321.24
7038 9.75 0.00 0.00 2.51 319.82
7039 9.74 6.79 0.00 1.81 318.95
7040 12.41 90.31 139.30 1.81 327.00
7041 15.23 298.28 526.95 2.01 316.55
7042 16.37 319.36 220.01 2.01 328.35
7043 17.53 406.38 293.54 2.21 329.29
7044 18.10 386.47 170.45 3.11 337.10
7045 18.09 303.25 52.86 4.72 343.51
7046 18.13 318.58 92.14 5.52 338.09
7047 17.68 231.76 85.67 8.43 339.85
7048 17.51 266.32 503.20 8.43 325.99
7049 16.58 100.28 307.46 7.72 332.24
7050 16.27 5.03 0.00 5.32 330.70
7051 15.95 0.00 0.00 5.52 331.13
7052 15.63 0.00 0.00 7.02 335.26
7053 15.32 0.00 0.00 7.22 337.78
7054 15.00 0.00 0.00 6.02 336.90
7055 14.68 0.00 0.00 6.02 339.11
7056 14.37 0.00 0.00 5.32 339.29
7057 14.16 0.00 0.00 5.02 340.52
7058 13.95 0.00 0.00 3.71 337.38
7059 13.73 0.00 0.00 3.41 336.93
7060 13.62 0.00 0.00 3.71 339.76
7061 13.51 0.00 0.00 3.71 338.18
7062 13.43 0.00 0.00 3.41 338.48
7063 13.35 9.42 0.00 3.71 339.45
7064 15.95 101.32 258.00 2.01 348.77
7065 17.84 248.71 435.73 2.01 346.01
7066 19.48 365.79 425.38 0.60 347.18
7067 20.83 449.52 449.31 0.60 346.61
7068 22.06 531.07 586.61 0.60 342.70
7069 23.09 570.78 718.05 0.60 342.93
7070 23.64 524.99 772.05 0.40 340.40
7071 23.65 405.38 688.05 0.90 344.96
7072 22.88 249.25 539.53 1.00 345.87
7073 21.53 92.13 300.61 1.10 348.44
7074 20.90 3.94 0.00 0.90 346.75
7075 20.33 0.00 0.00 0.70 350.90
7076 19.72 0.00 0.00 0.50 348.60
7077 19.12 0.00 0.00 0.20 346.31
7078 18.51 0.00 0.00 0.10 346.83
7079 17.90 0.00 0.00 0.80 344.67
7080 17.30 0.00 0.00 0.50 344.66
7081 16.74 0.00 0.00 0.20 341.44
7082 16.13 0.00 0.00 0.60 340.33
7083 15.52 0.00 0.00 1.50 337.50
7084 15.20 0.00 0.00 1.30 335.85
7085 14.87 0.00 0.00 0.30 332.90
7086 14.63 0.00 0.00 0.30 332.30
7087 14.40 11.09 0.00 0.40 331.19
7088 17.28 123.31 288.03 0.70 339.49
7089 18.51 230.63 283.60 2.21 343.84
7090 18.89 231.26 71.57 2.21 355.47
7091 20.37 452.04 387.87 2.21 340.27
7092 21.82 575.69 692.48 2.71 335.12
7093 22.97 611.59 885.31 2.71 331.16
7094 23.52 539.94 868.82 4.01 335.19
7095 23.54 420.58 788.17 6.02 333.47
7096 22.84 258.91 640.88 8.83 339.34
7097 21.54 86.69 345.89 5.02 347.14
7098 20.86 3.33 0.00 6.62 345.78
7099 20.26 0.00 0.00 4.72 347.94
7100 19.61 0.00 0.00 5.02 345.11
7101 18.97 0.00 0.00 4.01 343.88
7102 18.32 0.00 0.00 9.13 344.34
7103 17.67 0.00 0.00 6.02 342.00
7104 17.03 0.00 0.00 6.02 340.73
7105 16.59 0.00 0.00 4.01 339.00
7106 16.13 0.00 0.00 2.01 338.83
7107 15.67 0.00 0.00 2.91 340.36
7108 15.43 0.00 0.00 1.61 340.46
7109 15.18 0.00 0.00 1.81 339.55
7110 15.01 0.00 0.00 1.30 336.97
7111 14.84 8.26 0.00 1.50 336.58
7112 17.45 109.57 315.20 0.50 343.87
7113 19.22 259.57 490.52 1.81 346.42
7114 20.83 388.38 559.57 2.51 346.83
7115 22.26 491.28 645.79 1.00 340.73
7116 23.46 558.01 739.24 2.71 342.67
7117 24.23 552.01 724.83 4.21 346.44
7118 24.64 516.24 808.95 4.01 349.13
7119 24.48 385.83 694.27 1.30 355.58
7120 23.62 231.53 543.97 2.41 359.16
7121 22.27 79.55 317.86 2.01 364.39
7122 21.54 1.84 0.00 2.01 362.81
7123 20.80 0.00 0.00 2.71 366.22
7124 20.14 0.00 0.00 3.41 368.64
7125 19.44 0.00 0.00 2.01 365.82
7126 18.73 0.00 0.00 1.10 361.10
7127 18.03 0.00 0.00 0.70 358.95
7128 17.32 0.00 0.00 0.80 356.41
7129 16.74 0.00 0.00 0.30 350.56
7130 16.11 0.00 0.00 0.80 347.55
7131 15.49 0.00 0.00 0.80 346.67
7132 15.16 0.00 0.00 0.50 346.40
7133 14.83 0.00 0.00 0.30 347.95
7134 14.59 0.00 0.00 0.80 347.70
7135 14.36 6.33 0.00 0.80 349.52
7136 16.34 85.57 160.52 0.40 354.09
7137 18.04 233.92 376.93 0.40 351.57
7138 19.03 289.53 180.13 0.50 357.00
7139 19.43 277.39 69.72 1.81 360.00
7140 20.71 503.25 473.05 2.51 347.88
7141 22.17 654.30 767.11 2.51 336.60
7142 22.50 446.50 484.66 2.41 346.24
7143 22.52 374.12 621.71 1.61 342.38
7144 21.98 251.50 657.81 2.01 343.04
7145 20.91 100.02 510.72 0.60 344.07
7146 20.16 1.92 0.00 2.51 341.24
7147 19.37 0.00 0.00 1.61 341.57
7148 18.57 0.00 0.00 2.41 339.52
7149 17.78 0.00 0.00 4.01 340.69
7150 16.99 0.00 0.00 2.41 338.18
7151 16.20 0.00 0.00 2.41 336.64
7152 15.40 0.00 0.00 1.61 335.35
7153 14.77 0.00 0.00 3.11 334.49
7154 14.03 0.00 0.00 2.71 331.81
7155 13.29 0.00 0.00 4.51 327.87
7156 12.86 0.00 0.00 5.52 325.77
7157 12.47 0.00 0.00 4.01 322.57
7158 12.12 0.00 0.00 2.01 321.03
7159 11.77 6.81 0.00 1.61 320.77
7160 14.35 116.45 487.78 2.01 334.47
7161 16.16 283.64 729.61 1.50 334.27
7162 17.83 431.97 837.28 1.10 334.23
7163 19.19 533.74 865.85 1.00 331.21
7164 20.20 585.92 881.43 0.80 337.90
7165 20.81 579.38 879.72 0.60 340.81
7166 20.95 509.90 841.91 1.10 342.28
7167 20.70 399.71 810.02 0.30 347.26
7168 19.79 245.63 684.35 1.50 350.52
7169 18.39 83.22 411.94 1.81 357.18
7170 18.20 1.07 0.00 1.00 355.37
7171 18.01 0.00 0.00 1.00 361.73
7172 17.82 0.00 0.00 0.70 364.93
7173 17.63 0.00 0.00 0.80 367.06
7174 17.44 0.00 0.00 1.30 368.38
7175 17.26 0.00 0.00 0.50 369.44
7176 17.07 0.00 0.00 0.60 370.09
7177 17.37 0.00 0.00 0.30 373.38
7178 17.72 0.00 0.00 0.40 376.53
7179 18.08 0.00 0.00 0.10 380.76
7180 18.28 0.00 0.00 0.30 382.74
7181 18.48 0.00 0.00 0.40 384.64
7182 18.64 0.00 0.00 0.20 383.49
7183 18.79 1.57 0.00 1.00 382.65
7184 18.50 23.57 0.00 2.51 392.41
7185 20.14 54.26 0.00 1.50 392.81
7186 20.52 90.98 0.00 2.01 394.54
7187 21.39 122.36 0.00 1.30 393.80
7188 21.68 118.54 0.00 0.50 396.79
7189 21.99 109.26 0.00 1.61 399.46
7190 22.08 104.36 0.00 1.61 399.42
7191 22.13 76.33 0.00 1.30 400.72
7192 21.66 36.76 0.00 1.81 400.56
7193 21.03 12.76 0.00 3.11 400.86
7194 21.32 0.29 0.00 2.41 397.78
7195 21.16 0.00 0.00 1.81 395.04
7196 20.99 0.00 0.00 1.61 392.33
7197 20.83 0.00 0.00 1.81 389.62
7198 20.71 0.00 0.00 1.61 387.22
7199 20.56 0.00 0.00 1.61 384.59
7200 20.40 0.00 0.00 4.01 384.62
7201 19.48 0.00 0.00 5.52 378.64
7202 18.45 0.00 0.00 4.72 374.64
7203 17.42 0.00 0.00 3.11 366.53
7204 16.85 0.00 0.00 2.21 359.51
7205 16.28 0.00 0.00 1.10 354.87
7206 15.86 0.00 0.00 3.71 353.68
7207 15.45 3.25 0.00 4.01 349.89
7208 16.76 90.30 207.65 2.91 351.58
7209 18.19 285.34 569.27 2.21 341.89
7210 18.16 201.76 50.17 0.60 364.14
7211 18.52 310.41 114.79 1.10 358.24
7212 18.47 241.00 23.08 3.41 365.71
7213 18.70 355.61 157.95 3.11 355.27
7214 18.43 203.29 14.30 3.41 364.42
7215 18.09 171.39 14.76 1.10 361.12
7216 17.62 112.89 22.03 1.10 359.89
7217 16.97 17.33 0.00 2.01 372.66
7218 16.62 0.00 0.00 0.40 369.18
7219 16.26 0.00 0.00 0.20 368.31
7220 15.91 0.00 0.00 0.80 364.66
7221 15.55 0.00 0.00 0.40 361.91
7222 15.20 0.00 0.00 0.20 360.36
7223 14.84 0.00 0.00 0.30 358.88
7224 14.49 0.00 0.00 0.80 358.72
7225 14.52 0.00 0.00 0.60 362.77
7226 14.75 0.00 0.00 0.40 365.61
7227 14.91 0.00 0.00 0.80 365.84
7228 15.02 0.00 0.00 0.70 365.50
7229 15.12 0.00 0.00 0.60 366.67
7230 15.21 0.00 0.00 1.10 366.80
7231 15.30 2.37 0.00 0.90 366.93
7232 16.25 39.61 0.00 0.80 369.17
7233 17.45 141.20 56.37 0.70 364.15
7234 18.73 253.17 107.15 0.50 360.03
7235 19.67 301.56 106.27 0.50 363.25
7236 19.49 154.66 0.00 1.10 375.46
7237 19.14 115.53 0.00 1.30 381.57
7238 18.73 83.81 0.00 0.30 383.21
7239 18.37 68.39 0.00 1.61 382.66
7240 18.19 90.76 0.00 1.81 373.00
7241 17.85 37.66 17.17 2.91 370.56
7242 17.79 0.00 0.00 1.50 368.60
7243 17.59 0.00 0.00 2.21 372.21
7244 17.68 0.00 0.00 1.00 373.38
7245 17.63 0.00 0.00 1.81 371.22
7246 17.57 0.00 0.00 1.61 368.10
7247 17.03 0.00 0.00 2.21 366.01
7248 17.43 0.00 0.00 1.30 361.71
7249 17.19 0.00 0.00 1.10 362.55
7250 16.90 0.00 0.00 1.50 360.06
7251 16.60 0.00 0.00 1.50 355.65
7252 16.45 0.00 0.00 2.01 354.27
7253 16.29 0.00 0.00 1.50 354.74
7254 16.18 0.00 0.00 0.60 352.96
7255 16.07 5.39 0.00 1.30 351.19
7256 18.23 99.57 239.55 3.71 357.77
7257 18.35 111.98 11.56 5.52 374.84
7258 18.60 142.54 0.55 6.02 378.77
7259 20.07 389.97 224.75 6.62 357.74
7260 19.54 68.81 0.00 3.71 387.91
7261 20.53 440.30 257.66 6.62 358.67
7262 21.30 467.62 591.40 7.72 353.87
7263 21.22 234.41 152.41 8.43 369.81
7264 20.29 16.64 0.00 7.93 393.58
7265 19.47 5.26 0.00 8.43 391.09
7266 19.33 0.00 0.00 9.73 390.09
7267 19.19 0.00 0.00 8.43 388.79
7268 19.05 0.00 0.00 6.62 385.46
7269 18.90 0.00 0.00 6.62 381.94
7270 18.76 0.00 0.00 4.01 379.48
7271 18.62 0.00 0.00 3.71 376.34
7272 18.48 0.00 0.00 3.41 375.81
7273 18.42 0.00 0.00 2.21 379.15
7274 18.43 0.00 0.00 1.50 381.02
7275 18.44 0.00 0.00 2.91 380.56
7276 18.49 0.00 0.00 5.52 379.12
7277 18.53 0.00 0.00 3.41 376.88
7278 18.58 0.00 0.00 3.41 376.29
7279 18.63 2.99 0.00 3.41 376.08
7280 20.02 50.24 18.88 4.01 375.35
7281 21.56 163.06 104.89 2.21 370.85
7282 23.11 267.69 174.28 1.61 365.77
7283 25.04 430.26 457.38 2.51 362.41
7284 26.47 475.80 512.99 2.21 363.65
7285 27.38 460.48 479.21 3.41 365.93
7286 28.04 457.27 674.44 2.91 361.03
7287 28.24 365.48 711.60 2.71 359.99
7288 27.64 202.91 510.24 2.51 364.67
7289 26.48 54.80 226.81 1.00 373.89
7290 25.50 0.00 0.00 1.81 377.17
7291 24.52 0.00 0.00 1.81 375.84
7292 23.54 0.00 0.00 0.60 377.55
7293 22.55 0.00 0.00 0.60 374.47
7294 21.57 0.00 0.00 0.20 371.08
7295 20.40 0.00 0.00 0.00 368.79
7296 19.22 0.00 0.00 0.10 360.57
7297 18.41 0.00 0.00 0.20 360.31
7298 17.23 0.00 0.00 0.10 355.35
7299 16.05 0.00 0.00 0.20 351.54
7300 15.32 0.00 0.00 0.20 347.29
7301 14.58 0.00 0.00 0.00 343.38
7302 14.06 0.00 0.00 0.00 343.21
7303 13.54 2.93 0.00 0.00 339.95
7304 15.71 85.76 312.08 0.10 347.36
7305 17.41 221.15 488.40 0.10 346.54
7306 19.27 375.82 658.08 0.30 342.56
7307 20.65 449.96 619.34 0.40 340.00
7308 21.29 429.78 343.73 0.60 344.56
7309 21.87 459.56 490.88 0.30 343.02
7310 22.18 441.21 624.37 0.50 341.75
7311 22.09 357.78 681.58 0.30 342.68
7312 21.17 194.45 453.59 0.30 347.74
7313 19.88 61.89 253.45 0.20 348.22
7314 19.01 0.00 0.00 0.20 346.96
7315 18.15 0.00 0.00 0.30 343.05
7316 17.28 0.00 0.00 0.20 340.19
7317 16.41 0.00 0.00 0.10 338.28
7318 15.54 0.00 0.00 0.10 337.97
7319 14.67 0.00 0.00 0.30 337.42
7320 13.80 0.00 0.00 0.40 333.81
7321 13.34 0.00 0.00 0.30 332.26
7322 12.94 0.00 0.00 0.10 334.21
7323 12.46 0.00 0.00 0.20 329.81
7324 12.22 0.00 0.00 0.20 327.00
7325 11.98 0.00 0.00 0.20 325.98
7326 11.82 0.00 0.00 0.10 323.50
7327 11.66 2.39 0.00 0.10 322.66
7328 14.19 75.76 253.04 0.10 327.40
7329 16.52 217.30 479.23 0.20 325.98
7330 18.89 362.65 643.60 0.20 328.06
7331 20.77 447.69 641.13 0.60 324.25
7332 22.21 494.38 657.13 0.70 327.91
7333 23.19 489.45 660.60 1.30 326.11
7334 23.55 420.65 563.11 0.90 329.27
7335 23.28 321.38 531.59 0.90 331.23
7336 22.17 182.30 430.80 0.90 334.11
7337 20.56 44.65 161.02 0.90 336.85
7338 19.70 0.00 0.00 0.90 343.48
7339 18.84 0.00 0.00 0.50 341.77
7340 17.98 0.00 0.00 0.30 339.53
7341 17.12 0.00 0.00 0.80 338.28
7342 16.26 0.00 0.00 0.80 336.93
7343 15.40 0.00 0.00 0.50 333.01
7344 14.54 0.00 0.00 0.70 329.31
7345 13.67 0.00 0.00 0.70 328.19
7346 12.72 0.00 0.00 1.60 324.91
7347 11.66 0.00 0.00 1.50 322.07
7348 11.07 0.00 0.00 2.90 321.72
7349 10.48 0.00 0.00 2.10 322.12
7350 10.05 0.00 0.00 1.50 321.87
7351 9.62 1.50 0.00 1.50 321.24
7352 10.98 50.52 47.51 0.80 327.62
7353 13.44 232.21 488.09 1.30 318.78
7354 15.36 363.49 671.46 1.30 320.88
7355 17.11 488.26 717.06 1.20 319.36
7356 17.57 388.71 263.37 1.20 330.68
7357 17.09 256.54 36.41 1.90 338.27
7358 16.72 258.18 67.67 2.50 335.77
7359 16.27 233.02 132.40 4.00 332.20
7360 15.32 122.58 70.10 5.70 334.97
7361 14.14 37.79 84.36 5.40 334.48
7362 13.99 0.00 0.00 7.10 337.39
7363 13.83 0.00 0.00 4.50 336.93
7364 13.68 0.00 0.00 3.70 337.14
7365 13.53 0.00 0.00 3.50 338.40
7366 13.37 0.00 0.00 3.20 339.58
7367 13.22 0.00 0.00 4.50 337.07
7368 13.13 0.00 0.00 2.70 341.52
7369 13.40 0.00 0.00 1.80 345.98
7370 13.85 0.00 0.00 2.70 346.77
7371 14.30 0.00 0.00 3.70 351.40
7372 14.59 0.00 0.00 4.00 352.33
7373 14.87 0.00 0.00 4.90 357.94
7374 15.10 0.00 0.00 4.50 360.63
7375 15.33 0.83 0.00 4.30 363.65
7376 15.74 6.59 0.00 4.50 365.02
7377 17.25 69.95 0.00 3.20 361.17
7378 17.26 30.57 0.00 2.90 366.48
7379 17.42 39.33 0.00 4.30 362.59
7380 17.60 43.70 0.00 6.00 364.58
7381 20.91 472.99 397.78 6.60 338.62
7382 23.07 430.26 633.73 5.70 343.77
7383 24.40 367.29 713.39 6.60 345.47
7384 23.51 207.85 543.84 5.70 347.78
7385 23.79 57.80 276.94 4.30 346.51
7386 23.31 0.00 0.00 2.50 347.70
7387 22.83 0.00 0.00 2.30 349.12
7388 22.35 0.00 0.00 2.70 345.59
7389 21.87 0.00 0.00 3.70 345.62
7390 21.39 0.00 0.00 2.50 347.62
7391 20.96 0.00 0.00 3.70 348.27
7392 20.50 0.00 0.00 2.90 345.88
7393 19.53 0.00 0.00 2.10 342.11
7394 18.52 0.00 0.00 2.30 340.47
7395 17.51 0.00 0.00 2.90 339.99
7396 16.98 0.00 0.00 1.90 337.28
7397 16.46 0.00 0.00 2.10 337.41
7398 16.09 0.00 0.00 2.50 339.40
7399 15.73 1.61 0.00 1.80 340.79
7400 16.91 84.06 388.73 2.30 346.04
7401 18.02 242.05 652.83 3.50 341.74
7402 19.11 396.21 580.64 3.70 342.42
7403 17.81 37.04 0.00 2.70 378.39
7404 17.04 41.13 0.00 4.90 374.17
7405 17.23 216.06 23.74 4.90 358.35
7406 17.03 123.24 0.00 3.00 362.65
7407 16.57 26.65 0.00 3.20 372.15
7408 16.48 127.06 124.05 1.50 350.90
7409 16.23 56.20 196.44 1.50 351.29
7410 15.89 0.00 0.00 3.00 354.95
7411 15.52 0.00 0.00 4.30 355.64
7412 15.31 0.00 0.00 4.00 356.59
7413 14.96 0.00 0.00 4.50 352.10
7414 14.71 0.00 0.00 3.70 351.66
7415 14.21 0.00 0.00 3.50 348.05
7416 13.53 0.00 0.00 2.90 346.33
7417 13.97 0.00 0.00 3.20 350.69
7418 13.81 0.00 0.00 1.50 350.06
7419 13.53 0.00 0.00 0.80 349.24
7420 13.18 0.00 0.00 1.60 346.19
7421 13.46 0.00 0.00 0.70 346.95
7422 13.37 0.00 0.00 2.10 345.31
7423 13.33 0.21 0.00 2.50 348.41
7424 14.56 33.92 0.00 0.90 355.35
7425 15.62 92.23 0.00 1.30 355.81
7426 17.36 205.04 86.49 1.50 357.59
7427 17.48 125.66 0.00 0.90 370.66
7428 16.92 41.81 0.00 0.90 367.72
7429 16.81 94.63 0.00 0.60 370.49
7430 18.21 357.41 321.24 1.30 338.26
7431 18.76 259.56 318.05 1.90 347.94
7432 18.82 170.01 395.65 2.90 343.88
7433 18.02 30.83 35.05 1.90 344.32
7434 17.81 0.00 0.00 1.20 346.36
7435 17.60 0.00 0.00 1.10 345.81
7436 17.39 0.00 0.00 0.90 346.63
7437 17.18 0.00 0.00 1.30 348.04
7438 16.97 0.00 0.00 2.10 347.87
7439 16.76 0.00 0.00 3.00 350.70
7440 16.55 0.00 0.00 3.70 352.79
7441 16.44 0.00 0.00 3.50 351.40
7442 16.34 0.00 0.00 3.50 350.50
7443 16.23 0.00 0.00 6.60 355.73
7444 16.18 0.00 0.00 4.90 356.47
7445 16.13 0.00 0.00 4.90 359.82
7446 16.09 0.00 0.00 3.50 362.27
7447 15.76 0.33 0.00 3.00 366.15
7448 16.73 18.71 0.00 2.70 372.93
7449 17.32 51.32 0.00 2.10 372.90
7450 18.63 144.07 4.29 2.90 372.16
7451 19.65 190.06 11.72 2.70 376.80
7452 20.48 214.36 11.75 2.30 381.03
7453 20.63 141.74 0.00 3.20 376.36
7454 20.79 157.41 1.54 2.30 372.61
7455 20.79 134.73 4.02 2.30 383.22
7456 20.51 88.23 6.96 2.70 371.64
7457 19.75 26.83 3.14 2.10 378.64
7458 19.50 0.00 0.00 2.50 377.56
7459 18.78 0.00 0.00 3.50 376.45
7460 17.30 0.00 0.00 4.00 371.42
7461 17.84 0.00 0.00 4.00 371.69
7462 18.05 0.00 0.00 6.00 370.65
7463 17.60 0.00 0.00 5.20 373.37
7464 17.39 0.00 0.00 3.70 370.73
7465 17.12 0.00 0.00 3.20 372.97
7466 16.82 0.00 0.00 4.00 371.98
7467 16.53 0.00 0.00 3.20 371.25
7468 16.41 0.00 0.00 4.90 373.34
7469 16.30 0.00 0.00 3.00 373.08
7470 16.24 0.00 0.00 2.70 373.15
7471 16.19 0.00 0.00 4.00 373.21
7472 17.01 25.27 0.00 2.90 378.56
7473 18.24 102.77 9.86 0.90 372.58
7474 19.16 150.15 10.78 1.30 375.07
7475 20.60 276.40 113.30 0.60 364.90
7476 21.22 238.17 43.00 0.60 372.80
7477 22.47 385.04 286.90 1.60 365.70
7478 23.84 487.11 774.77 1.90 356.43
7479 24.46 377.93 866.56 3.00 358.27
7480 24.26 211.09 698.40 3.70 360.43
7481 23.27 50.71 326.86 2.10 359.63
7482 22.67 0.00 0.00 2.70 360.61
7483 22.06 0.00 0.00 3.20 360.75
7484 21.46 0.00 0.00 4.00 362.76
7485 20.91 0.00 0.00 3.50 360.42
7486 20.34 0.00 0.00 3.70 364.57
7487 19.76 0.00 0.00 4.30 365.79
7488 19.18 0.00 0.00 3.00 366.12
7489 18.33 0.00 0.00 3.00 365.19
7490 17.42 0.00 0.00 2.70 364.02
7491 16.51 0.00 0.00 1.30 364.10
7492 16.03 0.00 0.00 1.10 364.88
7493 15.55 0.00 0.00 1.10 364.88
7494 15.22 0.00 0.00 1.50 364.89
7495 14.83 0.00 0.00 1.50 362.81
7496 15.04 24.20 0.00 3.20 366.79
7497 14.84 97.04 5.89 3.20 359.67
7498 16.31 190.38 54.86 5.20 362.25
7499 17.17 214.90 21.80 5.40 367.15
7500 17.34 212.40 12.57 5.70 368.69
7501 17.54 206.43 11.02 5.20 369.10
7502 17.52 141.41 0.00 2.50 370.97
7503 17.14 77.24 0.00 2.90 373.38
7504 16.61 14.77 0.00 4.50 379.43
7505 16.13 10.83 0.00 4.30 375.99
7506 15.56 0.00 0.00 2.70 372.88
7507 14.97 0.00 0.00 3.50 366.84
7508 14.38 0.00 0.00 2.30 361.77
7509 13.78 0.00 0.00 1.80 355.43
7510 13.26 0.00 0.00 1.80 350.86
7511 12.62 0.00 0.00 1.20 345.12
7512 11.99 0.00 0.00 1.60 338.75
7513 11.24 0.00 0.00 2.30 333.91
7514 10.45 0.00 0.00 3.00 327.48
7515 9.66 0.00 0.00 3.00 321.12
7516 9.24 0.00 0.00 2.30 318.46
7517 8.83 0.00 0.00 2.10 314.24
7518 8.53 0.00 0.00 2.70 310.73
7519 8.24 0.00 0.00 2.30 307.25
7520 10.70 72.76 454.83 2.90 316.39
7521 13.28 230.01 732.67 3.00 319.81
7522 15.65 377.07 857.57 3.70 324.10
7523 17.69 486.13 921.99 3.70 319.18
7524 19.24 540.09 942.35 2.70 321.15
7525 20.22 533.68 940.22 2.50 326.82
7526 20.62 469.57 916.57 3.70 326.19
7527 20.33 351.12 843.07 3.00 327.91
7528 19.16 196.15 690.52 3.70 328.02
7529 17.32 33.18 74.24 2.90 327.13
7530 16.52 0.00 0.00 1.90 330.34
7531 15.73 0.00 0.00 1.20 325.33
7532 14.93 0.00 0.00 0.80 319.02
7533 14.14 0.00 0.00 0.30 319.24
7534 13.34 0.00 0.00 0.30 318.14
7535 12.57 0.00 0.00 0.40 317.73
7536 11.72 0.00 0.00 0.60 316.14
7537 11.07 0.00 0.00 0.90 312.19
7538 10.38 0.00 0.00 1.50 310.78
7539 9.69 0.00 0.00 2.10 308.73
7540 9.33 0.00 0.00 2.10 307.89
7541 8.97 0.00 0.00 0.90 307.19
7542 8.72 0.00 0.00 1.20 307.62
7543 8.46 0.00 0.00 1.30 308.09
7544 10.58 62.74 318.63 1.10 314.88
7545 12.99 205.79 597.49 1.60 314.01
7546 15.21 351.38 773.67 1.60 316.01
7547 17.08 444.96 808.96 2.70 313.63
7548 18.51 495.71 832.56 2.10 313.95
7549 19.39 483.53 804.26 3.00 314.56
7550 19.70 415.29 735.53 3.50 318.89
7551 19.34 303.63 638.62 3.20 319.38
7552 18.22 165.03 493.42 2.90 320.34
7553 16.59 31.11 79.49 1.60 314.29
7554 15.89 0.00 0.00 1.90 318.78
7555 15.18 0.00 0.00 1.60 315.73
7556 14.48 0.00 0.00 1.20 316.16
7557 13.78 0.00 0.00 1.80 315.97
7558 13.14 0.00 0.00 1.30 313.41
7559 12.38 0.00 0.00 2.50 311.13
7560 11.62 0.00 0.00 5.40 306.38
7561 11.02 0.00 0.00 4.00 303.08
7562 10.37 0.00 0.00 3.70 302.33
7563 9.72 0.00 0.00 2.90 300.05
7564 9.37 0.00 0.00 3.20 299.57
7565 9.02 0.00 0.00 3.20 299.13
7566 8.77 0.00 0.00 2.50 299.23
7567 8.52 0.00 0.00 2.70 300.76
7568 10.62 61.71 334.45 4.30 308.98
7569 13.01 202.00 593.64 4.30 307.86
7570 15.21 345.49 774.18 4.00 305.68
7571 17.13 445.74 830.37 2.30 300.21
7572 18.58 495.31 847.80 2.30 302.75
7573 19.42 473.77 770.11 3.50 307.96
7574 19.79 425.81 808.74 3.50 310.54
7575 19.49 313.16 718.76 5.40 315.20
7576 18.37 169.74 555.38 6.00 320.24
7577 16.70 30.40 58.74 4.50 319.03
7578 16.14 0.00 0.00 4.50 321.60
7579 15.59 0.00 0.00 4.00 321.21
7580 15.04 0.00 0.00 6.00 324.15
7581 14.49 0.00 0.00 4.90 325.35
7582 13.94 0.00 0.00 4.90 326.05
7583 13.39 0.00 0.00 4.90 326.28
7584 12.88 0.00 0.00 5.40 327.10
7585 12.50 0.00 0.00 3.50 325.72
7586 12.11 0.00 0.00 5.40 326.87
7587 11.72 0.00 0.00 5.70 326.72
7588 11.52 0.00 0.00 6.00 328.00
7589 11.33 0.00 0.00 4.00 328.32
7590 11.20 0.00 0.00 3.20 328.08
7591 11.06 0.00 0.00 2.70 332.18
7592 12.41 36.20 91.52 2.50 341.31
7593 12.32 31.89 0.00 2.10 344.43
7594 14.62 234.04 213.48 2.90 328.18
7595 16.25 289.79 168.03 3.70 333.13
7596 16.27 150.74 0.00 3.20 347.35
7597 17.18 307.97 163.55 4.00 337.33
7598 17.96 332.12 316.90 4.30 334.83
7599 18.56 338.29 698.16 4.90 325.28
7600 18.34 181.31 571.18 4.90 330.99
7601 17.32 40.07 234.09 4.00 328.94
7602 16.73 0.00 0.00 4.90 327.67
7603 16.13 0.00 0.00 4.00 327.62
7604 15.53 0.00 0.00 2.70 324.76
7605 14.93 0.00 0.00 2.30 327.45
7606 14.33 0.00 0.00 1.10 330.63
7607 13.73 0.00 0.00 1.20 328.64
7608 13.20 0.00 0.00 0.90 331.08
7609 12.58 0.00 0.00 0.90 329.46
7610 11.91 0.00 0.00 0.40 330.03
7611 11.24 0.00 0.00 0.60 328.83
7612 10.89 0.00 0.00 0.50 327.89
7613 10.53 0.00 0.00 0.80 329.67
7614 10.28 0.00 0.00 0.70 331.45
7615 10.03 0.00 0.00 0.90 333.18
7616 10.33 10.96 0.00 1.20 335.29
7617 10.58 29.46 0.00 1.90 339.41
7618 11.08 72.11 0.00 2.10 339.37
7619 11.08 42.62 0.00 1.80 345.38
7620 12.15 214.57 32.75 1.10 335.48
7621 13.56 366.57 293.04 1.20 326.47
7622 13.99 234.77 95.14 1.10 335.03
7623 14.39 259.49 396.32 0.60 327.43
7624 14.20 126.84 263.32 1.30 334.18
7625 13.54 26.87 27.26 1.10 333.11
7626 13.21 0.00 0.00 1.80 333.71
7627 12.93 0.00 0.00 1.10 337.34
7628 12.58 0.00 0.00 2.10 335.35
7629 12.23 0.00 0.00 2.10 335.61
7630 11.88 0.00 0.00 2.30 334.77
7631 11.53 0.00 0.00 2.10 335.50
7632 11.18 0.00 0.00 3.20 334.97
7633 11.02 0.00 0.00 2.90 336.79
7634 10.88 0.00 0.00 1.90 336.39
7635 10.74 0.00 0.00 2.90 337.89
7636 10.68 0.00 0.00 2.90 337.45
7637 10.62 0.00 0.00 4.30 339.28
7638 10.59 0.00 0.00 5.40 339.27
7639 10.56 0.00 0.00 3.00 340.80
7640 11.42 21.06 0.00 1.90 345.53
7641 11.60 28.98 0.00 1.50 345.18
7642 12.31 77.44 0.00 1.20 341.97
7643 13.69 192.48 32.42 2.30 335.25
7644 15.63 341.22 247.77 2.50 327.86
7645 16.24 232.23 54.24 1.80 350.78
7646 15.61 82.96 0.00 2.70 363.00
7647 16.05 181.43 106.42 1.90 336.93
7648 16.23 167.95 367.32 2.30 322.73
7649 15.56 35.62 181.30 1.80 319.20
7650 15.01 0.00 0.00 1.50 320.81
7651 14.47 0.00 0.00 1.90 319.92
7652 13.93 0.00 0.00 1.80 317.83
7653 13.39 0.00 0.00 2.10 314.06
7654 12.90 0.00 0.00 1.50 311.21
7655 12.32 0.00 0.00 1.30 310.52
7656 11.73 0.00 0.00 1.10 308.16
7657 11.05 0.00 0.00 0.80 306.42
7658 10.30 0.00 0.00 1.80 302.31
7659 9.54 0.00 0.00 0.60 300.02
7660 9.13 0.00 0.00 0.60 302.68
7661 8.71 0.00 0.00 0.50 300.16
7662 8.41 0.00 0.00 0.60 297.16
7663 8.11 0.00 0.00 2.30 296.52
7664 9.88 54.73 351.61 1.50 302.69
7665 12.31 204.44 648.57 2.10 308.89
7666 14.63 359.22 635.44 2.50 310.99
7667 14.05 140.91 0.00 2.70 341.15
7668 13.10 38.99 0.00 3.70 345.50
7669 13.44 248.41 77.15 3.70 328.90
7670 14.64 459.24 691.58 2.70 307.72
7671 15.04 335.63 760.80 2.70 312.84
7672 14.53 155.65 402.43 2.50 324.28
7673 13.48 35.80 201.70 2.10 320.09
7674 12.97 0.00 0.00 3.50 317.50
7675 12.38 0.00 0.00 1.90 315.36
7676 11.78 0.00 0.00 2.30 316.64
7677 11.18 0.00 0.00 2.90 316.17
7678 10.58 0.00 0.00 4.30 313.93
7679 9.98 0.00 0.00 4.50 312.63
7680 9.38 0.00 0.00 5.70 310.41
7681 9.10 0.00 0.00 4.30 309.39
7682 8.83 0.00 0.00 2.90 308.82
7683 8.57 0.00 0.00 3.70 307.35
7684 8.45 0.00 0.00 3.70 306.65
7685 8.32 0.00 0.00 4.30 304.90
7686 8.25 0.00 0.00 3.20 303.94
7687 8.17 0.00 0.00 2.50 305.08
7688 9.55 37.19 132.17 2.50 311.09
7689 12.06 173.91 503.66 3.20 321.84
7690 14.57 324.55 757.96 3.20 323.25
7691 16.65 421.39 812.88 3.70 320.27
7692 18.23 468.28 805.13 4.50 321.92
7693 19.08 431.38 665.05 3.70 324.72
7694 19.43 379.15 663.00 2.10 323.61
7695 19.14 276.95 595.31 1.10 327.19
7696 18.12 152.48 514.87 1.10 326.39
7697 16.57 24.38 27.71 1.50 322.38
7698 15.92 0.00 0.00 1.50 324.04
7699 15.26 0.00 0.00 0.70 323.40
7700 14.61 0.00 0.00 0.80 324.13
7701 13.96 0.00 0.00 0.70 323.19
7702 13.30 0.00 0.00 0.20 320.27
7703 12.68 0.00 0.00 0.50 319.34
7704 11.98 0.00 0.00 0.50 321.90
7705 11.19 0.00 0.00 0.30 317.79
7706 10.35 0.00 0.00 0.40 315.26
7707 9.51 0.00 0.00 0.20 313.86
7708 9.07 0.00 0.00 0.40 316.30
7709 8.62 0.00 0.00 0.90 316.70
7710 8.31 0.00 0.00 0.60 315.26
7711 8.00 0.00 0.00 0.70 314.54
7712 8.76 25.52 0.00 1.60 318.34
7713 10.05 109.61 100.91 2.90 323.36
7714 10.11 78.27 0.00 1.60 333.91
7715 12.14 333.19 255.10 1.50 317.54
7716 12.84 253.88 84.37 1.50 330.52
7717 13.96 405.96 464.84 1.50 319.89
7718 14.99 454.05 764.88 1.50 316.49
7719 15.06 270.00 465.84 1.90 327.81
7720 14.36 124.69 276.65 2.50 333.39
7721 13.28 23.92 27.55 2.50 330.41
7722 12.83 0.00 0.00 2.10 329.54
7723 12.31 0.00 0.00 1.60 328.99
7724 11.78 0.00 0.00 1.80 325.94
7725 11.25 0.00 0.00 2.70 325.50
7726 10.72 0.00 0.00 3.20 324.95
7727 10.19 0.00 0.00 2.50 323.53
7728 9.66 0.00 0.00 2.30 324.34
7729 9.36 0.00 0.00 1.60 324.13
7730 9.06 0.00 0.00 1.60 322.74
7731 8.77 0.00 0.00 1.50 322.38
7732 8.63 0.00 0.00 1.20 321.93
7733 8.49 0.00 0.00 0.80 319.51
7734 8.41 0.00 0.00 0.50 320.49
7735 8.32 0.00 0.00 0.80 319.28
7736 8.68 10.69 0.00 1.50 320.15
7737 9.43 56.92 0.00 2.10 320.23
7738 10.62 144.47 21.51 2.10 318.06
7739 12.20 266.35 170.26 1.60 310.98
7740 12.57 176.24 11.02 1.10 320.70
7741 13.34 289.18 156.92 0.60 308.10
7742 13.49 194.41 49.68 1.20 327.06
7743 12.96 64.46 0.00 0.90 329.96
7744 12.50 71.04 8.76 0.90 321.68
7745 11.83 14.15 0.00 1.20 321.07
7746 11.44 0.00 0.00 1.60 319.25
7747 11.05 0.00 0.00 1.30 316.88
7748 10.44 0.00 0.00 3.00 325.63
7749 10.27 0.00 0.00 3.20 325.41
7750 9.82 0.00 0.00 3.70 320.26
7751 9.49 0.00 0.00 4.00 320.44
7752 9.10 0.00 0.00 4.00 317.97
7753 8.64 0.00 0.00 2.10 315.14
7754 8.16 0.00 0.00 3.70 313.14
7755 7.68 0.00 0.00 4.90 312.13
7756 7.43 0.00 0.00 4.00 312.41
7757 7.18 0.00 0.00 2.50 311.78
7758 7.00 0.00 0.00 2.50 309.55
7759 6.83 0.00 0.00 1.90 308.35
7760 7.84 29.98 61.36 1.60 310.77
7761 9.10 104.15 69.49 0.90 310.71
7762 10.27 169.85 72.34 1.20 311.19
7763 11.99 303.12 279.03 2.50 308.16
7764 12.82 275.18 115.39 1.30 313.85
7765 13.22 248.74 78.00 0.60 317.21
7766 13.54 278.59 211.16 2.30 314.48
7767 13.58 215.86 297.39 1.20 309.84
7768 13.06 113.00 215.51 1.50 309.04
7769 12.09 32.00 98.88 1.50 307.14
7770 11.52 0.00 0.00 1.10 309.60
7771 10.94 0.00 0.00 1.30 310.16
7772 10.37 0.00 0.00 1.30 313.26
7773 9.80 0.00 0.00 1.10 312.92
7774 9.22 0.00 0.00 1.80 310.02
7775 8.65 0.00 0.00 1.90 309.70
7776 8.08 0.00 0.00 0.70 307.15
7777 7.61 0.00 0.00 0.70 309.37
7778 7.15 0.00 0.00 1.20 308.22
7779 6.68 0.00 0.00 1.90 308.14
7780 6.46 0.00 0.00 3.70 310.85
7781 6.23 0.00 0.00 3.50 309.42
7782 6.09 0.00 0.00 4.00 310.46
7783 5.94 0.00 0.00 3.20 311.97
7784 6.60 18.28 0.00 2.10 315.46
7785 7.10 45.72 0.00 1.90 318.68
7786 7.02 24.65 0.00 3.00 323.86
7787 8.00 139.35 0.00 4.90 317.12
7788 9.80 308.94 208.72 2.90 309.66
7789 11.70 427.73 618.01 2.50 301.32
7790 12.71 360.09 525.86 4.50 305.74
7791 13.28 314.19 747.11 3.50 302.68
7792 13.04 167.83 643.36 6.00 305.17
7793 11.94 16.24 0.00 7.30 301.50
7794 11.36 0.00 0.00 9.20 299.10
7795 10.79 0.00 0.00 8.40 300.79
7796 10.21 0.00 0.00 8.80 297.61
7797 9.63 0.00 0.00 9.50 295.00
7798 9.05 0.00 0.00 10.90 295.05
7799 8.48 0.00 0.00 10.40 293.71
7800 7.90 0.00 0.00 8.50 293.86
7801 7.28 0.00 0.00 11.61 293.61
7802 6.60 0.00 0.00 13.11 292.03
7803 5.91 0.00 0.00 10.00 288.79
7804 5.54 0.00 0.00 9.70 288.41
7805 5.17 0.00 0.00 7.80 284.85
7806 4.91 0.00 0.00 5.70 283.34
7807 4.64 0.00 0.00 7.80 281.43
7808 5.47 26.49 25.24 7.80 283.57
7809 6.94 117.38 141.01 8.10 287.16
7810 8.36 203.79 143.51 6.60 292.19
7811 9.81 295.94 255.47 7.50 292.94
7812 9.53 128.54 0.00 8.10 307.85
7813 9.75 203.11 25.06 6.40 302.15
7814 9.94 214.22 86.10 7.10 297.65
7815 10.32 275.66 493.27 6.90 283.31
7816 10.14 164.65 517.97 6.00 283.14
7817 9.22 29.60 112.46 6.40 279.29
7818 8.61 0.00 0.00 5.20 278.84
7819 8.00 0.00 0.00 6.40 281.01
7820 7.38 0.00 0.00 4.30 279.78
7821 6.77 0.00 0.00 4.90 279.02
7822 6.16 0.00 0.00 6.90 279.53
7823 5.54 0.00 0.00 5.20 277.72
7824 4.93 0.00 0.00 4.90 274.38
7825 4.57 0.00 0.00 3.50 274.22
7826 4.18 0.00 0.00 3.70 272.88
7827 3.78 0.00 0.00 4.90 269.48
7828 3.57 0.00 0.00 3.70 271.91
7829 3.35 0.00 0.00 4.00 272.38
7830 3.20 0.00 0.00 3.50 272.68
7831 3.05 0.00 0.00 2.70 272.20
7832 3.99 27.91 48.64 1.80 274.10
7833 6.25 158.98 547.14 2.10 282.01
7834 8.64 302.11 749.84 1.50 282.71
7835 10.72 404.80 834.77 0.70 281.79
7836 12.32 456.62 862.01 1.50 286.86
7837 13.27 453.02 860.31 0.90 289.36
7838 13.66 390.02 810.05 1.50 289.58
7839 13.39 279.25 703.75 1.60 293.96
7840 12.37 146.53 554.59 0.80 295.53
7841 10.73 19.85 0.00 0.90 291.70
7842 10.35 0.00 0.00 0.80 298.39
7843 9.98 0.00 0.00 1.10 297.80
7844 9.61 0.00 0.00 1.80 295.85
7845 9.23 0.00 0.00 1.90 296.33
7846 8.86 0.00 0.00 1.10 298.15
7847 8.49 0.00 0.00 1.80 297.55
7848 8.11 0.00 0.00 1.50 298.42
7849 7.88 0.00 0.00 1.90 299.00
7850 7.64 0.00 0.00 1.90 301.00
7851 7.39 0.00 0.00 2.50 300.86
7852 7.26 0.00 0.00 4.90 302.37
7853 7.13 0.00 0.00 6.00 304.33
7854 7.04 0.00 0.00 3.50 304.45
7855 6.95 0.00 0.00 4.30 309.88
7856 7.29 10.25 0.00 4.50 317.48
7857 8.03 53.70 0.00 6.00 322.58
7858 9.82 188.46 158.54 6.90 315.98
7859 10.40 153.11 9.34 5.40 328.05
7860 12.00 334.99 211.65 7.50 317.81
7861 11.93 137.79 0.00 5.70 335.38
7862 11.95 152.59 11.19 6.00 331.04
7863 12.22 214.34 213.82 4.50 321.01
7864 11.44 37.32 0.00 3.50 340.01
7865 10.65 10.92 0.00 4.30 334.45
7866 10.49 0.00 0.00 3.00 330.83
7867 10.33 0.00 0.00 4.00 331.91
7868 10.17 0.00 0.00 4.90 328.75
7869 10.01 0.00 0.00 4.90 326.10
7870 9.84 0.00 0.00 7.50 322.10
7871 9.68 0.00 0.00 6.40 318.55
7872 9.52 0.00 0.00 5.40 319.59
7873 9.42 0.00 0.00 4.90 311.55
7874 9.38 0.00 0.00 2.90 311.99
7875 9.35 0.00 0.00 0.80 314.13
7876 9.36 0.00 0.00 1.50 312.42
7877 9.38 0.00 0.00 1.10 310.88
7878 9.41 0.00 0.00 1.90 306.67
7879 9.44 0.00 0.00 4.50 306.03
7880 10.38 32.30 115.43 7.50 308.95
7881 12.34 172.50 661.11 4.50 315.45
7882 14.05 299.18 760.95 4.50 318.26
7883 15.78 433.12 906.04 5.40 318.68
7884 17.10 484.13 705.73 2.50 322.34
7885 16.88 244.92 99.60 3.70 346.32
7886 15.43 30.92 0.00 2.50 362.85
7887 14.32 22.48 0.00 2.70 361.99
7888 13.41 11.52 0.00 1.50 356.91
7889 12.68 1.73 0.00 1.20 353.35
7890 12.95 0.00 0.00 0.60 353.83
7891 13.21 0.00 0.00 0.90 354.54
7892 13.38 0.00 0.00 1.10 356.32
7893 13.63 0.00 0.00 1.60 358.50
7894 13.87 0.00 0.00 0.80 359.20
7895 14.12 0.00 0.00 0.60 360.49
7896 14.36 0.00 0.00 0.50 361.30
7897 13.98 0.00 0.00 0.60 362.04
7898 13.32 0.00 0.00 0.60 361.68
7899 12.85 0.00 0.00 0.40 359.29
7900 12.20 0.00 0.00 0.30 357.82
7901 11.68 0.00 0.00 0.30 354.60
7902 13.16 0.00 0.00 0.30 361.70
7903 13.35 0.00 0.00 0.30 362.45
7904 13.64 3.84 0.00 0.30 362.25
7905 13.97 19.01 0.00 0.90 363.06
7906 14.32 32.19 0.00 1.20 368.75
7907 14.30 52.28 0.00 1.20 366.26
7908 14.81 54.60 0.00 1.30 364.97
7909 14.88 36.93 0.00 2.50 368.39
7910 16.40 329.70 334.94 1.30 338.37
7911 17.12 236.29 474.95 1.60 335.72
7912 17.26 124.30 408.93 1.90 340.85
7913 16.81 17.40 0.00 1.30 341.32
7914 16.41 0.00 0.00 1.50 339.71
7915 16.00 0.00 0.00 1.20 340.14
7916 15.60 0.00 0.00 0.70 340.16
7917 15.19 0.00 0.00 1.60 338.66
7918 14.78 0.00 0.00 1.10 339.60
7919 14.38 0.00 0.00 0.50 337.97
7920 13.97 0.00 0.00 0.40 335.18
7921 13.44 0.00 0.00 0.60 336.79
7922 12.91 0.00 0.00 0.60 334.29
7923 12.28 0.00 0.00 1.10 329.87
7924 11.94 0.00 0.00 1.30 329.44
7925 11.60 0.00 0.00 1.60 330.92
7926 11.36 0.00 0.00 0.90 332.38
7927 11.11 0.00 0.00 0.40 331.89
7928 11.50 15.48 0.00 0.60 333.38
7929 12.38 80.51 42.23 0.40 337.00
7930 13.52 181.96 116.50 0.50 332.36
7931 14.51 247.57 130.22 1.10 331.90
7932 14.95 222.97 34.01 0.60 339.39
7933 15.30 240.50 67.12 0.60 338.01
7934 15.49 227.15 98.65 0.30 339.86
7935 15.30 149.16 76.28 0.50 343.51
7936 14.45 12.76 0.00 0.50 360.35
7937 13.72 6.34 0.00 0.50 358.86
7938 13.57 0.00 0.00 0.50 355.05
7939 13.42 0.00 0.00 1.30 354.37
7940 13.27 0.00 0.00 1.80 351.00
7941 13.18 0.00 0.00 4.50 350.57
7942 13.01 0.00 0.00 5.40 350.06
7943 12.85 0.00 0.00 3.20 349.09
7944 12.69 0.00 0.00 3.70 349.23
7945 11.96 0.00 0.00 3.20 349.57
7946 12.61 0.00 0.00 2.10 350.96
7947 13.05 0.00 0.00 1.60 352.35
7948 13.15 0.00 0.00 1.50 351.64
7949 13.26 0.00 0.00 1.10 350.27
7950 13.28 0.00 0.00 0.70 348.50
7951 13.34 0.00 0.00 2.10 344.01
7952 13.81 11.51 0.00 2.70 348.42
7953 14.77 64.94 0.00 6.00 350.65
7954 15.94 146.71 45.59 7.50 351.83
7955 16.83 164.95 12.34 6.40 359.69
7956 17.34 167.15 5.69 4.90 364.39
7957 17.95 197.93 19.58 6.00 351.33
7958 18.33 191.93 45.49 5.40 346.38
7959 17.86 60.02 0.00 5.40 357.76
7960 17.04 11.25 0.00 5.40 373.99
7961 16.65 4.63 0.00 4.00 373.33
7962 16.36 0.00 0.00 3.20 369.64
7963 16.07 0.00 0.00 2.90 365.97
7964 15.78 0.00 0.00 3.70 362.32
7965 15.49 0.00 0.00 2.30 358.70
7966 15.20 0.00 0.00 2.10 355.10
7967 14.91 0.00 0.00 1.60 351.53
7968 14.62 0.00 0.00 2.10 347.98
7969 13.55 0.00 0.00 1.50 340.58
7970 12.41 0.00 0.00 0.70 336.70
7971 11.17 0.00 0.00 1.10 329.50
7972 10.50 0.00 0.00 0.80 325.76
7973 9.84 0.00 0.00 0.70 321.26
7974 9.37 0.00 0.00 1.20 317.60
7975 8.89 0.00 0.00 1.80 313.25
7976 9.41 20.53 5.88 0.70 311.83
7977 11.04 137.70 493.89 0.60 315.67
7978 12.80 266.92 655.29 0.90 317.57
7979 14.21 365.83 742.04 2.90 317.18
7980 15.44 438.10 834.99 4.50 316.49
7981 16.25 439.91 872.58 6.40 318.25
7982 16.55 377.46 818.52 6.60 320.77
7983 16.35 272.10 724.90 6.90 322.89
7984 15.44 130.17 488.83 7.80 326.82
7985 14.17 16.29 0.00 9.20 326.61
7986 13.47 0.00 0.00 8.80 330.26
7987 12.82 0.00 0.00 8.80 328.65
7988 12.07 0.00 0.00 8.10 325.96
7989 11.32 0.00 0.00 7.10 324.86
7990 10.57 0.00 0.00 6.00 325.15
7991 9.82 0.00 0.00 6.60 321.51
7992 9.07 0.00 0.00 7.10 320.87
7993 8.71 0.00 0.00 4.90 320.85
7994 8.40 0.00 0.00 3.00 321.81
7995 8.09 0.00 0.00 3.20 322.16
7996 7.97 0.00 0.00 2.50 322.45
7997 7.84 0.00 0.00 2.30 322.30
7998 7.78 0.00 0.00 1.80 321.52
7999 7.71 0.00 0.00 2.70 322.25
8000 8.03 7.18 0.00 2.10 325.45
8001 8.16 11.07 0.00 1.90 329.53
8002 9.89 148.78 75.15 2.10 317.29
8003 10.46 112.31 0.00 2.10 328.05
8004 12.76 380.79 497.31 2.30 308.27
8005 14.27 397.86 654.85 1.30 308.24
8006 15.35 391.40 781.01 0.90 306.65
8007 15.71 279.69 725.06 1.10 308.55
8008 15.27 138.40 525.98 2.10 313.95
8009 14.27 22.12 34.12 3.50 310.51
8010 13.50 0.00 0.00 5.20 305.53
8011 12.77 0.00 0.00 3.00 304.59
8012 11.95 0.00 0.00 4.30 302.24
8013 11.12 0.00 0.00 6.60 299.33
8014 10.30 0.00 0.00 6.90 295.21
8015 9.27 0.00 0.00 6.00 291.31
8016 8.25 0.00 0.00 5.20 287.09
8017 7.09 0.00 0.00 3.10 281.31
8018 6.07 0.00 0.00 1.50 277.87
8019 5.04 0.00 0.00 0.60 277.62
8020 4.38 0.00 0.00 0.70 273.88
8021 3.71 0.00 0.00 0.50 271.14
8022 3.22 0.00 0.00 0.40 271.93
8023 2.74 0.00 0.00 0.40 267.63
8024 3.55 24.33 62.85 0.40 270.28
8025 5.84 148.70 623.20 0.30 276.16
8026 8.42 295.21 678.52 0.30 275.57
8027 9.88 320.01 464.78 1.30 287.56
8028 11.20 382.51 517.59 1.60 286.97
8029 10.90 209.44 57.87 1.10 302.27
8030 10.72 219.93 126.46 0.40 298.62
8031 10.90 292.08 593.87 0.20 284.28
8032 10.08 143.54 624.20 0.50 289.17
8033 8.58 18.87 0.00 0.50 290.43
8034 8.00 0.00 0.00 0.50 291.01
8035 7.42 0.00 0.00 1.10 285.72
8036 6.83 0.00 0.00 1.30 287.11
8037 6.25 0.00 0.00 1.00 288.75
8038 5.67 0.00 0.00 1.50 287.49
8039 5.09 0.00 0.00 3.60 285.96
8040 4.50 0.00 0.00 1.80 280.68
8041 4.48 0.00 0.00 2.80 280.51
8042 4.48 0.00 0.00 1.80 277.43
8043 4.49 0.00 0.00 0.20 279.98
8044 4.50 0.00 0.00 0.90 282.93
8045 4.52 0.00 0.00 1.00 284.36
8046 4.53 0.00 0.00 0.70 285.82
8047 4.55 0.00 0.00 0.60 285.58
8048 5.41 16.89 0.00 1.10 286.87
8049 7.40 96.60 138.51 2.60 291.38
8050 9.55 185.90 162.90 2.00 289.82
8051 11.43 251.01 152.29 2.80 293.26
8052 13.14 316.32 328.56 3.10 291.43
8053 14.05 288.59 200.66 2.20 298.30
8054 14.86 312.21 490.24 0.90 295.26
8055 14.95 221.91 449.29 2.20 297.48
8056 14.25 128.18 374.77 1.30 297.59
8057 12.91 20.08 10.61 0.50 295.98
8058 12.52 0.00 0.00 0.50 298.56
8059 12.13 0.00 0.00 0.60 297.71
8060 11.73 0.00 0.00 1.80 293.85
8061 11.34 0.00 0.00 3.10 294.49
8062 10.95 0.00 0.00 4.29 293.23
8063 10.55 0.00 0.00 2.40 292.41
8064 10.16 0.00 0.00 3.60 291.52
8065 9.66 0.00 0.00 1.00 291.33
8066 9.16 0.00 0.00 0.80 290.08
8067 8.65 0.00 0.00 0.90 290.24
8068 8.39 0.00 0.00 1.50 289.86
8069 8.14 0.00 0.00 1.30 290.43
8070 7.96 0.00 0.00 1.60 290.58
8071 7.79 0.00 0.00 1.80 293.21
8072 8.52 16.98 0.00 3.10 293.53
8073 10.65 116.11 361.97 2.80 300.22
8074 12.33 183.65 213.52 1.80 303.31
8075 14.67 341.04 555.79 2.60 300.28
8076 16.54 398.35 688.39 2.60 301.44
8077 17.36 334.47 372.94 2.80 314.79
8078 17.43 243.84 150.78 4.09 318.98
8079 17.02 187.05 209.20 3.30 318.75
8080 16.29 132.15 333.19 2.60 311.70
8081 14.95 20.90 22.73 1.50 308.81
8082 14.32 0.00 0.00 1.60 305.46
8083 13.69 0.00 0.00 1.60 305.03
8084 13.07 0.00 0.00 3.10 303.66
8085 12.47 0.00 0.00 1.00 305.44
8086 11.80 0.00 0.00 1.00 302.48
8087 11.13 0.00 0.00 1.00 299.80
8088 10.46 0.00 0.00 0.70 299.51
8089 9.81 0.00 0.00 0.50 298.89
8090 9.20 0.00 0.00 0.70 295.17
8091 8.59 0.00 0.00 0.30 293.92
8092 8.29 0.00 0.00 0.30 291.55
8093 8.00 0.00 0.00 0.40 290.25
8094 7.82 0.00 0.00 0.30 289.64
8095 7.63 0.00 0.00 0.60 291.50
8096 8.32 18.61 0.00 0.50 294.87
8097 10.23 123.93 434.92 0.70 301.47
8098 12.44 255.67 636.96 4.09 301.93
8099 14.34 361.21 745.60 2.40 302.67
8100 15.88 418.43 793.66 1.10 306.32
8101 16.92 418.85 794.71 0.90 307.33
8102 17.40 362.42 544.59 1.30 310.74
8103 15.59 19.02 0.00 1.30 342.75
8104 14.28 33.25 0.00 1.10 333.16
8105 13.13 1.42 0.00 1.30 331.68
8106 12.73 0.00 0.00 0.80 332.37
8107 12.33 0.00 0.00 0.40 329.52
8108 11.92 0.00 0.00 0.30 325.47
8109 11.52 0.00 0.00 0.70 322.48
8110 11.12 0.00 0.00 1.00 321.44
8111 10.72 0.00 0.00 0.70 316.65
8112 10.32 0.00 0.00 1.30 314.62
8113 9.79 0.00 0.00 1.50 313.38
8114 9.23 0.00 0.00 0.60 310.12
8115 8.66 0.00 0.00 1.00 308.78
8116 8.37 0.00 0.00 2.00 305.02
8117 7.66 0.00 0.00 2.80 307.82
8118 7.81 0.00 0.00 3.10 304.96
8119 7.53 0.00 0.00 3.60 301.32
8120 7.72 2.58 0.00 4.09 304.22
8121 9.55 90.89 211.03 4.89 313.15
8122 9.13 19.22 0.00 4.29 329.18
8123 8.98 27.05 0.00 5.89 329.20
8124 8.92 31.49 0.00 8.09 329.54
8125 9.89 180.15 67.90 4.59 318.04
8126 11.78 374.21 633.42 4.59 293.17
8127 12.61 267.78 748.10 3.60 300.19
8128 12.61 131.78 545.20 3.10 307.08
8129 11.81 18.70 0.00 4.59 303.80
8130 11.54 0.00 0.00 5.09 305.41
8131 11.26 0.00 0.00 6.19 307.66
8132 10.99 0.00 0.00 9.19 307.87
8133 10.71 0.00 0.00 8.29 306.31
8134 10.44 0.00 0.00 9.19 310.16
8135 10.16 0.00 0.00 6.79 312.06
8136 9.88 0.00 0.00 8.49 316.63
8137 9.76 0.00 0.00 9.19 320.76
8138 9.59 0.00 0.00 6.39 320.60
8139 9.29 0.00 0.00 6.39 325.58
8140 9.57 0.00 0.00 8.49 329.10
8141 9.55 0.00 0.00 10.49 330.46
8142 9.55 0.00 0.00 12.38 332.11
8143 9.43 0.00 0.00 12.38 331.59
8144 9.62 1.33 0.00 11.09 333.91
8145 9.18 10.84 0.00 9.99 337.27
8146 10.55 54.03 0.00 9.99 334.40
8147 11.63 98.03 0.00 9.19 334.82
8148 12.39 112.74 0.00 7.39 338.87
8149 13.07 131.70 0.00 8.09 340.74
8150 14.66 322.79 490.16 6.79 325.71
8151 15.33 216.87 401.32 5.09 334.01
8152 15.10 86.76 138.31 3.10 330.69
8153 14.37 12.77 0.00 1.10 327.62
8154 14.05 0.00 0.00 0.90 327.30
8155 13.73 0.00 0.00 0.80 325.60
8156 13.41 0.00 0.00 1.30 326.87
8157 13.09 0.00 0.00 1.80 326.72
8158 12.82 0.00 0.00 2.20 326.70
8159 12.48 0.00 0.00 1.60 325.12
8160 12.13 0.00 0.00 1.50 325.52
8161 11.61 0.00 0.00 1.30 324.02
8162 11.09 0.00 0.00 2.60 319.63
8163 10.57 0.00 0.00 3.30 314.13
8164 10.32 0.00 0.00 2.00 311.02
8165 10.07 0.00 0.00 4.59 308.53
8166 9.90 0.00 0.00 5.89 309.58
8167 9.74 0.00 0.00 4.29 310.69
8168 10.23 11.92 0.00 3.10 312.74
8169 12.27 111.97 410.36 1.80 314.90
8170 14.40 231.72 565.71 1.80 314.87
8171 16.11 298.84 470.46 2.40 320.92
8172 17.55 353.05 521.23 1.60 318.22
8173 18.71 385.39 596.38 1.60 321.11
8174 19.08 299.07 460.03 1.50 328.30
8175 18.89 216.87 401.01 0.70 327.42
8176 17.95 104.62 259.45 1.10 327.99
8177 16.61 14.40 0.00 0.60 328.39
8178 16.09 0.00 0.00 0.80 328.91
8179 15.57 0.00 0.00 1.00 328.12
8180 15.05 0.00 0.00 2.00 330.21
8181 14.53 0.00 0.00 1.60 331.30
8182 14.00 0.00 0.00 0.50 332.17
8183 13.48 0.00 0.00 0.40 331.40
8184 13.03 0.00 0.00 0.30 329.34
8185 12.42 0.00 0.00 0.10 331.85
8186 11.83 0.00 0.00 0.20 331.91
8187 11.24 0.00 0.00 0.60 334.29
8188 10.96 0.00 0.00 1.10 334.09
8189 10.67 0.00 0.00 1.00 336.88
8190 10.48 0.00 0.00 0.20 339.35
8191 10.30 0.00 0.00 0.40 338.33
8192 10.35 1.20 0.00 0.40 340.95
8193 10.50 8.44 0.00 0.20 344.03
8194 10.68 18.04 0.00 0.40 346.55
8195 13.74 347.76 527.58 0.50 315.09
8196 15.58 355.43 495.04 0.90 324.86
8197 16.46 294.54 202.29 2.60 330.53
8198 16.89 254.68 228.43 2.60 329.31
8199 16.50 129.29 51.50 3.60 333.92
8200 15.50 21.85 0.00 3.80 348.31
8201 14.68 18.97 0.00 3.80 344.21
8202 14.20 0.00 0.00 1.50 338.27
8203 13.72 0.00 0.00 1.60 334.87
8204 13.23 0.00 0.00 2.40 331.81
8205 12.80 0.00 0.00 1.80 325.86
8206 12.28 0.00 0.00 1.80 322.33
8207 11.76 0.00 0.00 1.50 320.96
8208 11.24 0.00 0.00 1.00 319.48
8209 10.73 0.00 0.00 1.60 317.85
8210 10.26 0.00 0.00 1.60 314.91
8211 9.80 0.00 0.00 1.30 313.66
8212 9.58 0.00 0.00 1.50 312.13
8213 9.37 0.00 0.00 4.29 310.23
8214 9.15 0.00 0.00 3.80 309.84
8215 9.02 0.00 0.00 3.80 310.23
8216 8.89 9.84 0.00 2.80 307.07
8217 11.60 118.51 423.67 7.09 315.13
8218 13.11 255.17 633.98 7.39 310.87
8219 14.03 313.66 483.71 5.89 316.73
8220 13.31 157.38 25.69 4.89 339.14
8221 12.17 32.64 0.00 4.59 346.14
8222 11.90 122.71 0.00 6.79 334.39
8223 11.13 20.14 0.00 5.59 339.75
8224 11.00 109.78 178.32 7.69 313.14
8225 10.52 19.65 3.87 5.89 313.16
8226 10.22 0.00 0.00 7.39 311.75
8227 9.91 0.00 0.00 6.19 311.02
8228 9.61 0.00 0.00 6.39 311.57
8229 9.30 0.00 0.00 7.09 310.27
8230 9.00 0.00 0.00 5.09 309.95
8231 8.69 0.00 0.00 5.89 309.77
8232 8.39 0.00 0.00 5.89 310.74
8233 7.93 0.00 0.00 5.09 308.21
8234 7.50 0.00 0.00 3.80 305.10
8235 7.06 0.00 0.00 4.29 302.30
8236 6.85 0.00 0.00 4.09 302.22
8237 6.64 0.00 0.00 3.60 301.06
8238 6.44 0.00 0.00 3.10 299.89
8239 6.30 0.00 0.00 2.40 299.14
8240 6.17 8.63 0.00 1.50 298.39
8241 9.00 102.81 274.54 1.00 303.53
8242 10.99 247.09 589.47 1.60 296.98
8243 12.58 347.36 704.11 1.50 301.57
8244 13.33 354.23 469.14 2.00 305.85
8245 13.05 220.35 86.14 2.20 318.94
8246 11.87 99.18 0.00 2.60 324.18
8247 10.72 52.91 0.00 2.40 326.50
8248 9.83 46.40 0.00 2.00 320.59
8249 8.94 8.22 0.00 1.50 317.88
8250 8.85 0.00 0.00 2.00 315.14
8251 8.76 0.00 0.00 2.40 316.82
8252 8.67 0.00 0.00 2.20 317.20
8253 8.57 0.00 0.00 1.60 315.94
8254 8.48 0.00 0.00 1.80 316.82
8255 8.39 0.00 0.00 2.20 316.15
8256 8.30 0.00 0.00 3.60 314.75
8257 8.13 0.00 0.00 4.09 312.04
8258 7.97 0.00 0.00 4.29 310.54
8259 7.81 0.00 0.00 2.40 306.64
8260 7.73 0.00 0.00 3.60 306.32
8261 7.65 0.00 0.00 4.59 305.70
8262 7.57 0.00 0.00 4.89 306.36
8263 7.52 0.00 0.00 5.39 304.22
8264 7.47 8.15 0.00 5.09 302.44
8265 11.26 111.73 379.23 5.09 312.82
8266 13.36 241.44 496.02 5.89 311.37
8267 13.29 172.28 55.64 7.89 329.78
8268 13.11 164.89 8.86 7.89 337.05
8269 12.88 164.19 8.17 5.39 335.93
8270 13.13 176.88 40.20 5.39 327.92
8271 12.45 78.43 0.00 3.10 332.28
8272 11.38 9.82 0.00 3.80 337.40
8273 10.52 4.36 0.00 3.80 334.06
8274 10.41 0.00 0.00 4.59 334.92
8275 10.29 0.00 0.00 4.89 331.42
8276 10.18 0.00 0.00 4.59 332.51
8277 10.07 0.00 0.00 6.79 330.45
8278 9.95 0.00 0.00 6.19 329.39
8279 9.84 0.00 0.00 5.39 327.17
8280 9.72 0.00 0.00 5.39 328.14
8281 9.59 0.00 0.00 6.79 326.63
8282 9.50 0.00 0.00 4.29 324.44
8283 9.41 0.00 0.00 3.80 323.09
8284 9.38 0.00 0.00 4.09 321.81
8285 9.36 0.00 0.00 2.20 324.41
8286 9.34 0.00 0.00 1.30 324.25
8287 9.34 0.00 0.00 1.10 321.39
8288 9.33 11.89 0.00 1.80 321.04
8289 11.89 63.95 56.84 2.00 324.38
8290 14.68 213.41 400.21 2.40 315.85
8291 16.28 266.83 358.60 0.60 323.38
8292 17.26 284.37 229.08 2.40 331.90
8293 18.35 350.50 489.74 1.30 326.94
8294 18.61 271.49 351.62 2.20 333.43
8295 18.07 176.42 154.41 2.20 334.75
8296 17.01 90.77 185.74 2.40 336.80
8297 15.61 5.21 0.00 3.80 329.05
8298 15.22 0.00 0.00 4.09 328.10
8299 14.83 0.00 0.00 5.09 328.12
8300 14.44 0.00 0.00 6.19 326.09
8301 14.05 0.00 0.00 5.09 322.11
8302 13.67 0.00 0.00 5.89 320.30
8303 13.28 0.00 0.00 4.89 319.09
8304 12.95 0.00 0.00 4.59 321.32
8305 12.36 0.00 0.00 4.59 318.90
8306 11.71 0.00 0.00 5.89 317.08
8307 11.07 0.00 0.00 4.09 317.58
8308 10.72 0.00 0.00 2.40 315.62
8309 10.29 0.00 0.00 3.10 326.91
8310 9.99 0.00 0.00 4.09 326.18
8311 9.77 0.00 0.00 4.29 328.72
8312 9.52 4.79 0.00 5.89 328.27
8313 10.15 25.95 0.00 6.79 331.06
8314 10.97 92.52 0.00 4.59 327.58
8315 12.51 239.94 212.53 4.29 315.95
8316 13.33 267.25 146.34 3.30 317.04
8317 13.73 248.26 112.70 3.60 317.31
8318 13.72 183.54 68.27 3.60 322.14
8319 12.87 33.56 0.00 3.30 339.09
8320 12.00 9.56 0.00 2.40 341.64
8321 11.28 3.83 0.00 2.80 340.51
8322 10.94 0.00 0.00 4.29 343.19
8323 11.17 0.00 0.00 4.59 340.36
8324 11.12 0.00 0.00 6.39 340.53
8325 11.07 0.00 0.00 6.39 341.57
8326 11.01 0.00 0.00 6.79 339.70
8327 10.96 0.00 0.00 7.89 337.87
8328 10.91 0.00 0.00 7.69 335.30
8329 11.06 0.00 0.00 7.39 335.47
8330 11.28 0.00 0.00 7.39 329.21
8331 11.54 0.00 0.00 8.49 332.26
8332 11.70 0.00 0.00 7.09 331.91
8333 11.86 0.00 0.00 5.09 331.57
8334 12.02 0.00 0.00 2.20 331.22
8335 12.16 0.00 0.00 1.80 330.73
8336 12.29 5.41 0.00 2.40 330.24
8337 15.17 76.76 181.28 4.09 342.21
8338 16.71 156.64 124.62 2.60 331.41
8339 17.82 201.23 108.26 2.40 326.74
8340 17.87 155.63 7.71 1.80 348.67
8341 18.39 197.00 38.50 2.40 358.84
8342 18.00 114.86 0.00 3.10 369.27
8343 16.68 59.42 0.00 3.10 369.45
8344 16.37 33.56 0.00 1.80 367.75
8345 15.89 9.32 0.00 2.40 360.61
8346 15.73 0.00 0.00 2.20 358.46
8347 15.57 0.00 0.00 1.10 356.32
8348 15.40 0.00 0.00 0.60 354.19
8349 15.24 0.00 0.00 1.30 352.06
8350 15.08 0.00 0.00 2.40 349.95
8351 14.92 0.00 0.00 2.00 347.84
8352 14.76 0.00 0.00 2.20 345.74
8353 14.30 0.00 0.00 1.30 341.95
8354 13.88 0.00 0.00 1.50 338.41
8355 13.46 0.00 0.00 1.50 332.64
8356 13.26 0.00 0.00 1.80 333.31
8357 13.07 0.00 0.00 1.60 333.08
8358 12.94 0.00 0.00 1.60 334.24
8359 12.82 0.00 0.00 3.10 335.05
8360 12.69 8.56 0.00 2.60 332.85
8361 15.25 90.36 327.96 3.10 339.47
8362 17.10 217.85 455.14 1.10 334.69
8363 17.77 221.25 180.03 2.20 345.28
8364 18.78 313.43 360.79 2.40 340.81
8365 19.14 267.43 182.67 2.80 349.36
8366 19.47 283.98 379.63 3.60 344.48
8367 19.10 172.69 175.32 3.10 347.25
8368 18.42 103.90 294.81 4.09 343.60
8369 17.44 19.17 0.00 2.60 341.00
8370 16.81 0.00 0.00 3.10 338.08
8371 16.19 0.00 0.00 3.30 336.66
8372 15.56 0.00 0.00 2.00 334.83
8373 14.94 0.00 0.00 2.80 336.13
8374 14.31 0.00 0.00 1.50 335.71
8375 13.69 0.00 0.00 1.00 335.97
8376 13.13 0.00 0.00 1.50 332.90
8377 12.30 0.00 0.00 2.40 335.63
8378 11.40 0.00 0.00 1.00 332.94
8379 10.50 0.00 0.00 0.80 332.51
8380 10.02 0.00 0.00 0.40 332.75
8381 9.53 0.00 0.00 0.50 330.67
8382 9.05 0.00 0.00 0.30 327.06
8383 8.70 0.00 0.00 0.80 327.69
8384 8.36 5.69 0.00 1.50 325.56
8385 9.11 25.19 0.00 2.40 329.54
8386 10.63 122.10 49.96 2.40 321.48
8387 11.84 191.92 91.39 2.20 322.02
8388 13.12 278.74 223.43 3.60 319.55
8389 14.27 366.40 549.59 5.89 315.88
8390 14.55 263.78 297.40 5.89 321.91
8391 14.60 233.85 464.18 6.19 315.77
8392 13.94 119.10 439.91 5.59 314.69
8393 12.90 18.45 0.00 3.80 311.20
8394 12.22 0.00 0.00 2.80 310.56
8395 11.55 0.00 0.00 1.80 310.89
8396 10.87 0.00 0.00 1.60 307.18
8397 10.19 0.00 0.00 1.50 305.40
8398 9.52 0.00 0.00 0.70 301.77
8399 8.84 0.00 0.00 0.50 299.36
8400 8.17 0.00 0.00 1.00 298.49
8401 7.75 0.00 0.00 1.60 296.20
8402 7.32 0.00 0.00 4.09 293.17
8403 6.90 0.00 0.00 4.89 293.48
8404 6.69 0.00 0.00 3.80 292.18
8405 6.48 0.00 0.00 3.30 289.47
8406 6.27 0.00 0.00 2.00 291.01
8407 6.13 0.00 0.00 1.30 289.10
8408 5.99 9.16 0.00 3.30 284.58
8409 9.87 103.58 466.77 4.29 290.68
8410 12.37 236.88 584.10 4.89 295.71
8411 13.04 224.61 196.79 5.59 306.09
8412 14.75 391.24 678.79 3.60 300.64
8413 15.98 416.44 793.04 2.80 299.69
8414 16.43 350.87 738.33 3.10 306.24
8415 15.90 225.77 477.29 3.80 311.81
8416 14.77 126.12 383.77 1.30 311.04
8417 13.16 15.27 0.00 2.40 308.97
8418 12.71 0.00 0.00 2.20 310.62
8419 12.17 0.00 0.00 3.30 311.13
8420 11.64 0.00 0.00 2.80 308.11
8421 11.10 0.00 0.00 1.50 307.47
8422 10.56 0.00 0.00 1.30 305.70
8423 10.03 0.00 0.00 0.20 302.22
8424 9.49 0.00 0.00 0.30 304.57
8425 8.96 0.00 0.00 0.60 302.88
8426 8.41 0.00 0.00 0.40 302.09
8427 7.86 0.00 0.00 0.90 301.66
8428 7.57 0.00 0.00 1.60 304.83
8429 7.28 0.00 0.00 1.50 305.21
8430 6.99 0.00 0.00 1.30 303.49
8431 6.79 0.00 0.00 1.60 304.18
8432 6.59 3.35 0.00 2.60 302.92
8433 8.27 49.25 8.01 3.10 309.13
8434 9.44 118.24 53.37 3.30 309.86
8435 8.82 32.38 0.00 3.60 323.89
8436 10.67 283.02 266.34 3.80 301.63
8437 12.03 320.81 417.88 3.10 298.88
8438 12.73 287.28 432.67 4.59 302.53
8439 12.98 236.91 432.21 4.29 302.81
8440 12.10 71.94 55.59 6.79 316.49
8441 11.00 11.35 0.00 6.39 312.70
8442 10.56 0.00 0.00 6.79 310.57
8443 10.11 0.00 0.00 5.59 309.81
8444 9.67 0.00 0.00 6.19 305.30
8445 9.22 0.00 0.00 6.39 302.70
8446 8.77 0.00 0.00 9.19 300.43
8447 8.33 0.00 0.00 7.09 298.71
8448 7.88 0.00 0.00 5.89 296.03
8449 7.52 0.00 0.00 5.59 294.31
8450 7.19 0.00 0.00 4.29 291.73
8451 6.86 0.00 0.00 5.59 292.32
8452 6.71 0.00 0.00 5.59 292.42
8453 6.56 0.00 0.00 5.39 291.61
8454 6.41 0.00 0.00 3.60 289.14
8455 6.32 0.00 0.00 2.40 289.09
8456 6.22 8.45 0.00 2.40 288.66
8457 9.18 99.76 248.91 4.09 296.69
8458 9.69 132.33 93.66 3.30 307.58
8459 10.87 234.34 212.94 2.80 306.43
8460 12.10 318.93 393.92 4.09 301.02
8461 12.64 283.34 230.56 4.89 305.08
8462 12.28 167.72 44.89 2.00 313.30
8463 11.00 23.79 0.00 2.00 325.48
8464 9.97 10.47 0.00 0.90 325.48
8465 9.12 1.68 0.00 1.80 322.88
8466 8.89 0.00 0.00 2.80 323.20
8467 8.66 0.00 0.00 2.80 322.96
8468 8.43 0.00 0.00 1.10 321.74
8469 8.19 0.00 0.00 1.60 318.83
8470 7.96 0.00 0.00 2.60 320.67
8471 7.73 0.00 0.00 1.30 315.76
8472 7.50 0.00 0.00 1.00 310.70
8473 7.16 0.00 0.00 1.30 311.19
8474 6.86 0.00 0.00 2.00 307.35
8475 6.55 0.00 0.00 2.00 308.00
8476 6.41 0.00 0.00 1.80 304.52
8477 6.27 0.00 0.00 0.80 303.64
8478 6.13 0.00 0.00 1.00 304.89
8479 6.04 0.00 0.00 1.80 303.27
8480 5.96 4.58 0.00 1.30 306.01
8481 7.13 37.77 0.00 1.00 306.37
8482 8.28 111.90 25.83 1.60 303.97
8483 9.68 210.35 119.64 2.00 300.42
8484 10.66 246.45 121.19 2.80 301.99
8485 11.64 308.79 314.63 2.00 296.72
8486 11.21 129.65 0.84 3.10 312.53
8487 10.10 20.04 0.00 3.10 320.53
8488 9.51 56.90 0.00 3.10 305.26
8489 8.81 13.82 0.00 1.00 308.26
8490 8.58 0.00 0.00 0.50 308.35
8491 8.35 0.00 0.00 1.60 308.29
8492 8.06 0.00 0.00 1.10 313.11
8493 7.89 0.00 0.00 0.90 315.23
8494 7.65 0.00 0.00 0.70 314.35
8495 7.42 0.00 0.00 2.20 313.47
8496 7.19 0.00 0.00 1.00 312.60
8497 4.86 0.00 0.00 1.00 306.72
8498 5.40 0.00 0.00 0.90 311.54
8499 5.72 0.00 0.00 1.50 309.49
8500 5.70 0.00 0.00 1.00 310.73
8501 5.05 0.00 0.00 2.80 308.39
8502 5.06 0.00 0.00 2.60 308.15
8503 5.35 0.00 0.00 1.00 308.89
8504 5.19 2.62 0.00 1.80 308.14
8505 6.03 23.29 0.00 1.80 310.02
8506 7.05 85.10 0.00 2.80 306.56
8507 8.03 139.14 7.91 2.80 309.13
8508 8.40 126.05 0.00 2.40 314.62
8509 8.42 106.88 0.00 3.80 316.90
8510 8.47 96.82 0.00 3.30 317.13
8511 8.31 83.37 0.00 2.20 315.05
8512 7.99 48.32 0.00 1.10 313.31
8513 7.16 8.23 0.00 0.40 310.59
8514 6.81 0.00 0.00 1.30 307.86
8515 6.51 0.00 0.00 1.30 302.77
8516 5.98 0.00 0.00 1.50 299.12
8517 5.65 0.00 0.00 0.90 299.20
8518 5.18 0.00 0.00 1.10 295.78
8519 4.72 0.00 0.00 3.30 292.86
8520 4.25 0.00 0.00 3.80 289.89
8521 3.69 0.00 0.00 4.59 285.99
8522 3.09 0.00 0.00 3.60 284.05
8523 2.49 0.00 0.00 1.60 280.21
8524 2.16 0.00 0.00 3.10 278.46
8525 1.84 0.00 0.00 3.80 275.43
8526 1.52 0.00 0.00 3.60 271.42
8527 1.29 0.00 0.00 2.20 265.79
8528 1.06 4.77 0.00 2.60 265.08
8529 3.71 81.06 279.31 2.60 274.71
8530 5.17 171.30 277.99 1.10 276.35
8531 6.97 293.10 496.74 0.80 276.20
8532 8.61 383.70 660.24 0.90 278.62
8533 9.33 346.85 493.17 0.80 284.60
8534 9.39 274.65 338.45 0.60 290.06
8535 8.50 153.28 102.75 1.00 299.36
8536 7.21 68.53 22.30 1.50 301.83
8537 5.84 10.53 0.00 1.30 299.37
8538 5.66 0.00 0.00 1.10 301.49
8539 5.48 0.00 0.00 1.80 300.05
8540 5.29 0.00 0.00 2.60 301.37
8541 5.11 0.00 0.00 3.30 303.07
8542 4.93 0.00 0.00 2.00 305.38
8543 4.74 0.00 0.00 2.00 304.77
8544 4.56 0.00 0.00 1.60 304.16
8545 4.12 0.00 0.00 2.60 301.03
8546 4.57 0.00 0.00 1.60 303.13
8547 4.61 0.00 0.00 2.00 303.77
8548 4.74 0.00 0.00 1.60 305.62
8549 3.75 0.00 0.00 1.10 300.97
8550 4.75 0.00 0.00 1.00 305.73
8551 4.94 0.00 0.00 0.40 307.95
8552 5.00 2.89 0.00 1.10 308.73
8553 6.32 30.80 0.00 1.50 316.49
8554 6.70 47.14 0.00 1.80 320.26
8555 8.12 143.60 15.22 1.30 313.20
8556 9.13 175.99 23.29 2.20 314.21
8557 10.74 268.87 210.87 1.10 306.75
8558 9.73 61.07 0.00 2.00 331.12
8559 10.57 173.32 176.48 2.00 314.34
8560 9.85 36.51 0.00 1.30 316.40
8561 9.10 9.66 0.00 1.80 310.78
8562 8.70 0.00 0.00 1.30 308.99
8563 8.30 0.00 0.00 1.80 305.65
8564 7.89 0.00 0.00 2.20 303.39
8565 7.49 0.00 0.00 3.10 299.76
8566 7.09 0.00 0.00 1.10 301.59
8567 6.69 0.00 0.00 1.50 300.08
8568 6.28 0.00 0.00 1.50 299.99
8569 5.60 0.00 0.00 0.80 293.63
8570 4.88 0.00 0.00 0.40 291.00
8571 4.16 0.00 0.00 0.80 287.86
8572 3.78 0.00 0.00 1.30 286.49
8573 3.39 0.00 0.00 2.20 283.78
8574 3.01 0.00 0.00 2.20 282.03
8575 2.74 0.00 0.00 3.30 282.56
8576 2.47 4.57 0.00 3.80 280.03
8577 4.62 61.24 64.18 3.30 284.54
8578 6.37 161.90 209.73 3.60 286.27
8579 7.21 185.45 95.41 1.30 289.75
8580 9.40 386.51 608.99 2.00 276.71
8581 10.64 379.43 726.10 1.60 279.35
8582 11.13 324.93 633.42 1.00 283.97
8583 11.11 252.77 625.75 1.00 282.15
8584 10.13 127.80 436.42 2.60 287.10
8585 8.66 22.06 32.14 3.30 284.02
8586 7.99 0.00 0.00 4.29 282.73
8587 7.31 0.00 0.00 2.20 280.73
8588 6.64 0.00 0.00 1.50 277.16
8589 5.97 0.00 0.00 1.00 276.53
8590 5.30 0.00 0.00 3.60 277.26
8591 4.63 0.00 0.00 2.40 278.88
8592 3.96 0.00 0.00 3.30 277.78
8593 3.45 0.00 0.00 3.10 279.95
8594 2.95 0.00 0.00 3.10 275.90
8595 2.44 0.00 0.00 3.10 275.80
8596 2.18 0.00 0.00 2.60 274.98
8597 1.93 0.00 0.00 2.00 272.06
8598 1.67 0.00 0.00 2.60 269.94
8599 1.50 0.00 0.00 4.89 268.58
8600 1.33 4.41 0.00 4.09 267.12
8601 3.74 64.01 123.75 4.29 273.27
8602 6.04 186.63 378.93 3.30 271.53
8603 7.57 247.80 292.99 4.59 276.99
8604 9.71 394.16 697.97 3.60 270.62
8605 11.07 403.55 801.75 4.59 272.64
8606 11.67 356.06 762.38 5.09 277.83
8607 11.52 258.80 663.54 3.60 280.89
8608 10.39 131.69 473.45 4.09 284.83
8609 8.74 23.23 47.10 2.80 280.65
8610 8.04 0.00 0.00 2.60 281.71
8611 7.34 0.00 0.00 0.90 276.86
8612 6.64 0.00 0.00 0.70 276.05
8613 5.94 0.00 0.00 0.50 278.18
8614 5.24 0.00 0.00 0.90 275.15
8615 4.54 0.00 0.00 0.60 272.79
8616 3.84 0.00 0.00 0.70 273.90
8617 3.14 0.00 0.00 1.30 277.22
8618 2.38 0.00 0.00 1.80 276.89
8619 1.61 0.00 0.00 2.20 274.15
8620 1.19 0.00 0.00 2.60 271.85
8621 0.77 0.00 0.00 2.80 272.89
8622 0.35 0.00 0.00 4.89 272.62
8623 0.04 0.00 0.00 4.89 271.59
8624 -0.26 4.45 0.00 3.80 270.57
8625 1.93 64.06 82.77 3.60 278.55
8626 3.30 146.35 119.33 3.10 279.84
8627 4.76 235.60 226.85 2.20 278.29
8628 6.80 387.90 676.26 2.00 272.08
8629 7.98 386.14 755.29 1.80 274.73
8630 8.53 351.07 727.65 2.40 277.61
8631 8.40 255.31 628.81 2.20 276.78
8632 7.35 130.33 441.30 2.60 282.02
8633 5.80 23.57 68.39 3.10 278.00
8634 5.40 0.00 0.00 3.30 279.96
8635 5.00 0.00 0.00 2.80 279.60
8636 4.60 0.00 0.00 2.80 279.43
8637 4.20 0.00 0.00 3.30 279.36
8638 3.80 0.00 0.00 3.60 279.29
8639 3.40 0.00 0.00 2.60 279.04
8640 3.00 0.00 0.00 1.80 277.45
8641 2.90 0.00 0.00 0.90 278.09
8642 2.79 0.00 0.00 0.50 278.58
8643 2.69 0.00 0.00 0.60 280.91
8644 2.65 0.00 0.00 0.20 283.03
8645 2.60 0.00 0.00 0.30 283.58
8646 2.55 0.00 0.00 0.40 285.01
8647 2.52 0.00 0.00 0.10 287.44
8648 2.49 3.49 0.00 0.20 288.03
8649 4.78 53.80 55.06 0.20 295.76
8650 8.03 207.11 452.48 0.20 290.17
8651 10.27 289.27 549.61 0.10 297.50
8652 12.08 353.37 470.69 0.10 298.99
8653 11.90 203.71 161.63 0.10 312.18
8654 12.83 352.26 586.68 0.30 297.97
8655 12.92 256.77 630.55 0.40 304.46
8656 11.90 131.75 444.02 0.40 306.23
8657 10.26 24.13 78.22 0.30 302.89
8658 9.95 0.00 0.00 0.90 305.50
8659 9.64 0.00 0.00 1.50 303.22
8660 9.34 0.00 0.00 1.30 303.00
8661 9.03 0.00 0.00 2.20 301.56
8662 8.73 0.00 0.00 3.60 301.98
8663 8.42 0.00 0.00 3.30 301.27
8664 8.11 0.00 0.00 4.29 301.27
8665 7.78 0.00 0.00 2.80 301.59
8666 7.45 0.00 0.00 4.59 299.44
8667 7.13 0.00 0.00 5.39 300.86
8668 6.97 0.00 0.00 4.09 301.40
8669 6.81 0.00 0.00 4.59 300.69
8670 6.65 0.00 0.00 5.39 300.77
8671 6.54 0.00 0.00 4.89 299.87
8672 6.44 2.89 0.00 5.09 301.55
8673 8.15 58.45 65.59 5.09 306.30
8674 9.54 152.69 147.51 4.29 307.82
8675 10.61 215.19 128.19 5.09 309.68
8676 11.29 235.06 119.19 5.09 312.72
8677 11.40 181.59 24.38 3.30 318.07
8678 10.95 113.78 0.00 1.00 319.79
8679 10.21 54.36 0.00 1.30 323.98
8680 9.38 9.94 0.00 0.70 327.20
8681 8.72 6.16 0.00 0.10 325.87
8682 8.51 0.00 0.00 0.10 325.17
8683 8.29 0.00 0.00 0.10 322.05
8684 7.54 0.00 0.00 0.00 319.80
8685 7.82 0.00 0.00 0.00 317.47
8686 7.47 0.00 0.00 0.00 315.18
8687 7.35 0.00 0.00 0.00 313.98
8688 7.21 0.00 0.00 0.10 315.55
8689 6.92 0.00 0.00 0.10 311.49
8690 6.64 0.00 0.00 0.40 306.29
8691 5.17 0.00 0.00 0.30 305.78
8692 6.17 0.00 0.00 0.10 308.12
8693 5.96 0.00 0.00 0.20 305.22
8694 6.05 0.00 0.00 0.40 303.19
8695 6.14 0.00 0.00 0.50 299.00
8696 6.15 2.76 0.00 1.00 300.75
8697 7.95 53.94 59.07 1.60 309.57
8698 8.46 83.37 0.00 2.20 314.26
8699 9.49 160.41 23.96 1.30 314.43
8700 10.24 187.81 24.58 0.80 318.30
8701 10.61 174.06 18.31 1.30 322.20
8702 10.09 73.11 0.00 2.60 329.09
8703 9.66 67.49 0.00 1.00 325.21
8704 9.37 65.32 9.15 0.50 306.12
8705 8.80 12.20 0.00 0.70 302.44
8706 8.30 0.00 0.00 0.50 312.08
8707 7.82 0.00 0.00 0.20 309.62
8708 7.56 0.00 0.00 0.40 311.02
8709 7.14 0.00 0.00 0.10 308.91
8710 6.73 0.00 0.00 0.20 306.81
8711 6.28 0.00 0.00 0.20 301.90
8712 5.30 0.00 0.00 0.40 299.80
8713 5.33 0.00 0.00 0.70 299.69
8714 4.74 0.00 0.00 0.80 298.88
8715 4.16 0.00 0.00 0.90 293.98
8716 3.86 0.00 0.00 0.50 293.61
8717 3.56 0.00 0.00 2.40 292.25
8718 3.26 0.00 0.00 2.40 290.72
8719 3.05 0.00 0.00 1.60 288.42
8720 2.85 1.90 0.00 1.60 289.53
8721 4.16 37.01 0.00 3.10 296.77
8722 4.33 47.58 0.00 2.60 298.76
8723 5.15 112.04 0.00 2.60 292.24
8724 6.41 208.90 69.97 4.89 285.81
8725 7.46 249.45 149.95 6.19 285.35
8726 8.89 373.65 635.40 4.29 272.58
8727 9.14 223.49 401.49 4.09 283.19
8728 8.81 137.99 390.14 3.60 282.42
8729 7.72 14.11 0.00 2.00 281.76
8730 7.06 0.00 0.00 3.80 282.25
8731 6.40 0.00 0.00 3.80 282.50
8732 5.74 0.00 0.00 4.09 282.27
8733 5.08 0.00 0.00 3.10 282.13
8734 4.42 0.00 0.00 2.60 281.08
8735 3.77 0.00 0.00 2.80 275.55
8736 3.11 0.00 0.00 3.10 273.18
8737 2.51 0.00 0.00 2.80 273.17
8738 1.89 0.00 0.00 2.40 273.29
8739 1.27 0.00 0.00 1.80 270.48
8740 0.95 0.00 0.00 0.70 270.15
8741 0.63 0.00 0.00 1.50 269.21
8742 0.31 0.00 0.00 2.40 267.81
8743 0.09 0.00 0.00 1.00 266.92
8744 -0.13 4.22 0.00 2.00 265.63
8745 2.19 81.10 316.06 0.80 273.69
8746 4.16 219.53 537.98 0.70 270.42
8747 5.07 247.67 270.37 1.30 278.33
8748 6.69 410.58 659.72 0.50 272.38
8749 7.32 352.45 458.97 2.00 280.32
8750 6.81 201.50 94.05 3.80 292.49
8751 5.69 94.06 0.00 3.60 296.86
8752 4.45 31.19 0.00 1.60 302.18
8753 3.40 13.70 0.00 0.80 293.74
8754 3.08 0.00 0.00 1.50 295.02
8755 2.77 0.00 0.00 0.50 293.68
8756 2.46 0.00 0.00 0.40 293.46
8757 2.15 0.00 0.00 0.50 288.57
8758 1.84 0.00 0.00 1.00 288.41
8759 1.53 0.00 0.00 0.70 288.30
8760 1.21 0.00 0.00 3.10 287.38
