# Location:	Subtropic/Chennai airport, Year: 2021-2040, Longitude: -80.183, STD longitude: -82.5, Latitude: 13.000	
# NB: The longitudes are defined negative for values to the east and positive to the west.
TIME ta Ghoris Gbn w10 EL
122.900.000.000.90369.59
222.020.000.000.80370.20
321.140.000.001.20367.95
420.650.000.000.50366.95
520.160.000.000.50366.75
619.810.000.000.50368.15
719.4511.710.000.60367.16
822.08149.62389.311.20376.68
923.84354.59549.600.30376.21
1025.39549.37677.220.30373.20
1126.73699.45708.690.20368.82
1227.77779.99698.581.80373.09
1328.51809.28747.332.40370.97
1428.89756.35760.093.21374.03
1528.89626.85728.333.81376.72
1628.37448.88673.542.71379.61
1727.34234.81480.643.51382.38
1826.0045.14118.864.11390.29
1925.450.000.002.71393.65
2024.990.000.001.20397.30
2124.380.000.001.50399.08
2223.760.000.001.80399.27
2323.140.000.002.71397.34
2422.530.000.001.30395.33
2522.310.000.003.51397.41
2622.090.000.006.81399.53
2721.880.000.004.41400.03
2821.770.000.005.21401.96
2921.670.000.006.21402.37
3021.600.000.002.71403.95
3121.534.940.002.00407.85
3222.3939.530.001.10409.19
3322.9187.500.004.11410.85
3423.95206.777.363.81407.42
3523.7165.430.002.40414.75
3625.67596.08300.834.11383.81
3726.68507.06134.672.40393.18
3827.09395.7537.023.51398.21
3927.20314.2038.261.50403.59
4027.29319.95184.520.80395.72
4127.28274.61556.032.40380.60
4226.6364.78354.151.50382.52
4326.020.000.000.40381.78
4425.410.000.000.50378.14
4524.890.000.000.90376.90
4624.220.000.001.60377.39
4723.540.000.001.10376.71
4822.870.000.003.21373.76
4922.180.000.003.21372.06
5021.400.000.002.40371.47
5120.620.000.002.91367.90
5220.180.000.000.80367.62
5319.740.000.000.50367.91
5419.420.000.000.30364.47
5519.109.870.000.80364.62
5621.25130.58291.840.30371.92
5722.85328.14461.940.40371.10
5824.33503.95497.040.50373.25
5925.23586.50376.440.40369.61
6025.92636.22336.340.70368.50
6126.55712.52497.051.50366.48
6227.03740.54648.641.60363.69
6327.10597.37622.761.50364.48
6426.69415.77491.892.20364.93
6525.79208.45347.793.51369.22
6624.7344.0958.554.41375.40
6724.000.000.002.00378.52
6823.280.000.000.80374.42
6922.550.000.000.80372.52
7021.830.000.003.21370.28
7121.100.000.002.91367.44
7220.380.000.006.21363.24
7320.040.000.004.41363.73
7419.670.000.005.61361.22
7519.310.000.005.21360.31
7619.110.000.0010.32359.48
7718.910.000.005.61357.06
7818.760.000.002.00354.94
7918.6110.710.001.80354.71
8021.42147.89396.160.90363.27
8123.34351.00543.530.90364.50
8225.04539.25635.931.60361.83
8326.42670.04606.663.81359.92
8427.49743.65627.822.20361.82
8528.19745.17594.522.20362.08
8628.59705.26594.222.20363.90
8728.54553.39437.321.10368.83
8827.91371.49342.492.00373.40
8926.90205.73288.951.20371.00
9025.6547.10121.830.10376.50
9125.080.000.000.10378.77
9224.590.000.000.10375.78
9323.970.000.000.50375.93
9423.340.000.000.70375.44
9522.720.000.000.10373.67
9622.100.000.000.30372.33
9721.630.000.001.50372.43
9821.100.000.001.10369.22
9920.580.000.002.20370.39
10020.290.000.003.21370.86
10120.010.000.003.51369.21
10219.800.000.003.81368.18
10319.5912.060.001.20372.14
10421.4293.0950.721.20376.66
10522.82236.82114.923.21376.54
10624.79465.34348.434.41368.31
10725.71496.73176.546.81370.02
10826.50551.13200.734.71369.02
10927.54725.46506.972.20361.92
11028.54832.33835.831.20354.94
11129.10753.071020.271.20356.55
11229.11545.06963.051.10364.88
11328.34285.63778.290.60371.81
11427.0868.37372.091.10377.79
11526.620.000.000.90387.29
11626.150.000.000.20385.46
11725.680.000.001.10390.04
11825.220.000.000.60391.10
11924.840.000.000.40392.90
12024.320.000.001.60394.64
12124.020.000.001.60395.77
12223.740.000.001.50394.54
12323.460.000.002.40394.48
12423.330.000.003.51392.93
12523.200.000.002.91393.91
12623.130.000.004.11397.42
12723.057.030.005.21401.60
12823.8136.850.004.71408.80
12923.8841.430.003.21412.83
13023.9545.970.002.91413.20
13125.03254.3710.492.20400.87
13225.54259.166.830.90400.37
13326.55457.9694.810.50390.55
13427.76643.79375.920.90378.28
13528.42535.91381.160.80381.45
13628.75436.71511.260.40377.78
13728.36165.69107.040.40393.00
13827.6732.400.000.00401.99
13927.150.000.000.10403.06
14026.630.000.000.00397.90
14126.100.000.000.50397.81
14225.580.000.000.40395.52
14325.060.000.000.10392.42
14424.600.000.000.10388.67
14523.910.000.000.20388.40
14623.150.000.000.10385.16
14722.390.000.000.60383.64
14821.970.000.000.50381.45
14921.560.000.000.80379.69
15021.250.000.000.50379.60
15120.958.480.001.80380.57
15223.10122.56231.771.80386.49
15324.95334.73485.240.60379.77
15426.35514.37536.480.60379.51
15527.51625.08466.452.20378.84
15628.16618.10296.782.91384.86
15728.80700.91446.303.51381.50
15829.03613.30343.722.71383.95
15929.10568.90470.744.11380.10
16028.69401.74410.902.40384.21
16127.77193.49158.233.81392.12
16226.6344.3654.620.70395.80
16326.020.000.000.50394.62
16425.420.000.000.90395.87
16524.910.000.001.20397.36
16624.240.000.000.10399.85
16723.570.000.000.20395.82
16822.900.000.000.30394.33
16922.550.000.001.10397.10
17022.240.000.000.70399.98
17121.920.000.000.50399.56
17221.790.000.000.50400.61
17321.650.000.000.30400.82
17421.570.000.000.30406.02
17521.495.430.000.10408.61
17621.7711.530.000.50406.26
17721.9828.670.000.50404.40
17822.1944.790.001.80404.92
17924.38445.39135.131.80380.89
18026.68752.57566.330.50371.20
18128.73905.00912.250.90368.22
18230.05846.49986.552.40373.29
18330.73712.77961.602.91374.97
18430.86515.68896.376.21375.05
18530.28280.26706.315.61381.11
18629.2066.74336.004.41388.99
18728.530.000.001.60395.25
18827.860.000.001.80392.16
18927.200.000.001.80395.54
19026.530.000.004.41395.98
19125.860.000.009.32395.99
19225.190.000.0013.43395.33
19324.420.000.0013.43394.84
19423.420.000.007.31392.72
19522.430.000.006.21390.61
19621.880.000.004.71390.12
19721.340.000.005.21387.16
19820.940.000.001.60386.39
19920.558.090.000.90385.70
20022.0991.0258.771.20392.70
20123.67276.88216.211.30386.13
20225.42517.93520.864.71381.91
20327.01705.72646.422.20376.42
20427.88692.34461.372.20380.29
20528.44694.70411.012.91380.79
20628.83700.51568.022.91378.80
20729.03665.09748.002.00374.52
20828.79492.93789.015.21376.49
20927.96266.70616.342.40381.42
21026.7664.57287.678.72384.45
21126.020.000.006.21385.59
21225.280.000.002.00384.25
21324.600.000.005.21380.95
21423.780.000.003.81374.87
21522.960.000.003.51371.61
21622.140.000.003.21368.26
21721.720.000.001.50367.96
21821.270.000.003.51364.20
21920.820.000.007.91366.89
22020.580.000.006.21365.79
22120.340.000.003.21366.67
22220.170.000.001.80366.83
22320.009.120.002.71365.56
22422.88147.66463.812.91371.79
22524.96371.61697.610.30367.79
22626.83579.15800.170.10369.29
22728.47740.09842.030.40363.56
22829.75826.94831.210.60369.14
22930.66848.46837.341.50366.86
23031.15788.90815.291.30367.93
23131.24667.84807.561.80373.31
23230.74482.15733.891.30377.65
23329.66257.42509.976.81386.51
23428.2052.54145.534.71398.77
23527.480.000.002.20403.76
23626.760.000.002.40397.92
23726.040.000.004.11398.05
23825.320.000.003.51398.01
23924.670.000.005.61394.09
24023.870.000.004.41389.63
24123.200.000.007.31387.09
24222.480.000.005.61385.92
24321.750.000.005.61381.98
24421.360.000.001.60381.38
24520.980.000.000.40380.87
24620.700.000.000.30379.61
24720.429.250.000.30379.28
24822.82131.65338.950.50387.21
24924.69337.72525.351.60382.42
25026.22528.71596.322.00382.37
25127.59668.94610.556.21377.08
25228.80790.32685.764.11375.68
25329.68821.62739.396.21376.16
25430.13754.31689.432.40381.03
25530.24652.44724.271.80382.26
25629.76450.98576.310.80387.47
25728.77239.56435.661.30390.59
25827.4757.62171.811.10396.24
25926.710.000.001.30397.05
26025.950.000.001.50399.20
26125.200.000.002.71399.32
26224.500.000.002.20397.72
26323.660.000.002.20393.82
26422.830.000.002.00393.53
26522.230.000.000.90395.70
26621.590.000.000.80396.91
26720.950.000.000.90397.08
26820.620.000.003.21397.00
26920.280.000.001.20397.00
27020.050.000.001.60399.04
27119.816.020.000.30398.61
27219.9911.350.000.60400.90
27321.76198.46151.211.60384.39
27424.81585.60563.361.30368.10
27525.58468.94157.402.00380.51
27627.42853.64800.763.81365.91
27728.70876.52911.792.20369.84
27829.47820.74903.862.71373.69
27929.75690.62846.532.40371.34
28029.51498.58736.691.60379.90
28128.59255.74527.131.60383.27
28227.3368.11247.541.80389.10
28326.720.000.001.50390.94
28426.120.000.002.91386.86
28525.510.000.001.30384.61
28625.010.000.002.40386.40
28724.340.000.003.81382.59
28823.670.000.002.40380.39
28923.150.000.001.30378.86
29022.590.000.003.81380.48
29122.040.000.002.91379.99
29221.740.000.002.00380.93
29321.450.000.000.60380.68
29421.240.000.000.20381.72
29521.038.450.001.10380.29
29623.41126.88307.300.50390.00
29725.13324.96439.930.60385.82
29826.68502.56473.732.20386.80
29928.30703.40655.161.50381.20
30029.66818.73738.250.60380.39
30130.42771.83593.640.10384.03
30230.79707.38560.170.20382.58
30330.77569.98448.220.40383.43
30430.23407.46402.560.40386.46
30529.23215.04287.180.10390.21
30627.9854.39144.400.20392.28
30727.240.000.000.50395.65
30826.500.000.000.90392.17
30925.770.000.000.60390.09
31025.030.000.000.80386.09
31124.340.000.000.40383.68
31223.520.000.000.20377.50
31322.850.000.000.00378.55
31422.130.000.000.00374.78
31521.410.000.000.10369.46
31621.020.000.000.50368.89
31720.630.000.001.30365.52
31820.350.000.001.10364.23
31920.078.460.000.10365.26
32022.54133.96351.030.20371.14
32124.51348.84583.400.60370.47
32226.15551.05673.450.80369.96
32327.72724.25755.381.30363.80
32428.91805.60738.311.10366.53
32529.79840.04782.760.60366.70
32630.29794.19801.891.10369.55
32730.37661.47729.330.90373.47
32829.90477.18669.500.60374.02
32928.87253.03485.460.40379.58
33027.5057.90190.310.90391.07
33126.720.000.001.20396.49
33225.940.000.004.71393.70
33325.150.000.003.21391.61
33424.420.000.001.60387.98
33523.550.000.000.80382.16
33622.680.000.000.50380.52
33722.050.000.001.10379.36
33821.370.000.000.50373.46
33920.680.000.000.80371.02
34020.310.000.001.30368.64
34119.930.000.002.00371.43
34219.670.000.003.21370.82
34319.408.630.003.51371.21
34421.97138.58387.194.41379.97
34523.95353.09607.053.81379.34
34625.70561.95712.984.11381.41
34727.24722.16762.493.81378.14
34828.51829.65815.955.21378.27
34929.40853.28821.168.42377.37
35029.88790.99782.206.21381.23
35129.96668.40744.929.82380.23
35229.46478.82665.887.31385.08
35328.41256.26492.252.40386.04
35427.0258.89194.441.50393.17
35526.310.000.002.20392.22
35625.610.000.001.30388.27
35725.010.000.002.40384.72
35824.230.000.001.50378.55
35923.450.000.002.71372.56
36022.670.000.002.00370.71
36122.130.000.002.40368.93
36221.500.000.000.90367.39
36320.870.000.000.60369.19
36420.510.000.000.20363.97
36520.140.000.000.50362.13
36619.870.000.000.50360.61
36719.598.250.001.20359.53
36822.24139.55342.840.80374.54
36924.32361.09599.510.80375.18
37026.13577.94755.832.91373.95
37127.58707.22690.012.91376.36
37228.71788.71630.503.51385.45
37329.08670.21330.963.21397.73
37429.31667.67421.667.31396.11
37529.20551.87351.8311.52395.69
37628.92501.42660.954.71390.43
37728.00275.85522.896.81393.23
37826.6872.64240.442.20401.56
37926.310.000.001.20405.65
38025.940.000.001.30404.86
38125.570.000.000.70406.39
38225.210.000.000.60406.73
38324.930.000.001.10407.25
38424.530.000.000.80410.39
38524.530.000.002.00411.23
38624.560.000.001.30412.24
38724.580.000.000.60415.32
38824.600.000.002.00419.18
38924.620.000.002.40420.69
39024.640.000.000.70421.39
39124.652.470.001.50423.71
39225.5456.030.000.90428.40
39326.38154.085.350.60428.62
39427.10217.227.270.90429.82
39527.40270.039.251.10436.52
39627.94247.532.561.80435.16
39727.99202.811.272.40436.93
39828.04214.271.742.91440.82
39927.69134.550.005.21444.35
40027.3964.570.004.41445.20
40126.8841.790.003.81444.26
40226.6320.480.004.41434.63
40326.530.000.005.61431.38
40425.640.000.009.12430.21
40526.130.000.008.72430.44
40625.600.000.007.91432.30
40725.580.000.006.81433.61
40824.080.000.007.31429.01
40925.490.000.006.21436.88
41024.840.000.006.21431.91
41125.000.000.007.91432.54
41225.090.000.0010.82436.09
41324.950.000.006.21430.67
41424.940.000.004.41434.85
41524.980.740.001.60433.08
41625.1111.480.001.50431.59
41725.2727.530.001.80427.05
41825.4550.460.002.00427.20
41925.6259.620.001.30422.82
42025.7465.750.002.91421.85
42125.8677.390.002.71423.73
42227.23557.10239.502.91395.06
42328.06472.56163.272.40400.16
42428.43341.82123.332.91401.14
42528.45188.82103.661.30402.28
42628.0850.6657.273.21407.27
42727.740.000.003.81409.16
42827.400.000.005.21409.98
42927.060.000.002.71411.65
43026.710.000.001.50408.99
43126.370.000.002.40408.32
43226.030.000.002.00407.34
43325.640.000.003.21409.90
43425.220.000.004.71403.48
43524.890.000.004.11403.14
43624.640.000.001.20405.02
43724.390.000.001.60406.03
43824.210.000.001.50405.41
43924.035.270.003.21406.21
44025.1865.070.001.20409.45
44126.20180.2618.210.60407.78
44227.59356.52127.733.21404.12
44328.23348.4926.192.71409.03
44428.68370.3627.201.60408.17
44528.98372.5824.832.20407.88
44629.74583.08282.113.51394.81
44730.36609.25499.363.51388.06
44830.61500.46677.054.11383.00
44930.26271.97483.550.90392.14
45029.4384.00315.050.60393.32
45128.850.000.000.50399.94
45228.260.000.000.20403.69
45327.670.000.000.20398.39
45427.090.000.000.30396.86
45526.500.000.002.40397.81
45625.920.000.000.90397.34
45725.460.000.001.30398.43
45824.980.000.000.80396.01
45924.570.000.000.30396.66
46024.290.000.000.20396.17
46124.020.000.000.40392.55
46223.840.000.000.90395.13
46323.655.190.000.80396.07
46425.2394.3281.441.60401.87
46526.76281.51193.182.00392.90
46627.95406.08195.561.80398.04
46728.78463.44142.521.80396.17
46830.42810.05605.161.30383.07
46931.29733.87481.960.80391.87
47031.86713.21535.510.60391.45
47132.03587.35411.510.10395.19
47231.49344.09153.050.00403.97
47330.49142.3520.020.00414.85
47429.3622.050.000.10427.05
47528.730.000.000.40427.92
47628.100.000.000.10423.33
47727.470.000.000.20421.09
47826.840.000.000.90416.58
47926.210.000.000.80417.68
48025.580.000.000.80414.57
48125.010.000.001.60411.75
48224.440.000.002.20409.93
48323.760.000.000.50406.28
48423.380.000.002.20401.76
48523.010.000.001.10399.69
48622.740.000.001.30398.27
48722.485.550.001.20391.87
48824.1893.5666.331.20397.06
48925.42249.16121.191.10391.92
49026.15310.5257.232.71402.29
49127.16466.77127.123.51395.82
49227.89511.81129.135.21398.68
49328.58589.40200.854.11395.35
49428.94540.98182.475.21397.68
49529.10494.90212.133.51397.28
49628.94374.19173.375.61397.76
49728.44247.55330.283.51397.93
49827.5984.12227.912.00394.23
49926.870.000.003.21394.00
50026.160.000.003.21393.88
50125.440.000.002.20394.91
50224.800.000.001.80394.33
50324.010.000.001.60392.31
50423.210.000.000.70392.34
50522.670.000.000.30389.95
50622.080.000.000.80388.89
50721.490.000.000.30386.93
50821.170.000.000.10385.27
50920.860.000.000.50383.60
51020.640.000.000.20382.49
51120.416.790.000.10381.37
51222.74122.46272.970.20395.01
51324.38296.53337.220.70394.33
51425.93489.50418.821.80393.23
51527.50671.86564.610.70383.74
51628.88801.13661.752.00383.80
51729.82814.61629.583.21386.15
51830.46802.85711.281.50389.02
51930.59646.28611.321.50389.32
52030.15459.78511.551.30390.38
52129.20261.20410.770.50391.97
52227.9169.92197.970.60396.45
52327.230.000.000.00398.18
52426.540.000.000.30397.69
52525.860.000.000.10395.18
52625.180.000.000.10392.21
52724.560.000.000.40392.83
52823.810.000.000.10388.86
52923.240.000.000.40386.00
53022.600.000.002.00384.07
53121.960.000.003.81382.68
53221.600.000.005.21385.76
53321.250.000.001.80384.42
53420.990.000.002.00384.22
53520.746.710.001.30383.85
53622.79109.25126.190.70392.79
53724.58299.63334.990.30390.72
53826.09483.45398.460.40389.19
53927.72683.05588.790.30383.38
54029.03785.72661.050.50384.67
54130.00825.17667.030.40387.92
54230.57782.42683.601.10389.68
54330.74669.55691.321.60390.49
54430.37487.24635.242.00392.10
54529.45279.62458.843.21393.86
54628.1374.62202.562.71403.62
54727.640.000.001.60410.55
54827.160.000.000.30407.66
54926.670.000.000.40406.75
55026.190.000.000.40409.63
55125.700.000.000.40412.52
55225.220.000.000.60417.01
55324.990.000.000.90415.90
55424.870.000.000.40418.56
55524.630.000.000.40421.80
55624.520.000.001.20424.48
55724.400.000.001.20429.24
55824.330.000.000.50431.22
55924.262.390.001.30433.26
56024.419.750.001.10433.94
56125.0885.270.002.40429.74
56225.55128.710.001.20430.55
56326.35255.507.733.81427.29
56426.85262.646.932.40429.64
56527.89505.83107.834.11417.14
56628.39405.3535.114.41423.64
56728.66355.0934.654.71427.86
56828.54211.9511.415.21431.20
56928.1296.210.008.42439.81
57027.5721.970.006.21441.45
57127.110.000.002.71432.79
57226.660.000.002.71430.18
57326.200.000.002.20426.83
57425.750.000.004.41422.05
57525.290.000.003.51417.86
57624.930.000.001.50413.75
57724.360.000.002.40410.52
57823.740.000.002.40409.56
57923.110.000.004.71407.17
58022.770.000.003.51405.12
58122.430.000.002.40405.62
58222.180.000.001.10402.36
58321.934.930.002.00399.61
58423.1463.900.000.90401.48
58524.55211.0168.790.40397.00
58625.98396.01171.160.50393.97
58727.20508.72175.710.90396.73
58828.35628.44286.411.60395.98
58929.26686.92329.564.11392.07
59030.22809.81681.536.21386.43
59130.69705.24797.694.71388.78
59230.71534.88718.677.31391.31
59330.04302.75535.913.21396.19
59428.8988.27259.203.81399.74
59528.400.000.001.80403.70
59627.920.000.003.21403.69
59727.430.000.001.20404.04
59826.950.000.000.60405.60
59926.460.000.000.50402.16
60025.970.000.000.10404.72
60125.710.000.000.30404.01
60225.440.000.000.80405.76
60325.170.000.000.20404.76
60425.020.000.000.50408.63
60524.980.000.000.60409.53
60624.880.000.000.70412.32
60724.773.180.002.71412.65
60825.4951.150.000.70416.05
60926.47175.1319.901.10411.34
61027.53313.5441.521.30406.95
61128.42406.4368.981.60404.02
61228.85373.6222.722.71411.83
61329.22409.1726.921.10412.53
61429.34342.7418.182.40417.67
61529.45356.0844.390.90416.04
61628.98152.430.002.91429.96
61728.3041.220.001.10435.61
61827.666.820.001.60436.77
61927.350.000.002.20438.34
62027.040.000.001.60435.22
62126.730.000.003.81430.46
62226.430.000.001.60428.65
62326.120.000.003.51424.63
62425.810.000.001.60419.64
62525.540.000.001.10419.56
62625.280.000.002.91420.65
62725.010.000.004.41419.19
62824.990.000.005.21421.03
62924.840.000.002.00417.53
63024.740.000.003.21414.24
63124.654.680.004.71417.91
63225.6362.320.004.71419.01
63326.44158.437.814.41421.26
63427.24253.6317.715.21420.31
63527.99336.9327.943.51420.90
63628.08228.015.099.82429.01
63728.63405.6731.187.91420.34
63829.14451.7983.331.80414.08
63929.45418.09104.532.40414.51
64029.08172.613.042.91431.71
64128.62113.400.002.20431.52
64228.0439.600.002.91430.52
64327.540.000.001.50428.61
64427.040.000.002.00427.16
64526.530.000.001.20421.24
64626.030.000.000.80419.31
64725.530.000.000.30415.36
64825.030.000.000.90409.16
64924.580.000.000.10411.36
65023.980.000.000.40406.50
65123.390.000.000.50401.79
65223.070.000.000.90397.90
65322.750.000.000.30397.99
65422.530.000.000.00396.38
65522.305.610.000.10392.62
65624.0998.9969.010.00392.06
65725.35256.46153.750.40388.11
65827.61589.79640.490.20375.63
65929.00657.56476.810.20375.29
66030.36818.37646.530.90374.69
66131.18791.72542.480.40382.67
66231.12529.84156.260.00400.55
66330.92488.24176.080.10400.74
66430.56425.31311.150.30396.04
66529.58181.5479.930.20405.55
66628.3726.690.000.40419.64
66727.690.000.000.90420.19
66827.010.000.000.70415.91
66926.330.000.000.90412.79
67025.650.000.002.20408.91
67124.970.000.001.20405.67
67224.330.000.000.30401.22
67323.730.000.000.20398.14
67423.070.000.000.10394.89
67522.410.000.000.00391.88
67622.050.000.000.10387.03
67721.690.000.000.20385.48
67821.420.000.001.20383.11
67921.167.740.000.40379.86
68023.74137.04389.250.00389.70
68125.62356.14587.090.00386.88
68227.27541.48590.030.00390.25
68328.63669.22547.380.00386.71
68429.83785.74599.510.10385.06
68530.44727.25401.680.00390.35
68630.61628.76286.300.00394.89
68730.51538.55252.070.10398.28
68830.30503.23563.560.40391.21
68929.43271.63366.341.30401.15
69028.1668.43122.070.20412.94
69127.380.000.000.20410.35
69226.600.000.000.10405.89
69325.830.000.000.00403.14
69425.050.000.000.00401.90
69524.300.000.000.20399.14
69623.440.000.000.50393.29
69722.860.000.000.90389.38
69822.240.000.001.50389.02
69921.620.000.001.30386.64
70021.290.000.002.71383.89
70120.960.000.002.00382.09
70220.720.000.001.80378.85
70320.487.360.001.10380.70
70423.06131.17341.801.20389.03
70525.22365.61529.060.40384.09
70626.40452.23281.670.10393.60
70727.88654.57458.130.40385.37
70829.50861.28739.260.70379.78
70930.81941.19892.190.40381.80
71031.53861.98854.220.30384.64
71131.85771.81915.880.30387.81
71231.63575.40859.710.70388.92
71330.70334.67689.031.50391.51
71429.29103.28395.021.10398.16
71528.430.660.002.00396.72
71627.570.000.000.80399.67
71726.700.000.000.90393.87
71825.840.000.000.90390.03
71924.980.000.000.60386.72
72024.130.000.000.20384.66
72123.370.000.000.20383.37
72222.570.000.000.50376.41
72321.770.000.002.91374.16
72421.360.000.001.30369.90
72520.950.000.000.10368.47
72620.660.000.000.10366.70
72720.3810.570.000.40364.64
72823.10173.81660.100.50375.72
72925.05439.65911.090.60370.62
73026.84688.541004.170.70370.75
73128.41880.641041.740.50363.46
73229.68997.521057.061.50364.42
73330.49986.33886.430.70371.00
73430.32653.21299.520.30387.50
73529.45410.6395.600.50396.63
73628.21205.0711.031.10404.39
73726.8346.060.002.40411.42
73825.7569.27139.842.71386.47
73925.250.410.002.20388.09
74024.840.000.001.50391.43
74124.290.000.001.20392.10
74223.730.000.000.50390.25
74323.180.000.000.30384.37
74422.620.000.000.30383.31
74522.200.000.000.20382.97
74621.730.000.000.10382.20
74721.260.000.000.50382.02
74821.010.000.001.30381.04
74920.750.000.002.80382.00
75020.570.000.002.80379.28
75120.398.370.003.31378.79
75222.88138.87355.302.50387.96
75324.79353.02556.391.70386.28
75426.48575.47692.712.30384.81
75528.05745.69729.982.50380.37
75629.35861.17781.901.90382.70
75730.23865.68703.071.30383.72
75830.69803.32669.301.30386.90
75930.79685.34660.901.00388.19
76030.41516.61663.830.70389.06
76129.49299.11527.310.40393.32
76228.2192.74316.130.20398.60
76327.510.700.000.20396.96
76426.810.000.000.10395.01
76526.110.000.000.00390.91
76625.410.000.000.10389.04
76724.790.000.000.00385.08
76824.010.000.000.00383.49
76923.390.000.000.10382.33
77022.740.000.000.10379.51
77122.090.000.000.10378.01
77221.750.000.000.40374.09
77321.410.000.000.60371.01
77421.180.000.000.20370.62
77520.940.850.000.00370.18
77623.76177.18673.960.10377.97
77725.69445.91915.350.00372.67
77827.53696.78792.110.30374.03
77927.17348.7581.710.60399.94
78026.1679.210.000.60417.90
78127.811041.97805.640.30365.42
78228.87989.051056.931.00367.82
78329.41853.13690.761.30373.17
78427.9350.640.001.60425.64
78527.57385.09581.851.60376.94
78626.5560.4257.142.50404.67
78725.891.160.000.50401.90
78825.240.000.000.20400.07
78924.650.000.000.00397.39
79023.930.000.000.20395.06
79123.200.000.000.20392.37
79222.480.000.000.00386.38
79321.880.000.000.20382.30
79421.220.000.000.10377.98
79520.560.000.000.60373.56
79620.200.000.000.60370.90
79719.830.000.000.40368.19
79819.570.000.000.20365.44
79919.308.670.000.00364.44
80021.93153.66498.040.20370.29
80123.87382.19694.710.40369.60
80225.58601.49793.050.50368.44
80327.07771.38822.570.30364.50
80428.26872.81821.800.80365.83
80529.10898.03809.500.60369.63
80629.59856.15825.390.90371.16
80729.71734.82810.941.00368.91
80829.32548.88761.581.30368.91
80928.39324.28635.941.60373.83
81027.07102.50402.170.50378.57
81126.340.890.000.40379.64
81225.600.000.000.20381.43
81324.970.000.000.30378.64
81424.150.000.000.50374.88
81523.340.000.000.30370.51
81622.530.000.000.60368.50
81722.000.000.000.80367.09
81821.420.000.001.90364.67
81920.840.000.003.71364.92
82020.520.000.004.51362.02
82120.210.000.001.60359.05
82219.980.000.000.50360.38
82319.758.560.000.20359.76
82422.54157.53525.550.00366.29
82524.66398.28771.170.30363.62
82626.41622.95866.480.50361.47
82728.00793.50887.830.50354.90
82829.25892.29874.901.30359.24
82930.14919.85869.550.70359.52
83030.65867.13851.321.30361.81
83130.75739.95818.931.10366.31
83230.34555.44777.421.30371.55
83329.38330.87664.020.90377.84
83428.02107.60439.590.20380.36
83527.271.000.001.00379.17
83626.520.000.001.40380.68
83725.780.000.000.70381.59
83825.030.000.000.30382.40
83924.310.000.000.20379.96
84023.480.000.000.70376.81
84122.880.000.000.40373.06
84222.210.000.000.30369.45
84321.550.000.000.80364.67
84421.180.000.002.30360.77
84520.820.000.001.00361.24
84620.560.000.001.90359.14
84720.298.740.001.60363.28
84823.11161.22549.762.80374.05
84925.07401.16778.674.51371.56
85026.84622.99859.843.51374.56
85128.41798.27895.102.30366.05
85229.67903.27899.003.91368.05
85330.57934.50903.482.10367.91
85431.08883.73892.670.90363.21
85531.19755.09861.240.50365.46
85630.79569.40822.360.70370.58
85729.83337.73693.230.80377.84
85828.46110.57454.072.80384.37
85927.691.130.002.30381.90
86026.910.000.002.30385.57
86126.130.000.002.30383.18
86225.360.000.001.10381.47
86324.650.000.002.30381.41
86423.790.000.002.80379.72
86523.190.000.002.80379.14
86622.540.000.001.30378.98
86721.890.000.000.20373.27
86821.550.000.000.60371.71
86921.200.000.000.30371.18
87020.950.000.000.50373.66
87120.708.470.000.90376.79
87222.73120.39225.460.90384.24
87324.35314.15344.940.90383.67
87425.84520.07450.551.60383.15
87527.23687.93553.531.10380.44
87628.47820.80616.441.90381.63
87729.26813.76549.022.30385.10
87829.80810.08606.714.21382.57
87929.83624.52422.252.80389.57
88029.47479.23440.733.31386.74
88128.54243.07158.341.40396.56
88227.3775.9180.201.60400.38
88326.681.080.001.70399.14
88426.000.000.000.90400.82
88525.310.000.002.10398.85
88624.700.000.001.30398.09
88723.940.000.000.60396.34
88823.180.000.001.00394.58
88922.630.000.001.60393.73
89022.040.000.001.60391.22
89121.440.000.002.80389.44
89221.130.000.004.51388.02
89320.810.000.003.91384.55
89420.590.000.001.70384.67
89520.367.830.003.31383.75
89622.40112.69119.282.30389.99
89723.81269.43163.931.00392.33
89825.60516.46413.830.60387.02
89927.49763.20710.030.20382.31
90028.90848.31687.650.40386.28
90129.81843.26585.350.30386.85
90230.75968.65951.990.20380.36
90331.17836.611020.760.50383.29
90431.10633.50978.071.00383.06
90530.31380.48844.321.60386.26
90629.01126.24555.101.00391.38
90728.191.970.001.30389.64
90827.380.000.000.20391.40
90926.560.000.000.10388.08
91025.750.000.000.20385.95
91125.040.000.000.20380.66
91224.130.000.000.30379.71
91323.410.000.001.00379.96
91422.600.000.000.30376.81
91521.800.000.000.10373.74
91621.350.000.000.90372.90
91720.910.000.000.50374.01
91820.590.000.001.00373.81
91920.269.270.001.60373.42
92022.91156.36485.251.10380.70
92124.83385.48675.040.80381.17
92226.40600.46751.960.90384.18
92327.83760.19741.940.90381.86
92429.01873.74779.682.10381.26
92529.84900.93770.763.31381.78
92630.32858.19782.281.10380.39
92730.42737.36769.611.60382.32
92830.07565.01774.963.31384.44
92929.17343.61691.382.50385.43
93027.87115.94467.790.90386.92
93127.141.560.001.70388.33
93226.410.000.002.80393.67
93325.670.000.003.11390.94
93425.040.000.001.30385.58
93524.230.000.000.80381.41
93623.420.000.000.50382.33
93722.960.000.000.20380.83
93822.460.000.000.40380.97
93921.970.000.000.60378.48
94021.700.000.000.30376.39
94121.440.000.000.10377.92
94221.250.000.000.80375.73
94321.068.850.000.80377.69
94423.28125.71249.550.50385.68
94524.97328.86386.631.30384.12
94626.66545.49549.492.80381.96
94728.01675.52505.792.30381.04
94829.25809.33581.641.90378.92
94930.19854.46612.921.40378.40
95030.69787.18600.491.40383.38
95130.85682.70595.451.90382.72
95230.49495.61467.372.50385.34
95329.61284.42365.014.81390.53
95428.3883.6194.572.80398.04
95527.721.510.002.30401.61
95627.050.000.001.10407.55
95726.380.000.001.40407.40
95825.710.000.000.30410.68
95925.040.000.001.00411.53
96024.420.000.001.70410.44
96123.840.000.000.80410.82
96223.220.000.000.30410.18
96322.600.000.002.10409.86
96422.270.000.001.60410.75
96521.940.000.001.00410.92
96621.710.000.000.80410.71
96721.485.860.002.30412.78
96821.6712.890.001.30414.58
96924.34315.99214.900.80389.39
97026.87648.87783.151.00380.65
97128.76801.50770.171.30380.04
97229.37646.11287.990.80395.13
97330.27832.37545.481.30386.32
97431.14932.23900.110.80380.97
97531.52803.46824.370.70383.96
97631.09493.86436.931.30392.79
97730.37361.00705.310.80388.20
97829.18120.30417.681.90393.20
97928.452.630.001.90391.15
98027.720.000.001.00396.47
98126.990.000.000.20394.27
98226.260.000.000.10394.40
98325.530.000.000.20393.32
98424.890.000.000.10392.38
98524.240.000.000.00389.74
98623.530.000.000.00388.10
98722.830.000.000.10384.02
98822.450.000.000.00386.67
98922.060.000.000.10388.20
99021.790.000.000.30387.65
99121.519.510.001.30386.53
99223.78137.37321.681.60397.73
99325.53370.71554.281.40394.71
99426.93540.30492.960.40395.91
99528.37740.13638.230.50388.64
99629.48826.16637.260.80392.45
99730.25847.41613.191.60389.97
99830.64776.98541.163.51388.61
99930.65639.02434.876.51390.37
100030.11443.21308.889.12395.48
100129.15240.84128.345.51399.71
100227.9779.5174.923.91405.23
100327.291.710.008.11397.72
100426.600.000.005.21398.84
100525.910.000.004.51400.08
100625.220.000.004.51394.89
100724.600.000.006.51391.45
100823.840.000.005.51386.81
100923.320.000.006.21385.79
101022.720.000.006.91381.03
101122.120.000.007.71377.52
101221.770.000.008.72375.13
101321.430.000.005.51372.61
101421.170.000.008.72367.70
101520.9111.340.006.21366.87
101623.80160.90437.082.50373.21
101725.78406.08700.852.10373.63
101827.70642.30848.512.50375.48
101929.39826.86925.472.80370.13
102030.75940.16790.761.40367.77
102130.52544.09122.941.10390.57
102230.34542.04137.911.90388.66
102330.53712.13545.171.70373.68
102430.45599.97800.982.10375.45
102529.69357.58666.661.90380.65
102628.41108.54365.210.60390.78
102727.732.950.001.10389.44
102827.050.000.001.60392.85
102926.370.000.002.30389.78
103025.690.000.003.11394.60
103125.010.000.004.21398.24
103224.370.000.005.21398.98
103324.000.000.004.21400.02
103423.600.000.003.31401.94
103523.210.000.003.11402.83
103623.000.000.002.50405.19
103722.790.000.002.50408.12
103822.640.000.002.80408.08
103922.495.200.004.51407.87
104023.5053.940.003.11413.59
104124.89201.6632.292.50405.93
104225.70289.0123.871.90404.99
104326.78437.3089.343.91397.03
104428.07625.40223.241.60389.80
104528.87607.89173.681.90395.84
104629.67701.48345.482.30389.61
104730.31724.21609.405.21383.62
104830.54588.61744.106.51383.80
104930.16348.41572.214.21392.38
105029.23116.68299.885.81400.04
105128.732.880.003.51401.68
105228.230.000.000.90403.10
105327.730.000.000.10405.38
105427.230.000.000.10400.11
105526.730.000.000.10401.39
105626.230.000.000.30395.67
105725.830.000.000.20397.82
105825.470.000.000.50395.06
105925.110.000.000.20390.14
106024.950.000.000.20389.03
106124.880.000.000.40388.46
106224.780.000.001.30391.16
106324.6711.550.003.31393.64
106426.26162.10353.675.21394.84
106527.54409.52610.104.21392.79
106628.36519.82387.056.51401.39
106729.59841.45823.225.81385.95
106830.29817.28528.675.81395.28
106929.60291.5515.008.11426.74
107028.47196.903.745.81440.67
107127.0463.050.001.70444.37
107227.4347.320.002.50441.22
107326.8033.950.001.60436.92
107425.799.440.001.70435.15
107526.170.240.001.40434.53
107625.890.000.001.40432.81
107725.800.000.001.70432.23
107825.350.000.002.10432.40
107925.240.000.001.90428.76
108023.240.000.004.81425.50
108124.970.000.003.31430.10
108224.570.000.003.91428.27
108324.160.000.002.30425.02
108423.960.000.003.11423.75
108523.750.000.001.10422.49
108623.610.000.001.90421.64
108723.484.590.005.51424.17
108823.6710.890.003.31424.20
108924.63117.400.001.40417.03
109025.53241.5910.021.90413.15
109126.29311.8613.940.90405.17
109227.06405.9724.813.31403.26
109327.81495.4490.455.51398.80
109429.23873.64653.584.21378.69
109529.65559.08244.633.31390.36
109629.74426.62229.852.10391.32
109729.27213.3889.685.21400.35
109828.5790.20151.634.51395.60
109928.021.790.003.71396.03
110027.480.000.002.80396.20
110126.940.000.002.30392.83
110226.390.000.000.60391.60
110325.850.000.000.60390.30
110425.310.000.001.40386.53
110524.870.000.001.90389.18
110624.240.000.001.00387.20
110723.600.000.000.40384.82
110823.270.000.001.70382.63
110922.930.000.001.60381.90
111022.690.000.001.40381.14
111122.458.900.001.90381.70
111224.63132.40193.801.60391.29
111325.00195.0735.780.90398.97
111427.06578.34533.290.90382.39
111528.79766.04647.381.30377.64
111629.75748.37405.721.00385.00
111730.18668.09242.700.60390.75
111830.95890.35694.621.00373.66
111930.70501.48158.041.70390.89
112030.19398.15177.491.40388.16
112129.42260.12164.333.91386.54
112228.3677.6847.944.51394.01
112327.782.280.003.51390.74
112427.210.000.002.50393.46
112526.640.000.002.10392.56
112626.060.000.002.10387.80
112725.490.000.001.60387.92
112825.020.000.001.30392.49
112924.580.000.001.30393.09
113024.090.000.001.90392.41
113123.610.000.002.30393.13
113223.350.000.001.40391.56
113323.090.000.001.90390.54
113422.910.000.003.51391.65
113522.726.980.003.91395.16
113624.0271.890.002.80402.48
113725.19216.9542.522.10397.76
113826.68417.01169.123.51394.06
113927.61466.60109.884.51399.78
114029.01720.05338.605.21389.71
114129.89707.64287.246.21394.17
114230.31620.94221.846.51396.41
114330.97793.89778.457.31383.54
114431.11596.67716.363.51389.20
114530.47299.06341.482.30398.40
114629.47116.74301.292.50399.51
114728.952.870.003.11397.51
114828.440.000.003.11401.58
114927.920.000.002.30403.60
115027.410.000.003.11406.11
115126.900.000.003.31406.21
115226.380.000.003.31407.39
115326.020.000.003.91407.54
115425.700.000.007.31407.04
115525.390.000.003.11406.92
115625.260.000.001.70406.84
115725.120.000.001.70409.35
115825.050.000.001.70409.38
115924.987.990.001.30411.96
116025.6957.960.002.80416.84
116127.67397.85504.201.90393.80
116228.87533.85401.910.50398.25
116330.10744.42602.080.40392.20
116430.76702.69304.920.20399.47
116531.18685.42286.070.10402.86
116629.9970.350.000.00435.95
116729.0960.760.000.00431.18
116828.3746.010.000.10431.67
116928.03166.2925.030.10410.53
117027.6495.84181.140.10402.06
117127.244.020.000.00402.94
117226.840.000.000.00400.94
117326.440.000.000.50400.84
117426.040.000.000.50396.81
117525.640.000.000.40394.94
117625.240.000.001.00391.20
117724.700.000.000.30390.23
117823.940.000.000.10383.25
117923.180.000.001.10383.95
118022.760.000.001.90381.33
118122.340.000.000.50378.64
118222.040.000.000.80377.20
118321.7310.730.002.50377.68
118424.01131.76178.850.60387.65
118525.72353.73384.010.30380.04
118627.84650.56742.330.30376.62
118729.45794.93713.430.50376.15
118830.51833.57574.610.60384.96
118931.42916.72678.261.00384.22
119031.80807.40539.582.10389.89
119132.06804.17829.361.70385.23
119231.82607.44800.400.90390.46
119330.95364.80635.420.80390.30
119429.63126.23359.780.30394.90
119528.884.160.000.40393.81
119628.120.000.000.50395.13
119727.370.000.001.10393.58
119826.610.000.002.10390.78
119925.850.000.005.21389.32
120025.100.000.003.51387.33
120124.720.000.002.30380.20
120224.140.000.001.30376.89
120323.570.000.001.10380.74
120423.250.000.001.90379.17
120522.930.000.000.50379.96
120622.690.000.000.40377.53
120722.4512.530.000.70378.08
120824.75134.69209.432.10384.67
120926.82412.34600.123.31375.80
121028.74648.99808.594.81380.91
121130.28800.48696.223.51377.51
121230.76672.10270.456.91391.73
121330.87597.73166.714.81395.91
121430.33420.2055.346.21404.61
121530.70654.86412.166.91389.89
121630.41468.46315.868.11394.11
121729.47207.1578.104.21406.42
121828.43105.31206.113.51399.64
121927.812.630.003.91393.59
122027.180.000.003.31395.99
122126.550.000.003.11394.81
122225.930.000.005.51393.75
122325.300.000.002.80393.22
122424.750.000.001.90389.95
122524.360.000.001.10388.80
122623.920.000.002.10385.40
122723.480.000.002.10387.79
122823.240.000.002.30389.36
122923.010.000.001.30385.54
123022.840.000.000.60385.35
123122.6711.470.000.90387.66
123225.32160.30395.542.80397.33
123327.07382.26541.551.90396.10
123428.80601.73633.871.10394.69
123530.06705.36510.880.60391.40
123631.08789.84513.880.20390.55
123731.85831.44550.290.60389.95
123832.21750.74430.680.90393.32
123932.22622.59361.403.11392.91
124031.55394.91156.895.21403.45
124130.57238.07100.234.81405.26
124229.4086.4180.583.71405.67
124328.843.380.004.51406.07
124428.280.000.003.91408.65
124527.720.000.003.91405.28
124627.170.000.002.80404.75
124726.610.000.001.70402.43
124826.050.000.001.40402.29
124925.640.000.000.50400.04
125025.200.000.000.80398.92
125124.840.000.003.31398.20
125224.580.000.006.21397.06
125324.310.000.002.30395.62
125424.120.000.003.71395.80
125523.938.580.001.70397.52
125625.72106.2749.271.30405.95
125726.67222.0541.950.90409.13
125827.12247.8010.242.50415.85
125927.64321.3017.461.30413.36
126028.64527.0599.881.00403.31
126129.50599.08164.132.50407.17
126230.33691.33293.763.91404.27
126331.03732.99627.414.51397.65
126431.39635.71789.945.71392.03
126531.15382.64622.384.81398.84
126630.29133.64346.814.81405.93
126729.704.740.004.51406.20
126829.120.000.001.60407.90
126928.540.000.002.80410.42
127027.960.000.002.30409.31
127127.370.000.000.80409.40
127226.790.000.000.70411.88
127326.350.000.001.00409.85
127425.900.000.001.70410.11
127525.450.000.000.70408.24
127625.220.000.001.40410.30
127724.990.000.002.80411.18
127824.920.000.004.81411.28
127924.7511.710.004.51414.53
128026.24101.2729.923.11420.96
128127.21227.2232.872.80422.81
128228.51416.57140.632.80417.30
128329.79579.07238.553.71412.11
128431.50882.62612.393.91405.42
128532.53842.00548.663.71411.11
128633.03825.89596.794.51411.12
128733.44726.05603.346.21414.81
128832.72387.21153.345.51427.09
128932.08220.3769.774.51430.45
129030.9977.1533.582.50433.66
129130.423.510.000.60432.86
129229.850.000.000.20435.41
129329.270.000.000.50436.15
129428.700.000.000.50434.12
129528.120.000.000.60430.68
129627.550.000.000.90429.91
129727.030.000.000.30428.40
129826.530.000.000.60427.19
129926.030.000.001.00424.36
130025.790.000.002.50422.41
130125.550.000.001.60422.07
130225.390.000.001.10421.93
130325.238.070.001.70423.24
130426.1372.920.000.90426.97
130527.72332.54262.730.40409.48
130629.47629.75638.980.50399.72
130730.83787.90676.880.30398.22
130831.72814.77518.720.10404.97
130932.29804.35439.300.50409.40
131031.72375.3836.101.10431.72
131131.12308.5214.661.60431.35
131230.31156.940.001.60437.36
131329.4028.210.000.80445.24
131428.629.910.002.10440.66
131528.150.360.004.81438.51
131627.690.000.003.71433.90
131727.220.000.002.10431.36
131826.750.000.001.40427.06
131926.280.000.001.10426.54
132025.820.000.001.30421.60
132125.290.000.003.31417.63
132224.800.000.003.31415.63
132324.160.000.004.81408.24
132423.810.000.003.51405.78
132523.460.000.003.71402.08
132623.210.000.002.50398.25
132722.9612.920.001.10395.31
132825.46150.49257.030.50402.61
132926.99343.62352.271.00401.40
133028.54541.51415.270.90398.24
133129.93697.51486.422.10390.01
133231.04786.67462.630.60393.15
133331.96862.69579.520.50389.98
133432.52824.74584.310.60389.54
133532.70713.85609.510.80391.54
133632.48561.25617.700.50388.96
133731.71352.08520.810.60391.63
133830.49123.50264.850.30398.39
133929.684.190.000.20396.22
134028.880.000.001.30399.75
134128.070.000.001.40398.38
134227.260.000.002.10394.37
134326.450.000.001.90393.33
134425.640.000.003.11390.32
134525.050.000.003.11387.70
134624.450.000.002.80384.55
134723.740.000.003.91381.89
134823.340.000.003.11383.50
134922.950.000.001.60379.34
135022.660.000.001.40377.49
135122.3715.190.002.50377.08
135225.12169.64318.534.51387.11
135326.91406.63556.863.51381.40
135428.58619.21663.976.21382.11
135529.93760.40632.868.11381.61
135630.97841.04574.166.21382.70
135731.69859.12592.557.71386.00
135832.09816.56565.3513.62386.81
135932.18719.75592.4016.03388.99
136031.67497.15382.8612.42396.29
136130.70291.33310.3111.42402.11
136229.44103.89192.4910.22410.27
136328.753.840.009.12408.12
136428.060.000.008.72408.57
136527.370.000.007.31402.90
136626.680.000.004.51399.12
136725.990.000.005.51396.47
136825.300.000.005.81396.36
136924.990.000.005.21392.84
137024.480.000.007.31390.79
137123.960.000.0010.22390.34
137223.680.000.002.80389.98
137323.390.000.005.51388.26
137423.180.000.0010.72388.49
137522.9715.200.0011.42386.49
137626.07177.53431.489.72398.04
137728.11419.86653.617.31396.52
137830.07650.14709.097.31397.92
137931.24697.87452.376.91397.15
138032.13761.40380.559.52401.98
138132.86814.53493.358.11405.21
138233.54920.25771.916.91398.82
138333.92794.58788.963.91402.23
138433.50570.78656.512.10406.70
138532.72364.56633.793.51406.57
138631.37129.55367.874.81410.59
138730.485.150.003.31402.49
138829.590.000.004.81405.55
138928.700.000.003.91401.82
139027.810.000.002.50400.21
139126.920.000.002.80396.82
139226.030.000.002.50392.33
139325.360.000.002.80390.77
139424.690.000.002.50389.12
139523.880.000.001.60384.54
139623.430.000.001.70381.62
139722.970.000.001.30380.51
139822.650.000.001.90382.26
139922.3216.030.002.30378.32
140024.91154.68257.171.70388.95
140126.64397.63521.540.60384.87
140228.17583.62524.040.10390.25
140329.43720.67532.000.20389.85
140430.46816.33543.440.60391.75
140531.29881.20597.140.70393.01
140631.70808.97545.061.00394.74
140731.79707.84581.110.30393.22
140831.47550.97579.110.50394.43
140930.58318.06394.630.50399.53
141029.32101.80154.980.60407.41
141128.563.870.000.50404.09
141227.790.000.000.20403.85
141327.020.000.000.60398.25
141426.260.000.000.90394.21
141525.490.000.000.80391.06
141624.810.000.000.70389.02
141724.210.000.000.80400.33
141823.610.000.000.70399.37
141923.010.000.000.50395.07
142022.660.000.000.40392.28
142122.320.000.000.10389.51
142222.050.000.000.20387.24
142321.7918.110.000.30384.98
142424.42179.78396.190.10400.13
142525.92419.55628.090.20395.48
142627.38636.56695.710.40392.25
142728.67813.82732.890.30387.59
142829.69917.12729.900.30389.11
142930.43953.01752.230.20389.09
143030.82899.13734.620.40388.19
143130.88773.48704.280.50388.79
143230.45569.47641.020.50389.10
143329.57345.14528.720.70391.36
143428.35121.32331.641.30398.25
143527.774.430.000.70393.88
143627.190.000.000.50393.04
143726.610.000.001.70389.35
143826.020.000.000.80387.64
143925.440.000.000.80385.50
144024.860.000.000.70381.79
144124.710.000.000.70380.38
144224.500.000.000.30382.29
144324.300.000.000.50380.77
144424.220.000.001.00380.76
144524.140.000.000.80381.78
144624.110.000.000.60382.32
144724.3613.500.000.60381.71
144825.80230.97712.350.50382.60
144927.42478.74849.782.31382.23
145029.27786.46963.232.61370.70
145130.68889.53828.234.11374.85
145231.44800.84456.055.21388.59
145331.49539.69112.504.41403.82
145430.54180.865.645.81421.40
145529.5369.420.003.91421.20
145628.81102.860.004.81412.44
145728.26115.990.003.21406.46
145827.83131.78276.493.21387.67
145927.564.100.001.70391.58
146027.290.000.001.70392.35
146127.010.000.001.90390.79
146226.740.000.003.01388.74
146326.470.000.003.21391.16
146426.200.000.003.01393.83
146525.700.000.001.90393.44
146625.230.000.000.70393.98
146724.850.000.001.00393.09
146824.590.000.001.00395.75
146924.330.000.001.30391.55
147024.170.000.001.10393.13
147124.3411.000.002.11397.71
147225.04126.23100.802.81396.96
147326.52410.76505.940.80384.89
147428.01645.41631.240.60376.54
147529.80991.63848.130.40368.37
147630.31667.57297.140.50396.28
147730.43534.7093.710.60407.56
147830.56557.57134.540.70403.34
147929.5673.010.000.80431.66
148028.7356.070.001.70431.73
148128.0453.320.003.41425.82
148227.4012.850.002.61426.75
148326.993.510.003.21422.09
148426.580.000.002.11418.08
148526.170.000.002.61413.32
148625.760.000.002.11412.09
148725.360.000.001.10410.88
148824.950.000.002.11409.04
148924.530.000.003.71405.01
149023.970.000.003.01399.42
149123.410.000.003.41392.21
149223.120.000.003.01389.09
149322.820.000.003.21386.24
149422.620.000.001.50384.73
149522.9720.400.002.11383.71
149624.55191.69439.282.81382.68
149726.19412.59539.392.81383.48
149827.86607.81570.954.11382.50
149929.35756.17585.463.01385.76
150030.52821.77534.954.41391.25
150131.47871.86562.924.81394.46
150232.16864.17576.315.51395.22
150332.38697.58512.255.21397.84
150432.19524.34452.774.81399.74
150531.48314.88380.623.41405.86
150630.40114.01238.504.81410.10
150729.604.700.003.91406.29
150828.810.000.004.61407.94
150928.020.000.004.11406.70
151027.230.000.002.81404.15
151126.430.000.003.41403.07
151225.640.000.004.61403.52
151324.970.000.003.91399.94
151424.310.000.003.41399.71
151523.530.000.003.41396.80
151623.120.000.003.21395.04
151722.710.000.003.21394.67
151822.430.000.004.81392.97
151922.7418.880.003.21394.71
152024.07163.93285.472.31402.59
152125.61373.23398.372.11402.67
152227.19564.65392.411.70397.62
152329.32916.82846.251.30386.11
152431.081037.381010.143.41390.60
152532.391068.871014.771.10393.10
152633.101015.411009.413.41392.16
152733.62880.27994.734.11392.03
152833.58673.26942.173.41395.37
152932.67415.15794.825.21397.32
153031.69151.96522.014.81401.85
153130.786.450.002.11403.63
153229.870.000.001.00409.79
153328.960.000.001.30406.13
153428.050.000.002.31404.24
153527.140.000.002.11401.46
153626.230.000.001.10399.70
153725.500.000.000.40398.90
153824.820.000.000.60398.67
153923.960.000.001.30397.45
154023.510.000.001.10394.04
154123.060.000.000.50393.98
154222.740.000.000.30393.81
154323.1021.450.000.20396.18
154424.30153.70126.230.40401.35
154525.57328.25158.930.70397.24
154626.99512.64296.342.31389.05
154728.35667.34337.371.50389.38
154829.62800.05483.343.41387.48
154931.031011.55820.802.31382.10
155032.00979.52904.971.50382.16
155132.65924.211033.891.70383.19
155232.80709.80996.742.11390.09
155332.31441.40894.121.90395.89
155431.24163.71623.532.11401.87
155530.376.620.002.11398.96
155629.510.000.002.31398.93
155728.650.000.003.01393.42
155827.780.000.004.11386.90
155926.920.000.004.61383.07
156026.050.000.005.21382.98
156125.380.000.005.81383.12
156224.770.000.004.81381.95
156324.000.000.006.32379.70
156423.600.000.005.21380.06
156523.200.000.002.31379.80
156622.930.000.001.10379.32
156723.1212.570.001.00379.55
156824.89220.30604.931.10384.74
156926.72489.73842.231.10383.43
157028.64737.03961.581.30381.21
157130.37926.13848.660.80380.84
157230.89684.27313.331.50398.39
157332.031035.85866.601.30382.33
157432.581016.811005.503.21379.90
157533.08881.26990.932.11381.85
157633.07673.96617.621.50387.26
157731.6730.690.002.31440.65
157830.3211.260.002.61435.43
157929.546.720.003.21428.39
158028.770.000.002.31430.51
158128.000.000.002.11422.37
158227.230.000.001.30416.11
158326.450.000.000.70409.46
158425.680.000.001.90404.26
158525.020.000.001.90401.67
158624.370.000.000.70396.16
158723.600.000.000.70388.46
158823.180.000.000.70381.89
158922.770.000.000.60377.98
159022.480.000.002.81374.18
159122.8522.760.003.01371.92
159224.60214.96598.083.71376.04
159326.49475.33796.684.11372.84
159428.46712.54895.102.61367.34
159530.22892.34919.302.31366.74
159631.711007.57944.231.70371.40
159732.821033.43939.111.10373.50
159833.46983.32942.571.50373.57
159933.83848.35922.492.61375.08
160033.64650.47891.322.11374.19
160132.63400.86779.261.70382.34
160231.62146.37514.962.11390.11
160330.715.140.001.50387.07
160429.800.000.001.30387.28
160528.890.000.001.30383.97
160627.970.000.000.80386.52
160727.060.000.001.90383.60
160826.150.000.001.50380.96
160925.460.000.001.70377.68
161024.810.000.002.31376.75
161123.990.000.002.61373.34
161223.560.000.002.61371.34
161323.120.000.000.80370.74
161422.820.000.001.70371.97
161523.2124.080.001.90373.86
161624.94216.18590.181.70375.48
161726.74471.15772.353.21371.80
161828.66706.10866.422.81368.63
161930.38882.82886.612.31369.68
162031.79980.71869.021.70372.52
162132.571010.68875.072.11376.19
162233.43955.76866.402.31380.13
162333.77823.02845.061.50381.39
162433.54626.89787.871.50382.11
162532.81380.71669.062.61389.03
162631.57139.36448.092.11398.38
162730.645.130.001.30400.19
162829.700.000.000.80404.98
162928.760.000.000.50399.38
163027.830.000.000.40396.50
163126.890.000.000.60393.33
163225.960.000.000.40393.25
163325.240.000.000.80391.90
163424.540.000.001.90389.37
163523.690.000.003.71386.58
163623.240.000.003.01385.56
163722.790.000.001.50382.64
163822.470.000.001.90384.28
163922.8624.360.002.61385.48
164024.64221.82615.391.90391.45
164126.51479.82809.193.21389.10
164228.42710.51871.771.50384.52
164330.15890.61900.671.50384.05
164431.59997.51908.370.70384.73
164532.661022.95902.281.00386.17
164633.21972.44907.561.30383.30
164733.56839.30890.271.00385.69
164833.36646.88872.920.80385.18
164932.69403.18782.971.00385.62
165031.44149.60534.081.50393.94
165130.515.310.003.01392.92
165229.580.000.004.61394.25
165328.650.000.003.41392.50
165427.720.000.002.81388.68
165526.790.000.002.61386.37
165625.860.000.002.81384.09
165725.180.000.002.81380.92
165824.510.000.003.71380.28
165923.700.000.002.61374.56
166023.260.000.003.91374.04
166122.820.000.001.90372.89
166222.500.000.001.30375.60
166322.9125.270.001.50374.31
166424.77230.75656.451.90378.56
166526.69496.36835.823.41374.45
166628.69736.18935.593.21373.62
166730.46915.81954.042.61374.32
166831.941024.68964.612.31378.42
166932.821053.72967.101.50382.59
167033.72999.86965.720.80385.65
167134.07863.94948.532.11390.48
167233.83659.88909.052.11395.94
167332.79409.26807.252.11397.28
167431.71151.63547.300.80401.80
167530.895.320.000.20400.77
167630.060.000.000.20407.49
167729.240.000.000.40408.40
167828.410.000.000.30408.26
167927.590.000.000.20406.43
168026.760.000.000.20406.01
168126.210.000.000.40405.90
168225.640.000.000.10404.95
168325.060.000.000.10400.50
168424.860.000.000.00402.62
168524.530.000.000.00404.53
168624.300.000.000.00406.40
168724.6820.950.000.10409.50
168825.55134.5054.280.10414.21
168926.74288.6583.350.10411.52
169028.02450.36146.720.20409.17
169129.29600.73220.330.40405.86
169230.50728.86300.980.70405.62
169331.20663.53205.521.50412.89
169432.07828.68551.251.90402.25
169532.77841.81826.182.31395.85
169632.74639.69818.691.50399.52
169732.61390.63671.721.70402.42
169831.69142.49397.032.31410.64
169930.906.730.001.90409.64
170030.110.000.002.61410.58
170129.320.000.001.10408.10
170228.530.000.002.31405.63
170327.740.000.004.81402.14
170426.950.000.005.21399.43
170526.280.000.005.81400.13
170625.560.000.004.61398.54
170724.940.000.004.11392.67
170824.510.000.003.71390.67
170924.080.000.001.50390.17
171023.780.000.002.11391.81
171124.2327.477.741.10392.04
171225.53194.57379.503.41393.73
171327.21423.19518.015.21393.22
171428.82615.57526.374.11390.00
171530.33784.34592.553.71392.71
171631.59885.39622.304.41395.97
171732.57920.19637.916.32395.81
171833.00870.97628.348.02396.03
171933.24720.78537.516.72400.33
172032.99552.19515.816.72404.91
172132.50358.00544.514.81403.49
172231.39128.26348.783.91412.37
172330.615.630.004.11410.85
172429.820.000.003.41410.15
172529.040.000.001.90403.98
172628.260.000.002.81401.68
172727.470.000.001.70398.32
172826.690.000.000.80393.72
172926.150.000.001.50389.58
173025.630.000.001.50388.76
173125.110.000.002.31387.76
173224.860.000.002.61388.53
173324.690.000.001.50388.32
173424.510.000.001.50392.00
173524.9131.3540.211.30394.58
173626.29225.34517.671.10396.37
173727.99486.53749.831.30392.76
173829.70726.81857.323.41390.06
173931.25910.11923.955.81392.58
174032.541019.41938.976.32391.53
174133.441047.21940.256.72392.56
174234.27991.86815.807.42394.42
174333.78530.02295.068.02420.84
174432.3552.350.009.02451.21
174531.1857.310.007.12444.34
174630.1111.750.006.72443.42
174729.610.570.005.81438.40
174829.100.000.0013.23441.07
174928.600.000.0011.73435.71
175028.090.000.007.62430.00
175127.590.000.007.42426.05
175227.080.000.005.81421.46
175326.490.000.003.41415.15
175425.870.000.004.11412.33
175525.240.000.003.41411.72
175624.920.000.004.11406.71
175724.670.000.001.90403.39
175824.410.000.001.50399.98
175924.9435.4677.521.30399.12
176026.57227.73459.681.50401.57
176128.78521.92700.361.30395.16
176229.53442.98146.962.61412.40
176330.31540.79152.722.81417.38
176432.331069.49898.593.41391.46
176533.841097.591021.335.51390.85
176635.121040.471018.005.81396.47
176735.77901.561001.855.01398.91
176835.81690.70965.197.12397.21
176934.99428.41822.246.32400.58
177033.45159.59554.025.21406.45
177132.617.730.004.41404.87
177231.680.000.004.41407.27
177330.750.000.003.21400.69
177429.820.000.003.91397.66
177528.880.000.003.01397.35
177627.950.000.001.00397.46
177727.180.000.000.60393.95
177826.350.000.000.70393.00
177925.510.000.000.40391.16
178025.060.000.000.40387.47
178124.700.000.000.20386.48
178224.340.000.000.20385.28
178324.8029.1911.970.30387.29
178426.08205.62370.540.20393.50
178527.64416.35437.760.50394.50
178629.15603.52474.062.11395.02
178730.65791.79562.612.61393.43
178831.86878.24571.522.61396.28
178932.64849.17496.703.01400.27
179032.90798.43485.772.31401.72
179133.28772.28608.051.30397.19
179233.09562.66542.781.50403.99
179332.54333.78428.631.30407.44
179431.46123.38273.502.31414.68
179530.695.540.001.30412.42
179629.920.000.001.90413.27
179729.150.000.000.70410.65
179828.380.000.000.40409.35
179927.600.000.000.70408.20
180026.830.000.002.31404.68
180126.370.000.004.81399.49
180225.880.000.008.42400.92
180325.390.000.0010.13402.13
180425.130.000.007.12403.61
180524.870.000.005.51404.88
180624.780.000.003.01404.33
180725.1227.600.003.71406.99
180826.38179.92175.684.11413.18
180927.93385.45336.005.51411.02
181029.68618.50501.587.42403.36
181131.31796.58567.045.81399.38
181232.50834.62507.766.32404.64
181333.23842.42502.917.42407.21
181433.87776.73432.446.32410.29
181534.03639.83328.607.12411.13
181633.69482.83304.645.51409.45
181732.82307.88312.154.41407.32
181831.9797.0598.572.81416.40
181931.224.520.001.90412.46
182030.470.000.001.50413.39
182129.720.000.001.10408.49
182228.970.000.001.90404.74
182328.210.000.002.31404.40
182427.460.000.002.81396.54
182526.840.000.001.30394.85
182626.190.000.002.31396.41
182725.530.000.003.91393.15
182825.180.000.004.61388.59
182924.940.000.003.41389.80
183024.670.000.001.30386.22
183125.1032.9937.251.70386.80
183226.64221.73491.173.01393.70
183328.53471.42672.173.41395.12
183430.31677.50682.193.01392.39
183531.90835.72662.842.61396.07
183633.02925.92634.453.01394.11
183734.26949.56629.624.11394.95
183834.99880.29659.218.02395.89
183935.24749.64617.705.51397.84
184034.95572.07576.674.11398.41
184133.99354.85490.274.11400.48
184232.80133.45345.463.91407.59
184331.855.900.005.01406.79
184430.890.000.004.61412.83
184529.940.000.004.61409.10
184628.990.000.005.81403.64
184728.040.000.006.72400.69
184827.090.000.005.01395.94
184926.320.000.005.01393.72
185025.480.000.005.81393.42
185124.730.000.006.32391.49
185224.230.000.005.51387.34
185323.730.000.003.41386.63
185423.380.000.003.71387.45
185523.9032.0925.112.81391.49
185625.39219.84464.193.01393.99
185727.31481.67667.813.71390.12
185828.88636.38540.224.41392.99
185930.39813.58592.994.61392.77
186031.74943.34665.954.41392.83
186132.71954.93626.573.41397.83
186233.30954.89773.474.11395.03
186333.77865.01891.984.11394.71
186433.69658.45854.914.11397.83
186532.78403.97699.465.01397.67
186631.79148.86429.104.81405.41
186730.977.300.005.51401.56
186830.140.000.005.81407.68
186929.320.000.004.11407.15
187028.490.000.003.71408.34
187127.670.000.001.00405.27
187226.850.000.001.00404.41
187326.350.000.000.50405.05
187425.820.000.000.40405.16
187525.300.000.001.00403.22
187625.030.000.000.80405.96
187724.850.000.000.80407.23
187824.640.000.001.30405.18
187924.8920.940.001.30408.52
188025.71120.8819.421.70409.02
188127.22345.70179.122.81404.51
188229.02595.54403.331.70395.21
188330.49715.19376.850.80396.83
188431.96894.70575.942.61392.70
188532.72876.27514.063.01396.34
188633.26719.40308.503.91402.61
188733.58684.54428.203.01401.08
188833.38506.66355.802.81402.52
188932.79291.41180.031.90409.96
189031.7699.2587.423.21414.04
189131.014.720.004.61414.83
189230.260.000.005.01417.34
189329.510.000.004.81415.43
189428.760.000.004.81412.69
189528.020.000.004.41409.33
189627.270.000.003.71409.68
189726.630.000.004.41407.71
189825.950.000.003.21406.15
189925.260.000.003.01406.22
190024.900.000.002.81403.13
190124.610.000.003.41402.72
190224.320.000.004.61404.06
190324.9135.6547.323.91404.56
190426.28223.67405.743.71401.71
190527.99454.48579.873.71399.21
190629.68665.36609.963.71391.55
190731.19824.06607.004.11388.31
190832.53953.40685.405.81388.11
190933.42968.01656.1510.13389.62
191034.07862.35577.506.32397.30
191134.17693.41456.137.62403.01
191233.63496.63330.249.02404.36
191332.81291.58179.947.12406.81
191431.6498.8285.319.02409.93
191530.954.880.0011.03405.26
191630.250.000.009.02409.19
191729.560.000.008.02411.51
191828.870.000.006.72413.03
191928.170.000.006.32414.84
192027.480.000.008.02412.74
192127.010.000.0010.13415.36
192226.530.000.008.42411.45
192326.040.000.009.02411.64
192425.790.000.006.72409.09
192525.540.000.005.81407.46
192625.370.000.003.91407.71
192725.8330.000.004.41407.68
192826.94169.21134.562.61408.14
192928.96475.28568.232.31398.53
193030.95719.02710.383.91392.91
193131.95663.34268.885.51410.07
193232.76719.28290.896.72410.62
193333.84935.75550.756.32403.27
193434.12648.38222.664.11416.18
193533.79467.1298.302.81416.86
193633.21378.10104.852.31414.25
193732.71273.34140.961.10413.74
193831.79109.81130.970.60417.85
193931.054.140.000.30416.66
194030.300.000.000.50420.62
194129.560.000.000.60415.61
194228.810.000.000.50413.37
194328.070.000.000.30411.48
194427.320.000.000.20407.94
194526.670.000.000.40402.74
194625.960.000.001.00399.64
194725.260.000.001.10399.09
194824.880.000.002.31396.88
194924.570.000.003.21397.32
195024.270.000.004.61400.18
195124.8736.2843.595.81401.47
195226.24220.90376.305.81396.14
195327.93444.01474.457.12396.03
195429.53633.95513.235.81395.73
195531.03801.55577.983.71402.72
195632.25890.40589.644.61402.88
195733.00921.09577.534.11402.56
195833.59813.44508.214.61406.46
195933.79710.62522.903.41404.78
196033.50546.94475.181.30409.08
196132.58343.33461.590.80408.70
196231.72117.37250.391.10416.55
196330.976.020.002.31415.11
196430.230.000.002.81418.41
196529.490.000.002.61415.50
196628.750.000.002.11413.62
196728.010.000.001.10412.84
196827.270.000.001.70409.57
196926.800.000.001.90412.37
197026.300.000.001.70408.72
197125.800.000.001.70409.03
197225.540.000.002.81410.93
197325.280.000.002.81410.17
197425.100.000.002.11415.54
197525.6533.8319.912.61416.53
197627.14211.63317.191.90408.86
197728.70402.61355.381.90414.30
197830.32601.14411.121.10410.07
197931.69722.99386.302.61408.19
198032.60818.54473.353.21410.53
198133.79857.76492.052.81404.58
198234.70869.71585.372.11405.00
198335.06726.64558.292.31405.96
198434.94560.82524.501.50407.72
198533.99306.37301.422.61415.36
198632.58108.79129.852.31416.59
198732.035.590.003.21415.38
198831.200.000.002.11420.20
198930.380.000.001.90419.10
199029.560.000.002.11417.17
199128.730.000.002.11415.97
199227.910.000.000.70412.89
199327.210.000.001.50411.07
199426.450.000.001.70410.90
199525.680.000.001.50410.39
199625.270.000.000.70409.81
199724.850.000.000.80406.74
199824.630.000.001.30407.01
199925.1238.5754.680.80407.46
200026.47211.46338.850.80404.28
200128.02419.03401.231.00404.63
200229.55612.20436.611.30400.94
200331.06800.02539.093.41401.48
200432.30894.86590.754.81400.68
200533.08927.62584.964.61402.04
200633.73836.24539.355.21406.79
200733.95726.01555.895.21405.49
200833.65545.70480.635.21405.90
200932.70336.78432.125.21405.56
201031.81119.56265.507.62409.90
201131.215.720.003.91411.10
201230.610.000.003.71414.13
201330.000.000.003.41416.34
201429.400.000.002.61414.12
201528.790.000.002.31411.61
201628.190.000.001.50413.21
201727.910.000.001.70413.22
201827.610.000.001.00413.39
201927.310.000.000.40409.94
202027.160.000.002.11409.18
202127.000.000.004.11408.17
202226.880.000.002.31411.08
202327.4034.1615.402.81413.25
202429.14257.20436.121.00401.51
202530.49406.84342.390.70410.33
202631.80569.42317.870.80407.67
202732.51547.79131.031.10419.32
202833.15673.46218.021.50414.69
202933.40510.5669.131.90420.53
203033.39433.9933.630.70420.59
203132.91311.5513.431.50422.23
203232.66252.0111.412.31423.67
203332.03149.581.910.80428.83
203431.2748.950.000.70434.87
203530.862.660.001.10432.53
203630.450.000.000.80428.96
203730.040.000.001.90428.16
203829.620.000.000.60426.50
203929.210.000.001.50426.42
204028.800.000.001.50423.89
204128.490.000.000.80426.89
204228.170.000.001.30425.85
204327.850.000.000.70427.43
204427.690.000.001.90422.90
204527.530.000.002.11419.70
204627.420.000.001.70413.10
204727.8225.590.002.31415.81
204828.68134.3017.272.31414.69
204929.57250.7323.393.01416.03
205030.53380.0438.721.90416.48
205131.63548.70130.872.81410.12
205232.61642.81175.593.91409.68
205332.94566.2796.423.91414.70
205433.55605.86166.713.71414.08
205533.60417.5944.232.81421.98
205632.99221.026.381.10432.41
205732.56129.190.001.90433.58
205831.7911.480.001.30443.41
205931.352.140.001.70439.20
206030.900.000.001.30441.75
206130.460.000.000.80439.44
206230.010.000.000.60436.32
206329.570.000.000.50433.93
206429.130.000.001.70430.52
206528.700.000.000.60425.85
206628.250.000.000.20418.37
206727.800.000.000.40417.01
206827.570.000.000.30415.17
206927.330.000.000.30412.10
207027.170.000.000.30413.99
207127.9347.41129.950.10413.66
207229.62255.03404.520.10410.32
207330.26270.3263.110.20431.14
207431.99614.61375.960.20414.39
207531.84258.5227.400.30444.54
207632.58564.24105.461.00430.13
207733.13645.71163.140.70424.51
207833.56552.01114.151.50427.66
207934.22692.01429.361.50413.65
208034.49575.76512.291.30410.92
208133.63191.4838.591.70436.71
208232.7537.150.001.10449.71
208332.060.500.001.10443.64
208431.360.000.001.00442.87
208530.660.000.001.50436.29
208629.960.000.001.50433.05
208729.270.000.001.30430.93
208828.570.000.001.50425.20
208927.970.000.002.11418.94
209027.290.000.001.90417.19
209126.610.000.002.81414.33
209226.230.000.002.81414.31
209325.860.000.001.10412.18
209425.580.000.000.80411.63
209526.3146.38104.361.50412.56
209627.95243.81475.441.30410.92
209729.79475.37593.451.70410.38
209831.60687.10618.671.90411.22
209933.02843.33620.753.21414.84
210034.70938.84617.392.31416.90
210135.94962.06624.592.11417.58
210236.65887.40650.952.31418.73
210336.88769.79653.021.50420.57
210436.48570.56576.171.30424.85
210535.36344.74465.511.00427.37
210633.71125.31304.130.70430.53
210732.796.140.001.30431.59
210832.300.000.000.80436.85
210931.580.000.001.50438.68
211030.860.000.001.30437.58
211130.140.000.001.30437.86
211229.420.000.001.30439.12
211329.070.000.002.61439.67
211428.710.000.003.01436.95
211528.340.000.003.01436.36
211628.150.000.002.61439.49
211727.900.000.002.31436.64
211827.630.000.002.61436.08
211928.2628.850.002.31441.19
212029.67209.07217.274.11431.48
212129.49222.9023.423.91444.58
212228.73206.176.293.71449.26
212330.89321.5814.092.11444.76
212431.38482.3959.411.10442.98
212532.05382.2719.771.90450.65
212632.06408.2738.671.30447.89
212731.66237.715.741.30455.57
212832.06284.7127.231.50448.03
212931.77208.2941.753.21445.48
213031.5059.980.003.71452.55
213130.853.790.003.01447.44
213230.200.000.001.90443.52
213329.550.000.001.30441.18
213428.900.000.000.60438.16
213528.210.000.000.50434.81
213627.530.000.001.30430.03
213727.040.000.000.70431.12
213826.430.000.001.10426.32
213925.820.000.003.71421.55
214025.490.000.004.61418.55
214125.160.000.003.71415.57
214224.930.000.003.91413.18
214325.5843.3665.563.01416.25
214427.32266.68473.353.01406.87
214529.32535.78745.842.11403.02
214631.24773.05829.343.01399.11
214732.62848.31569.522.81401.56
214833.19777.68341.064.11413.36
214933.76756.94286.034.81416.00
215033.97675.52191.475.81419.30
215133.88577.54225.875.81417.93
215233.10378.18103.926.72418.35
215332.48270.23133.945.21414.95
215431.4396.8178.208.42421.89
215530.705.460.009.02419.06
215629.970.000.007.62419.39
215729.240.000.006.72419.37
215828.510.000.005.21419.76
215927.770.000.005.51418.34
216027.040.000.005.21415.08
216126.900.000.005.43410.76
216226.350.000.004.42410.00
216325.800.000.003.82407.54
216425.500.000.004.62407.22
216525.200.000.003.82405.18
216625.060.000.003.52408.35
216725.5944.4570.813.82409.80
216826.98235.58354.706.03407.53
216928.19393.18193.523.82410.57
217029.44571.43311.953.62407.88
217130.38641.79228.254.62407.70
217231.21728.50216.174.62407.27
217331.89780.13320.853.52404.74
217432.30731.87318.283.32405.34
217532.72801.34646.652.31397.11
217632.71572.47562.200.50399.70
217732.14328.31349.260.40403.47
217831.1694.5482.340.70417.50
217930.474.470.001.61413.82
218029.780.000.001.61412.88
218129.090.000.001.21409.84
218228.390.000.001.91406.10
218327.700.000.002.51407.46
218427.010.000.003.32403.65
218526.580.000.002.81400.02
218626.100.000.002.51398.06
218725.610.000.002.81397.44
218825.350.000.004.62398.86
218925.170.000.006.43396.84
219024.960.000.005.43396.80
219125.5647.9061.905.73397.18
219226.87226.54302.744.92397.89
219328.60488.26545.975.13394.01
219430.08658.54539.765.73393.97
219531.47827.38564.926.03391.38
219632.41842.45481.525.73393.34
219733.09851.63489.008.54393.14
219833.37828.29513.038.54392.17
219933.41646.86333.208.04400.26
220033.02504.00347.837.64403.00
220132.57314.83324.348.54408.90
220231.55118.72220.486.73413.22
220330.946.030.004.92410.59
220430.330.000.004.42414.84
220529.720.000.004.42415.59
220629.100.000.006.03413.96
220728.490.000.007.14416.53
220827.880.000.006.73417.71
220927.520.000.007.14415.71
221027.150.000.006.03414.25
221126.780.000.007.14414.21
221226.590.000.008.04412.04
221326.400.000.009.04411.68
221426.280.000.006.03414.71
221526.8236.042.844.62416.46
221627.74158.7650.364.62411.60
221729.13372.76182.726.03405.09
221830.22479.87148.515.13404.03
221931.61721.96337.374.92399.23
222032.98896.74545.794.42394.35
222133.59787.07328.835.73400.74
222234.00666.50235.555.73409.90
222334.25635.55311.815.73407.94
222433.89423.50177.334.22409.94
222532.96211.9765.563.52417.86
222632.2437.360.003.82430.61
222731.625.230.004.62433.11
222830.990.000.004.92433.22
222930.360.000.005.33431.79
223029.730.000.004.92433.94
223129.110.000.005.13427.55
223228.480.000.004.02425.77
223327.890.000.004.92419.69
223427.260.000.004.62418.70
223526.630.000.004.92417.24
223626.300.000.005.73414.36
223725.960.000.004.02408.33
223825.720.000.004.02410.53
223926.4250.11102.053.62412.06
224027.81246.75349.594.22407.00
224129.51504.00546.763.62401.74
224230.77623.64401.462.71403.75
224331.84734.49358.451.91405.02
224432.64774.39331.400.90407.75
224533.10844.87448.342.11404.46
224633.73833.06518.422.11405.00
224733.75610.52279.413.62412.42
224833.14405.11137.412.81420.41
224932.61249.5392.363.32425.08
225031.6485.5438.933.82428.83
225130.985.140.004.22428.93
225230.320.000.003.01425.22
225329.650.000.003.01421.12
225428.990.000.003.32418.43
225528.330.000.004.62417.65
225627.670.000.003.82417.45
225727.210.000.004.22415.21
225826.720.000.004.22411.51
225926.230.000.003.62409.66
226025.970.000.003.82407.66
226125.710.000.002.51406.31
226225.520.000.002.51405.85
226326.3455.42171.481.21408.12
226427.82251.26415.660.90402.65
226529.55496.13620.901.41398.63
226631.22709.27657.901.91395.25
226732.66855.81625.101.91396.24
226833.66920.90587.083.32396.17
226934.64909.27536.115.13402.35
227035.15825.01514.804.62402.48
227135.21678.72393.316.03404.16
227234.72498.67344.366.43409.05
227333.74313.00337.564.92406.16
227432.75112.02143.004.22414.57
227532.016.100.003.32415.30
227631.260.000.003.32418.99
227730.510.000.002.71417.48
227829.770.000.002.51413.46
227929.020.000.003.32413.27
228028.270.000.003.01413.83
228127.690.000.003.01413.33
228227.080.000.001.41409.89
228326.480.000.001.41406.77
228426.160.000.001.21405.59
228525.840.000.000.50408.87
228625.620.000.000.50410.06
228726.2341.9423.510.50413.73
228827.31187.2992.740.20411.18
228928.46346.13130.470.10411.62
229030.12637.91421.920.40401.10
229131.81868.59600.900.20397.96
229233.121034.56853.400.20392.14
229334.561052.08882.600.60394.85
229435.48988.81858.460.90397.69
229535.83819.25702.731.11400.99
229635.12461.37260.390.50413.64
229734.26368.03510.470.60405.05
229832.93144.47370.121.41409.13
229932.487.450.001.21408.34
230031.760.000.001.91409.72
230131.040.000.001.61409.37
230230.320.000.001.41407.78
230329.610.000.001.61407.12
230428.890.000.001.41403.68
230528.300.000.000.90402.86
230627.660.000.000.60402.89
230727.030.000.000.30403.90
230826.690.000.000.30403.21
230926.350.000.000.20406.28
231026.110.000.001.11409.12
231126.9154.97152.340.70411.05
231228.33246.72387.120.80404.22
231329.90467.38475.981.61406.87
231431.39655.68510.153.01405.75
231532.80830.26551.583.62400.68
231633.97946.04596.764.22400.14
231735.09952.40570.584.02401.31
231835.69862.32566.893.52404.60
231935.94767.67613.743.52402.86
232035.63565.35560.622.31410.91
232134.67337.18435.440.90415.47
232233.27122.22278.780.70419.45
232332.676.230.000.60419.10
232431.860.000.001.11423.84
232531.050.000.001.21423.63
232630.250.000.001.91421.21
232729.440.000.001.21417.11
232828.630.000.000.60413.80
232928.040.000.000.60410.34
233027.390.000.000.80407.98
233126.740.000.000.80402.30
233226.400.000.001.91403.33
233326.050.000.001.61402.30
233425.800.000.002.11404.89
233526.6356.79115.272.71409.03
233628.46297.39544.201.91398.85
233730.35551.50808.222.51402.07
233832.14773.23857.112.71399.80
233933.57938.32872.824.02401.19
234035.191031.43869.662.51401.40
234136.371045.80863.743.52404.42
234237.08981.86868.823.52401.90
234337.32846.98867.334.02403.55
234436.98644.93834.315.73404.06
234535.95401.55748.125.73404.57
234634.38151.42513.884.92414.64
234733.246.390.004.02411.64
234832.550.000.002.81415.13
234931.650.000.002.81411.29
235030.760.000.003.01408.61
235129.870.000.003.01411.33
235228.970.000.003.52412.55
235328.320.000.002.51410.55
235427.600.000.001.61413.00
235526.880.000.002.51408.98
235626.490.000.001.91409.83
235726.100.000.001.11408.30
235825.820.000.000.80408.92
235926.6558.09159.961.91410.95
236028.36288.59564.240.90396.94
236130.14533.42715.980.80397.81
236231.84750.72776.421.61391.89
236333.06905.98769.722.31396.67
236434.57992.57750.262.31400.43
236535.681013.09765.871.21404.20
236636.35952.32779.800.30409.01
236736.55813.40759.620.60409.50
236836.21623.43756.240.80412.57
236935.19382.73653.360.60414.65
237033.66143.48444.081.21419.26
237132.996.310.001.21416.30
237232.210.000.000.80422.30
237331.430.000.001.11420.95
237430.650.000.001.11420.17
237529.870.000.000.90420.65
237629.090.000.001.61418.11
237728.610.000.003.01413.19
237828.080.000.003.62409.44
237927.550.000.003.01407.90
238027.270.000.003.32408.19
238126.980.000.002.81408.98
238226.780.000.003.01414.46
238327.6357.69132.364.22421.30
238429.03242.53339.773.82415.57
238530.67475.45483.343.62413.97
238632.23669.79566.313.32409.89
238733.37799.55497.053.62411.25
238834.62842.82471.482.31413.37
238935.58870.70490.903.32415.65
239036.09794.64475.852.51416.28
239136.22680.92426.372.71417.66
239235.93533.64429.673.32419.70
239335.05328.96402.804.92418.97
239433.72121.36272.127.64423.19
239533.116.290.007.14417.92
239632.390.000.008.54420.70
239731.670.000.007.14419.07
239830.950.000.006.73419.31
239930.240.000.007.14419.17
240029.520.000.008.04412.47
240129.020.000.009.45418.02
240228.480.000.008.54420.17
240327.950.000.006.73417.74
240427.660.000.007.64419.27
240527.380.000.007.64416.59
240627.180.000.007.64417.88
240727.8948.2740.819.04416.87
240829.00194.6198.966.43411.14
240930.52421.11302.396.43406.81
241031.88581.03305.256.73403.58
241133.19741.41364.7310.05403.78
241233.91712.12248.7710.05411.65
241334.85796.98341.339.45412.71
241435.73871.08573.517.64406.69
241536.06714.49501.7111.16411.67
241635.92533.59441.649.04414.74
241735.13320.80356.8413.17416.82
241833.88109.42126.259.04427.08
241933.185.330.0011.16426.11
242032.420.000.0011.16426.51
242131.650.000.0010.35424.41
242230.880.000.008.04425.94
242330.120.000.005.73427.03
242429.350.000.005.33422.72
242528.740.000.004.62420.40
242628.090.000.004.62420.06
242727.440.000.006.03416.20
242827.090.000.006.43412.95
242926.740.000.004.42413.29
243026.490.000.005.13411.40
243127.2150.1768.154.22414.15
243227.97155.7231.224.42420.95
243328.99313.8593.355.13420.68
243430.64618.61355.494.42405.46
243532.45890.97648.134.62400.69
243633.48890.83525.985.73412.15
243733.91663.37180.395.33427.49
243834.32707.38297.574.62420.38
243934.58680.41408.555.33416.82
244034.48539.83447.346.43415.75
244133.68307.02307.056.03418.87
244232.84108.79123.405.13422.59
244332.105.530.006.73421.16
244431.360.000.007.64418.90
244530.610.000.006.73414.44
244629.870.000.006.43407.77
244729.130.000.006.03405.63
244828.380.000.005.43401.13
244927.860.000.005.43402.17
245027.290.000.004.42404.42
245126.720.000.004.22406.76
245226.400.000.002.31404.02
245326.090.000.001.11405.29
245425.860.000.001.11405.74
245526.7761.51164.753.01411.91
245628.26260.33401.882.31410.00
245729.90487.32518.661.11410.13
245831.51697.33594.160.80403.42
245932.91843.23563.510.90406.25
246034.11957.96619.421.21408.40
246135.26980.51658.561.21410.33
246235.94914.73658.602.51412.09
246336.16779.53651.503.32416.01
246435.83588.16642.204.02417.16
246534.82350.86499.825.73421.44
246633.35129.85265.014.92426.67
246732.896.580.004.42429.23
246832.250.000.003.62435.04
246931.620.000.003.62433.87
247030.980.000.004.92435.43
247130.340.000.004.22435.11
247229.700.000.007.14433.40
247329.320.000.006.43427.99
247428.900.000.005.13423.40
247528.480.000.004.92425.13
247628.250.000.004.22423.65
247728.010.000.004.02423.63
247827.840.000.002.31426.64
247928.8668.04169.011.91429.92
248030.45278.63429.481.41425.50
248132.16511.08615.581.41425.40
248233.67714.68618.431.41420.98
248335.32823.57570.841.61421.52
248436.64895.46532.541.91423.12
248537.48861.90478.923.32427.47
248638.02835.50520.233.62425.42
248738.01640.76325.013.62433.53
248837.54504.19350.743.62432.08
248936.45275.38146.912.81441.67
249035.0499.4387.891.91443.83
249134.305.110.001.61445.62
249233.550.000.002.11450.20
249333.110.000.001.41448.26
249432.530.000.001.11444.00
249531.950.000.001.91441.96
249631.370.000.001.61444.63
249728.990.000.001.91441.52
249829.000.000.000.80441.79
249929.810.000.001.91446.69
250029.450.000.002.51444.63
250129.460.000.001.91444.89
250229.490.000.001.61444.31
250330.3251.3446.141.21447.91
250431.48209.62113.552.31441.17
250532.99388.92211.911.91440.90
250633.38381.0841.702.31451.77
250733.13427.7624.993.01452.55
250833.91440.3541.653.62455.53
250935.49693.38215.583.52444.35
251036.18581.61136.663.32450.30
251136.47543.61180.043.82442.68
251236.74568.69532.513.01424.47
251336.55383.16595.522.51421.52
251435.66141.66335.233.01431.61
251534.836.160.002.31429.12
251634.010.000.001.21431.11
251733.180.000.001.61431.95
251832.760.000.001.11433.20
251932.110.000.001.91432.99
252031.470.000.001.61431.36
252131.010.000.001.61430.92
252230.520.000.001.21430.12
252330.020.000.001.91430.37
252429.750.000.003.52426.78
252529.480.000.001.61425.62
252629.290.000.002.31428.36
252730.1659.2379.450.90431.55
252831.30212.58124.161.91427.46
252932.40359.05153.611.61432.09
253034.34716.98569.062.31415.37
253136.54911.85703.283.01414.19
253237.76841.39462.602.81423.76
253338.01621.93138.933.32438.69
253437.93522.0890.683.52438.93
253538.15657.22346.963.82425.69
253637.98508.38345.381.91428.00
253737.03244.09108.861.11440.92
253835.7988.7449.871.91446.04
253934.892.970.002.11440.87
254033.990.000.001.41444.19
254133.090.000.000.80438.39
254232.620.000.001.91436.61
254331.920.000.002.81436.13
254431.210.000.004.92434.01
254530.710.000.003.82426.43
254630.180.000.004.62423.69
254729.650.000.004.02418.20
254829.370.000.003.01414.98
254929.090.000.001.91413.22
255028.900.000.002.11414.13
255129.8974.97213.201.91416.51
255231.34294.42485.960.90408.86
255332.95551.36677.900.90408.30
255434.59775.85736.540.50403.36
255535.48691.38297.681.61419.51
255636.18732.86284.782.71423.88
255736.71748.72219.752.81425.71
255837.09745.82343.262.31427.36
255936.53410.1841.722.31441.46
256035.61252.9216.512.31447.96
256134.48115.980.001.61451.10
256233.2911.130.002.51460.76
256332.971.660.002.71460.85
256432.460.000.002.31460.45
256531.950.000.002.71457.62
256631.430.000.001.41451.83
256730.920.000.001.91446.88
256830.400.000.003.01445.82
256930.000.000.003.32445.45
257029.580.000.001.91438.31
257129.150.000.002.71439.70
257228.930.000.003.52439.65
257328.710.000.001.91436.15
257428.550.000.002.71432.81
257529.3955.2755.773.62429.90
257630.69223.50144.074.62425.60
257731.73341.69123.085.33429.78
257833.05550.28249.957.14425.66
257934.08636.45176.407.14426.06
258035.23714.45249.686.43428.13
258135.79627.08140.584.62432.65
258236.28654.38169.343.62428.03
258336.43557.63200.424.92428.50
258436.60584.81584.793.82422.30
258536.03320.09305.192.51431.47
258634.7329.750.002.51462.28
258733.703.130.001.91456.23
258832.990.000.001.41456.03
258932.180.000.000.80452.15
259031.370.000.001.11449.80
259130.560.000.001.91449.25
259229.750.000.002.71443.19
259329.040.000.004.02437.59
259428.290.000.004.62429.69
259527.540.000.005.13426.16
259627.140.000.004.92421.96
259726.750.000.004.92421.62
259826.470.000.005.73418.23
259927.4982.44127.635.73421.40
260028.47241.73224.455.13422.13
260129.26355.88143.467.14426.74
260230.59651.52448.107.64412.18
260331.46685.09282.968.04415.91
260432.13738.84293.757.14415.65
260532.60734.92204.517.64417.80
260632.94737.83327.056.03416.13
260732.90533.85184.815.13423.62
260832.15211.9211.384.42443.02
260931.1729.650.002.81457.09
261030.3744.890.003.32445.97
261129.921.130.002.31443.12
261229.460.000.002.81446.62
261329.000.000.002.31444.23
261428.550.000.002.81438.94
261528.090.000.002.71433.68
261627.630.000.003.32432.76
261727.400.000.002.81431.98
261827.170.000.001.61430.88
261926.940.000.004.62427.54
262026.820.000.006.43424.40
262126.700.000.005.13422.44
262226.620.000.004.42421.42
262327.5455.1343.354.22421.55
262428.75199.8187.925.43417.11
262529.50263.6931.726.43422.39
262631.03539.50228.996.43411.04
262732.39672.97218.689.75415.91
262833.17706.24238.296.03423.41
262934.50845.78452.054.92416.23
263035.58874.75585.675.73413.09
263136.28814.20728.504.42410.02
263236.40609.22631.664.42415.84
263335.77367.65469.753.82421.52
263434.55137.78234.214.22424.97
263533.557.590.002.81422.38
263632.900.000.002.51429.86
263732.120.000.003.52429.01
263831.330.000.003.52424.93
263930.550.000.003.62422.18
264029.760.000.003.32421.13
264128.980.000.003.62416.42
264228.120.000.002.81414.38
264327.270.000.003.62411.28
264426.810.000.002.81410.36
264526.350.000.000.90409.94
264626.020.000.001.11410.26
264727.1176.87243.371.41416.28
264828.24236.63200.021.21416.85
264929.68456.61346.101.91414.87
265031.32711.95613.041.91408.95
265132.56805.77526.832.51411.28
265233.54929.53579.272.51408.70
265334.24826.34407.833.32416.61
265435.02937.71683.843.01411.99
265535.29787.36671.773.01414.96
265635.00580.81604.963.62413.86
265734.18389.22638.014.22411.67
265833.12145.41376.683.82420.61
265932.298.180.003.62417.71
266031.450.000.003.32420.69
266130.620.000.002.31419.37
266229.780.000.002.81414.61
266328.940.000.002.31411.82
266428.110.000.001.61411.93
266527.600.000.002.31407.27
266627.050.000.001.61405.04
266726.490.000.003.01401.89
266826.180.000.003.32402.75
266925.870.000.001.91401.64
267025.650.000.002.11400.87
267126.7778.83238.063.01403.78
267228.41305.96514.633.62393.77
267330.20563.82702.175.13390.10
267431.54689.40538.463.82395.86
267532.45733.78366.181.41403.39
267633.05737.05282.301.41407.62
267733.43801.69352.811.21406.99
267833.88774.57403.850.70405.61
267933.79582.14239.790.90411.32
268033.19420.85168.980.70415.44
268132.62248.3399.351.21417.59
268231.5980.2123.241.11426.92
268331.005.350.001.61427.86
268430.410.000.003.32428.43
268529.830.000.000.60428.14
268629.240.000.000.60427.38
268728.650.000.001.41426.50
268828.060.000.001.21425.38
268927.740.000.000.20424.11
269027.390.000.000.10424.25
269127.040.000.000.10421.95
269226.860.000.000.10422.10
269326.670.000.000.40423.65
269426.540.000.000.60425.23
269527.3851.8218.220.80426.20
269628.71215.21112.410.60423.08
269729.84341.75110.212.11428.63
269830.77434.0294.881.61427.49
269931.39454.6744.912.51432.52
270032.22605.06130.771.41428.02
270132.92772.74304.901.21415.04
270234.03841.06530.860.80411.77
270334.73774.90610.361.41411.84
270435.03653.95803.681.91410.86
270534.63400.35665.673.01414.60
270633.54150.24400.513.52421.79
270733.027.260.002.31419.99
270832.360.000.001.91422.94
270931.690.000.002.31421.37
271031.030.000.002.31419.17
271130.370.000.001.61418.83
271229.700.000.001.91416.72
271329.140.000.002.11415.48
271428.540.000.001.21413.25
271527.940.000.003.52416.34
271627.610.000.004.22413.02
271727.290.000.003.01414.59
271827.060.000.003.01415.86
271928.0578.05229.194.02418.70
272029.43291.37458.124.02410.51
272131.02552.43664.345.33406.03
272232.58789.14800.455.43395.62
272333.83940.48741.416.73398.34
272433.87568.14116.196.03422.72
272533.87558.4668.216.43426.68
272633.66497.4338.515.33430.30
272733.10379.4627.355.33436.98
272832.69253.2612.946.43441.03
272931.94145.971.476.43442.76
273031.1461.370.005.73441.02
273130.693.420.004.42439.07
273230.230.000.004.92436.67
273329.780.000.005.73431.40
273429.330.000.004.22429.18
273528.880.000.003.82425.10
273628.430.000.002.81421.42
273728.200.000.002.11418.17
273827.980.000.002.11417.77
273927.760.000.002.71420.91
274027.660.000.002.31420.82
274127.560.000.002.11416.75
274227.490.000.002.11422.32
274328.7489.47225.241.61424.94
274430.13289.32458.802.11422.99
274531.53490.54466.901.61421.71
274633.02718.70602.761.21414.80
274734.73969.24798.932.31408.09
274834.93574.23121.373.01433.04
274935.00543.0461.182.81436.89
275034.81468.9044.793.32439.87
275134.15314.7414.214.02442.91
275233.30205.374.634.22445.90
275332.76115.880.002.81445.43
275431.8818.280.002.71466.93
275531.313.200.002.31461.94
275630.740.000.001.91456.60
275730.160.000.002.81454.87
275829.370.000.002.81450.09
275928.940.000.000.80447.23
276028.370.000.001.21444.35
276127.710.000.001.11442.52
276226.950.000.002.31436.05
276326.190.000.002.71429.64
276425.760.000.002.81425.35
276525.330.000.003.01421.08
276625.090.290.002.81418.06
276725.7964.6663.813.01420.88
276826.69209.9496.272.51420.25
276927.84411.40218.292.81414.97
277029.01598.83319.102.31411.17
277130.18784.38489.992.51410.23
277231.13869.90500.771.61414.08
277331.87917.70545.882.51412.73
277432.26836.91535.272.51415.97
277532.29678.14422.191.91419.97
277632.07546.79514.272.31414.66
277731.45349.00500.200.90415.41
277830.49129.52315.260.40423.07
277929.916.950.000.50424.66
278029.330.000.001.11424.81
278128.750.000.000.80424.33
278228.170.000.001.11422.34
278327.590.000.001.21418.19
278427.010.000.000.40417.12
278526.930.000.000.20413.31
278626.860.000.000.40410.28
278726.790.000.000.20412.19
278826.770.000.000.20409.61
278926.740.000.000.50407.69
279026.730.800.000.10411.54
279128.34102.61256.880.10417.79
279229.55255.57241.520.10422.81
279331.79606.40761.130.40411.42
279433.70832.86943.401.91402.85
279535.81974.49891.981.61405.89
279637.611088.05885.381.91406.51
279737.97764.61296.302.31428.96
279835.5177.230.002.31460.76
279935.71636.39279.791.11419.05
280035.99669.36781.511.41407.50
280135.42412.69725.381.61412.33
280234.23156.77460.941.91421.14
280333.466.680.002.51422.32
280433.010.000.004.22430.00
280532.410.000.004.62427.89
280631.800.000.005.33427.97
280731.200.000.005.13425.72
280830.590.000.006.03425.41
280929.920.000.005.73421.64
281029.140.000.007.14421.93
281128.360.000.008.04418.67
281227.910.000.008.54417.81
281327.460.000.006.73418.29
281427.130.680.006.03417.01
281528.6191.35269.725.43423.57
281630.35304.72520.064.92419.04
281732.23541.91646.334.92416.54
281833.91737.64667.294.02414.52
281935.87891.38688.264.22416.59
282037.35953.75619.944.02418.52
282138.38956.07600.334.22420.49
282238.97902.18642.144.02423.00
282339.09780.09676.303.32422.83
282438.59587.96637.043.82424.11
282537.36360.60556.373.32428.04
282635.61135.87376.412.11435.89
282734.117.450.001.61432.29
282832.950.000.001.91435.83
282931.770.000.001.41430.16
283030.590.000.000.80424.88
283129.410.000.001.21420.15
283228.230.000.001.61416.54
283327.600.000.000.90411.84
283426.880.000.001.41412.36
283526.160.000.001.41412.45
283625.760.000.000.40412.69
283725.370.000.000.30410.57
283825.170.790.000.50412.17
283926.1680.33191.931.11416.63
284027.54279.86377.020.70408.90
284129.15529.20596.171.91402.52
284230.43668.06496.211.61402.20
284331.37739.46375.462.31406.38
284432.21838.23460.251.41405.45
284532.73812.76378.822.71410.56
284632.98746.91370.882.51415.10
284732.98636.31328.421.91415.18
284832.78544.76492.551.21411.94
284932.09318.46356.951.61415.60
285031.11130.39330.231.21421.86
285130.367.840.001.11421.08
285229.600.000.001.91417.53
285328.850.000.001.91412.22
285428.090.000.001.11410.05
285527.340.000.000.50409.89
285626.580.000.000.40406.59
285726.220.000.000.80405.64
285825.810.000.001.41404.08
285925.400.000.002.11401.09
286025.280.000.002.11400.23
286125.030.000.002.31400.45
286224.840.940.003.32399.28
286326.2497.50354.333.01401.78
286427.90318.33570.183.32399.46
286529.65557.56698.642.71398.82
286631.30762.57749.583.62393.86
286732.75918.25778.383.52396.77
286833.74974.04684.734.02400.61
286934.75983.31686.122.51402.86
287035.29904.35638.621.21402.50
287135.38757.89613.370.90404.22
287234.91575.50620.070.70405.77
287333.83351.54513.331.21408.55
287432.71129.26324.241.41417.51
287531.937.420.001.21415.17
287631.150.000.000.50411.90
287730.380.000.000.40412.26
287829.600.000.001.21413.97
287928.820.000.001.61413.18
288028.050.000.000.30410.01
288126.890.000.000.50411.64
288226.280.000.000.90408.35
288325.680.000.001.90409.90
288425.350.000.001.50408.83
288525.010.000.001.20409.55
288624.770.930.001.30408.17
288726.2989.70230.160.90414.36
288828.07298.15470.291.30412.89
288929.90516.87565.041.90408.60
289031.71725.92613.862.40404.10
289133.23877.20630.292.40404.66
289234.93975.71691.613.71407.85
289336.18993.31720.923.91405.71
289436.88918.40684.733.91408.57
289537.02762.01612.075.81416.65
289636.47562.48577.806.01418.20
289735.23337.67451.046.01420.38
289833.50125.09285.797.61430.06
289932.517.590.006.91428.97
290031.970.000.009.11433.04
290131.200.000.007.61434.50
290230.440.000.006.31428.29
290329.670.000.005.41427.53
290428.900.000.007.21424.46
290528.430.000.006.51420.98
290627.930.000.006.31419.06
290727.430.000.008.21418.02
290827.160.000.006.51415.46
290926.890.000.004.61418.83
291026.690.940.004.61419.33
291128.2992.93220.835.11425.49
291229.93283.46380.674.41420.51
291331.75505.83497.724.11417.87
291433.66732.27631.545.81410.62
291535.67862.89591.035.81413.72
291637.00862.76487.065.81418.89
291737.71793.53346.246.31420.84
291838.12756.44377.046.31421.67
291938.08616.24291.406.91422.20
292037.41449.37218.3510.41425.56
292136.20260.86115.4311.52430.14
292234.6697.5774.8110.92436.29
292333.566.250.009.71435.53
292432.470.000.007.61436.80
292531.850.000.006.31429.80
292631.000.000.007.61426.71
292730.140.000.009.11425.22
292829.280.000.0010.41417.86
292928.620.000.0010.11415.12
293027.890.000.008.71412.55
293127.160.000.0011.12409.15
293226.770.000.008.71406.91
293326.370.000.006.71402.08
293426.091.270.006.71400.95
293527.6191.45279.978.21406.10
293629.43309.80520.526.31400.11
293731.29532.62604.727.21400.24
293832.84722.26616.746.31395.33
293934.69849.82635.616.01397.14
294036.22938.79585.086.91399.96
294137.27931.57580.445.81404.71
294237.80848.05557.785.11410.39
294337.82692.08474.964.81411.74
294437.11489.09340.185.81412.75
294535.89307.04327.324.81415.46
294634.26114.72145.334.81421.12
294733.197.710.004.81419.16
294832.430.000.004.61422.21
294931.590.000.005.81422.83
295030.760.000.004.61419.82
295129.920.000.004.81417.14
295229.080.000.002.60413.08
295328.540.000.002.80408.13
295427.950.000.003.20409.10
295527.360.000.004.41404.50
295627.030.000.005.11399.91
295726.710.000.004.81398.63
295826.481.380.005.81401.78
295928.1496.17260.515.41405.09
296029.99309.94516.863.91400.11
296131.96542.68634.223.71402.23
296233.75719.96644.514.11399.89
296335.67855.23585.864.61404.73
296437.21927.94560.135.41404.64
296538.21903.37530.866.51410.76
296638.72822.98544.156.51415.11
296738.78699.22515.486.51417.95
296838.26538.19477.345.81413.48
296937.09328.16410.655.81417.71
297035.45127.69271.855.81417.92
297134.297.930.005.81419.22
297233.130.000.004.61424.46
297332.320.000.003.91424.06
297431.410.000.003.91423.32
297530.500.000.004.61419.95
297629.590.000.004.41417.15
297728.950.000.002.80415.65
297828.240.000.001.90414.04
297927.530.000.003.20411.96
298027.140.000.003.71411.61
298126.750.000.002.60409.85
298226.471.460.002.60408.98
298328.0691.95268.513.71409.84
298429.92307.01497.752.20404.71
298531.85531.41612.633.40402.71
298633.68728.43633.703.91398.42
298735.69869.09609.654.41402.32
298837.501001.25738.766.31402.88
298939.021077.57883.546.51401.88
299039.87983.16844.216.01404.75
299139.98777.18637.166.51412.14
299239.50604.28702.676.91411.62
299338.39407.84729.848.21407.63
299436.64157.66473.379.11414.08
299535.4610.440.006.01411.80
299634.290.000.005.81416.62
299733.110.000.005.51410.01
299832.290.000.004.41409.14
299931.370.000.004.81406.97
300030.450.000.003.91407.36
300129.840.000.002.80407.59
300229.130.000.003.40404.93
300328.410.000.003.91407.35
300428.000.000.003.71404.03
300527.590.000.003.20406.84
300627.281.690.002.40411.76
300729.33110.01387.882.40416.11
300831.49342.71672.203.71412.88
300933.82591.40804.533.20410.68
301036.52802.23873.982.80402.78
301138.84954.58887.762.20404.29
301240.661029.44864.303.71408.15
301341.941034.98857.731.50406.23
301442.64964.42856.261.50410.60
301542.76821.11829.162.20413.45
301642.12620.13761.432.20416.91
301740.65381.22657.682.60419.70
301838.57145.66436.352.00425.46
301937.038.350.001.50423.96
302035.490.000.001.30428.46
302133.960.000.001.90421.94
302232.420.000.003.10418.89
302331.470.000.004.41417.56
302430.270.000.006.01412.38
302529.580.000.004.61407.94
302628.820.000.003.10404.37
302728.070.000.002.60404.21
302827.650.000.002.80401.05
302927.240.000.002.60399.61
303026.942.180.002.20402.64
303128.74109.54345.843.10408.21
303230.65342.25626.714.11403.39
303332.40592.14796.634.11399.95
303434.50750.84659.714.61399.18
303536.65963.59848.774.41397.64
303638.11979.98679.085.11403.02
303739.02942.86550.915.81405.16
303839.64929.78711.826.01404.18
303939.65745.62595.966.31406.46
304038.81502.98365.576.01414.60
304137.42297.52239.965.41418.28
304235.4849.710.004.61439.88
304334.535.220.005.11437.91
304433.580.000.004.41437.78
304532.630.000.003.71435.44
304632.090.000.003.20434.19
304731.350.000.003.71431.79
304830.610.000.003.91432.00
304930.200.000.004.61431.11
305029.810.000.004.81431.94
305129.410.000.004.61429.23
305229.220.000.004.11430.54
305329.030.000.004.11430.49
305428.900.170.003.20429.78
305529.078.460.002.20434.26
305629.2526.290.001.60432.82
305732.67593.15559.431.90393.38
305832.1861.840.001.00439.53
305935.62963.93727.121.30390.02
306038.501048.55913.241.30394.58
306140.601056.74913.921.20394.55
306241.96988.06918.221.30396.83
306342.65846.56902.171.50398.96
306442.72642.64829.392.60406.08
306541.89397.40683.314.41410.60
306640.37153.88427.195.11418.57
306739.1210.640.006.31416.52
306837.880.000.004.41421.63
306936.630.000.004.11421.75
307035.380.000.004.41421.51
307134.130.000.003.71415.57
307232.880.000.003.71412.33
307332.010.000.003.10409.57
307430.880.000.002.00411.19
307529.760.000.003.10412.36
307629.150.000.003.71409.31
307728.530.000.002.20407.23
307828.091.770.002.20413.71
307929.5694.83207.712.20419.37
308031.01282.44369.081.90418.14
308132.38501.07482.751.70417.18
308234.38696.22583.712.00412.56
308336.06821.10579.722.00415.65
308437.50923.05588.553.40417.61
308538.40893.75522.672.60419.89
308638.81804.35500.903.40424.87
308738.78669.08431.934.11425.52
308838.22512.92396.724.11425.53
308937.13324.64372.983.71426.44
309035.62131.46266.213.20432.17
309134.528.770.001.70428.51
309233.430.000.001.50431.08
309332.330.000.001.30429.52
309431.750.000.000.50427.81
309530.890.000.000.90424.27
309630.030.000.001.90424.34
309729.660.000.002.60426.38
309829.260.000.002.80426.21
309928.860.000.003.10426.64
310028.650.000.003.40424.14
310128.440.000.002.00422.45
310228.291.830.001.20425.92
310330.0499.94194.511.30424.61
310431.83304.00435.712.20419.74
310533.51490.80432.501.30422.00
310635.44645.33419.511.70421.09
310737.37817.21542.972.40413.91
310839.07927.55555.812.60413.89
310940.32943.51576.762.60415.18
311040.92824.90522.273.10417.77
311140.87627.61321.343.10426.27
311240.10440.59205.694.11429.35
311338.83261.45116.034.61435.52
311437.26103.8776.013.71441.15
311536.218.540.002.60434.21
311635.160.000.002.00439.19
311734.110.000.003.20433.02
311833.060.000.003.10428.14
311932.350.000.002.80424.80
312031.530.000.003.91421.42
312130.830.000.002.60424.43
312230.070.000.003.71419.68
312329.310.000.003.40417.91
312428.900.000.003.10412.77
312528.490.000.003.20411.37
312628.191.640.002.40405.98
312729.4976.9569.202.80414.95
312830.83234.37119.623.71410.12
312932.28412.01207.373.10409.82
313033.96614.08346.692.40407.87
313135.94788.45501.072.60407.03
313237.37827.47450.942.80407.61
313338.50865.32493.642.40408.88
313439.12792.94476.603.71415.58
313539.46743.80592.123.71414.51
313639.27567.26564.623.20414.78
313738.35352.15410.094.11418.76
313836.88138.76196.744.11423.98
313935.7610.240.003.20422.46
314034.640.000.001.90425.24
314133.510.000.001.90420.64
314232.390.000.001.60419.37
314331.770.000.001.50425.19
314430.890.000.001.00421.79
314530.310.000.000.50418.44
314629.700.000.000.40415.79
314729.100.000.000.70417.74
314828.770.000.000.40415.80
314928.450.000.000.20413.20
315028.232.280.000.30415.15
315129.7588.03116.270.30419.94
315231.33271.48305.380.90414.20
315332.35403.41195.031.50416.30
315433.91539.72222.251.30417.46
315535.75744.32398.661.70415.88
315637.76954.86613.602.40411.25
315739.14944.51596.473.20413.61
315839.97873.61576.994.61415.25
315940.15691.67484.695.11422.22
316039.71510.16387.025.11424.65
316138.61297.98281.748.21426.03
316237.10114.81134.248.21432.69
316335.929.470.007.61428.29
316434.740.000.006.71431.34
316533.570.000.007.61426.14
316632.390.000.009.11427.04
316731.720.000.007.61425.65
316830.800.000.008.21426.38
316930.050.000.006.01423.95
317029.230.000.005.81421.43
317128.400.000.006.01419.51
317227.960.000.005.11417.80
317327.510.000.005.11415.99
317427.192.190.005.51416.45
317528.7995.76229.335.51421.59
317630.47296.41424.434.11419.76
317732.30521.78549.355.41419.82
317834.26734.76640.855.41413.11
317936.25877.60659.846.71418.01
318037.81949.04632.476.71419.70
318138.93958.05637.947.21421.53
318239.59903.85680.457.21420.50
318339.75767.61662.577.61421.62
318439.29581.89630.247.21424.82
318538.12355.71525.287.21430.35
318636.43135.33288.676.71435.93
318735.249.440.005.51433.99
318834.040.000.003.91439.26
318932.850.000.004.61436.37
319032.070.000.005.51433.56
319131.140.000.005.41433.45
319230.210.000.005.51429.87
319329.620.000.006.91430.20
319428.980.000.008.21429.82
319528.340.000.006.01425.57
319628.000.000.005.41423.15
319727.660.000.002.60420.75
319827.413.170.002.40418.95
319929.42116.14369.341.90424.37
320031.45349.85646.331.90415.99
320133.55597.93729.952.20414.94
320234.99619.02331.252.00421.14
320337.39965.17826.862.00404.21
320439.291048.75884.632.40404.61
320540.521016.61800.902.20409.89
320641.18928.22747.461.70411.72
320741.39813.63818.571.70412.40
320840.94616.36684.202.20412.63
320939.47304.48277.391.20425.97
321037.64119.91200.261.20432.66
321136.339.400.001.50430.90
321235.020.000.002.00434.07
321333.720.000.002.40432.52
321432.410.000.002.60429.44
321531.640.000.004.11422.92
321630.610.000.004.11419.36
321729.830.000.003.40416.74
321828.960.000.004.11411.99
321928.090.000.005.11411.55
322027.610.000.004.61407.00
322127.140.000.003.91402.08
322226.792.690.005.11396.49
322328.57107.24267.585.41399.31
322430.38325.58527.326.01397.67
322532.26556.24674.256.01397.39
322634.14753.24720.027.21392.01
322736.06891.39708.788.71397.32
322837.49944.07622.497.61400.62
322938.53956.12637.147.61403.38
323039.08884.63625.359.41403.40
323139.15749.75612.179.71409.03
323238.61568.27607.719.71408.72
323337.38345.59480.997.61408.55
323435.69136.86309.356.31414.66
323534.539.940.005.41413.94
323633.370.000.005.11415.60
323732.510.000.003.71411.72
323831.610.000.004.11411.55
323930.700.000.003.10411.79
324029.790.000.002.60410.81
324129.290.000.003.10409.37
324228.720.000.003.71413.46
324328.150.000.004.61414.74
324427.830.000.003.71413.00
324527.520.000.001.70411.21
324627.292.440.001.70418.91
324729.0198.48221.382.00424.29
324830.74297.52425.481.60425.33
324932.55509.14517.842.40425.98
325034.42689.78572.583.10424.99
325136.31826.13572.023.40426.97
325237.93925.38573.982.80425.96
325339.11939.97593.093.40424.26
325439.82887.63636.203.71425.97
325540.00747.19592.555.41430.06
325639.57565.56578.055.11433.19
325738.35327.24401.245.11437.60
325836.69132.80278.195.41438.96
325935.739.750.007.61438.63
326034.770.000.006.51440.56
326133.810.000.004.41438.72
326232.850.000.005.41436.68
326332.250.000.004.41434.64
326431.500.000.004.41434.92
326531.040.000.003.10430.85
326630.540.000.002.60430.91
326730.040.000.002.60429.97
326829.780.000.003.71431.17
326929.510.000.004.81430.73
327029.332.590.005.81432.76
327131.0094.09163.605.51437.83
327232.33273.77302.984.81432.64
327334.43461.45344.755.11434.23
327436.69673.01507.574.11425.83
327538.52780.66521.454.11429.43
327640.05863.60504.152.60426.49
327741.23892.20528.571.90426.20
327842.08885.15617.142.00424.20
327942.38749.55599.882.80429.13
328042.02550.19527.713.40436.50
328140.92327.01399.403.40439.52
328239.35131.51212.612.80446.70
328338.1210.090.003.91444.23
328436.880.000.002.60450.82
328535.640.000.002.80450.94
328634.400.000.002.40446.76
328733.170.000.002.00440.90
328832.280.000.002.20441.23
328931.480.000.002.20439.37
329030.560.000.002.40436.72
329129.650.000.003.91430.92
329229.140.000.004.11428.02
329328.630.000.003.71426.83
329428.262.970.003.10423.67
329529.93107.32129.522.80426.00
329631.49308.68330.941.90421.04
329732.60465.73369.552.20423.32
329834.10603.10317.602.60424.08
329936.19895.56642.544.11412.42
330036.52607.65161.544.11432.57
330136.13415.1235.484.81442.76
330235.95469.5268.255.41435.67
330336.08593.68276.766.31424.99
330435.99520.16396.075.11420.70
330535.01239.86112.624.61434.06
330633.5432.200.003.91453.64
330732.717.390.004.81450.62
330832.240.000.003.20451.34
330931.590.000.001.70450.86
331030.930.000.001.70445.36
331130.280.000.002.80441.72
331229.630.000.002.40442.54
331329.490.000.003.10438.27
331429.370.000.004.41433.82
331529.250.000.004.81432.80
331629.200.000.005.41430.59
331729.160.000.005.81428.49
331829.130.690.004.81431.82
331929.5424.720.004.81432.73
332030.63161.9528.165.51419.03
332132.80540.82495.343.40401.17
332234.59596.44291.713.91406.27
332335.12456.2466.863.40421.18
332436.00615.09148.782.40419.24
332535.89370.0026.743.20437.71
332635.37265.013.413.20443.37
332734.71195.981.253.40447.01
332834.07174.850.872.40458.89
332933.3375.560.002.20449.14
333032.6147.310.003.10449.36
333132.475.540.003.10447.29
333232.120.000.002.60445.76
333331.770.000.003.10448.63
333431.420.000.002.60445.65
333531.070.000.003.20442.77
333630.730.000.002.80437.98
333730.270.000.003.10432.41
333829.730.000.002.80431.49
333929.180.000.003.10423.51
334028.870.000.002.00420.07
334128.550.000.002.20417.92
334228.312.950.001.30421.10
334330.31111.26143.151.20421.82
334432.18320.24352.280.90419.32
334534.39554.73515.701.70419.19
334635.15473.89147.602.20433.07
334735.22403.7242.921.60442.27
334835.80546.6692.801.30437.11
334935.49344.8523.421.00446.88
335035.25350.7726.741.50446.88
335135.59559.93242.251.90432.29
335235.92590.26544.961.20416.16
335335.59368.65394.222.20420.84
335434.56149.29188.972.80425.30
335533.6612.740.002.20426.00
335632.760.000.002.20429.00
335732.230.000.002.20430.59
335831.530.000.002.60425.55
335930.830.000.002.80426.79
336030.120.000.003.40428.28
336129.850.000.002.40430.14
336229.560.000.001.70437.03
336329.280.000.001.70436.97
336429.130.000.001.70440.55
336528.990.000.001.30440.48
336628.881.570.001.00444.56
336729.2320.840.001.30449.03
336829.91100.750.002.00448.55
336930.93239.3113.731.50441.03
337031.66291.2812.880.90440.27
337132.38428.0537.310.40446.49
337233.21499.2848.150.30449.31
337333.73420.6726.150.10457.52
337434.18445.3327.270.10455.63
337534.38378.8433.820.40444.26
337634.28288.2031.860.70442.86
337733.5087.300.000.50459.70
337832.6211.080.000.40467.86
337932.403.560.000.50463.07
338031.980.000.000.30462.06
338131.560.000.000.30459.87
338231.140.000.000.40455.90
338330.260.000.001.00459.89
338430.270.000.001.20453.28
338528.670.000.001.70455.25
338629.490.000.001.30452.00
338729.060.000.001.00449.97
338828.820.000.001.00450.69
338928.850.000.001.20443.69
339028.651.200.001.20441.22
339129.3436.920.001.20447.86
339229.2124.670.001.60453.90
339329.56148.670.001.90447.61
339430.63395.0946.541.50437.28
339532.21492.7585.411.50441.23
339633.10603.13135.732.20425.84
339733.84537.6482.972.80428.97
339834.15438.3753.333.20435.53
339933.86252.476.833.71443.47
340033.15105.290.002.80450.55
340132.5298.980.001.60460.19
340232.2013.300.001.70453.94
340331.662.840.001.90451.76
340431.120.000.001.90449.40
340530.580.000.001.50444.27
340630.040.000.001.70437.50
340729.500.000.001.30435.04
340828.960.000.001.50430.34
340928.340.000.000.90424.58
341027.670.000.000.90422.67
341127.000.000.000.70421.25
341226.640.000.000.90417.26
341326.280.000.000.40416.85
341426.032.630.000.50416.85
341527.5690.55106.040.20419.31
341629.03265.65276.770.20415.09
341730.93512.94521.460.10408.32
341832.47655.96470.531.20408.34
341933.70738.30402.211.60411.74
342035.05835.03476.461.20409.18
342136.15881.22520.091.00405.46
342236.72795.39499.280.90407.57
342336.92701.98515.791.20407.69
342436.33469.65288.651.00413.04
342535.30313.05298.020.70412.81
342633.76100.2174.630.70426.44
342732.609.740.000.70421.45
342831.900.000.001.00428.02
342930.990.000.000.70422.51
343030.080.000.000.70418.59
343129.170.000.000.70414.01
343228.260.000.001.00408.27
343327.580.000.000.70406.49
343426.790.000.001.00402.82
343525.990.000.001.30400.80
343625.540.000.002.40395.04
343725.080.000.002.60392.88
343824.743.110.004.11389.91
343926.29109.56188.984.11393.17
344027.46279.11329.064.41395.20
344128.70460.96347.654.61393.16
344230.09679.59534.325.51383.45
344331.06738.67399.746.91391.19
344432.00869.72509.166.91389.83
344532.49801.79388.818.71394.66
344632.45731.93353.996.71393.87
344732.32596.33272.339.41399.13
344832.04416.59167.148.21404.78
344931.28292.74181.318.71403.93
345030.29140.23244.548.21403.35
345129.5311.250.007.61401.10
345228.770.000.008.71404.92
345328.020.000.009.41402.82
345427.260.000.008.21400.71
345526.500.000.006.91394.69
345625.740.000.007.21391.60
345725.540.000.006.31391.06
345825.330.000.005.41394.26
345925.120.000.006.31396.16
346025.010.000.007.21396.52
346124.900.000.006.51397.98
346224.822.290.006.91398.94
346326.2172.5753.348.71403.40
346427.91248.20182.888.21399.63
346528.92318.0681.207.61407.98
346630.22483.35148.8210.62403.08
346731.22542.77127.4312.22408.68
346832.35685.18234.7213.82409.65
346933.46804.26402.0112.22403.71
347034.62832.17545.7510.11403.38
347135.34763.63648.629.11403.40
347235.49595.65611.137.21407.32
347334.83368.73459.096.71410.27
347433.51149.78239.715.81412.94
347532.5313.190.006.51409.81
347631.980.000.006.91415.82
347731.210.000.005.51413.34
347830.440.000.003.40409.31
347929.670.000.003.40411.91
348028.900.000.001.70410.84
348128.200.000.002.00407.01
348227.410.000.001.50402.41
348326.610.000.002.20398.54
348426.150.000.003.10397.38
348525.700.000.002.40398.76
348625.373.410.003.40399.88
348727.19113.11310.253.91406.46
348829.04342.43577.205.11400.14
348930.74544.49608.533.91404.37
349031.78603.89326.824.41409.31
349132.90800.86533.424.61405.42
349234.03828.77470.624.61411.47
349334.74810.86416.864.11415.27
349434.71616.02197.373.91422.92
349534.61592.49278.325.81419.44
349633.81403.96148.026.01426.56
349732.75286.92157.665.11425.85
349831.81120.81112.154.61424.94
349931.329.770.002.80426.39
350030.830.000.001.60427.61
350130.330.000.001.70429.04
350229.840.000.001.00429.41
350329.350.000.000.90429.78
350428.860.000.001.50428.29
350528.830.000.002.20435.59
350628.780.000.002.80437.45
350727.410.000.003.20439.50
350828.210.000.004.81443.74
350927.040.000.005.41447.18
351028.870.810.003.91452.07
351129.287.950.003.71457.11
351230.1499.550.004.61446.52
351330.84153.920.003.91449.51
351431.81300.8814.583.40447.84
351532.52370.8223.433.20450.91
351633.88503.8050.854.41433.89
351734.43463.2624.903.91452.67
351835.01418.3222.093.20458.99
351935.35383.7035.311.90458.53
352034.66177.852.991.30469.03
352134.06132.170.001.20466.52
352233.7640.270.002.60472.70
352332.916.250.003.20465.42
352432.490.000.002.20464.83
352531.850.000.004.61458.97
352630.600.000.003.20449.23
352730.250.000.002.40445.32
352828.890.000.000.90440.72
352929.080.000.001.60439.62
353028.140.000.001.20431.57
353127.200.000.001.00422.34
353226.690.000.001.00416.56
353326.170.000.000.90414.62
353425.803.360.000.90413.40
353527.3995.96225.570.70415.16
353629.01292.91389.670.30411.12
353730.75508.03509.800.90415.74
353832.33744.99670.180.70418.55
353934.17848.81593.731.50410.38
354035.54897.12565.071.70400.81
354136.67956.79657.142.20398.75
354237.29881.02637.212.40403.19
354337.45763.59665.553.91407.51
354437.04585.54642.043.20407.20
354535.94367.19565.272.40408.35
354634.35158.65372.602.80412.65
354733.1314.410.003.10411.16
354832.270.000.002.00414.66
354931.310.000.001.60411.68
355030.360.000.002.60408.67
355129.400.000.002.00407.73
355228.440.000.003.71406.20
355327.890.000.003.40407.71
355427.300.000.002.20407.06
355526.710.000.001.90401.99
355626.390.000.002.80400.69
355726.070.000.002.80399.57
355825.842.950.003.20399.73
355927.4189.53120.133.91406.38
356028.96267.39297.453.71402.74
356130.62462.84371.135.41404.01
356232.22639.17427.854.81401.87
356333.65768.90494.364.81406.08
356435.24876.76531.434.81407.29
356536.45901.15580.995.11406.69
356637.16842.39599.865.11407.10
356737.40719.55578.103.40407.60
356837.08552.39552.654.41409.03
356936.02330.44382.153.91413.30
357034.50134.63273.164.11420.05
357133.2811.840.002.80418.53
357232.390.000.002.60424.49
357331.440.000.002.20421.89
357430.490.000.002.80422.12
357529.540.000.003.20421.33
357628.590.000.003.10421.20
357727.860.000.001.60418.12
357827.000.000.002.00413.96
357926.130.000.001.90409.11
358025.640.000.003.10405.14
358125.140.000.003.40406.09
358224.773.180.003.71407.79
358326.25102.93231.863.40412.57
358427.71305.16464.654.41405.40
358529.15505.66508.915.11407.16
358630.50681.36571.137.21403.25
358731.69820.38605.306.31401.89
358832.42907.74559.827.61399.24
358933.29914.38555.948.21401.51
359033.74851.68621.947.21404.18
359133.76718.26547.044.81402.01
359233.25544.67524.094.11404.79
359332.47336.10402.654.41406.98
359431.28131.95254.814.11414.53
359530.5312.630.005.11417.70
359629.780.000.004.41420.23
359729.020.000.003.91417.47
359828.270.000.005.41421.15
359927.510.000.004.61419.62
360026.760.000.003.40418.67
360126.630.000.003.10420.20
360226.500.000.001.30420.14
360326.370.000.001.50419.26
360426.310.000.001.70421.06
360526.250.000.001.90421.81
360626.213.220.002.20424.05
360727.7478.3079.763.71431.43
360828.78184.9642.872.60432.25
360930.32369.29153.181.90426.19
361032.04561.93274.431.60416.76
361133.36649.98267.812.20424.28
361235.21815.09451.242.40417.64
361337.05958.64648.102.80408.01
361438.22893.18672.411.90410.09
361538.77759.14614.731.30415.88
361638.71570.67518.131.20414.76
361737.83353.29372.860.70413.68
361836.38148.28178.610.50419.74
361935.2215.180.000.50420.90
362034.060.000.000.50425.97
362132.910.000.000.70420.05
362232.140.000.000.70416.24
362331.240.000.000.70415.47
362430.330.000.000.40413.02
362529.920.000.000.20411.13
362628.890.000.000.20407.36
362727.870.000.000.20405.84
362827.310.000.000.30406.62
362926.750.000.000.30408.67
363026.342.990.000.10403.33
363127.9690.25103.670.10408.98
363229.43256.22165.530.10411.93
363331.01438.79299.230.40409.61
363432.71641.61446.200.70401.34
363534.22774.73529.310.60403.15
363635.71839.30509.930.70403.34
363736.80859.00522.131.10406.50
363837.38790.74497.550.60405.92
363937.62719.32549.471.30402.19
364037.36568.32572.890.70396.38
364136.36360.88425.091.00395.82
364234.78150.62217.481.60405.57
364333.5915.110.002.50405.41
364432.760.000.002.30409.78
364531.830.000.002.90409.61
364630.900.000.003.20410.61
364729.970.000.002.30411.25
364829.030.000.002.00405.79
364928.560.000.001.50406.38
365028.060.000.002.20407.20
365127.560.000.002.30408.37
365227.290.000.003.20413.18
365327.030.000.001.40411.87
365426.842.770.001.30409.45
365527.9558.423.771.30414.49
365629.73243.89175.720.80405.51
365731.92492.51431.820.70402.48
365834.18731.33638.200.30395.37
365936.56865.18653.780.30396.87
366038.09857.59503.270.40400.58
366139.37913.15528.020.40397.46
366239.88769.65450.610.80404.44
366339.80608.05293.031.10405.94
366439.19481.97325.311.10409.00
366537.92284.09155.501.40415.60
366636.34137.19250.500.80411.19
366735.1115.060.000.80410.82
366833.880.000.001.50417.83
366932.960.000.001.80417.63
367032.000.000.002.30418.58
367131.030.000.002.20415.40
367230.070.000.002.90409.84
367329.270.000.004.10405.98
367428.390.000.003.80401.19
367527.510.000.006.01400.49
367627.030.000.006.01399.11
367726.550.000.005.51401.33
367826.203.420.004.60404.01
367928.10101.20274.155.71406.61
368030.08312.64489.985.21402.67
368131.83488.03451.535.51406.55
368233.19635.54426.495.21404.89
368335.13792.17537.885.01403.39
368436.71872.62552.785.51405.14
368537.86883.86525.516.31405.12
368638.87940.39784.046.81398.60
368739.24795.04774.416.61404.93
368839.01617.57769.065.21403.72
368937.97398.65645.424.30407.25
369036.27166.13407.964.60412.04
369134.8216.640.004.10408.50
369233.370.000.004.10411.59
369332.390.000.003.80412.65
369431.260.000.002.50411.03
369530.130.000.002.30406.78
369628.990.000.001.30402.75
369728.230.000.001.10402.76
369827.390.000.001.10400.34
369926.550.000.002.20397.19
370026.080.000.001.60397.71
370125.620.000.001.40396.92
370225.293.130.001.80393.78
370326.8483.4576.941.50398.13
370428.34244.69150.911.50401.90
370530.30476.19404.990.80397.73
370631.93616.85377.821.20395.63
370733.73854.22603.112.00391.53
370835.69949.91678.252.20395.57
370937.00932.39610.582.30398.84
371037.78873.39608.842.00402.06
371138.21823.15799.573.80397.64
371238.03631.01788.383.80401.81
371336.94395.60645.113.50404.12
371435.21164.94408.683.80409.26
371534.0416.890.003.80409.85
371632.870.000.003.50416.28
371732.220.000.003.20417.25
371831.300.000.002.90414.55
371930.380.000.003.20409.06
372029.470.000.004.10407.42
372128.940.000.004.30403.03
372228.370.000.003.80402.26
372327.800.000.003.50404.87
372427.490.000.002.70403.26
372527.180.000.003.20402.19
372626.961.990.002.90402.67
372728.1963.8511.584.10405.04
372829.12160.9414.982.70406.22
372930.14272.0326.713.20404.81
373031.51446.71113.412.90397.41
373132.65531.76108.312.70397.17
373233.15521.1060.782.50401.16
373333.87544.2069.491.30401.74
373434.41551.8596.751.40400.81
373534.70509.14150.162.70399.94
373634.72430.09185.842.30398.28
373734.29311.66276.231.60395.96
373833.37157.66234.963.50394.24
373932.6616.530.002.50393.66
374031.800.000.002.50392.72
374130.940.000.002.50391.76
374230.070.000.001.40390.77
374329.210.000.001.10389.77
374428.350.000.001.80388.74
374527.720.000.002.50388.24
374627.040.000.004.60387.61
374726.360.000.003.80386.97
374825.990.000.002.90387.08
374925.630.000.001.80387.19
375025.372.250.001.20388.21
375126.6373.3759.851.20393.07
375228.11243.80179.331.60388.35
375330.16511.57517.702.70382.44
375431.35552.47263.383.20388.47
375532.96811.07515.374.10382.64
375634.01811.79447.414.10387.13
375734.65714.96278.112.70394.08
375834.71572.97146.872.90400.23
375934.55511.90157.813.80399.41
376033.78350.4188.652.70403.25
376132.77143.210.572.00412.55
376231.6452.420.001.10419.25
376330.563.140.001.80419.32
376429.940.000.001.80423.30
376529.330.000.001.80423.09
376628.710.000.001.50415.50
376728.100.000.001.00412.06
376827.490.000.001.40403.75
376927.100.000.002.90399.70
377026.660.000.002.50401.22
377126.220.000.004.30399.28
377225.980.000.004.30399.25
377325.740.000.002.70398.75
377425.572.890.001.80400.07
377527.3590.66175.831.30403.01
377629.15274.39326.161.50398.84
377731.16488.27447.901.60400.85
377833.06670.81560.002.70399.62
377934.87797.66534.412.00403.40
378036.58877.09564.444.30404.25
378137.86897.14583.322.70409.06
378238.57825.59550.344.81408.88
378338.72686.87481.696.01411.64
378438.30540.58487.425.01410.71
378537.16341.68424.356.01412.83
378635.47144.93299.005.51417.57
378733.6014.850.006.61414.45
378833.050.000.007.61420.80
378932.390.000.008.01417.74
379031.740.000.008.91415.50
379131.080.000.008.01413.69
379230.420.000.008.01412.89
379329.990.000.007.61415.81
379429.530.000.007.31415.78
379529.070.000.007.61414.59
379628.820.000.007.11414.09
379728.580.000.006.01414.46
379828.412.660.004.30416.47
379929.8975.6756.294.10418.76
380031.39230.01122.025.01413.25
380132.95430.14287.373.80410.34
380235.02578.88303.555.01404.47
380337.22769.88456.715.71401.03
380439.43949.98647.057.31398.27
380540.67856.37499.908.01403.88
380641.06689.58284.019.51409.09
380741.05577.79246.469.51409.27
380840.64485.91319.209.21406.68
380939.51281.53145.038.41411.20
381038.03134.94240.819.51410.74
381136.3813.840.008.91411.48
381235.140.000.007.31411.11
381333.910.000.008.91406.54
381432.980.000.008.91406.52
381532.010.000.008.41405.31
381631.050.000.007.11400.73
381730.200.000.005.71398.62
381829.260.000.006.01396.13
381928.320.000.005.01395.19
382027.810.000.004.30394.41
382127.300.000.003.50392.57
382226.933.290.002.70383.54
382328.85107.56189.043.20389.89
382430.11253.01175.972.00389.80
382531.54424.78275.873.50390.67
382632.96637.90451.894.30385.44
382734.53708.89336.373.50390.74
382835.55711.25214.043.80395.85
382936.26716.98282.815.01397.46
383037.23871.57569.114.30388.45
383137.34637.88352.443.80397.26
383236.93488.61324.853.50398.43
383335.82283.29147.543.50405.69
383434.37131.71149.304.60405.15
383533.0514.110.004.60407.64
383632.360.000.004.60406.97
383731.680.000.004.81408.78
383831.000.000.004.81408.90
383930.310.000.002.90406.17
384029.630.000.002.20401.04
384129.360.000.002.00399.68
384229.050.000.002.00398.34
384328.730.000.001.80399.85
384428.560.000.001.80400.72
384528.380.000.002.00403.30
384628.252.360.002.00408.53
384730.34106.97169.033.50414.13
384831.44222.55129.353.80419.07
384932.50331.2195.823.50423.35
385033.19404.9377.782.70426.18
385134.56547.54127.731.80427.06
385235.80629.32131.692.00425.61
385336.55593.3999.422.70431.53
385437.04574.88114.633.80433.02
385537.06453.7794.123.50435.88
385636.66346.7469.083.50438.57
385735.83223.6855.242.50436.64
385834.5971.460.002.00448.24
385933.339.930.002.50446.21
386032.850.000.002.20446.31
386132.750.000.002.00446.54
386232.370.000.002.00444.59
386332.000.000.002.30438.70
386431.630.000.002.00435.50
386531.450.000.003.20432.44
386631.260.000.002.90427.73
386731.070.000.003.80428.39
386830.980.000.003.80428.30
386930.880.000.005.01427.05
387030.812.310.003.50428.09
387132.4788.63159.062.70431.14
387234.42288.68395.941.60426.00
387336.60462.01376.492.20430.58
387437.95506.62192.392.30430.08
387539.00556.59136.792.00437.05
387639.05394.1432.792.90449.10
387739.42494.1347.352.20442.71
387839.66480.6537.712.90442.97
387939.43360.0227.642.20450.99
388038.49173.652.462.30459.68
388137.80198.0441.763.50446.71
388236.5011.550.003.50481.99
388335.496.260.003.80479.03
388434.210.000.003.80475.30
388533.610.000.004.30473.04
388632.870.000.004.81470.50
388732.460.000.004.30468.66
388831.720.000.002.50461.52
388931.090.000.001.80460.38
389030.360.000.001.10450.89
389129.670.000.001.30449.32
389229.250.000.001.40442.00
389328.910.000.001.10445.43
389428.640.250.000.70440.30
389529.2742.670.001.10439.38
389629.8393.030.001.10443.95
389730.09129.960.000.70446.72
389829.2275.490.000.80451.92
389930.49263.137.230.50444.75
390031.47400.2034.260.30443.82
390132.79655.38198.680.30437.06
390233.31545.19123.430.60429.00
390333.17371.0052.650.70450.52
390434.11564.26497.851.00416.04
390533.92276.91157.961.50418.41
390633.21119.5280.341.80426.91
390732.6510.090.002.90424.95
390832.270.000.002.90428.53
390931.890.000.002.50428.79
391031.510.000.002.70427.74
391131.140.000.004.30424.10
391230.760.000.002.70423.21
391330.600.000.002.30426.83
391430.520.000.002.00426.87
391530.440.000.001.80422.33
391630.400.000.002.30432.69
391730.430.000.002.30436.64
391830.452.610.001.60436.82
391931.8982.15121.241.00442.10
392032.93199.6883.980.70429.58
392133.71283.5644.251.00422.71
392235.26462.87135.551.20416.35
392337.08666.91261.021.80412.68
392439.30940.33612.901.50403.89
392540.20708.29271.131.00417.21
392640.62602.16211.021.80417.01
392739.38206.557.892.00453.55
392838.1442.970.002.00478.13
392936.9127.300.002.30482.40
393035.9611.640.003.50481.01
393135.093.080.002.70476.60
393234.240.000.002.70472.25
393333.380.000.002.50467.94
393432.860.000.002.50464.36
393532.200.000.003.50457.97
393631.530.000.003.80451.26
393730.430.000.002.90441.91
393829.230.000.001.00432.01
393928.020.000.001.10422.22
394027.370.000.001.00406.82
394126.710.000.000.40400.72
394226.242.920.000.50395.74
394327.9397.26189.390.40396.88
394429.53281.35363.780.70395.87
394531.21478.95436.931.00395.27
394632.70630.84435.921.30390.07
394734.29818.75556.111.80386.80
394835.83886.03589.612.20390.11
394936.82864.24534.192.90392.42
395037.39819.17562.922.30394.87
395137.47693.56493.831.40400.27
395237.12564.61560.601.00399.22
395336.10373.11483.711.80403.01
395434.53161.60270.392.30409.96
395533.0218.630.003.50408.14
395632.080.000.002.70413.47
395731.140.000.002.20409.17
395830.200.000.002.20408.62
395929.260.000.001.50408.92
396028.320.000.001.40403.78
396127.900.000.001.10401.66
396227.440.000.002.70401.48
396326.980.000.004.10396.44
396426.730.000.004.81400.85
396526.480.000.003.50403.24
396626.313.130.003.80405.89
396728.2095.42207.725.21411.29
396829.97273.41352.576.31412.34
396931.89474.53421.316.61410.51
397033.81679.16569.366.31404.04
397135.82776.20484.926.61406.29
397237.57876.32540.456.81407.69
397338.58816.68446.995.51412.36
397439.33813.77532.657.31410.05
397539.61715.41565.027.61412.80
397639.32558.48539.348.41416.73
397738.29360.40483.327.61413.26
397836.66152.93328.769.91416.80
397934.8217.600.009.51410.10
398033.510.000.008.91412.28
398132.610.000.008.41413.76
398231.580.000.0010.11411.00
398330.550.000.008.01407.63
398429.530.000.007.61410.12
398528.670.000.007.61407.33
398627.720.000.006.61407.23
398726.770.000.006.61403.67
398826.240.000.006.81404.96
398925.720.000.003.80407.77
399025.353.100.003.20406.28
399126.6176.0463.933.50413.56
399227.79219.14100.724.30411.42
399328.92353.48131.814.10409.30
399430.18519.35216.745.21406.99
399530.96538.93122.066.61412.78
399632.17779.43381.146.31401.55
399733.31963.49666.557.21392.04
399834.32892.26685.937.21397.74
399934.77766.85629.077.61400.02
400034.54537.89458.288.01401.57
400133.65345.85396.298.01400.04
400232.68158.24327.648.41407.79
400331.4418.200.0010.51408.42
400430.570.000.008.41407.53
400529.700.000.008.41410.24
400628.840.000.008.01409.86
400727.970.000.009.21406.22
400827.110.000.008.01403.84
400926.680.000.005.51399.87
401026.230.000.005.71398.93
401125.770.000.006.31398.63
401225.520.000.006.91397.06
401325.270.000.005.51398.03
401425.092.780.006.01402.93
401526.9398.19234.734.81405.15
401628.70286.31393.583.50404.57
401730.37461.07385.212.70407.01
401832.30692.55607.352.90401.29
401934.04851.01620.712.00403.20
402035.31799.28437.074.30414.09
402135.79684.69237.966.31424.13
402236.26721.98343.016.91421.74
402336.07544.35198.905.51430.72
402435.32403.12139.255.51431.03
402533.98211.2738.355.71436.01
402632.88124.91125.895.01434.65
402731.6617.150.003.80428.87
402831.010.000.002.90430.40
402930.350.000.003.50427.67
403029.700.000.003.20422.56
403129.050.000.002.90417.93
403228.400.000.003.50417.96
403327.580.000.003.50422.39
403427.440.000.002.50421.83
403526.940.000.001.40419.45
403626.670.000.002.50417.45
403726.410.000.004.10414.20
403826.221.920.003.20413.88
403927.6489.35196.522.50422.73
404028.72225.14121.603.80419.17
404129.84369.77159.293.80411.76
404230.63431.09103.983.20413.29
404330.82523.6494.322.90426.64
404432.05580.80126.183.20414.57
404530.92487.3464.222.70431.80
404632.01349.2718.991.80449.38
404731.90344.8723.392.30446.10
404830.8978.890.003.50461.41
404930.2952.870.002.20454.10
405029.5912.120.003.20453.34
405128.938.870.002.50447.42
405228.560.000.003.20445.54
405328.490.000.004.81449.88
405428.250.000.003.20446.30
405528.010.000.005.71443.57
405627.770.000.008.41444.97
405727.350.000.008.01438.50
405827.550.000.0010.51436.91
405927.440.000.0010.51436.61
406027.290.000.009.91436.22
406127.200.000.009.21433.96
406227.372.290.007.31432.23
406329.0069.9841.847.31440.89
406430.87232.76184.396.01437.54
406528.65117.100.005.51453.92
406629.2556.670.006.31462.58
406729.5267.810.005.21462.39
406830.92399.8849.563.80443.55
406932.43570.70114.304.30439.82
407032.43430.4473.736.01448.33
407133.94604.94263.355.01435.44
407234.02349.6688.715.01447.91
407334.29340.46320.836.01436.72
407433.84182.66419.076.01425.62
407532.8522.104.835.21418.45
407632.350.000.003.50420.85
407731.580.000.004.60418.26
407830.810.000.004.30417.38
407930.040.000.004.30414.51
408029.270.000.004.81412.12
408128.450.000.003.20411.17
408227.550.000.004.60411.37
408326.650.000.004.10409.59
408426.160.000.004.60407.02
408525.660.000.001.60404.76
408625.312.340.001.80402.18
408727.0096.41220.631.40407.73
408828.67286.67427.912.50402.25
408930.53507.42565.102.90402.39
409032.38716.04661.924.10398.04
409133.97861.29697.412.70404.11
409235.52915.60600.653.20405.41
409336.52893.15559.313.80407.90
409437.06831.36559.632.90407.99
409537.11701.88506.812.90409.33
409636.53526.57409.774.60413.67
409735.25313.72281.784.60419.86
409833.56132.12123.234.60425.40
409932.2716.730.003.80422.77
410031.460.000.004.30430.54
410130.660.000.002.70423.57
410229.860.000.003.20420.11
410329.060.000.001.80415.15
410428.250.000.001.30412.51
410527.870.000.000.70413.64
410627.420.000.001.10413.04
410726.970.000.002.00409.99
410826.710.000.001.50409.25
410926.460.000.001.00409.56
411026.272.350.000.80405.18
411128.28103.42275.331.60412.77
411230.17298.46490.012.90413.38
411332.16507.07566.463.80415.46
411433.42595.59354.793.20418.51
411535.11723.25398.823.80420.14
411636.54797.98438.924.30422.69
411737.72849.15489.744.10424.62
411838.28750.25400.812.20425.70
411938.21582.25256.393.20431.25
412037.72484.05302.104.30427.63
412136.56293.29184.852.30431.10
412235.08157.39307.055.01426.18
412333.3517.670.005.51423.70
412433.000.000.005.01430.17
412532.480.000.006.61433.83
412631.970.000.005.21435.73
412731.460.000.005.01435.55
412830.950.000.004.60437.60
412930.720.000.003.80437.50
413030.460.000.004.10438.00
413130.200.000.004.30441.11
413230.050.000.005.71443.77
413329.910.000.006.31445.80
413429.803.090.005.71450.75
413530.5941.220.005.21456.30
413633.39340.46546.893.20426.44
413736.72587.15765.072.50426.74
413839.74802.41795.142.50429.32
413940.97692.35294.613.20445.96
414041.08528.50101.713.50458.24
414142.46890.24498.073.50438.20
414242.58607.40190.064.60452.34
414342.39531.40195.473.50453.33
414440.1449.110.003.50484.95
414538.2231.690.002.50477.78
414637.07157.61216.032.20442.84
414735.6013.120.002.70442.43
414834.860.000.002.70444.65
414934.130.000.002.20443.79
415033.390.000.001.80441.30
415132.960.000.002.20441.23
415232.380.000.001.80439.19
415331.980.000.001.50437.05
415431.580.000.001.20433.97
415531.180.000.001.80431.22
415630.980.000.002.00433.09
415730.780.000.001.40439.05
415830.661.120.002.00442.48
415932.0079.1182.542.50445.85
416033.36258.17308.402.50438.45
416135.27434.39321.812.70438.54
416236.37459.02136.533.20446.49
416337.68608.61196.894.10443.68
416438.70650.13200.313.20439.50
416539.78763.67334.155.21431.24
416639.90504.29102.725.01448.19
416738.2356.350.003.50473.63
416837.07104.120.003.50468.63
416936.60246.90101.965.51447.53
417035.89142.96216.076.31445.64
417134.9520.730.006.01442.91
417234.300.000.006.31443.05
417333.650.000.004.30441.40
417433.000.000.005.01438.42
417532.720.000.005.71437.81
417632.220.000.005.71436.88
417731.670.000.005.71434.75
417831.120.000.006.61432.59
417930.570.000.008.01430.26
418030.290.000.007.11431.84
418130.010.000.007.21432.71
418229.831.870.006.91430.12
418331.4995.94156.216.91432.44
418432.87255.17287.538.41430.88
418534.52445.39336.4910.51429.28
418635.26401.3179.3912.51437.39
418736.44566.02151.8211.91434.88
418837.80723.63283.3413.81430.33
418938.91764.11331.3811.41429.06
419039.44660.40264.3711.11434.78
419139.32460.38100.007.31441.91
419238.42248.6115.326.81450.38
419337.1489.560.006.01457.30
419435.8313.510.004.30463.38
419534.718.170.005.21459.83
419633.510.000.004.81453.22
419732.700.000.004.81448.32
419831.760.000.006.01438.63
419930.820.000.005.71432.07
420029.880.000.004.10427.14
420128.960.000.003.80422.87
420227.960.000.003.20411.26
420326.960.000.004.60405.19
420426.420.000.002.50401.66
420525.880.000.001.30396.51
420625.491.930.002.20389.44
420727.1599.19164.384.30390.61
420828.25233.00176.144.10395.28
420929.80444.66336.204.81393.07
421031.52667.42557.253.20387.95
421132.83757.14463.274.30391.50
421233.88843.21527.772.90390.71
421334.91859.84508.652.20391.27
421435.61843.92579.122.50391.80
421535.40569.21232.453.20404.15
421634.52387.25114.854.10406.05
421733.23229.7752.384.60407.88
421832.26109.0840.954.30409.10
421931.0516.550.005.51408.01
422030.540.000.003.20410.11
422130.030.000.001.80406.80
422229.520.000.003.50403.66
422329.010.000.002.00402.95
422428.500.000.001.50403.95
422528.380.000.001.50401.10
422628.280.000.001.00400.42
422728.170.000.001.40401.43
422828.110.000.002.00406.26
422928.060.000.001.50405.64
423028.031.750.002.90405.66
423129.2560.9722.182.70408.05
423230.66201.3578.592.30407.11
423332.02334.65119.243.20408.39
423433.96591.93341.012.30402.90
423536.76844.66595.102.70399.17
423638.58833.51488.602.50405.34
423739.78805.09429.394.60411.06
423839.72514.1696.574.30426.56
423939.27429.3672.985.51429.79
424038.67372.0199.085.71428.59
424137.72257.3884.366.61425.82
424236.43118.5661.236.01432.31
424334.9814.130.004.60431.04
424434.370.000.005.51437.12
424533.750.000.004.10435.92
424633.130.000.004.60437.11
424732.850.000.005.21439.27
424832.370.000.004.81439.02
424931.620.000.004.60450.72
425030.790.000.006.81446.30
425130.790.000.005.51443.30
425230.190.000.004.60445.69
425330.090.000.003.50451.97
425430.110.830.003.80452.82
425530.9046.390.004.10455.25
425630.52104.220.005.51453.30
425732.15241.2822.915.51448.47
425833.21387.7243.586.31447.41
425934.45506.0394.556.01446.38
426035.55542.1174.086.01448.93
426136.20500.4950.067.21453.24
426236.26359.8620.406.91452.53
426336.13317.9414.406.61460.65
426435.63220.536.736.61463.00
426534.8299.280.006.61468.61
426633.5412.650.006.91475.69
426732.897.200.006.31472.65
426830.740.000.006.01465.00
426931.000.000.004.60465.07
427029.990.000.005.01456.89
427130.130.000.004.30452.69
427228.170.000.005.51442.07
427329.610.000.005.71446.25
427429.030.000.005.51441.00
427528.450.000.004.81438.43
427628.140.000.004.30435.50
427727.840.000.004.60432.63
427827.631.640.004.81430.66
427928.8461.7541.274.30433.51
428029.53133.585.403.20435.45
428130.70277.8344.373.50435.72
428232.08440.42117.673.50438.15
428332.91506.7997.924.10429.49
428435.14816.27472.134.81417.08
428536.59779.48349.355.01419.34
428637.76808.39517.875.71418.28
428738.07601.32272.865.21421.07
428837.82441.22189.325.51422.06
428937.21337.57317.673.50421.46
429036.10173.58270.613.80419.91
429134.6522.913.473.80419.22
429233.480.000.003.50422.92
429332.690.000.003.80418.87
429431.770.000.002.90418.21
429530.850.000.001.60413.43
429629.930.000.001.30413.60
429729.130.000.000.50413.23
429828.250.000.001.10408.73
429927.370.000.001.20410.47
430026.890.000.000.70408.47
430126.420.000.000.50407.72
430226.071.480.000.60407.63
430327.6586.21132.370.50411.80
430429.25261.98322.040.60406.14
430530.76422.02301.680.50408.76
430632.14560.93304.110.70404.68
430733.03644.91256.901.00409.79
430834.60802.84444.841.20406.02
430935.99889.88543.231.60401.07
431036.81825.46544.430.80403.08
431137.02673.85429.351.00404.81
431236.74529.81409.070.70406.44
431335.81349.35387.850.70407.51
431434.31144.17152.771.40418.24
431532.9420.890.001.60415.27
431632.170.000.001.20416.29
431731.390.000.000.80414.19
431830.620.000.001.80414.50
431929.840.000.002.00413.87
432029.070.000.002.70410.16
432128.660.000.002.70408.04
432228.230.000.003.20407.97
432327.810.000.004.60409.17
432427.580.000.004.10411.83
432527.360.000.005.21411.31
432627.201.340.004.81411.47
432728.2760.7940.555.71411.14
432829.80232.72154.196.31404.57
432931.12372.31153.027.21408.37
433032.34497.72166.206.81405.62
433133.10566.82154.404.30408.66
433234.45708.54282.913.50407.47
433335.19639.92177.033.80416.36
433435.49553.41126.075.01422.56
433535.71550.18219.434.30423.77
433634.72216.1812.843.80444.85
433733.56119.820.002.90449.53
433832.6413.930.002.50456.70
433931.757.080.001.50451.98
434031.390.000.001.00452.93
434131.020.000.000.60450.73
434230.650.000.000.60445.93
434330.290.000.001.10440.44
434429.920.000.001.80438.65
434529.240.000.001.70433.94
434629.050.000.001.70432.87
434728.870.000.001.70430.35
434828.820.000.001.30426.17
434928.780.000.000.70424.68
435028.771.590.000.90421.44
435130.3283.90181.711.10422.01
435231.98264.48358.081.80419.39
435333.75460.99426.651.40416.16
435435.87630.66466.042.10416.93
435537.88788.10513.372.91419.27
435639.55866.25560.024.81422.27
435740.79872.23543.804.81428.02
435841.63829.71572.384.51429.83
435940.49717.31553.306.31430.61
436040.49549.29489.465.31431.63
436141.15353.64415.196.31438.54
436239.91154.22285.874.21445.34
436338.4920.320.005.31438.84
436437.540.000.004.51444.20
436536.590.000.005.01444.83
436635.640.000.004.21441.41
436734.690.000.004.51436.54
436833.740.000.005.01430.06
436932.560.000.004.51425.52
437031.270.000.003.11422.83
437129.970.000.003.51419.74
437229.260.000.003.11420.35
437328.550.000.002.80418.54
437428.031.660.002.80419.08
437529.65100.10280.603.31421.16
437631.41316.33549.033.31417.20
437733.29565.49723.023.31413.98
437835.68784.50829.703.51403.50
437937.39862.41623.235.31411.80
438037.33553.90123.347.11434.32
438137.19540.6368.665.61436.66
438237.02529.5580.664.81432.27
438336.70496.86129.405.61430.09
438435.97379.39104.545.31432.07
438534.83232.5855.744.51433.04
438633.4293.698.924.81434.02
438732.3212.360.004.21426.05
438831.660.000.002.80428.62
438930.990.000.003.31422.10
439030.320.000.004.51417.02
439129.660.000.004.21413.44
439228.990.000.003.51409.40
439328.960.000.006.01409.01
439428.970.000.003.31407.96
439528.980.000.003.51410.00
439629.000.000.002.91411.57
439729.030.000.003.31411.18
439829.061.400.003.51410.82
439931.2992.97224.013.31414.73
440032.64203.79129.534.21418.97
440131.9250.890.004.21443.87
440231.5954.370.003.81444.84
440332.87399.4447.743.81427.89
440434.49471.2659.943.31427.38
440536.98779.42316.064.81413.45
440637.93531.20124.375.61433.41
440739.40747.99549.526.01416.88
440840.27639.34729.506.31420.26
440940.36413.31605.376.51425.49
441039.50183.60382.176.01432.23
441138.1524.1612.556.01427.87
441236.870.000.006.01431.49
441335.580.000.006.31427.11
441434.300.000.006.01428.87
441533.020.000.005.01421.82
441632.160.000.004.01421.38
441730.960.000.004.81420.43
441829.670.000.005.31416.07
441928.370.000.005.31414.47
442027.680.000.004.01413.46
442126.980.000.004.51413.37
442226.491.470.004.01412.05
442328.1192.76298.084.21413.24
442429.78285.12468.036.51409.63
442531.59497.84583.936.51413.30
442633.18680.18627.094.51409.62
442735.15831.96619.975.61412.16
442836.72909.47600.875.31412.45
442937.88930.58615.016.01412.28
443038.59883.17640.146.31411.25
443138.80767.58645.557.11413.51
443238.43590.01619.036.01413.14
443337.35384.10539.564.51418.69
443435.72171.76390.274.81418.88
443533.8721.580.004.51415.94
443632.680.000.004.51422.02
443731.970.000.005.31425.83
443831.040.000.004.81420.98
443930.110.000.004.21417.41
444029.180.000.005.31416.24
444128.710.000.005.01418.69
444228.200.000.003.11417.39
444327.690.000.005.01414.42
444427.420.000.004.21415.49
444527.150.000.003.11413.13
444626.950.960.002.91408.71
444728.0553.3514.472.91413.55
444829.20165.7625.932.60411.77
444930.64317.7293.112.60411.04
445032.26491.47185.742.00407.16
445133.40546.63130.301.80411.72
445234.50568.2389.483.31412.81
445335.40601.39136.833.81415.09
445436.37694.43287.995.31412.03
445536.62527.50167.377.41415.42
445636.79521.05355.638.51406.49
445736.18313.83218.138.31410.29
445835.18191.07377.877.11406.34
445933.7525.5826.436.51409.08
446032.650.000.005.61414.51
446132.010.000.006.01413.02
446231.150.000.006.81411.95
446330.280.000.007.91412.26
446429.420.000.006.31410.64
446528.750.000.006.51409.49
446628.010.000.006.01409.71
446727.280.000.004.01410.98
446826.880.000.003.11411.21
446926.490.000.002.30406.62
447026.201.290.002.10405.55
447127.6976.05161.222.30410.56
447229.45254.57315.512.40405.06
447331.56485.20516.431.30400.66
447433.37651.67555.301.10393.86
447535.40770.35513.060.80398.51
447637.06847.79533.101.70397.93
447738.20842.02505.991.40402.99
447838.90800.07524.321.70405.80
447939.12690.18464.341.30409.09
448038.89568.11527.071.10410.64
448137.81347.71368.641.00418.03
448236.15142.27166.690.50423.60
448334.3120.700.000.30420.86
448432.990.000.000.10417.80
448532.100.000.000.30415.27
448631.060.000.000.40415.85
448730.030.000.000.20415.54
448828.990.000.000.50412.98
448928.230.000.000.60409.85
449027.400.000.000.40410.06
449126.560.000.000.20407.91
449226.100.000.000.60405.65
449325.650.000.000.20407.83
449425.321.230.000.40404.44
449527.0388.82248.760.40408.57
449628.99291.01509.760.60402.86
449731.07509.85616.751.30403.63
449832.85699.95653.330.90398.53
449935.07848.29671.430.80398.51
450036.85925.29646.480.90399.54
450138.14937.44632.131.70407.76
450238.93889.98656.551.30407.33
450339.14757.13609.172.40406.88
450438.74590.62599.251.80412.31
450537.58385.69540.161.80415.10
450635.83175.53409.572.10414.09
450733.8122.060.002.30405.91
450832.750.000.003.11410.08
450932.110.000.004.21409.54
451031.280.000.003.81405.68
451130.440.000.002.91403.42
451229.610.000.002.30403.54
451329.140.000.002.91404.90
451428.670.000.003.11402.29
451528.210.000.002.80399.14
451627.980.000.002.91397.87
451727.750.000.002.91395.72
451827.601.450.004.21393.68
451929.40101.93317.343.81397.52
452030.98281.31287.721.70397.94
452130.1346.290.001.10431.00
452231.28403.9880.571.30403.68
452333.03742.57380.021.70391.19
452432.78247.5723.582.20421.22
452535.261074.30718.752.80381.15
452635.08359.8546.942.60435.58
452735.83693.68405.423.51398.36
452834.58122.710.004.81448.47
452933.3536.020.003.51435.29
453032.5316.210.004.51428.63
453131.622.190.003.11441.08
453231.190.000.002.20453.99
453330.290.000.001.40454.85
453430.000.000.002.30447.29
453529.520.000.001.50446.49
453628.960.000.001.80441.25
453728.370.000.001.30435.87
453827.760.000.001.10430.34
453927.140.000.002.30424.85
454026.820.000.004.01421.21
454126.490.000.003.31417.60
454226.270.850.003.11414.60
454327.4863.7654.534.21420.45
454428.92214.16121.876.31417.95
454530.79431.59321.365.61398.63
454633.03731.29685.885.61381.61
454735.37837.91602.136.81382.16
454836.71787.83412.336.81388.10
454937.47734.47282.637.81395.45
455038.28815.89520.096.01392.73
455138.43647.28337.334.81393.61
455237.71423.22167.134.21400.36
455336.28206.6829.084.01408.06
455434.73107.9636.923.51405.43
455533.1116.460.002.80403.73
455632.410.000.003.81408.86
455731.590.000.002.80406.75
455830.770.000.002.10405.63
455929.950.000.002.40406.64
456029.130.000.002.30404.07
456128.460.000.002.00399.32
456227.740.000.002.10399.73
456327.030.000.001.50398.27
456426.650.000.001.70394.35
456526.270.000.001.30397.50
456626.000.900.002.20400.07
456727.5582.43210.311.50403.90
456829.28266.12377.511.00406.23
456930.53374.34198.271.50413.19
457032.28612.13393.111.80400.74
457133.83733.96442.603.31398.20
457235.45821.46499.572.60398.53
457336.60821.78475.792.40399.68
457437.31779.95467.332.40401.58
457537.40615.96279.141.80407.52
457636.71416.05143.542.40414.37
457735.61280.31139.041.50412.81
457833.9466.270.001.70425.68
457932.6315.930.001.50419.71
458031.810.000.001.00419.53
458130.990.000.001.00417.44
458230.180.000.000.70409.97
458329.360.000.001.30407.98
458428.540.000.001.30402.35
458527.930.000.001.70397.72
458627.260.000.001.70395.81
458726.590.000.002.00396.62
458826.220.000.001.00393.04
458925.850.000.001.00392.49
459025.580.900.000.90386.25
459127.2382.82244.060.90389.25
459229.06265.48391.771.70387.67
459331.08477.15508.872.91391.69
459432.90672.16577.404.01392.63
459535.11807.52579.784.01393.43
459636.80862.81551.744.21396.58
459738.06885.38557.555.31400.27
459838.85843.47587.395.31402.56
459939.09723.54553.486.01406.91
460038.81580.14560.577.41405.77
460137.75381.56510.617.81410.87
460236.05167.60353.417.11418.55
460334.1022.840.007.11418.68
460433.100.000.008.72422.86
460532.440.000.009.42426.66
460631.650.000.009.82424.80
460730.870.000.0011.72426.28
460830.080.000.0010.82425.71
460929.620.000.0013.42418.14
461029.150.000.0010.82417.03
461128.670.000.0011.72419.46
461228.430.000.0010.42423.80
461328.180.000.009.42423.00
461428.020.510.009.12430.08
461529.0856.7745.358.51432.18
461630.76236.28215.189.82424.10
461731.79311.0795.239.42431.44
461832.45404.9377.548.92441.30
461934.64701.87330.779.12419.11
462035.81637.95216.447.81427.76
462135.05333.5032.157.41458.07
462234.46227.572.807.41462.65
462333.86213.892.037.11460.55
462433.57276.2036.506.01450.93
462533.59363.16355.137.81430.81
462633.10185.40468.188.51432.14
462732.4625.1118.276.81431.78
462831.710.000.006.51428.75
462930.970.000.007.41428.98
463030.200.000.007.41425.19
463129.440.000.008.11421.68
463228.670.000.008.92419.36
463327.970.000.0010.22419.42
463427.200.000.008.72421.45
463526.430.000.009.82417.60
463626.010.000.008.72415.64
463725.600.000.007.81412.50
463825.300.750.007.41412.69
463926.6971.73139.366.51412.55
464028.39245.39304.725.61407.82
464130.27444.36378.774.51405.00
464232.23650.89526.983.81396.13
464333.85758.62494.112.40398.07
464435.55844.32505.792.80396.69
464536.95904.05568.952.80402.18
464637.76832.78543.315.61401.06
464738.16762.23575.207.11397.28
464837.84559.63504.756.01401.03
464936.81372.88471.016.51406.80
465035.18164.82328.126.81416.86
465133.2922.000.006.81412.17
465232.570.000.005.61416.38
465331.770.000.005.61412.90
465430.970.000.003.11412.19
465530.170.000.002.60412.51
465629.360.000.002.00412.73
465728.880.000.002.80410.70
465828.340.000.003.51407.13
465927.800.000.003.51407.95
466027.500.000.003.31407.70
466127.200.000.002.60406.11
466226.980.540.002.00406.74
466328.9397.86317.202.60411.00
466431.11316.22562.011.70410.67
466532.38401.53275.541.50425.84
466634.83711.13514.921.10407.86
466734.18271.8113.881.80442.32
466833.60243.605.902.10442.95
466933.14235.993.080.60437.89
467033.01307.3929.280.50429.83
467133.98683.65405.550.20407.03
467234.78695.57741.960.10401.37
467334.20277.58146.190.00440.39
467433.0381.040.000.20437.32
467532.1813.860.000.50432.26
467631.260.000.000.40431.31
467730.260.000.000.30437.29
467829.400.000.000.40434.58
467928.480.000.000.20427.55
468027.550.000.000.40420.65
468126.900.000.000.40419.10
468226.190.000.000.50415.11
468325.470.000.000.60407.77
468425.090.000.000.80405.00
468524.710.000.000.50403.70
468624.520.680.000.90401.39
468726.0983.48243.470.50399.52
468828.07282.80492.070.60388.13
468930.21505.27613.130.60387.52
469032.23696.63647.970.90379.92
469134.08836.75633.560.80383.33
469235.91918.29617.591.10386.80
469337.21919.19569.631.00389.44
469437.95857.31612.081.50390.73
469538.18740.33583.581.30393.84
469637.81579.84568.421.30395.59
469736.64370.98460.771.40401.56
469834.89163.86320.701.10410.49
469932.9222.130.000.80406.44
470032.040.000.000.50410.14
470130.990.000.000.90407.60
470229.950.000.001.30407.67
470328.910.000.001.70405.02
470427.860.000.001.00401.00
470527.090.000.001.50397.05
470626.200.000.001.40392.98
470725.310.000.000.90388.14
470824.810.000.000.60385.29
470924.390.000.000.60387.11
471023.980.610.000.90384.04
471125.4284.63258.641.30385.89
471227.17284.64505.071.30380.70
471329.06505.76616.321.30375.53
471430.88704.95675.570.60371.60
471532.44841.34647.060.70372.56
471633.76935.89670.790.80374.08
471734.96953.88669.111.50376.42
471835.68902.89680.950.90379.44
471935.90789.80693.991.00384.30
472035.51606.94630.041.10383.48
472134.39396.09579.861.30385.95
472232.69176.24403.520.70390.69
472331.3822.140.000.70390.87
472430.350.000.001.40395.00
472529.310.000.001.40395.66
472628.270.000.001.50392.14
472727.240.000.001.10391.41
472826.200.000.002.30395.36
472925.700.000.002.91393.62
473025.130.000.002.60394.69
473124.650.000.003.51395.36
473224.280.000.003.11391.06
473323.920.000.002.91392.34
473423.650.490.003.11395.60
473525.2681.62216.513.31402.47
473627.04262.03376.243.51402.14
473729.09481.64520.224.21395.96
473831.12685.67573.794.01389.09
473932.89866.96714.634.21391.39
474034.78927.99630.405.31394.01
474136.25969.60703.084.51399.73
474237.03878.76591.974.81404.05
474337.42809.82743.314.81404.78
474437.19633.91716.285.31404.62
474536.08410.19578.297.41401.58
474634.29182.53360.418.11409.17
474732.5223.986.615.31404.57
474831.860.000.005.31412.00
474931.190.000.004.01410.79
475030.520.000.004.51411.01
475129.860.000.004.51415.46
475229.190.000.005.31413.65
475328.900.000.006.01416.30
475428.600.000.005.61421.25
475528.310.000.004.51424.62
475628.160.000.006.81427.71
475728.010.000.005.31433.27
475827.910.140.004.01438.45
475928.4829.420.003.11437.90
476028.8467.100.002.60438.69
476129.37169.172.353.11440.60
476229.76143.080.003.51445.17
476330.52288.0710.024.51442.03
476431.21331.2610.845.31427.53
476531.60313.0914.355.01430.50
476632.09394.5336.495.01427.54
476732.20268.229.216.31432.87
476832.23239.9312.124.81430.25
476931.7462.960.004.21439.31
477031.2633.150.003.81437.16
477130.613.750.004.51449.31
477230.210.000.002.91448.08
477328.680.000.002.91444.22
477428.740.000.003.11439.17
477528.560.000.003.11432.37
477628.030.000.003.31427.38
477727.530.000.002.60426.40
477826.940.000.001.70421.00
477926.350.000.002.10415.65
478026.020.000.002.20411.97
478125.690.000.002.10408.31
478225.450.000.002.60405.21
478326.8370.79131.942.80411.95
478427.75167.0942.632.10417.43
478529.33360.89176.821.40417.68
478631.01539.79243.711.80422.79
478732.73773.20456.081.70403.71
478833.22513.0889.042.00408.98
478934.22692.58274.621.40401.32
479035.73933.74696.331.50389.35
479135.84572.27220.901.50406.90
479235.52458.29206.872.80404.03
479334.57291.53124.963.11407.54
479433.17130.2094.852.30418.24
479532.0311.590.002.91420.69
479631.680.000.003.81432.63
479731.330.000.004.21437.11
479830.990.000.004.51437.36
479930.640.000.003.51441.13
480030.290.000.002.40443.69
480130.240.000.002.60441.06
480230.180.000.001.80444.34
480330.130.000.001.30448.10
480429.700.000.002.00452.47
480529.180.000.001.80458.06
480629.920.000.002.00461.61
480730.209.510.000.90464.19
480830.3924.720.001.30464.78
480930.5940.770.001.00464.53
481030.5958.650.002.20464.58
481130.8981.770.002.30463.87
481230.5798.560.002.30463.05
481330.7989.110.003.51464.19
481431.0493.460.004.51464.19
481529.9986.890.003.81461.70
481629.4466.040.004.01460.96
481729.3536.040.005.61462.13
481829.2813.260.004.21463.41
481929.932.270.003.11462.98
482030.120.000.002.91460.83
482130.530.000.004.01455.01
482230.390.000.004.81452.92
482330.000.000.005.61452.92
482429.750.000.005.61448.46
482529.280.000.004.21445.60
482628.460.000.002.80441.67
482727.650.000.002.30438.39
482827.210.000.002.60434.06
482926.760.000.002.91430.40
483026.440.000.003.51426.05
483127.5959.0552.695.01427.29
483228.79182.9969.705.61422.24
483329.97303.8783.166.51428.59
483430.92380.2335.445.01434.28
483531.84471.9871.494.01423.26
483632.46482.2130.874.51423.88
483732.66479.2840.866.01427.91
483833.34572.78140.275.01418.40
483933.90590.04247.433.81409.62
484034.19537.22378.115.01403.54
484134.09407.80444.233.51398.71
484233.16182.67243.163.81406.94
484332.2225.0819.454.01410.27
484431.440.000.003.31414.65
484530.660.000.002.30416.68
484629.880.000.002.20417.30
484729.100.000.001.30419.00
484828.320.000.001.40421.25
484927.900.000.001.50424.71
485027.470.000.001.00424.09
485127.050.000.001.00423.88
485226.820.000.001.30424.51
485326.600.000.000.80422.10
485426.450.000.001.10419.59
485526.9024.980.001.80420.31
485628.66216.30184.792.60402.65
485730.53426.95335.634.01393.57
485831.69519.19193.453.51414.16
485933.14669.46273.503.31398.69
486033.97586.22131.714.21400.35
486134.07454.0047.793.81424.50
486234.36515.2389.213.81435.86
486334.27403.4333.823.81423.75
486433.60260.2717.073.11411.72
486532.5773.900.002.91438.54
486631.6813.500.003.81425.84
486730.848.070.002.80418.74
486830.190.000.004.51416.62
486929.540.000.004.81414.12
487028.880.000.005.01410.92
487128.230.000.004.81406.97
487227.580.000.007.81402.55
487326.990.000.006.51398.85
487426.360.000.007.11397.32
487525.730.000.008.31389.06
487625.390.000.008.31387.47
487725.050.000.007.41382.73
487824.810.000.007.11382.30
487926.2580.42201.704.21387.00
488028.14290.10457.323.51380.95
488130.19526.41639.243.11379.75
488231.94690.05585.253.81376.83
488333.80904.91727.804.01374.92
488434.08583.83147.933.51397.59
488534.08530.8479.573.51399.98
488633.55419.9531.144.21405.02
488733.09410.6334.265.61400.73
488832.44344.5364.025.61402.96
488931.87200.7117.155.31409.87
489030.8886.721.065.31413.88
489129.8513.820.008.11410.57
489229.130.000.008.11412.83
489328.420.000.006.51409.89
489427.700.000.005.61407.79
489526.980.000.003.31405.32
489626.270.000.003.31404.12
489725.760.000.003.11402.30
489825.130.000.003.11401.09
489924.600.000.003.51398.23
490024.190.000.002.60395.90
490123.780.000.002.60392.05
490223.470.000.002.80393.89
490324.7073.65161.683.31400.07
490426.27260.75396.533.51394.54
490528.01475.93519.631.80391.19
490629.73676.63590.161.80383.17
490731.28835.45608.201.80382.68
490832.58934.92654.181.70381.99
490933.45944.93625.101.80381.71
491034.16897.13646.541.80382.32
491134.34762.61584.132.40381.62
491233.91580.77561.752.20383.73
491332.80371.50458.481.80385.49
491431.72165.44293.382.60389.93
491530.2820.740.002.20388.33
491629.340.000.002.00391.40
491728.400.000.002.40392.89
491827.450.000.002.91389.15
491926.510.000.002.00387.53
492025.570.000.002.60390.25
492125.180.000.002.10389.90
492224.740.000.000.60386.74
492324.150.000.000.70384.82
492423.770.000.000.50384.93
492523.390.000.000.30388.77
492623.090.000.000.30385.26
492723.9953.4253.910.40387.02
492824.57128.308.420.80391.09
492926.73492.77507.681.70368.42
493028.57668.67554.792.00369.60
493130.01779.20499.661.70373.32
493231.43948.81660.351.30371.72
493332.24888.92524.951.50375.20
493432.18603.11195.562.10389.68
493532.48790.40615.442.30373.38
493632.36607.78578.572.60382.17
493731.64389.11438.803.51389.53
493830.47173.36238.804.01392.14
493929.1223.283.233.81395.57
494028.640.000.003.81402.46
494128.170.000.004.81405.44
494227.700.000.005.01410.63
494327.230.000.003.51411.16
494426.760.000.003.31412.18
494526.980.000.004.01413.68
494627.220.000.004.01419.14
494727.460.000.004.81425.43
494827.590.000.005.01427.35
494927.680.000.005.01437.87
495027.710.000.006.01443.49
495127.749.670.004.51450.62
495226.5039.500.003.81445.06
495327.5468.170.005.01450.97
495429.1090.780.005.31446.23
495529.48103.840.003.81447.62
495629.68117.480.003.81448.60
495729.83125.540.003.11449.25
495829.94119.930.004.01453.95
495930.20103.850.004.01451.80
496030.2075.440.004.81452.59
496130.0845.930.004.81452.75
496229.8420.060.004.01452.23
496329.552.910.002.80450.36
496429.170.000.001.40451.89
496528.640.000.000.90448.47
496628.840.000.000.70449.75
496729.210.000.000.80452.17
496828.920.000.001.10450.29
496929.340.000.000.80453.00
497028.570.000.000.60448.00
497128.830.000.001.30449.68
497229.030.000.000.70450.97
497328.880.000.001.40446.00
497428.920.000.001.10451.92
497529.1310.170.000.60451.76
497627.3633.710.000.90449.29
497728.6058.560.000.80446.86
497829.3986.580.001.30451.19
497929.91110.340.000.80453.93
498030.31120.440.001.30452.46
498130.45129.510.001.40452.98
498230.26130.460.002.10455.30
498330.67113.970.002.20454.05
498430.4981.440.001.80453.89
498530.5248.640.002.00455.24
498630.3523.140.002.00454.78
498730.042.860.002.20452.62
498829.820.000.001.80451.09
498929.510.000.001.70448.99
499029.280.000.002.00451.43
499128.960.000.001.80445.25
499228.710.000.002.40447.45
499327.800.000.002.40441.54
499427.480.000.001.50439.82
499527.340.000.001.50438.71
499626.860.000.002.60436.82
499726.680.000.003.11431.92
499826.590.000.002.20433.96
499926.9215.110.001.80435.55
500027.1546.980.001.80436.69
500127.4675.010.002.20434.04
500227.77116.100.002.00434.61
500328.12163.851.021.80435.05
500428.76298.814.022.10425.84
500529.30330.8518.992.30427.06
500629.67320.8618.863.51426.39
500729.92303.6912.543.31425.60
500829.89184.101.432.80431.74
500929.70126.680.002.40432.82
501029.1946.580.002.91447.33
501128.906.120.002.80448.22
501228.520.000.002.30448.94
501326.540.000.002.20440.70
501427.170.000.002.10444.10
501527.550.000.002.80442.44
501627.250.000.002.91444.37
501727.040.000.004.21442.92
501826.820.000.004.51441.37
501926.590.000.004.01439.82
502026.470.000.005.01438.95
502126.360.000.005.01437.71
502226.270.000.003.81437.43
502326.7726.410.002.60440.52
502427.55107.990.002.40438.96
502528.64237.5018.041.40433.03
502629.46297.5613.372.00426.03
502730.15347.4815.392.60431.38
502831.23540.6993.392.10420.60
502931.39324.4921.322.20432.32
503031.36292.273.922.10448.18
503130.98152.991.232.10446.79
503230.98262.7417.631.70435.74
503330.50102.540.002.20446.33
503429.8939.570.001.80453.09
503529.163.400.002.20449.33
503629.030.000.002.40451.18
503728.900.000.002.10452.47
503828.460.000.001.70451.87
503928.540.000.001.70444.91
504027.610.000.000.70444.23
504128.220.000.000.80441.92
504228.120.000.000.90444.64
504327.840.000.001.40437.87
504427.950.000.002.80440.68
504527.840.000.003.51437.62
504627.740.000.003.11439.14
504728.6737.620.003.31444.11
504828.9159.280.004.51445.23
504929.57139.970.003.81442.97
505030.40232.363.542.80436.44
505131.30325.6412.952.80432.26
505231.75283.813.772.91438.19
505332.00261.964.112.40438.31
505432.14241.653.063.11437.05
505532.38295.4511.603.11434.76
505632.35199.514.382.40437.68
505732.08125.420.002.60440.01
505831.6570.300.002.40452.12
505931.107.750.004.01448.10
506030.580.000.004.51444.29
506129.640.000.005.61441.78
506229.160.000.006.81438.17
506328.230.000.006.31431.87
506426.860.000.006.81426.32
506527.570.000.006.31426.71
506626.950.000.006.51422.34
506726.330.000.007.41419.71
506826.020.000.005.61418.29
506925.700.000.003.81418.83
507025.500.000.003.11412.30
507126.3649.5252.722.30416.24
507226.3345.470.002.91427.12
507327.12183.777.993.11421.22
507428.89495.17182.184.01413.38
507530.81739.92410.983.81393.90
507632.43856.10500.544.21390.05
507733.33781.69337.763.51397.90
507834.35814.78501.543.11394.95
507934.50554.97208.523.11408.04
508032.7546.140.003.11442.19
508132.28210.81110.054.51420.08
508231.2212.950.004.81438.79
508330.329.970.006.81435.75
508430.040.000.004.81438.04
508529.750.000.004.01436.94
508629.470.000.002.40436.43
508729.190.000.002.91435.89
508828.900.000.002.40437.40
508928.850.000.002.30414.49
509028.570.000.003.40411.09
509128.300.000.002.80410.14
509228.150.000.003.00410.04
509328.010.000.003.20409.58
509427.910.000.002.00406.96
509528.9750.5732.672.30407.53
509630.18166.0546.822.60408.41
509731.60311.5699.001.90404.81
509832.25300.4619.012.30412.48
509933.06443.2635.091.70407.53
510034.22513.5138.221.90409.22
510135.23563.1798.211.40412.20
510235.69475.1267.761.10416.81
510336.50627.26270.961.30403.78
510437.06593.13549.121.40402.52
510536.76336.65293.731.90413.82
510635.91178.12238.071.10408.08
510734.6422.220.000.50406.36
510833.520.000.000.90406.44
510932.720.000.000.70404.50
511031.850.000.000.20402.07
511130.970.000.000.50399.35
511230.090.000.000.40399.51
511329.260.000.000.30399.64
511428.380.000.000.90397.15
511527.500.000.001.20397.03
511627.050.000.001.00397.18
511726.590.000.000.70394.98
511826.270.000.000.70395.57
511927.3259.7076.440.70399.92
512028.56200.35129.871.40401.98
512129.49290.7067.941.90408.24
512230.22351.0334.741.60409.39
512331.48583.41183.501.90401.52
512433.30951.95635.502.00388.51
512535.261011.84768.602.00389.99
512636.25849.08547.572.60398.71
512736.50654.35332.373.20406.55
512835.95423.88148.054.90416.55
512935.02293.98130.774.90420.07
513033.72135.14103.266.20419.34
513132.5914.530.006.20414.27
513231.770.000.005.20416.94
513330.940.000.004.20413.14
513430.120.000.004.90411.26
513529.300.000.003.60412.16
513628.470.000.002.80411.84
513727.840.000.002.60411.44
513827.180.000.002.20407.95
513926.510.000.002.50409.27
514026.160.000.001.00404.27
514125.810.000.000.50403.61
514225.570.000.001.20404.78
514326.5351.4043.250.90409.39
514427.79185.7779.721.70408.00
514529.36366.92175.492.20406.33
514630.96539.05219.792.60401.35
514732.73751.73448.173.40401.12
514834.09798.07413.553.80402.04
514935.51864.05492.023.20399.88
515036.48836.95531.023.40402.27
515136.85700.21462.953.80403.85
515236.55505.18327.803.60406.82
515335.64333.73325.851.90408.52
515434.29167.64256.602.00408.31
515532.6617.870.002.60406.03
515632.020.000.002.30414.40
515731.120.000.002.30415.02
515830.220.000.002.60414.50
515929.310.000.002.60412.17
516028.410.000.003.00412.12
516127.680.000.003.00411.54
516226.890.000.002.60407.70
516326.110.000.003.00404.17
516425.690.000.003.60404.18
516525.270.000.003.60402.78
516624.970.000.002.60406.51
516726.0055.5463.042.00413.63
516827.46210.55125.831.60408.14
516929.16403.14273.901.50405.44
517030.95601.32361.801.50401.83
517132.59752.27444.972.30403.32
517233.98842.74510.992.80401.26
517335.32873.02500.412.80402.64
517436.07798.11470.164.00404.73
517536.62788.42623.383.20403.67
517636.62620.86653.933.20400.99
517735.78395.39509.204.90408.33
517834.28170.47290.874.00415.23
517932.8119.510.003.80410.80
518031.820.000.003.20413.19
518130.830.000.003.20412.50
518229.840.000.003.80404.40
518328.850.000.003.40402.80
518427.850.000.004.00402.20
518527.130.000.005.60399.55
518626.320.000.005.50395.01
518725.510.000.006.50398.02
518825.060.000.006.80395.37
518924.690.000.006.50395.23
519024.340.000.005.60393.38
519125.6077.63238.875.20394.91
519227.41288.64510.984.00390.99
519329.41530.63694.845.20385.57
519431.33746.44806.114.90384.54
519532.80908.32835.023.40385.47
519634.571002.28789.734.00383.73
519735.45892.46514.564.20392.90
519835.82800.35478.264.60398.82
519935.15523.43150.464.90409.77
520034.58522.14340.185.60403.44
520133.62385.71516.724.60398.96
520232.51179.32394.174.40400.09
520331.1420.130.003.20398.13
520430.250.000.003.40400.07
520529.370.000.003.60401.31
520628.490.000.003.20401.55
520727.610.000.004.40401.20
520826.730.000.004.90395.69
520926.230.000.005.20396.52
521025.700.000.003.80396.87
521125.170.000.005.60397.76
521224.890.000.005.20397.27
521324.680.000.005.20396.56
521424.460.000.004.40397.51
521525.4453.0048.623.80401.66
521626.71182.7688.984.40401.29
521728.46383.46206.814.40396.27
521830.07532.18211.972.50392.49
521931.62680.76289.343.20393.83
522032.81729.11289.542.80395.45
522133.62742.42276.502.00396.80
522234.48752.35359.052.50394.59
522334.96691.64439.572.50394.98
522435.12605.01585.792.30392.71
522534.45379.26489.642.60398.82
522633.15178.68430.493.40405.70
522732.0219.760.003.20404.08
522831.160.000.003.60410.09
522930.300.000.002.80408.31
523029.430.000.003.60408.30
523128.570.000.004.20408.45
523227.710.000.005.20406.12
523327.030.000.004.40407.20
523426.300.000.004.90401.77
523525.580.000.004.60399.31
523625.190.000.003.60398.39
523724.910.000.002.80399.12
523824.610.000.003.00397.65
523925.6358.7688.852.20402.61
524027.10216.63140.982.00398.94
524128.66387.45214.703.60395.91
524230.48608.57394.183.20386.06
524331.99720.88353.874.60391.07
524433.15823.60463.386.00388.50
524534.58893.92522.966.20389.28
524635.58870.43588.805.50388.33
524736.10783.77608.973.80388.28
524835.80539.13401.954.90400.37
524934.86355.99415.363.80400.50
525033.33144.75253.924.40407.41
525132.1116.130.004.20403.36
525231.210.000.003.20411.48
525330.310.000.001.90409.85
525429.410.000.002.50407.20
525528.520.000.003.00409.69
525627.620.000.003.40408.60
525726.930.000.004.00406.54
525826.160.000.003.80401.97
525925.400.000.002.80400.78
526024.970.000.003.00398.29
526124.630.000.004.20398.22
526224.290.000.003.80401.40
526325.6577.26242.663.40403.91
526427.39267.20434.065.20404.28
526529.38495.66602.415.20406.28
526631.23683.37599.236.20404.43
526732.69781.69489.447.31409.26
526833.78831.36493.548.41411.13
526934.77835.87455.407.91412.11
527035.27760.66376.835.20417.67
527135.49708.42477.704.90416.36
527235.21562.97506.074.90413.54
527334.15345.47377.713.80414.80
527432.86150.88266.365.20422.35
527531.4717.040.004.90423.47
527630.710.000.003.20429.83
527729.940.000.003.40424.94
527829.170.000.002.00425.33
527928.400.000.001.90425.34
528027.630.000.001.60424.70
528127.230.000.003.00425.15
528226.780.000.002.30424.15
528326.320.000.003.60426.12
528426.070.000.004.00425.77
528525.810.000.004.00424.97
528625.620.000.003.80423.86
528726.1829.520.004.40425.53
528827.52162.3758.714.00420.37
528930.70561.62570.174.00399.75
529031.29374.7874.103.60423.04
529132.13495.6585.325.20421.41
529232.16350.4624.436.20432.28
529332.71532.9679.215.60422.74
529432.56321.8821.796.00435.52
529532.57380.9930.415.80424.91
529632.75469.53254.445.80412.44
529732.83440.51682.796.00397.40
529832.23190.32580.336.00404.46
529931.2414.730.006.50405.52
530030.390.000.007.91408.45
530129.530.000.006.00407.32
530228.680.000.008.41407.30
530327.830.000.007.31402.39
530426.980.000.007.91399.03
530526.400.000.009.01402.48
530625.670.000.007.31401.96
530724.950.000.006.80401.17
530824.590.000.009.01396.15
530924.110.000.006.80395.06
531023.740.000.005.50393.95
531124.9174.18289.085.20397.81
531226.28274.50490.934.60393.15
531327.84491.57583.855.50393.31
531429.21654.88527.214.60389.12
531530.44800.72542.814.60391.49
531631.42874.75544.524.90393.14
531732.10885.45531.484.60391.58
531832.44818.91526.015.60389.94
531932.49718.61524.494.60389.77
532032.18557.42488.235.50392.72
532131.39353.96392.654.40397.73
532230.26155.53305.695.50401.15
532328.9815.380.003.80398.73
532428.120.000.003.40400.37
532527.260.000.003.40397.33
532626.410.000.002.80396.70
532725.550.000.002.30397.55
532824.780.000.002.80397.22
532924.570.000.003.40398.90
533024.440.000.002.80400.82
533124.300.000.003.20402.71
533224.270.000.003.20402.52
533324.240.000.003.00399.98
533424.240.000.003.20401.01
533524.9345.2019.693.40400.65
533626.13199.22128.803.00393.30
533728.11512.63575.422.80381.55
533829.72671.79551.892.50383.73
533931.731017.95754.341.90372.74
534030.56195.5616.423.00421.51
534129.75196.542.712.60422.90
534229.19206.324.491.90416.70
534328.84232.905.732.20414.20
534428.76306.3234.782.30407.09
534528.33143.100.002.80409.00
534627.8396.2826.102.60416.55
534727.499.940.002.30424.64
534827.620.000.004.90422.27
534927.650.000.004.90422.72
535027.620.000.004.90426.25
535127.530.000.003.80422.51
535227.400.000.003.80422.02
535327.000.000.003.00419.79
535426.550.000.003.40417.29
535526.320.000.002.80419.53
535626.080.000.002.20415.05
535725.880.000.002.80419.85
535825.680.000.003.60420.22
535926.3040.341.503.00425.95
536027.45170.6851.653.40421.20
536128.42315.8384.834.00425.19
536229.71425.9898.984.60421.27
536330.48469.7640.453.80424.94
536431.03487.1054.323.80427.36
536531.44497.7554.884.40427.71
536631.62441.3424.615.20430.01
536731.53340.8320.444.40433.63
536830.93162.670.964.40443.96
536930.2281.650.004.40445.77
537029.4615.100.003.40450.14
537129.234.850.004.40452.01
537229.000.000.002.30455.44
537328.770.000.002.20454.95
537428.480.000.002.30458.43
537527.920.000.001.60455.69
537627.160.000.002.50450.53
537727.950.000.001.90454.02
537827.810.000.001.40453.28
537927.050.000.001.70449.25
538026.170.000.002.00443.90
538126.810.000.002.50447.82
538227.840.000.003.40452.76
538328.0912.550.003.20454.20
538426.5449.560.002.80443.77
538528.8387.090.001.90453.86
538628.98121.340.001.00455.88
538729.30161.080.730.50455.68
538830.10207.224.690.60449.11
538930.35226.515.490.80448.56
539030.08191.412.412.00451.93
539128.73156.230.312.20450.23
539230.22122.580.002.50454.07
539329.1978.410.002.50452.58
539430.0236.770.002.30454.48
539529.193.220.002.20447.39
539627.520.000.001.90439.72
539728.920.000.001.70442.33
539828.750.000.001.40439.55
539928.370.000.001.60435.46
540027.980.000.001.00431.39
540127.230.000.001.60427.41
540226.380.000.002.20421.65
540325.530.000.002.20416.27
540425.060.000.003.00412.48
540524.660.000.002.00408.12
540624.270.000.002.00403.81
540725.1763.58205.101.50404.16
540826.41226.54210.201.30395.82
540928.13476.43493.591.60390.35
541029.77679.76582.271.60387.19
541131.08789.44499.201.30389.81
541231.88775.89341.761.20394.34
541332.61856.87472.720.80393.20
541432.70769.70403.870.80393.19
541532.73644.92315.750.40394.27
541632.29375.64102.311.50399.95
541731.40255.0882.142.20398.59
541830.31114.9483.644.00401.84
541929.5512.420.003.00401.98
542028.800.000.001.40404.92
542128.040.000.002.00404.35
542227.280.000.001.90404.79
542326.520.000.001.40402.68
542425.760.000.001.10401.90
542525.480.000.000.90401.57
542625.170.000.001.30399.07
542724.970.000.001.40397.22
542824.780.000.001.60396.41
542924.590.000.000.80399.33
543024.450.000.000.80398.22
543125.2541.8713.951.20403.94
543226.97207.83127.691.00395.69
543328.53351.00144.481.50399.95
543429.70427.22102.080.90402.32
543530.47446.4567.641.00409.42
543632.73943.34571.920.80385.27
543733.12599.68143.740.90401.79
543833.41529.7395.531.00408.03
543933.72560.22198.501.90400.55
544033.91541.48397.693.00399.59
544133.77442.85640.872.80393.50
544232.80143.47230.534.90410.08
544331.9417.190.002.80411.78
544431.080.000.001.60414.09
544530.220.000.001.50413.70
544629.360.000.001.50408.65
544728.510.000.001.20408.89
544827.650.000.000.60407.14
544926.950.000.000.60402.61
545026.140.000.000.70401.32
545125.330.000.001.20398.34
545224.970.000.001.50399.55
545324.450.000.001.10400.96
545424.060.000.002.00403.83
545525.0062.12173.993.20406.15
545626.43240.44318.273.60403.37
545728.02447.25388.083.40400.92
545829.65653.76517.374.90395.22
545931.13811.37527.795.80396.72
546032.34903.93588.997.31400.63
546133.01915.73575.076.80402.47
546233.58836.04527.135.60406.17
546333.70718.25501.405.80409.41
546433.18524.09389.136.50414.46
546532.46327.77338.025.60414.99
546631.27148.40337.475.20416.99
546730.5912.310.003.80417.77
546829.920.000.004.00423.33
546929.240.000.004.60420.42
547028.570.000.004.40421.14
547127.900.000.004.60420.90
547227.220.000.004.90424.55
547327.120.000.004.90425.68
547427.000.000.006.00426.42
547526.870.000.006.80427.61
547626.800.000.006.20429.28
547726.730.000.007.91431.25
547826.670.000.007.91433.51
547927.3333.160.009.01437.41
548027.7384.680.007.91444.20
548129.50310.3299.5610.51435.18
548231.34502.51212.2010.01425.38
548331.30302.7712.429.71451.85
548431.67340.7323.107.31451.91
548530.5984.390.007.91462.22
548630.19188.953.367.31452.81
548729.31374.6928.867.31437.26
548830.30219.498.256.80446.03
548931.20251.87102.177.91435.83
549030.81116.0493.557.91435.80
549130.347.580.006.80433.56
549230.110.000.004.90432.79
549329.830.000.005.80435.19
549429.440.000.004.60429.95
549529.090.000.004.40428.45
549628.670.000.003.00426.45
549728.620.000.002.30430.28
549828.020.000.003.20427.20
549927.300.000.002.80425.80
550027.960.000.003.60430.70
550127.820.000.004.20429.78
550227.580.000.005.80424.74
550327.2541.2610.766.50428.88
550429.30134.788.246.20433.52
550530.04217.2810.377.91438.12
550630.69265.8611.769.01443.72
550731.88491.5880.3811.31439.72
550832.21355.5824.947.91452.15
550932.12295.353.966.80455.86
551031.86315.9014.854.60453.11
551132.10176.152.754.20460.78
551231.93210.395.163.80453.60
551331.58159.624.094.60449.64
551431.0048.530.004.00453.78
551530.667.850.004.00451.91
551630.280.000.005.20453.43
551728.280.000.005.50444.20
551829.560.000.006.50449.40
551929.650.000.005.50446.69
552029.460.000.006.50449.32
552129.030.000.009.01446.88
552229.130.000.0011.91444.26
552327.370.000.0010.51441.24
552426.980.000.007.31442.86
552528.240.000.007.91443.03
552628.330.000.007.31445.08
552728.3517.010.006.50445.24
552828.5665.840.006.00449.46
552929.90135.710.004.40453.22
553030.68172.930.445.60450.81
553131.23213.441.154.90453.64
553231.28217.003.203.40458.53
553331.64206.502.984.90458.01
553431.92178.483.144.20460.90
553532.03199.901.364.90458.59
553631.95180.012.264.20456.35
553731.69110.180.004.90458.51
553831.6047.250.005.80457.84
553931.093.210.007.31452.81
554030.640.000.004.90448.11
554130.140.000.004.60443.21
554229.580.000.005.20437.93
554329.050.000.005.50432.85
554428.660.000.007.31432.18
554527.800.000.005.50426.00
554626.860.000.004.60423.41
554725.920.000.004.90418.17
554825.410.000.003.20412.89
554924.900.000.003.20407.67
555024.610.000.004.20405.36
555125.7071.14114.754.40410.14
555227.32266.53330.793.60407.23
555329.15497.90510.132.80397.64
555430.95710.73629.322.80397.54
555532.46843.63589.013.60401.56
555633.78966.37685.704.00399.61
555735.03983.69702.494.20405.78
555835.77923.37705.153.00406.06
555936.00790.22667.074.40408.26
556035.62597.02429.403.80411.07
556133.3426.860.002.50457.51
556231.9110.870.001.90455.23
556331.397.900.000.70450.06
556430.860.000.001.20453.63
556530.340.000.001.20451.41
556629.810.000.000.60449.48
556729.290.000.000.20448.73
556828.760.000.000.70444.38
556928.160.000.001.00445.94
557027.770.000.001.30446.77
557128.210.000.000.90447.30
557228.110.000.001.10445.46
557327.950.000.001.50444.27
557428.060.000.002.00442.74
557528.9237.540.001.90445.70
557628.7620.380.001.60456.44
557729.72167.241.571.50442.97
557830.06137.650.001.90450.97
557930.23128.530.001.50452.83
558031.51468.8577.071.10441.31
558132.63629.36148.331.70424.66
558233.89605.32164.161.90427.74
558334.25392.4234.802.20434.24
558434.23277.3917.393.40438.60
558533.81180.0111.883.40437.09
558633.1292.8344.182.00448.39
558731.267.330.002.20447.79
558832.010.000.001.90449.78
558931.660.000.002.20447.45
559031.290.000.000.90445.53
559130.850.000.000.70446.79
559230.320.000.000.30440.32
559329.800.000.000.30443.32
559429.140.000.001.40440.61
559528.090.000.000.80440.57
559628.250.000.000.70440.79
559727.870.000.000.50439.64
559827.730.000.000.50440.22
559928.2037.120.000.20441.24
560028.7992.840.000.50445.01
560128.7139.670.001.10454.53
560229.47230.1910.121.20442.32
560331.39594.50220.170.40430.27
560432.47542.6187.150.50428.86
560532.87495.0229.750.30429.75
560633.28437.2649.350.20429.87
560733.01230.7310.120.80442.54
560833.51519.45337.230.90410.82
560933.55363.27451.190.70406.77
561032.75110.95128.731.20422.93
561132.344.390.001.90422.69
561231.680.000.001.30424.04
561331.030.000.001.90425.70
561430.370.000.002.00422.85
561529.720.000.001.70424.66
561629.060.000.002.30421.57
561728.570.000.003.40427.50
561828.060.000.004.40425.11
561927.430.000.003.00421.97
562027.250.000.003.20421.65
562127.050.000.003.80427.15
562226.860.000.004.00425.96
562327.5937.480.004.40429.53
562428.38118.710.005.20430.37
562529.20204.258.105.60434.24
562630.03290.1912.916.50422.14
562730.55298.7113.954.20424.55
562831.27426.3939.034.40434.86
562932.13521.1152.565.50417.91
563032.78541.34107.276.20417.15
563133.27595.86258.579.71405.16
563233.71526.02397.459.01398.95
563333.65351.78450.306.80399.50
563432.89158.30374.465.60404.21
563532.458.370.004.00403.67
563631.800.000.006.00410.51
563731.150.000.006.80410.62
563830.490.000.008.41412.15
563929.840.000.009.01414.78
564029.190.000.0010.51415.71
564128.700.000.0013.21416.13
564228.180.000.009.01415.81
564327.670.000.008.41418.70
564427.400.000.009.71418.72
564527.140.000.007.91419.14
564626.950.000.007.31416.11
564727.1511.750.007.31419.07
564827.2221.170.006.80421.25
564929.60392.75257.145.80395.52
565029.64154.772.914.60419.39
565130.85467.44109.526.20405.19
565232.22646.39180.085.20398.59
565333.43767.79303.234.60396.86
565434.70778.26388.675.80399.30
565534.25312.2826.826.20424.75
565634.40436.57199.226.50410.58
565733.96290.63199.106.80415.54
565832.8679.1417.377.31426.16
565932.515.590.006.80431.10
566031.930.000.005.80437.86
566131.360.000.005.20434.80
566230.780.000.003.60432.87
566330.210.000.003.60435.19
566429.630.000.003.40434.72
566529.120.000.003.60437.75
566628.630.000.003.40438.84
566728.110.000.003.00438.20
566827.820.000.002.80438.42
566927.450.000.003.60432.44
567027.330.000.003.20436.09
567127.7825.030.003.60436.76
567228.54104.380.004.20434.68
567330.08300.4879.993.40418.71
567431.96524.67224.023.20412.77
567532.78512.23104.733.80418.66
567632.96351.9124.372.30427.69
567733.18378.6327.601.90426.23
567834.28675.38299.671.20410.32
567934.60490.23120.611.00416.36
568034.54375.62110.840.60416.26
568134.47372.82516.650.50402.41
568233.56143.74354.550.30413.03
568332.626.170.000.50410.90
568432.160.000.001.10412.46
568531.430.000.001.00414.15
568630.700.000.001.00412.60
568729.960.000.001.10411.06
568829.230.000.001.90407.68
568928.740.000.001.10408.10
569028.220.000.001.40405.77
569127.700.000.001.60405.80
569227.420.000.002.60406.23
569327.140.000.002.30406.01
569426.950.000.002.80403.35
569527.9148.6753.383.40408.24
569628.48107.530.003.00415.38
569728.92147.460.002.60420.75
569829.83285.0114.573.20413.15
569931.27506.2799.682.60408.48
570032.79673.77242.982.50404.30
570132.83396.7044.173.80423.15
570233.98675.43300.412.20406.71
570335.06741.13546.192.80396.32
570435.77682.74783.882.00394.42
570535.71423.28695.532.60399.18
570634.70163.28435.251.70405.77
570733.8610.670.001.70409.09
570833.020.000.002.00414.10
570932.560.000.001.50418.08
571031.900.000.001.40421.04
571131.240.000.002.30422.14
571230.590.000.001.90422.97
571330.080.000.002.60421.40
571429.570.000.002.20420.77
571529.060.000.001.60420.81
571628.810.000.001.60424.45
571728.550.000.001.10427.48
571828.380.000.000.90437.41
571928.9035.200.001.00439.90
572030.09195.61128.350.90427.57
572132.50603.05724.780.90408.79
572233.67604.14335.570.50425.14
572334.19497.9093.020.60441.73
572434.48538.4064.430.20445.99
572534.77499.1063.390.10449.29
572634.26271.085.980.10455.47
572733.18118.400.000.30467.33
572832.77172.472.050.50459.37
572932.0431.780.000.70468.88
573030.9084.3437.681.10445.79
573131.144.130.000.50443.06
573230.740.000.000.60444.10
573330.310.000.001.00441.29
573429.880.000.001.20436.76
573529.450.000.001.50434.65
573628.740.000.000.90430.00
573728.620.000.000.50431.83
573828.220.000.000.10428.01
573927.810.000.000.20426.08
574027.600.000.000.10425.17
574127.400.000.000.10422.85
574227.260.000.000.30420.68
574328.4264.35147.590.50423.55
574429.22152.8927.701.00430.32
574530.31289.5841.751.20424.56
574631.05332.3222.211.70426.14
574731.50337.4936.871.20431.87
574834.271123.48753.172.30394.63
574935.89876.70450.123.20409.33
575036.11530.23114.226.00428.59
575136.96794.56608.076.20406.04
575236.49381.78133.765.50424.53
575334.9766.790.003.20445.60
575433.5312.370.003.60450.12
575532.972.320.002.60449.54
575632.720.000.002.20456.69
575732.280.000.003.20457.51
575831.840.000.003.40455.76
575931.400.000.003.20450.46
576030.960.000.002.60452.36
576130.310.000.002.50458.09
576228.880.000.002.60458.86
576329.390.000.004.00459.36
576429.360.000.004.00457.90
576529.280.000.004.40458.01
576629.100.000.003.60456.87
576729.5721.280.004.20457.51
576830.0885.370.003.00455.31
576931.19233.6715.253.20447.98
577031.90300.3815.182.80449.97
577133.02500.4492.401.50438.44
577234.22549.2369.611.20437.30
577334.86488.0228.281.40450.14
577435.28445.7437.731.20445.01
577535.10282.0110.431.40450.56
577634.65202.034.131.10450.29
577733.56143.541.312.50457.45
577833.2112.130.003.60472.52
577932.602.060.003.40468.98
578031.850.000.002.30463.90
578131.100.000.001.90456.83
578230.350.000.001.30452.18
578329.600.000.001.30444.38
578428.850.000.001.00437.99
578528.050.000.001.30429.07
578627.200.000.001.40423.52
578726.350.000.002.00416.72
578825.900.000.002.30412.07
578925.440.000.001.40412.95
579025.120.000.001.70409.75
579126.2463.93190.832.30409.40
579228.33297.74569.341.40400.23
579330.46538.39729.271.30401.20
579432.45744.89755.361.50395.03
579534.24893.94744.421.70396.15
579636.00974.70717.662.50397.80
579737.29992.07730.852.80395.62
579838.08938.35770.052.30396.87
579938.33804.62763.562.60400.31
580037.93610.89720.302.50404.84
580136.72373.73628.412.00406.78
580234.94141.85438.541.60410.54
580333.716.540.001.70408.14
580432.780.000.002.20412.87
580531.820.000.002.50411.38
580630.860.000.002.80407.15
580729.890.000.003.20404.10
580828.930.000.003.00401.18
580928.240.000.002.30404.01
581027.570.000.002.20405.93
581126.900.000.001.60405.74
581226.570.000.002.00403.20
581326.250.000.001.50402.92
581426.040.000.001.20405.27
581527.1464.26193.670.70406.76
581629.25312.71572.660.60394.34
581731.39565.02829.830.80395.42
581833.24782.59874.930.30389.98
581935.46941.32885.390.30390.50
582037.251025.59869.980.30394.50
582138.571034.75859.170.50398.86
582239.40973.65875.810.70403.53
582339.72836.03866.131.40410.24
582439.42636.67836.921.30415.35
582538.37392.30733.921.70417.60
582636.75145.70488.381.60424.58
582735.475.970.002.60421.22
582834.190.000.002.50423.53
582932.920.000.001.70420.51
583032.130.000.001.60421.95
583131.030.000.001.70420.23
583229.930.000.001.60420.48
583329.270.000.001.60404.07
583428.170.000.002.00401.34
583527.070.000.001.60399.69
583626.420.000.001.80400.67
583725.770.000.002.00404.56
583825.410.000.000.70406.41
583926.3666.25213.570.60409.09
584028.39310.96644.580.20397.82
584130.44559.57808.450.50396.32
584232.35774.72850.990.80391.73
584333.92933.47864.000.70396.57
584435.611019.64854.191.60400.09
584536.811031.04850.271.60402.21
584637.50961.91846.161.30403.60
584737.66824.58836.851.80406.88
584837.18623.91798.412.00412.16
584935.94383.48700.643.90408.97
585034.12140.89462.373.60415.81
585133.095.690.002.30412.08
585232.010.000.002.20411.49
585330.930.000.002.20409.57
585429.850.000.001.00409.24
585528.770.000.001.60408.79
585627.690.000.002.20404.69
585727.070.000.002.00408.00
585826.390.000.000.90406.51
585925.710.000.001.50405.76
586025.340.000.001.50405.31
586125.030.000.000.80405.83
586224.730.000.000.90407.54
586325.9168.25231.151.50413.36
586427.68262.76395.051.00409.11
586529.07397.88238.961.50410.22
586630.68597.89333.121.60402.74
586732.82917.62743.141.60395.14
586834.12897.81538.212.50404.13
586935.50950.03571.141.50410.33
587036.731021.82878.471.20406.63
587137.04785.24641.552.00412.91
587236.98665.06833.741.20408.38
587335.97407.64770.781.80412.66
587434.24149.63503.460.40419.53
587533.207.200.000.70422.19
587632.630.000.000.70424.12
587731.820.000.000.70422.35
587831.000.000.001.50421.61
587930.190.000.000.80420.29
588029.380.000.001.20420.46
588128.880.000.000.80420.13
588228.370.000.001.50415.57
588327.860.000.001.50418.97
588427.610.000.000.90422.30
588527.350.000.000.70423.13
588627.170.000.000.50425.01
588727.8535.400.000.10430.07
588827.7324.120.000.50442.59
588927.8244.380.001.50442.16
589028.95271.7220.833.30429.55
589130.45486.4183.733.30423.38
589232.16710.89299.684.80416.63
589334.141001.55705.113.30404.74
589436.05995.63822.104.80408.82
589536.31545.70213.802.20427.81
589636.81662.70737.322.70412.71
589736.49396.78679.213.10417.57
589835.35145.15407.545.40422.12
589934.566.470.004.80426.81
590033.780.000.004.20431.20
590133.280.000.002.50429.76
590232.660.000.001.50427.37
590332.040.000.001.50426.48
590431.420.000.001.30427.83
590530.840.000.001.50425.60
590630.270.000.001.20424.87
590729.710.000.001.50422.01
590829.430.000.002.50423.03
590929.150.000.002.70421.39
591028.980.000.003.90425.80
591129.9380.79375.293.60427.59
591231.30311.90677.995.60419.02
591332.76567.24718.926.40412.82
591433.45615.76369.537.70421.14
591533.96588.50180.068.00439.73
591634.85746.79262.396.10426.91
591733.50172.495.984.50466.73
591832.9271.540.003.30471.38
591932.2561.290.002.50469.77
592032.04280.4146.951.80447.20
592130.2728.260.001.30464.67
592230.5110.180.001.30463.50
592330.460.410.000.70462.59
592430.430.000.001.00458.09
592530.270.000.001.50456.47
592630.050.000.002.00458.14
592729.800.000.002.50455.94
592829.390.000.002.70449.03
592929.230.000.002.70451.06
593028.960.000.005.00448.71
593128.680.000.005.00447.16
593228.570.000.003.60445.08
593328.460.000.003.60443.78
593428.400.000.003.30442.83
593528.7821.750.004.20444.67
593630.01177.7072.724.50431.40
593731.41369.10187.633.60432.10
593833.37748.57682.224.20404.89
593935.37832.23595.604.20398.03
594036.43739.08252.064.80407.15
594136.42465.0171.524.50424.80
594234.8067.890.005.00442.75
594333.95176.084.565.00438.68
594433.90364.24117.514.20418.03
594533.23151.376.532.90430.21
594632.8144.180.003.30435.92
594732.182.220.003.30431.87
594831.540.000.004.80436.53
594930.900.000.003.30434.73
595030.270.000.004.50430.86
595129.630.000.002.20427.92
595228.990.000.003.10421.26
595328.110.000.003.30420.13
595427.160.000.003.10415.51
595526.200.000.004.50413.56
595625.690.000.004.50408.82
595725.270.000.002.00408.18
595824.860.000.001.50407.36
595925.8763.99201.432.50408.60
596027.64274.15446.522.20399.22
596129.56509.31613.612.50400.25
596231.37708.26624.392.90395.56
596332.93852.83608.705.00400.23
596434.17941.77614.997.10403.31
596535.36959.67637.266.80408.91
596636.02881.26608.825.60408.67
596736.20757.23639.566.10406.15
596835.76570.63624.506.40404.53
596934.58338.51523.725.40406.46
597033.18114.56321.995.40414.48
597132.203.640.003.90415.43
597231.210.000.001.60420.00
597330.230.000.001.60417.57
597429.240.000.000.40413.63
597528.250.000.000.40412.56
597627.270.000.001.00408.77
597726.630.000.001.20406.28
597825.900.000.001.80406.08
597925.260.000.001.60405.81
598024.800.000.002.90405.04
598124.340.000.002.30402.43
598224.000.000.001.50400.80
598325.2066.00204.121.60409.53
598426.91276.41474.292.90403.40
598528.84510.95618.603.60406.41
598630.74730.74678.093.30402.64
598732.34867.83651.643.60406.46
598833.33927.27577.093.30407.75
598934.48951.91616.453.90408.16
599035.13888.65619.202.90409.70
599135.21729.40572.213.30413.93
599234.64545.96553.323.30420.26
599333.40333.51481.433.60420.49
599432.22113.20294.852.20427.37
599531.763.370.002.30428.20
599631.300.000.002.30430.92
599730.840.000.003.10434.59
599830.380.000.004.50438.21
599929.920.000.004.20436.53
600029.460.000.002.50437.09
600129.460.000.002.90443.03
600229.470.000.001.30444.41
600329.480.000.001.80447.66
600429.500.000.002.30447.09
600529.510.000.002.20449.72
600629.510.000.002.90452.76
600730.0628.530.002.90455.60
600829.9321.940.002.70466.03
600930.83196.1311.152.70451.71
601032.65392.9848.453.60445.24
601133.86492.1187.355.00445.72
601234.43344.2723.425.60458.11
601334.99434.0328.194.50454.10
601435.43356.4927.623.10458.33
601534.91180.022.702.50466.85
601634.45250.4818.441.00455.74
601734.35195.7643.281.20451.41
601833.7253.930.001.30459.84
601933.261.600.002.20458.98
602032.920.000.001.80458.35
602131.620.000.003.60455.74
602231.730.000.003.30456.07
602331.120.000.003.10454.88
602429.440.000.004.20451.52
602530.940.000.005.20454.70
602630.430.000.003.90453.74
602729.920.000.002.20452.78
602829.670.000.002.50452.35
602929.410.000.003.10451.83
603029.240.000.003.30451.65
603129.8432.940.002.00452.99
603230.3183.330.001.50456.52
603330.64112.560.001.50459.70
603431.06167.491.591.50459.07
603532.09380.2835.581.00441.58
603633.08478.3357.300.80435.11
603734.17634.96157.540.80430.35
603835.16608.23182.901.30431.55
603935.29365.3750.391.50442.06
604035.52417.73203.101.60428.77
604135.34278.21256.022.30428.48
604234.63112.21216.440.90427.31
604333.502.960.001.30425.64
604432.800.000.002.50427.26
604531.920.000.001.30423.42
604631.040.000.002.50420.59
604730.160.000.002.70420.95
604829.280.000.002.50419.22
604928.410.000.002.70418.73
605027.460.000.002.00417.02
605126.510.000.001.80417.74
605225.990.000.001.80416.93
605325.480.000.002.00414.01
605425.190.000.001.80414.08
605525.9150.5443.081.00414.12
605627.11197.0288.941.50413.42
605728.48370.81167.781.60411.68
605829.76517.09175.863.60403.16
605930.93639.20187.044.50406.10
606032.00752.19301.735.40409.37
606132.76754.23295.105.20406.15
606233.29749.29370.926.80409.38
606333.29660.60413.115.40407.42
606433.21533.29542.506.80406.33
606532.82322.20441.955.00408.55
606631.76108.22202.025.20416.78
606731.042.590.005.90416.69
606830.330.000.005.20421.52
606929.620.000.003.30420.50
607028.910.000.002.50418.44
607128.190.000.002.20415.59
607227.480.000.001.50417.15
607327.170.000.002.30417.89
607426.820.000.003.10421.15
607526.470.000.004.20419.80
607626.280.000.003.10423.05
607726.090.000.002.90422.59
607825.940.000.002.20430.11
607926.5231.150.002.30431.35
608027.70154.2319.261.00425.33
608128.93287.0836.371.30423.27
608230.21422.9190.841.30421.46
608330.55322.1822.861.60429.07
608431.06417.6825.871.60440.41
608531.56462.7835.042.00442.17
608631.62345.7218.214.20448.09
608731.59368.2927.155.20443.07
608831.57273.5746.773.60444.35
608931.70356.61520.343.30407.25
609031.11116.49268.573.10412.19
609130.422.550.003.90411.93
609229.730.000.002.90414.20
609329.040.000.004.20412.06
609428.350.000.003.90404.66
609527.670.000.003.30401.30
609626.980.000.003.90403.37
609726.470.000.003.60405.35
609825.930.000.003.10405.46
609925.390.000.004.50406.15
610025.180.000.004.80407.15
610124.860.000.002.50406.49
610224.630.000.002.30409.36
610325.7565.24172.371.80416.69
610427.53264.27382.112.00412.28
610529.39476.19463.351.30411.61
610631.26688.59573.431.20404.43
610732.77797.49521.022.20408.99
610833.89869.99536.432.20413.09
610935.07896.12537.641.80413.49
611035.69808.75544.462.70416.20
611135.87697.13550.704.20413.58
611235.41511.60449.322.90415.27
611334.18278.12301.153.10420.11
611432.9292.92211.244.20424.51
611532.041.700.003.30419.02
611631.170.000.002.50422.13
611730.290.000.002.90419.44
611829.410.000.002.50412.52
611928.530.000.001.80407.72
612027.660.000.001.20407.58
612126.950.000.000.90405.41
612226.200.000.001.00400.89
612325.450.000.002.00393.81
612425.130.000.003.90390.57
612524.680.000.004.20389.75
612624.370.000.004.20388.63
612725.4086.20384.735.00389.45
612826.89331.84701.172.70380.77
612928.48602.38875.643.90377.79
613029.99835.23972.783.90373.83
613131.291003.67995.724.20377.83
613232.341094.611003.414.80376.79
613333.081102.481004.124.20376.25
613433.281026.85865.384.80378.46
613532.32280.4539.584.50416.24
613630.8748.970.004.80429.24
613729.6328.890.004.20425.34
613828.569.410.003.90425.93
613928.010.160.004.50422.46
614027.470.000.004.20423.85
614126.920.000.003.90423.88
614226.370.000.002.30419.67
614325.830.000.002.70414.69
614425.390.000.002.90408.22
614525.050.000.001.80405.64
614624.670.000.003.90400.49
614724.290.000.003.30395.40
614824.080.000.003.60392.46
614923.870.000.004.20387.49
615023.720.000.004.20385.97
615125.2079.98302.813.30390.46
615227.05310.16606.315.60385.04
615329.04548.03731.805.90387.13
615430.68704.61617.864.80386.80
615532.49946.05772.876.80381.29
615632.82647.93209.755.60405.43
615733.911035.15811.864.80384.45
615834.87975.35921.062.70388.99
615935.24825.53788.873.90393.46
616034.54499.51379.654.80405.17
616133.08137.574.254.20430.59
616231.588.320.002.30445.74
616330.930.210.001.60443.98
616430.290.000.002.90448.61
616529.640.000.001.80448.09
616628.990.000.001.80445.53
616728.340.000.002.00439.93
616827.690.000.001.80438.44
616927.210.000.000.60435.91
617026.670.000.000.90437.34
617126.160.000.001.20432.14
617225.640.000.001.50429.60
617324.980.000.001.20424.22
617425.510.000.001.00426.30
617526.1441.323.590.90428.99
617627.27187.7074.990.60425.65
617728.25306.8976.750.90426.41
617828.99387.4339.600.80427.29
617930.04550.46122.331.00422.67
618030.83608.10138.912.30422.81
618130.94469.1837.312.70437.85
618231.19423.2723.273.90432.28
618330.97312.0015.304.80443.03
618430.23162.310.035.20449.48
618529.6467.360.006.40447.56
618628.958.090.005.90450.48
618728.500.410.003.60447.38
618828.020.000.003.90443.73
618927.510.000.005.00439.04
619027.000.000.007.10433.40
619126.490.000.007.40431.03
619225.980.000.0010.90429.40
619325.560.000.0010.40425.84
619425.170.000.0013.20423.01
619524.660.000.0011.60418.34
619624.370.000.009.60414.63
619724.090.000.009.60410.95
619823.890.000.009.60406.06
619924.9961.17156.768.50407.12
620026.28226.79160.618.90404.52
620127.86430.45311.988.50403.47
620229.62665.95523.328.00392.83
620331.21829.33547.775.90387.31
620432.40877.37520.046.10393.09
620533.05800.44380.896.40401.04
620633.13738.61391.327.10400.88
620733.15610.39324.886.40405.74
620832.82394.67182.767.40410.63
620931.76175.1623.365.20418.95
621030.5752.312.784.80420.14
621129.930.730.002.90417.09
621229.280.000.001.60417.11
621328.630.000.002.00414.58
621427.980.000.001.80411.64
621527.330.000.002.20408.89
621626.680.000.001.80405.30
621726.250.000.002.50405.40
621825.770.000.002.00405.78
621925.400.000.002.30407.95
622025.120.000.003.60407.13
622124.840.000.003.30403.14
622224.640.000.003.60400.37
622325.5551.7967.353.60401.04
622426.43148.7729.355.20409.61
622528.82485.72428.766.40396.08
622630.16522.58211.477.40399.62
622731.25599.53168.108.50402.71
622832.20674.71212.578.50403.30
622933.26822.82444.439.60403.23
623034.27918.50733.519.10394.84
623134.87769.16729.208.50399.33
623234.83559.11618.687.70402.09
623333.90316.74441.937.40409.90
623432.7997.39194.558.00415.15
623532.100.820.007.40413.47
623631.420.000.007.10419.03
623730.730.000.007.40420.17
623830.050.000.005.60421.15
623929.360.000.006.40420.24
624028.670.000.005.60420.03
624128.160.000.003.30416.40
624227.650.000.003.60417.84
624327.140.000.005.00418.08
624426.890.000.006.40421.03
624526.640.000.006.10423.44
624626.470.000.006.10427.98
624727.3149.1149.064.80432.83
624828.27161.3033.635.40433.21
624928.86210.1110.427.10438.97
625029.06186.042.725.90442.73
625130.11458.9942.566.80431.11
625231.19591.63146.996.10426.21
625332.78927.82524.694.20407.11
625433.93952.10792.413.90407.44
625534.72763.98620.934.50414.18
625633.99280.6259.664.50438.01
625733.32174.8434.865.90436.05
625832.3633.360.006.80450.14
625931.850.140.005.90448.02
626031.340.000.005.40450.59
626130.830.000.004.80445.45
626230.320.000.004.20445.72
626329.820.000.003.60445.49
626429.310.000.003.60443.42
626528.070.000.003.30444.27
626627.780.000.003.30440.59
626727.330.000.002.90440.81
626827.220.000.002.30440.36
626927.040.000.003.60437.52
627026.820.000.002.90437.03
627127.3229.250.002.90437.07
627227.82123.410.701.00433.33
627328.87278.5532.911.20432.46
627429.57356.3326.781.00433.09
627530.34453.9241.451.20428.78
627630.90496.9158.501.80428.87
627731.29490.2930.641.80430.87
627831.40391.2337.800.80435.96
627930.98177.762.321.80448.52
628030.0972.920.001.80459.58
628129.7222.870.001.80460.46
628229.036.850.001.20462.36
628328.960.000.000.80456.10
628428.120.000.000.60450.22
628527.470.000.000.70445.09
628626.100.000.000.50439.98
628726.570.000.001.20438.72
628825.710.000.001.20435.18
628925.300.000.000.50432.67
629025.090.000.000.30431.56
629126.760.000.000.20433.41
629226.710.000.000.10435.74
629326.290.000.000.30438.64
629426.610.000.000.30439.06
629526.9026.200.001.00436.50
629627.4089.380.000.70438.56
629727.52191.774.280.40432.87
629829.28310.2719.050.80431.85
629929.61250.302.790.60441.03
630029.99314.859.910.30440.73
630130.35348.6211.640.20441.06
630230.28313.0315.010.10445.06
630330.72343.1525.990.20438.95
630428.93153.350.001.00445.28
630528.1272.550.001.50444.15
630628.306.930.002.20453.60
630728.950.000.001.50455.85
630826.810.000.001.00448.82
630927.940.000.000.80454.00
631026.970.000.000.20447.86
631126.930.000.000.50446.01
631226.660.000.001.20443.27
631325.160.000.002.50433.19
631425.640.000.001.20434.76
631525.470.000.000.90432.67
631625.580.000.001.50431.30
631725.300.000.001.80429.61
631825.300.000.002.90427.60
631925.5433.030.002.70429.17
632026.93167.0540.352.70426.79
632128.43335.55117.872.30425.14
632228.50263.2118.562.30438.58
632328.67178.973.242.50444.00
632429.01321.0514.842.00435.71
632529.22310.754.201.30434.10
632629.40364.1330.762.20433.25
632730.03537.24241.502.20414.16
632829.93279.6238.732.50432.65
632929.48111.930.001.20439.57
633029.0297.39235.870.30415.00
633128.530.000.000.60413.34
633228.010.000.000.40412.19
633327.380.000.000.40416.26
633426.960.000.000.20415.65
633526.440.000.000.00414.06
633625.920.000.000.20412.79
633725.550.000.000.10411.16
633825.230.000.000.40409.83
633924.780.000.001.20407.70
634024.530.000.000.80406.81
634124.290.000.000.60405.92
634224.110.000.000.40405.45
634325.4064.18177.060.50413.99
634426.98248.70323.400.60410.66
634528.89469.27436.590.50410.38
634630.73660.97512.190.70406.24
634732.07728.98357.980.80410.73
634833.27833.19474.291.20410.97
634933.86773.03343.971.00411.58
635034.41740.83363.900.70409.39
635134.43588.99304.570.90414.71
635234.06489.10448.300.70412.79
635333.32297.88489.690.40412.65
635432.1192.53293.250.40416.79
635531.340.000.000.20423.38
635630.570.000.000.00421.89
635729.800.000.000.00419.65
635829.030.000.000.30418.40
635928.270.000.000.40417.73
636027.500.000.000.50416.09
636126.920.000.000.40412.22
636226.300.000.000.90409.04
636325.680.000.001.20411.88
636425.350.000.001.80412.57
636525.100.000.001.80411.53
636624.840.000.001.60411.06
636725.9265.34188.141.00416.29
636827.70267.55412.600.60411.20
636929.66500.77564.530.90407.39
637031.49695.26623.030.70404.14
637133.07834.51595.850.90403.68
637234.29897.37594.321.50408.66
637335.44908.61614.060.70404.00
637436.12852.09603.750.40404.13
637536.29713.09617.480.10404.82
637635.67490.52476.960.20406.49
637734.44288.40471.790.10405.63
637833.0883.04304.340.40410.30
637932.190.000.000.50413.16
638031.290.000.000.60407.60
638130.390.000.000.20409.84
638229.500.000.000.10408.07
638328.600.000.000.10405.49
638427.700.000.000.20399.72
638526.990.000.000.40403.24
638626.140.000.000.20398.83
638725.390.000.000.50398.24
638824.830.000.000.70397.79
638924.280.000.000.70394.63
639023.860.000.000.70392.32
639124.7967.23206.940.80398.21
639226.13277.52446.570.50393.13
639327.68520.75645.660.40391.07
639429.09713.99640.000.50385.87
639530.27851.29603.620.40386.61
639631.09881.66547.000.20388.99
639731.66893.54563.720.60390.78
639831.98858.75613.460.90389.13
639931.96705.32634.960.40395.42
640031.52523.17611.850.60395.52
640130.63297.16531.670.70399.36
640229.4180.55310.851.60404.06
640328.590.000.002.20405.67
640427.770.000.002.50402.06
640526.950.000.002.90402.81
640626.130.000.002.20399.90
640725.410.000.002.90394.85
640824.500.000.003.60393.42
640924.360.000.003.10391.74
641024.300.000.002.50393.22
641124.240.000.003.90393.48
641224.250.000.001.80388.94
641324.250.000.001.00387.67
641424.280.000.001.60385.92
641525.7487.93399.471.50385.71
641627.76336.07716.951.60376.10
641729.89606.87897.772.90376.04
641831.90837.90830.542.50375.30
641932.54647.78261.861.60397.18
642034.091088.67919.672.50380.78
642135.581090.311014.824.80384.61
642236.521007.60754.895.40382.33
642334.1666.970.005.40437.18
642432.6848.850.005.90432.25
642531.73165.10121.758.00410.12
642630.8095.73266.166.40393.04
642730.450.000.004.20398.83
642830.090.000.003.30396.17
642929.730.000.002.20397.67
643029.370.000.001.80395.48
643129.020.000.001.30401.46
643228.660.000.001.00399.35
643327.970.000.000.60398.70
643427.220.000.000.20396.58
643526.470.000.000.70394.64
643626.060.000.001.30394.01
643725.650.000.001.60390.99
643825.360.000.001.30391.91
643926.2352.2544.652.50397.15
644027.37188.5389.242.20399.52
644129.41477.58400.833.90390.56
644230.41480.75153.892.70398.83
644331.20538.45115.022.50403.95
644432.26728.29299.052.30399.81
644533.08762.47329.942.20398.88
644633.51763.79436.592.50397.71
644734.13776.46750.692.20390.74
644833.98511.34552.752.90398.65
644933.26258.29315.934.50403.92
645032.0857.65104.702.50418.05
645131.450.000.003.90423.32
645230.830.000.003.60420.67
645330.200.000.003.30418.88
645429.570.000.003.30414.18
645528.940.000.003.10412.44
645628.310.000.004.20412.66
645727.980.000.003.10408.03
645827.680.000.001.60407.11
645927.390.000.002.20408.91
646027.260.000.002.00411.51
646127.130.000.001.50410.25
646227.050.000.001.60417.24
646327.7651.6641.970.70414.59
646428.64179.8979.930.20414.53
646530.99645.29755.970.20390.42
646632.47731.61587.930.50393.40
646732.58474.4284.560.70430.89
646833.19627.33169.780.70412.73
646933.15440.4665.211.00438.02
647032.2079.310.001.00442.61
647131.53118.350.000.60436.13
647230.8448.600.001.20438.36
647330.2527.330.001.50439.43
647429.7627.480.000.90428.83
647529.330.000.000.70440.85
647628.940.000.001.00438.16
647728.240.000.000.90436.43
647828.100.000.001.00431.08
647927.870.000.000.20428.74
648027.510.000.000.30425.58
648126.990.000.000.70424.91
648226.390.000.000.60420.30
648325.790.000.000.90415.72
648425.470.000.000.80412.84
648525.230.000.000.90410.52
648624.980.000.001.80408.07
648725.7552.1447.722.70412.38
648827.01206.98132.702.30409.10
648929.27538.58574.632.50403.72
649029.98444.42123.262.00410.35
649131.30715.40314.342.00396.94
649231.21376.5841.542.00419.14
649331.67598.99162.553.60407.77
649432.27725.03348.513.90398.35
649532.48593.66322.666.40404.17
649632.06345.84144.695.90410.58
649731.11115.630.005.40426.69
649830.1340.975.105.60420.16
649929.650.000.007.10424.80
650029.170.000.004.20419.69
650128.690.000.005.00418.24
650228.220.000.003.90422.45
650327.740.000.002.90425.58
650427.260.000.002.00428.65
650527.020.000.001.20428.40
650626.790.000.002.20429.39
650726.550.000.001.30429.56
650826.430.000.001.00429.13
650926.310.000.002.00431.60
651026.230.000.002.00433.44
651126.6422.770.001.60432.35
651227.56124.081.150.30426.22
651328.11163.980.160.80429.92
651429.14332.1024.991.00418.90
651529.47251.1811.992.00428.99
651630.62560.58124.852.00417.52
651731.76679.14237.271.30414.85
651831.93381.5638.770.70430.04
651932.39541.07240.382.00412.44
652032.05230.5529.441.50425.62
652131.60166.9854.762.20425.32
652230.8833.940.003.10431.38
652330.490.000.002.50432.81
652430.110.000.003.10433.72
652529.720.000.003.90434.02
652629.340.000.002.70432.21
652728.950.000.002.50427.99
652828.570.000.003.30424.25
652928.180.000.002.50423.65
653027.780.000.003.10420.73
653127.380.000.004.80416.66
653227.180.000.003.90411.16
653326.970.000.003.10407.92
653426.830.000.002.90409.03
653527.4638.410.002.20410.69
653628.22129.984.902.90408.64
653729.66343.78131.563.30396.30
653831.04503.87169.282.70393.00
653931.68448.6540.522.00407.09
654032.27508.4777.922.20408.22
654133.17709.68325.892.70397.45
654233.06467.3748.432.50409.09
654333.30385.4139.931.80411.46
654432.98285.4383.520.90409.94
654532.0735.270.001.20431.01
654631.236.300.000.70435.56
654730.720.000.000.90437.23
654830.200.000.002.00435.30
654929.680.000.002.00432.33
655029.160.000.001.50431.00
655128.650.000.000.70431.74
655228.130.000.000.10426.62
655327.280.000.000.20440.49
655426.770.000.000.90436.99
655526.370.000.001.30434.80
655625.490.000.000.80431.11
655724.480.000.000.60424.22
655825.620.000.000.80428.93
655926.4034.930.000.30432.49
656027.18115.340.000.80435.06
656127.51203.207.001.80432.85
656228.46295.9612.743.51431.75
656328.96262.472.983.51440.11
656429.13256.215.580.80442.67
656530.18520.7883.040.30430.17
656630.87502.9391.700.30433.21
656731.42528.99215.000.90429.35
656831.70456.85395.973.21413.46
656931.53332.01597.361.60417.29
657030.9854.32105.200.80430.80
657130.230.000.000.60430.45
657229.480.000.000.30422.63
657328.700.000.000.20423.39
657427.990.000.000.60426.28
657527.180.000.000.30421.58
657626.470.000.001.50416.54
657725.830.000.002.20417.15
657825.110.000.001.10412.34
657924.430.000.003.51407.80
658024.000.000.003.81404.83
658123.570.000.000.90401.88
658223.270.000.000.30399.69
658324.5867.97218.370.10407.32
658426.60303.30573.180.30398.05
658528.74548.64740.820.20393.69
658630.72753.57788.770.60389.83
658732.42902.06803.681.00389.51
658833.71981.99818.833.21388.65
658934.87964.32770.654.21391.88
659035.49880.34753.445.11392.80
659135.55724.87723.686.01396.77
659234.84516.93665.785.41395.90
659333.39277.94517.243.21398.89
659432.0157.80154.772.40409.29
659531.110.000.000.80413.24
659630.210.000.000.90409.72
659729.310.000.001.00406.96
659828.410.000.000.50402.02
659927.510.000.000.30399.75
660026.610.000.000.90401.61
660125.950.000.000.80399.87
660225.250.000.001.60401.06
660324.600.000.002.60402.90
660424.180.000.001.00402.83
660523.760.000.001.60404.09
660623.470.000.001.10402.18
660724.7767.70191.040.60408.68
660826.46267.50393.710.50405.78
660928.22467.28427.142.20405.19
661029.86641.22460.930.50400.50
661131.43807.37535.672.00402.14
661232.67876.44585.981.50406.56
661333.42880.35598.360.60412.22
661434.10828.53595.691.60409.27
661534.32712.45674.143.51412.14
661633.78496.05614.401.60414.04
661732.82263.29450.351.00419.87
661831.4558.09178.140.60427.48
661930.630.000.002.90427.35
662029.820.000.003.81420.34
662129.000.000.001.00422.40
662228.180.000.000.40416.20
662327.370.000.000.20412.95
662426.550.000.000.40412.08
662525.970.000.001.00412.41
662625.320.000.001.00408.82
662724.730.000.000.90404.57
662824.320.000.001.50402.22
662923.910.000.000.10400.32
663023.600.000.000.60398.84
663124.9166.75223.140.60402.58
663226.78281.85493.801.30397.83
663328.65482.52479.630.30401.35
663430.31645.52465.300.50398.62
663531.76772.74470.552.90400.16
663632.11586.09135.201.60415.88
663732.37598.61145.922.20409.76
663832.77696.03318.073.51399.04
663932.97652.43490.072.20396.34
664032.76606.19798.080.80379.16
664132.34331.70804.671.80386.23
664231.0879.32414.002.40397.53
664330.420.000.000.80404.32
664429.750.000.000.30403.76
664529.090.000.000.20403.10
664628.430.000.000.10400.25
664727.770.000.000.20398.32
664827.110.000.000.20394.28
664926.840.000.002.00396.02
665026.620.000.004.91398.96
665126.390.000.006.01401.89
665226.290.000.005.61404.72
665326.190.000.001.50408.56
665426.140.000.002.40414.87
665526.8535.650.001.00417.47
665626.7723.810.004.21430.10
665726.9654.110.003.51430.15
665827.68181.277.710.60420.59
665929.57560.43154.710.60401.27
666031.81867.11498.960.90390.36
666132.79636.42192.980.80409.79
666233.68725.96362.700.30407.72
666334.83797.43776.591.00400.17
666434.88434.93322.160.90418.50
666533.89153.9654.630.90429.90
666632.9016.940.001.00442.03
666732.320.000.002.40444.94
666831.740.000.001.10440.24
666931.160.000.001.00437.01
667030.580.000.000.30432.70
667130.000.000.000.10427.71
667229.420.000.000.10424.80
667328.680.000.000.30423.09
667427.900.000.000.30420.48
667527.120.000.001.30415.30
667626.710.000.004.61410.78
667726.310.000.000.90410.78
667826.030.000.002.40412.64
667927.1367.02186.951.60413.60
668028.77264.97408.821.50410.75
668130.56490.22534.531.30410.79
668232.29690.10583.413.21405.12
668333.69823.44604.834.91404.10
668435.23906.53592.652.90405.44
668536.24881.42615.173.81406.95
668636.78803.28586.902.90410.41
668736.89677.63611.961.60408.28
668836.27465.89508.720.60408.97
668935.02245.22409.712.00413.39
669033.3851.77114.701.00421.36
669132.690.000.001.50425.40
669231.870.000.000.10421.87
669331.050.000.000.30419.05
669430.230.000.000.20415.50
669529.410.000.000.20413.87
669628.590.000.000.60410.53
669727.920.000.001.00409.80
669827.190.000.001.30405.61
669926.450.000.004.61404.02
670026.050.000.005.41407.06
670125.640.000.003.21407.00
670225.350.000.001.00403.47
670326.3762.61168.121.00411.16
670428.20281.91481.501.10403.27
670529.99492.91549.891.30404.32
670631.46635.22434.861.80402.55
670732.95817.40551.102.40402.14
670833.62744.22326.841.80413.85
670934.47801.40465.432.20412.15
671034.94752.26476.491.60411.37
671134.76553.41282.212.40417.61
671233.89364.74138.824.21418.13
671332.89197.26112.042.90420.17
671431.6645.2445.303.21423.81
671531.230.000.003.51428.70
671630.800.000.001.80426.59
671730.380.000.001.80428.15
671829.950.000.002.20431.28
671929.530.000.000.80433.65
672029.100.000.000.60437.32
672128.840.000.001.50435.83
672226.960.000.000.80437.98
672327.930.000.000.80438.58
672426.880.000.001.60439.92
672528.220.000.003.21447.39
672628.420.000.005.61446.86
672728.9921.460.002.40448.02
672829.7881.700.002.00445.77
672929.00108.420.005.61452.05
673028.85123.900.004.61454.44
673129.93130.390.004.21454.77
673230.71248.135.304.91453.11
673331.57362.0919.353.51449.39
673432.23300.9810.367.21453.05
673532.24253.717.737.21453.25
673632.37156.790.008.61457.12
673732.0787.120.006.01457.81
673831.7418.490.005.41460.01
673931.390.000.005.11458.35
674031.040.000.007.61456.70
674130.690.000.003.51456.24
674230.320.000.001.10453.98
674329.880.000.004.21452.10
674429.500.000.004.91453.11
674527.240.000.002.60449.20
674626.800.000.003.51446.89
674727.700.000.002.40452.79
674827.130.000.001.10449.68
674925.870.000.001.50442.60
675025.700.000.001.60442.05
675127.317.840.000.40452.58
675226.6332.310.000.50447.32
675327.6455.360.000.60453.02
675427.9575.310.000.40450.99
675527.9886.160.001.10451.25
675627.9596.930.003.21450.52
675726.62100.840.002.90446.22
675827.5382.610.003.81449.74
675927.2272.580.002.00447.64
676025.9752.000.001.50442.81
676125.8728.730.004.61442.64
676227.416.220.002.40453.19
676327.440.000.002.90452.97
676427.470.000.002.20451.66
676527.430.000.002.40452.06
676627.320.000.001.60450.95
676727.060.000.001.50447.80
676825.320.000.002.40437.67
676925.370.000.002.20437.63
677026.140.000.002.90442.17
677125.950.000.002.90440.52
677226.990.000.002.90446.38
677326.710.000.002.20444.17
677426.890.000.001.60444.89
677527.9118.710.002.60451.11
677628.6892.480.004.61449.51
677729.27137.770.004.61450.99
677829.59159.640.952.40451.73
677929.60186.820.772.40454.65
678030.33200.502.551.30449.98
678130.46203.522.614.21451.64
678230.66186.320.742.60453.83
678330.84173.541.731.80451.97
678430.85149.470.000.90450.08
678530.5570.390.000.60451.51
678630.0215.030.000.50454.16
678729.580.000.000.00450.68
678829.130.000.000.10447.14
678928.170.000.000.10440.37
679026.690.000.000.30435.51
679126.300.000.000.20433.45
679225.920.000.001.30428.17
679327.410.000.000.50433.39
679426.870.000.000.30432.23
679526.220.000.000.30424.67
679626.010.000.000.80421.72
679725.780.000.000.90425.86
679825.590.000.001.10426.05
679926.2236.860.001.60424.03
680026.4562.340.001.50434.25
680127.15162.360.002.90430.82
680227.91253.007.681.80423.57
680328.94408.9930.561.30420.05
680429.43349.0336.351.00426.73
680530.91773.81365.360.40404.61
680631.62605.82218.260.80413.28
680732.31670.28579.240.50403.70
680832.64558.71770.791.10399.77
680932.32289.59604.590.80403.68
681031.4560.80246.321.30412.13
681131.010.000.001.10412.53
681230.570.000.000.80412.47
681330.130.000.002.20413.08
681429.690.000.005.61416.21
681529.250.000.007.21414.20
681628.810.000.004.91415.07
681728.370.000.006.01422.75
681827.970.000.004.21426.66
681927.870.000.006.61425.18
682027.750.000.004.91427.35
682127.610.000.001.80428.16
682227.470.000.002.90427.48
682328.0334.420.004.21432.56
682427.3342.520.007.21443.61
682528.3186.000.0014.12450.04
682628.2563.590.0010.62453.19
682729.92370.3637.076.01439.29
682831.49597.30156.396.01433.23
682932.15452.6856.322.20444.84
683032.33530.49130.202.20437.86
683130.79312.7939.781.80445.37
683232.97378.89248.921.30434.93
683333.03273.60483.451.10426.93
683432.5737.3632.140.80448.42
683531.810.000.000.60445.90
683631.040.000.000.60440.56
683730.280.000.000.30435.24
683829.520.000.000.60429.95
683928.750.000.000.60424.70
684027.990.000.003.81419.47
684127.150.000.002.20414.24
684226.240.000.001.60409.24
684325.320.000.006.01400.37
684424.900.000.001.80399.34
684524.350.000.000.80398.32
684623.950.000.000.20400.61
684725.0365.58206.650.20405.13
684827.02299.33580.360.50397.99
684929.07542.08710.170.60399.51
685030.50642.89480.250.80403.04
685131.75765.46481.850.80405.36
685233.091010.80859.220.40396.79
685334.12906.91627.830.60402.78
685434.61812.49613.550.40406.94
685534.66692.65699.580.10407.77
685634.13528.43776.740.00408.39
685732.78271.64594.670.00410.08
685831.6155.01211.600.10416.98
685930.890.000.000.00421.10
686030.180.000.000.00418.77
686129.470.000.000.30420.19
686228.750.000.000.30418.70
686328.040.000.000.00419.09
686427.330.000.000.10417.00
686527.020.000.000.20416.27
686626.660.000.000.10416.42
686726.310.000.001.10415.66
686826.120.000.002.00415.21
686925.920.000.002.20418.70
687025.770.000.002.20421.35
687126.6552.7753.112.40424.33
687228.16229.95239.391.60416.03
687330.81603.43738.571.50404.65
687432.53696.24538.111.30408.52
687532.95527.98119.391.80427.20
687633.02535.57100.342.00425.65
687732.99448.2239.040.80430.82
687833.00397.6426.690.30438.42
687932.85403.3189.601.10438.77
688032.25244.1021.661.00444.62
688131.39112.962.520.80448.51
688230.4628.320.000.80445.86
688330.110.000.000.60446.17
688429.760.000.000.10442.18
688529.410.000.000.10436.23
688629.060.000.000.20434.59
688728.700.000.000.00429.79
688828.350.000.000.00428.95
688927.780.000.000.00431.66
689028.040.000.000.00432.93
689127.880.000.000.10432.80
689227.790.000.000.10429.13
689327.700.000.000.50428.29
689427.640.000.001.10428.89
689528.8061.55169.532.60432.58
689630.92286.23485.821.60422.48
689730.54431.68292.462.60426.67
689831.64228.6618.093.81454.18
689931.55398.6428.682.00445.22
690032.62316.4021.051.50454.20
690132.57203.982.192.00461.05
690231.83141.940.001.30462.69
690332.34340.5036.682.40446.11
690432.36272.6570.782.60444.26
690532.27242.71400.901.80429.70
690631.6437.9640.581.80443.09
690731.010.000.000.90438.98
690830.370.000.002.60434.88
690929.740.000.003.21430.80
691029.100.000.002.20426.73
691128.470.000.002.60422.68
691227.830.000.001.10419.47
691327.260.000.002.00417.83
691426.650.000.002.90412.30
691526.040.000.003.51411.10
691625.720.000.002.90407.65
691725.390.000.002.90407.15
691825.160.000.003.21409.57
691926.1758.50125.323.51410.17
692027.68231.10177.545.41407.12
692129.09387.86197.936.61410.32
692231.05670.06534.871.50402.67
692332.65796.13561.371.80405.59
692433.25695.54291.491.50415.73
692533.95702.80293.931.50414.89
692634.47704.14394.390.60414.35
692734.64619.09523.921.60414.00
692834.18435.43467.163.51412.94
692932.91183.22164.6910.62421.80
693031.9437.2525.458.61425.71
693131.170.000.004.21425.51
693230.400.000.003.21421.63
693329.630.000.005.11422.73
693428.860.000.004.21415.48
693528.080.000.004.21415.00
693627.310.000.003.81414.86
693726.730.000.002.20415.83
693826.110.000.001.00415.30
693925.490.000.004.91412.75
694025.170.000.004.21413.54
694124.930.000.001.10411.82
694224.680.000.002.00409.92
694325.7364.21198.712.60416.05
694427.37250.72348.251.10415.44
694529.07447.55388.481.50413.38
694630.61606.49398.322.90408.55
694732.17788.39551.084.61406.98
694833.04803.31493.524.21410.87
694934.13841.12571.963.51408.55
695034.74771.58585.981.60411.64
695134.85629.03561.292.60416.09
695234.16413.25414.103.81419.40
695332.90216.27377.202.40416.28
695431.8740.6372.590.90422.24
695531.040.000.001.00423.90
695630.210.000.001.30423.95
695729.390.000.000.20423.02
695828.560.000.000.00421.37
695927.730.000.000.00423.03
696026.900.000.000.10420.31
696126.230.000.000.50418.81
696225.550.000.001.10414.29
696324.960.000.001.50414.86
696424.580.000.001.10414.87
696524.080.000.000.50415.65
696623.910.000.000.80414.10
696724.2824.550.000.30413.65
696825.27175.5283.050.40403.19
696927.19520.05562.890.90384.06
697028.70684.81608.391.10381.21
697130.26927.54737.620.90376.18
697229.53279.9126.600.90413.43
697330.16628.03240.932.60392.03
697429.51242.1210.862.60411.36
697529.23327.4252.701.80405.21
697628.3237.840.000.50425.37
697727.5419.250.001.10423.26
697826.8813.220.001.60414.92
697926.400.000.007.41425.99
698025.670.000.002.90423.66
698125.560.000.003.21418.55
698225.180.000.002.00415.12
698324.730.000.001.30411.25
698424.420.000.001.10408.22
698524.050.000.001.00408.13
698623.620.000.000.50404.58
698723.180.000.000.30403.78
698822.950.000.000.40403.38
698922.710.000.000.20403.36
699022.550.000.000.10399.98
699123.5049.6442.470.50399.61
699224.82185.0896.711.30398.91
699325.11184.565.341.60411.27
699427.02571.40288.823.51399.15
699526.99245.5811.242.60411.69
699627.80527.71116.704.21397.10
699729.40929.87693.582.60380.05
699830.53899.63774.282.00377.54
699930.55473.10194.832.90398.07
700030.47435.49449.233.81391.34
700129.72189.65231.193.81398.85
700228.6825.200.004.91408.10
700328.070.000.003.51410.95
700427.470.000.001.80411.63
700526.870.000.000.50411.80
700626.260.000.000.10412.28
700725.660.000.000.00407.76
700825.050.000.000.00409.33
700924.580.000.001.10412.80
701023.930.000.000.60409.72
701123.440.000.001.30407.68
701223.200.000.002.20406.95
701322.830.000.001.10405.60
701422.230.000.000.20406.25
701521.8915.050.000.10411.15
701623.0050.660.000.30414.74
701723.92161.360.000.10411.26
701824.86259.2911.320.10410.48
701926.41554.83154.691.30402.11
702027.38521.9596.400.20412.05
702128.23593.77197.070.30412.77
702227.81133.230.000.50427.00
702328.08433.42145.482.60399.89
702428.38481.28563.452.90386.25
702527.96178.04188.751.60401.97
702627.2123.990.000.60411.75
702726.730.000.000.00411.63
702826.250.000.000.00412.38
702925.740.000.000.00413.18
703025.250.000.000.00412.02
703124.900.000.000.30412.87
703224.370.000.002.00408.96
703323.980.000.000.80406.80
703423.520.000.002.40404.02
703523.060.000.003.51400.53
703622.800.000.002.60398.36
703722.540.000.001.80399.53
703822.340.000.002.40397.89
703923.1746.3545.391.30403.36
704024.03143.1314.341.30404.54
704125.00255.7221.081.60405.18
704226.09433.90108.621.30398.82
704326.84453.0749.531.60403.81
704427.88644.38232.752.90399.83
704528.76708.61295.714.61397.52
704629.27644.88316.055.61398.01
704729.40517.31220.729.42401.92
704829.13356.93216.107.61408.14
704928.55226.62355.856.61403.99
705027.6040.5886.413.51411.59
705127.270.000.004.21415.09
705226.930.000.005.41415.48
705326.600.000.005.41416.95
705426.260.000.003.81413.22
705525.930.000.004.21412.55
705625.590.000.003.21410.06
705725.160.000.003.51413.78
705825.510.000.002.00416.87
705925.530.000.001.50419.43
706025.550.000.002.00423.21
706125.560.000.002.60426.31
706223.580.000.002.60418.27
706324.8125.650.002.60427.51
706425.03114.760.001.00423.75
706527.42184.252.810.90430.40
706627.86226.588.700.10434.49
706729.16447.1947.530.10425.39
706829.82452.3029.150.20431.00
706930.21409.2721.900.20435.87
707029.90380.2728.480.10437.18
707129.84168.371.260.40449.01
707228.8466.170.000.50449.09
707328.6316.040.000.60454.18
707428.728.080.000.50448.58
707528.330.000.000.50445.51
707627.850.000.000.40442.14
707727.410.000.000.20441.75
707827.270.000.000.10435.58
707926.650.000.001.30433.67
708026.550.000.000.60426.83
708126.080.000.000.20425.48
708225.530.000.000.80418.49
708325.080.000.001.80415.29
708424.760.000.001.50411.19
708524.450.000.000.20407.12
708624.230.000.000.20403.67
708725.3169.24210.300.30408.14
708826.85261.72437.790.80409.09
708928.67508.44633.982.60408.91
709030.45722.90766.662.20405.51
709131.87837.68668.862.00410.53
709232.66777.90470.142.40421.98
709332.81602.90168.752.60430.71
709432.86699.07396.744.21417.60
709532.33308.3544.356.61438.66
709631.52244.7827.3911.92431.43
709730.4996.040.004.21436.16
709829.4725.520.005.41430.24
709928.930.000.003.51431.17
710028.390.000.003.81427.43
710127.850.000.002.20424.51
710227.310.000.009.42423.93
710326.770.000.004.21420.21
710426.220.000.004.21418.86
710525.760.000.002.00418.19
710625.290.000.000.60413.10
710724.900.000.001.50411.07
710824.630.000.000.40407.92
710924.360.000.000.80407.31
711024.170.000.000.60405.42
711124.8634.600.000.60409.00
711225.3497.190.000.10409.89
711327.50417.85284.791.10392.13
711428.60422.05100.462.00398.45
711529.99624.34257.480.40394.26
711630.84596.78157.722.20399.87
711731.63670.25259.694.61395.16
711832.50790.78588.433.51387.13
711932.73577.43418.640.60394.18
712032.56420.04477.131.80395.49
712131.89236.26422.681.30391.65
712230.7932.4325.771.50409.11
712330.040.000.002.40411.16
712429.290.000.003.21407.76
712528.540.000.001.30404.20
712627.790.000.000.60400.23
712727.030.000.000.30401.06
712826.280.000.000.50402.03
712925.600.000.000.10400.03
713024.950.000.000.60399.43
713124.130.000.000.60402.41
713223.680.000.000.20400.50
713323.230.000.000.20397.69
713422.910.000.000.80399.14
713523.8956.55156.660.60402.51
713625.49253.08419.740.20394.76
713727.10453.90441.740.20393.99
713828.65640.57546.840.30390.32
713930.03780.58597.692.00383.90
714031.09836.61570.482.60386.38
714131.81830.81577.032.40385.71
714232.12732.41524.952.20390.90
714332.09589.79481.291.30393.72
714431.55406.73452.641.60393.61
714530.55199.65356.880.20395.49
714629.3130.8815.652.60392.56
714728.560.000.001.50395.36
714827.810.000.002.40390.41
714927.060.000.004.61388.78
715026.310.000.001.80390.10
715125.560.000.001.80387.75
715224.900.000.001.00387.14
715324.420.000.002.90384.67
715423.870.000.002.20382.90
715523.320.000.004.21380.60
715623.010.000.005.41380.85
715722.700.000.002.90379.11
715822.470.000.000.80373.03
715923.4657.18154.890.60379.76
716024.62190.52123.351.00388.13
716126.03398.23263.870.60384.29
716227.61609.29430.930.50381.65
716328.90718.88445.830.40379.86
716430.31924.40733.060.30376.18
716531.01801.05510.440.20382.89
716631.38735.59536.580.90384.84
716731.32560.35390.930.20386.17
716830.69352.28179.501.50394.12
716929.70178.28143.881.80399.11
717028.5229.285.280.90398.50
717128.060.000.000.90403.33
717227.590.000.000.60403.03
717327.130.000.000.60406.07
717426.660.000.001.30409.20
717526.190.000.000.30412.30
717625.730.000.000.60413.98
717725.570.000.000.20406.24
717825.440.000.000.20410.11
717925.310.000.000.10410.18
718025.270.000.000.30413.73
718125.220.000.000.40412.45
718225.210.000.000.20417.33
718325.9748.1268.041.30420.18
718427.75280.03453.683.81404.24
718529.17438.09374.301.50407.59
718629.99464.14152.922.20412.68
718731.11667.20317.991.30410.84
718831.65579.43145.050.20423.26
718931.73455.3470.331.60442.15
719030.57164.012.611.50455.99
719129.8252.750.001.10458.22
719229.53154.550.001.60439.95
719328.9895.000.003.21435.19
719428.5217.730.002.00432.26
719528.200.000.001.30433.16
719627.920.000.001.00434.19
719727.580.000.001.30425.74
719827.240.000.001.10425.71
719926.830.000.001.10424.30
720025.700.000.004.21425.43
720126.230.000.006.01427.86
720225.680.000.004.21423.06
720325.240.000.002.00420.91
720425.060.000.001.10418.37
720524.790.000.000.40416.30
720624.630.000.002.90415.92
720725.1843.7339.323.51418.69
720826.55237.78325.952.00406.52
720928.03454.18428.291.10401.42
721029.77737.11719.680.20389.51
721130.33570.00206.330.60409.81
721230.42451.9839.093.21420.68
721330.54476.3649.942.60415.04
721430.01255.636.692.90423.78
721529.20104.990.000.50433.14
721628.4982.190.000.50433.48
721727.95112.5023.921.50425.36
721827.2924.830.000.10421.77
721926.830.000.000.10422.72
722026.730.000.000.60419.27
722125.970.000.000.20418.38
722226.110.000.000.10417.81
722325.880.000.000.20415.53
722425.680.000.000.90414.78
722524.810.000.000.60416.35
722623.920.000.000.30417.39
722723.120.000.000.90413.35
722824.820.000.000.80417.08
722925.000.000.000.50419.89
723024.880.000.001.30416.85
723125.1226.680.000.90418.00
723225.3421.920.000.80426.82
723325.90116.510.000.60422.34
723427.21341.7036.320.40416.18
723527.83334.3015.480.40424.12
723628.25408.3723.791.30426.95
723728.48489.3978.661.30423.15
723829.27417.4936.970.20430.23
723929.65320.4625.841.80435.04
724029.39205.3917.531.80436.77
724129.1155.990.003.51443.37
724228.4314.510.001.30437.93
724328.130.000.002.00434.87
724427.640.000.000.60430.66
724527.200.000.001.50430.11
724626.620.000.001.30423.08
724726.210.000.002.00422.14
724825.760.000.000.90416.70
724925.260.000.000.60419.21
725024.730.000.000.80415.86
725124.070.000.001.10411.51
725223.710.000.001.60405.87
725323.350.000.000.60399.95
725423.090.000.000.20398.16
725523.9848.7659.660.60405.29
725625.35210.54162.063.51404.36
725727.02424.03379.816.01401.63
725828.48571.69368.216.61400.26
725929.46608.67250.516.61408.41
726030.34691.78290.073.21408.62
726131.27815.45533.596.61401.10
726231.70702.80484.748.01404.36
726331.77573.52470.229.42408.62
726431.28372.09319.778.01415.76
726530.26149.50114.928.01426.99
726629.0820.550.008.61423.81
726728.770.000.006.61428.96
726828.450.000.003.51429.58
726928.140.000.003.21428.45
727027.820.000.001.30424.27
727127.510.000.001.10423.18
727227.190.000.001.30416.95
727327.150.000.000.90406.43
727427.130.000.000.60405.74
727527.120.000.001.50417.42
727627.120.000.005.11418.28
727727.120.000.002.60418.48
727827.130.000.002.60420.16
727928.4065.84207.712.90422.91
728030.48283.72473.833.21419.66
728131.09267.6960.761.00442.28
728231.74362.6647.820.50443.12
728333.03606.92273.831.10432.61
728433.45431.9357.970.80447.82
728532.99251.5625.981.80458.32
728634.85841.88670.971.30414.03
728735.20508.75263.651.10432.14
728834.39208.8229.071.00453.66
728933.52137.1280.150.20448.02
729032.7410.210.000.80439.17
729132.110.000.001.10439.39
729231.480.000.000.20437.39
729330.850.000.000.30436.12
729430.190.000.000.10439.09
729529.600.000.000.00440.79
729628.970.000.000.10439.85
729728.590.000.000.00440.30
729827.800.000.000.00437.16
729927.000.000.000.10431.45
730026.570.000.000.10428.71
730126.110.000.000.00424.69
730225.690.000.000.00424.97
730326.2328.060.000.00425.58
730426.5965.660.000.10430.40
730527.40195.035.380.10424.02
730628.10256.619.000.70427.13
730729.05398.0029.510.50413.07
730829.75440.9832.531.00427.97
730930.64581.72163.790.20407.58
731031.06486.25117.210.30410.17
731131.19397.04112.710.10411.16
731231.39455.50573.830.10396.25
731331.00214.80358.830.00399.89
731430.1932.7051.790.10399.38
731529.740.000.000.30402.77
731629.290.000.000.20406.40
731728.840.000.000.10405.41
731828.390.000.000.00406.11
731927.930.000.000.80409.02
732027.480.000.000.90411.85
732125.400.000.000.40419.55
732226.170.000.000.00417.89
732325.470.000.000.10420.60
732426.230.000.000.30422.74
732524.790.000.000.30419.18
732624.730.000.000.00420.62
732726.5718.400.000.00430.38
732828.00105.530.000.20432.35
732928.69164.971.500.20433.82
733029.00152.090.000.30440.82
733129.58253.162.741.00439.39
733230.04289.143.491.00441.10
733330.20211.361.571.69446.93
733430.18192.081.310.90446.98
733530.33223.975.930.60442.66
733629.64188.798.060.60439.22
733729.78113.3015.130.70438.68
733829.3914.060.000.70435.83
733929.050.000.000.30429.70
734026.640.000.000.10421.12
734127.910.000.001.09421.78
734227.300.000.001.09421.15
734326.690.000.000.40416.98
734425.240.000.000.90410.82
734525.650.000.000.80410.62
734624.850.000.002.29408.45
734723.920.000.001.39404.69
734823.410.000.003.68400.51
734922.910.000.002.29399.08
735022.560.000.000.90396.56
735123.4748.6560.021.00400.01
735224.75183.53103.700.30399.62
735326.30387.17291.700.80397.16
735427.85562.95366.280.70402.42
735529.04638.70302.970.60393.61
735630.25784.15504.040.60391.36
735731.12792.72529.201.39393.60
735831.52691.55477.802.29396.22
735931.60582.88519.644.58394.89
736031.01346.22263.906.67400.65
736129.92135.9484.425.67412.61
736228.7124.750.007.66410.49
736328.230.000.003.38415.38
736427.740.000.002.29415.87
736527.250.000.001.99412.97
736626.760.000.001.99410.81
736726.270.000.003.38408.44
736825.780.000.001.00407.74
736925.590.000.000.30410.75
737025.430.000.000.90408.63
737125.370.000.002.69407.87
737225.290.000.002.69409.91
737325.220.000.002.89406.16
737425.180.000.002.49411.58
737525.8034.820.002.29413.13
737626.2376.840.002.49422.56
737727.53253.6935.531.29415.35
737828.75367.8553.801.09415.92
737930.70679.58357.333.18402.59
738032.82933.22766.755.67394.81
738133.39664.67287.256.27408.54
738233.81554.63211.814.98415.86
738334.30610.40563.065.67406.35
738433.31151.280.004.98440.38
738532.49149.99149.332.49427.15
738631.428.450.000.70424.10
738731.030.000.000.70429.27
738830.640.000.001.00427.08
738930.250.000.001.99424.87
739029.860.000.000.80425.72
739129.470.000.001.99428.47
739229.080.000.001.09431.71
739328.440.000.000.70433.83
739426.370.000.000.90432.01
739527.310.000.001.69433.65
739627.140.000.000.80437.45
739726.950.000.001.00439.00
739826.710.000.001.39437.66
739926.2020.160.000.80436.79
740026.5199.120.001.09434.58
740127.92183.353.562.89440.91
740228.70287.0214.042.89442.01
740329.50330.9318.471.39443.90
740429.95358.5119.314.58444.50
740530.18344.6617.643.98445.69
740630.35294.0111.221.59447.63
740730.06201.611.991.69449.53
740829.5581.550.000.30457.48
740928.7416.640.000.40461.88
741026.825.650.002.29449.10
741127.750.000.003.68452.75
741227.900.000.002.89452.17
741327.160.000.003.68447.37
741427.180.000.002.49446.38
741526.770.000.001.99442.61
741626.360.000.001.29438.86
741726.020.000.001.99434.51
741825.610.000.000.30430.79
741925.270.000.000.10427.58
742025.180.000.000.70425.92
742125.010.000.000.20424.82
742224.740.000.001.59420.96
742325.1430.730.001.69423.48
742426.94184.53139.820.30421.17
742527.64300.5096.950.70426.90
742628.73277.7017.090.80434.03
742729.12287.8910.010.40435.62
742829.33286.659.160.40437.61
742929.56319.5412.440.30427.81
743029.82352.7243.481.00425.07
743130.39520.93310.631.69407.66
743230.78488.83753.713.38396.20
743330.51231.12549.621.39404.43
743429.6934.1266.810.60407.95
743529.280.000.000.50411.06
743628.870.000.000.40409.11
743728.460.000.000.90414.66
743828.060.000.001.99414.32
743927.650.000.003.18415.85
744027.240.000.004.28414.58
744127.010.000.003.18414.55
744226.770.000.002.89420.83
744326.480.000.006.67422.26
744426.460.000.003.68425.67
744526.260.000.003.38426.46
744626.280.000.001.99428.59
744726.8128.500.001.39435.09
744828.16193.63173.311.00423.56
744929.55364.43210.830.60415.36
745029.73325.1133.521.59435.10
745130.76475.61104.191.39431.40
745231.69559.31144.651.00418.57
745331.63328.9715.461.99446.87
745431.28249.796.381.00449.69
745530.7699.750.001.09455.71
745629.9035.300.001.39460.17
745729.0164.360.001.00448.41
745828.817.100.001.39448.69
745928.830.000.002.89444.58
746028.570.000.003.38445.24
746128.260.000.002.89439.29
746227.570.000.005.67440.89
746325.810.000.003.98434.45
746426.580.000.001.99438.97
746527.170.000.001.39441.59
746626.640.000.002.49437.41
746726.550.000.001.59436.05
746826.420.000.003.38436.79
746926.270.000.001.29436.41
747026.300.000.001.00436.72
747126.6918.470.002.69439.32
747227.1053.280.001.29442.35
747327.1836.540.000.10444.58
747427.3151.420.000.40446.64
747528.35308.0625.300.00433.72
747629.66481.2787.360.10420.74
747731.24725.18372.641.09405.82
747832.68825.49786.801.39398.83
747933.34596.33531.703.18406.42
748033.00221.5746.893.98426.02
748132.2866.170.001.09430.27
748231.5719.860.001.69426.77
748330.890.000.002.89429.78
748430.200.000.003.68425.70
748529.520.000.002.49424.60
748628.830.000.002.69422.62
748728.140.000.003.18419.90
748827.460.000.001.59413.02
748926.500.000.001.29409.80
749025.460.000.000.90404.54
749124.420.000.000.30401.99
749223.800.000.000.20396.24
749323.190.000.000.20392.93
749422.750.000.000.40388.31
749523.8156.78222.210.50390.83
749625.68263.22558.352.69388.97
749727.24429.27459.622.89392.26
749828.61565.31389.245.37390.28
749930.15769.13594.765.37387.27
750031.18781.53527.235.97393.76
750131.99813.61605.524.98391.24
750232.27684.33496.301.09397.89
750332.27581.13552.101.99393.60
750431.84435.38692.684.58391.20
750530.84212.64505.653.38399.29
750629.5330.5848.451.39397.13
750728.670.000.002.49399.66
750827.810.000.000.80397.31
750926.950.000.000.40394.42
751026.100.000.000.40390.73
751125.330.000.000.20392.20
751224.380.000.000.60390.19
751323.840.000.001.59388.65
751423.210.000.002.69385.99
751522.580.000.002.29383.75
751622.220.000.001.09382.07
751721.860.000.001.09380.27
751821.590.000.001.69383.56
751922.5752.19165.551.29384.05
752024.29229.76326.811.99382.90
752123.8791.830.001.69411.45
752226.96802.26654.262.69362.51
752327.62496.27140.952.49394.30
752427.70383.3324.731.09404.63
752527.32228.4821.301.00414.57
752628.48864.77706.862.89372.24
752729.15759.451013.001.59369.03
752829.23520.13942.412.49372.25
752928.60248.98725.711.59379.64
753027.5035.1785.380.80377.09
753126.950.000.000.30382.66
753226.390.000.000.20384.15
753325.830.000.000.00386.96
753425.380.000.000.00389.44
753524.760.000.000.10389.99
753624.140.000.000.50385.02
753723.740.000.001.09392.59
753823.720.000.001.99398.46
753923.490.000.002.29396.52
754023.390.000.001.99402.19
754123.270.000.000.80408.19
754223.190.000.001.09411.00
754323.4316.830.001.29408.93
754423.9459.480.000.80414.11
754523.59133.060.001.29416.29
754624.72225.045.391.09411.57
754725.66245.272.021.99418.57
754826.24282.333.371.00417.44
754926.34211.854.522.29422.34
755025.95289.0511.652.29416.97
755126.62251.3710.511.99420.35
755226.70155.870.621.29420.50
755326.3872.840.000.40421.29
755425.5915.370.000.80420.70
755523.780.000.000.70416.72
755625.070.000.000.60419.37
755725.370.000.001.29418.48
755824.920.000.000.80420.00
755923.170.000.002.89415.60
756023.560.000.007.07416.41
756124.180.000.004.58419.52
756223.950.000.003.68417.46
756324.180.000.001.59419.86
756424.730.000.001.99424.95
756524.720.000.002.69428.05
756624.250.000.001.59426.47
756724.793.920.001.69424.98
756825.0319.510.004.28429.73
756925.0840.440.003.18434.14
757025.3361.800.002.49431.81
757125.5175.150.000.50434.86
757225.7884.600.000.50432.89
757325.0189.400.001.59436.01
757427.53573.35289.591.39404.99
757528.35454.28182.463.38410.92
757628.74309.50144.243.98415.81
757728.60143.08109.972.29420.69
757827.8719.790.002.29420.76
757926.100.000.001.99416.31
758027.300.000.005.17419.36
758125.920.000.003.38415.12
758226.870.000.003.68415.36
758324.650.000.003.18412.19
758424.330.000.004.28409.16
758525.860.000.001.29415.74
758625.480.000.003.68414.47
758724.380.000.003.68408.75
758823.370.000.003.98411.75
758924.270.000.001.69407.98
759023.970.000.001.09413.16
759124.6421.030.000.80414.10
759225.39103.120.000.80411.91
759325.2535.470.000.50425.27
759425.2950.550.001.39425.24
759525.38109.270.002.69422.40
759627.11570.66295.371.69404.86
759727.02246.9624.612.69427.81
759828.40654.94387.062.89403.59
759929.52658.40753.963.68384.59
760029.85442.04675.363.38387.30
760129.59205.00447.932.29397.75
760228.8828.8135.463.18401.23
760328.470.000.001.99403.75
760428.070.000.000.90401.58
760527.660.000.000.70400.22
760627.260.000.000.10402.29
760726.850.000.000.30405.46
760826.450.000.000.20405.60
760926.070.000.000.30408.16
761025.700.000.000.00407.68
761125.430.000.000.20408.13
761225.230.000.000.10409.99
761325.020.000.000.60411.91
761424.890.000.000.50417.48
761524.8931.530.000.80418.64
761626.04108.602.371.00427.31
761725.8433.740.001.99441.71
761827.20353.7486.481.99417.84
761927.83363.9323.311.39422.27
762028.49387.4427.150.60424.59
762129.10411.8434.670.70426.61
762229.71498.96157.100.60421.97
762329.73323.3546.040.30429.97
762429.43167.637.211.09435.99
762528.4316.600.000.80449.37
762627.915.020.001.59444.78
762727.500.000.000.70442.41
762825.710.000.001.99436.91
762926.070.000.001.99431.60
763026.270.000.001.99425.96
763125.770.000.001.39421.96
763225.410.000.003.18420.73
763325.030.000.001.99421.81
763424.460.000.000.80418.67
763523.880.000.002.29414.27
763623.570.000.001.99414.65
763723.260.000.003.18410.78
763823.040.000.004.28408.58
763923.6328.780.001.09407.19
764025.26181.90190.870.40397.46
764127.62480.82604.510.40393.80
764228.96508.11274.340.30411.67
764330.20623.89323.791.59399.46
764430.97608.57224.261.99397.32
764531.23512.83117.391.09403.71
764631.43520.76188.432.69402.53
764731.27401.68141.511.39408.31
764831.26438.01587.532.29391.71
764930.51202.54430.541.39395.03
765029.3928.0529.390.90394.29
765128.640.000.001.29397.89
765227.890.000.001.00398.17
765327.140.000.001.29397.40
765426.380.000.000.60394.21
765525.630.000.000.50390.48
765624.930.000.000.30393.15
765724.340.000.000.20390.66
765823.680.000.001.00391.23
765923.020.000.000.20391.53
766022.660.000.000.30395.80
766122.300.000.000.10395.33
766222.040.000.000.20395.68
766322.7938.8653.212.29401.20
766424.44202.64320.310.90398.49
766526.19408.42437.751.99399.12
766628.04619.78613.762.49388.97
766729.63754.57605.272.89387.43
766830.56716.20405.184.98393.50
766931.13689.90360.454.58397.27
767031.45650.36416.752.29394.87
767131.38503.88355.212.49400.72
767230.74326.45194.072.29400.37
767329.68147.05125.241.59404.97
767428.4520.810.003.38402.48
767528.080.000.001.00407.52
767627.710.000.001.29410.00
767727.340.000.001.69411.26
767826.960.000.003.68412.66
767926.590.000.003.68413.45
768026.220.000.004.98414.57
768126.050.000.003.68419.43
768225.760.000.001.59424.02
768325.780.000.002.29422.72
768425.350.000.001.99425.80
768524.050.000.003.68422.51
768623.830.000.001.99424.40
768724.0610.800.001.29427.43
768824.8940.080.001.29431.67
768924.88103.440.001.99429.51
769025.36146.640.001.69430.62
769127.33173.330.581.69433.88
769226.98221.371.642.49434.09
769327.73237.271.251.39432.76
769428.74207.800.830.30436.27
769528.81168.320.190.00437.20
769628.6298.490.000.10438.89
769726.4047.240.000.40433.22
769826.077.760.000.40431.87
769927.360.000.000.20434.36
770027.320.000.000.40429.73
770126.880.000.000.40426.13
770225.960.000.000.00423.18
770326.060.000.000.40425.11
770424.910.000.000.40419.99
770525.400.000.000.10423.53
770624.930.000.000.20422.41
770724.360.000.000.00418.99
770824.060.000.000.40415.30
770923.770.000.001.29413.57
771023.570.000.000.50411.79
771124.0728.260.000.80414.12
771224.74102.720.002.29416.26
771326.72433.80478.774.28397.99
771428.29571.84446.291.39402.31
771529.24575.18258.321.29406.86
771630.24709.87383.311.00400.45
771730.41481.55102.791.00413.23
771830.08324.5720.981.09419.75
771929.76324.6848.851.69428.53
772029.08134.530.002.29424.37
772128.1921.990.002.29434.19
772227.392.200.001.39437.53
772327.020.000.000.80438.09
772426.620.000.001.00438.32
772526.280.000.002.29439.25
772625.910.000.003.18436.47
772725.540.000.001.59432.52
772825.250.000.001.39429.78
772924.830.000.000.70423.47
773024.490.000.000.70422.31
773124.190.000.000.70421.43
773223.960.000.000.50418.82
773323.690.000.000.30420.42
773423.840.000.000.10420.87
773524.1112.230.000.40422.70
773625.19115.5912.611.29411.35
773725.84178.135.691.99413.59
773825.7068.230.001.99427.59
773925.98164.801.971.09415.97
774027.12478.4589.720.50410.18
774127.92469.2993.630.20415.42
774229.45850.00696.090.80378.08
774329.81456.11253.920.60388.12
774429.48209.2140.420.60415.48
774528.6817.790.000.90447.01
774627.844.560.001.39440.58
774727.350.000.001.00439.99
774826.670.000.003.68434.62
774925.610.000.003.38430.10
775026.130.000.003.98429.08
775126.080.000.003.68426.20
775225.660.000.003.18424.70
775325.430.000.000.90423.28
775424.900.000.002.89420.40
775524.390.000.004.28419.88
775624.110.000.002.69418.85
775723.830.000.001.00417.40
775823.640.000.001.00415.16
775924.0723.550.000.60416.80
776025.39164.17134.040.60412.34
776126.86371.36311.200.20406.22
776227.98464.78220.230.40409.44
776328.16408.3948.251.99423.94
776428.80433.9944.660.60423.12
776529.07418.0539.100.10425.68
776628.02234.899.211.99433.28
776728.57321.0447.380.60426.26
776828.34218.9651.670.90426.61
776927.7017.850.000.90441.35
777027.076.860.000.50439.61
777126.510.000.000.80437.47
777225.930.000.000.80434.76
777325.470.000.000.60432.31
777424.980.000.001.39427.47
777524.490.000.001.39423.70
777623.920.000.000.30418.37
777723.450.000.000.20413.74
777822.920.000.000.60408.76
777922.390.000.001.69403.81
778022.100.000.004.98400.33
778121.800.000.002.89396.86
778221.580.000.003.18393.89
778322.2335.0837.661.99396.17
778423.98215.07402.240.70389.22
778526.00460.01632.370.80384.20
778627.33541.00377.022.29386.67
778728.63684.75515.044.98387.19
778829.52696.70385.412.29393.26
778930.27749.13534.731.69391.26
779030.53623.73374.534.98398.21
779130.50511.93381.063.18397.99
779229.98351.70369.147.07399.70
779328.97148.48165.078.86406.16
779427.7819.860.0011.84402.68
779527.230.000.008.26408.81
779626.670.000.008.26412.15
779726.110.000.008.26414.24
779825.550.000.0010.45412.53
779925.060.000.007.66411.91
780024.440.000.004.58407.02
780124.120.000.009.75407.82
780223.790.000.0013.93406.11
780322.870.000.005.97406.52
780422.090.000.005.37405.13
780521.320.000.002.89401.49
780623.180.000.001.09408.78
780723.1418.090.003.68410.35
780824.0597.920.003.98409.30
780925.43303.55141.164.58397.68
781026.90525.37362.042.49397.10
781127.98607.41296.253.98404.23
781227.63237.8410.244.98428.49
781327.13139.460.002.49431.69
781426.3974.470.003.38437.99
781525.8766.920.003.38435.90
781625.54186.7721.022.29420.93
781725.53120.4765.253.18419.33
781824.5817.490.001.69412.56
781925.260.000.003.18411.06
782025.080.000.001.29412.31
782125.000.000.001.69412.54
782224.790.000.004.58409.93
782324.550.000.002.49407.01
782424.370.000.001.99406.08
782523.990.000.001.39402.91
782623.620.000.001.99399.81
782723.250.000.002.69396.73
782823.070.000.001.29394.80
782922.890.000.002.69392.88
783022.770.000.001.99391.35
783123.6444.77156.711.29395.73
783225.28214.70365.430.50398.11
783325.54192.0017.510.70420.14
783425.75219.4011.650.30424.60
783527.30580.47498.360.00399.18
783626.7890.520.000.30434.43
783727.92651.31268.220.10399.30
783828.85710.87533.810.40390.95
783928.93376.56128.140.60409.75
784027.7133.750.000.10444.26
784127.2015.810.000.30442.18
784226.362.220.000.30440.82
784326.140.000.000.70436.07
784425.600.000.001.69432.23
784524.750.000.002.29425.08
784624.920.000.000.80417.00
784724.530.000.001.69414.55
784824.070.000.001.29409.63
784923.620.000.001.29408.83
785023.020.000.001.00402.59
785122.420.000.001.99396.60
785222.070.000.005.67392.09
785321.720.000.005.37387.60
785421.450.000.001.99383.65
785522.0336.0958.182.69384.73
785623.65218.74499.482.89388.21
785725.47434.12636.494.98392.20
785826.97627.68708.435.97380.44
785928.37769.79764.253.98379.10
786029.49844.59789.207.66377.20
786130.26842.83799.644.28375.73
786230.63756.43765.594.98379.56
786330.62607.58712.552.89382.65
786430.06408.28627.731.59385.48
786529.02190.14465.892.89390.47
786627.7324.260.001.39390.78
786727.090.000.002.29394.12
786826.440.000.002.89388.93
786925.790.000.002.89388.07
787025.230.000.006.27386.42
787124.510.000.003.98384.72
787223.790.000.002.69384.36
787323.550.000.001.69382.20
787423.320.000.000.50382.56
787523.080.000.000.00382.08
787622.960.000.000.30383.88
787722.840.000.000.10384.82
787822.760.000.000.50386.48
787923.4931.6922.323.68391.08
788025.33191.15267.038.86393.85
788126.13239.0262.842.69406.29
788227.54424.44168.043.18398.64
788328.31407.1244.524.28405.65
788429.09482.8397.190.90406.79
788529.61472.4093.472.69406.22
788630.30586.51282.421.09398.19
788730.85591.06594.071.69387.84
788831.05476.98695.490.60385.73
788930.35170.49263.160.40399.89
789029.3223.670.000.20401.39
789128.690.000.000.40403.73
789228.060.000.000.40406.80
789327.430.000.001.00405.98
789426.800.000.000.20404.44
789526.170.000.000.10406.67
789625.530.000.000.10404.03
789724.960.000.000.20402.89
789824.240.000.000.20401.52
789923.530.000.000.10405.02
790023.160.000.000.10409.41
790122.800.000.000.00408.36
790222.550.000.000.10408.04
790323.1629.335.290.10409.63
790423.7686.850.000.10411.18
790525.39289.93128.481.09400.45
790626.76442.75201.321.69394.22
790728.99798.22777.191.59377.72
790830.72872.60893.211.69381.12
790931.94868.93894.453.98386.32
791032.66787.48878.931.39389.85
791132.88634.89804.952.29389.12
791232.52427.24673.482.49393.18
791331.54198.63449.201.39396.63
791430.2628.1332.701.39394.92
791529.490.000.000.80398.12
791628.730.000.000.40397.38
791727.960.000.001.09396.30
791827.190.000.000.50392.35
791926.420.000.000.10391.67
792025.660.000.000.10383.34
792125.020.000.000.20378.61
792224.180.000.000.30379.14
792323.340.000.001.00383.08
792422.890.000.001.39378.87
792522.450.000.001.09375.38
792622.130.000.000.40379.76
792722.7432.8539.290.00381.97
792824.57217.63532.940.20389.12
792926.45442.23709.230.10389.29
793028.29640.07799.480.30387.39
793129.87777.37816.731.29387.45
793231.13847.85822.860.60387.95
793332.01844.77824.750.70389.21
793432.47765.88813.200.20390.80
793532.52622.17792.790.70391.22
793631.98422.67706.630.60388.13
793730.89196.73515.830.60388.53
793829.5224.110.000.70386.53
793928.720.000.001.99387.38
794027.920.000.002.49384.21
794127.120.000.007.07382.56
794226.320.000.007.07381.20
794325.520.000.002.69379.69
794424.760.000.003.18378.87
794524.150.000.001.99379.95
794623.440.000.000.70376.75
794722.720.000.000.50372.86
794822.310.000.000.60372.35
794921.890.000.000.20369.61
795021.580.000.000.10371.74
795122.0832.0635.631.09379.54
795223.59205.19465.551.69385.34
795325.39424.96636.277.07383.27
795426.88618.75729.0810.45375.82
795528.22746.16716.086.27376.42
795629.26810.72703.833.98379.00
795729.97806.38700.165.37380.00
795830.32731.99699.544.58384.49
795930.29582.05656.894.58390.57
796029.73392.56564.674.28391.48
796128.70178.41387.582.29401.60
796227.4623.310.001.59402.99
796326.940.000.001.09407.56
796426.420.000.001.99407.21
796525.900.000.000.60404.47
796625.390.000.000.50400.69
796724.920.000.000.30400.07
796824.350.000.000.70400.16
796924.300.000.000.60397.18
797024.310.000.000.30398.80
797124.170.000.000.30410.53
797224.320.000.000.30413.86
797324.380.000.000.50418.18
797424.420.000.001.09421.77
797524.557.560.001.99418.18
797625.1762.100.000.40419.38
797726.79337.23245.650.20401.11
797828.08438.70187.890.50410.15
797929.46585.64259.482.69397.10
798029.55333.8831.134.98430.40
798128.8689.380.006.27431.63
798228.40155.270.035.67437.64
798328.42214.917.305.37430.50
798427.97124.520.006.27431.55
798527.5259.980.009.35434.26
798627.017.860.007.66430.96
798726.720.000.007.07429.03
798825.700.000.006.27425.78
798924.620.000.004.28421.68
799025.830.000.002.89424.36
799125.740.000.003.98426.27
799225.180.000.004.98424.82
799325.470.000.001.59421.36
799424.930.000.000.40417.81
799524.550.000.000.90418.23
799624.390.000.000.50423.14
799724.150.000.000.50421.60
799824.000.000.000.40420.96
799924.3214.250.001.29422.89
800024.9470.010.000.70419.94
800125.80186.6317.990.70417.30
800225.5348.450.000.90427.84
800326.21225.788.121.09420.79
800426.35280.1011.071.29423.17
800528.04572.60211.040.40408.92
800628.81529.91205.440.20413.43
800729.64590.09601.280.40390.39
800829.97442.35660.961.39389.73
800929.67193.29436.013.98398.12
801028.9522.040.005.67395.36
801128.260.000.001.99396.43
801227.580.000.003.68395.61
801326.890.000.006.67391.14
801426.210.000.006.27390.23
801525.520.000.004.58386.10
801624.890.000.002.89386.89
801723.630.000.001.30389.94
801822.760.000.000.30387.46
801921.880.000.000.10383.42
802021.420.000.000.20386.60
802120.960.000.000.10384.65
802220.640.000.000.10389.80
802321.0323.920.000.10389.55
802421.77110.1620.550.10394.13
802522.92262.6195.790.10389.42
802623.60289.9248.880.10393.57
802725.33699.94519.731.10375.32
802826.20605.95262.491.30387.92
802927.00690.08399.040.80382.54
803027.04422.8483.620.20397.97
803126.63272.4624.280.10399.85
803225.7576.040.000.30410.02
803325.16134.84115.040.30391.21
803424.4313.220.000.40392.77
803524.160.000.001.10395.23
803623.890.000.001.20396.54
803723.620.000.000.80396.62
803823.360.000.001.30394.74
803923.090.000.003.81395.01
804022.820.000.001.60394.66
804120.780.000.002.80397.13
804221.610.000.001.30398.34
804321.990.000.000.10400.65
804422.500.000.000.60404.26
804522.580.000.000.70407.50
804622.650.000.000.40407.20
804723.1312.160.000.30407.43
804823.5346.510.000.90410.91
804923.7031.590.002.50417.65
805024.54160.570.001.70413.04
805125.66331.3724.822.50410.12
805226.18282.5711.392.80418.13
805326.51376.5025.151.60417.12
805427.57364.4528.320.50419.35
805528.07366.83109.611.70417.41
805627.96191.3817.720.90425.67
805727.35115.8750.690.20423.19
805826.6915.760.000.30418.11
805926.700.000.000.30414.09
806026.240.000.001.50410.30
806125.790.000.003.00406.53
806225.330.000.004.61402.77
806324.930.000.001.90399.37
806424.330.000.003.21394.82
806523.780.000.000.40393.47
806623.060.000.000.30391.37
806722.340.000.000.50389.52
806821.970.000.001.10387.96
806921.600.000.000.60384.78
807021.350.000.000.80382.30
807121.8224.040.000.90384.14
807223.55193.40399.512.30387.22
807325.34393.40514.442.30386.78
807426.95553.83526.731.30386.83
807528.75777.75801.992.30382.79
807630.18854.59882.102.50387.43
807731.19854.14822.663.00389.93
807831.47649.25442.824.61399.47
807931.63627.90677.453.81390.25
808030.39165.6018.042.80421.96
808129.41177.99240.111.20403.65
808228.2029.4841.421.30400.68
808327.650.000.001.30405.42
808427.100.000.002.30409.05
808526.560.000.000.60407.01
808626.010.000.000.50402.60
808725.460.000.000.50400.33
808825.020.000.000.30397.49
808924.540.000.000.20396.67
809024.030.000.000.40394.60
809123.530.000.000.10393.86
809223.260.000.000.10393.02
809322.990.000.000.20393.37
809422.810.000.000.20393.71
809523.1316.790.000.50395.01
809624.65166.63280.060.30401.05
809726.14346.34319.990.60398.26
809828.15611.73621.874.91389.88
809929.08541.12237.332.30406.20
810029.38438.2452.900.90416.09
810129.81523.60152.110.60412.64
810229.84401.4842.471.10415.64
810329.56307.7932.291.10418.73
810429.16255.5694.400.80412.93
810528.2861.320.000.90426.69
810627.4011.490.000.50423.84
810726.890.000.000.20425.15
810826.380.000.000.10425.96
810925.870.000.000.50427.08
811025.360.000.000.80425.31
811124.950.000.000.50422.83
811224.390.000.001.20418.04
811323.220.000.001.30415.11
811423.310.000.000.40414.50
811522.910.000.000.80411.74
811622.630.000.001.90409.69
811722.130.000.003.00407.17
811822.050.000.003.00406.40
811922.5017.460.003.21408.06
812023.2681.900.004.11412.47
812124.10158.362.344.91415.08
812225.50367.08110.164.11406.11
812326.75467.56120.266.51405.14
812427.77525.46155.1710.92405.97
812527.99367.6426.803.51423.62
812628.26408.8268.333.51420.36
812728.43374.46110.492.30409.46
812828.34291.90161.621.90406.89
812927.98207.32410.973.51397.66
813027.1331.2357.164.41401.45
813126.790.000.006.01397.73
813226.410.000.0011.42397.56
813326.030.000.009.42397.88
813425.650.000.0010.22398.68
813525.270.000.006.01399.19
813625.000.000.008.81395.99
813724.790.000.009.42395.55
813824.560.000.004.91397.56
813924.390.000.004.91400.41
814024.110.000.008.31397.24
814123.900.000.0012.32402.12
814224.000.000.0016.23401.55
814324.4715.390.0013.82405.10
814425.61144.31144.5112.32406.01
814526.51225.0543.508.31412.73
814627.24291.0525.538.31418.52
814727.70300.1813.477.71424.62
814828.04358.3621.425.21427.59
814928.82446.2680.717.11423.50
815029.08373.7831.884.61427.88
815127.43268.3736.732.80427.69
815227.6231.790.000.90445.53
815327.3815.040.000.20444.59
815426.687.130.000.20440.10
815526.820.000.000.20437.82
815626.620.000.000.50439.72
815726.210.000.000.90433.90
815826.030.000.001.20438.87
815925.730.000.000.80436.76
816025.430.000.000.70436.14
816125.100.000.000.60436.44
816224.840.000.001.90435.00
816324.460.000.002.80434.83
816424.270.000.001.20433.58
816524.070.000.004.11431.72
816623.940.000.006.51430.18
816723.982.030.003.51431.43
816824.1214.710.002.10427.44
816926.37339.62223.520.90398.71
817029.04636.90710.321.10388.81
817129.62390.3081.821.60413.49
817229.91361.8921.180.80417.47
817330.12366.4022.091.10418.19
817430.06280.8222.230.80423.18
817530.85644.55719.310.30392.92
817631.05436.07604.560.70395.85
817730.35130.0696.650.30417.58
817829.4731.3154.980.40415.21
817928.830.000.000.70415.02
818028.180.000.001.60410.77
818127.540.000.001.30407.94
818226.890.000.000.20403.87
818326.250.000.000.20399.96
818425.600.000.000.10396.88
818524.990.000.000.00399.05
818624.410.000.000.00392.64
818723.720.000.000.50385.53
818823.370.000.001.20383.50
818923.020.000.000.60383.72
819022.780.000.000.00384.38
819123.1619.990.000.20386.64
819224.32141.51144.280.20387.43
819325.99375.84451.980.10379.88
819427.82600.29672.930.30368.06
819529.37733.37727.000.50367.46
819630.43740.79569.151.20372.32
819731.17735.23558.834.11375.45
819831.33555.51253.783.81385.04
819930.90359.42106.785.21394.60
820029.89137.830.005.21405.86
820128.8765.250.004.91407.38
820227.9012.760.001.50406.20
820327.380.000.001.30409.50
820426.870.000.001.90411.10
820526.360.000.001.30406.48
820625.850.000.001.20405.88
820725.340.000.000.80401.47
820824.920.000.000.60401.70
820924.400.000.000.80400.89
821023.860.000.000.80400.44
821123.320.000.000.80394.71
821223.040.000.000.90393.15
821322.760.000.003.81393.08
821422.570.000.002.80391.58
821522.9517.830.002.50392.27
821624.06117.6464.591.70392.95
821725.52286.44136.537.71389.30
821826.71378.56122.238.31393.14
821927.49395.4541.766.51401.33
822027.95380.4731.364.91403.41
822128.74538.24174.414.41395.86
822229.37554.67252.797.31390.00
822329.83544.26480.016.01386.87
822429.77347.46325.8610.22393.28
822529.27202.41358.006.01389.53
822628.3531.0747.547.71391.23
822727.630.000.005.61393.14
822826.900.000.005.61394.43
822926.180.000.006.51392.09
823025.460.000.003.21388.25
823124.820.000.004.11387.36
823224.020.000.004.41385.97
823323.310.000.003.21386.09
823422.560.000.001.70385.76
823521.820.000.002.80385.44
823621.420.000.002.30384.16
823721.020.000.001.50382.58
823820.740.000.001.20384.56
823921.0817.630.000.80386.89
824022.37143.32115.260.40389.02
824123.90301.07158.790.30391.54
824225.46486.05335.520.70386.17
824327.31727.67660.510.90381.80
824428.66765.59637.221.60388.33
824529.36675.42400.521.70397.83
824629.74622.44396.622.50398.75
824729.79506.69386.902.30398.39
824829.36354.72380.151.90399.57
824928.39147.21141.251.20409.78
825027.2425.140.001.70404.65
825126.690.000.002.10409.07
825226.140.000.001.50402.35
825325.590.000.001.10398.44
825425.040.000.001.10395.20
825524.550.000.001.30395.58
825623.940.000.002.80392.39
825723.550.000.003.00390.50
825823.130.000.003.21391.20
825922.700.000.001.50388.12
826022.470.000.003.00387.17
826122.240.000.003.21382.59
826222.070.000.003.51384.78
826322.4619.670.004.11385.21
826424.13178.46296.133.81392.55
826526.04401.21511.464.11385.92
826627.60527.15475.745.61389.44
826728.75584.63310.739.42394.46
826829.28517.52152.559.42402.29
826929.43434.5346.304.91409.77
827029.49417.8677.245.21407.24
827129.43377.72113.862.30407.56
827228.85221.0727.083.21412.79
827328.02100.315.833.21415.06
827427.0917.930.004.11412.58
827526.660.000.004.41414.45
827626.240.000.003.21411.57
827725.810.000.006.01408.10
827825.390.000.005.21407.37
827924.960.000.003.81403.93
828024.600.000.003.81403.99
828124.300.000.005.61405.94
828224.010.000.002.10404.04
828323.720.000.002.30402.60
828423.580.000.002.50398.75
828523.440.000.000.60398.33
828623.350.000.000.30400.66
828723.7215.300.000.30404.69
828824.2559.270.000.60405.52
828925.31188.9419.771.10398.86
829026.48306.4135.121.50399.24
829127.25319.5623.600.30404.48
829228.57544.87205.952.10395.20
829330.08729.40534.910.90388.99
829430.76563.45269.082.10402.82
829531.32573.01579.482.10397.52
829631.33367.09421.622.50404.62
829730.80204.03337.614.41406.54
829829.8432.9360.464.61407.63
829929.290.000.005.61411.77
830028.740.000.006.91413.70
830128.190.000.004.41414.93
830227.650.000.005.21416.94
830327.100.000.003.51421.00
830426.550.000.003.21422.56
830525.920.000.003.51418.88
830625.300.000.005.21419.46
830724.740.000.002.80419.68
830824.480.000.001.30420.19
830924.170.000.001.70421.31
831023.910.000.003.00420.90
831124.046.280.003.21424.83
831224.3236.820.005.61427.86
831324.98190.1830.417.11418.32
831425.70193.304.593.21427.92
831527.00430.77104.963.00420.87
831628.55639.81311.241.90409.38
831728.90400.7038.562.30430.46
831829.01311.0632.632.30430.15
831929.71616.02638.312.10399.52
832029.78365.37351.071.30409.38
832129.15111.1035.581.60427.54
832228.331.970.003.21422.40
832327.830.000.003.81423.43
832427.340.000.006.51422.86
832526.840.000.006.51418.71
832626.340.000.006.51414.68
832725.850.000.007.71413.51
832825.350.000.007.31415.09
832924.960.000.006.01413.91
833024.610.000.006.01413.81
833124.160.000.008.81409.64
833223.930.000.006.01407.89
833323.690.000.002.50406.27
833423.530.000.000.50405.21
833523.8313.550.000.30407.20
833624.8199.5816.290.80411.30
833725.63188.7420.762.50414.51
833826.97358.42104.681.30409.07
833928.23469.72142.391.50410.93
834029.80680.51412.971.20404.23
834130.77631.66313.531.70412.07
834231.38590.07323.572.80410.11
834331.83577.42620.363.00402.36
834431.86423.11593.711.60398.73
834531.20203.78381.712.10408.24
834630.1533.2258.131.70406.94
834729.610.000.000.60410.87
834829.070.000.000.20409.95
834928.530.000.000.60407.84
835027.990.000.001.60407.95
835127.440.000.001.20405.18
835226.900.000.001.50404.88
835326.430.000.000.70403.63
835425.940.000.000.90403.77
835525.460.000.001.10403.41
835625.210.000.001.30404.06
835724.960.000.001.10405.13
835824.880.000.001.10409.07
835924.933.050.002.50412.27
836025.93128.63143.182.10416.19
836127.85393.51513.382.50405.46
836229.72600.10654.720.60402.94
836331.38755.58716.871.50402.98
836431.11323.8230.481.90437.47
836530.44214.447.672.30442.03
836631.08519.16207.193.00416.18
836731.05360.53100.532.50420.07
836830.43166.546.613.51428.36
836929.5525.860.001.70439.78
837028.754.460.002.30436.90
837128.240.000.002.30433.64
837227.740.000.001.20432.27
837327.230.000.001.90426.98
837426.720.000.000.80425.93
837526.210.000.000.50420.94
837625.700.000.000.80416.61
837725.250.000.001.70414.99
837824.880.000.000.60413.66
837924.360.000.000.40410.68
838024.100.000.000.10407.03
838123.840.000.000.30400.51
838223.660.000.000.10397.13
838323.838.070.000.60400.36
838424.99114.6655.901.30401.23
838526.13249.38107.132.30399.68
838628.05510.70400.452.10387.74
838728.68379.3579.041.90407.42
838828.60231.989.383.51420.46
838929.56587.94275.016.91397.47
839030.09513.28187.636.91401.16
839130.56543.44464.597.11395.50
839230.63384.90407.515.61397.37
839329.85105.0637.952.80419.70
839429.0134.2062.611.70414.47
839528.300.000.000.90416.98
839627.600.000.000.80413.74
839726.900.000.000.70409.27
839826.200.000.000.30404.87
839925.490.000.000.20400.29
840024.880.000.000.60399.36
840124.160.000.000.90394.15
840223.400.000.003.21389.95
840322.640.000.005.21385.30
840422.240.000.003.21385.14
840521.840.000.002.10383.11
840621.570.000.000.80386.76
840721.9318.350.000.40388.09
840823.36152.86321.072.10389.01
840925.19361.09519.673.51387.08
841026.89529.45545.644.61383.99
841128.58704.91678.216.51382.99
841229.89762.38643.623.21384.95
841330.90795.09705.952.50383.62
841431.55750.57773.433.00383.85
841531.71595.84677.073.81389.84
841631.29402.69572.000.90390.39
841730.31194.18410.912.10397.00
841829.0431.4632.511.70396.19
841928.300.000.002.80394.88
842027.570.000.001.90392.14
842126.830.000.000.70387.35
842226.100.000.000.60385.40
842325.360.000.000.00381.96
842424.700.000.000.00381.88
842524.050.000.000.20381.92
842623.370.000.000.10380.29
842722.690.000.000.60373.10
842822.330.000.001.50371.75
842921.970.000.000.80371.83
843021.720.000.000.60374.57
843122.0114.340.000.90377.99
843223.33138.22160.341.70384.95
843324.86290.52159.992.80387.56
843426.16434.35237.553.21382.99
843527.61593.93363.893.51383.62
843628.67623.64310.204.41386.14
843729.39615.44285.653.21390.03
843829.90602.11359.285.61389.74
843930.06498.71355.415.21391.59
844029.75341.33311.968.81393.05
844129.08205.15336.097.31389.15
844228.0436.1377.737.71385.32
844327.320.000.005.21387.23
844426.600.000.005.61386.42
844525.870.000.006.01389.11
844625.150.000.0010.22386.97
844724.480.000.006.01384.25
844823.680.000.004.41379.79
844923.030.000.003.51377.00
845022.330.000.002.10372.27
845121.640.000.004.41371.77
845221.280.000.004.61369.89
845320.910.000.003.21368.44
845420.650.000.001.50370.21
845520.9716.520.000.70373.57
845622.40151.16282.020.80380.60
845724.30348.95478.902.30381.60
845826.01533.16573.562.10374.30
845927.62677.76608.121.90378.67
846028.89744.44633.403.51381.90
846129.86766.94639.704.91384.98
846230.49731.70705.671.50389.66
846330.65588.17643.881.50392.55
846430.22389.22482.790.60394.91
846529.24185.75341.071.50401.55
846627.9933.5647.792.50398.98
846727.440.000.002.30404.36
846826.900.000.000.50403.60
846926.350.000.000.80404.88
847025.800.000.001.70405.26
847125.260.000.000.60407.47
847224.800.000.000.50407.64
847324.450.000.000.80406.05
847424.150.000.001.50403.52
847523.860.000.001.50404.21
847623.730.000.001.20403.73
847723.600.000.000.40405.07
847823.520.000.000.60409.72
847923.2711.970.001.30410.34
848024.1076.820.000.80413.31
848123.95145.800.540.60415.01
848226.37428.90259.331.20400.45
848327.53575.96328.861.60403.16
848428.66719.92511.132.50404.02
848528.66406.0469.681.50424.98
848628.12177.605.372.50436.20
848727.2746.810.002.80439.75
848826.7356.230.002.30433.91
848926.0214.610.000.60432.97
849025.6316.730.000.20428.21
849125.110.000.001.20425.77
849224.650.000.000.70421.49
849324.570.000.000.60416.05
849424.220.000.000.30415.17
849523.850.000.001.70409.79
849623.470.000.000.60407.22
849722.830.000.000.50402.91
849822.120.000.000.30397.32
849921.400.000.001.10392.57
850021.010.000.000.70386.93
850120.610.000.002.10381.73
850220.320.000.001.70378.34
850320.0316.110.000.40376.05
850422.76156.69275.861.20382.52
850524.54363.92496.871.20383.06
850626.00553.61640.642.50380.65
850727.33706.16696.202.80377.21
850828.31768.43664.992.30378.66
850928.94769.92645.634.41380.39
851029.24711.13638.323.51382.30
851129.09552.03507.102.10384.80
851228.40368.41393.660.90388.04
851327.30174.19174.440.20393.26
851426.0433.7228.091.20388.52
851525.420.000.001.10389.44
851624.890.000.001.10390.89
851724.200.000.000.50390.99
851823.520.000.000.70388.72
851922.830.000.002.80387.10
852022.140.000.003.51382.34
852121.770.000.004.11382.02
852221.340.000.002.50380.33
852320.910.000.000.90380.72
852420.660.000.002.30381.49
852520.420.000.002.50381.96
852620.230.000.002.10378.46
852720.0511.230.001.10378.98
852822.42118.4983.191.50383.05
852923.89267.96125.571.70383.42
853025.18408.83196.240.60386.72
853126.35529.98221.530.40384.23
853226.89492.85131.200.60392.60
853327.37537.17171.940.60392.82
853427.64513.77170.720.50391.22
853527.77489.54305.551.20386.09
853627.72425.99548.991.60379.72
853726.99204.99347.691.50385.54
853825.8832.9032.301.20384.94
853925.510.000.001.60393.35
854025.140.000.002.10391.96
854124.860.000.003.00393.15
854224.450.000.001.30394.09
854324.040.000.001.30400.31
854423.630.000.000.90400.41
854522.120.000.001.90403.92
854622.440.000.001.10406.58
854723.180.000.001.50408.17
854823.140.000.001.20413.90
854922.910.000.000.70411.69
855022.290.000.000.60413.16
855122.926.200.000.10415.18
855221.5412.930.000.80416.29
855323.22114.790.001.10411.29
855424.89224.448.771.30411.96
855526.10294.3413.180.90414.59
855626.85349.1419.711.90417.43
855727.04342.1317.610.70422.38
855827.43268.838.501.60425.34
855927.22229.667.561.60427.16
856027.25212.2018.570.90419.83
856124.98103.092.911.30415.79
856224.4118.430.000.80411.02
856324.010.000.001.30407.34
856423.620.000.001.70404.37
856525.130.000.002.80405.87
856624.300.000.000.60402.66
856723.970.000.000.90399.44
856823.700.000.000.90396.59
856923.580.000.000.40394.64
857023.100.000.000.10390.56
857122.620.000.000.60386.51
857222.370.000.001.10383.82
857322.110.000.001.90381.15
857421.940.000.001.70378.93
857521.7615.320.003.21376.72
857624.82159.64274.783.81393.54
857725.06199.4251.283.00405.15
857825.56269.8029.663.00409.04
857925.46192.104.010.70405.84
858025.37185.874.541.50403.97
858126.70664.49352.750.90375.62
858227.64663.41480.810.60371.62
858328.28639.16678.940.60370.49
858428.09320.94195.572.10386.33
858527.45159.55119.443.00393.61
858626.5932.6716.274.11392.90
858726.030.000.001.60394.22
858825.480.000.000.80388.21
858925.030.000.000.60389.89
859024.420.000.003.21388.97
859123.810.000.001.60390.14
859223.200.000.002.80387.05
859322.690.000.002.10381.15
859422.150.000.001.90377.62
859521.610.000.002.30379.22
859621.310.000.001.70378.51
859721.020.000.000.90383.74
859820.810.000.001.30383.57
859920.6010.260.003.81383.93
860022.59101.9845.632.80388.88
860123.90237.2880.633.51384.45
860225.20393.02172.692.30383.04
860326.34504.03188.524.61378.50
860427.09528.58174.243.21381.05
860527.81605.23280.004.61377.03
860628.54695.62555.995.61372.04
860728.94629.93715.383.21373.76
860828.81436.69590.334.11377.75
860928.04218.96387.142.30384.34
861026.9141.69108.761.90387.36
861126.310.000.000.40392.86
861225.710.000.000.30388.75
861325.110.000.000.10392.18
861424.580.000.000.40392.77
861523.910.000.000.20392.69
861623.250.000.000.30393.63
861722.770.000.000.70394.48
861822.250.000.001.10392.20
861921.730.000.001.90394.13
862021.460.000.002.30394.47
862121.180.000.001.90395.25
862220.990.000.004.11396.29
862320.806.860.003.81399.08
862421.9860.750.002.80404.52
862522.40106.250.002.50404.97
862623.06187.643.772.10404.22
862724.64441.78119.261.60392.90
862825.87567.70230.561.60392.68
862927.01665.05381.341.50391.71
863027.76638.16412.882.30392.80
863128.22598.57618.002.10389.69
863228.20415.30559.642.80392.02
863327.56208.77360.313.00396.22
863426.5641.0397.993.21400.03
863526.150.000.002.30404.25
863625.730.000.002.10404.89
863725.310.000.002.30405.17
863824.990.000.002.50405.36
863924.530.000.001.50402.18
864024.070.000.000.80401.54
864123.740.000.000.40401.47
864223.400.000.000.20399.63
864323.060.000.000.30400.19
864422.880.000.000.10402.30
864522.700.000.000.10403.08
864622.580.000.000.20402.82
864722.459.050.000.00402.57
864824.1495.8141.890.10408.64
864925.20231.8679.690.10407.26
865026.54416.66214.790.10403.56
865127.67532.05228.910.00400.09
865228.20490.65129.250.00410.16
865328.67532.98164.780.10406.09
865428.99526.97183.630.20406.99
865528.96400.56148.560.30409.96
865628.03102.180.000.40429.84
865726.9817.840.000.20438.61
865826.2214.090.000.90430.83
865926.010.000.001.60430.39
866025.780.000.001.30425.60
866125.530.000.002.30424.11
866225.360.000.004.11427.43
866325.140.000.003.51423.02
866424.850.000.004.61418.24
866522.930.000.002.80414.35
866623.910.000.004.61419.53
866723.530.000.005.61416.18
866822.440.000.003.81408.41
866923.060.000.004.41409.51
867023.720.000.005.21412.32
867124.017.030.004.41412.24
867225.3372.940.004.41413.34
867325.82112.170.004.41420.31
867425.99129.680.003.21423.94
867526.26140.250.004.11426.83
867627.32421.6949.974.11415.48
867728.17468.21100.171.90417.97
867828.55372.6730.180.30411.96
867928.72332.2251.990.50424.06
868028.13126.760.000.20438.24
868127.4538.910.000.00440.85
868227.248.170.000.00437.52
868326.740.000.000.00433.89
868426.050.000.000.00432.18
868526.120.000.000.00429.01
868625.440.000.000.00427.40
868725.380.000.000.00423.41
868825.090.000.000.00422.53
868924.820.000.000.10426.01
869024.370.000.000.50422.59
869123.930.000.000.20420.54
869223.730.000.000.10416.04
869323.520.000.000.10415.15
869423.390.000.000.30414.07
869523.2610.260.000.50410.40
869624.1350.520.001.30411.37
869726.03303.74211.962.10397.92
869825.67100.760.002.80424.53
869926.96488.50189.201.30391.40
870027.95558.04215.190.60395.36
870129.22796.70644.951.30382.88
870230.02747.05623.552.80383.37
870329.19168.050.000.80417.19
870428.60185.926.930.30409.76
870527.9094.120.000.50413.09
870627.1825.060.000.30412.51
870726.690.000.000.10414.32
870826.190.000.000.30412.10
870925.700.000.000.10408.18
871025.210.000.000.10400.86
871124.800.000.000.10396.77
871224.260.000.000.30396.20
871323.600.000.000.50393.55
871422.880.000.000.60388.85
871522.170.000.000.80384.06
871621.780.000.000.50384.52
871721.390.000.002.10382.26
871821.110.000.001.90381.16
871920.8310.480.001.10381.34
872023.41144.90270.411.10386.18
872125.12352.40500.453.00382.29
872226.49508.35508.582.50384.14
872327.70642.33530.992.50376.37
872428.70731.40561.476.51377.09
872528.96590.43250.267.71385.53
872629.04552.59216.114.91386.29
872729.10558.22462.204.61380.73
872828.42310.76157.373.81388.60
872927.47169.88124.051.60392.82
873026.3432.366.713.81397.93
873125.680.000.003.51399.10
873225.020.000.003.21395.81
873324.410.000.001.90391.16
873423.680.000.001.60389.30
873522.960.000.001.60384.84
873622.230.000.001.90381.78
873721.760.000.001.50384.13
873821.320.000.001.20383.85
873920.880.000.000.90382.93
874020.660.000.000.30381.12
874120.450.000.000.60378.80
874220.320.000.001.20376.87
874320.1812.160.000.30375.11
874422.54130.58249.511.20382.17
874524.68367.47561.800.30374.73
874626.19539.32593.020.30376.75
874727.05552.61260.681.10381.45
874828.47831.19728.770.30369.47
874928.82608.71280.132.10386.53
875028.79493.35149.284.91390.53
875128.15311.3637.864.61396.42
875227.52267.9170.601.60390.64
875326.73161.20100.220.70389.75
875425.7736.0922.841.30391.44
875524.870.000.000.30393.59
875623.780.000.000.20389.64
875722.690.000.000.20385.28
875821.600.000.000.60380.91
875920.510.000.000.30376.96
876019.420.000.002.80373.78
