# Location:	Temperate/London City Center, Year: 2021-2040, Longitude: 0.117, STD longitude: 0.0, Latitude: 51.517	
# NB: The longitudes are defined negative for values to the east and positive to the west.
TIME ta Ghoris Gbn w10 EL
1 1.59 0.00 0.00 3.20 277.14
2 1.35 0.00 0.00 3.20 277.44
3 1.11 0.00 0.00 3.20 277.39
4 0.99 0.00 0.00 2.60 277.52
5 0.86 0.00 0.00 2.80 277.68
6 0.74 0.00 0.00 2.60 279.04
7 0.66 0.00 0.00 2.80 279.94
8 0.57 0.00 0.00 3.10 280.14
9 1.17 14.56 0.00 2.20 281.27
10 1.78 44.47 0.00 2.10 280.22
11 2.29 66.77 0.00 1.70 281.42
12 3.08 118.70 54.36 2.60 279.53
13 3.86 156.06 180.41 2.90 277.38
14 4.29 144.01 274.57 3.20 274.59
15 4.46 119.50 323.40 3.60 270.17
16 3.92 34.98 274.37 3.20 272.48
17 3.65 0.00 0.00 3.80 273.86
18 3.38 0.00 0.00 4.30 274.16
19 3.11 0.00 0.00 3.80 271.43
20 2.84 0.00 0.00 3.20 270.78
21 2.56 0.00 0.00 3.40 273.27
22 2.29 0.00 0.00 3.80 271.80
23 2.02 0.00 0.00 4.50 269.79
24 1.75 0.00 0.00 3.60 270.91
25 1.50 0.00 0.00 5.00 269.32
26 1.26 0.00 0.00 6.30 266.49
27 1.01 0.00 0.00 5.70 269.93
28 0.88 0.00 0.00 6.60 270.00
29 0.76 0.00 0.00 7.30 269.72
30 0.63 0.00 0.00 5.70 267.71
31 0.55 0.00 0.00 5.20 270.01
32 0.47 0.00 0.00 4.30 269.72
33 0.94 12.97 0.00 6.60 271.07
34 1.75 57.47 37.23 6.60 272.63
35 1.96 53.28 0.00 5.70 277.96
36 2.74 126.06 73.08 7.00 269.12
37 3.26 134.31 77.18 6.00 268.83
38 3.56 126.35 148.05 6.60 267.78
39 3.22 47.24 0.00 5.20 275.00
40 2.77 21.73 23.39 4.30 274.88
41 2.52 0.00 0.00 5.70 273.63
42 2.28 0.00 0.00 5.00 275.03
43 2.03 0.00 0.00 3.40 275.74
44 1.79 0.00 0.00 3.40 272.41
45 1.55 0.00 0.00 3.80 272.31
46 1.30 0.00 0.00 4.30 273.73
47 1.06 0.00 0.00 3.80 271.14
48 0.81 0.00 0.00 5.50 271.21
49 0.58 0.00 0.00 5.70 270.26
50 0.34 0.00 0.00 5.50 271.91
51 0.11 0.00 0.00 5.70 270.61
52 -0.01 0.00 0.00 3.80 269.08
53 -0.13 0.00 0.00 3.60 270.88
54 -0.24 0.00 0.00 2.90 270.25
55 -0.32 0.00 0.00 3.80 267.82
56 -0.40 0.00 0.00 2.80 265.20
57 0.08 11.79 0.00 2.60 268.40
58 0.39 27.02 0.00 2.60 268.60
59 0.72 44.20 0.00 2.30 270.02
60 0.77 32.40 0.00 2.40 271.97
61 1.34 98.69 19.50 2.80 258.94
62 2.33 189.66 430.51 2.90 243.27
63 2.72 135.44 573.94 2.60 245.19
64 2.40 39.29 332.35 3.10 246.37
65 2.13 0.00 0.00 3.80 248.06
66 1.85 0.00 0.00 4.50 247.20
67 1.58 0.00 0.00 3.40 248.27
68 1.31 0.00 0.00 2.90 248.92
69 1.03 0.00 0.00 2.80 248.80
70 0.76 0.00 0.00 4.50 251.36
71 0.49 0.00 0.00 4.50 248.49
72 0.22 0.00 0.00 6.30 251.60
73 -0.05 0.00 0.00 6.00 251.09
74 -0.40 0.00 0.00 7.00 250.28
75 -0.74 0.00 0.00 7.00 250.94
76 -0.95 0.00 0.00 9.90 252.39
77 -1.16 0.00 0.00 8.60 254.40
78 -1.36 0.00 0.00 6.30 253.29
79 -1.53 0.00 0.00 6.30 256.20
80 -1.69 0.00 0.00 5.20 258.15
81 -1.24 15.16 0.00 4.70 262.56
82 -0.46 65.13 75.62 5.20 268.11
83 1.00 173.03 346.60 6.30 256.10
84 1.12 107.24 28.86 5.50 271.14
85 1.27 122.28 60.69 5.20 271.43
86 1.69 183.18 385.52 5.00 258.04
87 1.69 125.30 407.53 3.80 258.37
88 1.09 40.75 318.76 4.50 257.36
89 0.90 0.00 0.00 3.80 262.70
90 0.72 0.00 0.00 2.40 261.68
91 0.54 0.00 0.00 2.20 258.59
92 0.35 0.00 0.00 2.20 256.39
93 0.17 0.00 0.00 2.60 255.00
94 -0.01 0.00 0.00 2.80 255.89
95 -0.19 0.00 0.00 1.70 256.73
96 -0.38 0.00 0.00 2.10 257.19
97 -0.28 0.00 0.00 3.10 256.36
98 -0.17 0.00 0.00 2.90 250.25
99 -0.06 0.00 0.00 3.40 249.56
100 0.00 0.00 0.00 4.10 248.68
101 0.07 0.00 0.00 4.70 250.33
102 0.13 0.00 0.00 5.20 253.24
103 0.17 0.00 0.00 3.80 257.57
104 0.21 0.00 0.00 3.60 260.63
105 1.02 16.28 0.00 4.70 261.80
106 3.01 96.88 362.65 5.50 269.20
107 4.97 175.74 433.75 6.30 274.10
108 5.78 161.34 216.53 5.70 284.21
109 7.18 254.48 651.80 4.50 272.56
110 7.92 230.15 743.46 3.60 272.27
111 7.81 145.98 645.85 3.40 278.64
112 6.64 41.03 339.31 3.20 276.49
113 6.66 0.00 0.00 2.60 279.36
114 6.68 0.00 0.00 2.90 280.52
115 6.69 0.00 0.00 2.90 283.29
116 6.71 0.00 0.00 2.10 281.84
117 6.72 0.00 0.00 2.90 283.68
118 6.74 0.00 0.00 2.60 287.43
119 6.76 0.00 0.00 2.40 288.44
120 6.77 0.00 0.00 3.40 288.57
121 6.74 0.00 0.00 3.20 285.31
122 6.72 0.00 0.00 3.20 286.32
123 6.70 0.00 0.00 3.80 289.49
124 6.69 0.00 0.00 4.50 291.80
125 6.69 0.00 0.00 4.50 294.72
126 6.68 0.00 0.00 5.20 295.92
127 6.68 0.00 0.00 5.70 295.52
128 6.68 0.00 0.00 6.00 296.46
129 7.93 27.98 110.67 5.50 298.35
130 9.82 113.06 282.99 5.50 303.71
131 10.48 114.90 117.15 5.00 313.03
132 11.57 183.03 326.25 3.80 308.53
133 12.18 177.17 277.94 3.20 311.55
134 12.81 207.93 491.95 3.60 305.70
135 12.41 99.27 196.07 3.40 317.99
136 11.33 14.85 0.00 2.60 318.16
137 11.25 0.00 0.00 2.50 316.90
138 11.18 0.00 0.00 1.50 318.15
139 11.10 0.00 0.00 1.50 318.45
140 11.03 0.00 0.00 1.20 316.66
141 10.95 0.00 0.00 2.10 320.49
142 10.88 0.00 0.00 1.90 321.48
143 10.80 0.00 0.00 1.30 323.39
144 10.73 0.00 0.00 0.90 325.85
145 10.61 0.00 0.00 1.20 324.54
146 10.48 0.00 0.00 1.00 328.07
147 10.36 0.00 0.00 1.50 334.81
148 10.29 0.00 0.00 1.50 337.19
149 10.20 0.00 0.00 2.00 337.78
150 10.15 0.00 0.00 1.60 339.74
151 10.11 0.00 0.00 2.50 340.68
152 10.06 0.00 0.00 2.50 341.63
153 10.09 3.23 0.00 2.00 340.05
154 10.17 13.85 0.00 1.70 340.36
155 10.40 22.01 0.00 2.50 342.17
156 10.50 29.09 0.00 2.80 343.10
157 10.59 30.95 0.00 2.90 344.74
158 10.54 27.74 0.00 2.80 343.30
159 10.36 16.52 0.00 3.20 345.62
160 10.10 6.00 0.00 2.90 344.22
161 8.73 0.00 0.00 3.40 336.82
162 9.51 0.00 0.00 2.20 340.97
163 9.67 0.00 0.00 2.00 341.95
164 10.03 0.00 0.00 2.40 343.20
165 9.84 0.00 0.00 2.60 342.18
166 9.70 0.00 0.00 1.50 342.48
167 9.72 0.00 0.00 1.60 341.64
168 9.39 0.00 0.00 1.70 340.85
169 9.64 0.00 0.00 2.30 342.40
170 9.60 0.00 0.00 2.30 342.25
171 9.55 0.00 0.00 1.90 342.09
172 9.55 0.00 0.00 1.90 342.14
173 9.54 0.00 0.00 1.70 342.19
174 9.53 0.00 0.00 1.60 342.24
175 9.53 0.00 0.00 1.10 342.35
176 9.53 0.00 0.00 1.70 342.47
177 9.96 8.70 0.00 1.70 345.06
178 9.98 8.55 0.00 2.40 344.28
179 10.75 57.01 0.00 2.30 330.40
180 11.72 107.43 22.55 1.50 328.28
181 13.10 192.09 297.10 1.70 314.84
182 13.51 125.21 122.79 2.40 322.75
183 13.69 106.15 218.63 2.50 319.88
184 13.17 30.83 97.89 3.60 323.15
185 12.94 0.00 0.00 3.80 324.80
186 12.71 0.00 0.00 3.80 326.11
187 12.49 0.00 0.00 2.80 327.13
188 12.26 0.00 0.00 3.10 327.85
189 12.03 0.00 0.00 3.20 328.60
190 11.80 0.00 0.00 4.70 331.67
191 11.57 0.00 0.00 7.00 330.26
192 11.34 0.00 0.00 9.30 330.54
193 11.02 0.00 0.00 11.20 329.29
194 10.69 0.00 0.00 8.90 329.03
195 10.37 0.00 0.00 8.30 327.68
196 10.21 0.00 0.00 8.30 327.95
197 10.05 0.00 0.00 9.30 328.55
198 9.89 0.00 0.00 6.60 328.39
199 9.78 0.00 0.00 5.70 329.68
200 9.67 0.00 0.00 5.70 331.40
201 10.20 15.54 0.00 5.50 331.96
202 10.46 31.50 0.00 7.90 332.30
203 10.79 52.09 0.00 6.00 332.25
204 11.53 122.37 52.91 5.70 324.64
205 12.42 187.45 265.85 6.00 316.08
206 12.56 106.25 43.81 6.00 324.18
207 12.34 58.95 0.00 5.20 327.02
208 11.79 3.88 0.00 7.30 327.39
209 11.42 0.00 0.00 5.70 324.47
210 11.05 0.00 0.00 8.90 324.11
211 10.67 0.00 0.00 8.60 322.53
212 10.30 0.00 0.00 6.30 320.35
213 9.93 0.00 0.00 8.60 319.22
214 9.55 0.00 0.00 8.30 319.36
215 9.18 0.00 0.00 8.30 325.54
216 8.80 0.00 0.00 7.90 327.78
217 8.41 0.00 0.00 6.60 327.14
218 7.99 0.00 0.00 8.60 327.59
219 7.57 0.00 0.00 11.20 327.76
220 7.34 0.00 0.00 10.50 327.11
221 7.12 0.00 0.00 8.90 326.46
222 6.89 0.00 0.00 7.90 323.89
223 6.73 0.00 0.00 8.60 325.13
224 6.57 0.00 0.00 8.90 323.59
225 6.97 12.47 0.00 5.00 326.71
226 6.90 10.12 0.00 3.40 325.87
227 7.63 77.88 0.00 3.80 317.29
228 8.23 106.72 11.48 3.80 312.73
229 8.92 157.72 140.83 4.50 308.14
230 9.35 154.28 251.86 4.30 304.74
231 9.19 69.78 32.35 4.30 312.16
232 8.77 30.90 63.22 3.80 311.24
233 8.50 0.00 0.00 6.60 310.71
234 8.22 0.00 0.00 6.30 312.05
235 7.95 0.00 0.00 5.20 310.05
236 7.67 0.00 0.00 5.50 305.75
237 7.40 0.00 0.00 7.00 305.13
238 7.13 0.00 0.00 6.60 305.70
239 6.85 0.00 0.00 8.30 306.75
240 6.58 0.00 0.00 7.90 305.99
241 6.41 0.00 0.00 9.90 305.54
242 6.26 0.00 0.00 9.90 305.86
243 6.11 0.00 0.00 9.30 307.70
244 6.04 0.00 0.00 6.60 306.46
245 5.97 0.00 0.00 4.70 307.13
246 5.90 0.00 0.00 4.30 308.27
247 5.86 0.00 0.00 4.10 305.29
248 5.82 0.00 0.00 4.10 307.85
249 6.40 13.56 0.00 5.20 309.14
250 6.57 21.32 0.00 5.50 307.67
251 7.33 71.31 0.00 7.50 304.22
252 7.83 81.79 0.00 6.60 305.71
253 8.40 114.15 11.90 7.50 301.75
254 8.63 90.38 2.51 5.50 304.60
255 8.68 71.43 30.22 5.00 306.60
256 8.36 29.12 31.84 3.80 305.09
257 8.01 0.00 0.00 4.30 301.51
258 7.66 0.00 0.00 3.80 299.56
259 7.31 0.00 0.00 4.10 297.17
260 6.96 0.00 0.00 4.30 293.89
261 6.61 0.00 0.00 5.50 289.50
262 6.26 0.00 0.00 5.20 288.29
263 5.83 0.00 0.00 5.20 295.32
264 5.56 0.00 0.00 5.20 296.85
265 5.06 0.00 0.00 4.30 294.22
266 4.49 0.00 0.00 4.10 291.21
267 3.92 0.00 0.00 3.80 288.21
268 3.60 0.00 0.00 5.50 286.53
269 3.28 0.00 0.00 4.50 284.86
270 2.96 0.00 0.00 5.00 283.19
271 2.72 0.00 0.00 3.10 282.83
272 2.48 0.00 0.00 3.60 286.40
273 2.92 16.29 0.00 4.30 289.41
274 3.54 59.64 15.91 3.80 283.48
275 4.18 105.12 50.60 4.30 279.16
276 4.23 75.70 0.00 5.20 287.29
277 4.63 138.74 72.15 4.30 279.33
278 4.89 140.84 119.67 4.50 277.08
279 4.87 102.28 217.30 4.30 277.09
280 4.31 19.75 0.00 3.60 277.43
281 4.15 0.00 0.00 3.60 279.51
282 3.99 0.00 0.00 3.80 278.57
283 3.83 0.00 0.00 3.60 281.68
284 3.67 0.00 0.00 4.70 281.95
285 3.51 0.00 0.00 3.80 281.92
286 3.35 0.00 0.00 4.70 282.12
287 3.19 0.00 0.00 5.70 280.94
288 3.03 0.00 0.00 5.20 280.64
289 3.14 0.00 0.00 4.50 285.38
290 3.06 0.00 0.00 6.30 289.48
291 3.43 0.00 0.00 5.50 286.15
292 3.60 0.00 0.00 5.00 290.20
293 3.71 0.00 0.00 4.10 291.74
294 3.81 0.00 0.00 3.10 290.97
295 3.90 0.00 0.00 4.30 292.28
296 3.98 0.00 0.00 3.40 292.61
297 4.54 11.45 0.00 3.20 293.83
298 5.62 57.91 11.23 4.50 295.25
299 6.61 97.56 14.55 3.80 298.84
300 7.26 109.97 8.19 2.80 303.25
301 7.43 82.86 0.00 1.90 294.27
302 7.02 37.13 0.00 1.90 300.06
303 6.68 30.47 0.00 1.90 296.55
304 6.25 11.79 0.00 1.70 291.51
305 6.27 0.00 0.00 1.20 289.12
306 6.29 0.00 0.00 1.20 288.96
307 6.31 0.00 0.00 1.60 292.45
308 6.33 0.00 0.00 2.10 293.55
309 6.36 0.00 0.00 2.00 296.42
310 6.38 0.00 0.00 2.10 292.73
311 6.40 0.00 0.00 1.70 293.94
312 6.42 0.00 0.00 1.30 295.48
313 6.28 0.00 0.00 0.70 297.32
314 6.14 0.00 0.00 0.60 295.89
315 6.01 0.00 0.00 0.60 295.14
316 5.94 0.00 0.00 1.10 295.28
317 5.88 0.00 0.00 2.00 294.58
318 5.81 0.00 0.00 1.90 294.98
319 5.77 0.00 0.00 0.80 297.52
320 5.72 0.00 0.00 1.00 293.67
321 6.90 25.95 74.38 1.30 301.18
322 7.99 73.96 84.09 1.50 301.18
323 9.55 152.86 265.82 1.70 299.92
324 11.22 231.95 471.95 1.50 298.07
325 12.40 251.47 647.16 1.20 297.90
326 12.86 207.52 588.94 1.50 302.86
327 12.70 142.38 516.23 1.30 305.79
328 11.76 57.28 311.09 1.10 307.59
329 11.49 1.36 0.00 0.80 309.85
330 11.21 0.00 0.00 1.30 308.20
331 10.93 0.00 0.00 1.60 304.06
332 10.66 0.00 0.00 2.90 305.56
333 10.38 0.00 0.00 2.80 308.47
334 10.10 0.00 0.00 2.40 305.91
335 9.83 0.00 0.00 2.10 307.49
336 9.55 0.00 0.00 1.90 306.00
337 9.26 0.00 0.00 2.30 307.80
338 8.95 0.00 0.00 2.00 308.35
339 8.64 0.00 0.00 2.00 310.60
340 8.48 0.00 0.00 2.30 311.46
341 8.32 0.00 0.00 2.90 315.13
342 8.16 0.00 0.00 3.60 314.75
343 8.04 0.00 0.00 4.10 319.27
344 7.93 0.00 0.00 4.70 322.39
345 8.24 10.31 0.00 4.50 321.82
346 8.72 46.38 0.00 4.70 323.98
347 9.12 62.26 0.00 4.70 324.45
348 9.42 79.76 0.00 5.20 325.56
349 9.52 68.99 0.00 6.60 325.81
350 9.62 75.87 0.00 6.00 318.03
351 9.46 41.49 0.00 7.90 324.29
352 9.06 12.81 0.00 7.30 326.19
353 8.48 0.72 0.00 5.20 327.19
354 8.62 0.00 0.00 4.50 324.60
355 8.32 0.00 0.00 5.20 321.52
356 8.03 0.00 0.00 4.50 319.18
357 7.74 0.00 0.00 5.50 316.25
358 7.45 0.00 0.00 4.70 314.04
359 7.16 0.00 0.00 5.70 311.83
360 6.87 0.00 0.00 5.50 309.64
361 6.49 0.00 0.00 5.70 306.95
362 6.05 0.00 0.00 4.70 304.27
363 5.62 0.00 0.00 3.80 302.87
364 5.38 0.00 0.00 2.80 293.54
365 5.14 0.00 0.00 3.40 290.12
366 4.90 0.00 0.00 3.40 289.17
367 4.73 0.00 0.00 4.10 289.02
368 4.55 0.00 0.00 3.60 285.54
369 5.11 15.57 0.00 3.20 291.00
370 6.02 64.72 28.40 4.70 295.58
371 7.57 164.38 313.75 4.50 287.27
372 8.78 210.92 421.15 5.00 287.14
373 9.26 181.58 209.87 4.70 292.57
374 9.87 228.64 498.85 6.30 286.33
375 9.69 130.69 298.14 8.90 294.24
376 8.65 22.39 0.00 6.30 308.52
377 8.51 1.01 0.00 7.30 308.83
378 8.38 0.00 0.00 5.20 305.08
379 8.24 0.00 0.00 4.50 305.94
380 8.10 0.00 0.00 4.70 308.30
381 7.96 0.00 0.00 4.10 305.27
382 7.83 0.00 0.00 3.80 303.29
383 7.69 0.00 0.00 4.30 307.42
384 7.55 0.00 0.00 3.80 311.44
385 7.60 0.00 0.00 4.70 313.47
386 7.69 0.00 0.00 4.10 313.16
387 7.77 0.00 0.00 3.20 316.37
388 7.84 0.00 0.00 4.50 315.10
389 7.90 0.00 0.00 4.70 315.35
390 7.96 0.00 0.00 3.40 313.59
391 8.02 0.00 0.00 3.80 314.33
392 8.07 0.00 0.00 3.40 316.81
393 8.75 13.01 0.00 3.10 318.58
394 9.41 38.06 0.00 3.20 321.92
395 9.55 31.55 0.00 3.20 326.03
396 11.09 148.67 96.27 3.80 312.07
397 11.90 135.88 25.80 4.30 319.03
398 12.42 131.12 78.43 4.70 320.75
399 12.21 62.52 0.00 6.00 326.48
400 11.84 44.27 84.03 6.00 324.98
401 11.67 2.23 0.00 5.70 315.31
402 11.47 0.00 0.00 6.30 313.35
403 11.27 0.00 0.00 7.30 313.13
404 11.08 0.00 0.00 9.30 309.67
405 10.88 0.00 0.00 9.90 311.44
406 10.68 0.00 0.00 9.90 313.04
407 10.48 0.00 0.00 9.30 313.24
408 10.28 0.00 0.00 10.50 311.04
409 9.93 0.00 0.00 10.50 314.47
410 9.57 0.00 0.00 10.50 315.30
411 8.96 0.00 0.00 12.20 323.09
412 9.01 0.00 0.00 14.10 324.37
413 8.77 0.00 0.00 12.80 324.23
414 8.49 0.00 0.00 11.80 324.85
415 7.84 0.00 0.00 7.90 327.04
416 8.28 0.00 0.00 7.50 328.53
417 8.46 3.71 0.00 7.90 334.07
418 8.53 9.18 0.00 7.90 334.61
419 8.67 21.43 0.00 7.00 327.29
420 8.75 23.78 0.00 8.30 331.57
421 8.76 23.06 0.00 7.90 333.71
422 9.53 158.65 187.39 7.90 311.31
423 9.81 104.56 102.68 7.90 316.18
424 9.74 42.83 52.20 7.90 321.09
425 9.43 2.20 0.00 6.30 320.64
426 9.11 0.00 0.00 7.90 317.60
427 8.79 0.00 0.00 8.60 315.86
428 8.47 0.00 0.00 9.30 311.70
429 8.16 0.00 0.00 7.90 310.67
430 7.84 0.00 0.00 6.60 310.93
431 7.52 0.00 0.00 7.30 308.01
432 7.20 0.00 0.00 7.00 307.52
433 6.95 0.00 0.00 7.90 307.23
434 6.71 0.00 0.00 8.90 307.47
435 6.47 0.00 0.00 8.60 305.74
436 6.35 0.00 0.00 6.00 302.55
437 6.23 0.00 0.00 6.30 301.77
438 6.12 0.00 0.00 6.00 297.81
439 6.04 0.00 0.00 7.50 293.71
440 5.96 0.00 0.00 5.50 293.69
441 6.73 21.40 0.00 4.50 297.66
442 8.17 102.89 248.98 7.00 303.44
443 9.14 144.34 154.47 6.60 302.18
444 9.57 137.09 50.25 5.70 306.16
445 9.62 108.30 0.71 6.30 307.07
446 9.72 118.01 43.96 7.00 303.77
447 9.12 34.28 0.00 7.30 309.47
448 8.45 5.66 0.00 7.50 312.82
449 8.15 2.19 0.00 5.20 311.59
450 7.84 0.00 0.00 4.30 313.67
451 7.53 0.00 0.00 4.10 314.16
452 7.23 0.00 0.00 2.90 312.02
453 6.92 0.00 0.00 2.80 313.15
454 6.61 0.00 0.00 2.80 310.31
455 6.31 0.00 0.00 4.70 309.98
456 6.00 0.00 0.00 3.40 309.47
457 5.67 0.00 0.00 4.10 309.76
458 5.31 0.00 0.00 3.60 308.88
459 4.96 0.00 0.00 2.60 309.69
460 4.64 0.00 0.00 2.30 308.56
461 4.58 0.00 0.00 2.60 311.06
462 4.37 0.00 0.00 3.10 310.01
463 4.26 0.00 0.00 2.90 309.36
464 4.13 0.00 0.00 3.60 309.62
465 4.25 3.65 0.00 3.80 310.16
466 4.54 19.48 0.00 3.60 309.87
467 4.88 39.06 0.00 3.40 309.50
468 4.98 33.79 0.00 3.10 308.89
469 4.96 24.20 0.00 2.60 308.55
470 6.10 202.92 279.31 2.40 283.27
471 6.65 156.02 472.27 1.30 282.03
472 6.61 66.96 315.70 0.60 281.30
473 6.33 4.28 0.00 0.70 280.48
474 6.04 0.00 0.00 0.70 281.16
475 5.75 0.00 0.00 1.20 281.67
476 5.46 0.00 0.00 0.90 282.06
477 5.17 0.00 0.00 0.90 282.77
478 4.88 0.00 0.00 1.70 285.60
479 4.59 0.00 0.00 1.70 287.11
480 4.30 0.00 0.00 1.70 288.12
481 4.09 0.00 0.00 2.30 289.28
482 3.84 0.00 0.00 2.60 287.73
483 3.59 0.00 0.00 1.60 285.04
484 3.45 0.00 0.00 2.50 285.46
485 3.30 0.00 0.00 2.30 287.51
486 3.16 0.00 0.00 2.50 290.84
487 3.05 0.00 0.00 2.50 293.35
488 2.94 0.00 0.00 2.50 293.61
489 3.51 14.67 0.00 2.40 296.94
490 3.83 31.84 0.00 3.10 293.77
491 4.90 103.51 16.02 3.40 287.42
492 5.49 110.68 2.92 4.30 293.27
493 5.51 77.04 0.00 4.10 302.68
494 5.68 92.58 0.00 4.50 297.40
495 5.70 81.37 8.57 4.10 297.18
496 5.36 39.14 8.11 5.00 295.08
497 5.27 2.75 0.00 4.50 295.78
498 5.18 0.00 0.00 3.80 290.16
499 5.09 0.00 0.00 4.70 289.81
500 5.00 0.00 0.00 5.00 290.15
501 4.91 0.00 0.00 4.50 293.67
502 4.62 0.00 0.00 4.50 296.28
503 4.73 0.00 0.00 4.50 293.01
504 4.64 0.00 0.00 3.40 291.26
505 4.70 0.00 0.00 2.80 290.05
506 4.76 0.00 0.00 3.40 288.16
507 4.82 0.00 0.00 2.40 289.20
508 4.85 0.00 0.00 2.10 287.46
509 4.88 0.00 0.00 2.60 287.03
510 4.91 0.00 0.00 2.20 288.20
511 4.93 0.00 0.00 1.70 288.24
512 4.95 0.00 0.00 2.00 288.69
513 6.63 32.77 119.83 2.30 286.09
514 8.64 111.38 265.89 2.90 291.21
515 9.80 140.68 117.49 2.20 295.21
516 10.83 175.27 114.56 2.60 295.29
517 11.30 161.36 68.27 3.20 299.19
518 11.26 121.19 25.59 2.50 301.40
519 11.16 116.12 149.26 2.50 294.03
520 10.65 76.15 205.69 2.40 291.58
521 10.47 7.29 0.00 1.90 291.64
522 10.28 0.00 0.00 2.00 294.87
523 10.09 0.00 0.00 0.80 294.69
524 9.91 0.00 0.00 1.50 297.12
525 9.72 0.00 0.00 1.20 299.21
526 9.53 0.00 0.00 1.00 302.49
527 9.35 0.00 0.00 1.30 306.53
528 9.16 0.00 0.00 1.00 304.90
529 8.98 0.00 0.00 1.30 300.95
530 8.79 0.00 0.00 2.30 305.46
531 8.60 0.00 0.00 2.80 309.72
532 8.50 0.00 0.00 3.40 313.12
533 8.40 0.00 0.00 2.90 314.96
534 8.30 0.00 0.00 3.10 316.06
535 8.23 0.00 0.00 2.80 319.66
536 8.17 0.00 0.00 2.40 321.12
537 8.73 13.34 0.00 2.00 322.00
538 9.29 39.83 0.00 1.90 327.48
539 9.71 63.02 0.00 1.50 329.29
540 9.83 73.42 0.00 1.70 331.57
541 10.38 72.75 0.00 1.30 331.22
542 10.64 89.04 0.00 1.90 328.35
543 10.80 86.43 15.88 2.10 325.12
544 10.65 47.38 44.51 2.20 318.42
545 10.38 3.90 0.00 2.60 318.69
546 10.10 0.00 0.00 2.60 318.08
547 9.83 0.00 0.00 2.50 318.00
548 9.51 0.00 0.00 1.60 321.11
549 9.27 0.00 0.00 1.60 321.22
550 9.00 0.00 0.00 1.70 323.05
551 8.72 0.00 0.00 1.60 321.92
552 8.45 0.00 0.00 2.00 322.76
553 8.02 0.00 0.00 2.10 319.91
554 7.91 0.00 0.00 1.50 319.27
555 7.71 0.00 0.00 1.50 321.59
556 7.58 0.00 0.00 2.10 320.13
557 7.46 0.00 0.00 2.10 317.63
558 7.33 0.00 0.00 1.70 317.58
559 7.25 0.00 0.00 2.20 316.03
560 7.16 0.00 0.00 2.20 315.34
561 7.64 13.26 0.00 2.60 316.74
562 8.07 42.30 0.00 2.30 314.46
563 8.04 62.70 0.00 3.40 317.16
564 9.02 91.37 0.00 3.10 317.16
565 9.27 83.13 0.00 3.80 319.93
566 9.36 73.84 0.00 4.50 320.60
567 9.23 47.55 0.00 4.70 321.62
568 8.98 26.64 0.00 5.20 319.91
569 8.65 3.11 0.00 7.00 317.52
570 8.33 0.00 0.00 6.60 315.13
571 8.01 0.00 0.00 5.20 312.76
572 7.69 0.00 0.00 5.20 310.40
573 7.37 0.00 0.00 5.00 308.05
574 7.04 0.00 0.00 6.30 305.71
575 6.72 0.00 0.00 6.00 293.44
576 6.40 0.00 0.00 4.70 292.39
577 5.48 0.00 0.00 5.70 290.78
578 4.49 0.00 0.00 5.70 288.08
579 3.50 0.00 0.00 7.00 284.91
580 2.97 0.00 0.00 6.60 283.83
581 2.44 0.00 0.00 6.60 280.69
582 1.91 0.00 0.00 5.20 275.42
583 1.53 0.00 0.00 6.00 273.78
584 1.15 0.00 0.00 5.00 268.32
585 2.26 39.11 118.36 3.60 269.93
586 2.94 88.63 84.20 3.60 269.74
587 4.56 231.24 476.79 3.80 256.57
588 5.74 285.55 687.12 4.10 258.62
589 6.49 295.51 698.52 5.50 259.15
590 6.77 259.42 465.23 6.30 261.87
591 5.41 25.41 0.00 6.00 287.58
592 4.76 85.40 208.47 7.30 260.28
593 4.26 11.57 0.00 5.70 260.29
594 3.76 0.00 0.00 6.00 255.27
595 3.26 0.00 0.00 5.00 255.66
596 2.76 0.00 0.00 6.30 256.08
597 2.26 0.00 0.00 4.70 253.66
598 1.76 0.00 0.00 4.10 252.78
599 1.26 0.00 0.00 3.60 249.95
600 0.76 0.00 0.00 2.60 249.04
601 0.55 0.00 0.00 2.60 251.04
602 0.34 0.00 0.00 3.20 251.77
603 0.14 0.00 0.00 2.30 250.52
604 0.04 0.00 0.00 2.60 248.73
605 -0.06 0.00 0.00 2.60 251.41
606 -0.15 0.00 0.00 2.60 252.01
607 -0.21 0.00 0.00 3.80 251.76
608 -0.27 0.00 0.00 2.60 253.64
609 -0.10 4.09 0.00 2.90 255.33
610 2.74 143.01 430.84 3.10 263.81
611 4.90 231.83 512.29 3.20 263.65
612 5.87 219.83 249.46 3.80 271.55
613 6.00 164.70 79.16 3.10 278.42
614 6.74 260.51 458.74 3.80 270.59
615 5.84 78.26 0.00 2.90 289.36
616 4.85 42.18 0.00 4.30 289.68
617 3.83 9.02 0.00 3.10 288.61
618 3.83 0.00 0.00 3.40 292.83
619 3.82 0.00 0.00 4.10 292.64
620 3.82 0.00 0.00 3.60 295.73
621 3.82 0.00 0.00 5.00 294.75
622 3.82 0.00 0.00 3.80 294.21
623 3.82 0.00 0.00 5.00 294.93
624 3.81 0.00 0.00 4.10 300.94
625 3.77 0.00 0.00 3.40 297.62
626 3.74 0.00 0.00 4.70 302.21
627 3.71 0.00 0.00 5.70 302.70
628 3.71 0.00 0.00 6.30 302.94
629 3.67 0.00 0.00 4.70 300.83
630 3.65 0.00 0.00 5.50 300.99
631 3.69 0.00 0.00 6.60 302.38
632 3.69 0.00 0.00 7.00 302.65
633 4.09 12.97 0.00 7.00 304.27
634 4.06 38.96 0.00 7.50 305.31
635 5.10 61.38 0.00 7.00 304.91
636 5.80 74.89 0.00 11.20 304.07
637 6.09 80.51 0.00 9.90 305.42
638 6.26 62.98 0.00 6.30 305.46
639 6.11 41.09 0.00 7.00 308.55
640 5.83 22.63 0.00 7.30 308.51
641 5.45 3.38 0.00 6.60 307.04
642 5.33 0.00 0.00 7.30 306.17
643 5.21 0.00 0.00 5.70 304.24
644 5.10 0.00 0.00 6.30 304.64
645 4.98 0.00 0.00 5.20 305.59
646 4.86 0.00 0.00 4.70 302.35
647 4.74 0.00 0.00 3.60 295.53
648 4.50 0.00 0.00 4.30 294.74
649 4.46 0.00 0.00 2.80 293.57
650 4.32 0.00 0.00 3.20 292.82
651 4.18 0.00 0.00 3.10 290.90
652 4.12 0.00 0.00 3.40 289.88
653 4.07 0.00 0.00 2.90 288.74
654 4.01 0.00 0.00 2.10 288.77
655 3.98 0.00 0.00 2.00 288.23
656 3.96 0.00 0.00 1.50 289.88
657 5.47 42.83 146.35 2.10 293.14
658 6.52 101.34 90.93 1.70 294.34
659 7.61 163.48 123.81 1.30 285.50
660 8.28 177.25 82.20 2.00 292.98
661 8.69 176.31 85.74 1.30 294.90
662 8.01 59.89 0.00 0.60 306.77
663 7.33 37.11 0.00 0.60 309.55
664 6.61 7.48 0.00 0.80 311.70
665 6.06 7.69 0.00 0.60 311.15
666 6.05 0.00 0.00 0.80 310.70
667 6.03 0.00 0.00 1.20 314.54
668 6.01 0.00 0.00 1.20 314.69
669 6.00 0.00 0.00 1.50 312.11
670 5.98 0.00 0.00 2.20 312.76
671 5.96 0.00 0.00 2.00 313.37
672 5.95 0.00 0.00 1.10 316.12
673 5.78 0.00 0.00 1.00 312.18
674 5.67 0.00 0.00 0.90 311.07
675 5.15 0.00 0.00 0.50 314.90
676 5.53 0.00 0.00 0.50 315.78
677 5.47 0.00 0.00 0.70 316.26
678 5.42 0.00 0.00 1.60 315.69
679 5.38 0.00 0.00 1.00 314.48
680 5.34 0.31 0.00 0.40 314.78
681 5.90 13.05 0.00 0.40 315.74
682 6.43 37.92 0.00 0.20 311.02
683 6.83 54.03 0.00 0.30 311.85
684 7.13 62.56 0.00 0.40 313.61
685 7.34 66.97 0.00 0.20 312.16
686 7.21 56.67 0.00 0.10 314.85
687 7.32 46.93 0.00 0.20 314.81
688 6.18 23.92 0.00 0.40 318.98
689 6.57 3.89 0.00 0.50 319.22
690 6.51 0.00 0.00 0.30 316.30
691 6.39 0.00 0.00 0.40 316.39
692 6.02 0.00 0.00 0.30 312.21
693 5.93 0.00 0.00 0.20 311.58
694 5.70 0.00 0.00 0.10 309.20
695 5.41 0.00 0.00 0.40 305.55
696 5.22 0.00 0.00 0.40 302.19
697 5.00 0.00 0.00 0.60 301.36
698 4.70 0.00 0.00 0.90 299.33
699 4.39 0.00 0.00 0.80 296.61
700 4.21 0.00 0.00 1.50 294.55
701 4.02 0.00 0.00 1.60 292.51
702 3.84 0.00 0.00 1.70 290.47
703 3.70 0.00 0.00 1.50 288.66
704 3.55 1.09 0.00 1.60 286.86
705 6.05 55.24 145.29 1.00 299.15
706 6.60 81.76 26.08 0.50 308.75
707 8.62 203.11 233.38 0.70 299.11
708 8.08 72.08 0.00 0.90 317.93
709 8.21 124.30 2.09 0.60 316.04
710 8.66 173.73 113.45 0.50 311.01
711 8.86 158.62 259.98 0.50 307.03
712 8.48 91.38 287.45 0.70 306.78
713 7.54 19.79 5.92 1.10 306.01
714 7.54 0.00 0.00 1.00 303.17
715 7.55 0.00 0.00 1.60 306.54
716 7.55 0.00 0.00 1.20 310.37
717 7.56 0.00 0.00 1.30 309.89
718 7.56 0.00 0.00 1.50 307.55
719 7.57 0.00 0.00 1.30 310.07
720 7.57 0.00 0.00 0.90 308.32
721 7.75 0.00 0.00 0.90 309.12
722 8.08 0.00 0.00 1.20 312.21
723 8.41 0.00 0.00 2.30 309.63
724 8.65 0.00 0.00 1.90 309.38
725 8.88 0.00 0.00 0.80 309.47
726 9.12 0.00 0.00 0.90 308.21
727 9.33 0.00 0.00 1.20 312.47
728 9.54 1.01 0.00 1.20 321.35
729 10.60 25.32 0.00 1.30 324.74
730 12.47 120.44 168.94 1.30 313.17
731 14.03 189.74 247.05 1.10 313.94
732 13.62 173.27 74.14 1.60 317.96
733 13.62 196.80 114.72 1.20 317.66
734 13.62 122.73 12.63 0.70 324.13
735 14.48 23.36 0.00 0.90 335.95
736 13.78 10.69 0.00 1.20 333.56
737 13.23 7.01 0.00 1.90 336.33
738 13.11 0.00 0.00 2.10 337.46
739 13.00 0.00 0.00 2.20 334.68
740 12.88 0.00 0.00 2.10 332.28
741 12.76 0.00 0.00 2.00 333.48
742 12.64 0.00 0.00 1.60 331.84
743 12.52 0.00 0.00 1.20 332.20
744 12.40 0.00 0.00 1.20 328.90
745 11.69 0.00 0.00 0.80 324.78
746 10.82 0.00 0.00 0.60 323.43
747 9.95 0.00 0.00 1.00 319.36
748 9.47 0.00 0.00 1.60 321.22
749 8.99 0.00 0.00 2.60 320.20
750 8.51 0.00 0.00 2.80 319.97
751 8.16 0.00 0.00 3.30 318.96
752 7.81 1.29 0.00 2.90 317.83
753 8.01 27.06 0.00 2.60 315.47
754 8.14 66.91 0.00 2.90 310.66
755 8.38 138.69 52.65 2.90 303.31
756 8.48 145.62 14.92 2.60 303.17
757 8.51 147.90 13.61 2.20 304.20
758 8.50 152.24 40.88 2.20 300.66
759 8.50 168.33 240.60 1.90 293.34
760 8.28 62.06 31.76 1.70 302.83
761 7.98 12.37 0.00 1.30 299.40
762 7.49 0.00 0.00 1.00 297.25
763 7.00 0.00 0.00 1.10 293.41
764 6.51 0.00 0.00 0.90 287.35
765 6.02 0.00 0.00 0.40 282.87
766 5.53 0.00 0.00 0.60 278.41
767 5.04 0.00 0.00 0.10 276.26
768 4.56 0.00 0.00 0.20 276.28
769 4.41 0.00 0.00 0.40 276.16
770 4.24 0.00 0.00 0.40 271.03
771 4.07 0.00 0.00 0.20 268.34
772 3.97 0.00 0.00 0.80 266.88
773 3.88 0.00 0.00 1.10 263.56
774 3.78 0.00 0.00 0.70 267.84
775 3.71 0.00 0.00 0.30 265.14
776 3.64 3.27 0.00 0.30 262.95
777 5.85 83.32 526.74 0.10 270.40
778 7.48 206.36 434.66 0.60 269.59
779 6.64 53.38 0.00 0.80 295.01
780 6.03 27.17 0.00 0.80 298.05
781 5.89 71.47 0.00 0.40 295.02
782 7.03 347.05 551.11 0.90 267.13
783 7.45 248.70 646.09 1.10 275.19
784 7.07 85.17 148.78 1.20 290.12
785 6.44 19.26 0.00 1.30 288.32
786 6.34 0.00 0.00 1.80 286.82
787 6.25 0.00 0.00 0.90 289.04
788 6.16 0.00 0.00 0.60 290.99
789 6.06 0.00 0.00 0.20 286.37
790 5.97 0.00 0.00 0.60 286.78
791 5.88 0.00 0.00 0.70 289.75
792 5.78 0.00 0.00 0.20 285.66
793 5.78 0.00 0.00 0.60 284.59
794 5.85 0.00 0.00 0.40 286.96
795 5.93 0.00 0.00 0.90 285.32
796 6.01 0.00 0.00 0.90 284.04
797 6.09 0.00 0.00 0.90 282.02
798 6.16 0.00 0.00 0.60 280.56
799 6.24 0.00 0.00 0.20 277.25
800 6.32 3.93 0.00 0.60 279.59
801 7.95 85.63 520.97 0.80 281.75
802 9.13 208.16 725.83 0.90 275.74
803 10.20 311.67 691.35 0.60 272.51
804 10.56 262.26 243.84 0.90 284.80
805 9.88 93.39 0.00 0.90 303.67
806 9.11 25.30 0.00 0.90 307.80
807 8.56 19.12 0.00 1.00 308.20
808 8.13 10.56 0.00 1.20 307.74
809 7.80 3.81 0.00 1.40 303.51
810 7.77 0.00 0.00 0.80 302.94
811 7.75 0.00 0.00 0.80 303.77
812 7.72 0.00 0.00 0.70 302.89
813 7.70 0.00 0.00 0.80 301.83
814 7.67 0.00 0.00 1.00 298.86
815 7.65 0.00 0.00 0.90 296.11
816 7.62 0.00 0.00 1.10 296.35
817 7.25 0.00 0.00 1.40 298.06
818 6.86 0.00 0.00 2.20 294.20
819 6.47 0.00 0.00 2.80 290.10
820 6.27 0.00 0.00 3.30 285.33
821 6.06 0.00 0.00 2.40 284.06
822 5.86 0.00 0.00 1.70 285.26
823 5.72 0.00 0.00 1.20 282.45
824 5.58 2.68 0.00 0.70 280.28
825 6.68 61.48 202.72 1.10 278.22
826 7.42 145.69 275.75 1.20 273.71
827 8.33 255.77 419.90 1.20 270.89
828 8.54 205.71 122.80 1.70 283.76
829 8.58 183.15 53.39 1.30 287.60
830 8.57 174.20 88.74 1.70 285.76
831 7.95 34.04 0.00 1.60 298.73
832 7.39 10.81 0.00 1.70 304.63
833 6.95 12.31 0.00 1.40 303.93
834 6.70 0.00 0.00 0.90 301.38
835 6.44 0.00 0.00 1.70 297.06
836 6.19 0.00 0.00 1.90 298.75
837 5.94 0.00 0.00 1.70 302.39
838 5.69 0.00 0.00 1.20 298.66
839 5.43 0.00 0.00 1.10 295.35
840 5.18 0.00 0.00 1.70 288.03
841 5.00 0.00 0.00 1.30 289.03
842 4.83 0.00 0.00 1.20 285.74
843 4.66 0.00 0.00 1.60 285.19
844 4.58 0.00 0.00 2.40 283.38
845 4.49 0.00 0.00 2.00 283.48
846 4.41 0.00 0.00 2.80 278.94
847 4.36 0.00 0.00 2.60 279.55
848 4.30 3.62 0.00 3.50 274.72
849 5.73 51.01 49.84 4.10 283.90
850 6.92 135.60 145.90 3.70 281.53
851 8.08 217.18 330.51 3.30 279.05
852 9.14 285.86 415.16 3.90 278.16
853 10.30 379.23 726.60 3.10 271.54
854 10.94 348.42 851.87 2.30 274.96
855 11.15 287.57 794.09 1.70 273.93
856 10.67 162.71 660.28 1.90 282.71
857 9.63 35.46 242.80 2.00 280.13
858 9.32 0.00 0.00 3.10 280.40
859 9.00 0.00 0.00 3.10 280.36
860 8.69 0.00 0.00 3.50 281.71
861 8.37 0.00 0.00 3.60 280.62
862 8.05 0.00 0.00 2.90 282.63
863 7.74 0.00 0.00 3.70 283.82
864 7.42 0.00 0.00 4.10 287.90
865 7.08 0.00 0.00 4.30 285.47
866 6.69 0.00 0.00 3.50 287.93
867 6.29 0.00 0.00 1.80 285.19
868 6.06 0.00 0.00 2.30 285.81
869 5.84 0.00 0.00 2.20 287.67
870 5.61 0.00 0.00 2.40 284.59
871 5.44 0.00 0.00 2.80 287.16
872 5.27 5.65 0.00 2.90 286.45
873 7.84 100.23 589.05 2.60 295.96
874 9.49 230.68 745.72 3.10 288.73
875 10.95 339.31 619.52 2.60 291.51
876 10.78 205.78 120.58 2.90 312.00
877 11.19 308.45 458.84 3.30 303.49
878 11.48 315.43 597.13 4.10 299.29
879 11.56 286.44 779.12 3.50 294.20
880 11.00 165.80 668.38 3.70 295.95
881 9.92 36.65 242.61 2.80 295.55
882 9.69 0.00 0.00 2.90 297.05
883 9.45 0.00 0.00 3.30 300.55
884 9.21 0.00 0.00 2.80 302.59
885 8.97 0.00 0.00 3.70 306.03
886 8.74 0.00 0.00 3.30 304.69
887 8.50 0.00 0.00 2.60 304.49
888 8.26 0.00 0.00 2.90 303.46
889 8.24 0.00 0.00 3.50 299.63
890 8.23 0.00 0.00 3.60 305.30
891 8.22 0.00 0.00 3.90 309.66
892 8.22 0.00 0.00 4.90 310.62
893 8.22 0.00 0.00 5.40 311.33
894 8.22 0.00 0.00 4.10 310.89
895 8.23 0.00 0.00 5.10 309.11
896 8.23 5.08 0.00 4.70 310.57
897 9.91 65.82 176.85 3.60 316.98
898 10.67 124.93 107.49 2.90 320.44
899 11.53 196.17 134.62 1.90 319.59
900 12.02 204.23 82.90 2.20 323.61
901 12.24 188.72 47.27 1.80 325.10
902 12.31 170.06 56.36 1.40 327.41
903 11.84 80.82 0.00 1.70 335.76
904 11.13 13.66 0.00 2.20 341.61
905 10.58 13.39 0.00 2.40 338.55
906 10.62 0.00 0.00 2.20 340.85
907 10.67 0.00 0.00 2.60 340.31
908 10.71 0.00 0.00 1.60 339.24
909 10.75 0.00 0.00 1.20 339.43
910 10.80 0.00 0.00 1.40 341.25
911 10.84 0.00 0.00 1.30 342.77
912 10.89 0.00 0.00 1.60 338.14
913 10.83 0.00 0.00 2.30 339.92
914 10.79 0.00 0.00 1.60 340.27
915 10.71 0.00 0.00 1.00 341.36
916 10.85 0.00 0.00 1.90 344.79
917 10.86 0.00 0.00 1.70 344.37
918 10.86 0.00 0.00 2.20 342.22
919 10.88 0.00 0.00 2.80 339.94
920 10.89 3.10 0.00 2.40 336.93
921 11.71 27.76 0.00 2.00 335.30
922 12.15 56.99 0.00 2.00 337.83
923 12.85 113.19 0.00 2.00 334.92
924 13.32 128.34 0.00 2.60 332.75
925 13.42 94.59 0.00 3.10 333.23
926 13.44 84.19 0.00 2.00 330.46
927 13.60 117.60 16.45 2.30 324.28
928 12.97 53.08 0.00 3.10 341.89
929 13.03 12.52 0.00 2.90 337.79
930 12.76 0.00 0.00 2.00 335.38
931 12.49 0.00 0.00 2.80 332.97
932 12.22 0.00 0.00 3.50 330.58
933 11.95 0.00 0.00 3.70 328.19
934 11.68 0.00 0.00 2.90 325.82
935 11.41 0.00 0.00 2.60 323.45
936 11.14 0.00 0.00 2.20 321.10
937 10.51 0.00 0.00 1.80 316.83
938 9.85 0.00 0.00 1.90 312.34
939 9.18 0.00 0.00 2.00 301.96
940 8.82 0.00 0.00 1.60 299.59
941 8.46 0.00 0.00 1.20 296.49
942 8.11 0.00 0.00 2.30 294.96
943 7.85 0.00 0.00 2.30 293.39
944 7.60 7.33 0.00 1.90 290.17
945 9.06 80.62 272.27 2.40 294.31
946 10.30 219.64 576.17 3.30 288.85
947 11.21 304.62 611.26 2.90 285.28
948 11.48 269.54 261.02 2.80 295.27
949 11.45 221.32 90.83 2.40 302.21
950 11.26 191.44 85.92 2.40 302.28
951 11.15 202.40 216.69 2.60 296.01
952 10.31 12.09 0.00 3.10 319.87
953 9.66 15.29 0.00 4.10 314.08
954 9.11 0.00 0.00 3.50 311.31
955 8.57 0.00 0.00 3.50 306.75
956 8.02 0.00 0.00 2.90 303.79
957 7.47 0.00 0.00 3.10 301.79
958 6.92 0.00 0.00 2.00 297.42
959 6.38 0.00 0.00 2.90 297.76
960 5.83 0.00 0.00 3.50 296.48
961 5.46 0.00 0.00 2.80 294.39
962 5.07 0.00 0.00 2.20 290.78
963 4.67 0.00 0.00 3.50 285.67
964 4.47 0.00 0.00 3.10 282.53
965 4.26 0.00 0.00 3.10 282.06
966 4.05 0.00 0.00 2.80 280.61
967 3.90 0.00 0.00 3.90 277.94
968 3.75 8.31 0.00 3.30 276.73
969 6.33 107.85 386.69 2.80 278.91
970 7.50 206.80 473.80 2.80 275.86
971 8.14 239.68 306.38 2.80 282.89
972 8.57 259.60 180.24 2.30 284.70
973 8.73 242.10 147.07 2.60 288.56
974 8.24 144.18 15.69 2.20 292.91
975 8.36 223.69 344.79 1.90 277.79
976 7.99 136.67 392.67 2.30 281.33
977 7.23 36.25 162.44 2.00 279.73
978 6.74 0.00 0.00 2.80 280.06
979 6.24 0.00 0.00 2.90 283.11
980 5.74 0.00 0.00 2.60 282.84
981 5.25 0.00 0.00 1.60 283.58
982 4.75 0.00 0.00 1.20 283.62
983 4.25 0.00 0.00 1.30 284.51
984 3.76 0.00 0.00 1.10 285.98
985 3.36 0.00 0.00 0.40 287.29
986 2.91 0.00 0.00 0.40 288.95
987 2.46 0.00 0.00 0.40 286.33
988 2.22 0.00 0.00 0.40 287.91
989 1.97 0.00 0.00 0.70 287.71
990 1.72 0.00 0.00 1.00 285.86
991 1.54 0.00 0.00 1.90 285.64
992 1.35 4.17 0.00 2.00 288.05
993 1.91 37.43 0.00 2.00 287.68
994 2.21 121.52 62.46 1.20 284.08
995 3.08 189.26 108.10 1.20 278.84
996 3.22 162.08 16.63 1.30 281.18
997 3.06 107.37 0.00 1.80 283.80
998 2.89 99.24 0.00 2.60 283.14
999 2.59 54.29 0.00 3.70 285.36
1000 2.33 48.71 0.00 4.90 284.13
1001 1.99 7.99 0.00 4.10 281.48
1002 1.91 0.00 0.00 3.70 279.78
1003 1.83 0.00 0.00 5.90 280.06
1004 1.75 0.00 0.00 5.10 277.92
1005 1.57 0.00 0.00 5.10 280.35
1006 1.59 0.00 0.00 5.40 280.72
1007 1.47 0.00 0.00 7.00 275.72
1008 1.43 0.00 0.00 6.80 277.89
1009 1.56 0.00 0.00 7.50 278.64
1010 1.69 0.00 0.00 8.00 281.19
1011 1.81 0.00 0.00 8.00 281.19
1012 1.87 0.00 0.00 8.20 282.93
1013 1.73 0.00 0.00 8.00 279.56
1014 1.92 0.00 0.00 8.80 279.81
1015 2.00 0.00 0.00 8.30 280.85
1016 2.20 5.86 0.00 7.00 283.43
1017 3.08 55.35 20.66 6.50 285.49
1018 3.83 93.99 1.07 6.50 286.81
1019 4.94 177.40 74.99 6.50 278.44
1020 5.43 151.84 8.32 4.90 289.26
1021 5.57 122.12 0.00 4.40 290.32
1022 5.50 93.70 0.00 4.90 296.55
1023 5.32 77.52 0.00 4.70 299.02
1024 5.12 69.37 0.00 4.70 296.05
1025 4.65 18.45 0.00 4.40 296.25
1026 4.84 0.00 0.00 3.30 299.81
1027 5.04 0.00 0.00 3.90 297.29
1028 5.23 0.00 0.00 4.40 298.99
1029 5.43 0.00 0.00 4.90 300.00
1030 5.62 0.00 0.00 5.40 295.68
1031 5.82 0.00 0.00 6.50 296.63
1032 6.01 0.00 0.00 7.30 299.74
1033 6.04 0.00 0.00 7.00 300.53
1034 6.08 0.00 0.00 6.50 298.30
1035 6.09 0.00 0.00 5.90 303.15
1036 6.15 0.00 0.00 5.60 304.69
1037 6.17 0.00 0.00 6.10 307.63
1038 6.19 0.00 0.00 6.50 310.53
1039 6.22 0.00 0.00 7.60 311.52
1040 6.46 7.49 0.00 6.80 312.56
1041 6.96 38.84 0.00 6.10 313.91
1042 7.67 91.49 0.00 5.40 310.86
1043 8.72 179.39 73.22 6.80 302.35
1044 9.67 231.53 115.63 4.70 301.44
1045 10.06 182.53 25.62 4.70 309.32
1046 10.45 208.57 95.50 4.90 309.67
1047 10.27 104.34 0.00 6.50 320.69
1048 9.62 17.22 0.00 7.50 331.71
1049 9.04 4.48 0.00 6.10 329.85
1050 9.13 0.00 0.00 7.50 329.93
1051 9.23 0.00 0.00 6.50 331.72
1052 9.32 0.00 0.00 4.30 329.54
1053 9.42 0.00 0.00 2.40 330.03
1054 9.51 0.00 0.00 2.30 333.31
1055 9.61 0.00 0.00 2.00 335.41
1056 9.70 0.00 0.00 2.60 336.17
1057 9.66 0.00 0.00 2.00 328.77
1058 9.61 0.00 0.00 2.40 331.51
1059 9.61 0.00 0.00 2.00 333.52
1060 9.61 0.00 0.00 1.90 334.87
1061 9.61 0.00 0.00 2.00 337.65
1062 9.61 0.00 0.00 2.90 337.35
1063 9.61 0.00 0.00 3.90 337.05
1064 9.80 5.09 0.00 5.10 337.80
1065 10.22 31.44 0.00 4.90 338.24
1066 10.65 52.22 0.00 6.50 337.91
1067 11.01 89.76 0.00 6.50 337.21
1068 11.62 110.62 0.00 6.80 336.95
1069 11.91 107.21 0.00 7.80 335.82
1070 12.07 97.96 0.00 7.30 334.29
1071 12.07 79.69 0.00 4.70 336.25
1072 12.02 51.06 0.00 5.10 330.17
1073 11.76 19.56 0.00 4.40 330.75
1074 11.48 0.00 0.00 4.40 331.55
1075 11.20 0.00 0.00 4.30 334.55
1076 10.93 0.00 0.00 4.30 332.98
1077 10.65 0.00 0.00 4.30 333.23
1078 10.12 0.00 0.00 4.70 336.49
1079 9.43 0.00 0.00 4.40 332.36
1080 9.73 0.00 0.00 6.50 331.44
1081 9.45 0.00 0.00 5.40 337.60
1082 9.07 0.00 0.00 6.10 336.74
1083 8.69 0.00 0.00 4.90 335.00
1084 8.49 0.00 0.00 5.40 331.36
1085 8.29 0.00 0.00 4.10 333.65
1086 8.15 0.00 0.00 4.70 333.33
1087 8.02 0.00 0.00 7.00 333.00
1088 8.17 5.85 0.00 5.90 334.40
1089 8.20 8.26 0.00 4.40 334.99
1090 8.34 23.46 0.00 4.90 330.02
1091 9.53 173.59 61.40 3.90 310.38
1092 10.17 162.45 8.10 5.60 320.57
1093 10.69 182.70 21.95 7.00 315.49
1094 11.36 255.20 190.46 6.50 306.47
1095 11.66 199.18 174.06 5.90 310.98
1096 11.80 174.44 423.82 5.10 304.52
1097 11.43 62.38 250.29 7.30 303.17
1098 11.08 0.00 0.00 7.00 299.64
1099 10.72 0.00 0.00 6.50 301.09
1100 10.37 0.00 0.00 5.90 302.49
1101 10.01 0.00 0.00 5.60 300.93
1102 9.66 0.00 0.00 3.90 302.49
1103 9.30 0.00 0.00 3.70 302.70
1104 8.95 0.00 0.00 4.40 303.70
1105 8.66 0.00 0.00 5.10 302.34
1106 8.41 0.00 0.00 4.30 304.15
1107 8.17 0.00 0.00 3.10 305.38
1108 8.07 0.00 0.00 4.30 304.48
1109 7.97 0.00 0.00 4.70 308.63
1110 7.91 0.00 0.00 4.40 308.01
1111 7.86 0.00 0.00 4.90 305.79
1112 8.13 9.87 0.00 4.40 305.26
1113 8.66 52.57 0.00 3.70 309.10
1114 8.62 20.43 0.00 3.60 323.01
1115 9.60 190.78 89.98 3.60 307.34
1116 11.21 411.61 641.32 3.30 293.04
1117 12.33 422.60 645.66 2.60 293.42
1118 11.89 95.78 0.00 2.90 326.43
1119 11.22 24.35 0.00 3.50 332.12
1120 10.77 40.48 0.00 3.10 326.08
1121 10.29 5.47 0.00 4.40 328.21
1122 10.02 0.41 0.00 4.90 324.28
1123 9.75 0.00 0.00 4.70 317.74
1124 9.47 0.00 0.00 4.30 317.18
1125 9.20 0.00 0.00 4.30 318.60
1126 8.93 0.00 0.00 4.30 318.40
1127 8.66 0.00 0.00 4.10 313.68
1128 8.38 0.00 0.00 3.70 311.55
1129 7.92 0.00 0.00 3.90 307.14
1130 7.42 0.00 0.00 4.30 304.29
1131 6.91 0.00 0.00 4.30 305.04
1132 6.64 0.00 0.00 3.90 299.22
1133 6.37 0.00 0.00 4.40 295.22
1134 6.18 0.00 0.00 5.60 296.53
1135 5.98 0.00 0.00 6.10 294.16
1136 6.12 9.88 0.00 5.40 290.79
1137 7.12 128.76 404.61 4.70 288.34
1138 8.12 247.87 482.45 5.40 285.26
1139 8.20 156.61 27.41 6.10 308.62
1140 8.67 280.81 226.52 6.50 299.38
1141 7.98 33.20 0.00 7.30 324.62
1142 7.65 75.46 0.00 7.30 321.88
1143 7.20 23.75 0.00 7.60 323.85
1144 6.81 14.72 0.00 5.60 319.14
1145 6.64 63.65 162.87 4.90 294.36
1146 6.76 2.23 0.00 5.10 297.22
1147 6.79 0.00 0.00 5.60 304.26
1148 6.99 0.00 0.00 5.90 307.59
1149 7.10 0.00 0.00 5.60 306.90
1150 7.22 0.00 0.00 6.10 307.87
1151 7.34 0.00 0.00 6.50 310.35
1152 7.45 0.00 0.00 6.50 310.91
1153 7.59 0.00 0.00 6.80 316.84
1154 7.68 0.00 0.00 8.20 317.12
1155 6.55 0.00 0.00 6.50 315.38
1156 7.73 0.00 0.00 5.40 318.28
1157 7.64 0.00 0.00 5.40 319.59
1158 8.01 0.00 0.00 5.10 319.83
1159 8.21 0.00 0.00 4.70 323.49
1160 8.14 2.33 0.00 5.90 322.18
1161 8.61 12.53 0.00 5.10 326.30
1162 8.76 22.88 0.00 3.50 323.48
1163 8.77 30.48 0.00 3.30 326.89
1164 9.25 35.26 0.00 2.40 326.12
1165 9.37 36.55 0.00 1.90 326.71
1166 9.50 32.62 0.00 1.60 327.63
1167 9.55 24.96 0.00 1.20 328.19
1168 9.49 15.72 0.00 1.60 328.18
1169 9.38 6.01 0.00 1.20 327.96
1170 9.31 0.29 0.00 1.20 327.44
1171 9.25 0.00 0.00 0.90 326.92
1172 9.15 0.00 0.00 0.80 326.23
1173 8.47 0.00 0.00 1.60 325.68
1174 8.88 0.00 0.00 1.40 324.44
1175 8.93 0.00 0.00 1.40 324.59
1176 8.83 0.00 0.00 1.90 323.84
1177 8.00 0.00 0.00 1.40 322.42
1178 6.90 0.00 0.00 1.00 312.79
1179 5.93 0.00 0.00 2.00 310.56
1180 5.36 0.00 0.00 2.40 307.25
1181 4.78 0.00 0.00 1.70 303.96
1182 4.36 0.00 0.00 2.00 301.52
1183 3.94 0.00 0.00 3.30 299.09
1184 3.75 3.85 0.00 2.00 297.91
1185 3.48 19.41 0.00 1.40 293.13
1186 3.20 35.91 0.00 1.30 291.32
1187 2.95 47.94 0.00 1.40 290.76
1188 2.66 57.22 0.00 1.40 287.82
1189 2.51 57.84 0.00 1.80 289.15
1190 2.33 53.22 0.00 2.30 286.17
1191 2.24 39.54 0.00 2.20 280.88
1192 2.90 26.46 0.00 1.70 282.41
1193 2.72 9.20 0.00 1.70 293.21
1194 2.39 0.57 0.00 1.00 287.45
1195 2.07 0.00 0.00 1.20 287.96
1196 1.60 0.00 0.00 1.40 281.50
1197 1.04 0.00 0.00 2.00 277.69
1198 0.40 0.00 0.00 2.60 278.68
1199 0.24 0.00 0.00 4.10 276.56
1200 -0.94 0.00 0.00 3.60 276.37
1201 -0.13 0.00 0.00 3.30 280.08
1202 -0.14 0.00 0.00 2.90 279.21
1203 -0.14 0.00 0.00 2.60 274.10
1204 -0.14 0.00 0.00 3.10 268.69
1205 -0.14 0.00 0.00 2.20 268.04
1206 -0.14 0.00 0.00 2.00 270.43
1207 -0.13 0.00 0.00 2.40 272.10
1208 0.66 22.31 10.83 3.50 274.03
1209 1.68 79.53 37.59 3.90 273.56
1210 2.91 154.88 71.22 4.70 275.00
1211 4.16 226.28 123.87 4.10 269.77
1212 5.71 339.39 357.14 5.90 268.56
1213 6.76 340.63 354.09 4.90 271.30
1214 7.39 317.87 370.09 5.90 273.29
1215 7.59 254.86 376.05 6.50 276.20
1216 7.36 180.79 401.28 7.00 278.78
1217 6.60 85.53 256.17 5.40 277.70
1218 6.27 4.77 0.00 5.10 277.75
1219 5.95 0.00 0.00 5.60 275.68
1220 5.62 0.00 0.00 5.60 273.17
1221 5.29 0.00 0.00 5.60 275.57
1222 4.96 0.00 0.00 7.30 274.87
1223 4.64 0.00 0.00 5.90 278.16
1224 4.31 0.00 0.00 5.10 281.00
1225 3.94 0.00 0.00 4.40 279.31
1226 3.59 0.00 0.00 5.40 279.74
1227 3.24 0.00 0.00 4.90 280.60
1228 3.07 0.00 0.00 5.10 276.24
1229 2.90 0.00 0.00 4.70 278.73
1230 2.79 0.00 0.00 3.70 280.21
1231 2.68 0.00 0.00 4.10 280.22
1232 3.28 24.43 27.35 5.40 283.56
1233 4.52 125.52 306.83 4.70 290.29
1234 5.77 228.53 424.20 3.90 292.25
1235 7.27 371.95 651.11 3.10 284.08
1236 8.40 418.04 641.30 2.00 284.75
1237 8.62 284.31 149.30 2.80 296.53
1238 8.76 279.92 213.82 2.80 293.02
1239 7.66 30.29 0.00 3.90 313.70
1240 6.73 15.17 0.00 5.10 311.04
1241 5.95 6.26 0.00 5.10 305.26
1242 5.72 3.18 0.00 4.90 302.08
1243 5.48 0.00 0.00 5.40 302.12
1244 5.25 0.00 0.00 5.60 301.05
1245 5.01 0.00 0.00 5.90 298.35
1246 4.78 0.00 0.00 5.10 296.66
1247 4.54 0.00 0.00 4.70 295.55
1248 4.31 0.00 0.00 4.30 289.31
1249 4.02 0.00 0.00 3.30 288.55
1250 3.73 0.00 0.00 3.70 289.15
1251 3.43 0.00 0.00 5.10 289.32
1252 3.29 0.00 0.00 7.00 284.98
1253 3.14 0.00 0.00 5.10 282.81
1254 3.03 0.00 0.00 6.10 279.67
1255 2.93 0.00 0.00 4.90 274.46
1256 3.66 22.52 0.00 4.40 274.72
1257 4.91 99.87 107.01 3.90 279.31
1258 6.68 224.39 375.32 4.90 275.45
1259 8.20 304.00 403.02 3.90 274.73
1260 9.54 369.50 471.15 3.50 270.88
1261 10.25 334.82 282.92 4.30 278.65
1262 10.31 241.35 100.81 5.10 282.36
1263 10.30 227.68 182.06 5.40 279.49
1264 10.09 194.27 436.30 6.10 273.22
1265 9.33 88.13 292.57 5.90 277.45
1266 8.63 6.59 0.00 6.10 277.36
1267 7.93 0.00 0.00 6.50 278.52
1268 7.23 0.00 0.00 4.40 276.73
1269 6.53 0.00 0.00 5.60 273.82
1270 5.83 0.00 0.00 5.40 269.41
1271 5.13 0.00 0.00 3.90 267.17
1272 4.43 0.00 0.00 3.70 267.90
1273 3.76 0.00 0.00 3.70 268.71
1274 3.02 0.00 0.00 4.30 269.87
1275 2.29 0.00 0.00 3.60 270.47
1276 1.89 0.00 0.00 3.90 270.93
1277 1.49 0.00 0.00 4.70 271.11
1278 1.20 0.00 0.00 5.90 271.69
1279 0.91 0.00 0.00 5.90 271.27
1280 2.03 42.51 157.45 5.10 270.80
1281 3.12 124.69 216.80 5.40 274.10
1282 5.05 298.13 643.22 5.40 265.79
1283 6.75 406.61 651.80 6.50 257.96
1284 7.04 281.78 158.65 6.80 269.64
1285 7.77 402.88 506.80 6.50 255.51
1286 8.00 331.25 343.59 7.30 259.48
1287 8.15 332.68 602.88 8.00 252.86
1288 7.62 188.74 324.65 7.80 259.28
1289 6.38 22.20 0.00 7.50 285.10
1290 5.86 4.36 0.00 6.10 286.34
1291 5.34 0.00 0.00 4.10 287.57
1292 4.81 0.00 0.00 2.90 288.84
1293 4.29 0.00 0.00 3.30 284.67
1294 3.77 0.00 0.00 3.10 287.15
1295 3.24 0.00 0.00 3.10 287.65
1296 2.72 0.00 0.00 3.50 284.62
1297 2.48 0.00 0.00 2.60 284.86
1298 2.24 0.00 0.00 2.80 286.01
1299 1.99 0.00 0.00 3.30 288.80
1300 1.87 0.00 0.00 4.30 285.56
1301 1.75 0.00 0.00 3.60 287.55
1302 1.67 0.00 0.00 3.50 286.19
1303 1.59 0.00 0.00 3.70 283.63
1304 2.02 15.46 0.00 3.10 280.85
1305 2.39 41.59 0.00 2.30 279.20
1306 2.69 60.96 0.00 2.40 278.34
1307 2.94 74.80 0.00 2.00 277.67
1308 3.41 131.38 0.00 1.60 276.21
1309 3.81 149.68 0.00 2.00 280.30
1310 4.17 168.88 6.69 2.60 276.81
1311 4.08 119.34 0.00 3.10 287.81
1312 3.57 63.10 0.00 3.10 291.62
1313 3.65 21.02 0.00 2.40 292.20
1314 3.41 2.46 0.00 3.50 291.15
1315 3.07 0.00 0.00 4.70 289.57
1316 2.73 0.00 0.00 4.30 287.99
1317 2.39 0.00 0.00 3.70 286.41
1318 2.05 0.00 0.00 3.50 284.84
1319 1.65 0.00 0.00 3.10 282.96
1320 1.34 0.00 0.00 3.10 281.52
1321 1.04 0.00 0.00 4.40 283.93
1322 0.69 0.00 0.00 4.70 284.02
1323 0.21 0.00 0.00 5.40 280.56
1324 0.17 0.00 0.00 4.90 281.07
1325 -0.01 0.00 0.00 5.60 279.26
1326 -0.14 0.00 0.00 5.10 279.87
1327 -0.26 0.00 0.00 4.10 282.45
1328 -0.05 7.18 0.00 3.10 281.50
1329 0.01 12.16 0.00 3.60 277.28
1330 0.12 21.77 0.00 3.30 279.08
1331 0.23 29.60 0.00 3.90 278.95
1332 0.80 110.16 0.00 2.80 273.91
1333 1.02 81.26 0.00 2.20 272.21
1334 2.71 425.39 549.39 2.30 247.15
1335 2.94 161.66 80.86 2.30 264.07
1336 3.23 193.16 306.03 1.90 256.42
1337 3.10 92.96 257.97 2.00 259.24
1338 2.82 11.13 0.00 1.60 261.38
1339 2.54 0.00 0.00 1.40 261.85
1340 2.27 0.00 0.00 2.60 261.77
1341 1.99 0.00 0.00 2.80 265.21
1342 1.71 0.00 0.00 3.30 270.00
1343 1.44 0.00 0.00 3.50 272.60
1344 1.16 0.00 0.00 3.90 277.43
1345 0.94 0.00 0.00 4.10 278.42
1346 0.72 0.00 0.00 4.10 279.79
1347 0.51 0.00 0.00 4.70 282.30
1348 0.41 0.00 0.00 4.30 282.46
1349 0.30 0.00 0.00 3.90 279.97
1350 0.23 0.00 0.00 3.90 275.64
1351 0.16 0.00 0.00 4.40 279.45
1352 0.33 4.85 0.00 5.90 283.26
1353 0.67 24.36 0.00 5.10 285.70
1354 0.74 22.23 0.00 7.00 291.34
1355 0.87 30.09 0.00 7.60 287.64
1356 0.72 34.79 0.00 7.00 290.47
1357 1.25 82.04 0.00 7.60 281.04
1358 2.46 268.55 138.11 8.80 268.84
1359 3.30 264.44 269.24 10.10 266.39
1360 3.86 237.58 530.20 9.40 258.21
1361 3.85 105.35 324.78 9.40 264.79
1362 3.57 12.59 0.00 9.40 263.59
1363 3.30 0.00 0.00 9.40 266.63
1364 3.02 0.00 0.00 9.90 268.61
1365 2.75 0.00 0.00 9.40 269.94
1366 2.47 0.00 0.00 8.50 271.50
1367 2.20 0.00 0.00 8.80 271.15
1368 1.92 0.00 0.00 9.00 266.59
1369 1.62 0.00 0.00 8.50 265.93
1370 1.28 0.00 0.00 9.40 261.47
1371 0.94 0.00 0.00 11.10 262.24
1372 0.75 0.00 0.00 8.20 263.73
1373 0.55 0.00 0.00 8.80 263.48
1374 0.41 0.00 0.00 11.10 264.17
1375 0.26 0.00 0.00 12.20 267.71
1376 1.59 42.68 160.71 11.10 274.05
1377 2.94 128.68 185.60 10.10 276.33
1378 5.30 309.25 599.13 10.40 270.32
1379 7.43 430.76 732.12 10.40 264.89
1380 8.67 426.99 567.31 13.91 272.40
1381 9.01 339.43 215.38 12.20 281.00
1382 9.00 285.99 151.45 11.10 282.81
1383 9.09 315.65 460.24 9.40 275.04
1384 8.62 214.69 478.53 8.30 283.16
1385 7.48 77.15 132.49 8.80 291.09
1386 6.20 9.86 0.00 9.40 291.80
1387 6.07 0.00 0.00 8.30 295.63
1388 5.94 0.00 0.00 8.80 295.89
1389 5.81 0.00 0.00 8.50 295.93
1390 5.68 0.00 0.00 8.00 297.85
1391 5.55 0.00 0.00 8.00 300.05
1392 5.42 0.00 0.00 7.80 299.03
1393 5.49 0.00 0.00 7.80 299.08
1394 5.70 0.00 0.00 7.60 299.91
1395 5.92 0.00 0.00 7.00 300.75
1396 6.10 0.00 0.00 7.00 301.40
1397 6.28 0.00 0.00 5.90 302.05
1398 6.44 0.00 0.00 6.50 301.18
1399 6.61 0.00 0.00 6.80 303.23
1400 8.28 54.05 267.18 6.10 302.11
1401 10.07 170.11 471.82 4.70 296.24
1402 12.02 304.23 660.86 3.10 294.44
1403 13.73 397.73 703.66 3.50 293.71
1404 15.29 482.63 782.88 3.90 292.44
1405 14.78 462.49 627.86 4.10 290.44
1406 14.78 373.75 447.08 4.30 291.73
1407 14.78 312.39 424.66 3.10 293.94
1408 14.78 167.97 156.03 3.30 303.15
1409 15.24 90.96 230.70 2.90 304.16
1410 14.21 11.71 0.00 3.10 301.13
1411 13.61 0.00 0.00 2.60 301.44
1412 13.01 0.00 0.00 2.00 301.82
1413 12.40 0.00 0.00 2.40 299.10
1414 11.80 0.00 0.00 2.80 297.56
1415 10.77 0.00 0.00 2.60 297.31
1416 9.74 0.00 0.00 2.40 295.15
1417 8.57 0.00 0.00 3.20 294.44
1418 7.54 0.00 0.00 2.80 291.22
1419 6.51 0.00 0.00 1.70 290.60
1420 5.75 0.00 0.00 1.40 288.09
1421 5.00 0.00 0.00 0.90 287.94
1422 4.45 0.00 0.00 1.00 288.05
1423 3.90 0.00 0.00 1.10 284.80
1424 4.35 45.77 99.31 0.70 278.77
1425 4.46 84.80 3.81 0.70 280.65
1426 4.92 203.36 129.12 1.00 272.50
1427 5.20 240.64 75.06 0.60 267.98
1428 5.43 289.40 114.46 0.60 269.79
1429 5.37 207.72 17.04 0.30 278.55
1430 5.36 252.72 68.28 0.60 272.47
1431 5.25 205.00 82.48 0.60 271.26
1432 5.21 266.86 545.67 0.60 253.31
1433 4.87 109.16 283.65 0.80 262.61
1434 4.35 3.15 0.00 1.10 263.54
1435 3.82 0.00 0.00 0.90 262.47
1436 3.29 0.00 0.00 0.80 263.08
1437 2.76 0.00 0.00 1.90 260.89
1438 2.24 0.00 0.00 1.20 261.05
1439 1.71 0.00 0.00 1.40 262.44
1440 1.18 0.00 0.00 1.10 259.24
1441 1.26 0.00 0.00 0.70 258.77
1442 1.38 0.00 0.00 0.30 257.10
1443 1.50 0.00 0.00 0.80 256.66
1444 1.58 0.00 0.00 1.10 253.89
1445 1.66 0.00 0.00 0.80 255.89
1446 1.72 0.00 0.00 0.60 257.10
1447 1.79 0.77 0.00 0.60 261.70
1448 3.09 44.69 84.62 0.60 262.77
1449 3.63 80.34 0.00 2.10 265.31
1450 5.22 228.55 189.61 2.50 258.00
1451 6.59 308.17 177.94 4.40 254.32
1452 7.56 329.96 182.05 5.80 260.68
1453 8.63 418.16 423.54 5.30 259.71
1454 9.48 438.85 617.93 6.81 257.68
1455 10.13 436.47 807.30 5.30 255.81
1456 10.22 301.88 809.95 6.20 260.69
1457 9.59 146.31 643.30 4.80 265.55
1458 8.53 19.69 7.65 4.80 265.55
1459 8.09 0.00 0.00 3.00 270.97
1460 7.66 0.00 0.00 2.50 270.81
1461 7.22 0.00 0.00 2.80 271.44
1462 6.79 0.00 0.00 3.50 270.18
1463 6.35 0.00 0.00 3.70 269.58
1464 5.92 0.00 0.00 3.50 268.68
1465 5.31 0.00 0.00 2.50 268.32
1466 4.63 0.00 0.00 1.10 269.70
1467 3.96 0.00 0.00 1.90 270.09
1468 3.59 0.00 0.00 1.90 269.24
1469 3.21 0.00 0.00 1.50 266.75
1470 2.94 0.00 0.00 1.40 267.45
1471 2.67 1.35 0.00 2.10 274.70
1472 4.32 75.18 296.61 3.00 273.56
1473 5.53 186.79 446.15 1.50 273.70
1474 6.58 277.95 380.90 1.20 275.19
1475 7.26 310.95 219.87 1.10 273.52
1476 8.12 416.27 429.39 1.40 269.95
1477 9.10 528.75 767.56 1.50 263.23
1478 9.82 540.94 952.54 1.90 257.48
1479 10.08 446.51 906.51 2.10 255.46
1480 9.85 310.38 815.01 3.20 258.78
1481 9.04 152.63 650.89 4.60 262.62
1482 7.92 24.39 66.02 3.70 264.17
1483 7.50 0.00 0.00 4.10 270.00
1484 7.08 0.00 0.00 2.80 274.84
1485 6.66 0.00 0.00 3.20 275.25
1486 6.25 0.00 0.00 2.80 278.83
1487 5.83 0.00 0.00 1.70 280.21
1488 5.41 0.00 0.00 2.50 284.68
1489 5.28 0.00 0.00 4.60 292.17
1490 5.20 0.00 0.00 4.10 293.56
1491 5.13 0.00 0.00 4.10 297.21
1492 5.12 0.00 0.00 3.90 300.46
1493 5.12 0.00 0.00 4.60 300.58
1494 5.13 0.00 0.00 3.20 303.74
1495 5.15 0.54 0.00 3.70 302.64
1496 5.34 6.92 0.00 4.40 308.08
1497 5.52 18.83 0.00 4.10 307.52
1498 5.70 30.34 0.00 5.00 304.95
1499 6.26 121.64 0.00 3.90 293.48
1500 7.94 458.41 452.44 4.80 271.17
1501 9.61 618.75 809.59 5.00 265.49
1502 10.29 429.03 392.95 5.80 280.26
1503 9.49 34.76 0.00 5.50 312.33
1504 8.84 24.28 0.00 5.00 305.95
1505 8.30 12.11 0.00 4.10 307.39
1506 7.83 1.86 0.00 5.30 304.43
1507 7.77 0.00 0.00 5.00 302.75
1508 7.71 0.00 0.00 5.80 301.80
1509 7.65 0.00 0.00 5.50 294.69
1510 7.59 0.00 0.00 4.60 293.66
1511 7.52 0.00 0.00 5.30 291.72
1512 7.46 0.00 0.00 6.20 296.46
1513 7.14 0.00 0.00 5.50 297.64
1514 6.79 0.00 0.00 4.80 294.72
1515 6.44 0.00 0.00 5.30 294.03
1516 6.25 0.00 0.00 4.80 294.72
1517 6.06 0.00 0.00 4.80 293.35
1518 5.93 0.00 0.00 6.20 292.71
1519 5.79 2.42 0.00 4.80 292.11
1520 6.47 30.61 0.00 4.10 296.58
1521 8.11 174.70 269.03 3.90 282.81
1522 9.41 274.09 353.36 3.70 282.94
1523 10.74 395.05 489.26 3.20 274.25
1524 11.16 315.87 146.52 5.00 285.72
1525 11.74 394.67 305.90 3.00 280.95
1526 12.15 396.88 440.73 5.00 279.71
1527 12.31 348.14 519.83 5.80 282.57
1528 11.92 208.97 237.66 5.00 291.36
1529 11.02 62.31 0.00 6.60 300.41
1530 10.13 17.77 0.00 6.20 302.26
1531 9.89 0.00 0.00 3.90 307.28
1532 9.66 0.00 0.00 2.50 305.43
1533 9.43 0.00 0.00 3.00 302.60
1534 9.20 0.00 0.00 3.90 303.13
1535 8.97 0.00 0.00 3.70 301.36
1536 8.74 0.00 0.00 2.50 298.65
1537 8.63 0.00 0.00 1.70 297.79
1538 8.56 0.00 0.00 2.10 300.48
1539 8.50 0.00 0.00 2.50 308.35
1540 8.48 0.00 0.00 2.30 307.44
1541 8.47 0.00 0.00 1.90 313.05
1542 8.48 0.00 0.00 1.20 312.06
1543 8.48 2.68 0.00 0.80 314.46
1544 9.55 48.08 34.67 1.20 315.99
1545 9.74 62.44 0.00 1.50 321.76
1546 11.06 234.40 176.30 3.00 308.98
1547 11.52 194.02 24.30 2.10 314.68
1548 12.67 394.18 291.13 3.70 304.87
1549 13.10 297.04 89.81 2.50 315.76
1550 13.24 236.74 36.40 1.70 318.39
1551 12.68 76.58 0.00 1.70 327.73
1552 12.12 42.13 0.00 1.90 329.70
1553 11.68 44.45 0.00 1.90 321.18
1554 11.24 16.01 0.00 2.30 316.21
1555 10.86 0.00 0.00 2.50 309.47
1556 10.47 0.00 0.00 3.00 304.88
1557 10.09 0.00 0.00 3.70 305.36
1558 9.71 0.00 0.00 4.80 301.29
1559 9.33 0.00 0.00 5.50 300.91
1560 8.94 0.00 0.00 6.20 300.38
1561 8.36 0.00 0.00 7.11 293.65
1562 7.71 0.00 0.00 6.20 292.26
1563 7.06 0.00 0.00 7.11 287.87
1564 6.70 0.00 0.00 6.60 288.42
1565 6.34 0.00 0.00 4.60 286.71
1566 6.08 0.00 0.00 3.50 285.58
1567 5.82 4.08 0.00 3.00 280.52
1568 7.85 97.66 262.41 3.00 286.70
1569 8.21 137.21 94.35 2.80 298.49
1570 7.50 28.33 0.00 2.80 313.78
1571 7.15 36.34 0.00 1.90 313.34
1572 7.36 140.02 0.00 2.10 308.95
1573 7.15 48.24 0.00 1.90 314.53
1574 8.35 494.49 580.83 3.50 282.77
1575 9.10 442.13 856.61 2.30 283.09
1576 9.35 311.07 807.73 1.90 286.97
1577 9.15 159.58 635.11 2.80 288.61
1578 8.55 30.57 111.70 3.00 289.13
1579 8.32 0.00 0.00 3.90 292.72
1580 8.10 0.00 0.00 3.20 291.88
1581 7.87 0.00 0.00 3.20 294.24
1582 7.64 0.00 0.00 2.50 296.98
1583 7.41 0.00 0.00 1.90 297.05
1584 7.18 0.00 0.00 3.20 301.06
1585 7.25 0.00 0.00 3.20 304.73
1586 7.35 0.00 0.00 1.90 305.89
1587 7.44 0.00 0.00 1.50 308.42
1588 7.50 0.00 0.00 1.70 310.06
1589 7.56 0.00 0.00 1.70 311.69
1590 7.61 0.00 0.00 4.10 317.11
1591 7.65 1.17 0.00 4.40 318.98
1592 8.14 16.31 0.00 4.80 319.48
1593 8.39 43.57 0.00 5.00 326.19
1594 8.46 64.99 0.00 3.50 326.72
1595 9.21 87.53 0.00 3.00 325.05
1596 9.45 99.18 0.00 2.30 322.94
1597 9.69 94.71 0.00 1.70 324.74
1598 9.83 91.58 0.00 1.90 325.34
1599 9.87 75.68 0.00 2.80 325.84
1600 9.80 53.53 0.00 2.30 328.61
1601 9.59 23.29 0.00 2.10 330.36
1602 9.35 5.18 0.00 2.30 328.41
1603 9.15 0.00 0.00 2.10 326.81
1604 8.96 0.00 0.00 2.10 321.34
1605 8.77 0.00 0.00 2.30 318.83
1606 8.57 0.00 0.00 1.70 315.81
1607 8.38 0.00 0.00 3.00 312.98
1608 8.19 0.00 0.00 2.50 305.75
1609 7.61 0.00 0.00 2.30 299.77
1610 7.00 0.00 0.00 3.00 295.49
1611 6.39 0.00 0.00 3.50 293.28
1612 6.07 0.00 0.00 3.50 288.61
1613 5.75 0.00 0.00 1.70 285.13
1614 5.52 0.00 0.00 2.50 284.41
1615 5.29 8.99 0.00 2.80 285.65
1616 7.44 106.79 439.75 2.50 291.87
1617 8.85 248.15 656.15 3.90 287.04
1618 10.40 408.87 842.77 3.70 285.55
1619 11.72 519.85 889.57 3.20 278.69
1620 12.56 535.70 783.49 2.80 279.36
1621 13.32 595.36 913.48 3.20 273.10
1622 13.72 552.77 901.17 3.50 276.65
1623 13.63 411.27 532.75 2.50 283.22
1624 12.17 56.33 0.00 2.50 314.36
1625 10.95 43.18 0.00 3.50 310.39
1626 9.87 18.72 0.00 3.00 309.31
1627 9.57 0.00 0.00 2.30 316.43
1628 9.26 0.00 0.00 1.70 315.36
1629 8.95 0.00 0.00 1.10 314.47
1630 8.64 0.00 0.00 1.00 314.62
1631 8.33 0.00 0.00 1.10 313.99
1632 8.03 0.00 0.00 0.90 311.54
1633 7.88 0.00 0.00 1.70 314.36
1634 7.76 0.00 0.00 2.80 313.38
1635 7.64 0.00 0.00 4.10 315.62
1636 7.59 0.00 0.00 3.50 318.32
1637 7.55 0.00 0.00 2.80 318.54
1638 7.52 0.00 0.00 3.20 320.35
1639 7.50 0.82 0.00 3.90 320.30
1640 7.78 9.62 0.00 3.20 319.30
1641 8.00 24.34 0.00 4.10 319.19
1642 8.54 76.23 0.00 2.50 314.85
1643 9.02 105.51 0.00 2.30 315.78
1644 9.41 124.29 0.00 1.20 312.55
1645 9.91 181.41 4.59 1.40 319.28
1646 11.29 444.76 454.28 1.50 294.24
1647 12.10 378.48 502.41 1.10 294.87
1648 12.27 217.15 206.71 1.00 305.33
1649 12.02 111.06 120.60 1.10 309.35
1650 11.48 25.10 16.55 1.70 309.60
1651 11.08 0.00 0.00 3.00 310.81
1652 10.68 0.00 0.00 4.80 311.19
1653 10.28 0.00 0.00 4.10 308.86
1654 9.88 0.00 0.00 3.70 311.26
1655 9.48 0.00 0.00 3.70 312.38
1656 9.08 0.00 0.00 3.70 316.24
1657 8.56 0.00 0.00 4.10 317.03
1658 8.02 0.00 0.00 4.80 317.42
1659 7.49 0.00 0.00 3.50 318.56
1660 7.21 0.00 0.00 4.80 315.66
1661 6.93 0.00 0.00 3.50 311.95
1662 6.74 0.00 0.00 3.00 310.34
1663 6.55 5.70 0.00 3.20 309.66
1664 7.15 26.98 0.00 3.50 309.11
1665 7.09 23.23 0.00 4.60 313.36
1666 7.18 39.12 0.00 4.40 314.83
1667 8.52 265.07 85.41 3.50 297.75
1668 8.55 99.51 0.00 3.00 310.64
1669 8.86 175.83 2.77 2.10 305.02
1670 9.48 297.33 106.54 1.40 295.56
1671 10.49 490.91 703.00 2.30 273.65
1672 10.85 323.03 773.68 2.30 281.30
1673 10.85 203.47 687.69 2.30 283.38
1674 10.31 46.03 322.00 1.40 283.84
1675 9.68 0.00 0.00 0.50 282.23
1676 9.05 0.00 0.00 0.50 278.85
1677 8.43 0.00 0.00 0.90 276.25
1678 7.80 0.00 0.00 0.70 273.55
1679 7.17 0.00 0.00 0.50 273.66
1680 6.55 0.00 0.00 0.50 275.01
1681 5.91 0.00 0.00 0.70 278.58
1682 5.20 0.00 0.00 0.30 281.46
1683 4.48 0.00 0.00 0.20 281.31
1684 4.09 0.00 0.00 0.10 283.16
1685 3.69 0.00 0.00 0.10 284.37
1686 3.40 0.00 0.00 0.10 287.63
1687 3.61 10.37 0.00 0.20 290.78
1688 4.41 75.14 66.81 0.20 294.16
1689 5.49 171.02 98.90 0.20 290.70
1690 6.63 264.08 143.09 0.30 288.00
1691 7.92 382.06 317.93 0.40 282.51
1692 9.25 490.83 534.88 0.60 279.99
1693 9.95 431.82 314.97 1.10 286.20
1694 10.54 456.71 543.83 1.40 285.41
1695 10.70 365.15 411.60 1.70 289.32
1696 10.73 334.08 680.72 1.20 281.31
1697 10.16 179.21 589.65 1.40 283.33
1698 9.15 45.41 290.17 1.90 286.38
1699 8.97 0.00 0.00 1.50 294.76
1700 8.80 0.00 0.00 1.90 296.36
1701 8.62 0.00 0.00 1.10 296.77
1702 8.44 0.00 0.00 1.90 300.70
1703 8.27 0.00 0.00 4.10 307.24
1704 8.09 0.00 0.00 4.60 307.41
1705 8.29 0.00 0.00 5.80 312.87
1706 8.50 0.00 0.00 5.00 316.29
1707 8.70 0.00 0.00 4.40 317.07
1708 8.81 0.00 0.00 4.10 316.49
1709 8.91 0.00 0.00 2.80 320.09
1710 8.98 0.00 0.00 3.50 323.59
1711 9.07 2.37 0.00 2.30 326.84
1712 9.38 19.29 0.00 4.60 328.56
1713 9.71 38.96 0.00 6.00 329.62
1714 10.04 56.83 0.00 4.80 334.18
1715 10.17 75.90 0.00 4.40 340.58
1716 10.65 83.73 0.00 4.60 343.75
1717 10.85 84.76 0.00 6.00 341.10
1718 10.94 71.56 0.00 7.11 343.14
1719 10.97 61.24 0.00 6.20 346.51
1720 10.91 43.72 0.00 6.20 345.68
1721 10.70 21.41 0.00 5.50 346.43
1722 9.99 6.36 0.00 4.80 343.42
1723 10.58 0.00 0.00 5.30 345.85
1724 10.76 0.00 0.00 5.00 346.93
1725 10.94 0.00 0.00 3.70 347.02
1726 11.11 0.00 0.00 4.40 350.20
1727 11.26 0.00 0.00 3.70 351.13
1728 11.29 0.00 0.00 2.80 350.23
1729 11.06 0.00 0.00 3.50 350.04
1730 11.14 0.00 0.00 3.50 350.54
1731 11.23 0.00 0.00 3.70 349.99
1732 11.34 0.00 0.00 3.90 350.73
1733 11.31 0.00 0.00 3.70 350.58
1734 11.38 0.00 0.00 3.70 352.16
1735 11.44 1.87 0.00 3.20 352.57
1736 11.60 13.97 0.00 3.00 352.45
1737 11.77 30.00 0.00 3.00 352.76
1738 12.06 42.66 0.00 4.60 354.36
1739 12.27 56.75 0.00 6.60 354.02
1740 12.44 63.48 0.00 6.60 352.21
1741 12.52 58.49 0.00 6.81 349.25
1742 12.58 56.27 0.00 7.11 346.72
1743 12.66 48.76 0.00 7.91 344.26
1744 12.51 35.76 0.00 8.71 346.34
1745 12.44 20.16 0.00 7.51 347.99
1746 12.41 5.19 0.00 7.51 345.66
1747 12.26 0.00 0.00 7.51 342.47
1748 12.10 0.00 0.00 13.11 341.22
1749 11.89 0.00 0.00 13.11 339.64
1750 11.59 0.00 0.00 10.11 337.61
1751 11.14 0.00 0.00 10.11 338.12
1752 10.44 0.00 0.00 8.91 337.37
1753 11.00 0.00 0.00 6.60 336.79
1754 10.48 0.00 0.00 7.51 334.45
1755 9.90 0.00 0.00 6.00 333.37
1756 9.67 0.00 0.00 6.81 334.91
1757 9.38 0.00 0.00 5.30 334.99
1758 9.18 0.00 0.00 4.80 334.54
1759 9.11 4.74 0.00 4.40 328.94
1760 9.48 35.71 0.00 4.40 326.27
1761 9.72 57.55 0.00 3.90 328.52
1762 9.96 87.69 0.00 4.80 321.41
1763 10.14 100.81 0.00 4.60 321.77
1764 10.34 129.88 0.00 5.00 320.75
1765 10.45 121.65 0.00 6.81 321.60
1766 10.50 111.60 0.00 7.11 322.29
1767 10.49 99.36 0.00 6.20 319.35
1768 10.42 74.97 0.00 7.51 320.83
1769 10.25 45.39 0.00 7.51 316.81
1770 10.01 12.84 0.00 6.81 317.81
1771 9.86 0.00 0.00 6.00 317.23
1772 9.34 0.00 0.00 6.60 323.87
1773 9.57 0.00 0.00 5.50 324.77
1774 9.42 0.00 0.00 6.20 323.53
1775 9.27 0.00 0.00 5.50 322.30
1776 9.12 0.00 0.00 3.50 321.08
1777 9.16 0.00 0.00 2.80 317.56
1778 9.27 0.00 0.00 3.00 321.10
1779 9.34 0.00 0.00 1.50 321.10
1780 9.38 0.00 0.00 1.40 320.89
1781 9.41 0.00 0.00 1.00 320.68
1782 9.43 0.00 0.00 1.00 320.39
1783 9.66 7.75 0.00 1.10 321.24
1784 10.43 60.87 0.00 0.80 321.82
1785 11.34 127.25 8.38 1.40 316.74
1786 12.01 157.04 3.22 3.00 323.14
1787 12.48 170.05 1.34 3.00 328.09
1788 12.78 166.63 0.08 3.00 329.12
1789 12.86 134.61 0.00 3.50 331.56
1790 12.88 122.90 0.00 2.50 332.45
1791 12.83 111.11 0.00 1.70 335.02
1792 12.54 59.53 0.00 1.70 337.74
1793 12.20 38.45 0.00 1.50 339.57
1794 11.82 14.24 0.00 2.50 337.80
1795 11.79 0.00 0.00 1.90 339.95
1796 11.76 0.00 0.00 2.50 339.46
1797 11.73 0.00 0.00 1.50 339.81
1798 11.70 0.00 0.00 1.00 341.75
1799 11.46 0.00 0.00 1.70 350.78
1800 11.64 0.00 0.00 3.20 352.14
1801 11.63 0.00 0.00 5.50 352.39
1802 11.67 0.00 0.00 8.41 352.98
1803 11.69 0.00 0.00 8.71 352.28
1804 11.77 0.00 0.00 7.51 354.20
1805 11.67 0.00 0.00 7.11 352.80
1806 11.88 0.00 0.00 5.00 355.46
1807 12.01 2.42 0.00 5.80 356.59
1808 12.22 11.84 0.00 6.00 356.03
1809 12.47 24.75 0.00 7.11 355.57
1810 12.72 36.39 0.00 8.41 355.28
1811 12.97 49.21 0.00 7.11 349.73
1812 13.18 52.70 0.00 7.11 346.64
1813 13.33 49.88 0.00 8.21 345.29
1814 14.88 401.20 263.92 7.11 319.05
1815 15.85 332.19 174.46 7.51 329.04
1816 16.35 244.60 169.28 6.60 330.83
1817 16.46 139.56 127.54 5.50 328.59
1818 16.15 42.44 146.64 4.40 329.69
1819 15.61 0.00 0.00 3.70 329.63
1820 15.07 0.00 0.00 3.50 329.06
1821 14.53 0.00 0.00 3.20 328.19
1822 13.98 0.00 0.00 3.90 328.68
1823 13.44 0.00 0.00 4.60 322.76
1824 12.90 0.00 0.00 4.80 321.43
1825 11.81 0.00 0.00 3.50 321.10
1826 10.60 0.00 0.00 4.60 318.28
1827 9.39 0.00 0.00 5.50 313.47
1828 8.73 0.00 0.00 6.20 312.54
1829 8.06 0.00 0.00 5.80 310.73
1830 7.33 0.00 0.00 3.90 310.63
1831 7.56 7.13 0.00 4.10 312.68
1832 7.69 44.78 0.00 5.30 311.16
1833 7.93 108.16 0.00 5.30 308.64
1834 8.03 117.01 0.00 4.80 301.95
1835 8.14 156.33 0.00 4.10 299.16
1836 8.22 179.51 1.96 4.10 298.04
1837 8.20 148.67 0.00 5.00 299.26
1838 8.08 108.32 0.00 8.21 304.07
1839 7.96 108.95 0.00 6.20 303.96
1840 7.81 93.33 0.00 5.00 300.28
1841 7.56 53.26 0.00 5.00 310.98
1842 7.23 12.19 0.00 5.00 312.76
1843 7.22 0.00 0.00 6.20 312.62
1844 7.14 0.00 0.00 6.20 312.11
1845 7.06 0.00 0.00 6.60 311.61
1846 6.98 0.00 0.00 7.91 311.11
1847 6.91 0.00 0.00 8.71 310.61
1848 6.83 0.00 0.00 7.51 310.11
1849 7.19 0.00 0.00 7.91 312.03
1850 7.47 0.00 0.00 8.71 316.79
1851 8.24 0.00 0.00 8.41 317.74
1852 8.56 0.00 0.00 8.21 322.75
1853 8.84 0.00 0.00 6.60 324.23
1854 9.04 0.00 0.00 6.60 325.30
1855 9.38 7.54 0.00 5.80 327.16
1856 9.89 31.48 0.00 5.80 326.62
1857 10.86 91.18 0.00 6.00 327.24
1858 11.58 112.25 0.00 6.60 332.27
1859 12.05 114.76 0.00 6.60 336.46
1860 12.51 135.60 0.00 6.00 321.73
1861 12.87 137.51 0.00 5.00 307.46
1862 13.17 142.26 0.00 5.50 310.93
1863 13.26 106.44 0.00 5.50 314.32
1864 13.31 96.12 0.00 5.30 310.57
1865 13.11 55.68 0.00 6.20 308.52
1866 12.76 19.62 0.00 6.20 307.25
1867 12.42 0.00 0.00 7.51 310.45
1868 12.08 0.00 0.00 8.21 315.95
1869 11.75 0.00 0.00 6.60 314.45
1870 11.41 0.00 0.00 6.20 315.89
1871 11.07 0.00 0.00 3.70 309.48
1872 10.73 0.00 0.00 3.50 307.39
1873 9.87 0.00 0.00 2.10 304.64
1874 8.93 0.00 0.00 1.50 302.63
1875 7.98 0.00 0.00 2.80 299.04
1876 7.46 0.00 0.00 2.50 299.36
1877 6.95 0.00 0.00 2.30 297.90
1878 6.57 0.00 0.00 3.00 296.66
1879 7.10 23.05 1.18 2.80 298.58
1880 7.81 83.62 22.84 3.20 298.58
1881 9.19 218.22 187.73 4.10 293.12
1882 10.58 331.56 308.93 3.20 292.70
1883 11.66 383.99 174.79 2.30 293.50
1884 12.68 458.61 330.00 3.90 292.75
1885 13.60 515.78 483.49 4.40 295.10
1886 14.14 476.24 466.02 5.30 299.37
1887 14.31 397.56 435.56 4.40 302.93
1888 14.24 328.11 564.51 4.10 305.82
1889 13.66 203.34 506.69 3.50 305.82
1890 12.66 66.93 264.17 4.40 309.77
1891 12.15 0.00 0.00 5.50 315.65
1892 11.64 0.00 0.00 6.20 314.93
1893 11.13 0.00 0.00 6.00 315.93
1894 10.62 0.00 0.00 6.00 318.02
1895 10.11 0.00 0.00 5.80 317.41
1896 9.60 0.00 0.00 5.00 317.05
1897 9.52 0.00 0.00 6.20 312.58
1898 9.46 0.00 0.00 5.30 314.30
1899 9.41 0.00 0.00 4.60 315.74
1900 9.40 0.00 0.00 4.60 322.46
1901 9.39 0.00 0.00 5.80 329.82
1902 9.39 0.00 0.00 6.81 329.99
1903 9.51 3.00 0.00 6.20 331.22
1904 10.13 39.79 0.00 5.80 336.18
1905 10.55 62.87 0.00 5.50 341.84
1906 11.03 86.38 0.00 5.50 338.54
1907 11.32 88.22 0.00 5.80 341.60
1908 11.72 126.46 0.00 6.81 336.81
1909 11.85 88.19 0.00 9.21 339.79
1910 13.32 434.29 288.89 7.11 315.92
1911 14.11 333.00 158.28 8.21 320.33
1912 14.56 272.50 317.62 9.21 321.18
1913 14.61 160.29 272.85 8.21 324.18
1914 14.22 60.07 246.58 9.61 325.02
1915 13.70 0.87 0.00 11.01 320.97
1916 13.19 0.00 0.00 10.61 319.70
1917 12.67 0.00 0.00 10.41 315.85
1918 12.16 0.00 0.00 9.61 312.60
1919 11.64 0.00 0.00 9.61 314.39
1920 11.13 0.00 0.00 11.01 310.85
1921 10.46 0.00 0.00 11.81 310.67
1922 9.75 0.00 0.00 11.01 307.64
1923 9.04 0.00 0.00 11.81 305.81
1924 8.66 0.00 0.00 10.11 308.38
1925 8.28 0.00 0.00 9.21 307.22
1926 8.01 0.00 0.00 7.11 305.18
1927 8.99 41.47 190.74 7.51 309.85
1928 10.50 168.86 460.45 5.80 309.52
1929 12.25 324.12 648.83 5.50 310.00
1930 13.97 466.63 711.97 7.11 303.64
1931 15.02 474.30 479.08 8.91 309.78
1932 15.87 514.11 436.11 9.61 311.46
1933 16.92 643.14 735.74 9.21 309.04
1934 17.07 438.50 288.65 7.51 319.47
1935 16.49 269.71 76.96 5.80 328.84
1936 15.90 239.49 169.24 5.30 323.36
1937 14.56 16.47 0.00 3.90 343.86
1938 13.42 11.68 0.00 2.80 335.83
1939 12.93 0.88 0.00 1.40 332.99
1940 12.45 0.00 0.00 2.10 332.36
1941 11.97 0.00 0.00 2.10 330.65
1942 11.49 0.00 0.00 1.90 330.46
1943 11.01 0.00 0.00 1.10 328.60
1944 10.53 0.00 0.00 0.80 326.51
1945 10.26 0.00 0.00 1.50 325.95
1946 9.99 0.00 0.00 2.50 321.73
1947 9.71 0.00 0.00 2.50 318.79
1948 9.56 0.00 0.00 3.70 317.08
1949 9.41 0.00 0.00 4.80 312.61
1950 9.31 0.00 0.00 6.20 313.56
1951 10.06 26.51 9.71 7.51 312.54
1952 11.57 132.10 130.76 7.91 313.32
1953 13.10 239.84 169.99 8.41 310.81
1954 14.53 332.33 182.71 7.51 307.66
1955 15.31 320.82 96.36 5.00 315.28
1956 15.95 346.30 91.37 5.80 311.73
1957 16.50 369.99 112.50 5.00 311.05
1958 16.51 259.50 28.54 5.50 321.82
1959 16.67 307.83 107.23 4.40 316.33
1960 16.51 229.15 95.57 2.30 316.03
1961 15.97 140.74 115.20 1.90 317.87
1962 15.24 70.95 177.41 2.30 315.78
1963 14.42 2.40 0.00 3.70 311.74
1964 13.60 0.00 0.00 4.10 313.38
1965 12.77 0.00 0.00 4.10 312.25
1966 11.95 0.00 0.00 3.90 310.19
1967 11.13 0.00 0.00 3.00 307.86
1968 10.31 0.00 0.00 3.50 308.32
1969 9.57 0.00 0.00 3.70 306.73
1970 8.76 0.00 0.00 3.50 304.86
1971 7.96 0.00 0.00 3.20 304.42
1972 7.52 0.00 0.00 3.90 303.16
1973 7.09 0.00 0.00 4.60 302.42
1974 6.78 0.00 0.00 4.10 303.22
1975 6.83 3.94 0.00 4.40 305.93
1976 7.37 48.54 0.00 3.90 308.78
1977 7.94 94.94 0.00 3.50 307.26
1978 8.50 141.04 0.00 2.50 304.39
1979 10.01 359.97 168.12 3.50 295.03
1980 10.64 283.55 31.83 3.90 304.54
1981 10.70 184.04 6.51 3.50 311.35
1982 11.73 481.46 374.91 2.50 286.12
1983 12.28 401.47 389.27 2.80 291.92
1984 12.53 337.20 495.54 2.10 290.15
1985 12.48 236.52 593.93 3.00 289.33
1986 11.84 85.00 345.53 2.80 291.65
1987 11.40 1.88 0.00 3.90 294.19
1988 10.96 0.00 0.00 3.20 299.86
1989 10.52 0.00 0.00 3.00 301.75
1990 10.08 0.00 0.00 3.50 303.86
1991 9.64 0.00 0.00 3.50 300.40
1992 9.20 0.00 0.00 2.10 301.73
1993 9.05 0.00 0.00 3.00 303.30
1994 8.94 0.00 0.00 3.20 307.18
1995 8.83 0.00 0.00 2.50 312.03
1996 8.79 0.00 0.00 1.50 309.97
1997 8.75 0.00 0.00 2.30 313.17
1998 8.74 0.00 0.00 2.80 319.77
1999 9.09 10.81 0.00 2.30 321.52
2000 9.19 15.32 0.00 2.10 322.00
2001 9.35 25.59 0.00 2.10 323.44
2002 9.86 81.58 0.00 2.10 318.25
2003 11.01 222.40 13.71 3.70 309.16
2004 12.03 269.97 17.74 4.80 309.94
2005 12.87 295.49 25.57 4.80 308.70
2006 13.40 266.62 21.67 5.00 305.62
2007 13.75 244.46 24.82 5.30 306.03
2008 13.72 145.61 4.20 5.30 308.65
2009 13.56 114.86 17.35 5.50 306.06
2010 13.11 37.59 0.00 7.51 309.54
2011 12.44 1.69 0.00 4.80 306.62
2012 11.77 0.00 0.00 4.80 303.64
2013 11.11 0.00 0.00 4.80 301.52
2014 10.32 0.00 0.00 4.40 313.99
2015 9.78 0.00 0.00 4.10 319.09
2016 9.11 0.00 0.00 3.50 314.70
2017 7.79 0.00 0.00 2.80 306.79
2018 6.36 0.00 0.00 1.90 298.35
2019 4.92 0.00 0.00 1.20 291.22
2020 4.15 0.00 0.00 3.50 290.39
2021 3.37 0.00 0.00 4.60 285.83
2022 2.81 0.00 0.00 2.80 280.37
2023 3.80 44.61 119.46 3.20 283.18
2024 4.61 119.38 85.22 1.90 284.13
2025 5.82 242.75 184.95 1.70 280.52
2026 7.67 453.46 538.81 1.90 273.39
2027 8.65 436.49 292.98 2.80 276.36
2028 9.85 579.52 560.70 3.20 271.18
2029 9.90 357.70 99.93 3.70 282.77
2030 10.29 484.81 383.67 2.30 270.49
2031 10.47 448.27 535.45 3.50 263.41
2032 10.36 352.72 602.18 4.10 261.35
2033 9.73 217.82 532.06 2.50 266.76
2034 8.68 74.53 281.46 1.90 272.84
2035 7.72 3.49 0.00 2.30 269.78
2036 6.76 0.00 0.00 1.70 272.70
2037 5.80 0.00 0.00 2.50 266.55
2038 4.84 0.00 0.00 1.10 262.73
2039 3.88 0.00 0.00 1.90 263.28
2040 2.93 0.00 0.00 2.10 262.85
2041 2.53 0.00 0.00 1.20 258.06
2042 2.07 0.00 0.00 1.50 257.25
2043 1.62 0.00 0.00 1.40 258.09
2044 1.36 0.00 0.00 2.50 256.53
2045 1.10 0.00 0.00 2.10 256.81
2046 0.90 0.00 0.00 1.90 256.56
2047 2.61 60.59 320.11 2.30 259.21
2048 4.70 208.64 585.55 2.30 257.06
2049 6.40 315.85 464.56 3.20 261.77
2050 7.82 398.36 371.05 2.80 259.88
2051 8.57 384.29 181.17 3.90 268.34
2052 8.51 274.37 39.22 5.00 277.45
2053 9.17 447.52 235.10 5.30 266.43
2054 10.00 541.84 567.48 5.30 257.25
2055 10.55 518.10 714.33 4.60 255.81
2056 10.24 301.69 284.17 3.00 262.39
2057 9.74 248.67 580.72 3.70 256.20
2058 8.68 94.77 396.02 3.00 263.70
2059 8.02 6.20 0.00 3.00 267.24
2060 7.35 0.00 0.00 2.30 277.17
2061 6.69 0.00 0.00 1.50 275.86
2062 6.03 0.00 0.00 1.20 276.56
2063 5.36 0.00 0.00 1.00 280.31
2064 4.70 0.00 0.00 2.10 279.69
2065 4.35 0.00 0.00 1.50 283.19
2066 3.99 0.00 0.00 0.70 289.43
2067 3.64 0.00 0.00 0.80 293.32
2068 3.46 0.00 0.00 0.60 295.68
2069 3.29 0.00 0.00 0.70 299.23
2070 3.18 0.00 0.00 0.70 298.46
2071 3.45 9.15 0.00 0.40 300.19
2072 3.63 26.77 0.00 0.40 298.38
2073 3.83 30.63 0.00 0.40 299.82
2074 4.05 51.93 0.00 0.30 295.39
2075 4.18 51.44 0.00 0.40 295.86
2076 4.30 56.95 0.00 0.90 293.76
2077 4.47 77.92 0.00 0.70 291.49
2078 6.09 488.92 348.40 1.00 265.82
2079 7.16 428.50 440.27 1.00 268.80
2080 7.68 312.85 376.56 1.00 273.49
2081 7.78 191.64 290.02 1.20 277.84
2082 7.44 72.67 168.77 1.00 281.87
2083 7.09 4.68 0.00 1.10 283.31
2084 6.75 0.00 0.00 1.20 286.77
2085 6.40 0.00 0.00 1.50 283.99
2086 6.06 0.00 0.00 1.70 285.74
2087 5.71 0.00 0.00 1.70 284.38
2088 5.36 0.00 0.00 1.90 285.16
2089 5.00 0.00 0.00 2.50 282.72
2090 4.62 0.00 0.00 2.50 289.92
2091 4.23 0.00 0.00 3.00 290.67
2092 4.03 0.00 0.00 3.00 295.08
2093 3.82 0.00 0.00 2.10 298.44
2094 3.68 0.17 0.00 1.70 298.23
2095 3.82 7.94 0.00 2.50 299.68
2096 3.98 25.64 0.00 2.30 296.81
2097 4.13 46.43 0.00 2.30 302.46
2098 4.28 63.19 0.00 2.30 302.18
2099 4.39 76.23 0.00 3.20 304.14
2100 4.28 79.66 0.00 2.30 307.85
2101 4.46 85.19 0.00 2.10 304.42
2102 4.04 75.98 0.00 2.10 308.17
2103 4.54 68.37 0.00 1.50 306.46
2104 4.53 51.42 0.00 1.40 306.88
2105 4.48 35.71 0.00 1.10 304.28
2106 4.35 13.52 0.00 1.00 303.38
2107 4.10 1.02 0.00 1.50 299.53
2108 3.81 0.00 0.00 1.40 293.90
2109 3.52 0.00 0.00 2.10 291.01
2110 3.23 0.00 0.00 1.90 290.58
2111 2.95 0.00 0.00 2.10 287.61
2112 2.66 0.00 0.00 2.10 283.27
2113 2.20 0.00 0.00 2.50 284.13
2114 1.50 0.00 0.00 2.80 277.57
2115 0.80 0.00 0.00 3.50 272.18
2116 0.33 0.00 0.00 3.20 270.49
2117 -0.14 0.00 0.00 2.30 264.66
2118 -0.53 1.75 0.00 2.50 260.28
2119 0.65 73.87 334.04 2.30 261.20
2120 1.74 214.06 578.45 3.90 260.12
2121 2.94 369.53 725.32 4.40 257.55
2122 4.05 500.90 786.74 4.40 254.05
2123 5.03 608.88 852.64 3.20 251.22
2124 5.78 663.19 863.62 2.80 253.76
2125 6.24 663.43 849.05 3.50 254.22
2126 6.42 615.47 828.72 3.00 256.64
2127 6.32 525.29 803.69 3.20 259.62
2128 5.85 397.87 744.81 3.20 262.39
2129 4.98 247.03 620.36 4.80 267.75
2130 3.81 98.12 402.86 5.00 273.02
2131 2.92 6.83 0.00 4.40 271.15
2132 2.02 0.00 0.00 3.00 269.49
2133 1.13 0.00 0.00 2.30 269.14
2134 0.23 0.00 0.00 1.20 267.34
2135 -0.66 0.00 0.00 1.00 262.92
2136 -0.13 0.00 0.00 1.90 265.81
2137 -0.13 0.00 0.00 1.40 265.97
2138 -0.30 0.00 0.00 1.90 265.27
2139 -0.47 0.00 0.00 4.40 264.57
2140 -0.64 0.00 0.00 5.30 263.86
2141 -0.81 0.00 0.00 4.40 263.16
2142 -0.97 2.45 0.00 4.60 262.46
2143 0.51 72.78 287.41 3.90 270.25
2144 1.79 200.52 445.62 3.90 272.36
2145 3.20 345.47 570.18 3.20 271.40
2146 4.56 475.86 647.35 4.10 266.75
2147 5.78 578.50 702.68 4.10 267.89
2148 6.79 647.03 786.98 5.30 262.60
2149 7.47 649.22 779.10 5.80 263.64
2150 7.79 593.71 712.70 6.81 264.60
2151 7.71 483.17 621.29 7.11 266.19
2152 7.23 368.20 542.09 7.91 265.10
2153 6.33 234.10 467.49 6.60 267.18
2154 5.11 96.03 350.22 9.21 269.18
2155 4.59 7.87 0.00 9.61 271.18
2156 4.07 0.00 0.00 8.91 274.62
2157 3.55 0.00 0.00 8.41 273.58
2158 3.03 0.00 0.00 7.51 273.61
2159 2.51 0.00 0.00 7.51 270.03
2160 1.99 0.00 0.00 7.51 269.47
2161 2.45 0.00 0.00 7.20 274.01
2162 2.77 0.00 0.00 5.60 275.62
2163 3.10 0.00 0.00 4.90 275.22
2164 3.28 0.00 0.00 5.60 276.82
2165 3.46 0.00 0.00 4.70 274.16
2166 3.59 4.03 0.00 4.40 272.70
2167 5.36 80.69 255.22 4.70 277.13
2168 6.92 222.35 487.30 7.20 276.56
2169 8.59 379.76 647.96 4.60 274.98
2170 9.96 474.87 640.70 4.40 277.73
2171 11.22 574.72 682.54 5.40 278.02
2172 12.29 634.39 668.21 5.20 276.04
2173 12.79 546.13 381.42 4.10 280.57
2174 12.79 408.78 174.56 4.10 284.96
2175 12.70 386.87 242.05 3.10 281.53
2176 11.68 123.21 0.00 0.90 301.38
2177 10.69 77.13 0.00 0.70 296.14
2178 9.71 23.27 0.00 0.90 298.61
2179 9.42 8.18 0.00 2.10 296.22
2180 9.12 0.00 0.00 2.10 299.64
2181 8.83 0.00 0.00 1.60 300.72
2182 8.54 0.00 0.00 2.30 301.93
2183 8.24 0.00 0.00 2.90 299.50
2184 7.95 0.00 0.00 3.50 298.11
2185 7.50 0.00 0.00 3.10 292.12
2186 7.02 0.00 0.00 2.90 289.38
2187 6.54 0.00 0.00 3.30 287.75
2188 6.28 0.00 0.00 4.70 282.89
2189 6.03 0.00 0.00 6.50 284.75
2190 5.84 4.23 0.00 5.60 284.40
2191 7.32 69.90 186.84 5.80 286.11
2192 8.68 198.93 345.12 4.90 280.80
2193 9.23 215.72 71.04 5.20 292.60
2194 9.62 239.30 18.43 5.80 292.86
2195 9.95 265.29 23.55 6.20 294.36
2196 10.88 463.87 215.40 5.80 284.71
2197 11.75 535.69 363.48 8.70 281.92
2198 12.18 455.15 254.93 8.70 287.14
2199 12.57 482.22 510.74 8.70 285.80
2200 12.51 317.13 285.97 7.70 291.17
2201 12.21 243.47 485.62 8.70 285.98
2202 11.55 109.43 293.51 6.80 289.96
2203 10.72 12.22 0.00 5.20 286.78
2204 9.89 0.00 0.00 4.70 288.65
2205 9.06 0.00 0.00 4.70 285.74
2206 8.23 0.00 0.00 6.20 283.77
2207 7.40 0.00 0.00 7.70 282.70
2208 6.57 0.00 0.00 7.20 281.40
2209 5.89 0.00 0.00 7.20 281.08
2210 5.11 0.00 0.00 6.20 280.01
2211 4.34 0.00 0.00 7.70 276.08
2212 3.90 0.00 0.00 8.20 277.77
2213 3.46 0.00 0.00 9.60 276.67
2214 3.14 5.18 0.00 6.50 276.76
2215 4.44 75.63 208.37 4.70 281.28
2216 5.43 193.23 317.68 4.70 279.07
2217 6.37 304.25 311.51 6.20 279.74
2218 7.58 473.31 564.72 5.40 273.75
2219 8.64 575.63 647.55 4.90 272.95
2220 9.45 617.26 617.96 4.60 272.34
2221 10.03 631.28 661.02 5.80 272.26
2222 10.34 588.12 641.52 5.80 273.97
2223 10.33 476.44 532.89 5.80 276.30
2224 10.05 378.37 565.39 4.60 275.60
2225 9.45 253.80 511.05 3.70 274.73
2226 8.55 107.78 298.21 4.10 281.19
2227 7.54 12.99 0.00 4.70 282.61
2228 6.82 0.00 0.00 5.20 286.48
2229 6.11 0.00 0.00 5.60 284.19
2230 5.39 0.00 0.00 4.90 286.25
2231 4.68 0.00 0.00 5.20 285.04
2232 3.96 0.00 0.00 4.20 285.95
2233 3.72 0.00 0.00 4.90 287.59
2234 3.42 0.00 0.00 4.70 293.13
2235 3.12 0.00 0.00 5.20 296.00
2236 2.94 0.00 0.00 5.80 295.37
2237 2.77 0.00 0.00 4.40 296.55
2238 2.63 7.40 0.00 4.40 297.73
2239 2.68 6.78 0.00 3.90 300.10
2240 4.41 233.25 364.22 4.40 272.02
2241 5.77 387.80 636.66 4.10 267.41
2242 6.96 524.62 735.74 3.10 264.56
2243 7.97 625.80 795.70 2.10 261.56
2244 8.77 680.92 825.02 1.10 258.86
2245 9.33 685.05 827.52 2.30 261.59
2246 9.65 637.84 803.48 2.30 263.84
2247 9.72 543.45 539.98 3.90 263.90
2248 8.46 30.60 0.00 3.10 295.35
2249 7.39 19.19 0.00 3.50 292.42
2250 6.69 111.13 224.01 4.10 268.18
2251 5.90 14.37 0.00 4.20 270.00
2252 5.52 0.00 0.00 3.10 273.41
2253 5.14 0.00 0.00 3.30 271.35
2254 4.76 0.00 0.00 3.50 272.17
2255 4.39 0.00 0.00 4.60 274.75
2256 4.01 0.00 0.00 4.10 273.79
2257 3.90 0.00 0.00 4.20 275.67
2258 3.77 0.00 0.00 4.40 278.92
2259 3.64 0.00 0.00 3.90 277.47
2260 3.56 0.00 0.00 4.10 278.61
2261 3.49 0.00 0.00 2.50 279.15
2262 3.44 6.67 0.00 2.70 278.11
2263 4.64 53.37 8.97 1.40 280.99
2264 5.36 118.19 9.68 1.10 284.24
2265 6.42 227.59 74.47 1.60 276.86
2266 7.96 407.76 258.70 2.10 267.05
2267 8.52 328.91 87.49 2.10 280.89
2268 9.99 618.44 523.35 3.50 268.57
2269 11.13 646.12 605.59 4.90 267.59
2270 11.53 491.29 298.25 4.70 279.90
2271 11.79 468.71 428.57 5.80 279.86
2272 11.49 301.96 196.96 6.20 284.45
2273 11.10 259.71 458.01 4.90 276.61
2274 10.27 103.73 301.16 4.40 285.60
2275 9.29 11.19 0.00 3.50 285.24
2276 9.07 0.00 0.00 3.50 289.17
2277 8.85 0.00 0.00 2.70 288.65
2278 8.63 0.00 0.00 2.70 288.70
2279 8.41 0.00 0.00 3.50 288.01
2280 8.19 0.00 0.00 3.30 288.79
2281 8.04 0.00 0.00 3.70 286.26
2282 7.91 0.00 0.00 2.10 287.52
2283 7.78 0.00 0.00 1.60 294.20
2284 7.71 0.00 0.00 1.40 297.89
2285 7.65 0.00 0.00 0.90 299.48
2286 7.61 0.89 0.00 0.90 308.46
2287 8.35 40.95 0.00 0.90 314.51
2288 9.40 116.64 6.87 0.50 315.48
2289 10.06 168.24 9.67 0.20 319.23
2290 9.91 87.23 0.00 0.50 328.24
2291 10.19 151.64 0.00 0.20 326.22
2292 10.31 143.49 0.00 0.10 315.35
2293 10.69 232.17 14.07 0.50 307.54
2294 11.55 437.38 213.10 0.60 294.79
2295 11.02 45.78 0.00 0.60 319.41
2296 10.83 108.71 0.00 0.20 310.46
2297 11.13 237.38 266.40 0.40 290.64
2298 11.06 135.56 348.15 0.90 285.02
2299 10.65 20.35 18.60 1.10 287.66
2300 10.02 0.00 0.00 1.80 288.09
2301 9.38 0.00 0.00 1.80 286.59
2302 8.74 0.00 0.00 1.80 286.74
2303 8.11 0.00 0.00 1.80 284.08
2304 7.47 0.00 0.00 1.80 280.82
2305 6.69 0.00 0.00 0.90 280.74
2306 5.81 0.00 0.00 0.70 275.67
2307 4.92 0.00 0.00 0.40 277.63
2308 4.42 0.00 0.00 0.30 277.66
2309 3.92 0.00 0.00 0.30 274.98
2310 3.55 7.38 0.00 1.10 272.74
2311 5.51 99.62 297.94 0.80 281.09
2312 7.25 278.52 676.49 0.80 272.23
2313 8.83 433.43 797.95 1.60 270.52
2314 10.37 588.69 879.70 3.10 265.48
2315 11.69 693.48 903.94 3.70 263.75
2316 12.55 700.95 782.34 4.20 268.96
2317 13.08 681.57 688.45 4.10 275.14
2318 12.96 491.38 265.08 3.50 283.16
2319 12.96 541.71 636.00 3.50 276.53
2320 12.72 465.14 787.16 2.30 280.46
2321 11.98 300.38 711.33 0.90 282.85
2322 10.86 136.20 496.42 0.80 287.62
2323 9.59 21.00 26.87 0.60 284.31
2324 9.00 0.00 0.00 1.10 287.93
2325 8.41 0.00 0.00 1.40 285.02
2326 7.83 0.00 0.00 1.80 287.23
2327 7.24 0.00 0.00 1.40 286.26
2328 6.65 0.00 0.00 0.60 281.74
2329 6.58 0.00 0.00 0.90 275.07
2330 6.55 0.00 0.00 1.30 277.49
2331 6.54 0.00 0.00 0.80 279.21
2332 6.54 0.00 0.00 1.80 284.62
2333 6.55 0.00 0.00 2.30 283.10
2334 6.78 9.80 0.00 2.70 283.33
2335 7.94 116.35 252.01 3.30 288.46
2336 8.46 131.32 32.32 2.50 301.31
2337 9.43 263.61 117.14 2.70 296.19
2338 10.72 427.43 305.97 2.70 291.74
2339 11.57 421.79 153.48 3.90 295.01
2340 12.34 472.43 158.06 2.10 293.27
2341 12.95 480.45 186.25 2.90 291.11
2342 13.49 504.60 284.38 2.90 291.81
2343 13.08 191.77 8.65 3.30 310.48
2344 12.36 74.81 0.00 4.70 315.84
2345 11.55 25.79 0.00 4.90 332.04
2346 11.01 26.63 0.00 4.40 334.87
2347 10.44 8.97 0.00 3.90 319.09
2348 10.12 0.00 0.00 2.90 315.59
2349 9.80 0.00 0.00 3.10 312.59
2350 9.47 0.00 0.00 3.50 310.33
2351 9.15 0.00 0.00 3.50 310.52
2352 8.83 0.00 0.00 4.10 308.27
2353 8.33 0.00 0.00 3.10 310.98
2354 7.82 0.00 0.00 2.30 308.32
2355 7.51 0.00 0.00 2.70 309.67
2356 7.27 0.00 0.00 2.10 312.95
2357 7.08 0.00 0.00 1.60 309.58
2358 7.38 13.32 0.00 1.30 311.30
2359 7.94 62.34 51.06 2.70 308.01
2360 8.02 50.11 0.00 1.40 316.17
2361 8.52 129.02 0.00 0.90 310.63
2362 9.33 239.10 21.40 1.60 303.11
2363 9.88 240.39 19.12 2.10 305.51
2364 11.53 609.72 452.56 1.80 287.84
2365 12.57 545.92 306.53 0.90 292.15
2366 13.55 611.58 573.83 0.10 289.49
2367 13.82 400.28 224.82 0.40 301.43
2368 13.77 283.78 133.00 0.60 303.56
2369 13.65 261.89 405.87 0.40 299.38
2370 13.23 162.37 509.03 0.80 296.35
2371 12.47 25.81 109.46 1.10 293.95
2372 11.84 0.00 0.00 0.80 298.85
2373 11.21 0.00 0.00 1.30 297.34
2374 10.57 0.00 0.00 1.30 297.31
2375 9.94 0.00 0.00 1.30 297.79
2376 9.31 0.00 0.00 2.10 297.33
2377 8.81 0.00 0.00 3.10 291.07
2378 8.28 0.00 0.00 3.70 292.07
2379 8.00 0.00 0.00 3.10 290.82
2380 7.72 0.00 0.00 3.30 290.03
2381 7.52 0.00 0.00 3.10 295.45
2382 7.53 1.79 0.00 3.10 291.34
2383 9.31 151.36 633.49 4.40 295.75
2384 11.34 333.79 608.04 3.90 292.62
2385 11.44 183.36 46.99 3.70 313.62
2386 10.84 50.54 0.00 3.30 321.15
2387 10.46 58.97 0.00 3.70 320.28
2388 11.55 454.10 169.95 2.50 295.62
2389 13.53 843.50 808.07 3.30 275.44
2390 14.91 789.48 835.44 2.70 275.81
2391 15.32 502.30 456.05 2.90 289.74
2392 15.72 532.04 778.36 3.30 278.46
2393 15.68 352.32 618.01 4.90 280.80
2394 14.80 88.90 86.17 7.70 303.50
2395 13.88 29.80 93.33 6.80 299.35
2396 13.29 0.00 0.00 8.20 304.32
2397 12.70 0.00 0.00 6.80 303.51
2398 12.10 0.00 0.00 6.50 304.03
2399 11.51 0.00 0.00 7.20 302.84
2400 10.92 0.00 0.00 7.70 303.56
2401 10.52 0.00 0.00 10.40 307.17
2402 10.06 0.00 0.00 9.60 308.34
2403 9.81 0.00 0.00 6.80 308.42
2404 9.55 0.00 0.00 7.70 310.00
2405 9.36 0.00 0.00 9.20 305.59
2406 9.48 8.87 0.00 9.20 309.81
2407 9.80 47.24 0.00 10.40 315.29
2408 10.42 129.88 8.66 7.70 314.81
2409 10.97 184.02 9.40 7.20 317.72
2410 11.47 230.64 13.54 7.20 317.84
2411 11.85 253.25 10.31 9.90 316.95
2412 12.27 309.90 19.44 9.20 317.08
2413 12.49 275.05 11.36 8.20 319.48
2414 12.56 236.85 7.51 6.50 325.33
2415 12.60 236.64 17.55 9.90 326.51
2416 12.25 95.31 0.00 7.70 335.91
2417 11.84 58.39 0.00 10.80 335.50
2418 11.37 12.05 0.00 7.70 340.64
2419 10.94 5.64 0.00 11.60 339.65
2420 11.17 0.00 0.00 13.20 345.08
2421 11.48 0.00 0.00 11.60 349.39
2422 11.75 0.00 0.00 8.70 347.98
2423 11.85 0.00 0.00 6.50 344.34
2424 12.28 0.00 0.00 6.20 348.20
2425 12.54 0.00 0.00 5.40 351.38
2426 12.88 0.00 0.00 5.40 349.69
2427 13.08 0.00 0.00 6.50 350.50
2428 13.16 0.00 0.00 6.80 346.63
2429 13.45 0.00 0.00 5.40 349.62
2430 13.73 8.25 0.00 6.20 351.41
2431 14.36 52.00 0.00 5.20 349.89
2432 14.55 43.74 0.00 5.20 357.67
2433 15.20 124.05 0.00 5.40 350.10
2434 15.84 167.74 0.82 4.60 351.07
2435 17.17 374.14 89.89 4.60 341.40
2436 18.19 387.93 71.25 5.20 339.71
2437 19.17 449.26 128.31 4.70 333.07
2438 19.93 442.27 161.34 4.20 337.39
2439 20.32 348.45 119.11 4.70 341.82
2440 20.08 162.23 2.77 5.60 355.92
2441 19.58 72.25 0.00 5.40 361.34
2442 18.95 11.20 0.00 4.60 368.55
2443 18.42 8.36 0.00 6.20 364.08
2444 17.80 0.00 0.00 7.70 363.49
2445 17.17 0.00 0.00 7.20 359.94
2446 16.54 0.00 0.00 6.80 356.31
2447 15.91 0.00 0.00 6.80 351.28
2448 15.29 0.00 0.00 6.20 344.65
2449 14.11 0.00 0.00 5.80 336.73
2450 12.83 0.00 0.00 4.70 329.18
2451 12.13 0.00 0.00 4.40 324.48
2452 11.44 0.00 0.00 2.70 321.64
2453 10.93 0.00 0.00 1.30 320.24
2454 11.31 22.93 37.12 1.40 318.78
2455 12.36 131.61 394.34 3.30 322.41
2456 13.71 281.44 561.36 2.50 320.08
2457 15.13 432.86 677.61 1.30 310.75
2458 16.48 557.92 714.07 0.90 312.56
2459 17.73 665.55 768.66 1.30 313.69
2460 18.76 723.11 824.02 1.40 313.29
2461 19.50 720.90 812.09 1.40 311.49
2462 19.92 667.72 782.27 2.70 317.77
2463 20.05 576.79 765.46 3.50 318.99
2464 19.82 443.40 686.70 4.20 322.64
2465 19.13 285.64 552.50 5.80 326.64
2466 18.12 138.17 362.57 4.90 332.79
2467 16.95 26.05 61.47 4.60 333.10
2468 16.20 0.00 0.00 3.90 333.90
2469 15.46 0.00 0.00 3.90 331.05
2470 14.71 0.00 0.00 4.90 329.56
2471 13.97 0.00 0.00 4.40 326.50
2472 13.22 0.00 0.00 7.20 324.42
2473 13.11 0.00 0.00 6.50 327.21
2474 13.00 0.00 0.00 5.20 325.13
2475 12.94 0.00 0.00 4.90 325.71
2476 12.89 0.00 0.00 4.40 322.33
2477 12.86 0.00 0.00 4.20 324.35
2478 13.36 19.10 0.00 2.50 325.01
2479 14.33 92.07 53.44 2.10 326.82
2480 15.50 188.74 83.66 1.60 325.98
2481 16.87 307.56 134.75 1.60 321.82
2482 18.37 436.46 281.56 1.60 320.78
2483 19.56 478.02 210.74 1.80 321.21
2484 20.46 492.91 180.13 2.10 324.97
2485 21.19 509.47 199.55 3.50 325.97
2486 21.91 558.46 376.48 3.90 320.18
2487 22.15 431.69 258.90 3.90 324.00
2488 22.29 407.91 451.48 3.70 319.40
2489 21.91 253.08 319.20 3.10 323.79
2490 21.25 154.88 395.13 2.10 318.23
2491 20.29 33.50 150.30 1.60 318.96
2492 18.98 0.00 0.00 2.30 321.87
2493 17.67 0.00 0.00 1.40 315.55
2494 16.35 0.00 0.00 1.30 317.48
2495 15.04 0.00 0.00 2.10 313.83
2496 13.73 0.00 0.00 1.80 310.15
2497 12.39 0.00 0.00 2.10 311.32
2498 10.94 0.00 0.00 0.80 306.41
2499 10.16 0.00 0.00 1.80 303.58
2500 9.38 0.00 0.00 2.50 304.40
2501 8.83 0.00 0.00 1.80 300.01
2502 9.17 24.04 16.55 1.80 303.56
2503 9.96 119.40 220.60 1.30 304.44
2504 11.14 277.95 438.14 2.50 301.50
2505 12.55 463.45 718.86 1.80 295.90
2506 13.73 564.57 688.21 2.50 299.84
2507 14.85 682.70 754.40 3.30 298.68
2508 15.62 683.58 610.40 3.70 303.55
2509 16.06 636.97 485.26 3.50 303.34
2510 16.10 503.84 262.13 3.50 310.17
2511 15.65 334.79 92.27 4.10 315.70
2512 15.08 270.25 68.85 3.10 313.15
2513 14.38 193.02 79.87 2.70 312.06
2514 13.55 105.67 89.33 3.10 314.56
2515 12.65 24.78 17.39 2.50 313.44
2516 12.04 0.00 0.00 1.40 312.36
2517 11.43 0.00 0.00 1.60 309.89
2518 10.81 0.00 0.00 1.10 308.38
2519 10.20 0.00 0.00 2.10 307.70
2520 9.59 0.00 0.00 1.60 304.49
2521 9.60 0.00 0.00 2.30 304.53
2522 9.63 0.00 0.00 1.80 300.83
2523 9.65 0.00 0.00 2.10 301.13
2524 9.68 0.00 0.00 3.50 297.98
2525 9.70 0.00 0.00 2.50 294.40
2526 10.58 37.60 217.48 3.10 291.19
2527 12.14 172.42 499.88 1.60 294.95
2528 13.70 307.74 439.24 2.50 295.72
2529 12.98 42.38 0.00 1.80 331.35
2530 14.18 400.45 206.29 2.50 309.07
2531 15.92 642.80 548.46 2.90 298.63
2532 16.05 300.93 54.56 2.50 322.20
2533 17.67 836.42 679.61 2.70 296.49
2534 17.74 362.02 150.84 2.90 321.53
2535 18.27 567.49 466.19 3.10 302.45
2536 17.58 163.16 7.43 1.30 329.70
2537 16.57 28.88 0.00 0.70 338.34
2538 15.67 14.53 0.00 1.40 333.52
2539 14.89 5.87 0.00 1.80 337.20
2540 14.51 0.00 0.00 1.60 339.55
2541 14.11 0.00 0.00 0.90 352.33
2542 13.76 0.00 0.00 2.30 355.34
2543 13.38 0.00 0.00 3.30 352.57
2544 13.00 0.00 0.00 5.20 349.81
2545 12.50 0.00 0.00 4.40 346.37
2546 11.96 0.00 0.00 5.20 342.67
2547 11.66 0.00 0.00 4.10 340.42
2548 11.36 0.00 0.00 3.30 338.18
2549 11.15 0.00 0.00 2.70 336.42
2550 11.32 10.97 0.00 2.90 336.83
2551 11.62 47.14 0.00 2.50 334.90
2552 12.03 99.16 0.00 1.40 320.27
2553 12.68 194.51 12.54 1.30 317.91
2554 13.70 361.47 121.26 0.60 311.16
2555 14.41 377.15 79.75 1.40 312.47
2556 14.68 294.32 18.10 2.30 320.35
2557 14.74 241.75 9.01 2.30 326.96
2558 14.95 322.52 33.41 1.60 320.48
2559 14.92 229.23 12.56 1.40 325.46
2560 14.57 116.73 0.00 1.60 331.84
2561 13.99 25.49 0.00 1.10 352.26
2562 13.56 30.42 0.00 2.10 337.19
2563 12.97 10.76 0.00 2.50 346.58
2564 13.05 0.00 0.00 2.30 347.29
2565 13.00 0.00 0.00 2.90 347.17
2566 12.94 0.00 0.00 1.60 347.05
2567 12.89 0.00 0.00 2.30 346.93
2568 12.83 0.00 0.00 3.50 346.81
2569 12.98 0.00 0.00 3.70 347.89
2570 13.26 0.00 0.00 2.50 352.97
2571 13.39 0.00 0.00 2.70 353.89
2572 13.51 0.00 0.00 3.50 354.82
2573 13.60 0.00 0.00 2.70 355.55
2574 13.76 4.64 0.00 3.50 356.99
2575 13.97 18.03 0.00 4.20 354.89
2576 14.24 32.77 0.00 5.20 356.18
2577 14.52 51.47 0.00 5.60 344.36
2578 14.80 67.14 0.00 7.20 342.40
2579 15.06 80.63 0.00 6.50 340.57
2580 15.25 85.48 0.00 5.60 355.38
2581 15.43 91.90 0.00 4.20 361.42
2582 15.60 85.06 0.00 3.10 347.84
2583 15.67 74.87 0.00 4.20 349.87
2584 15.59 57.97 0.00 3.30 362.85
2585 15.40 37.47 0.00 2.10 365.72
2586 15.17 20.52 0.00 2.10 364.74
2587 15.22 4.71 0.00 1.60 361.63
2588 14.95 0.00 0.00 1.60 359.87
2589 14.87 0.00 0.00 1.10 359.25
2590 14.65 0.00 0.00 1.40 357.83
2591 14.39 0.00 0.00 2.30 356.20
2592 13.67 0.00 0.00 3.10 355.09
2593 13.56 0.00 0.00 4.60 351.08
2594 12.45 0.00 0.00 5.20 347.72
2595 12.25 0.00 0.00 4.90 343.26
2596 11.93 0.00 0.00 4.90 341.28
2597 11.71 0.00 0.00 5.40 343.06
2598 11.73 6.99 0.00 6.50 343.02
2599 11.79 28.84 0.00 6.80 343.25
2600 11.88 56.53 0.00 5.80 339.58
2601 11.95 76.33 0.00 7.20 340.04
2602 12.04 107.84 0.00 7.70 339.45
2603 12.11 124.21 0.00 7.20 339.67
2604 12.12 133.91 0.00 6.20 339.58
2605 12.17 132.27 0.00 6.50 325.99
2606 12.15 123.46 0.00 5.40 328.49
2607 12.10 101.72 0.00 4.40 327.51
2608 12.00 75.39 0.00 3.90 325.90
2609 11.87 52.52 0.00 2.30 324.02
2610 11.70 22.26 0.00 2.90 329.02
2611 11.50 7.01 0.00 2.10 339.55
2612 11.55 0.00 0.00 3.10 339.58
2613 11.57 0.00 0.00 2.50 339.45
2614 11.57 0.00 0.00 3.30 339.19
2615 11.57 0.00 0.00 3.30 338.91
2616 11.52 0.00 0.00 3.70 338.38
2617 11.96 0.00 0.00 3.50 343.81
2618 12.32 0.00 0.00 2.30 345.62
2619 12.52 0.00 0.00 4.60 346.50
2620 12.45 0.00 0.00 6.20 345.86
2621 12.81 0.00 0.00 5.80 344.48
2622 13.33 14.48 0.00 5.20 350.42
2623 13.74 39.27 0.00 4.90 349.30
2624 14.38 86.28 0.00 6.20 350.35
2625 14.99 122.75 0.00 6.80 353.36
2626 15.39 126.98 0.00 6.20 341.93
2627 15.81 170.80 1.49 9.20 355.18
2628 16.14 142.07 0.00 5.40 344.17
2629 16.59 215.04 2.68 4.60 354.87
2630 17.12 254.53 9.17 5.20 338.41
2631 17.36 198.72 3.84 3.90 328.45
2632 17.45 157.33 0.15 3.90 330.65
2633 17.32 100.44 0.00 3.50 330.13
2634 17.06 58.69 0.00 3.90 333.88
2635 16.67 14.46 0.00 2.70 328.26
2636 16.15 0.00 0.00 2.70 323.99
2637 15.64 0.00 0.00 3.90 322.46
2638 15.12 0.00 0.00 3.90 318.95
2639 14.60 0.00 0.00 4.20 316.01
2640 14.09 0.00 0.00 3.90 312.44
2641 12.34 0.00 0.00 3.90 309.48
2642 10.42 0.00 0.00 3.10 302.64
2643 9.37 0.00 0.00 3.90 301.57
2644 8.32 0.00 0.00 3.10 300.01
2645 7.56 0.00 0.00 1.10 293.98
2646 8.22 42.75 150.28 1.30 294.16
2647 9.12 152.11 292.83 1.60 297.29
2648 10.16 283.87 399.70 1.40 296.59
2649 11.28 424.15 477.17 2.10 296.00
2650 12.32 536.31 508.72 1.80 296.39
2651 13.32 648.88 613.50 2.50 295.03
2652 14.19 722.15 682.21 2.50 293.82
2653 14.71 686.83 594.63 3.30 294.25
2654 14.98 637.46 569.08 3.10 292.25
2655 14.99 558.68 581.94 3.30 292.48
2656 14.70 428.42 499.33 3.70 293.87
2657 14.07 302.23 470.06 4.40 292.46
2658 13.16 162.82 373.34 3.90 296.12
2659 12.06 42.58 199.69 3.90 298.30
2660 11.39 0.00 0.00 3.50 301.77
2661 10.71 0.00 0.00 2.30 299.93
2662 10.04 0.00 0.00 3.10 299.72
2663 9.36 0.00 0.00 2.50 297.10
2664 8.69 0.00 0.00 1.80 296.77
2665 8.99 0.00 0.00 2.90 300.90
2666 9.29 0.00 0.00 2.50 301.57
2667 9.44 0.00 0.00 3.10 302.07
2668 9.59 0.00 0.00 3.50 301.17
2669 9.69 0.00 0.00 2.70 298.87
2670 10.72 40.23 100.59 2.70 299.51
2671 12.78 201.80 565.82 3.90 302.55
2672 14.72 349.04 678.72 4.20 302.29
2673 16.46 469.59 570.29 5.40 303.72
2674 17.51 471.38 279.50 4.10 311.15
2675 18.00 421.24 109.54 1.40 317.68
2676 18.00 325.17 18.32 1.10 323.29
2677 18.01 329.95 19.43 0.90 325.02
2678 18.16 377.71 65.10 0.60 317.43
2679 17.97 287.49 31.94 0.60 322.24
2680 17.23 140.06 0.00 0.40 329.89
2681 16.76 181.77 42.92 0.80 321.63
2682 16.05 86.69 5.42 0.80 322.33
2683 15.26 28.12 11.70 1.40 322.87
2684 14.55 0.00 0.00 3.30 328.73
2685 13.84 0.00 0.00 0.70 325.84
2686 13.08 0.00 0.00 0.80 339.07
2687 12.43 0.00 0.00 1.80 341.29
2688 11.72 0.00 0.00 1.60 338.30
2689 11.02 0.00 0.00 0.40 335.33
2690 10.28 0.00 0.00 0.30 332.20
2691 9.90 0.00 0.00 0.10 331.07
2692 9.52 0.00 0.00 0.20 329.94
2693 9.25 0.00 0.00 0.70 329.47
2694 9.16 7.81 0.00 0.90 329.96
2695 9.36 15.91 0.00 1.40 329.13
2696 9.78 74.83 0.00 0.90 325.92
2697 10.21 116.97 0.00 2.30 326.88
2698 10.69 183.33 2.40 1.60 326.65
2699 11.15 228.23 5.61 2.30 312.72
2700 11.66 290.90 12.68 1.10 305.07
2701 12.03 293.22 16.05 0.90 308.85
2702 12.28 278.03 13.37 0.60 305.59
2703 12.42 249.21 13.52 0.90 306.05
2704 12.45 207.23 10.46 1.10 306.99
2705 12.37 161.01 20.24 2.50 308.63
2706 12.04 59.11 0.00 2.90 316.75
2707 11.66 20.90 0.00 2.10 314.70
2708 10.83 0.00 0.00 1.80 315.96
2709 10.00 0.00 0.00 2.50 309.08
2710 9.17 0.00 0.00 2.50 303.50
2711 8.34 0.00 0.00 1.80 300.39
2712 7.51 0.00 0.00 2.30 294.13
2713 6.76 0.00 0.00 2.10 294.57
2714 5.92 0.00 0.00 1.40 287.36
2715 5.46 0.00 0.00 3.50 282.71
2716 5.00 0.00 0.00 4.20 281.31
2717 4.67 0.00 0.00 3.10 278.13
2718 5.83 54.26 186.66 3.10 277.74
2719 6.95 158.95 304.87 4.10 283.51
2720 8.19 278.84 316.76 4.20 284.23
2721 9.67 436.67 461.34 5.20 279.85
2722 11.17 576.49 611.27 5.40 280.47
2723 12.50 670.21 621.10 6.50 282.43
2724 13.67 743.71 715.14 6.20 281.16
2725 14.51 735.68 690.61 6.20 284.61
2726 14.94 661.36 620.19 5.40 291.68
2727 15.03 552.78 522.39 5.40 290.15
2728 14.68 412.60 393.03 6.50 293.90
2729 14.02 303.51 457.74 6.50 297.93
2730 13.03 162.55 355.03 5.80 298.40
2731 11.85 51.52 188.37 4.60 299.20
2732 11.01 0.00 0.00 4.70 298.36
2733 10.17 0.00 0.00 5.80 295.71
2734 9.32 0.00 0.00 4.40 292.73
2735 8.48 0.00 0.00 4.10 291.46
2736 7.64 0.00 0.00 3.10 289.78
2737 7.27 0.00 0.00 2.30 284.12
2738 6.83 0.00 0.00 2.30 282.46
2739 6.57 0.00 0.00 2.90 283.34
2740 6.31 0.00 0.00 2.50 286.20
2741 6.12 0.89 0.00 2.30 290.28
2742 7.59 67.66 311.71 2.30 292.15
2743 9.17 211.62 572.56 1.80 290.06
2744 10.98 386.08 750.32 2.30 289.87
2745 12.81 554.82 863.60 1.80 282.98
2746 14.40 667.95 864.32 1.40 282.35
2747 15.63 720.59 664.81 2.50 284.41
2748 15.52 422.19 95.98 3.30 303.72
2749 15.50 450.37 111.76 2.90 303.36
2750 15.48 456.03 133.87 3.50 298.34
2751 15.33 417.28 159.61 4.10 298.69
2752 14.69 276.39 57.44 4.40 302.16
2753 13.85 184.57 29.46 3.10 301.89
2754 12.87 99.71 15.08 2.90 303.66
2755 11.85 34.89 35.03 2.50 303.32
2756 11.15 0.00 0.00 1.80 306.75
2757 10.44 0.00 0.00 3.10 306.75
2758 9.74 0.00 0.00 3.10 303.64
2759 9.04 0.00 0.00 0.90 301.81
2760 8.34 0.00 0.00 1.40 301.94
2761 8.05 0.00 0.00 1.30 306.00
2762 7.71 0.00 0.00 2.50 304.73
2763 7.51 0.00 0.00 2.90 301.84
2764 7.32 0.00 0.00 3.10 297.59
2765 7.17 1.23 0.00 3.10 290.88
2766 8.55 56.15 206.44 3.10 293.48
2767 9.67 148.09 135.91 3.30 297.81
2768 10.92 255.89 142.12 2.70 296.23
2769 12.34 384.91 290.26 3.10 290.90
2770 13.52 453.39 208.12 2.50 290.58
2771 14.28 451.38 121.18 2.50 295.25
2772 15.11 534.04 220.76 1.80 293.77
2773 15.94 604.51 329.09 2.50 292.63
2774 16.23 480.79 158.55 2.50 300.52
2775 16.25 401.00 133.36 2.10 299.53
2776 16.20 376.75 192.05 2.50 298.76
2777 15.85 292.59 366.46 1.10 294.41
2778 15.15 175.61 369.29 0.60 297.06
2779 14.21 65.21 215.90 0.60 296.10
2780 13.10 0.00 0.00 1.30 300.60
2781 12.00 0.00 0.00 0.80 295.15
2782 10.89 0.00 0.00 1.30 295.31
2783 9.78 0.00 0.00 1.30 295.18
2784 8.67 0.00 0.00 0.60 291.79
2785 7.84 0.00 0.00 0.20 285.00
2786 6.87 0.00 0.00 0.40 286.60
2787 6.32 0.00 0.00 0.30 285.53
2788 5.77 0.00 0.00 0.30 286.65
2789 5.35 1.93 0.00 0.60 286.98
2790 6.94 73.73 344.10 0.20 293.62
2791 8.47 216.15 629.52 0.10 292.93
2792 10.16 380.24 766.43 0.10 291.62
2793 11.86 538.34 848.54 0.50 287.29
2794 13.41 663.55 865.91 1.80 285.15
2795 14.74 749.90 864.86 1.60 285.61
2796 15.78 789.22 847.54 1.80 288.45
2797 16.49 780.37 823.56 2.50 289.64
2798 16.89 730.25 813.62 2.30 293.77
2799 16.96 631.24 773.50 1.30 295.69
2800 16.63 503.37 739.79 1.60 301.17
2801 15.85 354.81 673.82 1.60 303.42
2802 14.69 197.84 547.59 2.10 305.67
2803 13.30 62.36 295.44 2.50 308.49
2804 12.69 1.00 0.00 4.10 312.69
2805 12.09 0.00 0.00 4.60 315.34
2806 11.49 0.00 0.00 5.20 316.45
2807 10.89 0.00 0.00 4.90 314.13
2808 10.28 0.00 0.00 5.80 315.63
2809 10.43 0.00 0.00 6.20 319.75
2810 10.60 0.00 0.00 8.20 324.23
2811 10.69 0.00 0.00 7.70 323.81
2812 10.78 0.00 0.00 8.70 327.00
2813 10.85 0.72 0.00 8.20 330.54
2814 11.33 16.70 0.00 7.20 333.74
2815 11.73 43.67 0.00 6.20 332.48
2816 12.12 69.64 0.00 5.60 336.87
2817 12.48 91.99 0.00 5.20 341.66
2818 13.00 144.30 0.00 4.20 342.42
2819 13.49 173.61 2.54 4.20 340.41
2820 13.82 168.15 0.58 3.70 344.89
2821 14.16 191.93 1.07 3.90 339.39
2822 14.42 189.25 3.25 3.70 339.30
2823 14.49 140.90 0.00 2.70 340.27
2824 14.51 128.11 0.00 3.30 341.50
2825 14.40 90.25 0.00 2.70 337.29
2826 14.14 48.74 0.00 1.60 339.87
2827 13.78 17.09 0.00 1.60 349.93
2828 13.33 0.49 0.00 2.10 347.18
2829 12.92 0.00 0.00 1.80 344.70
2830 12.37 0.00 0.00 1.10 341.42
2831 11.73 0.00 0.00 1.60 340.78
2832 11.56 0.00 0.00 2.10 336.49
2833 10.82 0.00 0.00 1.30 335.31
2834 10.49 0.00 0.00 2.10 330.18
2835 10.24 0.00 0.00 1.60 331.73
2836 9.93 0.00 0.00 0.50 329.83
2837 9.59 0.93 0.00 0.60 324.75
2838 10.08 22.61 0.00 0.90 330.39
2839 10.48 71.70 0.00 1.60 326.43
2840 10.87 117.77 0.00 1.10 327.90
2841 11.17 155.00 0.00 2.10 329.62
2842 11.56 199.94 4.19 1.60 315.89
2843 11.78 199.28 2.08 2.10 315.93
2844 11.82 164.38 0.51 1.10 320.16
2845 11.85 168.60 0.60 2.30 323.94
2846 11.92 195.85 1.94 1.80 322.80
2847 11.80 121.80 0.00 1.10 325.92
2848 11.62 97.78 0.00 0.70 324.33
2849 11.41 76.38 0.00 1.10 327.71
2850 11.14 43.64 0.00 0.90 329.52
2851 10.82 16.43 0.00 0.90 335.21
2852 10.59 0.67 0.00 1.80 332.02
2853 10.35 0.00 0.00 2.10 330.37
2854 10.10 0.00 0.00 1.30 329.12
2855 9.86 0.00 0.00 0.70 325.90
2856 9.61 0.00 0.00 0.60 323.66
2857 9.66 0.00 0.00 1.10 322.62
2858 9.65 0.00 0.00 1.80 319.15
2859 9.63 0.00 0.00 2.10 312.46
2860 9.60 0.00 0.00 2.10 306.72
2861 9.56 3.52 0.00 3.10 307.15
2862 12.00 97.37 298.73 4.10 310.61
2863 11.90 93.36 0.00 3.70 326.91
2864 13.46 284.39 223.71 3.90 317.83
2865 14.89 389.02 182.89 3.10 319.55
2866 15.65 393.75 117.34 3.70 339.53
2867 15.73 259.44 11.31 3.30 337.16
2868 16.13 375.34 35.46 3.70 333.81
2869 16.25 323.59 17.74 1.80 337.14
2870 16.35 330.20 21.46 0.80 336.02
2871 16.17 252.84 11.53 0.60 339.07
2872 15.94 236.30 16.87 0.40 340.47
2873 15.52 171.92 15.37 0.80 341.42
2874 14.95 114.68 52.47 1.10 337.99
2875 14.13 7.00 0.00 1.10 351.68
2876 13.79 0.88 0.00 0.60 354.30
2877 13.44 0.00 0.00 0.60 355.61
2878 13.10 0.00 0.00 1.40 353.00
2879 12.76 0.00 0.00 2.10 348.38
2880 12.41 0.00 0.00 0.50 347.25
2881 12.12 0.00 0.00 0.70 348.87
2882 11.96 0.00 0.00 1.10 350.47
2883 12.05 0.00 0.00 1.90 349.37
2884 12.03 0.00 0.00 1.50 349.48
2885 11.99 1.45 0.00 1.40 350.82
2886 12.43 20.87 0.00 1.70 351.75
2887 12.69 46.37 0.00 1.10 347.11
2888 12.94 78.14 0.00 1.70 345.00
2889 13.28 112.01 0.00 2.10 346.14
2890 13.66 148.22 0.00 2.40 334.36
2891 13.97 170.92 2.43 2.20 332.17
2892 14.26 195.73 0.78 3.01 333.71
2893 14.49 200.95 0.84 3.21 337.27
2894 14.63 185.59 3.74 3.01 341.48
2895 14.65 185.52 3.25 5.11 350.25
2896 14.64 148.28 0.00 5.11 350.74
2897 14.69 121.37 0.00 5.11 338.98
2898 13.79 78.68 0.00 6.91 347.82
2899 14.28 38.20 2.62 6.91 345.80
2900 13.65 1.30 0.00 9.42 344.33
2901 13.64 0.00 0.00 7.61 340.41
2902 13.16 0.00 0.00 6.41 339.75
2903 13.07 0.00 0.00 5.61 338.36
2904 12.77 0.00 0.00 7.61 335.77
2905 12.54 0.00 0.00 6.91 334.05
2906 12.26 0.00 0.00 6.61 332.67
2907 12.10 0.00 0.00 8.11 331.91
2908 11.94 0.00 0.00 6.21 328.51
2909 11.82 4.92 0.00 4.91 327.91
2910 13.19 69.85 191.02 4.91 332.85
2911 14.02 156.31 134.70 5.61 334.00
2912 14.78 231.28 76.81 4.51 338.96
2913 15.82 366.69 192.85 4.21 324.01
2914 16.18 305.86 31.54 5.41 334.26
2915 16.77 413.45 74.69 5.11 329.87
2916 17.42 496.14 161.05 4.91 325.74
2917 17.11 188.19 5.63 5.11 342.68
2918 17.24 353.39 57.52 5.11 332.27
2919 17.51 442.40 187.28 5.61 326.79
2920 17.73 446.00 390.50 8.41 321.55
2921 17.74 345.01 445.68 10.22 324.89
2922 17.18 121.65 54.63 9.92 342.57
2923 16.41 6.92 0.00 8.41 355.12
2924 15.68 2.10 0.00 7.21 352.27
2925 14.93 0.00 0.00 5.91 362.55
2926 14.22 0.00 0.00 7.21 361.53
2927 13.49 0.00 0.00 8.91 358.38
2928 12.76 0.00 0.00 10.72 353.69
2929 12.27 0.00 0.00 10.22 350.10
2930 11.76 0.00 0.00 9.42 350.01
2931 11.50 0.00 0.00 11.02 349.50
2932 11.24 0.00 0.00 7.61 347.63
2933 11.06 3.76 0.00 6.91 348.98
2934 11.18 7.57 0.00 7.21 344.41
2935 12.38 139.96 86.46 8.91 328.64
2936 12.96 171.50 14.50 6.41 331.26
2937 13.36 195.68 7.54 6.91 331.37
2938 13.01 55.80 0.00 5.61 350.15
2939 14.24 500.87 181.39 5.11 317.61
2940 15.45 646.21 371.62 5.91 311.50
2941 15.98 483.30 131.67 4.71 323.72
2942 16.61 591.04 300.79 3.71 315.67
2943 16.68 356.33 80.86 3.21 330.51
2944 16.78 384.73 208.35 4.21 321.95
2945 16.49 216.67 63.44 3.51 327.90
2946 16.02 126.77 60.57 3.51 329.31
2947 15.38 21.13 0.00 3.91 341.96
2948 14.53 1.18 0.00 4.21 340.82
2949 13.68 0.00 0.00 5.61 337.46
2950 12.83 0.00 0.00 4.51 333.89
2951 11.98 0.00 0.00 4.71 330.93
2952 11.13 0.00 0.00 2.40 329.33
2953 10.14 0.00 0.00 2.80 335.56
2954 9.42 0.00 0.00 3.21 326.18
2955 9.11 0.00 0.00 3.91 328.13
2956 8.67 0.00 0.00 4.71 323.76
2957 8.28 2.95 0.00 5.11 319.78
2958 8.07 30.84 0.00 6.21 318.51
2959 8.79 62.39 0.00 5.61 320.08
2960 9.14 146.50 1.38 3.91 316.72
2961 9.47 207.71 7.82 3.51 317.22
2962 9.69 226.72 6.19 3.71 319.73
2963 9.88 261.08 9.03 3.71 309.41
2964 9.95 232.42 2.35 4.21 311.76
2965 9.88 195.51 1.19 5.41 324.69
2966 9.81 207.34 4.72 5.41 322.98
2967 9.82 171.64 1.39 5.11 315.50
2968 9.63 126.98 0.00 4.51 324.27
2969 9.40 68.39 0.00 4.51 316.29
2970 9.13 38.85 0.00 4.71 312.38
2971 8.85 18.27 0.00 4.91 315.03
2972 8.65 1.17 0.00 4.21 314.72
2973 8.44 0.00 0.00 3.51 315.37
2974 8.23 0.00 0.00 3.71 313.54
2975 8.03 0.00 0.00 4.51 307.62
2976 7.82 0.00 0.00 4.21 306.62
2977 8.02 0.00 0.00 2.40 305.48
2978 8.15 0.00 0.00 1.50 302.40
2979 8.18 0.00 0.00 2.80 302.07
2980 8.21 0.00 0.00 3.21 303.63
2981 8.21 8.67 0.00 2.20 296.50
2982 10.18 94.76 356.73 2.20 298.54
2983 11.53 227.35 515.76 3.21 297.74
2984 13.16 397.45 698.43 1.90 297.82
2985 14.70 539.38 736.40 3.01 295.78
2986 16.05 645.64 683.06 3.51 297.14
2987 17.14 703.66 619.58 4.21 302.07
2988 18.01 739.28 632.57 5.91 307.27
2989 18.66 744.64 620.29 6.41 309.92
2990 19.05 702.76 634.05 5.61 311.94
2991 19.17 620.36 644.53 6.21 315.79
2992 18.94 492.14 602.84 6.61 316.24
2993 18.29 346.31 508.47 7.61 319.15
2994 17.33 201.10 372.45 8.41 324.39
2995 16.16 75.25 222.22 5.61 328.22
2996 16.01 5.47 0.00 5.41 330.84
2997 15.85 0.00 0.00 5.11 339.82
2998 15.69 0.00 0.00 3.91 344.53
2999 15.54 0.00 0.00 4.51 347.34
3000 15.38 0.00 0.00 3.51 350.27
3001 15.58 0.00 0.00 2.80 354.89
3002 15.54 0.00 0.00 3.51 362.43
3003 15.81 0.00 0.00 3.51 361.01
3004 15.96 0.00 0.00 3.21 364.24
3005 15.99 0.95 0.00 3.51 372.65
3006 16.36 8.75 0.00 2.80 374.85
3007 16.62 21.24 0.00 2.60 376.26
3008 16.79 34.76 0.00 3.71 376.33
3009 17.02 47.33 0.00 3.01 377.42
3010 17.20 57.70 0.00 2.40 378.20
3011 17.36 65.07 0.00 1.70 376.01
3012 17.50 68.72 0.00 2.80 376.40
3013 17.61 71.03 0.00 0.90 373.35
3014 17.65 70.98 0.00 0.90 376.91
3015 17.68 62.68 0.00 1.40 377.15
3016 17.76 47.08 0.00 1.40 378.11
3017 17.70 33.74 0.00 1.70 370.04
3018 17.57 20.73 0.00 1.40 377.55
3019 17.47 7.93 0.00 1.10 377.61
3020 16.98 0.67 0.00 1.10 378.01
3021 17.14 0.00 0.00 1.70 372.96
3022 16.88 0.00 0.00 3.01 373.04
3023 16.41 0.00 0.00 4.51 368.86
3024 15.66 0.00 0.00 6.41 367.55
3025 15.95 0.00 0.00 4.51 365.18
3026 15.04 0.00 0.00 2.80 359.69
3027 14.56 0.00 0.00 2.20 357.53
3028 14.24 0.00 0.00 2.60 354.03
3029 14.42 10.31 0.00 2.40 354.31
3030 14.85 55.26 16.86 2.10 353.04
3031 15.54 139.31 56.76 2.80 349.12
3032 16.95 350.48 367.61 3.91 339.71
3033 17.99 400.05 236.04 3.91 349.80
3034 18.37 312.37 31.04 4.51 363.29
3035 18.69 330.98 24.16 4.21 351.67
3036 19.37 508.24 163.41 4.91 340.78
3037 20.46 756.37 537.10 5.61 327.89
3038 21.50 842.83 894.60 5.61 318.98
3039 22.23 778.17 888.74 6.21 320.76
3040 22.41 532.85 641.58 5.61 329.92
3041 22.13 323.61 340.76 5.11 338.09
3042 21.45 152.76 113.89 4.51 346.34
3043 20.64 55.90 38.72 4.71 348.02
3044 19.63 5.53 0.00 3.91 345.57
3045 18.62 0.00 0.00 3.51 347.12
3046 17.61 0.00 0.00 3.01 341.52
3047 16.60 0.00 0.00 3.21 339.68
3048 15.59 0.00 0.00 3.51 336.47
3049 14.79 0.00 0.00 4.21 334.33
3050 13.95 0.00 0.00 4.71 332.85
3051 13.50 0.00 0.00 4.51 331.90
3052 13.18 0.00 0.00 3.91 329.07
3053 13.37 11.34 0.00 3.91 327.80
3054 14.20 95.19 256.93 2.80 326.92
3055 15.41 231.93 433.57 1.90 327.43
3056 16.76 377.77 559.34 1.40 320.78
3057 17.96 476.54 452.92 1.50 321.68
3058 19.07 568.40 417.97 0.80 324.92
3059 19.88 581.85 299.04 1.10 330.53
3060 20.76 687.72 471.32 1.20 325.74
3061 21.31 632.91 332.02 1.00 327.45
3062 21.62 581.27 305.89 1.10 328.30
3063 21.83 559.90 402.73 1.30 327.03
3064 21.91 510.99 556.70 2.40 325.01
3065 21.56 333.93 402.93 4.21 334.11
3066 20.95 217.33 471.76 4.91 329.33
3067 20.07 74.49 185.33 6.21 340.03
3068 18.70 7.81 0.00 4.21 336.73
3069 17.32 0.00 0.00 3.91 334.93
3070 15.94 0.00 0.00 4.21 329.13
3071 14.56 0.00 0.00 3.51 324.64
3072 13.18 0.00 0.00 3.51 324.34
3073 12.16 0.00 0.00 2.80 323.87
3074 11.10 0.00 0.00 1.90 321.53
3075 10.55 0.00 0.00 2.80 316.49
3076 10.18 0.00 0.00 3.51 313.31
3077 10.44 15.90 0.00 2.10 313.50
3078 11.29 113.56 422.96 2.10 314.40
3079 12.49 268.56 649.59 2.10 312.25
3080 13.85 440.58 796.81 1.70 306.82
3081 15.25 602.65 892.82 1.50 301.63
3082 16.57 737.03 938.11 1.90 301.28
3083 17.76 831.86 954.41 1.90 302.57
3084 18.74 879.90 960.36 3.21 304.51
3085 19.50 877.78 960.71 2.20 303.92
3086 20.01 825.65 771.93 3.21 303.54
3087 19.48 382.30 96.48 3.91 324.84
3088 19.10 404.88 273.03 3.91 317.95
3089 18.09 117.68 0.00 3.51 333.14
3090 17.08 57.20 0.00 3.01 335.13
3091 16.11 7.85 0.00 1.50 340.09
3092 15.02 1.27 0.00 1.30 336.26
3093 13.93 0.00 0.00 1.20 335.13
3094 12.84 0.00 0.00 0.40 328.70
3095 11.75 0.00 0.00 0.70 324.73
3096 10.66 0.00 0.00 1.90 317.51
3097 9.78 0.00 0.00 2.40 316.20
3098 8.80 0.00 0.00 2.60 310.96
3099 8.26 0.00 0.00 2.80 306.83
3100 7.88 0.00 0.00 3.21 300.73
3101 8.10 15.04 0.00 1.90 301.87
3102 8.99 108.33 380.79 1.00 302.24
3103 10.21 248.72 538.96 1.20 296.74
3104 11.59 403.70 656.58 2.10 292.84
3105 13.00 549.76 714.30 1.10 291.99
3106 14.34 673.83 746.21 1.70 289.40
3107 15.55 765.78 776.26 2.20 292.04
3108 16.55 808.30 775.07 2.40 293.88
3109 17.29 803.82 767.75 2.40 295.69
3110 17.80 768.24 786.22 3.01 295.58
3111 17.99 661.36 721.35 2.80 298.39
3112 17.90 529.62 674.19 3.91 299.57
3113 17.39 378.14 605.29 4.51 302.55
3114 16.56 227.11 447.88 3.51 306.73
3115 15.50 90.43 261.12 2.40 312.86
3116 14.38 9.93 0.00 1.90 312.35
3117 13.62 0.00 0.00 3.21 314.69
3118 12.86 0.00 0.00 3.01 314.78
3119 12.09 0.00 0.00 2.60 313.77
3120 11.33 0.00 0.00 3.71 310.42
3121 11.19 0.00 0.00 2.40 304.13
3122 11.03 0.00 0.00 3.51 307.30
3123 10.94 0.00 0.00 3.21 310.19
3124 10.88 0.00 0.00 2.80 313.66
3125 11.18 14.80 0.00 3.01 312.50
3126 12.24 115.99 360.11 2.20 313.09
3127 13.65 268.32 579.12 2.60 311.41
3128 14.94 380.40 507.07 3.51 312.60
3129 16.16 486.64 438.91 2.80 313.97
3130 17.47 630.25 577.08 2.10 312.13
3131 18.76 745.42 650.71 2.20 311.35
3132 19.63 714.43 514.93 2.60 317.78
3133 20.29 704.98 496.45 2.20 315.14
3134 20.59 602.56 338.09 3.51 320.96
3135 20.79 577.35 424.76 3.51 321.90
3136 20.40 347.45 145.45 3.01 330.64
3137 19.60 181.13 17.48 3.91 340.39
3138 18.72 108.42 3.80 3.91 341.34
3139 17.79 36.02 0.00 2.80 344.24
3140 16.92 8.14 0.00 1.50 339.04
3141 15.92 0.00 0.00 1.70 336.88
3142 14.93 0.00 0.00 1.40 333.03
3143 13.93 0.00 0.00 1.30 322.75
3144 12.94 0.00 0.00 0.80 317.84
3145 12.03 0.00 0.00 0.40 317.78
3146 11.06 0.00 0.00 0.30 318.18
3147 10.54 0.00 0.00 0.60 316.37
3148 10.17 0.00 0.00 0.30 314.83
3149 10.49 18.33 0.00 0.10 311.68
3150 11.42 112.76 309.37 0.20 311.96
3151 12.61 243.21 479.35 0.20 309.91
3152 13.81 363.27 443.66 0.70 308.58
3153 15.03 487.36 453.42 1.30 307.37
3154 16.34 635.74 605.96 1.30 303.69
3155 17.50 714.79 629.18 1.70 308.18
3156 18.49 763.51 613.03 2.40 304.90
3157 19.27 777.55 620.45 3.21 300.82
3158 19.91 792.48 835.67 4.71 296.40
3159 20.24 697.06 827.56 4.91 298.05
3160 20.26 559.46 758.99 5.11 300.90
3161 19.90 407.43 655.83 8.41 301.99
3162 19.16 244.29 504.95 8.41 306.84
3163 18.16 101.96 293.55 7.61 310.74
3164 17.08 13.82 0.00 6.61 311.01
3165 15.70 0.00 0.00 7.61 316.06
3166 14.32 0.00 0.00 8.91 313.08
3167 12.93 0.00 0.00 7.61 311.04
3168 11.55 0.00 0.00 8.11 309.55
3169 10.62 0.00 0.00 6.41 309.88
3170 9.64 0.00 0.00 6.21 307.83
3171 9.13 0.00 0.00 5.91 306.68
3172 8.77 0.00 0.00 4.71 305.64
3173 8.87 8.87 0.00 5.61 305.03
3174 9.16 47.31 0.00 5.91 306.78
3175 9.54 106.20 0.00 5.91 318.15
3176 9.96 191.39 13.30 4.51 317.86
3177 10.84 302.63 41.40 5.41 302.95
3178 11.40 338.76 28.46 5.11 300.86
3179 11.87 369.69 29.84 5.91 300.98
3180 12.54 521.66 152.63 5.91 295.80
3181 12.70 341.57 21.15 6.21 308.49
3182 12.76 309.99 15.89 6.21 310.24
3183 12.53 191.66 4.85 6.21 311.33
3184 12.56 279.16 42.44 5.61 300.87
3185 12.25 142.50 0.00 5.91 309.41
3186 11.85 80.74 0.00 5.61 310.38
3187 11.35 8.93 0.00 4.71 318.50
3188 10.89 5.59 0.00 3.51 317.05
3189 10.22 0.00 0.00 4.21 313.70
3190 9.54 0.00 0.00 5.41 309.80
3191 8.86 0.00 0.00 5.11 303.17
3192 8.18 0.00 0.00 5.61 298.83
3193 7.86 0.00 0.00 6.61 298.92
3194 7.54 0.00 0.00 7.61 294.97
3195 7.38 0.00 0.00 5.41 292.32
3196 7.27 0.00 0.00 4.91 292.68
3197 7.81 26.19 136.93 2.10 293.97
3198 8.78 120.34 405.76 2.10 293.11
3199 10.03 255.85 416.36 1.50 292.79
3200 10.46 216.96 50.45 1.40 306.47
3201 11.36 372.88 163.73 1.90 303.85
3202 12.99 675.61 596.96 1.70 292.85
3203 14.78 886.05 907.74 1.70 286.02
3204 16.34 971.76 1009.17 2.10 284.35
3205 17.37 891.05 959.66 1.90 292.02
3206 18.24 914.25 914.59 1.50 287.33
3207 18.51 676.44 631.63 1.40 299.46
3208 17.48 192.07 15.35 2.10 327.86
3209 17.01 344.65 250.74 1.00 310.56
3210 16.02 107.86 3.53 1.00 329.19
3211 15.07 64.50 43.46 1.30 323.90
3212 14.11 10.37 0.00 1.90 320.08
3213 13.33 0.00 0.00 2.20 321.06
3214 12.54 0.00 0.00 2.40 315.55
3215 11.76 0.00 0.00 3.91 313.12
3216 10.98 0.00 0.00 3.91 311.47
3217 10.20 0.00 0.00 3.21 310.42
3218 9.37 0.00 0.00 3.91 305.48
3219 8.94 0.00 0.00 4.71 303.98
3220 8.63 0.00 0.00 4.51 305.16
3221 8.94 21.06 27.83 3.71 308.36
3222 9.80 130.17 455.45 4.91 307.58
3223 11.07 311.80 765.36 5.11 301.65
3224 12.47 499.52 907.99 5.91 296.55
3225 13.88 676.08 961.45 5.61 295.79
3226 15.13 796.22 981.85 6.91 296.60
3227 16.13 841.69 766.63 8.41 298.72
3228 15.92 423.04 77.96 7.61 322.80
3229 15.38 305.55 12.75 7.61 329.25
3230 14.85 273.82 10.44 8.91 332.05
3231 14.16 177.96 3.22 9.42 335.28
3232 13.64 202.75 6.11 9.42 331.80
3233 13.13 176.47 12.49 7.21 327.17
3234 12.62 146.25 49.97 5.91 323.77
3235 12.03 64.50 26.13 4.91 326.15
3236 11.40 7.71 0.00 4.71 323.01
3237 11.46 0.00 0.00 3.21 326.19
3238 11.52 0.00 0.00 3.71 325.26
3239 11.58 0.00 0.00 2.60 326.80
3240 11.65 0.00 0.00 2.10 324.80
3241 11.91 0.00 0.00 3.01 324.36
3242 12.09 0.00 0.00 3.91 326.79
3243 12.32 0.00 0.00 4.21 330.25
3244 12.42 0.00 0.00 3.21 325.53
3245 12.86 16.78 0.00 1.90 326.86
3246 14.17 117.91 229.10 1.90 330.14
3247 14.68 124.88 15.83 2.20 330.93
3248 15.02 138.73 0.00 1.70 335.73
3249 16.10 305.94 53.55 2.20 324.52
3250 16.62 260.23 13.04 2.80 332.21
3251 16.89 231.14 2.34 2.60 334.73
3252 17.24 276.43 9.71 2.10 335.67
3253 17.77 364.47 25.88 2.40 331.94
3254 18.50 483.39 140.89 2.60 325.24
3255 18.81 360.97 84.09 4.21 328.78
3256 19.69 649.88 621.07 3.91 306.44
3257 19.70 276.78 162.10 3.91 329.64
3258 19.73 290.84 494.80 4.21 315.94
3259 19.16 81.78 118.77 6.91 330.31
3260 18.48 15.74 0.00 6.41 332.73
3261 17.41 0.00 0.00 4.21 336.72
3262 16.34 0.00 0.00 5.41 333.87
3263 15.27 0.00 0.00 4.51 334.60
3264 14.19 0.00 0.00 4.51 332.17
3265 13.07 0.00 0.00 3.21 331.83
3266 11.92 0.00 0.00 2.60 326.85
3267 11.34 0.00 0.00 2.40 326.27
3268 10.94 0.00 0.00 3.21 322.39
3269 11.02 5.09 0.00 5.11 324.61
3270 11.31 37.03 0.00 6.21 330.78
3271 11.30 21.99 0.00 5.91 332.10
3272 11.21 34.89 0.00 5.11 340.18
3273 11.68 115.43 0.00 5.11 337.40
3274 11.70 57.03 0.00 3.91 335.36
3275 11.73 64.10 0.00 3.21 335.31
3276 12.30 289.00 21.04 1.70 326.29
3277 13.65 711.92 449.59 1.20 304.50
3278 14.46 571.70 268.90 1.20 312.06
3279 15.08 555.13 331.92 1.70 312.41
3280 15.72 629.71 734.49 2.40 303.57
3281 15.88 377.17 447.82 2.40 312.07
3282 15.73 212.75 321.33 2.10 315.35
3283 15.32 84.83 83.74 3.21 319.37
3284 14.80 9.23 0.00 2.40 318.66
3285 13.96 0.00 0.00 2.80 321.20
3286 13.12 0.00 0.00 2.20 317.80
3287 12.28 0.00 0.00 2.10 312.78
3288 11.44 0.00 0.00 2.20 312.00
3289 10.73 0.00 0.00 2.40 304.36
3290 9.94 0.00 0.00 2.80 299.87
3291 9.49 0.00 0.00 3.71 298.49
3292 9.16 0.00 0.00 3.91 300.41
3293 9.32 15.27 0.00 4.21 304.00
3294 10.14 121.91 357.33 3.51 307.94
3295 10.97 228.85 316.71 3.21 310.41
3296 11.71 316.33 193.89 2.10 312.38
3297 12.10 312.05 56.22 2.20 319.11
3298 12.22 273.95 15.57 2.40 326.67
3299 12.23 256.49 9.73 3.51 328.83
3300 12.49 384.63 30.66 3.21 324.18
3301 12.75 426.77 38.43 3.91 325.46
3302 12.85 373.89 34.92 4.21 328.52
3303 12.29 95.20 0.00 5.11 340.70
3304 11.83 109.27 0.00 3.71 340.25
3305 11.58 174.74 10.33 3.51 331.28
3306 11.13 69.24 0.00 2.80 335.91
3307 10.61 9.10 0.00 4.51 345.74
3308 10.15 10.18 0.00 2.80 342.40
3309 10.90 0.00 0.00 1.50 348.20
3310 12.12 0.00 0.00 1.70 350.04
3311 13.06 0.00 0.00 3.01 351.60
3312 14.09 0.00 0.00 2.40 358.50
3313 14.61 0.00 0.00 2.80 358.34
3314 15.17 0.00 0.00 3.91 359.40
3315 15.26 0.00 0.00 4.71 362.37
3316 15.86 0.00 0.00 4.91 365.19
3317 16.14 9.39 0.00 5.61 366.19
3318 16.57 39.34 0.00 4.71 364.82
3319 16.68 30.49 0.00 4.51 371.29
3320 17.13 90.90 0.00 5.11 369.08
3321 17.89 186.63 1.71 3.01 367.75
3322 18.55 220.73 5.99 3.51 355.69
3323 19.30 296.98 14.68 3.01 352.91
3324 20.27 423.22 43.98 2.20 346.08
3325 21.20 486.47 108.95 2.80 343.75
3326 21.75 398.37 44.47 2.80 346.80
3327 21.67 182.33 3.86 3.01 360.97
3328 21.55 160.94 0.07 2.20 365.10
3329 21.29 110.31 0.00 2.10 363.05
3330 20.87 40.14 0.00 2.60 367.00
3331 20.43 9.79 0.00 2.80 366.59
3332 20.04 5.71 0.00 2.40 362.08
3333 19.45 0.00 0.00 2.80 361.34
3334 18.87 0.00 0.00 2.40 355.81
3335 18.28 0.00 0.00 3.01 352.64
3336 17.69 0.00 0.00 2.60 347.43
3337 16.40 0.00 0.00 2.60 347.07
3338 15.01 0.00 0.00 2.60 342.32
3339 14.26 0.00 0.00 2.60 335.47
3340 13.73 0.00 0.00 1.70 330.80
3341 13.93 15.57 0.00 1.90 331.74
3342 14.77 114.48 239.45 1.20 332.31
3343 16.02 278.89 428.55 1.00 324.62
3344 16.38 234.01 61.60 0.70 334.69
3345 16.43 200.40 10.21 1.50 345.81
3346 16.06 82.80 0.00 2.10 354.13
3347 16.81 469.16 125.48 1.40 331.61
3348 17.72 626.21 268.02 1.20 325.23
3349 18.79 805.98 588.88 0.90 318.31
3350 18.87 408.23 82.53 1.30 334.80
3351 18.88 388.91 76.16 1.70 334.79
3352 18.71 288.98 69.44 1.00 333.80
3353 18.69 380.53 404.45 2.10 321.71
3354 18.12 127.59 22.78 2.80 343.78
3355 17.51 80.14 72.87 2.10 344.19
3356 16.82 12.81 0.00 2.20 339.73
3357 16.26 0.00 0.00 2.10 340.74
3358 15.69 0.00 0.00 2.40 339.86
3359 15.13 0.00 0.00 2.60 338.58
3360 14.57 0.00 0.00 3.21 335.08
3361 14.69 0.00 0.00 1.90 334.54
3362 14.76 0.00 0.00 1.30 331.14
3363 14.76 0.00 0.00 1.50 330.89
3364 14.75 0.00 0.00 1.50 330.62
3365 15.38 27.33 85.86 0.80 330.95
3366 16.72 136.64 339.85 0.60 336.18
3367 18.40 287.14 535.29 0.90 333.99
3368 19.84 385.49 398.44 1.50 339.51
3369 20.95 437.85 256.26 1.20 346.05
3370 21.66 435.79 121.65 0.70 348.69
3371 21.81 344.40 40.75 0.50 358.04
3372 22.88 646.46 299.76 0.50 342.73
3373 23.74 662.19 358.04 0.10 343.37
3374 24.34 632.00 348.06 0.10 343.67
3375 25.04 729.23 762.20 0.80 335.43
3376 25.33 596.50 767.48 1.10 340.68
3377 25.26 438.64 668.16 0.80 342.40
3378 24.67 273.41 524.96 0.70 346.76
3379 23.73 125.57 325.23 0.60 353.28
3380 22.63 25.48 93.85 0.30 353.50
3381 21.51 0.00 0.00 0.20 354.23
3382 20.38 0.00 0.00 0.30 354.22
3383 19.26 0.00 0.00 0.80 349.47
3384 18.14 0.00 0.00 1.00 347.48
3385 17.42 0.00 0.00 1.40 341.76
3386 16.69 0.00 0.00 1.00 337.53
3387 16.32 0.00 0.00 1.00 338.31
3388 16.07 0.00 0.00 1.00 346.13
3389 16.56 29.54 111.04 0.80 343.54
3390 17.43 134.57 364.46 0.80 344.36
3391 18.71 310.61 683.86 0.80 335.37
3392 20.14 500.17 818.10 1.30 327.15
3393 21.48 643.21 872.81 1.70 327.31
3394 22.59 722.56 757.88 1.50 328.87
3395 23.66 838.41 744.97 1.70 328.03
3396 23.32 361.88 40.38 2.60 350.89
3397 22.86 302.56 11.36 3.51 354.34
3398 22.45 292.06 14.18 4.21 348.47
3399 21.99 242.30 7.22 4.71 349.65
3400 21.58 230.70 10.54 3.71 343.65
3401 21.10 174.55 6.53 2.10 345.32
3402 20.53 94.77 0.00 2.20 344.96
3403 19.94 46.94 0.00 2.10 343.80
3404 19.35 10.20 0.00 1.90 342.75
3405 18.49 0.00 0.00 1.30 343.29
3406 17.62 0.00 0.00 1.50 339.20
3407 16.76 0.00 0.00 1.10 335.72
3408 15.89 0.00 0.00 1.20 335.97
3409 15.11 0.00 0.00 1.00 341.27
3410 14.29 0.00 0.00 1.00 338.85
3411 13.86 0.00 0.00 0.60 337.27
3412 13.56 0.00 0.00 0.80 330.68
3413 13.77 12.36 0.00 0.70 332.03
3414 14.23 60.87 0.00 0.80 334.04
3415 14.10 25.22 0.00 0.30 349.35
3416 15.74 357.37 210.55 0.20 317.22
3417 16.84 388.77 158.42 0.10 323.10
3418 17.17 275.99 15.35 1.10 332.96
3419 17.26 232.51 5.65 1.30 335.61
3420 17.74 396.37 55.92 0.80 329.89
3421 18.91 741.97 446.61 0.60 312.47
3422 19.01 347.75 80.65 0.50 332.00
3423 19.52 577.86 335.54 0.70 317.28
3424 19.92 570.61 636.45 0.50 314.69
3425 19.92 357.95 311.81 0.30 325.91
3426 19.37 135.60 20.28 0.30 340.28
3427 18.71 58.93 0.00 0.50 341.73
3428 18.02 11.44 0.00 1.00 341.07
3429 17.27 0.00 0.00 0.80 341.52
3430 16.52 0.00 0.00 0.70 343.09
3431 15.78 0.00 0.00 0.80 344.77
3432 15.03 0.00 0.00 1.00 343.80
3433 14.58 0.00 0.00 0.90 333.23
3434 13.72 0.00 0.00 1.20 344.24
3435 13.89 0.00 0.00 1.30 351.43
3436 13.73 0.00 0.00 2.40 349.72
3437 13.93 11.20 0.00 3.21 348.23
3438 14.42 64.87 0.00 4.91 346.89
3439 14.72 86.60 0.00 4.91 352.13
3440 15.15 148.62 0.00 5.11 352.05
3441 15.85 263.86 18.63 4.91 334.65
3442 16.39 290.80 13.48 5.41 329.99
3443 16.78 291.49 11.18 6.61 332.93
3444 17.10 305.82 14.16 6.61 335.24
3445 17.36 313.33 12.39 7.61 335.10
3446 17.65 355.93 23.74 5.91 326.22
3447 17.66 268.87 10.98 7.61 343.91
3448 17.61 177.83 3.16 6.61 333.35
3449 17.21 74.53 0.00 7.21 353.33
3450 16.71 33.42 0.00 6.91 368.64
3451 16.44 10.71 0.00 6.91 371.56
3452 16.07 5.41 0.00 8.41 366.28
3453 15.29 0.00 0.00 9.42 358.61
3454 14.51 0.00 0.00 8.11 351.05
3455 13.73 0.00 0.00 7.21 343.59
3456 12.95 0.00 0.00 7.21 336.23
3457 11.42 0.00 0.00 5.91 325.36
3458 9.80 0.00 0.00 4.91 316.56
3459 8.95 0.00 0.00 5.91 310.57
3460 8.35 0.00 0.00 6.91 300.05
3461 8.80 30.87 110.81 6.21 293.70
3462 9.77 152.36 328.05 6.61 295.31
3463 10.39 212.49 188.82 8.11 304.71
3464 11.53 415.16 487.54 7.61 294.67
3465 13.00 646.09 770.92 7.21 290.45
3466 14.01 669.15 554.93 10.22 297.82
3467 14.51 591.08 298.49 12.12 305.95
3468 15.33 804.07 593.34 13.42 295.91
3469 15.86 763.52 537.16 11.52 297.01
3470 15.96 579.89 261.58 9.42 304.84
3471 15.54 366.36 49.24 8.41 315.12
3472 15.18 365.98 132.12 6.61 310.44
3473 14.53 219.70 32.79 6.41 318.00
3474 13.71 103.95 0.00 5.11 323.81
3475 12.83 26.62 0.00 6.21 332.59
3476 12.03 12.54 0.00 6.41 330.53
3477 10.93 0.00 0.00 4.91 328.63
3478 9.83 0.00 0.00 3.01 320.68
3479 8.73 0.00 0.00 3.01 315.08
3480 7.63 0.00 0.00 1.30 310.68
3481 7.14 0.00 0.00 1.70 306.84
3482 6.56 0.00 0.00 1.20 305.92
3483 6.22 0.00 0.00 1.70 301.71
3484 5.97 0.00 0.00 2.40 297.97
3485 6.70 36.31 192.73 2.10 299.51
3486 7.94 154.91 504.80 3.01 300.84
3487 9.43 307.37 674.33 3.51 298.27
3488 11.04 468.94 783.08 4.71 292.30
3489 12.65 619.70 836.77 3.51 293.99
3490 14.13 738.52 846.27 3.91 292.79
3491 15.44 823.03 849.14 4.21 289.20
3492 16.50 861.38 836.37 4.21 287.83
3493 17.29 854.23 820.98 3.71 288.27
3494 17.79 801.56 801.21 3.51 292.06
3495 18.01 717.98 809.62 5.41 294.82
3496 17.96 598.02 801.31 5.61 296.77
3497 17.48 447.93 746.09 4.91 298.84
3498 16.62 288.63 637.77 4.21 306.61
3499 15.48 137.70 445.20 2.40 313.14
3500 14.22 28.94 122.87 1.30 307.66
3501 13.10 0.00 0.00 1.40 311.52
3502 11.97 0.00 0.00 0.80 305.81
3503 10.85 0.00 0.00 0.60 303.74
3504 9.73 0.00 0.00 1.30 301.24
3505 9.20 0.00 0.00 1.70 297.31
3506 8.56 0.00 0.00 2.10 294.63
3507 8.19 0.00 0.00 3.01 290.50
3508 7.91 0.00 0.00 4.51 293.74
3509 8.49 30.15 66.52 4.21 296.42
3510 9.90 164.00 447.13 3.01 298.83
3511 11.17 277.99 443.35 2.80 300.44
3512 12.95 489.17 719.16 3.71 290.79
3513 14.76 658.94 778.10 3.51 289.09
3514 15.79 623.97 452.66 3.01 298.98
3515 16.79 716.67 533.15 3.21 296.72
3516 17.51 711.37 443.22 4.71 297.72
3517 18.26 799.14 597.52 4.21 291.62
3518 18.66 717.92 550.92 3.71 299.05
3519 18.62 555.00 296.11 2.40 301.18
3520 18.61 572.40 615.90 1.70 296.83
3521 18.39 487.40 783.57 1.30 293.67
3522 17.70 314.94 729.33 3.01 299.90
3523 16.68 153.92 532.78 3.21 301.68
3524 15.49 37.89 246.69 2.10 302.34
3525 14.47 0.00 0.00 4.21 309.75
3526 13.46 0.00 0.00 2.80 311.61
3527 12.45 0.00 0.00 1.90 310.67
3528 11.44 0.00 0.00 0.50 310.07
3529 11.16 0.00 0.00 1.70 309.29
3530 10.91 0.00 0.00 1.20 312.46
3531 10.80 0.00 0.00 0.90 314.85
3532 10.75 0.00 0.00 0.80 315.98
3533 11.46 30.40 71.47 1.00 317.04
3534 11.98 73.76 5.84 1.00 317.50
3535 12.07 59.77 0.00 0.90 321.62
3536 12.21 73.70 0.00 0.40 320.61
3537 13.06 242.13 25.30 0.80 313.17
3538 13.17 115.22 0.00 0.60 327.38
3539 13.99 344.44 22.83 1.20 314.38
3540 14.49 302.69 13.43 1.30 320.65
3541 15.53 557.94 190.44 1.70 308.84
3542 16.68 701.70 497.92 1.70 304.74
3543 17.70 732.02 742.24 2.80 302.00
3544 18.18 537.61 527.58 2.40 310.42
3545 18.58 525.32 698.61 1.70 301.00
3546 18.11 145.01 87.89 2.10 327.29
3547 17.38 12.75 0.00 2.60 339.97
3548 16.74 11.74 0.00 1.90 332.35
3549 15.50 0.00 0.00 1.50 332.92
3550 14.27 0.00 0.00 2.60 326.79
3551 13.04 0.00 0.00 2.20 320.61
3552 11.80 0.00 0.00 3.91 315.93
3553 10.33 0.00 0.00 3.71 313.83
3554 8.76 0.00 0.00 2.60 304.79
3555 7.91 0.00 0.00 1.70 299.06
3556 7.31 0.00 0.00 2.60 287.22
3557 7.73 32.56 113.08 3.21 285.18
3558 8.49 140.30 363.99 3.71 283.50
3559 9.25 247.90 323.58 4.71 284.17
3560 9.89 323.59 176.09 3.91 289.30
3561 10.75 486.63 349.67 5.41 285.26
3562 11.57 592.53 353.98 4.71 284.05
3563 11.91 498.46 135.62 4.21 295.77
3564 12.08 469.63 83.37 4.21 297.89
3565 12.22 487.66 97.93 4.21 294.53
3566 12.36 513.56 157.17 3.91 291.51
3567 12.32 427.71 109.48 2.40 292.90
3568 11.82 210.95 13.41 3.21 303.23
3569 11.11 87.72 0.00 2.80 308.10
3570 10.37 26.19 0.00 3.21 308.67
3571 9.72 25.44 0.00 2.20 308.64
3572 9.11 11.21 0.00 2.40 310.69
3573 8.80 0.00 0.00 2.10 311.41
3574 8.49 0.00 0.00 2.60 312.26
3575 8.19 0.00 0.00 3.51 313.65
3576 7.88 0.00 0.00 3.21 314.06
3577 8.27 0.00 0.00 1.70 322.99
3578 8.57 0.00 0.00 2.40 324.69
3579 8.50 0.00 0.00 1.70 330.21
3580 9.12 0.00 0.00 2.80 329.09
3581 9.39 8.48 0.00 3.91 333.03
3582 9.46 12.71 0.00 4.21 330.82
3583 10.03 72.90 0.00 3.91 327.52
3584 10.48 95.83 0.00 4.71 330.55
3585 11.05 151.83 0.00 5.11 331.45
3586 11.94 267.78 10.09 7.21 330.79
3587 12.61 274.03 9.80 5.91 320.51
3588 13.54 402.37 33.19 6.61 312.50
3589 13.97 298.35 12.93 6.91 317.88
3590 14.10 217.88 2.07 6.21 322.31
3591 14.18 206.93 4.78 3.51 321.30
3592 13.99 142.08 0.00 2.80 337.32
3593 14.02 163.75 2.48 3.21 318.86
3594 13.78 97.38 0.00 3.01 315.17
3595 13.51 74.92 11.24 4.21 311.46
3596 13.11 16.53 0.00 3.91 313.53
3597 12.57 0.00 0.00 3.71 315.90
3598 12.03 0.00 0.00 5.41 314.34
3599 11.40 0.00 0.00 4.71 327.29
3600 10.96 0.00 0.00 3.51 333.64
3601 10.28 0.00 0.00 3.01 330.91
3602 9.54 0.00 0.00 1.30 327.81
3603 9.14 0.00 0.00 1.30 326.62
3604 8.85 0.00 0.00 1.40 326.06
3605 8.84 3.16 0.00 2.10 327.11
3606 8.96 22.28 0.00 2.40 325.97
3607 9.41 94.05 0.00 3.91 321.46
3608 10.19 216.37 23.85 2.80 306.65
3609 10.47 174.67 2.53 1.90 315.56
3610 11.01 291.81 17.99 1.30 311.23
3611 11.69 403.63 35.76 1.70 310.38
3612 12.11 376.47 22.57 1.70 311.00
3613 12.50 415.13 30.97 2.10 309.25
3614 12.79 404.49 34.96 1.20 308.33
3615 12.84 308.15 22.95 0.80 317.11
3616 12.56 167.60 1.39 0.50 319.32
3617 12.30 160.08 1.65 0.20 316.53
3618 11.88 94.50 0.00 0.20 331.35
3619 11.44 39.16 0.00 0.30 324.55
3620 10.98 17.42 0.00 0.40 326.86
3621 11.31 0.00 0.00 0.60 329.77
3622 11.65 0.00 0.00 0.70 332.08
3623 11.91 0.00 0.00 0.70 338.31
3624 12.03 0.00 0.00 0.50 342.04
3625 12.98 0.00 0.00 0.20 356.02
3626 13.38 0.00 0.00 0.10 358.32
3627 13.60 0.00 0.00 0.10 359.50
3628 13.60 0.00 0.00 0.20 358.42
3629 13.57 13.33 0.00 0.30 359.11
3630 14.45 46.49 0.00 0.10 361.61
3631 15.03 98.02 0.00 0.00 359.04
3632 15.51 133.01 0.00 0.10 361.68
3633 16.20 221.09 7.51 0.30 357.51
3634 16.83 283.11 11.62 0.80 357.65
3635 17.63 350.21 19.63 0.50 349.95
3636 18.12 328.41 13.68 0.60 351.83
3637 18.51 328.69 16.90 0.80 352.56
3638 18.72 280.28 10.44 0.40 351.91
3639 18.63 172.14 1.10 1.00 357.56
3640 18.33 103.77 0.00 0.50 359.18
3641 18.12 112.65 0.00 0.60 356.32
3642 17.88 90.84 0.00 1.20 351.79
3643 17.47 11.36 0.00 2.51 358.98
3644 17.11 8.44 0.00 2.31 357.12
3645 16.53 0.00 0.00 3.41 354.96
3646 15.95 0.00 0.00 3.71 351.99
3647 15.37 0.00 0.00 2.71 348.01
3648 14.79 0.00 0.00 2.31 344.58
3649 13.90 0.00 0.00 1.50 340.27
3650 12.93 0.00 0.00 2.11 334.86
3651 12.41 0.00 0.00 2.31 333.02
3652 12.03 0.00 0.00 3.41 328.46
3653 12.88 48.74 218.41 1.30 326.86
3654 13.81 155.35 406.50 1.20 325.81
3655 14.76 264.32 378.86 1.10 330.52
3656 15.93 420.58 528.86 0.80 327.34
3657 17.05 536.72 497.57 0.60 330.05
3658 18.35 720.86 706.74 0.20 323.19
3659 19.36 759.76 578.14 0.20 320.58
3660 20.02 729.01 468.92 0.40 327.22
3661 20.36 653.68 299.64 0.30 325.84
3662 20.61 648.64 348.11 0.80 326.06
3663 20.41 452.40 132.16 1.00 339.02
3664 20.05 388.99 142.60 1.00 338.99
3665 19.47 279.77 85.97 1.30 343.65
3666 18.80 210.18 156.49 0.80 338.38
3667 17.92 79.28 14.83 0.80 345.25
3668 17.03 18.42 0.00 1.50 338.66
3669 15.98 0.00 0.00 1.91 338.40
3670 14.94 0.00 0.00 2.31 334.18
3671 13.89 0.00 0.00 2.11 329.11
3672 12.84 0.00 0.00 3.11 324.28
3673 12.34 0.00 0.00 4.21 323.73
3674 11.76 0.00 0.00 3.91 320.23
3675 11.43 0.00 0.00 5.82 316.17
3676 11.17 0.00 0.00 6.12 312.70
3677 12.06 45.08 178.55 5.32 313.89
3678 13.12 152.20 371.53 4.41 314.42
3679 14.40 288.46 484.75 5.62 311.49
3680 15.71 422.36 503.80 5.12 310.92
3681 16.99 544.69 528.45 5.32 307.11
3682 18.21 654.42 538.38 4.81 309.78
3683 19.32 740.62 594.41 4.61 311.43
3684 20.26 788.05 603.14 5.12 316.19
3685 20.92 766.33 531.08 5.82 317.61
3686 21.39 748.84 593.51 6.32 314.49
3687 21.63 683.25 629.44 6.12 314.01
3688 21.66 593.18 712.98 4.81 316.07
3689 21.33 447.02 676.27 3.91 316.41
3690 20.65 300.78 614.32 4.21 318.16
3691 19.70 158.92 506.35 3.71 319.77
3692 18.61 46.83 233.15 3.71 321.64
3693 17.53 0.00 0.00 3.41 323.10
3694 16.46 0.00 0.00 2.11 322.50
3695 15.39 0.00 0.00 1.81 319.63
3696 14.32 0.00 0.00 1.00 317.66
3697 13.82 0.00 0.00 0.70 322.57
3698 13.25 0.00 0.00 0.80 322.93
3699 12.94 0.00 0.00 1.81 323.89
3700 12.71 0.00 0.00 1.30 320.31
3701 13.72 50.20 175.18 1.10 325.40
3702 14.55 133.75 212.17 1.50 326.62
3703 15.14 183.02 75.62 1.30 329.95
3704 15.49 200.81 15.08 1.20 333.06
3705 16.54 401.90 161.65 0.70 323.88
3706 17.89 590.44 338.18 1.00 319.87
3707 19.40 774.45 552.83 1.60 314.71
3708 20.02 589.20 205.93 1.91 326.09
3709 20.44 568.94 175.42 2.11 328.50
3710 20.66 519.78 157.78 1.81 328.98
3711 21.01 616.51 395.04 3.71 319.83
3712 20.85 388.09 147.07 3.71 331.26
3713 20.61 356.29 272.32 3.41 329.17
3714 20.16 264.02 364.24 3.71 329.56
3715 19.52 163.55 418.52 3.71 328.18
3716 18.69 52.87 353.13 3.41 324.13
3717 17.62 0.00 0.00 3.11 321.91
3718 16.54 0.00 0.00 2.51 319.86
3719 15.46 0.00 0.00 2.71 317.18
3720 14.38 0.00 0.00 3.91 313.89
3721 13.73 0.00 0.00 3.71 309.30
3722 12.99 0.00 0.00 2.71 306.40
3723 12.59 0.00 0.00 3.11 305.22
3724 12.29 0.00 0.00 2.31 309.16
3725 13.17 45.16 200.83 2.31 309.96
3726 14.21 150.78 391.54 1.91 307.85
3727 15.29 262.59 359.27 3.11 311.63
3728 16.61 418.79 506.56 1.91 304.84
3729 17.92 547.38 546.74 2.71 304.72
3730 19.00 611.45 422.39 2.51 311.80
3731 19.92 669.58 393.23 2.71 312.40
3732 20.80 751.28 500.12 2.51 308.45
3733 21.53 777.21 547.55 1.30 308.64
3734 22.00 728.82 542.48 1.60 309.62
3735 22.27 680.25 612.34 3.41 309.40
3736 22.31 580.43 670.30 3.11 307.32
3737 22.01 441.42 636.98 1.91 311.22
3738 21.40 305.56 611.65 3.91 313.40
3739 20.51 159.23 426.57 2.51 318.60
3740 19.46 45.99 200.48 2.31 316.96
3741 18.13 0.00 0.00 2.11 322.89
3742 16.81 0.00 0.00 1.00 320.27
3743 15.48 0.00 0.00 0.60 315.59
3744 14.15 0.00 0.00 1.30 315.44
3745 13.37 0.00 0.00 2.31 314.93
3746 12.49 0.00 0.00 4.41 312.15
3747 11.99 0.00 0.00 3.71 313.37
3748 11.62 0.00 0.00 2.71 310.54
3749 12.49 46.78 177.09 1.50 312.16
3750 13.43 148.08 325.91 1.00 314.30
3751 14.60 281.74 464.57 1.00 313.50
3752 15.93 435.92 591.62 1.30 304.83
3753 17.22 565.46 589.94 2.51 306.32
3754 18.46 684.73 625.20 3.11 305.40
3755 19.57 769.32 634.45 3.71 306.54
3756 20.48 811.85 634.83 3.91 309.53
3757 21.17 814.95 646.88 2.31 311.77
3758 21.59 758.09 609.22 2.71 312.40
3759 21.77 685.77 640.07 3.71 314.86
3760 21.73 585.73 684.45 2.51 313.45
3761 21.35 446.57 644.78 1.60 314.85
3762 20.60 289.15 531.38 1.00 320.88
3763 19.62 149.35 364.04 1.50 326.60
3764 18.51 46.79 199.74 1.60 325.68
3765 17.70 0.00 0.00 1.50 331.90
3766 16.89 0.00 0.00 1.30 333.87
3767 16.08 0.00 0.00 0.80 337.37
3768 15.27 0.00 0.00 1.20 340.70
3769 15.18 0.00 0.00 3.41 336.47
3770 15.09 0.00 0.00 3.11 337.95
3771 15.04 0.00 0.00 4.21 339.00
3772 15.00 0.00 0.00 4.21 346.53
3773 15.40 17.47 0.00 3.11 348.42
3774 15.91 62.31 0.00 1.91 349.76
3775 16.12 72.51 0.00 1.50 362.74
3776 16.29 75.07 0.00 1.60 355.93
3777 16.26 52.16 0.00 1.50 362.84
3778 16.80 197.95 6.01 2.51 354.26
3779 17.46 278.80 10.13 1.50 353.20
3780 18.17 356.20 18.21 3.41 350.01
3781 18.97 451.83 44.00 1.91 343.27
3782 19.59 445.69 83.45 3.91 343.98
3783 19.76 286.36 16.59 4.81 352.28
3784 20.00 337.08 74.00 3.91 346.63
3785 20.05 249.10 41.30 5.12 348.58
3786 19.91 173.39 50.83 4.41 349.74
3787 19.61 108.81 102.61 5.82 347.33
3788 19.17 36.17 114.48 7.82 344.55
3789 18.65 0.00 0.00 8.32 346.07
3790 17.94 0.00 0.00 9.23 359.95
3791 17.60 0.00 0.00 8.83 367.66
3792 17.08 0.00 0.00 8.83 366.53
3793 16.61 0.00 0.00 8.32 366.36
3794 16.14 0.00 0.00 7.82 369.73
3795 15.91 0.00 0.00 7.22 374.65
3796 15.76 0.00 0.00 6.62 375.71
3797 15.93 8.05 0.00 6.12 377.11
3798 15.99 14.05 0.00 4.41 373.66
3799 16.23 46.16 0.00 4.21 372.29
3800 16.84 142.37 0.00 4.81 362.90
3801 17.21 144.01 0.00 3.11 365.44
3802 18.42 430.14 101.38 4.21 346.93
3803 19.48 499.48 130.42 4.81 348.61
3804 20.60 627.47 259.60 6.62 342.34
3805 21.49 635.29 273.09 6.82 340.28
3806 21.90 481.45 113.35 7.42 349.12
3807 22.01 359.26 30.56 7.42 357.02
3808 22.03 319.70 39.39 7.22 353.47
3809 21.68 173.02 5.10 7.02 363.12
3810 21.30 140.44 9.15 7.82 362.02
3811 20.84 81.02 6.52 7.42 359.12
3812 20.31 21.34 0.00 7.02 357.97
3813 19.06 0.00 0.00 8.32 356.11
3814 17.82 0.00 0.00 8.32 351.54
3815 16.57 0.00 0.00 8.32 344.21
3816 15.33 0.00 0.00 6.82 339.15
3817 13.94 0.00 0.00 4.81 333.98
3818 12.39 0.00 0.00 5.12 326.33
3819 11.55 0.00 0.00 4.21 322.84
3820 10.94 0.00 0.00 3.41 317.60
3821 11.77 50.33 196.58 2.51 315.36
3822 12.67 158.03 429.01 1.91 315.58
3823 13.87 310.62 605.30 2.31 311.34
3824 15.18 472.20 724.04 1.30 312.55
3825 16.48 619.68 786.22 2.71 311.96
3826 17.67 734.57 788.40 3.41 310.96
3827 18.72 818.70 792.28 2.51 314.46
3828 19.58 866.37 806.38 3.11 317.98
3829 20.19 854.91 771.51 4.41 321.55
3830 20.56 806.68 756.87 3.71 321.44
3831 20.68 719.90 744.58 3.11 322.95
3832 20.57 608.95 739.44 2.71 327.21
3833 20.08 451.68 649.15 2.71 329.20
3834 19.26 292.90 529.40 4.21 332.27
3835 18.22 152.56 398.13 3.91 336.02
3836 17.08 48.66 194.25 4.21 334.89
3837 16.36 0.00 0.00 4.41 339.40
3838 15.63 0.00 0.00 4.21 338.60
3839 14.91 0.00 0.00 2.31 338.44
3840 14.19 0.00 0.00 1.60 339.60
3841 14.47 0.00 0.00 1.60 343.12
3842 14.70 0.00 0.00 1.50 348.24
3843 14.80 0.00 0.00 1.50 347.18
3844 14.85 0.00 0.00 1.50 347.12
3845 15.22 16.92 0.00 1.60 352.51
3846 16.27 107.86 94.04 1.60 356.10
3847 18.19 307.51 442.45 3.11 342.55
3848 19.27 331.41 195.48 3.41 349.52
3849 19.88 326.56 41.80 3.11 350.78
3850 20.54 394.56 66.63 2.11 353.40
3851 21.06 412.82 35.61 1.30 357.21
3852 21.45 413.05 30.60 1.60 359.12
3853 21.95 492.52 98.37 2.51 352.99
3854 22.00 350.62 20.32 3.71 359.97
3855 21.89 285.57 16.21 3.11 360.60
3856 22.11 439.45 237.89 3.11 345.67
3857 21.97 294.69 95.12 2.11 351.19
3858 21.65 224.13 143.48 1.60 350.70
3859 21.07 116.19 103.95 2.11 353.96
3860 20.32 24.31 0.00 1.81 358.79
3861 19.53 0.00 0.00 1.60 361.57
3862 18.74 0.00 0.00 1.60 363.64
3863 17.94 0.00 0.00 2.11 363.05
3864 17.15 0.00 0.00 1.81 361.06
3865 16.64 0.00 0.00 3.11 362.33
3866 16.00 0.00 0.00 2.71 366.06
3867 15.82 0.00 0.00 3.41 367.02
3868 15.27 0.33 0.00 3.71 365.12
3869 15.74 8.33 0.00 4.61 368.51
3870 16.33 87.71 17.83 3.41 355.34
3871 16.99 179.43 51.12 2.31 353.82
3872 17.57 245.31 40.49 1.30 357.32
3873 18.57 456.69 256.86 1.81 335.33
3874 19.14 423.39 94.38 2.11 342.72
3875 19.31 321.27 17.26 1.81 348.90
3876 19.21 237.38 6.06 2.51 368.34
3877 18.71 69.44 0.00 1.91 365.10
3878 18.65 210.23 4.62 2.51 356.59
3879 18.48 164.18 1.65 1.81 359.98
3880 18.22 109.80 0.00 1.91 360.96
3881 17.92 76.47 0.00 3.11 361.59
3882 17.63 58.40 0.00 3.11 363.04
3883 17.34 41.95 0.00 3.41 359.86
3884 17.06 23.50 0.00 3.71 357.19
3885 16.74 0.00 0.00 4.21 357.45
3886 16.43 0.00 0.00 4.41 355.70
3887 16.11 0.00 0.00 3.91 353.24
3888 15.79 0.00 0.00 2.11 350.07
3889 15.64 0.00 0.00 1.50 346.25
3890 15.41 0.00 0.00 0.80 343.02
3891 15.26 0.00 0.00 1.00 343.32
3892 15.14 0.79 0.00 1.20 346.02
3893 15.70 26.99 0.00 0.80 347.81
3894 16.94 138.76 251.25 0.60 337.48
3895 18.22 256.55 318.58 0.80 336.92
3896 19.11 305.03 127.05 1.00 341.86
3897 19.69 320.40 38.40 0.60 347.25
3898 20.30 386.36 52.64 0.70 346.49
3899 21.66 667.97 350.79 0.30 334.96
3900 21.75 353.13 34.18 0.20 353.56
3901 22.32 553.09 156.04 0.20 344.33
3902 22.75 547.69 186.64 0.50 345.90
3903 22.52 280.37 24.27 0.60 359.93
3904 22.66 459.82 277.92 1.00 350.93
3905 22.67 401.00 376.72 1.50 345.51
3906 22.52 331.24 583.58 1.81 342.14
3907 21.95 173.48 405.07 2.71 345.14
3908 21.16 56.14 189.21 3.11 349.06
3909 20.19 1.35 0.00 2.31 348.05
3910 19.22 0.00 0.00 2.51 349.94
3911 18.25 0.00 0.00 4.21 347.11
3912 17.28 0.00 0.00 2.51 345.02
3913 16.77 0.00 0.00 1.81 341.24
3914 16.19 0.00 0.00 1.30 336.23
3915 15.87 0.00 0.00 1.60 334.97
3916 15.62 1.00 0.00 2.11 338.05
3917 16.52 47.33 223.57 1.60 342.47
3918 17.48 148.40 344.87 1.10 339.30
3919 18.67 283.60 459.07 0.60 338.42
3920 19.84 401.43 427.52 0.50 339.97
3921 21.13 552.44 533.94 0.70 340.22
3922 22.43 690.77 592.08 1.00 337.42
3923 23.40 710.89 498.24 1.91 344.92
3924 24.27 770.17 549.66 1.81 345.36
3925 24.94 778.11 564.52 1.10 346.40
3926 25.36 733.11 535.96 2.31 347.01
3927 25.51 629.23 433.97 2.71 350.57
3928 25.15 425.90 196.01 2.51 359.83
3929 24.60 340.08 152.03 3.11 361.20
3930 23.88 242.02 172.13 4.21 363.80
3931 22.97 125.33 129.91 3.11 362.53
3932 21.97 34.64 36.93 2.51 369.62
3933 21.24 0.99 0.00 2.11 372.18
3934 20.52 0.00 0.00 2.31 376.66
3935 19.80 0.00 0.00 3.11 373.16
3936 19.07 0.00 0.00 3.11 370.79
3937 18.87 0.00 0.00 2.71 367.35
3938 18.61 0.00 0.00 0.80 367.14
3939 18.45 0.00 0.00 1.00 365.23
3940 18.32 0.78 0.00 0.70 371.72
3941 18.98 31.97 27.50 0.30 371.22
3942 20.46 168.89 337.99 0.50 357.77
3943 21.71 275.75 369.39 0.30 359.17
3944 23.49 486.47 623.59 0.60 348.13
3945 24.27 428.15 200.68 0.80 363.49
3946 25.21 546.95 233.37 1.10 364.24
3947 24.36 76.14 0.00 1.81 394.81
3948 25.70 785.75 475.51 2.11 355.15
3949 27.03 906.46 840.95 2.71 350.43
3950 27.97 860.40 900.42 2.11 351.63
3951 28.55 770.73 888.23 1.20 354.24
3952 28.79 644.04 840.91 0.80 355.06
3953 28.71 491.01 755.16 1.60 357.49
3954 28.18 327.00 630.89 2.11 364.16
3955 27.32 172.83 335.76 3.41 368.73
3956 26.16 4.34 0.00 2.71 404.10
3957 25.21 1.71 0.00 1.91 400.36
3958 24.26 0.00 0.00 1.91 401.55
3959 23.31 0.00 0.00 1.30 392.10
3960 22.36 0.00 0.00 1.30 383.99
3961 21.82 0.00 0.00 1.10 380.82
3962 21.24 0.00 0.00 3.41 375.07
3963 20.93 0.00 0.00 4.21 375.12
3964 20.71 0.54 0.00 4.81 369.83
3965 21.35 38.46 102.27 4.21 367.69
3966 22.04 122.03 138.92 4.61 360.47
3967 23.13 274.82 365.19 5.82 354.45
3968 23.80 308.29 146.69 6.82 358.42
3969 23.92 228.47 11.13 6.32 374.32
3970 23.92 207.89 2.53 6.12 378.14
3971 24.01 247.06 2.74 5.62 373.43
3972 24.32 366.68 19.77 5.62 367.54
3973 24.57 368.92 19.09 4.41 369.48
3974 24.64 303.02 12.56 6.62 371.75
3975 24.70 309.31 21.39 6.62 369.53
3976 24.36 128.31 0.00 7.02 379.58
3977 23.88 77.86 0.00 6.82 395.89
3978 23.57 65.15 0.00 8.32 380.91
3979 22.87 15.09 0.00 8.83 399.49
3980 22.71 6.33 0.00 8.83 408.93
3981 21.88 0.50 0.00 8.32 400.78
3982 21.04 0.00 0.00 10.43 392.60
3983 20.19 0.00 0.00 7.82 384.52
3984 19.35 0.00 0.00 7.82 376.54
3985 18.54 0.00 0.00 7.42 368.88
3986 17.74 0.00 0.00 6.32 361.33
3987 17.33 0.00 0.00 5.82 356.18
3988 17.07 0.93 0.00 6.12 351.85
3989 18.03 51.25 142.27 3.71 354.56
3990 18.23 72.16 0.00 3.11 369.05
3991 18.46 98.59 0.00 3.71 361.79
3992 18.92 171.50 3.11 4.21 357.67
3993 19.10 145.89 0.00 3.71 361.77
3994 18.97 65.30 0.00 4.61 368.60
3995 19.63 346.16 37.48 5.62 355.54
3996 21.06 746.49 448.83 4.81 338.61
3997 22.81 1050.63 867.68 6.12 321.98
3998 23.79 824.18 747.33 5.82 331.13
3999 24.49 768.38 809.43 6.32 331.85
4000 24.75 557.12 482.14 6.62 341.22
4001 24.36 250.94 62.09 6.62 357.47
4002 23.62 68.67 0.00 7.02 370.85
4003 22.86 16.12 0.00 9.43 377.24
4004 22.22 27.94 0.00 7.42 365.85
4005 21.17 1.25 0.00 7.82 362.50
4006 20.12 0.00 0.00 7.82 363.62
4007 19.07 0.00 0.00 9.23 360.52
4008 18.02 0.00 0.00 7.82 357.14
4009 16.96 0.00 0.00 5.12 361.72
4010 15.81 0.00 0.00 5.62 357.60
4011 15.19 0.00 0.00 5.32 357.36
4012 14.74 0.45 0.00 6.12 359.09
4013 14.72 4.40 0.00 5.32 359.72
4014 15.21 67.79 0.00 5.82 353.45
4015 15.83 152.28 14.92 4.61 348.66
4016 16.37 211.97 14.43 3.11 347.32
4017 17.02 309.92 31.67 1.91 347.13
4018 17.65 385.70 52.18 2.11 345.68
4019 17.84 296.98 13.64 1.20 352.07
4020 18.17 390.54 28.18 2.71 345.03
4021 18.16 268.52 7.53 4.81 352.18
4022 18.20 309.97 13.38 5.32 348.85
4023 18.06 212.23 7.60 3.91 353.03
4024 18.10 326.12 52.70 3.91 343.91
4025 18.10 316.05 140.46 4.41 339.71
4026 17.99 245.38 242.30 3.41 335.99
4027 17.53 74.38 0.00 2.71 351.59
4028 16.98 9.58 0.00 2.31 363.98
4029 16.61 0.46 0.00 2.71 363.67
4030 16.13 0.00 0.00 2.71 367.20
4031 15.85 0.00 0.00 2.51 366.51
4032 15.50 0.00 0.00 3.41 368.72
4033 15.75 0.00 0.00 2.71 367.87
4034 16.06 0.00 0.00 1.91 367.86
4035 16.25 0.00 0.00 1.00 372.47
4036 16.37 0.30 0.00 2.11 373.80
4037 16.22 10.85 0.00 3.71 370.87
4038 16.85 37.12 0.00 2.51 368.60
4039 17.20 61.83 0.00 2.11 370.60
4040 17.42 84.11 0.00 3.41 371.99
4041 17.99 138.98 0.00 3.41 372.69
4042 18.51 171.03 2.73 2.71 375.10
4043 18.90 191.94 0.82 2.31 377.18
4044 19.19 190.55 0.87 2.71 379.55
4045 18.46 200.42 0.98 2.11 377.86
4046 19.66 200.24 0.92 1.50 381.24
4047 19.72 170.81 2.25 1.81 382.37
4048 19.67 99.41 0.00 3.11 385.94
4049 19.59 99.23 0.00 1.81 383.56
4050 19.44 69.99 0.00 2.71 382.98
4051 18.93 31.86 0.00 2.11 385.70
4052 18.93 8.75 0.00 2.71 384.65
4053 18.45 0.50 0.00 4.41 379.03
4054 17.97 0.00 0.00 2.71 373.47
4055 17.50 0.00 0.00 5.62 367.95
4056 17.02 0.00 0.00 8.83 362.50
4057 15.10 0.00 0.00 7.22 348.81
4058 13.00 0.00 0.00 9.63 336.71
4059 11.86 0.00 0.00 10.43 329.18
4060 11.04 1.30 0.00 9.43 319.72
4061 11.80 49.90 178.59 7.82 320.54
4062 12.96 191.17 527.32 6.32 306.45
4063 13.82 285.14 413.28 6.32 309.85
4064 14.79 416.71 428.76 4.61 310.08
4065 16.36 697.87 797.36 4.61 297.93
4066 17.69 805.40 901.14 5.62 301.08
4067 18.63 822.50 670.97 4.81 305.63
4068 17.95 256.48 27.72 3.71 334.17
4069 17.72 417.05 60.89 4.41 330.48
4070 18.42 899.17 728.32 6.32 308.26
4071 18.44 604.15 358.01 5.32 318.98
4072 18.60 707.28 799.93 5.32 305.30
4073 18.47 545.75 913.35 6.12 306.03
4074 17.94 366.44 810.12 6.12 310.04
4075 17.11 200.98 639.24 4.81 311.87
4076 16.09 67.88 388.80 2.71 320.17
4077 14.92 2.49 0.00 3.71 320.20
4078 13.75 0.00 0.00 3.41 322.53
4079 12.57 0.00 0.00 3.11 321.96
4080 11.40 0.00 0.00 3.91 319.50
4081 11.45 0.00 0.00 3.11 318.79
4082 11.48 0.00 0.00 4.61 319.83
4083 11.49 0.00 0.00 3.41 322.44
4084 11.50 0.58 0.00 3.91 323.71
4085 12.30 35.07 69.79 1.60 322.88
4086 12.43 46.59 0.00 1.81 329.97
4087 12.29 24.47 0.00 1.30 332.79
4088 12.75 123.77 0.00 2.51 339.07
4089 13.87 290.73 33.27 2.51 318.79
4090 14.87 363.54 41.13 3.41 318.96
4091 16.26 567.21 213.62 1.91 310.52
4092 17.26 553.68 170.03 2.11 314.14
4093 17.15 215.02 9.28 2.51 329.73
4094 17.47 387.40 32.86 1.81 321.99
4095 17.53 292.51 13.90 1.81 328.26
4096 17.48 251.46 12.13 3.11 328.39
4097 17.37 230.91 28.37 3.41 325.11
4098 17.20 202.69 100.96 3.41 322.07
4099 16.78 99.36 36.68 2.71 323.02
4100 16.24 30.87 1.18 3.91 328.66
4101 15.32 1.30 0.00 2.31 325.88
4102 14.40 0.00 0.00 3.11 325.65
4103 13.49 0.00 0.00 1.60 325.94
4104 12.57 0.00 0.00 1.10 322.35
4105 11.72 0.00 0.00 0.50 317.63
4106 10.75 0.00 0.00 0.80 312.28
4107 10.22 0.00 0.00 1.60 305.77
4108 9.83 1.07 0.00 1.20 301.94
4109 10.51 41.28 131.29 0.70 307.20
4110 11.20 124.22 124.77 0.60 306.49
4111 12.04 229.91 154.51 1.50 303.99
4112 12.67 284.76 81.62 2.51 307.71
4113 13.21 339.17 74.72 3.41 312.33
4114 13.71 391.28 63.18 3.11 310.83
4115 14.45 545.16 182.96 3.41 306.93
4116 15.35 696.97 357.77 4.21 300.04
4117 16.06 714.99 414.10 3.71 302.20
4118 16.73 775.04 591.71 1.91 298.13
4119 17.20 745.60 747.58 2.71 295.57
4120 17.46 675.13 873.19 3.91 295.73
4121 17.46 534.67 880.48 1.91 295.79
4122 17.10 361.79 764.34 4.61 296.45
4123 16.41 195.89 589.62 5.12 303.20
4124 15.52 66.65 342.40 4.81 308.14
4125 14.36 2.65 0.00 6.32 305.52
4126 13.20 0.00 0.00 5.12 305.45
4127 12.03 0.00 0.00 4.61 305.30
4128 10.87 0.00 0.00 4.21 300.91
4129 10.44 0.00 0.00 3.41 299.64
4130 9.93 0.00 0.00 3.71 304.22
4131 9.63 0.00 0.00 3.91 307.85
4132 9.40 0.99 0.00 5.32 309.36
4133 10.11 44.87 176.80 5.82 313.09
4134 10.96 150.43 331.70 5.32 309.29
4135 12.29 337.89 632.78 4.61 303.04
4136 13.75 527.24 802.56 2.71 299.68
4137 14.93 622.43 737.76 2.11 300.27
4138 16.12 771.50 822.62 1.91 297.94
4139 16.99 784.72 568.96 2.71 303.67
4140 16.76 424.71 65.68 2.71 323.54
4141 16.23 324.76 13.60 2.71 332.02
4142 15.87 350.54 18.77 4.21 329.53
4143 15.55 347.48 28.30 2.71 326.77
4144 15.27 346.02 75.30 2.71 324.80
4145 14.88 286.91 77.66 2.11 322.78
4146 14.38 217.64 112.13 1.81 318.79
4147 13.79 141.35 256.28 2.31 315.29
4148 13.08 46.49 142.92 2.31 320.99
4149 12.44 1.64 0.00 1.81 319.03
4150 11.80 0.00 0.00 1.50 322.82
4151 11.16 0.00 0.00 1.81 323.26
4152 10.52 0.00 0.00 1.50 318.36
4153 10.45 0.00 0.00 1.20 318.34
4154 10.37 0.00 0.00 1.00 314.63
4155 10.33 0.00 0.00 1.50 312.89
4156 10.30 0.98 0.00 1.60 309.77
4157 11.28 55.56 227.20 1.10 313.08
4158 12.28 169.07 459.51 1.81 311.98
4159 13.45 311.62 614.66 2.31 308.53
4160 14.67 455.06 666.13 2.31 304.04
4161 15.80 571.26 572.43 2.31 305.25
4162 17.26 807.13 808.35 3.11 297.71
4163 18.27 797.17 605.37 3.71 306.11
4164 18.12 415.01 60.16 2.71 330.71
4165 18.07 432.85 34.14 5.12 327.42
4166 17.87 378.47 30.01 4.81 327.93
4167 17.19 191.14 3.20 3.11 339.22
4168 16.39 97.69 0.00 3.41 344.00
4169 15.71 95.03 0.00 5.12 343.70
4170 15.15 109.56 0.00 5.82 335.13
4171 14.51 31.53 0.00 5.62 338.71
4172 13.91 6.04 0.00 5.82 340.68
4173 13.43 0.88 0.00 3.91 335.56
4174 12.95 0.00 0.00 4.61 334.49
4175 12.48 0.00 0.00 5.32 332.82
4176 12.00 0.00 0.00 5.12 330.95
4177 11.54 0.00 0.00 5.32 326.12
4178 11.00 0.00 0.00 6.12 322.23
4179 10.68 0.00 0.00 7.42 319.81
4180 10.44 0.85 0.00 6.82 319.45
4181 11.28 42.95 174.21 7.02 320.54
4182 12.24 140.34 295.35 6.32 321.79
4183 13.44 270.69 407.11 6.62 318.38
4184 14.73 408.90 439.42 7.82 317.37
4185 15.97 523.14 436.30 9.93 318.22
4186 17.16 633.80 480.14 11.94 317.09
4187 18.20 701.97 503.11 11.33 317.48
4188 19.07 746.44 482.74 13.24 317.05
4189 19.82 785.26 546.02 10.83 315.52
4190 20.29 729.94 522.30 9.93 314.30
4191 20.57 684.76 604.58 6.82 313.36
4192 20.57 564.25 570.19 5.82 318.92
4193 20.23 426.60 493.39 5.12 323.23
4194 19.54 281.41 395.98 3.41 324.50
4195 18.59 140.88 225.98 4.41 328.32
4196 17.55 53.53 209.52 3.91 333.20
4197 16.76 2.10 0.00 3.91 331.41
4198 15.96 0.00 0.00 5.12 334.38
4199 15.16 0.00 0.00 4.81 332.34
4200 14.37 0.00 0.00 3.41 326.40
4201 14.15 0.00 0.00 3.41 327.07
4202 13.94 0.00 0.00 3.11 324.56
4203 13.84 0.00 0.00 3.91 320.98
4204 13.78 0.00 0.00 1.81 323.51
4205 13.86 4.37 0.00 1.10 325.13
4206 14.62 95.45 46.35 2.11 326.61
4207 15.54 213.70 159.10 4.41 323.21
4208 17.17 499.39 660.37 3.91 305.27
4209 18.69 659.70 768.69 4.41 303.75
4210 19.63 632.16 422.29 2.51 314.31
4211 19.57 320.17 29.15 3.11 335.32
4212 19.60 353.00 20.05 1.81 332.11
4213 19.99 556.86 173.20 1.20 328.82
4214 19.93 345.61 36.75 1.30 338.89
4215 19.17 64.62 0.00 1.91 353.63
4216 18.51 54.16 0.00 2.31 356.08
4217 17.93 41.47 0.00 3.11 357.97
4218 17.41 27.82 0.00 3.11 358.34
4219 16.93 14.94 0.00 4.81 358.96
4220 16.50 5.12 0.00 2.71 356.64
4221 15.81 0.24 0.00 1.50 348.23
4222 15.13 0.00 0.00 3.11 345.96
4223 14.44 0.00 0.00 1.81 341.81
4224 13.75 0.00 0.00 1.30 334.78
4225 12.60 0.00 0.00 1.20 330.23
4226 11.30 0.00 0.00 0.60 323.99
4227 10.57 0.00 0.00 1.10 322.87
4228 10.03 0.00 0.00 1.81 319.72
4229 10.82 49.79 174.03 1.20 317.56
4230 11.68 157.83 385.38 2.71 318.72
4231 12.79 304.08 563.07 2.31 314.99
4232 13.98 453.23 658.08 2.11 311.61
4233 15.23 611.12 749.20 2.71 313.13
4234 16.38 731.31 784.99 1.91 313.79
4235 17.40 815.60 784.24 2.31 317.85
4236 18.20 850.02 748.48 2.11 322.12
4237 18.76 840.16 707.95 4.21 323.52
4238 19.09 789.37 674.95 3.91 323.06
4239 19.17 696.47 633.96 5.32 324.49
4240 19.03 580.56 605.79 5.32 329.66
4241 18.55 443.57 577.72 6.12 333.26
4242 17.76 289.37 431.40 5.62 337.75
4243 16.75 148.92 296.25 4.21 339.43
4244 15.65 48.49 159.74 5.12 342.15
4245 14.96 2.02 0.00 3.71 344.39
4246 14.28 0.00 0.00 4.21 349.02
4247 13.60 0.00 0.00 4.81 346.36
4248 12.91 0.00 0.00 4.41 348.81
4249 13.29 0.00 0.00 4.21 352.01
4250 13.67 0.00 0.00 6.32 355.59
4251 13.86 0.00 0.00 5.12 356.74
4252 14.00 0.00 0.00 4.21 358.28
4253 14.21 8.48 0.00 2.71 361.45
4254 14.49 27.03 0.00 3.11 363.95
4255 14.79 55.62 0.00 3.41 364.22
4256 15.13 89.12 0.00 5.12 366.08
4257 15.52 107.72 0.00 5.12 367.27
4258 15.87 128.69 0.00 5.82 367.84
4259 16.17 141.87 0.06 5.32 367.59
4260 16.39 136.56 0.00 5.32 369.40
4261 16.46 138.53 0.05 7.02 367.06
4262 16.49 158.18 0.55 6.62 370.76
4263 15.15 127.58 0.00 5.82 369.91
4264 16.70 108.77 0.00 5.82 369.53
4265 16.59 87.11 0.00 6.12 372.79
4266 16.58 55.84 0.00 6.62 369.29
4267 16.46 29.89 0.00 5.62 368.22
4268 15.82 10.79 0.00 5.32 369.54
4269 15.84 0.50 0.00 3.91 366.03
4270 14.99 0.00 0.00 4.41 366.63
4271 15.02 0.00 0.00 3.71 364.47
4272 15.02 0.00 0.00 4.81 364.86
4273 15.06 0.00 0.00 5.62 363.14
4274 14.76 0.00 0.00 5.62 363.45
4275 14.29 0.00 0.00 3.91 359.61
4276 14.48 0.00 0.00 3.71 358.69
4277 14.63 8.55 0.00 4.61 362.26
4278 14.89 36.04 0.00 4.81 360.62
4279 15.18 66.77 0.00 4.41 361.71
4280 15.51 110.71 0.00 3.11 359.56
4281 15.80 139.60 0.00 3.11 361.78
4282 16.16 163.66 1.98 2.71 358.99
4283 16.43 184.33 1.10 3.11 356.48
4284 16.51 143.59 0.22 3.41 359.35
4285 15.81 156.11 0.58 3.71 364.88
4286 16.73 186.48 1.16 4.41 364.75
4287 16.83 184.28 0.93 3.91 364.74
4288 16.74 187.64 3.24 3.91 363.48
4289 16.92 151.75 0.00 2.11 362.77
4290 16.71 104.10 0.00 2.31 364.47
4291 16.57 53.46 0.00 2.71 366.21
4292 16.35 19.23 0.00 2.71 365.75
4293 15.94 0.79 0.00 3.41 365.53
4294 15.53 0.00 0.00 2.71 363.59
4295 15.12 0.00 0.00 1.30 358.72
4296 14.72 0.00 0.00 1.10 356.51
4297 14.49 0.00 0.00 0.30 352.90
4298 14.17 0.00 0.00 0.80 348.80
4299 13.96 0.00 0.00 1.00 345.40
4300 13.80 0.00 0.00 0.50 342.24
4301 14.68 44.29 162.50 0.30 345.08
4302 15.71 145.79 358.88 0.50 346.70
4303 17.00 282.28 486.11 0.40 345.50
4304 18.39 425.43 560.16 0.50 338.30
4305 19.83 571.95 618.85 0.50 337.53
4306 21.20 691.12 638.63 0.60 336.19
4307 22.31 742.88 565.10 0.80 341.35
4308 23.28 796.13 609.95 1.00 342.35
4309 24.01 798.33 608.83 1.50 346.95
4310 24.50 762.55 596.30 0.70 349.94
4311 24.75 693.90 627.02 0.80 353.36
4312 24.74 586.40 633.70 0.60 354.45
4313 24.37 446.61 591.99 0.60 355.57
4314 23.64 300.03 501.79 1.20 356.46
4315 22.65 157.98 363.87 1.50 360.77
4316 21.52 53.49 191.73 1.00 364.76
4317 20.97 2.06 0.00 0.70 364.53
4318 20.41 0.00 0.00 1.60 371.52
4319 19.86 0.00 0.00 1.81 371.69
4320 19.31 0.00 0.00 2.71 373.17
4321 19.35 0.00 0.00 2.71 372.71
4322 19.39 0.00 0.00 3.41 375.17
4323 19.41 0.00 0.00 4.41 375.66
4324 19.42 0.00 0.00 3.91 373.10
4325 19.86 19.80 0.00 5.32 372.71
4326 20.39 67.23 0.00 4.61 375.70
4327 21.02 128.69 3.64 5.62 371.36
4328 21.44 148.53 0.00 6.12 372.79
4329 21.93 199.53 4.22 7.22 371.31
4330 22.17 180.15 1.48 6.62 375.49
4331 21.87 218.85 1.69 4.21 387.63
4332 22.55 208.79 1.61 3.11 398.57
4333 22.90 244.35 2.14 3.41 398.55
4334 23.00 218.67 2.14 4.81 400.12
4335 23.17 267.25 10.72 3.91 396.21
4336 23.02 173.29 0.89 3.41 400.65
4337 23.12 143.85 0.00 2.51 400.45
4338 22.86 72.68 0.00 2.11 403.43
4339 22.54 40.74 0.00 1.20 402.45
4340 22.21 20.69 0.00 0.70 385.42
4341 21.48 0.77 0.00 0.50 371.97
4342 20.76 0.00 0.00 0.50 369.39
4343 19.95 0.00 0.00 0.80 370.90
4344 19.13 0.00 0.00 1.60 368.34
4345 17.19 0.00 0.00 1.80 378.70
4346 16.78 0.00 0.00 1.80 375.77
4347 16.21 0.00 0.00 1.50 371.56
4348 15.85 0.00 0.00 1.00 372.27
4349 15.94 11.48 0.00 0.90 372.89
4350 16.10 42.77 0.00 1.20 373.94
4351 16.23 71.84 0.00 1.50 375.65
4352 16.55 91.01 0.00 2.10 376.22
4353 16.75 128.27 0.00 1.50 373.50
4354 17.02 178.93 1.43 2.00 374.73
4355 17.38 263.85 8.92 2.60 371.07
4356 17.74 321.46 13.41 4.01 367.32
4357 17.94 279.01 9.09 3.70 368.09
4358 18.11 289.52 10.49 3.30 366.19
4359 18.25 293.56 14.84 4.81 363.59
4360 18.25 211.21 5.63 4.01 364.71
4361 18.11 137.19 0.00 5.11 367.96
4362 17.80 63.61 0.00 3.50 374.03
4363 17.53 18.90 0.00 4.81 374.40
4364 17.23 5.21 0.00 4.51 373.00
4365 16.46 0.69 0.00 5.11 367.09
4366 15.68 0.00 0.00 4.31 355.26
4367 14.91 0.00 0.00 4.81 344.59
4368 14.14 0.00 0.00 5.41 339.03
4369 13.66 0.00 0.00 4.31 340.56
4370 13.09 0.00 0.00 2.90 333.26
4371 12.76 0.00 0.00 3.30 326.56
4372 12.52 0.00 0.00 2.90 314.35
4373 13.49 53.14 319.86 2.60 315.20
4374 14.68 181.26 577.68 2.60 315.96
4375 16.07 339.10 763.80 3.10 316.54
4376 17.46 486.12 801.04 3.30 314.24
4377 19.09 697.17 904.31 3.30 310.23
4378 20.54 811.12 966.40 3.30 311.88
4379 21.66 852.01 783.62 5.41 318.61
4380 21.84 596.15 233.52 6.81 334.54
4381 21.87 553.43 152.53 5.41 335.31
4382 21.83 532.81 142.50 4.51 336.24
4383 21.58 457.00 138.45 5.71 337.95
4384 20.97 321.59 37.13 5.11 345.28
4385 20.26 252.53 31.46 4.51 344.68
4386 19.43 161.38 18.51 4.51 348.04
4387 18.49 76.25 0.00 4.01 354.62
4388 17.55 22.88 0.00 2.60 360.03
4389 16.97 1.59 0.00 3.30 362.81
4390 16.38 0.00 0.00 4.51 366.98
4391 15.80 0.00 0.00 4.31 364.44
4392 15.21 0.00 0.00 3.50 365.91
4393 15.21 0.00 0.00 6.01 364.41
4394 15.19 0.00 0.00 3.10 366.14
4395 15.16 0.00 0.00 3.30 365.87
4396 15.14 0.00 0.00 2.80 373.59
4397 15.31 7.74 0.00 3.10 370.49
4398 15.35 12.50 0.00 3.30 368.71
4399 15.72 56.75 0.00 3.30 368.93
4400 16.48 149.46 0.00 4.01 361.52
4401 17.37 237.80 10.49 4.31 358.68
4402 18.09 271.61 22.52 3.50 357.30
4403 19.87 623.18 281.86 3.50 341.53
4404 20.68 457.01 73.86 3.30 354.60
4405 21.30 455.62 71.86 4.51 353.65
4406 21.14 238.80 6.06 5.41 379.40
4407 21.12 209.36 1.82 5.71 365.70
4408 21.15 272.73 38.48 6.21 355.40
4409 21.29 333.21 185.99 6.51 346.17
4410 21.39 324.02 531.28 5.71 333.50
4411 21.18 195.81 587.47 6.01 337.20
4412 20.65 66.25 339.85 5.71 344.58
4413 19.92 2.45 0.00 6.01 345.43
4414 19.20 0.00 0.00 5.71 348.75
4415 18.48 0.00 0.00 5.11 349.77
4416 17.75 0.00 0.00 3.70 349.42
4417 17.18 0.00 0.00 5.11 350.58
4418 16.58 0.00 0.00 6.01 348.08
4419 16.25 0.00 0.00 5.11 343.40
4420 16.02 0.00 0.00 3.70 343.22
4421 16.73 34.46 88.12 5.11 348.74
4422 17.41 100.18 89.72 4.81 350.92
4423 17.79 125.24 5.63 5.11 361.66
4424 17.56 80.02 0.00 6.81 372.89
4425 18.58 290.60 36.16 6.51 363.73
4426 19.24 318.82 18.66 4.31 354.23
4427 19.69 314.86 14.52 5.11 357.26
4428 19.90 272.65 10.55 4.31 358.39
4429 20.50 456.72 72.80 4.81 350.14
4430 21.19 554.84 195.02 4.81 346.04
4431 21.39 375.65 44.86 5.71 351.73
4432 21.23 228.41 8.23 4.51 359.97
4433 20.96 182.14 6.85 3.50 358.98
4434 20.89 246.23 237.36 3.70 348.31
4435 20.73 209.16 573.32 4.01 336.02
4436 20.27 70.71 459.98 4.31 345.01
4437 19.13 2.21 0.00 5.41 341.78
4438 17.99 0.00 0.00 4.81 340.86
4439 16.85 0.00 0.00 4.51 337.81
4440 15.71 0.00 0.00 5.41 332.50
4441 14.85 0.00 0.00 4.81 332.54
4442 13.88 0.00 0.00 2.90 331.61
4443 13.34 0.00 0.00 5.11 331.87
4444 12.94 0.00 0.00 4.31 334.48
4445 13.57 35.84 144.42 2.90 335.89
4446 14.51 136.75 339.02 2.80 339.24
4447 15.48 241.35 303.76 2.80 338.01
4448 16.66 385.42 416.57 2.60 332.73
4449 17.75 487.57 359.06 2.60 336.25
4450 19.06 667.79 582.67 1.80 330.11
4451 20.21 748.15 595.64 1.70 331.46
4452 20.91 699.21 386.68 3.30 335.70
4453 21.45 708.75 405.57 3.50 338.67
4454 21.88 712.94 497.42 5.11 338.34
4455 22.11 667.98 549.82 7.21 338.03
4456 22.11 562.27 549.35 8.51 339.85
4457 21.69 390.77 357.22 8.01 344.75
4458 20.97 255.69 291.36 6.81 351.86
4459 20.02 129.14 129.53 6.51 355.03
4460 18.99 38.98 49.18 5.41 362.56
4461 18.60 1.54 0.00 6.01 364.27
4462 18.21 0.00 0.00 6.51 367.55
4463 17.81 0.00 0.00 7.81 370.83
4464 17.42 0.00 0.00 6.01 371.33
4465 17.80 0.00 0.00 6.81 373.38
4466 18.19 0.00 0.00 6.51 377.96
4467 18.35 0.00 0.00 3.70 381.89
4468 18.41 0.00 0.00 2.90 383.57
4469 18.75 7.64 0.00 2.60 389.62
4470 18.84 25.31 0.00 2.30 386.55
4471 18.77 48.42 0.00 2.60 388.88
4472 18.53 77.60 0.00 2.80 390.47
4473 19.80 98.59 0.00 1.30 394.81
4474 20.29 124.48 0.00 1.00 391.65
4475 20.65 135.19 0.00 0.60 390.99
4476 20.53 139.17 0.05 1.30 393.86
4477 21.02 130.54 0.00 1.00 393.98
4478 21.17 117.61 0.00 1.20 395.39
4479 21.22 105.26 0.00 0.70 395.86
4480 21.21 84.93 0.00 0.60 396.29
4481 21.09 62.92 0.00 0.60 396.12
4482 20.86 48.80 0.00 0.20 394.35
4483 20.56 29.53 0.00 0.10 396.06
4484 20.58 9.89 0.00 0.10 393.82
4485 20.20 0.34 0.00 0.20 390.48
4486 19.93 0.00 0.00 0.30 387.74
4487 19.61 0.00 0.00 0.20 388.11
4488 19.26 0.00 0.00 0.50 384.97
4489 18.74 0.00 0.00 0.70 382.44
4490 18.20 0.00 0.00 0.50 376.52
4491 17.92 0.00 0.00 0.10 375.87
4492 17.72 0.00 0.00 0.60 371.60
4493 18.01 16.53 0.00 0.30 372.33
4494 18.33 64.40 0.00 0.50 369.93
4495 18.49 111.39 0.00 0.50 373.87
4496 19.18 135.08 0.00 0.80 376.81
4497 19.50 163.92 0.68 1.50 379.22
4498 19.74 180.55 1.47 0.90 381.43
4499 20.23 318.56 17.46 0.60 376.79
4500 20.54 252.85 6.77 0.60 368.70
4501 20.89 330.57 14.56 1.30 350.64
4502 21.15 319.23 17.21 0.90 349.89
4503 21.27 274.65 10.62 2.00 354.48
4504 21.17 168.05 0.61 1.50 360.82
4505 21.03 152.58 0.00 1.30 357.64
4506 20.83 113.65 0.00 1.80 354.35
4507 20.47 34.79 0.00 2.20 361.43
4508 20.09 5.30 0.00 3.10 363.87
4509 19.25 0.37 0.00 4.31 361.79
4510 18.41 0.00 0.00 4.01 360.94
4511 17.57 0.00 0.00 3.30 359.22
4512 16.73 0.00 0.00 2.60 355.08
4513 16.07 0.00 0.00 2.60 349.24
4514 15.30 0.00 0.00 2.60 345.77
4515 14.86 0.00 0.00 2.60 341.72
4516 14.54 0.00 0.00 2.80 341.38
4517 15.41 44.26 277.81 2.40 340.32
4518 16.56 159.14 539.39 3.50 340.88
4519 18.01 313.70 721.27 3.10 337.66
4520 19.58 478.60 830.49 1.30 331.76
4521 21.15 631.49 878.41 1.00 329.83
4522 22.63 758.43 899.84 1.20 332.43
4523 23.93 848.26 904.32 1.80 334.08
4524 25.01 893.04 897.82 2.40 335.47
4525 25.83 894.54 892.66 3.10 338.42
4526 26.37 850.74 884.46 3.30 335.65
4527 26.63 767.30 879.51 4.51 333.46
4528 26.61 647.85 863.34 5.71 336.27
4529 26.20 499.23 819.06 4.31 342.76
4530 25.41 339.30 733.57 5.41 342.41
4531 24.32 182.03 545.85 3.30 344.89
4532 23.07 59.27 303.97 2.20 345.30
4533 21.83 1.22 0.00 1.30 346.89
4534 20.59 0.00 0.00 2.20 353.56
4535 19.35 0.00 0.00 1.30 354.22
4536 18.11 0.00 0.00 1.60 355.41
4537 17.55 0.00 0.00 1.20 354.16
4538 16.98 0.00 0.00 1.20 354.80
4539 16.68 0.00 0.00 2.30 355.08
4540 16.48 0.00 0.00 4.01 356.43
4541 16.74 13.42 0.00 3.30 360.79
4542 16.70 11.44 0.00 3.10 367.82
4543 16.76 22.77 0.00 4.31 368.81
4544 17.34 131.41 0.00 6.21 358.61
4545 18.20 258.25 36.17 5.71 350.83
4546 19.93 598.31 359.30 5.71 336.98
4547 21.93 857.99 755.99 6.51 331.38
4548 22.97 682.29 327.45 6.81 346.10
4549 23.49 558.14 166.84 7.81 353.51
4550 23.74 473.95 105.89 5.71 355.14
4551 24.29 665.80 488.40 4.81 337.91
4552 24.41 465.73 245.28 4.31 345.62
4553 23.89 209.31 17.54 4.01 360.59
4554 23.29 145.62 9.95 3.30 362.08
4555 22.69 108.76 87.83 2.80 359.58
4556 21.94 11.70 0.00 3.70 375.31
4557 21.18 0.86 0.00 2.60 370.27
4558 20.42 0.00 0.00 2.00 371.20
4559 19.65 0.00 0.00 2.40 365.90
4560 18.89 0.00 0.00 2.20 359.30
4561 18.23 0.00 0.00 1.80 356.63
4562 17.48 0.00 0.00 2.00 350.83
4563 17.07 0.00 0.00 1.60 345.49
4564 16.77 0.00 0.00 1.70 340.97
4565 17.38 35.82 183.77 1.20 341.77
4566 18.55 164.42 556.27 2.20 341.51
4567 19.80 305.88 659.96 1.50 342.93
4568 21.28 490.80 831.58 1.00 335.40
4569 22.88 682.91 951.48 1.50 335.85
4570 24.34 814.84 974.55 1.80 337.91
4571 25.69 930.43 804.00 3.30 337.99
4572 25.48 458.75 84.90 2.60 368.78
4573 25.51 516.52 123.01 2.40 367.10
4574 25.26 438.50 77.80 2.40 371.51
4575 24.99 419.87 84.23 1.80 368.99
4576 24.45 312.16 32.30 2.30 369.70
4577 23.82 246.88 36.08 1.60 368.47
4578 23.09 171.99 35.75 1.70 364.94
4579 22.27 91.62 15.14 1.50 368.10
4580 21.41 28.15 0.00 1.00 368.21
4581 20.66 0.83 0.00 0.90 366.04
4582 19.90 0.00 0.00 0.70 366.17
4583 19.14 0.00 0.00 1.20 362.84
4584 18.39 0.00 0.00 1.30 355.08
4585 18.18 0.00 0.00 1.70 352.03
4586 17.94 0.00 0.00 1.70 349.56
4587 17.80 0.00 0.00 1.80 349.34
4588 17.70 0.00 0.00 1.00 348.32
4589 18.27 32.77 147.01 1.00 345.47
4590 19.39 157.38 560.82 0.90 343.92
4591 20.72 314.86 735.90 0.90 344.34
4592 22.32 521.15 907.53 1.70 338.51
4593 23.90 691.31 954.69 2.80 339.05
4594 25.38 833.58 980.62 4.01 340.54
4595 26.51 865.91 765.38 4.01 344.02
4596 26.14 401.58 56.49 4.31 370.92
4597 25.75 375.68 21.13 5.41 372.80
4598 25.43 376.75 31.21 5.11 371.47
4599 25.07 341.05 24.40 5.71 368.72
4600 24.45 227.18 8.27 7.51 373.63
4601 23.82 179.72 5.88 7.51 375.87
4602 23.14 123.25 0.04 7.21 378.04
4603 22.44 71.47 0.00 6.81 377.32
4604 21.72 23.91 0.00 8.61 379.73
4605 21.77 0.00 0.00 9.31 383.61
4606 21.82 0.00 0.00 9.81 384.52
4607 21.87 0.00 0.00 11.62 386.00
4608 21.91 0.00 0.00 10.71 386.44
4609 22.11 0.00 0.00 13.22 388.54
4610 22.32 0.00 0.00 10.71 384.80
4611 22.42 0.00 0.00 11.62 386.00
4612 22.49 0.00 0.00 10.31 382.01
4613 22.98 21.13 0.00 9.31 380.65
4614 23.62 77.29 13.40 9.01 386.56
4615 24.50 165.62 55.33 8.21 384.66
4616 25.68 295.57 119.15 9.61 377.29
4617 27.02 434.93 231.28 9.31 377.88
4618 28.16 500.29 195.22 8.81 379.20
4619 29.22 575.47 241.47 9.01 379.00
4620 30.01 574.57 189.16 7.51 384.37
4621 30.53 536.29 140.71 7.21 387.80
4622 30.87 498.67 132.35 7.21 387.78
4623 30.79 343.82 33.24 6.81 393.40
4624 30.75 350.91 84.01 5.71 389.97
4625 30.36 230.18 21.36 7.51 401.09
4626 29.86 171.83 41.32 8.21 403.98
4627 29.13 52.88 0.00 6.51 415.35
4628 28.38 4.72 0.00 6.21 412.41
4629 27.13 0.00 0.00 7.21 408.32
4630 25.89 0.00 0.00 7.21 404.45
4631 24.65 0.00 0.00 7.91 394.03
4632 23.41 0.00 0.00 8.81 389.13
4633 22.13 0.00 0.00 10.01 381.98
4634 20.78 0.00 0.00 8.51 374.96
4635 20.09 0.00 0.00 9.61 369.52
4636 19.60 0.00 0.00 8.51 365.30
4637 20.02 30.54 126.32 7.51 359.20
4638 20.96 157.51 558.90 7.21 356.67
4639 22.03 308.87 727.63 6.21 353.46
4640 23.23 486.05 831.49 5.41 347.23
4641 24.45 651.13 930.59 4.01 346.14
4642 25.63 799.32 967.91 3.50 342.63
4643 26.54 835.95 735.25 2.30 348.28
4644 26.38 435.50 78.40 2.60 374.52
4645 26.09 385.80 23.48 2.40 374.91
4646 25.84 381.81 27.06 5.41 372.14
4647 25.43 303.39 15.61 6.81 376.64
4648 24.87 207.88 5.40 5.71 381.74
4649 24.25 143.84 0.00 6.21 381.83
4650 23.63 97.81 0.00 6.51 381.43
4651 22.96 30.44 0.00 6.51 384.52
4652 22.33 7.50 0.00 5.41 377.03
4653 21.21 0.00 0.00 5.41 371.64
4654 20.09 0.00 0.00 2.90 364.68
4655 18.97 0.00 0.00 2.40 359.62
4656 17.85 0.00 0.00 2.00 353.07
4657 17.11 0.00 0.00 2.30 354.36
4658 16.28 0.00 0.00 2.90 346.84
4659 15.81 0.00 0.00 3.30 341.32
4660 15.46 0.00 0.00 3.10 330.59
4661 16.01 30.45 142.62 2.10 330.80
4662 17.14 144.26 492.97 1.50 334.99
4663 18.53 294.37 670.69 2.10 330.26
4664 20.05 456.44 787.79 1.20 328.07
4665 21.56 606.16 834.53 1.30 330.16
4666 22.98 726.74 841.19 1.20 333.99
4667 24.23 816.78 847.52 2.00 333.33
4668 25.28 865.21 847.42 2.20 336.89
4669 26.08 870.08 848.58 0.80 340.18
4670 26.61 825.50 834.98 0.60 339.98
4671 26.86 741.81 825.22 0.30 339.29
4672 26.83 620.49 795.69 0.20 343.32
4673 26.42 476.87 756.54 0.10 344.20
4674 25.66 323.95 686.51 0.30 346.10
4675 24.61 170.27 520.10 0.50 350.92
4676 23.40 52.26 226.86 0.20 348.57
4677 22.43 0.00 0.00 0.20 354.47
4678 21.47 0.00 0.00 0.20 354.70
4679 20.50 0.00 0.00 0.10 356.25
4680 19.54 0.00 0.00 0.20 357.36
4681 19.27 0.00 0.00 0.30 355.09
4682 18.99 0.00 0.00 0.40 357.82
4683 18.83 0.00 0.00 0.60 358.79
4684 18.73 0.00 0.00 0.80 362.43
4685 19.18 20.17 0.00 0.50 367.50
4686 19.55 54.25 0.00 0.90 368.68
4687 21.02 228.64 263.45 0.50 354.93
4688 21.71 223.86 36.57 0.60 365.65
4689 22.55 314.93 71.84 0.60 364.97
4690 23.83 503.21 230.57 0.90 359.00
4691 24.10 313.84 29.43 0.80 376.32
4692 25.04 565.86 186.87 1.20 364.78
4693 25.60 501.94 113.10 1.00 371.36
4694 25.96 466.69 103.20 1.60 371.76
4695 26.69 671.35 515.93 1.30 354.04
4696 27.39 725.90 804.88 1.30 338.18
4697 27.56 488.32 742.75 1.50 347.14
4698 27.27 295.46 518.62 1.20 357.18
4699 26.68 165.61 478.67 0.80 356.65
4700 25.89 60.99 328.23 0.40 357.06
4701 24.61 0.00 0.00 0.90 364.27
4702 23.32 0.00 0.00 1.30 361.29
4703 22.03 0.00 0.00 1.70 360.82
4704 20.74 0.00 0.00 1.00 361.54
4705 19.59 0.00 0.00 1.80 361.34
4706 18.37 0.00 0.00 1.70 361.43
4707 17.72 0.00 0.00 0.90 359.79
4708 17.27 0.00 0.00 0.60 360.15
4709 17.51 15.40 0.00 0.90 361.83
4710 17.91 61.93 0.00 1.30 365.91
4711 18.48 143.24 27.99 1.70 366.08
4712 18.80 137.47 0.00 1.60 368.45
4713 19.01 158.28 0.00 1.50 373.03
4714 19.53 279.86 16.92 0.60 368.31
4715 19.73 227.95 5.46 0.60 373.90
4716 20.37 425.24 42.88 0.60 364.77
4717 21.04 513.11 124.52 1.20 358.79
4718 21.53 493.17 112.13 0.60 359.13
4719 21.81 436.15 91.61 0.60 358.66
4720 21.92 369.29 116.52 0.70 359.84
4721 22.04 394.01 341.01 0.90 346.55
4722 22.06 349.43 673.10 0.50 337.62
4723 21.76 183.95 635.06 0.60 343.79
4724 21.19 44.56 227.76 1.50 342.07
4725 20.28 0.00 0.00 1.50 342.54
4726 19.36 0.00 0.00 1.70 342.83
4727 18.45 0.00 0.00 1.50 344.00
4728 17.54 0.00 0.00 2.40 342.44
4729 17.09 0.00 0.00 2.90 346.19
4730 16.57 0.00 0.00 2.60 344.91
4731 16.28 0.00 0.00 3.70 344.98
4732 16.06 0.00 0.00 3.10 337.95
4733 16.60 27.62 97.37 2.90 337.99
4734 17.60 124.41 377.45 3.10 340.48
4735 18.97 271.89 572.22 3.30 337.13
4736 20.42 418.23 643.49 3.30 332.26
4737 21.87 554.12 663.08 4.01 330.54
4738 23.23 669.34 662.54 4.01 333.82
4739 24.46 754.41 659.10 4.01 333.47
4740 25.46 792.29 628.33 5.41 337.16
4741 26.24 797.48 630.03 4.51 343.43
4742 26.76 759.23 632.05 4.81 344.32
4743 27.04 691.73 667.51 4.81 342.57
4744 27.05 577.04 651.37 5.11 343.21
4745 26.69 435.55 571.37 7.51 344.74
4746 25.99 292.63 508.76 7.91 343.99
4747 25.01 148.92 390.18 5.41 349.99
4748 23.90 43.42 173.08 5.41 350.51
4749 22.73 0.00 0.00 4.01 355.34
4750 21.55 0.00 0.00 4.31 355.80
4751 20.38 0.00 0.00 4.51 359.55
4752 19.21 0.00 0.00 5.41 357.11
4753 18.51 0.00 0.00 6.01 358.71
4754 17.81 0.00 0.00 5.71 361.41
4755 17.46 0.00 0.00 4.51 360.56
4756 17.22 0.00 0.00 6.81 368.86
4757 17.38 8.91 0.00 5.11 369.95
4758 17.48 20.85 0.00 4.01 374.90
4759 17.80 69.71 0.00 2.90 371.90
4760 18.08 98.49 0.00 2.60 375.37
4761 19.01 311.01 75.14 3.10 359.09
4762 20.52 614.87 473.95 3.50 344.34
4763 21.84 713.46 558.28 4.51 345.14
4764 23.07 818.23 674.50 5.41 342.14
4765 24.24 928.64 796.29 4.81 339.26
4766 24.53 563.58 245.00 4.81 360.31
4767 24.60 462.24 150.82 6.01 364.64
4768 23.76 84.09 0.00 4.51 388.59
4769 23.23 164.73 4.36 4.01 375.45
4770 22.48 24.08 0.00 3.50 388.20
4771 21.80 12.30 0.00 4.31 390.00
4772 21.19 3.63 0.00 2.90 386.06
4773 20.79 0.00 0.00 2.80 385.27
4774 20.39 0.00 0.00 2.90 382.26
4775 19.98 0.00 0.00 3.10 379.27
4776 19.58 0.00 0.00 3.30 377.60
4777 19.20 0.00 0.00 2.60 368.00
4778 18.76 0.00 0.00 1.60 365.40
4779 18.51 0.00 0.00 2.00 363.52
4780 18.33 0.00 0.00 2.10 367.18
4781 18.80 23.68 66.76 2.00 364.88
4782 19.57 98.04 124.67 2.40 365.78
4783 20.72 221.52 317.10 2.60 364.11
4784 21.95 345.30 330.42 2.00 360.96
4785 23.24 472.72 377.78 1.30 359.45
4786 24.41 561.10 358.72 1.70 362.83
4787 25.59 674.13 476.70 1.60 360.94
4788 26.40 649.54 315.11 1.80 363.81
4789 27.09 681.75 362.51 1.50 363.14
4790 27.80 759.68 602.70 1.50 357.47
4791 28.19 668.01 584.70 1.60 362.96
4792 28.41 613.16 736.53 2.80 359.76
4793 28.21 432.46 582.95 3.10 365.18
4794 27.62 282.61 501.13 2.30 365.16
4795 26.78 156.00 447.72 2.90 368.62
4796 25.77 41.54 217.93 3.70 368.87
4797 24.79 0.00 0.00 4.01 370.97
4798 23.81 0.00 0.00 4.31 373.65
4799 22.83 0.00 0.00 3.50 372.68
4800 21.84 0.00 0.00 2.40 372.60
4801 21.25 0.00 0.00 2.30 375.22
4802 20.63 0.00 0.00 1.50 371.75
4803 20.30 0.00 0.00 1.30 375.09
4804 20.07 0.00 0.00 1.80 374.48
4805 20.48 20.85 16.70 1.30 378.14
4806 21.23 92.59 109.57 1.60 378.39
4807 22.16 190.95 128.50 0.60 377.26
4808 23.39 334.44 307.03 1.00 371.14
4809 24.72 475.64 401.58 0.80 371.01
4810 25.98 579.30 401.82 2.20 367.44
4811 26.94 604.44 296.62 2.40 371.50
4812 28.09 764.34 551.04 2.80 368.36
4813 29.09 813.67 681.87 4.31 369.70
4814 29.78 766.92 656.24 5.71 370.70
4815 30.13 659.34 586.88 4.81 366.47
4816 30.26 574.43 645.15 5.11 362.62
4817 30.11 446.65 667.11 6.51 362.88
4818 29.59 303.62 583.24 5.11 366.75
4819 28.78 156.87 397.12 3.30 374.39
4820 27.80 44.28 177.81 2.80 375.59
4821 26.16 0.00 0.00 3.70 376.46
4822 24.52 0.00 0.00 4.31 374.89
4823 22.87 0.00 0.00 5.11 374.59
4824 21.23 0.00 0.00 5.11 371.44
4825 19.82 0.00 0.00 3.50 368.61
4826 18.30 0.00 0.00 2.30 362.96
4827 17.49 0.00 0.00 2.30 359.19
4828 16.91 0.00 0.00 2.40 358.30
4829 17.12 16.42 0.00 2.40 358.23
4830 17.73 91.35 106.93 2.90 359.23
4831 18.64 212.34 265.97 4.31 355.90
4832 19.97 403.99 527.21 4.81 342.19
4833 21.37 571.35 669.59 6.21 337.00
4834 22.20 550.25 313.71 5.11 346.60
4835 22.94 616.56 330.99 4.31 345.65
4836 23.64 689.62 413.32 5.11 347.15
4837 23.97 597.24 236.89 6.51 351.84
4838 24.37 679.01 450.29 6.01 343.04
4839 24.49 572.96 338.53 4.51 345.48
4840 24.36 446.84 243.17 6.01 342.21
4841 24.00 357.58 317.61 4.31 342.55
4842 23.43 249.96 351.47 4.31 342.28
4843 22.65 123.11 241.36 4.31 348.80
4844 21.75 31.28 108.67 3.10 343.43
4845 20.61 0.00 0.00 2.20 346.31
4846 19.47 0.00 0.00 2.10 346.46
4847 18.32 0.00 0.00 1.00 345.04
4848 17.18 0.00 0.00 1.20 341.54
4849 16.77 0.00 0.00 1.50 345.37
4850 16.37 0.00 0.00 0.90 339.94
4851 16.17 0.00 0.00 1.00 339.50
4852 16.03 0.00 0.00 1.20 330.80
4853 16.16 5.87 0.00 0.80 332.81
4854 16.98 79.35 78.75 1.20 337.13
4855 16.82 21.12 0.00 1.80 359.92
4856 16.81 33.66 0.00 2.60 355.33
4857 18.29 370.11 170.12 3.70 330.29
4858 18.61 187.62 9.45 3.50 350.57
4859 19.47 387.60 40.09 3.30 342.97
4860 19.85 290.71 12.55 4.31 351.85
4861 20.41 413.73 67.22 3.70 360.24
4862 21.53 690.73 459.30 3.70 331.31
4863 22.05 506.47 212.79 3.70 339.53
4864 22.43 473.46 311.72 3.10 339.35
4865 22.79 503.53 678.40 2.90 325.00
4866 22.58 226.08 228.86 3.70 347.27
4867 22.09 106.32 97.28 2.60 352.18
4868 21.45 14.26 0.00 4.51 349.76
4869 20.53 0.00 0.00 4.51 349.47
4870 19.62 0.00 0.00 4.81 345.33
4871 18.70 0.00 0.00 4.81 342.58
4872 17.78 0.00 0.00 7.51 337.84
4873 16.87 0.00 0.00 6.51 329.46
4874 15.85 0.00 0.00 6.81 327.01
4875 15.29 0.00 0.00 8.21 323.59
4876 14.88 0.00 0.00 8.21 324.99
4877 15.16 19.67 21.31 7.21 327.78
4878 16.10 127.60 461.61 6.81 328.51
4879 17.32 279.40 676.94 4.01 326.57
4880 18.69 446.84 796.44 3.30 322.87
4881 20.15 620.95 869.22 2.90 320.17
4882 21.42 727.70 854.30 3.50 322.72
4883 22.57 824.22 743.70 3.70 322.48
4884 22.67 518.15 154.17 3.50 343.39
4885 22.55 439.79 44.36 3.30 348.65
4886 22.34 412.74 39.89 4.01 345.92
4887 22.10 394.32 74.49 5.41 339.48
4888 21.78 355.63 102.55 5.41 335.55
4889 21.31 284.18 88.17 5.11 335.30
4890 20.66 187.22 79.70 5.41 336.87
4891 19.89 96.37 57.07 8.01 336.99
4892 19.05 23.01 3.28 8.01 340.18
4893 18.37 0.00 0.00 6.21 346.32
4894 17.69 0.00 0.00 5.41 347.54
4895 17.01 0.00 0.00 3.10 349.36
4896 16.33 0.00 0.00 3.30 351.18
4897 16.34 0.00 0.00 3.30 351.49
4898 15.77 0.00 0.00 3.50 360.42
4899 16.12 0.00 0.00 3.30 362.50
4900 16.21 0.00 0.00 2.40 362.50
4901 16.45 6.47 0.00 2.90 363.59
4902 16.77 32.15 0.00 3.10 366.72
4903 17.14 77.81 0.00 3.70 366.20
4904 17.75 138.04 0.00 4.01 367.09
4905 18.24 173.42 2.32 1.80 370.26
4906 18.69 207.23 6.01 1.70 358.21
4907 19.08 229.78 1.23 1.50 360.68
4908 19.48 268.37 8.64 1.30 360.50
4909 19.82 279.10 11.52 1.50 360.57
4910 20.05 260.86 10.33 1.30 362.27
4911 20.19 238.83 6.74 2.00 360.98
4912 20.18 171.34 1.47 1.60 365.32
4913 20.04 126.13 0.00 1.30 365.60
4914 19.77 68.06 0.00 2.10 369.82
4915 19.39 11.20 0.00 2.00 375.70
4916 19.04 4.81 0.00 2.00 372.88
4917 18.52 0.00 0.00 2.60 370.60
4918 18.01 0.00 0.00 3.10 369.04
4919 17.47 0.00 0.00 2.20 371.63
4920 16.89 0.00 0.00 2.80 366.73
4921 16.46 0.00 0.00 2.20 365.93
4922 15.88 0.00 0.00 0.70 357.92
4923 15.44 0.00 0.00 0.70 361.54
4924 15.44 0.00 0.00 0.30 361.76
4925 15.58 9.42 0.00 0.30 361.38
4926 16.06 63.85 17.88 0.40 357.90
4927 16.77 157.50 71.46 0.50 351.59
4928 17.48 237.71 60.29 1.20 347.91
4929 18.11 294.99 37.69 1.80 349.33
4930 18.80 389.10 88.75 1.80 346.60
4931 19.13 327.91 18.97 1.50 350.11
4932 19.40 341.69 17.93 1.00 354.74
4933 19.78 425.74 39.76 1.20 349.58
4934 20.08 429.51 78.66 1.70 346.26
4935 20.31 421.47 106.63 1.80 340.52
4936 20.17 237.44 24.83 2.10 352.64
4937 19.63 67.68 0.00 2.80 366.48
4938 19.07 22.54 0.00 3.30 368.29
4939 18.56 10.99 0.00 3.50 366.15
4940 18.09 8.11 0.00 3.70 364.80
4941 17.60 0.00 0.00 4.81 364.68
4942 17.11 0.00 0.00 5.41 361.65
4943 16.61 0.00 0.00 4.01 359.40
4944 16.12 0.00 0.00 3.70 355.68
4945 15.81 0.00 0.00 4.01 358.08
4946 15.48 0.00 0.00 4.01 354.70
4947 15.29 0.00 0.00 4.81 353.12
4948 15.15 0.00 0.00 4.81 349.38
4949 15.26 8.73 0.00 4.81 352.46
4950 15.75 53.54 0.00 6.01 354.04
4951 16.29 112.10 3.69 4.31 343.23
4952 16.87 174.39 8.83 3.70 344.28
4953 17.32 273.28 37.73 5.11 354.81
4954 18.04 248.20 11.66 5.11 349.97
4955 17.96 162.32 1.60 3.50 370.71
4956 18.26 236.33 2.50 3.50 353.73
4957 18.59 313.41 15.50 2.90 349.46
4958 18.60 196.22 3.75 3.70 355.08
4959 18.79 296.68 20.95 4.01 346.38
4960 18.83 230.86 9.91 4.81 348.64
4961 18.73 169.20 4.09 4.51 351.61
4962 18.54 128.74 9.41 3.70 352.55
4963 18.16 44.28 0.00 2.80 359.78
4964 17.74 7.40 0.00 1.50 359.87
4965 17.22 0.00 0.00 0.80 356.42
4966 16.70 0.00 0.00 0.70 355.71
4967 16.18 0.00 0.00 0.70 354.57
4968 15.66 0.00 0.00 1.20 354.44
4969 15.38 0.00 0.00 0.80 350.73
4970 15.11 0.00 0.00 0.60 347.22
4971 14.97 0.00 0.00 1.20 343.92
4972 14.87 0.00 0.00 0.70 346.90
4973 15.02 6.66 0.00 1.30 343.46
4974 15.49 52.10 0.00 1.20 345.16
4975 16.07 111.54 5.93 0.50 341.42
4976 15.92 29.40 0.00 0.90 353.10
4977 16.23 122.78 0.00 0.80 343.38
4978 17.28 364.92 73.97 1.30 334.59
4979 17.92 325.68 18.87 0.80 339.94
4980 18.59 401.12 37.74 1.30 341.24
4981 19.35 504.10 128.54 1.50 332.99
4982 19.85 447.42 95.05 2.10 339.84
4983 20.11 375.30 64.03 2.20 341.14
4984 20.16 289.25 39.38 1.80 357.96
4985 19.82 121.98 0.00 2.00 353.53
4986 19.52 125.20 5.28 2.00 343.76
4987 19.10 57.79 0.00 2.20 345.23
4988 18.64 15.87 0.00 1.70 344.53
4989 17.66 0.00 0.00 1.70 357.40
4990 17.12 0.00 0.00 2.00 366.33
4991 16.45 0.00 0.00 1.80 366.49
4992 15.71 0.00 0.00 2.30 363.07
4993 14.98 0.00 0.00 2.40 359.64
4994 14.23 0.00 0.00 1.60 356.16
4995 13.85 0.00 0.00 1.50 354.82
4996 13.60 0.00 0.00 2.40 354.20
4997 13.72 6.55 0.00 2.90 355.81
4998 13.80 14.84 0.00 2.20 354.02
4999 14.58 125.51 33.80 1.70 343.48
5000 14.92 116.91 0.00 1.80 352.62
5001 15.23 142.01 0.00 2.20 340.65
5002 15.73 228.70 6.59 2.00 333.63
5003 16.01 205.09 4.12 1.80 334.59
5004 16.82 438.13 82.73 2.10 324.21
5005 17.84 604.91 291.62 2.30 316.93
5006 19.20 873.63 787.39 3.50 302.78
5007 19.87 635.57 521.12 3.30 312.67
5008 20.25 532.36 578.03 2.60 313.67
5009 20.30 368.75 400.86 2.30 318.00
5010 20.07 240.88 305.61 2.90 322.28
5011 19.39 40.83 0.00 2.60 346.01
5012 18.74 14.83 0.00 2.30 338.27
5013 17.85 0.00 0.00 2.10 338.29
5014 16.95 0.00 0.00 2.10 333.08
5015 16.06 0.00 0.00 2.80 331.11
5016 15.17 0.00 0.00 2.90 330.48
5017 14.35 0.00 0.00 3.50 325.41
5018 13.42 0.00 0.00 3.70 325.87
5019 12.90 0.00 0.00 4.01 322.93
5020 12.52 0.00 0.00 4.81 323.62
5021 12.64 12.06 0.00 4.31 323.23
5022 13.26 88.12 224.45 2.90 322.60
5023 14.34 236.46 527.24 2.10 315.45
5024 15.55 387.30 614.29 2.10 312.38
5025 16.68 504.73 564.22 1.30 311.79
5026 17.59 565.23 396.54 2.00 313.57
5027 18.36 620.54 369.24 2.80 312.03
5028 19.06 681.61 449.74 2.30 312.29
5029 19.59 689.57 461.08 2.40 315.75
5030 19.95 662.38 479.30 2.40 313.12
5031 20.09 589.03 419.48 2.40 315.13
5032 20.02 486.11 400.84 2.10 314.25
5033 19.69 369.54 412.22 2.60 313.16
5034 19.11 253.79 453.62 2.10 311.49
5035 18.32 122.73 315.91 2.30 314.76
5036 17.41 24.83 72.46 2.40 315.51
5037 16.39 0.00 0.00 2.00 319.60
5038 15.36 0.00 0.00 1.60 316.45
5039 14.34 0.00 0.00 1.50 313.16
5040 13.31 0.00 0.00 0.60 313.07
5041 13.02 0.00 0.00 0.70 313.69
5042 12.74 0.00 0.00 0.80 314.10
5043 12.60 0.00 0.00 1.50 315.38
5044 12.50 0.00 0.00 2.80 316.77
5045 12.68 8.68 0.00 3.30 318.75
5046 12.96 37.52 0.00 3.10 320.97
5047 13.45 99.85 0.00 3.10 318.29
5048 14.03 169.43 8.17 4.51 317.42
5049 14.86 292.56 55.32 3.70 313.56
5050 16.20 540.93 310.03 2.80 304.05
5051 17.07 508.56 201.34 2.80 311.12
5052 18.63 886.36 773.63 2.90 295.62
5053 19.50 727.62 487.90 2.40 305.85
5054 19.81 522.64 206.90 3.10 316.23
5055 19.68 333.17 35.35 3.10 326.24
5056 19.35 253.17 22.81 2.40 328.63
5057 18.72 110.39 0.00 2.40 337.44
5058 17.97 21.36 0.00 2.40 344.96
5059 17.30 9.97 0.00 3.70 345.12
5060 16.70 2.89 0.00 4.51 341.94
5061 16.32 0.00 0.00 5.71 347.32
5062 15.94 0.00 0.00 6.51 345.92
5063 15.56 0.00 0.00 6.21 342.23
5064 15.18 0.00 0.00 6.51 342.00
5065 14.76 0.00 0.00 6.81 338.78
5066 14.28 0.00 0.00 7.21 340.69
5067 14.01 0.00 0.00 7.51 338.31
5068 13.80 0.00 0.00 5.41 339.98
5069 13.78 2.82 0.00 4.51 350.01
5070 13.84 15.31 0.00 3.50 357.04
5071 14.28 87.92 0.00 2.80 348.99
5072 14.84 162.37 6.01 3.30 346.13
5073 15.24 187.08 4.01 3.10 347.95
5074 15.37 153.14 0.16 4.01 351.39
5075 15.74 256.80 8.95 3.30 349.08
5076 16.04 274.46 11.40 3.50 350.90
5077 16.21 253.52 2.89 2.80 354.78
5078 16.51 342.16 25.33 2.40 347.25
5079 16.55 233.25 8.89 2.40 350.44
5080 16.32 122.60 0.00 2.30 352.75
5081 16.07 139.85 0.00 3.50 357.65
5082 15.47 110.03 0.00 4.01 355.53
5083 15.42 36.01 0.00 6.21 358.56
5084 15.17 8.06 0.00 4.51 355.42
5085 16.03 0.00 0.00 4.01 358.69
5086 16.80 0.00 0.00 2.40 361.48
5087 17.68 0.00 0.00 3.10 368.08
5088 18.51 0.00 0.00 2.60 371.20
5089 19.04 0.00 0.00 2.20 372.71
5090 19.48 0.00 0.00 3.30 373.54
5091 19.53 0.00 0.00 2.80 368.92
5092 19.89 0.00 0.00 3.10 372.44
5093 20.04 5.76 0.00 3.30 368.33
5094 21.08 84.52 125.04 2.10 372.67
5095 21.55 96.34 0.00 2.20 388.41
5096 22.89 272.68 161.23 2.60 363.50
5097 24.43 419.54 285.89 1.80 359.82
5098 25.32 381.03 90.73 2.20 370.23
5099 25.64 291.18 26.01 1.60 380.99
5100 25.33 108.10 0.00 1.90 394.36
5101 25.76 348.77 39.17 1.40 381.30
5102 26.76 612.13 329.76 1.00 366.79
5103 27.46 558.73 336.37 1.20 366.98
5104 27.49 286.74 67.50 1.40 377.29
5105 26.77 54.62 0.00 1.90 398.78
5106 26.06 21.07 0.00 1.10 405.31
5107 25.54 52.23 0.00 0.50 389.85
5108 24.98 14.26 0.00 0.80 386.37
5109 24.02 0.00 0.00 0.60 387.32
5110 23.06 0.00 0.00 0.10 383.68
5111 22.10 0.00 0.00 0.40 381.90
5112 21.13 0.00 0.00 0.40 378.33
5113 20.12 0.00 0.00 0.40 372.21
5114 18.97 0.00 0.00 1.00 368.34
5115 18.33 0.00 0.00 1.10 364.51
5116 17.69 0.00 0.00 1.00 359.70
5117 17.22 8.12 0.00 0.90 358.50
5118 19.01 103.84 340.30 0.90 362.15
5119 19.99 224.83 403.23 0.90 364.02
5120 20.37 246.79 123.89 1.60 374.62
5121 20.59 269.41 31.27 2.10 374.11
5122 20.94 341.53 47.56 1.60 372.70
5123 21.78 553.61 266.59 1.80 359.12
5124 22.20 497.89 135.39 1.60 363.80
5125 22.43 478.49 112.29 1.60 366.02
5126 22.36 374.92 32.39 2.10 372.89
5127 22.14 316.26 22.82 2.50 370.67
5128 22.02 346.26 117.42 4.10 362.43
5129 21.75 289.75 129.00 4.10 362.86
5130 21.32 218.16 287.77 5.70 356.30
5131 20.63 80.67 78.52 5.90 361.72
5132 19.85 8.32 0.00 5.20 361.03
5133 19.37 0.00 0.00 4.20 365.80
5134 18.89 0.00 0.00 5.20 365.92
5135 18.41 0.00 0.00 3.90 368.51
5136 17.93 0.00 0.00 3.10 366.53
5137 18.22 0.00 0.00 3.10 368.35
5138 18.46 0.00 0.00 2.30 378.26
5139 18.69 0.00 0.00 2.30 382.32
5140 18.86 0.00 0.00 0.90 385.64
5141 18.93 1.33 0.00 0.70 384.89
5142 19.11 9.94 0.00 1.50 386.93
5143 19.09 27.32 0.00 1.00 388.92
5144 19.56 44.58 0.00 2.10 391.35
5145 20.17 73.94 0.00 2.30 390.29
5146 20.55 97.99 0.00 2.50 391.86
5147 20.89 121.38 0.00 3.10 393.07
5148 21.20 126.41 0.00 3.30 395.09
5149 21.42 127.67 0.00 2.50 396.42
5150 21.54 109.91 0.00 2.60 398.00
5151 21.39 95.33 0.00 3.10 400.77
5152 21.52 80.54 0.00 2.80 398.24
5153 21.51 64.57 0.00 1.40 398.04
5154 21.39 39.44 0.00 1.50 398.19
5155 21.09 17.60 0.00 2.30 397.43
5156 20.91 3.00 0.00 2.30 394.35
5157 19.31 0.00 0.00 2.30 389.09
5158 19.78 0.00 0.00 2.60 386.91
5159 19.82 0.00 0.00 2.80 385.25
5160 19.81 0.00 0.00 3.30 379.96
5161 18.59 0.00 0.00 3.10 374.10
5162 17.17 0.00 0.00 2.60 363.88
5163 16.40 0.00 0.00 2.80 357.53
5164 15.62 0.00 0.00 3.70 351.24
5165 15.06 7.11 0.00 3.70 346.25
5166 16.27 69.72 160.19 2.60 351.36
5167 16.97 156.49 106.29 2.10 350.78
5168 17.67 242.27 92.32 1.50 354.14
5169 18.60 375.73 196.66 1.40 354.37
5170 19.40 453.43 179.79 1.50 358.59
5171 20.24 564.82 281.24 2.30 343.89
5172 20.93 608.35 291.72 2.60 336.46
5173 21.62 692.61 482.81 2.60 333.56
5174 22.00 635.19 428.75 3.90 336.27
5175 22.15 569.15 376.47 3.10 339.61
5176 22.33 610.48 761.76 3.30 327.69
5177 22.19 450.66 769.04 4.70 333.35
5178 21.63 279.86 626.25 4.10 337.32
5179 20.77 124.12 410.95 3.70 341.82
5180 19.77 21.17 35.75 3.10 341.20
5181 18.72 0.00 0.00 3.10 346.77
5182 17.66 0.00 0.00 3.70 343.19
5183 16.60 0.00 0.00 3.50 342.93
5184 15.54 0.00 0.00 3.90 340.00
5185 15.20 0.00 0.00 5.90 337.00
5186 14.80 0.00 0.00 5.90 336.41
5187 14.56 0.00 0.00 6.20 336.44
5188 14.32 0.00 0.00 6.50 337.75
5189 14.14 5.61 0.00 8.21 338.95
5190 16.02 95.11 434.06 6.10 340.77
5191 17.60 256.17 614.04 5.70 335.46
5192 18.80 360.73 477.35 4.40 341.39
5193 19.00 291.27 80.55 5.20 345.41
5194 19.89 484.41 250.14 4.70 337.28
5195 20.99 639.71 438.50 3.10 335.44
5196 21.18 441.44 86.73 3.50 346.85
5197 21.16 387.57 31.38 3.50 349.60
5198 20.99 327.73 20.04 3.70 349.79
5199 20.94 376.60 80.31 3.90 343.28
5200 21.06 464.42 343.62 4.40 331.68
5201 20.60 243.86 92.68 3.70 342.82
5202 19.75 73.85 0.00 3.70 356.33
5203 18.86 9.55 0.00 2.60 365.65
5204 18.05 3.56 0.00 3.30 360.99
5205 17.31 0.00 0.00 3.50 362.58
5206 16.57 0.00 0.00 3.30 358.88
5207 15.83 0.00 0.00 4.70 356.15
5208 15.08 0.00 0.00 5.20 355.72
5209 14.74 0.00 0.00 5.40 355.45
5210 14.39 0.00 0.00 4.20 353.52
5211 14.22 0.00 0.00 5.40 348.60
5212 14.05 0.00 0.00 4.90 347.49
5213 13.93 4.02 0.00 5.70 341.10
5214 14.61 36.00 0.00 4.90 340.12
5215 15.52 131.13 72.75 4.10 334.25
5216 15.63 101.21 0.00 4.70 346.16
5217 15.67 97.01 0.00 4.40 349.53
5218 16.97 433.17 174.83 2.30 334.45
5219 18.13 526.69 254.97 2.80 332.97
5220 20.00 904.31 800.60 2.20 318.77
5221 20.93 711.16 515.06 1.50 331.51
5222 21.51 642.60 438.78 1.80 335.24
5223 21.57 429.43 147.25 1.80 345.14
5224 21.04 222.84 14.25 1.60 359.17
5225 20.31 116.32 0.00 2.10 361.64
5226 19.60 77.74 0.00 2.60 360.58
5227 18.83 9.33 0.00 2.60 370.72
5228 18.16 8.92 0.00 3.70 371.79
5229 17.87 0.00 0.00 2.80 374.04
5230 17.59 0.00 0.00 3.70 373.69
5231 17.30 0.00 0.00 4.40 372.66
5232 17.02 0.00 0.00 5.40 369.28
5233 16.74 0.00 0.00 4.90 364.36
5234 16.27 0.00 0.00 5.40 366.10
5235 16.22 0.00 0.00 4.40 364.62
5236 16.10 0.00 0.00 3.50 368.44
5237 15.98 1.93 0.00 3.30 368.41
5238 16.57 35.95 0.00 3.50 366.40
5239 17.05 77.93 0.00 2.60 368.34
5240 17.39 211.30 67.05 2.20 358.65
5241 18.87 279.57 33.27 3.70 363.86
5242 19.28 243.36 12.32 3.10 373.08
5243 19.24 165.84 1.57 4.10 380.01
5244 19.43 243.85 2.68 5.40 362.56
5245 19.43 194.24 1.23 5.70 362.45
5246 19.38 172.24 0.88 4.40 362.46
5247 19.52 262.09 11.49 2.80 355.50
5248 19.55 221.40 10.26 3.90 355.55
5249 19.37 139.78 0.00 2.80 358.14
5250 18.72 59.51 0.00 3.90 375.99
5251 18.64 44.22 0.00 3.90 373.64
5252 18.23 4.08 0.00 3.30 369.23
5253 17.41 0.00 0.00 1.90 362.50
5254 16.60 0.00 0.00 2.50 355.85
5255 15.79 0.00 0.00 3.10 349.27
5256 14.98 0.00 0.00 3.70 342.76
5257 14.33 0.00 0.00 3.90 337.28
5258 13.60 0.00 0.00 3.70 331.35
5259 13.19 0.00 0.00 2.60 327.24
5260 12.78 0.00 0.00 2.80 323.17
5261 12.47 4.66 0.00 4.10 315.80
5262 14.24 87.65 423.49 3.70 318.83
5263 15.72 236.44 672.98 3.30 314.75
5264 17.29 398.08 799.05 4.90 315.27
5265 18.84 552.15 856.89 5.20 309.58
5266 20.28 679.69 875.10 6.10 310.43
5267 21.52 769.44 874.59 7.00 310.17
5268 22.55 824.82 887.86 8.21 310.61
5269 23.32 832.16 893.96 7.61 314.22
5270 23.80 789.37 890.09 4.90 308.72
5271 23.98 703.42 881.42 4.70 310.35
5272 23.87 581.40 864.15 4.70 310.86
5273 23.31 430.27 813.14 3.70 311.54
5274 22.37 267.74 700.50 4.90 316.34
5275 21.17 114.56 483.21 4.70 317.20
5276 19.86 11.82 0.00 3.10 313.83
5277 18.59 0.00 0.00 3.30 317.12
5278 17.32 0.00 0.00 1.90 317.77
5279 16.05 0.00 0.00 1.80 317.32
5280 14.78 0.00 0.00 1.50 315.42
5281 14.02 0.00 0.00 2.50 318.24
5282 13.12 0.00 0.00 1.80 313.93
5283 12.60 0.00 0.00 3.50 309.90
5284 12.08 0.00 0.00 3.90 310.54
5285 11.69 4.00 0.00 3.30 309.22
5286 13.30 90.88 490.05 3.10 311.40
5287 14.68 247.26 734.22 3.90 309.60
5288 16.16 420.19 860.90 3.30 306.19
5289 17.62 584.83 925.13 3.70 302.30
5290 18.98 722.22 955.01 3.50 303.77
5291 20.15 820.84 969.45 5.40 303.82
5292 21.10 873.92 974.20 6.50 306.47
5293 21.78 877.15 972.87 6.10 304.74
5294 22.18 831.85 967.55 6.50 301.38
5295 22.30 738.26 951.85 7.00 302.99
5296 22.12 607.32 924.78 6.50 303.15
5297 21.51 446.45 868.60 7.00 305.93
5298 20.53 273.44 741.67 6.50 305.18
5299 19.30 113.67 502.79 6.50 307.25
5300 17.99 10.19 0.00 7.61 305.31
5301 16.78 0.00 0.00 5.90 306.02
5302 15.57 0.00 0.00 7.61 306.97
5303 14.36 0.00 0.00 6.20 304.49
5304 13.15 0.00 0.00 7.00 306.03
5305 12.71 0.00 0.00 8.71 306.85
5306 12.15 0.00 0.00 7.00 307.35
5307 11.80 0.00 0.00 6.50 303.87
5308 11.45 0.00 0.00 8.71 309.01
5309 11.18 3.19 0.00 6.50 306.43
5310 12.46 70.28 212.65 4.90 309.01
5311 13.42 179.84 349.97 4.90 312.28
5312 14.47 301.51 352.57 4.40 310.44
5313 15.93 500.07 595.14 5.20 302.28
5314 16.78 507.85 312.51 4.40 309.07
5315 17.65 611.12 409.99 4.40 310.95
5316 18.32 640.65 384.81 4.40 313.57
5317 18.99 720.33 578.47 4.20 307.83
5318 19.55 749.26 737.07 5.40 300.82
5319 19.76 647.13 665.41 4.20 301.64
5320 19.80 582.32 801.50 5.20 298.58
5321 19.62 486.13 895.85 4.20 296.81
5322 18.97 299.85 777.95 4.90 303.93
5323 17.97 125.18 593.14 3.70 310.70
5324 17.14 12.81 0.00 3.10 310.74
5325 16.31 0.00 0.00 3.30 317.91
5326 15.49 0.00 0.00 2.50 317.76
5327 14.66 0.00 0.00 2.20 316.57
5328 13.83 0.00 0.00 2.60 316.07
5329 13.73 0.00 0.00 3.30 318.22
5330 13.62 0.00 0.00 2.60 322.21
5331 13.56 0.00 0.00 3.10 322.15
5332 13.49 0.00 0.00 3.10 323.24
5333 13.45 2.14 0.00 2.80 332.94
5334 14.58 47.53 67.21 3.10 339.13
5335 15.07 89.72 0.00 3.30 346.77
5336 16.16 205.02 67.70 2.80 340.60
5337 17.58 351.90 162.66 2.60 333.56
5338 18.05 274.77 22.19 2.30 343.72
5339 18.52 313.62 23.12 1.80 347.01
5340 18.34 164.57 1.74 2.80 354.97
5341 18.34 214.04 8.43 2.50 355.57
5342 19.77 746.18 662.74 1.80 323.90
5343 20.73 671.59 720.69 2.10 324.21
5344 21.05 456.68 394.85 2.20 332.91
5345 21.08 342.46 396.77 2.60 332.03
5346 20.96 290.09 648.82 2.60 321.59
5347 20.35 118.97 589.00 2.20 327.89
5348 19.38 11.06 0.00 4.70 326.25
5349 18.42 0.00 0.00 4.90 329.33
5350 17.45 0.00 0.00 4.70 327.06
5351 16.48 0.00 0.00 3.70 327.59
5352 15.51 0.00 0.00 3.70 324.56
5353 14.62 0.00 0.00 2.50 324.54
5354 13.68 0.00 0.00 2.80 323.35
5355 13.19 0.00 0.00 2.60 321.62
5356 12.69 0.00 0.00 2.10 318.03
5357 12.35 1.87 0.00 2.20 316.63
5358 13.39 79.90 445.09 3.10 322.16
5359 14.57 259.68 741.40 2.30 313.01
5360 15.79 449.28 873.75 2.80 311.94
5361 17.01 633.19 939.57 3.90 309.84
5362 18.13 785.84 810.77 4.40 311.14
5363 18.35 558.45 278.39 4.10 334.98
5364 18.64 631.87 364.81 4.20 334.43
5365 19.09 778.86 597.73 4.90 325.58
5366 18.41 272.54 36.11 5.90 355.87
5367 17.36 59.40 0.00 5.20 371.55
5368 16.47 48.80 0.00 5.40 364.97
5369 15.69 35.85 0.00 4.90 363.77
5370 15.00 21.83 0.00 3.90 361.65
5371 14.40 18.04 0.00 4.40 356.80
5372 14.26 7.09 0.00 2.20 355.72
5373 14.11 0.00 0.00 2.10 357.70
5374 13.96 0.00 0.00 2.10 359.46
5375 13.82 0.00 0.00 1.40 358.92
5376 13.67 0.00 0.00 2.20 358.20
5377 13.40 0.00 0.00 1.80 358.42
5378 13.64 0.00 0.00 1.20 359.24
5379 13.86 0.00 0.00 1.60 359.02
5380 13.99 0.00 0.00 1.90 360.10
5381 14.00 0.68 0.00 2.50 358.59
5382 14.66 28.12 0.00 3.30 362.80
5383 15.11 68.58 0.00 3.10 363.24
5384 16.02 170.81 22.97 2.60 357.51
5385 16.67 210.03 9.63 1.80 363.26
5386 17.22 238.37 8.94 1.00 362.65
5387 17.73 278.47 11.04 0.40 363.07
5388 18.30 346.54 26.89 0.50 361.56
5389 18.22 173.51 2.30 0.70 372.45
5390 18.08 154.56 0.80 1.90 371.66
5391 18.04 175.26 0.97 2.10 366.60
5392 18.00 182.67 3.64 2.50 367.60
5393 17.80 123.78 0.00 2.50 368.91
5394 17.45 39.70 0.00 2.20 372.51
5395 17.03 14.19 0.00 2.10 375.90
5396 16.66 1.36 0.00 1.80 370.03
5397 15.43 0.00 0.00 1.60 370.21
5398 15.79 0.00 0.00 1.20 366.79
5399 15.37 0.00 0.00 1.50 365.20
5400 15.07 0.00 0.00 1.00 360.40
5401 14.78 0.00 0.00 1.80 364.99
5402 14.37 0.00 0.00 2.50 361.77
5403 14.03 0.00 0.00 2.20 354.51
5404 13.95 0.00 0.00 2.80 359.51
5405 13.80 0.52 0.00 2.30 359.25
5406 14.12 19.09 0.00 2.30 356.43
5407 14.95 112.19 55.78 1.90 344.43
5408 16.27 287.20 307.69 1.50 339.03
5409 17.17 344.18 160.74 1.80 333.09
5410 17.76 358.36 83.35 1.60 335.47
5411 18.41 444.89 116.47 1.10 335.60
5412 18.94 476.25 136.93 0.90 336.02
5413 19.61 596.13 284.14 0.50 331.22
5414 19.49 300.40 31.24 0.40 343.66
5415 19.18 232.10 7.37 0.20 346.17
5416 18.84 202.00 7.51 1.10 347.98
5417 18.36 125.78 0.00 1.60 352.74
5418 17.80 64.80 0.00 3.50 351.40
5419 17.20 8.77 0.00 2.80 362.26
5420 16.66 3.48 0.00 1.40 362.13
5421 16.13 0.00 0.00 2.10 362.03
5422 15.59 0.00 0.00 1.90 358.76
5423 15.05 0.00 0.00 1.50 359.10
5424 14.52 0.00 0.00 1.20 356.64
5425 14.09 0.00 0.00 0.90 352.07
5426 13.61 0.00 0.00 1.20 347.11
5427 13.35 0.00 0.00 1.40 345.41
5428 13.08 0.00 0.00 1.50 342.05
5429 12.89 0.76 0.00 0.70 340.42
5430 13.80 49.18 116.92 0.70 341.55
5431 15.53 231.59 529.39 1.20 325.82
5432 16.35 274.50 252.64 1.00 333.71
5433 16.18 160.74 22.87 1.50 349.15
5434 17.52 535.46 390.67 0.90 325.20
5435 18.42 540.05 271.70 1.00 331.03
5436 19.12 566.95 268.43 0.70 333.38
5437 19.71 600.78 311.74 0.80 332.41
5438 20.41 716.71 662.36 1.00 327.20
5439 20.62 538.91 381.86 1.90 334.62
5440 20.41 370.15 203.21 2.80 340.54
5441 19.63 151.37 8.75 2.80 353.88
5442 18.74 65.76 0.00 4.90 354.71
5443 17.87 21.94 0.00 2.80 352.89
5444 17.47 2.84 0.00 1.50 350.31
5445 17.08 0.00 0.00 1.50 356.23
5446 16.68 0.00 0.00 1.50 356.73
5447 16.29 0.00 0.00 1.10 356.66
5448 15.89 0.00 0.00 0.50 359.24
5449 15.77 0.00 0.00 0.70 357.87
5450 15.51 0.00 0.00 0.80 362.99
5451 15.16 0.00 0.00 1.20 366.70
5452 15.53 0.00 0.00 1.50 368.66
5453 15.52 0.00 0.00 1.40 371.17
5454 15.75 8.39 0.00 2.50 373.92
5455 15.92 21.62 0.00 3.90 367.02
5456 16.21 51.23 0.00 4.10 366.68
5457 16.32 43.75 0.00 3.70 369.64
5458 16.90 154.92 0.00 4.90 365.23
5459 17.41 187.28 1.65 5.70 367.36
5460 18.03 262.28 9.43 6.20 354.40
5461 18.50 290.45 12.82 5.90 367.28
5462 19.17 354.65 29.64 4.70 352.28
5463 19.56 316.61 30.93 4.70 353.73
5464 19.93 339.15 134.84 5.40 347.05
5465 20.23 334.24 403.84 4.70 341.09
5466 20.06 134.14 84.22 4.20 352.52
5467 19.69 53.71 58.46 3.50 354.67
5468 19.23 1.80 0.00 3.90 354.68
5469 18.77 0.00 0.00 4.70 357.34
5470 18.32 0.00 0.00 4.40 357.05
5471 17.86 0.00 0.00 4.90 357.96
5472 17.40 0.00 0.00 5.20 355.13
5473 16.87 0.00 0.00 4.70 354.71
5474 16.33 0.00 0.00 5.90 351.18
5475 16.06 0.00 0.00 6.50 346.78
5476 15.79 0.00 0.00 6.10 349.03
5477 15.60 0.00 0.00 7.61 346.87
5478 16.46 54.14 258.94 7.61 346.70
5479 17.45 178.22 456.93 8.71 339.56
5480 18.53 318.87 472.26 7.61 341.36
5481 19.00 303.35 117.11 10.11 349.41
5482 19.88 488.85 310.52 9.71 341.32
5483 20.62 549.16 285.43 9.31 344.55
5484 20.86 423.34 98.19 7.00 353.69
5485 21.51 658.15 418.55 7.61 337.89
5486 20.60 73.74 0.00 7.00 371.27
5487 20.14 173.35 2.34 7.00 361.88
5488 19.45 45.82 0.00 6.50 370.39
5489 19.34 249.69 172.34 7.61 341.37
5490 18.89 95.55 13.68 7.61 365.62
5491 18.53 83.27 238.10 6.20 334.09
5492 17.96 2.54 0.00 4.70 331.92
5493 17.39 0.00 0.00 5.70 330.03
5494 16.82 0.00 0.00 4.40 326.40
5495 16.25 0.00 0.00 4.10 324.68
5496 15.68 0.00 0.00 2.80 327.95
5497 15.14 0.00 0.00 1.90 330.95
5498 14.52 0.00 0.00 2.50 332.63
5499 14.17 0.00 0.00 2.60 328.61
5500 13.82 0.00 0.00 3.50 326.88
5501 13.56 0.00 0.00 3.50 328.93
5502 14.61 55.97 229.15 4.90 332.11
5503 15.85 185.27 481.50 5.70 328.13
5504 17.31 347.78 661.15 5.40 322.11
5505 18.81 508.26 778.73 7.00 318.65
5506 20.24 645.28 854.91 8.71 322.27
5507 21.50 744.98 820.49 12.31 322.64
5508 22.24 698.03 581.56 8.71 328.76
5509 22.51 592.94 324.17 8.21 339.22
5510 22.56 530.59 251.25 5.20 343.52
5511 21.93 322.93 75.06 4.90 356.05
5512 21.86 466.11 469.59 4.40 338.75
5513 21.52 375.23 688.16 5.20 337.27
5514 20.78 211.13 521.72 4.20 344.11
5515 19.79 73.11 283.33 4.10 346.88
5516 19.08 3.14 0.00 4.90 344.99
5517 18.38 0.00 0.00 4.90 347.04
5518 17.67 0.00 0.00 6.10 341.23
5519 16.97 0.00 0.00 4.70 341.69
5520 16.26 0.00 0.00 5.90 339.37
5521 16.04 0.00 0.00 8.71 334.77
5522 15.79 0.00 0.00 10.91 335.41
5523 15.65 0.00 0.00 9.71 337.56
5524 15.52 0.00 0.00 7.00 337.26
5525 15.42 0.00 0.00 7.61 342.87
5526 16.15 41.05 143.25 7.00 346.54
5527 17.39 178.95 396.99 6.20 348.42
5528 18.29 261.92 263.03 5.70 354.27
5529 19.43 416.61 391.92 4.10 344.58
5530 20.25 454.29 236.72 5.20 351.02
5531 21.09 553.84 332.75 4.40 348.37
5532 21.87 625.62 396.65 3.10 348.83
5533 21.88 374.56 67.96 4.40 367.39
5534 21.96 411.63 94.42 3.90 364.83
5535 21.61 264.33 20.05 4.70 373.65
5536 20.87 100.75 0.00 4.10 384.69
5537 20.24 101.23 0.00 4.70 376.54
5538 19.57 44.16 0.00 5.70 375.19
5539 18.92 8.82 0.00 6.50 376.71
5540 18.65 0.58 0.00 4.70 375.37
5541 18.38 0.00 0.00 4.20 369.95
5542 18.11 0.00 0.00 4.90 367.37
5543 17.84 0.00 0.00 5.20 362.61
5544 17.57 0.00 0.00 7.00 359.02
5545 17.42 0.00 0.00 5.70 356.63
5546 17.28 0.00 0.00 5.20 354.86
5547 17.23 0.00 0.00 4.40 352.26
5548 17.17 0.00 0.00 2.80 355.71
5549 17.13 0.00 0.00 3.70 353.05
5550 18.03 50.53 190.56 4.70 352.42
5551 19.19 181.02 423.01 4.90 354.43
5552 20.36 314.47 493.85 3.90 353.98
5553 21.10 347.67 216.64 2.80 356.29
5554 20.95 175.75 8.77 2.60 374.80
5555 21.93 544.89 275.44 3.10 350.00
5556 22.35 430.16 111.38 3.30 360.88
5557 21.53 65.85 0.00 3.30 386.28
5558 21.53 258.06 12.17 2.20 372.46
5559 21.14 152.25 0.00 3.50 390.70
5560 20.69 59.35 0.00 2.80 394.51
5561 20.09 98.93 0.00 1.90 387.26
5562 20.27 157.19 210.21 1.40 366.55
5563 19.93 51.29 179.53 0.40 370.05
5564 19.39 0.81 0.00 1.10 356.27
5565 18.85 0.00 0.00 1.10 350.68
5566 18.31 0.00 0.00 0.60 350.11
5567 17.77 0.00 0.00 0.20 344.00
5568 17.22 0.00 0.00 0.70 340.39
5569 16.47 0.00 0.00 0.70 342.76
5570 15.62 0.00 0.00 0.90 337.97
5571 15.14 0.00 0.00 0.70 334.74
5572 14.67 0.00 0.00 1.10 328.31
5573 14.32 0.00 0.00 1.10 324.47
5574 15.13 45.39 187.06 1.50 324.75
5575 16.23 165.13 440.43 1.50 327.19
5576 17.58 321.64 609.13 1.20 322.77
5577 18.97 473.11 702.09 1.20 319.30
5578 20.29 606.09 770.32 1.80 319.73
5579 21.45 699.21 788.07 1.60 320.22
5580 22.40 750.37 798.72 1.20 323.48
5581 23.10 755.11 804.84 2.10 323.26
5582 23.55 722.48 837.85 2.30 323.16
5583 23.71 632.18 817.66 2.60 330.14
5584 23.56 502.63 768.04 4.20 332.34
5585 23.00 351.24 682.03 4.10 334.29
5586 22.09 192.56 510.71 2.50 342.58
5587 20.98 62.96 249.52 2.30 348.49
5588 20.34 0.00 0.00 1.90 348.89
5589 19.71 0.00 0.00 2.20 346.23
5590 19.07 0.00 0.00 0.80 342.32
5591 18.44 0.00 0.00 0.50 345.67
5592 17.80 0.00 0.00 0.20 345.98
5593 17.72 0.00 0.00 0.30 345.30
5594 17.62 0.00 0.00 1.10 344.61
5595 17.57 0.00 0.00 0.70 343.18
5596 17.52 0.00 0.00 0.70 345.68
5597 17.48 0.00 0.00 0.30 350.76
5598 18.31 37.60 148.09 0.30 349.28
5599 19.54 149.57 314.71 0.10 352.75
5600 20.62 240.85 200.14 0.30 358.00
5601 21.33 271.01 76.37 1.00 361.77
5602 22.46 431.90 227.13 1.20 357.67
5603 23.29 453.97 158.00 0.40 362.20
5604 24.41 617.58 351.65 0.70 355.26
5605 24.61 392.15 87.43 0.50 366.52
5606 24.99 481.69 190.20 0.30 359.54
5607 25.48 565.42 519.13 1.10 351.77
5608 25.48 367.40 223.80 1.20 362.30
5609 25.11 250.00 150.92 0.90 361.49
5610 24.44 128.63 133.23 1.50 366.70
5611 23.69 62.22 202.06 2.10 356.29
5612 22.74 0.00 0.00 1.20 354.42
5613 21.79 0.00 0.00 1.90 351.44
5614 20.83 0.00 0.00 1.90 349.64
5615 19.88 0.00 0.00 1.50 347.55
5616 18.93 0.00 0.00 2.10 343.91
5617 18.02 0.00 0.00 3.10 343.21
5618 17.01 0.00 0.00 4.10 338.42
5619 16.46 0.00 0.00 3.10 336.12
5620 15.90 0.00 0.00 3.10 331.04
5621 15.49 0.00 0.00 3.30 325.73
5622 16.06 36.88 133.80 3.50 326.15
5623 17.02 154.67 367.97 3.90 330.84
5624 18.45 349.42 658.68 4.40 324.13
5625 19.93 530.76 811.32 5.40 322.83
5626 20.96 578.82 614.02 6.50 330.91
5627 21.53 555.80 351.58 4.40 339.36
5628 22.07 614.16 395.84 4.90 340.71
5629 22.46 622.62 396.00 5.90 342.56
5630 22.30 415.26 108.17 7.61 353.92
5631 21.86 316.93 50.00 10.91 356.04
5632 21.62 370.46 258.97 10.41 345.46
5633 21.15 269.82 323.14 8.71 345.41
5634 20.46 157.68 305.03 6.10 348.18
5635 19.65 59.03 216.70 4.20 345.32
5636 19.11 0.00 0.00 5.90 347.89
5637 18.58 0.00 0.00 6.50 348.29
5638 18.05 0.00 0.00 7.61 351.62
5639 17.52 0.00 0.00 7.61 348.32
5640 16.98 0.00 0.00 9.71 349.30
5641 17.04 0.00 0.00 12.31 347.03
5642 17.05 0.00 0.00 8.71 350.03
5643 17.03 0.00 0.00 8.21 355.13
5644 17.02 0.00 0.00 9.31 355.33
5645 16.99 0.00 0.00 7.61 357.21
5646 17.46 20.47 0.00 7.00 367.73
5647 17.73 45.42 0.00 7.00 370.16
5648 18.91 182.12 76.41 6.50 364.82
5649 19.67 208.27 18.56 5.40 366.74
5650 20.85 356.89 112.74 4.20 362.32
5651 21.24 268.09 25.00 5.90 372.30
5652 20.78 63.45 0.00 4.90 388.53
5653 20.67 141.06 0.00 4.40 384.31
5654 21.03 323.74 51.96 5.70 378.61
5655 21.70 443.29 258.61 6.10 361.74
5656 21.54 252.25 60.75 6.20 383.63
5657 21.89 288.63 348.05 6.20 362.95
5658 21.84 213.50 502.34 7.00 356.91
5659 21.33 61.75 411.32 6.50 356.63
5660 21.29 0.00 0.00 5.40 361.18
5661 21.25 0.00 0.00 4.70 364.75
5662 21.21 0.00 0.00 3.50 365.46
5663 21.17 0.00 0.00 3.50 367.32
5664 21.13 0.00 0.00 3.30 368.94
5665 21.32 0.00 0.00 3.50 371.92
5666 21.53 0.00 0.00 3.30 377.74
5667 21.65 0.00 0.00 2.60 379.33
5668 21.77 0.00 0.00 2.60 376.62
5669 21.86 0.00 0.00 3.50 375.02
5670 22.39 23.27 0.00 3.10 375.84
5671 23.58 131.81 244.68 3.30 381.40
5672 24.87 253.69 330.98 4.10 377.17
5673 25.93 328.03 180.86 3.30 376.89
5674 26.43 294.87 41.90 3.10 383.35
5675 26.59 244.70 10.99 3.70 390.41
5676 26.87 311.46 22.52 2.20 402.05
5677 26.32 139.50 0.00 1.80 419.92
5678 27.00 374.65 78.97 1.10 402.65
5679 27.46 385.58 155.79 0.90 391.10
5680 27.04 113.43 0.00 0.50 395.95
5681 26.49 50.53 0.00 0.40 395.81
5682 26.06 61.76 0.00 0.30 390.87
5683 25.58 15.69 0.00 0.40 390.11
5684 24.99 0.00 0.00 1.00 389.59
5685 24.40 0.00 0.00 1.00 385.96
5686 23.81 0.00 0.00 0.90 379.36
5687 23.22 0.00 0.00 1.00 373.83
5688 22.63 0.00 0.00 1.90 370.29
5689 21.38 0.00 0.00 1.10 369.94
5690 20.03 0.00 0.00 1.40 367.76
5691 19.30 0.00 0.00 1.50 362.17
5692 18.57 0.00 0.00 2.50 356.19
5693 18.04 0.00 0.00 2.30 348.49
5694 18.52 32.33 120.46 2.80 343.38
5695 19.58 162.22 521.38 3.50 346.63
5696 20.81 319.45 689.94 2.80 341.14
5697 22.07 474.20 789.07 2.60 335.68
5698 23.25 602.26 822.51 3.10 337.20
5699 24.28 697.80 845.73 2.50 342.30
5700 25.11 745.78 846.96 2.30 344.46
5701 25.71 743.46 833.85 3.90 346.18
5702 26.04 692.18 809.20 2.20 347.92
5703 26.12 602.80 793.57 2.80 346.96
5704 25.92 472.87 739.34 2.10 348.88
5705 25.34 322.62 644.03 2.50 353.62
5706 24.48 168.58 491.13 1.60 356.71
5707 23.43 37.71 170.39 1.60 352.95
5708 22.42 0.00 0.00 1.90 356.15
5709 21.40 0.00 0.00 1.40 356.92
5710 20.38 0.00 0.00 1.40 356.87
5711 19.37 0.00 0.00 2.20 354.47
5712 18.35 0.00 0.00 1.90 348.45
5713 17.94 0.00 0.00 2.20 343.53
5714 17.42 0.00 0.00 1.80 344.87
5715 17.11 0.00 0.00 1.60 344.00
5716 16.79 0.00 0.00 1.50 340.57
5717 16.54 0.00 0.00 0.80 342.90
5718 17.16 31.15 86.12 0.70 345.19
5719 18.82 183.34 668.71 0.70 347.34
5720 20.67 360.35 831.66 0.60 345.03
5721 22.52 530.06 919.52 0.70 341.96
5722 24.25 672.15 959.37 0.50 342.20
5723 25.76 772.30 978.56 0.70 343.98
5724 26.98 824.16 986.39 0.20 345.32
5725 27.86 825.41 986.33 0.10 340.82
5726 28.39 771.90 976.31 0.10 343.54
5727 28.55 670.78 955.41 0.40 342.37
5728 28.31 528.35 913.83 0.70 344.82
5729 27.54 361.15 826.79 0.90 347.64
5730 26.35 188.16 656.29 1.40 348.65
5731 24.87 34.66 98.79 0.60 348.33
5732 23.84 0.00 0.00 0.60 353.67
5733 22.81 0.00 0.00 0.90 351.50
5734 21.78 0.00 0.00 1.10 349.60
5735 20.75 0.00 0.00 1.40 347.98
5736 19.72 0.00 0.00 0.70 350.99
5737 19.32 0.00 0.00 0.60 355.66
5738 18.88 0.00 0.00 0.20 353.53
5739 18.65 0.00 0.00 0.10 356.32
5740 18.42 0.00 0.00 0.00 355.83
5741 18.26 0.00 0.00 0.10 356.42
5742 18.65 19.51 0.00 0.30 354.95
5743 19.47 99.41 102.80 0.70 357.89
5744 19.72 98.08 0.00 1.20 370.41
5745 19.51 37.85 0.00 1.20 377.39
5746 19.89 158.10 0.00 1.80 366.51
5747 21.05 418.31 138.43 1.00 355.84
5748 21.51 298.87 32.81 2.10 366.85
5749 22.31 470.04 155.87 2.80 358.99
5750 22.96 486.81 231.27 5.20 357.22
5751 23.66 572.78 586.98 5.70 345.46
5752 23.75 329.19 208.00 4.40 358.71
5753 23.78 302.56 482.45 2.60 353.86
5754 23.52 190.97 548.83 3.10 351.93
5755 22.91 41.74 254.30 2.50 356.69
5756 22.41 0.00 0.00 2.20 359.15
5757 21.90 0.00 0.00 3.30 356.63
5758 21.40 0.00 0.00 3.70 360.10
5759 20.90 0.00 0.00 3.50 363.01
5760 20.39 0.00 0.00 3.10 363.04
5761 20.04 0.00 0.00 2.50 362.43
5762 19.68 0.00 0.00 2.60 364.01
5763 19.50 0.00 0.00 3.90 366.28
5764 19.31 0.00 0.00 3.90 367.57
5765 19.19 0.00 0.00 4.20 372.47
5766 19.39 10.69 0.00 3.50 377.50
5767 19.03 33.78 0.00 4.20 387.52
5768 19.54 29.02 0.00 2.80 388.98
5769 19.66 70.33 0.00 3.30 389.88
5770 20.00 78.33 0.00 2.60 389.26
5771 20.41 159.26 0.22 1.50 386.40
5772 20.58 126.54 0.00 1.10 390.46
5773 21.00 244.76 9.89 1.20 384.62
5774 21.55 345.49 48.69 1.20 364.11
5775 21.98 344.03 98.42 1.20 358.88
5776 22.26 303.16 119.83 1.10 360.11
5777 22.29 184.23 70.40 2.50 362.18
5778 22.13 100.12 72.36 3.70 362.71
5779 21.79 20.01 0.00 3.50 363.36
5780 21.37 0.00 0.00 2.20 361.91
5781 20.88 0.00 0.00 1.90 375.16
5782 20.53 0.00 0.00 1.20 381.06
5783 20.11 0.00 0.00 1.20 379.28
5784 19.69 0.00 0.00 0.90 377.49
5785 19.31 0.00 0.00 1.40 375.98
5786 18.92 0.00 0.00 1.60 374.43
5787 18.72 0.00 0.00 2.10 374.19
5788 18.45 0.00 0.00 2.20 370.27
5789 18.39 0.00 0.00 1.80 373.33
5790 18.64 13.51 0.00 2.10 377.78
5791 19.07 57.52 0.00 2.80 375.78
5792 19.02 30.14 0.00 1.60 380.31
5793 19.96 222.92 48.05 1.20 362.32
5794 20.75 280.24 38.57 1.40 361.42
5795 21.86 458.32 197.49 1.50 355.12
5796 22.77 497.80 206.33 2.10 356.95
5797 23.09 354.37 42.24 2.30 370.16
5798 23.19 290.05 18.29 1.80 374.30
5799 23.33 320.96 82.91 1.90 365.12
5800 23.46 334.90 217.26 1.90 359.35
5801 23.29 205.50 142.34 1.60 362.39
5802 22.81 76.42 12.34 1.20 372.71
5803 22.25 19.11 0.00 1.50 367.56
5804 21.54 0.00 0.00 2.10 368.34
5805 20.84 0.00 0.00 2.50 371.99
5806 20.13 0.00 0.00 3.10 372.42
5807 19.43 0.00 0.00 3.50 369.97
5808 18.72 0.00 0.00 3.30 367.50
5809 18.09 0.00 0.00 2.30 364.07
5810 17.44 0.00 0.00 2.10 358.15
5811 17.09 0.00 0.00 1.60 358.16
5812 16.75 0.00 0.00 1.90 358.59
5813 16.51 0.00 0.00 1.40 357.24
5814 16.90 20.53 0.30 1.10 357.66
5815 17.78 109.72 171.21 0.60 359.43
5816 18.09 113.96 0.00 0.50 373.83
5817 18.79 225.71 26.64 0.70 362.75
5818 19.52 303.39 43.01 0.30 363.19
5819 19.89 270.77 30.04 0.30 368.51
5820 20.81 502.84 231.85 0.20 354.24
5821 22.03 708.93 661.85 0.40 341.58
5822 22.60 545.35 344.46 0.60 350.87
5823 23.18 613.06 764.50 1.40 339.55
5824 23.35 446.97 684.56 1.20 346.42
5825 23.34 364.73 750.57 1.80 336.23
5826 22.86 182.23 668.74 1.60 339.11
5827 22.08 33.81 182.81 2.60 338.15
5828 21.11 0.00 0.00 2.50 340.34
5829 20.13 0.00 0.00 1.80 337.01
5830 19.16 0.00 0.00 1.60 337.49
5831 18.18 0.00 0.00 1.60 334.00
5832 17.21 0.00 0.00 1.50 335.44
5833 16.63 0.00 0.00 1.69 335.82
5834 15.75 0.00 0.00 1.99 336.12
5835 15.27 0.00 0.00 1.69 336.98
5836 14.79 0.00 0.00 1.79 334.03
5837 14.45 0.00 0.00 1.99 332.62
5838 14.88 19.16 0.00 1.00 334.34
5839 15.69 86.19 48.66 0.90 339.13
5840 16.68 174.38 71.80 0.50 340.34
5841 17.35 205.45 23.87 0.70 339.89
5842 18.36 327.93 91.71 1.10 332.13
5843 19.31 394.91 115.37 0.90 333.04
5844 20.66 579.58 367.27 1.79 324.45
5845 21.48 526.91 271.41 1.69 332.00
5846 22.04 506.25 288.29 1.40 331.91
5847 22.57 542.26 592.02 1.79 329.74
5848 22.83 476.24 778.12 1.99 331.97
5849 22.64 316.83 748.92 3.89 337.84
5850 21.97 169.40 645.41 3.59 338.24
5851 20.93 29.55 106.87 2.29 338.16
5852 20.20 0.00 0.00 2.29 340.77
5853 19.48 0.00 0.00 2.29 338.56
5854 18.75 0.00 0.00 1.40 335.28
5855 18.03 0.00 0.00 1.79 334.73
5856 17.30 0.00 0.00 2.29 338.07
5857 16.97 0.00 0.00 2.19 338.58
5858 16.63 0.00 0.00 1.30 341.05
5859 16.45 0.00 0.00 1.69 343.26
5860 16.27 0.00 0.00 1.69 347.23
5861 16.14 0.00 0.00 1.20 353.31
5862 16.59 17.96 0.00 1.20 356.17
5863 17.05 54.30 0.00 1.69 359.19
5864 18.79 238.98 303.22 1.30 343.80
5865 21.03 451.18 681.29 1.69 335.87
5866 23.03 577.05 805.80 1.79 339.35
5867 24.57 629.06 625.41 1.99 341.70
5868 24.99 443.44 141.56 2.79 355.24
5869 25.14 395.33 88.82 1.69 358.78
5870 25.59 513.22 311.83 1.40 347.52
5871 25.70 416.19 239.05 2.19 350.81
5872 25.33 287.33 116.97 1.50 358.78
5873 24.57 162.04 62.79 1.99 367.63
5874 23.53 49.01 0.00 0.60 373.63
5875 22.53 11.65 0.00 1.00 369.74
5876 21.56 0.00 0.00 1.00 374.84
5877 20.59 0.00 0.00 0.90 369.65
5878 19.62 0.00 0.00 1.50 366.31
5879 18.65 0.00 0.00 1.10 362.51
5880 17.69 0.00 0.00 1.40 360.15
5881 16.80 0.00 0.00 1.30 360.16
5882 15.86 0.00 0.00 1.99 357.07
5883 15.36 0.00 0.00 1.69 353.15
5884 14.86 0.00 0.00 1.20 349.28
5885 14.50 0.00 0.00 1.20 349.21
5886 14.85 17.91 0.00 1.00 349.18
5887 15.06 42.49 0.00 0.40 348.52
5888 17.13 309.91 510.05 0.90 323.02
5889 17.76 244.93 86.94 1.69 337.65
5890 19.96 651.81 627.69 3.39 312.24
5891 20.58 433.18 185.58 3.19 331.35
5892 20.48 270.01 15.49 3.89 346.70
5893 20.38 270.28 15.55 2.79 346.34
5894 20.59 387.54 113.05 3.89 335.55
5895 20.66 348.25 127.30 1.79 334.17
5896 20.46 258.56 105.86 2.19 332.88
5897 19.55 30.75 0.00 2.59 357.51
5898 19.10 142.96 325.58 4.68 324.70
5899 18.33 6.28 0.00 4.39 321.78
5900 17.30 0.00 0.00 4.39 318.48
5901 16.26 0.00 0.00 2.89 314.89
5902 15.23 0.00 0.00 2.19 316.94
5903 14.20 0.00 0.00 2.19 313.74
5904 13.16 0.00 0.00 1.99 310.82
5905 12.47 0.00 0.00 1.50 310.51
5906 11.72 0.00 0.00 1.30 309.14
5907 11.30 0.00 0.00 1.79 306.68
5908 10.88 0.00 0.00 2.89 304.58
5909 10.58 0.00 0.00 2.29 303.44
5910 10.98 18.15 0.00 3.39 304.89
5911 12.46 137.17 526.98 3.39 309.61
5912 14.30 296.98 732.06 5.28 305.56
5913 16.21 454.88 840.96 6.38 299.70
5914 17.99 581.22 868.89 7.48 302.39
5915 19.54 672.71 881.14 8.57 303.67
5916 20.81 718.34 881.11 7.08 306.17
5917 21.71 711.12 861.33 5.88 310.69
5918 22.25 658.91 842.38 4.98 314.42
5919 22.40 559.55 799.83 4.19 315.89
5920 22.14 433.75 764.39 3.19 316.32
5921 21.35 281.48 652.70 2.59 321.99
5922 20.14 128.79 470.57 2.29 329.28
5923 18.74 16.26 0.00 1.40 331.65
5924 17.87 0.00 0.00 1.50 337.97
5925 17.01 0.00 0.00 1.99 333.86
5926 16.14 0.00 0.00 2.19 332.42
5927 15.27 0.00 0.00 2.79 330.68
5928 14.40 0.00 0.00 2.79 331.99
5929 13.94 0.00 0.00 2.79 330.14
5930 13.41 0.00 0.00 4.39 329.26
5931 13.12 0.00 0.00 5.48 329.17
5932 12.82 0.00 0.00 4.19 329.71
5933 12.61 0.00 0.00 3.39 333.43
5934 12.97 16.12 0.00 3.19 335.75
5935 14.19 113.51 354.05 3.89 339.54
5936 15.65 236.62 402.00 4.19 341.45
5937 17.11 353.13 390.62 3.89 338.64
5938 18.77 505.59 586.63 4.68 335.25
5939 20.05 548.38 473.05 5.28 337.78
5940 21.06 580.80 451.02 5.88 338.90
5941 21.88 602.06 514.70 5.88 338.91
5942 22.36 557.08 513.97 6.38 336.89
5943 22.65 523.41 594.05 6.38 335.76
5944 22.38 352.97 400.87 5.88 340.86
5945 21.73 243.12 462.90 4.68 338.78
5946 20.66 92.45 175.78 4.98 349.53
5947 19.47 14.14 0.00 4.68 350.57
5948 19.08 0.00 0.00 5.48 354.76
5949 18.68 0.00 0.00 4.19 356.79
5950 18.29 0.00 0.00 4.98 356.74
5951 17.89 0.00 0.00 2.79 358.24
5952 17.50 0.00 0.00 3.59 359.80
5953 17.46 0.00 0.00 4.68 357.61
5954 17.43 0.00 0.00 4.68 361.19
5955 17.42 0.00 0.00 4.98 359.73
5956 17.41 0.00 0.00 5.28 362.86
5957 17.41 0.00 0.00 3.19 367.56
5958 17.53 3.99 0.00 2.59 373.24
5959 17.83 24.94 0.00 3.89 372.60
5960 18.24 59.17 0.00 3.19 370.70
5961 18.81 112.68 0.00 3.39 366.24
5962 19.24 138.48 0.00 3.59 378.59
5963 19.81 178.62 1.98 5.28 369.01
5964 20.24 222.93 5.54 6.58 380.48
5965 20.70 218.80 5.87 6.38 383.52
5966 20.94 185.78 2.74 5.48 376.54
5967 21.01 147.93 0.00 5.88 380.59
5968 20.83 81.82 0.00 5.88 387.20
5969 20.59 60.06 0.00 5.28 384.38
5970 20.28 27.93 0.00 5.48 381.70
5971 19.94 4.28 0.00 4.39 380.17
5972 19.57 0.00 0.00 2.59 381.17
5973 19.20 0.00 0.00 2.59 382.30
5974 18.84 0.00 0.00 1.10 382.41
5975 18.27 0.00 0.00 1.00 383.61
5976 17.55 0.00 0.00 1.69 385.08
5977 17.57 0.00 0.00 1.99 384.10
5978 16.97 0.00 0.00 2.79 384.56
5979 16.89 0.00 0.00 2.19 377.96
5980 16.69 0.00 0.00 3.39 381.73
5981 16.52 0.00 0.00 3.39 382.86
5982 16.39 1.65 0.00 2.59 378.87
5983 16.16 12.85 0.00 2.59 381.38
5984 16.45 26.65 0.00 3.89 380.88
5985 16.60 47.79 0.00 4.39 378.55
5986 16.74 58.48 0.00 3.89 380.92
5987 16.79 68.69 0.00 3.89 378.83
5988 16.82 67.72 0.00 3.39 380.46
5989 16.80 66.04 0.00 3.59 381.90
5990 16.53 59.52 0.00 2.79 382.85
5991 15.60 52.45 0.00 2.89 377.68
5992 16.19 45.95 0.00 2.89 380.35
5993 16.51 27.91 0.00 3.39 380.16
5994 16.61 11.67 0.00 2.19 382.08
5995 16.44 1.51 0.00 2.59 381.89
5996 16.30 0.00 0.00 2.89 380.02
5997 16.08 0.00 0.00 3.59 378.94
5998 15.93 0.00 0.00 4.98 378.98
5999 15.70 0.00 0.00 4.98 376.07
6000 15.54 0.00 0.00 3.39 376.01
6001 15.53 0.00 0.00 3.39 375.63
6002 15.52 0.00 0.00 1.79 375.27
6003 15.52 0.00 0.00 2.29 374.94
6004 15.52 0.00 0.00 2.89 374.59
6005 15.52 0.00 0.00 2.59 374.31
6006 15.61 3.27 0.00 3.39 374.58
6007 15.92 24.80 0.00 3.39 373.60
6008 16.38 62.99 0.00 3.19 370.05
6009 16.85 109.04 0.00 3.19 370.46
6010 17.33 127.21 0.00 4.19 371.82
6011 17.87 179.36 1.05 5.28 372.42
6012 18.20 159.05 0.33 6.08 373.68
6013 18.37 140.81 0.00 4.98 373.78
6014 18.53 151.90 0.00 3.89 371.26
6015 18.56 117.31 0.00 3.19 372.96
6016 18.48 86.52 0.00 1.69 376.03
6017 18.30 59.54 0.00 1.69 372.70
6018 18.03 27.16 0.00 1.79 374.08
6019 17.72 3.12 0.00 2.59 371.51
6020 17.22 0.00 0.00 2.29 368.75
6021 17.03 0.00 0.00 3.89 363.52
6022 16.47 0.00 0.00 3.89 362.49
6023 16.34 0.00 0.00 3.59 356.16
6024 15.40 0.00 0.00 4.68 352.66
6025 15.87 0.00 0.00 5.48 352.93
6026 15.59 0.00 0.00 4.39 349.83
6027 15.31 0.00 0.00 2.79 347.75
6028 15.18 0.00 0.00 3.19 347.04
6029 15.04 0.00 0.00 3.59 345.25
6030 14.95 6.97 0.00 3.89 345.56
6031 16.95 102.82 246.21 2.59 352.11
6032 17.39 147.00 69.61 1.99 357.47
6033 17.92 205.74 34.80 1.99 360.15
6034 19.35 445.52 374.19 1.79 352.11
6035 20.64 555.64 540.65 1.50 341.04
6036 21.85 662.92 647.56 1.30 335.82
6037 22.02 413.94 140.01 1.30 353.33
6038 21.48 230.03 18.50 1.69 365.01
6039 20.63 115.67 0.00 1.79 376.41
6040 19.94 109.45 0.00 1.79 374.91
6041 19.22 57.39 0.00 2.59 375.41
6042 18.61 54.94 21.01 1.30 363.34
6043 18.50 3.75 0.00 1.69 362.84
6044 18.39 0.00 0.00 2.79 368.93
6045 18.29 0.00 0.00 1.50 368.38
6046 18.18 0.00 0.00 2.79 367.45
6047 18.07 0.00 0.00 2.89 368.23
6048 17.97 0.00 0.00 2.89 368.35
6049 17.84 0.00 0.00 3.39 365.31
6050 17.72 0.00 0.00 2.79 367.55
6051 17.59 0.00 0.00 2.19 372.24
6052 17.48 0.00 0.00 2.19 374.10
6053 17.46 0.00 0.00 2.79 376.78
6054 17.41 5.75 0.00 2.79 376.70
6055 18.65 48.89 0.00 1.79 379.67
6056 18.07 19.73 0.00 2.19 393.71
6057 19.14 136.31 0.00 2.19 380.20
6058 20.20 235.95 15.18 3.89 377.18
6059 21.10 286.44 22.84 4.19 378.38
6060 21.88 330.88 31.63 5.28 375.03
6061 22.38 314.85 27.27 4.68 374.39
6062 22.49 233.66 9.76 5.88 382.74
6063 22.51 208.25 11.63 4.98 382.72
6064 22.57 226.84 81.68 5.88 371.90
6065 22.29 134.01 44.62 4.68 374.79
6066 21.76 54.63 21.81 4.98 376.32
6067 21.25 4.89 0.00 5.88 373.60
6068 20.74 0.00 0.00 5.68 369.95
6069 20.22 0.00 0.00 4.19 363.18
6070 19.71 0.00 0.00 3.39 359.96
6071 19.19 0.00 0.00 3.19 359.49
6072 18.68 0.00 0.00 2.29 359.51
6073 18.19 0.00 0.00 2.59 355.16
6074 17.69 0.00 0.00 3.19 353.94
6075 17.19 0.00 0.00 4.68 351.86
6076 16.93 0.00 0.00 3.59 347.42
6077 16.68 0.00 0.00 2.89 345.50
6078 16.50 9.30 0.00 2.19 343.91
6079 18.69 102.92 386.34 2.19 348.37
6080 20.14 240.41 540.89 1.30 348.86
6081 21.62 381.65 629.61 1.69 349.77
6082 23.01 503.67 686.41 1.69 347.88
6083 24.24 598.27 732.53 2.59 347.10
6084 25.23 647.56 755.30 2.59 348.40
6085 25.88 629.34 697.00 2.89 350.12
6086 26.24 579.86 687.95 5.48 351.33
6087 26.30 492.92 682.48 6.38 351.23
6088 25.98 376.55 662.18 5.28 354.78
6089 25.21 226.04 529.36 4.98 356.86
6090 24.14 85.06 269.31 4.68 364.21
6091 23.41 5.55 0.00 4.98 362.99
6092 22.67 0.00 0.00 3.59 365.41
6093 21.94 0.00 0.00 4.68 363.87
6094 21.20 0.00 0.00 4.19 363.71
6095 20.47 0.00 0.00 3.59 363.74
6096 19.73 0.00 0.00 4.19 361.26
6097 19.04 0.00 0.00 4.68 357.49
6098 18.32 0.00 0.00 4.39 359.40
6099 17.59 0.00 0.00 4.98 361.09
6100 17.20 0.00 0.00 5.28 363.24
6101 16.82 0.00 0.00 3.89 365.17
6102 16.55 5.85 0.00 3.59 363.71
6103 17.68 50.85 4.55 2.89 369.44
6104 18.45 120.99 11.79 3.19 371.06
6105 19.15 182.67 15.66 1.99 371.52
6106 19.94 263.10 28.30 1.69 364.98
6107 20.62 310.98 34.97 2.29 361.05
6108 21.01 297.04 22.35 2.29 364.77
6109 21.49 362.60 85.54 1.79 361.20
6110 22.15 469.55 309.68 2.59 352.41
6111 22.62 459.71 550.05 3.59 346.15
6112 22.76 358.78 592.06 2.59 343.43
6113 22.51 228.96 558.70 2.89 342.14
6114 21.89 103.16 394.43 3.59 341.07
6115 21.00 6.16 0.00 3.39 340.79
6116 20.12 0.00 0.00 2.89 343.75
6117 19.24 0.00 0.00 3.59 342.42
6118 18.36 0.00 0.00 3.19 342.18
6119 17.48 0.00 0.00 2.59 345.30
6120 16.60 0.00 0.00 1.79 340.90
6121 15.92 0.00 0.00 1.69 343.19
6122 15.21 0.00 0.00 1.79 348.40
6123 14.50 0.00 0.00 2.29 348.72
6124 14.13 0.00 0.00 4.19 347.65
6125 13.76 0.00 0.00 5.28 352.23
6126 13.51 3.62 0.00 5.48 350.15
6127 13.67 8.71 0.00 5.88 353.52
6128 15.36 162.69 135.01 3.89 338.43
6129 14.90 34.39 0.00 4.68 366.39
6130 14.79 45.30 0.00 4.39 362.87
6131 14.72 53.05 0.00 4.39 364.42
6132 14.68 56.97 0.00 4.68 360.84
6133 15.27 256.99 44.35 4.19 346.78
6134 16.82 652.11 609.33 4.39 318.36
6135 17.05 266.72 167.22 4.19 344.19
6136 17.59 422.27 655.95 4.39 321.23
6137 17.72 275.58 768.37 3.89 322.25
6138 17.36 99.93 553.69 3.59 331.38
6139 16.77 4.77 0.00 4.68 331.09
6140 16.18 0.00 0.00 4.68 333.12
6141 15.59 0.00 0.00 4.68 330.92
6142 14.99 0.00 0.00 3.19 327.13
6143 14.40 0.00 0.00 3.89 325.68
6144 13.81 0.00 0.00 3.89 322.54
6145 13.36 0.00 0.00 2.29 321.94
6146 12.94 0.00 0.00 4.39 323.19
6147 12.53 0.00 0.00 4.19 322.68
6148 12.34 0.00 0.00 4.19 319.92
6149 12.16 0.00 0.00 4.68 320.50
6150 12.05 8.32 0.00 4.98 322.14
6151 13.89 105.95 492.67 4.19 329.71
6152 15.31 268.19 737.56 6.08 324.49
6153 16.76 435.44 880.25 6.38 323.02
6154 18.11 577.86 938.93 5.48 320.15
6155 19.29 679.28 966.31 7.48 320.28
6156 20.23 730.44 977.31 6.38 321.21
6157 20.90 727.19 779.69 5.48 324.79
6158 19.95 231.24 38.09 3.59 355.98
6159 18.62 42.16 0.00 4.98 368.53
6160 17.53 31.20 0.00 5.48 367.45
6161 16.61 18.57 0.00 4.98 362.52
6162 15.82 6.72 0.00 3.19 361.77
6163 15.56 0.94 0.00 2.29 356.59
6164 15.29 0.00 0.00 3.59 358.82
6165 15.03 0.00 0.00 2.59 357.39
6166 14.77 0.00 0.00 2.29 357.71
6167 14.51 0.00 0.00 2.59 353.80
6168 14.24 0.00 0.00 2.29 352.15
6169 13.79 0.00 0.00 0.90 351.07
6170 13.30 0.00 0.00 1.20 348.99
6171 12.81 0.00 0.00 1.50 344.85
6172 12.54 0.00 0.00 1.79 345.28
6173 12.27 0.00 0.00 1.20 343.95
6174 12.08 4.13 0.00 1.20 339.18
6175 12.88 34.68 0.00 1.00 341.73
6176 13.72 108.65 10.17 0.70 339.67
6177 14.99 235.05 105.67 1.20 339.18
6178 16.32 352.91 180.03 1.20 332.54
6179 17.69 478.17 344.66 1.50 328.34
6180 18.31 404.64 145.25 3.19 335.94
6181 19.17 532.75 400.00 3.39 328.65
6182 19.89 560.70 648.44 4.98 324.07
6183 20.22 475.96 693.09 5.68 326.59
6184 20.21 367.17 666.61 6.08 325.95
6185 19.64 212.67 506.09 7.48 332.36
6186 18.69 74.34 270.44 6.78 334.62
6187 18.12 2.41 0.00 4.39 336.90
6188 17.54 0.00 0.00 4.39 340.73
6189 16.96 0.00 0.00 5.28 340.60
6190 16.39 0.00 0.00 6.78 339.68
6191 15.81 0.00 0.00 7.08 338.15
6192 15.23 0.00 0.00 9.27 340.21
6193 14.85 0.00 0.00 10.17 339.34
6194 14.46 0.00 0.00 12.96 339.87
6195 14.06 0.00 0.00 10.77 342.05
6196 13.86 0.00 0.00 9.77 340.66
6197 13.66 0.00 0.00 10.77 341.70
6198 13.52 2.97 0.00 11.66 345.49
6199 14.90 64.87 128.85 9.47 348.71
6200 15.65 136.49 72.46 9.77 353.37
6201 16.12 168.57 16.27 9.27 356.75
6202 16.43 182.93 3.99 8.87 352.72
6203 16.64 189.70 4.25 6.78 350.15
6204 17.59 419.84 183.22 6.78 336.00
6205 18.37 453.30 220.01 6.78 334.38
6206 18.73 370.18 140.14 7.08 341.98
6207 18.92 329.36 164.01 6.58 342.45
6208 18.52 150.77 9.91 7.48 351.86
6209 17.90 61.71 0.00 5.68 355.94
6210 17.21 5.66 0.00 5.48 359.71
6211 16.71 0.63 0.00 3.89 353.01
6212 16.21 0.00 0.00 2.79 352.39
6213 15.71 0.00 0.00 3.19 352.68
6214 15.21 0.00 0.00 2.89 352.22
6215 14.71 0.00 0.00 3.39 352.06
6216 14.21 0.00 0.00 2.89 348.15
6217 13.76 0.00 0.00 3.89 348.64
6218 13.25 0.00 0.00 3.39 342.47
6219 12.74 0.00 0.00 3.19 340.21
6220 12.46 0.00 0.00 4.39 335.35
6221 12.18 0.00 0.00 4.98 331.39
6222 11.97 3.76 0.00 5.28 328.84
6223 13.76 86.36 277.23 5.28 330.05
6224 15.26 232.11 508.45 6.38 328.87
6225 16.22 302.44 322.62 7.48 338.02
6226 17.20 401.86 365.54 7.78 333.16
6227 17.73 392.99 184.23 8.57 342.23
6228 18.03 382.96 117.27 8.07 343.72
6229 18.27 397.22 148.39 8.97 344.33
6230 18.02 270.71 34.03 8.57 350.15
6231 17.77 262.36 56.95 8.07 341.65
6232 17.34 200.40 60.51 7.48 340.07
6233 16.66 104.81 24.79 7.08 345.56
6234 15.91 46.18 102.88 8.07 343.52
6235 15.54 0.61 0.00 8.07 344.42
6236 15.18 0.00 0.00 8.07 349.06
6237 14.81 0.00 0.00 8.57 346.68
6238 14.45 0.00 0.00 7.08 346.94
6239 14.08 0.00 0.00 7.78 347.53
6240 13.72 0.00 0.00 7.08 346.54
6241 13.63 0.00 0.00 5.28 344.31
6242 13.61 0.00 0.00 5.68 344.45
6243 13.58 0.00 0.00 6.08 348.36
6244 13.60 0.00 0.00 7.48 349.35
6245 13.62 0.00 0.00 8.07 351.61
6246 13.65 1.47 0.00 8.07 353.74
6247 13.83 5.71 0.00 6.58 354.65
6248 13.99 15.64 0.00 7.08 353.77
6249 14.84 128.26 0.00 8.57 343.75
6250 15.99 265.14 69.59 7.08 338.97
6251 17.63 493.27 394.34 7.48 333.40
6252 19.20 632.60 680.28 6.58 326.36
6253 19.84 455.55 274.75 4.98 338.46
6254 19.99 320.29 96.69 4.39 345.73
6255 19.11 41.57 0.00 4.68 363.61
6256 18.50 68.51 0.00 4.68 361.02
6257 17.93 40.23 0.00 5.88 358.42
6258 17.39 10.55 0.00 6.58 358.51
6259 17.08 0.00 0.00 6.38 360.04
6260 16.78 0.00 0.00 6.38 359.47
6261 16.47 0.00 0.00 5.88 357.38
6262 16.17 0.00 0.00 5.48 356.38
6263 15.86 0.00 0.00 5.28 356.56
6264 15.56 0.00 0.00 5.28 354.12
6265 14.96 0.00 0.00 4.19 358.01
6266 14.33 0.00 0.00 3.89 353.61
6267 13.69 0.00 0.00 4.19 353.46
6268 13.37 0.00 0.00 3.19 355.05
6269 13.04 0.00 0.00 3.89 353.77
6270 12.81 1.72 0.00 3.19 356.30
6271 12.89 5.52 0.00 3.19 355.36
6272 13.42 60.33 0.00 1.40 346.35
6273 15.27 310.75 355.10 1.69 330.59
6274 16.39 352.38 173.46 1.69 335.01
6275 17.23 397.27 205.66 1.99 332.84
6276 18.45 596.41 633.54 2.89 324.56
6277 19.16 540.28 495.11 2.89 322.97
6278 19.32 398.72 210.95 1.79 333.26
6279 19.28 327.95 207.17 2.89 332.61
6280 18.35 71.85 0.00 2.89 353.85
6281 17.71 110.00 59.18 2.89 341.13
6282 16.95 30.37 6.84 2.19 340.90
6283 16.54 0.00 0.00 1.40 343.98
6284 16.13 0.00 0.00 1.00 346.28
6285 15.73 0.00 0.00 1.00 347.73
6286 15.32 0.00 0.00 0.70 348.39
6287 14.91 0.00 0.00 1.30 349.81
6288 14.51 0.00 0.00 1.30 349.36
6289 14.23 0.00 0.00 0.80 349.88
6290 13.96 0.00 0.00 0.60 352.64
6291 13.69 0.00 0.00 0.40 355.15
6292 13.55 0.00 0.00 0.20 356.86
6293 13.42 0.00 0.00 0.50 355.91
6294 13.30 0.80 0.00 0.50 358.69
6295 13.22 8.63 0.00 1.20 362.13
6296 13.74 28.95 0.00 0.90 358.00
6297 14.41 121.86 0.00 0.50 351.07
6298 15.39 220.96 23.10 1.00 347.29
6299 15.80 189.08 4.63 0.80 351.06
6300 16.42 284.51 24.44 0.50 343.64
6301 16.77 254.63 19.99 0.30 346.76
6302 17.26 341.25 137.25 0.10 339.81
6303 17.27 182.64 9.17 0.30 347.29
6304 17.05 121.55 0.00 1.20 346.80
6305 16.64 49.21 0.00 1.40 348.05
6306 16.15 4.09 0.00 2.19 342.00
6307 15.74 0.00 0.00 1.50 341.05
6308 15.33 0.00 0.00 1.20 337.76
6309 14.92 0.00 0.00 1.10 338.38
6310 14.51 0.00 0.00 0.40 334.61
6311 14.10 0.00 0.00 0.60 330.57
6312 13.69 0.00 0.00 1.30 330.69
6313 13.27 0.00 0.00 1.99 330.45
6314 12.82 0.00 0.00 1.10 328.19
6315 12.38 0.00 0.00 1.10 322.37
6316 12.14 0.00 0.00 1.50 319.36
6317 11.91 0.00 0.00 1.40 316.10
6318 11.75 1.85 0.00 2.19 312.98
6319 13.11 63.05 234.47 2.19 315.49
6320 14.17 161.84 233.38 2.19 318.27
6321 15.66 319.30 449.58 2.19 315.35
6322 17.44 511.79 744.99 2.59 307.08
6323 18.87 594.76 855.34 2.89 311.08
6324 19.87 611.64 664.73 2.79 312.63
6325 19.48 305.97 76.78 1.99 329.97
6326 19.15 301.18 76.09 2.89 325.76
6327 18.69 253.01 80.51 3.19 323.87
6328 18.62 332.17 546.12 3.39 309.93
6329 18.09 194.93 603.97 1.99 315.38
6330 17.21 54.37 336.38 0.80 317.72
6331 16.60 0.00 0.00 1.10 320.65
6332 15.99 0.00 0.00 0.60 316.32
6333 15.38 0.00 0.00 0.70 317.22
6334 14.77 0.00 0.00 0.20 317.31
6335 14.16 0.00 0.00 0.10 318.84
6336 13.55 0.00 0.00 0.20 318.08
6337 13.03 0.00 0.00 0.20 320.76
6338 12.46 0.00 0.00 0.50 321.19
6339 11.89 0.00 0.00 1.20 324.00
6340 11.58 0.00 0.00 1.10 321.38
6341 11.27 0.00 0.00 0.70 319.98
6342 11.04 1.20 0.00 0.50 318.73
6343 12.17 51.82 135.39 0.60 324.01
6344 13.46 169.19 285.91 0.70 320.27
6345 14.75 286.29 358.63 0.60 320.47
6346 15.57 322.19 165.26 0.80 323.98
6347 16.76 480.74 432.29 1.00 314.45
6348 17.71 524.82 497.86 1.30 314.50
6349 18.12 448.67 273.54 1.20 319.40
6350 18.15 354.70 152.92 0.80 325.84
6351 18.00 309.40 174.56 1.10 324.69
6352 17.80 288.96 451.75 0.90 319.43
6353 17.27 188.82 522.98 0.50 315.61
6354 16.37 50.17 317.08 0.50 312.71
6355 15.74 0.00 0.00 0.20 314.21
6356 15.12 0.00 0.00 0.10 315.85
6357 14.49 0.00 0.00 0.10 315.77
6358 13.87 0.00 0.00 0.40 314.94
6359 13.25 0.00 0.00 0.40 314.74
6360 12.62 0.00 0.00 0.60 313.61
6361 12.26 0.00 0.00 0.40 313.44
6362 11.88 0.00 0.00 1.00 309.09
6363 11.50 0.00 0.00 1.20 310.35
6364 11.29 0.00 0.00 1.69 311.03
6365 11.09 0.00 0.00 1.69 310.55
6366 10.95 0.84 0.00 1.50 313.23
6367 12.58 69.55 269.69 1.20 317.37
6368 13.95 185.63 410.63 0.70 320.09
6369 15.23 292.17 400.10 1.10 324.66
6370 16.64 422.41 554.98 0.90 319.85
6371 17.80 490.01 535.83 1.10 322.03
6372 18.62 502.50 429.98 1.50 324.96
6373 19.36 550.14 597.29 0.90 319.51
6374 19.83 524.39 681.76 0.50 317.59
6375 20.04 470.64 780.81 0.20 314.05
6376 19.85 346.92 821.77 0.20 313.67
6377 19.15 202.67 701.07 0.20 317.28
6378 18.03 46.24 300.82 0.50 317.82
6379 17.19 0.00 0.00 0.60 319.62
6380 16.34 0.00 0.00 0.70 318.69
6381 15.50 0.00 0.00 0.20 315.62
6382 14.65 0.00 0.00 0.10 315.64
6383 13.81 0.00 0.00 0.10 316.70
6384 12.96 0.00 0.00 0.30 314.30
6385 12.24 0.00 0.00 0.40 311.32
6386 11.45 0.00 0.00 0.20 312.73
6387 10.67 0.00 0.00 0.50 313.06
6388 10.24 0.00 0.00 0.80 316.14
6389 9.82 0.00 0.00 0.70 317.17
6390 9.52 0.00 0.00 0.80 319.79
6391 10.43 45.90 104.45 0.90 323.17
6392 11.51 154.47 262.66 0.50 321.21
6393 12.77 289.40 370.22 0.50 317.58
6394 14.28 462.48 705.56 0.60 312.29
6395 15.49 540.46 751.33 0.50 315.06
6396 16.38 570.91 668.28 0.30 315.67
6397 16.83 514.43 515.10 0.70 318.08
6398 17.06 475.07 538.10 1.10 316.03
6399 16.87 347.90 349.86 0.50 320.75
6400 16.40 263.76 381.26 0.70 320.43
6401 15.54 117.92 158.85 0.80 326.36
6402 14.55 28.24 38.14 1.50 322.02
6403 13.98 0.00 0.00 1.79 325.45
6404 13.42 0.00 0.00 2.29 324.34
6405 12.86 0.00 0.00 2.79 325.40
6406 12.30 0.00 0.00 1.99 323.64
6407 11.73 0.00 0.00 2.79 323.28
6408 11.17 0.00 0.00 3.39 323.96
6409 10.88 0.00 0.00 3.59 326.71
6410 10.59 0.00 0.00 3.19 322.48
6411 10.30 0.00 0.00 3.89 320.87
6412 10.15 0.00 0.00 1.99 322.80
6413 10.00 0.00 0.00 1.69 319.28
6414 9.89 0.00 0.00 2.29 316.16
6415 10.83 40.76 98.35 2.19 320.07
6416 10.58 19.76 0.00 2.29 334.73
6417 10.90 72.93 0.00 3.19 329.56
6418 11.19 96.94 0.00 2.79 326.33
6419 13.13 479.97 457.32 1.69 300.24
6420 14.42 477.50 384.80 2.29 301.37
6421 15.14 421.12 236.43 4.19 304.86
6422 15.57 381.46 179.26 4.68 305.38
6423 15.60 262.67 107.93 4.68 313.98
6424 15.14 134.85 45.51 5.28 322.89
6425 14.91 177.54 391.58 6.78 302.48
6426 14.22 23.89 18.16 6.08 307.38
6427 13.91 0.00 0.00 4.19 311.95
6428 13.59 0.00 0.00 3.89 312.14
6429 13.28 0.00 0.00 2.79 314.50
6430 12.96 0.00 0.00 2.59 316.12
6431 12.65 0.00 0.00 1.99 317.57
6432 12.33 0.00 0.00 1.69 317.40
6433 12.06 0.00 0.00 1.20 318.80
6434 11.75 0.00 0.00 0.70 317.95
6435 11.45 0.00 0.00 1.10 319.74
6436 11.28 0.00 0.00 1.69 322.47
6437 11.11 0.00 0.00 2.29 324.02
6438 10.99 0.00 0.00 2.19 326.96
6439 11.76 32.89 24.43 3.59 333.86
6440 12.55 99.69 17.43 2.89 331.54
6441 13.58 197.80 89.70 4.39 330.73
6442 13.98 180.84 9.25 3.19 335.54
6443 14.44 227.56 11.77 2.79 330.71
6444 15.08 313.60 76.99 2.29 329.12
6445 15.95 433.02 279.05 1.99 321.25
6446 16.25 322.70 117.15 2.29 328.64
6447 16.45 309.91 217.10 1.79 323.41
6448 16.51 273.14 478.64 2.59 313.78
6449 16.23 171.44 516.21 3.59 310.80
6450 15.51 33.33 128.96 2.29 313.48
6451 15.13 0.00 0.00 3.89 316.67
6452 14.74 0.00 0.00 4.19 316.49
6453 14.36 0.00 0.00 3.89 319.90
6454 13.97 0.00 0.00 3.89 323.77
6455 13.58 0.00 0.00 4.19 325.93
6456 13.20 0.00 0.00 4.98 326.29
6457 12.95 0.00 0.00 3.59 326.72
6458 12.72 0.00 0.00 2.19 330.11
6459 12.49 0.00 0.00 2.59 328.70
6460 12.37 0.00 0.00 2.59 328.93
6461 12.26 0.00 0.00 1.79 332.07
6462 12.19 0.00 0.00 1.99 333.23
6463 12.76 23.83 0.00 1.10 336.90
6464 12.96 50.83 0.00 0.50 344.93
6465 13.02 28.04 0.00 0.40 351.55
6466 13.05 38.14 0.00 0.90 348.01
6467 13.14 51.18 0.00 1.10 352.71
6468 13.71 183.86 5.55 1.00 345.98
6469 14.71 357.57 153.32 1.40 334.30
6470 15.75 458.65 455.24 1.30 327.78
6471 16.49 433.84 693.78 0.90 325.01
6472 16.62 229.08 300.14 1.40 338.40
6473 16.30 93.40 90.81 1.69 349.37
6474 15.75 9.37 0.00 1.20 344.53
6475 15.48 0.00 0.00 1.00 343.26
6476 15.21 0.00 0.00 1.20 344.42
6477 14.94 0.00 0.00 1.20 344.05
6478 14.67 0.00 0.00 1.30 342.62
6479 14.40 0.00 0.00 0.50 342.65
6480 14.13 0.00 0.00 0.50 343.35
6481 13.81 0.00 0.00 1.00 344.09
6482 13.48 0.00 0.00 0.80 344.18
6483 13.15 0.00 0.00 1.20 341.94
6484 12.98 0.00 0.00 1.10 340.59
6485 12.82 0.00 0.00 1.10 339.32
6486 12.70 0.00 0.00 1.79 338.32
6487 13.65 42.43 175.25 2.59 343.34
6488 14.71 137.89 213.46 2.29 345.23
6489 16.25 298.30 481.69 2.59 339.69
6490 17.47 379.02 440.97 2.19 333.84
6491 18.73 496.74 571.82 2.19 331.08
6492 19.48 474.42 417.32 2.19 334.99
6493 19.98 464.32 405.08 3.89 338.22
6494 20.48 507.94 679.08 4.19 329.72
6495 20.44 342.23 369.05 6.38 338.17
6496 19.84 193.36 156.71 5.88 343.65
6497 19.05 106.18 218.92 5.68 343.55
6498 18.12 20.85 7.27 5.68 341.67
6499 17.52 0.00 0.00 6.78 347.52
6500 16.92 0.00 0.00 4.68 347.27
6501 16.32 0.00 0.00 5.28 344.78
6502 15.72 0.00 0.00 4.39 343.73
6503 15.12 0.00 0.00 3.59 344.26
6504 14.53 0.00 0.00 2.59 339.75
6505 13.96 0.00 0.00 1.40 336.25
6506 13.39 0.00 0.00 2.19 333.70
6507 12.82 0.00 0.00 1.79 334.02
6508 12.54 0.00 0.00 1.50 329.17
6509 12.26 0.00 0.00 1.79 325.53
6510 12.07 0.00 0.00 1.79 322.13
6511 12.62 35.49 104.99 1.50 321.19
6512 13.67 171.01 384.51 0.50 321.31
6513 14.94 349.90 741.41 1.20 318.82
6514 16.23 517.17 928.33 1.40 310.88
6515 17.31 616.96 802.42 2.59 311.46
6516 17.63 461.85 352.03 2.79 326.22
6517 16.98 186.23 7.21 2.19 347.69
6518 16.18 92.21 0.00 1.40 352.28
6519 15.68 132.01 0.00 3.19 345.68
6520 15.24 118.08 9.13 2.59 339.32
6521 14.63 12.40 0.00 2.89 355.23
6522 14.09 2.06 0.00 3.89 353.05
6523 14.01 0.00 0.00 3.19 351.88
6524 13.93 0.00 0.00 3.39 348.80
6525 13.85 0.00 0.00 3.89 348.27
6526 13.77 0.00 0.00 2.89 351.57
6527 13.68 0.00 0.00 2.59 352.09
6528 13.60 0.00 0.00 3.39 355.70
6529 13.40 0.00 0.00 2.79 356.18
6530 13.45 0.00 0.00 3.39 360.11
6531 13.39 0.00 0.00 5.28 359.12
6532 13.36 0.00 0.00 4.19 358.37
6533 13.34 0.00 0.00 3.59 357.62
6534 13.32 0.00 0.00 3.39 356.95
6535 13.70 15.67 0.00 2.79 358.61
6536 14.20 56.63 0.00 3.39 359.62
6537 14.79 109.32 0.00 3.89 355.33
6538 15.27 139.80 0.00 3.19 354.21
6539 15.83 195.76 5.79 2.59 355.82
6540 16.37 238.25 15.31 2.59 350.85
6541 16.68 213.09 9.37 3.39 348.00
6542 16.76 162.83 0.72 2.89 349.83
6543 16.60 100.77 0.00 2.29 355.58
6544 16.53 117.60 7.46 1.40 354.31
6545 16.33 74.78 49.95 1.50 345.04
6546 15.94 9.62 0.00 1.10 342.51
6547 15.52 0.00 0.00 1.40 341.53
6548 15.11 0.00 0.00 2.29 341.76
6549 14.63 0.00 0.00 2.19 343.03
6550 14.27 0.00 0.00 1.79 345.64
6551 13.82 0.00 0.00 1.20 339.32
6552 13.03 0.00 0.00 0.30 341.65
6553 12.38 0.00 0.00 0.30 339.95
6554 11.50 0.00 0.00 0.50 334.65
6555 10.63 0.00 0.00 0.90 329.38
6556 10.16 0.00 0.00 0.70 326.45
6557 9.69 0.00 0.00 0.40 323.54
6558 9.36 0.00 0.00 0.60 321.40
6559 10.29 31.59 77.53 0.40 326.31
6560 11.52 113.91 116.94 0.60 329.01
6561 13.49 268.15 394.68 1.10 324.78
6562 15.31 377.61 446.40 2.40 320.49
6563 16.13 338.12 166.03 3.10 332.57
6564 17.58 515.26 524.93 1.80 318.89
6565 18.18 421.82 276.46 1.30 323.63
6566 19.23 578.66 792.88 1.30 308.74
6567 19.40 397.84 713.74 2.00 316.24
6568 19.22 315.81 782.97 3.60 313.03
6569 18.27 149.72 637.84 2.90 319.35
6570 16.88 19.62 12.31 2.20 318.17
6571 16.03 0.00 0.00 1.60 319.85
6572 15.19 0.00 0.00 0.90 318.53
6573 14.34 0.00 0.00 0.70 315.77
6574 13.49 0.00 0.00 1.00 314.49
6575 12.64 0.00 0.00 0.60 312.51
6576 11.79 0.00 0.00 1.40 309.36
6577 11.22 0.00 0.00 2.20 307.93
6578 10.62 0.00 0.00 1.60 305.63
6579 10.02 0.00 0.00 3.40 301.26
6580 9.71 0.00 0.00 3.70 301.50
6581 9.39 0.00 0.00 2.00 303.39
6582 9.17 0.00 0.00 1.30 302.21
6583 10.26 36.05 151.88 0.80 306.58
6584 12.33 171.00 570.50 1.00 312.12
6585 14.49 313.79 725.73 0.80 310.69
6586 16.50 435.69 805.07 1.30 305.49
6587 18.20 517.16 823.66 1.80 310.24
6588 19.59 569.31 876.19 3.40 308.55
6589 20.52 555.94 832.30 3.90 309.49
6590 20.90 478.30 747.14 4.60 312.95
6591 20.79 370.09 647.37 5.50 316.02
6592 20.05 249.69 583.13 5.50 316.77
6593 18.79 115.63 433.70 4.60 319.97
6594 17.28 12.60 0.00 4.10 317.19
6595 16.49 0.00 0.00 2.90 321.93
6596 15.70 0.00 0.00 2.90 321.57
6597 14.90 0.00 0.00 2.90 320.77
6598 14.11 0.00 0.00 2.20 320.12
6599 13.32 0.00 0.00 1.60 317.63
6600 12.52 0.00 0.00 2.40 313.54
6601 11.88 0.00 0.00 2.20 307.56
6602 11.26 0.00 0.00 2.90 307.68
6603 10.63 0.00 0.00 3.70 306.54
6604 10.32 0.00 0.00 2.90 304.62
6605 10.00 0.00 0.00 3.10 302.02
6606 9.80 0.00 0.00 2.90 305.16
6607 10.70 31.82 78.35 2.20 307.64
6608 12.66 171.77 565.86 2.00 313.13
6609 14.52 300.37 677.20 3.60 314.07
6610 16.18 404.64 639.17 2.20 309.24
6611 18.07 564.42 840.16 3.60 305.54
6612 19.57 615.32 960.62 3.20 310.67
6613 20.69 626.29 965.01 2.40 309.50
6614 21.31 563.10 945.83 3.20 312.95
6615 21.44 450.40 896.43 4.30 318.06
6616 20.91 300.76 796.58 3.40 321.10
6617 19.77 136.85 622.10 2.90 325.06
6618 18.34 14.77 0.00 2.40 323.95
6619 17.87 0.00 0.00 3.70 332.71
6620 17.41 0.00 0.00 4.10 334.16
6621 16.94 0.00 0.00 2.90 338.35
6622 16.47 0.00 0.00 1.80 338.11
6623 16.01 0.00 0.00 1.30 338.65
6624 15.54 0.00 0.00 1.60 340.11
6625 15.03 0.00 0.00 2.00 340.08
6626 14.57 0.00 0.00 2.20 339.75
6627 14.11 0.00 0.00 2.20 340.55
6628 13.91 0.00 0.00 2.60 344.01
6629 13.70 0.00 0.00 0.80 346.14
6630 13.58 0.00 0.00 1.40 348.95
6631 14.62 37.30 112.49 1.60 350.66
6632 14.81 47.72 0.00 2.20 353.15
6633 16.32 207.30 193.81 1.30 339.39
6634 19.03 494.50 633.30 1.40 321.85
6635 18.79 143.78 0.00 3.40 358.83
6636 19.67 371.80 204.21 2.90 337.44
6637 20.40 398.42 274.02 3.20 333.64
6638 21.52 563.51 788.53 3.90 317.63
6639 21.98 419.94 734.63 3.60 321.93
6640 21.66 217.74 358.40 2.60 328.11
6641 21.05 133.14 376.16 3.20 321.06
6642 20.38 12.72 0.00 3.60 321.32
6643 19.70 0.00 0.00 2.20 326.07
6644 19.02 0.00 0.00 1.40 326.73
6645 18.34 0.00 0.00 0.90 326.14
6646 17.66 0.00 0.00 0.60 329.07
6647 16.98 0.00 0.00 0.80 328.29
6648 16.30 0.00 0.00 0.80 330.92
6649 15.39 0.00 0.00 2.20 326.32
6650 14.48 0.00 0.00 3.60 324.00
6651 13.57 0.00 0.00 4.60 323.37
6652 13.12 0.00 0.00 5.00 323.16
6653 12.66 0.00 0.00 3.10 318.78
6654 12.36 0.00 0.00 3.70 318.83
6655 13.07 29.32 70.28 2.90 320.38
6656 14.64 158.52 555.73 4.60 323.25
6657 16.34 303.19 738.14 4.80 320.59
6658 17.94 427.80 831.66 3.10 312.68
6659 19.27 501.18 823.74 2.90 316.02
6660 20.28 534.92 815.62 3.20 317.19
6661 20.95 518.33 783.25 2.90 322.50
6662 21.27 461.07 758.57 2.20 324.50
6663 21.23 358.42 678.31 2.90 324.14
6664 20.69 235.54 595.36 2.60 323.04
6665 19.73 100.59 411.34 2.40 327.40
6666 19.14 8.05 0.00 2.40 330.06
6667 18.54 0.00 0.00 3.40 337.57
6668 17.95 0.00 0.00 2.40 338.22
6669 17.35 0.00 0.00 2.40 338.72
6670 16.76 0.00 0.00 1.40 339.82
6671 16.16 0.00 0.00 0.80 337.68
6672 15.57 0.00 0.00 0.60 338.77
6673 14.99 0.00 0.00 1.10 340.41
6674 14.38 0.00 0.00 1.10 340.67
6675 13.76 0.00 0.00 1.80 341.14
6676 13.43 0.00 0.00 3.60 347.52
6677 13.09 0.00 0.00 2.20 350.43
6678 12.86 0.00 0.00 3.40 354.14
6679 13.25 14.61 0.00 3.20 357.36
6680 13.16 11.38 0.00 3.20 359.55
6681 14.68 168.64 94.89 2.90 342.11
6682 16.55 318.67 311.19 3.90 335.47
6683 17.55 302.01 132.64 4.60 344.57
6684 17.65 190.20 8.85 3.90 356.08
6685 18.04 269.90 33.90 4.30 349.42
6686 18.20 235.22 37.09 3.90 349.83
6687 18.18 195.52 61.99 3.20 350.36
6688 18.14 191.90 321.11 2.20 340.67
6689 17.54 71.12 91.89 3.40 345.19
6690 16.94 5.16 0.00 2.60 345.20
6691 16.35 0.00 0.00 3.10 346.86
6692 15.75 0.00 0.00 1.00 344.12
6693 15.15 0.00 0.00 1.60 343.74
6694 14.55 0.00 0.00 1.10 339.50
6695 13.95 0.00 0.00 1.30 338.94
6696 13.35 0.00 0.00 1.80 334.57
6697 12.96 0.00 0.00 1.80 335.45
6698 12.53 0.00 0.00 2.00 335.18
6699 12.10 0.00 0.00 3.90 334.61
6700 11.87 0.00 0.00 4.80 333.36
6701 11.63 0.00 0.00 3.90 330.95
6702 11.46 0.00 0.00 2.90 330.15
6703 11.98 17.20 0.00 2.90 330.51
6704 13.18 92.71 99.77 3.10 334.51
6705 13.84 119.13 5.60 3.20 343.84
6706 14.89 209.39 32.24 3.70 338.27
6707 15.83 259.32 55.28 4.10 340.44
6708 16.77 320.58 117.85 3.90 339.67
6709 17.95 429.78 404.10 4.10 333.37
6710 18.49 348.93 292.20 3.90 335.89
6711 18.82 326.15 499.15 4.30 331.86
6712 18.85 258.56 699.31 5.20 327.08
6713 18.17 111.98 592.58 4.80 331.48
6714 17.75 7.62 0.00 4.80 336.11
6715 17.32 0.00 0.00 5.00 339.18
6716 16.90 0.00 0.00 4.10 341.17
6717 16.47 0.00 0.00 3.90 343.59
6718 16.05 0.00 0.00 4.30 342.98
6719 15.62 0.00 0.00 3.20 339.80
6720 15.20 0.00 0.00 2.90 342.61
6721 14.98 0.00 0.00 3.60 344.56
6722 14.76 0.00 0.00 3.10 346.93
6723 14.53 0.00 0.00 3.10 350.07
6724 14.35 0.00 0.00 3.60 353.43
6725 14.30 0.00 0.00 4.60 359.03
6726 14.22 0.00 0.00 6.00 360.89
6727 14.36 5.75 0.00 4.60 359.94
6728 14.56 29.12 0.00 4.30 361.06
6729 15.09 57.34 0.00 6.40 360.58
6730 15.43 78.76 0.00 6.00 359.40
6731 15.71 92.22 0.00 6.40 356.16
6732 15.91 95.70 0.00 7.00 356.34
6733 16.05 95.26 0.00 6.40 354.40
6734 16.04 95.62 0.00 8.60 362.00
6735 15.11 72.30 0.00 8.90 363.43
6736 15.61 50.56 0.00 10.80 363.33
6737 15.56 19.97 0.00 10.00 364.55
6738 15.51 1.36 0.00 9.40 358.88
6739 15.05 0.00 0.00 9.40 358.70
6740 14.87 0.00 0.00 13.20 355.82
6741 14.63 0.00 0.00 8.90 352.97
6742 14.37 0.00 0.00 6.40 352.45
6743 14.07 0.00 0.00 8.60 349.26
6744 13.77 0.00 0.00 9.40 345.37
6745 13.07 0.00 0.00 8.10 340.85
6746 12.37 0.00 0.00 8.60 332.98
6747 11.67 0.00 0.00 7.70 328.17
6748 11.32 0.00 0.00 6.00 325.83
6749 10.97 0.00 0.00 6.00 320.02
6750 10.74 0.00 0.00 6.00 317.60
6751 11.22 28.36 103.47 4.10 314.77
6752 12.27 152.86 574.39 3.90 310.26
6753 13.50 307.41 674.95 4.10 308.13
6754 14.13 312.51 309.95 3.40 320.19
6755 15.28 539.13 640.18 3.90 310.74
6756 15.01 210.51 51.30 5.20 339.60
6757 14.12 43.18 0.00 5.50 350.15
6758 13.44 38.19 0.00 5.80 350.61
6759 12.89 29.60 0.00 5.00 347.01
6760 12.41 18.49 0.00 4.60 344.95
6761 11.99 7.17 0.00 6.40 346.55
6762 11.90 0.36 0.00 5.50 342.21
6763 11.82 0.00 0.00 5.50 339.94
6764 11.73 0.00 0.00 5.20 337.74
6765 11.65 0.00 0.00 5.50 336.38
6766 11.56 0.00 0.00 4.80 337.81
6767 11.47 0.00 0.00 4.60 339.17
6768 11.39 0.00 0.00 5.20 337.90
6769 11.29 0.00 0.00 5.00 338.61
6770 11.19 0.00 0.00 5.50 335.89
6771 10.99 0.00 0.00 5.50 339.12
6772 11.02 0.00 0.00 5.80 341.69
6773 10.96 0.00 0.00 5.20 338.13
6774 10.91 0.00 0.00 4.80 337.01
6775 11.22 10.42 0.00 5.50 342.96
6776 11.81 49.93 0.00 6.70 342.29
6777 12.53 102.66 0.00 7.00 340.32
6778 13.50 182.72 26.79 5.80 335.33
6779 14.05 177.59 7.18 5.80 337.82
6780 14.79 253.15 39.92 4.80 335.75
6781 15.16 216.72 14.91 6.70 338.29
6782 15.36 197.87 19.92 5.80 340.10
6783 15.34 148.13 13.71 5.20 346.26
6784 14.79 45.33 0.00 4.30 357.67
6785 14.15 6.95 0.00 3.90 362.49
6786 14.09 1.25 0.00 3.40 362.53
6787 14.04 0.00 0.00 1.10 360.64
6788 13.98 0.00 0.00 1.40 360.51
6789 13.93 0.00 0.00 1.30 358.27
6790 13.87 0.00 0.00 1.60 357.99
6791 13.82 0.00 0.00 1.10 355.52
6792 13.76 0.00 0.00 2.40 356.88
6793 13.78 0.00 0.00 1.60 353.62
6794 13.81 0.00 0.00 1.30 353.56
6795 13.84 0.00 0.00 1.10 353.76
6796 13.87 0.00 0.00 1.60 354.92
6797 13.90 0.00 0.00 1.80 354.33
6798 13.92 0.00 0.00 2.00 348.11
6799 14.19 8.09 0.00 2.40 349.71
6800 15.26 77.07 61.15 2.40 351.24
6801 16.10 122.11 15.65 3.40 355.93
6802 16.58 129.99 0.00 2.90 359.61
6803 17.34 205.48 21.06 2.60 355.41
6804 18.20 271.74 71.78 2.40 350.56
6805 18.52 205.95 16.10 1.60 356.12
6806 18.56 150.44 0.66 1.80 358.06
6807 18.28 94.47 0.00 1.60 362.61
6808 17.81 45.72 0.00 2.20 364.85
6809 17.23 6.32 0.00 1.80 371.09
6810 17.01 0.73 0.00 2.20 368.36
6811 16.79 0.00 0.00 2.20 369.78
6812 16.56 0.00 0.00 1.80 369.42
6813 16.31 0.00 0.00 3.10 371.16
6814 15.98 0.00 0.00 4.80 370.83
6815 15.89 0.00 0.00 5.50 374.23
6816 15.66 0.00 0.00 5.20 372.79
6817 15.34 0.00 0.00 6.40 370.99
6818 15.03 0.00 0.00 5.50 369.24
6819 14.72 0.00 0.00 7.00 367.01
6820 14.56 0.00 0.00 6.70 365.65
6821 14.41 0.00 0.00 5.00 362.86
6822 14.31 0.00 0.00 5.50 363.37
6823 14.48 5.19 0.00 6.40 365.92
6824 14.68 17.69 0.00 8.60 362.18
6825 15.05 46.43 0.00 11.30 360.70
6826 15.52 83.15 0.00 11.90 362.26
6827 16.46 187.55 12.79 10.00 357.58
6828 17.47 262.91 65.42 10.50 354.66
6829 17.88 190.87 15.17 7.40 362.22
6830 18.76 336.53 306.46 7.00 347.08
6831 19.10 239.90 222.41 6.70 352.16
6832 18.87 106.66 48.73 5.80 360.12
6833 18.56 81.41 272.89 5.50 344.86
6834 18.13 1.68 0.00 4.80 346.20
6835 17.70 0.00 0.00 4.30 346.20
6836 17.27 0.00 0.00 3.90 344.79
6837 16.85 0.00 0.00 3.40 346.17
6838 16.42 0.00 0.00 3.40 343.52
6839 15.99 0.00 0.00 3.20 340.68
6840 15.57 0.00 0.00 5.20 338.78
6841 15.02 0.00 0.00 5.00 344.64
6842 14.38 0.00 0.00 4.80 347.91
6843 13.47 0.00 0.00 7.00 344.91
6844 13.76 0.00 0.00 4.80 348.05
6845 13.65 0.00 0.00 4.10 350.31
6846 13.48 0.00 0.00 3.20 350.73
6847 13.61 6.57 0.00 3.10 352.96
6848 14.15 52.40 0.00 3.20 356.32
6849 14.44 68.63 0.00 3.10 359.16
6850 14.99 137.55 1.02 3.10 356.15
6851 15.33 139.97 0.00 2.60 355.26
6852 15.58 148.42 0.00 1.80 354.93
6853 15.71 137.90 0.00 2.00 356.46
6854 15.78 127.07 0.00 1.30 356.51
6855 15.61 71.06 0.00 0.60 357.39
6856 15.37 45.25 0.00 0.40 357.64
6857 15.08 23.47 0.00 0.30 354.33
6858 14.76 0.49 0.00 0.30 349.25
6859 14.43 0.00 0.00 0.20 342.81
6860 14.11 0.00 0.00 0.10 337.14
6861 13.79 0.00 0.00 0.40 332.83
6862 13.42 0.00 0.00 0.40 335.57
6863 13.11 0.00 0.00 0.10 332.00
6864 12.82 0.00 0.00 0.20 331.48
6865 12.61 0.00 0.00 0.30 329.41
6866 12.40 0.00 0.00 0.20 327.38
6867 12.20 0.00 0.00 0.60 322.57
6868 12.10 0.00 0.00 0.90 321.83
6869 12.00 0.00 0.00 1.30 320.27
6870 11.94 0.00 0.00 1.40 315.59
6871 12.26 10.54 0.00 1.80 315.51
6872 14.14 137.04 353.44 1.60 320.97
6873 14.87 147.27 95.83 1.60 326.50
6874 15.47 178.12 31.28 1.60 328.18
6875 16.51 292.91 156.29 2.00 323.86
6876 17.07 265.67 76.27 2.20 329.15
6877 17.65 305.71 125.56 1.40 328.48
6878 17.85 244.14 84.38 0.90 334.35
6879 17.72 173.47 67.90 1.60 337.41
6880 17.06 61.54 0.00 1.60 345.07
6881 16.32 18.68 0.00 1.40 347.07
6882 15.86 0.00 0.00 1.40 341.65
6883 15.40 0.00 0.00 1.30 341.61
6884 14.94 0.00 0.00 0.60 339.09
6885 14.48 0.00 0.00 0.50 338.06
6886 14.03 0.00 0.00 0.50 338.93
6887 13.57 0.00 0.00 0.20 333.82
6888 13.11 0.00 0.00 0.10 331.10
6889 12.62 0.00 0.00 0.10 330.37
6890 12.08 0.00 0.00 0.10 325.39
6891 11.54 0.00 0.00 0.20 321.86
6892 11.26 0.00 0.00 0.20 323.69
6893 10.97 0.00 0.00 0.40 318.70
6894 10.76 0.00 0.00 0.50 318.87
6895 11.05 11.27 0.00 1.10 320.46
6896 12.71 125.96 355.52 1.00 322.42
6897 13.72 174.80 188.32 1.60 334.96
6898 14.87 265.26 252.65 2.40 334.65
6899 15.40 240.91 73.26 1.80 340.70
6900 15.56 203.28 12.41 1.60 342.85
6901 15.74 222.74 45.75 2.00 339.07
6902 16.33 348.61 398.72 1.80 327.96
6903 16.53 274.42 493.67 2.60 330.43
6904 16.16 142.55 256.59 3.10 336.29
6905 15.45 55.73 180.43 2.60 333.56
6906 14.99 0.00 0.00 2.90 333.84
6907 14.53 0.00 0.00 2.00 333.39
6908 14.07 0.00 0.00 3.40 332.51
6909 13.61 0.00 0.00 3.70 333.45
6910 13.15 0.00 0.00 3.40 335.41
6911 12.69 0.00 0.00 3.70 331.54
6912 12.22 0.00 0.00 2.90 331.24
6913 12.01 0.00 0.00 3.70 332.54
6914 11.78 0.00 0.00 4.60 333.72
6915 11.55 0.00 0.00 4.60 331.96
6916 11.42 0.00 0.00 4.60 333.87
6917 11.30 0.00 0.00 5.20 334.12
6918 11.22 0.00 0.00 5.50 339.11
6919 11.06 2.76 0.00 6.00 341.26
6920 11.82 25.46 0.00 7.40 345.56
6921 12.35 64.82 0.00 8.10 345.22
6922 12.77 91.56 0.00 4.80 345.00
6923 13.10 109.66 0.00 4.80 346.90
6924 12.88 40.84 0.00 4.30 355.03
6925 12.50 42.67 0.00 4.10 356.56
6926 13.78 317.49 307.25 3.10 329.06
6927 14.31 255.58 434.95 3.70 324.37
6928 14.41 157.34 418.53 4.80 324.85
6929 14.06 50.90 211.52 8.10 324.18
6930 13.82 0.00 0.00 8.30 324.12
6931 13.57 0.00 0.00 6.40 322.51
6932 13.33 0.00 0.00 6.40 318.44
6933 13.08 0.00 0.00 7.70 318.37
6934 12.84 0.00 0.00 7.40 316.40
6935 12.60 0.00 0.00 7.70 314.50
6936 12.35 0.00 0.00 7.70 309.66
6937 12.17 0.00 0.00 6.70 307.61
6938 11.99 0.00 0.00 5.50 307.61
6939 11.81 0.00 0.00 8.10 306.03
6940 11.71 0.00 0.00 7.70 306.42
6941 11.62 0.00 0.00 5.80 306.17
6942 11.56 0.00 0.00 6.40 306.04
6943 11.50 9.03 0.00 7.40 307.41
6944 14.69 126.19 550.77 5.50 313.61
6945 16.07 235.87 476.31 5.50 318.27
6946 15.73 140.73 9.38 6.40 339.57
6947 16.00 209.42 34.28 7.40 334.62
6948 15.93 165.04 3.33 7.00 344.77
6949 16.18 233.71 65.43 6.70 339.20
6950 16.61 306.08 216.78 4.80 330.44
6951 15.66 25.88 0.00 5.50 356.76
6952 15.42 129.58 158.62 6.00 330.28
6953 14.91 55.00 234.74 5.20 329.88
6954 14.49 0.00 0.00 3.90 328.24
6955 14.08 0.00 0.00 3.90 328.27
6956 13.66 0.00 0.00 4.30 326.29
6957 13.25 0.00 0.00 2.40 327.07
6958 12.84 0.00 0.00 1.60 324.85
6959 12.42 0.00 0.00 0.90 327.14
6960 12.01 0.00 0.00 1.10 328.28
6961 11.59 0.00 0.00 1.40 325.40
6962 11.13 0.00 0.00 2.00 320.36
6963 10.66 0.00 0.00 2.90 316.49
6964 10.40 0.00 0.00 2.60 316.51
6965 10.14 0.00 0.00 1.30 314.00
6966 9.94 0.00 0.00 1.40 312.08
6967 9.75 8.34 0.00 0.90 312.08
6968 12.41 104.90 468.76 1.00 318.46
6969 14.09 239.40 695.04 1.60 319.31
6970 15.64 358.27 806.53 2.00 320.53
6971 16.82 426.42 802.76 2.20 316.74
6972 17.68 459.29 806.37 2.40 322.32
6973 18.15 438.25 759.18 3.70 321.16
6974 18.27 386.01 754.08 3.90 320.51
6975 17.93 292.33 702.50 3.70 320.59
6976 17.04 166.52 556.30 2.60 326.10
6977 15.75 37.13 158.99 3.20 327.22
6978 15.40 0.00 0.00 3.40 335.13
6979 15.05 0.00 0.00 6.00 334.59
6980 14.69 0.00 0.00 4.10 334.94
6981 14.34 0.00 0.00 4.30 337.99
6982 13.99 0.00 0.00 3.60 339.59
6983 13.64 0.00 0.00 3.20 341.89
6984 13.29 0.00 0.00 3.10 342.46
6985 13.12 0.00 0.00 3.40 347.91
6986 13.05 0.00 0.00 2.60 350.54
6987 12.92 0.00 0.00 2.00 351.92
6988 12.86 0.00 0.00 2.00 353.66
6989 12.79 0.00 0.00 1.40 355.40
6990 12.65 0.00 0.00 1.00 355.74
6991 12.70 0.85 0.00 1.80 359.14
6992 12.87 8.45 0.00 2.60 361.31
6993 12.65 20.45 0.00 2.90 360.31
6994 12.67 31.92 0.00 3.70 359.97
6995 13.06 39.34 0.00 3.60 357.04
6996 13.03 42.23 0.00 3.90 361.97
6997 13.26 43.20 0.00 3.60 361.39
6998 13.15 36.55 0.00 3.20 360.18
6999 13.01 28.31 0.00 3.60 361.58
7000 12.38 15.88 0.00 4.10 358.37
7001 11.37 4.29 0.00 4.30 351.39
7002 12.43 0.00 0.00 5.00 353.72
7003 12.80 0.00 0.00 4.80 347.63
7004 12.77 0.00 0.00 4.10 346.21
7005 12.63 0.00 0.00 2.90 341.64
7006 12.50 0.00 0.00 1.30 340.24
7007 12.25 0.00 0.00 0.40 334.76
7008 12.24 0.00 0.00 0.60 334.06
7009 11.62 0.00 0.00 2.00 333.97
7010 10.88 0.00 0.00 1.60 330.30
7011 10.14 0.00 0.00 2.20 326.49
7012 9.74 0.00 0.00 2.90 322.57
7013 9.34 0.00 0.00 2.40 318.69
7014 9.05 0.00 0.00 1.10 315.46
7015 8.77 6.12 0.00 0.70 309.94
7016 10.41 89.59 306.19 0.90 309.38
7017 11.49 208.56 443.96 0.60 309.71
7018 12.04 244.82 248.94 0.60 303.72
7019 12.76 344.55 439.76 1.40 302.46
7020 13.38 400.06 512.25 0.70 301.82
7021 13.56 331.13 294.10 0.70 306.95
7022 13.17 198.27 58.95 0.80 313.47
7023 12.66 147.41 58.64 2.20 311.45
7024 11.77 11.82 0.00 2.60 329.82
7025 11.03 8.14 0.00 2.00 324.84
7026 10.76 0.00 0.00 1.40 328.27
7027 10.49 0.00 0.00 0.40 325.22
7028 10.22 0.00 0.00 0.30 323.51
7029 9.96 0.00 0.00 0.30 324.87
7030 9.69 0.00 0.00 0.20 322.71
7031 9.42 0.00 0.00 0.40 324.28
7032 9.15 0.00 0.00 1.30 322.18
7033 9.13 0.00 0.00 0.90 324.74
7034 9.11 0.00 0.00 2.00 324.86
7035 9.09 0.00 0.00 2.60 327.03
7036 9.09 0.00 0.00 2.40 325.32
7037 9.08 0.00 0.00 2.60 323.09
7038 9.08 0.00 0.00 3.20 320.91
7039 9.08 4.03 0.00 2.60 318.65
7040 10.38 46.51 16.56 2.60 324.47
7041 12.06 166.62 271.08 2.90 314.59
7042 13.19 228.23 158.15 2.60 318.37
7043 14.34 310.78 325.16 2.60 315.99
7044 14.92 291.67 162.15 3.20 321.32
7045 14.61 168.00 8.09 3.90 332.02
7046 14.27 150.93 8.59 4.60 329.57
7047 14.36 207.13 234.53 6.40 315.04
7048 14.12 150.43 343.03 6.40 308.05
7049 13.27 7.40 0.00 6.40 309.04
7050 13.03 0.00 0.00 5.00 313.56
7051 12.79 0.00 0.00 5.80 316.55
7052 12.56 0.00 0.00 7.00 314.88
7053 12.32 0.00 0.00 7.40 320.52
7054 12.09 0.00 0.00 7.00 321.43
7055 11.85 0.00 0.00 7.40 320.77
7056 11.62 0.00 0.00 7.00 321.12
7057 11.34 0.00 0.00 7.00 320.95
7058 11.05 0.00 0.00 5.80 319.85
7059 10.76 0.00 0.00 5.20 320.75
7060 10.60 0.00 0.00 5.50 322.96
7061 10.44 0.00 0.00 6.00 324.30
7062 10.33 0.00 0.00 6.00 325.28
7063 10.12 1.45 0.00 6.00 327.96
7064 10.78 25.94 0.00 4.60 331.63
7065 11.21 68.95 0.00 4.30 331.03
7066 11.60 98.66 0.00 2.40 333.05
7067 11.92 124.96 0.00 2.00 323.03
7068 12.19 144.32 0.00 1.80 320.88
7069 12.24 112.25 0.00 1.60 326.77
7070 12.27 112.23 0.00 1.00 329.00
7071 11.61 81.82 0.00 1.60 336.64
7072 11.79 54.45 0.00 1.60 333.68
7073 11.61 12.69 0.00 1.80 333.30
7074 11.40 0.00 0.00 1.60 332.79
7075 11.15 0.00 0.00 1.40 332.00
7076 10.89 0.00 0.00 1.30 333.32
7077 10.63 0.00 0.00 0.80 330.97
7078 10.38 0.00 0.00 0.60 331.90
7079 10.12 0.00 0.00 1.60 335.90
7080 9.87 0.00 0.00 1.10 335.37
7081 9.60 0.00 0.00 0.70 337.73
7082 9.19 0.00 0.00 1.40 336.93
7083 9.38 0.00 0.00 2.20 338.73
7084 9.31 0.00 0.00 2.00 338.96
7085 9.24 0.00 0.00 0.90 339.20
7086 9.19 0.00 0.00 0.90 339.59
7087 9.15 0.87 0.00 1.10 339.32
7088 9.34 6.44 0.00 1.40 341.76
7089 9.68 29.97 0.00 2.90 339.22
7090 9.95 51.23 0.00 2.60 336.66
7091 10.30 72.57 0.00 2.60 333.08
7092 10.51 76.22 0.00 2.90 334.59
7093 10.67 79.19 0.00 2.90 337.89
7094 11.77 328.65 484.58 3.60 308.47
7095 12.30 240.60 540.47 4.60 309.07
7096 12.33 117.41 324.38 6.40 317.31
7097 11.93 23.64 36.03 4.60 316.14
7098 11.65 0.00 0.00 5.50 317.75
7099 11.38 0.00 0.00 5.00 313.83
7100 11.10 0.00 0.00 5.50 314.75
7101 10.83 0.00 0.00 4.80 318.71
7102 10.56 0.00 0.00 8.90 320.20
7103 10.28 0.00 0.00 7.00 319.56
7104 10.01 0.00 0.00 7.00 320.00
7105 9.68 0.00 0.00 5.80 320.11
7106 9.35 0.00 0.00 4.30 319.83
7107 9.02 0.00 0.00 4.80 320.11
7108 8.85 0.00 0.00 3.60 324.02
7109 8.68 0.00 0.00 4.10 324.75
7110 8.56 0.00 0.00 3.70 324.07
7111 8.44 0.96 0.00 3.60 322.93
7112 9.25 35.73 0.00 2.20 326.04
7113 9.67 67.95 0.00 3.60 326.09
7114 9.59 70.03 0.00 3.90 334.94
7115 9.87 71.46 0.00 2.40 334.76
7116 9.85 58.47 0.00 3.60 332.77
7117 10.18 145.82 1.25 4.60 325.08
7118 11.02 323.81 368.75 4.30 304.68
7119 11.20 174.48 161.43 2.20 318.80
7120 11.07 92.40 87.78 3.20 323.34
7121 10.68 20.49 3.02 2.90 321.96
7122 10.30 0.00 0.00 3.10 321.75
7123 9.92 0.00 0.00 3.70 321.20
7124 9.54 0.00 0.00 4.30 320.62
7125 9.16 0.00 0.00 3.40 320.38
7126 8.78 0.00 0.00 2.90 322.85
7127 8.40 0.00 0.00 2.20 320.41
7128 8.01 0.00 0.00 2.20 322.12
7129 7.68 0.00 0.00 1.30 320.09
7130 7.33 0.00 0.00 2.20 320.11
7131 6.98 0.00 0.00 1.80 318.58
7132 6.79 0.00 0.00 1.30 316.78
7133 6.58 0.00 0.00 1.30 319.75
7134 6.49 0.00 0.00 2.20 321.82
7135 6.36 0.48 0.00 2.00 322.29
7136 6.55 8.48 0.00 1.30 323.69
7137 6.71 23.38 0.00 1.00 323.77
7138 6.98 51.58 0.00 1.00 319.65
7139 7.06 55.04 0.00 2.20 321.48
7140 6.69 39.26 0.00 2.60 323.01
7141 7.01 42.85 0.00 2.60 320.43
7142 8.23 358.66 544.22 2.60 288.93
7143 8.73 255.91 692.20 1.80 291.97
7144 8.79 131.75 507.51 2.00 292.27
7145 8.43 20.96 22.73 0.80 291.37
7146 8.18 0.00 0.00 2.60 290.74
7147 7.93 0.00 0.00 2.20 291.09
7148 7.68 0.00 0.00 3.10 293.28
7149 7.42 0.00 0.00 4.10 289.81
7150 7.17 0.00 0.00 3.40 287.79
7151 6.92 0.00 0.00 3.40 287.75
7152 6.67 0.00 0.00 2.90 285.04
7153 6.48 0.00 0.00 4.10 285.35
7154 6.31 0.00 0.00 4.10 284.67
7155 6.13 0.00 0.00 4.80 282.81
7156 6.06 0.00 0.00 5.80 282.57
7157 5.98 0.00 0.00 5.20 280.42
7158 5.94 0.00 0.00 3.70 281.84
7159 5.89 1.63 0.00 3.60 280.49
7160 7.69 84.66 480.77 3.70 286.28
7161 8.82 190.66 575.85 3.20 289.93
7162 10.37 357.06 763.23 2.60 284.25
7163 11.20 365.33 595.54 2.20 295.50
7164 11.44 301.39 262.04 1.80 304.65
7165 11.20 215.45 75.79 1.30 309.54
7166 10.12 37.68 0.00 1.80 320.82
7167 9.45 66.94 0.00 0.70 316.62
7168 8.75 20.59 0.00 1.80 320.46
7169 8.15 7.07 0.00 2.20 319.91
7170 8.34 0.00 0.00 1.40 324.30
7171 8.52 0.00 0.00 1.60 326.77
7172 8.71 0.00 0.00 1.40 325.84
7173 8.90 0.00 0.00 1.60 327.93
7174 9.09 0.00 0.00 2.20 327.75
7175 9.28 0.00 0.00 1.10 326.09
7176 9.47 0.00 0.00 1.40 329.97
7177 8.59 0.00 0.00 0.80 332.92
7178 9.01 0.00 0.00 0.80 331.52
7179 9.24 0.00 0.00 0.40 329.12
7180 9.19 0.00 0.00 0.60 330.28
7181 9.22 0.00 0.00 0.70 332.57
7182 8.99 0.00 0.00 0.60 330.37
7183 9.04 0.45 0.00 1.30 328.56
7184 9.51 12.58 0.00 2.90 332.45
7185 9.86 39.15 0.00 1.80 328.83
7186 10.14 57.05 0.00 2.40 330.22
7187 10.45 82.43 0.00 1.80 329.72
7188 10.73 100.55 0.00 0.90 330.07
7189 10.92 101.81 0.00 2.00 327.19
7190 10.96 77.36 0.00 2.20 329.06
7191 10.85 62.93 0.00 2.00 332.43
7192 10.74 31.91 0.00 2.40 336.22
7193 10.51 5.54 0.00 3.40 335.09
7194 10.38 0.00 0.00 3.10 335.27
7195 10.26 0.00 0.00 2.60 333.30
7196 10.14 0.00 0.00 2.40 333.13
7197 10.01 0.00 0.00 2.60 330.94
7198 9.89 0.00 0.00 2.40 328.26
7199 9.77 0.00 0.00 2.60 326.59
7200 9.64 0.00 0.00 4.10 324.43
7201 9.52 0.00 0.00 5.20 322.27
7202 9.42 0.00 0.00 4.80 320.30
7203 9.33 0.00 0.00 3.90 315.69
7204 9.30 0.00 0.00 3.40 313.46
7205 9.27 0.00 0.00 2.40 311.93
7206 9.26 0.00 0.00 4.30 311.53
7207 9.25 0.89 0.00 4.60 308.55
7208 10.75 67.62 398.86 3.90 312.16
7209 12.19 197.53 476.80 3.60 307.92
7210 12.49 169.49 100.59 1.80 323.23
7211 13.45 316.30 439.40 2.40 313.79
7212 14.14 337.85 453.93 4.10 315.20
7213 14.40 280.21 248.46 4.10 320.43
7214 13.37 26.76 0.00 4.30 344.72
7215 12.69 46.00 0.00 2.60 336.05
7216 12.37 92.81 121.94 2.40 315.63
7217 11.83 15.31 0.00 3.40 316.12
7218 11.72 0.00 0.00 1.30 316.26
7219 11.61 0.00 0.00 0.90 317.06
7220 11.51 0.00 0.00 1.80 319.00
7221 11.40 0.00 0.00 1.10 321.93
7222 11.29 0.00 0.00 0.70 325.83
7223 11.18 0.00 0.00 0.80 332.59
7224 11.08 0.00 0.00 1.40 335.09
7225 10.83 0.00 0.00 1.10 333.00
7226 10.57 0.00 0.00 0.80 336.44
7227 10.32 0.00 0.00 1.30 340.59
7228 10.18 0.00 0.00 1.30 338.40
7229 10.05 0.00 0.00 1.00 338.21
7230 9.95 0.00 0.00 1.60 340.32
7231 9.86 0.00 0.00 1.40 339.46
7232 9.98 5.12 0.00 1.30 343.22
7233 10.92 79.08 5.51 1.10 331.65
7234 11.27 83.36 0.00 0.90 335.63
7235 11.78 136.47 2.24 0.90 331.71
7236 12.45 208.47 61.96 1.60 327.56
7237 12.98 228.60 118.88 1.80 325.22
7238 13.69 319.76 531.63 0.60 307.86
7239 13.77 180.13 292.61 2.00 318.48
7240 13.50 102.62 274.23 2.20 316.27
7241 12.88 9.27 0.00 3.20 311.95
7242 12.68 0.00 0.00 2.20 310.65
7243 12.48 0.00 0.00 2.60 312.28
7244 12.28 0.00 0.00 1.60 311.22
7245 12.08 0.00 0.00 2.40 313.51
7246 11.88 0.00 0.00 2.40 317.83
7247 11.67 0.00 0.00 2.90 316.88
7248 11.47 0.00 0.00 2.20 313.89
7249 11.32 0.00 0.00 2.00 312.06
7250 11.18 0.00 0.00 2.20 311.08
7251 11.04 0.00 0.00 2.20 308.78
7252 10.97 0.00 0.00 2.60 313.38
7253 10.91 0.00 0.00 2.20 313.42
7254 10.87 0.00 0.00 1.10 316.83
7255 10.83 0.00 0.00 2.00 317.52
7256 11.43 27.90 0.00 3.90 319.18
7257 12.10 90.22 30.28 5.20 320.18
7258 12.87 166.76 97.83 5.50 317.33
7259 13.21 156.85 16.71 6.00 325.48
7260 13.83 254.55 154.87 4.30 317.81
7261 14.03 192.46 41.86 6.40 328.84
7262 13.77 95.88 0.00 7.40 337.58
7263 13.31 36.29 0.00 8.10 342.34
7264 12.85 8.38 0.00 8.30 343.87
7265 12.42 4.58 0.00 8.90 346.98
7266 12.37 0.00 0.00 10.00 346.92
7267 12.28 0.00 0.00 9.40 346.15
7268 12.18 0.00 0.00 8.10 345.25
7269 12.09 0.00 0.00 7.70 341.66
7270 11.99 0.00 0.00 6.00 340.28
7271 11.90 0.00 0.00 5.80 338.91
7272 11.81 0.00 0.00 5.50 337.54
7273 11.67 0.00 0.00 4.80 336.71
7274 11.54 0.00 0.00 4.10 334.39
7275 11.42 0.00 0.00 5.00 335.59
7276 11.36 0.00 0.00 7.40 330.68
7277 11.31 0.00 0.00 6.00 327.21
7278 11.27 0.00 0.00 6.00 323.18
7279 11.24 0.00 0.00 6.00 324.67
7280 12.28 37.32 77.91 6.40 329.21
7281 12.84 77.18 4.51 4.60 330.79
7282 13.63 143.12 39.65 3.70 327.91
7283 14.67 235.24 169.08 4.30 324.85
7284 15.20 216.56 70.44 3.70 330.08
7285 15.49 203.11 80.07 4.60 332.14
7286 16.15 316.14 553.35 4.10 317.63
7287 16.25 200.90 467.34 3.90 323.11
7288 15.87 103.14 324.86 3.70 326.31
7289 15.14 10.16 0.00 2.40 327.92
7290 14.75 0.00 0.00 3.10 327.74
7291 14.37 0.00 0.00 3.40 330.21
7292 13.98 0.00 0.00 2.00 327.47
7293 13.60 0.00 0.00 2.00 324.15
7294 13.21 0.00 0.00 1.00 323.14
7295 12.82 0.00 0.00 0.40 322.91
7296 12.44 0.00 0.00 0.60 321.10
7297 12.16 0.00 0.00 0.80 323.23
7298 11.68 0.00 0.00 0.60 324.85
7299 11.21 0.00 0.00 0.60 322.80
7300 10.96 0.00 0.00 0.50 319.47
7301 10.71 0.00 0.00 0.30 322.60
7302 10.54 0.00 0.00 0.30 322.44
7303 10.36 0.00 0.00 0.20 322.26
7304 11.37 28.37 12.98 0.40 325.49
7305 12.85 110.86 117.85 0.40 332.03
7306 14.32 192.33 141.26 0.60 333.57
7307 15.51 244.84 163.90 0.50 334.07
7308 16.32 258.17 153.11 0.80 335.32
7309 16.46 193.85 51.95 0.40 339.66
7310 16.37 164.97 50.52 0.50 339.97
7311 16.12 141.20 150.53 0.30 337.03
7312 15.63 99.72 252.31 0.30 326.80
7313 15.18 8.94 0.00 0.20 326.63
7314 14.74 0.00 0.00 0.20 329.49
7315 14.30 0.00 0.00 0.40 331.78
7316 13.85 0.00 0.00 0.30 330.76
7317 13.41 0.00 0.00 0.20 331.48
7318 12.97 0.00 0.00 0.10 331.73
7319 12.52 0.00 0.00 0.50 333.71
7320 12.08 0.00 0.00 0.60 333.41
7321 11.75 0.00 0.00 0.40 332.03
7322 11.41 0.00 0.00 0.10 331.10
7323 11.07 0.00 0.00 0.20 330.20
7324 10.89 0.00 0.00 0.30 332.51
7325 10.71 0.00 0.00 0.40 331.82
7326 10.54 0.00 0.00 0.10 336.45
7327 10.46 0.00 0.00 0.10 337.73
7328 10.73 7.23 0.00 0.20 337.71
7329 11.33 38.38 0.00 0.20 338.81
7330 11.82 61.30 0.00 0.30 336.08
7331 12.18 73.68 0.00 0.50 338.61
7332 11.88 56.93 0.00 0.60 344.51
7333 12.13 46.19 0.00 0.90 344.16
7334 13.15 212.20 211.39 0.70 327.07
7335 13.49 142.83 125.79 0.70 331.59
7336 13.46 77.78 234.90 0.70 320.22
7337 13.10 7.62 0.00 0.70 322.45
7338 12.74 0.00 0.00 0.70 324.10
7339 12.38 0.00 0.00 0.50 325.39
7340 12.02 0.00 0.00 0.40 326.64
7341 11.66 0.00 0.00 0.90 328.44
7342 11.30 0.00 0.00 0.90 326.94
7343 10.93 0.00 0.00 0.70 324.44
7344 10.57 0.00 0.00 0.90 321.30
7345 10.28 0.00 0.00 0.90 321.60
7346 9.95 0.00 0.00 1.80 320.98
7347 9.63 0.00 0.00 1.40 320.20
7348 9.37 0.00 0.00 2.70 322.42
7349 9.26 0.00 0.00 2.50 325.99
7350 9.13 0.00 0.00 2.00 324.99
7351 9.00 0.00 0.00 2.00 327.15
7352 9.64 17.10 0.00 1.20 329.68
7353 10.16 44.92 0.00 1.60 329.79
7354 11.05 101.20 0.00 1.40 325.77
7355 11.61 114.49 0.00 1.20 327.32
7356 12.49 185.02 38.83 1.10 323.08
7357 12.95 166.88 19.04 1.60 324.64
7358 13.10 137.65 13.21 2.00 324.86
7359 13.09 114.71 51.13 2.99 317.46
7360 12.60 49.20 17.81 4.29 318.57
7361 12.36 3.43 0.00 4.29 316.82
7362 12.11 0.00 0.00 5.89 315.60
7363 11.87 0.00 0.00 4.29 314.94
7364 11.63 0.00 0.00 4.09 315.87
7365 11.39 0.00 0.00 3.79 313.64
7366 11.15 0.00 0.00 4.09 316.45
7367 10.91 0.00 0.00 5.39 319.35
7368 10.67 0.00 0.00 3.49 318.69
7369 10.57 0.00 0.00 2.50 320.15
7370 10.43 0.00 0.00 3.19 328.51
7371 9.90 0.00 0.00 4.29 329.40
7372 9.98 0.00 0.00 4.59 331.81
7373 10.13 0.00 0.00 5.09 332.94
7374 10.14 0.00 0.00 5.09 335.64
7375 10.09 0.00 0.00 5.09 335.03
7376 10.50 10.65 0.00 5.09 336.90
7377 10.87 31.24 0.00 4.09 336.85
7378 11.29 50.68 0.00 3.79 339.26
7379 11.69 72.28 0.00 5.09 336.79
7380 12.04 91.46 0.00 6.49 342.17
7381 12.32 96.58 0.00 7.19 340.99
7382 12.48 81.08 0.00 6.49 340.42
7383 12.38 53.26 0.00 6.99 343.27
7384 12.08 25.25 0.00 6.79 345.00
7385 12.06 2.44 0.00 5.39 343.39
7386 12.04 0.00 0.00 3.49 342.15
7387 12.03 0.00 0.00 3.29 343.01
7388 11.86 0.00 0.00 3.79 346.90
7389 11.90 0.00 0.00 4.79 349.19
7390 10.99 0.00 0.00 3.49 344.68
7391 11.75 0.00 0.00 4.79 349.12
7392 11.83 0.00 0.00 3.79 347.92
7393 12.02 0.00 0.00 2.99 350.63
7394 12.15 0.00 0.00 3.19 351.37
7395 12.28 0.00 0.00 3.79 352.12
7396 12.37 0.00 0.00 2.99 352.64
7397 12.47 0.00 0.00 2.99 353.16
7398 12.32 0.00 0.00 3.29 352.27
7399 12.57 0.00 0.00 2.70 352.83
7400 12.89 4.18 0.00 2.99 355.59
7401 13.84 38.95 0.00 4.29 357.69
7402 14.69 68.38 0.00 4.59 358.88
7403 14.62 27.39 0.00 3.49 366.88
7404 14.83 49.52 0.00 5.59 364.43
7405 14.81 29.31 0.00 5.39 364.93
7406 16.40 246.17 296.21 4.09 339.89
7407 17.38 211.42 579.38 4.09 337.08
7408 17.48 92.10 427.43 2.30 346.38
7409 17.09 7.94 0.00 2.50 343.20
7410 16.70 0.00 0.00 3.79 339.88
7411 16.32 0.00 0.00 5.09 339.69
7412 15.93 0.00 0.00 4.79 334.94
7413 15.54 0.00 0.00 5.39 334.50
7414 15.15 0.00 0.00 4.59 329.98
7415 14.77 0.00 0.00 4.29 325.36
7416 14.38 0.00 0.00 3.79 325.95
7417 13.76 0.00 0.00 4.29 323.39
7418 13.19 0.00 0.00 2.30 321.51
7419 12.61 0.00 0.00 1.60 321.27
7420 12.35 0.00 0.00 2.50 320.86
7421 12.08 0.00 0.00 1.40 320.08
7422 11.92 0.00 0.00 2.99 320.24
7423 11.76 0.00 0.00 3.19 320.62
7424 12.54 26.78 76.98 1.40 322.13
7425 13.85 118.78 342.97 2.00 324.32
7426 15.04 198.00 369.51 2.10 322.76
7427 16.02 249.96 339.67 1.40 325.44
7428 16.76 275.94 346.79 1.40 324.06
7429 17.28 277.45 401.79 1.10 324.47
7430 17.35 198.16 189.30 1.80 329.68
7431 16.86 101.33 48.74 2.50 340.21
7432 16.00 6.75 0.00 3.29 355.22
7433 15.38 2.46 0.00 2.50 351.20
7434 14.76 0.00 0.00 1.80 348.99
7435 14.15 0.00 0.00 1.60 344.69
7436 13.53 0.00 0.00 1.40 343.42
7437 12.91 0.00 0.00 1.80 338.05
7438 12.29 0.00 0.00 2.70 337.17
7439 11.67 0.00 0.00 3.29 334.55
7440 11.05 0.00 0.00 4.09 332.25
7441 10.25 0.00 0.00 3.79 330.28
7442 9.36 0.00 0.00 4.09 326.11
7443 8.48 0.00 0.00 6.49 323.29
7444 8.00 0.00 0.00 5.09 319.01
7445 7.52 0.00 0.00 5.09 315.17
7446 7.17 0.00 0.00 4.29 313.83
7447 6.82 0.00 0.00 3.79 310.16
7448 7.68 26.12 74.50 3.29 311.74
7449 8.67 86.19 66.80 2.79 313.64
7450 9.73 152.26 105.23 3.49 311.31
7451 10.86 223.23 174.56 3.29 313.05
7452 11.77 260.71 317.50 2.99 310.16
7453 12.31 254.18 314.29 3.79 308.82
7454 12.71 260.11 479.86 2.99 306.50
7455 12.74 204.86 643.92 2.99 305.61
7456 12.01 86.39 486.85 3.29 309.91
7457 11.45 5.19 0.00 2.79 309.58
7458 10.89 0.00 0.00 3.19 309.71
7459 10.33 0.00 0.00 4.09 309.10
7460 9.77 0.00 0.00 4.59 308.92
7461 9.21 0.00 0.00 4.59 307.17
7462 8.65 0.00 0.00 6.49 306.46
7463 8.10 0.00 0.00 5.89 307.88
7464 7.54 0.00 0.00 4.59 309.22
7465 7.31 0.00 0.00 4.09 308.49
7466 7.05 0.00 0.00 4.79 308.68
7467 6.79 0.00 0.00 4.29 309.81
7468 6.64 0.00 0.00 5.59 310.57
7469 6.49 0.00 0.00 4.09 308.96
7470 6.38 0.00 0.00 3.49 311.78
7471 6.27 0.00 0.00 5.09 313.54
7472 6.49 7.39 0.00 3.79 316.30
7473 6.87 30.79 0.00 1.80 316.44
7474 7.30 58.85 0.00 2.30 311.98
7475 7.63 74.36 0.00 1.20 315.02
7476 7.91 87.94 0.00 1.10 313.38
7477 8.04 79.96 0.00 2.30 315.03
7478 8.07 71.13 0.00 2.70 316.75
7479 7.95 53.10 0.00 3.49 319.63
7480 7.35 17.33 0.00 4.29 319.43
7481 6.84 1.24 0.00 2.79 318.93
7482 7.56 0.00 0.00 3.19 319.12
7483 7.60 0.00 0.00 4.09 320.90
7484 7.57 0.00 0.00 4.59 321.46
7485 7.41 0.00 0.00 4.09 318.32
7486 7.31 0.00 0.00 4.29 316.52
7487 7.39 0.00 0.00 4.79 318.36
7488 7.42 0.00 0.00 3.79 316.30
7489 7.58 0.00 0.00 3.79 321.85
7490 7.26 0.00 0.00 3.29 319.83
7491 7.73 0.00 0.00 2.10 317.68
7492 7.89 0.00 0.00 1.80 320.27
7493 8.01 0.00 0.00 1.80 320.11
7494 8.11 0.00 0.00 2.10 320.55
7495 8.17 0.00 0.00 2.30 322.64
7496 8.64 10.53 0.00 3.79 323.90
7497 9.71 58.81 0.53 3.79 323.04
7498 10.66 98.78 3.14 5.39 324.67
7499 11.35 118.34 0.74 5.59 329.27
7500 11.80 121.48 0.00 6.19 332.69
7501 11.75 76.10 0.00 5.89 337.71
7502 11.50 54.46 0.00 3.29 336.79
7503 11.17 40.11 0.00 3.79 334.21
7504 10.77 20.30 0.00 5.39 337.53
7505 10.78 1.24 0.00 5.09 335.13
7506 10.79 0.00 0.00 3.49 332.04
7507 10.80 0.00 0.00 4.59 333.26
7508 10.81 0.00 0.00 3.19 332.48
7509 10.82 0.00 0.00 2.70 335.67
7510 10.83 0.00 0.00 2.70 335.17
7511 10.84 0.00 0.00 2.00 335.31
7512 10.85 0.00 0.00 2.50 336.26
7513 10.79 0.00 0.00 3.29 334.33
7514 10.74 0.00 0.00 4.29 335.25
7515 10.70 0.00 0.00 3.79 333.22
7516 10.69 0.00 0.00 2.99 335.51
7517 10.68 0.00 0.00 3.29 335.51
7518 10.68 0.00 0.00 4.09 334.79
7519 10.68 0.00 0.00 3.49 333.55
7520 11.26 14.11 0.00 4.09 334.60
7521 11.86 42.92 0.00 4.09 333.66
7522 12.26 56.95 0.00 4.29 336.28
7523 13.08 118.33 2.17 4.09 335.04
7524 14.21 196.56 102.25 2.99 331.66
7525 14.79 169.77 50.69 2.70 336.41
7526 14.97 127.21 23.58 3.79 339.45
7527 14.48 43.91 0.00 2.99 350.05
7528 13.96 23.66 0.00 3.49 347.59
7529 13.76 1.28 0.00 2.99 346.42
7530 13.57 0.00 0.00 2.30 341.96
7531 13.38 0.00 0.00 1.80 341.93
7532 13.19 0.00 0.00 1.40 344.69
7533 12.96 0.00 0.00 0.80 346.48
7534 12.80 0.00 0.00 0.70 348.40
7535 12.44 0.00 0.00 0.90 343.88
7536 12.42 0.00 0.00 1.20 347.12
7537 12.13 0.00 0.00 1.60 345.93
7538 11.87 0.00 0.00 2.30 344.88
7539 11.61 0.00 0.00 2.50 343.83
7540 11.49 0.00 0.00 2.50 343.61
7541 11.37 0.00 0.00 1.80 343.39
7542 11.30 0.00 0.00 2.10 343.48
7543 11.23 0.00 0.00 2.10 344.19
7544 11.78 13.22 0.00 1.80 350.38
7545 11.74 9.75 0.00 2.10 348.61
7546 11.85 18.17 0.00 2.10 343.39
7547 12.67 92.40 0.00 2.70 336.13
7548 13.98 193.13 100.78 2.10 328.11
7549 14.63 157.81 50.98 2.79 333.53
7550 15.72 266.26 531.97 2.99 315.03
7551 15.85 129.57 209.30 2.99 326.80
7552 15.51 61.74 179.17 2.70 327.57
7553 15.01 2.24 0.00 1.60 325.50
7554 14.51 0.00 0.00 2.00 325.81
7555 14.01 0.00 0.00 1.80 323.66
7556 13.50 0.00 0.00 1.80 321.42
7557 13.00 0.00 0.00 2.30 320.54
7558 12.50 0.00 0.00 2.00 319.35
7559 12.00 0.00 0.00 3.19 317.73
7560 11.50 0.00 0.00 5.59 316.79
7561 10.89 0.00 0.00 4.79 313.58
7562 10.28 0.00 0.00 4.79 310.51
7563 9.68 0.00 0.00 3.49 311.98
7564 9.37 0.00 0.00 3.79 309.37
7565 9.07 0.00 0.00 4.29 307.07
7566 8.87 0.00 0.00 3.49 307.94
7567 8.67 0.00 0.00 3.79 308.13
7568 9.34 18.72 0.00 5.39 310.36
7569 11.15 120.06 520.18 5.09 315.59
7570 13.04 227.84 712.46 4.79 310.78
7571 14.71 308.16 802.38 2.99 309.53
7572 15.97 344.95 834.52 2.70 312.46
7573 16.68 322.71 731.32 3.49 316.38
7574 16.80 247.35 610.05 3.49 320.42
7575 16.23 151.67 434.98 4.79 324.29
7576 15.14 57.51 279.95 5.59 325.61
7577 14.41 1.14 0.00 4.59 324.70
7578 13.67 0.00 0.00 4.59 324.20
7579 12.94 0.00 0.00 4.29 321.92
7580 12.20 0.00 0.00 6.49 318.46
7581 11.46 0.00 0.00 5.59 316.22
7582 10.73 0.00 0.00 5.89 311.79
7583 9.99 0.00 0.00 5.89 307.49
7584 9.25 0.00 0.00 6.79 305.83
7585 8.51 0.00 0.00 4.59 305.81
7586 7.73 0.00 0.00 6.49 301.86
7587 6.94 0.00 0.00 6.49 299.92
7588 6.52 0.00 0.00 6.79 298.26
7589 6.10 0.00 0.00 5.39 294.47
7590 5.80 0.00 0.00 4.59 292.99
7591 5.51 0.00 0.00 3.79 290.91
7592 6.13 21.22 24.41 3.49 293.26
7593 7.51 111.63 472.80 3.19 298.63
7594 9.03 215.18 544.92 3.79 297.98
7595 9.85 226.07 291.29 4.79 307.60
7596 10.98 329.40 666.37 4.29 299.97
7597 11.65 317.57 585.91 5.09 300.17
7598 11.00 125.02 43.66 5.09 323.49
7599 10.34 101.61 109.22 5.89 320.60
7600 9.59 63.09 210.78 5.89 310.39
7601 9.21 1.18 0.00 5.09 307.55
7602 8.83 0.00 0.00 5.89 305.55
7603 8.46 0.00 0.00 5.09 302.07
7604 8.08 0.00 0.00 3.79 301.81
7605 7.71 0.00 0.00 3.29 301.95
7606 7.33 0.00 0.00 2.10 302.03
7607 6.96 0.00 0.00 2.10 298.65
7608 6.58 0.00 0.00 1.80 299.33
7609 6.41 0.00 0.00 1.60 298.45
7610 6.33 0.00 0.00 0.90 296.88
7611 6.24 0.00 0.00 1.10 295.34
7612 6.23 0.00 0.00 0.90 294.18
7613 6.22 0.00 0.00 1.30 293.80
7614 6.25 0.00 0.00 1.20 293.92
7615 6.27 0.00 0.00 1.40 293.34
7616 6.96 18.52 0.00 1.60 295.16
7617 8.42 102.01 346.00 2.50 295.94
7618 10.04 199.65 519.18 2.50 294.87
7619 11.51 274.92 614.68 2.30 294.57
7620 12.65 309.98 600.19 1.60 297.00
7621 12.97 224.04 234.93 1.60 308.92
7622 12.19 81.75 0.00 1.40 327.37
7623 11.13 11.67 0.00 1.00 331.74
7624 10.28 4.39 0.00 1.80 329.52
7625 9.90 0.00 0.00 1.40 326.17
7626 9.52 0.00 0.00 2.10 323.49
7627 9.14 0.00 0.00 1.40 325.63
7628 8.77 0.00 0.00 2.50 319.63
7629 8.39 0.00 0.00 2.50 316.66
7630 8.01 0.00 0.00 2.70 316.72
7631 7.64 0.00 0.00 2.50 315.21
7632 7.26 0.00 0.00 3.29 310.43
7633 6.52 0.00 0.00 3.19 310.06
7634 5.79 0.00 0.00 2.50 309.99
7635 5.04 0.00 0.00 3.19 306.69
7636 4.63 0.00 0.00 3.19 304.74
7637 4.23 0.00 0.00 4.59 301.72
7638 3.94 0.00 0.00 5.39 297.81
7639 3.65 0.00 0.00 3.49 296.31
7640 3.77 6.79 0.00 2.70 296.93
7641 4.32 53.97 16.99 2.10 292.53
7642 4.85 98.54 19.96 1.80 290.60
7643 5.70 195.39 202.48 2.79 283.05
7644 6.13 183.67 103.46 2.99 290.02
7645 6.20 137.39 20.15 2.30 294.97
7646 5.94 78.44 0.00 3.19 296.21
7647 5.54 42.69 0.00 2.50 298.30
7648 5.19 38.92 60.45 2.79 295.64
7649 4.84 0.00 0.00 2.50 288.05
7650 4.49 0.00 0.00 2.10 288.50
7651 4.14 0.00 0.00 2.50 285.60
7652 3.79 0.00 0.00 2.30 284.31
7653 3.44 0.00 0.00 2.70 279.56
7654 3.09 0.00 0.00 2.00 278.21
7655 2.74 0.00 0.00 2.00 273.93
7656 2.39 0.00 0.00 1.60 271.62
7657 2.26 0.00 0.00 1.20 270.95
7658 2.12 0.00 0.00 2.10 271.60
7659 1.98 0.00 0.00 1.00 270.74
7660 1.90 0.00 0.00 1.00 268.98
7661 1.82 0.00 0.00 0.90 266.16
7662 1.76 0.00 0.00 1.00 265.14
7663 1.70 0.00 0.00 2.50 262.60
7664 2.36 16.98 0.00 1.80 264.54
7665 4.16 108.59 291.13 2.50 266.47
7666 4.72 106.64 56.62 2.70 283.55
7667 4.93 100.28 0.00 2.99 288.04
7668 4.45 25.07 0.00 4.09 296.48
7669 5.49 230.77 233.78 4.09 274.73
7670 5.87 168.31 186.64 2.99 275.47
7671 5.67 85.99 57.09 2.99 278.55
7672 4.90 4.46 0.00 2.99 280.71
7673 4.79 0.00 0.00 2.70 280.05
7674 4.67 0.00 0.00 3.79 278.22
7675 4.56 0.00 0.00 2.50 277.98
7676 4.45 0.00 0.00 2.79 277.34
7677 4.34 0.00 0.00 3.19 277.15
7678 4.23 0.00 0.00 4.59 275.61
7679 4.11 0.00 0.00 5.09 277.90
7680 4.00 0.00 0.00 6.19 278.58
7681 3.96 0.00 0.00 5.39 281.26
7682 3.90 0.00 0.00 4.09 279.40
7683 3.84 0.00 0.00 4.59 275.23
7684 3.80 0.00 0.00 4.29 274.61
7685 3.76 0.00 0.00 5.59 275.45
7686 3.73 0.00 0.00 4.59 276.02
7687 3.70 0.00 0.00 4.09 275.22
7688 4.09 10.10 0.00 3.79 278.08
7689 5.67 89.26 200.78 4.59 282.10
7690 5.98 74.19 0.00 4.29 297.98
7691 6.85 145.67 66.05 4.29 292.95
7692 8.02 226.58 289.84 4.79 289.79
7693 8.60 196.86 176.66 3.79 292.16
7694 8.96 190.05 289.60 2.50 285.08
7695 8.48 78.68 40.73 1.30 299.58
7696 7.53 4.28 0.00 1.20 298.49
7697 7.63 0.00 0.00 1.80 299.45
7698 7.74 0.00 0.00 1.80 302.71
7699 7.85 0.00 0.00 1.20 303.65
7700 7.96 0.00 0.00 1.30 303.64
7701 8.07 0.00 0.00 1.30 305.69
7702 8.18 0.00 0.00 0.50 307.10
7703 8.29 0.00 0.00 1.00 308.07
7704 8.40 0.00 0.00 0.90 309.18
7705 8.45 0.00 0.00 0.70 309.80
7706 8.56 0.00 0.00 0.70 310.35
7707 8.67 0.00 0.00 0.40 314.45
7708 8.75 0.00 0.00 0.70 315.01
7709 8.83 0.00 0.00 1.20 311.66
7710 8.90 0.00 0.00 0.90 313.57
7711 8.97 0.00 0.00 1.00 310.16
7712 9.25 5.25 0.00 1.80 306.54
7713 10.49 60.67 95.89 2.79 306.13
7714 11.26 83.50 3.65 1.80 310.60
7715 11.85 100.17 0.00 1.80 312.36
7716 12.21 97.85 0.00 1.60 317.11
7717 13.06 181.27 150.45 1.60 308.21
7718 13.25 110.94 20.32 1.80 315.76
7719 12.90 47.53 0.00 2.30 318.70
7720 12.36 12.24 0.00 2.70 319.51
7721 12.06 0.00 0.00 2.79 316.52
7722 11.76 0.00 0.00 2.50 313.44
7723 11.47 0.00 0.00 2.00 314.75
7724 11.17 0.00 0.00 2.10 313.80
7725 10.87 0.00 0.00 2.79 312.15
7726 10.58 0.00 0.00 3.49 308.98
7727 10.17 0.00 0.00 2.79 320.88
7728 9.96 0.00 0.00 2.79 325.53
7729 9.28 0.00 0.00 2.10 324.43
7730 8.48 0.00 0.00 2.10 319.92
7731 7.68 0.00 0.00 2.00 315.44
7732 7.23 0.00 0.00 1.60 312.92
7733 6.75 0.00 0.00 1.20 307.76
7734 6.32 0.00 0.00 0.90 307.91
7735 5.99 0.00 0.00 1.20 306.14
7736 5.66 3.85 0.00 1.80 304.21
7737 6.01 33.04 0.00 2.50 303.51
7738 6.16 69.34 0.00 2.50 299.91
7739 6.36 117.12 14.78 2.00 296.88
7740 6.33 95.93 0.00 1.40 304.25
7741 6.25 83.23 0.00 1.00 308.92
7742 6.15 81.09 0.00 1.40 305.92
7743 6.01 68.55 10.53 1.30 300.90
7744 5.74 18.25 0.00 1.30 298.50
7745 5.48 0.00 0.00 1.40 299.90
7746 5.21 0.00 0.00 2.00 300.28
7747 4.95 0.00 0.00 1.80 296.83
7748 4.69 0.00 0.00 3.19 295.26
7749 4.42 0.00 0.00 3.29 295.16
7750 4.16 0.00 0.00 3.79 299.90
7751 3.82 0.00 0.00 4.09 300.61
7752 3.32 0.00 0.00 4.09 299.20
7753 3.75 0.00 0.00 2.70 302.11
7754 3.86 0.00 0.00 4.09 303.28
7755 3.97 0.00 0.00 5.09 304.44
7756 4.02 0.00 0.00 4.29 302.38
7757 4.05 0.00 0.00 3.19 301.58
7758 4.07 0.00 0.00 2.99 301.44
7759 4.06 0.00 0.00 2.70 298.05
7760 2.51 1.92 0.00 2.30 299.21
7761 4.59 16.06 0.00 1.40 311.23
7762 5.30 33.83 0.00 1.80 310.02
7763 5.53 46.20 0.00 2.99 309.35
7764 5.75 54.77 0.00 2.00 308.59
7765 5.81 51.91 0.00 1.10 309.77
7766 5.70 39.71 0.00 2.79 313.15
7767 5.00 27.07 0.00 1.60 310.92
7768 4.94 7.59 0.00 2.00 312.63
7769 5.30 0.00 0.00 2.00 314.91
7770 5.71 0.00 0.00 1.40 315.56
7771 5.99 0.00 0.00 1.80 315.67
7772 6.29 0.00 0.00 1.80 315.79
7773 6.56 0.00 0.00 1.40 320.42
7774 6.74 0.00 0.00 2.30 318.27
7775 6.99 0.00 0.00 2.30 321.18
7776 7.18 0.00 0.00 1.10 321.06
7777 7.24 0.00 0.00 1.10 325.73
7778 7.33 0.00 0.00 1.60 323.45
7779 7.42 0.00 0.00 2.30 323.09
7780 7.49 0.00 0.00 3.79 323.61
7781 7.57 0.00 0.00 3.49 326.94
7782 7.64 0.00 0.00 4.09 328.78
7783 7.71 0.00 0.00 3.49 326.94
7784 7.78 4.79 0.00 2.70 329.23
7785 8.11 7.55 0.00 2.50 328.48
7786 11.60 193.03 414.02 3.29 307.51
7787 13.79 273.54 500.12 5.09 300.87
7788 11.78 26.24 0.00 3.29 336.60
7789 11.78 120.08 36.94 3.19 321.28
7790 13.08 243.08 553.85 4.79 298.06
7791 13.18 148.93 632.07 4.09 302.43
7792 12.48 47.90 407.04 6.49 299.89
7793 12.25 0.00 0.00 7.39 300.50
7794 12.01 0.00 0.00 8.78 300.78
7795 11.78 0.00 0.00 8.48 301.57
7796 11.54 0.00 0.00 9.08 300.62
7797 11.30 0.00 0.00 9.68 299.76
7798 11.07 0.00 0.00 10.38 300.14
7799 10.83 0.00 0.00 10.38 305.90
7800 10.60 0.00 0.00 9.38 304.95
7801 10.14 0.00 0.00 11.78 308.11
7802 9.67 0.00 0.00 13.18 309.45
7803 9.21 0.00 0.00 11.18 309.96
7804 8.98 0.00 0.00 10.38 305.76
7805 8.75 0.00 0.00 9.08 304.95
7806 8.51 0.00 0.00 7.39 304.43
7807 8.36 0.00 0.00 9.08 307.24
7808 8.20 5.44 0.00 9.08 310.29
7809 9.36 48.89 82.55 9.68 313.03
7810 11.06 193.07 477.52 7.99 299.62
7811 11.72 204.97 380.61 8.78 307.96
7812 12.10 213.49 324.20 9.68 308.70
7813 12.27 200.90 269.39 7.69 309.28
7814 11.78 100.20 19.49 8.48 321.63
7815 10.92 11.04 0.00 8.19 333.59
7816 10.32 19.26 0.00 7.49 333.70
7817 9.95 0.00 0.00 7.69 330.26
7818 9.58 0.00 0.00 7.19 327.68
7819 9.20 0.00 0.00 7.69 323.58
7820 8.83 0.00 0.00 6.49 320.18
7821 8.46 0.00 0.00 6.79 318.12
7822 8.09 0.00 0.00 7.99 315.63
7823 7.72 0.00 0.00 6.99 312.68
7824 7.35 0.00 0.00 6.79 309.90
7825 6.98 0.00 0.00 5.89 308.64
7826 6.60 0.00 0.00 6.19 307.26
7827 6.22 0.00 0.00 6.79 302.94
7828 6.02 0.00 0.00 5.39 302.98
7829 5.81 0.00 0.00 6.49 301.39
7830 5.61 0.00 0.00 5.89 298.57
7831 5.47 0.00 0.00 5.09 297.32
7832 5.33 7.20 0.00 3.79 294.32
7833 7.01 63.73 122.61 3.49 298.84
7834 6.34 14.65 0.00 2.79 320.78
7835 7.57 180.23 226.11 1.60 300.32
7836 8.29 196.87 209.87 2.10 300.86
7837 9.30 305.62 522.07 1.60 288.13
7838 8.58 59.93 0.00 2.00 319.61
7839 8.31 98.86 113.02 2.00 304.56
7840 7.64 16.83 0.00 1.10 299.59
7841 7.53 0.00 0.00 1.20 299.21
7842 7.41 0.00 0.00 1.10 301.67
7843 7.30 0.00 0.00 1.40 303.66
7844 7.19 0.00 0.00 2.50 300.97
7845 7.08 0.00 0.00 2.70 299.90
7846 6.97 0.00 0.00 1.80 297.19
7847 6.86 0.00 0.00 2.50 299.45
7848 6.75 0.00 0.00 2.30 298.24
7849 6.72 0.00 0.00 2.50 299.01
7850 6.78 0.00 0.00 2.50 298.17
7851 6.83 0.00 0.00 2.99 299.05
7852 6.91 0.00 0.00 5.09 298.86
7853 6.98 0.00 0.00 6.19 300.21
7854 7.05 0.00 0.00 4.29 299.76
7855 7.13 0.00 0.00 4.79 296.64
7856 7.21 3.86 0.00 5.09 294.17
7857 9.58 82.08 483.94 6.49 298.27
7858 11.10 185.21 690.18 7.19 296.65
7859 12.42 266.83 496.30 6.19 295.76
7860 11.03 53.43 0.00 7.69 323.84
7861 10.18 47.09 0.00 6.49 324.60
7862 10.56 164.36 248.28 6.79 305.11
7863 10.35 88.43 93.09 5.59 311.55
7864 9.92 40.37 185.87 4.59 308.38
7865 9.80 0.00 0.00 5.39 307.41
7866 9.67 0.00 0.00 4.29 305.14
7867 9.54 0.00 0.00 5.09 304.66
7868 9.41 0.00 0.00 5.89 304.84
7869 9.29 0.00 0.00 5.89 306.58
7870 9.16 0.00 0.00 7.99 302.52
7871 9.03 0.00 0.00 7.19 301.03
7872 8.90 0.00 0.00 6.49 300.31
7873 8.44 0.00 0.00 5.89 296.98
7874 7.93 0.00 0.00 4.29 296.98
7875 7.42 0.00 0.00 1.80 299.18
7876 7.14 0.00 0.00 2.70 298.11
7877 6.86 0.00 0.00 2.10 299.21
7878 6.59 0.00 0.00 2.79 298.77
7879 6.39 0.00 0.00 5.39 295.23
7880 6.19 3.71 0.00 7.99 295.38
7881 8.44 74.86 424.47 5.39 302.75
7882 10.03 181.83 686.93 5.59 300.88
7883 11.37 263.55 783.82 6.49 297.94
7884 12.33 304.59 817.47 3.49 300.03
7885 12.83 294.80 809.56 4.79 301.92
7886 12.82 231.30 749.03 3.29 306.49
7887 12.13 138.15 618.36 3.49 306.55
7888 10.89 27.75 111.64 2.50 304.00
7889 10.56 0.00 0.00 2.10 301.61
7890 10.23 0.00 0.00 1.30 302.85
7891 9.90 0.00 0.00 1.80 299.67
7892 9.58 0.00 0.00 1.80 299.27
7893 9.25 0.00 0.00 2.50 296.80
7894 8.92 0.00 0.00 1.40 296.37
7895 8.59 0.00 0.00 1.10 295.43
7896 8.26 0.00 0.00 1.00 295.20
7897 8.10 0.00 0.00 1.00 295.31
7898 7.94 0.00 0.00 1.00 297.48
7899 7.78 0.00 0.00 0.70 297.07
7900 7.71 0.00 0.00 0.60 297.92
7901 7.63 0.00 0.00 0.60 300.66
7902 7.56 0.00 0.00 0.60 300.05
7903 7.51 0.00 0.00 0.60 298.26
7904 7.46 4.71 0.00 0.50 297.67
7905 9.89 72.83 381.88 1.10 304.03
7906 11.51 169.48 383.99 1.40 306.61
7907 10.75 52.68 0.00 1.30 332.68
7908 10.76 99.10 0.00 1.40 323.68
7909 11.73 242.59 417.87 2.50 303.52
7910 11.10 60.23 0.00 1.40 325.69
7911 11.23 132.08 326.48 2.00 302.49
7912 10.66 37.36 284.37 2.10 304.39
7913 10.35 0.00 0.00 1.60 303.69
7914 10.04 0.00 0.00 1.80 303.71
7915 9.74 0.00 0.00 1.40 304.37
7916 9.43 0.00 0.00 1.10 304.12
7917 9.12 0.00 0.00 1.80 308.07
7918 8.81 0.00 0.00 1.30 309.81
7919 8.50 0.00 0.00 0.90 310.38
7920 8.19 0.00 0.00 0.70 309.75
7921 7.86 0.00 0.00 0.90 309.37
7922 7.51 0.00 0.00 0.90 307.48
7923 7.16 0.00 0.00 1.30 308.00
7924 6.98 0.00 0.00 1.40 311.23
7925 6.80 0.00 0.00 1.80 312.52
7926 6.61 0.00 0.00 1.20 314.00
7927 6.49 0.00 0.00 0.70 314.76
7928 6.36 1.66 0.00 0.90 314.41
7929 6.52 6.10 0.00 0.60 314.98
7930 7.14 49.29 0.00 0.70 308.95
7931 8.03 119.74 49.99 1.20 301.11
7932 8.61 139.98 48.77 0.80 298.36
7933 9.17 175.52 150.90 0.90 294.74
7934 9.35 139.94 135.54 0.50 300.02
7935 9.26 94.74 238.73 0.70 298.26
7936 8.72 21.09 16.01 0.70 299.22
7937 8.44 0.00 0.00 0.70 298.86
7938 8.15 0.00 0.00 0.70 297.86
7939 7.86 0.00 0.00 1.30 295.95
7940 7.58 0.00 0.00 1.80 296.18
7941 7.29 0.00 0.00 4.09 294.95
7942 7.00 0.00 0.00 4.79 297.60
7943 6.72 0.00 0.00 3.29 298.20
7944 6.43 0.00 0.00 3.79 298.43
7945 6.22 0.00 0.00 3.29 299.84
7946 5.99 0.00 0.00 2.50 301.02
7947 5.77 0.00 0.00 2.00 302.64
7948 5.65 0.00 0.00 1.80 302.73
7949 5.54 0.00 0.00 1.30 301.47
7950 5.42 0.00 0.00 1.10 297.98
7951 5.34 0.00 0.00 2.50 300.59
7952 5.26 1.49 0.00 2.79 301.80
7953 5.67 13.27 0.00 5.59 304.70
7954 7.24 112.98 150.87 7.19 293.00
7955 9.05 234.68 603.13 6.49 285.81
7956 10.24 272.17 767.93 5.39 287.66
7957 10.90 263.65 557.07 6.19 290.19
7958 10.26 108.71 57.02 5.89 307.60
7959 9.92 124.44 302.48 5.89 295.82
7960 9.05 34.91 265.90 5.89 295.12
7961 9.02 0.00 0.00 4.79 296.12
7962 8.99 0.00 0.00 4.29 297.59
7963 8.97 0.00 0.00 3.79 301.24
7964 8.94 0.00 0.00 4.59 302.64
7965 8.91 0.00 0.00 3.19 306.20
7966 8.88 0.00 0.00 2.99 307.89
7967 8.85 0.00 0.00 2.50 310.07
7968 8.82 0.00 0.00 2.79 310.68
7969 8.82 0.00 0.00 2.50 309.82
7970 8.85 0.00 0.00 1.80 312.11
7971 8.85 0.00 0.00 1.60 317.46
7972 8.33 0.00 0.00 1.40 321.13
7973 8.93 0.00 0.00 1.80 325.81
7974 8.95 0.00 0.00 2.30 326.07
7975 8.98 0.00 0.00 2.79 327.01
7976 9.00 0.70 0.00 1.60 328.16
7977 9.81 21.11 0.00 1.10 333.68
7978 10.34 48.45 0.00 1.30 332.23
7979 10.65 58.28 0.00 2.99 331.76
7980 10.97 74.32 0.00 4.29 334.35
7981 11.16 72.70 0.00 5.59 335.10
7982 11.19 57.53 0.00 5.89 333.28
7983 11.04 36.13 0.00 5.89 330.45
7984 10.67 9.57 0.00 6.99 332.52
7985 10.46 0.00 0.00 8.19 330.50
7986 10.21 0.00 0.00 8.19 328.56
7987 10.24 0.00 0.00 8.48 333.60
7988 10.08 0.00 0.00 8.48 334.28
7989 9.92 0.00 0.00 7.69 333.66
7990 9.76 0.00 0.00 7.19 333.21
7991 9.60 0.00 0.00 7.49 332.76
7992 9.44 0.00 0.00 7.99 332.02
7993 9.17 0.00 0.00 6.19 327.40
7994 8.83 0.00 0.00 4.29 325.77
7995 8.58 0.00 0.00 4.79 321.86
7996 8.21 0.00 0.00 3.79 320.30
7997 8.16 0.00 0.00 3.49 318.89
7998 7.46 0.00 0.00 2.99 320.29
7999 8.02 0.00 0.00 3.79 323.48
8000 7.89 0.57 0.00 3.19 320.54
8001 8.19 14.40 0.00 2.99 322.79
8002 8.44 39.75 0.00 2.99 322.60
8003 8.67 63.31 0.00 3.19 325.21
8004 8.80 67.25 0.00 3.29 328.11
8005 8.86 68.85 0.00 2.30 325.60
8006 8.83 55.02 0.00 1.80 321.51
8007 8.67 30.68 0.00 1.80 321.62
8008 8.43 8.11 0.00 2.79 323.00
8009 8.41 0.00 0.00 4.29 322.33
8010 8.39 0.00 0.00 5.59 324.02
8011 8.37 0.00 0.00 3.79 324.94
8012 8.35 0.00 0.00 5.09 324.46
8013 8.33 0.00 0.00 6.99 325.57
8014 8.31 0.00 0.00 7.39 326.73
8015 8.29 0.00 0.00 6.79 329.43
8016 8.27 0.00 0.00 5.89 329.40
8017 8.09 0.00 0.00 3.71 329.57
8018 8.30 0.00 0.00 2.41 330.86
8019 8.44 0.00 0.00 1.30 330.47
8020 8.59 0.00 0.00 1.50 331.47
8021 8.68 0.00 0.00 1.20 332.40
8022 8.78 0.00 0.00 0.90 335.62
8023 8.85 0.00 0.00 0.90 336.29
8024 8.93 0.20 0.00 0.80 336.96
8025 9.50 8.06 0.00 0.60 340.00
8026 9.86 17.96 0.00 0.70 339.39
8027 10.23 31.16 0.00 1.70 339.57
8028 10.13 35.31 0.00 1.90 343.26
8029 10.56 33.79 0.00 1.50 345.91
8030 10.83 26.58 0.00 0.80 345.18
8031 10.68 14.28 0.00 0.50 345.05
8032 10.43 3.93 0.00 0.90 345.16
8033 9.28 0.00 0.00 0.90 339.44
8034 9.98 0.00 0.00 0.90 342.73
8035 10.05 0.00 0.00 1.40 341.88
8036 10.10 0.00 0.00 1.50 341.87
8037 10.05 0.00 0.00 1.30 342.16
8038 9.98 0.00 0.00 1.70 341.38
8039 9.90 0.00 0.00 3.21 340.60
8040 9.71 0.00 0.00 2.10 338.21
8041 9.36 0.00 0.00 3.01 335.90
8042 9.02 0.00 0.00 2.10 334.49
8043 8.60 0.00 0.00 0.60 331.17
8044 8.34 0.00 0.00 1.30 324.71
8045 8.16 0.00 0.00 1.40 327.63
8046 7.93 0.00 0.00 1.10 326.93
8047 7.77 0.00 0.00 1.00 325.70
8048 7.61 0.00 0.00 1.40 322.75
8049 8.04 14.95 0.00 2.61 320.97
8050 8.46 42.31 0.00 2.30 320.79
8051 8.74 57.74 0.00 2.81 322.49
8052 8.96 68.86 0.00 3.21 320.83
8053 9.00 57.54 0.00 2.61 322.40
8054 9.02 57.03 0.00 1.40 319.69
8055 8.86 33.81 0.00 2.61 323.65
8056 8.57 8.46 0.00 1.90 321.74
8057 8.26 0.00 0.00 1.00 321.27
8058 7.94 0.00 0.00 1.00 317.92
8059 7.62 0.00 0.00 1.10 318.62
8060 7.18 0.00 0.00 2.10 317.77
8061 6.75 0.00 0.00 3.01 315.05
8062 6.01 0.00 0.00 4.31 311.26
8063 6.36 0.00 0.00 2.81 310.88
8064 6.04 0.00 0.00 3.71 310.08
8065 5.74 0.00 0.00 1.70 308.68
8066 5.40 0.00 0.00 1.40 306.63
8067 5.07 0.00 0.00 1.50 303.96
8068 4.89 0.00 0.00 2.10 302.18
8069 4.71 0.00 0.00 1.90 303.00
8070 4.53 0.00 0.00 2.30 302.66
8071 4.40 0.00 0.00 2.30 300.36
8072 4.27 0.00 0.00 3.41 297.13
8073 5.74 35.33 75.28 3.21 292.70
8074 6.17 56.75 0.00 2.61 295.09
8075 6.46 68.39 0.00 3.21 301.30
8076 7.40 145.31 109.77 3.21 293.33
8077 7.57 99.44 3.28 3.41 296.85
8078 7.59 87.20 6.75 4.71 296.72
8079 7.21 47.61 0.00 4.01 295.67
8080 6.60 13.06 0.00 3.41 295.47
8081 6.38 0.00 0.00 2.41 296.58
8082 6.15 0.00 0.00 2.61 295.82
8083 5.92 0.00 0.00 2.61 297.13
8084 5.69 0.00 0.00 3.71 299.37
8085 5.47 0.00 0.00 2.10 300.49
8086 5.24 0.00 0.00 1.90 300.46
8087 4.97 0.00 0.00 1.90 301.18
8088 4.78 0.00 0.00 1.40 304.19
8089 4.66 0.00 0.00 1.20 304.46
8090 4.55 0.00 0.00 1.40 303.98
8091 4.45 0.00 0.00 0.80 307.31
8092 4.18 0.00 0.00 0.70 306.22
8093 4.31 0.00 0.00 0.80 306.50
8094 4.31 0.00 0.00 0.70 306.88
8095 4.31 0.00 0.00 1.10 308.13
8096 4.29 0.00 0.00 1.00 308.43
8097 4.50 3.58 0.00 1.10 309.99
8098 5.06 24.36 0.00 3.71 309.97
8099 5.50 38.07 0.00 2.61 308.85
8100 5.81 44.06 0.00 1.50 310.77
8101 5.94 38.09 0.00 1.30 312.94
8102 7.06 157.16 306.84 1.70 294.83
8103 7.40 94.21 311.21 1.70 294.70
8104 7.03 21.07 27.54 1.50 295.90
8105 6.75 0.00 0.00 1.70 296.68
8106 6.47 0.00 0.00 1.30 292.91
8107 6.19 0.00 0.00 0.80 293.49
8108 5.91 0.00 0.00 0.60 293.98
8109 5.63 0.00 0.00 1.10 295.63
8110 5.35 0.00 0.00 1.40 293.98
8111 5.07 0.00 0.00 1.10 295.09
8112 4.79 0.00 0.00 1.50 296.41
8113 4.42 0.00 0.00 1.70 298.17
8114 4.01 0.00 0.00 1.10 295.97
8115 3.61 0.00 0.00 1.30 294.98
8116 3.39 0.00 0.00 2.30 298.92
8117 3.17 0.00 0.00 3.01 297.92
8118 2.96 0.00 0.00 3.21 297.64
8119 2.80 0.00 0.00 3.41 300.25
8120 2.64 0.00 0.00 4.31 296.69
8121 2.45 4.47 0.00 4.91 300.66
8122 2.87 11.99 0.00 4.71 303.36
8123 2.91 18.29 0.00 5.91 303.36
8124 3.07 23.60 0.00 7.92 303.86
8125 3.10 21.84 0.00 5.31 304.19
8126 4.12 182.63 379.89 5.31 279.87
8127 4.41 101.15 406.15 4.91 284.34
8128 4.13 22.57 52.56 4.31 283.07
8129 3.93 0.00 0.00 5.51 286.08
8130 3.73 0.00 0.00 5.91 283.87
8131 3.53 0.00 0.00 6.81 283.40
8132 3.33 0.00 0.00 9.12 283.68
8133 3.13 0.00 0.00 8.82 282.81
8134 2.93 0.00 0.00 9.32 281.94
8135 2.73 0.00 0.00 7.92 278.02
8136 2.53 0.00 0.00 9.32 277.92
8137 2.45 0.00 0.00 9.82 278.04
8138 2.42 0.00 0.00 8.22 283.08
8139 2.38 0.00 0.00 8.22 285.01
8140 2.38 0.00 0.00 9.82 286.91
8141 2.39 0.00 0.00 10.52 287.64
8142 2.39 0.00 0.00 11.72 288.32
8143 2.40 0.00 0.00 12.83 285.88
8144 2.42 0.00 0.00 12.83 289.30
8145 3.17 14.08 0.00 10.52 290.44
8146 4.34 59.02 0.00 11.12 293.89
8147 5.68 113.73 69.80 11.12 291.02
8148 6.18 99.44 2.39 9.82 294.06
8149 6.50 98.42 4.66 10.22 297.86
8150 6.82 110.75 90.25 9.52 291.15
8151 6.49 52.29 11.30 8.42 295.47
8152 5.79 9.13 0.00 6.41 294.21
8153 5.44 0.00 0.00 4.31 291.65
8154 5.10 0.00 0.00 3.71 288.24
8155 4.75 0.00 0.00 3.21 290.29
8156 4.40 0.00 0.00 4.01 290.31
8157 4.05 0.00 0.00 4.71 288.78
8158 3.70 0.00 0.00 4.91 287.41
8159 3.35 0.00 0.00 4.01 285.48
8160 3.01 0.00 0.00 3.71 283.70
8161 2.50 0.00 0.00 3.21 279.99
8162 1.93 0.00 0.00 4.91 278.87
8163 1.35 0.00 0.00 5.51 276.61
8164 1.03 0.00 0.00 4.01 273.59
8165 0.71 0.00 0.00 6.21 273.40
8166 0.39 0.00 0.00 7.11 271.63
8167 0.15 0.00 0.00 5.91 270.25
8168 -0.08 0.00 0.00 5.31 268.06
8169 -0.02 3.54 0.00 3.71 267.75
8170 1.16 69.95 43.62 3.71 267.58
8171 1.49 68.86 0.00 4.31 277.43
8172 2.99 214.79 371.19 3.21 262.77
8173 3.29 137.41 111.16 3.41 271.56
8174 3.52 147.43 270.52 3.01 266.03
8175 2.88 44.07 0.00 1.90 279.11
8176 2.16 16.64 0.00 2.61 278.42
8177 2.09 0.00 0.00 1.70 277.94
8178 2.03 0.00 0.00 1.90 279.60
8179 1.96 0.00 0.00 2.30 277.40
8180 1.89 0.00 0.00 3.01 276.29
8181 1.82 0.00 0.00 2.81 277.97
8182 1.75 0.00 0.00 1.30 275.86
8183 1.69 0.00 0.00 1.20 276.11
8184 1.62 0.00 0.00 1.00 279.37
8185 1.78 0.00 0.00 0.40 287.34
8186 2.02 0.00 0.00 0.60 291.17
8187 2.22 0.00 0.00 1.20 291.24
8188 2.32 0.00 0.00 1.70 293.01
8189 2.33 0.00 0.00 1.50 291.47
8190 2.53 0.00 0.00 0.50 295.08
8191 2.60 0.00 0.00 0.80 294.54
8192 2.64 0.00 0.00 0.70 293.51
8193 1.43 6.14 0.00 0.50 294.61
8194 3.04 17.26 0.00 0.70 297.80
8195 3.58 26.71 0.00 0.80 301.07
8196 3.46 30.79 0.00 1.20 302.85
8197 4.16 28.79 0.00 2.61 304.45
8198 4.31 23.52 0.00 2.61 305.53
8199 4.29 13.44 0.00 3.41 305.40
8200 3.99 3.55 0.00 3.71 303.35
8201 4.22 0.00 0.00 4.01 305.40
8202 4.35 0.00 0.00 2.10 302.29
8203 4.59 0.00 0.00 2.10 302.84
8204 4.73 0.00 0.00 2.81 303.23
8205 5.00 0.00 0.00 2.41 302.68
8206 5.06 0.00 0.00 2.41 306.65
8207 5.15 0.00 0.00 2.10 310.97
8208 5.52 0.00 0.00 1.70 308.32
8209 5.67 0.00 0.00 2.10 307.43
8210 5.68 0.00 0.00 2.30 307.16
8211 5.69 0.00 0.00 1.90 307.22
8212 5.72 0.00 0.00 2.10 307.61
8213 5.74 0.00 0.00 4.71 306.47
8214 5.76 0.00 0.00 4.31 307.27
8215 5.78 0.00 0.00 4.31 306.92
8216 5.81 0.00 0.00 3.41 308.08
8217 7.17 23.88 20.73 6.81 313.00
8218 7.63 39.49 0.00 7.11 312.40
8219 7.35 15.02 0.00 6.41 310.28
8220 8.32 93.47 0.00 5.71 303.80
8221 9.64 158.80 189.91 5.71 296.15
8222 10.33 137.23 284.67 7.11 298.95
8223 10.30 73.59 158.18 6.71 301.22
8224 9.62 17.22 0.00 8.22 300.45
8225 9.40 0.00 0.00 6.81 300.19
8226 9.18 0.00 0.00 8.22 303.38
8227 8.95 0.00 0.00 7.52 301.82
8228 8.73 0.00 0.00 7.92 298.28
8229 8.51 0.00 0.00 8.22 299.00
8230 8.28 0.00 0.00 6.81 298.44
8231 8.06 0.00 0.00 7.52 297.63
8232 7.84 0.00 0.00 7.72 297.40
8233 7.49 0.00 0.00 7.11 294.87
8234 7.19 0.00 0.00 5.91 292.86
8235 6.88 0.00 0.00 6.41 290.75
8236 6.74 0.00 0.00 6.21 289.87
8237 6.61 0.00 0.00 5.71 291.04
8238 6.47 0.00 0.00 5.31 290.63
8239 6.39 0.00 0.00 4.91 292.21
8240 6.31 0.00 0.00 3.41 292.35
8241 7.99 38.11 196.44 2.81 295.58
8242 9.50 106.05 255.20 3.41 298.43
8243 10.36 129.14 148.73 3.21 304.86
8244 11.14 160.49 188.32 3.71 303.42
8245 12.11 216.08 421.52 3.71 298.16
8246 11.37 66.89 0.00 4.31 318.45
8247 11.18 97.97 229.21 4.01 298.81
8248 10.37 24.29 81.85 3.71 295.46
8249 9.81 0.00 0.00 3.01 293.57
8250 9.25 0.00 0.00 3.41 288.03
8251 8.69 0.00 0.00 4.01 284.87
8252 8.13 0.00 0.00 3.41 285.29
8253 7.57 0.00 0.00 3.01 283.14
8254 7.02 0.00 0.00 3.01 284.42
8255 6.46 0.00 0.00 3.41 280.62
8256 5.90 0.00 0.00 4.91 278.20
8257 5.03 0.00 0.00 5.31 276.34
8258 4.02 0.00 0.00 5.51 273.05
8259 3.00 0.00 0.00 3.71 271.56
8260 2.42 0.00 0.00 5.11 268.61
8261 1.84 0.00 0.00 5.71 269.22
8262 1.26 0.00 0.00 5.91 268.59
8263 0.82 0.00 0.00 6.41 265.53
8264 0.38 0.00 0.00 6.21 264.69
8265 0.65 23.32 43.14 6.41 264.47
8266 1.06 85.46 104.55 7.11 264.17
8267 1.48 150.30 327.44 8.52 260.95
8268 1.64 155.74 172.54 8.82 261.29
8269 1.52 110.74 27.53 6.81 268.77
8270 1.27 84.80 22.05 7.11 271.85
8271 0.71 7.82 0.00 5.31 284.99
8272 0.25 6.52 0.00 5.91 282.57
8273 0.05 0.00 0.00 5.91 280.47
8274 -0.16 0.00 0.00 6.41 279.75
8275 -0.36 0.00 0.00 6.71 275.33
8276 -0.57 0.00 0.00 6.41 272.90
8277 -0.78 0.00 0.00 7.92 270.16
8278 -0.98 0.00 0.00 7.92 267.16
8279 -1.19 0.00 0.00 7.11 264.52
8280 -1.40 0.00 0.00 7.11 262.49
8281 -1.03 0.00 0.00 8.42 262.00
8282 -0.54 0.00 0.00 6.41 256.61
8283 -0.04 0.00 0.00 6.21 256.82
8284 0.26 0.00 0.00 6.21 255.83
8285 0.57 0.00 0.00 4.91 259.90
8286 0.88 0.00 0.00 3.41 259.54
8287 1.13 0.00 0.00 3.01 266.26
8288 1.38 0.00 0.00 3.71 266.07
8289 3.21 28.35 77.05 4.01 272.67
8290 4.89 79.83 91.01 4.31 273.84
8291 6.50 127.91 153.47 2.10 276.57
8292 8.68 214.87 482.47 4.31 272.48
8293 9.99 211.08 558.58 2.81 279.10
8294 10.26 146.98 338.34 3.71 287.02
8295 9.52 75.90 206.05 3.71 289.98
8296 8.26 18.25 0.00 4.01 287.62
8297 8.00 0.00 0.00 5.31 286.60
8298 7.74 0.00 0.00 5.51 284.89
8299 7.49 0.00 0.00 6.41 283.98
8300 7.23 0.00 0.00 7.11 282.47
8301 6.97 0.00 0.00 6.41 281.60
8302 6.71 0.00 0.00 7.11 277.00
8303 6.45 0.00 0.00 6.41 276.11
8304 6.19 0.00 0.00 6.21 277.55
8305 5.45 0.00 0.00 6.21 274.28
8306 4.61 0.00 0.00 7.11 273.62
8307 3.77 0.00 0.00 5.91 272.32
8308 3.30 0.00 0.00 4.71 274.95
8309 2.82 0.00 0.00 5.11 273.64
8310 2.35 0.00 0.00 5.71 271.07
8311 2.01 0.00 0.00 5.91 270.30
8312 1.66 0.00 0.00 7.11 268.63
8313 2.40 36.10 245.53 8.22 268.83
8314 3.24 116.14 455.66 6.41 268.21
8315 3.97 181.94 560.67 6.21 268.72
8316 4.42 204.57 362.24 5.51 269.99
8317 3.37 16.36 0.00 5.71 295.24
8318 3.09 84.02 45.42 5.71 282.40
8319 2.44 10.42 0.00 5.31 295.12
8320 1.98 20.32 16.86 4.71 291.84
8321 2.09 0.00 0.00 4.91 290.13
8322 2.20 0.00 0.00 5.91 288.62
8323 2.30 0.00 0.00 6.21 289.06
8324 2.41 0.00 0.00 7.72 291.28
8325 2.52 0.00 0.00 7.92 290.60
8326 2.62 0.00 0.00 7.92 290.18
8327 2.73 0.00 0.00 8.82 291.74
8328 2.84 0.00 0.00 8.82 288.60
8329 2.96 0.00 0.00 8.82 294.15
8330 3.51 0.00 0.00 8.82 299.91
8331 3.90 0.00 0.00 9.82 302.04
8332 3.62 0.00 0.00 8.82 300.54
8333 4.35 0.00 0.00 7.52 301.82
8334 4.61 0.00 0.00 5.11 306.05
8335 4.80 0.00 0.00 4.71 307.12
8336 4.99 0.00 0.00 5.11 308.20
8337 5.32 3.64 0.00 6.41 307.25
8338 5.62 9.87 0.00 5.11 308.90
8339 6.06 16.64 0.00 4.91 310.93
8340 6.31 18.40 0.00 4.31 312.49
8341 6.49 17.74 0.00 4.71 313.57
8342 8.33 147.92 249.92 5.31 297.68
8343 8.99 87.38 303.62 5.31 288.85
8344 8.69 18.78 0.00 4.01 282.45
8345 8.52 0.00 0.00 4.71 278.22
8346 8.35 0.00 0.00 4.31 278.12
8347 8.17 0.00 0.00 2.81 275.20
8348 8.00 0.00 0.00 2.10 277.78
8349 7.83 0.00 0.00 2.81 280.81
8350 7.66 0.00 0.00 4.01 285.88
8351 7.49 0.00 0.00 3.41 287.03
8352 7.32 0.00 0.00 3.71 286.98
8353 6.70 0.00 0.00 2.61 283.89
8354 6.01 0.00 0.00 2.81 285.63
8355 5.31 0.00 0.00 2.81 285.17
8356 4.92 0.00 0.00 3.01 286.89
8357 4.53 0.00 0.00 2.81 285.20
8358 4.15 0.00 0.00 2.81 288.28
8359 3.86 0.00 0.00 4.01 287.33
8360 3.58 0.00 0.00 3.71 289.07
8361 4.33 26.63 69.01 4.31 296.33
8362 4.66 52.47 0.63 2.41 295.69
8363 5.19 98.12 38.81 3.21 295.62
8364 5.70 133.54 100.12 3.41 295.48
8365 6.21 171.10 263.63 4.01 288.79
8366 5.85 65.16 0.00 4.71 299.51
8367 5.45 48.71 6.85 4.31 297.52
8368 4.88 12.13 0.00 5.11 291.97
8369 4.74 0.00 0.00 4.01 294.97
8370 4.60 0.00 0.00 4.31 296.42
8371 4.45 0.00 0.00 4.71 298.57
8372 4.31 0.00 0.00 3.21 300.03
8373 4.17 0.00 0.00 4.01 299.35
8374 4.03 0.00 0.00 2.81 298.32
8375 3.88 0.00 0.00 2.30 295.68
8376 3.74 0.00 0.00 2.61 294.07
8377 3.90 0.00 0.00 3.41 294.89
8378 4.16 0.00 0.00 2.30 298.06
8379 4.42 0.00 0.00 1.70 298.16
8380 4.59 0.00 0.00 1.10 298.62
8381 4.77 0.00 0.00 1.30 300.63
8382 4.94 0.00 0.00 0.80 301.34
8383 5.09 0.00 0.00 1.50 301.25
8384 5.24 0.00 0.00 2.30 296.38
8385 6.41 20.13 6.83 3.01 300.55
8386 7.81 69.61 85.82 3.01 305.01
8387 8.39 71.97 0.00 2.81 311.81
8388 9.91 161.22 240.80 4.01 303.54
8389 10.89 164.58 269.63 5.91 304.60
8390 11.00 99.03 73.17 6.21 311.68
8391 9.93 7.09 0.00 6.71 324.12
8392 9.15 7.93 0.00 6.41 320.86
8393 8.95 0.00 0.00 4.91 314.94
8394 8.75 0.00 0.00 4.01 310.70
8395 8.54 0.00 0.00 3.01 309.60
8396 8.34 0.00 0.00 3.01 310.85
8397 8.13 0.00 0.00 2.61 313.52
8398 7.93 0.00 0.00 1.70 313.64
8399 7.72 0.00 0.00 1.40 310.34
8400 7.52 0.00 0.00 1.90 312.57
8401 6.95 0.00 0.00 2.61 313.82
8402 6.28 0.00 0.00 4.91 313.46
8403 5.62 0.00 0.00 5.51 311.44
8404 5.25 0.00 0.00 4.91 311.47
8405 4.88 0.00 0.00 4.71 310.65
8406 4.50 0.00 0.00 3.21 305.61
8407 4.22 0.00 0.00 2.41 304.15
8408 3.94 0.00 0.00 4.31 300.28
8409 4.11 10.38 0.00 5.31 304.22
8410 4.15 21.47 0.00 5.71 306.45
8411 4.53 74.32 0.00 6.41 300.25
8412 4.70 76.95 0.00 5.11 299.15
8413 4.77 79.42 0.00 4.31 298.33
8414 4.79 77.88 4.31 4.71 293.76
8415 4.55 30.97 0.00 5.11 295.54
8416 4.24 9.50 0.00 2.61 297.20
8417 4.13 0.00 0.00 3.71 295.07
8418 3.99 0.00 0.00 3.41 295.39
8419 3.75 0.00 0.00 4.71 294.04
8420 3.80 0.00 0.00 4.31 296.46
8421 3.69 0.00 0.00 2.81 297.26
8422 3.58 0.00 0.00 2.61 298.16
8423 3.48 0.00 0.00 1.00 296.20
8424 3.37 0.00 0.00 1.00 296.70
8425 3.60 0.00 0.00 1.40 296.11
8426 3.89 0.00 0.00 1.20 295.95
8427 4.19 0.00 0.00 1.70 297.57
8428 4.37 0.00 0.00 2.41 298.57
8429 4.45 0.00 0.00 2.30 296.36
8430 4.72 0.00 0.00 2.10 300.57
8431 4.86 0.00 0.00 2.30 301.36
8432 5.00 0.00 0.00 3.21 302.15
8433 5.82 11.35 0.00 3.71 306.64
8434 6.53 30.79 0.00 4.01 307.76
8435 7.88 79.59 3.36 4.31 308.76
8436 8.44 70.58 0.00 4.71 300.80
8437 8.75 66.31 0.00 4.01 300.95
8438 9.07 75.04 0.00 5.31 299.03
8439 8.93 43.31 0.00 5.31 300.12
8440 8.36 8.78 0.00 6.81 298.09
8441 8.23 0.00 0.00 6.81 296.32
8442 8.09 0.00 0.00 7.52 298.31
8443 7.96 0.00 0.00 6.71 297.24
8444 7.83 0.00 0.00 7.11 297.43
8445 7.70 0.00 0.00 7.52 299.63
8446 7.56 0.00 0.00 9.32 299.73
8447 7.43 0.00 0.00 8.22 296.54
8448 7.30 0.00 0.00 7.52 296.67
8449 6.92 0.00 0.00 7.11 295.69
8450 6.57 0.00 0.00 6.21 295.21
8451 6.22 0.00 0.00 7.11 292.17
8452 6.05 0.00 0.00 7.52 290.27
8453 5.89 0.00 0.00 7.11 290.30
8454 5.72 0.00 0.00 5.71 290.62
8455 5.62 0.00 0.00 4.91 288.10
8456 5.52 0.00 0.00 4.91 288.85
8457 6.63 28.93 153.90 5.91 289.88
8458 8.03 102.21 351.80 5.51 291.16
8459 9.38 171.41 485.53 5.11 291.69
8460 10.07 171.92 268.61 5.91 299.62
8461 10.03 113.39 53.57 6.71 308.01
8462 9.44 60.96 0.00 4.31 311.07
8463 8.88 43.68 0.00 4.01 307.84
8464 8.19 10.77 0.00 2.61 305.37
8465 7.77 0.00 0.00 3.71 305.53
8466 7.34 0.00 0.00 4.71 303.39
8467 6.92 0.00 0.00 4.91 301.94
8468 6.50 0.00 0.00 2.61 300.12
8469 6.07 0.00 0.00 3.21 291.29
8470 5.65 0.00 0.00 4.31 289.77
8471 5.23 0.00 0.00 2.81 290.52
8472 4.80 0.00 0.00 2.41 287.44
8473 4.20 0.00 0.00 2.61 286.45
8474 3.53 0.00 0.00 3.41 282.52
8475 2.86 0.00 0.00 3.21 279.15
8476 2.49 0.00 0.00 3.01 275.68
8477 2.12 0.00 0.00 1.90 273.05
8478 1.75 0.00 0.00 2.10 270.79
8479 1.47 0.00 0.00 2.81 269.82
8480 1.20 0.00 0.00 2.30 267.96
8481 1.72 19.80 5.45 2.10 268.74
8482 2.91 103.79 344.09 2.61 271.77
8483 3.96 174.75 388.18 2.81 270.35
8484 3.95 107.55 39.11 3.71 285.71
8485 4.00 121.37 70.42 2.81 287.02
8486 3.61 68.72 0.00 3.71 292.69
8487 2.91 13.82 0.00 4.01 298.29
8488 2.34 8.30 0.00 4.01 293.94
8489 2.23 0.00 0.00 2.10 291.27
8490 2.11 0.00 0.00 1.30 289.02
8491 2.00 0.00 0.00 2.61 288.60
8492 1.89 0.00 0.00 2.10 286.99
8493 1.78 0.00 0.00 1.70 284.54
8494 1.66 0.00 0.00 1.40 282.06
8495 1.55 0.00 0.00 2.81 278.76
8496 1.44 0.00 0.00 1.70 275.24
8497 1.61 0.00 0.00 1.70 275.57
8498 1.83 0.00 0.00 1.50 271.90
8499 2.04 0.00 0.00 2.10 274.32
8500 2.17 0.00 0.00 1.70 272.91
8501 2.30 0.00 0.00 3.21 270.85
8502 2.43 0.00 0.00 3.21 270.53
8503 2.53 0.00 0.00 1.70 270.46
8504 2.63 0.00 0.00 2.61 271.40
8505 4.25 26.84 131.21 2.41 274.71
8506 6.38 98.30 220.81 3.41 276.75
8507 7.48 116.44 144.38 3.41 285.19
8508 7.94 109.36 44.59 3.01 292.73
8509 9.35 204.06 412.63 4.31 278.50
8510 9.91 163.66 474.47 4.01 280.56
8511 9.60 95.05 338.17 3.01 283.06
8512 8.40 16.20 0.00 2.10 281.14
8513 8.32 0.00 0.00 1.10 280.84
8514 8.25 0.00 0.00 2.10 286.93
8515 8.18 0.00 0.00 2.10 284.08
8516 8.11 0.00 0.00 2.30 286.41
8517 8.04 0.00 0.00 1.50 285.25
8518 7.96 0.00 0.00 1.90 286.02
8519 7.89 0.00 0.00 3.71 288.24
8520 7.82 0.00 0.00 4.31 293.19
8521 7.58 0.00 0.00 5.11 293.44
8522 7.33 0.00 0.00 4.31 294.23
8523 7.08 0.00 0.00 2.61 294.97
8524 6.95 0.00 0.00 3.71 290.98
8525 6.82 0.00 0.00 4.71 290.61
8526 6.69 0.00 0.00 4.31 291.97
8527 6.60 0.00 0.00 3.21 295.99
8528 6.51 0.00 0.00 3.71 295.63
8529 7.34 19.89 6.76 3.71 300.46
8530 8.81 89.27 312.23 2.30 304.98
8531 10.32 162.18 463.68 1.70 306.82
8532 11.26 180.14 365.57 1.70 309.15
8533 11.40 130.51 99.89 1.50 320.05
8534 11.07 89.33 26.64 1.30 323.66
8535 10.23 32.32 0.00 1.90 331.56
8536 9.43 13.00 0.00 2.30 333.27
8537 9.39 0.00 0.00 2.10 333.88
8538 9.35 0.00 0.00 1.90 331.28
8539 9.31 0.00 0.00 2.41 333.06
8540 9.27 0.00 0.00 3.01 331.77
8541 9.23 0.00 0.00 3.71 332.12
8542 9.19 0.00 0.00 2.81 332.74
8543 9.14 0.00 0.00 2.81 329.56
8544 9.10 0.00 0.00 2.41 329.60
8545 9.11 0.00 0.00 3.21 326.56
8546 9.16 0.00 0.00 2.41 327.90
8547 9.21 0.00 0.00 2.81 326.85
8548 9.26 0.00 0.00 2.41 325.50
8549 9.31 0.00 0.00 2.10 325.25
8550 9.36 0.00 0.00 1.70 324.32
8551 9.42 0.00 0.00 0.90 328.92
8552 9.47 0.00 0.00 1.90 328.56
8553 10.85 22.97 43.70 2.10 332.74
8554 11.44 41.71 0.00 2.41 333.61
8555 11.14 14.09 0.00 2.10 342.06
8556 11.06 17.45 0.00 2.81 342.47
8557 13.31 214.01 431.25 1.90 313.03
8558 13.91 118.99 166.43 2.61 327.29
8559 14.20 100.72 252.28 2.61 321.74
8560 13.65 26.52 118.69 2.10 315.41
8561 13.30 0.00 0.00 2.41 313.86
8562 12.96 0.00 0.00 2.10 311.36
8563 12.62 0.00 0.00 2.41 312.27
8564 12.28 0.00 0.00 2.81 311.87
8565 11.94 0.00 0.00 3.71 311.55
8566 11.59 0.00 0.00 1.90 312.37
8567 11.25 0.00 0.00 2.10 311.81
8568 10.91 0.00 0.00 2.30 308.91
8569 10.37 0.00 0.00 1.40 308.79
8570 9.79 0.00 0.00 0.90 305.83
8571 9.22 0.00 0.00 1.40 305.69
8572 8.91 0.00 0.00 1.90 302.84
8573 8.60 0.00 0.00 2.61 302.56
8574 8.29 0.00 0.00 2.61 302.19
8575 8.07 0.00 0.00 3.71 300.60
8576 7.86 0.00 0.00 4.31 299.17
8577 8.34 18.11 0.00 3.71 302.70
8578 9.20 80.04 209.62 4.31 303.03
8579 10.30 166.83 408.98 2.30 297.96
8580 10.87 172.75 320.26 2.81 299.26
8581 11.02 142.56 161.06 2.41 306.75
8582 10.26 28.01 0.00 1.90 319.86
8583 9.56 7.13 0.00 1.90 324.62
8584 9.02 6.41 0.00 3.21 320.52
8585 8.90 0.00 0.00 4.01 316.37
8586 8.78 0.00 0.00 4.91 316.74
8587 8.67 0.00 0.00 3.01 317.33
8588 8.55 0.00 0.00 2.30 316.20
8589 8.43 0.00 0.00 1.90 317.45
8590 8.32 0.00 0.00 4.31 314.61
8591 8.20 0.00 0.00 3.21 311.65
8592 8.08 0.00 0.00 4.01 312.54
8593 8.12 0.00 0.00 4.01 314.61
8594 8.22 0.00 0.00 4.01 313.19
8595 8.32 0.00 0.00 4.01 310.17
8596 8.40 0.00 0.00 3.41 308.37
8597 8.48 0.00 0.00 3.01 308.06
8598 8.56 0.00 0.00 3.41 306.37
8599 8.63 0.00 0.00 5.51 301.30
8600 8.71 0.00 0.00 5.11 300.33
8601 9.77 20.36 13.37 5.31 301.52
8602 11.86 102.90 259.92 4.71 302.95
8603 13.10 133.78 249.91 5.71 315.72
8604 13.98 152.29 184.85 5.11 319.18
8605 14.07 104.42 20.60 5.51 329.27
8606 13.58 63.49 0.00 6.21 331.22
8607 12.94 36.67 0.00 5.11 332.17
8608 12.24 14.86 0.00 5.31 330.98
8609 12.03 0.00 0.00 4.71 330.86
8610 11.82 0.00 0.00 4.31 328.21
8611 11.61 0.00 0.00 2.30 326.82
8612 11.39 0.00 0.00 1.90 327.07
8613 11.18 0.00 0.00 1.40 321.65
8614 10.97 0.00 0.00 2.10 323.03
8615 10.76 0.00 0.00 1.50 318.15
8616 10.55 0.00 0.00 1.50 318.76
8617 10.09 0.00 0.00 2.30 318.00
8618 9.60 0.00 0.00 2.61 314.45
8619 9.11 0.00 0.00 3.21 310.47
8620 8.85 0.00 0.00 3.41 307.46
8621 8.59 0.00 0.00 3.71 307.76
8622 8.33 0.00 0.00 5.51 305.43
8623 8.15 0.00 0.00 5.51 306.74
8624 7.96 0.00 0.00 5.11 306.83
8625 8.60 17.62 0.00 4.91 307.82
8626 9.67 75.48 89.27 4.31 309.72
8627 9.29 18.47 0.00 3.41 330.10
8628 10.25 141.53 144.93 3.21 313.27
8629 11.21 193.98 452.78 3.01 303.92
8630 11.46 133.27 209.86 3.41 315.97
8631 10.99 48.96 0.00 3.41 324.64
8632 10.27 4.76 0.00 3.71 323.38
8633 10.01 0.00 0.00 4.01 319.97
8634 9.76 0.00 0.00 4.71 318.90
8635 9.51 0.00 0.00 4.01 321.15
8636 9.25 0.00 0.00 4.01 321.77
8637 9.00 0.00 0.00 4.71 320.36
8638 8.75 0.00 0.00 4.91 317.22
8639 8.50 0.00 0.00 4.01 312.94
8640 8.24 0.00 0.00 3.01 310.93
8641 8.11 0.00 0.00 2.10 310.01
8642 7.97 0.00 0.00 1.40 309.12
8643 7.82 0.00 0.00 1.50 307.67
8644 7.74 0.00 0.00 0.90 308.77
8645 7.66 0.00 0.00 1.00 308.91
8646 7.58 0.00 0.00 0.90 308.00
8647 7.52 0.00 0.00 0.50 307.16
8648 7.47 0.00 0.00 0.60 304.58
8649 8.51 21.30 29.90 0.50 310.71
8650 10.32 94.23 335.04 0.50 313.48
8651 12.04 162.00 472.80 0.30 313.58
8652 13.38 201.45 391.68 0.20 317.42
8653 12.48 67.19 0.00 0.30 339.59
8654 12.93 141.99 255.55 0.50 323.98
8655 12.64 91.93 334.11 0.60 326.16
8656 11.73 27.28 132.00 0.60 326.34
8657 11.71 0.00 0.00 0.40 328.54
8658 11.69 0.00 0.00 1.00 329.26
8659 11.67 0.00 0.00 1.40 329.23
8660 11.64 0.00 0.00 1.30 332.57
8661 11.62 0.00 0.00 2.10 331.45
8662 11.60 0.00 0.00 3.01 333.96
8663 11.58 0.00 0.00 3.01 333.37
8664 11.56 0.00 0.00 3.71 335.66
8665 11.59 0.00 0.00 3.01 336.62
8666 11.64 0.00 0.00 4.31 339.89
8667 11.70 0.00 0.00 5.31 339.52
8668 11.74 0.00 0.00 4.31 340.77
8669 11.77 0.00 0.00 4.91 347.48
8670 11.81 0.00 0.00 5.51 350.09
8671 11.84 0.00 0.00 5.31 351.24
8672 11.87 0.00 0.00 5.51 353.04
8673 12.12 3.90 0.00 5.71 355.80
8674 12.47 15.11 0.00 5.31 358.59
8675 12.82 26.86 0.00 5.71 357.19
8676 13.10 32.84 0.00 5.91 355.64
8677 13.22 32.90 0.00 4.71 359.66
8678 13.14 26.36 0.00 2.30 358.27
8679 12.43 15.47 0.00 2.41 356.20
8680 12.73 4.61 0.00 1.70 355.45
8681 12.84 0.00 0.00 0.60 353.47
8682 12.83 0.00 0.00 0.40 352.98
8683 12.77 0.00 0.00 0.40 353.16
8684 12.65 0.00 0.00 0.20 350.37
8685 12.50 0.00 0.00 0.10 348.10
8686 12.49 0.00 0.00 0.00 348.27
8687 12.39 0.00 0.00 0.10 347.46
8688 12.30 0.00 0.00 0.10 344.28
8689 11.69 0.00 0.00 0.20 342.34
8690 11.00 0.00 0.00 0.60 338.59
8691 10.31 0.00 0.00 0.40 333.68
8692 9.92 0.00 0.00 0.20 330.52
8693 9.53 0.00 0.00 0.30 327.38
8694 9.14 0.00 0.00 0.40 324.25
8695 8.86 0.00 0.00 0.60 321.71
8696 8.57 0.00 0.00 1.00 317.88
8697 9.05 15.10 0.00 1.40 318.18
8698 10.03 71.15 160.33 1.90 319.43
8699 9.97 45.12 0.00 1.30 333.22
8700 10.28 86.06 0.00 0.90 329.12
8701 11.15 180.73 306.40 1.30 312.65
8702 11.35 124.51 177.72 2.30 318.51
8703 11.37 106.76 262.66 1.20 311.10
8704 10.74 22.79 41.33 0.80 310.66
8705 10.54 0.00 0.00 0.90 309.55
8706 10.35 0.00 0.00 0.70 311.84
8707 10.16 0.00 0.00 0.40 316.83
8708 9.97 0.00 0.00 0.60 319.11
8709 9.78 0.00 0.00 0.30 322.95
8710 9.58 0.00 0.00 0.30 321.81
8711 9.39 0.00 0.00 0.30 321.33
8712 9.20 0.00 0.00 0.50 318.97
8713 9.35 0.00 0.00 0.80 319.25
8714 9.54 0.00 0.00 0.90 323.58
8715 9.74 0.00 0.00 1.00 327.08
8716 9.86 0.00 0.00 0.70 328.50
8717 9.98 0.00 0.00 2.10 329.05
8718 10.10 0.00 0.00 2.10 330.68
8719 10.19 0.00 0.00 1.50 334.44
8720 10.29 0.00 0.00 1.50 336.70
8721 10.89 8.96 0.00 2.81 337.19
8722 11.45 25.73 0.00 2.61 338.77
8723 12.05 44.31 0.00 2.61 338.50
8724 12.71 65.90 0.00 4.71 338.91
8725 13.50 96.61 6.40 5.51 335.48
8726 13.74 67.33 0.00 4.31 341.36
8727 13.48 31.18 0.00 4.31 345.82
8728 13.03 10.96 0.00 4.01 345.55
8729 12.55 0.00 0.00 2.61 348.60
8730 12.79 0.00 0.00 4.31 347.83
8731 12.80 0.00 0.00 4.31 344.90
8732 12.77 0.00 0.00 4.71 343.08
8733 12.74 0.00 0.00 3.71 346.46
8734 12.68 0.00 0.00 3.41 344.31
8735 12.62 0.00 0.00 3.71 343.83
8736 12.56 0.00 0.00 4.01 343.34
8737 12.32 0.00 0.00 3.71 343.32
8738 12.15 0.00 0.00 3.41 346.54
8739 11.98 0.00 0.00 2.81 347.06
8740 11.93 0.00 0.00 1.50 344.77
8741 11.87 0.00 0.00 2.41 343.84
8742 11.82 0.00 0.00 3.21 342.12
8743 11.81 0.00 0.00 2.10 336.30
8744 11.79 0.00 0.00 2.81 334.47
8745 12.29 12.58 0.00 1.70 333.91
8746 12.79 37.83 0.00 1.40 334.67
8747 13.49 80.04 5.30 2.10 332.75
8748 13.67 56.41 0.00 1.20 344.31
8749 14.52 160.75 230.86 2.61 327.02
8750 14.97 135.71 231.40 4.31 329.69
8751 15.15 103.58 229.94 4.31 329.75
8752 14.84 33.22 175.98 2.41 328.34
8753 14.50 0.00 0.00 1.50 326.75
8754 14.17 0.00 0.00 2.30 327.60
8755 13.83 0.00 0.00 1.20 325.73
8756 13.49 0.00 0.00 1.00 324.99
8757 13.16 0.00 0.00 1.10 323.71
8758 12.82 0.00 0.00 1.50 320.87
8759 12.49 0.00 0.00 1.30 317.66
8760 12.15 0.00 0.00 3.21 318.94
