# Location:	Tropical/New Orleans Airport, Year: 2021-2040, Longitude: 90.250, STD longitude: 90.0, Latitude: 29.983	
# NB: The longitudes are defined negative for values to the east and positive to the west.
TIME ta Ghoris Gbn w10 EL
1 6.04 0.00 0.00 3.19 283.61
2 5.56 0.00 0.00 3.09 285.37
3 5.07 0.00 0.00 3.39 284.45
4 4.84 0.00 0.00 2.79 284.31
5 4.61 0.00 0.00 2.60 284.96
6 4.47 0.00 0.00 2.50 287.04
7 4.32 0.00 0.00 2.60 286.80
8 6.04 54.66 201.55 2.99 292.01
9 8.49 211.53 436.78 2.30 290.66
10 10.91 364.87 588.23 2.30 288.26
11 12.87 461.02 553.76 2.10 284.56
12 14.29 498.60 461.11 3.09 289.41
13 15.64 573.73 704.52 3.59 282.94
14 16.46 540.05 726.81 4.19 284.17
15 15.81 283.89 172.37 4.39 297.67
16 14.69 176.88 160.82 4.19 298.68
17 13.03 28.37 0.00 4.69 309.14
18 12.09 0.57 0.00 5.19 305.57
19 11.14 0.00 0.00 4.19 306.49
20 10.20 0.00 0.00 3.39 306.56
21 9.26 0.00 0.00 3.39 305.16
22 8.32 0.00 0.00 3.79 302.11
23 7.38 0.00 0.00 4.19 296.87
24 6.44 0.00 0.00 3.39 291.60
25 5.38 0.00 0.00 4.39 290.29
26 4.21 0.00 0.00 5.69 287.29
27 3.05 0.00 0.00 5.89 282.64
28 2.42 0.00 0.00 6.39 280.37
29 1.78 0.00 0.00 6.39 276.67
30 1.33 0.00 0.00 4.89 274.42
31 0.87 0.00 0.00 4.69 271.91
32 2.39 53.10 158.14 3.79 272.39
33 5.60 270.37 666.06 6.09 265.39
34 8.49 455.37 923.82 6.39 268.80
35 10.92 592.54 980.41 6.09 263.41
36 12.81 668.36 1001.71 7.59 263.07
37 14.04 670.59 1001.21 6.99 265.89
38 14.62 607.22 984.69 8.18 265.94
39 14.53 475.89 934.74 6.39 270.86
40 13.41 297.86 816.80 5.39 273.12
41 11.48 102.57 573.96 6.69 275.49
42 10.38 0.93 0.00 5.89 272.48
43 9.27 0.00 0.00 3.79 274.83
44 8.16 0.00 0.00 3.59 271.34
45 7.05 0.00 0.00 3.79 269.98
46 5.94 0.00 0.00 4.19 270.71
47 4.83 0.00 0.00 3.59 270.22
48 3.73 0.00 0.00 5.19 267.47
49 3.05 0.00 0.00 5.39 266.59
50 2.23 0.00 0.00 4.89 267.04
51 1.41 0.00 0.00 5.69 264.60
52 0.93 0.00 0.00 3.99 265.13
53 0.45 0.00 0.00 3.19 266.21
54 0.08 0.00 0.00 2.70 263.61
55 -0.28 0.00 0.00 3.39 263.46
56 0.48 37.99 28.08 2.60 267.93
57 1.85 166.33 145.87 2.70 265.79
58 2.84 245.35 114.95 2.79 270.06
59 4.62 474.49 505.46 2.60 255.75
60 5.12 365.37 141.50 2.99 263.57
61 5.41 367.50 131.43 3.39 264.60
62 5.61 378.83 168.51 3.59 262.65
63 5.51 304.55 215.54 3.39 260.75
64 4.68 139.48 59.76 3.79 265.37
65 3.72 72.30 168.54 4.69 258.84
66 3.08 1.45 0.00 5.19 258.03
67 2.44 0.00 0.00 3.79 260.30
68 1.79 0.00 0.00 2.99 257.49
69 1.15 0.00 0.00 2.79 256.64
70 0.51 0.00 0.00 4.19 255.49
71 -0.13 0.00 0.00 4.19 253.79
72 -0.78 0.00 0.00 5.89 250.87
73 -0.81 0.00 0.00 5.69 252.72
74 -0.92 0.00 0.00 6.09 251.64
75 -1.03 0.00 0.00 6.69 252.02
76 -1.12 0.00 0.00 9.78 252.09
77 -1.21 0.00 0.00 7.59 250.66
78 -1.29 0.00 0.00 5.69 249.38
79 -1.38 0.00 0.00 5.39 248.38
80 0.26 54.64 231.84 4.69 255.07
81 3.16 244.70 663.71 4.69 252.87
82 5.83 412.59 826.07 5.39 252.24
83 8.14 541.48 882.87 6.99 250.15
84 9.95 613.33 905.70 6.09 252.30
85 11.13 615.35 894.98 6.09 251.00
86 11.70 557.77 885.70 6.09 255.81
87 11.63 434.46 805.28 4.89 259.13
88 10.53 260.57 645.47 5.69 263.55
89 8.72 89.41 397.08 4.69 264.10
90 8.08 1.30 0.00 2.79 265.51
91 7.44 0.00 0.00 2.50 269.45
92 6.80 0.00 0.00 2.30 266.71
93 6.15 0.00 0.00 2.70 267.17
94 5.51 0.00 0.00 2.79 267.03
95 4.87 0.00 0.00 1.70 265.67
96 4.23 0.00 0.00 2.20 264.70
97 3.91 0.00 0.00 3.09 264.32
98 3.50 0.00 0.00 2.99 261.88
99 3.08 0.00 0.00 3.39 263.45
100 2.83 0.00 0.00 3.99 264.11
101 2.58 0.00 0.00 4.89 262.84
102 2.38 0.00 0.00 5.19 262.03
103 2.18 0.00 0.00 3.79 265.35
104 3.96 69.55 422.85 3.79 275.26
105 6.79 287.15 730.47 4.89 273.00
106 8.61 390.91 678.53 5.69 279.89
107 10.04 475.18 502.41 6.39 285.15
108 9.41 247.18 31.78 5.89 301.43
109 9.30 291.71 41.37 4.69 299.69
110 7.95 101.70 0.00 3.79 308.89
111 7.50 203.76 28.51 3.39 301.30
112 6.63 107.05 0.00 3.19 308.38
113 5.48 8.71 0.00 2.79 318.03
114 6.27 0.22 0.00 3.09 321.54
115 7.06 0.00 0.00 3.09 327.28
116 7.85 0.00 0.00 2.30 327.74
117 8.64 0.00 0.00 3.09 333.71
118 9.43 0.00 0.00 2.70 336.65
119 10.22 0.00 0.00 2.60 340.05
120 11.02 0.00 0.00 3.39 343.82
121 11.32 0.00 0.00 3.39 346.03
122 11.74 0.00 0.00 3.19 346.61
123 12.16 0.00 0.00 3.99 345.21
124 12.43 0.00 0.00 4.69 341.35
125 12.70 0.00 0.00 4.39 339.92
126 12.91 0.00 0.00 5.19 340.72
127 13.13 0.00 0.00 5.89 339.43
128 13.77 13.16 0.00 6.09 343.50
129 14.65 52.31 0.00 5.39 343.09
130 14.77 33.05 0.00 5.39 347.34
131 17.43 294.41 88.84 5.19 345.70
132 20.17 424.49 259.73 3.99 331.37
133 20.01 120.79 0.00 3.39 352.39
134 21.61 420.08 214.21 3.59 329.62
135 21.89 226.75 47.64 3.39 342.12
136 21.44 123.05 12.86 2.79 343.92
137 20.42 24.01 0.00 2.70 366.21
138 19.88 1.11 0.00 1.70 350.48
139 19.32 0.00 0.00 1.70 348.47
140 18.51 0.00 0.00 1.20 359.91
141 18.19 0.00 0.00 2.20 371.49
142 17.50 0.00 0.00 2.10 368.68
143 17.00 0.00 0.00 1.40 364.88
144 15.82 0.00 0.00 1.00 360.15
145 15.46 0.00 0.00 1.00 357.24
146 14.31 0.00 0.00 0.80 349.75
147 13.15 0.00 0.00 1.70 342.33
148 12.52 0.00 0.00 1.50 337.96
149 11.90 0.00 0.00 1.70 333.62
150 11.44 0.00 0.00 1.40 330.29
151 10.99 0.00 0.00 2.30 329.50
152 12.02 40.64 67.45 2.40 335.09
153 13.03 120.13 44.32 1.90 335.13
154 13.13 102.96 0.00 1.90 344.52
155 16.01 515.94 533.81 2.79 313.16
156 17.61 499.22 394.78 3.19 321.98
157 17.68 293.65 66.65 3.39 337.88
158 18.43 476.83 431.92 3.39 322.35
159 18.77 417.78 606.54 3.99 320.05
160 18.14 209.89 196.23 3.59 331.97
161 16.68 9.51 0.00 4.19 358.37
162 16.16 0.99 0.00 2.60 357.16
163 15.65 0.00 0.00 2.30 355.03
164 15.14 0.00 0.00 2.60 355.67
165 14.62 0.00 0.00 2.70 356.25
166 14.11 0.00 0.00 1.40 358.23
167 13.60 0.00 0.00 1.50 353.81
168 13.08 0.00 0.00 1.70 351.88
169 13.01 0.00 0.00 2.50 347.04
170 11.78 0.00 0.00 2.40 355.26
171 12.54 0.00 0.00 1.90 359.45
172 13.08 0.00 0.00 1.90 359.91
173 12.85 0.00 0.00 1.90 360.25
174 13.16 0.00 0.00 1.70 362.02
175 13.29 0.00 0.00 1.10 363.62
176 13.71 8.51 0.00 1.80 361.99
177 13.99 21.06 0.00 1.80 358.61
178 14.19 35.55 0.00 2.50 361.30
179 14.84 59.38 0.00 2.40 360.46
180 15.20 78.10 0.00 1.70 361.59
181 15.64 103.66 0.00 1.80 362.30
182 18.24 483.10 449.03 2.50 344.94
183 19.67 392.28 536.60 2.60 336.62
184 20.17 244.43 436.39 3.59 333.61
185 19.80 87.92 266.92 3.79 339.40
186 19.06 1.98 0.00 3.79 337.39
187 18.33 0.00 0.00 2.99 336.14
188 17.59 0.00 0.00 3.09 330.92
189 16.86 0.00 0.00 3.19 332.16
190 16.12 0.00 0.00 4.69 330.51
191 15.39 0.00 0.00 6.99 328.46
192 14.65 0.00 0.00 9.28 325.78
193 13.25 0.00 0.00 9.78 323.36
194 11.76 0.00 0.00 8.18 318.25
195 10.27 0.00 0.00 8.68 313.15
196 9.48 0.00 0.00 8.18 310.16
197 8.69 0.00 0.00 8.18 304.86
198 8.13 0.00 0.00 5.89 301.84
199 7.57 0.00 0.00 4.89 297.65
200 9.03 72.62 459.64 5.19 300.47
201 10.82 248.27 674.18 5.39 299.95
202 12.27 377.44 535.79 8.18 304.99
203 14.17 604.63 822.59 6.39 294.41
204 15.14 574.18 642.45 6.39 299.29
205 16.17 688.08 790.88 6.99 292.26
206 15.70 356.15 164.84 6.99 312.12
207 13.89 39.70 0.00 6.39 332.66
208 12.40 25.13 0.00 8.98 331.10
209 11.22 32.97 0.00 6.69 322.80
210 10.81 1.21 0.00 10.68 318.26
211 10.39 0.00 0.00 9.28 317.57
212 9.97 0.00 0.00 6.39 316.44
213 9.56 0.00 0.00 8.68 313.22
214 9.14 0.00 0.00 8.18 307.68
215 8.73 0.00 0.00 7.59 304.92
216 8.31 0.00 0.00 7.59 302.08
217 8.29 0.00 0.00 6.09 303.21
218 8.32 0.00 0.00 7.59 296.26
219 8.35 0.00 0.00 11.18 300.87
220 8.39 0.00 0.00 10.68 300.90
221 8.42 0.00 0.00 8.18 301.53
222 8.46 0.00 0.00 6.99 302.68
223 8.50 0.00 0.00 7.59 301.31
224 10.48 52.25 216.88 8.18 302.11
225 13.19 196.13 347.01 4.89 299.15
226 14.90 259.04 152.42 3.59 306.92
227 17.72 468.65 454.16 4.39 299.85
228 20.75 646.21 811.30 4.69 299.48
229 23.09 696.05 1009.34 5.39 296.22
230 24.44 633.27 993.20 5.19 298.29
231 24.86 503.29 949.04 5.39 305.22
232 24.13 320.84 834.57 4.89 310.85
233 22.29 120.77 604.37 8.18 320.66
234 21.50 4.13 0.00 7.19 323.26
235 20.72 0.00 0.00 5.69 334.96
236 19.93 0.00 0.00 5.69 331.76
237 19.15 0.00 0.00 6.69 334.84
238 18.36 0.00 0.00 6.39 337.80
239 17.57 0.00 0.00 7.59 336.33
240 16.79 0.00 0.00 7.19 334.73
241 15.81 0.00 0.00 10.28 333.35
242 14.75 0.00 0.00 10.28 334.38
243 13.70 0.00 0.00 9.78 332.31
244 13.13 0.00 0.00 6.69 333.98
245 12.56 0.00 0.00 4.89 335.72
246 12.16 0.00 0.00 4.39 336.67
247 11.75 0.00 0.00 4.19 338.04
248 12.41 28.52 0.00 4.19 345.02
249 12.59 42.52 0.00 5.39 349.66
250 14.68 260.19 153.55 5.39 336.90
251 15.61 249.98 28.89 7.19 337.48
252 15.91 211.44 5.83 6.69 341.87
253 16.04 203.83 4.32 7.59 342.02
254 16.35 259.74 40.37 5.69 338.91
255 16.94 367.38 353.13 5.19 326.06
256 17.21 309.87 676.24 3.79 319.84
257 16.65 117.03 542.00 4.19 323.62
258 15.80 4.37 0.00 3.99 322.61
259 14.95 0.00 0.00 4.19 318.22
260 14.10 0.00 0.00 4.39 319.70
261 13.25 0.00 0.00 5.69 319.22
262 12.40 0.00 0.00 5.39 316.91
263 11.55 0.00 0.00 5.39 312.73
264 10.70 0.00 0.00 5.39 312.11
265 10.15 0.00 0.00 4.39 318.51
266 9.61 0.00 0.00 4.19 320.01
267 9.03 0.00 0.00 3.99 319.42
268 8.67 0.00 0.00 5.69 316.21
269 8.37 0.00 0.00 4.69 318.52
270 7.81 0.00 0.00 5.19 318.85
271 7.13 0.00 0.00 3.19 316.33
272 6.13 14.49 0.00 3.59 315.59
273 7.08 55.33 0.00 4.39 320.50
274 8.75 104.82 0.00 3.99 322.38
275 8.96 144.12 0.00 4.19 322.60
276 9.62 157.73 0.00 5.19 323.78
277 9.87 156.58 0.00 4.39 325.42
278 9.64 122.33 0.00 4.69 329.90
279 8.59 70.71 0.00 4.19 326.25
280 9.29 52.07 0.00 3.79 330.13
281 8.83 18.80 0.00 3.79 327.68
282 8.53 1.21 0.00 3.79 330.28
283 8.86 0.00 0.00 3.79 327.03
284 8.82 0.00 0.00 4.89 324.16
285 8.91 0.00 0.00 3.99 323.24
286 8.78 0.00 0.00 4.89 324.91
287 8.83 0.00 0.00 5.89 322.69
288 8.40 0.00 0.00 5.39 322.90
289 9.23 0.00 0.00 4.39 325.74
290 9.53 0.00 0.00 6.09 328.21
291 9.83 0.00 0.00 5.69 328.87
292 10.00 0.00 0.00 5.19 329.74
293 10.18 0.00 0.00 3.99 329.57
294 10.31 0.00 0.00 3.09 330.22
295 10.44 0.00 0.00 4.19 326.40
296 12.04 36.82 23.34 3.59 334.09
297 14.51 151.88 131.30 3.39 338.55
298 14.53 92.68 0.00 4.39 353.81
299 16.28 255.38 31.11 3.79 335.22
300 17.34 253.81 20.16 2.99 339.49
301 18.94 380.35 137.91 1.90 333.10
302 19.74 319.54 84.21 2.10 334.32
303 20.35 319.72 204.03 2.10 328.72
304 20.38 224.46 285.06 1.90 330.13
305 19.74 128.88 379.83 1.40 321.84
306 19.11 5.75 0.00 1.40 320.42
307 18.49 0.00 0.00 1.80 322.48
308 17.87 0.00 0.00 2.20 322.50
309 17.24 0.00 0.00 2.10 323.93
310 16.62 0.00 0.00 2.20 323.39
311 15.99 0.00 0.00 1.90 324.36
312 15.37 0.00 0.00 1.50 321.71
313 14.53 0.00 0.00 0.80 324.71
314 13.64 0.00 0.00 0.60 323.66
315 12.74 0.00 0.00 0.60 320.92
316 12.27 0.00 0.00 1.10 323.18
317 11.79 0.00 0.00 2.10 322.45
318 9.75 0.00 0.00 2.10 327.58
319 10.87 0.00 0.00 0.80 333.10
320 10.83 21.44 0.00 1.00 334.68
321 11.87 62.24 0.00 1.40 338.13
322 12.52 136.15 0.00 1.50 337.76
323 13.09 145.47 0.00 1.80 343.12
324 13.25 153.56 0.00 1.50 344.69
325 13.25 99.18 0.00 1.20 348.90
326 13.62 243.11 22.17 1.50 339.00
327 13.80 216.71 21.77 1.40 338.61
328 13.82 129.75 7.04 1.10 329.17
329 13.39 53.93 0.00 0.80 341.38
330 12.69 2.52 0.00 1.40 327.51
331 11.94 0.00 0.00 1.70 323.63
332 11.19 0.00 0.00 2.99 321.18
333 10.44 0.00 0.00 2.79 319.44
334 9.66 0.00 0.00 2.50 322.45
335 8.59 0.00 0.00 2.20 319.64
336 7.70 0.00 0.00 1.90 315.10
337 7.30 0.00 0.00 2.40 315.31
338 6.34 0.00 0.00 2.10 309.14
339 5.38 0.00 0.00 2.10 305.94
340 4.86 0.00 0.00 2.40 303.36
341 4.35 0.00 0.00 2.99 305.29
342 3.98 0.00 0.00 3.59 304.25
343 3.61 0.00 0.00 3.99 302.01
344 4.05 18.93 0.00 4.69 304.88
345 3.98 18.77 0.00 4.39 309.19
346 4.60 95.27 0.00 4.69 306.02
347 5.72 220.31 13.87 4.69 300.49
348 7.24 382.33 145.34 5.39 294.92
349 8.70 488.31 331.86 6.39 290.10
350 9.40 401.87 220.83 5.89 297.07
351 9.63 321.52 197.49 8.18 296.53
352 9.01 135.22 22.41 6.99 308.19
353 7.96 18.22 0.00 5.19 314.31
354 7.60 3.00 0.00 4.39 311.95
355 7.24 0.00 0.00 5.19 307.83
356 6.88 0.00 0.00 4.69 305.67
357 6.52 0.00 0.00 5.39 303.62
358 6.16 0.00 0.00 4.89 299.50
359 5.80 0.00 0.00 5.89 295.51
360 5.44 0.00 0.00 5.39 295.54
361 5.03 0.00 0.00 5.89 306.36
362 5.28 0.00 0.00 4.69 305.47
363 5.08 0.00 0.00 3.79 306.88
364 5.27 0.00 0.00 2.79 307.84
365 5.25 0.00 0.00 3.39 307.67
366 5.24 0.00 0.00 3.39 307.55
367 5.15 0.00 0.00 4.19 304.41
368 4.82 12.93 0.00 3.59 305.12
369 6.27 46.00 0.00 3.39 309.38
370 6.45 35.19 0.00 4.69 313.87
371 6.81 64.81 0.00 4.69 314.32
372 7.28 98.80 0.00 4.89 317.03
373 7.88 142.64 0.00 4.69 318.66
374 10.18 478.38 389.44 6.39 302.85
375 11.63 423.39 600.35 8.98 296.33
376 12.06 258.74 449.73 6.39 304.45
377 11.61 104.66 311.31 7.19 307.15
378 11.57 4.90 0.00 5.39 309.97
379 11.53 0.00 0.00 4.69 309.72
380 11.49 0.00 0.00 4.69 308.86
381 11.45 0.00 0.00 3.99 310.42
382 11.41 0.00 0.00 3.79 310.76
383 11.37 0.00 0.00 4.19 310.97
384 11.33 0.00 0.00 3.99 314.49
385 11.25 0.00 0.00 4.19 311.54
386 11.17 0.00 0.00 3.59 312.19
387 11.08 0.00 0.00 3.39 315.37
388 11.04 0.00 0.00 4.39 319.59
389 11.00 0.00 0.00 4.19 321.43
390 10.97 0.00 0.00 2.99 321.60
391 10.94 0.00 0.00 3.39 328.20
392 12.95 56.21 253.51 3.09 335.59
393 15.67 207.98 429.79 2.99 335.80
394 18.95 407.41 698.69 3.19 337.55
395 21.51 509.21 665.31 3.59 337.53
396 23.59 586.13 695.55 4.39 338.54
397 24.85 564.75 583.54 4.89 341.67
398 25.70 553.96 685.11 5.69 344.08
399 25.71 415.68 543.54 7.19 350.40
400 24.59 246.83 362.20 6.99 353.39
401 22.73 90.20 107.33 6.69 357.74
402 22.21 5.76 0.00 7.19 355.26
403 21.68 0.00 0.00 7.59 359.78
404 21.16 0.00 0.00 9.28 358.73
405 20.63 0.00 0.00 9.78 360.63
406 20.11 0.00 0.00 9.78 361.83
407 19.58 0.00 0.00 9.28 363.58
408 19.06 0.00 0.00 9.78 367.73
409 18.54 0.00 0.00 10.68 365.64
410 17.97 0.00 0.00 10.68 363.52
411 17.41 0.00 0.00 12.38 364.76
412 17.10 0.00 0.00 14.27 366.00
413 16.78 0.00 0.00 12.38 363.81
414 16.56 0.00 0.00 11.18 366.27
415 16.33 0.00 0.00 8.18 365.83
416 17.07 23.08 0.00 7.59 366.25
417 19.56 172.94 203.58 8.18 353.57
418 21.00 229.85 73.51 8.18 362.01
419 22.04 269.49 36.72 6.99 365.78
420 21.73 136.07 0.00 8.68 376.61
421 22.66 340.83 79.22 8.18 366.01
422 23.37 351.90 130.38 8.18 364.20
423 24.03 386.44 380.40 8.18 359.01
424 24.04 254.58 402.38 8.18 359.30
425 23.22 109.19 342.33 6.39 358.56
426 22.59 8.87 0.00 8.18 356.81
427 21.96 0.00 0.00 8.98 357.54
428 21.33 0.00 0.00 9.78 357.15
429 20.70 0.00 0.00 8.18 357.59
430 20.07 0.00 0.00 6.69 353.69
431 19.44 0.00 0.00 7.19 351.76
432 18.81 0.00 0.00 6.99 349.53
433 18.41 0.00 0.00 8.18 351.03
434 17.98 0.00 0.00 9.28 344.26
435 17.55 0.00 0.00 8.98 343.13
436 17.32 0.00 0.00 6.39 344.42
437 17.08 0.00 0.00 6.39 344.87
438 16.92 0.00 0.00 6.09 343.72
439 16.75 0.00 0.00 7.59 344.34
440 19.29 77.29 466.17 5.69 349.83
441 22.55 275.81 764.81 4.69 350.80
442 25.86 478.44 705.88 6.99 353.74
443 25.77 270.26 52.41 6.69 374.70
444 25.86 292.74 56.66 5.89 372.12
445 23.76 59.83 0.00 6.39 385.35
446 23.78 249.21 59.81 6.99 369.36
447 25.21 450.24 552.24 7.19 347.67
448 24.97 236.39 247.58 7.59 354.97
449 24.27 147.51 410.17 5.39 348.44
450 23.46 8.84 0.00 4.39 346.37
451 22.65 0.00 0.00 4.19 353.41
452 21.83 0.00 0.00 3.09 356.66
453 21.02 0.00 0.00 2.99 350.75
454 20.20 0.00 0.00 2.99 348.65
455 19.39 0.00 0.00 4.89 349.04
456 18.57 0.00 0.00 3.59 347.99
457 17.90 0.00 0.00 3.79 348.94
458 17.43 0.00 0.00 3.19 346.50
459 16.96 0.00 0.00 2.70 346.95
460 16.82 0.00 0.00 2.40 346.74
461 16.69 0.00 0.00 2.50 343.37
462 16.67 0.00 0.00 2.79 346.31
463 16.65 0.00 0.00 2.70 347.14
464 18.16 55.47 214.78 3.19 351.41
465 20.58 243.98 618.26 3.59 340.36
466 22.90 420.01 778.70 3.79 342.48
467 25.02 566.40 877.69 3.79 334.15
468 26.76 649.98 912.11 3.59 336.45
469 26.21 655.36 891.38 3.09 336.79
470 26.21 600.71 877.35 2.99 336.16
471 26.21 482.46 828.90 2.10 338.07
472 26.21 320.77 739.93 1.00 339.25
473 26.21 131.93 499.08 1.20 346.71
474 26.40 7.85 0.00 1.10 349.32
475 25.19 0.00 0.00 1.50 353.65
476 23.98 0.00 0.00 1.00 349.22
477 22.76 0.00 0.00 0.90 347.28
478 21.55 0.00 0.00 1.70 342.91
479 20.34 0.00 0.00 1.70 344.50
480 19.12 0.00 0.00 1.70 341.60
481 17.03 0.00 0.00 2.20 338.16
482 14.71 0.00 0.00 2.50 333.45
483 12.38 0.00 0.00 1.70 327.00
484 11.10 0.00 0.00 2.60 321.40
485 9.82 0.00 0.00 2.20 318.14
486 8.89 0.00 0.00 2.40 316.09
487 7.96 0.00 0.00 2.30 309.47
488 8.96 48.67 132.45 2.40 313.36
489 10.11 158.02 132.87 2.40 311.23
490 12.87 458.11 687.55 3.09 301.25
491 14.18 465.56 380.20 3.79 306.10
492 14.34 362.40 104.35 4.69 317.23
493 14.70 438.71 206.17 4.69 311.70
494 15.04 479.95 354.87 5.39 306.90
495 15.39 530.35 793.62 4.89 297.11
496 15.06 348.89 814.74 5.89 299.28
497 13.88 146.33 568.98 5.39 305.87
498 12.72 12.10 0.00 4.39 301.41
499 11.56 0.00 0.00 5.19 300.58
500 10.40 0.00 0.00 5.19 300.05
501 9.23 0.00 0.00 4.39 300.56
502 8.07 0.00 0.00 4.19 299.23
503 6.91 0.00 0.00 4.19 296.97
504 5.74 0.00 0.00 3.19 296.54
505 5.59 0.00 0.00 2.79 296.91
506 5.42 0.00 0.00 3.59 297.70
507 5.25 0.00 0.00 2.50 298.75
508 5.15 0.00 0.00 2.20 297.82
509 5.05 0.00 0.00 2.70 299.96
510 4.98 0.00 0.00 2.40 298.77
511 4.91 0.00 0.00 1.90 298.75
512 6.47 41.37 45.72 2.10 305.79
513 8.07 126.51 19.83 2.40 308.23
514 9.85 226.17 49.57 2.99 309.74
515 11.23 277.82 28.00 2.30 306.75
516 11.95 264.73 15.89 2.79 312.16
517 12.17 225.99 14.28 3.19 316.15
518 13.44 430.98 274.45 2.60 306.63
519 14.81 520.07 778.04 2.60 292.63
520 15.12 340.18 686.30 2.50 295.30
521 14.26 142.65 443.74 2.10 300.03
522 13.81 12.55 0.00 2.10 299.42
523 13.36 0.00 0.00 0.90 305.23
524 12.92 0.00 0.00 1.70 307.98
525 12.47 0.00 0.00 1.20 308.76
526 12.02 0.00 0.00 1.00 309.08
527 11.58 0.00 0.00 1.40 312.82
528 11.13 0.00 0.00 1.00 312.34
529 10.77 0.00 0.00 1.40 311.33
530 10.38 0.00 0.00 2.50 312.74
531 10.00 0.00 0.00 2.99 314.73
532 9.80 0.00 0.00 3.59 321.01
533 9.61 0.00 0.00 2.99 322.63
534 9.47 0.00 0.00 3.09 325.32
535 9.33 0.00 0.00 2.79 327.59
536 9.93 17.31 0.00 2.50 333.22
537 9.93 18.23 0.00 2.10 338.33
538 10.82 94.60 0.00 1.90 331.98
539 12.61 248.18 22.20 1.70 327.67
540 14.05 304.92 28.12 1.80 338.81
541 15.16 331.16 36.84 1.40 343.59
542 15.94 339.03 92.37 1.90 345.75
543 16.13 290.08 81.96 2.20 349.24
544 16.47 211.45 137.19 2.30 347.90
545 15.90 114.33 263.41 2.70 332.50
546 15.37 6.91 0.00 2.70 326.53
547 14.85 0.00 0.00 2.60 327.10
548 14.32 0.00 0.00 1.70 322.65
549 13.80 0.00 0.00 1.80 320.20
550 13.27 0.00 0.00 1.90 321.56
551 12.75 0.00 0.00 1.80 322.96
552 12.22 0.00 0.00 2.10 326.01
553 11.76 0.00 0.00 2.20 322.99
554 11.28 0.00 0.00 1.50 323.10
555 10.80 0.00 0.00 1.50 324.13
556 10.55 0.00 0.00 2.20 324.79
557 10.14 0.00 0.00 2.20 329.22
558 9.64 0.00 0.00 1.80 328.39
559 9.93 0.00 0.00 2.30 329.29
560 11.04 37.35 13.06 2.30 337.76
561 10.75 19.02 0.00 2.70 347.48
562 13.15 274.16 151.98 2.40 330.89
563 15.13 381.51 173.63 3.39 336.35
564 15.89 324.07 49.45 3.09 347.90
565 16.05 236.11 17.20 3.79 355.54
566 17.03 439.74 292.86 4.39 335.54
567 16.34 137.02 0.00 4.89 359.15
568 15.61 105.07 0.00 5.19 354.49
569 14.79 57.30 0.00 6.69 356.07
570 14.49 5.26 0.00 6.39 352.69
571 14.20 0.00 0.00 5.19 345.09
572 13.90 0.00 0.00 5.19 343.32
573 13.61 0.00 0.00 4.89 340.85
574 13.31 0.00 0.00 6.39 337.01
575 13.02 0.00 0.00 6.09 333.73
576 12.72 0.00 0.00 4.69 330.25
577 12.51 0.00 0.00 5.19 326.71
578 12.31 0.00 0.00 5.19 327.28
579 12.11 0.00 0.00 6.99 326.50
580 12.01 0.00 0.00 6.39 325.44
581 11.91 0.00 0.00 5.69 326.84
582 11.85 0.00 0.00 4.39 324.40
583 11.78 0.00 0.00 5.39 325.39
584 14.19 77.40 307.36 4.39 329.25
585 16.89 250.58 610.09 3.59 331.79
586 19.72 437.05 688.62 3.79 333.84
587 21.11 433.90 309.42 4.19 342.30
588 22.19 472.85 256.59 4.69 345.22
589 23.13 514.91 331.46 6.39 340.53
590 23.26 391.44 167.06 7.19 349.44
591 22.59 266.21 74.07 7.19 355.13
592 20.72 36.79 0.00 8.98 372.70
593 19.10 11.27 0.00 6.69 371.63
594 18.83 6.44 0.00 6.99 367.47
595 18.56 0.00 0.00 5.69 370.48
596 18.29 0.00 0.00 6.39 369.25
597 18.02 0.00 0.00 4.89 368.42
598 17.75 0.00 0.00 3.99 368.92
599 17.48 0.00 0.00 3.39 364.05
600 17.22 0.00 0.00 2.70 365.67
601 16.87 0.00 0.00 2.79 374.19
602 16.70 0.00 0.00 3.39 376.13
603 16.47 0.00 0.00 2.40 374.65
604 16.38 0.00 0.00 2.79 374.05
605 16.30 0.00 0.00 2.70 373.45
606 16.26 0.00 0.00 2.79 373.13
607 16.22 0.00 0.00 3.99 372.82
608 16.58 9.25 0.00 2.79 374.85
609 16.78 18.48 0.00 2.99 374.24
610 17.82 108.07 0.00 3.09 371.97
611 19.14 199.48 10.64 3.39 357.04
612 21.76 484.78 265.22 3.99 342.91
613 23.17 417.24 139.61 3.09 353.16
614 24.17 412.49 187.65 3.99 355.77
615 24.68 348.22 215.05 3.09 359.47
616 23.71 79.43 0.00 4.19 382.66
617 22.63 21.69 0.00 3.09 383.61
618 22.05 4.89 0.00 3.59 380.30
619 21.46 0.00 0.00 3.99 379.64
620 20.88 0.00 0.00 3.59 375.94
621 20.30 0.00 0.00 4.89 370.48
622 19.52 0.00 0.00 3.99 380.65
623 19.13 0.00 0.00 4.89 381.97
624 18.54 0.00 0.00 3.99 377.32
625 17.71 0.00 0.00 3.19 371.20
626 16.87 0.00 0.00 4.19 365.12
627 16.03 0.00 0.00 5.89 359.61
628 15.61 0.00 0.00 6.39 359.76
629 15.19 0.00 0.00 4.19 355.62
630 14.91 0.00 0.00 4.89 352.00
631 14.63 0.00 0.00 5.89 354.55
632 16.07 50.46 92.47 6.09 357.43
633 17.38 142.50 49.19 6.69 358.40
634 18.84 250.19 72.98 7.59 357.96
635 20.41 367.15 151.30 7.19 356.36
636 21.73 434.49 189.73 12.38 355.51
637 23.46 612.53 567.53 11.58 347.52
638 25.08 706.80 796.19 7.59 336.98
639 24.58 285.05 93.27 8.68 365.67
640 23.48 151.04 20.76 8.98 374.70
641 21.92 12.66 0.00 7.59 389.92
642 21.06 3.58 0.00 8.68 385.91
643 20.20 0.00 0.00 6.39 384.68
644 19.34 0.00 0.00 6.09 381.83
645 18.48 0.00 0.00 5.39 374.24
646 17.62 0.00 0.00 4.69 370.85
647 16.76 0.00 0.00 3.39 365.35
648 15.90 0.00 0.00 4.19 357.60
649 15.04 0.00 0.00 2.70 357.76
650 14.18 0.00 0.00 3.09 351.67
651 13.32 0.00 0.00 3.19 345.76
652 12.89 0.00 0.00 3.59 341.06
653 12.46 0.00 0.00 2.60 340.21
654 12.17 0.00 0.00 1.80 337.85
655 11.88 0.00 0.00 1.70 333.78
656 13.89 63.32 219.00 1.20 331.73
657 16.33 217.15 394.80 2.20 328.57
658 19.20 411.95 609.21 1.90 325.78
659 21.75 552.19 722.20 1.70 316.48
660 23.58 599.90 650.20 2.50 320.72
661 24.93 625.41 664.85 1.90 323.97
662 25.53 544.67 545.34 0.90 330.35
663 25.31 398.38 353.02 0.90 336.28
664 24.35 266.37 309.04 1.20 336.23
665 22.77 118.20 210.46 1.00 335.86
666 21.23 13.79 0.00 1.10 332.56
667 19.69 0.00 0.00 1.50 334.35
668 18.15 0.00 0.00 1.40 328.80
669 16.61 0.00 0.00 1.50 324.42
670 15.07 0.00 0.00 2.20 319.27
671 13.53 0.00 0.00 1.90 314.75
672 11.99 0.00 0.00 1.00 308.88
673 10.47 0.00 0.00 0.80 306.54
674 8.79 0.00 0.00 0.60 301.42
675 7.11 0.00 0.00 0.50 296.44
676 6.19 0.00 0.00 0.50 290.80
677 5.27 0.00 0.00 0.60 288.27
678 4.61 0.00 0.00 1.20 285.36
679 3.95 0.00 0.00 0.70 279.69
680 6.21 80.33 367.02 0.40 288.69
681 8.87 267.34 690.95 0.40 288.72
682 11.54 456.19 847.37 0.20 291.82
683 13.91 603.92 914.54 0.30 286.38
684 15.78 687.85 933.65 0.40 286.78
685 17.02 697.24 918.63 0.30 288.33
686 17.62 642.20 901.76 0.20 290.26
687 17.61 529.42 881.17 0.30 294.31
688 16.65 352.75 750.11 0.50 297.57
689 14.84 157.03 522.59 0.70 305.75
690 12.68 14.87 0.00 0.40 304.66
691 11.72 0.00 0.00 0.40 304.69
692 10.77 0.00 0.00 0.20 301.83
693 9.81 0.00 0.00 0.10 300.55
694 8.86 0.00 0.00 0.10 300.66
695 7.90 0.00 0.00 0.20 299.17
696 6.95 0.00 0.00 0.40 295.10
697 6.66 0.00 0.00 0.50 293.18
698 6.43 0.00 0.00 0.60 295.48
699 6.19 0.00 0.00 0.80 295.89
700 6.10 0.00 0.00 1.40 295.41
701 6.02 0.00 0.00 1.20 295.86
702 5.98 0.00 0.00 1.40 294.69
703 5.94 0.00 0.00 1.10 299.11
704 8.35 64.86 212.15 1.20 306.19
705 11.44 232.26 413.87 0.80 304.56
706 14.35 384.36 480.29 0.50 307.67
707 17.68 587.27 736.82 0.80 297.43
708 19.92 617.55 662.12 1.10 300.84
709 21.46 622.87 655.30 0.80 305.29
710 22.57 621.44 756.69 0.70 302.53
711 23.20 574.06 861.94 0.70 302.60
712 22.54 358.29 759.00 1.10 306.38
713 20.85 167.42 581.22 1.50 307.58
714 18.65 21.58 20.60 1.40 304.68
715 17.27 0.00 0.00 1.80 311.17
716 15.89 0.00 0.00 1.20 308.69
717 14.51 0.00 0.00 1.20 302.33
718 13.13 0.00 0.00 1.40 298.07
719 11.75 0.00 0.00 1.10 294.39
720 10.37 0.00 0.00 0.70 291.99
721 8.74 0.00 0.00 0.60 290.82
722 6.75 0.00 0.00 1.00 281.57
723 4.76 0.00 0.00 2.30 277.13
724 3.57 0.00 0.00 1.90 271.39
725 2.39 0.00 0.00 0.60 268.43
726 1.48 0.00 0.00 0.60 265.40
727 0.58 0.00 0.00 0.80 261.03
728 1.96 83.52 374.90 1.00 266.45
729 3.51 267.46 668.71 1.20 262.49
730 5.08 451.88 805.27 1.40 261.77
731 6.32 575.97 790.90 1.20 256.40
732 7.21 644.09 759.45 1.90 257.07
733 7.75 664.51 779.13 1.50 259.93
734 7.88 615.82 777.68 1.00 259.90
735 7.59 502.46 741.75 1.40 260.12
736 6.70 344.40 664.88 1.70 260.58
737 5.26 158.45 483.35 2.40 261.22
738 3.55 16.34 0.00 2.50 254.99
739 2.81 0.00 0.00 2.40 258.36
740 2.08 0.00 0.00 2.10 258.76
741 1.34 0.00 0.00 2.10 259.92
742 0.60 0.00 0.00 1.50 258.86
743 -0.13 0.00 0.00 1.00 254.32
744 -0.87 0.00 0.00 1.10 253.89
745 1.74 0.00 0.00 0.70 275.48
746 1.12 0.00 0.00 0.60 270.06
747 2.15 0.00 0.00 1.10 275.63
748 2.76 0.00 0.00 1.60 278.38
749 3.36 0.00 0.00 2.00 278.67
750 3.83 0.00 0.00 2.30 281.24
751 4.30 0.00 0.00 2.60 285.96
752 7.08 69.93 183.02 2.60 290.91
753 8.54 138.85 49.53 2.40 299.92
754 9.60 175.30 7.38 2.90 304.22
755 11.16 275.83 34.60 3.10 300.12
756 13.95 516.09 312.73 2.90 291.29
757 16.01 539.30 336.39 2.70 290.46
758 18.45 710.87 840.99 2.70 283.00
759 19.75 586.23 972.60 2.40 289.24
760 20.04 402.33 886.28 2.20 297.53
761 19.03 188.73 682.97 1.70 301.37
762 17.28 23.27 28.62 1.50 293.75
763 16.53 0.00 0.00 1.30 303.13
764 15.78 0.00 0.00 1.00 299.26
765 15.02 0.00 0.00 0.70 298.07
766 14.27 0.00 0.00 0.70 293.94
767 13.52 0.00 0.00 0.10 297.26
768 12.77 0.00 0.00 0.30 300.33
769 11.21 0.00 0.00 0.40 298.22
770 9.51 0.00 0.00 0.40 295.64
771 7.80 0.00 0.00 0.40 289.86
772 6.87 0.00 0.00 0.90 286.76
773 5.93 0.00 0.00 0.90 283.32
774 5.26 0.00 0.00 0.60 276.98
775 4.59 0.00 0.00 0.20 276.71
776 6.44 87.57 386.07 0.30 279.79
777 8.42 273.80 646.89 0.20 278.63
778 10.22 437.26 702.93 0.70 280.07
779 11.70 551.55 670.00 1.00 278.35
780 12.87 627.54 673.73 1.00 278.87
781 13.75 665.93 736.83 0.80 280.24
782 14.21 629.59 798.77 1.30 278.41
783 14.22 523.42 796.37 1.50 275.97
784 13.56 358.49 707.35 1.70 280.83
785 12.27 171.00 542.86 1.70 288.56
786 10.65 18.68 0.00 2.20 290.62
787 9.60 0.00 0.00 1.00 292.15
788 8.56 0.00 0.00 0.70 288.93
789 7.52 0.00 0.00 0.30 286.95
790 6.47 0.00 0.00 0.60 285.69
791 5.43 0.00 0.00 0.70 278.20
792 4.38 0.00 0.00 0.20 273.80
793 4.00 0.00 0.00 0.50 275.07
794 3.51 0.00 0.00 0.40 273.58
795 3.01 0.00 0.00 1.00 273.61
796 2.70 0.00 0.00 1.00 272.99
797 2.39 0.00 0.00 0.70 269.27
798 2.15 0.00 0.00 0.40 266.67
799 1.90 0.00 0.00 0.20 267.68
800 3.60 77.21 258.58 0.50 273.75
801 5.55 253.76 485.99 0.70 272.45
802 7.50 429.71 659.12 0.90 272.83
803 9.17 556.62 676.19 0.80 271.12
804 10.43 623.06 637.69 1.20 276.18
805 11.27 634.40 642.04 1.10 277.20
806 11.55 546.83 483.57 1.30 281.00
807 11.45 452.15 453.73 1.30 277.60
808 10.71 308.71 411.04 1.60 277.22
809 9.45 145.26 295.77 1.80 283.22
810 7.93 18.46 0.00 1.10 284.83
811 7.39 0.00 0.00 1.00 290.25
812 6.86 0.00 0.00 0.80 290.39
813 6.33 0.00 0.00 0.80 284.63
814 5.79 0.00 0.00 1.00 285.32
815 5.26 0.00 0.00 0.80 283.90
816 4.72 0.00 0.00 1.00 279.72
817 4.70 0.00 0.00 1.20 281.19
818 4.83 0.00 0.00 1.80 277.69
819 4.97 0.00 0.00 2.70 279.78
820 5.11 0.00 0.00 3.30 279.56
821 5.25 0.00 0.00 2.00 278.73
822 5.40 0.00 0.00 1.30 278.17
823 5.54 0.61 0.00 1.00 277.03
824 8.00 114.10 586.66 0.70 280.56
825 10.53 349.09 838.80 1.10 274.95
826 12.98 573.15 962.99 1.30 280.56
827 15.15 744.17 1004.47 1.30 280.63
828 16.92 844.27 816.05 1.90 283.74
829 16.22 376.22 86.67 1.70 314.12
830 14.21 60.40 0.00 2.00 333.49
831 12.70 50.16 0.00 2.00 330.33
832 11.50 35.15 0.00 2.20 328.58
833 10.51 17.28 0.00 1.80 325.43
834 9.77 29.56 50.91 1.20 322.57
835 9.92 0.00 0.00 1.80 325.37
836 10.08 0.00 0.00 1.90 327.19
837 10.23 0.00 0.00 1.60 329.26
838 10.39 0.00 0.00 1.20 328.62
839 10.54 0.00 0.00 1.00 329.62
840 10.70 0.00 0.00 1.50 327.68
841 10.20 0.00 0.00 1.30 322.99
842 9.73 0.00 0.00 1.30 322.52
843 9.26 0.00 0.00 1.60 320.11
844 9.05 0.00 0.00 2.40 317.24
845 8.83 0.00 0.00 2.00 316.18
846 8.70 0.00 0.00 2.70 312.06
847 8.56 0.44 0.00 2.60 316.37
848 9.87 58.57 83.91 3.50 317.43
849 11.75 227.64 364.05 4.20 307.74
850 13.53 382.96 377.74 3.80 308.14
851 15.62 599.70 663.91 3.30 299.15
852 16.25 455.52 194.78 4.00 312.02
853 16.49 399.99 91.52 3.30 314.79
854 16.64 393.23 133.05 2.30 313.71
855 15.37 78.78 0.00 1.70 333.86
856 14.18 36.58 0.00 1.90 347.99
857 13.32 56.93 0.00 2.00 343.86
858 12.54 10.74 0.00 3.30 339.04
859 11.73 0.00 0.00 3.30 334.08
860 11.14 0.00 0.00 3.50 333.37
861 10.44 0.00 0.00 3.70 329.02
862 9.18 0.00 0.00 3.10 321.61
863 8.84 0.00 0.00 3.80 316.38
864 8.33 0.00 0.00 4.20 316.14
865 7.49 0.00 0.00 4.30 311.70
866 6.58 0.00 0.00 3.70 310.32
867 5.68 0.00 0.00 1.90 308.53
868 5.20 0.00 0.00 2.40 305.45
869 4.72 0.00 0.00 2.30 302.74
870 4.38 0.00 0.00 2.40 298.82
871 4.05 0.64 0.00 2.90 296.87
872 5.08 48.83 18.69 2.90 300.61
873 6.72 200.29 180.95 2.70 293.06
874 7.65 256.88 72.22 3.30 295.88
875 7.76 199.72 13.83 2.70 301.58
876 10.27 750.10 630.83 3.10 274.22
877 10.80 448.35 161.86 3.50 289.96
878 11.59 584.67 523.02 4.30 281.40
879 10.68 175.82 5.97 3.70 305.39
880 10.21 234.71 127.43 4.00 293.83
881 9.20 71.54 0.00 3.10 299.11
882 8.12 2.47 0.00 3.10 299.44
883 7.79 0.00 0.00 3.50 301.14
884 7.45 0.00 0.00 2.90 301.98
885 7.11 0.00 0.00 4.00 302.91
886 6.78 0.00 0.00 3.50 303.29
887 6.44 0.00 0.00 2.70 307.67
888 6.10 0.00 0.00 3.30 309.25
889 6.01 0.00 0.00 3.30 305.82
890 6.08 0.00 0.00 3.50 304.85
891 6.15 0.00 0.00 4.30 305.52
892 6.26 0.00 0.00 5.30 304.71
893 6.38 0.00 0.00 4.90 303.04
894 6.51 0.00 0.00 4.00 304.30
895 6.64 1.45 0.00 4.70 301.34
896 7.01 10.52 0.00 4.50 306.05
897 10.55 337.23 546.58 3.80 277.07
898 13.31 551.94 964.21 3.30 283.10
899 15.62 716.28 1010.86 2.30 278.82
900 17.46 811.67 863.40 2.70 276.76
901 17.80 539.62 283.02 2.40 295.60
902 15.77 56.42 0.00 2.00 323.52
903 14.24 46.93 0.00 2.40 324.46
904 13.03 33.01 0.00 2.90 324.42
905 12.04 16.47 0.00 3.30 327.03
906 11.21 2.33 0.00 2.70 321.36
907 10.98 0.00 0.00 2.90 319.00
908 10.74 0.00 0.00 1.70 310.40
909 10.51 0.00 0.00 1.30 305.61
910 10.28 0.00 0.00 1.50 304.27
911 10.05 0.00 0.00 1.30 305.63
912 9.82 0.00 0.00 1.50 303.81
913 8.91 0.00 0.00 2.40 298.87
914 7.85 0.00 0.00 1.70 298.85
915 6.78 0.00 0.00 1.10 293.54
916 6.18 0.00 0.00 2.00 288.96
917 5.57 0.00 0.00 1.80 285.18
918 5.12 0.00 0.00 2.30 280.18
919 4.67 1.15 0.00 2.90 279.30
920 7.19 112.80 583.78 2.40 285.22
921 9.88 352.43 820.55 2.20 282.84
922 11.83 497.43 684.43 2.20 286.78
923 11.69 323.55 93.29 2.00 300.25
924 11.70 354.47 38.07 2.70 302.72
925 11.27 286.27 14.08 3.30 307.21
926 11.01 301.62 30.58 2.20 308.07
927 11.03 352.42 135.72 2.40 303.32
928 10.49 233.95 87.43 3.30 312.59
929 9.61 132.71 117.68 3.10 315.31
930 8.46 22.03 0.00 2.20 316.71
931 8.13 0.00 0.00 2.90 315.50
932 7.79 0.00 0.00 3.70 314.23
933 7.45 0.00 0.00 4.00 312.96
934 7.12 0.00 0.00 3.10 311.69
935 6.78 0.00 0.00 2.70 310.43
936 6.45 0.00 0.00 2.20 309.16
937 6.75 0.00 0.00 1.90 311.42
938 7.15 0.00 0.00 2.00 314.22
939 7.54 0.00 0.00 2.20 314.32
940 7.79 0.00 0.00 1.70 316.82
941 8.04 0.00 0.00 1.30 316.25
942 8.24 0.00 0.00 2.40 317.45
943 8.43 1.20 0.00 2.40 320.13
944 9.87 47.20 0.00 2.00 323.61
945 11.37 145.78 27.48 2.60 319.50
946 14.40 406.15 386.51 3.50 311.70
947 17.45 616.18 669.52 3.10 308.91
948 18.52 475.67 197.86 2.90 322.13
949 19.07 432.46 122.87 2.60 328.81
950 18.96 324.94 41.08 2.60 336.36
951 17.87 158.13 0.00 2.70 358.01
952 16.72 100.65 0.00 3.10 364.06
953 15.49 88.30 3.95 4.30 354.22
954 14.75 6.87 0.00 3.70 347.01
955 14.71 0.00 0.00 3.70 346.96
956 14.67 0.00 0.00 3.10 346.92
957 14.63 0.00 0.00 3.30 346.88
958 14.59 0.00 0.00 2.20 348.19
959 14.55 0.00 0.00 2.90 348.92
960 14.39 0.00 0.00 3.70 347.94
961 13.27 0.00 0.00 2.90 349.08
962 13.62 0.00 0.00 2.30 348.71
963 13.03 0.00 0.00 3.70 344.64
964 12.69 0.00 0.00 3.30 346.08
965 12.77 0.00 0.00 3.30 347.20
966 12.63 0.00 0.00 2.90 349.34
967 12.50 1.05 0.00 4.20 348.74
968 13.48 42.29 0.00 3.50 354.22
969 14.20 104.60 0.00 2.90 351.28
970 15.09 188.90 9.03 2.90 353.43
971 16.37 332.81 75.96 3.10 349.36
972 17.50 413.08 109.98 2.40 351.69
973 17.91 320.48 28.08 2.70 352.41
974 18.40 378.00 93.20 2.30 347.38
975 18.10 202.03 9.46 2.00 366.54
976 17.31 46.18 0.00 2.40 363.13
977 16.49 17.88 0.00 2.20 370.55
978 15.83 2.93 0.00 2.90 364.26
979 15.20 0.00 0.00 3.10 358.20
980 14.57 0.00 0.00 2.70 352.21
981 13.85 0.00 0.00 1.70 346.90
982 13.32 0.00 0.00 1.30 343.53
983 12.69 0.00 0.00 1.50 337.69
984 12.06 0.00 0.00 1.20 331.90
985 11.37 0.00 0.00 0.60 325.81
986 10.60 0.00 0.00 0.60 319.36
987 9.83 0.00 0.00 0.70 312.99
988 9.40 0.00 0.00 0.60 308.58
989 8.98 0.00 0.00 0.70 304.43
990 8.67 0.00 0.00 1.00 301.48
991 8.37 2.81 0.00 1.70 298.60
992 11.44 118.24 317.65 1.80 298.77
993 12.05 169.77 82.47 1.90 313.66
994 14.69 450.62 404.03 1.30 302.46
995 14.14 174.34 3.48 1.30 324.92
996 15.13 428.84 131.56 1.70 311.66
997 16.08 497.72 187.73 2.30 307.87
998 16.42 417.31 135.74 3.30 312.78
999 17.01 522.42 567.13 4.70 301.84
1000 17.12 409.15 616.09 6.00 303.20
1001 15.92 106.28 91.47 4.90 323.90
1002 14.56 16.63 0.00 4.50 322.75
1003 13.95 0.00 0.00 6.20 327.90
1004 13.34 0.00 0.00 5.30 328.40
1005 12.73 0.00 0.00 5.00 328.87
1006 12.12 0.00 0.00 5.30 328.26
1007 11.52 0.00 0.00 6.40 324.05
1008 10.91 0.00 0.00 6.20 323.69
1009 10.62 0.00 0.00 7.49 322.84
1010 10.32 0.00 0.00 7.99 321.94
1011 10.01 0.00 0.00 7.99 319.22
1012 9.85 0.00 0.00 8.59 317.63
1013 9.69 0.00 0.00 8.19 315.03
1014 9.57 0.00 0.00 8.99 311.99
1015 9.46 3.22 0.00 8.79 312.29
1016 12.76 116.46 322.22 7.29 324.02
1017 14.26 223.41 246.63 6.79 333.61
1018 13.51 97.46 0.00 6.79 352.79
1019 14.46 285.84 48.05 6.79 340.95
1020 17.07 630.40 490.28 5.30 320.85
1021 17.37 381.54 88.80 4.90 351.40
1022 18.29 469.91 222.29 5.30 332.38
1023 17.10 122.12 0.00 5.00 347.53
1024 17.19 312.12 207.65 5.30 324.08
1025 16.84 225.92 519.51 4.90 317.15
1026 15.66 23.54 0.00 3.80 313.71
1027 15.28 0.00 0.00 4.30 320.97
1028 14.89 0.00 0.00 4.90 322.96
1029 14.50 0.00 0.00 5.30 324.12
1030 14.12 0.00 0.00 5.70 325.07
1031 13.73 0.00 0.00 6.79 326.96
1032 13.34 0.00 0.00 7.49 327.56
1033 13.05 0.00 0.00 7.29 328.60
1034 12.76 0.00 0.00 6.79 327.14
1035 12.48 0.00 0.00 6.20 322.85
1036 12.34 0.00 0.00 6.00 322.41
1037 12.20 0.00 0.00 6.40 325.71
1038 12.11 0.00 0.00 6.79 326.01
1039 12.02 1.45 0.00 7.89 330.46
1040 13.68 78.76 100.19 7.09 335.73
1041 15.27 229.45 178.12 6.40 332.19
1042 16.68 353.46 210.00 6.00 333.85
1043 17.25 341.65 82.10 7.09 352.87
1044 17.07 220.89 7.83 5.00 362.44
1045 16.82 194.22 3.04 5.30 352.87
1046 16.27 147.73 0.00 5.30 362.33
1047 15.94 123.22 0.00 7.09 352.59
1048 15.21 33.25 0.00 7.69 362.86
1049 14.74 47.88 0.00 6.79 351.74
1050 14.21 11.19 0.00 7.69 353.35
1051 14.04 0.00 0.00 6.79 351.63
1052 13.88 0.00 0.00 4.90 353.57
1053 13.55 0.00 0.00 2.70 353.25
1054 13.30 0.00 0.00 2.70 353.86
1055 12.32 0.00 0.00 2.30 348.97
1056 12.79 0.00 0.00 2.90 347.87
1057 13.01 0.00 0.00 2.00 348.34
1058 12.87 0.00 0.00 2.40 348.38
1059 12.74 0.00 0.00 2.30 347.79
1060 12.70 0.00 0.00 2.20 346.82
1061 12.67 0.00 0.00 1.90 345.86
1062 12.67 0.00 0.00 2.70 345.09
1063 12.67 2.29 0.00 3.80 343.70
1064 14.68 67.20 39.27 4.90 348.18
1065 16.28 172.89 55.92 5.00 349.39
1066 17.44 234.15 28.10 6.79 357.93
1067 19.84 481.30 266.22 7.09 335.97
1068 22.71 722.97 744.39 7.49 318.11
1069 24.43 679.60 585.28 8.59 325.03
1070 24.68 437.15 158.94 8.19 338.21
1071 25.19 522.72 528.01 6.00 326.64
1072 24.54 281.70 192.86 6.79 336.61
1073 23.17 106.10 20.46 5.70 343.79
1074 21.68 21.11 0.00 5.70 345.08
1075 20.59 0.00 0.00 5.00 346.53
1076 19.51 0.00 0.00 4.70 345.48
1077 18.42 0.00 0.00 4.70 342.51
1078 17.34 0.00 0.00 4.90 337.49
1079 16.26 0.00 0.00 4.70 336.56
1080 15.17 0.00 0.00 6.20 332.62
1081 13.79 0.00 0.00 5.30 328.35
1082 12.24 0.00 0.00 6.00 324.48
1083 10.69 0.00 0.00 5.50 319.53
1084 9.82 0.00 0.00 6.00 317.27
1085 8.96 0.00 0.00 4.00 315.58
1086 8.33 0.00 0.00 4.50 311.96
1087 7.70 2.94 0.00 6.40 311.15
1088 9.53 83.49 97.68 5.50 316.62
1089 11.45 258.25 372.28 4.70 316.48
1090 13.24 417.40 439.40 5.30 317.03
1091 14.59 506.54 349.75 4.50 309.88
1092 15.39 519.27 220.04 6.79 313.60
1093 15.98 549.67 248.63 7.89 312.73
1094 16.47 581.40 431.35 7.69 308.33
1095 16.54 495.77 479.90 7.29 307.42
1096 16.14 377.28 569.45 6.40 307.53
1097 15.04 191.91 437.09 7.99 309.58
1098 13.55 39.90 146.56 7.99 308.41
1099 12.81 0.00 0.00 7.29 312.92
1100 12.07 0.00 0.00 6.40 311.83
1101 11.33 0.00 0.00 6.00 309.38
1102 10.59 0.00 0.00 4.30 309.77
1103 9.85 0.00 0.00 4.00 309.54
1104 9.11 0.00 0.00 4.70 308.03
1105 9.11 0.00 0.00 5.00 308.02
1106 9.08 0.00 0.00 4.30 305.00
1107 9.05 0.00 0.00 3.50 307.61
1108 9.02 0.00 0.00 4.90 307.57
1109 9.00 0.00 0.00 4.50 305.78
1110 8.97 0.00 0.00 4.30 301.58
1111 8.95 3.81 0.00 4.70 300.06
1112 11.78 93.08 239.55 4.50 308.04
1113 14.67 282.58 479.52 4.00 305.84
1114 17.47 463.43 589.48 4.00 307.37
1115 19.83 589.38 625.41 4.30 300.50
1116 21.48 630.12 518.30 4.20 302.97
1117 22.75 664.15 572.36 3.70 304.11
1118 23.34 591.33 474.10 4.00 315.12
1119 23.37 487.70 430.96 4.50 321.76
1120 22.67 358.20 468.35 4.20 325.01
1121 21.18 182.03 354.25 5.50 328.66
1122 19.27 35.30 66.77 6.00 326.89
1123 19.10 0.00 0.00 5.30 337.57
1124 18.94 0.00 0.00 4.70 339.15
1125 18.78 0.00 0.00 4.50 344.77
1126 18.62 0.00 0.00 4.50 351.20
1127 18.45 0.00 0.00 4.30 357.98
1128 18.29 0.00 0.00 4.00 362.40
1129 18.16 0.00 0.00 4.30 368.08
1130 18.10 0.00 0.00 4.70 373.05
1131 18.06 0.00 0.00 4.70 376.65
1132 18.06 0.00 0.00 4.30 383.53
1133 18.02 0.00 0.00 4.90 385.19
1134 17.97 0.00 0.00 5.70 385.65
1135 17.98 0.83 0.00 6.40 388.68
1136 17.83 19.25 0.00 5.70 389.63
1137 18.87 50.99 0.00 5.00 392.57
1138 19.41 80.82 0.00 5.70 395.02
1139 19.81 106.99 0.00 6.40 395.90
1140 20.03 118.35 0.00 6.79 396.45
1141 19.98 111.39 0.00 7.49 401.12
1142 20.22 106.38 0.00 7.49 395.38
1143 19.98 77.27 0.00 7.89 396.10
1144 19.00 55.64 0.00 6.00 397.17
1145 19.82 31.22 0.00 5.50 398.64
1146 19.10 6.78 0.00 5.50 396.49
1147 18.58 0.00 0.00 6.20 393.00
1148 19.04 0.00 0.00 6.40 390.52
1149 18.89 0.00 0.00 6.00 389.91
1150 16.91 0.00 0.00 6.40 382.47
1151 16.98 0.00 0.00 6.79 382.48
1152 18.08 0.00 0.00 7.09 388.26
1153 17.93 0.00 0.00 7.29 386.22
1154 17.28 0.00 0.00 8.59 382.48
1155 17.94 0.00 0.00 6.79 379.95
1156 17.33 0.00 0.00 6.00 378.28
1157 17.51 0.00 0.00 5.70 379.17
1158 17.77 0.00 0.00 5.70 383.11
1159 17.72 1.88 0.00 5.30 382.98
1160 16.95 41.01 0.00 6.20 378.42
1161 19.46 91.57 0.00 5.50 384.33
1162 20.07 103.21 0.00 4.00 387.28
1163 20.16 107.33 0.00 3.70 390.85
1164 20.62 149.63 0.00 2.90 390.23
1165 21.19 199.50 1.86 2.20 388.96
1166 21.80 257.14 9.31 1.80 387.65
1167 22.17 241.38 12.46 1.50 388.22
1168 22.23 178.55 8.96 1.80 389.12
1169 21.87 81.70 0.00 1.50 391.62
1170 21.42 18.50 0.00 1.50 387.63
1171 20.77 0.00 0.00 1.10 382.49
1172 19.94 0.00 0.00 1.00 376.34
1173 19.47 0.00 0.00 1.70 375.69
1174 18.82 0.00 0.00 1.70 370.64
1175 18.17 0.00 0.00 1.60 365.83
1176 17.52 0.00 0.00 2.00 360.79
1177 16.59 0.00 0.00 1.30 359.33
1178 15.54 0.00 0.00 1.00 353.72
1179 14.50 0.00 0.00 2.20 347.78
1180 13.92 0.00 0.00 2.60 343.86
1181 13.34 0.00 0.00 1.50 339.98
1182 12.91 0.00 0.00 1.80 336.43
1183 12.49 5.61 0.00 2.90 332.37
1184 15.49 114.81 309.88 1.80 336.86
1185 17.89 300.31 477.19 1.50 339.09
1186 18.56 294.56 83.28 1.60 353.82
1187 19.16 341.61 38.43 1.70 350.36
1188 19.54 353.53 59.62 1.90 353.96
1189 21.12 657.36 448.14 2.30 339.65
1190 21.74 532.35 273.10 2.90 347.60
1191 22.06 498.60 407.13 2.70 344.38
1192 22.21 474.86 766.53 2.30 333.01
1193 21.42 248.63 634.95 2.20 337.39
1194 19.92 52.79 260.48 1.50 339.51
1195 19.09 0.00 0.00 1.50 345.97
1196 18.25 0.00 0.00 1.60 343.44
1197 17.42 0.00 0.00 2.00 344.59
1198 16.59 0.00 0.00 2.60 345.86
1199 15.75 0.00 0.00 4.00 346.41
1200 14.92 0.00 0.00 3.70 342.59
1201 14.57 0.00 0.00 3.50 344.47
1202 14.20 0.00 0.00 3.10 345.65
1203 13.83 0.00 0.00 2.70 348.75
1204 13.64 0.00 0.00 3.30 349.56
1205 13.44 0.00 0.00 2.30 348.25
1206 13.30 0.00 0.00 2.20 347.67
1207 13.16 2.39 0.00 2.60 352.77
1208 14.13 38.83 0.00 3.70 357.33
1209 14.57 88.66 0.00 4.20 360.56
1210 16.15 231.11 20.72 4.90 356.18
1211 17.30 306.88 24.72 4.30 356.63
1212 17.56 265.79 11.94 5.70 366.23
1213 17.27 165.98 0.54 5.00 371.30
1214 16.71 133.42 0.00 6.00 369.57
1215 17.44 210.85 5.83 6.40 362.99
1216 17.25 155.25 1.06 7.29 362.44
1217 16.79 56.97 0.00 5.70 366.04
1218 14.72 14.02 0.00 5.30 364.54
1219 15.61 0.00 0.00 6.00 358.88
1220 15.25 0.00 0.00 5.70 357.22
1221 14.88 0.00 0.00 5.70 358.31
1222 14.45 0.00 0.00 7.29 356.05
1223 14.03 0.00 0.00 6.00 354.27
1224 13.60 0.00 0.00 5.50 351.64
1225 13.27 0.00 0.00 4.50 348.57
1226 12.92 0.00 0.00 5.00 344.29
1227 12.57 0.00 0.00 5.30 341.69
1228 12.38 0.00 0.00 5.50 337.02
1229 12.20 0.00 0.00 4.50 334.77
1230 12.07 0.00 0.00 3.70 334.61
1231 11.94 6.37 0.00 4.00 330.95
1232 15.02 110.08 286.67 5.30 335.05
1233 17.50 287.72 440.23 4.90 337.92
1234 20.09 476.04 594.94 4.30 337.99
1235 22.21 594.92 555.63 3.80 332.77
1236 24.23 728.65 694.07 2.60 333.75
1237 25.32 675.91 503.58 3.70 339.67
1238 25.52 534.02 252.08 3.70 345.45
1239 25.38 467.21 307.79 5.00 343.11
1240 24.14 255.25 90.37 6.40 352.87
1241 22.73 169.49 147.13 6.20 355.09
1242 21.00 39.36 52.57 5.70 361.07
1243 20.48 0.00 0.00 6.20 366.81
1244 19.95 0.00 0.00 5.70 366.90
1245 19.42 0.00 0.00 6.00 363.36
1246 18.90 0.00 0.00 5.30 364.37
1247 18.37 0.00 0.00 4.70 359.12
1248 17.84 0.00 0.00 4.30 359.14
1249 17.41 0.00 0.00 3.70 357.85
1250 16.92 0.00 0.00 4.00 356.12
1251 16.43 0.00 0.00 5.30 354.18
1252 16.15 0.00 0.00 7.29 350.22
1253 15.79 0.00 0.00 5.50 349.04
1254 15.68 0.00 0.00 6.40 350.70
1255 15.48 5.08 0.00 5.30 352.67
1256 18.17 94.28 136.92 4.90 358.90
1257 19.04 157.63 27.16 4.30 362.13
1258 21.06 338.70 133.25 5.30 355.16
1259 22.42 391.13 98.77 4.30 355.54
1260 23.63 461.94 126.22 4.00 356.90
1261 23.82 340.41 27.03 4.70 364.08
1262 24.24 410.55 87.24 5.50 358.02
1263 24.26 343.50 98.69 5.70 373.70
1264 24.71 462.35 661.47 6.40 345.23
1265 24.03 209.64 280.85 6.20 355.69
1266 22.57 9.22 0.00 6.40 383.79
1267 21.98 0.00 0.00 6.79 385.28
1268 21.40 0.00 0.00 5.00 380.22
1269 20.81 0.00 0.00 6.00 376.85
1270 20.23 0.00 0.00 5.70 373.87
1271 19.64 0.00 0.00 4.50 372.79
1272 19.06 0.00 0.00 4.20 370.13
1273 18.71 0.00 0.00 4.20 367.78
1274 18.46 0.00 0.00 4.70 364.15
1275 18.21 0.00 0.00 4.00 361.62
1276 18.13 0.00 0.00 4.50 361.13
1277 18.05 0.00 0.00 5.00 360.99
1278 18.02 0.00 0.00 6.20 363.76
1279 18.00 5.68 0.00 6.40 359.59
1280 19.91 72.35 25.57 5.70 364.63
1281 20.26 92.54 0.00 5.70 374.88
1282 22.33 318.82 100.75 5.70 366.46
1283 24.10 426.48 136.22 6.79 361.89
1284 25.29 445.84 106.55 7.09 367.96
1285 26.75 598.19 295.99 6.79 363.46
1286 28.01 649.67 532.62 7.49 358.18
1287 27.88 647.15 841.87 8.29 349.79
1288 27.88 464.97 853.81 7.99 355.45
1289 28.61 249.11 669.83 7.89 361.68
1290 27.37 57.37 287.03 6.40 367.93
1291 26.78 0.00 0.00 4.50 375.57
1292 26.18 0.00 0.00 3.30 372.67
1293 25.58 0.00 0.00 3.70 372.84
1294 24.98 0.00 0.00 3.50 373.04
1295 24.39 0.00 0.00 3.50 374.68
1296 23.79 0.00 0.00 3.80 375.90
1297 22.81 0.00 0.00 2.90 373.58
1298 21.78 0.00 0.00 3.30 373.64
1299 20.75 0.00 0.00 3.80 371.50
1300 20.22 0.00 0.00 4.70 369.39
1301 19.68 0.00 0.00 4.20 371.56
1302 19.31 0.00 0.00 3.80 370.45
1303 18.94 4.73 0.00 4.20 375.80
1304 20.75 71.69 11.52 3.50 382.19
1305 21.46 129.86 0.00 2.60 386.40
1306 21.90 157.45 0.00 2.70 390.85
1307 21.82 113.02 0.00 2.30 393.99
1308 22.60 278.28 21.35 1.80 385.80
1309 24.11 509.82 196.70 2.20 375.19
1310 25.66 640.35 498.19 2.90 365.63
1311 26.73 613.96 708.18 3.30 359.88
1312 27.19 489.22 812.05 3.50 352.40
1313 26.83 262.11 619.88 2.60 357.66
1314 25.72 61.50 285.14 3.70 366.56
1315 24.65 0.00 0.00 4.90 366.52
1316 23.58 0.00 0.00 4.70 363.66
1317 22.51 0.00 0.00 4.00 363.97
1318 21.44 0.00 0.00 3.70 359.53
1319 20.37 0.00 0.00 3.50 357.56
1320 19.31 0.00 0.00 3.50 356.78
1321 18.44 0.00 0.00 4.50 355.50
1322 17.54 0.00 0.00 4.50 354.48
1323 16.65 0.00 0.00 5.70 350.35
1324 16.19 0.00 0.00 5.30 349.43
1325 15.73 0.00 0.00 5.30 347.63
1326 15.41 0.00 0.00 4.70 348.08
1327 15.10 10.15 0.00 4.00 348.16
1328 18.23 123.50 317.91 2.90 355.24
1329 20.68 317.69 501.75 3.80 355.44
1330 22.41 427.03 342.35 3.70 361.93
1331 23.95 534.82 342.19 4.50 355.79
1332 25.46 649.88 450.82 3.50 354.33
1333 26.70 707.39 585.53 2.90 350.19
1334 27.38 654.89 557.33 3.10 350.64
1335 27.53 541.84 527.67 3.30 349.81
1336 26.94 377.88 433.70 2.70 352.39
1337 25.70 201.24 337.30 2.70 350.36
1338 24.08 49.23 140.33 2.20 352.01
1339 22.79 0.00 0.00 1.80 355.78
1340 21.50 0.00 0.00 2.70 350.04
1341 20.21 0.00 0.00 2.90 345.06
1342 18.92 0.00 0.00 3.50 342.77
1343 17.63 0.00 0.00 3.50 341.42
1344 16.34 0.00 0.00 4.00 337.20
1345 15.16 0.00 0.00 4.20 336.96
1346 13.83 0.00 0.00 4.00 331.86
1347 12.51 0.00 0.00 4.90 327.53
1348 11.77 0.00 0.00 4.70 319.96
1349 11.04 0.00 0.00 3.70 314.53
1350 10.50 0.00 0.00 3.70 310.96
1351 9.96 10.83 0.00 4.30 307.93
1352 13.48 140.29 382.22 5.50 317.38
1353 15.96 341.70 619.18 5.30 315.02
1354 18.39 537.66 745.28 7.09 319.25
1355 20.53 690.09 816.57 7.99 311.67
1356 22.16 766.87 799.72 7.69 316.22
1357 23.26 782.13 795.36 8.29 323.46
1358 23.78 721.06 757.58 9.59 325.64
1359 23.76 605.78 741.56 10.99 325.36
1360 22.93 434.34 663.47 10.29 327.01
1361 21.32 226.45 480.43 10.29 331.37
1362 19.26 48.41 141.18 10.09 336.47
1363 18.43 0.00 0.00 9.89 342.77
1364 17.60 0.00 0.00 9.89 340.48
1365 16.77 0.00 0.00 9.49 337.80
1366 15.94 0.00 0.00 8.79 336.42
1367 15.11 0.00 0.00 8.99 338.09
1368 14.28 0.00 0.00 9.29 334.03
1369 14.06 0.00 0.00 8.99 327.76
1370 13.97 0.00 0.00 9.59 329.33
1371 13.88 0.00 0.00 10.99 336.54
1372 13.90 0.00 0.00 8.59 340.18
1373 13.91 0.00 0.00 9.29 337.16
1374 13.97 0.00 0.00 10.99 337.80
1375 14.02 11.70 0.00 12.39 335.90
1376 17.97 148.66 468.02 11.79 344.87
1377 20.68 349.85 645.37 10.49 339.55
1378 23.22 530.55 711.61 10.99 338.96
1379 25.49 675.83 748.26 10.99 339.72
1380 27.29 752.52 733.29 14.39 339.45
1381 28.59 764.38 718.22 13.09 341.71
1382 27.88 714.40 719.47 11.79 341.59
1383 27.88 605.68 726.80 9.89 342.36
1384 27.88 437.78 672.23 8.99 344.24
1385 27.87 239.46 548.79 9.29 345.73
1386 26.13 51.69 169.87 9.89 354.39
1387 25.01 0.00 0.00 8.99 362.92
1388 23.90 0.00 0.00 9.29 358.88
1389 22.79 0.00 0.00 8.99 355.07
1390 21.68 0.00 0.00 8.59 351.89
1391 20.57 0.00 0.00 8.59 348.73
1392 19.45 0.00 0.00 8.29 346.91
1393 17.81 0.00 0.00 8.29 340.68
1394 15.99 0.00 0.00 8.19 336.21
1395 14.17 0.00 0.00 7.69 331.85
1396 13.17 0.00 0.00 7.69 328.92
1397 12.17 0.00 0.00 6.79 324.59
1398 11.45 0.00 0.00 7.09 323.25
1399 10.72 12.34 0.00 7.49 323.81
1400 13.49 124.18 260.71 6.79 330.54
1401 15.64 319.73 458.98 5.50 325.70
1402 17.64 497.28 565.66 3.80 327.61
1403 19.22 610.06 517.31 4.20 321.77
1404 20.48 690.88 553.21 4.70 319.60
1405 21.23 681.93 495.44 4.70 320.91
1406 21.34 570.06 301.17 4.90 324.31
1407 21.27 536.62 444.16 3.70 323.67
1408 20.69 412.39 534.11 3.80 321.57
1409 19.43 223.89 386.45 3.50 323.84
1410 17.74 53.91 165.03 3.70 325.11
1411 16.40 0.00 0.00 2.90 327.52
1412 15.06 0.00 0.00 2.30 323.86
1413 13.72 0.00 0.00 2.90 317.62
1414 12.38 0.00 0.00 3.10 316.99
1415 11.04 0.00 0.00 2.90 312.89
1416 9.70 0.00 0.00 2.70 309.61
1417 8.95 0.00 0.00 3.90 307.06
1418 8.34 0.00 0.00 3.30 306.76
1419 7.73 0.00 0.00 2.20 304.80
1420 7.41 0.00 0.00 1.70 302.36
1421 7.10 0.00 0.00 1.10 299.94
1422 6.88 0.00 0.00 1.20 298.05
1423 6.67 12.01 0.00 1.40 296.17
1424 9.24 168.44 487.52 0.80 309.31
1425 11.00 398.44 708.61 0.80 311.20
1426 11.99 480.61 437.28 1.10 322.74
1427 12.83 571.60 393.93 0.80 321.72
1428 13.46 617.01 336.04 0.70 322.25
1429 13.25 403.75 75.73 0.40 332.09
1430 12.44 229.88 8.84 0.70 336.91
1431 11.61 160.37 0.00 0.70 337.19
1432 10.99 172.89 4.77 0.70 331.33
1433 10.22 73.25 0.00 0.90 333.01
1434 9.51 34.53 1.34 1.20 323.09
1435 9.16 0.00 0.00 1.00 322.69
1436 8.82 0.00 0.00 0.90 319.68
1437 8.47 0.00 0.00 1.90 318.54
1438 8.13 0.00 0.00 1.40 315.05
1439 7.78 0.00 0.00 1.50 312.76
1440 7.44 0.00 0.00 1.20 310.89
1441 7.18 0.00 0.00 0.80 308.14
1442 6.91 0.00 0.00 0.40 305.33
1443 6.63 0.00 0.00 0.80 302.49
1444 6.49 0.00 0.00 1.20 300.45
1445 6.34 0.00 0.00 0.80 296.80
1446 6.24 0.00 0.00 0.60 293.02
1447 6.14 15.04 0.00 0.70 290.03
1448 9.85 167.73 549.35 0.60 297.04
1449 12.20 380.40 749.24 2.00 295.90
1450 14.32 562.29 785.42 2.50 295.63
1451 16.10 692.66 759.76 4.60 290.88
1452 17.52 775.53 766.04 5.69 288.66
1453 18.43 765.63 663.81 5.30 289.52
1454 18.96 727.47 722.15 6.59 289.09
1455 19.04 618.28 731.71 5.30 292.83
1456 18.48 456.01 712.75 6.09 295.50
1457 17.27 256.67 573.42 4.90 298.02
1458 15.59 55.53 187.81 4.90 311.78
1459 14.72 0.00 0.00 3.30 317.27
1460 13.85 0.00 0.00 2.80 314.57
1461 12.98 0.00 0.00 3.00 314.07
1462 12.11 0.00 0.00 3.90 312.77
1463 11.23 0.00 0.00 3.90 311.24
1464 10.36 0.00 0.00 3.90 308.10
1465 9.56 0.00 0.00 2.80 307.38
1466 8.68 0.00 0.00 1.20 303.55
1467 7.81 0.00 0.00 2.00 302.15
1468 7.34 0.00 0.00 1.90 302.26
1469 6.87 0.00 0.00 1.70 301.28
1470 6.53 0.00 0.00 1.50 299.38
1471 6.20 13.68 0.00 2.20 303.00
1472 8.54 118.67 140.45 3.30 306.78
1473 10.53 320.54 413.67 1.50 303.74
1474 12.19 475.15 421.31 1.40 306.07
1475 13.71 617.11 496.01 1.20 296.56
1476 14.58 612.42 323.06 1.50 303.79
1477 15.31 666.21 399.80 1.50 302.32
1478 15.75 642.48 467.62 1.90 302.60
1479 15.85 557.62 511.54 2.20 300.57
1480 15.35 390.90 401.62 3.30 298.66
1481 14.27 194.85 195.94 4.90 303.44
1482 12.93 55.18 175.52 4.10 306.76
1483 12.22 0.00 0.00 4.30 307.75
1484 11.52 0.00 0.00 2.80 303.92
1485 10.82 0.00 0.00 3.30 303.58
1486 10.11 0.00 0.00 2.80 303.61
1487 9.41 0.00 0.00 1.70 301.96
1488 8.70 0.00 0.00 2.80 298.61
1489 8.23 0.00 0.00 4.60 296.49
1490 7.71 0.00 0.00 3.90 296.00
1491 7.20 0.00 0.00 4.30 291.24
1492 6.93 0.00 0.00 4.10 288.29
1493 6.65 0.00 0.00 4.30 287.88
1494 6.46 0.00 0.00 2.50 286.39
1495 6.83 16.56 0.00 3.30 286.90
1496 8.82 180.34 596.34 4.10 293.02
1497 11.25 399.35 800.67 4.30 293.31
1498 13.65 593.59 869.15 5.30 289.97
1499 15.79 737.03 881.66 4.60 296.96
1500 17.55 823.47 893.50 5.50 300.91
1501 18.83 831.51 870.69 5.89 302.66
1502 19.62 778.78 870.89 6.59 306.16
1503 19.91 663.28 869.11 6.59 307.63
1504 19.58 487.92 823.92 6.09 310.13
1505 18.51 279.45 669.57 5.10 315.15
1506 16.84 57.43 192.24 6.09 324.32
1507 16.07 0.00 0.00 5.50 328.78
1508 15.29 0.00 0.00 5.89 328.56
1509 14.52 0.00 0.00 5.69 326.73
1510 13.75 0.00 0.00 4.80 323.81
1511 12.98 0.00 0.00 5.10 322.31
1512 12.21 0.00 0.00 6.09 321.40
1513 11.61 0.00 0.00 5.69 320.53
1514 10.99 0.00 0.00 5.30 320.03
1515 10.37 0.00 0.00 5.50 316.20
1516 10.06 0.00 0.00 5.10 314.16
1517 9.75 0.00 0.00 5.30 313.12
1518 9.53 0.00 0.00 6.39 312.83
1519 9.95 17.70 0.00 5.30 314.31
1520 11.90 179.82 565.07 4.60 318.10
1521 14.27 392.80 749.00 4.60 319.11
1522 16.61 584.92 820.66 4.10 310.91
1523 18.75 735.71 862.63 3.60 312.12
1524 20.54 829.56 897.69 5.50 311.75
1525 21.87 844.11 894.79 3.30 315.35
1526 22.70 789.25 890.30 5.30 314.28
1527 23.01 664.87 861.97 5.89 315.70
1528 22.70 488.30 812.17 5.30 315.44
1529 21.65 275.76 640.80 6.59 318.47
1530 20.02 58.29 193.54 6.39 330.63
1531 18.83 0.00 0.00 4.30 341.29
1532 17.65 0.00 0.00 3.00 341.82
1533 16.46 0.00 0.00 3.30 339.93
1534 15.27 0.00 0.00 4.30 339.49
1535 14.08 0.00 0.00 4.10 340.64
1536 12.90 0.00 0.00 2.80 336.47
1537 11.77 0.00 0.00 1.50 333.04
1538 10.58 0.00 0.00 1.70 330.71
1539 9.39 0.00 0.00 2.80 331.26
1540 8.76 0.00 0.00 2.50 327.23
1541 8.14 0.00 0.00 1.50 324.49
1542 7.70 0.00 0.00 1.00 322.09
1543 7.68 1.87 0.00 0.70 321.58
1544 7.78 16.02 0.00 1.00 322.52
1545 7.92 34.57 0.00 1.50 326.55
1546 11.74 683.11 649.04 3.30 290.63
1547 14.79 848.91 1026.79 2.50 290.70
1548 17.17 944.42 1040.66 4.60 293.32
1549 18.92 962.50 1042.90 3.60 296.81
1550 20.03 901.91 1034.96 2.50 297.96
1551 20.53 766.96 1011.95 2.80 300.14
1552 20.45 568.58 961.55 3.00 299.98
1553 19.50 327.70 829.12 2.80 306.76
1554 17.88 82.09 463.12 3.00 316.32
1555 17.10 0.00 0.00 3.00 321.65
1556 16.31 0.00 0.00 3.00 319.42
1557 15.53 0.00 0.00 3.90 319.69
1558 14.74 0.00 0.00 4.90 323.66
1559 13.96 0.00 0.00 5.30 324.80
1560 13.17 0.00 0.00 5.89 328.82
1561 12.69 0.00 0.00 6.89 326.48
1562 12.20 0.00 0.00 6.39 329.52
1563 11.70 0.00 0.00 7.19 330.64
1564 11.44 0.00 0.00 6.39 332.45
1565 11.18 0.00 0.00 4.90 333.10
1566 10.99 0.00 0.00 3.90 337.78
1567 11.19 9.26 0.00 3.30 340.22
1568 11.93 75.46 0.00 3.30 344.79
1569 13.32 226.26 76.92 3.00 336.58
1570 14.39 292.73 32.99 3.00 338.19
1571 15.73 445.56 114.20 2.00 338.36
1572 16.94 530.37 176.87 2.20 334.84
1573 17.52 448.01 82.80 2.00 335.96
1574 18.05 480.96 142.66 3.90 332.54
1575 18.28 411.17 114.98 2.50 336.06
1576 18.21 310.15 130.16 1.90 342.55
1577 17.35 88.73 0.00 3.00 350.58
1578 16.36 6.91 0.00 3.30 357.87
1579 15.86 0.00 0.00 4.30 358.69
1580 15.35 0.00 0.00 3.60 357.01
1581 14.85 0.00 0.00 3.60 353.18
1582 14.34 0.00 0.00 2.80 351.05
1583 13.84 0.00 0.00 2.00 345.80
1584 13.33 0.00 0.00 3.30 344.93
1585 12.93 0.00 0.00 3.00 341.16
1586 12.51 0.00 0.00 1.70 336.33
1587 12.08 0.00 0.00 1.70 333.12
1588 11.86 0.00 0.00 1.70 327.68
1589 11.63 0.00 0.00 1.20 326.56
1590 11.48 0.00 0.00 3.60 323.86
1591 11.99 21.67 0.00 3.90 324.00
1592 13.92 177.19 426.90 4.60 327.89
1593 16.18 373.12 553.64 5.10 330.06
1594 18.47 559.08 669.27 3.90 328.95
1595 20.48 689.76 657.55 3.90 333.80
1596 22.12 761.06 633.53 3.30 332.37
1597 23.28 762.47 632.11 2.50 331.81
1598 24.05 728.57 649.87 2.80 332.52
1599 24.33 620.47 663.67 3.90 332.69
1600 24.09 471.87 701.10 3.30 334.25
1601 23.13 274.95 590.09 3.00 338.62
1602 21.63 80.08 288.09 3.30 344.13
1603 20.76 0.00 0.00 2.50 348.58
1604 19.89 0.00 0.00 2.20 348.04
1605 19.02 0.00 0.00 2.20 345.97
1606 18.15 0.00 0.00 1.70 345.44
1607 17.28 0.00 0.00 2.80 344.17
1608 16.41 0.00 0.00 2.20 341.65
1609 15.66 0.00 0.00 2.50 339.68
1610 14.92 0.00 0.00 3.30 337.76
1611 14.19 0.00 0.00 3.60 333.63
1612 13.83 0.00 0.00 3.60 334.59
1613 13.47 0.00 0.00 1.90 337.29
1614 13.23 0.00 0.00 2.80 337.63
1615 13.52 12.89 0.00 2.80 340.27
1616 14.47 100.88 15.15 2.80 343.50
1617 15.64 218.45 47.64 4.30 340.41
1618 17.49 456.18 288.92 4.10 327.74
1619 19.22 598.87 384.80 3.60 330.14
1620 20.70 688.25 437.10 3.00 327.93
1621 22.38 892.81 790.72 3.60 318.55
1622 22.78 567.57 269.37 3.90 334.82
1623 22.94 506.15 268.98 2.80 333.95
1624 21.98 179.89 7.11 2.80 349.99
1625 20.88 83.20 0.00 3.60 352.15
1626 19.84 44.98 29.58 3.00 343.75
1627 18.87 0.00 0.00 2.20 345.49
1628 17.89 0.00 0.00 1.70 343.03
1629 16.92 0.00 0.00 1.20 340.13
1630 15.94 0.00 0.00 1.00 337.40
1631 14.97 0.00 0.00 1.20 332.80
1632 13.99 0.00 0.00 1.00 326.58
1633 12.95 0.00 0.00 1.50 320.06
1634 11.81 0.00 0.00 2.20 317.31
1635 10.67 0.00 0.00 4.30 313.28
1636 10.05 0.00 0.00 3.60 309.08
1637 9.44 0.00 0.00 2.20 304.26
1638 8.99 0.00 0.00 2.50 303.29
1639 9.48 25.52 11.26 3.30 303.53
1640 11.38 198.90 586.38 2.80 307.75
1641 13.50 400.51 682.05 4.10 307.63
1642 15.53 578.86 709.64 2.50 302.44
1643 17.33 714.06 707.15 2.80 304.81
1644 18.83 799.04 724.10 1.70 309.79
1645 19.94 819.76 746.91 2.00 309.31
1646 20.60 767.89 753.87 2.20 312.07
1647 20.78 647.38 733.97 1.90 316.45
1648 20.40 475.84 692.86 1.70 318.30
1649 19.34 271.68 539.41 1.70 320.25
1650 17.82 80.46 349.04 2.20 323.48
1651 17.04 0.00 0.00 3.60 330.28
1652 16.26 0.00 0.00 4.90 329.47
1653 15.49 0.00 0.00 4.30 331.35
1654 14.71 0.00 0.00 3.60 328.82
1655 13.94 0.00 0.00 3.60 327.05
1656 13.16 0.00 0.00 3.60 326.15
1657 12.85 0.00 0.00 3.90 326.38
1658 12.56 0.00 0.00 4.60 324.98
1659 12.28 0.00 0.00 3.90 324.68
1660 12.15 0.00 0.00 4.90 326.71
1661 12.02 0.00 0.00 3.00 327.45
1662 11.94 0.00 0.00 2.50 325.99
1663 12.55 22.02 0.00 2.80 325.46
1664 13.73 108.85 49.03 3.00 329.27
1665 14.11 105.59 0.00 4.60 339.42
1666 15.26 249.35 28.86 4.60 336.31
1667 17.72 579.95 281.49 4.10 322.76
1668 18.54 392.45 58.67 4.10 333.24
1669 19.52 493.81 112.86 3.00 327.36
1670 20.72 633.81 347.22 2.00 320.01
1671 22.21 822.30 847.48 3.60 303.64
1672 22.80 590.89 966.51 3.30 302.72
1673 22.66 359.19 842.25 3.30 305.00
1674 21.61 109.40 574.25 1.90 312.83
1675 20.62 0.00 0.00 0.70 319.56
1676 19.63 0.00 0.00 0.50 320.02
1677 18.64 0.00 0.00 0.90 319.18
1678 17.64 0.00 0.00 0.80 321.85
1679 16.65 0.00 0.00 0.50 320.75
1680 15.66 0.00 0.00 0.50 323.01
1681 14.54 0.00 0.00 0.70 317.56
1682 13.33 0.00 0.00 0.30 314.87
1683 12.12 0.00 0.00 0.30 313.80
1684 11.47 0.00 0.00 0.10 313.36
1685 10.82 0.00 0.00 0.10 308.90
1686 10.36 0.00 0.00 0.10 309.44
1687 10.90 27.26 15.41 0.30 310.83
1688 12.69 191.34 427.86 0.20 314.63
1689 14.79 395.73 624.17 0.30 313.04
1690 16.95 598.35 733.78 0.30 304.68
1691 18.87 741.19 770.75 0.40 307.66
1692 20.47 833.71 813.28 0.60 308.46
1693 21.62 842.81 798.26 1.00 313.84
1694 22.32 794.13 819.21 1.20 315.49
1695 22.51 665.11 774.69 1.50 314.74
1696 22.14 492.35 739.38 1.20 313.20
1697 21.09 287.98 636.61 1.20 315.58
1698 19.55 87.64 377.43 1.70 322.15
1699 18.60 0.00 0.00 1.40 328.47
1700 17.65 0.00 0.00 1.90 326.20
1701 16.70 0.00 0.00 1.00 323.76
1702 15.76 0.00 0.00 1.90 321.89
1703 14.81 0.00 0.00 4.10 316.93
1704 13.86 0.00 0.00 4.80 315.02
1705 13.35 0.00 0.00 5.10 314.28
1706 12.80 0.00 0.00 4.80 312.58
1707 12.26 0.00 0.00 4.60 311.08
1708 11.97 0.00 0.00 4.30 314.92
1709 11.67 0.00 0.00 2.00 315.57
1710 11.47 0.00 0.00 2.80 317.17
1711 12.19 30.59 41.44 1.90 319.34
1712 14.31 206.08 556.74 4.10 325.44
1713 16.79 425.45 734.56 5.69 326.01
1714 19.23 621.81 820.87 4.90 322.84
1715 21.36 761.77 827.08 4.80 325.85
1716 23.07 833.02 796.47 5.30 328.67
1717 24.28 835.99 761.13 6.59 331.01
1718 25.05 790.64 794.71 7.99 331.53
1719 25.27 659.16 741.01 7.49 335.18
1720 24.89 491.34 712.58 7.49 336.45
1721 23.76 278.02 569.39 6.39 338.51
1722 22.13 81.78 328.55 5.50 346.51
1723 21.21 0.00 0.00 5.69 354.98
1724 20.29 0.00 0.00 5.30 351.29
1725 19.38 0.00 0.00 3.90 350.01
1726 18.46 0.00 0.00 4.60 344.76
1727 17.54 0.00 0.00 3.60 343.23
1728 16.63 0.00 0.00 2.50 337.85
1729 15.88 0.00 0.00 3.30 335.61
1730 15.06 0.00 0.00 3.30 334.09
1731 14.24 0.00 0.00 4.10 332.23
1732 13.79 0.00 0.00 4.30 330.17
1733 13.35 0.00 0.00 3.30 327.02
1734 13.02 0.00 0.00 3.00 327.37
1735 13.70 31.22 39.88 2.80 327.59
1736 15.90 219.41 628.15 2.50 333.59
1737 18.40 445.77 796.63 2.80 336.19
1738 20.85 649.67 898.91 4.80 333.29
1739 23.02 800.94 929.54 6.89 337.00
1740 24.78 885.18 935.61 7.19 340.41
1741 26.06 898.94 936.67 7.79 343.79
1742 26.82 839.53 930.66 8.49 343.00
1743 27.06 711.37 908.03 9.19 344.65
1744 26.65 528.11 860.25 10.09 346.51
1745 25.47 305.57 712.86 8.89 350.67
1746 23.75 94.74 402.79 8.49 359.42
1747 23.00 0.00 0.00 7.99 362.78
1748 22.24 0.00 0.00 12.69 361.89
1749 21.49 0.00 0.00 12.69 361.41
1750 20.73 0.00 0.00 10.09 357.78
1751 19.98 0.00 0.00 9.79 351.58
1752 19.23 0.00 0.00 8.89 351.44
1753 18.84 0.00 0.00 6.39 350.88
1754 18.58 0.00 0.00 6.89 350.99
1755 18.31 0.00 0.00 6.39 351.83
1756 18.24 0.00 0.00 6.89 350.53
1757 18.16 0.00 0.00 4.90 351.45
1758 18.15 0.00 0.00 4.60 352.80
1759 18.90 31.42 34.19 4.30 354.11
1760 20.67 194.66 381.84 4.30 357.32
1761 22.59 381.50 464.99 4.30 357.22
1762 24.42 542.66 503.76 5.10 351.89
1763 26.30 723.41 620.81 5.30 349.96
1764 28.13 883.88 809.08 5.89 347.04
1765 29.24 803.59 573.12 7.79 351.79
1766 29.00 827.81 825.51 8.49 348.10
1767 29.00 684.20 750.52 7.49 350.72
1768 29.00 588.82 913.99 9.19 342.84
1769 29.00 347.55 842.29 8.89 348.24
1770 29.06 110.19 594.04 7.99 358.93
1771 28.21 0.77 0.00 6.89 364.18
1772 27.35 0.00 0.00 6.89 373.82
1773 26.50 0.00 0.00 5.69 372.75
1774 25.65 0.00 0.00 6.09 371.29
1775 24.80 0.00 0.00 5.50 369.97
1776 23.95 0.00 0.00 3.60 367.72
1777 22.54 0.00 0.00 2.80 363.12
1778 20.96 0.00 0.00 2.80 355.53
1779 19.38 0.00 0.00 1.90 351.61
1780 18.51 0.00 0.00 1.70 351.23
1781 17.64 0.00 0.00 0.90 346.38
1782 17.00 0.00 0.00 0.90 348.86
1783 17.30 21.35 0.00 0.90 347.29
1784 18.92 186.17 350.47 0.80 352.50
1785 20.80 387.29 440.74 1.40 351.93
1786 21.73 398.98 153.84 3.30 359.48
1787 23.52 701.29 581.71 3.90 352.12
1788 25.20 849.49 682.41 3.90 349.13
1789 25.09 442.12 79.84 4.60 371.11
1790 25.00 451.40 94.82 3.60 371.46
1791 24.95 478.95 211.16 2.80 363.17
1792 24.73 419.56 352.80 2.80 357.90
1793 24.15 310.29 592.86 2.50 354.56
1794 22.94 80.37 258.95 3.60 363.51
1795 22.29 0.95 0.00 2.20 363.12
1796 21.64 0.00 0.00 2.80 365.98
1797 20.98 0.00 0.00 1.70 366.02
1798 20.33 0.00 0.00 1.00 368.90
1799 19.68 0.00 0.00 1.50 371.63
1800 19.03 0.00 0.00 3.30 371.65
1801 19.16 0.00 0.00 5.50 375.74
1802 19.36 0.00 0.00 8.49 373.92
1803 19.55 0.00 0.00 8.89 379.18
1804 19.68 0.00 0.00 7.19 383.31
1805 19.80 0.00 0.00 7.19 381.78
1806 19.91 0.00 0.00 5.30 386.52
1807 20.20 8.64 0.00 5.89 391.71
1808 20.38 16.82 0.00 6.09 394.18
1809 20.81 54.02 0.00 7.19 393.38
1810 21.51 120.48 0.00 8.49 388.20
1811 22.27 177.25 1.97 7.19 384.89
1812 23.91 419.96 39.85 7.19 375.96
1813 25.48 519.02 122.83 7.99 371.77
1814 26.54 479.94 102.92 7.19 375.62
1815 27.12 395.44 90.81 7.79 383.18
1816 27.40 326.60 125.38 6.89 384.83
1817 26.43 122.10 1.40 5.89 409.75
1818 26.01 42.21 0.00 4.80 417.42
1819 25.76 0.54 0.00 4.30 415.93
1820 25.44 0.00 0.00 4.10 414.04
1821 25.10 0.00 0.00 3.60 415.39
1822 24.68 0.00 0.00 4.30 409.45
1823 24.25 0.00 0.00 4.90 406.86
1824 23.96 0.00 0.00 5.10 405.89
1825 23.14 0.00 0.00 3.90 403.57
1826 22.60 0.00 0.00 5.10 399.02
1827 21.88 0.00 0.00 5.69 398.64
1828 21.60 0.00 0.00 6.39 403.22
1829 21.21 0.00 0.00 5.89 400.41
1830 20.99 0.00 0.00 4.30 400.31
1831 21.42 19.67 0.00 4.60 403.04
1832 21.59 37.07 0.00 5.50 408.12
1833 24.49 396.98 315.76 5.50 381.33
1834 25.83 382.49 122.19 5.10 386.41
1835 25.75 197.94 5.97 4.60 401.13
1836 26.02 283.65 9.82 4.60 393.92
1837 26.15 269.75 7.39 5.30 393.08
1838 26.66 407.53 73.62 7.99 381.15
1839 26.48 195.44 9.51 6.39 393.06
1840 26.70 351.69 182.12 5.30 373.84
1841 26.56 226.13 205.32 5.30 374.71
1842 26.02 102.08 267.49 5.30 366.53
1843 24.90 1.32 0.00 6.39 367.26
1844 23.77 0.00 0.00 6.39 368.04
1845 22.65 0.00 0.00 6.59 364.65
1846 21.52 0.00 0.00 7.99 363.13
1847 20.40 0.00 0.00 8.89 361.61
1848 19.27 0.00 0.00 7.79 358.49
1849 18.18 0.00 0.00 7.19 359.40
1850 17.01 0.00 0.00 7.99 356.03
1851 15.83 0.00 0.00 8.49 352.10
1852 15.21 0.00 0.00 7.99 350.06
1853 14.58 0.00 0.00 6.09 346.47
1854 14.14 0.00 0.00 6.09 342.82
1855 14.62 23.66 0.00 5.50 348.56
1856 14.90 54.79 0.00 5.50 354.77
1857 16.63 271.25 107.42 6.09 345.50
1858 18.38 427.83 162.16 6.89 345.65
1859 19.43 435.20 92.18 7.19 354.10
1860 20.68 583.37 199.60 6.89 350.80
1861 22.12 755.61 488.87 6.09 344.66
1862 23.02 697.36 511.00 6.59 347.23
1863 23.41 586.54 409.54 6.89 349.81
1864 23.65 561.61 772.67 6.59 339.76
1865 23.26 353.29 792.88 7.49 343.20
1866 22.13 115.13 502.38 7.49 351.54
1867 21.25 1.60 0.00 7.99 350.98
1868 20.36 0.00 0.00 7.99 352.97
1869 19.48 0.00 0.00 6.59 353.07
1870 18.59 0.00 0.00 6.09 349.13
1871 17.71 0.00 0.00 3.90 345.02
1872 16.83 0.00 0.00 3.60 341.86
1873 16.32 0.00 0.00 2.50 342.40
1874 15.76 0.00 0.00 1.90 343.35
1875 15.20 0.00 0.00 3.30 342.37
1876 14.90 0.00 0.00 3.00 345.29
1877 14.59 0.00 0.00 2.80 344.92
1878 14.37 0.00 0.00 3.30 348.82
1879 15.35 40.91 61.16 3.00 352.85
1880 17.13 186.84 275.58 3.90 352.66
1881 19.15 361.10 330.94 4.80 354.18
1882 21.42 564.72 497.86 3.60 348.80
1883 23.38 689.38 529.66 2.50 346.48
1884 24.81 721.73 435.81 4.60 346.77
1885 25.89 743.09 468.43 4.80 348.42
1886 26.62 721.72 535.33 5.50 350.10
1887 26.94 636.20 603.66 4.80 352.12
1888 26.80 499.39 668.62 4.60 352.59
1889 25.95 311.87 611.18 3.90 353.44
1890 24.48 101.25 334.24 4.90 357.27
1891 23.66 1.77 0.00 5.69 353.96
1892 22.83 0.00 0.00 6.39 357.46
1893 22.01 0.00 0.00 6.09 355.77
1894 21.18 0.00 0.00 6.09 355.52
1895 20.35 0.00 0.00 5.89 354.94
1896 19.53 0.00 0.00 5.30 354.24
1897 18.97 0.00 0.00 6.39 356.11
1898 18.40 0.00 0.00 5.50 357.18
1899 17.83 0.00 0.00 5.10 354.76
1900 17.54 0.00 0.00 4.90 357.69
1901 17.25 0.00 0.00 5.89 359.59
1902 17.06 0.00 0.00 6.89 358.16
1903 17.43 18.12 0.00 6.39 360.36
1904 17.91 64.94 0.00 6.09 364.69
1905 19.06 209.02 20.46 5.89 358.49
1906 19.95 269.47 19.19 5.69 356.29
1907 21.56 531.15 214.45 5.89 348.18
1908 23.85 879.48 709.73 7.19 335.88
1909 24.67 608.95 236.54 9.79 355.33
1910 24.20 264.40 16.86 7.49 376.48
1911 23.54 187.72 3.80 8.49 379.75
1912 23.25 258.38 48.21 9.49 368.84
1913 22.49 94.28 0.00 7.99 379.49
1914 21.77 64.53 69.27 9.79 368.01
1915 21.46 1.21 0.00 11.19 371.51
1916 21.15 0.00 0.00 10.89 375.27
1917 20.84 0.00 0.00 10.69 377.49
1918 20.53 0.00 0.00 10.09 381.57
1919 20.22 0.00 0.00 10.09 379.74
1920 19.91 0.00 0.00 11.19 380.22
1921 19.63 0.00 0.00 12.69 379.92
1922 19.34 0.00 0.00 12.69 381.29
1923 18.89 0.00 0.00 11.59 383.08
1924 18.99 0.00 0.00 10.49 384.45
1925 18.87 0.00 0.00 10.69 384.08
1926 18.79 0.00 0.00 8.49 384.00
1927 19.43 28.15 0.00 9.19 388.21
1928 21.10 179.60 173.50 6.89 384.18
1929 21.47 274.21 75.05 6.09 389.86
1930 23.06 352.22 67.39 7.49 394.75
1931 23.83 329.86 18.16 9.19 397.85
1932 24.40 357.51 17.87 9.49 401.32
1933 25.18 504.62 100.18 8.89 397.38
1934 25.31 307.46 14.85 6.89 409.04
1935 24.95 199.53 1.89 5.50 411.95
1936 24.48 175.62 2.28 4.90 407.24
1937 23.77 24.28 0.00 3.90 404.55
1938 23.05 11.96 0.00 2.50 400.02
1939 22.32 0.79 0.00 1.50 394.88
1940 21.59 0.00 0.00 2.50 391.24
1941 20.86 0.00 0.00 2.80 387.15
1942 20.13 0.00 0.00 2.50 384.15
1943 19.40 0.00 0.00 1.50 375.06
1944 18.67 0.00 0.00 1.10 369.79
1945 17.58 0.00 0.00 1.50 367.83
1946 16.39 0.00 0.00 2.20 362.14
1947 15.19 0.00 0.00 2.80 353.67
1948 14.55 0.00 0.00 4.10 350.00
1949 13.90 0.00 0.00 4.80 344.82
1950 13.43 0.00 0.00 5.69 342.87
1951 14.49 50.66 161.97 6.89 342.77
1952 16.58 242.63 517.84 7.19 339.25
1953 18.88 460.48 697.07 7.99 340.65
1954 21.09 655.22 777.94 7.49 338.37
1955 22.95 781.29 745.03 5.69 342.15
1956 24.42 850.67 719.17 6.59 342.63
1957 25.49 865.85 737.15 6.09 344.27
1958 26.04 783.60 643.97 6.59 348.48
1959 26.11 658.08 643.07 5.69 347.11
1960 25.55 475.15 552.41 3.90 347.93
1961 24.37 278.57 429.10 3.00 351.44
1962 22.76 92.03 242.64 3.30 357.59
1963 21.87 1.87 0.00 4.30 355.70
1964 20.98 0.00 0.00 4.60 356.25
1965 20.09 0.00 0.00 4.60 355.30
1966 19.19 0.00 0.00 4.10 352.28
1967 18.30 0.00 0.00 2.80 349.32
1968 17.41 0.00 0.00 3.60 343.27
1969 17.02 0.00 0.00 3.60 341.24
1970 16.60 0.00 0.00 3.30 341.28
1971 16.18 0.00 0.00 3.60 339.67
1972 15.96 0.00 0.00 4.30 340.36
1973 15.74 0.00 0.00 4.30 340.39
1974 15.58 0.00 0.00 3.90 342.05
1975 16.75 50.90 114.29 4.10 347.15
1976 19.35 274.13 589.25 3.60 337.39
1977 22.10 517.43 802.71 3.60 338.13
1978 24.73 732.71 878.92 2.80 332.80
1979 26.54 783.66 621.94 4.30 338.08
1980 26.56 484.38 94.03 4.90 362.86
1981 26.72 527.81 116.21 4.60 361.45
1982 25.94 330.18 31.00 3.90 370.54
1983 25.86 450.45 144.73 4.10 357.75
1984 25.33 336.82 96.93 3.30 355.86
1985 24.43 208.86 127.85 4.10 357.35
1986 23.35 110.89 269.37 3.90 348.14
1987 22.43 3.01 0.00 4.60 349.13
1988 21.51 0.00 0.00 3.60 351.97
1989 20.58 0.00 0.00 3.30 353.01
1990 19.66 0.00 0.00 3.60 350.76
1991 18.74 0.00 0.00 3.30 353.38
1992 17.82 0.00 0.00 1.90 354.72
1993 17.02 0.00 0.00 2.80 353.27
1994 16.13 0.00 0.00 2.80 348.10
1995 15.25 0.00 0.00 2.80 344.18
1996 14.75 0.00 0.00 1.70 344.88
1997 14.26 0.00 0.00 1.90 342.87
1998 13.90 0.00 0.00 2.20 340.36
1999 14.73 37.62 12.87 1.90 343.86
2000 16.29 173.81 103.01 1.70 341.69
2001 17.99 327.20 128.80 2.00 344.90
2002 19.63 464.10 188.88 2.20 343.86
2003 21.52 658.90 380.35 4.30 340.43
2004 22.77 665.72 286.96 5.50 350.03
2005 23.49 620.81 218.95 5.50 351.09
2006 24.36 738.34 524.04 6.09 342.50
2007 24.71 624.29 518.20 6.39 343.37
2008 24.63 485.39 580.77 6.39 346.67
2009 23.89 309.56 592.79 6.39 348.66
2010 22.58 109.16 416.91 8.49 356.63
2011 21.95 2.37 0.00 5.50 355.59
2012 21.33 0.00 0.00 5.10 360.56
2013 20.71 0.00 0.00 5.10 362.87
2014 20.09 0.00 0.00 4.60 363.62
2015 19.47 0.00 0.00 4.30 365.07
2016 18.84 0.00 0.00 3.30 364.68
2017 18.68 0.00 0.00 3.60 364.98
2018 18.52 0.00 0.00 2.50 366.02
2019 18.37 0.00 0.00 1.40 371.51
2020 18.30 0.00 0.00 3.90 373.55
2021 18.23 0.00 0.00 5.30 373.12
2022 18.19 0.00 0.00 3.90 380.38
2023 18.88 25.85 0.00 4.30 383.34
2024 18.93 28.69 0.00 2.50 391.95
2025 19.05 39.67 0.00 2.00 392.37
2026 19.75 135.77 0.00 2.00 381.61
2027 21.62 409.17 44.10 2.50 368.43
2028 23.29 505.03 98.36 2.80 372.14
2029 24.71 562.97 142.10 3.30 373.48
2030 25.61 514.41 132.46 1.70 375.39
2031 26.22 480.56 181.10 2.50 374.06
2032 26.16 288.24 61.55 3.60 396.03
2033 25.91 228.86 173.92 1.90 376.22
2034 25.09 71.56 51.80 1.50 381.72
2035 24.64 2.11 0.00 2.00 379.18
2036 24.19 0.00 0.00 1.90 381.42
2037 23.74 0.00 0.00 2.80 382.60
2038 23.29 0.00 0.00 1.40 384.00
2039 22.84 0.00 0.00 2.50 380.95
2040 22.39 0.00 0.00 2.50 382.68
2041 21.88 0.00 0.00 1.70 382.07
2042 21.33 0.00 0.00 2.00 382.69
2043 20.79 0.00 0.00 1.40 383.18
2044 20.50 0.00 0.00 2.50 385.19
2045 18.76 0.00 0.00 3.00 390.01
2046 19.75 0.00 0.00 2.50 390.16
2047 20.38 20.16 0.00 3.00 388.71
2048 20.23 36.82 0.00 3.00 395.16
2049 20.61 55.18 0.00 3.90 394.56
2050 20.78 144.58 0.00 2.80 393.49
2051 21.27 73.88 0.00 3.90 399.34
2052 22.42 356.79 32.62 4.80 389.85
2053 24.12 601.99 188.05 4.80 385.91
2054 25.13 535.72 153.64 4.80 377.07
2055 25.65 442.21 118.28 4.10 365.79
2056 25.62 252.39 19.06 2.20 374.78
2057 25.15 146.08 9.64 3.30 391.05
2058 24.52 56.72 5.08 2.50 405.11
2059 24.36 1.91 0.00 3.00 392.05
2060 24.15 0.00 0.00 2.20 405.69
2061 23.99 0.00 0.00 1.90 409.17
2062 23.80 0.00 0.00 1.40 409.12
2063 23.61 0.00 0.00 1.20 409.07
2064 23.42 0.00 0.00 2.50 409.02
2065 23.29 0.00 0.00 1.50 405.92
2066 23.29 0.00 0.00 0.80 408.17
2067 23.31 0.00 0.00 0.80 413.05
2068 23.16 0.00 0.00 0.70 413.38
2069 22.95 0.00 0.00 0.80 416.07
2070 23.10 0.00 0.00 0.80 416.96
2071 23.04 8.24 0.00 0.50 417.38
2072 21.78 27.57 0.00 0.40 416.53
2073 22.97 43.70 0.00 0.40 421.42
2074 24.31 73.62 0.00 0.40 418.88
2075 24.49 73.37 0.00 0.50 419.29
2076 24.80 116.16 0.00 0.90 418.91
2077 24.95 97.73 0.00 0.80 421.05
2078 25.05 91.78 0.00 1.00 421.68
2079 25.07 72.06 0.00 1.00 422.42
2080 25.00 50.31 0.00 1.00 422.63
2081 24.90 36.49 0.00 1.20 421.54
2082 24.71 8.97 0.00 1.00 422.65
2083 24.49 0.39 0.00 1.10 421.50
2084 24.21 0.00 0.00 1.20 419.42
2085 23.37 0.00 0.00 1.50 422.58
2086 23.55 0.00 0.00 1.70 422.98
2087 23.57 0.00 0.00 1.70 418.15
2088 23.25 0.00 0.00 1.90 416.37
2089 22.79 0.00 0.00 2.50 416.54
2090 21.11 0.00 0.00 2.50 411.51
2091 21.62 0.00 0.00 3.00 410.49
2092 21.96 0.00 0.00 3.00 412.47
2093 21.60 0.00 0.00 2.00 411.19
2094 21.73 0.00 0.00 1.70 408.20
2095 21.94 7.49 0.00 2.50 407.67
2096 20.15 27.75 0.00 2.20 406.09
2097 20.30 47.10 0.00 2.20 403.57
2098 21.24 64.82 0.00 2.20 406.55
2099 21.95 76.12 0.00 3.30 406.80
2100 22.63 80.69 0.00 2.20 407.65
2101 22.39 89.61 0.00 2.00 409.10
2102 21.83 86.98 0.00 2.20 405.49
2103 22.60 74.22 0.00 1.50 406.96
2104 22.24 51.71 0.00 1.40 408.72
2105 22.53 33.79 0.00 1.20 407.22
2106 22.44 12.15 0.00 1.00 407.51
2107 22.16 0.46 0.00 1.50 403.80
2108 22.00 0.00 0.00 1.40 404.14
2109 21.71 0.00 0.00 2.00 397.03
2110 21.49 0.00 0.00 1.90 397.04
2111 21.23 0.00 0.00 2.00 393.52
2112 20.98 0.00 0.00 2.00 390.02
2113 19.66 0.00 0.00 2.50 387.54
2114 18.26 0.00 0.00 2.80 379.06
2115 16.85 0.00 0.00 3.60 368.77
2116 16.10 0.00 0.00 3.30 362.50
2117 15.35 0.00 0.00 2.20 356.28
2118 14.83 0.00 0.00 2.50 351.40
2119 16.27 66.98 219.94 2.50 357.40
2120 18.14 238.44 376.45 4.30 351.96
2121 19.60 356.08 188.78 4.60 358.63
2122 20.73 434.12 138.92 4.60 354.82
2123 21.18 391.65 30.00 3.60 360.93
2124 21.60 430.53 30.70 2.80 361.28
2125 22.36 579.46 154.56 3.90 357.57
2126 23.06 631.74 268.10 3.30 349.40
2127 23.70 680.97 585.96 3.30 338.24
2128 24.08 625.75 863.61 3.60 332.44
2129 23.76 378.58 792.31 4.90 334.67
2130 22.69 135.50 515.65 5.30 342.38
2131 21.20 5.48 0.00 4.60 335.28
2132 19.71 0.00 0.00 3.00 336.78
2133 18.22 0.00 0.00 2.20 337.02
2134 16.72 0.00 0.00 1.20 334.51
2135 15.23 0.00 0.00 1.00 329.72
2136 13.74 0.00 0.00 1.90 325.97
2137 12.68 0.00 0.00 1.40 325.65
2138 11.50 0.00 0.00 2.00 321.96
2139 10.32 0.00 0.00 4.60 318.74
2140 9.67 0.00 0.00 5.30 316.12
2141 9.02 0.00 0.00 4.60 313.00
2142 8.54 0.00 0.00 4.90 310.87
2143 10.31 80.92 338.90 4.10 320.14
2144 12.49 277.87 568.94 4.30 317.57
2145 14.67 475.37 604.34 3.60 320.44
2146 16.79 663.40 689.04 4.30 317.21
2147 18.57 780.94 643.18 4.30 320.36
2148 19.97 848.26 624.78 5.30 321.64
2149 21.02 873.96 680.44 5.89 323.40
2150 21.58 804.22 652.54 6.89 325.07
2151 21.71 697.86 685.25 7.19 329.37
2152 21.20 513.98 648.48 7.79 334.16
2153 20.03 310.37 544.34 6.59 335.24
2154 18.36 108.38 283.75 9.19 340.56
2155 17.54 4.03 0.00 9.79 339.97
2156 16.71 0.00 0.00 9.19 344.53
2157 15.89 0.00 0.00 8.49 343.58
2158 15.06 0.00 0.00 7.49 345.32
2159 14.23 0.00 0.00 7.79 342.03
2160 13.41 0.00 0.00 7.49 342.83
2161 11.66 0.00 0.00 7.72 336.08
2162 11.44 0.00 0.00 6.52 335.85
2163 12.99 0.00 0.00 5.42 345.33
2164 11.48 0.00 0.00 6.02 338.15
2165 11.79 0.00 0.00 5.82 340.94
2166 11.99 0.00 0.00 5.42 342.70
2167 13.05 43.54 0.92 6.02 349.90
2168 13.89 161.92 44.53 8.73 348.81
2169 15.65 282.65 54.80 5.42 349.29
2170 16.65 413.29 101.99 5.11 349.45
2171 17.63 516.73 140.71 5.82 350.63
2172 17.64 456.26 37.24 5.42 359.23
2173 18.21 398.56 22.09 4.51 362.64
2174 17.88 280.85 11.10 4.31 369.43
2175 17.55 135.53 0.00 3.31 371.59
2176 17.11 160.25 0.00 1.10 364.50
2177 16.36 74.51 0.00 0.90 367.45
2178 16.12 8.76 0.00 1.20 370.15
2179 15.69 0.96 0.00 2.51 367.78
2180 15.29 0.00 0.00 2.81 367.40
2181 14.57 0.00 0.00 2.51 362.86
2182 14.31 0.00 0.00 3.31 353.47
2183 13.95 0.00 0.00 3.91 354.34
2184 13.50 0.00 0.00 4.51 349.77
2185 12.99 0.00 0.00 4.31 345.67
2186 12.51 0.00 0.00 4.11 342.05
2187 12.04 0.00 0.00 4.11 336.57
2188 11.82 0.00 0.00 5.42 333.37
2189 11.60 0.00 0.00 7.72 332.36
2190 11.46 0.42 0.00 7.02 329.66
2191 13.14 82.54 242.32 7.32 334.86
2192 15.01 267.83 475.61 6.32 329.81
2193 16.87 452.67 476.00 6.32 330.27
2194 18.23 533.68 291.09 6.82 333.43
2195 19.52 650.48 339.43 6.82 331.70
2196 20.62 721.17 344.49 6.32 333.64
2197 21.09 603.63 174.80 8.22 343.42
2198 20.87 429.56 42.94 8.22 364.76
2199 20.76 416.38 97.37 7.72 371.59
2200 19.58 91.53 0.00 7.32 375.18
2201 18.48 54.98 0.00 8.73 360.20
2202 17.41 8.38 0.00 7.02 376.18
2203 17.04 3.20 0.00 6.02 374.62
2204 17.01 0.00 0.00 5.82 373.70
2205 16.79 0.00 0.00 6.02 371.65
2206 16.57 0.00 0.00 7.72 369.60
2207 16.35 0.00 0.00 9.53 369.73
2208 16.13 0.00 0.00 9.53 365.54
2209 15.73 0.00 0.00 8.73 362.46
2210 15.31 0.00 0.00 7.72 360.51
2211 14.89 0.00 0.00 9.53 360.96
2212 14.67 0.00 0.00 9.93 360.64
2213 14.45 0.00 0.00 11.13 362.14
2214 14.30 0.61 0.00 8.22 361.49
2215 14.94 32.88 0.00 6.32 361.54
2216 16.72 213.91 188.70 6.32 346.01
2217 17.20 198.20 11.64 8.22 357.41
2218 18.52 416.97 107.28 6.82 346.10
2219 20.12 622.18 281.82 6.52 343.03
2220 21.91 838.51 529.86 6.02 337.15
2221 22.38 561.82 141.31 7.72 353.38
2222 22.94 643.52 274.20 7.72 349.23
2223 23.43 667.68 545.47 7.72 341.29
2224 23.59 560.00 723.12 6.02 339.56
2225 23.14 335.04 559.02 5.11 343.35
2226 22.15 121.31 304.19 5.42 349.90
2227 21.31 5.95 0.00 6.02 351.37
2228 20.47 0.00 0.00 6.52 355.29
2229 19.63 0.00 0.00 7.02 356.66
2230 18.79 0.00 0.00 6.52 353.44
2231 17.95 0.00 0.00 6.52 351.92
2232 17.11 0.00 0.00 5.62 351.46
2233 16.36 0.00 0.00 6.32 351.59
2234 15.53 0.00 0.00 6.32 351.67
2235 14.70 0.00 0.00 6.52 346.96
2236 14.24 0.00 0.00 7.32 346.41
2237 13.78 0.00 0.00 5.62 344.72
2238 13.45 1.05 0.00 5.62 343.28
2239 14.79 77.11 194.60 5.11 351.51
2240 16.40 259.96 350.49 5.62 345.85
2241 17.21 313.07 96.32 5.32 357.42
2242 17.81 365.04 37.55 4.51 357.93
2243 18.31 411.84 38.38 3.61 359.21
2244 19.40 664.02 254.78 2.31 349.82
2245 20.38 753.08 392.37 3.61 352.94
2246 20.85 647.03 276.83 3.61 354.61
2247 21.24 664.96 533.90 5.01 345.31
2248 21.08 439.97 319.43 4.31 349.33
2249 20.59 318.28 528.65 4.71 346.72
2250 19.65 122.82 305.16 5.11 349.59
2251 19.10 6.20 0.00 5.32 352.09
2252 18.55 0.00 0.00 4.31 357.26
2253 17.99 0.00 0.00 4.31 358.67
2254 17.44 0.00 0.00 4.51 357.85
2255 16.89 0.00 0.00 5.62 361.50
2256 16.34 0.00 0.00 5.01 363.29
2257 16.20 0.00 0.00 5.62 363.84
2258 16.10 0.00 0.00 5.82 361.04
2259 15.99 0.00 0.00 4.91 364.55
2260 15.96 0.00 0.00 5.01 365.72
2261 15.92 0.00 0.00 4.31 368.02
2262 15.90 1.35 0.00 4.31 371.20
2263 16.24 17.32 0.00 3.31 373.27
2264 18.73 290.00 335.97 2.51 344.36
2265 20.12 380.67 201.54 3.01 353.25
2266 21.51 531.24 265.47 3.01 348.58
2267 21.89 402.31 58.66 2.81 368.44
2268 22.64 563.97 143.34 3.91 360.85
2269 23.86 825.89 512.33 5.32 352.39
2270 24.28 603.74 225.98 5.01 363.40
2271 24.44 518.20 224.25 5.82 364.71
2272 23.34 90.48 0.00 6.02 385.56
2273 22.25 27.23 0.00 5.11 401.78
2274 21.60 111.16 198.72 4.91 361.94
2275 21.02 4.56 0.00 4.31 358.44
2276 20.44 0.00 0.00 4.51 360.85
2277 19.86 0.00 0.00 3.91 359.72
2278 19.29 0.00 0.00 3.91 354.30
2279 18.71 0.00 0.00 4.91 351.72
2280 18.13 0.00 0.00 4.51 344.81
2281 17.41 0.00 0.00 4.31 344.48
2282 16.62 0.00 0.00 2.51 339.75
2283 15.82 0.00 0.00 2.51 338.96
2284 15.39 0.00 0.00 2.31 339.25
2285 14.95 0.00 0.00 1.20 337.99
2286 14.64 1.86 0.00 1.20 338.92
2287 16.31 94.41 304.99 1.20 345.01
2288 17.96 281.49 473.49 0.60 343.99
2289 19.76 491.09 611.28 0.50 342.97
2290 21.41 662.67 604.51 0.70 337.59
2291 22.84 788.38 635.92 0.50 335.86
2292 24.01 866.82 624.42 0.50 335.73
2293 24.83 872.00 625.55 1.10 334.24
2294 25.30 816.21 644.79 1.30 331.58
2295 25.37 679.98 609.36 1.50 337.22
2296 24.92 497.44 531.85 0.70 340.05
2297 24.00 308.98 457.02 0.90 340.33
2298 22.71 116.27 307.04 1.70 344.72
2299 21.92 5.92 0.00 1.50 346.03
2300 21.13 0.00 0.00 2.11 351.24
2301 20.33 0.00 0.00 1.91 349.44
2302 19.54 0.00 0.00 1.70 347.66
2303 18.75 0.00 0.00 1.70 343.66
2304 17.96 0.00 0.00 1.70 343.74
2305 17.53 0.00 0.00 1.20 340.05
2306 17.10 0.00 0.00 0.70 340.31
2307 16.67 0.00 0.00 0.50 335.89
2308 16.45 0.00 0.00 0.40 334.43
2309 16.23 0.00 0.00 0.20 334.43
2310 16.09 2.95 0.00 1.20 333.44
2311 17.98 112.29 429.87 0.90 337.82
2312 19.88 336.98 716.78 0.90 338.00
2313 21.85 574.68 864.70 1.70 337.93
2314 23.70 778.52 957.07 3.31 328.98
2315 25.30 925.89 977.46 3.91 331.44
2316 26.59 1004.92 988.39 4.71 332.29
2317 27.53 1010.36 848.40 4.31 337.48
2318 26.69 444.54 79.01 3.91 367.02
2319 25.76 360.59 29.78 3.91 369.52
2320 24.91 322.86 100.99 2.51 363.34
2321 24.35 372.49 548.02 1.30 344.51
2322 23.01 10.24 0.00 1.10 383.89
2323 22.53 2.44 0.00 0.70 388.70
2324 22.05 0.00 0.00 1.30 387.44
2325 21.58 0.00 0.00 1.50 385.05
2326 21.10 0.00 0.00 2.11 383.72
2327 20.62 0.00 0.00 1.50 384.12
2328 20.14 0.00 0.00 0.70 379.31
2329 19.68 0.00 0.00 0.70 375.61
2330 19.23 0.00 0.00 1.10 374.73
2331 18.77 0.00 0.00 1.10 372.36
2332 18.55 0.00 0.00 1.91 367.47
2333 18.32 0.00 0.00 1.70 364.65
2334 18.17 2.24 0.00 2.11 364.54
2335 19.94 104.29 344.86 3.01 363.88
2336 21.77 320.58 645.41 2.11 357.34
2337 23.52 522.64 651.62 2.81 361.48
2338 24.59 568.45 310.23 3.01 367.57
2339 25.76 724.34 460.46 4.51 366.57
2340 26.66 767.59 446.90 3.01 367.99
2341 27.55 868.22 551.25 3.91 363.49
2342 27.68 611.29 251.10 3.91 372.95
2343 26.37 150.82 0.00 4.51 395.18
2344 25.46 196.47 9.94 5.82 383.68
2345 24.94 280.99 280.36 6.02 363.83
2346 24.16 135.70 301.96 5.32 362.24
2347 23.39 9.07 0.00 4.71 358.16
2348 22.63 0.00 0.00 3.51 362.22
2349 21.87 0.00 0.00 3.51 359.59
2350 21.10 0.00 0.00 3.91 354.98
2351 20.34 0.00 0.00 3.91 355.09
2352 19.58 0.00 0.00 4.31 356.44
2353 18.80 0.00 0.00 3.31 356.19
2354 17.93 0.00 0.00 2.31 353.30
2355 17.06 0.00 0.00 3.31 348.54
2356 16.58 0.00 0.00 2.81 349.50
2357 16.11 0.00 0.00 1.70 348.37
2358 15.76 3.48 0.00 1.30 346.29
2359 17.89 119.21 476.26 2.51 351.41
2360 19.84 338.12 724.64 1.50 350.63
2361 21.79 558.19 825.53 1.30 351.92
2362 23.57 739.40 838.95 2.11 348.42
2363 25.09 872.04 840.69 2.81 350.84
2364 26.29 939.23 828.36 2.81 352.22
2365 27.11 934.82 803.03 1.91 350.52
2366 27.53 860.17 767.00 0.60 357.42
2367 27.57 733.17 758.96 1.10 357.51
2368 27.11 557.50 741.54 1.20 353.08
2369 26.10 343.90 635.23 0.90 353.29
2370 24.68 129.58 413.32 1.50 358.47
2371 23.73 6.95 0.00 1.70 357.68
2372 22.77 0.00 0.00 1.10 360.78
2373 21.81 0.00 0.00 1.50 355.27
2374 20.85 0.00 0.00 1.30 348.98
2375 19.89 0.00 0.00 1.20 347.62
2376 18.93 0.00 0.00 1.91 344.99
2377 18.39 0.00 0.00 3.31 343.47
2378 17.76 0.00 0.00 3.91 340.46
2379 17.13 0.00 0.00 3.51 336.81
2380 16.78 0.00 0.00 3.61 331.63
2381 16.42 0.00 0.00 3.51 331.03
2382 16.16 4.04 0.00 3.51 327.89
2383 18.52 132.65 566.91 4.91 334.19
2384 20.65 372.52 836.20 4.31 329.60
2385 22.80 616.79 953.48 4.31 332.76
2386 24.79 823.59 997.32 3.91 329.18
2387 26.49 972.20 1016.84 4.31 328.97
2388 27.85 1051.29 1029.07 3.01 335.90
2389 28.80 1055.69 951.69 3.91 344.91
2390 28.99 833.63 609.84 3.31 352.10
2391 28.68 666.21 535.29 3.51 358.12
2392 28.01 536.97 575.72 3.91 357.11
2393 26.64 251.80 200.40 5.32 371.66
2394 25.00 68.32 12.01 7.32 381.58
2395 24.49 3.80 0.00 7.02 380.35
2396 23.99 0.00 0.00 8.22 385.37
2397 23.48 0.00 0.00 7.32 385.32
2398 22.97 0.00 0.00 7.02 385.01
2399 22.46 0.00 0.00 7.72 385.22
2400 21.96 0.00 0.00 8.22 384.93
2401 21.84 0.00 0.00 10.63 383.24
2402 21.73 0.00 0.00 10.23 384.57
2403 21.65 0.00 0.00 7.72 387.12
2404 21.62 0.00 0.00 8.73 387.99
2405 20.22 0.00 0.00 10.23 387.96
2406 21.21 2.82 0.00 10.23 393.07
2407 22.77 77.68 51.75 11.63 399.22
2408 23.55 196.76 63.63 9.13 395.58
2409 25.30 330.61 114.21 8.73 398.00
2410 25.63 299.93 19.37 8.73 408.67
2411 26.50 409.21 29.47 11.13 410.03
2412 27.28 510.78 89.56 10.63 410.50
2413 27.80 532.14 79.88 9.93 412.54
2414 28.20 457.46 43.64 8.73 402.14
2415 28.05 320.30 23.35 11.63 421.65
2416 27.56 176.62 2.59 9.53 426.61
2417 26.77 67.28 0.00 12.13 428.80
2418 26.16 11.28 0.00 9.93 430.90
2419 25.44 2.80 0.00 12.84 423.90
2420 24.72 0.00 0.00 14.54 416.96
2421 24.01 0.00 0.00 12.84 410.10
2422 23.29 0.00 0.00 11.13 403.30
2423 22.57 0.00 0.00 9.13 397.64
2424 21.86 0.00 0.00 8.73 389.92
2425 20.98 0.00 0.00 6.82 384.30
2426 20.02 0.00 0.00 6.82 380.93
2427 19.06 0.00 0.00 9.13 373.57
2428 18.53 0.00 0.00 9.13 364.40
2429 18.01 0.00 0.00 6.52 358.03
2430 17.63 5.06 0.00 7.32 354.70
2431 19.58 112.33 306.95 6.32 353.52
2432 21.16 296.37 447.96 6.32 352.45
2433 22.90 506.81 590.80 7.02 353.28
2434 24.58 695.81 654.81 6.32 350.06
2435 25.99 816.12 631.00 6.52 352.89
2436 27.12 887.31 636.38 7.72 351.93
2437 27.91 891.86 641.66 7.32 348.22
2438 28.36 837.45 656.13 6.52 346.94
2439 28.38 680.09 579.66 7.32 350.62
2440 27.88 501.04 505.18 9.13 357.06
2441 26.90 302.47 409.58 8.22 357.33
2442 25.60 117.75 258.27 6.82 364.06
2443 24.67 8.35 0.00 9.13 363.58
2444 23.73 0.00 0.00 9.93 369.25
2445 22.80 0.00 0.00 9.13 367.71
2446 21.87 0.00 0.00 8.73 361.45
2447 20.93 0.00 0.00 8.22 364.36
2448 20.00 0.00 0.00 7.32 357.91
2449 19.47 0.00 0.00 7.72 362.34
2450 18.87 0.00 0.00 6.32 361.62
2451 18.27 0.00 0.00 6.02 361.09
2452 17.93 0.00 0.00 4.31 360.26
2453 17.60 0.00 0.00 3.01 360.39
2454 17.35 5.85 0.00 3.01 358.53
2455 19.41 110.31 299.70 4.91 364.65
2456 21.22 306.50 482.17 3.91 361.28
2457 23.17 523.20 642.96 2.81 363.15
2458 24.98 703.79 670.05 2.31 356.99
2459 26.52 828.14 658.04 2.51 355.38
2460 27.76 903.84 679.34 2.81 356.94
2461 28.67 919.78 723.62 2.51 362.67
2462 29.20 861.13 743.13 3.91 365.28
2463 29.33 738.10 750.39 4.51 366.32
2464 28.93 556.28 695.99 5.11 368.14
2465 27.95 337.34 571.03 6.82 373.45
2466 26.54 127.21 357.37 5.82 384.69
2467 25.78 8.85 0.00 5.42 382.34
2468 25.01 0.00 0.00 4.91 386.95
2469 24.24 0.00 0.00 4.91 384.70
2470 23.47 0.00 0.00 5.82 385.65
2471 22.70 0.00 0.00 5.32 382.14
2472 21.93 0.00 0.00 8.22 376.38
2473 21.50 0.00 0.00 7.32 376.69
2474 21.07 0.00 0.00 6.32 378.04
2475 20.63 0.00 0.00 6.02 374.54
2476 20.41 0.00 0.00 5.42 374.68
2477 20.19 0.00 0.00 5.32 378.31
2478 20.04 6.82 0.00 3.61 377.71
2479 22.08 116.53 330.88 3.51 389.44
2480 23.80 313.89 503.21 2.81 382.26
2481 25.61 525.41 638.89 2.81 379.09
2482 27.33 712.12 687.23 2.81 371.74
2483 28.81 841.85 692.84 3.01 375.52
2484 30.00 909.48 689.82 3.01 378.84
2485 30.84 909.11 681.83 4.51 381.85
2486 31.31 835.48 653.35 4.91 383.16
2487 31.43 710.29 651.07 4.91 387.31
2488 31.08 536.04 636.33 4.71 386.68
2489 30.23 330.37 508.04 4.11 385.94
2490 29.00 122.20 304.58 3.01 391.35
2491 28.32 9.10 0.00 2.51 392.17
2492 27.65 0.00 0.00 3.01 395.97
2493 26.97 0.00 0.00 2.31 397.03
2494 26.29 0.00 0.00 1.91 394.80
2495 25.61 0.00 0.00 2.81 394.95
2496 24.93 0.00 0.00 2.51 389.85
2497 24.28 0.00 0.00 2.81 389.54
2498 23.61 0.00 0.00 1.50 388.46
2499 22.93 0.00 0.00 2.51 386.15
2500 22.59 0.00 0.00 3.31 383.90
2501 22.24 0.00 0.00 2.51 382.34
2502 22.00 6.87 0.00 2.31 385.73
2503 23.41 86.49 64.68 1.91 391.09
2504 24.74 249.21 141.41 3.01 389.14
2505 25.95 390.08 198.65 2.51 389.09
2506 27.60 644.85 456.00 3.01 379.36
2507 29.39 886.56 749.37 3.91 369.39
2508 30.51 867.07 593.76 4.51 375.31
2509 31.23 830.31 534.00 4.31 377.61
2510 31.12 543.47 134.58 4.11 387.30
2511 30.75 452.21 104.83 4.71 391.68
2512 30.26 382.99 161.78 3.91 391.91
2513 29.52 255.87 138.76 3.31 391.31
2514 28.54 105.12 97.58 3.91 394.22
2515 27.91 7.75 0.00 3.01 394.81
2516 27.27 0.00 0.00 2.11 395.45
2517 26.63 0.00 0.00 2.31 393.82
2518 26.00 0.00 0.00 1.70 393.94
2519 25.36 0.00 0.00 2.51 391.73
2520 24.72 0.00 0.00 2.11 390.02
2521 24.21 0.00 0.00 2.31 389.34
2522 23.71 0.00 0.00 1.70 388.19
2523 23.21 0.00 0.00 2.51 384.69
2524 22.97 0.00 0.00 4.11 381.62
2525 22.73 0.00 0.00 2.31 382.93
2526 22.58 6.69 0.00 3.01 379.21
2527 24.29 106.06 189.89 1.50 383.04
2528 25.23 222.01 108.35 2.51 386.89
2529 26.71 437.16 286.23 2.11 381.20
2530 28.31 651.63 490.40 3.01 373.38
2531 29.81 817.93 592.74 3.61 367.22
2532 30.95 867.70 598.73 3.61 368.72
2533 31.63 808.14 499.06 3.91 370.72
2534 31.76 614.17 217.56 4.31 382.25
2535 31.69 533.59 229.69 4.51 379.57
2536 31.20 376.18 158.52 2.51 386.36
2537 30.33 185.68 33.56 1.70 394.73
2538 29.29 41.06 0.00 2.51 404.76
2539 28.57 7.46 0.00 2.51 402.25
2540 27.85 0.00 0.00 2.11 404.02
2541 27.13 0.00 0.00 1.20 398.94
2542 26.41 0.00 0.00 2.31 393.16
2543 25.69 0.00 0.00 3.51 392.96
2544 24.97 0.00 0.00 5.11 387.32
2545 24.16 0.00 0.00 4.51 384.81
2546 23.30 0.00 0.00 5.11 380.73
2547 22.43 0.00 0.00 4.71 378.10
2548 21.97 0.00 0.00 3.91 371.01
2549 21.51 0.00 0.00 2.51 367.50
2550 21.18 8.65 0.00 2.81 364.36
2551 22.83 92.01 86.11 2.51 371.70
2552 23.48 169.24 21.43 1.50 375.98
2553 24.60 321.79 80.37 1.70 377.31
2554 25.90 487.92 141.22 0.90 365.71
2555 26.86 542.84 133.98 2.11 365.93
2556 28.51 876.92 611.52 3.51 354.83
2557 29.54 823.62 513.53 3.51 364.07
2558 30.35 849.21 618.44 3.01 358.96
2559 30.49 620.31 381.51 3.01 368.46
2560 30.17 448.03 307.43 3.01 372.35
2561 29.58 335.96 469.51 2.11 368.34
2562 28.60 153.86 407.10 3.01 370.69
2563 27.68 13.28 0.00 3.31 370.38
2564 26.76 0.00 0.00 2.81 372.45
2565 25.84 0.00 0.00 3.31 372.83
2566 24.91 0.00 0.00 1.91 372.06
2567 23.99 0.00 0.00 2.31 367.36
2568 23.07 0.00 0.00 3.61 368.58
2569 22.42 0.00 0.00 3.91 365.32
2570 21.73 0.00 0.00 2.51 365.98
2571 21.03 0.00 0.00 3.31 362.31
2572 20.66 0.00 0.00 4.11 360.46
2573 20.29 0.00 0.00 2.51 364.95
2574 20.02 8.51 0.00 3.51 363.53
2575 22.23 120.23 277.41 4.31 369.74
2576 23.98 310.96 431.22 5.11 365.86
2577 25.58 478.74 402.28 5.82 367.92
2578 27.00 616.55 375.93 7.32 361.38
2579 28.15 699.50 340.18 7.32 364.65
2580 29.27 817.78 503.99 7.02 367.49
2581 30.19 869.71 590.55 5.42 366.34
2582 30.71 801.46 546.87 4.71 364.73
2583 30.80 658.98 532.97 5.62 365.23
2584 30.47 507.69 484.40 4.91 366.46
2585 29.64 322.09 459.23 3.61 370.25
2586 28.41 122.56 268.28 3.51 374.90
2587 27.30 11.25 0.00 2.81 369.73
2588 26.18 0.00 0.00 2.31 368.70
2589 25.07 0.00 0.00 1.70 370.01
2590 23.95 0.00 0.00 1.91 369.24
2591 22.84 0.00 0.00 2.81 364.96
2592 21.73 0.00 0.00 3.51 360.52
2593 20.86 0.00 0.00 4.91 360.99
2594 19.92 0.00 0.00 5.32 358.66
2595 18.98 0.00 0.00 5.62 357.73
2596 18.48 0.00 0.00 5.62 355.39
2597 17.97 0.00 0.00 5.42 353.04
2598 17.61 8.70 0.00 6.32 353.59
2599 19.83 131.28 304.68 6.52 357.53
2600 21.18 294.86 337.09 6.02 357.58
2601 22.73 491.28 443.06 7.72 356.90
2602 24.24 668.80 535.14 8.22 353.40
2603 25.60 807.64 559.37 8.73 356.76
2604 26.75 901.44 617.72 8.22 358.12
2605 27.44 852.05 546.58 9.13 360.96
2606 27.67 733.10 413.84 7.32 363.86
2607 27.46 567.32 278.67 6.32 368.05
2608 26.84 420.60 217.23 5.62 370.86
2609 25.81 233.63 95.44 4.31 374.86
2610 24.59 91.48 50.75 4.71 378.71
2611 23.69 8.87 0.00 3.61 376.14
2612 22.79 0.00 0.00 4.31 374.48
2613 21.89 0.00 0.00 3.61 372.47
2614 20.99 0.00 0.00 4.31 367.34
2615 20.10 0.00 0.00 4.11 364.14
2616 19.20 0.00 0.00 4.51 357.31
2617 18.65 0.00 0.00 4.31 356.25
2618 18.05 0.00 0.00 2.81 355.44
2619 17.45 0.00 0.00 5.42 354.85
2620 17.13 0.00 0.00 7.02 352.54
2621 16.81 0.00 0.00 6.02 350.87
2622 16.58 11.16 0.00 5.42 349.09
2623 19.24 142.50 353.99 5.42 354.98
2624 20.94 327.35 480.55 6.52 352.75
2625 22.72 523.64 548.63 7.32 352.89
2626 24.28 669.29 557.67 7.32 352.25
2627 25.52 756.78 468.16 10.63 356.72
2628 26.57 830.89 544.91 7.32 359.54
2629 27.34 842.75 560.60 6.32 361.44
2630 27.75 779.64 505.02 7.32 361.30
2631 27.74 625.51 394.32 5.62 364.61
2632 27.31 492.73 433.17 5.82 364.25
2633 26.37 295.55 334.24 5.32 364.95
2634 25.11 119.46 225.31 5.62 366.47
2635 23.98 11.42 0.00 4.31 362.04
2636 22.85 0.00 0.00 3.91 359.12
2637 21.72 0.00 0.00 4.91 356.67
2638 20.59 0.00 0.00 4.91 356.96
2639 19.47 0.00 0.00 5.01 351.16
2640 18.34 0.00 0.00 4.71 350.85
2641 17.45 0.00 0.00 4.91 347.99
2642 16.45 0.00 0.00 4.31 343.53
2643 15.46 0.00 0.00 5.01 339.63
2644 14.92 0.00 0.00 4.31 335.41
2645 14.38 0.00 0.00 2.31 331.93
2646 13.98 12.58 0.00 2.31 334.83
2647 16.75 154.28 489.58 2.81 339.92
2648 18.72 376.76 714.49 2.31 340.15
2649 20.70 600.80 809.93 3.01 341.31
2650 22.52 789.22 877.57 3.01 334.57
2651 24.07 922.76 891.40 3.61 336.72
2652 25.27 988.67 888.46 3.51 337.38
2653 26.10 988.48 887.57 4.31 341.38
2654 26.54 917.47 876.33 4.11 343.29
2655 26.58 786.83 868.73 4.11 344.55
2656 26.10 602.49 836.17 4.71 344.96
2657 25.05 380.78 733.00 5.11 349.37
2658 23.57 157.78 507.58 4.91 352.43
2659 22.44 12.80 0.00 4.71 350.42
2660 21.31 0.00 0.00 4.31 350.12
2661 20.18 0.00 0.00 3.31 347.70
2662 19.05 0.00 0.00 3.91 345.63
2663 17.92 0.00 0.00 3.31 345.17
2664 16.80 0.00 0.00 2.81 339.82
2665 16.14 0.00 0.00 3.31 338.48
2666 15.40 0.00 0.00 2.51 338.78
2667 14.67 0.00 0.00 3.91 338.11
2668 14.26 0.00 0.00 4.31 339.35
2669 13.86 0.00 0.00 2.81 337.06
2670 13.56 13.04 0.00 3.01 335.40
2671 16.10 156.59 480.71 4.11 346.08
2672 17.90 382.21 725.86 4.71 344.85
2673 19.78 621.24 854.13 5.62 341.29
2674 21.53 823.80 869.12 4.91 334.65
2675 22.72 877.60 646.78 2.51 336.10
2676 22.42 525.73 105.49 2.31 359.90
2677 22.10 503.74 39.38 2.31 361.46
2678 21.78 487.73 80.07 1.50 360.51
2679 21.41 453.40 114.42 1.70 359.26
2680 20.77 339.92 92.36 1.30 361.71
2681 19.88 202.00 32.57 1.91 362.81
2682 18.83 75.35 3.44 1.70 368.54
2683 18.40 7.64 0.00 2.31 365.59
2684 17.98 0.00 0.00 3.91 364.77
2685 17.55 0.00 0.00 1.10 361.75
2686 17.13 0.00 0.00 1.10 360.10
2687 16.71 0.00 0.00 1.91 352.63
2688 16.28 0.00 0.00 1.70 346.86
2689 16.23 0.00 0.00 0.40 344.22
2690 16.14 0.00 0.00 0.10 342.29
2691 16.04 0.00 0.00 0.10 340.66
2692 15.97 0.00 0.00 0.20 338.10
2693 15.89 0.00 0.00 0.60 336.38
2694 15.83 17.54 0.00 0.70 337.32
2695 19.58 175.08 573.31 1.10 345.03
2696 21.90 393.09 591.04 0.70 346.05
2697 22.30 346.76 109.84 2.11 364.33
2698 22.68 384.12 71.78 1.70 360.25
2699 24.61 780.83 429.46 2.81 346.13
2700 24.24 326.08 31.69 1.70 373.41
2701 24.71 570.29 145.34 1.50 358.43
2702 24.51 366.93 35.00 1.10 367.15
2703 24.76 542.25 259.32 1.70 353.63
2704 24.89 514.41 481.23 1.91 353.16
2705 24.51 340.33 450.49 3.51 353.87
2706 23.68 176.59 507.68 3.61 352.91
2707 22.69 12.24 0.00 2.51 351.21
2708 21.71 0.00 0.00 1.91 355.95
2709 20.73 0.00 0.00 2.51 354.08
2710 19.74 0.00 0.00 2.31 354.23
2711 18.76 0.00 0.00 1.91 351.96
2712 17.78 0.00 0.00 2.11 348.26
2713 16.88 0.00 0.00 2.31 344.33
2714 15.90 0.00 0.00 1.50 343.06
2715 15.37 0.00 0.00 3.61 339.73
2716 14.84 0.00 0.00 4.71 338.50
2717 14.46 0.00 0.00 3.51 337.27
2718 14.66 14.36 0.00 3.51 338.44
2719 15.82 140.98 295.55 4.51 342.58
2720 17.37 327.67 417.28 4.71 343.03
2721 19.27 564.24 617.35 5.42 337.76
2722 20.99 721.31 589.22 5.82 341.18
2723 22.18 741.92 418.61 6.82 346.72
2724 23.26 833.31 515.54 6.52 345.79
2725 24.06 833.04 537.10 6.82 346.00
2726 24.48 753.20 450.73 6.02 349.23
2727 24.48 590.32 311.66 6.02 355.88
2728 24.00 421.18 211.66 6.82 358.27
2729 23.18 272.64 151.51 7.02 358.30
2730 22.05 107.04 83.73 6.52 360.77
2731 20.84 12.65 0.00 5.42 360.36
2732 20.13 0.00 0.00 5.62 365.34
2733 19.41 0.00 0.00 6.52 365.79
2734 18.70 0.00 0.00 5.32 361.24
2735 17.99 0.00 0.00 5.01 359.49
2736 17.28 0.00 0.00 4.31 356.71
2737 17.02 0.00 0.00 3.31 356.65
2738 16.77 0.00 0.00 3.31 355.60
2739 16.66 0.00 0.00 3.91 357.48
2740 16.55 0.00 0.00 3.61 353.64
2741 16.48 0.00 0.00 3.31 352.69
2742 16.77 13.69 0.00 3.31 352.74
2743 18.08 143.74 261.90 2.81 356.54
2744 18.97 210.42 67.23 3.31 363.92
2745 20.53 432.56 239.49 2.81 358.46
2746 22.03 571.53 280.87 2.11 360.05
2747 24.45 998.90 754.61 3.51 345.09
2748 25.08 610.30 187.96 4.11 370.92
2749 25.84 725.99 296.69 3.91 362.43
2750 26.43 720.76 361.78 4.31 362.89
2751 26.58 558.41 286.11 4.91 367.94
2752 25.77 229.97 21.15 5.11 384.94
2753 24.70 85.15 0.00 3.91 394.60
2754 23.60 12.77 0.00 3.61 398.40
2755 22.64 5.01 0.00 3.31 394.85
2756 21.91 0.00 0.00 2.81 395.31
2757 21.18 0.00 0.00 3.91 386.84
2758 20.45 0.00 0.00 3.61 377.90
2759 19.72 0.00 0.00 1.50 373.77
2760 18.99 0.00 0.00 2.11 369.04
2761 18.16 0.00 0.00 1.91 367.81
2762 17.23 0.00 0.00 3.01 361.43
2763 16.71 0.00 0.00 3.61 357.05
2764 16.19 0.00 0.00 3.61 350.67
2765 15.82 0.00 0.00 3.91 348.07
2766 16.06 17.15 0.00 3.61 350.44
2767 17.35 155.37 362.27 3.91 351.60
2768 18.98 346.53 494.93 3.51 353.45
2769 20.80 555.98 625.36 3.91 351.88
2770 22.60 743.69 641.29 3.31 353.59
2771 23.91 785.42 498.86 3.31 362.97
2772 24.90 816.29 486.31 2.51 365.70
2773 25.57 797.24 468.06 3.31 369.43
2774 25.92 729.97 395.39 3.31 370.84
2775 25.99 629.54 387.09 2.81 373.43
2776 25.60 464.34 332.31 3.31 379.52
2777 24.77 290.07 252.02 1.70 383.90
2778 23.55 99.14 64.30 0.70 393.86
2779 22.28 13.08 0.00 0.90 389.12
2780 21.85 0.00 0.00 1.70 392.12
2781 21.42 0.00 0.00 1.20 388.33
2782 20.99 0.00 0.00 1.50 384.21
2783 20.56 0.00 0.00 1.70 381.27
2784 20.12 0.00 0.00 0.60 377.46
2785 20.24 0.00 0.00 0.60 376.41
2786 20.44 0.00 0.00 0.70 375.83
2787 20.58 0.00 0.00 0.40 374.90
2788 20.71 0.00 0.00 0.40 373.31
2789 20.83 0.00 0.00 1.10 369.72
2790 21.04 8.30 0.00 0.50 370.48
2791 22.70 204.05 681.29 0.20 372.96
2792 24.69 461.31 748.46 0.10 369.42
2793 26.01 532.88 458.80 0.60 382.79
2794 26.19 356.37 50.74 1.91 409.25
2795 27.34 683.21 278.11 1.50 384.35
2796 28.26 742.08 290.04 1.30 381.59
2797 27.54 201.60 8.73 1.70 424.61
2798 26.67 77.59 0.00 1.50 414.48
2799 25.89 66.79 0.00 0.70 427.15
2800 25.18 51.57 0.00 1.10 423.36
2801 24.67 33.32 0.00 1.10 420.49
2802 23.82 14.57 0.00 1.50 419.41
2803 21.84 1.63 0.00 2.31 417.72
2804 22.79 0.00 0.00 4.31 422.76
2805 23.47 0.00 0.00 4.91 421.99
2806 23.60 0.00 0.00 5.42 416.39
2807 23.52 0.00 0.00 5.42 423.45
2808 23.09 0.00 0.00 6.32 422.01
2809 23.19 0.00 0.00 6.32 418.46
2810 22.71 0.00 0.00 7.72 417.60
2811 22.64 0.00 0.00 7.72 419.99
2812 22.43 0.00 0.00 8.22 419.74
2813 22.29 0.00 0.00 8.22 418.84
2814 22.33 2.74 0.00 7.32 417.85
2815 22.48 21.68 0.00 6.82 416.64
2816 22.86 64.28 0.00 6.32 412.70
2817 23.80 286.81 92.33 6.02 399.28
2818 26.70 855.12 786.43 5.11 363.72
2819 28.44 833.90 532.84 5.11 373.08
2820 28.67 429.82 62.80 4.71 396.12
2821 28.34 198.82 8.49 4.91 408.58
2822 28.87 596.38 194.44 4.71 381.04
2823 28.70 305.03 29.04 3.61 394.80
2824 27.88 47.91 0.00 4.31 409.69
2825 27.15 31.12 0.00 3.91 407.71
2826 26.50 13.76 0.00 2.51 409.79
2827 25.91 1.54 0.00 2.51 406.67
2828 25.17 0.00 0.00 2.81 407.28
2829 24.43 0.00 0.00 2.51 404.81
2830 23.64 0.00 0.00 1.91 408.91
2831 22.60 0.00 0.00 2.51 404.53
2832 21.36 0.00 0.00 2.81 398.04
2833 21.35 0.00 0.00 2.11 400.37
2834 20.47 0.00 0.00 2.81 393.24
2835 19.98 0.00 0.00 2.31 387.58
2836 19.44 0.00 0.00 0.70 380.93
2837 19.18 0.00 0.00 0.90 372.99
2838 19.39 11.29 0.00 1.50 376.22
2839 20.12 99.12 29.05 2.11 374.70
2840 20.86 220.84 55.99 1.50 375.31
2841 21.61 247.95 17.22 2.51 369.22
2842 22.50 411.37 45.22 2.11 364.05
2843 23.27 474.54 50.27 2.51 364.47
2844 23.93 522.61 86.17 1.50 368.04
2845 24.38 509.38 70.46 2.81 366.12
2846 24.65 476.64 42.55 2.31 381.30
2847 24.21 354.11 25.76 1.50 398.32
2848 24.32 217.14 7.18 1.10 390.22
2849 23.78 147.00 2.81 1.30 401.04
2850 23.14 15.58 0.00 1.20 399.32
2851 22.51 6.84 0.00 1.20 379.95
2852 21.57 0.00 0.00 2.11 369.48
2853 20.63 0.00 0.00 2.31 365.22
2854 19.69 0.00 0.00 1.70 361.17
2855 18.75 0.00 0.00 1.10 355.71
2856 17.81 0.00 0.00 0.60 347.75
2857 17.08 0.00 0.00 1.10 343.04
2858 16.28 0.00 0.00 1.70 341.88
2859 15.85 0.00 0.00 2.31 337.99
2860 15.42 0.00 0.00 2.31 331.16
2861 15.11 0.00 0.00 2.51 327.56
2862 15.50 21.66 0.00 3.61 326.36
2863 17.25 193.06 612.25 3.51 328.89
2864 19.42 424.67 821.32 3.61 328.91
2865 21.65 647.21 900.53 3.31 321.18
2866 23.73 830.42 926.01 4.11 324.79
2867 25.56 960.34 935.37 4.11 327.33
2868 27.05 1026.20 936.44 4.71 333.60
2869 28.14 1024.36 936.48 3.01 333.33
2870 28.81 953.53 931.77 1.91 335.79
2871 29.04 818.55 917.44 1.30 340.05
2872 28.78 629.79 880.29 1.10 345.54
2873 27.88 407.03 791.57 1.70 349.50
2874 26.47 179.09 573.51 1.91 359.21
2875 24.84 17.52 0.00 1.70 359.64
2876 23.68 0.00 0.00 0.70 361.02
2877 22.52 0.00 0.00 0.60 360.19
2878 21.37 0.00 0.00 1.50 359.89
2879 20.21 0.00 0.00 1.91 355.83
2880 19.05 0.00 0.00 0.40 353.62
2881 17.91 0.00 0.00 0.70 350.92
2882 17.03 0.00 0.00 1.10 347.35
2883 16.54 0.00 0.00 2.20 347.54
2884 16.05 0.00 0.00 1.70 348.35
2885 15.68 0.00 0.00 1.30 347.26
2886 15.95 22.49 0.00 1.40 348.25
2887 17.11 176.25 472.93 1.00 352.98
2888 18.61 393.14 659.70 1.60 352.21
2889 20.16 601.12 738.35 2.20 349.48
2890 21.61 775.09 759.12 2.60 347.91
2891 22.87 890.80 735.67 2.60 347.70
2892 23.88 955.27 737.38 3.90 349.98
2893 24.60 946.90 715.98 4.10 351.53
2894 25.02 882.27 725.07 4.10 351.21
2895 25.14 761.50 741.02 6.00 350.79
2896 24.90 586.29 721.70 6.40 353.91
2897 24.21 380.84 657.25 6.40 353.94
2898 23.16 169.56 485.18 8.40 360.15
2899 21.95 18.73 0.00 7.60 355.41
2900 21.26 0.00 0.00 9.41 360.51
2901 20.57 0.00 0.00 8.00 362.35
2902 19.88 0.00 0.00 6.40 360.48
2903 19.19 0.00 0.00 5.50 358.75
2904 18.51 0.00 0.00 7.60 356.03
2905 18.38 0.00 0.00 6.70 359.61
2906 18.25 0.00 0.00 6.40 356.20
2907 18.18 0.00 0.00 8.40 351.57
2908 18.11 0.00 0.00 6.70 348.92
2909 18.06 0.00 0.00 4.40 350.07
2910 18.50 24.27 10.63 4.60 353.14
2911 19.86 169.23 366.24 5.10 354.61
2912 21.55 368.72 532.08 4.10 352.45
2913 23.34 570.25 627.97 4.10 350.97
2914 25.05 743.35 646.69 5.70 352.65
2915 26.56 858.72 628.33 5.70 351.56
2916 27.75 902.84 576.09 5.70 353.77
2917 28.64 905.11 586.85 6.00 354.01
2918 29.21 846.15 609.46 6.00 357.16
2919 29.43 720.00 639.84 7.00 362.12
2920 29.28 563.61 634.37 10.21 361.28
2921 28.63 364.73 570.31 11.31 362.10
2922 27.56 158.59 398.19 10.81 368.53
2923 26.34 19.56 0.00 9.41 366.77
2924 25.37 0.00 0.00 8.00 370.28
2925 24.41 0.00 0.00 6.00 367.00
2926 23.45 0.00 0.00 7.60 363.70
2927 22.48 0.00 0.00 8.70 362.41
2928 21.52 0.00 0.00 10.21 360.55
2929 20.62 0.00 0.00 9.91 360.80
2930 19.63 0.00 0.00 8.40 358.74
2931 19.09 0.00 0.00 10.81 353.62
2932 18.55 0.00 0.00 8.00 351.39
2933 18.16 0.00 0.00 6.40 350.93
2934 18.45 23.15 0.00 6.70 351.17
2935 19.40 149.04 232.23 8.00 355.68
2936 20.58 317.24 315.49 6.00 354.62
2937 21.87 498.33 374.55 7.20 352.02
2938 23.07 639.94 375.92 6.00 356.13
2939 24.26 791.43 519.39 5.70 358.11
2940 25.32 892.90 574.52 7.00 358.66
2941 25.97 834.74 500.99 5.50 361.49
2942 26.34 768.96 483.33 4.90 362.06
2943 26.46 668.86 485.19 4.60 361.71
2944 26.21 497.07 399.29 5.30 364.69
2945 25.62 335.50 404.28 4.60 365.17
2946 24.72 154.60 324.72 4.40 370.38
2947 23.66 20.08 0.00 4.60 369.97
2948 23.06 0.00 0.00 4.40 375.57
2949 22.46 0.00 0.00 5.50 374.79
2950 21.85 0.00 0.00 4.40 376.63
2951 21.25 0.00 0.00 4.60 377.53
2952 20.65 0.00 0.00 2.40 379.05
2953 20.53 0.00 0.00 2.60 376.91
2954 20.39 0.00 0.00 3.00 375.82
2955 20.31 0.00 0.00 4.10 374.21
2956 20.23 0.00 0.00 4.90 372.36
2957 20.17 0.00 0.00 4.60 377.95
2958 20.60 23.57 0.00 5.50 380.59
2959 21.53 124.02 97.16 5.10 384.10
2960 22.97 304.93 183.22 3.70 377.07
2961 24.59 497.27 337.37 3.50 374.68
2962 26.62 778.95 679.89 3.90 368.39
2963 28.30 883.31 610.71 4.40 369.57
2964 28.11 376.98 47.94 5.10 396.89
2965 28.50 600.23 167.79 6.40 386.18
2966 29.07 727.78 346.55 6.70 379.01
2967 29.28 604.32 317.10 6.70 377.43
2968 29.22 480.25 341.45 5.50 378.95
2969 28.74 322.07 347.90 5.50 378.64
2970 27.90 147.57 271.71 5.50 383.26
2971 26.88 17.62 0.00 5.50 385.13
2972 26.09 0.00 0.00 4.60 387.36
2973 25.29 0.00 0.00 3.70 383.68
2974 24.50 0.00 0.00 3.70 386.35
2975 23.71 0.00 0.00 4.40 383.88
2976 22.91 0.00 0.00 4.10 381.97
2977 22.25 0.00 0.00 2.60 380.24
2978 21.52 0.00 0.00 1.70 377.50
2979 21.11 0.00 0.00 3.00 374.93
2980 20.71 0.00 0.00 3.50 374.68
2981 20.42 0.00 0.00 2.40 374.98
2982 20.82 27.25 28.69 2.40 376.84
2983 22.16 189.29 498.27 3.50 382.07
2984 23.74 392.20 615.74 2.00 379.87
2985 25.38 594.84 684.95 3.20 374.17
2986 26.94 769.94 717.34 3.70 373.28
2987 28.30 885.74 699.84 4.10 379.93
2988 29.39 943.39 681.64 6.00 378.74
2989 30.19 943.19 689.01 6.70 375.56
2990 30.67 880.40 704.82 5.70 376.49
2991 30.83 756.58 708.11 6.40 381.08
2992 30.63 590.57 718.16 7.00 378.57
2993 29.95 387.82 664.44 8.00 376.42
2994 28.88 177.07 499.03 8.70 382.53
2995 27.63 21.38 0.00 5.70 382.56
2996 26.86 0.00 0.00 5.50 386.03
2997 26.10 0.00 0.00 5.30 380.62
2998 25.33 0.00 0.00 4.10 376.24
2999 24.57 0.00 0.00 4.60 375.01
3000 23.80 0.00 0.00 3.70 372.23
3001 23.44 0.00 0.00 2.80 369.99
3002 23.04 0.00 0.00 3.20 367.28
3003 22.82 0.00 0.00 3.70 366.74
3004 22.60 0.00 0.00 3.50 363.56
3005 22.44 0.00 0.00 3.00 366.81
3006 22.88 26.90 26.22 2.40 369.73
3007 24.55 221.33 640.04 2.20 377.62
3008 26.30 429.90 726.86 3.50 376.95
3009 27.99 618.11 709.66 3.00 375.15
3010 29.28 701.19 515.66 2.60 378.46
3011 30.18 720.28 355.17 2.20 383.25
3012 30.71 677.73 228.96 3.50 391.16
3013 31.10 680.22 180.23 1.30 389.43
3014 31.40 685.16 282.24 1.30 386.69
3015 31.42 562.94 252.22 2.20 389.06
3016 30.96 378.07 132.24 2.20 393.73
3017 30.39 306.66 291.34 2.40 391.39
3018 29.51 135.92 147.55 1.90 394.47
3019 28.51 20.65 0.00 1.30 395.36
3020 27.59 0.00 0.00 1.20 398.07
3021 26.67 0.00 0.00 1.70 395.99
3022 25.75 0.00 0.00 3.00 393.12
3023 24.83 0.00 0.00 4.10 394.03
3024 23.91 0.00 0.00 6.00 391.50
3025 23.21 0.00 0.00 4.40 387.40
3026 22.45 0.00 0.00 3.00 382.94
3027 22.04 0.00 0.00 2.40 383.45
3028 21.63 0.00 0.00 2.80 383.06
3029 21.34 0.00 0.00 2.40 386.55
3030 21.77 27.98 27.96 2.00 385.68
3031 22.87 158.51 246.77 2.80 388.42
3032 24.20 329.69 316.29 4.10 386.25
3033 25.53 485.65 317.73 4.10 382.31
3034 26.76 614.09 312.75 4.40 386.15
3035 27.98 758.97 445.49 4.40 384.46
3036 29.09 857.72 511.15 4.90 382.46
3037 29.76 792.79 404.62 5.70 387.18
3038 30.25 778.70 507.22 5.70 388.26
3039 30.68 814.70 777.42 6.40 378.40
3040 30.82 689.35 911.52 5.70 377.79
3041 30.46 453.05 886.57 5.30 379.21
3042 29.58 208.94 683.97 4.60 384.10
3043 28.42 30.17 72.35 4.90 382.97
3044 27.49 0.00 0.00 4.10 379.87
3045 26.55 0.00 0.00 3.70 378.34
3046 25.61 0.00 0.00 3.20 376.25
3047 24.68 0.00 0.00 3.50 370.08
3048 23.74 0.00 0.00 3.70 370.67
3049 23.15 0.00 0.00 4.40 368.28
3050 22.52 0.00 0.00 4.60 370.89
3051 22.18 0.00 0.00 4.60 370.60
3052 21.83 0.00 0.00 4.10 369.68
3053 21.59 0.00 0.00 3.90 371.46
3054 22.07 29.49 38.64 3.00 375.16
3055 23.70 219.48 626.26 2.00 377.27
3056 25.36 413.86 651.86 1.60 379.07
3057 26.91 581.60 577.91 1.70 377.73
3058 28.79 854.07 810.04 1.00 372.88
3059 30.00 844.68 607.15 1.20 379.95
3060 31.18 976.14 736.29 1.30 379.45
3061 32.16 1023.23 878.22 1.10 379.39
3062 32.86 995.85 984.29 1.20 378.39
3063 33.20 882.85 992.42 1.40 375.81
3064 33.16 687.19 959.50 2.40 378.00
3065 32.54 452.66 884.25 4.10 376.26
3066 31.44 210.02 675.97 5.10 383.55
3067 30.11 31.10 78.29 6.00 382.23
3068 29.03 0.00 0.00 4.10 386.30
3069 27.95 0.00 0.00 4.10 382.99
3070 26.88 0.00 0.00 4.40 376.91
3071 25.80 0.00 0.00 3.50 376.09
3072 24.72 0.00 0.00 3.70 377.41
3073 23.91 0.00 0.00 2.80 375.91
3074 23.03 0.00 0.00 1.90 373.01
3075 22.54 0.00 0.00 2.80 371.64
3076 22.06 0.00 0.00 3.50 372.28
3077 21.71 0.00 0.00 2.00 373.61
3078 22.14 30.30 43.29 2.00 376.11
3079 23.31 177.18 374.89 2.00 377.79
3080 24.81 382.28 532.09 1.90 378.10
3081 26.36 579.03 615.45 1.70 374.58
3082 27.83 748.27 629.12 2.00 373.59
3083 29.12 866.64 625.56 2.00 375.54
3084 30.18 934.56 640.85 3.20 370.77
3085 30.96 932.89 644.39 2.40 369.93
3086 31.42 869.84 658.69 3.20 372.22
3087 31.58 749.87 671.47 4.10 373.13
3088 31.38 581.44 666.18 4.10 373.97
3089 30.71 381.73 596.71 3.50 379.70
3090 29.67 169.55 414.69 3.00 388.79
3091 28.46 24.07 7.71 1.70 389.18
3092 27.66 0.00 0.00 1.40 396.02
3093 26.87 0.00 0.00 1.30 396.10
3094 26.07 0.00 0.00 0.40 395.05
3095 25.28 0.00 0.00 0.70 392.25
3096 24.48 0.00 0.00 1.90 390.56
3097 24.14 0.00 0.00 2.40 386.04
3098 23.77 0.00 0.00 2.60 385.43
3099 23.57 0.00 0.00 2.80 383.44
3100 23.36 0.00 0.00 3.50 381.35
3101 23.22 0.00 0.00 1.90 385.38
3102 23.76 31.89 55.55 1.10 386.34
3103 25.12 187.91 431.10 1.30 389.74
3104 26.78 395.04 594.59 2.00 387.95
3105 28.44 585.44 615.24 1.20 382.49
3106 29.90 716.15 548.44 1.70 385.58
3107 31.02 771.21 468.67 2.20 391.19
3108 31.78 759.50 325.86 2.40 392.45
3109 32.42 793.48 407.25 2.40 392.65
3110 32.89 782.11 510.72 3.00 389.97
3111 33.11 697.49 539.18 2.80 391.03
3112 32.80 470.42 299.44 3.90 395.75
3113 32.10 295.98 162.52 4.60 403.26
3114 31.12 132.58 117.94 3.50 405.30
3115 30.04 23.41 0.00 2.60 401.91
3116 29.12 0.00 0.00 2.00 399.60
3117 28.20 0.00 0.00 3.20 398.67
3118 27.28 0.00 0.00 3.00 396.03
3119 26.35 0.00 0.00 2.80 396.98
3120 25.43 0.00 0.00 3.70 391.86
3121 24.67 0.00 0.00 2.40 393.72
3122 23.83 0.00 0.00 3.50 388.07
3123 23.37 0.00 0.00 3.50 385.74
3124 22.91 0.00 0.00 2.80 383.36
3125 22.58 0.00 0.00 3.20 383.52
3126 22.98 27.94 13.24 2.20 385.07
3127 23.99 153.09 141.47 2.60 385.18
3128 25.30 330.40 316.81 3.50 383.47
3129 26.49 463.28 231.69 3.00 386.19
3130 27.81 647.96 374.95 2.20 383.51
3131 28.89 725.01 357.31 2.40 386.18
3132 29.66 735.56 289.79 2.80 393.49
3133 30.60 908.73 527.73 2.20 388.62
3134 31.37 942.56 822.87 3.50 386.33
3135 31.75 810.11 863.37 3.50 391.18
3136 31.75 624.88 794.93 3.00 395.65
3137 31.24 405.63 657.48 4.10 404.43
3138 30.30 185.80 437.11 4.10 409.29
3139 29.15 29.32 59.09 3.00 412.81
3140 28.59 0.00 0.00 1.70 419.02
3141 28.02 0.00 0.00 1.90 423.91
3142 27.46 0.00 0.00 1.60 424.23
3143 26.89 0.00 0.00 1.40 419.63
3144 26.33 0.00 0.00 1.00 420.55
3145 26.19 0.00 0.00 0.70 420.34
3146 26.08 0.00 0.00 0.60 424.63
3147 26.02 0.00 0.00 0.70 427.36
3148 26.02 0.00 0.00 0.30 432.93
3149 25.99 0.00 0.00 0.20 436.43
3150 26.13 6.23 0.00 0.40 440.12
3151 26.33 25.96 0.00 0.30 443.17
3152 26.74 85.99 0.00 1.10 440.90
3153 26.98 136.71 0.00 1.40 442.07
3154 27.54 146.19 0.15 1.30 442.82
3155 27.45 74.87 0.00 1.40 449.14
3156 27.77 167.77 2.33 1.90 445.93
3157 28.00 289.05 6.52 2.60 440.62
3158 28.54 443.71 60.40 3.90 430.97
3159 27.55 377.07 35.68 3.90 429.90
3160 27.76 287.22 26.43 4.10 431.74
3161 29.54 200.43 21.47 7.00 437.41
3162 29.51 122.80 93.75 7.20 433.99
3163 28.15 12.91 0.00 7.20 434.49
3164 28.28 0.00 0.00 6.70 434.96
3165 28.01 0.00 0.00 8.00 434.07
3166 27.00 0.00 0.00 9.41 430.08
3167 26.31 0.00 0.00 8.40 427.08
3168 25.17 0.00 0.00 8.70 424.84
3169 25.44 0.00 0.00 6.40 425.33
3170 25.11 0.00 0.00 6.00 425.69
3171 24.14 0.00 0.00 5.70 424.99
3172 24.73 0.00 0.00 4.90 429.48
3173 24.55 0.00 0.00 5.70 431.22
3174 24.55 15.16 0.00 6.00 432.04
3175 22.72 15.83 0.00 6.00 423.77
3176 24.95 71.85 0.00 4.60 427.48
3177 25.28 141.90 0.00 5.50 425.18
3178 26.30 371.71 52.76 5.30 413.53
3179 26.66 263.36 5.71 6.00 421.47
3180 26.98 335.98 22.72 6.00 420.22
3181 27.55 571.86 116.45 6.40 413.67
3182 27.64 409.02 44.80 6.40 422.10
3183 28.54 549.03 240.89 6.40 411.06
3184 28.44 247.51 26.05 6.00 417.63
3185 28.15 212.32 28.25 6.40 421.16
3186 27.71 87.79 2.24 5.70 424.86
3187 27.35 13.88 0.00 4.90 421.11
3188 27.02 0.00 0.00 3.70 422.38
3189 26.68 0.00 0.00 4.40 417.85
3190 26.34 0.00 0.00 5.50 416.96
3191 26.00 0.00 0.00 5.30 412.28
3192 25.66 0.00 0.00 5.70 408.46
3193 25.53 0.00 0.00 7.60 406.14
3194 25.39 0.00 0.00 9.01 403.23
3195 25.32 0.00 0.00 5.70 399.77
3196 25.25 0.00 0.00 5.10 397.09
3197 25.20 0.00 0.00 3.00 397.31
3198 25.70 27.33 0.22 2.80 394.72
3199 27.81 254.62 630.11 2.20 399.90
3200 29.53 419.29 581.01 2.00 408.46
3201 30.53 451.50 234.64 2.20 415.48
3202 32.21 741.49 513.61 1.90 404.02
3203 31.47 246.45 11.79 1.60 451.76
3204 30.62 204.48 4.52 1.70 450.78
3205 30.17 190.83 2.08 1.60 448.69
3206 30.03 260.49 12.71 1.20 442.68
3207 31.04 630.05 303.51 1.10 407.98
3208 32.07 703.81 767.05 1.60 393.21
3209 31.75 258.33 126.98 0.70 418.96
3210 31.03 79.97 0.00 0.90 445.30
3211 30.31 17.05 0.00 1.20 428.19
3212 29.28 0.00 0.00 1.90 431.03
3213 28.26 0.00 0.00 2.40 424.88
3214 27.23 0.00 0.00 2.60 417.63
3215 26.20 0.00 0.00 4.40 411.53
3216 25.18 0.00 0.00 4.40 403.36
3217 24.19 0.00 0.00 3.50 398.91
3218 23.10 0.00 0.00 3.90 393.76
3219 22.50 0.00 0.00 4.90 390.89
3220 21.91 0.00 0.00 4.60 387.62
3221 21.48 0.00 0.00 3.90 383.28
3222 21.99 36.43 82.14 4.90 384.53
3223 23.32 207.45 515.30 5.30 389.81
3224 24.89 422.18 675.32 6.00 385.07
3225 26.48 627.62 750.02 5.70 378.49
3226 27.95 795.46 762.76 7.20 377.27
3227 29.23 912.11 755.22 8.70 378.83
3228 30.25 970.97 743.24 7.60 379.22
3229 30.97 962.29 724.46 8.00 379.31
3230 31.38 893.02 718.96 9.01 379.77
3231 31.49 768.85 715.76 9.41 379.20
3232 31.24 599.91 707.45 9.41 380.40
3233 30.53 394.44 621.95 7.60 384.44
3234 29.46 186.12 469.92 6.00 389.72
3235 28.21 28.08 30.85 5.10 385.64
3236 27.31 0.00 0.00 4.90 388.87
3237 26.41 0.00 0.00 3.50 387.58
3238 25.52 0.00 0.00 3.90 385.26
3239 24.62 0.00 0.00 2.80 385.96
3240 23.73 0.00 0.00 2.40 382.35
3241 23.38 0.00 0.00 2.80 383.79
3242 22.99 0.00 0.00 3.50 377.22
3243 22.77 0.00 0.00 4.40 375.11
3244 22.55 0.00 0.00 3.50 373.10
3245 22.39 0.00 0.00 1.60 373.63
3246 23.04 38.54 116.85 1.60 375.43
3247 24.40 192.56 403.41 1.90 379.37
3248 26.03 391.99 531.26 1.40 378.72
3249 27.67 577.77 567.47 2.20 376.10
3250 29.24 743.25 595.05 3.00 379.69
3251 30.53 827.15 557.99 3.20 382.73
3252 31.65 910.14 617.54 2.60 382.63
3253 32.48 909.93 567.05 3.20 381.77
3254 32.99 849.80 586.35 3.50 384.63
3255 33.20 742.76 614.21 5.10 385.20
3256 32.98 557.61 566.05 4.90 386.04
3257 32.31 370.73 507.84 4.90 392.05
3258 31.27 173.05 368.44 5.10 395.33
3259 30.05 29.85 46.57 7.60 393.25
3260 29.26 0.00 0.00 6.70 398.90
3261 28.47 0.00 0.00 4.10 402.44
3262 27.68 0.00 0.00 5.30 403.54
3263 26.89 0.00 0.00 4.40 400.67
3264 26.10 0.00 0.00 4.10 400.01
3265 25.57 0.00 0.00 3.00 397.34
3266 25.03 0.00 0.00 2.40 395.24
3267 24.77 0.00 0.00 2.40 391.53
3268 24.50 0.00 0.00 3.50 390.50
3269 24.32 0.00 0.00 4.60 394.72
3270 24.91 35.86 44.50 5.50 397.00
3271 26.10 179.70 320.71 5.30 399.54
3272 27.28 324.69 188.34 4.60 403.52
3273 28.62 505.80 335.79 5.10 397.96
3274 29.97 672.08 430.64 4.10 396.22
3275 31.35 846.21 584.53 3.90 388.09
3276 32.33 845.12 485.77 2.40 392.12
3277 33.16 889.78 547.06 1.70 388.48
3278 33.56 753.19 433.08 1.90 399.01
3279 33.85 740.04 578.73 2.60 391.50
3280 33.90 612.02 727.18 3.50 391.64
3281 33.54 424.96 693.29 3.20 390.27
3282 32.75 200.94 478.53 2.80 397.74
3283 31.74 35.60 117.16 3.70 394.93
3284 30.63 0.00 0.00 2.60 400.22
3285 29.53 0.00 0.00 2.80 400.10
3286 28.42 0.00 0.00 2.20 393.26
3287 27.31 0.00 0.00 1.90 392.44
3288 26.20 0.00 0.00 2.00 391.60
3289 25.08 0.00 0.00 2.20 390.69
3290 23.85 0.00 0.00 2.40 386.67
3291 23.18 0.00 0.00 3.90 386.52
3292 22.51 0.00 0.00 4.10 384.86
3293 22.02 0.00 0.00 3.70 383.13
3294 22.57 39.90 124.57 3.00 388.01
3295 23.74 195.63 413.38 2.60 385.77
3296 25.28 419.89 563.31 1.90 382.97
3297 26.50 541.46 405.13 2.20 384.93
3298 27.97 778.39 651.83 2.40 384.40
3299 29.07 837.33 564.91 4.10 387.34
3300 30.17 986.98 744.60 3.90 385.22
3301 30.97 983.46 767.17 4.90 385.73
3302 31.32 848.90 609.76 5.10 392.90
3303 31.50 806.09 774.32 6.40 389.42
3304 31.34 624.34 756.19 4.90 388.09
3305 30.68 409.35 622.31 4.60 392.18
3306 29.65 193.36 413.02 3.70 396.70
3307 28.42 34.73 100.75 4.90 395.60
3308 27.60 0.00 0.00 3.00 399.12
3309 26.77 0.00 0.00 1.70 398.02
3310 25.94 0.00 0.00 1.60 397.00
3311 25.12 0.00 0.00 2.80 398.84
3312 24.29 0.00 0.00 2.20 398.23
3313 24.10 0.00 0.00 2.80 395.80
3314 23.93 0.00 0.00 4.10 395.25
3315 23.86 0.00 0.00 4.60 398.17
3316 23.79 0.00 0.00 5.10 396.77
3317 23.75 0.00 0.00 5.70 403.10
3318 24.09 23.57 0.00 4.60 405.04
3319 25.42 219.03 404.72 4.60 386.22
3320 26.88 446.67 642.16 5.30 383.78
3321 28.12 594.49 575.45 3.20 381.65
3322 28.95 623.73 303.76 3.70 392.96
3323 29.46 594.84 199.71 3.20 402.25
3324 29.30 360.13 37.02 2.20 418.41
3325 28.61 162.78 2.06 3.00 440.48
3326 28.42 281.43 6.30 3.00 417.77
3327 27.86 107.97 0.00 3.20 422.36
3328 27.47 157.81 0.00 2.40 429.17
3329 26.93 32.09 0.00 2.00 435.57
3330 26.40 15.22 0.00 2.80 432.85
3331 24.72 3.05 0.00 3.00 429.02
3332 25.21 0.00 0.00 2.60 429.83
3333 25.11 0.00 0.00 2.80 428.98
3334 24.91 0.00 0.00 2.60 429.22
3335 24.74 0.00 0.00 3.20 423.21
3336 24.34 0.00 0.00 2.80 420.58
3337 24.03 0.00 0.00 2.40 421.78
3338 23.52 0.00 0.00 2.20 417.19
3339 23.26 0.00 0.00 2.80 412.47
3340 22.99 0.00 0.00 1.90 411.08
3341 22.80 0.00 0.00 1.60 408.54
3342 23.26 26.40 0.00 1.10 409.97
3343 24.28 141.75 80.15 0.70 402.82
3344 25.31 258.83 89.30 0.40 404.38
3345 26.82 477.65 267.75 1.40 399.06
3346 28.15 600.71 271.47 2.00 393.47
3347 29.04 602.02 182.65 1.70 398.57
3348 30.08 758.54 319.26 1.60 390.96
3349 30.58 643.64 184.49 1.20 396.89
3350 31.10 709.10 329.03 1.90 392.50
3351 31.53 717.92 543.70 2.40 383.98
3352 31.73 635.31 717.29 1.40 377.38
3353 31.42 394.81 586.03 2.80 384.52
3354 30.68 199.79 441.15 3.50 387.49
3355 29.68 37.24 123.04 2.40 389.38
3356 28.55 0.00 0.00 2.20 389.34
3357 27.42 0.00 0.00 2.00 389.44
3358 26.29 0.00 0.00 2.20 388.63
3359 25.16 0.00 0.00 2.40 384.62
3360 24.03 0.00 0.00 3.00 381.85
3361 23.06 0.00 0.00 1.90 384.02
3362 22.02 0.00 0.00 1.30 379.80
3363 21.46 0.00 0.00 1.70 379.64
3364 20.90 0.00 0.00 1.70 380.41
3365 20.51 0.00 0.00 0.90 378.80
3366 20.99 34.17 30.26 0.70 380.07
3367 21.92 157.91 127.27 1.00 378.45
3368 23.09 325.12 182.09 1.60 373.77
3369 24.51 541.05 415.09 1.20 365.26
3370 25.87 705.42 506.48 0.70 368.53
3371 26.89 754.71 408.07 0.40 373.51
3372 27.98 920.97 533.96 0.40 369.15
3373 28.54 805.67 420.57 0.20 375.62
3374 28.91 778.36 510.01 0.10 374.89
3375 29.03 674.84 460.05 0.90 374.16
3376 28.75 488.66 317.86 1.10 375.97
3377 28.19 347.44 373.37 0.90 374.00
3378 27.28 150.35 164.13 0.70 384.83
3379 26.25 32.30 38.37 0.60 379.56
3380 25.21 0.00 0.00 0.30 381.46
3381 24.17 0.00 0.00 0.20 380.07
3382 23.12 0.00 0.00 0.30 378.81
3383 22.08 0.00 0.00 0.90 375.14
3384 21.04 0.00 0.00 1.10 373.03
3385 20.41 0.00 0.00 1.40 370.39
3386 19.71 0.00 0.00 1.10 370.65
3387 19.33 0.00 0.00 1.10 368.60
3388 18.94 0.00 0.00 1.10 368.31
3389 18.66 0.00 0.00 0.90 365.53
3390 19.33 41.77 121.82 0.90 368.21
3391 20.73 208.89 473.42 0.90 365.94
3392 22.36 414.75 602.88 1.30 367.75
3393 24.04 617.38 672.09 1.70 365.52
3394 25.61 785.33 710.80 1.60 366.37
3395 26.99 907.09 725.65 1.70 367.47
3396 28.07 952.89 672.06 2.60 367.91
3397 28.87 955.73 690.13 3.50 366.58
3398 29.37 903.10 737.66 4.10 370.01
3399 29.53 770.41 700.20 4.60 367.86
3400 29.31 600.78 681.76 3.70 369.68
3401 28.61 398.12 594.55 2.00 375.31
3402 27.54 191.94 444.37 2.20 379.41
3403 26.27 33.39 62.53 2.00 375.75
3404 25.34 0.00 0.00 1.90 377.99
3405 24.42 0.00 0.00 1.30 376.32
3406 23.49 0.00 0.00 1.60 377.73
3407 22.57 0.00 0.00 1.10 375.04
3408 21.64 0.00 0.00 1.20 374.30
3409 21.10 0.00 0.00 0.90 374.56
3410 20.50 0.00 0.00 0.90 374.13
3411 20.18 0.00 0.00 0.70 375.61
3412 19.85 0.00 0.00 0.90 372.78
3413 19.62 0.00 0.00 0.30 368.87
3414 20.24 37.30 47.75 0.40 368.51
3415 21.36 166.83 151.45 0.20 365.74
3416 22.71 334.19 290.04 0.10 364.34
3417 24.13 504.48 334.78 0.00 358.61
3418 25.55 666.31 397.97 1.10 354.57
3419 26.83 783.99 485.72 1.60 357.09
3420 27.77 798.27 399.21 1.10 359.40
3421 28.33 743.43 293.86 1.00 363.51
3422 28.89 809.33 527.55 0.90 360.94
3423 29.14 705.71 554.65 1.10 366.23
3424 29.07 547.23 485.37 1.00 370.95
3425 28.67 418.61 652.00 0.70 363.28
3426 27.83 212.28 489.48 0.60 366.28
3427 26.73 41.86 167.66 0.60 364.51
3428 25.67 0.00 0.00 1.00 369.07
3429 24.61 0.00 0.00 0.70 366.62
3430 23.55 0.00 0.00 0.60 367.57
3431 22.49 0.00 0.00 0.60 365.27
3432 21.43 0.00 0.00 1.00 365.51
3433 20.66 0.00 0.00 1.00 364.67
3434 19.82 0.00 0.00 1.20 365.66
3435 19.36 0.00 0.00 1.30 364.43
3436 18.91 0.00 0.00 2.40 365.47
3437 18.58 0.00 0.00 3.20 366.48
3438 19.10 35.12 42.66 4.90 371.84
3439 20.74 234.91 458.77 4.90 361.36
3440 21.68 314.01 206.81 5.10 370.98
3441 21.55 182.00 7.25 4.90 382.60
3442 22.27 429.54 80.64 5.50 382.15
3443 22.26 255.31 5.50 6.70 381.40
3444 22.48 358.76 17.96 6.70 373.04
3445 22.66 381.66 25.41 7.60 368.95
3446 22.77 367.04 44.60 6.00 372.85
3447 23.53 776.87 603.94 8.00 344.78
3448 24.00 681.68 780.42 6.70 341.40
3449 23.99 412.53 619.19 7.20 345.18
3450 23.59 220.79 505.22 7.20 348.15
3451 22.84 35.00 71.19 7.20 350.79
3452 22.13 0.00 0.00 8.40 351.92
3453 21.41 0.00 0.00 9.41 353.86
3454 20.69 0.00 0.00 8.40 355.79
3455 19.97 0.00 0.00 7.60 353.64
3456 19.25 0.00 0.00 7.60 355.51
3457 18.95 0.00 0.00 6.00 356.19
3458 18.57 0.00 0.00 5.10 353.36
3459 18.35 0.00 0.00 6.00 352.16
3460 18.13 0.00 0.00 7.20 349.13
3461 17.95 0.00 0.00 6.40 352.88
3462 18.63 40.13 87.86 7.00 352.44
3463 20.08 202.95 377.29 8.40 348.75
3464 21.43 349.44 295.75 8.00 352.87
3465 23.21 591.77 583.50 7.60 341.41
3466 24.79 739.66 557.72 10.41 341.81
3467 25.57 657.30 256.92 12.01 359.84
3468 25.99 615.36 147.42 13.61 367.55
3469 26.26 600.92 135.29 12.01 368.93
3470 26.56 653.98 259.72 9.91 367.02
3471 26.86 694.93 488.94 8.70 361.27
3472 26.78 512.73 368.14 7.20 367.83
3473 26.34 375.05 479.19 6.70 367.42
3474 25.50 189.77 365.84 5.50 370.42
3475 24.43 36.15 80.56 6.40 373.63
3476 23.87 0.00 0.00 7.00 377.23
3477 23.32 0.00 0.00 5.10 377.50
3478 22.77 0.00 0.00 3.20 375.72
3479 22.21 0.00 0.00 3.20 378.68
3480 21.66 0.00 0.00 1.60 378.74
3481 21.51 0.00 0.00 2.20 374.69
3482 21.38 0.00 0.00 1.60 378.19
3483 21.32 0.00 0.00 2.00 378.20
3484 21.26 0.00 0.00 2.80 381.44
3485 21.23 0.00 0.00 2.80 385.53
3486 21.87 32.45 18.37 3.90 386.38
3487 22.20 99.84 2.78 4.40 395.57
3488 22.91 123.08 0.00 5.30 400.45
3489 22.88 75.98 0.00 3.90 401.07
3490 22.82 72.24 0.00 4.10 408.74
3491 22.83 110.31 0.00 4.10 407.06
3492 23.98 524.64 90.93 3.90 394.93
3493 25.36 631.92 165.59 3.20 379.33
3494 26.29 641.61 240.29 3.00 372.78
3495 27.11 672.58 412.93 4.60 368.96
3496 26.42 364.01 96.60 4.90 395.79
3497 27.19 281.65 137.83 4.10 408.22
3498 26.71 106.44 17.38 3.70 404.18
3499 26.11 22.30 0.00 2.40 387.69
3500 25.54 0.00 0.00 1.40 387.72
3501 24.93 0.00 0.00 1.70 399.69
3502 24.40 0.00 0.00 1.10 403.69
3503 23.76 0.00 0.00 0.90 395.96
3504 23.16 0.00 0.00 1.60 391.85
3505 22.59 0.00 0.00 1.90 391.28
3506 21.88 0.00 0.00 2.20 386.51
3507 21.49 0.00 0.00 3.20 383.72
3508 21.11 0.00 0.00 4.60 380.95
3509 20.83 0.00 0.00 4.40 378.83
3510 21.49 40.66 65.05 3.00 382.21
3511 22.55 169.05 145.32 3.00 380.81
3512 24.08 376.93 414.52 3.70 362.91
3513 25.48 528.50 391.00 3.50 365.84
3514 26.57 605.60 273.81 3.20 371.21
3515 27.51 686.71 228.27 3.50 374.98
3516 28.43 789.49 362.99 4.90 371.94
3517 29.30 880.42 522.86 4.40 369.75
3518 29.95 872.13 615.16 3.90 367.80
3519 30.28 769.86 669.33 2.60 368.10
3520 30.22 569.53 548.44 1.70 375.02
3521 29.64 361.58 400.59 1.40 379.21
3522 28.70 166.68 255.11 3.00 384.93
3523 27.61 36.26 54.56 3.50 384.02
3524 26.60 0.00 0.00 2.20 387.50
3525 25.60 0.00 0.00 4.40 385.59
3526 24.59 0.00 0.00 3.00 381.46
3527 23.59 0.00 0.00 2.00 379.23
3528 22.58 0.00 0.00 0.60 377.72
3529 21.88 0.00 0.00 1.40 375.49
3530 21.11 0.00 0.00 1.10 369.31
3531 20.68 0.00 0.00 1.10 368.30
3532 20.24 0.00 0.00 1.00 365.93
3533 19.93 0.00 0.00 0.90 364.32
3534 20.64 44.97 152.27 0.70 364.51
3535 22.00 209.75 448.26 0.70 358.59
3536 23.60 415.38 605.39 0.20 357.51
3537 25.24 616.49 674.62 0.70 356.20
3538 26.71 763.43 633.02 0.60 356.43
3539 27.98 870.30 605.45 1.30 358.52
3540 28.97 917.27 565.10 1.70 361.74
3541 29.71 920.52 578.45 2.20 364.61
3542 30.16 867.85 615.00 2.20 361.27
3543 30.32 764.97 666.35 3.70 357.26
3544 30.14 600.75 659.36 3.20 358.94
3545 29.49 408.57 611.16 2.40 358.21
3546 28.46 201.74 465.95 2.80 365.78
3547 27.21 38.91 106.16 3.00 374.15
3548 26.36 0.00 0.00 2.00 377.75
3549 25.50 0.00 0.00 1.60 379.54
3550 24.65 0.00 0.00 2.40 379.36
3551 23.80 0.00 0.00 2.00 380.35
3552 22.94 0.00 0.00 3.50 377.81
3553 22.54 0.00 0.00 3.90 381.40
3554 22.14 0.00 0.00 2.60 386.75
3555 21.93 0.00 0.00 1.90 388.56
3556 21.72 0.00 0.00 2.80 390.05
3557 21.57 0.00 0.00 3.20 390.09
3558 22.02 28.12 0.00 3.90 389.03
3559 22.68 111.65 10.33 4.60 388.74
3560 23.77 272.35 103.58 4.10 381.71
3561 25.29 517.16 331.06 5.50 373.42
3562 26.39 575.29 236.09 4.60 381.14
3563 27.27 629.30 246.64 4.40 380.79
3564 28.85 1044.25 723.65 4.10 362.86
3565 29.01 540.59 102.91 4.10 389.62
3566 29.01 471.59 72.75 4.10 387.67
3567 28.22 179.54 11.35 2.40 401.77
3568 28.28 466.23 274.79 3.20 378.98
3569 27.63 161.16 5.96 3.00 397.24
3570 26.87 64.28 0.00 3.50 399.16
3571 26.10 5.84 0.00 2.40 401.95
3572 25.42 0.00 0.00 2.40 403.58
3573 24.74 0.00 0.00 2.20 406.43
3574 24.06 0.00 0.00 2.80 404.76
3575 23.38 0.00 0.00 3.50 401.99
3576 22.70 0.00 0.00 3.20 397.38
3577 21.62 0.00 0.00 1.70 403.12
3578 21.38 0.00 0.00 2.40 400.81
3579 20.93 0.00 0.00 1.90 397.35
3580 20.67 0.00 0.00 3.00 397.64
3581 20.51 0.00 0.00 3.90 393.14
3582 20.91 23.84 0.00 4.10 391.61
3583 20.85 17.23 0.00 3.90 401.47
3584 20.90 33.77 0.00 4.90 403.03
3585 21.37 140.31 0.00 5.30 393.99
3586 22.00 245.11 11.57 7.20 392.40
3587 23.51 629.81 247.32 5.70 373.77
3588 24.37 543.97 91.34 6.70 380.53
3589 25.40 724.70 291.33 7.00 370.26
3590 26.25 754.65 420.49 6.40 364.81
3591 26.61 568.84 234.97 3.70 372.13
3592 26.47 324.11 46.90 3.00 386.00
3593 26.19 260.95 106.77 3.50 388.01
3594 25.87 220.64 415.66 3.20 372.55
3595 25.20 34.72 49.27 4.40 387.94
3596 24.60 0.00 0.00 4.10 388.42
3597 24.00 0.00 0.00 3.90 385.89
3598 23.39 0.00 0.00 5.50 384.69
3599 22.79 0.00 0.00 4.90 382.07
3600 22.19 0.00 0.00 3.70 379.25
3601 21.72 0.00 0.00 2.80 374.37
3602 21.19 0.00 0.00 1.20 377.21
3603 20.89 0.00 0.00 1.40 375.86
3604 20.60 0.00 0.00 1.60 373.18
3605 20.39 0.00 0.00 1.70 370.16
3606 21.18 46.63 146.11 2.00 370.66
3607 22.39 185.51 294.05 3.50 371.47
3608 23.89 370.01 398.75 2.40 371.95
3609 25.46 557.53 484.50 1.90 367.53
3610 27.02 731.76 551.72 1.40 365.91
3611 28.42 855.12 626.58 2.00 363.50
3612 29.57 920.36 571.31 2.40 365.48
3613 30.44 928.78 597.93 2.80 366.51
3614 30.94 849.23 590.74 1.70 365.09
3615 31.25 804.27 740.83 1.30 365.28
3616 31.19 628.15 727.22 1.10 365.07
3617 30.60 419.36 597.64 0.60 368.61
3618 29.59 208.16 400.44 0.40 376.20
3619 28.35 45.75 136.83 0.40 376.25
3620 27.45 0.00 0.00 0.30 380.82
3621 26.54 0.00 0.00 0.60 379.95
3622 25.64 0.00 0.00 0.60 379.83
3623 24.73 0.00 0.00 0.60 382.06
3624 23.83 0.00 0.00 0.30 382.04
3625 23.65 0.00 0.00 0.10 407.83
3626 23.01 0.00 0.00 0.10 405.77
3627 22.67 0.00 0.00 0.10 404.75
3628 22.32 0.00 0.00 0.20 403.74
3629 22.07 0.00 0.00 0.20 403.32
3630 22.53 30.37 0.00 0.00 407.27
3631 22.85 75.31 0.00 0.00 414.61
3632 24.03 271.53 101.26 0.10 405.86
3633 25.14 401.52 122.70 0.30 404.04
3634 26.02 470.01 105.29 0.90 406.09
3635 27.17 677.71 281.84 0.60 395.34
3636 28.07 715.69 206.28 0.90 396.88
3637 28.85 772.86 341.05 1.20 391.96
3638 29.62 864.42 550.59 0.60 388.07
3639 30.09 789.96 724.22 1.40 383.90
3640 30.25 642.17 774.01 0.80 384.75
3641 29.97 427.74 643.71 0.90 389.43
3642 29.24 206.35 458.10 1.90 396.93
3643 28.28 48.36 171.56 3.40 401.03
3644 27.62 0.00 0.00 2.70 402.83
3645 26.95 0.00 0.00 3.40 403.08
3646 26.28 0.00 0.00 3.70 401.73
3647 25.62 0.00 0.00 2.70 402.46
3648 24.95 0.00 0.00 2.10 397.69
3649 24.59 0.00 0.00 1.40 399.64
3650 24.18 0.00 0.00 2.10 398.74
3651 23.95 0.00 0.00 2.40 397.36
3652 23.72 0.00 0.00 3.40 399.63
3653 23.55 0.00 0.00 1.20 398.45
3654 24.26 46.23 146.49 1.00 403.20
3655 25.64 220.68 495.22 0.90 393.76
3656 27.14 417.02 571.72 0.70 394.78
3657 28.66 608.52 643.90 0.50 389.35
3658 30.06 764.10 633.49 0.10 393.89
3659 31.22 853.56 595.08 0.20 395.00
3660 31.28 555.45 99.15 0.30 428.81
3661 31.36 550.56 96.95 0.20 434.68
3662 31.41 541.26 120.33 0.80 419.35
3663 31.25 465.17 89.97 0.90 405.19
3664 30.81 351.34 65.46 0.90 406.25
3665 30.18 242.79 53.84 1.30 407.89
3666 29.21 113.35 13.85 0.80 425.62
3667 28.48 25.83 0.00 0.80 413.48
3668 27.82 0.00 0.00 1.40 414.48
3669 27.17 0.00 0.00 1.90 408.07
3670 26.51 0.00 0.00 2.70 405.63
3671 25.85 0.00 0.00 2.40 403.98
3672 25.19 0.00 0.00 3.10 397.23
3673 24.82 0.00 0.00 4.40 396.36
3674 24.43 0.00 0.00 4.00 398.47
3675 24.22 0.00 0.00 5.90 396.45
3676 24.01 0.00 0.00 5.90 394.97
3677 23.86 0.00 0.00 5.20 392.11
3678 24.66 47.72 162.58 4.20 390.00
3679 25.76 176.30 160.32 5.20 389.88
3680 27.14 355.47 332.61 4.90 388.46
3681 28.65 545.86 435.19 5.00 387.47
3682 30.01 682.32 468.20 4.60 390.01
3683 31.27 805.12 514.97 4.20 390.38
3684 32.44 916.44 531.41 4.60 388.44
3685 33.39 954.94 660.35 5.50 388.48
3686 33.96 869.83 579.31 5.70 390.45
3687 34.07 672.70 432.76 5.50 395.46
3688 33.87 537.37 411.19 4.40 396.97
3689 33.26 363.16 394.30 3.10 399.66
3690 32.32 175.13 258.74 3.70 403.80
3691 31.23 40.47 88.83 3.10 406.58
3692 30.20 0.00 0.00 3.10 409.97
3693 29.18 0.00 0.00 2.90 408.31
3694 28.15 0.00 0.00 1.80 407.62
3695 27.13 0.00 0.00 1.40 405.14
3696 26.10 0.00 0.00 0.70 402.08
3697 25.23 0.00 0.00 0.50 399.11
3698 24.27 0.00 0.00 0.50 394.48
3699 23.75 0.00 0.00 1.40 394.29
3700 23.23 0.00 0.00 1.00 392.75
3701 22.85 0.00 0.00 0.90 394.20
3702 23.46 44.20 107.18 1.30 398.33
3703 24.47 183.04 245.36 1.00 395.71
3704 25.60 344.88 298.74 0.90 392.12
3705 26.96 555.93 460.75 0.50 385.29
3706 28.23 711.83 512.35 0.70 387.24
3707 29.45 865.50 578.99 1.40 382.31
3708 30.40 913.37 524.55 1.80 380.58
3709 30.85 788.78 362.09 1.90 394.50
3710 31.14 761.39 455.17 1.60 394.78
3711 31.20 669.78 440.21 3.40 394.78
3712 30.98 526.62 381.93 3.40 390.21
3713 30.28 303.80 140.21 3.10 396.62
3714 29.37 157.08 117.43 3.40 396.75
3715 28.35 40.87 109.17 3.40 397.69
3716 27.62 0.00 0.00 3.10 396.19
3717 26.89 0.00 0.00 2.90 392.12
3718 26.16 0.00 0.00 2.40 393.95
3719 25.42 0.00 0.00 2.70 389.76
3720 24.69 0.00 0.00 3.70 389.45
3721 24.44 0.00 0.00 3.40 390.70
3722 24.16 0.00 0.00 2.40 388.19
3723 24.01 0.00 0.00 2.90 388.22
3724 23.86 0.00 0.00 1.90 389.38
3725 23.75 0.00 0.00 1.90 388.39
3726 24.41 37.59 36.82 1.80 386.21
3727 25.38 148.10 96.65 2.70 386.16
3728 26.99 363.14 327.38 1.60 384.11
3729 28.19 452.09 191.48 2.40 385.88
3730 29.28 557.94 203.56 2.40 385.43
3731 30.34 669.13 205.96 2.40 386.62
3732 31.32 759.69 316.94 2.40 384.21
3733 32.41 921.21 544.31 1.00 380.07
3734 33.13 856.12 543.31 1.30 379.93
3735 33.33 654.32 362.31 3.10 385.13
3736 33.34 567.36 534.70 2.70 377.40
3737 32.93 392.36 472.92 1.60 376.87
3738 32.13 207.07 392.85 3.70 385.56
3739 31.09 46.65 162.03 2.40 393.76
3740 30.19 0.00 0.00 1.90 397.43
3741 29.29 0.00 0.00 1.90 396.75
3742 28.39 0.00 0.00 0.80 397.19
3743 27.49 0.00 0.00 0.50 397.26
3744 26.59 0.00 0.00 1.20 391.33
3745 25.83 0.00 0.00 2.10 387.85
3746 25.00 0.00 0.00 4.20 387.18
3747 24.55 0.00 0.00 3.40 387.78
3748 24.10 0.00 0.00 2.70 391.24
3749 23.77 0.00 0.00 1.20 391.29
3750 24.46 47.19 135.75 0.80 393.30
3751 25.59 196.67 348.96 0.70 390.29
3752 27.07 408.43 558.57 1.20 387.18
3753 28.48 584.35 560.21 2.40 386.23
3754 29.71 712.85 514.67 2.90 388.35
3755 30.85 838.87 558.27 3.40 387.47
3756 31.61 827.01 453.89 3.70 389.84
3757 32.23 860.28 501.72 1.90 387.22
3758 32.53 767.47 451.46 2.40 391.32
3759 32.65 704.86 504.71 3.10 387.46
3760 32.43 535.22 400.23 2.10 393.94
3761 31.80 346.68 288.00 1.40 400.25
3762 30.83 151.63 114.78 0.70 405.55
3763 29.78 40.50 54.72 1.30 408.28
3764 28.93 0.00 0.00 1.40 414.78
3765 28.07 0.00 0.00 1.30 415.37
3766 27.22 0.00 0.00 1.00 417.11
3767 26.36 0.00 0.00 0.60 414.97
3768 25.51 0.00 0.00 1.00 410.58
3769 25.08 0.00 0.00 3.40 406.37
3770 24.66 0.00 0.00 2.90 403.72
3771 24.46 0.00 0.00 4.00 405.58
3772 24.26 0.00 0.00 4.20 405.79
3773 24.04 0.00 0.00 2.90 414.87
3774 24.30 28.78 0.00 1.80 418.29
3775 25.24 135.37 51.42 1.20 413.59
3776 25.77 233.66 42.06 1.40 415.73
3777 26.28 237.94 18.66 1.30 421.65
3778 27.63 668.09 373.56 2.40 396.39
3779 28.79 784.58 481.69 1.30 395.57
3780 30.18 1081.66 867.30 3.10 384.87
3781 30.72 774.21 308.82 1.80 401.14
3782 30.29 321.35 32.00 3.70 438.97
3783 29.84 257.02 9.64 4.60 427.48
3784 29.04 50.67 0.00 3.70 436.91
3785 27.39 34.44 0.00 4.90 442.89
3786 27.67 17.66 0.00 4.20 440.47
3787 27.14 4.27 0.00 5.50 437.81
3788 26.58 0.00 0.00 7.70 437.30
3789 26.72 0.00 0.00 8.20 437.44
3790 26.49 0.00 0.00 9.11 434.43
3791 26.26 0.00 0.00 8.80 429.31
3792 26.03 0.00 0.00 8.20 424.39
3793 25.69 0.00 0.00 7.00 419.10
3794 25.40 0.00 0.00 6.60 418.01
3795 25.23 0.00 0.00 6.60 413.52
3796 25.06 0.00 0.00 5.70 411.31
3797 24.94 0.00 0.00 4.60 406.76
3798 25.72 44.44 121.77 2.90 407.17
3799 26.75 160.77 151.99 2.70 397.33
3800 26.85 122.27 0.00 3.70 420.90
3801 27.25 224.19 8.93 2.10 422.31
3802 28.65 521.37 175.37 3.40 414.00
3803 28.97 402.03 39.99 4.40 430.83
3804 30.16 610.56 145.23 6.30 409.68
3805 31.10 727.37 293.31 6.60 405.13
3806 31.91 766.69 441.19 8.20 403.72
3807 32.50 734.68 565.93 8.20 400.13
3808 32.83 642.89 689.87 7.70 399.70
3809 32.46 308.65 189.24 7.00 416.15
3810 31.89 202.92 356.64 8.20 411.28
3811 31.06 41.64 89.64 7.40 423.37
3812 30.41 0.00 0.00 5.90 428.71
3813 29.75 0.00 0.00 7.40 429.44
3814 29.10 0.00 0.00 7.00 427.28
3815 28.45 0.00 0.00 6.60 422.43
3816 27.80 0.00 0.00 5.50 421.29
3817 27.22 0.00 0.00 4.60 415.92
3818 26.61 0.00 0.00 4.90 414.90
3819 26.28 0.00 0.00 3.10 417.93
3820 25.95 0.00 0.00 2.40 416.25
3821 25.72 0.00 0.00 2.40 415.97
3822 25.98 22.14 0.00 1.90 420.03
3823 26.36 109.33 7.46 2.10 416.33
3824 27.11 222.12 24.44 1.20 414.96
3825 27.54 334.58 41.61 2.40 418.48
3826 28.46 409.99 36.13 2.70 420.36
3827 28.87 427.41 23.87 1.80 424.99
3828 29.22 428.23 34.57 1.80 428.53
3829 29.32 429.18 34.83 2.90 429.12
3830 29.51 375.27 15.68 2.10 417.25
3831 29.40 287.70 12.78 1.60 434.42
3832 28.58 134.25 0.00 1.40 441.96
3833 28.30 70.91 0.00 1.60 443.40
3834 27.95 17.23 0.00 2.70 442.38
3835 27.59 12.73 0.00 3.10 435.42
3836 27.02 0.00 0.00 3.70 434.13
3837 24.82 0.00 0.00 4.00 422.34
3838 25.80 0.00 0.00 4.00 423.93
3839 25.17 0.00 0.00 2.10 418.69
3840 24.35 0.00 0.00 1.40 415.63
3841 25.34 0.00 0.00 1.20 417.25
3842 25.10 0.00 0.00 1.20 414.52
3843 24.97 0.00 0.00 1.00 412.43
3844 24.83 0.00 0.00 1.00 410.34
3845 24.73 0.00 0.00 1.30 408.47
3846 25.35 34.59 18.68 1.30 411.22
3847 26.42 151.20 86.47 2.70 407.26
3848 27.30 244.91 54.55 3.10 413.54
3849 27.99 311.30 28.25 2.90 419.63
3850 28.55 332.36 17.39 1.90 426.26
3851 28.77 281.76 6.32 1.00 433.31
3852 29.22 503.18 70.32 1.30 427.84
3853 29.90 515.89 66.99 2.10 427.68
3854 29.69 488.79 57.65 3.10 429.97
3855 30.84 550.53 199.14 2.70 425.41
3856 31.13 530.38 361.73 2.90 405.93
3857 31.16 395.59 476.14 1.80 394.18
3858 30.80 233.21 433.55 1.30 397.59
3859 30.07 44.77 123.81 1.80 415.36
3860 29.47 0.00 0.00 1.40 420.29
3861 28.88 0.00 0.00 1.40 421.15
3862 28.28 0.00 0.00 1.40 415.03
3863 27.69 0.00 0.00 1.80 412.82
3864 27.10 0.00 0.00 1.40 405.96
3865 26.69 0.00 0.00 2.10 402.11
3866 26.25 0.00 0.00 1.90 404.58
3867 26.01 0.00 0.00 3.10 404.28
3868 25.76 0.00 0.00 3.40 405.33
3869 25.59 0.00 0.00 3.70 409.51
3870 26.33 43.47 111.44 2.10 410.67
3871 27.25 151.13 105.64 1.40 410.89
3872 28.78 360.53 350.92 0.90 402.36
3873 30.23 516.81 351.37 1.40 403.55
3874 31.44 619.19 299.09 1.80 408.49
3875 32.40 671.04 278.92 1.60 413.18
3876 33.85 976.52 668.18 2.90 399.51
3877 34.47 774.82 342.01 2.10 414.66
3878 34.81 704.86 308.66 3.40 413.74
3879 35.01 669.06 407.36 2.40 410.39
3880 35.04 589.78 569.38 2.70 405.40
3881 34.75 452.53 646.78 3.70 401.92
3882 33.92 204.38 349.52 3.70 412.45
3883 32.88 58.55 202.26 3.40 412.50
3884 31.74 0.00 0.00 3.10 416.07
3885 30.59 0.00 0.00 3.70 411.16
3886 29.44 0.00 0.00 4.00 407.06
3887 28.29 0.00 0.00 3.10 403.38
3888 27.14 0.00 0.00 1.60 400.66
3889 26.21 0.00 0.00 0.90 405.29
3890 25.18 0.00 0.00 0.40 402.97
3891 24.61 0.00 0.00 0.80 400.89
3892 24.04 0.00 0.00 0.90 398.90
3893 23.63 0.00 0.00 0.40 395.17
3894 24.20 42.50 66.17 0.30 400.66
3895 25.16 176.39 165.52 0.40 395.75
3896 26.31 348.66 325.03 0.50 392.48
3897 27.50 517.66 363.58 0.40 389.53
3898 28.73 693.71 478.16 0.50 385.16
3899 29.86 822.11 540.04 0.30 385.20
3900 30.79 891.72 564.12 0.20 387.56
3901 31.45 885.54 531.08 0.20 388.60
3902 31.77 790.51 492.98 0.70 390.78
3903 31.84 681.87 443.25 0.90 390.15
3904 31.53 498.62 301.20 1.20 395.60
3905 30.90 336.29 190.17 2.10 399.83
3906 30.06 201.25 362.94 2.40 399.20
3907 29.04 46.49 134.86 3.40 411.31
3908 28.49 0.00 0.00 3.10 412.58
3909 27.94 0.00 0.00 2.40 411.86
3910 27.40 0.00 0.00 2.40 414.62
3911 26.85 0.00 0.00 4.00 416.35
3912 26.30 0.00 0.00 2.10 415.00
3913 26.31 0.00 0.00 2.10 411.95
3914 26.33 0.00 0.00 1.60 414.09
3915 26.35 0.00 0.00 1.40 417.71
3916 26.37 0.00 0.00 1.90 420.50
3917 24.54 0.00 0.00 1.90 420.56
3918 26.78 26.89 0.00 1.20 428.47
3919 28.20 192.57 256.83 0.70 414.62
3920 30.21 477.74 658.15 0.40 405.09
3921 31.38 524.27 328.81 0.70 422.52
3922 31.71 465.06 102.09 0.90 437.24
3923 32.78 640.88 233.23 1.40 421.95
3924 32.98 528.15 81.27 1.20 441.38
3925 32.23 306.53 7.03 0.70 453.15
3926 32.54 312.61 14.86 1.60 452.36
3927 31.89 210.61 4.61 1.80 455.87
3928 31.02 280.00 23.08 1.80 444.86
3929 31.12 204.11 20.59 2.10 445.35
3930 30.62 62.49 0.00 3.40 454.54
3931 30.31 25.57 0.00 2.70 445.29
3932 29.74 0.00 0.00 2.70 441.69
3933 29.15 0.00 0.00 2.10 439.33
3934 28.56 0.00 0.00 2.40 438.84
3935 28.11 0.00 0.00 3.40 439.66
3936 27.56 0.00 0.00 3.40 434.77
3937 26.92 0.00 0.00 3.10 432.72
3938 26.24 0.00 0.00 0.90 429.75
3939 25.88 0.00 0.00 0.70 430.18
3940 25.52 0.00 0.00 0.60 429.29
3941 25.26 0.00 0.00 0.30 427.66
3942 25.54 23.47 0.00 0.40 429.46
3943 26.95 231.11 413.44 0.30 408.05
3944 27.87 334.97 249.94 0.70 416.09
3945 28.57 411.71 146.52 0.80 414.61
3946 28.92 405.46 71.72 1.00 427.95
3947 30.50 961.61 718.62 1.40 399.39
3948 30.70 517.69 112.96 1.60 426.08
3949 30.41 328.94 21.84 2.10 437.73
3950 30.38 407.84 60.00 1.40 432.19
3951 29.57 79.51 0.00 0.70 448.63
3952 29.12 275.33 34.44 0.40 437.78
3953 29.10 273.58 111.14 1.00 419.19
3954 28.48 76.33 0.00 1.60 440.26
3955 28.01 61.83 173.74 3.10 417.74
3956 26.34 0.00 0.00 2.90 416.12
3957 27.01 0.00 0.00 1.90 418.53
3958 26.14 0.00 0.00 2.10 417.94
3959 26.03 0.00 0.00 1.40 414.46
3960 25.40 0.00 0.00 1.30 415.40
3961 25.49 0.00 0.00 0.90 418.46
3962 25.26 0.00 0.00 3.40 416.27
3963 25.13 0.00 0.00 4.00 418.65
3964 25.01 0.00 0.00 4.60 420.27
3965 24.92 0.00 0.00 4.00 422.07
3966 25.30 24.36 0.00 4.40 423.25
3967 26.56 177.93 228.20 5.70 405.29
3968 28.12 385.22 406.47 6.30 402.80
3969 30.08 672.26 712.12 6.10 402.51
3970 30.86 557.03 230.57 5.50 424.91
3971 31.44 579.10 155.83 5.20 415.36
3972 31.64 489.15 63.34 5.20 412.82
3973 31.91 551.93 94.25 4.00 408.34
3974 31.91 438.03 53.51 5.90 413.68
3975 31.99 487.49 120.76 5.90 410.54
3976 31.56 321.78 41.40 6.60 430.76
3977 30.51 177.49 11.67 6.10 445.19
3978 30.15 18.25 0.00 8.20 456.37
3979 29.48 16.29 0.00 8.20 445.86
3980 28.40 0.00 0.00 8.20 441.19
3981 27.75 0.00 0.00 7.70 435.50
3982 26.84 0.00 0.00 9.71 424.64
3983 25.99 0.00 0.00 7.00 417.89
3984 25.16 0.00 0.00 7.00 414.77
3985 24.39 0.00 0.00 6.10 410.59
3986 23.53 0.00 0.00 4.90 405.41
3987 23.06 0.00 0.00 4.90 400.72
3988 22.58 0.00 0.00 5.00 399.13
3989 22.23 0.00 0.00 1.90 396.06
3990 22.75 40.49 77.74 1.60 395.27
3991 23.45 146.72 78.11 1.90 390.15
3992 24.39 302.54 133.59 2.70 383.43
3993 25.58 506.37 327.42 2.40 372.17
3994 26.57 612.47 304.83 3.70 373.44
3995 27.42 699.49 298.15 5.00 370.77
3996 28.32 850.56 483.38 4.90 367.76
3997 28.98 852.68 484.04 5.90 373.20
3998 29.24 715.26 319.44 5.90 383.61
3999 29.23 581.41 242.52 6.30 383.44
4000 28.93 439.71 167.59 6.60 388.65
4001 28.46 341.51 275.23 6.60 384.15
4002 27.70 167.11 143.07 7.00 393.78
4003 26.83 51.40 180.36 9.31 393.01
4004 26.03 0.00 0.00 6.60 395.63
4005 25.22 0.00 0.00 7.00 394.60
4006 24.41 0.00 0.00 6.60 392.31
4007 23.61 0.00 0.00 7.40 387.59
4008 22.80 0.00 0.00 6.30 385.43
4009 22.51 0.00 0.00 3.70 386.99
4010 22.13 0.00 0.00 4.00 386.09
4011 21.91 0.00 0.00 4.60 381.46
4012 21.69 0.00 0.00 5.20 382.33
4013 21.52 0.00 0.00 3.70 381.33
4014 22.25 47.85 166.01 4.40 382.24
4015 23.66 224.08 503.63 2.90 374.13
4016 25.25 432.83 674.06 1.80 371.99
4017 26.84 632.06 741.55 1.30 364.92
4018 28.34 801.76 772.17 1.40 363.90
4019 29.62 912.09 746.89 0.90 366.96
4020 30.68 978.88 752.68 2.70 368.56
4021 31.45 978.55 746.53 4.90 368.46
4022 31.92 917.56 750.24 5.50 365.27
4023 32.09 802.10 749.36 4.20 363.68
4024 31.93 639.47 736.74 4.20 363.82
4025 31.30 438.30 656.81 4.60 364.79
4026 30.30 229.28 512.95 3.70 369.66
4027 29.07 51.17 188.52 2.40 379.21
4028 28.09 0.00 0.00 1.80 386.84
4029 27.11 0.00 0.00 2.10 384.72
4030 26.13 0.00 0.00 2.10 384.19
4031 25.15 0.00 0.00 1.80 382.16
4032 24.16 0.00 0.00 2.40 380.43
4033 23.60 0.00 0.00 1.90 378.95
4034 22.94 0.00 0.00 1.20 376.34
4035 22.57 0.00 0.00 0.80 377.20
4036 22.19 0.00 0.00 1.80 377.71
4037 21.92 0.00 0.00 2.40 376.16
4038 22.60 47.64 145.89 1.60 376.21
4039 23.77 204.08 400.84 1.30 370.42
4040 25.17 402.64 546.09 2.40 369.68
4041 26.64 604.09 628.01 2.70 363.79
4042 27.99 760.85 637.04 2.40 363.38
4043 29.16 871.46 617.14 2.40 363.81
4044 30.13 938.18 622.65 2.90 365.66
4045 30.80 926.13 583.34 2.40 366.60
4046 31.20 864.09 583.23 1.60 369.42
4047 31.30 743.13 597.02 2.40 374.31
4048 31.10 591.31 564.67 3.70 375.51
4049 30.49 402.68 497.04 2.10 380.59
4050 29.56 214.41 369.80 3.40 386.13
4051 28.44 52.97 170.63 1.90 393.78
4052 27.50 0.00 0.00 2.70 398.36
4053 26.56 0.00 0.00 4.00 393.70
4054 25.62 0.00 0.00 2.10 392.70
4055 24.68 0.00 0.00 4.90 392.51
4056 23.74 0.00 0.00 7.70 387.04
4057 23.29 0.00 0.00 7.00 383.84
4058 22.78 0.00 0.00 9.71 383.10
4059 22.49 0.00 0.00 10.31 378.25
4060 22.21 0.00 0.00 9.31 382.02
4061 22.00 0.00 0.00 7.40 387.88
4062 22.70 44.40 139.12 5.70 388.87
4063 24.04 205.93 421.12 5.70 382.55
4064 25.59 404.51 559.35 4.00 383.76
4065 27.07 574.82 559.84 4.00 379.60
4066 28.59 764.42 609.09 4.90 379.48
4067 30.16 962.10 833.44 4.20 375.20
4068 31.34 995.79 782.85 2.90 379.63
4069 32.13 960.79 633.37 3.70 382.56
4070 32.32 740.22 366.68 5.50 391.93
4071 32.13 585.08 246.69 4.60 398.86
4072 31.82 532.92 372.18 4.60 397.47
4073 31.19 381.68 364.66 5.50 392.82
4074 30.37 263.38 584.39 5.20 384.68
4075 29.26 70.67 344.81 4.20 387.66
4076 28.48 0.00 0.00 2.10 390.91
4077 27.71 0.00 0.00 2.90 393.51
4078 26.94 0.00 0.00 2.70 392.37
4079 26.16 0.00 0.00 2.40 390.64
4080 25.39 0.00 0.00 3.10 394.46
4081 24.96 0.00 0.00 1.90 392.29
4082 24.48 0.00 0.00 3.40 394.30
4083 24.21 0.00 0.00 2.70 393.58
4084 23.94 0.00 0.00 3.40 396.46
4085 23.74 0.00 0.00 0.90 400.90
4086 24.33 35.95 30.51 1.00 405.56
4087 25.24 143.49 73.55 0.70 407.38
4088 26.49 305.68 141.96 1.60 404.23
4089 27.74 452.05 202.33 1.90 399.19
4090 28.79 540.54 163.84 2.90 404.71
4091 29.72 623.18 206.15 1.80 406.42
4092 30.09 515.65 77.73 2.10 413.61
4093 30.83 724.85 288.19 2.90 402.04
4094 31.38 719.75 330.70 1.90 404.26
4095 31.70 664.02 373.29 2.10 403.87
4096 31.79 561.93 462.40 3.70 398.75
4097 31.68 460.20 700.84 4.00 390.59
4098 31.07 241.85 512.18 3.70 400.66
4099 30.13 61.18 245.22 2.90 412.21
4100 29.37 0.00 0.00 3.70 412.17
4101 28.60 0.00 0.00 1.90 415.39
4102 27.83 0.00 0.00 2.40 415.58
4103 27.06 0.00 0.00 1.00 412.61
4104 26.30 0.00 0.00 0.70 410.85
4105 25.85 0.00 0.00 0.30 404.39
4106 25.32 0.00 0.00 0.60 403.67
4107 25.02 0.00 0.00 1.30 404.20
4108 24.71 0.00 0.00 1.00 402.92
4109 24.48 0.00 0.00 0.50 409.71
4110 25.16 44.58 145.08 0.50 414.27
4111 26.19 173.81 161.24 1.30 411.24
4112 27.64 377.17 389.39 2.40 407.85
4113 29.37 622.87 638.88 3.40 399.14
4114 31.17 852.55 845.08 2.90 397.82
4115 32.50 909.18 660.31 3.10 404.90
4116 32.28 462.84 74.76 3.70 443.80
4117 32.20 476.62 57.26 3.40 442.89
4118 32.41 629.33 212.83 1.60 426.50
4119 32.31 498.35 126.52 2.70 433.06
4120 31.95 398.25 110.92 3.70 431.86
4121 31.55 364.53 308.04 1.80 421.76
4122 30.83 196.07 295.80 4.40 428.66
4123 29.88 43.38 51.66 4.90 435.75
4124 29.25 0.00 0.00 4.60 435.59
4125 28.63 0.00 0.00 5.90 432.16
4126 28.00 0.00 0.00 4.90 426.47
4127 27.38 0.00 0.00 4.40 421.23
4128 26.75 0.00 0.00 3.70 420.46
4129 26.57 0.00 0.00 2.90 420.03
4130 26.39 0.00 0.00 3.40 418.74
4131 26.29 0.00 0.00 3.40 417.02
4132 26.19 0.00 0.00 4.90 414.83
4133 26.12 0.00 0.00 5.50 412.12
4134 26.90 46.36 139.23 5.00 412.78
4135 28.20 198.81 345.21 4.20 413.10
4136 29.68 384.76 474.43 2.10 409.39
4137 31.22 572.28 557.61 1.60 400.34
4138 32.50 677.43 447.74 1.60 405.04
4139 33.68 791.79 522.35 2.10 407.03
4140 34.60 827.10 456.27 2.40 408.24
4141 35.47 912.47 572.84 2.40 405.92
4142 36.02 846.92 575.42 3.40 407.17
4143 36.24 717.17 511.68 2.40 411.30
4144 36.09 543.76 410.20 2.40 413.82
4145 35.55 373.40 356.76 1.60 416.17
4146 34.71 203.42 336.83 1.40 420.88
4147 33.69 56.68 227.00 1.90 423.96
4148 32.98 0.00 0.00 1.90 430.81
4149 32.27 0.00 0.00 1.40 432.48
4150 31.56 0.00 0.00 1.20 429.65
4151 30.85 0.00 0.00 1.60 427.80
4152 30.14 0.00 0.00 1.20 430.79
4153 29.40 0.00 0.00 0.90 429.98
4154 28.74 0.00 0.00 0.50 433.79
4155 28.33 0.00 0.00 1.20 434.35
4156 27.87 0.00 0.00 1.40 431.37
4157 27.62 0.00 0.00 0.60 431.35
4158 28.18 38.15 63.76 1.20 435.38
4159 28.51 86.45 0.00 1.60 445.28
4160 30.11 359.10 310.61 1.60 424.45
4161 31.03 396.93 131.22 1.90 431.70
4162 32.45 659.17 380.15 2.90 422.25
4163 33.93 859.57 524.51 4.00 417.42
4164 33.91 488.19 90.90 3.40 445.60
4165 34.32 573.55 112.43 5.50 440.37
4166 33.54 273.10 13.73 5.20 457.00
4167 33.83 417.93 77.54 4.00 445.18
4168 34.09 615.94 534.65 4.00 421.52
4169 34.06 474.10 666.17 5.70 417.77
4170 33.43 190.26 207.83 6.10 432.21
4171 32.62 61.84 162.01 5.50 430.94
4172 31.81 0.00 0.00 5.20 433.06
4173 30.99 0.00 0.00 3.40 431.37
4174 30.18 0.00 0.00 4.00 431.35
4175 29.37 0.00 0.00 4.60 429.35
4176 28.56 0.00 0.00 4.40 427.80
4177 28.21 0.00 0.00 5.20 428.02
4178 27.84 0.00 0.00 5.90 430.74
4179 27.64 0.00 0.00 7.40 432.07
4180 27.45 0.00 0.00 6.10 431.39
4181 27.31 0.00 0.00 7.40 432.96
4182 27.70 25.15 0.00 6.30 432.77
4183 28.65 147.59 107.25 6.30 423.73
4184 29.19 191.04 16.06 8.80 429.88
4185 29.65 290.83 21.14 10.31 434.96
4186 30.23 331.78 16.82 12.91 436.51
4187 30.65 348.95 38.75 10.91 443.48
4188 32.00 776.81 315.38 11.61 416.37
4189 32.66 641.52 176.94 8.80 424.55
4190 32.83 447.36 57.29 7.70 433.01
4191 33.16 572.20 244.48 4.60 420.75
4192 33.01 327.22 69.04 4.00 434.23
4193 32.34 119.39 0.00 3.10 458.07
4194 31.72 38.60 0.00 1.80 462.74
4195 31.05 4.66 0.00 2.90 463.16
4196 30.63 0.00 0.00 2.90 465.19
4197 29.57 0.00 0.00 3.10 462.27
4198 29.50 0.00 0.00 4.60 460.90
4199 27.81 0.00 0.00 4.40 454.72
4200 28.50 0.00 0.00 2.90 453.74
4201 28.40 0.00 0.00 2.40 452.37
4202 26.23 0.00 0.00 2.10 442.35
4203 27.13 0.00 0.00 2.90 446.92
4204 25.88 0.00 0.00 1.30 438.72
4205 27.16 0.00 0.00 0.80 445.73
4206 27.57 14.38 0.00 1.60 446.67
4207 27.76 22.97 0.00 3.70 454.40
4208 28.24 92.11 0.00 3.40 445.37
4209 27.79 201.34 2.44 3.70 442.19
4210 27.87 241.57 2.63 1.90 442.97
4211 29.36 375.35 23.19 2.70 440.71
4212 30.12 397.98 15.74 1.30 443.17
4213 30.57 349.50 11.69 0.90 447.13
4214 30.98 318.75 15.36 1.00 444.95
4215 30.80 209.01 1.93 1.40 452.94
4216 30.79 159.20 0.56 1.90 450.32
4217 30.54 125.14 0.00 2.70 447.94
4218 30.28 23.60 0.00 2.70 456.31
4219 29.93 5.10 0.00 4.40 455.67
4220 29.39 0.00 0.00 2.40 449.99
4221 28.96 0.00 0.00 1.20 451.14
4222 28.48 0.00 0.00 2.90 447.94
4223 27.97 0.00 0.00 1.40 439.63
4224 27.47 0.00 0.00 1.00 436.79
4225 27.07 0.00 0.00 0.90 437.44
4226 26.59 0.00 0.00 0.40 432.58
4227 26.32 0.00 0.00 0.90 429.50
4228 26.06 0.00 0.00 1.40 425.67
4229 25.86 0.00 0.00 0.90 422.31
4230 26.47 37.95 47.59 2.70 423.98
4231 27.50 162.52 133.54 2.10 421.76
4232 28.91 351.88 347.03 1.80 416.01
4233 30.44 548.11 481.83 2.70 412.13
4234 31.80 682.88 492.13 1.80 413.33
4235 33.04 801.00 517.27 1.90 413.07
4236 33.93 808.93 431.09 1.90 416.03
4237 34.52 778.96 350.06 4.00 418.40
4238 34.94 765.46 434.63 3.70 416.75
4239 35.12 681.81 427.92 5.00 418.19
4240 34.97 524.77 357.28 5.00 421.93
4241 34.42 356.27 297.57 5.70 421.33
4242 33.59 198.06 294.82 5.20 424.95
4243 32.57 51.92 156.90 3.70 433.44
4244 31.73 0.00 0.00 4.90 439.29
4245 30.89 0.00 0.00 3.40 437.49
4246 30.06 0.00 0.00 4.00 431.11
4247 29.22 0.00 0.00 4.60 429.50
4248 28.39 0.00 0.00 4.00 426.38
4249 27.83 0.00 0.00 3.10 421.84
4250 27.23 0.00 0.00 5.20 417.93
4251 26.91 0.00 0.00 4.60 415.15
4252 26.59 0.00 0.00 3.70 416.24
4253 26.36 0.00 0.00 1.80 424.46
4254 26.96 38.06 45.95 1.90 427.26
4255 28.08 174.23 259.42 2.10 421.07
4256 29.39 345.85 341.91 4.00 418.31
4257 30.81 530.49 418.58 4.40 410.73
4258 32.08 658.83 396.61 5.20 413.27
4259 33.03 698.97 303.29 5.20 416.71
4260 34.07 851.28 486.20 5.50 405.48
4261 34.81 840.05 477.05 7.40 403.08
4262 35.18 740.25 360.49 6.60 409.04
4263 35.39 690.26 450.81 6.10 406.42
4264 35.29 535.29 369.37 6.10 410.77
4265 34.74 342.92 186.95 5.90 416.91
4266 33.93 195.93 286.46 6.30 419.64
4267 32.95 58.10 226.57 5.20 421.19
4268 31.86 0.00 0.00 4.60 421.75
4269 30.76 0.00 0.00 2.90 418.74
4270 29.66 0.00 0.00 3.40 414.39
4271 28.57 0.00 0.00 2.70 411.37
4272 27.47 0.00 0.00 3.70 408.65
4273 26.62 0.00 0.00 4.40 410.52
4274 25.71 0.00 0.00 4.20 407.13
4275 25.23 0.00 0.00 3.10 404.77
4276 24.74 0.00 0.00 2.90 405.46
4277 24.40 0.00 0.00 3.40 400.98
4278 24.96 38.10 73.27 3.70 401.53
4279 25.72 136.95 67.15 3.10 401.81
4280 26.52 245.27 58.12 1.90 401.47
4281 27.21 321.03 45.49 2.10 400.77
4282 28.34 544.38 200.40 2.10 392.63
4283 29.46 687.45 285.04 2.90 392.91
4284 30.51 801.80 408.60 3.40 391.40
4285 31.51 907.63 562.18 4.00 387.12
4286 32.21 875.88 576.97 4.60 388.99
4287 32.39 652.39 339.64 4.20 397.07
4288 32.47 616.01 588.68 4.40 391.21
4289 32.15 420.69 530.84 2.40 393.82
4290 31.47 232.49 450.72 2.70 398.15
4291 30.54 66.11 200.70 2.70 405.48
4292 29.56 0.00 0.00 2.40 405.36
4293 28.58 0.00 0.00 2.70 404.87
4294 27.60 0.00 0.00 2.10 400.12
4295 26.62 0.00 0.00 0.90 398.23
4296 25.64 0.00 0.00 0.70 397.80
4297 25.01 0.00 0.00 0.20 395.59
4298 24.32 0.00 0.00 0.60 389.59
4299 23.95 0.00 0.00 0.70 389.68
4300 23.58 0.00 0.00 0.30 391.04
4301 23.32 0.00 0.00 0.20 393.01
4302 23.75 27.72 0.00 0.30 395.35
4303 24.51 122.64 38.77 0.30 392.28
4304 25.69 290.69 125.27 0.30 387.20
4305 26.90 442.35 194.56 0.30 384.27
4306 27.93 536.71 190.42 0.40 387.95
4307 29.23 758.10 438.60 0.70 381.72
4308 29.98 688.20 233.62 0.90 388.20
4309 30.55 701.63 253.65 1.30 387.89
4310 31.24 832.34 543.42 0.60 380.57
4311 31.61 734.49 540.02 0.70 382.54
4312 31.59 534.07 347.35 0.50 385.38
4313 31.33 429.25 532.48 0.50 380.40
4314 30.59 203.73 293.22 1.20 389.07
4315 29.67 63.74 160.85 1.40 391.39
4316 28.69 0.00 0.00 0.90 392.99
4317 27.71 0.00 0.00 0.70 388.74
4318 26.74 0.00 0.00 1.60 384.65
4319 25.76 0.00 0.00 1.80 382.88
4320 24.78 0.00 0.00 2.90 382.70
4321 24.09 0.00 0.00 2.40 378.92
4322 23.26 0.00 0.00 2.70 376.56
4323 22.78 0.00 0.00 4.40 376.62
4324 22.30 0.00 0.00 4.00 379.99
4325 21.94 0.00 0.00 4.60 379.96
4326 22.45 40.55 109.52 3.70 385.79
4327 23.47 185.78 341.69 4.90 379.36
4328 24.78 383.71 477.67 5.00 378.17
4329 26.15 581.23 604.84 6.60 372.96
4330 27.40 732.98 610.93 6.10 378.86
4331 28.45 830.66 590.41 4.00 381.67
4332 29.31 895.63 578.61 3.40 381.34
4333 29.96 916.26 559.04 3.70 382.93
4334 30.36 872.49 599.64 5.00 383.59
4335 30.49 768.40 623.04 4.40 386.09
4336 30.33 611.08 616.49 4.00 389.11
4337 29.77 429.91 568.61 2.90 388.69
4338 28.84 223.12 386.92 2.40 397.65
4339 27.72 60.55 158.54 1.00 403.86
4340 27.41 0.00 0.00 0.40 409.34
4341 27.10 0.00 0.00 0.30 409.10
4342 26.79 0.00 0.00 0.30 411.02
4343 26.48 0.00 0.00 0.50 413.01
4344 26.17 0.00 0.00 1.20 413.32
4345 25.56 0.00 0.00 1.30 420.09
4346 26.49 0.00 0.00 1.40 427.05
4347 27.01 0.00 0.00 1.00 429.61
4348 27.33 0.00 0.00 0.70 429.90
4349 27.45 0.00 0.00 0.50 427.18
4350 28.03 25.25 0.00 0.90 429.03
4351 28.87 112.07 33.60 1.10 431.53
4352 30.89 427.04 555.62 1.70 413.59
4353 32.98 685.77 776.66 1.00 404.38
4354 34.12 634.04 321.11 1.50 416.81
4355 34.58 513.33 98.93 2.50 431.93
4356 35.25 650.90 219.45 4.10 425.13
4357 34.68 241.03 12.16 3.70 448.96
4358 34.47 308.79 20.57 2.90 443.42
4359 33.69 82.66 0.00 5.30 458.55
4360 32.94 54.18 0.00 3.70 470.22
4361 32.39 37.56 0.00 5.30 469.39
4362 31.89 20.07 0.00 2.80 467.62
4363 31.42 5.57 0.00 4.60 452.27
4364 31.16 0.00 0.00 3.70 450.08
4365 30.90 0.00 0.00 4.60 443.67
4366 30.64 0.00 0.00 3.40 443.12
4367 30.37 0.00 0.00 4.10 438.79
4368 30.11 0.00 0.00 4.60 435.26
4369 28.62 0.00 0.00 3.20 429.02
4370 26.96 0.00 0.00 2.00 424.50
4371 26.04 0.00 0.00 2.30 420.28
4372 25.13 0.00 0.00 2.00 414.42
4373 24.46 0.00 0.00 1.50 410.92
4374 24.95 41.54 128.33 1.70 409.53
4375 26.14 211.10 490.73 2.10 404.25
4376 27.55 423.79 686.93 2.30 402.48
4377 28.99 628.55 770.23 2.30 393.60
4378 30.32 795.59 783.20 2.30 397.64
4379 31.49 923.59 804.76 4.60 394.65
4380 32.41 985.19 784.02 6.60 394.77
4381 33.08 994.13 795.61 4.10 391.68
4382 33.47 940.72 814.48 2.90 390.05
4383 33.57 826.73 812.84 4.60 396.57
4384 33.36 662.91 796.41 3.70 396.39
4385 32.71 462.51 728.33 2.90 395.40
4386 31.68 248.97 560.92 3.20 398.41
4387 30.43 69.20 320.30 2.80 405.66
4388 29.66 0.00 0.00 1.50 412.98
4389 28.88 0.00 0.00 2.10 413.66
4390 28.10 0.00 0.00 3.20 412.15
4391 27.33 0.00 0.00 2.90 411.56
4392 26.55 0.00 0.00 2.50 414.14
4393 26.73 0.00 0.00 5.30 415.26
4394 26.94 0.00 0.00 2.00 417.53
4395 27.06 0.00 0.00 2.10 419.24
4396 27.18 0.00 0.00 1.70 423.80
4397 27.27 0.00 0.00 2.10 429.20
4398 27.66 19.17 0.00 2.30 433.15
4399 28.42 98.04 3.55 2.10 429.43
4400 29.07 159.46 2.89 2.90 431.38
4401 30.02 289.53 22.96 2.90 427.28
4402 31.05 426.37 76.55 2.50 434.93
4403 31.43 371.83 22.83 2.50 447.50
4404 32.24 440.27 21.46 2.10 446.46
4405 32.68 455.50 42.32 3.40 446.57
4406 33.02 414.91 21.13 4.60 448.40
4407 33.11 306.19 14.90 5.00 442.43
4408 32.45 55.09 0.00 5.60 453.42
4409 31.92 62.84 0.00 5.60 452.86
4410 31.34 51.27 0.00 4.60 458.12
4411 30.82 10.27 0.00 5.00 458.82
4412 30.45 0.00 0.00 4.10 455.97
4413 29.97 0.00 0.00 5.00 456.22
4414 29.51 0.00 0.00 4.10 453.64
4415 28.92 0.00 0.00 3.20 451.67
4416 27.65 0.00 0.00 2.30 449.48
4417 28.84 0.00 0.00 3.70 450.82
4418 28.27 0.00 0.00 5.00 442.76
4419 27.05 0.00 0.00 3.40 443.44
4420 27.42 0.00 0.00 2.30 442.25
4421 27.63 0.00 0.00 3.40 441.92
4422 27.86 13.20 0.00 2.90 443.94
4423 27.78 29.30 0.00 3.40 443.35
4424 28.33 91.33 0.00 6.30 437.28
4425 28.90 149.62 0.00 5.60 438.77
4426 29.28 177.84 0.93 2.60 441.61
4427 29.70 229.98 2.80 3.40 442.42
4428 30.32 355.51 17.72 2.60 426.65
4429 30.77 348.86 16.98 2.90 429.25
4430 31.15 432.58 35.58 3.20 438.31
4431 31.68 439.42 76.72 4.10 438.77
4432 32.09 452.80 193.72 2.90 418.51
4433 32.29 385.52 392.06 2.10 406.97
4434 32.17 214.04 341.67 2.50 407.90
4435 31.77 80.47 286.28 2.50 401.47
4436 30.96 0.00 0.00 2.80 403.75
4437 30.15 0.00 0.00 3.70 400.47
4438 29.34 0.00 0.00 3.20 397.75
4439 28.53 0.00 0.00 2.80 394.09
4440 27.72 0.00 0.00 4.10 396.10
4441 26.97 0.00 0.00 3.40 397.28
4442 26.17 0.00 0.00 1.70 395.23
4443 25.75 0.00 0.00 3.40 396.44
4444 25.32 0.00 0.00 2.60 398.11
4445 25.02 0.00 0.00 1.70 398.30
4446 25.47 31.09 15.74 1.50 401.35
4447 26.37 151.58 145.64 1.70 396.92
4448 28.09 425.79 617.51 1.40 384.18
4449 29.82 652.10 743.17 1.40 375.83
4450 30.92 677.16 455.92 0.70 387.20
4451 31.79 735.95 371.93 0.70 389.93
4452 32.71 877.33 525.10 2.30 388.04
4453 33.11 733.34 276.58 2.50 400.52
4454 33.27 653.23 239.40 4.10 403.81
4455 33.14 520.76 152.20 7.20 407.22
4456 32.28 276.73 20.64 8.80 432.62
4457 31.55 174.48 4.54 8.30 448.59
4458 30.72 95.31 0.00 6.30 434.10
4459 29.79 5.21 0.00 5.60 436.78
4460 29.01 0.00 0.00 4.10 432.57
4461 28.22 0.00 0.00 4.60 427.08
4462 27.44 0.00 0.00 5.60 421.33
4463 26.65 0.00 0.00 7.20 415.35
4464 25.87 0.00 0.00 4.60 412.21
4465 25.37 0.00 0.00 5.00 408.18
4466 24.81 0.00 0.00 4.60 403.15
4467 24.49 0.00 0.00 2.10 401.15
4468 24.18 0.00 0.00 1.40 398.37
4469 23.94 0.00 0.00 1.00 396.97
4470 24.62 39.95 123.42 0.80 396.56
4471 26.10 205.72 482.45 1.00 391.43
4472 27.81 407.83 638.89 1.20 393.15
4473 29.52 598.74 674.87 0.30 390.34
4474 31.12 760.61 674.51 0.30 391.52
4475 32.54 880.12 670.31 0.20 393.27
4476 33.70 944.49 657.75 0.70 396.26
4477 34.54 935.11 611.39 0.60 399.25
4478 35.04 868.95 589.72 0.80 401.97
4479 35.21 756.62 617.81 0.50 404.66
4480 35.06 609.99 600.20 0.40 408.00
4481 34.42 418.03 540.93 0.40 415.18
4482 33.39 224.35 432.84 0.10 416.45
4483 32.13 60.20 266.47 0.00 419.49
4484 31.22 0.00 0.00 0.00 422.92
4485 30.31 0.00 0.00 0.10 418.63
4486 29.40 0.00 0.00 0.20 416.21
4487 28.50 0.00 0.00 0.10 416.49
4488 27.59 0.00 0.00 0.30 415.55
4489 27.05 0.00 0.00 0.40 414.58
4490 26.46 0.00 0.00 0.20 411.06
4491 26.14 0.00 0.00 0.10 412.99
4492 25.82 0.00 0.00 0.50 407.94
4493 25.58 0.00 0.00 0.10 409.05
4494 26.10 30.03 14.08 0.20 412.37
4495 27.11 142.49 83.40 0.20 416.60
4496 28.25 275.00 130.17 0.50 417.03
4497 28.79 273.87 24.24 1.30 424.19
4498 29.84 470.88 116.43 0.90 415.45
4499 30.38 437.92 81.23 0.70 433.51
4500 31.82 811.91 399.00 0.80 406.16
4501 33.04 883.11 525.28 1.50 402.81
4502 33.46 639.61 225.40 1.20 416.66
4503 33.87 685.75 423.84 2.60 407.82
4504 34.04 595.83 553.49 1.70 404.13
4505 33.89 441.98 604.42 1.50 404.26
4506 33.23 228.67 421.40 2.00 410.57
4507 32.32 81.89 299.78 2.30 406.56
4508 31.55 0.00 0.00 3.20 415.17
4509 30.78 0.00 0.00 5.30 417.10
4510 30.00 0.00 0.00 4.10 417.93
4511 29.23 0.00 0.00 2.80 416.98
4512 28.46 0.00 0.00 2.00 418.33
4513 27.77 0.00 0.00 2.60 426.52
4514 27.18 0.00 0.00 2.60 424.38
4515 26.43 0.00 0.00 2.10 421.90
4516 26.73 0.00 0.00 2.30 422.19
4517 26.06 0.00 0.00 2.50 423.98
4518 26.58 10.53 0.00 4.10 425.28
4519 25.50 76.42 0.00 3.20 428.84
4520 26.81 181.63 10.16 0.80 431.28
4521 26.53 216.75 6.42 0.50 432.49
4522 28.25 188.96 1.43 0.60 445.12
4523 28.06 242.46 5.64 1.00 441.13
4524 29.20 296.34 6.75 1.50 436.47
4525 29.83 473.20 80.62 2.10 429.86
4526 29.71 201.41 8.75 2.10 444.50
4527 30.06 392.49 59.67 2.90 432.51
4528 30.00 225.86 8.82 4.60 439.86
4529 29.97 248.08 59.22 2.80 432.39
4530 29.69 132.64 21.40 4.10 433.01
4531 29.24 35.52 7.82 2.30 435.95
4532 28.92 0.00 0.00 1.30 440.79
4533 28.60 0.00 0.00 0.60 441.69
4534 28.05 0.00 0.00 1.50 438.34
4535 27.93 0.00 0.00 0.70 436.04
4536 27.40 0.00 0.00 1.10 437.19
4537 27.65 0.00 0.00 0.80 434.33
4538 27.79 0.00 0.00 0.80 432.91
4539 27.70 0.00 0.00 1.70 437.84
4540 27.70 0.00 0.00 3.70 438.85
4541 27.00 0.00 0.00 3.40 434.38
4542 27.82 17.07 0.00 3.20 439.49
4543 28.93 93.02 1.73 5.30 442.22
4544 29.68 163.94 4.69 7.20 444.34
4545 30.38 251.90 12.93 5.60 438.96
4546 31.38 398.30 37.33 5.30 438.82
4547 32.31 483.62 59.73 6.00 442.06
4548 32.97 471.89 40.09 5.60 432.74
4549 33.20 360.80 18.14 6.30 436.08
4550 33.34 337.65 21.20 3.20 438.69
4551 33.36 285.18 10.69 2.50 439.28
4552 33.03 156.87 0.55 2.00 447.33
4553 32.44 33.79 0.00 2.00 454.30
4554 31.93 24.37 0.00 1.70 450.22
4555 31.16 4.96 0.00 1.40 464.64
4556 28.86 0.00 0.00 2.60 454.15
4557 29.90 0.00 0.00 1.70 455.29
4558 29.56 0.00 0.00 1.10 447.25
4559 28.44 0.00 0.00 1.70 444.64
4560 28.40 0.00 0.00 1.40 435.79
4561 27.76 0.00 0.00 1.20 436.90
4562 26.82 0.00 0.00 1.30 428.66
4563 26.56 0.00 0.00 0.70 426.49
4564 26.17 0.00 0.00 0.90 424.98
4565 25.84 0.00 0.00 0.80 416.04
4566 26.18 25.76 0.00 1.80 414.39
4567 26.55 127.53 63.79 1.10 417.30
4568 27.73 215.53 37.64 0.60 419.12
4569 27.96 189.96 5.11 0.90 429.25
4570 27.76 89.70 0.00 1.10 430.56
4571 28.38 376.72 49.00 2.60 417.06
4572 29.12 509.19 109.06 1.50 411.75
4573 30.47 915.18 504.40 1.40 392.35
4574 31.70 1019.69 880.87 1.30 385.38
4575 32.35 817.77 659.85 0.70 393.89
4576 31.94 279.79 34.86 1.20 426.21
4577 31.48 230.84 34.29 0.50 425.07
4578 30.78 81.68 0.00 0.70 439.73
4579 30.02 5.52 0.00 0.80 449.98
4580 29.80 0.00 0.00 0.60 453.19
4581 29.57 0.00 0.00 0.60 450.99
4582 29.34 0.00 0.00 0.40 450.65
4583 29.12 0.00 0.00 1.00 450.51
4584 28.89 0.00 0.00 1.00 447.86
4585 28.41 0.00 0.00 1.50 452.46
4586 28.83 0.00 0.00 1.50 445.73
4587 28.91 0.00 0.00 1.40 443.63
4588 28.99 0.00 0.00 0.60 445.45
4589 28.97 0.00 0.00 1.00 441.52
4590 28.17 16.22 0.00 0.90 444.87
4591 29.68 85.76 0.00 0.80 446.68
4592 30.58 186.02 12.42 1.70 440.31
4593 31.83 334.25 66.91 2.90 440.60
4594 32.68 394.32 34.27 4.10 445.07
4595 33.50 480.12 70.42 3.40 444.67
4596 34.19 517.49 78.01 3.40 437.03
4597 34.71 512.81 36.81 4.60 425.61
4598 34.94 422.09 46.40 3.70 428.15
4599 34.66 214.61 4.86 4.60 438.34
4600 34.13 111.85 0.00 6.60 458.13
4601 33.62 60.74 0.00 6.60 447.80
4602 33.12 33.03 0.00 6.30 447.76
4603 32.63 5.17 0.00 6.30 447.83
4604 31.92 0.00 0.00 9.00 458.26
4605 31.47 0.00 0.00 9.90 463.19
4606 30.90 0.00 0.00 10.40 457.34
4607 30.32 0.00 0.00 13.60 451.70
4608 29.74 0.00 0.00 11.20 448.01
4609 28.58 0.00 0.00 11.90 442.32
4610 27.32 0.00 0.00 9.40 432.85
4611 26.64 0.00 0.00 10.40 427.07
4612 25.95 0.00 0.00 9.40 420.14
4613 25.47 0.00 0.00 7.50 414.48
4614 25.88 31.64 45.74 7.20 414.42
4615 26.87 164.86 253.11 5.30 413.68
4616 28.01 327.30 324.27 7.90 413.70
4617 29.26 506.77 387.75 7.90 411.40
4618 30.52 674.84 478.23 7.50 412.04
4619 31.43 710.91 335.69 8.30 417.84
4620 32.22 785.16 376.90 5.60 416.60
4621 32.83 808.81 446.27 5.30 415.39
4622 33.20 759.14 416.65 5.60 419.18
4623 33.40 717.89 511.32 5.60 417.46
4624 33.22 513.70 315.60 3.70 420.57
4625 32.66 347.19 273.54 6.30 420.68
4626 31.79 167.91 130.72 7.50 430.55
4627 30.80 49.93 146.67 4.60 434.33
4628 29.85 0.00 0.00 3.70 435.95
4629 28.90 0.00 0.00 4.60 427.63
4630 27.95 0.00 0.00 4.60 424.57
4631 27.00 0.00 0.00 5.60 421.10
4632 26.05 0.00 0.00 7.50 416.34
4633 25.65 0.00 0.00 9.40 412.69
4634 25.21 0.00 0.00 7.20 408.74
4635 24.96 0.00 0.00 8.80 406.02
4636 24.71 0.00 0.00 6.90 403.31
4637 24.52 0.00 0.00 5.30 401.02
4638 25.00 29.23 25.01 5.00 402.73
4639 26.45 194.97 491.18 3.40 405.86
4640 28.31 428.11 712.60 2.60 404.04
4641 30.11 624.60 796.98 1.80 400.52
4642 31.73 780.34 744.62 1.50 402.44
4643 32.95 833.27 586.58 0.70 408.28
4644 33.67 777.91 347.32 1.00 415.96
4645 34.08 730.52 275.80 1.00 419.46
4646 34.30 684.42 297.56 3.20 422.63
4647 34.32 602.04 262.44 5.60 419.48
4648 33.91 441.47 162.52 3.40 424.17
4649 33.19 298.74 103.45 4.60 423.79
4650 32.27 165.69 87.91 5.30 425.34
4651 31.18 39.96 34.67 5.60 434.22
4652 30.36 0.00 0.00 3.70 435.64
4653 29.53 0.00 0.00 3.70 432.11
4654 28.70 0.00 0.00 1.50 429.73
4655 27.87 0.00 0.00 1.20 422.42
4656 27.05 0.00 0.00 0.70 416.70
4657 26.51 0.00 0.00 1.20 416.88
4658 25.96 0.00 0.00 1.80 414.11
4659 25.67 0.00 0.00 2.10 410.55
4660 25.39 0.00 0.00 2.00 405.68
4661 25.19 0.00 0.00 1.00 404.02
4662 25.87 42.36 206.52 0.50 403.61
4663 27.17 204.89 556.40 1.20 405.42
4664 28.76 418.04 683.59 0.40 402.61
4665 30.68 698.09 901.31 0.50 393.24
4666 32.47 894.98 985.51 0.40 392.09
4667 33.99 1020.63 742.49 1.10 396.26
4668 32.15 83.57 0.00 1.40 451.08
4669 31.16 198.98 9.03 0.30 438.96
4670 31.94 705.03 304.63 0.20 405.45
4671 31.73 414.14 74.00 0.10 433.78
4672 31.89 525.09 306.39 0.00 405.73
4673 31.86 467.48 605.26 0.00 399.49
4674 31.24 189.24 233.20 0.10 414.65
4675 30.44 54.46 200.01 0.30 416.36
4676 29.78 0.00 0.00 0.10 417.91
4677 29.12 0.00 0.00 0.10 414.66
4678 28.47 0.00 0.00 0.20 413.93
4679 27.81 0.00 0.00 0.00 414.77
4680 27.07 0.00 0.00 0.20 417.65
4681 26.59 0.00 0.00 0.20 421.44
4682 25.99 0.00 0.00 0.30 420.92
4683 25.68 0.00 0.00 0.60 420.27
4684 25.37 0.00 0.00 0.80 418.90
4685 25.15 0.00 0.00 0.40 416.97
4686 25.63 27.82 17.21 0.90 419.15
4687 26.30 105.53 17.01 0.40 415.64
4688 27.39 250.18 97.75 0.40 406.10
4689 29.17 527.69 398.72 0.40 394.51
4690 30.12 496.20 149.11 0.90 405.59
4691 30.87 539.29 125.49 0.70 406.94
4692 31.88 724.74 271.83 1.10 400.87
4693 32.72 763.92 324.15 0.90 402.91
4694 33.40 782.65 472.52 1.30 396.64
4695 34.03 832.14 740.45 1.10 390.44
4696 34.15 598.60 538.34 1.10 400.23
4697 33.76 371.97 322.80 1.20 401.35
4698 32.88 142.97 65.59 1.00 415.87
4699 31.89 40.22 33.49 0.70 420.91
4700 30.89 0.00 0.00 0.30 421.84
4701 29.88 0.00 0.00 0.90 418.17
4702 28.88 0.00 0.00 1.20 415.42
4703 27.87 0.00 0.00 1.50 411.89
4704 26.87 0.00 0.00 0.90 409.13
4705 26.03 0.00 0.00 1.40 404.76
4706 25.06 0.00 0.00 1.20 398.73
4707 24.52 0.00 0.00 0.60 397.06
4708 23.98 0.00 0.00 0.40 394.46
4709 23.58 0.00 0.00 0.50 395.42
4710 23.96 32.62 68.72 0.70 396.87
4711 25.01 183.40 433.81 1.10 400.74
4712 26.15 350.59 412.24 1.10 399.89
4713 27.51 569.62 596.66 1.00 394.21
4714 28.66 689.72 515.44 0.30 401.15
4715 29.61 777.55 499.68 0.40 402.96
4716 30.43 857.46 529.89 0.50 402.32
4717 31.03 867.81 532.53 1.30 402.31
4718 31.35 792.84 512.59 0.70 404.23
4719 31.44 705.41 485.47 0.80 404.42
4720 31.20 536.91 386.62 0.90 409.17
4721 30.62 371.00 344.09 1.10 409.90
4722 29.77 200.99 288.98 0.40 411.74
4723 28.73 50.71 159.94 0.50 420.00
4724 27.79 0.00 0.00 1.30 421.41
4725 26.84 0.00 0.00 1.20 417.76
4726 25.89 0.00 0.00 1.30 415.68
4727 24.94 0.00 0.00 1.00 411.30
4728 23.99 0.00 0.00 2.30 404.75
4729 23.73 0.00 0.00 3.20 402.41
4730 23.41 0.00 0.00 2.60 399.75
4731 23.22 0.00 0.00 3.70 397.92
4732 23.04 0.00 0.00 2.90 396.09
4733 22.90 0.00 0.00 2.60 394.53
4734 23.37 27.89 22.78 2.80 396.66
4735 24.64 169.90 311.72 3.20 403.66
4736 26.09 340.64 378.51 2.90 404.74
4737 28.02 603.65 653.26 3.70 394.31
4738 29.66 737.48 590.27 3.20 397.89
4739 30.82 765.97 472.76 3.40 405.07
4740 31.86 850.89 502.38 5.30 401.00
4741 32.54 814.48 437.06 3.70 400.51
4742 32.78 680.38 283.55 3.70 406.86
4743 32.85 619.59 287.93 3.70 409.98
4744 32.51 461.19 198.05 4.60 411.88
4745 31.89 335.37 163.79 7.20 414.06
4746 30.98 183.23 162.59 8.30 412.72
4747 29.89 48.97 156.41 4.60 416.34
4748 29.28 0.00 0.00 4.60 421.75
4749 28.67 0.00 0.00 2.60 421.51
4750 28.06 0.00 0.00 2.90 421.10
4751 27.45 0.00 0.00 3.20 421.66
4752 26.84 0.00 0.00 4.10 422.08
4753 26.52 0.00 0.00 5.00 419.86
4754 26.18 0.00 0.00 4.60 419.45
4755 26.01 0.00 0.00 2.90 419.93
4756 25.84 0.00 0.00 6.00 420.70
4757 24.29 0.00 0.00 3.40 420.78
4758 25.68 12.85 0.00 2.50 429.61
4759 26.18 64.13 0.00 1.70 428.26
4760 26.87 140.73 0.00 1.30 427.68
4761 27.61 264.17 17.07 1.80 420.75
4762 28.15 355.24 23.48 2.30 425.26
4763 28.99 352.83 13.87 3.20 430.08
4764 29.49 390.23 22.22 4.10 432.36
4765 30.01 473.91 40.21 3.40 418.76
4766 30.21 368.63 14.79 3.40 421.48
4767 30.26 320.34 17.44 5.00 436.52
4768 30.23 257.09 11.73 3.20 422.81
4769 29.74 108.46 0.00 2.60 444.90
4770 28.69 18.04 0.00 2.30 450.97
4771 28.80 13.78 0.00 2.90 443.34
4772 28.19 0.00 0.00 1.70 436.91
4773 27.59 0.00 0.00 1.50 430.55
4774 26.98 0.00 0.00 1.80 427.48
4775 26.37 0.00 0.00 2.00 422.53
4776 25.76 0.00 0.00 2.10 418.82
4777 25.20 0.00 0.00 1.50 415.16
4778 24.58 0.00 0.00 0.70 408.80
4779 24.23 0.00 0.00 1.00 403.69
4780 23.88 0.00 0.00 1.20 399.51
4781 23.62 0.00 0.00 1.10 394.97
4782 24.07 28.43 33.81 1.70 394.30
4783 25.32 171.22 369.03 1.80 398.34
4784 26.96 377.87 549.47 1.10 394.05
4785 28.68 582.30 650.60 0.50 390.91
4786 30.22 727.19 606.13 0.90 395.68
4787 31.58 842.44 583.84 0.80 399.55
4788 32.66 893.19 591.34 1.00 398.99
4789 33.46 893.56 575.22 0.70 397.50
4790 33.96 845.07 598.32 0.80 401.99
4791 34.13 729.37 561.32 0.80 402.08
4792 34.02 592.67 574.17 2.10 408.62
4793 33.41 401.47 482.99 2.60 413.30
4794 32.41 209.16 340.17 1.70 417.70
4795 31.20 50.93 152.81 2.50 427.38
4796 30.45 0.00 0.00 3.40 428.54
4797 29.69 0.00 0.00 3.70 427.00
4798 28.94 0.00 0.00 4.10 420.95
4799 28.19 0.00 0.00 2.90 420.04
4800 27.43 0.00 0.00 1.70 417.20
4801 27.08 0.00 0.00 1.50 410.82
4802 26.68 0.00 0.00 0.70 409.42
4803 26.46 0.00 0.00 0.60 406.91
4804 26.24 0.00 0.00 1.10 407.28
4805 26.08 0.00 0.00 0.70 410.89
4806 26.54 28.16 33.46 0.90 412.82
4807 27.89 182.38 323.69 0.20 416.30
4808 29.44 369.27 499.18 0.50 416.07
4809 31.04 555.08 584.44 0.40 410.06
4810 32.64 736.82 622.20 1.70 406.88
4811 33.99 837.66 550.54 2.00 409.73
4812 34.07 497.24 101.53 2.30 434.99
4813 33.88 526.98 61.55 4.10 444.63
4814 34.16 524.74 77.35 6.00 443.71
4815 34.22 481.97 110.27 5.00 434.30
4816 33.83 368.55 71.79 5.00 444.70
4817 33.30 258.46 59.09 6.90 436.01
4818 32.55 146.69 68.05 4.60 431.10
4819 31.64 33.91 8.98 2.50 436.49
4820 30.73 0.00 0.00 2.00 437.64
4821 29.83 0.00 0.00 2.80 430.51
4822 28.90 0.00 0.00 3.70 431.26
4823 28.01 0.00 0.00 4.60 430.07
4824 27.10 0.00 0.00 4.60 428.94
4825 26.45 0.00 0.00 2.60 424.30
4826 25.74 0.00 0.00 1.40 418.89
4827 25.37 0.00 0.00 1.30 415.54
4828 24.99 0.00 0.00 1.50 412.20
4829 24.72 0.00 0.00 1.50 409.56
4830 25.07 22.51 0.00 2.10 410.73
4831 26.10 142.79 120.39 3.40 409.04
4832 27.32 294.48 159.04 4.10 408.69
4833 28.30 384.76 128.90 6.00 411.41
4834 29.36 519.22 178.91 4.10 409.91
4835 30.20 572.13 121.88 2.90 408.03
4836 30.96 638.82 184.47 3.70 405.64
4837 31.89 806.53 427.85 6.00 397.08
4838 32.37 690.65 283.01 5.00 401.06
4839 32.82 731.35 525.89 2.90 396.31
4840 32.88 545.96 402.44 5.00 399.21
4841 32.51 359.52 323.86 2.80 403.79
4842 31.76 178.43 150.41 2.90 406.74
4843 30.81 36.19 29.87 2.80 415.51
4844 29.90 0.00 0.00 2.00 415.82
4845 29.00 0.00 0.00 1.10 410.47
4846 28.10 0.00 0.00 1.00 412.80
4847 27.20 0.00 0.00 0.30 409.06
4848 26.29 0.00 0.00 0.40 405.44
4849 25.67 0.00 0.00 0.40 404.14
4850 25.00 0.00 0.00 0.20 401.87
4851 24.64 0.00 0.00 0.40 401.96
4852 24.28 0.00 0.00 0.50 403.14
4853 24.03 0.00 0.00 0.20 399.35
4854 24.36 20.40 0.00 0.40 399.39
4855 24.95 90.48 8.40 0.90 397.56
4856 26.11 253.89 96.15 1.80 390.47
4857 27.25 382.37 126.76 3.40 387.73
4858 28.60 567.45 261.03 3.20 383.95
4859 30.06 759.98 466.98 2.90 381.75
4860 31.13 773.67 344.04 5.00 385.10
4861 32.12 858.25 496.96 3.70 381.74
4862 32.69 768.93 444.21 4.10 383.47
4863 32.83 598.79 269.45 4.10 393.43
4864 32.70 477.59 245.27 2.90 389.05
4865 32.43 419.01 512.13 2.60 383.81
4866 31.71 217.15 445.40 3.40 391.50
4867 30.70 43.47 93.86 2.00 405.47
4868 29.76 0.00 0.00 3.70 404.30
4869 28.83 0.00 0.00 3.70 402.57
4870 27.89 0.00 0.00 3.70 397.72
4871 26.95 0.00 0.00 3.20 396.70
4872 26.01 0.00 0.00 7.20 395.61
4873 25.34 0.00 0.00 6.30 390.94
4874 24.57 0.00 0.00 6.60 387.48
4875 24.13 0.00 0.00 8.30 388.45
4876 23.69 0.00 0.00 8.30 387.75
4877 23.37 0.00 0.00 6.60 388.10
4878 23.69 25.93 19.59 6.00 390.50
4879 24.71 163.76 350.59 2.50 392.46
4880 26.04 358.48 497.08 1.80 392.28
4881 27.49 562.87 621.75 1.50 392.88
4882 28.86 728.90 621.47 2.00 390.65
4883 30.06 845.84 600.37 2.30 392.86
4884 31.02 903.85 565.92 2.00 393.57
4885 31.72 906.50 552.92 1.80 392.18
4886 32.16 862.66 585.91 2.50 392.26
4887 32.32 752.28 620.36 4.10 391.18
4888 32.14 584.58 558.18 3.70 395.60
4889 31.54 393.38 463.88 3.40 398.11
4890 30.61 199.64 341.08 3.70 401.12
4891 29.48 46.79 123.78 7.90 405.56
4892 28.51 0.00 0.00 7.90 407.51
4893 27.54 0.00 0.00 5.30 407.13
4894 26.57 0.00 0.00 3.70 402.54
4895 25.60 0.00 0.00 1.70 399.67
4896 24.63 0.00 0.00 2.00 398.67
4897 24.23 0.00 0.00 1.70 398.51
4898 23.76 0.00 0.00 1.70 400.10
4899 23.49 0.00 0.00 2.00 399.21
4900 23.22 0.00 0.00 1.20 396.44
4901 23.01 0.00 0.00 1.40 395.67
4902 23.31 21.62 0.00 1.50 397.64
4903 24.14 126.75 98.64 2.10 401.10
4904 25.26 280.87 138.67 2.50 400.23
4905 26.46 436.79 219.91 0.60 390.46
4906 27.64 578.97 270.64 0.70 393.01
4907 28.58 640.12 192.63 0.70 397.06
4908 29.32 679.98 233.37 0.60 396.53
4909 30.12 799.04 408.21 0.90 395.28
4910 30.66 763.59 439.93 0.90 393.88
4911 30.99 716.51 519.00 1.50 391.87
4912 31.07 602.32 593.06 1.30 391.06
4913 30.85 453.77 659.35 1.00 392.08
4914 30.11 216.06 451.58 1.80 400.28
4915 29.11 49.68 175.51 1.50 404.58
4916 28.25 0.00 0.00 1.30 407.46
4917 27.39 0.00 0.00 2.00 405.14
4918 26.53 0.00 0.00 2.50 403.08
4919 25.67 0.00 0.00 1.30 402.18
4920 24.80 0.00 0.00 2.00 397.72
4921 24.38 0.00 0.00 1.30 399.29
4922 23.84 0.00 0.00 0.20 399.50
4923 23.51 0.00 0.00 0.30 399.78
4924 23.19 0.00 0.00 0.10 397.75
4925 22.94 0.00 0.00 0.00 398.39
4926 23.16 20.39 0.00 0.10 399.17
4927 23.99 137.53 136.03 0.10 398.81
4928 25.16 318.25 342.30 0.60 393.34
4929 26.34 481.19 343.55 1.30 387.49
4930 27.46 619.05 367.62 1.50 389.26
4931 28.45 726.59 374.31 1.20 386.45
4932 28.96 655.35 201.95 0.90 396.70
4933 29.35 669.06 162.79 1.20 396.81
4934 29.69 709.53 314.02 1.70 394.51
4935 29.87 660.73 370.34 2.00 389.54
4936 29.92 605.89 577.23 2.30 386.36
4937 29.60 417.36 587.43 3.40 387.12
4938 28.88 212.34 396.25 4.10 390.67
4939 27.94 50.23 144.42 3.70 395.67
4940 27.11 0.00 0.00 3.40 394.56
4941 26.29 0.00 0.00 5.30 397.23
4942 25.46 0.00 0.00 5.30 397.80
4943 24.64 0.00 0.00 2.90 396.47
4944 23.82 0.00 0.00 2.80 396.71
4945 23.60 0.00 0.00 2.80 399.39
4946 23.37 0.00 0.00 2.80 402.08
4947 23.25 0.00 0.00 4.10 402.92
4948 23.12 0.00 0.00 4.60 405.25
4949 23.03 0.00 0.00 3.20 405.30
4950 23.30 16.81 0.00 4.60 405.05
4951 23.94 103.18 36.80 2.60 410.64
4952 25.35 247.63 92.02 2.10 409.80
4953 26.55 387.62 138.26 3.70 405.85
4954 28.13 585.93 288.08 4.10 400.06
4955 29.47 688.60 328.03 2.60 400.80
4956 30.59 750.43 324.40 2.80 401.92
4957 31.34 714.67 212.12 2.30 402.91
4958 31.80 658.24 195.24 3.20 402.76
4959 32.08 614.12 286.05 3.70 404.39
4960 32.05 473.71 228.63 5.30 403.03
4961 31.59 317.58 153.06 4.60 402.52
4962 30.89 195.39 339.56 3.20 402.04
4963 29.94 48.65 125.71 1.80 406.15
4964 29.16 0.00 0.00 0.40 408.49
4965 28.37 0.00 0.00 0.20 409.43
4966 27.59 0.00 0.00 0.10 405.91
4967 26.80 0.00 0.00 0.20 406.93
4968 26.02 0.00 0.00 0.40 403.17
4969 25.35 0.00 0.00 0.20 399.17
4970 24.63 0.00 0.00 0.10 392.73
4971 24.24 0.00 0.00 0.70 390.79
4972 23.86 0.00 0.00 0.30 393.34
4973 23.59 0.00 0.00 0.60 399.83
4974 23.91 20.86 0.00 0.40 399.56
4975 24.87 134.15 112.95 0.10 401.14
4976 26.03 280.37 143.46 0.40 400.91
4977 27.31 441.77 234.82 0.40 397.37
4978 28.62 599.52 315.56 0.90 395.20
4979 29.99 771.07 494.58 0.70 391.21
4980 31.24 885.31 554.62 1.20 388.75
4981 32.09 847.92 497.55 1.40 392.46
4982 32.69 828.36 553.27 2.30 395.08
4983 33.06 764.83 595.18 2.60 388.90
4984 33.03 571.73 510.35 1.80 390.32
4985 32.49 364.02 326.33 2.00 394.85
4986 31.55 160.59 113.07 1.80 406.50
4987 30.47 36.35 32.58 2.10 408.74
4988 29.55 0.00 0.00 1.30 413.14
4989 28.64 0.00 0.00 1.10 409.69
4990 27.72 0.00 0.00 1.30 407.67
4991 26.80 0.00 0.00 1.20 406.72
4992 25.89 0.00 0.00 1.80 404.07
4993 25.21 0.00 0.00 1.80 405.59
4994 24.52 0.00 0.00 0.70 405.17
4995 24.13 0.00 0.00 1.00 405.00
4996 23.74 0.00 0.00 2.10 401.94
4997 23.33 0.00 0.00 2.30 396.05
4998 23.30 17.99 0.00 1.30 395.81
4999 24.35 107.06 42.76 0.80 398.63
5000 25.31 226.27 60.95 0.90 401.05
5001 26.36 373.00 130.82 1.40 402.97
5002 26.69 292.28 14.77 1.30 401.78
5003 27.25 419.46 51.27 1.40 393.02
5004 27.99 562.27 109.77 1.80 386.71
5005 28.67 624.45 165.84 2.30 386.97
5006 29.43 752.03 410.73 4.60 382.34
5007 29.75 596.75 264.72 4.10 388.99
5008 29.81 475.86 231.17 2.80 391.43
5009 29.67 377.43 373.00 2.30 392.66
5010 29.18 222.38 448.00 2.90 389.33
5011 28.39 50.94 169.38 2.30 400.68
5012 27.79 0.00 0.00 1.50 408.49
5013 27.19 0.00 0.00 1.30 407.28
5014 26.60 0.00 0.00 1.20 407.14
5015 26.00 0.00 0.00 2.00 411.06
5016 25.40 0.00 0.00 2.10 412.32
5017 25.20 0.00 0.00 3.70 416.13
5018 25.02 0.00 0.00 4.10 417.27
5019 24.95 0.00 0.00 3.20 420.42
5020 24.87 0.00 0.00 4.60 423.38
5021 24.83 0.00 0.00 4.60 423.41
5022 24.99 6.49 0.00 2.60 423.19
5023 25.06 13.60 0.00 1.50 429.30
5024 24.53 30.79 0.00 1.40 434.18
5025 25.18 48.45 0.00 0.60 435.40
5026 25.48 63.68 0.00 1.10 435.27
5027 25.70 74.82 0.00 1.80 434.83
5028 25.88 80.96 0.00 1.20 431.14
5029 27.35 597.24 159.02 1.30 407.40
5030 28.00 388.74 52.39 1.30 422.08
5031 29.03 639.78 314.72 1.20 396.70
5032 29.92 664.44 727.10 0.90 387.14
5033 30.30 447.36 598.62 1.50 393.11
5034 30.25 224.56 402.20 1.00 404.46
5035 29.77 50.20 139.81 1.40 411.63
5036 29.44 0.00 0.00 1.80 414.81
5037 29.12 0.00 0.00 1.30 418.82
5038 28.79 0.00 0.00 1.00 419.72
5039 28.47 0.00 0.00 1.00 420.65
5040 28.14 0.00 0.00 0.30 419.77
5041 27.68 0.00 0.00 0.30 418.51
5042 27.22 0.00 0.00 0.40 417.72
5043 26.99 0.00 0.00 1.00 419.92
5044 26.76 0.00 0.00 2.50 421.85
5045 26.60 0.00 0.00 3.20 424.75
5046 26.77 9.24 0.00 2.80 425.89
5047 27.15 58.48 0.00 2.80 432.21
5048 26.97 46.71 0.00 4.60 441.11
5049 26.63 81.41 0.00 3.20 437.18
5050 27.42 59.40 0.00 2.10 438.15
5051 28.35 337.83 37.58 2.10 426.84
5052 29.51 543.03 98.31 2.30 423.32
5053 30.11 418.51 38.49 1.70 434.56
5054 30.72 503.02 89.80 2.50 415.68
5055 30.70 314.78 28.48 2.50 439.07
5056 31.17 418.03 163.25 1.70 412.85
5057 31.36 376.53 378.45 1.80 399.12
5058 31.11 157.27 153.62 1.70 407.91
5059 30.58 15.31 0.00 3.20 427.71
5060 29.79 0.00 0.00 4.10 425.13
5061 29.00 0.00 0.00 5.60 422.77
5062 28.20 0.00 0.00 6.90 419.88
5063 27.41 0.00 0.00 6.00 415.13
5064 26.62 0.00 0.00 6.30 410.18
5065 25.83 0.00 0.00 6.00 409.05
5066 24.92 0.00 0.00 6.00 401.95
5067 24.40 0.00 0.00 6.90 396.67
5068 23.89 0.00 0.00 3.70 394.22
5069 23.51 0.00 0.00 2.30 390.71
5070 23.70 18.85 0.00 1.70 395.07
5071 24.65 147.16 289.10 1.10 396.02
5072 25.78 306.81 325.28 1.70 394.78
5073 27.02 485.73 381.25 1.80 393.12
5074 28.29 654.42 464.45 2.60 398.40
5075 29.72 882.60 673.15 2.30 396.64
5076 30.71 879.83 559.05 2.60 405.41
5077 31.46 898.12 579.73 2.10 406.39
5078 32.01 899.22 700.53 1.80 403.87
5079 32.26 792.96 741.31 1.80 402.76
5080 32.18 621.67 675.97 1.80 405.69
5081 31.63 416.02 547.37 3.40 411.79
5082 30.69 206.81 355.01 3.70 415.93
5083 29.54 44.86 111.21 6.60 424.66
5084 29.03 0.00 0.00 3.40 427.83
5085 28.52 0.00 0.00 2.60 427.28
5086 28.00 0.00 0.00 1.30 423.38
5087 27.49 0.00 0.00 1.80 424.90
5088 26.97 0.00 0.00 1.40 423.31
5089 27.19 0.00 0.00 1.20 423.79
5090 27.35 0.00 0.00 2.30 423.12
5091 27.44 0.00 0.00 1.90 424.51
5092 27.54 0.00 0.00 2.10 426.84
5093 27.60 0.00 0.00 2.30 424.20
5094 27.73 5.93 0.00 1.20 424.55
5095 28.79 115.36 83.60 1.30 425.39
5096 29.83 221.71 83.20 1.90 426.31
5097 32.01 567.37 548.29 1.10 408.47
5098 34.02 748.40 599.92 1.50 411.11
5099 33.69 224.57 22.72 0.90 451.03
5100 33.94 420.04 40.12 1.20 452.52
5101 34.40 491.31 67.60 0.80 437.98
5102 34.14 281.93 6.33 0.50 460.71
5103 34.21 347.79 23.72 0.70 442.27
5104 33.79 226.36 9.48 0.90 458.22
5105 32.91 66.35 0.00 1.30 468.48
5106 32.46 14.88 0.00 0.60 472.60
5107 31.82 3.15 0.00 0.20 469.65
5108 31.37 0.00 0.00 0.50 465.19
5109 30.91 0.00 0.00 0.30 460.75
5110 30.45 0.00 0.00 0.00 459.53
5111 29.84 0.00 0.00 0.20 454.73
5112 28.79 0.00 0.00 0.20 453.50
5113 28.99 0.00 0.00 0.30 448.01
5114 28.32 0.00 0.00 0.80 442.62
5115 28.14 0.00 0.00 0.90 442.58
5116 27.84 0.00 0.00 0.70 440.29
5117 27.59 0.00 0.00 0.70 440.38
5118 27.83 14.04 0.00 0.70 440.56
5119 28.28 77.94 0.10 0.70 436.21
5120 28.82 159.92 6.61 1.50 436.61
5121 29.67 321.05 67.84 2.10 424.16
5122 30.44 409.44 73.29 1.50 425.45
5123 31.21 519.65 102.68 1.50 420.99
5124 32.03 651.30 206.98 1.50 417.46
5125 32.31 467.76 56.52 1.30 426.23
5126 32.47 439.42 56.35 1.90 427.22
5127 31.90 116.97 0.00 2.50 444.27
5128 31.48 142.51 0.00 4.21 441.29
5129 30.92 41.68 0.00 4.21 445.86
5130 30.50 69.52 0.00 5.91 437.69
5131 29.99 3.78 0.00 6.31 457.18
5132 29.63 0.00 0.00 5.01 454.57
5133 29.22 0.00 0.00 3.91 451.65
5134 27.96 0.00 0.00 4.91 452.12
5135 28.49 0.00 0.00 3.51 450.41
5136 27.99 0.00 0.00 2.50 446.48
5137 26.21 0.00 0.00 2.50 445.21
5138 27.24 0.00 0.00 1.70 446.38
5139 26.00 0.00 0.00 1.70 442.00
5140 26.79 0.00 0.00 0.40 444.34
5141 27.63 0.00 0.00 0.30 441.91
5142 27.75 4.12 0.00 0.90 445.16
5143 27.88 24.16 0.00 0.50 442.90
5144 28.37 80.12 0.00 1.60 439.06
5145 28.93 267.99 27.31 1.90 431.93
5146 29.72 242.25 2.69 2.10 443.68
5147 30.40 265.20 2.45 2.80 445.29
5148 31.01 328.32 15.62 3.00 446.46
5149 31.23 278.68 3.69 2.10 450.97
5150 31.16 326.90 16.45 2.10 450.11
5151 31.55 267.98 8.87 2.80 454.06
5152 31.79 238.56 9.27 2.50 450.59
5153 31.80 208.23 19.06 0.80 446.55
5154 31.29 119.63 23.35 0.90 447.12
5155 29.82 23.39 0.00 1.90 447.07
5156 30.35 0.00 0.00 1.70 442.74
5157 29.78 0.00 0.00 1.90 443.51
5158 29.12 0.00 0.00 2.30 438.65
5159 28.14 0.00 0.00 2.50 432.11
5160 27.65 0.00 0.00 3.00 423.77
5161 27.18 0.00 0.00 2.80 422.80
5162 26.54 0.00 0.00 2.30 420.22
5163 26.21 0.00 0.00 2.50 417.76
5164 25.87 0.00 0.00 3.30 414.10
5165 25.64 0.00 0.00 3.30 411.08
5166 25.93 20.22 0.00 2.10 409.13
5167 26.91 151.96 342.16 1.30 409.90
5168 28.36 374.70 597.16 0.90 406.96
5169 29.95 601.10 744.21 0.90 398.85
5170 31.49 796.98 768.40 0.90 399.96
5171 32.29 713.49 335.09 1.70 416.62
5172 33.15 844.51 510.25 2.30 415.79
5173 33.36 625.79 171.75 2.30 426.34
5174 33.56 648.15 254.34 3.51 423.94
5175 33.18 394.08 66.11 2.80 435.53
5176 32.20 118.17 0.00 2.80 449.54
5177 31.20 31.98 0.00 4.71 454.45
5178 30.31 15.69 0.00 3.71 452.16
5179 29.53 3.17 0.00 3.30 449.88
5180 29.08 0.00 0.00 2.50 445.89
5181 28.63 0.00 0.00 2.80 441.08
5182 28.19 0.00 0.00 3.30 440.40
5183 27.74 0.00 0.00 3.00 434.07
5184 27.30 0.00 0.00 3.51 429.59
5185 26.53 0.00 0.00 5.51 432.85
5186 25.96 0.00 0.00 5.51 429.75
5187 26.38 0.00 0.00 6.31 428.49
5188 26.41 0.00 0.00 6.81 429.82
5189 26.31 0.00 0.00 8.01 425.88
5190 26.46 8.81 0.00 5.51 424.05
5191 27.08 87.16 18.55 4.91 422.44
5192 28.15 247.71 107.18 3.51 415.83
5193 29.15 363.92 117.11 4.41 421.13
5194 29.64 347.89 24.96 3.91 431.95
5195 30.14 405.20 28.81 1.90 434.61
5196 30.58 418.69 34.79 2.50 438.22
5197 29.21 421.79 28.28 2.50 436.30
5198 30.58 279.83 6.26 2.80 449.35
5199 30.57 197.64 3.86 3.10 449.49
5200 30.13 68.37 0.00 3.71 454.97
5201 29.41 35.89 0.00 3.00 455.60
5202 29.29 62.90 0.00 2.80 442.42
5203 28.74 9.72 0.00 1.70 436.71
5204 28.27 0.00 0.00 2.50 433.81
5205 27.67 0.00 0.00 2.80 429.80
5206 27.08 0.00 0.00 2.30 425.86
5207 26.48 0.00 0.00 3.91 423.15
5208 25.88 0.00 0.00 4.71 419.74
5209 25.21 0.00 0.00 4.41 413.46
5210 24.44 0.00 0.00 3.00 406.57
5211 24.00 0.00 0.00 4.91 401.77
5212 23.56 0.00 0.00 4.41 397.01
5213 23.23 0.00 0.00 4.21 392.95
5214 23.44 18.20 0.00 3.51 394.43
5215 24.60 164.83 492.93 2.80 399.31
5216 26.17 383.16 706.80 3.30 398.47
5217 27.84 602.71 821.01 3.30 393.97
5218 29.44 786.09 854.98 1.30 395.32
5219 30.84 916.24 857.21 2.10 394.84
5220 31.99 989.88 859.72 1.60 395.56
5221 32.82 986.93 829.79 1.10 397.80
5222 33.33 926.10 823.17 1.50 399.73
5223 33.51 806.77 813.87 1.60 405.26
5224 33.34 634.64 782.30 1.50 402.51
5225 32.67 424.56 689.64 1.70 402.79
5226 31.60 206.78 516.30 2.80 408.50
5227 30.31 34.85 68.37 2.50 406.09
5228 29.24 0.00 0.00 3.10 405.29
5229 28.17 0.00 0.00 2.10 402.31
5230 27.10 0.00 0.00 3.10 400.40
5231 26.03 0.00 0.00 3.91 399.36
5232 24.97 0.00 0.00 4.71 395.86
5233 24.48 0.00 0.00 3.91 395.96
5234 23.93 0.00 0.00 4.41 393.37
5235 23.62 0.00 0.00 3.91 393.56
5236 23.32 0.00 0.00 2.80 391.39
5237 23.09 0.00 0.00 1.90 390.85
5238 23.36 17.52 0.00 2.10 391.80
5239 24.62 160.23 466.02 1.30 394.77
5240 26.31 372.95 662.56 1.10 393.52
5241 28.09 581.57 747.41 3.00 389.79
5242 29.81 765.16 793.32 2.50 388.42
5243 31.33 891.45 787.07 3.91 392.28
5244 32.58 961.70 781.70 5.51 393.11
5245 33.52 969.24 780.83 5.91 390.55
5246 34.12 911.27 781.84 4.71 395.38
5247 34.37 791.94 770.64 3.00 393.84
5248 34.23 616.57 705.58 3.91 393.18
5249 33.56 406.93 615.16 3.00 400.06
5250 32.46 195.32 448.59 3.71 409.55
5251 31.15 32.81 52.84 3.51 409.14
5252 30.12 0.00 0.00 2.30 413.95
5253 29.08 0.00 0.00 0.90 410.87
5254 28.04 0.00 0.00 1.60 410.57
5255 27.01 0.00 0.00 2.10 407.02
5256 25.97 0.00 0.00 2.80 406.73
5257 25.28 0.00 0.00 3.30 402.20
5258 24.48 0.00 0.00 3.10 397.00
5259 24.02 0.00 0.00 1.90 393.89
5260 23.56 0.00 0.00 2.10 390.79
5261 23.22 0.00 0.00 3.71 385.89
5262 23.39 16.59 0.00 3.10 389.06
5263 24.66 176.29 600.06 2.50 391.61
5264 26.32 404.80 816.71 4.41 387.96
5265 28.07 630.42 905.52 4.71 387.27
5266 29.74 822.55 941.23 5.51 388.23
5267 31.20 957.36 949.36 6.81 387.22
5268 32.40 1035.69 958.28 8.01 387.44
5269 33.30 1043.04 957.37 7.41 385.78
5270 33.85 983.27 956.54 3.91 385.30
5271 34.06 863.14 951.45 3.71 382.33
5272 33.93 686.33 932.34 3.71 382.88
5273 33.25 464.93 866.86 2.50 382.94
5274 32.14 230.63 688.83 4.21 386.78
5275 30.75 33.61 66.07 3.91 387.48
5276 29.67 0.00 0.00 2.10 391.16
5277 28.59 0.00 0.00 2.30 392.16
5278 27.52 0.00 0.00 0.90 388.29
5279 26.44 0.00 0.00 0.90 386.94
5280 25.36 0.00 0.00 0.80 384.38
5281 24.92 0.00 0.00 1.70 383.55
5282 24.43 0.00 0.00 1.10 380.90
5283 24.15 0.00 0.00 3.00 383.13
5284 23.87 0.00 0.00 3.30 382.88
5285 23.67 0.00 0.00 2.80 384.26
5286 23.90 14.57 0.00 2.50 385.98
5287 25.37 168.48 373.53 3.30 389.28
5288 26.57 281.21 219.37 2.80 397.12
5289 27.76 407.27 204.64 3.10 397.64
5290 29.50 669.55 508.67 2.80 390.81
5291 30.56 645.13 251.40 4.91 399.72
5292 30.93 516.11 83.65 6.81 409.30
5293 31.55 657.67 210.02 5.51 405.38
5294 31.94 624.93 228.46 6.31 406.32
5295 32.06 532.97 164.21 6.31 411.59
5296 31.92 425.14 184.09 6.31 412.99
5297 31.81 433.94 600.13 6.31 399.68
5298 31.19 232.67 649.08 5.91 396.18
5299 30.19 41.44 179.49 6.31 392.35
5300 29.29 0.00 0.00 6.81 394.63
5301 28.39 0.00 0.00 4.91 394.81
5302 27.49 0.00 0.00 6.81 393.89
5303 26.59 0.00 0.00 5.51 394.37
5304 25.69 0.00 0.00 5.91 392.78
5305 25.12 0.00 0.00 8.71 397.12
5306 24.55 0.00 0.00 6.81 394.53
5307 24.26 0.00 0.00 5.21 392.13
5308 23.98 0.00 0.00 7.41 390.78
5309 23.78 0.00 0.00 6.31 391.89
5310 23.92 9.34 0.00 4.41 393.58
5311 24.53 89.96 33.84 4.41 398.04
5312 25.45 229.91 85.43 3.71 395.70
5313 26.23 312.64 65.30 4.21 398.91
5314 26.81 351.28 51.97 3.30 402.37
5315 28.12 711.94 341.42 3.00 388.01
5316 29.08 724.33 294.58 3.00 391.89
5317 29.69 668.89 173.40 2.50 390.96
5318 30.14 652.46 270.66 3.51 389.43
5319 29.63 303.99 26.82 2.50 420.78
5320 29.19 137.36 0.00 3.10 420.81
5321 28.48 55.49 0.00 2.30 422.86
5322 27.80 19.39 0.00 3.30 424.93
5323 27.17 9.30 0.00 2.30 435.37
5324 26.73 0.00 0.00 2.10 431.84
5325 26.25 0.00 0.00 2.50 427.30
5326 25.78 0.00 0.00 1.70 422.79
5327 25.31 0.00 0.00 1.50 418.31
5328 24.77 0.00 0.00 2.10 414.53
5329 24.47 0.00 0.00 2.50 415.73
5330 24.07 0.00 0.00 1.90 412.70
5331 23.66 0.00 0.00 2.30 409.10
5332 23.44 0.00 0.00 2.30 407.96
5333 23.23 0.00 0.00 2.10 404.19
5334 23.07 10.42 0.00 2.50 397.32
5335 24.76 93.11 44.14 2.50 402.89
5336 26.12 243.13 144.26 2.30 392.12
5337 25.68 106.64 0.00 2.10 422.74
5338 26.08 235.76 2.51 1.60 404.03
5339 26.08 262.36 2.40 1.10 417.92
5340 26.41 238.18 5.14 2.30 422.91
5341 27.14 465.47 83.00 1.90 414.27
5342 27.99 596.55 191.14 1.10 394.22
5343 28.60 592.48 279.73 1.50 385.76
5344 28.79 433.27 214.67 1.60 388.17
5345 28.98 461.24 728.46 2.30 377.47
5346 28.69 240.90 728.61 2.10 381.90
5347 27.95 41.82 153.13 1.60 384.96
5348 27.36 0.00 0.00 4.41 389.77
5349 26.77 0.00 0.00 4.71 388.79
5350 26.19 0.00 0.00 4.41 386.93
5351 25.60 0.00 0.00 3.30 385.46
5352 25.02 0.00 0.00 3.10 386.60
5353 24.60 0.00 0.00 1.70 383.24
5354 24.12 0.00 0.00 2.10 377.88
5355 23.63 0.00 0.00 2.10 377.86
5356 23.36 0.00 0.00 1.30 377.05
5357 23.08 0.00 0.00 1.60 377.13
5358 22.87 13.26 0.00 2.50 380.71
5359 25.39 169.79 592.21 1.70 388.77
5360 27.09 401.89 824.96 2.30 385.45
5361 28.77 630.45 916.16 3.30 385.37
5362 30.30 823.49 898.54 4.21 382.94
5363 31.49 919.73 756.55 3.51 383.50
5364 31.50 621.02 178.92 3.51 401.23
5365 31.48 616.71 170.04 4.41 396.01
5366 31.30 563.79 154.57 5.21 401.17
5367 30.98 505.62 159.17 4.41 399.90
5368 30.29 344.88 76.31 4.71 403.93
5369 29.45 229.93 52.07 4.41 404.43
5370 28.48 111.62 34.40 3.10 402.85
5371 27.46 17.82 0.00 3.91 397.91
5372 26.82 0.00 0.00 1.30 397.17
5373 26.19 0.00 0.00 1.20 389.83
5374 25.56 0.00 0.00 1.30 388.61
5375 24.93 0.00 0.00 0.70 380.61
5376 24.30 0.00 0.00 1.50 381.24
5377 24.00 0.00 0.00 0.90 382.91
5378 23.61 0.00 0.00 0.60 383.58
5379 23.21 0.00 0.00 1.10 378.82
5380 22.97 0.00 0.00 1.30 376.04
5381 22.72 0.00 0.00 1.50 374.32
5382 22.52 15.74 0.00 2.30 371.67
5383 24.98 157.77 465.53 2.10 377.32
5384 26.70 382.04 707.26 1.70 374.02
5385 28.44 609.33 837.59 1.10 376.95
5386 30.04 802.96 917.17 0.50 372.35
5387 31.42 943.27 935.87 0.20 371.37
5388 32.51 1019.60 858.24 0.40 375.67
5389 32.51 695.77 314.78 0.50 392.80
5390 32.23 604.66 200.17 2.30 399.87
5391 32.04 624.03 335.11 2.50 390.23
5392 31.81 601.14 631.76 3.00 381.06
5393 31.18 432.55 734.90 3.00 381.88
5394 30.11 202.95 536.12 2.50 387.70
5395 28.83 32.78 72.77 1.90 385.41
5396 27.99 0.00 0.00 1.30 388.72
5397 27.15 0.00 0.00 1.20 388.80
5398 26.32 0.00 0.00 0.80 385.17
5399 25.48 0.00 0.00 0.90 383.01
5400 24.64 0.00 0.00 0.50 378.86
5401 24.29 0.00 0.00 1.20 376.63
5402 23.86 0.00 0.00 1.70 377.44
5403 23.43 0.00 0.00 1.90 382.43
5404 23.18 0.00 0.00 2.80 381.58
5405 22.92 0.00 0.00 1.60 382.85
5406 22.72 11.03 0.00 1.60 385.21
5407 24.51 117.39 142.01 1.10 394.18
5408 25.91 304.01 365.07 0.80 389.83
5409 27.14 456.69 333.38 1.20 391.26
5410 28.24 590.14 343.25 1.20 387.06
5411 29.16 681.92 303.78 0.70 387.65
5412 30.02 784.76 434.05 0.70 387.30
5413 30.68 813.65 500.74 0.40 384.77
5414 31.05 761.80 504.07 0.40 387.31
5415 31.17 677.68 495.60 0.20 382.66
5416 30.85 485.58 328.49 1.10 386.01
5417 30.16 317.91 299.08 1.90 389.16
5418 29.15 132.17 125.07 4.21 397.27
5419 28.05 17.89 0.00 3.10 399.32
5420 27.52 0.00 0.00 1.10 403.47
5421 26.98 0.00 0.00 1.70 400.59
5422 26.45 0.00 0.00 1.50 401.88
5423 25.92 0.00 0.00 0.90 398.55
5424 25.38 0.00 0.00 0.70 401.48
5425 25.23 0.00 0.00 0.70 400.56
5426 25.08 0.00 0.00 1.20 402.07
5427 24.93 0.00 0.00 1.10 404.44
5428 24.85 0.00 0.00 1.20 402.48
5429 24.78 0.00 0.00 0.60 403.64
5430 24.53 9.52 0.00 0.70 411.25
5431 25.35 63.27 0.00 1.20 417.87
5432 25.60 34.16 0.00 0.90 427.54
5433 26.73 241.39 18.73 1.30 416.88
5434 27.64 298.45 14.07 0.60 422.85
5435 28.50 374.80 22.99 0.60 426.13
5436 29.13 405.29 26.53 0.30 414.26
5437 29.86 511.76 79.44 0.40 402.52
5438 30.33 477.01 71.43 0.50 403.98
5439 30.84 546.69 223.64 1.20 398.12
5440 31.03 430.46 173.57 2.30 401.10
5441 30.91 294.78 196.93 2.10 399.03
5442 30.30 102.36 28.49 4.71 407.89
5443 29.57 15.94 0.00 2.50 404.99
5444 29.02 0.00 0.00 1.20 408.53
5445 28.48 0.00 0.00 1.20 408.37
5446 27.93 0.00 0.00 1.20 407.54
5447 27.38 0.00 0.00 0.90 405.10
5448 26.83 0.00 0.00 0.40 400.39
5449 26.28 0.00 0.00 0.40 399.69
5450 25.68 0.00 0.00 0.60 402.83
5451 25.09 0.00 0.00 0.80 396.56
5452 24.77 0.00 0.00 1.20 395.29
5453 24.45 0.00 0.00 1.10 398.62
5454 24.22 8.54 0.00 2.50 399.53
5455 25.32 72.38 4.93 3.91 403.08
5456 26.35 208.44 73.52 4.21 399.95
5457 27.55 378.50 151.46 3.51 396.34
5458 28.46 460.41 132.80 5.01 400.88
5459 28.78 413.89 32.26 5.91 422.32
5460 29.30 499.68 79.94 7.41 410.68
5461 30.10 715.55 285.74 5.91 401.65
5462 30.50 613.16 191.98 4.41 409.05
5463 30.66 541.75 212.26 4.41 408.87
5464 30.50 388.30 143.50 5.01 413.60
5465 29.87 186.95 30.36 4.21 422.36
5466 28.95 15.25 0.00 3.71 437.85
5467 28.16 10.94 0.00 2.80 432.98
5468 27.63 0.00 0.00 3.10 431.44
5469 27.11 0.00 0.00 4.21 430.47
5470 26.58 0.00 0.00 3.91 425.69
5471 26.06 0.00 0.00 4.21 420.05
5472 25.53 0.00 0.00 4.41 416.03
5473 25.22 0.00 0.00 3.51 408.78
5474 24.83 0.00 0.00 4.71 407.31
5475 24.44 0.00 0.00 6.31 400.99
5476 24.21 0.00 0.00 5.21 394.83
5477 23.98 0.00 0.00 5.91 392.30
5478 23.81 10.26 0.00 5.51 394.23
5479 26.27 143.94 370.18 6.81 400.32
5480 28.11 360.13 615.72 5.51 396.76
5481 29.98 583.81 654.01 9.31 397.05
5482 30.30 450.56 133.84 8.71 411.83
5483 30.19 374.76 22.86 9.31 418.48
5484 30.57 536.32 99.62 6.81 413.14
5485 30.89 562.88 90.54 8.01 409.85
5486 31.14 574.61 149.46 7.41 405.46
5487 31.14 484.42 122.39 7.41 409.30
5488 30.82 372.56 114.10 6.81 409.29
5489 30.32 285.04 183.14 8.01 407.71
5490 29.63 181.65 358.77 7.41 405.00
5491 28.67 25.95 35.13 5.51 403.83
5492 28.16 0.00 0.00 3.30 406.51
5493 27.66 0.00 0.00 4.21 411.62
5494 27.15 0.00 0.00 3.00 409.17
5495 26.64 0.00 0.00 2.50 416.60
5496 26.14 0.00 0.00 1.30 418.59
5497 25.98 0.00 0.00 1.10 422.24
5498 25.87 0.00 0.00 1.90 422.17
5499 25.76 0.00 0.00 1.60 423.05
5500 25.69 0.00 0.00 2.50 426.09
5501 25.58 0.00 0.00 3.10 421.98
5502 25.70 4.37 0.00 4.91 428.95
5503 26.28 35.44 0.00 5.51 427.01
5504 26.87 105.69 0.00 5.21 425.60
5505 27.82 248.79 35.94 6.81 413.19
5506 29.49 557.87 311.79 8.01 400.74
5507 30.41 521.51 123.86 11.72 409.94
5508 32.26 1005.75 829.20 6.31 388.77
5509 33.16 803.96 427.37 5.21 402.63
5510 33.34 536.75 128.76 3.30 414.86
5511 32.87 296.15 15.31 3.00 424.01
5512 32.25 198.80 5.64 2.30 422.85
5513 31.38 40.65 0.00 3.30 433.43
5514 30.61 13.06 0.00 2.80 435.44
5515 29.94 1.77 0.00 2.80 428.93
5516 29.47 0.00 0.00 3.91 432.91
5517 28.99 0.00 0.00 4.21 426.84
5518 28.52 0.00 0.00 5.51 423.48
5519 28.04 0.00 0.00 4.21 418.53
5520 27.57 0.00 0.00 5.21 421.68
5521 26.86 0.00 0.00 6.81 416.30
5522 26.07 0.00 0.00 10.11 412.37
5523 25.27 0.00 0.00 9.31 409.80
5524 24.84 0.00 0.00 5.91 406.99
5525 24.40 0.00 0.00 5.21 402.63
5526 24.08 9.22 0.00 5.01 403.83
5527 26.05 124.27 263.39 4.41 405.93
5528 27.57 318.48 471.56 3.91 399.67
5529 29.11 515.36 550.69 2.80 396.72
5530 30.49 673.98 588.88 4.21 392.00
5531 31.76 815.34 591.85 3.71 391.35
5532 32.77 885.22 591.85 2.30 392.19
5533 33.47 886.94 582.11 4.21 399.54
5534 33.90 851.97 638.38 3.51 402.71
5535 33.98 719.58 598.15 4.41 407.57
5536 33.60 538.61 551.45 3.71 413.26
5537 32.81 352.25 466.83 4.71 409.82
5538 31.68 158.71 312.65 5.51 416.95
5539 30.41 19.62 0.00 6.81 417.33
5540 29.79 0.00 0.00 3.71 420.94
5541 29.16 0.00 0.00 3.10 418.78
5542 28.54 0.00 0.00 3.71 420.98
5543 27.92 0.00 0.00 3.71 421.19
5544 27.30 0.00 0.00 5.51 422.52
5545 27.07 0.00 0.00 4.71 420.08
5546 26.82 0.00 0.00 4.21 425.07
5547 26.58 0.00 0.00 3.51 428.80
5548 26.45 0.00 0.00 1.70 429.01
5549 26.32 0.00 0.00 2.80 431.30
5550 26.23 6.42 0.00 3.91 434.74
5551 27.02 49.36 0.00 3.91 439.10
5552 28.29 208.74 79.52 3.00 426.80
5553 29.57 371.10 158.03 1.90 423.26
5554 30.23 375.50 42.69 1.60 427.82
5555 30.24 319.19 14.49 2.10 440.45
5556 30.13 167.88 5.14 2.30 450.53
5557 30.46 383.30 46.21 2.50 429.15
5558 31.13 603.29 192.07 1.30 414.47
5559 31.51 528.57 208.32 2.80 416.13
5560 31.26 266.23 40.63 2.10 443.17
5561 30.62 55.91 0.00 1.10 449.07
5562 29.94 12.58 0.00 0.70 448.92
5563 29.28 8.51 0.00 0.20 451.41
5564 28.13 0.00 0.00 0.60 451.69
5565 28.55 0.00 0.00 0.60 448.89
5566 27.99 0.00 0.00 0.20 448.26
5567 27.98 0.00 0.00 0.00 442.59
5568 27.64 0.00 0.00 0.40 442.29
5569 27.35 0.00 0.00 0.60 439.63
5570 27.04 0.00 0.00 0.80 439.25
5571 26.73 0.00 0.00 0.50 435.70
5572 26.57 0.00 0.00 0.70 430.15
5573 26.40 0.00 0.00 1.10 430.16
5574 26.28 6.49 0.00 1.60 427.14
5575 27.30 56.30 0.00 1.60 430.50
5576 27.72 103.51 0.00 1.30 433.51
5577 28.69 241.57 15.23 1.10 424.30
5578 29.42 294.67 14.63 1.50 423.91
5579 30.40 444.59 38.16 1.10 418.95
5580 31.19 491.15 77.21 0.70 420.51
5581 32.20 661.19 238.02 1.30 415.63
5582 32.74 572.69 153.42 1.60 419.95
5583 33.01 501.19 171.29 1.70 420.00
5584 33.45 619.72 691.41 3.51 398.79
5585 33.41 396.12 662.03 3.30 403.22
5586 32.80 171.91 429.71 1.60 415.31
5587 31.90 21.12 2.67 1.70 417.38
5588 31.43 0.00 0.00 1.50 421.08
5589 30.95 0.00 0.00 1.70 420.61
5590 30.47 0.00 0.00 0.50 418.04
5591 30.00 0.00 0.00 0.30 419.77
5592 29.52 0.00 0.00 0.10 421.44
5593 29.13 0.00 0.00 0.20 426.40
5594 28.77 0.00 0.00 1.10 429.59
5595 28.39 0.00 0.00 0.50 432.13
5596 28.19 0.00 0.00 0.40 433.74
5597 27.99 0.00 0.00 0.30 437.27
5598 27.85 5.09 0.00 0.30 437.97
5599 28.74 54.15 0.00 0.10 440.10
5600 29.05 95.51 0.00 0.30 442.30
5601 29.08 93.84 0.00 0.90 445.18
5602 29.11 188.27 1.24 0.90 443.49
5603 29.60 175.44 1.27 0.30 445.84
5604 29.78 228.45 2.81 0.40 447.94
5605 30.48 329.14 16.00 0.20 442.73
5606 30.79 351.88 16.05 0.10 442.05
5607 31.12 358.60 32.24 0.60 440.49
5608 31.37 357.37 115.39 0.80 435.73
5609 31.06 188.21 27.96 0.50 445.41
5610 30.07 108.93 91.84 1.10 438.88
5611 30.44 8.92 0.00 1.90 437.14
5612 29.41 0.00 0.00 1.10 438.58
5613 27.59 0.00 0.00 1.90 436.67
5614 28.70 0.00 0.00 2.10 438.86
5615 28.45 0.00 0.00 1.60 438.86
5616 27.94 0.00 0.00 2.30 435.28
5617 27.71 0.00 0.00 3.71 439.23
5618 27.30 0.00 0.00 4.91 442.89
5619 26.89 0.00 0.00 3.10 442.37
5620 26.67 0.00 0.00 3.10 442.08
5621 26.45 0.00 0.00 3.71 443.59
5622 26.30 6.39 0.00 3.91 444.48
5623 26.46 11.67 0.00 4.41 447.36
5624 29.07 355.66 483.13 5.01 415.56
5625 30.68 504.93 480.64 5.51 417.51
5626 30.03 125.58 0.00 7.41 450.66
5627 29.84 195.04 7.47 3.51 436.94
5628 30.72 591.41 213.90 3.71 413.24
5629 32.19 981.60 728.57 4.91 394.02
5630 31.87 315.50 23.60 6.31 445.05
5631 31.06 245.36 7.39 10.72 451.96
5632 31.01 219.71 8.10 9.31 446.03
5633 30.66 193.33 33.69 6.31 438.59
5634 30.19 120.94 171.63 4.71 430.32
5635 29.42 18.86 0.00 3.00 426.60
5636 29.26 0.00 0.00 5.01 426.63
5637 28.95 0.00 0.00 5.91 425.76
5638 28.64 0.00 0.00 8.01 424.90
5639 28.34 0.00 0.00 8.01 424.03
5640 28.03 0.00 0.00 10.72 423.15
5641 27.76 0.00 0.00 13.32 427.81
5642 27.06 0.00 0.00 8.01 430.53
5643 26.07 0.00 0.00 6.81 426.30
5644 27.21 0.00 0.00 8.01 422.13
5645 27.23 0.00 0.00 5.91 426.63
5646 27.14 4.26 0.00 5.51 426.97
5647 27.72 57.74 0.00 5.51 431.76
5648 28.85 162.85 13.76 5.21 429.70
5649 29.41 255.87 19.72 4.21 435.12
5650 30.48 372.29 31.54 3.00 434.68
5651 31.13 420.84 36.62 4.91 423.53
5652 31.66 454.95 50.98 3.51 420.72
5653 32.02 444.77 46.18 3.10 420.40
5654 32.19 394.10 22.32 4.41 424.95
5655 32.12 292.59 15.51 4.91 430.16
5656 31.59 146.77 0.00 5.01 450.95
5657 30.94 58.53 0.00 5.21 458.33
5658 30.54 12.85 0.00 5.91 460.27
5659 30.04 3.46 0.00 5.51 454.20
5660 29.48 0.00 0.00 4.21 447.85
5661 28.93 0.00 0.00 3.51 441.55
5662 28.38 0.00 0.00 2.10 438.57
5663 27.82 0.00 0.00 2.10 438.83
5664 27.27 0.00 0.00 2.10 434.28
5665 26.67 0.00 0.00 1.90 428.57
5666 26.00 0.00 0.00 1.60 421.69
5667 25.33 0.00 0.00 1.60 414.89
5668 24.96 0.00 0.00 1.60 412.37
5669 24.59 0.00 0.00 1.90 407.48
5670 24.32 8.29 0.00 1.60 403.23
5671 26.44 129.99 371.31 1.90 410.93
5672 28.11 337.40 600.55 3.00 405.84
5673 29.82 551.10 708.33 2.30 403.51
5674 31.43 740.29 786.40 2.30 396.64
5675 32.82 873.95 804.11 3.10 394.62
5676 33.94 952.69 832.47 1.70 396.56
5677 34.73 953.39 823.93 1.30 398.39
5678 35.16 890.23 821.79 0.70 397.23
5679 35.25 761.48 802.82 0.70 402.66
5680 34.87 579.91 740.20 0.40 404.10
5681 33.99 365.71 644.61 0.30 409.94
5682 32.73 152.84 451.60 0.20 413.37
5683 31.90 13.74 0.00 0.30 412.04
5684 31.08 0.00 0.00 0.70 414.13
5685 30.25 0.00 0.00 0.60 414.83
5686 29.42 0.00 0.00 0.50 411.81
5687 28.59 0.00 0.00 0.60 413.38
5688 27.77 0.00 0.00 1.30 411.18
5689 27.29 0.00 0.00 0.70 407.30
5690 26.75 0.00 0.00 1.10 408.14
5691 26.22 0.00 0.00 1.20 408.29
5692 25.92 0.00 0.00 2.50 405.53
5693 25.63 0.00 0.00 2.10 409.81
5694 25.41 7.32 0.00 2.80 409.86
5695 27.29 115.49 299.35 3.30 414.52
5696 29.00 327.20 540.58 2.80 408.77
5697 30.40 483.82 462.70 2.30 415.90
5698 31.73 639.76 477.33 3.00 411.06
5699 32.59 666.23 302.19 2.10 418.09
5700 33.35 737.19 353.55 1.90 418.03
5701 33.99 786.75 461.65 3.51 414.65
5702 34.43 773.36 506.44 1.60 415.96
5703 34.50 633.77 437.68 2.30 416.96
5704 34.15 470.68 362.75 1.50 420.09
5705 33.34 272.43 162.08 2.10 423.20
5706 32.29 115.17 111.65 1.10 430.24
5707 31.56 11.87 0.00 1.20 427.69
5708 30.82 0.00 0.00 1.50 428.75
5709 30.09 0.00 0.00 0.90 425.93
5710 29.36 0.00 0.00 0.90 424.74
5711 28.63 0.00 0.00 1.90 424.74
5712 27.90 0.00 0.00 1.50 422.64
5713 27.43 0.00 0.00 1.90 423.00
5714 26.93 0.00 0.00 1.30 419.37
5715 26.43 0.00 0.00 1.10 414.49
5716 26.16 0.00 0.00 1.10 412.41
5717 25.89 0.00 0.00 0.50 411.86
5718 25.70 6.20 0.00 0.40 411.07
5719 27.05 82.89 53.85 0.40 417.13
5720 28.25 231.76 117.18 0.40 410.24
5721 29.80 441.00 327.71 0.40 406.01
5722 31.16 585.74 345.56 0.30 404.40
5723 32.09 625.48 249.61 0.40 409.29
5724 33.05 749.25 363.97 0.10 407.68
5725 33.91 831.10 531.94 0.00 404.01
5726 34.51 810.92 583.66 0.10 403.08
5727 34.75 690.10 599.10 0.30 404.16
5728 34.38 444.73 302.42 0.60 411.76
5729 33.67 289.56 323.47 0.70 414.15
5730 32.65 112.35 127.61 1.30 419.50
5731 31.95 10.02 0.00 0.50 417.05
5732 31.26 0.00 0.00 0.50 421.54
5733 30.56 0.00 0.00 0.80 420.69
5734 29.86 0.00 0.00 0.90 416.82
5735 29.16 0.00 0.00 1.30 417.95
5736 28.46 0.00 0.00 0.60 418.05
5737 27.95 0.00 0.00 0.40 415.23
5738 27.37 0.00 0.00 0.10 412.92
5739 26.79 0.00 0.00 0.10 414.66
5740 26.46 0.00 0.00 0.00 415.41
5741 26.14 0.00 0.00 0.10 410.73
5742 25.91 6.36 0.00 0.20 409.99
5743 27.49 95.18 91.65 0.40 417.46
5744 28.74 247.30 144.38 0.90 415.34
5745 30.19 434.00 312.51 1.20 412.15
5746 31.76 636.59 475.90 1.90 404.68
5747 33.04 741.68 499.51 0.90 405.69
5748 34.01 787.06 501.75 2.80 405.13
5749 34.71 800.41 521.16 3.71 409.78
5750 35.13 760.51 494.75 8.71 408.57
5751 35.18 620.07 406.65 9.31 409.78
5752 34.98 525.49 547.93 5.91 406.00
5753 34.46 392.63 744.18 3.10 399.70
5754 33.47 171.83 637.11 3.51 405.13
5755 32.69 14.05 0.00 2.50 404.73
5756 31.91 0.00 0.00 1.70 409.10
5757 31.13 0.00 0.00 3.10 406.59
5758 30.34 0.00 0.00 3.30 402.60
5759 29.56 0.00 0.00 3.10 403.53
5760 28.78 0.00 0.00 2.30 402.96
5761 28.31 0.00 0.00 1.60 400.71
5762 27.88 0.00 0.00 1.70 400.93
5763 27.45 0.00 0.00 3.71 400.32
5764 27.25 0.00 0.00 3.71 400.28
5765 27.05 0.00 0.00 3.30 399.46
5766 26.93 8.91 0.00 2.50 400.95
5767 28.97 153.02 626.28 3.10 408.37
5768 30.62 399.70 857.23 1.70 403.38
5769 32.26 645.66 954.88 2.50 405.70
5770 33.78 852.55 995.09 2.10 400.98
5771 35.09 1000.59 1015.14 0.90 403.72
5772 36.15 1078.75 1027.98 0.70 404.33
5773 36.92 1082.00 922.74 1.10 404.48
5774 36.78 679.00 275.95 0.90 423.79
5775 35.25 102.56 0.00 1.20 456.31
5776 33.92 52.58 0.00 0.90 455.99
5777 32.85 54.98 0.00 2.80 447.98
5778 31.90 19.71 0.00 4.21 450.68
5779 31.35 7.19 0.00 3.51 447.10
5780 30.81 0.00 0.00 1.70 445.02
5781 30.27 0.00 0.00 1.30 437.92
5782 29.73 0.00 0.00 0.70 435.80
5783 29.18 0.00 0.00 0.60 429.49
5784 28.64 0.00 0.00 0.50 424.97
5785 27.92 0.00 0.00 0.80 422.13
5786 27.13 0.00 0.00 0.90 417.38
5787 26.33 0.00 0.00 1.60 411.25
5788 25.89 0.00 0.00 1.90 406.94
5789 25.45 0.00 0.00 0.90 405.18
5790 25.13 6.65 0.00 1.30 400.93
5791 27.21 133.18 484.99 2.10 404.75
5792 28.89 348.88 707.04 0.90 399.72
5793 30.54 561.02 789.34 0.70 400.56
5794 32.04 737.73 803.91 0.90 394.73
5795 33.32 864.86 801.94 1.30 397.33
5796 34.32 927.28 784.30 2.10 402.70
5797 35.01 926.61 775.96 2.50 398.85
5798 35.36 853.18 744.43 1.90 402.75
5799 35.39 732.81 756.08 2.10 407.07
5800 34.98 556.05 727.51 2.10 408.85
5801 34.11 345.52 625.10 1.60 409.76
5802 32.89 136.62 430.83 1.10 415.37
5803 32.06 8.66 0.00 1.30 411.54
5804 31.24 0.00 0.00 1.70 415.84
5805 30.42 0.00 0.00 2.10 411.53
5806 29.60 0.00 0.00 2.80 404.58
5807 28.77 0.00 0.00 3.10 401.98
5808 27.95 0.00 0.00 3.00 396.45
5809 27.50 0.00 0.00 1.90 395.80
5810 27.07 0.00 0.00 1.60 392.56
5811 26.64 0.00 0.00 1.10 391.48
5812 26.43 0.00 0.00 1.50 389.97
5813 26.22 0.00 0.00 0.90 386.84
5814 26.08 6.10 0.00 0.70 387.90
5815 28.09 130.41 472.22 0.30 390.16
5816 29.74 345.25 695.20 0.30 387.42
5817 31.40 560.29 792.50 0.40 389.27
5818 32.94 745.45 834.72 0.20 382.95
5819 34.28 878.40 848.45 0.10 384.15
5820 35.34 940.95 832.37 0.10 386.62
5821 36.09 938.25 819.57 0.30 383.79
5822 36.54 874.78 823.80 0.40 388.53
5823 36.67 746.40 814.05 1.20 391.77
5824 36.38 567.99 787.37 1.10 394.12
5825 35.64 356.36 705.10 1.60 397.88
5826 34.57 141.42 500.05 1.50 404.63
5827 33.65 8.09 0.00 3.00 400.42
5828 32.72 0.00 0.00 2.50 407.80
5829 31.80 0.00 0.00 1.60 405.83
5830 30.88 0.00 0.00 1.50 402.22
5831 29.88 0.00 0.00 1.50 400.06
5832 28.88 0.00 0.00 1.30 397.74
5833 28.23 0.00 0.00 1.50 364.97
5834 27.23 0.00 0.00 1.89 361.27
5835 26.23 0.00 0.00 1.69 357.02
5836 25.64 0.00 0.00 1.69 355.77
5837 25.05 0.00 0.00 1.99 353.62
5838 24.63 5.97 0.00 1.00 352.53
5839 26.53 122.49 409.91 0.80 356.80
5840 28.14 332.17 627.87 0.40 351.71
5841 29.73 538.12 711.72 0.70 351.35
5842 31.18 709.12 714.98 1.10 350.51
5843 32.38 822.79 673.73 0.90 353.17
5844 33.33 890.20 675.35 1.69 355.97
5845 33.96 883.01 648.82 1.69 359.32
5846 34.27 812.41 630.75 1.40 360.21
5847 34.26 688.30 628.73 1.89 365.20
5848 33.82 519.96 609.04 1.99 368.04
5849 32.96 332.21 585.82 3.79 373.43
5850 31.76 125.28 392.67 3.59 375.74
5851 30.82 7.23 0.00 2.39 372.72
5852 29.89 0.00 0.00 2.39 377.69
5853 28.96 0.00 0.00 2.39 379.80
5854 28.02 0.00 0.00 1.30 381.30
5855 27.09 0.00 0.00 1.89 383.55
5856 26.15 0.00 0.00 2.39 383.55
5857 25.70 0.00 0.00 2.19 376.40
5858 25.18 0.00 0.00 1.20 374.79
5859 24.66 0.00 0.00 1.69 377.05
5860 24.37 0.00 0.00 1.69 380.96
5861 24.08 0.00 0.00 1.20 381.02
5862 23.86 5.41 0.00 1.20 387.87
5863 25.80 113.94 318.90 1.69 393.60
5864 27.46 309.03 488.26 1.30 388.51
5865 29.03 489.31 517.34 1.69 392.74
5866 30.47 646.11 524.79 1.89 387.37
5867 31.67 749.13 530.03 1.99 393.44
5868 32.65 816.92 544.73 2.69 396.26
5869 33.42 852.29 610.25 1.69 400.10
5870 33.89 807.74 625.80 1.40 400.18
5871 33.99 681.06 619.25 2.19 398.30
5872 33.60 497.54 548.40 1.50 402.05
5873 32.72 293.95 419.75 1.99 405.52
5874 31.53 114.95 326.32 0.60 407.87
5875 30.88 6.14 0.00 1.00 406.57
5876 30.24 0.00 0.00 1.00 411.46
5877 29.59 0.00 0.00 0.90 407.54
5878 28.95 0.00 0.00 1.50 407.26
5879 28.30 0.00 0.00 1.10 403.69
5880 27.65 0.00 0.00 1.30 404.99
5881 27.30 0.00 0.00 1.10 403.52
5882 26.93 0.00 0.00 1.50 404.24
5883 26.55 0.00 0.00 1.69 402.06
5884 26.36 0.00 0.00 1.20 401.35
5885 26.16 0.00 0.00 0.90 400.48
5886 26.02 3.83 0.00 0.70 400.93
5887 27.34 72.11 37.87 0.20 409.92
5888 28.58 207.79 101.34 0.60 406.90
5889 28.73 169.17 1.73 1.50 422.25
5890 29.26 267.68 9.99 3.39 420.17
5891 30.02 390.60 29.46 3.39 419.26
5892 31.46 691.14 266.47 4.29 404.82
5893 31.96 499.13 100.56 3.39 421.57
5894 32.88 730.83 437.98 4.59 403.37
5895 33.61 742.48 738.55 2.59 397.32
5896 33.88 579.10 834.46 2.99 396.19
5897 33.62 353.57 746.77 3.39 400.99
5898 32.82 131.99 497.06 5.38 410.84
5899 32.21 7.24 0.00 4.88 408.64
5900 31.60 0.00 0.00 4.29 414.55
5901 31.00 0.00 0.00 2.69 410.49
5902 30.39 0.00 0.00 1.89 407.89
5903 29.78 0.00 0.00 1.89 406.76
5904 29.17 0.00 0.00 1.69 405.81
5905 28.67 0.00 0.00 1.89 397.86
5906 28.18 0.00 0.00 1.50 396.24
5907 27.69 0.00 0.00 1.89 396.42
5908 27.44 0.00 0.00 2.99 401.18
5909 27.20 0.00 0.00 2.99 400.36
5910 27.04 4.93 0.00 4.09 404.34
5911 28.84 143.62 588.09 4.09 405.97
5912 30.38 390.30 637.46 5.88 397.60
5913 30.50 300.03 85.74 6.28 432.91
5914 31.63 631.59 466.89 7.28 406.90
5915 32.50 711.91 401.57 7.67 409.03
5916 31.90 391.42 62.33 6.28 444.00
5917 33.29 919.76 681.79 5.18 401.74
5918 31.98 73.57 0.00 4.09 464.47
5919 31.23 62.69 0.00 3.19 462.52
5920 30.45 47.34 0.00 2.39 457.70
5921 30.25 227.86 172.27 1.89 427.71
5922 29.67 27.33 0.00 1.89 440.46
5923 29.46 6.86 0.00 1.20 435.57
5924 29.15 0.00 0.00 1.50 440.82
5925 29.04 0.00 0.00 1.99 441.64
5926 28.83 0.00 0.00 2.39 438.20
5927 28.63 0.00 0.00 2.99 434.77
5928 28.42 0.00 0.00 3.19 431.37
5929 28.01 0.00 0.00 3.19 424.63
5930 27.99 0.00 0.00 5.18 424.55
5931 27.78 0.00 0.00 5.38 421.24
5932 27.69 0.00 0.00 4.09 418.64
5933 27.60 0.00 0.00 4.09 416.05
5934 27.55 2.96 0.00 3.79 413.71
5935 29.15 108.73 267.33 4.59 417.96
5936 29.96 217.19 126.62 4.88 427.01
5937 31.09 391.49 212.71 4.09 410.10
5938 31.82 435.23 104.51 4.59 408.16
5939 32.59 545.32 153.06 4.88 403.34
5940 33.30 623.64 220.28 5.18 404.35
5941 32.32 328.41 34.00 5.18 434.69
5942 33.05 372.37 25.29 5.68 446.76
5943 32.57 210.13 7.09 5.38 457.71
5944 31.88 43.16 0.00 4.88 467.38
5945 31.03 52.67 0.00 3.59 461.93
5946 30.73 9.44 0.00 4.09 461.04
5947 30.22 1.49 0.00 4.09 455.14
5948 29.70 0.00 0.00 5.18 449.12
5949 29.17 0.00 0.00 4.09 443.15
5950 28.64 0.00 0.00 4.88 437.23
5951 28.11 0.00 0.00 2.99 431.36
5952 27.58 0.00 0.00 3.79 425.54
5953 26.78 0.00 0.00 4.09 418.07
5954 25.89 0.00 0.00 3.79 410.19
5955 25.01 0.00 0.00 4.88 402.40
5956 24.53 0.00 0.00 5.18 397.87
5957 24.05 0.00 0.00 2.59 390.90
5958 23.70 4.42 0.00 1.99 387.02
5959 25.42 108.53 286.56 2.99 387.07
5960 26.98 306.04 531.31 2.69 380.81
5961 28.58 512.32 630.33 3.19 380.54
5962 30.15 705.94 717.27 3.59 377.65
5963 31.46 827.01 720.36 5.38 379.06
5964 32.46 881.49 683.79 7.28 381.47
5965 33.16 888.00 707.42 6.88 383.18
5966 33.49 801.60 644.24 6.08 385.62
5967 33.51 682.49 664.00 6.58 385.83
5968 33.07 504.47 634.26 6.58 392.31
5969 32.15 293.86 486.37 6.08 400.22
5970 30.93 106.11 325.34 6.08 402.83
5971 30.10 3.66 0.00 4.59 400.57
5972 29.27 0.00 0.00 2.39 404.91
5973 28.44 0.00 0.00 2.39 402.51
5974 27.61 0.00 0.00 1.00 400.92
5975 26.78 0.00 0.00 0.80 396.18
5976 25.95 0.00 0.00 1.50 394.71
5977 25.50 0.00 0.00 1.69 391.75
5978 24.99 0.00 0.00 2.19 390.74
5979 24.48 0.00 0.00 2.19 391.33
5980 24.19 0.00 0.00 3.39 390.79
5981 23.90 0.00 0.00 2.69 391.44
5982 23.69 3.83 0.00 1.99 389.43
5983 25.42 101.02 265.93 1.99 393.27
5984 27.10 298.75 481.91 3.39 388.76
5985 28.45 439.45 363.50 4.09 394.44
5986 29.63 558.98 309.62 3.79 394.19
5987 30.27 550.06 166.27 4.09 404.50
5988 31.00 659.31 274.03 3.79 403.11
5989 31.75 752.67 439.91 4.29 397.49
5990 32.31 765.39 544.16 3.39 395.92
5991 32.33 557.72 299.98 3.79 404.75
5992 32.18 491.02 573.29 3.79 396.79
5993 31.47 282.28 445.09 4.09 401.81
5994 30.41 99.84 295.23 2.69 407.46
5995 29.81 2.84 0.00 2.69 409.10
5996 29.20 0.00 0.00 2.99 412.29
5997 28.60 0.00 0.00 3.59 408.07
5998 28.00 0.00 0.00 4.59 406.27
5999 27.39 0.00 0.00 4.59 402.54
6000 26.79 0.00 0.00 2.99 401.86
6001 26.50 0.00 0.00 2.99 399.82
6002 26.20 0.00 0.00 1.40 398.00
6003 25.90 0.00 0.00 2.39 397.78
6004 25.74 0.00 0.00 2.99 395.77
6005 25.59 0.00 0.00 1.99 394.01
6006 25.48 3.77 0.00 2.69 395.95
6007 27.09 95.03 225.71 2.69 404.59
6008 28.64 277.87 403.16 2.69 397.92
6009 30.28 476.27 509.77 2.99 397.81
6010 31.89 660.85 604.38 3.79 391.46
6011 33.33 803.45 642.24 5.68 389.28
6012 34.39 840.13 571.22 6.28 396.31
6013 35.11 823.14 567.40 5.68 400.63
6014 35.55 779.42 629.80 4.59 401.08
6015 35.65 652.73 600.07 4.09 401.27
6016 35.26 471.03 520.09 2.19 402.72
6017 34.43 274.68 424.46 2.19 409.83
6018 33.29 96.15 287.82 2.39 414.93
6019 32.62 2.60 0.00 2.99 411.64
6020 31.94 0.00 0.00 2.39 416.23
6021 31.26 0.00 0.00 3.79 417.81
6022 30.58 0.00 0.00 3.59 415.93
6023 29.91 0.00 0.00 3.19 410.63
6024 29.23 0.00 0.00 4.29 409.72
6025 28.60 0.00 0.00 4.88 408.37
6026 27.92 0.00 0.00 3.79 405.85
6027 27.23 0.00 0.00 2.69 401.25
6028 26.86 0.00 0.00 3.19 401.28
6029 26.49 0.00 0.00 2.99 400.81
6030 26.23 3.70 0.00 3.19 407.21
6031 27.99 108.35 281.41 1.99 412.42
6032 29.29 269.59 326.83 1.50 410.51
6033 30.04 333.14 129.52 1.89 418.57
6034 31.44 581.64 347.90 1.89 406.90
6035 32.38 619.07 270.12 1.89 412.22
6036 33.69 871.41 590.31 1.50 401.55
6037 33.76 518.08 107.29 1.69 425.41
6038 34.08 648.52 292.86 2.19 416.98
6039 34.45 721.65 694.80 2.59 406.73
6040 34.18 445.17 382.09 2.59 416.64
6041 33.45 254.50 344.07 3.39 421.71
6042 32.42 79.81 170.82 1.69 428.65
6043 31.67 2.69 0.00 1.89 426.47
6044 30.92 0.00 0.00 2.69 430.91
6045 30.16 0.00 0.00 1.50 428.55
6046 29.41 0.00 0.00 2.59 427.32
6047 28.66 0.00 0.00 2.69 432.22
6048 27.91 0.00 0.00 2.59 431.25
6049 26.42 0.00 0.00 3.39 435.59
6050 26.84 0.00 0.00 2.69 434.90
6051 26.36 0.00 0.00 1.99 436.55
6052 26.07 0.00 0.00 2.19 438.75
6053 25.34 0.00 0.00 2.69 436.05
6054 25.28 1.82 0.00 2.69 437.67
6055 25.65 9.65 0.00 1.89 440.96
6056 27.18 201.02 112.75 2.19 424.06
6057 27.88 225.65 29.21 2.19 433.78
6058 29.37 490.15 202.55 3.79 417.64
6059 29.52 289.62 20.75 4.09 430.67
6060 28.94 74.23 0.00 5.18 449.53
6061 28.42 74.08 0.00 4.59 450.23
6062 28.86 393.65 107.22 5.88 431.28
6063 29.70 638.19 500.92 4.88 405.97
6064 29.48 288.08 75.40 5.88 429.33
6065 29.68 309.42 491.10 4.59 406.60
6066 29.20 100.54 258.45 4.88 414.33
6067 28.75 2.21 0.00 5.88 416.38
6068 28.30 0.00 0.00 5.68 416.59
6069 27.85 0.00 0.00 4.09 415.62
6070 27.40 0.00 0.00 3.39 415.83
6071 26.96 0.00 0.00 2.99 415.35
6072 26.51 0.00 0.00 2.39 415.59
6073 26.33 0.00 0.00 2.69 417.39
6074 26.16 0.00 0.00 3.79 415.63
6075 26.00 0.00 0.00 4.59 417.60
6076 25.92 0.00 0.00 3.59 420.35
6077 25.83 0.00 0.00 3.59 420.96
6078 25.75 1.12 0.00 2.69 426.56
6079 26.12 20.70 0.00 2.69 435.07
6080 26.69 91.18 0.00 1.50 432.57
6081 27.75 251.99 31.99 1.89 421.80
6082 28.49 311.07 18.05 1.69 427.74
6083 29.13 383.94 26.02 2.19 427.74
6084 29.09 273.83 7.63 2.19 439.61
6085 29.12 167.78 1.06 2.39 442.99
6086 29.00 193.61 1.54 4.29 441.02
6087 27.50 206.39 4.58 5.38 437.65
6088 28.24 142.05 0.00 4.09 437.22
6089 28.21 84.26 0.00 3.79 438.26
6090 28.10 21.53 0.00 3.59 438.81
6091 27.81 0.48 0.00 4.29 434.70
6092 27.37 0.00 0.00 3.39 429.89
6093 26.72 0.00 0.00 4.59 426.84
6094 26.49 0.00 0.00 4.29 423.70
6095 26.05 0.00 0.00 3.79 418.20
6096 25.61 0.00 0.00 4.59 413.66
6097 24.71 0.00 0.00 4.09 409.56
6098 23.70 0.00 0.00 3.79 402.65
6099 22.70 0.00 0.00 4.88 397.50
6100 22.15 0.00 0.00 5.18 392.36
6101 21.60 0.00 0.00 3.19 387.74
6102 21.21 2.81 0.00 2.99 383.27
6103 22.84 106.79 388.63 2.39 389.86
6104 24.40 311.04 597.45 2.59 381.19
6105 26.00 524.13 729.32 1.89 378.46
6106 27.47 700.62 757.32 1.69 372.38
6107 28.73 829.36 774.18 2.69 373.35
6108 29.70 891.02 767.45 2.69 373.39
6109 30.35 882.54 749.38 2.39 375.12
6110 30.66 806.24 726.12 3.39 377.04
6111 30.64 676.22 719.87 4.59 378.27
6112 30.15 491.44 654.66 3.39 383.38
6113 29.20 282.16 543.62 3.59 387.97
6114 27.95 88.45 338.76 4.29 401.41
6115 27.25 0.88 0.00 3.79 402.09
6116 26.55 0.00 0.00 2.99 403.98
6117 25.85 0.00 0.00 3.39 401.55
6118 25.14 0.00 0.00 2.99 404.90
6119 24.44 0.00 0.00 2.19 400.27
6120 23.74 0.00 0.00 1.50 397.70
6121 23.50 0.00 0.00 1.40 392.33
6122 23.25 0.00 0.00 1.40 389.69
6123 23.00 0.00 0.00 2.39 387.16
6124 22.86 0.00 0.00 4.09 392.24
6125 22.73 0.00 0.00 4.29 392.60
6126 22.63 2.44 0.00 4.59 392.89
6127 24.18 89.82 230.39 5.18 399.35
6128 25.43 234.18 166.18 3.19 401.39
6129 26.83 406.75 308.62 4.29 399.71
6130 27.96 506.10 225.01 4.29 396.91
6131 29.43 734.82 508.35 4.59 389.27
6132 30.38 727.41 371.41 5.18 391.99
6133 31.14 758.87 465.25 4.88 388.30
6134 31.39 617.32 281.50 5.38 396.52
6135 31.32 490.46 201.72 5.18 398.98
6136 30.73 315.03 109.86 5.38 408.04
6137 30.03 234.86 277.47 4.88 398.26
6138 29.02 59.91 85.98 4.29 408.05
6139 28.40 0.46 0.00 4.88 405.94
6140 27.79 0.00 0.00 4.59 406.99
6141 27.17 0.00 0.00 4.29 403.71
6142 26.56 0.00 0.00 2.99 403.56
6143 25.94 0.00 0.00 3.39 400.31
6144 25.33 0.00 0.00 3.59 399.74
6145 24.79 0.00 0.00 2.39 396.54
6146 24.20 0.00 0.00 4.29 395.07
6147 23.61 0.00 0.00 3.79 390.07
6148 23.29 0.00 0.00 4.09 386.36
6149 22.97 0.00 0.00 4.59 385.87
6150 22.74 2.37 0.00 4.88 384.21
6151 24.36 97.60 274.72 4.09 388.95
6152 25.97 293.00 496.43 6.08 387.13
6153 27.63 495.18 602.56 6.18 386.91
6154 29.16 665.01 649.06 5.38 382.08
6155 30.50 796.25 678.59 6.88 384.62
6156 31.57 862.56 690.70 6.18 385.18
6157 32.30 854.53 677.50 5.38 386.90
6158 32.66 773.65 643.94 3.59 391.15
6159 32.70 652.30 664.52 4.88 389.41
6160 32.24 465.68 599.31 5.38 393.02
6161 31.33 269.63 515.31 4.88 390.29
6162 30.11 82.30 320.98 3.19 395.21
6163 29.32 0.00 0.00 2.39 400.56
6164 28.54 0.00 0.00 3.59 401.68
6165 27.75 0.00 0.00 2.59 399.57
6166 26.96 0.00 0.00 2.39 399.61
6167 26.17 0.00 0.00 2.59 396.89
6168 25.38 0.00 0.00 2.39 394.31
6169 24.83 0.00 0.00 0.90 394.86
6170 24.24 0.00 0.00 1.20 394.50
6171 23.65 0.00 0.00 1.50 393.19
6172 23.33 0.00 0.00 1.89 394.52
6173 23.01 0.00 0.00 1.20 393.42
6174 22.79 1.92 0.00 1.10 392.02
6175 23.98 72.28 66.38 1.00 400.99
6176 25.33 234.66 174.26 0.70 395.88
6177 26.75 410.28 327.09 1.20 393.66
6178 27.97 532.97 293.96 1.20 389.90
6179 29.15 668.61 370.42 1.50 387.12
6180 30.25 786.39 514.70 3.19 385.76
6181 30.98 764.96 487.71 3.39 390.23
6182 31.59 799.64 694.94 4.88 384.01
6183 31.73 633.07 622.07 5.68 388.32
6184 31.43 454.78 565.69 6.08 391.80
6185 30.69 272.19 516.40 7.28 390.20
6186 29.61 82.51 250.55 6.58 392.98
6187 28.86 0.00 0.00 4.29 397.59
6188 28.11 0.00 0.00 4.29 394.79
6189 27.36 0.00 0.00 5.18 392.44
6190 26.60 0.00 0.00 6.58 392.52
6191 25.85 0.00 0.00 6.58 388.51
6192 25.10 0.00 0.00 9.57 388.50
6193 24.55 0.00 0.00 10.07 386.61
6194 23.93 0.00 0.00 12.96 384.45
6195 23.31 0.00 0.00 11.56 380.87
6196 22.97 0.00 0.00 10.67 382.30
6197 22.63 0.00 0.00 10.07 380.69
6198 22.38 1.93 0.00 10.67 380.21
6199 23.82 88.07 241.61 8.97 386.94
6200 25.17 255.41 350.23 9.57 389.07
6201 26.61 436.49 412.11 9.17 389.20
6202 28.08 622.46 544.54 8.97 383.95
6203 29.35 743.05 580.91 6.88 385.83
6204 30.35 804.84 547.25 7.28 384.45
6205 30.96 768.48 495.53 7.67 390.33
6206 31.29 719.43 561.00 8.47 389.46
6207 31.33 606.03 540.62 7.28 391.75
6208 30.92 443.83 499.90 8.77 393.41
6209 30.11 265.63 502.01 6.28 394.17
6210 28.97 77.38 238.63 5.88 403.67
6211 28.43 0.00 0.00 4.09 405.70
6212 27.89 0.00 0.00 2.69 406.61
6213 27.34 0.00 0.00 2.99 406.67
6214 26.80 0.00 0.00 2.69 405.18
6215 26.25 0.00 0.00 3.19 403.27
6216 25.71 0.00 0.00 2.59 404.17
6217 25.48 0.00 0.00 3.79 401.61
6218 25.22 0.00 0.00 3.39 402.45
6219 24.96 0.00 0.00 3.19 401.30
6220 24.81 0.00 0.00 4.29 400.38
6221 24.67 0.00 0.00 4.88 399.80
6222 24.56 1.53 0.00 5.18 401.82
6223 26.24 100.75 265.34 5.18 406.27
6224 27.92 301.73 527.97 6.18 404.89
6225 29.80 538.82 700.27 6.88 402.50
6226 30.72 537.51 285.72 7.67 407.48
6227 31.07 513.04 155.30 8.47 429.20
6228 30.03 172.54 4.93 8.17 448.30
6229 29.84 326.44 15.27 9.17 436.98
6230 30.24 463.23 101.90 8.47 419.75
6231 30.38 422.18 123.91 8.17 414.64
6232 30.27 347.90 186.40 7.28 410.38
6233 29.87 231.76 289.05 6.88 409.40
6234 29.06 38.71 16.19 7.67 429.45
6235 28.62 0.00 0.00 7.67 430.56
6236 28.18 0.00 0.00 8.17 428.52
6237 27.73 0.00 0.00 8.47 425.62
6238 27.29 0.00 0.00 6.88 422.64
6239 26.85 0.00 0.00 7.67 416.24
6240 26.41 0.00 0.00 6.58 414.36
6241 26.12 0.00 0.00 4.59 414.06
6242 25.82 0.00 0.00 4.88 413.25
6243 25.51 0.00 0.00 5.88 412.08
6244 25.36 0.00 0.00 7.28 412.69
6245 25.20 0.00 0.00 6.88 413.05
6246 25.09 1.20 0.00 6.88 414.07
6247 26.19 61.23 52.55 5.88 416.70
6248 26.35 79.79 0.00 6.28 429.44
6249 27.18 209.32 11.56 8.17 426.68
6250 28.03 306.34 19.38 6.58 422.28
6251 28.42 273.45 10.89 7.67 430.04
6252 29.49 542.08 144.43 7.28 416.39
6253 30.85 775.09 481.65 5.38 403.19
6254 31.42 576.28 248.00 5.18 409.82
6255 31.97 629.76 574.95 5.68 401.49
6256 32.02 418.37 402.45 5.68 408.15
6257 31.67 270.24 497.72 6.58 405.96
6258 30.88 73.25 233.95 7.28 410.68
6259 30.41 0.00 0.00 6.58 415.21
6260 29.95 0.00 0.00 6.18 415.88
6261 29.49 0.00 0.00 5.68 416.49
6262 29.03 0.00 0.00 5.18 417.66
6263 28.57 0.00 0.00 4.59 418.31
6264 28.11 0.00 0.00 4.59 417.61
6265 27.03 0.00 0.00 4.29 425.98
6266 26.84 0.00 0.00 4.29 427.58
6267 26.87 0.00 0.00 3.79 428.39
6268 26.64 0.00 0.00 3.19 428.38
6269 26.34 0.00 0.00 4.59 425.25
6270 25.88 0.29 0.00 3.79 429.08
6271 26.40 15.90 0.00 3.59 430.24
6272 25.77 52.19 0.00 1.69 429.94
6273 26.31 94.94 0.00 1.89 430.94
6274 26.85 125.22 0.00 1.69 432.99
6275 27.22 156.07 0.24 1.69 430.87
6276 27.39 172.77 0.59 2.39 431.53
6277 27.33 160.84 0.40 2.39 431.87
6278 27.49 145.40 0.02 1.30 433.13
6279 27.38 133.38 0.00 2.19 433.74
6280 27.33 90.76 0.00 2.19 433.85
6281 26.13 45.86 0.00 2.19 436.77
6282 25.02 11.16 0.00 1.69 434.21
6283 25.33 0.00 0.00 1.30 433.06
6284 24.58 0.00 0.00 1.00 433.14
6285 26.32 0.00 0.00 1.10 434.97
6286 25.84 0.00 0.00 0.80 436.09
6287 25.67 0.00 0.00 1.40 437.72
6288 25.54 0.00 0.00 1.50 434.69
6289 25.26 0.00 0.00 0.80 432.14
6290 25.50 0.00 0.00 0.60 426.96
6291 25.41 0.00 0.00 0.30 428.23
6292 25.46 0.00 0.00 0.30 431.94
6293 23.42 0.00 0.00 0.50 425.08
6294 25.22 0.32 0.00 0.60 429.72
6295 25.70 17.09 0.00 1.20 435.57
6296 26.10 61.84 0.00 0.80 431.86
6297 26.38 85.51 0.00 0.60 432.94
6298 26.77 141.58 0.00 1.00 429.12
6299 27.02 175.73 0.54 0.80 429.78
6300 27.21 199.37 1.41 0.50 432.52
6301 27.07 165.00 0.69 0.30 433.44
6302 27.40 177.05 0.80 0.10 433.85
6303 27.72 159.83 0.24 0.30 431.59
6304 27.73 124.43 0.00 1.20 432.60
6305 26.85 59.28 0.00 1.40 439.10
6306 27.21 14.96 0.00 2.19 437.29
6307 27.01 0.00 0.00 1.50 437.06
6308 26.77 0.00 0.00 1.20 433.34
6309 26.39 0.00 0.00 1.10 427.20
6310 26.29 0.00 0.00 0.40 429.69
6311 26.05 0.00 0.00 0.60 425.63
6312 24.77 0.00 0.00 1.30 421.34
6313 25.57 0.00 0.00 1.99 418.57
6314 25.33 0.00 0.00 1.10 413.20
6315 25.10 0.00 0.00 1.10 408.80
6316 24.99 0.00 0.00 1.50 406.17
6317 24.88 0.00 0.00 1.40 403.63
6318 24.81 1.05 0.00 2.19 402.82
6319 26.20 80.01 167.63 2.19 408.44
6320 27.16 191.49 107.29 2.19 412.02
6321 27.97 275.95 60.65 2.19 418.32
6322 29.67 576.14 363.41 2.59 411.46
6323 30.44 502.30 138.22 2.99 412.34
6324 30.97 505.83 104.81 2.69 415.80
6325 31.57 595.85 209.04 1.99 409.19
6326 31.88 530.20 190.61 2.99 410.30
6327 32.31 628.89 569.50 3.19 396.43
6328 31.81 256.65 69.54 3.39 417.79
6329 31.22 190.87 211.80 1.99 411.62
6330 30.34 27.21 0.00 0.80 430.87
6331 29.59 0.00 0.00 1.00 430.81
6332 28.84 0.00 0.00 0.60 429.56
6333 28.09 0.00 0.00 0.60 427.39
6334 27.34 0.00 0.00 0.30 422.71
6335 26.59 0.00 0.00 0.10 418.98
6336 25.84 0.00 0.00 0.20 415.16
6337 25.04 0.00 0.00 0.20 414.52
6338 24.16 0.00 0.00 0.60 409.00
6339 23.28 0.00 0.00 1.20 402.76
6340 22.79 0.00 0.00 1.10 398.30
6341 22.31 0.00 0.00 0.70 393.86
6342 21.95 1.00 0.00 0.60 390.24
6343 23.31 89.70 340.95 0.60 396.96
6344 24.80 285.07 556.17 0.70 392.83
6345 26.37 496.23 685.13 0.60 392.28
6346 27.82 670.65 731.65 0.80 387.91
6347 29.06 797.24 755.00 1.00 388.56
6348 30.04 865.21 782.83 1.30 387.56
6349 30.70 858.88 786.33 1.20 390.34
6350 31.02 781.58 774.91 0.80 393.81
6351 31.00 643.24 732.66 1.10 394.63
6352 30.47 450.75 659.59 0.90 396.71
6353 29.51 242.14 540.53 0.60 402.07
6354 28.25 50.11 149.49 0.60 412.83
6355 27.75 0.00 0.00 0.30 415.80
6356 27.24 0.00 0.00 0.10 413.82
6357 26.74 0.00 0.00 0.10 414.54
6358 26.23 0.00 0.00 0.40 414.54
6359 25.73 0.00 0.00 0.40 412.32
6360 25.22 0.00 0.00 0.60 408.80
6361 25.15 0.00 0.00 0.60 406.95
6362 25.10 0.00 0.00 1.30 407.39
6363 25.05 0.00 0.00 1.20 405.91
6364 25.04 0.00 0.00 1.69 405.89
6365 25.03 0.00 0.00 2.19 407.87
6366 25.04 0.76 0.00 1.99 407.32
6367 26.26 63.36 117.11 1.50 411.39
6368 25.67 28.03 0.00 1.00 437.93
6369 27.09 231.54 31.92 1.20 417.14
6370 28.50 411.26 105.37 0.90 416.87
6371 29.82 500.48 136.67 1.00 405.53
6372 30.90 580.59 183.12 1.20 402.08
6373 31.58 547.89 155.33 0.60 402.75
6374 31.72 393.54 37.44 0.30 425.46
6375 31.74 346.26 70.47 0.10 438.58
6376 31.86 374.54 325.21 0.10 412.70
6377 31.46 198.42 298.05 0.10 403.72
6378 30.71 43.26 53.86 0.30 412.92
6379 29.83 0.00 0.00 0.60 411.22
6380 28.95 0.00 0.00 0.70 408.43
6381 28.07 0.00 0.00 0.30 403.87
6382 27.19 0.00 0.00 0.20 399.27
6383 26.31 0.00 0.00 0.20 395.40
6384 25.43 0.00 0.00 0.40 391.08
6385 24.37 0.00 0.00 0.40 389.58
6386 23.22 0.00 0.00 0.30 385.32
6387 22.06 0.00 0.00 0.60 381.65
6388 21.43 0.00 0.00 0.80 380.61
6389 20.80 0.00 0.00 0.70 377.33
6390 20.35 0.81 0.00 0.80 377.44
6391 21.44 86.28 328.68 0.90 378.93
6392 22.65 275.21 500.32 0.60 374.11
6393 24.07 507.68 710.31 0.50 369.67
6394 25.21 647.56 652.74 0.60 366.80
6395 26.17 764.79 650.52 0.50 370.56
6396 26.79 768.14 534.76 0.30 373.81
6397 26.99 661.10 315.26 0.70 380.91
6398 26.96 570.12 262.30 1.10 382.00
6399 26.69 473.61 233.56 0.60 379.25
6400 26.02 288.23 116.66 0.70 387.38
6401 25.07 112.64 15.07 0.80 397.82
6402 24.13 42.22 81.64 1.50 389.82
6403 23.64 0.00 0.00 1.89 391.64
6404 23.16 0.00 0.00 2.39 386.22
6405 22.67 0.00 0.00 2.69 386.35
6406 22.19 0.00 0.00 1.99 384.17
6407 21.70 0.00 0.00 2.69 384.81
6408 21.21 0.00 0.00 3.39 383.13
6409 21.23 0.00 0.00 3.19 382.18
6410 21.25 0.00 0.00 2.59 382.58
6411 21.27 0.00 0.00 3.79 382.74
6412 21.29 0.00 0.00 1.99 381.65
6413 21.30 0.00 0.00 1.30 380.91
6414 21.30 0.65 0.00 1.89 381.81
6415 22.62 72.34 191.69 1.69 385.14
6416 24.22 249.58 375.16 1.89 379.38
6417 26.01 456.63 559.38 2.99 375.35
6418 27.60 611.38 552.27 2.69 377.55
6419 28.54 606.53 284.68 1.89 386.71
6420 29.45 701.42 379.43 2.69 384.87
6421 30.10 698.81 394.67 4.88 386.23
6422 30.52 670.59 504.10 5.68 384.22
6423 30.68 587.65 561.75 5.68 384.47
6424 30.15 344.79 260.86 6.08 393.83
6425 29.22 164.59 113.93 7.67 395.58
6426 28.12 41.26 54.06 6.28 396.53
6427 27.65 0.00 0.00 4.59 400.47
6428 27.18 0.00 0.00 3.79 402.69
6429 26.71 0.00 0.00 2.69 402.53
6430 26.24 0.00 0.00 2.39 400.54
6431 25.77 0.00 0.00 1.89 398.82
6432 25.30 0.00 0.00 1.50 395.91
6433 24.82 0.00 0.00 1.00 396.31
6434 24.30 0.00 0.00 0.50 394.18
6435 23.79 0.00 0.00 1.10 391.15
6436 23.51 0.00 0.00 1.69 387.04
6437 23.24 0.00 0.00 1.89 386.71
6438 23.05 0.47 0.00 1.69 390.39
6439 24.49 87.78 357.35 2.69 393.81
6440 26.08 279.83 559.66 2.39 389.95
6441 27.62 463.94 570.97 4.09 394.20
6442 29.04 620.50 590.95 2.99 392.52
6443 30.22 722.74 601.36 2.99 389.35
6444 31.14 772.71 581.25 2.69 392.66
6445 31.81 785.22 631.63 2.59 393.18
6446 32.17 718.60 623.50 2.99 389.90
6447 32.22 600.83 661.55 2.59 393.63
6448 31.78 420.05 578.42 3.39 397.71
6449 30.90 223.47 519.83 4.59 398.91
6450 29.73 41.42 102.16 2.99 408.06
6451 28.94 0.00 0.00 4.09 410.57
6452 28.15 0.00 0.00 3.79 408.91
6453 27.37 0.00 0.00 3.59 403.23
6454 26.58 0.00 0.00 3.59 401.28
6455 25.79 0.00 0.00 3.59 400.66
6456 25.01 0.00 0.00 4.59 395.17
6457 24.38 0.00 0.00 3.19 395.79
6458 23.72 0.00 0.00 1.69 392.40
6459 23.05 0.00 0.00 2.59 389.37
6460 22.70 0.00 0.00 2.39 389.96
6461 22.35 0.00 0.00 1.40 392.46
6462 22.10 0.00 0.00 1.50 390.99
6463 23.34 75.16 263.61 0.80 393.54
6464 24.68 236.59 328.63 0.30 391.28
6465 25.94 384.24 312.19 0.30 392.17
6466 27.21 539.92 354.57 0.90 387.54
6467 28.28 633.91 355.28 1.20 387.01
6468 28.95 623.90 266.91 1.20 387.58
6469 29.61 701.44 413.74 1.89 382.95
6470 30.34 817.33 808.51 1.69 375.37
6471 30.77 752.82 990.30 1.30 366.28
6472 30.74 534.62 933.11 1.99 367.46
6473 30.05 282.78 759.45 2.19 371.08
6474 28.91 54.57 269.86 1.50 387.76
6475 28.03 0.00 0.00 1.10 392.04
6476 27.16 0.00 0.00 1.20 387.32
6477 26.29 0.00 0.00 1.20 386.06
6478 25.42 0.00 0.00 1.10 385.69
6479 24.54 0.00 0.00 0.40 382.90
6480 23.67 0.00 0.00 0.40 382.90
6481 23.00 0.00 0.00 1.00 382.71
6482 22.28 0.00 0.00 0.80 379.81
6483 21.55 0.00 0.00 1.20 380.56
6484 21.15 0.00 0.00 1.10 382.21
6485 20.76 0.00 0.00 1.10 379.59
6486 20.48 0.00 0.00 1.89 379.55
6487 21.74 82.17 325.58 2.59 384.65
6488 23.16 265.89 507.77 2.39 377.47
6489 24.59 451.85 535.22 2.59 378.08
6490 25.89 604.57 560.28 2.19 374.21
6491 27.04 724.37 621.04 2.19 376.35
6492 27.95 787.36 632.44 2.19 375.80
6493 28.52 763.08 568.63 3.79 375.09
6494 28.87 725.15 624.10 4.09 371.06
6495 28.82 555.50 525.68 6.18 377.21
6496 28.29 380.83 438.53 5.88 379.91
6497 27.39 198.39 403.13 5.68 381.23
6498 26.27 36.72 67.59 5.68 390.39
6499 25.66 0.00 0.00 6.58 394.19
6500 25.04 0.00 0.00 4.59 390.80
6501 24.43 0.00 0.00 5.18 390.95
6502 23.81 0.00 0.00 4.29 391.72
6503 23.20 0.00 0.00 3.59 394.17
6504 22.58 0.00 0.00 2.59 397.30
6505 22.26 0.00 0.00 1.40 396.80
6506 21.93 0.00 0.00 2.19 395.68
6507 21.60 0.00 0.00 1.89 394.65
6508 21.44 0.00 0.00 1.50 396.89
6509 21.28 0.00 0.00 1.89 396.19
6510 21.17 0.00 0.00 1.89 400.28
6511 21.52 19.44 0.00 1.50 404.44
6512 22.04 78.72 0.00 0.50 402.08
6513 22.63 149.13 0.00 1.20 401.71
6514 23.66 313.56 53.50 1.40 389.83
6515 26.28 880.09 806.64 2.59 366.75
6516 28.22 944.77 1006.41 2.69 371.63
6517 29.58 933.97 1005.89 2.19 374.23
6518 30.34 820.90 962.31 1.40 377.00
6519 30.69 694.33 968.85 3.19 371.36
6520 30.54 485.25 905.40 2.59 374.27
6521 29.76 247.82 716.23 2.99 381.31
6522 28.61 47.98 168.90 3.79 382.23
6523 28.16 0.00 0.00 3.19 384.50
6524 27.71 0.00 0.00 3.39 387.46
6525 27.26 0.00 0.00 3.79 393.87
6526 26.81 0.00 0.00 2.99 391.45
6527 26.36 0.00 0.00 2.59 393.16
6528 25.91 0.00 0.00 3.39 393.75
6529 25.46 0.00 0.00 2.39 389.95
6530 25.00 0.00 0.00 2.99 388.85
6531 24.55 0.00 0.00 4.88 390.86
6532 24.32 0.00 0.00 4.09 388.24
6533 24.09 0.00 0.00 2.99 387.04
6534 23.94 0.00 0.00 2.69 391.06
6535 24.96 58.99 112.88 2.19 394.47
6536 25.50 121.76 8.31 2.69 399.20
6537 27.38 415.50 354.97 3.59 379.10
6538 28.79 524.74 332.29 3.19 376.15
6539 29.82 580.01 273.31 2.69 379.82
6540 30.65 628.06 276.04 3.19 381.12
6541 31.04 545.49 175.08 3.79 381.98
6542 31.41 581.68 303.09 3.59 375.54
6543 31.52 492.87 332.99 3.19 373.21
6544 31.51 434.41 645.72 1.89 368.48
6545 30.96 235.32 645.36 2.19 371.49
6546 30.04 44.96 199.94 1.40 371.20
6547 28.89 0.00 0.00 1.50 371.74
6548 27.74 0.00 0.00 2.19 367.07
6549 26.59 0.00 0.00 2.19 367.13
6550 25.44 0.00 0.00 1.69 363.56
6551 23.90 0.00 0.00 1.00 359.66
6552 22.36 0.00 0.00 0.20 356.70
6553 20.40 0.00 0.00 0.30 370.99
6554 18.86 0.00 0.00 0.50 366.04
6555 17.32 0.00 0.00 0.80 357.72
6556 16.31 0.00 0.00 0.70 352.56
6557 15.31 0.00 0.00 0.50 347.43
6558 14.59 0.00 0.00 0.60 343.95
6559 16.04 80.62 348.04 0.40 352.89
6560 17.86 278.21 610.67 0.60 355.62
6561 19.70 479.68 713.57 1.10 358.36
6562 21.34 641.09 712.79 2.30 354.71
6563 22.74 758.91 719.83 3.00 355.39
6564 23.80 813.68 715.67 1.60 358.55
6565 24.45 790.62 675.73 1.30 360.25
6566 24.68 702.86 640.02 1.30 362.61
6567 24.54 571.05 626.99 1.90 361.47
6568 23.82 400.71 585.46 3.70 364.87
6569 22.60 201.50 445.52 2.70 360.78
6570 21.07 31.48 41.30 2.10 359.73
6571 20.06 0.00 0.00 1.60 359.96
6572 19.04 0.00 0.00 0.90 357.33
6573 18.03 0.00 0.00 0.70 349.69
6574 17.01 0.00 0.00 1.00 347.09
6575 16.00 0.00 0.00 0.70 344.50
6576 14.98 0.00 0.00 1.40 341.03
6577 14.69 0.00 0.00 2.10 342.41
6578 14.39 0.00 0.00 1.60 340.79
6579 14.09 0.00 0.00 3.50 339.17
6580 13.93 0.00 0.00 3.80 338.36
6581 13.77 0.00 0.00 1.90 337.55
6582 13.67 0.00 0.00 1.30 336.21
6583 15.69 84.69 376.68 0.80 342.95
6584 18.19 292.89 707.96 1.10 343.32
6585 20.77 511.10 851.25 0.80 344.69
6586 23.15 694.09 903.20 1.40 338.78
6587 25.18 818.72 918.73 1.90 339.95
6588 26.75 874.18 914.64 3.50 338.96
6589 27.82 862.34 914.17 4.00 340.20
6590 28.39 783.65 914.73 4.50 338.36
6591 28.43 636.30 885.37 5.40 338.72
6592 27.69 440.02 816.49 5.40 338.77
6593 26.26 219.15 638.85 4.70 339.02
6594 24.42 29.78 32.45 4.40 340.18
6595 23.41 0.00 0.00 3.00 349.21
6596 22.40 0.00 0.00 3.00 345.08
6597 21.40 0.00 0.00 3.00 342.55
6598 20.39 0.00 0.00 2.10 336.48
6599 19.38 0.00 0.00 1.70 337.16
6600 18.37 0.00 0.00 2.50 334.37
6601 17.43 0.00 0.00 2.30 333.28
6602 16.39 0.00 0.00 3.00 331.72
6603 15.35 0.00 0.00 4.00 328.78
6604 14.78 0.00 0.00 2.70 326.16
6605 14.22 0.00 0.00 3.30 325.06
6606 13.80 0.00 0.00 3.00 322.99
6607 15.57 83.32 376.08 2.30 327.48
6608 17.76 288.89 698.77 2.10 326.90
6609 20.00 501.04 824.09 3.70 327.95
6610 22.05 675.60 857.80 2.30 326.17
6611 23.79 798.96 875.94 3.80 329.19
6612 25.12 854.73 874.22 3.50 332.82
6613 26.00 838.17 860.72 2.50 336.60
6614 26.42 763.50 872.41 3.50 339.18
6615 26.38 622.83 858.05 4.50 344.99
6616 25.64 435.19 815.13 3.70 350.07
6617 24.27 216.32 645.03 3.00 355.98
6618 22.51 28.28 25.08 2.50 355.13
6619 21.76 0.00 0.00 4.00 362.33
6620 21.02 0.00 0.00 4.40 359.19
6621 20.27 0.00 0.00 3.00 358.20
6622 19.52 0.00 0.00 1.90 360.31
6623 18.77 0.00 0.00 1.40 359.07
6624 18.02 0.00 0.00 1.70 358.32
6625 17.75 0.00 0.00 2.50 356.36
6626 17.47 0.00 0.00 2.70 359.35
6627 17.20 0.00 0.00 2.30 360.34
6628 17.06 0.00 0.00 2.70 361.81
6629 16.93 0.00 0.00 1.30 361.44
6630 16.84 0.00 0.00 2.10 365.88
6631 17.96 51.68 89.78 2.10 367.50
6632 19.21 167.18 72.71 2.70 368.28
6633 20.53 291.90 85.47 1.60 366.22
6634 22.06 452.26 190.06 1.60 353.77
6635 23.34 535.11 221.37 3.30 354.90
6636 23.95 467.37 96.34 2.50 363.54
6637 24.46 494.04 124.83 2.70 362.49
6638 24.82 481.07 146.54 3.70 361.79
6639 24.79 361.39 125.59 3.00 365.44
6640 23.78 91.99 0.00 1.90 386.00
6641 22.71 19.67 0.00 2.70 393.29
6642 21.79 10.59 0.00 3.30 392.38
6643 21.35 0.00 0.00 2.10 393.96
6644 20.90 0.00 0.00 1.60 384.90
6645 20.46 0.00 0.00 1.00 378.14
6646 20.01 0.00 0.00 0.80 374.22
6647 19.56 0.00 0.00 1.10 369.21
6648 19.12 0.00 0.00 1.00 363.83
6649 18.67 0.00 0.00 2.10 361.41
6650 18.15 0.00 0.00 3.80 357.22
6651 17.63 0.00 0.00 4.70 353.00
6652 17.33 0.00 0.00 5.20 351.93
6653 17.04 0.00 0.00 3.30 349.96
6654 16.82 0.00 0.00 4.00 351.31
6655 18.59 78.38 358.54 3.00 357.14
6656 20.90 280.22 675.90 4.70 358.12
6657 23.29 492.69 812.27 5.00 360.25
6658 25.46 665.49 845.28 3.30 353.55
6659 27.31 786.78 860.98 3.30 352.77
6660 28.73 840.34 855.46 3.50 354.21
6661 29.68 826.07 850.26 3.30 352.02
6662 30.13 744.78 842.32 2.30 357.00
6663 30.10 604.54 826.83 3.00 355.56
6664 29.32 413.07 755.61 2.70 360.18
6665 27.90 200.28 585.70 2.50 363.70
6666 26.11 24.85 4.70 2.50 365.59
6667 25.67 0.00 0.00 3.70 373.80
6668 25.22 0.00 0.00 2.50 376.84
6669 24.78 0.00 0.00 2.50 380.01
6670 24.33 0.00 0.00 1.60 379.56
6671 23.89 0.00 0.00 0.90 375.47
6672 23.44 0.00 0.00 0.60 374.56
6673 23.33 0.00 0.00 1.30 369.28
6674 23.29 0.00 0.00 1.30 369.70
6675 23.25 0.00 0.00 1.90 381.27
6676 23.27 0.00 0.00 3.70 379.77
6677 23.28 0.00 0.00 2.30 379.22
6678 23.32 0.00 0.00 3.70 380.55
6679 24.63 56.26 86.21 3.50 382.37
6680 25.27 108.58 0.00 3.30 392.37
6681 27.56 385.62 234.24 3.00 375.87
6682 27.47 153.75 0.00 4.00 403.37
6683 29.06 521.60 227.22 4.70 386.91
6684 30.32 567.90 218.56 4.20 391.25
6685 31.86 766.88 601.57 4.50 376.68
6686 32.85 700.03 587.49 4.20 379.16
6687 31.96 177.14 4.75 3.50 411.73
6688 31.27 177.58 11.39 2.30 404.03
6689 30.40 83.01 0.00 3.70 406.39
6690 29.47 15.45 0.00 2.70 401.46
6691 28.83 0.00 0.00 3.30 406.47
6692 28.19 0.00 0.00 1.30 400.83
6693 27.54 0.00 0.00 1.70 402.39
6694 26.90 0.00 0.00 1.30 399.08
6695 26.26 0.00 0.00 1.40 393.82
6696 25.62 0.00 0.00 1.90 388.49
6697 24.62 0.00 0.00 1.90 389.59
6698 23.56 0.00 0.00 2.10 386.30
6699 22.50 0.00 0.00 4.20 385.03
6700 21.93 0.00 0.00 5.00 379.51
6701 21.37 0.00 0.00 4.20 377.98
6702 20.97 0.00 0.00 3.00 371.47
6703 22.03 53.58 145.57 3.00 376.23
6704 23.28 178.81 132.01 3.30 378.27
6705 25.14 391.07 355.18 3.50 373.00
6706 26.89 552.99 458.80 4.00 369.88
6707 28.51 695.97 594.17 4.40 369.55
6708 29.83 770.19 635.90 4.20 372.66
6709 30.60 718.98 557.18 4.40 380.09
6710 30.92 627.10 488.45 4.20 385.26
6711 30.69 457.71 327.71 4.50 389.74
6712 30.00 320.66 343.60 5.40 389.54
6713 28.88 153.41 274.05 5.00 393.20
6714 27.54 21.01 0.00 5.00 391.29
6715 26.78 0.00 0.00 5.20 392.07
6716 26.01 0.00 0.00 4.40 389.53
6717 25.25 0.00 0.00 4.40 388.46
6718 24.49 0.00 0.00 4.50 387.85
6719 23.72 0.00 0.00 3.50 389.44
6720 22.96 0.00 0.00 3.00 385.38
6721 22.53 0.00 0.00 3.70 380.18
6722 22.12 0.00 0.00 2.70 383.12
6723 21.72 0.00 0.00 3.30 383.44
6724 21.53 0.00 0.00 3.80 381.48
6725 21.34 0.00 0.00 4.20 380.58
6726 21.22 0.00 0.00 5.40 386.96
6727 22.61 59.91 219.38 4.20 391.92
6728 24.81 252.29 543.89 4.20 383.53
6729 27.03 446.17 644.12 6.40 384.18
6730 28.97 592.24 611.03 6.40 380.83
6731 30.67 705.30 612.41 7.00 378.71
6732 31.97 748.88 635.87 7.70 380.36
6733 32.89 746.01 630.66 7.30 381.13
6734 33.40 677.86 658.10 9.40 382.67
6735 33.49 552.89 681.79 10.30 380.68
6736 32.93 379.35 649.51 13.50 380.85
6737 31.78 179.45 508.78 11.10 384.91
6738 30.31 21.47 0.00 10.30 386.97
6739 29.06 0.00 0.00 9.40 388.44
6740 27.81 0.00 0.00 12.20 384.02
6741 26.56 0.00 0.00 8.80 379.57
6742 25.31 0.00 0.00 6.40 371.90
6743 24.06 0.00 0.00 8.50 368.17
6744 22.81 0.00 0.00 8.80 364.56
6745 21.44 0.00 0.00 7.70 367.99
6746 19.96 0.00 0.00 8.10 360.15
6747 18.49 0.00 0.00 8.10 360.44
6748 17.70 0.00 0.00 6.40 360.17
6749 16.91 0.00 0.00 5.70 359.93
6750 16.36 0.00 0.00 5.70 355.72
6751 17.34 51.61 103.51 4.20 359.15
6752 18.05 129.41 32.20 4.00 365.29
6753 19.39 297.89 138.81 4.40 360.38
6754 21.62 603.99 554.31 4.00 345.01
6755 23.86 832.07 898.80 4.70 339.34
6756 25.54 892.59 997.21 6.40 342.81
6757 26.66 877.92 996.14 6.70 347.84
6758 27.25 789.09 983.82 7.30 352.44
6759 27.32 632.97 950.90 6.40 352.18
6760 26.71 424.63 838.89 5.90 354.21
6761 25.46 194.95 619.77 8.10 358.61
6762 23.89 25.17 39.46 6.70 357.31
6763 23.09 0.00 0.00 6.40 362.13
6764 22.29 0.00 0.00 5.70 362.34
6765 21.48 0.00 0.00 5.70 361.97
6766 20.68 0.00 0.00 5.00 362.47
6767 19.88 0.00 0.00 4.70 361.26
6768 19.08 0.00 0.00 5.40 359.17
6769 18.76 0.00 0.00 5.00 359.60
6770 18.43 0.00 0.00 5.40 362.43
6771 18.10 0.00 0.00 5.90 358.59
6772 17.94 0.00 0.00 6.10 358.61
6773 17.77 0.00 0.00 5.00 361.25
6774 17.66 0.00 0.00 4.50 363.88
6775 18.99 56.40 194.60 5.20 368.82
6776 20.90 217.76 363.86 6.40 367.15
6777 22.96 398.55 457.67 7.00 367.53
6778 24.97 564.70 555.51 6.10 364.23
6779 26.62 658.14 527.56 6.40 366.76
6780 28.01 733.09 617.11 5.70 365.36
6781 28.97 722.26 625.04 8.10 365.00
6782 29.51 662.68 638.77 7.30 368.08
6783 29.58 529.89 621.16 6.70 367.53
6784 28.96 351.30 518.71 5.70 370.36
6785 27.75 161.64 391.89 5.00 371.30
6786 26.27 18.11 0.00 4.40 369.15
6787 25.39 0.00 0.00 1.70 373.91
6788 24.51 0.00 0.00 1.70 370.45
6789 23.64 0.00 0.00 1.60 370.36
6790 22.76 0.00 0.00 1.70 368.94
6791 21.88 0.00 0.00 1.10 371.18
6792 21.00 0.00 0.00 2.30 369.46
6793 20.14 0.00 0.00 1.60 367.10
6794 19.20 0.00 0.00 1.10 361.37
6795 18.25 0.00 0.00 1.40 355.11
6796 17.74 0.00 0.00 1.90 352.82
6797 17.22 0.00 0.00 1.40 353.26
6798 16.85 0.00 0.00 1.60 351.02
6799 17.99 55.09 189.50 1.90 357.61
6800 20.27 268.92 565.57 2.10 347.12
6801 22.58 487.27 855.90 3.50 345.50
6802 24.69 666.86 910.14 3.30 341.92
6803 26.47 791.31 933.57 3.30 343.59
6804 27.82 844.38 932.42 3.30 344.04
6805 28.71 826.43 924.57 2.30 344.75
6806 29.12 740.16 910.59 2.70 346.74
6807 29.05 590.24 873.50 2.50 348.32
6808 28.22 389.49 757.96 3.30 351.28
6809 26.79 172.53 546.17 2.70 357.30
6810 25.10 16.34 0.00 3.00 355.60
6811 24.48 0.00 0.00 2.70 360.60
6812 23.87 0.00 0.00 1.90 360.86
6813 23.25 0.00 0.00 3.00 358.54
6814 22.64 0.00 0.00 4.70 357.12
6815 22.03 0.00 0.00 5.20 358.18
6816 21.41 0.00 0.00 5.00 359.71
6817 21.21 0.00 0.00 5.70 356.18
6818 21.01 0.00 0.00 5.00 358.10
6819 20.81 0.00 0.00 7.00 357.62
6820 20.72 0.00 0.00 6.70 360.35
6821 20.62 0.00 0.00 4.50 359.49
6822 20.56 0.00 0.00 5.00 364.33
6823 21.84 53.02 173.42 5.70 367.98
6824 24.12 242.68 547.31 7.70 363.35
6825 26.53 447.91 694.51 9.80 362.64
6826 28.66 601.86 696.77 11.10 359.30
6827 30.40 696.95 646.04 9.80 360.79
6828 31.76 747.42 643.53 11.10 364.32
6829 32.64 720.52 643.94 8.50 366.65
6830 33.09 648.49 611.66 8.50 367.33
6831 33.15 537.57 678.65 8.30 368.31
6832 32.46 352.05 563.68 7.30 371.00
6833 31.18 157.53 410.29 6.70 372.93
6834 29.64 15.58 0.00 5.90 372.65
6835 28.69 0.00 0.00 5.20 378.80
6836 27.75 0.00 0.00 4.40 378.79
6837 26.80 0.00 0.00 3.70 374.90
6838 25.85 0.00 0.00 3.70 371.83
6839 24.91 0.00 0.00 3.50 370.51
6840 23.96 0.00 0.00 5.40 370.43
6841 22.97 0.00 0.00 4.70 366.89
6842 21.90 0.00 0.00 4.50 368.71
6843 20.83 0.00 0.00 7.30 366.34
6844 20.25 0.00 0.00 5.20 365.89
6845 19.68 0.00 0.00 4.00 362.46
6846 19.27 0.00 0.00 3.00 363.87
6847 20.30 51.57 164.38 2.50 368.07
6848 22.47 259.73 539.93 3.00 359.13
6849 24.67 471.89 820.92 3.30 363.47
6850 26.68 647.41 874.60 3.50 360.85
6851 28.36 765.16 886.68 3.30 359.78
6852 29.65 819.34 891.19 2.70 361.45
6853 30.48 799.27 876.57 3.00 359.57
6854 30.86 713.69 860.53 2.30 360.59
6855 30.77 565.49 818.60 1.30 360.00
6856 29.99 377.06 746.82 0.60 362.49
6857 28.63 166.09 541.92 0.50 369.93
6858 27.65 14.11 0.00 0.50 368.86
6859 26.67 0.00 0.00 0.40 374.59
6860 25.68 0.00 0.00 0.20 370.61
6861 24.70 0.00 0.00 0.50 372.47
6862 23.72 0.00 0.00 0.50 372.36
6863 22.73 0.00 0.00 0.10 371.53
6864 21.75 0.00 0.00 0.30 369.78
6865 21.17 0.00 0.00 0.30 370.63
6866 20.52 0.00 0.00 0.20 369.32
6867 19.87 0.00 0.00 0.60 365.74
6868 19.51 0.00 0.00 1.00 364.83
6869 19.15 0.00 0.00 0.90 366.25
6870 18.89 0.00 0.00 1.00 365.90
6871 20.01 51.56 129.20 1.30 367.45
6872 22.45 271.10 613.78 1.10 359.92
6873 24.90 491.83 895.86 1.40 358.90
6874 27.15 675.73 952.72 1.60 359.91
6875 29.03 798.40 970.34 2.30 361.11
6876 30.47 854.36 976.13 2.70 364.49
6877 31.41 833.05 966.31 2.10 363.07
6878 31.85 742.38 947.93 1.40 366.69
6879 31.77 588.17 907.32 2.30 366.85
6880 30.92 387.84 814.48 2.50 369.71
6881 29.44 168.58 588.67 2.10 373.10
6882 28.65 12.98 0.00 1.90 375.81
6883 27.86 0.00 0.00 1.60 379.26
6884 27.07 0.00 0.00 0.60 375.76
6885 26.28 0.00 0.00 0.50 379.61
6886 25.49 0.00 0.00 0.50 378.41
6887 24.70 0.00 0.00 0.20 375.19
6888 23.91 0.00 0.00 0.10 375.92
6889 23.44 0.00 0.00 0.10 376.95
6890 23.02 0.00 0.00 0.10 379.06
6891 22.60 0.00 0.00 0.30 381.94
6892 22.41 0.00 0.00 0.20 381.45
6893 22.22 0.00 0.00 0.30 382.29
6894 22.10 0.00 0.00 0.40 387.51
6895 23.15 48.97 149.74 0.80 390.40
6896 25.20 245.74 579.51 0.70 380.51
6897 27.31 449.28 749.01 1.40 377.71
6898 29.28 625.85 825.25 2.30 369.71
6899 30.95 739.93 832.05 1.90 373.28
6900 32.28 798.85 856.04 1.90 374.81
6901 33.21 786.59 865.60 2.50 376.29
6902 33.69 699.81 844.98 2.30 378.42
6903 33.72 546.66 779.78 3.50 377.54
6904 33.11 360.90 704.86 3.80 380.99
6905 31.97 154.65 500.81 3.50 387.29
6906 31.04 12.20 0.00 3.50 386.30
6907 30.12 0.00 0.00 2.30 388.74
6908 29.20 0.00 0.00 3.50 389.00
6909 28.27 0.00 0.00 3.70 391.90
6910 27.35 0.00 0.00 3.50 393.60
6911 26.43 0.00 0.00 3.70 394.83
6912 25.50 0.00 0.00 2.50 395.23
6913 24.37 0.00 0.00 3.50 393.72
6914 23.12 0.00 0.00 4.20 390.45
6915 21.87 0.00 0.00 4.70 387.92
6916 21.19 0.00 0.00 4.50 386.75
6917 20.50 0.00 0.00 4.50 383.58
6918 20.01 0.00 0.00 4.70 381.29
6919 20.90 47.82 108.33 5.20 386.39
6920 23.18 274.79 645.71 6.70 375.28
6921 25.42 495.98 915.90 7.70 374.56
6922 27.44 678.55 967.49 5.20 368.18
6923 29.13 801.48 986.38 5.40 369.87
6924 30.41 856.99 992.36 5.20 369.09
6925 31.24 838.95 989.13 5.00 370.20
6926 31.59 749.26 975.34 4.00 371.69
6927 31.48 597.07 944.54 4.70 369.20
6928 30.65 394.64 859.24 5.90 370.53
6929 29.22 170.39 646.47 8.80 377.73
6930 28.46 10.95 0.00 9.00 380.86
6931 27.71 0.00 0.00 7.00 385.88
6932 26.95 0.00 0.00 6.40 385.57
6933 26.20 0.00 0.00 7.70 386.44
6934 25.44 0.00 0.00 7.30 385.68
6935 24.68 0.00 0.00 7.30 387.70
6936 23.93 0.00 0.00 7.70 386.21
6937 23.74 0.00 0.00 7.00 385.43
6938 23.58 0.00 0.00 5.90 388.72
6939 23.41 0.00 0.00 8.30 390.35
6940 23.34 0.00 0.00 8.10 391.51
6941 23.27 0.00 0.00 6.10 392.18
6942 23.23 0.00 0.00 6.70 392.00
6943 23.91 28.20 0.00 7.70 395.37
6944 25.34 146.77 69.67 5.90 390.37
6945 26.69 255.86 83.36 5.90 392.53
6946 27.15 218.30 14.30 6.70 394.68
6947 28.48 450.57 132.71 7.70 398.31
6948 29.64 495.78 162.18 7.30 385.61
6949 29.94 346.57 30.30 7.00 393.84
6950 29.58 207.51 6.52 5.40 416.13
6951 29.16 199.73 10.48 5.90 426.53
6952 29.32 253.39 216.13 6.40 397.85
6953 29.03 176.73 449.38 5.70 373.52
6954 28.22 13.32 0.00 4.40 376.81
6955 27.40 0.00 0.00 4.50 379.33
6956 26.58 0.00 0.00 4.70 382.13
6957 25.76 0.00 0.00 3.00 380.57
6958 24.95 0.00 0.00 1.90 380.86
6959 24.13 0.00 0.00 1.10 379.56
6960 23.31 0.00 0.00 1.40 377.78
6961 22.18 0.00 0.00 1.90 376.10
6962 20.98 0.00 0.00 2.70 376.47
6963 19.72 0.00 0.00 3.30 375.58
6964 19.10 0.00 0.00 2.70 377.42
6965 18.36 0.00 0.00 2.10 379.39
6966 17.95 0.00 0.00 2.30 377.40
6967 18.28 22.60 0.00 1.40 383.65
6968 18.61 83.11 0.00 1.60 382.18
6969 18.80 117.79 0.00 1.90 385.58
6970 19.18 202.90 4.47 2.30 379.68
6971 19.61 294.47 14.05 1.90 369.29
6972 19.94 326.85 18.46 1.90 372.16
6973 20.25 376.10 32.94 3.50 371.48
6974 20.32 289.49 23.10 3.70 373.47
6975 20.06 139.67 0.00 3.30 380.51
6976 19.65 58.19 0.00 1.90 384.55
6977 19.21 12.71 0.00 2.50 387.64
6978 18.42 1.36 0.00 3.00 391.82
6979 17.82 0.00 0.00 5.70 387.96
6980 16.07 0.00 0.00 4.40 379.40
6981 16.65 0.00 0.00 4.50 378.63
6982 16.80 0.00 0.00 4.20 373.75
6983 16.46 0.00 0.00 3.80 373.50
6984 15.84 0.00 0.00 3.70 373.93
6985 15.95 0.00 0.00 3.70 372.92
6986 15.93 0.00 0.00 3.00 372.87
6987 15.86 0.00 0.00 2.10 371.59
6988 15.84 0.00 0.00 2.10 370.58
6989 15.78 0.00 0.00 1.70 368.47
6990 15.34 0.00 0.00 1.10 365.91
6991 16.26 24.53 0.00 1.90 369.11
6992 17.67 136.80 67.07 2.70 366.21
6993 19.24 286.50 141.53 3.00 363.46
6994 21.13 479.92 312.50 4.00 355.60
6995 20.59 159.29 0.93 3.80 381.15
6996 20.37 179.60 0.89 4.20 379.29
6997 20.78 280.63 10.83 3.80 376.01
6998 20.90 241.12 7.82 3.50 374.89
6999 20.62 152.69 0.00 4.00 377.76
7000 20.27 119.27 0.00 4.40 373.01
7001 20.00 124.18 228.08 4.50 353.25
7002 19.44 6.00 0.00 5.20 349.38
7003 18.60 0.00 0.00 5.00 360.86
7004 18.31 0.00 0.00 4.40 360.71
7005 16.57 0.00 0.00 3.30 356.61
7006 17.10 0.00 0.00 1.60 352.91
7007 16.61 0.00 0.00 0.50 354.14
7008 15.87 0.00 0.00 0.80 348.01
7009 15.14 0.00 0.00 2.30 346.01
7010 14.29 0.00 0.00 1.70 346.95
7011 13.33 0.00 0.00 2.30 342.59
7012 12.96 0.00 0.00 3.00 340.21
7013 12.52 0.00 0.00 2.50 340.26
7014 12.22 0.00 0.00 1.30 337.83
7015 12.86 25.89 0.00 0.80 344.34
7016 12.77 18.93 0.00 1.00 356.50
7017 13.25 82.02 0.00 0.60 352.16
7018 13.72 118.34 0.00 0.60 351.63
7019 15.88 502.77 230.74 1.60 329.96
7020 17.32 501.45 151.24 0.80 332.87
7021 18.13 440.49 100.40 0.80 338.52
7022 18.54 389.37 97.10 0.90 353.25
7023 18.57 258.18 33.90 2.30 345.29
7024 17.99 120.45 0.00 2.70 352.18
7025 17.51 121.40 227.87 2.10 335.21
7026 17.18 5.12 0.00 1.40 330.97
7027 16.85 0.00 0.00 0.40 332.23
7028 16.52 0.00 0.00 0.30 332.32
7029 16.19 0.00 0.00 0.40 331.52
7030 15.86 0.00 0.00 0.30 328.31
7031 15.39 0.00 0.00 0.50 341.20
7032 14.81 0.00 0.00 1.30 345.90
7033 14.89 0.00 0.00 0.90 347.53
7034 14.55 0.00 0.00 1.90 346.77
7035 14.21 0.00 0.00 2.50 346.01
7036 14.03 0.00 0.00 2.50 346.15
7037 13.85 0.00 0.00 2.50 346.30
7038 13.72 0.00 0.00 3.30 346.74
7039 14.06 21.89 0.00 2.70 358.28
7040 14.54 84.40 0.00 2.70 358.13
7041 15.95 316.68 243.70 2.70 345.98
7042 17.96 640.41 790.74 2.50 332.52
7043 19.44 726.42 762.34 2.50 337.72
7044 20.15 626.46 352.66 3.50 348.12
7045 19.37 212.36 13.96 4.20 375.24
7046 18.62 162.62 0.10 4.70 378.98
7047 17.66 44.60 0.00 6.10 384.70
7048 16.85 28.10 0.00 6.40 385.36
7049 16.13 11.04 0.00 6.40 383.60
7050 16.68 3.25 0.00 5.20 384.25
7051 17.23 0.00 0.00 5.90 387.15
7052 17.78 0.00 0.00 7.00 388.92
7053 18.34 0.00 0.00 7.30 390.68
7054 18.89 0.00 0.00 7.00 392.44
7055 19.44 0.00 0.00 7.30 394.20
7056 19.99 0.00 0.00 7.00 395.95
7057 20.07 0.00 0.00 7.00 394.81
7058 20.19 0.00 0.00 6.10 393.91
7059 20.31 0.00 0.00 5.70 393.01
7060 20.38 0.00 0.00 5.90 391.87
7061 20.46 0.00 0.00 6.40 390.70
7062 20.53 0.00 0.00 6.10 389.51
7063 21.25 36.32 54.77 6.40 388.98
7064 23.05 222.98 457.73 5.00 378.14
7065 24.97 431.14 715.50 4.50 376.26
7066 26.92 636.53 790.39 2.70 375.44
7067 27.85 567.58 325.04 2.30 387.98
7068 27.94 394.35 52.83 2.10 399.73
7069 27.83 348.87 35.05 1.90 399.68
7070 26.95 146.81 0.00 1.30 409.91
7071 25.89 40.32 0.00 1.90 415.12
7072 25.01 25.30 0.00 1.90 413.17
7073 24.25 9.82 0.00 1.90 412.04
7074 24.31 0.62 0.00 1.70 409.88
7075 24.36 0.00 0.00 1.70 417.24
7076 24.42 0.00 0.00 1.40 418.28
7077 24.48 0.00 0.00 0.90 415.70
7078 24.54 0.00 0.00 0.70 416.65
7079 24.59 0.00 0.00 1.70 416.98
7080 24.65 0.00 0.00 1.40 416.39
7081 24.14 0.00 0.00 0.80 421.12
7082 24.11 0.00 0.00 1.60 420.69
7083 23.76 0.00 0.00 2.10 418.31
7084 23.58 0.00 0.00 2.10 416.99
7085 23.18 0.00 0.00 1.00 414.28
7086 22.31 0.00 0.00 1.00 413.34
7087 22.16 7.63 0.00 1.10 414.22
7088 23.29 35.29 0.00 1.60 418.04
7089 24.10 69.41 0.00 3.00 417.33
7090 24.95 101.89 0.00 2.70 418.29
7091 25.25 113.48 0.00 2.50 420.56
7092 25.51 123.13 0.00 3.00 421.96
7093 25.39 116.69 0.00 3.00 424.95
7094 25.52 95.32 0.00 3.80 423.17
7095 25.60 73.17 0.00 4.70 424.10
7096 25.52 46.96 0.00 6.10 424.16
7097 25.36 17.84 0.00 4.70 424.49
7098 25.13 1.12 0.00 5.40 421.61
7099 24.90 0.00 0.00 5.00 418.74
7100 24.67 0.00 0.00 5.70 415.88
7101 24.44 0.00 0.00 5.00 413.03
7102 24.18 0.00 0.00 8.80 410.04
7103 23.84 0.00 0.00 7.00 406.58
7104 23.68 0.00 0.00 7.00 404.17
7105 23.03 0.00 0.00 5.40 402.16
7106 22.29 0.00 0.00 4.20 396.28
7107 21.55 0.00 0.00 5.00 390.46
7108 21.16 0.00 0.00 3.80 386.79
7109 20.78 0.00 0.00 3.80 383.15
7110 20.51 0.00 0.00 3.50 380.24
7111 21.19 32.62 23.12 3.50 382.94
7112 22.29 135.89 86.26 1.90 384.91
7113 23.19 212.90 26.41 3.70 376.61
7114 24.10 300.09 40.98 4.40 374.75
7115 24.92 365.24 41.27 3.00 376.31
7116 25.95 500.72 179.32 4.40 371.91
7117 27.10 637.29 484.54 5.40 364.22
7118 28.06 676.83 777.99 5.40 359.24
7119 28.56 576.58 852.43 3.50 359.46
7120 28.28 313.81 522.95 4.20 369.85
7121 27.35 108.19 328.65 3.80 379.15
7122 26.64 4.52 0.00 3.80 381.07
7123 25.94 0.00 0.00 4.20 390.84
7124 25.24 0.00 0.00 4.50 390.94
7125 24.53 0.00 0.00 3.70 391.72
7126 23.83 0.00 0.00 2.70 391.15
7127 23.12 0.00 0.00 2.10 391.87
7128 22.42 0.00 0.00 2.10 393.50
7129 21.87 0.00 0.00 1.60 392.94
7130 21.31 0.00 0.00 2.30 391.87
7131 20.76 0.00 0.00 2.10 391.86
7132 20.49 0.00 0.00 1.40 395.29
7133 20.22 0.00 0.00 1.40 395.99
7134 20.04 0.00 0.00 2.30 396.24
7135 20.39 19.00 0.00 2.10 397.59
7136 20.80 61.71 0.00 1.40 402.00
7137 22.15 257.09 123.03 1.10 388.47
7138 22.69 260.98 26.93 1.10 397.72
7139 23.92 435.76 148.57 2.30 385.81
7140 23.91 289.67 16.53 2.70 403.42
7141 24.29 272.10 22.53 2.70 403.27
7142 24.94 492.43 272.54 2.50 378.93
7143 24.68 201.99 15.90 1.90 405.44
7144 23.93 28.74 0.00 2.10 416.81
7145 22.73 33.97 0.00 1.00 406.21
7146 22.85 2.58 0.00 2.70 401.65
7147 22.24 0.00 0.00 2.30 395.98
7148 21.63 0.00 0.00 3.30 390.36
7149 21.02 0.00 0.00 4.40 384.79
7150 20.42 0.00 0.00 3.50 379.27
7151 19.81 0.00 0.00 3.70 373.79
7152 19.20 0.00 0.00 3.00 369.41
7153 18.57 0.00 0.00 4.00 369.18
7154 17.86 0.00 0.00 3.80 363.95
7155 17.14 0.00 0.00 5.00 359.48
7156 16.75 0.00 0.00 5.90 353.45
7157 16.35 0.00 0.00 4.70 351.12
7158 16.06 0.00 0.00 3.50 347.69
7159 16.79 36.53 80.98 3.30 347.65
7160 18.58 205.48 508.58 3.70 347.37
7161 20.53 395.66 653.77 3.30 349.09
7162 22.37 559.86 727.53 3.00 348.16
7163 23.89 661.49 709.79 2.70 350.50
7164 24.99 689.77 647.32 2.30 353.35
7165 25.68 670.03 641.31 1.90 352.82
7166 26.06 624.88 733.51 2.70 355.14
7167 26.01 495.49 760.98 1.30 359.81
7168 25.28 308.59 640.29 2.70 362.62
7169 24.01 118.17 458.04 3.00 369.26
7170 23.54 4.33 0.00 2.10 371.79
7171 23.07 0.00 0.00 2.10 375.36
7172 22.60 0.00 0.00 1.60 377.19
7173 22.13 0.00 0.00 1.60 374.96
7174 21.66 0.00 0.00 2.10 373.70
7175 21.20 0.00 0.00 1.10 371.47
7176 20.73 0.00 0.00 1.30 367.93
7177 20.65 0.00 0.00 0.70 367.11
7178 20.60 0.00 0.00 0.70 368.61
7179 20.56 0.00 0.00 0.50 368.01
7180 20.55 0.00 0.00 0.70 364.92
7181 20.54 0.00 0.00 0.60 371.04
7182 20.54 0.00 0.00 0.40 372.25
7183 21.29 32.27 42.34 1.00 377.06
7184 23.12 194.93 467.14 2.30 381.76
7185 25.32 408.45 690.78 1.70 376.00
7186 27.58 614.64 888.06 2.50 374.80
7187 29.43 723.50 847.49 2.10 380.52
7188 30.41 651.98 482.28 1.30 391.90
7189 30.54 470.81 166.62 2.70 403.94
7190 30.22 369.05 95.41 3.00 402.73
7191 29.77 317.34 104.67 2.70 399.46
7192 29.00 209.79 149.11 3.30 399.09
7193 27.79 37.68 0.00 4.20 414.44
7194 27.18 1.98 0.00 3.70 414.11
7195 26.57 0.00 0.00 3.00 416.55
7196 25.96 0.00 0.00 2.50 416.42
7197 25.34 0.00 0.00 2.50 419.77
7198 24.73 0.00 0.00 2.30 417.35
7199 24.12 0.00 0.00 2.30 415.68
7200 23.51 0.00 0.00 4.00 414.40
7201 22.76 0.00 0.00 5.40 409.21
7202 21.96 0.00 0.00 5.00 407.17
7203 21.16 0.00 0.00 4.20 405.14
7204 20.74 0.00 0.00 3.70 404.76
7205 20.31 0.00 0.00 2.50 405.25
7206 20.01 0.00 0.00 4.40 404.09
7207 20.34 17.97 0.00 4.70 403.01
7208 20.28 17.02 0.00 4.20 401.78
7209 21.76 240.09 102.60 3.80 380.23
7210 23.56 450.86 330.16 1.90 365.97
7211 24.50 422.63 141.81 2.50 373.13
7212 24.56 259.82 18.68 4.40 388.00
7213 24.91 371.29 40.33 4.40 379.70
7214 25.03 321.92 35.31 4.50 379.76
7215 24.99 265.79 64.88 2.70 379.73
7216 24.92 255.27 341.96 2.70 367.83
7217 24.30 83.70 188.31 3.70 378.35
7218 23.60 2.67 0.00 1.40 377.30
7219 22.91 0.00 0.00 1.00 376.12
7220 22.21 0.00 0.00 1.90 375.08
7221 21.51 0.00 0.00 1.30 372.89
7222 20.81 0.00 0.00 0.80 372.50
7223 20.12 0.00 0.00 0.90 365.92
7224 19.42 0.00 0.00 1.60 361.86
7225 18.96 0.00 0.00 1.00 360.88
7226 18.45 0.00 0.00 0.70 355.13
7227 17.94 0.00 0.00 1.40 353.26
7228 17.66 0.00 0.00 1.40 350.89
7229 17.39 0.00 0.00 0.80 351.48
7230 17.19 0.00 0.00 1.30 348.24
7231 17.88 32.65 57.26 1.10 350.42
7232 19.82 208.34 601.32 1.00 354.19
7233 21.96 410.29 776.34 1.10 356.10
7234 23.92 573.63 825.98 1.00 354.31
7235 25.61 689.47 854.26 1.10 353.99
7236 26.90 739.53 860.58 2.10 358.45
7237 27.78 728.40 879.09 2.30 357.66
7238 28.17 637.47 844.24 1.00 361.60
7239 28.07 489.61 785.43 3.00 363.04
7240 27.27 301.21 652.49 3.00 363.66
7241 25.92 106.38 414.32 4.00 368.80
7242 25.30 2.78 0.00 2.70 366.81
7243 24.68 0.00 0.00 3.00 369.67
7244 24.06 0.00 0.00 1.70 368.99
7245 23.44 0.00 0.00 2.30 367.56
7246 22.83 0.00 0.00 2.10 365.83
7247 22.21 0.00 0.00 2.70 366.82
7248 21.59 0.00 0.00 1.90 360.99
7249 21.18 0.00 0.00 1.60 357.80
7250 20.72 0.00 0.00 1.70 356.97
7251 20.26 0.00 0.00 2.30 353.74
7252 20.01 0.00 0.00 2.70 356.92
7253 19.75 0.00 0.00 1.70 357.74
7254 19.56 0.00 0.00 0.90 359.76
7255 20.20 30.40 39.57 1.60 363.34
7256 21.98 193.89 498.75 3.70 368.39
7257 23.86 369.85 557.38 5.00 366.41
7258 25.62 520.50 641.63 5.70 363.04
7259 26.87 567.06 429.84 6.40 368.95
7260 28.01 655.04 579.26 5.20 364.90
7261 28.83 661.93 647.95 7.00 367.52
7262 29.16 563.83 600.21 8.30 372.43
7263 29.02 423.06 476.58 9.00 377.31
7264 28.28 264.24 440.23 9.20 375.63
7265 27.08 93.21 259.13 9.40 381.56
7266 26.66 2.30 0.00 10.30 380.40
7267 26.25 0.00 0.00 9.40 386.23
7268 25.83 0.00 0.00 8.10 387.36
7269 25.41 0.00 0.00 7.70 387.58
7270 24.99 0.00 0.00 6.10 383.55
7271 24.58 0.00 0.00 5.70 381.79
7272 24.16 0.00 0.00 5.70 378.34
7273 23.99 0.00 0.00 4.70 379.70
7274 23.89 0.00 0.00 4.20 379.66
7275 23.78 0.00 0.00 5.20 377.83
7276 23.76 0.00 0.00 7.70 374.47
7277 23.74 0.00 0.00 5.70 374.80
7278 23.75 0.00 0.00 5.40 375.89
7279 24.42 26.36 4.84 5.70 379.01
7280 26.08 164.89 295.01 5.90 381.09
7281 27.43 262.45 148.68 4.70 385.16
7282 29.04 418.77 287.10 4.20 383.57
7283 30.45 511.10 315.77 5.00 386.24
7284 31.74 593.61 384.48 4.50 388.22
7285 33.04 706.29 740.27 5.70 380.49
7286 33.69 586.24 635.40 5.20 384.94
7287 34.01 508.02 801.79 5.20 384.21
7288 33.69 322.87 751.39 4.70 381.97
7289 32.70 113.38 477.07 3.50 387.43
7290 31.67 2.97 0.00 4.00 386.70
7291 30.64 0.00 0.00 4.00 391.23
7292 29.61 0.00 0.00 2.30 388.64
7293 28.59 0.00 0.00 2.10 384.83
7294 27.56 0.00 0.00 1.10 385.83
7295 26.32 0.00 0.00 0.40 387.40
7296 25.09 0.00 0.00 0.60 385.03
7297 24.13 0.00 0.00 1.10 348.29
7298 22.90 0.00 0.00 0.80 341.63
7299 21.61 0.00 0.00 0.80 353.96
7300 20.94 0.00 0.00 0.70 366.65
7301 20.21 0.00 0.00 0.50 377.36
7302 19.71 0.00 0.00 0.40 375.56
7303 20.19 20.69 0.00 0.30 379.57
7304 21.17 102.10 15.52 0.50 383.57
7305 22.43 210.02 34.30 0.50 370.59
7306 24.08 372.50 187.72 0.70 353.15
7307 24.99 361.36 78.58 0.70 345.74
7308 26.23 512.23 236.92 0.90 341.38
7309 26.83 438.55 131.56 0.50 347.34
7310 27.13 398.35 152.35 0.60 349.12
7311 27.04 295.37 116.89 0.40 350.15
7312 25.87 86.17 0.00 0.40 378.68
7313 24.88 8.09 0.00 0.30 400.92
7314 23.92 1.22 0.00 0.30 409.59
7315 22.97 0.00 0.00 0.50 407.93
7316 22.02 0.00 0.00 0.40 399.63
7317 21.07 0.00 0.00 0.30 391.43
7318 20.12 0.00 0.00 0.20 383.33
7319 19.16 0.00 0.00 0.50 375.32
7320 18.21 0.00 0.00 0.60 367.42
7321 17.54 0.00 0.00 0.40 361.21
7322 16.91 0.00 0.00 0.10 355.32
7323 16.28 0.00 0.00 0.30 341.22
7324 15.98 0.00 0.00 0.30 339.82
7325 15.69 0.00 0.00 0.30 337.57
7326 15.50 0.00 0.00 0.10 344.40
7327 16.41 28.08 31.46 0.00 342.21
7328 18.89 187.20 506.64 0.20 346.07
7329 21.67 375.85 667.75 0.20 352.10
7330 24.31 536.35 738.85 0.30 348.51
7331 26.61 650.23 772.21 0.60 352.54
7332 28.39 695.74 766.45 0.70 352.50
7333 29.58 674.34 749.08 1.20 354.95
7334 30.18 594.60 744.30 1.00 355.52
7335 30.13 452.16 684.89 0.90 357.37
7336 29.20 279.64 596.12 1.00 359.84
7337 27.56 91.33 346.97 1.00 364.51
7338 26.24 1.57 0.00 1.00 362.64
7339 24.93 0.00 0.00 0.60 363.34
7340 23.61 0.00 0.00 0.50 356.79
7341 22.30 0.00 0.00 0.90 352.16
7342 20.98 0.00 0.00 0.90 348.36
7343 19.67 0.00 0.00 0.60 344.60
7344 18.35 0.00 0.00 0.80 340.60
7345 16.83 0.00 0.00 0.80 340.54
7346 15.15 0.00 0.00 1.40 335.34
7347 13.46 0.00 0.00 1.40 330.48
7348 12.53 0.00 0.00 2.50 327.07
7349 11.60 0.00 0.00 1.70 323.49
7350 10.92 0.00 0.00 1.40 319.47
7351 11.52 26.05 15.16 1.50 321.54
7352 13.61 180.42 438.59 1.10 327.36
7353 15.98 362.89 611.03 1.40 328.84
7354 18.18 512.89 659.48 1.40 323.70
7355 20.16 636.72 720.16 1.40 323.61
7356 21.74 702.09 785.12 1.40 324.19
7357 22.68 668.56 725.08 1.90 329.68
7358 23.01 577.28 679.62 2.50 331.83
7359 22.70 433.04 619.92 3.80 335.68
7360 21.53 255.21 475.78 5.11 340.76
7361 19.76 82.61 235.49 5.11 344.19
7362 19.26 1.27 0.00 6.31 345.28
7363 18.75 0.00 0.00 4.51 351.76
7364 18.25 0.00 0.00 4.01 349.85
7365 17.74 0.00 0.00 3.80 348.75
7366 17.24 0.00 0.00 3.80 350.28
7367 16.73 0.00 0.00 4.81 347.06
7368 16.22 0.00 0.00 3.30 348.42
7369 16.54 0.00 0.00 2.30 350.79
7370 16.94 0.00 0.00 3.00 349.74
7371 17.34 0.00 0.00 4.21 352.80
7372 17.58 0.00 0.00 4.51 353.68
7373 17.82 0.00 0.00 4.51 352.42
7374 18.00 0.00 0.00 4.51 358.64
7375 18.68 16.15 0.00 4.51 361.21
7376 20.11 89.95 6.44 4.81 365.13
7377 21.93 195.41 28.07 4.21 361.24
7378 23.80 296.68 58.09 4.01 360.08
7379 25.99 436.82 183.36 5.81 359.98
7380 28.01 524.67 281.54 7.31 356.87
7381 29.10 452.68 174.35 7.81 366.29
7382 30.36 547.09 556.82 7.51 360.16
7383 29.63 401.83 467.64 8.01 366.20
7384 30.10 206.67 222.51 7.71 375.52
7385 28.97 102.71 293.48 6.71 370.47
7386 28.27 1.54 0.00 4.81 370.99
7387 27.57 0.00 0.00 4.01 378.61
7388 26.87 0.00 0.00 4.21 379.26
7389 26.17 0.00 0.00 5.11 375.86
7390 25.47 0.00 0.00 3.80 371.99
7391 24.77 0.00 0.00 4.81 370.43
7392 24.07 0.00 0.00 4.01 368.62
7393 22.98 0.00 0.00 3.60 367.93
7394 21.82 0.00 0.00 3.60 365.73
7395 20.66 0.00 0.00 4.21 365.04
7396 20.04 0.00 0.00 3.30 365.01
7397 19.43 0.00 0.00 3.30 365.82
7398 19.00 0.00 0.00 3.80 371.32
7399 19.34 15.49 0.00 3.00 371.28
7400 20.76 129.26 120.61 3.30 377.90
7401 22.24 249.60 122.98 4.51 379.75
7402 23.24 294.76 58.30 4.81 384.32
7403 24.20 370.14 90.96 4.01 383.93
7404 25.01 411.65 90.89 6.01 387.27
7405 25.48 389.96 92.28 5.81 389.67
7406 25.57 318.98 44.92 4.51 404.39
7407 25.20 214.41 24.87 4.51 406.62
7408 24.28 77.19 0.00 2.70 411.58
7409 23.11 8.47 0.00 2.90 416.56
7410 22.38 0.64 0.00 4.21 409.01
7411 21.91 0.00 0.00 5.41 400.08
7412 21.23 0.00 0.00 5.11 392.99
7413 20.31 0.00 0.00 5.61 390.19
7414 19.41 0.00 0.00 5.11 379.54
7415 17.85 0.00 0.00 4.81 375.11
7416 18.72 0.00 0.00 4.21 369.18
7417 18.46 0.00 0.00 4.81 369.02
7418 18.13 0.00 0.00 2.90 364.66
7419 17.79 0.00 0.00 1.90 358.52
7420 17.63 0.00 0.00 2.90 355.57
7421 17.47 0.00 0.00 1.70 354.22
7422 17.32 0.00 0.00 3.20 349.53
7423 18.00 21.16 0.00 3.30 352.30
7424 20.86 211.69 439.97 1.70 357.21
7425 21.90 220.35 100.77 2.30 373.01
7426 21.97 160.64 0.00 2.30 380.81
7427 24.06 500.12 290.03 1.70 360.28
7428 24.59 328.50 57.82 1.70 375.39
7429 25.74 507.82 256.36 1.40 363.61
7430 26.00 347.96 107.56 2.10 372.30
7431 25.60 215.45 38.08 2.70 378.19
7432 24.23 25.12 0.00 3.60 407.13
7433 22.52 8.29 0.00 2.70 412.90
7434 22.73 1.11 0.00 1.90 409.83
7435 22.05 0.00 0.00 1.70 407.60
7436 21.72 0.00 0.00 1.60 401.23
7437 21.40 0.00 0.00 2.10 402.16
7438 20.93 0.00 0.00 2.90 395.09
7439 20.51 0.00 0.00 3.60 393.77
7440 20.07 0.00 0.00 4.21 390.88
7441 19.60 0.00 0.00 3.60 390.14
7442 19.12 0.00 0.00 3.60 388.90
7443 18.64 0.00 0.00 6.61 384.99
7444 18.39 0.00 0.00 5.41 380.50
7445 18.14 0.00 0.00 4.81 377.37
7446 17.96 0.00 0.00 3.80 374.27
7447 18.48 16.06 0.00 3.30 374.15
7448 19.72 92.24 14.32 3.20 375.46
7449 21.45 211.42 66.16 3.00 367.88
7450 23.53 359.31 165.85 3.80 361.86
7451 25.63 487.94 303.81 4.01 363.83
7452 27.13 507.17 216.20 4.01 366.51
7453 28.16 500.45 258.18 5.11 365.00
7454 28.82 472.73 375.37 4.01 361.83
7455 28.92 364.72 378.31 4.21 365.36
7456 28.13 198.85 216.62 4.51 371.35
7457 26.96 97.63 295.54 3.80 363.24
7458 26.28 0.80 0.00 4.01 361.55
7459 25.60 0.00 0.00 4.81 368.97
7460 24.92 0.00 0.00 5.11 368.13
7461 24.24 0.00 0.00 4.81 371.60
7462 23.56 0.00 0.00 6.31 367.80
7463 22.88 0.00 0.00 5.81 366.89
7464 22.20 0.00 0.00 4.81 364.41
7465 21.63 0.00 0.00 4.01 364.06
7466 21.11 0.00 0.00 4.51 363.81
7467 20.60 0.00 0.00 4.81 364.32
7468 20.38 0.00 0.00 5.81 364.54
7469 20.15 0.00 0.00 3.80 366.04
7470 20.02 0.00 0.00 3.30 370.75
7471 20.48 13.81 0.00 4.81 371.24
7472 22.16 128.03 164.60 3.60 376.29
7473 24.39 300.33 377.59 1.90 372.84
7474 26.33 412.63 336.82 2.70 368.83
7475 27.70 444.31 216.70 1.60 370.33
7476 29.38 602.36 502.71 1.70 363.60
7477 30.39 550.37 382.17 3.20 369.07
7478 30.40 341.31 104.76 3.60 381.19
7479 30.19 299.17 128.35 5.11 377.29
7480 29.51 188.92 140.70 5.81 377.68
7481 28.39 59.02 80.11 3.80 381.50
7482 27.38 0.00 0.00 4.21 387.46
7483 26.36 0.00 0.00 4.81 387.83
7484 25.34 0.00 0.00 5.11 384.24
7485 24.33 0.00 0.00 4.21 382.16
7486 23.31 0.00 0.00 4.51 376.85
7487 22.29 0.00 0.00 4.81 375.71
7488 21.27 0.00 0.00 3.80 372.34
7489 19.95 0.00 0.00 3.80 366.93
7490 18.55 0.00 0.00 3.30 362.83
7491 17.14 0.00 0.00 2.50 354.84
7492 16.39 0.00 0.00 2.10 351.51
7493 15.65 0.00 0.00 1.60 349.96
7494 15.12 0.00 0.00 1.90 347.20
7495 15.54 17.55 0.00 1.90 345.26
7496 17.24 142.01 280.77 3.60 350.18
7497 19.75 350.23 548.24 4.01 342.62
7498 21.45 419.00 334.15 5.81 348.72
7499 23.64 627.21 701.00 6.31 341.43
7500 25.05 625.14 578.35 7.01 344.53
7501 25.64 527.99 353.57 6.71 350.29
7502 25.92 487.58 437.37 4.51 350.54
7503 25.63 361.25 370.82 5.11 348.36
7504 24.51 183.72 126.74 6.61 353.47
7505 23.02 59.14 78.23 6.31 356.51
7506 22.10 0.00 0.00 4.81 358.67
7507 21.18 0.00 0.00 5.41 355.00
7508 20.25 0.00 0.00 3.60 354.23
7509 19.33 0.00 0.00 3.00 354.32
7510 18.40 0.00 0.00 2.90 351.19
7511 17.48 0.00 0.00 2.10 353.69
7512 16.56 0.00 0.00 2.50 349.45
7513 16.05 0.00 0.00 3.80 349.05
7514 15.56 0.00 0.00 4.81 347.32
7515 15.07 0.00 0.00 4.01 343.66
7516 14.84 0.00 0.00 3.30 341.13
7517 14.61 0.00 0.00 3.80 340.99
7518 14.46 0.00 0.00 4.51 341.03
7519 14.79 10.40 0.00 4.01 346.43
7520 15.65 66.48 0.00 4.51 349.47
7521 16.96 167.75 21.57 4.21 347.88
7522 19.07 360.71 183.64 4.81 335.44
7523 20.71 422.59 176.70 4.51 338.14
7524 22.20 501.31 248.22 3.30 335.06
7525 23.04 445.51 189.12 3.00 343.74
7526 23.74 464.07 324.24 4.21 337.62
7527 23.31 225.18 54.97 3.30 349.56
7528 22.29 88.83 0.00 3.80 356.60
7529 21.08 8.61 0.00 3.30 365.48
7530 20.43 0.00 0.00 2.70 367.69
7531 19.78 0.00 0.00 1.90 363.97
7532 19.13 0.00 0.00 1.70 361.31
7533 18.48 0.00 0.00 1.10 358.52
7534 17.83 0.00 0.00 0.90 356.29
7535 17.17 0.00 0.00 1.20 356.42
7536 16.52 0.00 0.00 1.40 357.97
7537 15.76 0.00 0.00 1.50 355.83
7538 14.94 0.00 0.00 1.90 351.17
7539 14.12 0.00 0.00 2.70 347.18
7540 13.68 0.00 0.00 2.70 344.14
7541 13.25 0.00 0.00 1.50 342.45
7542 12.94 0.00 0.00 1.70 339.05
7543 13.33 13.71 0.00 1.70 340.28
7544 14.65 98.43 44.15 1.60 343.37
7545 16.26 210.39 72.61 2.10 344.21
7546 18.06 336.75 121.80 2.30 340.32
7547 19.93 460.95 251.92 3.20 341.05
7548 21.37 500.56 225.47 2.70 345.12
7549 22.39 503.37 310.32 3.60 347.17
7550 23.17 509.18 523.55 4.01 346.14
7551 23.33 388.06 493.49 4.01 346.38
7552 22.87 261.00 518.73 3.60 343.73
7553 21.64 93.56 391.49 2.50 343.15
7554 20.91 0.00 0.00 2.70 348.16
7555 20.19 0.00 0.00 2.30 346.12
7556 19.47 0.00 0.00 1.90 348.19
7557 18.74 0.00 0.00 2.30 347.65
7558 18.02 0.00 0.00 1.90 346.46
7559 17.30 0.00 0.00 3.00 345.42
7560 16.58 0.00 0.00 5.41 346.42
7561 16.04 0.00 0.00 5.11 343.96
7562 15.59 0.00 0.00 5.11 341.58
7563 15.14 0.00 0.00 3.80 341.61
7564 14.89 0.00 0.00 4.01 340.56
7565 14.61 0.00 0.00 4.81 339.26
7566 14.45 0.00 0.00 4.01 339.30
7567 14.79 13.16 0.00 4.21 340.54
7568 16.98 158.52 377.78 5.81 352.61
7569 18.84 274.38 270.11 5.41 358.70
7570 18.61 218.71 24.06 5.11 376.83
7571 19.75 299.01 29.15 3.20 380.02
7572 20.34 269.21 13.40 3.00 384.00
7573 20.51 326.41 44.96 4.01 382.23
7574 21.46 375.27 179.31 3.80 376.19
7575 19.76 37.30 0.00 5.41 403.79
7576 18.03 164.03 114.20 5.81 370.97
7577 18.47 93.62 303.52 4.81 359.84
7578 18.86 0.00 0.00 5.11 360.01
7579 18.35 0.00 0.00 4.81 360.72
7580 16.74 0.00 0.00 6.71 352.62
7581 17.45 0.00 0.00 6.01 357.05
7582 17.12 0.00 0.00 6.31 355.95
7583 16.79 0.00 0.00 6.31 353.98
7584 16.39 0.00 0.00 7.01 352.43
7585 16.17 0.00 0.00 5.11 352.77
7586 15.89 0.00 0.00 6.71 351.94
7587 15.62 0.00 0.00 6.71 351.11
7588 15.49 0.00 0.00 7.01 351.16
7589 15.37 0.00 0.00 5.81 351.20
7590 15.30 0.00 0.00 5.11 351.55
7591 15.66 10.78 0.00 4.51 354.41
7592 17.33 116.95 130.75 4.21 364.91
7593 19.10 232.60 126.78 3.60 368.93
7594 20.46 293.14 73.62 4.51 372.55
7595 21.85 383.45 130.11 5.41 362.14
7596 23.03 430.82 151.55 4.81 355.94
7597 23.67 382.55 101.87 5.61 359.11
7598 23.75 277.71 30.19 5.81 368.84
7599 23.41 212.87 31.82 6.31 382.44
7600 22.54 77.27 0.00 6.31 377.00
7601 21.41 6.66 0.00 5.61 397.16
7602 19.67 0.00 0.00 6.31 397.19
7603 19.58 0.00 0.00 5.61 392.63
7604 19.15 0.00 0.00 4.51 385.85
7605 18.49 0.00 0.00 4.01 380.71
7606 17.78 0.00 0.00 2.50 378.23
7607 16.82 0.00 0.00 2.70 371.34
7608 16.17 0.00 0.00 2.30 366.88
7609 15.44 0.00 0.00 2.10 367.96
7610 14.49 0.00 0.00 1.20 361.12
7611 13.54 0.00 0.00 1.40 355.54
7612 13.03 0.00 0.00 1.30 351.45
7613 12.52 0.00 0.00 1.60 347.39
7614 12.16 0.00 0.00 1.50 343.53
7615 12.38 9.85 0.00 1.70 342.14
7616 13.43 83.89 24.17 1.90 344.28
7617 15.23 232.24 131.07 2.70 340.23
7618 16.78 322.45 106.01 2.90 340.06
7619 18.24 415.84 183.69 2.50 338.27
7620 19.18 413.52 140.24 1.70 342.35
7621 19.39 312.54 29.82 1.70 354.19
7622 19.41 278.90 31.58 1.60 351.47
7623 19.44 289.66 176.08 1.20 343.60
7624 19.28 245.17 392.93 1.90 332.59
7625 18.02 6.21 0.00 1.60 362.93
7626 17.34 0.00 0.00 2.30 364.37
7627 16.66 0.00 0.00 1.60 360.03
7628 15.99 0.00 0.00 2.70 356.64
7629 15.31 0.00 0.00 2.70 353.58
7630 14.63 0.00 0.00 2.90 348.59
7631 13.95 0.00 0.00 2.70 346.61
7632 13.28 0.00 0.00 3.60 343.78
7633 13.00 0.00 0.00 3.30 341.41
7634 12.69 0.00 0.00 2.70 339.95
7635 12.39 0.00 0.00 3.30 336.06
7636 12.23 0.00 0.00 3.30 335.48
7637 12.07 0.00 0.00 4.81 331.63
7638 11.96 0.00 0.00 5.61 332.32
7639 11.84 3.57 0.00 3.80 332.13
7640 14.51 90.53 57.42 2.90 340.80
7641 16.97 257.41 257.79 2.50 338.20
7642 18.27 308.00 96.29 1.90 347.89
7643 19.50 386.38 138.54 3.00 345.54
7644 20.86 493.55 256.59 3.20 343.13
7645 20.19 229.65 15.62 2.70 359.26
7646 20.48 337.55 119.26 3.30 348.85
7647 20.21 261.59 119.96 2.70 348.51
7648 20.00 262.63 512.94 3.00 335.87
7649 18.93 84.54 430.64 2.70 340.79
7650 18.24 0.00 0.00 2.30 344.64
7651 17.55 0.00 0.00 2.70 342.55
7652 16.86 0.00 0.00 2.70 341.44
7653 16.17 0.00 0.00 2.90 341.71
7654 15.48 0.00 0.00 2.30 341.54
7655 14.79 0.00 0.00 2.10 340.66
7656 14.10 0.00 0.00 1.70 335.54
7657 13.50 0.00 0.00 1.30 333.80
7658 12.84 0.00 0.00 1.90 333.28
7659 12.19 0.00 0.00 1.20 329.53
7660 11.83 0.00 0.00 1.20 328.85
7661 11.47 0.00 0.00 0.80 327.19
7662 11.22 0.00 0.00 1.00 326.09
7663 10.96 8.54 0.00 2.10 325.00
7664 14.27 130.00 335.68 1.60 341.60
7665 16.40 298.73 438.55 2.50 342.63
7666 17.32 326.88 149.90 2.90 353.97
7667 18.22 399.80 165.75 3.30 345.84
7668 19.15 479.98 261.31 4.81 339.73
7669 20.02 541.47 419.34 5.11 333.52
7670 19.70 321.43 105.09 3.80 342.87
7671 19.54 337.60 294.06 4.01 334.56
7672 18.48 149.06 92.02 4.01 344.00
7673 16.98 6.02 0.00 3.60 358.48
7674 16.45 0.00 0.00 4.81 357.38
7675 15.92 0.00 0.00 3.00 355.79
7676 15.39 0.00 0.00 3.00 350.05
7677 14.86 0.00 0.00 3.30 346.31
7678 14.33 0.00 0.00 4.51 341.77
7679 13.80 0.00 0.00 4.81 341.54
7680 13.27 0.00 0.00 5.81 338.71
7681 12.99 0.00 0.00 5.11 334.17
7682 12.71 0.00 0.00 3.80 332.87
7683 12.43 0.00 0.00 4.81 334.11
7684 12.29 0.00 0.00 4.81 328.33
7685 12.15 0.00 0.00 5.41 324.14
7686 12.06 0.00 0.00 4.21 322.51
7687 11.97 9.40 0.00 3.60 319.42
7688 15.09 102.25 123.32 3.60 326.62
7689 16.07 166.29 30.53 4.51 332.72
7690 16.80 205.98 14.21 4.51 334.22
7691 18.42 371.11 134.56 5.11 325.19
7692 20.29 516.68 336.85 5.81 321.37
7693 21.44 498.57 342.15 5.11 324.05
7694 22.03 445.07 365.05 3.30 328.49
7695 22.09 344.60 378.24 2.50 333.07
7696 21.58 242.16 480.78 2.10 329.00
7697 20.36 84.84 388.96 2.70 331.26
7698 19.52 0.00 0.00 2.50 339.28
7699 18.68 0.00 0.00 1.60 341.41
7700 17.84 0.00 0.00 1.60 340.22
7701 17.00 0.00 0.00 1.50 342.06
7702 16.16 0.00 0.00 0.60 340.50
7703 15.32 0.00 0.00 1.20 337.98
7704 14.48 0.00 0.00 1.10 334.16
7705 13.62 0.00 0.00 0.70 329.92
7706 12.70 0.00 0.00 0.70 327.94
7707 11.78 0.00 0.00 0.60 325.46
7708 11.29 0.00 0.00 0.90 322.74
7709 10.79 0.00 0.00 1.10 322.45
7710 10.44 0.00 0.00 0.80 321.57
7711 10.09 11.17 0.00 0.90 322.52
7712 12.98 111.67 205.08 1.50 329.96
7713 14.75 250.77 280.25 2.70 329.90
7714 16.44 380.16 342.06 1.90 334.04
7715 17.99 491.80 402.58 2.10 324.85
7716 19.43 592.87 607.11 2.10 325.15
7717 20.10 532.96 437.35 2.30 326.61
7718 20.39 486.74 525.73 2.50 324.98
7719 20.06 359.39 443.95 3.00 324.41
7720 19.24 248.92 528.13 3.30 319.71
7721 17.79 76.58 398.23 3.60 320.88
7722 16.82 0.00 0.00 3.20 326.29
7723 15.86 0.00 0.00 2.30 324.71
7724 14.90 0.00 0.00 2.10 322.04
7725 13.93 0.00 0.00 2.90 321.64
7726 12.97 0.00 0.00 3.30 320.98
7727 12.00 0.00 0.00 2.70 318.12
7728 11.04 0.00 0.00 2.70 313.93
7729 10.35 0.00 0.00 1.90 312.53
7730 9.62 0.00 0.00 1.70 310.19
7731 8.88 0.00 0.00 2.10 303.41
7732 8.49 0.00 0.00 1.70 303.13
7733 8.09 0.00 0.00 1.20 298.01
7734 7.81 0.00 0.00 0.80 297.37
7735 7.53 11.16 0.00 1.20 299.73
7736 11.46 145.12 518.33 1.60 311.59
7737 14.02 335.66 750.10 2.30 310.46
7738 16.39 505.28 865.75 2.70 316.00
7739 18.37 624.36 912.80 2.50 310.18
7740 19.81 676.03 921.48 1.90 311.21
7741 20.70 663.40 925.81 1.50 315.04
7742 21.00 580.54 903.74 2.10 314.96
7743 20.54 434.42 828.00 2.10 315.74
7744 19.23 253.04 650.31 2.10 321.58
7745 17.26 55.33 208.89 2.10 331.11
7746 16.37 0.00 0.00 2.50 334.42
7747 15.49 0.00 0.00 2.10 330.84
7748 14.61 0.00 0.00 3.20 327.94
7749 13.72 0.00 0.00 3.30 325.38
7750 12.84 0.00 0.00 3.80 323.25
7751 11.96 0.00 0.00 3.80 319.89
7752 11.08 0.00 0.00 3.80 316.29
7753 10.42 0.00 0.00 2.50 310.73
7754 9.71 0.00 0.00 3.60 311.88
7755 8.99 0.00 0.00 5.41 311.06
7756 8.61 0.00 0.00 4.51 307.14
7757 8.23 0.00 0.00 2.90 308.76
7758 7.97 0.00 0.00 2.70 305.95
7759 7.70 10.12 0.00 2.30 304.97
7760 10.89 119.93 329.99 2.10 311.77
7761 13.35 305.84 564.10 1.50 310.13
7762 15.70 479.93 766.39 1.90 312.17
7763 17.44 565.58 697.83 3.60 309.83
7764 18.64 600.00 651.99 2.70 310.85
7765 19.45 604.31 715.17 1.70 308.58
7766 19.70 522.78 682.47 3.60 308.98
7767 19.18 375.33 549.57 2.70 313.57
7768 17.98 221.15 487.35 2.90 313.03
7769 16.23 51.64 183.81 2.90 320.64
7770 15.45 0.00 0.00 2.10 324.23
7771 14.67 0.00 0.00 2.30 322.66
7772 13.90 0.00 0.00 1.90 317.77
7773 13.12 0.00 0.00 1.60 317.08
7774 12.34 0.00 0.00 2.30 314.02
7775 11.57 0.00 0.00 2.10 307.72
7776 10.79 0.00 0.00 1.20 305.00
7777 10.22 0.00 0.00 1.20 302.83
7778 9.68 0.00 0.00 1.40 302.58
7779 9.14 0.00 0.00 2.50 298.22
7780 8.88 0.00 0.00 4.01 297.91
7781 8.62 0.00 0.00 3.20 299.86
7782 8.45 0.00 0.00 3.60 299.55
7783 8.29 8.73 0.00 3.20 300.91
7784 11.85 160.13 596.56 2.30 305.78
7785 13.73 328.23 702.62 2.50 307.74
7786 16.11 564.51 858.73 3.60 305.88
7787 17.46 592.65 724.88 5.61 307.78
7788 17.95 515.38 361.02 4.21 318.11
7789 17.78 401.84 169.07 4.01 325.06
7790 16.34 154.84 0.00 6.01 339.27
7791 15.37 176.62 13.24 5.41 329.11
7792 14.24 83.62 0.00 7.51 331.40
7793 13.13 29.20 0.00 8.01 330.01
7794 12.59 0.00 0.00 9.51 331.72
7795 12.04 0.00 0.00 8.71 327.64
7796 11.50 0.00 0.00 9.01 325.65
7797 10.96 0.00 0.00 9.51 320.78
7798 10.42 0.00 0.00 10.61 318.59
7799 9.87 0.00 0.00 10.41 313.83
7800 9.33 0.00 0.00 9.21 313.69
7801 8.69 0.00 0.00 11.61 308.87
7802 8.04 0.00 0.00 13.62 307.19
7803 7.38 0.00 0.00 11.61 305.19
7804 7.05 0.00 0.00 11.61 301.22
7805 6.72 0.00 0.00 8.71 298.48
7806 6.50 0.00 0.00 7.51 294.27
7807 6.27 8.09 0.00 8.71 292.00
7808 9.31 153.22 636.23 9.01 297.86
7809 11.38 362.73 638.78 9.81 296.26
7810 11.74 313.57 175.46 8.71 312.73
7811 13.72 677.96 782.76 9.81 290.52
7812 15.15 737.78 909.68 10.91 291.47
7813 15.57 579.56 449.89 9.21 300.79
7814 13.51 46.03 0.00 10.11 331.15
7815 11.91 34.77 0.00 10.11 329.82
7816 11.51 259.61 480.49 9.21 290.44
7817 10.55 72.20 435.89 9.51 297.33
7818 10.12 0.00 0.00 8.41 300.38
7819 9.69 0.00 0.00 8.71 298.98
7820 9.26 0.00 0.00 7.31 299.08
7821 8.82 0.00 0.00 7.31 298.40
7822 8.39 0.00 0.00 8.41 295.46
7823 7.96 0.00 0.00 7.31 292.96
7824 7.53 0.00 0.00 7.01 290.10
7825 7.14 0.00 0.00 6.31 291.96
7826 6.70 0.00 0.00 6.31 288.15
7827 6.25 0.00 0.00 7.51 289.04
7828 5.99 0.00 0.00 6.31 287.42
7829 5.74 0.00 0.00 6.31 288.74
7830 5.54 0.00 0.00 6.01 287.69
7831 5.35 8.44 0.00 5.11 288.94
7832 8.76 131.01 476.88 4.01 298.99
7833 11.13 314.83 699.55 4.21 298.51
7834 13.29 474.02 793.87 3.30 299.47
7835 15.08 586.86 833.01 2.50 296.38
7836 16.42 640.51 850.89 3.20 298.32
7837 17.23 627.86 852.09 2.70 298.08
7838 17.52 555.26 853.79 3.00 300.24
7839 17.13 417.60 789.52 3.20 302.82
7840 15.93 242.72 631.92 2.10 307.32
7841 14.10 51.98 187.61 2.30 317.87
7842 13.32 0.00 0.00 1.90 320.32
7843 12.54 0.00 0.00 2.10 316.91
7844 11.76 0.00 0.00 2.90 315.36
7845 10.98 0.00 0.00 3.00 311.98
7846 10.20 0.00 0.00 1.90 310.82
7847 9.42 0.00 0.00 2.70 305.28
7848 8.64 0.00 0.00 2.30 306.17
7849 8.14 0.00 0.00 2.50 303.32
7850 7.57 0.00 0.00 2.30 303.41
7851 7.00 0.00 0.00 3.20 301.31
7852 6.68 0.00 0.00 5.41 297.85
7853 6.36 0.00 0.00 5.61 295.21
7854 6.13 0.00 0.00 3.80 291.98
7855 5.89 7.87 0.00 4.51 291.12
7856 9.73 138.24 557.35 4.81 302.13
7857 12.42 332.60 805.73 6.31 302.06
7858 14.90 505.34 916.18 7.31 306.43
7859 16.95 624.89 954.97 6.71 300.95
7860 18.47 680.60 968.87 8.41 304.10
7861 19.38 664.74 962.64 7.51 305.34
7862 19.68 581.87 939.60 7.81 305.08
7863 19.23 440.09 882.57 7.01 308.95
7864 17.89 257.63 623.81 6.31 311.34
7865 15.82 52.18 145.91 6.71 321.46
7866 15.31 0.00 0.00 5.61 326.28
7867 14.80 0.00 0.00 6.01 323.12
7868 14.28 0.00 0.00 6.31 321.80
7869 13.77 0.00 0.00 6.31 320.61
7870 13.26 0.00 0.00 8.01 317.32
7871 12.74 0.00 0.00 7.31 316.69
7872 12.23 0.00 0.00 6.61 317.60
7873 12.00 0.00 0.00 6.01 317.89
7874 11.75 0.00 0.00 4.21 315.97
7875 11.49 0.00 0.00 2.30 315.73
7876 11.35 0.00 0.00 3.00 313.08
7877 11.21 0.00 0.00 2.10 313.26
7878 11.10 0.00 0.00 2.90 312.28
7879 11.00 6.96 0.00 5.41 312.12
7880 14.52 122.88 442.16 7.71 322.67
7881 17.05 299.37 638.34 5.81 323.77
7882 19.39 456.85 745.88 6.01 327.81
7883 21.37 570.73 780.71 7.01 321.53
7884 22.54 570.17 602.04 4.81 326.24
7885 23.17 540.75 554.12 6.01 327.91
7886 23.25 451.33 450.49 5.11 331.93
7887 22.65 337.80 398.37 5.41 333.68
7888 21.42 197.70 376.76 3.80 332.97
7889 19.69 46.88 133.61 3.20 341.63
7890 19.27 0.00 0.00 2.30 346.84
7891 18.84 0.00 0.00 2.50 345.16
7892 18.42 0.00 0.00 2.10 346.75
7893 18.00 0.00 0.00 2.70 346.61
7894 17.58 0.00 0.00 1.60 347.22
7895 17.16 0.00 0.00 1.30 344.53
7896 16.73 0.00 0.00 1.20 342.66
7897 16.43 0.00 0.00 1.20 339.19
7898 16.14 0.00 0.00 1.10 338.31
7899 15.86 0.00 0.00 1.00 337.25
7900 15.73 0.00 0.00 0.80 338.16
7901 15.60 0.00 0.00 0.60 339.62
7902 15.52 0.00 0.00 0.60 339.04
7903 15.45 6.35 0.00 0.60 341.89
7904 18.95 137.75 452.73 0.60 350.06
7905 20.92 291.36 505.18 1.20 352.58
7906 21.93 331.92 210.56 1.50 361.31
7907 22.89 400.67 211.12 1.60 357.93
7908 23.78 463.40 257.65 1.90 359.05
7909 24.48 484.81 358.60 3.20 358.28
7910 24.92 467.07 419.50 2.10 354.47
7911 23.78 150.15 2.89 2.70 379.15
7912 22.27 20.17 0.00 2.90 391.48
7913 21.11 30.18 0.00 2.30 376.65
7914 20.63 0.00 0.00 2.30 376.59
7915 20.14 0.00 0.00 1.70 368.47
7916 19.66 0.00 0.00 1.20 364.87
7917 19.17 0.00 0.00 1.70 360.76
7918 18.69 0.00 0.00 1.30 361.20
7919 18.20 0.00 0.00 0.90 353.71
7920 17.72 0.00 0.00 0.70 348.94
7921 17.13 0.00 0.00 0.80 345.99
7922 16.48 0.00 0.00 0.80 345.86
7923 15.84 0.00 0.00 1.40 340.91
7924 15.49 0.00 0.00 1.60 337.91
7925 15.14 0.00 0.00 1.40 334.78
7926 14.90 0.00 0.00 1.10 329.34
7927 14.65 5.32 0.00 0.60 325.71
7928 17.89 124.07 370.75 0.80 336.53
7929 19.71 265.69 397.82 0.60 338.07
7930 20.10 244.10 71.04 0.80 353.43
7931 20.17 230.36 12.29 1.40 351.18
7932 20.42 274.09 19.97 1.20 353.62
7933 20.95 359.12 120.10 1.20 348.94
7934 22.25 605.67 757.10 0.80 325.82
7935 22.49 388.78 525.02 1.20 337.81
7936 21.55 134.76 78.30 1.10 357.44
7937 20.39 46.80 105.15 1.10 356.01
7938 19.83 0.00 0.00 1.10 358.50
7939 19.27 0.00 0.00 1.50 358.83
7940 18.70 0.00 0.00 1.70 358.18
7941 18.14 0.00 0.00 3.80 356.55
7942 17.58 0.00 0.00 4.51 354.66
7943 17.01 0.00 0.00 3.00 351.29
7944 16.45 0.00 0.00 3.30 350.61
7945 16.12 0.00 0.00 3.00 349.06
7946 15.78 0.00 0.00 2.10 347.04
7947 15.45 0.00 0.00 1.90 343.21
7948 15.28 0.00 0.00 1.90 340.53
7949 15.11 0.00 0.00 1.20 339.71
7950 14.99 0.00 0.00 1.10 337.68
7951 14.88 5.85 0.00 1.90 338.48
7952 18.17 115.48 432.86 2.50 346.72
7953 20.62 287.26 616.22 5.41 348.72
7954 22.94 445.46 734.70 7.01 349.25
7955 24.82 547.85 739.87 6.61 345.65
7956 26.32 611.05 778.72 6.01 346.71
7957 27.17 581.63 710.34 7.01 349.61
7958 27.42 494.07 657.55 6.71 353.11
7959 26.96 364.74 561.72 7.01 354.35
7960 25.73 201.12 415.19 7.01 353.81
7961 23.99 48.46 159.78 5.81 361.66
7962 23.24 0.00 0.00 5.41 368.10
7963 22.49 0.00 0.00 4.51 370.08
7964 21.74 0.00 0.00 5.11 369.63
7965 20.99 0.00 0.00 3.30 369.72
7966 20.24 0.00 0.00 3.20 369.08
7967 19.48 0.00 0.00 2.50 370.61
7968 18.73 0.00 0.00 2.90 367.40
7969 17.99 0.00 0.00 2.90 367.24
7970 17.20 0.00 0.00 2.10 365.33
7971 16.40 0.00 0.00 1.90 361.70
7972 15.99 0.00 0.00 1.60 361.06
7973 15.57 0.00 0.00 1.90 362.40
7974 15.27 0.00 0.00 2.50 362.28
7975 14.98 3.51 0.00 3.20 361.03
7976 15.98 43.36 0.00 1.70 367.44
7977 17.66 191.25 131.73 1.40 358.42
7978 19.24 315.01 148.35 1.60 360.54
7979 20.42 381.46 186.39 3.20 358.82
7980 21.09 380.90 138.46 4.21 363.45
7981 20.49 198.27 4.87 5.81 384.11
7982 19.80 183.84 3.81 6.01 382.47
7983 20.10 237.86 107.29 6.01 370.86
7984 20.17 267.38 497.30 7.01 340.66
7985 19.29 42.61 89.65 8.11 361.38
7986 18.53 0.00 0.00 8.11 358.20
7987 17.77 0.00 0.00 8.41 353.66
7988 17.01 0.00 0.00 8.41 350.97
7989 16.25 0.00 0.00 8.01 349.79
7990 15.49 0.00 0.00 7.51 348.20
7991 14.73 0.00 0.00 7.81 344.87
7992 13.97 0.00 0.00 8.11 341.91
7993 13.41 0.00 0.00 6.71 342.50
7994 12.88 0.00 0.00 5.11 341.38
7995 12.34 0.00 0.00 5.41 339.55
7996 12.08 0.00 0.00 4.21 337.82
7997 11.83 0.00 0.00 4.01 337.26
7998 11.66 0.00 0.00 3.30 335.94
7999 11.50 3.25 0.00 4.51 333.46
8000 12.29 28.61 0.00 3.60 335.52
8001 12.25 23.62 0.00 3.60 337.56
8002 14.81 312.47 206.64 3.60 317.65
8003 16.14 316.94 81.94 3.60 324.82
8004 17.34 392.96 147.10 3.80 324.46
8005 18.26 415.89 200.70 2.70 324.06
8006 18.65 345.35 147.44 2.10 326.17
8007 19.12 395.17 566.10 2.10 313.46
8008 18.48 146.99 123.98 3.20 324.55
8009 17.51 43.67 110.75 4.81 325.20
8010 16.52 0.00 0.00 6.01 321.40
8011 15.54 0.00 0.00 4.21 316.09
8012 14.55 0.00 0.00 5.41 309.65
8013 13.57 0.00 0.00 7.31 309.28
8014 12.58 0.00 0.00 7.51 303.95
8015 11.35 0.00 0.00 7.01 300.26
8016 10.11 0.00 0.00 6.31 296.49
8017 8.62 0.00 0.00 3.59 291.69
8018 7.38 0.00 0.00 2.19 287.27
8019 6.15 0.00 0.00 1.70 284.57
8020 5.34 0.00 0.00 1.79 282.48
8021 4.53 0.00 0.00 1.20 279.04
8022 3.94 0.00 0.00 0.90 277.58
8023 3.34 4.31 0.00 0.90 276.15
8024 6.75 116.15 489.85 0.90 286.24
8025 9.39 298.69 733.59 0.80 285.02
8026 11.90 468.55 870.02 0.90 284.74
8027 14.00 588.87 920.10 2.19 280.52
8028 15.55 648.36 942.57 2.59 283.99
8029 16.47 635.95 937.08 2.19 287.52
8030 16.73 556.10 909.33 1.30 288.48
8031 16.23 421.88 855.94 1.00 290.23
8032 14.77 243.62 585.61 1.50 289.74
8033 12.56 49.94 185.61 1.30 301.52
8034 11.79 0.00 0.00 1.30 306.74
8035 11.01 0.00 0.00 1.70 303.21
8036 10.24 0.00 0.00 1.70 301.46
8037 9.46 0.00 0.00 1.50 301.90
8038 8.69 0.00 0.00 1.70 305.48
8039 7.92 0.00 0.00 2.99 308.23
8040 7.14 0.00 0.00 1.99 306.83
8041 7.07 0.00 0.00 2.79 305.49
8042 7.03 0.00 0.00 1.79 306.64
8043 6.98 0.00 0.00 0.70 306.75
8044 6.97 0.00 0.00 1.50 308.25
8045 6.96 0.00 0.00 1.20 310.66
8046 6.96 0.00 0.00 1.00 310.88
8047 6.96 3.38 0.00 0.90 311.10
8048 9.58 70.25 86.43 1.30 323.49
8049 13.11 260.13 414.26 2.59 317.48
8050 14.76 297.41 179.91 2.39 327.34
8051 18.26 586.68 725.68 3.39 315.52
8052 19.17 424.12 233.73 3.79 330.97
8053 21.09 635.48 798.13 3.19 318.36
8054 22.04 555.93 773.42 1.99 321.67
8055 21.01 268.89 183.19 3.59 342.73
8056 19.97 235.72 486.24 2.79 332.23
8057 18.07 63.94 327.29 1.50 336.04
8058 17.65 0.00 0.00 1.50 341.92
8059 17.22 0.00 0.00 1.30 340.07
8060 16.79 0.00 0.00 2.19 341.37
8061 16.36 0.00 0.00 3.19 341.22
8062 15.93 0.00 0.00 4.09 340.56
8063 15.50 0.00 0.00 2.79 336.91
8064 15.08 0.00 0.00 3.59 335.20
8065 14.55 0.00 0.00 1.60 332.27
8066 14.01 0.00 0.00 1.30 331.60
8067 13.47 0.00 0.00 1.60 330.78
8068 13.19 0.00 0.00 2.19 331.22
8069 12.92 0.00 0.00 1.60 329.33
8070 12.73 0.00 0.00 1.79 328.56
8071 12.54 3.52 0.00 1.79 329.49
8072 15.90 97.17 296.05 2.99 339.92
8073 18.80 265.16 558.07 3.19 342.03
8074 21.51 416.69 659.12 2.59 345.36
8075 23.77 521.91 688.66 3.59 340.18
8076 25.53 579.44 720.34 3.79 340.69
8077 26.68 578.30 736.71 4.29 343.71
8078 27.09 493.36 665.34 5.29 343.66
8079 26.78 381.80 672.20 5.09 343.67
8080 25.40 207.64 485.55 4.59 350.97
8081 23.36 48.28 181.05 3.19 356.35
8082 22.37 0.00 0.00 3.39 362.32
8083 21.38 0.00 0.00 2.99 359.36
8084 20.39 0.00 0.00 3.79 357.13
8085 19.40 0.00 0.00 1.99 354.19
8086 18.41 0.00 0.00 1.79 350.21
8087 17.42 0.00 0.00 1.70 347.00
8088 16.43 0.00 0.00 1.50 341.91
8089 15.49 0.00 0.00 1.20 339.42
8090 14.47 0.00 0.00 1.20 333.31
8091 13.46 0.00 0.00 1.10 329.26
8092 12.92 0.00 0.00 0.90 324.28
8093 12.38 0.00 0.00 0.70 322.95
8094 11.99 0.00 0.00 0.60 320.67
8095 11.61 3.31 0.00 1.00 322.48
8096 14.56 92.48 270.79 0.90 329.49
8097 17.19 258.73 541.92 1.20 329.69
8098 19.84 425.35 708.10 3.79 331.32
8099 22.09 544.11 775.45 2.99 326.19
8100 23.55 564.07 657.81 2.19 328.93
8101 24.39 545.31 641.74 1.79 333.32
8102 24.53 449.93 475.39 2.59 334.60
8103 24.17 368.33 591.70 2.59 331.64
8104 22.96 221.23 553.78 2.39 336.26
8105 21.04 50.27 208.45 2.39 347.30
8106 19.96 0.00 0.00 1.70 347.71
8107 18.88 0.00 0.00 1.10 347.64
8108 17.80 0.00 0.00 0.80 344.10
8109 16.72 0.00 0.00 1.20 341.50
8110 15.65 0.00 0.00 1.30 335.90
8111 14.57 0.00 0.00 1.10 333.09
8112 13.49 0.00 0.00 1.50 331.19
8113 12.71 0.00 0.00 1.60 327.98
8114 11.85 0.00 0.00 1.00 326.30
8115 10.99 0.00 0.00 1.50 324.35
8116 10.52 0.00 0.00 2.19 321.68
8117 10.05 0.00 0.00 2.39 317.78
8118 9.72 0.00 0.00 2.59 316.19
8119 9.38 2.83 0.00 2.99 313.83
8120 12.87 104.05 250.21 3.59 324.99
8121 14.02 175.53 130.21 4.59 332.63
8122 14.68 204.45 26.08 4.59 340.81
8123 15.76 296.08 67.81 6.08 333.60
8124 17.47 455.01 271.55 8.58 324.28
8125 19.23 567.86 635.64 5.88 318.08
8126 20.28 531.23 823.82 6.08 316.55
8127 20.48 397.56 720.12 5.78 320.10
8128 19.84 254.63 747.11 5.29 317.89
8129 18.22 66.01 396.31 6.08 327.71
8130 17.50 0.00 0.00 6.58 331.27
8131 16.78 0.00 0.00 7.08 332.14
8132 16.05 0.00 0.00 9.17 328.49
8133 15.33 0.00 0.00 8.78 325.22
8134 14.61 0.00 0.00 9.17 323.36
8135 13.89 0.00 0.00 7.58 317.71
8136 13.17 0.00 0.00 9.17 315.63
8137 12.77 0.00 0.00 9.67 317.52
8138 12.33 0.00 0.00 7.58 315.67
8139 11.88 0.00 0.00 8.58 311.75
8140 11.64 0.00 0.00 9.97 314.51
8141 11.40 0.00 0.00 10.17 316.32
8142 11.22 0.00 0.00 10.87 316.54
8143 11.04 2.71 0.00 11.37 316.87
8144 14.50 100.78 437.21 11.37 323.75
8145 17.56 279.51 698.35 10.87 326.07
8146 20.63 459.51 797.29 12.27 322.43
8147 22.91 546.49 801.62 13.96 319.72
8148 24.48 580.07 694.28 10.47 325.88
8149 25.19 522.63 541.79 12.27 331.53
8150 25.43 472.26 583.87 10.47 331.70
8151 24.66 324.89 397.36 9.87 339.99
8152 23.18 191.79 343.56 7.88 340.47
8153 21.13 46.41 145.41 5.78 345.88
8154 20.67 0.00 0.00 5.09 352.62
8155 20.22 0.00 0.00 4.29 353.39
8156 19.76 0.00 0.00 4.59 352.27
8157 19.31 0.00 0.00 4.79 353.29
8158 18.86 0.00 0.00 5.09 352.48
8159 18.40 0.00 0.00 4.09 349.91
8160 17.95 0.00 0.00 3.79 350.15
8161 17.68 0.00 0.00 3.79 349.87
8162 17.44 0.00 0.00 5.29 349.61
8163 17.20 0.00 0.00 5.78 348.73
8164 17.09 0.00 0.00 4.29 349.21
8165 16.98 0.00 0.00 6.28 349.68
8166 16.91 0.00 0.00 7.58 350.16
8167 16.85 2.68 0.00 6.28 353.41
8168 19.82 77.26 106.68 5.58 362.47
8169 20.20 95.97 0.00 4.09 375.93
8170 21.64 198.11 23.17 4.29 368.99
8171 22.38 198.90 6.81 4.79 376.54
8172 23.76 321.02 77.27 3.79 372.34
8173 24.58 303.15 51.84 3.79 373.18
8174 25.82 421.31 331.08 3.39 367.33
8175 26.67 405.31 682.36 2.19 362.59
8176 26.54 230.94 624.28 2.99 368.56
8177 25.34 62.67 315.59 1.99 372.24
8178 24.45 0.00 0.00 2.19 371.88
8179 23.55 0.00 0.00 2.59 365.49
8180 22.66 0.00 0.00 3.39 363.98
8181 21.77 0.00 0.00 3.19 362.01
8182 20.87 0.00 0.00 1.50 361.00
8183 19.98 0.00 0.00 1.50 354.54
8184 19.09 0.00 0.00 1.20 350.70
8185 18.10 0.00 0.00 0.50 350.76
8186 17.09 0.00 0.00 0.60 347.11
8187 16.08 0.00 0.00 1.30 343.95
8188 15.56 0.00 0.00 1.79 340.80
8189 15.04 0.00 0.00 1.30 338.62
8190 14.69 0.00 0.00 0.50 336.97
8191 14.34 1.98 0.00 0.70 333.89
8192 16.87 83.01 299.08 0.70 342.88
8193 19.04 224.98 396.96 0.50 338.90
8194 21.32 379.11 512.62 0.90 337.34
8195 23.42 504.12 615.73 1.10 332.54
8196 25.28 603.19 785.07 1.60 331.94
8197 26.40 582.22 796.32 3.39 331.50
8198 26.91 516.81 784.67 3.39 337.92
8199 26.63 373.45 608.17 4.59 337.96
8200 25.38 199.11 434.12 4.79 341.24
8201 23.59 47.82 161.76 4.79 349.47
8202 22.47 0.00 0.00 2.79 354.09
8203 21.34 0.00 0.00 2.59 353.32
8204 20.22 0.00 0.00 2.99 352.79
8205 19.10 0.00 0.00 2.39 350.10
8206 17.97 0.00 0.00 2.39 348.20
8207 16.85 0.00 0.00 1.99 349.45
8208 15.73 0.00 0.00 1.60 346.02
8209 14.71 0.00 0.00 1.79 342.98
8210 13.60 0.00 0.00 1.79 338.68
8211 12.50 0.00 0.00 1.99 338.30
8212 11.91 0.00 0.00 2.19 336.56
8213 11.32 0.00 0.00 3.79 333.62
8214 10.90 0.00 0.00 3.59 330.52
8215 10.48 1.18 0.00 3.59 329.06
8216 12.59 67.40 131.84 3.19 333.72
8217 15.72 264.17 474.91 6.58 325.63
8218 17.53 339.82 332.39 7.08 336.21
8219 19.76 506.75 633.40 6.58 326.55
8220 21.24 534.61 580.50 6.28 330.51
8221 21.91 479.83 401.23 6.28 332.96
8222 22.05 412.42 334.23 8.28 334.91
8223 22.11 408.32 694.89 7.58 325.85
8224 21.14 232.15 615.59 9.17 331.05
8225 19.41 63.87 327.70 7.88 337.39
8226 18.27 0.00 0.00 8.78 339.82
8227 17.13 0.00 0.00 7.88 335.83
8228 15.99 0.00 0.00 7.88 331.01
8229 14.85 0.00 0.00 8.58 326.77
8230 13.71 0.00 0.00 6.78 326.32
8231 12.57 0.00 0.00 7.38 321.19
8232 11.43 0.00 0.00 7.38 319.63
8233 10.63 0.00 0.00 6.78 319.68
8234 9.77 0.00 0.00 5.78 314.63
8235 8.90 0.00 0.00 6.58 313.31
8236 8.43 0.00 0.00 6.28 310.72
8237 7.96 0.00 0.00 5.29 310.45
8238 7.62 0.00 0.00 4.79 309.61
8239 7.28 1.39 0.00 4.29 307.98
8240 9.56 69.06 167.88 3.39 312.99
8241 12.01 217.36 369.14 3.19 311.40
8242 14.28 349.53 372.30 3.79 314.33
8243 17.11 553.81 750.80 4.09 302.08
8244 18.85 563.01 693.14 4.79 304.66
8245 19.98 562.23 727.17 4.79 305.46
8246 20.44 496.18 705.21 5.58 313.23
8247 20.36 400.53 744.69 5.29 312.52
8248 19.17 227.31 572.08 4.79 314.47
8249 17.24 62.71 255.19 4.09 322.67
8250 16.45 0.00 0.00 4.29 328.30
8251 15.65 0.00 0.00 4.59 326.44
8252 14.86 0.00 0.00 3.79 324.72
8253 14.06 0.00 0.00 3.19 324.98
8254 13.26 0.00 0.00 3.19 325.84
8255 12.47 0.00 0.00 3.39 321.38
8256 11.67 0.00 0.00 4.59 319.89
8257 11.19 0.00 0.00 4.79 316.18
8258 10.66 0.00 0.00 5.09 314.37
8259 10.14 0.00 0.00 4.09 314.09
8260 9.85 0.00 0.00 5.09 312.85
8261 9.57 0.00 0.00 5.09 315.00
8262 9.36 0.00 0.00 5.58 312.06
8263 9.16 0.83 0.00 5.88 313.78
8264 12.07 88.44 341.31 5.88 319.38
8265 14.88 259.66 609.17 6.28 319.35
8266 17.66 427.81 766.92 7.08 322.70
8267 20.06 551.76 851.71 9.17 316.98
8268 21.90 614.06 721.99 9.67 318.77
8269 20.91 288.03 116.08 7.88 340.80
8270 21.73 477.97 404.79 8.28 324.13
8271 20.23 181.56 77.94 6.28 344.27
8272 19.34 227.58 452.54 7.08 327.15
8273 17.69 63.03 257.03 6.78 329.32
8274 17.28 0.00 0.00 7.38 335.52
8275 16.87 0.00 0.00 7.38 335.12
8276 16.46 0.00 0.00 6.58 335.07
8277 16.04 0.00 0.00 8.28 334.38
8278 15.63 0.00 0.00 7.88 333.84
8279 15.22 0.00 0.00 7.08 331.55
8280 14.81 0.00 0.00 7.08 330.94
8281 14.59 0.00 0.00 8.28 328.22
8282 14.40 0.00 0.00 6.08 326.61
8283 14.21 0.00 0.00 6.28 324.35
8284 14.14 0.00 0.00 6.58 325.61
8285 14.07 0.00 0.00 4.29 324.04
8286 14.03 0.00 0.00 3.19 325.05
8287 13.99 1.36 0.00 2.99 325.73
8288 17.08 87.42 215.90 3.59 334.14
8289 18.41 161.54 110.02 4.09 346.33
8290 21.97 426.93 623.52 4.59 335.35
8291 24.87 552.97 862.24 2.79 330.03
8292 27.07 615.92 781.06 5.09 336.88
8293 27.67 465.14 349.03 3.79 351.09
8294 27.61 373.91 219.44 4.79 357.71
8295 27.42 352.85 481.92 5.09 348.42
8296 26.37 215.62 430.51 5.29 350.85
8297 24.64 63.90 263.97 6.08 354.93
8298 23.89 0.00 0.00 6.28 361.01
8299 23.13 0.00 0.00 6.78 359.29
8300 22.38 0.00 0.00 7.38 357.54
8301 21.62 0.00 0.00 6.28 353.19
8302 20.86 0.00 0.00 7.08 351.22
8303 20.11 0.00 0.00 6.08 350.88
8304 19.35 0.00 0.00 6.08 351.25
8305 18.44 0.00 0.00 5.88 348.08
8306 17.48 0.00 0.00 6.78 342.16
8307 16.51 0.00 0.00 6.08 341.08
8308 16.01 0.00 0.00 4.79 341.37
8309 15.50 0.00 0.00 4.59 339.84
8310 15.15 0.00 0.00 5.58 338.45
8311 14.80 1.28 0.00 5.58 340.89
8312 16.82 91.00 422.83 6.78 347.43
8313 18.83 271.86 703.65 8.28 347.25
8314 20.80 447.80 859.79 6.58 351.21
8315 22.50 577.03 941.64 6.78 345.34
8316 23.80 642.37 814.90 6.28 346.37
8317 24.00 472.55 357.54 6.58 359.01
8318 22.02 65.98 0.00 6.58 391.16
8319 20.34 30.84 0.00 6.58 389.24
8320 18.98 17.72 0.00 5.88 386.97
8321 17.82 4.91 0.00 5.88 387.50
8322 18.05 0.00 0.00 6.78 391.95
8323 18.27 0.00 0.00 6.78 392.27
8324 18.49 0.00 0.00 7.88 393.97
8325 18.72 0.00 0.00 7.88 391.10
8326 18.94 0.00 0.00 8.28 390.07
8327 19.17 0.00 0.00 8.78 391.77
8328 19.39 0.00 0.00 8.78 394.41
8329 19.41 0.00 0.00 9.17 391.01
8330 19.06 0.00 0.00 9.17 397.68
8331 19.86 0.00 0.00 10.17 398.53
8332 20.03 0.00 0.00 9.17 400.46
8333 20.06 0.00 0.00 7.88 400.10
8334 20.22 0.00 0.00 5.29 403.09
8335 20.30 0.25 0.00 4.79 402.57
8336 20.94 14.39 0.00 5.58 404.65
8337 21.80 53.01 0.00 6.58 401.74
8338 22.41 86.17 0.00 5.58 403.22
8339 22.89 111.36 0.00 5.09 409.37
8340 23.60 127.68 0.00 4.59 411.66
8341 24.10 114.23 0.00 5.09 412.30
8342 24.22 106.54 0.00 5.58 412.72
8343 24.23 80.05 0.00 5.58 413.36
8344 24.01 56.52 0.00 4.29 411.17
8345 23.52 16.12 0.00 4.79 410.93
8346 23.36 0.00 0.00 4.59 412.05
8347 22.89 0.00 0.00 3.19 412.83
8348 22.50 0.00 0.00 2.39 415.01
8349 22.80 0.00 0.00 3.19 414.04
8350 22.50 0.00 0.00 4.29 411.75
8351 21.40 0.00 0.00 3.79 409.17
8352 20.23 0.00 0.00 4.09 401.82
8353 20.80 0.00 0.00 2.99 405.28
8354 21.37 0.00 0.00 3.19 408.28
8355 20.93 0.00 0.00 3.19 405.41
8356 21.21 0.00 0.00 3.39 406.13
8357 21.14 0.00 0.00 3.19 405.57
8358 21.07 0.00 0.00 3.19 405.04
8359 20.96 0.15 0.00 4.29 404.31
8360 21.96 23.33 0.00 4.09 406.25
8361 22.60 55.19 0.00 4.29 405.43
8362 22.56 32.31 0.00 2.79 409.07
8363 22.47 41.95 0.00 3.59 408.32
8364 22.78 65.22 0.00 3.79 408.51
8365 22.97 46.57 0.00 4.09 411.31
8366 25.25 466.77 374.23 4.79 384.44
8367 26.49 362.77 572.43 4.59 376.21
8368 26.98 241.93 589.50 5.09 374.07
8369 26.52 68.65 315.18 4.09 378.28
8370 25.75 0.00 0.00 4.59 373.88
8371 24.99 0.00 0.00 4.59 369.80
8372 24.22 0.00 0.00 3.39 370.26
8373 23.45 0.00 0.00 4.29 367.70
8374 22.68 0.00 0.00 2.99 363.11
8375 21.91 0.00 0.00 2.39 365.10
8376 21.14 0.00 0.00 2.79 362.30
8377 19.63 0.00 0.00 3.39 356.97
8378 18.00 0.00 0.00 1.99 351.85
8379 16.36 0.00 0.00 1.99 345.60
8380 15.48 0.00 0.00 1.30 338.80
8381 14.60 0.00 0.00 1.20 333.65
8382 13.97 0.00 0.00 0.80 329.95
8383 13.35 0.58 0.00 1.30 324.02
8384 15.27 81.22 339.40 1.99 328.60
8385 17.34 255.90 613.68 2.99 329.56
8386 19.25 410.96 757.50 3.19 331.46
8387 20.66 493.19 657.16 3.39 334.21
8388 21.64 531.24 598.19 4.79 337.75
8389 22.02 473.58 377.69 6.58 344.80
8390 21.71 343.66 160.25 7.08 351.98
8391 20.63 193.21 31.38 7.58 358.01
8392 19.31 96.17 0.00 7.38 361.49
8393 18.00 42.48 84.42 5.78 350.02
8394 17.20 0.00 0.00 5.09 349.26
8395 16.39 0.00 0.00 3.59 347.54
8396 15.59 0.00 0.00 3.19 345.92
8397 14.79 0.00 0.00 2.79 343.61
8398 13.98 0.00 0.00 1.79 341.09
8399 13.18 0.00 0.00 1.50 341.25
8400 12.38 0.00 0.00 1.79 338.79
8401 12.11 0.00 0.00 2.39 340.65
8402 11.88 0.00 0.00 4.29 336.07
8403 11.65 0.00 0.00 5.58 333.44
8404 11.56 0.00 0.00 4.79 335.97
8405 11.46 0.00 0.00 3.79 337.27
8406 11.41 0.00 0.00 2.79 335.32
8407 11.36 0.00 0.00 1.99 333.96
8408 12.71 37.28 0.00 3.79 341.23
8409 15.41 188.32 246.93 5.09 335.94
8410 17.63 298.86 221.65 5.78 339.78
8411 20.51 497.21 598.90 6.78 329.66
8412 22.20 490.62 419.53 5.78 336.42
8413 22.89 413.63 240.67 5.29 343.51
8414 22.74 299.28 76.89 5.58 348.02
8415 22.00 213.82 64.63 6.08 344.49
8416 21.39 207.00 365.14 3.79 335.56
8417 19.94 45.98 127.36 5.09 345.89
8418 19.11 0.00 0.00 4.59 351.45
8419 18.27 0.00 0.00 5.09 348.11
8420 17.44 0.00 0.00 4.29 347.39
8421 16.61 0.00 0.00 2.99 340.32
8422 15.77 0.00 0.00 2.59 333.91
8423 14.94 0.00 0.00 1.10 331.73
8424 14.11 0.00 0.00 1.10 329.98
8425 13.12 0.00 0.00 1.50 324.46
8426 12.03 0.00 0.00 1.10 320.81
8427 10.94 0.00 0.00 1.79 314.86
8428 10.35 0.00 0.00 2.59 313.70
8429 9.75 0.00 0.00 1.79 310.69
8430 9.33 0.00 0.00 1.70 310.42
8431 8.90 0.00 0.00 1.99 305.86
8432 11.18 80.05 321.12 2.79 309.98
8433 13.64 252.15 545.87 3.59 308.57
8434 14.70 282.57 182.42 4.09 320.60
8435 15.58 336.93 116.81 4.59 317.72
8436 15.95 315.97 80.00 5.29 322.90
8437 16.86 458.54 338.36 4.79 314.38
8438 17.20 390.53 316.90 6.08 314.01
8439 16.95 277.82 191.95 6.08 317.39
8440 15.85 120.79 30.28 7.88 323.56
8441 14.52 33.74 6.15 7.88 327.27
8442 13.81 0.00 0.00 8.28 327.56
8443 13.10 0.00 0.00 7.08 329.55
8444 12.39 0.00 0.00 7.08 328.15
8445 11.68 0.00 0.00 7.38 327.17
8446 10.98 0.00 0.00 9.17 324.88
8447 10.27 0.00 0.00 7.88 322.80
8448 9.56 0.00 0.00 7.08 319.87
8449 9.26 0.00 0.00 7.38 317.56
8450 8.97 0.00 0.00 6.28 315.46
8451 8.68 0.00 0.00 7.38 314.04
8452 8.53 0.00 0.00 7.58 313.38
8453 8.38 0.00 0.00 7.38 312.23
8454 8.29 0.00 0.00 5.88 313.86
8455 8.19 0.00 0.00 5.09 312.91
8456 9.64 39.24 3.92 5.09 316.74
8457 10.94 109.38 7.08 6.08 322.27
8458 12.85 229.02 65.43 5.78 322.84
8459 14.68 323.36 99.89 5.29 324.72
8460 16.47 415.73 242.16 6.08 322.52
8461 17.27 353.51 130.65 6.78 328.67
8462 17.31 253.33 25.10 4.59 330.87
8463 16.99 204.80 59.71 4.29 330.74
8464 16.79 212.87 388.23 2.99 313.87
8465 15.75 71.80 321.19 4.09 310.05
8466 14.98 0.00 0.00 4.79 307.46
8467 14.20 0.00 0.00 5.09 307.13
8468 13.43 0.00 0.00 2.99 309.40
8469 12.66 0.00 0.00 3.39 307.83
8470 11.88 0.00 0.00 4.59 307.20
8471 11.11 0.00 0.00 3.19 304.47
8472 10.34 0.00 0.00 2.79 304.60
8473 9.56 0.00 0.00 2.59 304.97
8474 8.73 0.00 0.00 3.19 301.35
8475 7.90 0.00 0.00 3.59 300.60
8476 7.45 0.00 0.00 3.39 299.97
8477 7.01 0.00 0.00 1.70 298.54
8478 6.69 0.00 0.00 1.79 300.29
8479 6.38 0.00 0.00 2.59 300.89
8480 8.25 57.13 158.17 2.19 305.62
8481 10.43 189.12 291.55 2.19 304.90
8482 12.69 328.23 392.85 2.79 307.79
8483 14.67 432.41 410.49 3.39 304.80
8484 16.12 474.88 401.72 4.59 306.14
8485 16.99 460.17 360.21 3.79 303.38
8486 17.54 448.77 490.79 4.79 299.66
8487 17.45 337.36 459.50 5.29 302.41
8488 16.60 217.07 468.80 5.09 304.14
8489 15.07 70.46 285.88 2.99 304.35
8490 14.13 0.00 0.00 1.99 310.67
8491 13.18 0.00 0.00 3.19 308.63
8492 12.24 0.00 0.00 2.39 304.47
8493 11.30 0.00 0.00 1.79 305.50
8494 10.35 0.00 0.00 1.50 303.54
8495 9.41 0.00 0.00 2.79 301.31
8496 8.47 0.00 0.00 1.70 298.73
8497 7.76 0.00 0.00 1.60 297.13
8498 7.05 0.00 0.00 1.50 296.61
8499 6.33 0.00 0.00 2.19 292.86
8500 5.97 0.00 0.00 1.79 292.25
8501 5.61 0.00 0.00 2.79 291.41
8502 5.36 0.00 0.00 2.79 291.25
8503 5.12 0.00 0.00 1.50 292.68
8504 7.20 68.30 302.96 2.19 297.59
8505 9.86 242.08 462.08 2.39 296.56
8506 10.52 220.40 74.54 3.59 313.47
8507 11.92 361.90 187.40 3.79 302.01
8508 13.70 514.58 514.20 3.79 292.18
8509 14.68 474.46 400.79 5.29 298.39
8510 15.39 477.26 567.68 4.79 294.47
8511 14.94 270.53 187.95 4.09 306.44
8512 13.44 70.66 0.00 2.99 321.00
8513 11.89 5.59 0.00 1.70 325.87
8514 11.14 0.00 0.00 2.79 325.59
8515 10.38 0.00 0.00 2.59 321.40
8516 9.63 0.00 0.00 2.39 316.81
8517 8.88 0.00 0.00 1.70 311.53
8518 8.12 0.00 0.00 1.79 311.50
8519 7.37 0.00 0.00 3.39 305.84
8520 6.62 0.00 0.00 4.09 305.53
8521 5.91 0.00 0.00 4.59 304.50
8522 5.14 0.00 0.00 3.79 301.44
8523 4.37 0.00 0.00 2.79 296.25
8524 3.96 0.00 0.00 4.09 291.45
8525 3.55 0.00 0.00 3.79 287.74
8526 3.25 0.00 0.00 3.79 285.37
8527 2.96 0.00 0.00 2.79 280.73
8528 3.76 26.09 0.00 3.19 288.45
8529 4.80 93.27 0.00 3.59 286.34
8530 6.24 195.65 43.26 2.39 287.90
8531 9.29 481.40 533.43 2.19 274.35
8532 11.95 611.76 786.61 2.39 277.11
8533 13.26 531.21 582.84 2.39 287.34
8534 13.42 370.25 208.88 1.99 297.98
8535 13.36 328.97 366.64 2.79 294.89
8536 12.17 148.73 104.66 3.19 305.16
8537 10.61 42.12 37.67 2.99 308.90
8538 10.21 0.00 0.00 2.79 312.51
8539 9.81 0.00 0.00 2.99 313.91
8540 9.41 0.00 0.00 3.19 316.35
8541 9.01 0.00 0.00 3.79 317.98
8542 8.61 0.00 0.00 2.79 320.02
8543 8.21 0.00 0.00 2.59 319.37
8544 7.81 0.00 0.00 2.39 320.27
8545 7.39 0.00 0.00 3.39 321.46
8546 7.52 0.00 0.00 2.59 322.15
8547 7.46 0.00 0.00 2.99 322.57
8548 7.42 0.00 0.00 2.59 323.12
8549 7.43 0.00 0.00 2.19 324.72
8550 7.43 0.00 0.00 1.99 325.49
8551 7.42 0.00 0.00 1.20 326.26
8552 8.00 14.71 0.00 1.99 330.34
8553 9.04 69.93 0.00 2.19 330.87
8554 9.69 92.12 0.00 2.59 333.45
8555 11.28 230.31 30.02 2.19 329.60
8556 13.83 448.21 291.06 2.99 316.57
8557 14.73 312.72 77.76 1.99 326.34
8558 15.26 288.84 60.44 2.79 328.52
8559 15.26 220.47 58.84 2.79 342.25
8560 14.66 99.91 0.00 2.19 335.44
8561 13.52 5.18 0.00 2.59 343.12
8562 13.00 0.00 0.00 2.19 340.34
8563 12.47 0.00 0.00 2.59 342.56
8564 11.94 0.00 0.00 2.99 338.68
8565 11.41 0.00 0.00 3.79 337.40
8566 10.89 0.00 0.00 1.99 335.93
8567 10.36 0.00 0.00 2.19 333.35
8568 9.83 0.00 0.00 2.39 330.46
8569 9.10 0.00 0.00 1.30 328.52
8570 8.38 0.00 0.00 0.90 324.94
8571 7.65 0.00 0.00 1.60 322.34
8572 7.29 0.00 0.00 1.99 321.36
8573 6.93 0.00 0.00 2.19 319.38
8574 6.69 0.00 0.00 2.19 317.19
8575 6.44 0.00 0.00 3.19 315.04
8576 7.37 34.38 0.00 3.59 319.41
8577 9.36 182.30 218.36 3.59 311.04
8578 11.95 397.99 632.24 4.09 305.35
8579 13.94 500.94 717.40 2.59 304.34
8580 15.38 546.81 636.04 3.39 305.44
8581 15.97 464.75 352.58 3.19 310.21
8582 15.65 305.41 107.02 2.59 321.94
8583 14.11 76.46 0.00 2.79 334.63
8584 12.60 17.11 0.00 4.29 338.41
8585 11.35 5.27 0.00 4.79 335.26
8586 10.95 0.00 0.00 5.58 335.99
8587 10.55 0.00 0.00 3.59 332.52
8588 10.15 0.00 0.00 2.59 330.85
8589 9.75 0.00 0.00 1.99 332.43
8590 9.35 0.00 0.00 4.09 334.68
8591 8.95 0.00 0.00 2.99 334.25
8592 8.55 0.00 0.00 3.79 332.38
8593 8.11 0.00 0.00 4.09 331.05
8594 7.77 0.00 0.00 4.09 332.54
8595 7.39 0.00 0.00 4.09 329.58
8596 7.21 0.00 0.00 3.79 328.91
8597 6.25 0.00 0.00 3.19 323.68
8598 6.62 0.00 0.00 3.59 325.76
8599 6.74 0.00 0.00 5.58 325.61
8600 7.08 6.89 0.00 5.09 328.25
8601 7.28 17.54 0.00 5.29 329.71
8602 8.22 90.59 0.00 4.59 320.49
8603 8.69 101.61 0.00 5.78 322.87
8604 8.63 51.87 0.00 5.09 327.14
8605 8.94 76.88 0.00 5.78 325.92
8606 11.20 498.45 493.38 6.08 304.18
8607 12.39 386.55 635.09 5.09 296.98
8608 12.61 204.25 358.62 5.58 303.67
8609 11.92 39.63 19.42 4.59 317.38
8610 11.33 0.00 0.00 4.29 315.38
8611 10.75 0.00 0.00 2.59 313.63
8612 10.17 0.00 0.00 2.19 311.89
8613 9.59 0.00 0.00 1.70 313.42
8614 9.00 0.00 0.00 2.39 313.80
8615 8.42 0.00 0.00 1.79 311.06
8616 7.84 0.00 0.00 1.70 309.36
8617 7.16 0.00 0.00 2.59 309.82
8618 6.41 0.00 0.00 2.99 310.23
8619 5.66 0.00 0.00 3.39 305.90
8620 5.25 0.00 0.00 3.59 305.14
8621 4.83 0.00 0.00 4.09 307.20
8622 4.54 0.00 0.00 5.58 306.00
8623 4.24 0.00 0.00 5.58 301.36
8624 4.34 5.56 0.00 5.09 306.93
8625 5.72 100.48 1.52 4.79 301.63
8626 6.38 120.49 0.00 4.29 303.93
8627 7.12 179.75 3.30 3.59 302.07
8628 8.37 315.33 84.61 3.59 297.82
8629 8.49 181.54 5.24 3.19 309.92
8630 9.03 295.11 90.93 3.79 308.47
8631 9.62 331.29 334.44 3.59 293.47
8632 9.09 131.42 50.02 4.09 312.82
8633 8.16 36.66 0.00 4.29 312.90
8634 7.54 0.00 0.00 4.59 311.29
8635 7.68 0.00 0.00 4.09 308.73
8636 7.45 0.00 0.00 4.29 309.20
8637 7.15 0.00 0.00 4.59 308.03
8638 6.84 0.00 0.00 4.79 306.33
8639 6.54 0.00 0.00 4.09 305.41
8640 6.24 0.00 0.00 3.39 304.11
8641 6.24 0.00 0.00 2.39 302.06
8642 6.31 0.00 0.00 1.70 302.35
8643 6.37 0.00 0.00 1.70 302.82
8644 6.44 0.00 0.00 1.10 301.11
8645 6.50 0.00 0.00 1.20 300.39
8646 6.57 0.00 0.00 1.20 292.95
8647 6.64 0.00 0.00 0.60 289.83
8648 8.69 60.35 146.44 0.80 295.47
8649 10.50 165.58 165.43 0.60 300.79
8650 11.85 230.35 96.28 0.60 309.18
8651 14.74 493.88 559.88 0.40 298.04
8652 16.21 450.42 314.38 0.30 310.44
8653 16.92 397.64 214.37 0.40 317.26
8654 16.11 189.06 7.76 0.60 326.61
8655 15.65 209.29 59.21 0.70 322.27
8656 14.19 28.90 0.00 0.80 336.38
8657 12.90 6.24 0.00 0.50 335.83
8658 12.69 0.00 0.00 1.20 335.33
8659 12.48 0.00 0.00 1.50 335.34
8660 12.27 0.00 0.00 1.50 334.90
8661 12.06 0.00 0.00 1.99 334.32
8662 11.85 0.00 0.00 2.99 332.17
8663 11.64 0.00 0.00 2.99 330.18
8664 11.44 0.00 0.00 3.79 329.81
8665 10.94 0.00 0.00 2.99 326.72
8666 10.44 0.00 0.00 4.29 324.10
8667 9.94 0.00 0.00 5.09 319.83
8668 9.69 0.00 0.00 4.29 317.57
8669 9.44 0.00 0.00 4.79 312.98
8670 9.27 0.00 0.00 5.58 310.55
8671 9.10 0.00 0.00 5.29 308.26
8672 10.78 55.03 198.42 5.58 309.40
8673 13.17 210.86 471.33 5.78 304.98
8674 14.83 296.07 236.17 5.29 311.10
8675 16.79 444.18 429.35 5.78 310.55
8676 17.87 427.58 248.17 5.88 317.44
8677 18.49 408.93 207.18 4.59 322.67
8678 18.41 296.14 90.32 2.59 334.75
8679 17.20 119.57 0.00 2.79 345.96
8680 16.25 117.74 25.22 1.99 337.90
8681 14.91 6.76 0.00 0.80 350.08
8682 14.39 0.00 0.00 0.40 347.56
8683 13.87 0.00 0.00 0.50 343.88
8684 13.35 0.00 0.00 0.30 344.38
8685 12.83 0.00 0.00 0.20 343.69
8686 12.31 0.00 0.00 0.10 338.61
8687 11.79 0.00 0.00 0.10 335.36
8688 11.27 0.00 0.00 0.10 333.57
8689 10.73 0.00 0.00 0.20 333.18
8690 10.20 0.00 0.00 0.70 334.07
8691 9.52 0.00 0.00 0.50 327.26
8692 9.30 0.00 0.00 0.30 326.14
8693 9.04 0.00 0.00 0.30 325.56
8694 8.83 0.00 0.00 0.50 322.28
8695 8.62 0.00 0.00 0.60 319.69
8696 9.73 32.70 0.00 1.10 323.98
8697 10.55 81.32 0.00 1.50 327.85
8698 11.76 163.91 6.99 1.79 330.60
8699 12.85 220.72 12.35 1.30 320.87
8700 13.87 276.32 25.96 1.00 320.65
8701 14.66 295.43 47.53 1.30 318.83
8702 15.57 367.53 191.71 2.19 313.76
8703 15.79 263.91 115.62 1.20 320.56
8704 15.51 176.75 197.51 1.00 315.79
8705 14.71 80.93 232.08 1.00 307.80
8706 14.13 0.00 0.00 0.80 310.39
8707 13.55 0.00 0.00 0.40 307.13
8708 12.98 0.00 0.00 0.70 309.01
8709 12.40 0.00 0.00 0.30 308.26
8710 11.83 0.00 0.00 0.40 307.47
8711 11.25 0.00 0.00 0.30 305.68
8712 10.68 0.00 0.00 0.60 310.03
8713 10.27 0.00 0.00 0.90 309.44
8714 9.78 0.00 0.00 1.00 322.18
8715 8.93 0.00 0.00 1.10 322.55
8716 9.14 0.00 0.00 0.80 325.57
8717 8.90 0.00 0.00 1.99 326.09
8718 8.56 0.00 0.00 1.99 323.41
8719 8.18 0.00 0.00 1.60 325.80
8720 8.31 5.07 0.00 1.60 328.43
8721 8.50 17.79 0.00 2.79 326.36
8722 8.06 31.01 0.00 2.59 327.26
8723 8.33 41.14 0.00 2.59 328.04
8724 8.64 46.67 0.00 4.29 326.47
8725 8.60 46.98 0.00 5.29 326.24
8726 8.41 42.03 0.00 4.29 327.88
8727 8.46 32.37 0.00 4.09 325.73
8728 8.44 19.38 0.00 4.09 325.96
8729 8.40 6.34 0.00 2.79 326.25
8730 8.08 0.00 0.00 4.09 323.96
8731 6.92 0.00 0.00 4.29 323.34
8732 5.79 0.00 0.00 4.59 316.75
8733 6.13 0.00 0.00 3.79 316.58
8734 6.69 0.00 0.00 3.59 317.79
8735 5.16 0.00 0.00 3.79 315.49
8736 6.10 0.00 0.00 4.09 316.69
8737 5.74 0.00 0.00 3.79 317.48
8738 4.27 0.00 0.00 3.59 309.11
8739 5.19 0.00 0.00 2.99 312.68
8740 5.01 0.00 0.00 1.70 311.93
8741 4.71 0.00 0.00 2.59 309.83
8742 4.45 0.00 0.00 3.39 307.18
8743 4.26 0.00 0.00 2.19 305.68
8744 4.89 20.76 0.00 2.99 309.42
8745 5.51 64.88 0.00 1.79 311.47
8746 5.97 92.16 0.00 1.60 314.79
8747 6.77 171.87 1.07 2.19 313.81
8748 7.19 176.70 1.04 1.30 317.78
8749 7.50 188.42 2.38 2.79 316.98
8750 7.57 155.95 0.00 4.29 320.64
8751 7.81 146.55 0.00 4.29 312.61
8752 7.58 87.81 0.00 2.59 311.87
8753 7.05 21.62 0.00 1.79 319.58
8754 6.48 0.31 0.00 2.39 318.09
8755 5.92 0.00 0.00 1.30 314.26
8756 5.35 0.00 0.00 1.20 312.89
8757 4.50 0.00 0.00 1.20 308.86
8758 3.80 0.00 0.00 1.70 304.98
8759 3.66 0.00 0.00 1.50 304.19
8760 3.09 0.00 0.00 3.39 301.07
