# Location:	Wet/Manaus city center, Year: 2021-2040, Longitude: 60.017, STD longitude: 60.0, Latitude: -3.133	
# NB: The longitudes are defined negative for values to the east and positive to the west.
TIME ta Ghoris Gbn w10 EL
1 24.85 0.00 0.00 0.91 421.09
2 24.63 0.00 0.00 0.91 418.39
3 24.38 0.00 0.00 0.91 417.88
4 24.25 0.00 0.00 0.71 417.72
5 24.11 0.00 0.00 0.91 417.57
6 24.01 0.00 0.00 0.71 419.79
7 24.69 37.77 0.00 0.71 423.45
8 25.56 134.17 5.39 0.91 423.21
9 26.44 230.92 10.94 0.61 424.61
10 27.43 354.13 34.02 0.61 418.97
11 27.41 290.08 19.10 0.40 432.46
12 29.00 610.70 159.06 0.71 415.98
13 29.74 564.32 85.29 0.71 422.32
14 30.11 486.33 45.31 0.91 424.04
15 30.16 402.60 37.98 0.91 433.75
16 30.21 345.83 117.27 0.71 426.37
17 29.81 258.24 254.32 0.91 425.58
18 29.33 116.56 301.16 1.11 416.80
19 28.78 1.88 0.00 0.91 413.11
20 28.23 0.00 0.00 0.71 413.69
21 27.68 0.00 0.00 0.91 414.34
22 27.13 0.00 0.00 0.91 411.49
23 26.58 0.00 0.00 1.11 408.19
24 26.02 0.00 0.00 0.91 407.54
25 25.57 0.00 0.00 1.11 404.19
26 25.14 0.00 0.00 1.42 400.61
27 24.70 0.00 0.00 1.42 402.21
28 24.50 0.00 0.00 1.62 401.61
29 24.29 0.00 0.00 1.62 400.72
30 24.16 0.00 0.00 1.42 400.64
31 25.16 82.65 247.06 1.42 405.47
32 26.82 357.32 635.38 1.11 392.66
33 27.30 336.04 117.34 1.62 414.55
34 28.26 576.70 285.66 1.62 403.18
35 29.30 763.41 460.17 1.62 398.83
36 29.73 630.89 181.14 2.02 409.06
37 29.91 555.28 121.51 1.62 413.33
38 29.12 152.39 1.13 2.02 433.70
39 28.22 63.74 0.00 1.62 445.98
40 27.46 47.80 0.00 1.42 441.32
41 27.05 28.64 0.00 1.62 439.10
42 26.53 9.55 0.00 1.62 436.53
43 26.20 0.14 0.00 1.11 433.31
44 25.87 0.00 0.00 1.11 428.60
45 25.54 0.00 0.00 1.11 425.47
46 25.15 0.00 0.00 1.42 423.38
47 24.84 0.00 0.00 1.11 418.36
48 24.04 0.00 0.00 1.62 416.24
49 24.12 0.00 0.00 1.62 416.08
50 23.24 0.00 0.00 1.62 411.89
51 23.24 0.00 0.00 1.62 409.22
52 23.00 0.00 0.00 1.42 405.30
53 22.77 0.00 0.00 1.42 403.69
54 22.57 0.00 0.00 1.11 397.58
55 23.48 63.36 167.04 1.42 397.64
56 23.35 41.44 0.00 0.91 415.90
57 23.54 80.09 0.00 0.91 416.80
58 24.37 263.95 11.20 0.91 407.39
59 24.56 177.82 1.08 0.71 411.43
60 24.72 189.54 2.97 0.71 410.85
61 25.39 432.58 62.41 0.91 398.01
62 26.29 627.85 230.24 0.91 387.96
63 27.26 774.33 678.73 0.91 375.85
64 27.87 676.17 787.04 0.91 371.72
65 27.61 240.77 195.89 1.11 396.63
66 27.14 132.20 352.23 1.42 384.59
67 26.68 2.34 0.00 1.11 384.09
68 26.21 0.00 0.00 0.91 385.09
69 25.74 0.00 0.00 0.91 384.10
70 25.28 0.00 0.00 1.11 385.62
71 24.81 0.00 0.00 1.42 382.01
72 24.35 0.00 0.00 1.62 384.00
73 23.99 0.00 0.00 1.62 383.00
74 23.64 0.00 0.00 2.02 381.81
75 23.29 0.00 0.00 2.02 381.96
76 23.09 0.00 0.00 3.04 386.07
77 22.95 0.00 0.00 2.53 390.09
78 22.79 0.00 0.00 2.02 387.80
79 24.08 75.07 139.82 2.02 395.58
80 24.07 94.39 0.00 1.62 417.66
81 24.29 70.38 0.00 1.62 423.12
82 24.22 61.48 0.00 1.62 425.65
83 25.20 348.33 17.52 2.02 410.03
84 25.82 336.78 22.96 2.02 410.37
85 26.97 617.53 185.12 2.02 399.83
86 28.44 887.55 655.50 1.62 383.94
87 29.31 746.38 658.78 1.42 387.55
88 29.80 630.23 751.37 1.62 384.73
89 29.46 259.01 218.44 1.42 409.84
90 28.72 77.88 71.35 0.91 416.42
91 28.19 2.44 0.00 0.91 411.05
92 27.66 0.00 0.00 0.71 409.70
93 27.12 0.00 0.00 0.91 405.85
94 26.59 0.00 0.00 0.91 404.34
95 26.06 0.00 0.00 0.61 402.74
96 25.53 0.00 0.00 0.71 400.72
97 24.94 0.00 0.00 0.71 394.97
98 24.26 0.00 0.00 0.61 389.56
99 23.58 0.00 0.00 1.11 385.04
100 23.19 0.00 0.00 1.11 381.37
101 22.81 0.00 0.00 0.71 380.02
102 22.52 0.00 0.00 0.91 382.96
103 23.60 86.57 415.83 0.61 388.57
104 25.18 330.65 770.67 0.71 385.02
105 27.03 637.36 943.11 1.11 379.95
106 28.72 872.62 1044.34 1.62 379.47
107 30.06 1006.75 861.47 2.53 387.70
108 29.55 479.63 91.25 3.04 420.50
109 29.47 573.66 116.85 2.53 413.17
110 29.11 478.75 43.81 2.53 414.92
111 28.81 476.10 113.29 2.53 412.60
112 28.23 341.33 96.79 2.53 413.13
113 27.37 166.73 16.05 2.02 420.31
114 26.41 46.32 0.00 1.62 425.11
115 26.18 1.19 0.00 1.42 426.78
116 25.96 0.00 0.00 0.71 426.54
117 25.73 0.00 0.00 0.91 427.21
118 25.51 0.00 0.00 0.71 429.51
119 25.28 0.00 0.00 0.61 429.41
120 25.06 0.00 0.00 0.71 428.55
121 25.14 0.00 0.00 0.91 430.94
122 24.91 0.00 0.00 0.91 431.53
123 25.31 0.00 0.00 1.11 434.81
124 25.77 0.00 0.00 1.42 437.64
125 25.69 0.00 0.00 1.42 438.77
126 24.19 0.00 0.00 1.42 430.31
127 26.22 12.40 0.00 1.62 443.59
128 25.69 50.04 0.00 1.62 438.66
129 27.30 95.50 0.00 1.62 441.08
130 27.64 126.78 0.00 1.62 445.34
131 28.21 147.66 0.03 1.62 442.04
132 28.44 164.01 1.05 1.11 442.78
133 28.74 161.12 0.93 1.11 444.45
134 28.78 134.97 0.00 1.11 447.11
135 28.79 123.53 0.00 1.11 447.65
136 28.83 96.22 0.00 0.91 448.75
137 28.63 51.96 0.00 0.71 447.55
138 28.43 17.03 0.00 0.40 448.31
139 28.25 0.43 0.00 0.40 446.39
140 28.08 0.00 0.00 0.30 443.05
141 27.91 0.00 0.00 0.61 443.71
142 27.70 0.00 0.00 0.40 442.21
143 27.24 0.00 0.00 0.30 443.19
144 26.54 0.00 0.00 0.30 440.68
145 25.49 0.00 0.00 0.30 436.20
146 26.47 0.00 0.00 0.30 438.89
147 26.43 0.00 0.00 0.30 439.91
148 26.24 0.00 0.00 0.30 438.26
149 26.10 0.00 0.00 0.30 436.87
150 26.00 0.00 0.00 0.30 436.64
151 26.38 25.29 0.00 0.40 438.57
152 27.01 108.53 0.00 0.40 433.75
153 27.54 173.13 0.17 0.30 435.21
154 28.02 230.56 7.34 0.30 436.12
155 28.41 263.24 1.52 0.40 439.34
156 28.73 291.73 7.12 0.40 441.34
157 28.86 250.91 3.12 0.40 445.97
158 28.75 164.83 0.73 0.40 446.18
159 28.70 177.79 0.74 0.61 445.06
160 28.63 172.09 0.17 0.40 439.70
161 28.21 87.15 0.00 0.61 443.99
162 27.35 34.89 0.00 0.30 444.45
163 27.25 0.74 0.00 0.30 443.44
164 27.23 0.00 0.00 0.30 443.00
165 27.00 0.00 0.00 0.40 442.21
166 26.57 0.00 0.00 0.20 438.29
167 26.09 0.00 0.00 0.20 435.88
168 25.90 0.00 0.00 0.20 433.57
169 25.52 0.00 0.00 0.30 431.74
170 25.50 0.00 0.00 0.30 430.49
171 25.19 0.00 0.00 0.20 428.32
172 25.21 0.00 0.00 0.20 429.06
173 25.12 0.00 0.00 0.20 428.23
174 25.07 0.00 0.00 0.20 427.66
175 25.64 30.90 0.00 0.10 430.21
176 25.45 65.69 0.00 0.20 434.19
177 26.00 48.83 0.00 0.10 442.42
178 26.61 156.65 0.00 0.30 439.43
179 27.34 259.11 6.70 0.20 435.35
180 27.29 88.30 0.00 0.10 444.83
181 28.34 485.98 92.43 0.10 421.67
182 29.52 646.76 229.11 0.20 412.45
183 30.36 610.02 322.25 0.30 412.08
184 30.98 574.86 646.68 0.30 407.89
185 31.14 375.47 747.28 0.30 409.39
186 30.73 143.60 582.59 0.30 413.12
187 30.07 3.48 0.00 0.30 413.43
188 29.41 0.00 0.00 0.30 415.90
189 28.75 0.00 0.00 0.30 415.47
190 28.09 0.00 0.00 0.40 416.91
191 27.43 0.00 0.00 0.71 414.65
192 26.77 0.00 0.00 1.11 413.74
193 25.97 0.00 0.00 0.91 412.32
194 25.10 0.00 0.00 0.71 410.35
195 24.23 0.00 0.00 1.11 407.52
196 23.75 0.00 0.00 1.11 407.06
197 23.28 0.00 0.00 0.71 406.83
198 22.93 0.00 0.00 0.61 406.81
199 23.54 42.27 13.35 0.40 411.30
200 24.23 136.80 16.61 0.61 413.44
201 26.45 513.29 532.01 0.71 393.45
202 27.79 578.60 278.43 1.42 399.53
203 27.93 386.73 41.51 1.42 417.82
204 28.51 575.22 123.05 1.62 411.35
205 28.55 423.89 39.90 2.02 419.99
206 28.68 507.30 93.86 2.53 422.33
207 29.48 855.52 808.15 2.02 386.44
208 29.55 539.00 552.86 3.04 399.00
209 29.00 266.88 245.78 2.53 407.24
210 28.20 127.71 313.83 3.04 401.19
211 27.60 1.42 0.00 2.53 400.36
212 27.01 0.00 0.00 1.42 401.38
213 26.41 0.00 0.00 1.62 400.52
214 25.81 0.00 0.00 1.62 400.67
215 25.21 0.00 0.00 1.42 405.52
216 24.62 0.00 0.00 1.42 407.02
217 24.41 0.00 0.00 1.62 407.73
218 24.25 0.00 0.00 2.02 408.88
219 24.09 0.00 0.00 3.04 409.23
220 24.03 0.00 0.00 3.04 410.24
221 23.97 0.00 0.00 2.53 411.24
222 23.95 0.00 0.00 2.53 412.47
223 24.61 46.50 28.60 2.53 415.90
224 25.70 185.10 74.98 3.04 416.46
225 26.87 342.88 103.46 1.62 417.34
226 27.55 365.73 64.76 1.11 421.54
227 29.49 890.40 671.28 1.42 400.28
228 31.41 1142.94 948.33 1.42 391.70
229 31.72 620.14 183.25 1.62 422.88
230 31.40 456.87 40.45 1.42 441.90
231 30.78 191.06 2.65 1.42 442.22
232 29.94 108.76 0.00 1.42 440.64
233 29.08 30.23 0.00 2.02 443.74
234 28.34 10.43 0.00 2.02 443.92
235 27.93 1.97 0.00 1.62 438.70
236 27.52 0.00 0.00 2.02 433.61
237 27.11 0.00 0.00 2.53 429.50
238 26.70 0.00 0.00 2.53 426.48
239 26.29 0.00 0.00 3.04 423.87
240 25.88 0.00 0.00 3.04 419.67
241 25.24 0.00 0.00 2.53 414.94
242 24.55 0.00 0.00 2.53 410.48
243 23.86 0.00 0.00 3.54 407.21
244 23.49 0.00 0.00 3.04 402.48
245 23.13 0.00 0.00 1.11 399.26
246 22.87 0.00 0.00 1.11 397.81
247 23.85 67.40 241.40 0.91 396.80
248 25.79 329.78 676.19 1.11 388.06
249 27.81 605.26 902.07 2.02 388.08
250 29.70 844.89 1012.81 2.53 383.35
251 31.19 967.43 824.65 4.35 390.23
252 31.28 613.84 182.18 4.35 414.70
253 30.15 276.46 13.69 9.11 431.44
254 29.57 363.23 16.07 6.07 425.11
255 28.90 290.48 23.17 6.07 429.05
256 29.21 624.37 722.45 4.35 395.77
257 28.94 402.29 776.46 4.35 394.66
258 28.15 138.38 482.55 3.54 402.03
259 27.62 4.22 0.00 2.53 401.97
260 27.09 0.00 0.00 2.02 403.55
261 26.56 0.00 0.00 2.53 401.45
262 26.03 0.00 0.00 2.02 402.02
263 25.50 0.00 0.00 2.02 404.68
264 24.97 0.00 0.00 2.02 405.65
265 24.66 0.00 0.00 2.02 404.14
266 24.34 0.00 0.00 2.02 402.00
267 24.01 0.00 0.00 2.02 405.94
268 23.85 0.00 0.00 2.53 406.25
269 23.69 0.00 0.00 2.02 407.93
270 23.55 0.00 0.00 2.53 415.34
271 24.06 26.88 0.00 1.62 422.20
272 24.21 63.84 0.00 1.62 425.59
273 24.59 133.14 0.00 2.02 426.03
274 25.04 297.33 17.66 2.02 418.80
275 26.02 184.77 3.02 2.02 427.08
276 26.17 166.23 1.84 2.53 430.09
277 26.24 158.70 1.19 2.02 430.37
278 26.97 499.82 86.57 2.02 412.53
279 27.86 594.08 281.37 2.02 407.28
280 28.37 520.56 458.11 1.62 397.32
281 28.41 290.75 308.37 1.62 405.95
282 28.05 129.69 306.19 1.62 402.40
283 27.53 3.99 0.00 1.62 404.22
284 27.01 0.00 0.00 2.02 405.31
285 26.49 0.00 0.00 1.62 403.86
286 25.98 0.00 0.00 2.02 402.60
287 25.46 0.00 0.00 2.53 400.14
288 24.94 0.00 0.00 2.53 398.43
289 24.45 0.00 0.00 1.42 399.49
290 23.92 0.00 0.00 1.62 399.44
291 23.39 0.00 0.00 2.53 397.61
292 23.11 0.00 0.00 2.53 397.17
293 22.82 0.00 0.00 1.11 396.54
294 22.62 0.00 0.00 0.91 395.21
295 23.58 63.63 209.20 1.11 399.62
296 25.37 296.76 614.76 1.11 391.62
297 27.24 545.15 792.45 1.42 391.08
298 29.01 763.12 868.23 2.02 388.10
299 30.53 911.63 854.35 2.53 387.83
300 31.73 990.10 832.08 2.53 387.63
301 32.59 995.87 817.87 1.62 388.02
302 33.08 924.91 800.05 1.62 392.02
303 33.21 785.09 783.64 2.02 391.82
304 32.87 583.44 718.65 1.62 393.83
305 32.00 347.39 614.07 1.42 396.64
306 30.76 117.15 354.02 1.11 402.84
307 29.93 3.16 0.00 0.91 401.04
308 29.10 0.00 0.00 0.71 404.69
309 28.27 0.00 0.00 0.61 405.54
310 27.44 0.00 0.00 0.61 400.37
311 26.61 0.00 0.00 0.40 399.58
312 25.78 0.00 0.00 0.30 398.98
313 25.15 0.00 0.00 0.20 398.92
314 24.42 0.00 0.00 0.10 396.25
315 23.69 0.00 0.00 0.30 394.11
316 23.27 0.00 0.00 0.30 393.59
317 22.85 0.00 0.00 0.20 392.38
318 22.54 0.00 0.00 0.20 394.10
319 23.33 58.35 156.10 0.10 399.65
320 24.68 249.50 389.12 0.10 392.61
321 26.19 472.26 505.04 0.30 395.96
322 27.58 654.29 520.15 0.30 392.30
323 28.76 779.69 507.64 0.40 396.49
324 29.84 912.39 631.86 0.61 396.84
325 30.57 903.58 614.38 0.61 398.69
326 30.99 849.48 601.30 0.61 400.98
327 31.07 721.14 591.05 0.71 403.50
328 30.71 523.32 479.27 0.61 408.68
329 29.88 302.65 388.29 0.40 413.86
330 28.74 100.45 225.55 0.40 417.85
331 28.09 3.11 0.00 0.30 413.55
332 27.45 0.00 0.00 0.40 417.22
333 26.81 0.00 0.00 0.30 418.69
334 26.16 0.00 0.00 0.30 415.50
335 25.52 0.00 0.00 0.20 415.77
336 24.87 0.00 0.00 0.10 413.46
337 24.73 0.00 0.00 0.30 414.92
338 24.57 0.00 0.00 0.30 416.03
339 24.41 0.00 0.00 0.20 418.56
340 24.32 0.00 0.00 0.30 419.93
341 24.22 0.00 0.00 0.30 423.60
342 24.16 0.00 0.00 0.40 424.75
343 24.36 12.82 0.00 0.40 429.28
344 24.67 51.36 0.00 0.61 431.45
345 25.01 93.99 0.00 0.61 429.27
346 25.30 130.67 0.00 0.61 430.83
347 25.60 155.42 0.19 0.61 430.60
348 25.80 166.30 1.17 0.71 433.20
349 25.88 178.24 1.70 0.91 434.61
350 26.00 168.55 0.46 0.91 431.57
351 26.09 159.08 0.11 1.11 431.89
352 25.90 128.49 0.00 1.11 433.79
353 25.70 81.18 0.00 0.91 434.35
354 25.61 29.13 0.00 0.71 432.21
355 25.26 1.03 0.00 0.91 432.91
356 25.38 0.00 0.00 0.71 431.28
357 25.39 0.00 0.00 0.91 429.69
358 24.54 0.00 0.00 0.91 429.09
359 24.72 0.00 0.00 1.11 428.24
360 23.33 0.00 0.00 0.91 425.18
361 24.76 0.00 0.00 1.11 429.61
362 24.93 0.00 0.00 0.91 434.87
363 24.43 0.00 0.00 0.71 432.61
364 25.07 0.00 0.00 0.61 432.95
365 25.02 0.00 0.00 0.61 432.46
366 24.87 0.00 0.00 0.61 435.81
367 25.06 5.56 0.00 0.71 436.26
368 25.40 24.20 0.00 0.71 438.18
369 25.59 45.46 0.00 0.61 436.33
370 25.43 60.52 0.00 0.91 439.85
371 25.86 72.85 0.00 0.91 438.91
372 25.96 80.01 0.00 0.91 438.75
373 26.00 81.02 0.00 0.91 438.59
374 26.12 75.81 0.00 1.42 440.96
375 26.15 64.72 0.00 1.62 441.43
376 26.12 48.59 0.00 1.42 440.37
377 25.90 29.19 0.00 1.62 440.14
378 24.41 10.32 0.00 1.11 435.05
379 24.78 0.40 0.00 1.11 436.61
380 23.89 0.00 0.00 1.11 430.15
381 23.88 0.00 0.00 0.91 429.26
382 25.29 0.00 0.00 0.91 433.62
383 25.38 0.00 0.00 0.91 435.97
384 24.95 0.00 0.00 0.91 433.29
385 25.84 0.00 0.00 1.11 438.19
386 25.87 0.00 0.00 0.91 437.57
387 25.90 0.00 0.00 0.71 436.95
388 25.93 0.00 0.00 1.11 436.32
389 25.95 0.00 0.00 1.11 435.69
390 25.98 0.00 0.00 0.91 435.06
391 26.37 25.29 0.00 0.91 435.24
392 27.51 164.60 62.45 0.91 425.32
393 28.26 234.27 13.37 0.71 431.00
394 28.45 297.79 13.65 0.71 439.19
395 29.75 471.40 50.95 0.71 432.78
396 30.25 388.35 21.99 0.91 436.82
397 30.68 445.85 45.53 0.91 437.37
398 30.63 268.48 7.19 1.11 448.45
399 29.95 86.56 0.00 1.42 459.18
400 29.41 72.19 0.00 1.42 455.24
401 28.09 86.37 0.00 1.42 448.88
402 28.71 10.18 0.00 1.62 452.34
403 28.59 1.26 0.00 1.62 450.92
404 28.43 0.00 0.00 2.53 448.21
405 28.26 0.00 0.00 2.53 448.10
406 28.10 0.00 0.00 3.04 447.85
407 27.94 0.00 0.00 3.04 446.50
408 27.51 0.00 0.00 3.04 445.28
409 26.48 0.00 0.00 3.04 444.54
410 27.20 0.00 0.00 3.54 445.15
411 26.69 0.00 0.00 3.54 442.08
412 26.38 0.00 0.00 6.07 442.93
413 26.62 0.00 0.00 4.35 445.32
414 26.52 0.00 0.00 4.35 444.35
415 26.72 13.50 0.00 3.04 445.32
416 26.93 40.74 0.00 3.04 445.57
417 27.54 147.68 0.00 3.54 441.08
418 28.19 239.32 3.55 3.54 439.78
419 29.01 377.97 19.62 3.04 433.77
420 29.74 451.57 23.93 3.54 437.16
421 30.37 503.08 49.21 3.54 435.09
422 30.62 386.46 21.43 3.54 442.14
423 30.35 208.78 1.60 3.54 454.87
424 30.15 154.80 0.00 4.35 454.04
425 29.65 65.72 0.00 3.54 459.49
426 29.22 11.06 0.00 4.35 461.39
427 28.97 1.34 0.00 4.35 462.53
428 28.79 0.00 0.00 6.07 460.57
429 28.44 0.00 0.00 4.35 458.35
430 28.36 0.00 0.00 3.54 458.33
431 28.15 0.00 0.00 4.35 456.47
432 27.94 0.00 0.00 4.35 454.62
433 26.47 0.00 0.00 4.35 445.10
434 27.23 0.00 0.00 6.07 449.11
435 27.34 0.00 0.00 6.07 449.38
436 27.21 0.00 0.00 4.35 447.17
437 26.62 0.00 0.00 4.35 443.79
438 27.06 0.00 0.00 4.35 446.20
439 27.36 16.45 0.00 6.07 447.67
440 27.68 52.29 0.00 3.54 448.51
441 27.90 70.87 0.00 3.04 452.41
442 28.76 233.56 9.14 4.35 447.36
443 29.25 226.92 2.22 4.35 450.10
444 29.48 211.31 4.39 3.54 452.02
445 29.73 217.24 4.71 4.35 446.72
446 29.98 258.82 6.81 6.07 444.27
447 30.32 330.42 20.15 6.07 434.88
448 30.58 321.37 41.54 6.07 430.71
449 30.60 211.83 56.10 3.54 431.07
450 30.28 76.38 28.44 3.54 437.83
451 29.92 2.34 0.00 3.04 438.58
452 29.55 0.00 0.00 2.53 437.07
453 29.05 0.00 0.00 2.53 440.85
454 28.76 0.00 0.00 2.02 439.06
455 28.25 0.00 0.00 3.04 440.79
456 28.00 0.00 0.00 2.53 438.39
457 27.77 0.00 0.00 3.04 441.11
458 27.47 0.00 0.00 2.53 439.82
459 27.17 0.00 0.00 2.02 438.54
460 26.90 0.00 0.00 1.62 436.57
461 26.19 0.00 0.00 2.02 433.60
462 26.76 0.00 0.00 2.02 437.00
463 27.27 25.71 0.00 2.02 441.76
464 27.28 23.18 0.00 2.53 451.65
465 27.93 139.94 0.00 2.53 444.93
466 28.43 169.44 1.50 2.53 447.24
467 29.35 351.64 17.92 2.02 440.42
468 29.92 334.36 32.25 2.02 438.39
469 31.32 737.59 347.36 1.62 417.03
470 32.03 578.95 135.07 1.42 426.43
471 32.48 518.67 166.37 0.91 424.23
472 32.48 311.25 46.76 0.61 426.51
473 32.06 148.09 3.54 0.61 431.23
474 31.45 40.67 0.00 0.61 436.64
475 30.73 1.14 0.00 0.71 433.35
476 30.00 0.00 0.00 0.61 432.48
477 29.28 0.00 0.00 0.61 428.87
478 28.56 0.00 0.00 0.71 427.36
479 27.58 0.00 0.00 0.71 433.05
480 27.03 0.00 0.00 0.71 425.71
481 26.26 0.00 0.00 0.61 425.43
482 25.27 0.00 0.00 0.61 418.55
483 24.28 0.00 0.00 0.61 410.90
484 23.71 0.00 0.00 0.91 407.06
485 23.14 0.00 0.00 0.30 404.41
486 22.72 0.00 0.00 0.40 402.66
487 23.14 42.14 32.03 0.40 404.56
488 23.65 139.15 19.24 0.40 404.67
489 24.52 316.96 95.65 0.61 402.01
490 25.58 523.86 198.78 0.91 388.32
491 26.43 624.76 212.68 1.42 390.31
492 27.24 753.49 313.72 2.02 391.26
493 27.89 816.17 411.77 2.02 391.78
494 28.64 993.11 856.13 2.53 382.09
495 29.02 875.35 993.64 2.53 384.64
496 29.02 671.38 934.87 3.04 384.29
497 28.53 407.90 773.81 2.53 389.88
498 27.60 146.68 487.43 2.02 392.80
499 26.79 6.26 0.00 2.02 392.58
500 25.99 0.00 0.00 1.42 394.75
501 25.18 0.00 0.00 1.42 397.08
502 24.37 0.00 0.00 1.11 394.69
503 23.56 0.00 0.00 1.11 390.45
504 22.75 0.00 0.00 0.71 388.09
505 22.63 0.00 0.00 0.61 388.28
506 22.46 0.00 0.00 0.61 389.80
507 22.30 0.00 0.00 0.71 392.54
508 22.20 0.00 0.00 0.61 390.75
509 22.09 0.00 0.00 0.30 390.50
510 22.01 0.00 0.00 0.30 394.36
511 22.71 48.31 51.96 0.30 397.99
512 23.64 175.41 75.20 0.30 400.71
513 24.71 330.84 90.37 0.40 399.98
514 25.78 474.09 137.02 0.71 398.41
515 26.77 595.37 180.18 0.71 396.68
516 26.96 414.53 53.24 1.11 408.53
517 27.66 679.11 216.23 1.62 396.17
518 28.30 742.30 339.28 1.42 390.35
519 28.68 685.91 433.87 1.42 387.08
520 28.22 304.97 41.71 1.42 417.69
521 27.63 205.88 34.12 0.91 404.50
522 26.85 84.14 52.43 0.91 406.54
523 26.35 3.04 0.00 0.30 405.03
524 25.85 0.00 0.00 0.30 408.17
525 25.34 0.00 0.00 0.20 408.30
526 24.70 0.00 0.00 0.10 412.04
527 24.29 0.00 0.00 0.10 413.65
528 23.83 0.00 0.00 0.10 413.29
529 23.53 0.00 0.00 0.20 408.99
530 23.13 0.00 0.00 0.30 408.25
531 22.88 0.00 0.00 0.40 412.85
532 22.67 0.00 0.00 0.61 412.26
533 22.54 0.00 0.00 0.40 414.46
534 22.41 0.00 0.00 0.61 414.82
535 22.66 15.99 0.00 0.40 417.51
536 22.91 76.45 0.00 0.30 415.87
537 23.45 103.05 0.00 0.30 419.64
538 23.42 61.54 0.00 0.30 425.62
539 24.68 443.84 67.66 0.20 403.75
540 25.56 462.16 52.73 0.20 406.59
541 26.64 647.47 177.45 0.20 400.58
542 27.64 743.12 312.59 0.20 395.97
543 28.67 879.22 807.33 0.30 384.26
544 28.86 506.25 368.74 0.30 397.61
545 28.51 266.07 173.27 0.30 406.39
546 27.88 131.17 334.51 0.30 401.43
547 27.53 4.52 0.00 0.30 403.11
548 27.18 0.00 0.00 0.20 407.86
549 26.83 0.00 0.00 0.20 406.74
550 26.47 0.00 0.00 0.20 410.23
551 26.12 0.00 0.00 0.10 410.76
552 25.77 0.00 0.00 0.20 413.22
553 25.29 0.00 0.00 0.20 419.51
554 24.89 0.00 0.00 0.10 419.81
555 24.94 0.00 0.00 0.10 420.29
556 24.21 0.00 0.00 0.20 420.76
557 24.25 0.00 0.00 0.20 421.35
558 22.63 0.00 0.00 0.10 418.27
559 24.68 10.65 0.00 0.20 423.66
560 25.04 45.14 0.00 0.10 426.06
561 25.29 83.81 0.00 0.20 423.78
562 25.68 141.99 0.00 0.20 424.03
563 26.01 178.50 0.59 0.30 425.41
564 26.24 209.75 4.35 0.30 425.97
565 26.37 182.89 3.03 0.30 428.44
566 26.38 157.84 0.28 0.40 429.40
567 26.52 137.34 0.00 0.40 430.39
568 26.47 112.40 0.00 0.40 419.07
569 26.32 66.59 0.00 0.71 422.24
570 25.93 24.39 0.00 0.71 429.08
571 25.74 1.18 0.00 0.61 426.49
572 25.42 0.00 0.00 0.61 426.10
573 24.80 0.00 0.00 0.61 422.66
574 23.75 0.00 0.00 0.71 414.27
575 24.39 0.00 0.00 0.71 415.63
576 24.05 0.00 0.00 0.61 412.17
577 23.71 0.00 0.00 0.40 410.81
578 23.32 0.00 0.00 0.40 408.29
579 22.93 0.00 0.00 0.91 405.45
580 22.71 0.00 0.00 0.91 404.07
581 22.49 0.00 0.00 0.40 401.22
582 22.32 0.00 0.00 0.30 397.22
583 22.97 42.54 40.95 0.40 398.94
584 24.47 230.84 308.93 0.40 390.61
585 26.10 443.22 425.81 0.40 383.19
586 27.73 648.98 503.57 0.61 383.57
587 28.83 691.23 297.10 0.91 391.00
588 29.49 670.29 215.32 1.11 397.17
589 30.32 828.04 431.31 1.62 391.58
590 30.90 815.21 530.46 2.02 391.40
591 31.14 706.03 499.60 2.02 392.61
592 30.70 425.22 196.76 3.04 402.31
593 30.03 305.86 332.01 2.02 398.15
594 28.99 104.30 127.36 2.02 404.20
595 28.34 4.97 0.00 1.42 403.41
596 27.70 0.00 0.00 1.11 402.60
597 27.06 0.00 0.00 0.91 401.76
598 26.41 0.00 0.00 0.61 400.89
599 25.77 0.00 0.00 0.40 399.99
600 25.13 0.00 0.00 0.30 399.07
601 24.73 0.00 0.00 0.30 398.87
602 24.38 0.00 0.00 0.30 398.80
603 24.03 0.00 0.00 0.40 398.73
604 23.88 0.00 0.00 0.40 399.26
605 23.72 0.00 0.00 0.20 401.69
606 23.64 0.00 0.00 0.20 405.81
607 24.07 26.04 0.00 0.30 408.71
608 24.08 21.12 0.00 0.30 422.83
609 24.54 105.19 0.00 0.40 417.27
610 25.90 398.91 94.37 0.61 402.89
611 27.57 675.92 259.70 0.91 393.75
612 29.67 1062.78 878.36 1.11 380.58
613 30.65 815.27 353.12 1.11 395.30
614 31.81 1035.89 764.60 1.42 387.45
615 31.22 325.62 31.10 1.42 436.77
616 30.78 285.60 47.84 1.62 441.92
617 29.82 29.45 0.00 1.11 447.47
618 28.95 10.65 0.00 1.11 442.37
619 28.48 0.50 0.00 0.91 437.93
620 28.01 0.00 0.00 0.71 439.45
621 27.54 0.00 0.00 0.71 433.96
622 27.07 0.00 0.00 0.61 428.92
623 26.60 0.00 0.00 0.61 425.11
624 26.13 0.00 0.00 0.61 426.06
625 25.44 0.00 0.00 0.40 419.71
626 24.64 0.00 0.00 0.40 417.89
627 23.83 0.00 0.00 1.11 412.88
628 23.37 0.00 0.00 1.11 407.91
629 22.91 0.00 0.00 0.40 402.90
630 22.56 0.00 0.00 0.61 398.79
631 23.22 52.54 149.53 0.71 400.71
632 24.46 237.47 376.93 0.91 397.71
633 25.75 432.38 370.79 1.11 396.92
634 27.03 619.88 422.96 1.62 392.23
635 28.04 720.46 357.47 2.02 392.68
636 29.08 883.43 548.69 4.35 390.46
637 29.79 884.38 558.15 4.35 393.95
638 30.21 844.99 572.33 3.04 391.89
639 30.28 697.51 480.87 3.54 398.20
640 30.07 562.26 580.81 4.35 397.75
641 29.42 357.64 532.76 3.54 399.35
642 28.39 135.21 429.44 3.54 404.37
643 27.57 5.57 0.00 2.02 402.74
644 26.75 0.00 0.00 1.62 405.65
645 25.93 0.00 0.00 1.42 405.94
646 25.11 0.00 0.00 1.11 402.42
647 24.29 0.00 0.00 0.91 395.75
648 23.47 0.00 0.00 0.91 394.65
649 23.23 0.00 0.00 0.61 393.07
650 22.98 0.00 0.00 0.61 393.74
651 22.74 0.00 0.00 0.91 393.32
652 22.61 0.00 0.00 1.11 393.94
653 22.49 0.00 0.00 0.40 394.45
654 22.41 0.00 0.00 0.30 396.65
655 23.00 39.97 17.46 0.30 400.42
656 24.14 193.33 148.59 0.20 399.91
657 25.94 481.33 476.67 0.40 390.29
658 26.95 510.83 205.90 0.40 397.33
659 28.43 804.63 525.39 0.61 387.55
660 29.48 831.20 473.37 0.91 396.17
661 30.20 814.70 377.25 0.71 399.48
662 30.44 659.82 242.02 0.40 406.10
663 30.18 450.78 87.82 0.61 416.16
664 29.34 196.85 9.84 0.61 426.98
665 28.23 31.50 0.00 0.40 446.67
666 27.32 11.53 0.00 0.40 435.76
667 26.87 1.91 0.00 0.30 435.65
668 26.43 0.00 0.00 0.20 434.43
669 25.98 0.00 0.00 0.20 428.27
670 25.53 0.00 0.00 0.30 424.90
671 25.08 0.00 0.00 0.20 421.47
672 24.63 0.00 0.00 0.10 419.70
673 24.20 0.00 0.00 0.10 412.54
674 23.66 0.00 0.00 0.10 407.60
675 23.12 0.00 0.00 0.10 404.72
676 22.79 0.00 0.00 0.10 400.23
677 22.47 0.00 0.00 0.10 397.51
678 22.22 0.00 0.00 0.10 393.71
679 22.77 57.14 208.82 0.10 394.71
680 23.83 262.69 482.01 0.10 391.85
681 25.35 590.50 805.79 0.10 382.84
682 26.44 722.33 679.63 0.10 385.79
683 27.35 858.05 643.08 0.10 387.95
684 28.14 968.62 640.78 0.10 389.06
685 26.87 154.49 4.21 0.10 429.09
686 26.01 203.51 8.01 0.10 421.62
687 26.08 558.41 225.18 0.10 401.39
688 26.21 602.55 623.65 0.10 392.40
689 25.86 361.87 506.22 0.10 397.00
690 25.13 91.90 91.14 0.10 414.67
691 24.62 7.71 0.00 0.10 413.04
692 24.10 0.00 0.00 0.10 412.47
693 23.59 0.00 0.00 0.00 409.59
694 23.08 0.00 0.00 0.00 406.72
695 22.57 0.00 0.00 0.00 403.86
696 22.06 0.00 0.00 0.00 401.00
697 22.05 0.00 0.00 0.10 401.23
698 22.04 0.00 0.00 0.10 401.44
699 22.03 0.00 0.00 0.10 401.65
700 22.02 0.00 0.00 0.10 401.88
701 22.01 0.00 0.00 0.10 402.11
702 22.01 0.00 0.00 0.10 402.34
703 22.58 35.07 0.00 0.10 406.15
704 23.89 195.23 157.16 0.10 404.08
705 24.84 319.95 85.91 0.10 408.60
706 25.81 394.15 42.36 0.10 412.81
707 26.91 555.12 133.22 0.10 408.13
708 27.57 544.73 91.37 0.10 412.45
709 27.70 394.39 21.44 0.10 424.51
710 27.69 349.73 12.42 0.00 427.24
711 27.42 260.02 2.90 0.00 428.54
712 26.94 169.68 0.08 0.00 429.82
713 26.46 134.16 0.00 0.10 426.04
714 25.78 12.73 0.00 0.10 433.47
715 25.39 2.09 0.00 0.10 436.37
716 25.19 0.00 0.00 0.10 437.52
717 24.12 0.00 0.00 0.10 431.08
718 24.32 0.00 0.00 0.10 431.92
719 24.28 0.00 0.00 0.10 430.33
720 24.02 0.00 0.00 0.00 428.71
721 23.70 0.00 0.00 0.00 423.79
722 23.44 0.00 0.00 0.10 424.63
723 23.13 0.00 0.00 0.10 421.06
724 22.96 0.00 0.00 0.10 418.90
725 22.70 0.00 0.00 0.00 414.31
726 22.67 0.00 0.00 0.00 414.61
727 22.88 14.51 0.00 0.00 417.11
728 23.12 47.38 0.00 0.00 420.83
729 23.55 114.87 0.00 0.10 420.15
730 23.95 163.84 0.73 0.00 417.34
731 24.36 217.55 1.64 0.00 417.82
732 24.58 211.53 2.40 0.10 421.99
733 24.97 292.94 3.86 0.00 417.91
734 25.33 340.45 11.67 0.00 414.73
735 25.30 275.13 10.93 0.00 417.27
736 24.04 206.94 4.02 0.00 417.00
737 24.62 100.83 0.00 0.10 424.73
738 24.62 44.51 0.00 0.10 426.34
739 24.69 2.24 0.00 0.10 423.38
740 24.69 0.00 0.00 0.10 422.65
741 24.69 0.00 0.00 0.10 426.69
742 24.64 0.00 0.00 0.00 426.26
743 24.58 0.00 0.00 0.00 427.10
744 24.15 0.00 0.00 0.00 424.11
745 24.54 0.00 0.00 0.00 423.73
746 24.81 0.00 0.00 0.00 427.97
747 24.92 0.00 0.00 0.20 427.73
748 24.98 0.00 0.00 0.70 430.31
749 23.23 0.00 0.00 2.29 421.64
750 24.73 0.00 0.00 2.29 431.11
751 25.30 13.53 0.00 2.59 431.95
752 25.44 69.43 0.00 1.60 431.70
753 26.20 115.23 0.00 0.80 434.22
754 26.11 152.74 0.00 1.10 432.37
755 27.16 196.01 0.84 1.10 435.36
756 27.55 197.13 2.40 0.70 435.77
757 27.85 195.13 2.38 0.40 437.96
758 28.04 199.28 2.34 0.40 438.30
759 28.16 180.08 0.50 0.30 438.72
760 28.13 134.07 0.00 0.20 439.32
761 27.90 85.28 0.00 0.10 438.53
762 27.61 27.80 0.00 0.10 439.84
763 27.40 1.39 0.00 0.10 438.46
764 27.14 0.00 0.00 0.10 436.83
765 26.87 0.00 0.00 0.00 435.21
766 26.61 0.00 0.00 0.10 433.59
767 26.35 0.00 0.00 0.00 431.97
768 26.09 0.00 0.00 0.10 431.07
769 25.73 0.00 0.00 0.10 431.18
770 25.41 0.00 0.00 0.30 430.46
771 25.07 0.00 0.00 0.10 428.70
772 24.83 0.00 0.00 0.60 425.58
773 24.55 0.00 0.00 1.00 423.52
774 24.51 0.00 0.00 0.30 427.83
775 24.53 11.42 0.00 0.10 429.61
776 23.63 40.84 0.00 0.10 426.47
777 24.73 83.12 0.00 0.10 429.53
778 25.72 152.09 0.00 0.40 428.58
779 26.07 180.71 0.96 0.60 426.97
780 26.47 245.04 5.74 0.50 426.28
781 26.86 288.85 7.11 0.10 426.48
782 27.15 292.62 7.17 0.70 427.35
783 27.34 274.82 8.84 0.80 428.97
784 27.37 195.26 3.11 1.00 426.58
785 27.25 133.05 0.00 0.80 425.47
786 26.95 48.48 0.00 1.60 426.59
787 26.54 2.25 0.00 0.20 427.07
788 26.13 0.00 0.00 0.10 427.25
789 25.37 0.00 0.00 0.00 426.37
790 25.19 0.00 0.00 0.10 423.61
791 24.89 0.00 0.00 0.30 426.75
792 24.45 0.00 0.00 0.00 420.13
793 24.13 0.00 0.00 0.30 420.40
794 23.55 0.00 0.00 0.20 418.42
795 23.31 0.00 0.00 0.70 414.70
796 23.20 0.00 0.00 0.70 415.99
797 23.01 0.00 0.00 0.60 414.36
798 22.88 0.00 0.00 0.20 413.33
799 23.21 19.84 0.00 0.10 413.02
800 22.29 24.01 0.00 0.30 420.28
801 23.56 144.96 0.00 0.50 415.48
802 24.52 234.81 6.48 0.60 411.89
803 25.19 283.71 1.75 0.30 414.83
804 25.81 343.31 11.24 0.60 416.76
805 26.34 394.60 30.14 0.40 417.49
806 27.19 610.08 170.12 0.60 398.76
807 27.47 407.41 34.93 0.60 407.82
808 27.49 314.67 30.74 0.70 420.17
809 27.23 171.77 9.48 1.00 412.80
810 26.76 77.32 12.11 0.20 411.60
811 26.34 3.15 0.00 0.20 409.61
812 25.92 0.00 0.00 0.20 407.61
813 25.51 0.00 0.00 0.30 405.65
814 25.09 0.00 0.00 0.50 403.58
815 24.68 0.00 0.00 0.30 401.56
816 24.26 0.00 0.00 0.70 399.52
817 23.83 0.00 0.00 0.70 402.61
818 23.51 0.00 0.00 1.60 399.55
819 23.17 0.00 0.00 2.99 398.62
820 22.98 0.00 0.00 3.39 395.36
821 22.79 0.00 0.00 0.70 394.21
822 22.67 0.00 0.00 0.10 395.24
823 23.20 46.58 87.20 0.00 396.13
824 23.88 164.13 86.24 0.00 398.41
825 25.73 581.52 737.60 0.10 374.53
826 27.10 737.87 724.93 0.30 381.49
827 28.44 960.71 845.91 0.50 380.67
828 29.26 921.95 594.62 1.30 389.60
829 29.80 898.52 483.87 0.70 393.15
830 28.62 143.85 0.12 1.30 429.85
831 27.58 85.48 0.00 1.10 429.25
832 26.69 61.12 0.00 1.30 426.94
833 26.34 267.97 179.15 0.80 398.61
834 25.84 143.00 288.64 0.10 391.83
835 25.56 8.85 0.00 1.00 392.47
836 25.29 0.00 0.00 1.10 394.97
837 25.02 0.00 0.00 0.50 399.46
838 24.75 0.00 0.00 0.20 398.58
839 24.48 0.00 0.00 0.10 397.97
840 24.21 0.00 0.00 0.60 395.59
841 23.98 0.00 0.00 0.40 396.82
842 23.75 0.00 0.00 0.30 397.03
843 23.51 0.00 0.00 0.70 397.76
844 23.40 0.00 0.00 2.00 398.89
845 23.29 0.00 0.00 1.00 400.55
846 23.22 0.00 0.00 1.80 401.29
847 23.64 27.67 0.00 1.30 405.45
848 24.98 204.60 195.04 2.29 393.50
849 26.28 372.10 148.00 3.79 399.32
850 27.55 537.39 234.28 1.80 397.19
851 28.17 486.57 76.65 1.00 407.28
852 28.63 509.04 34.56 2.00 409.90
853 29.06 553.19 85.58 0.70 409.28
854 29.11 425.97 31.00 0.20 427.17
855 28.92 308.51 14.69 0.10 418.78
856 28.09 55.48 0.00 0.20 436.70
857 27.39 43.87 0.00 0.30 432.70
858 26.77 29.47 0.00 1.80 428.55
859 26.29 3.29 0.00 1.30 429.39
860 25.96 0.00 0.00 1.60 428.32
861 25.64 0.00 0.00 1.60 427.09
862 25.08 0.00 0.00 0.70 421.99
863 24.89 0.00 0.00 1.80 422.52
864 23.98 0.00 0.00 2.00 417.09
865 24.11 0.00 0.00 1.60 416.09
866 23.57 0.00 0.00 0.50 411.23
867 23.03 0.00 0.00 0.00 406.27
868 22.70 0.00 0.00 0.30 402.58
869 22.36 0.00 0.00 0.10 398.91
870 22.09 0.00 0.00 0.30 395.67
871 22.56 46.31 63.72 0.60 396.93
872 23.35 188.62 121.33 0.60 399.71
873 24.25 354.12 121.68 0.60 401.87
874 25.15 511.34 192.93 1.10 394.47
875 26.35 787.33 486.40 0.70 389.47
876 27.22 839.75 467.33 1.30 392.52
877 28.03 960.47 574.14 1.80 389.78
878 28.41 841.31 541.21 3.79 393.35
879 28.35 619.15 291.06 2.00 399.97
880 28.12 528.72 384.83 2.29 395.37
881 27.42 289.11 204.00 0.80 401.89
882 26.51 129.19 306.92 1.00 400.84
883 25.85 6.32 0.00 1.10 402.69
884 25.18 0.00 0.00 0.50 404.79
885 24.52 0.00 0.00 1.30 405.82
886 23.85 0.00 0.00 0.70 403.35
887 23.19 0.00 0.00 0.30 401.67
888 22.49 0.00 0.00 0.60 400.73
889 22.52 0.00 0.00 1.30 403.21
890 22.55 0.00 0.00 1.30 405.03
891 22.52 0.00 0.00 1.80 405.65
892 22.45 0.00 0.00 3.39 406.83
893 21.86 0.00 0.00 2.99 405.54
894 22.66 0.00 0.00 1.10 411.35
895 23.03 20.04 0.00 2.29 414.07
896 23.48 83.95 0.00 1.30 415.29
897 24.43 265.37 36.56 0.40 408.53
898 26.04 449.52 106.26 0.20 405.70
899 27.11 534.34 107.92 0.00 411.53
900 27.84 536.35 62.21 0.10 410.79
901 28.33 519.38 71.00 0.10 412.29
902 28.04 245.24 5.08 0.00 427.10
903 27.72 207.12 1.32 0.20 427.21
904 27.22 116.45 0.00 0.70 428.20
905 26.64 35.81 0.00 1.00 430.59
906 26.11 16.12 0.00 0.60 431.13
907 25.87 0.78 0.00 1.00 428.04
908 25.63 0.00 0.00 0.10 426.66
909 25.39 0.00 0.00 0.10 423.99
910 25.16 0.00 0.00 0.20 422.49
911 24.92 0.00 0.00 0.30 420.72
912 24.68 0.00 0.00 0.40 414.66
913 24.25 0.00 0.00 1.00 411.18
914 23.62 0.00 0.00 0.20 407.32
915 22.98 0.00 0.00 0.10 403.11
916 22.56 0.00 0.00 1.00 400.33
917 22.14 0.00 0.00 0.30 395.45
918 21.79 0.00 0.00 0.80 392.43
919 22.15 48.58 109.82 1.10 390.63
920 23.15 255.53 512.14 0.70 382.74
921 24.19 470.59 501.79 0.50 383.22
922 25.15 657.89 523.77 0.60 383.54
923 26.01 813.95 567.81 0.70 383.72
924 26.68 896.56 576.96 1.80 386.57
925 27.12 909.93 566.38 2.59 385.15
926 27.36 885.70 610.36 0.80 384.43
927 27.32 747.63 592.12 1.10 386.25
928 26.99 567.81 538.35 2.99 387.36
929 26.31 367.21 560.85 2.00 387.30
930 25.35 143.02 441.20 0.60 390.55
931 24.72 6.35 0.00 1.30 390.00
932 24.09 0.00 0.00 1.80 389.42
933 23.46 0.00 0.00 1.80 388.79
934 22.83 0.00 0.00 0.60 388.12
935 22.20 0.00 0.00 0.30 387.41
936 21.57 0.00 0.00 0.10 386.90
937 21.94 0.00 0.00 0.10 389.44
938 22.38 0.00 0.00 0.30 392.47
939 22.81 0.00 0.00 0.50 395.50
940 23.06 0.00 0.00 0.10 397.88
941 23.32 0.00 0.00 0.10 400.26
942 23.51 0.00 0.00 1.10 402.44
943 24.02 26.83 0.00 1.00 405.71
944 25.71 225.22 267.96 0.50 392.51
945 27.18 382.78 173.94 1.10 397.02
946 28.81 591.70 337.01 2.29 396.58
947 30.01 652.66 244.83 1.30 403.06
948 30.67 592.99 122.74 1.00 411.45
949 30.77 423.70 35.63 0.60 421.44
950 30.07 192.67 3.14 0.60 431.50
951 29.16 72.11 0.00 0.80 436.94
952 28.59 119.86 0.00 1.10 430.68
953 28.10 108.14 0.00 2.99 424.79
954 27.60 97.97 105.43 1.10 421.02
955 27.08 3.98 0.00 1.10 422.05
956 27.46 0.00 0.00 0.60 425.86
957 27.64 0.00 0.00 0.80 425.60
958 27.69 0.00 0.00 0.10 430.21
959 27.67 0.00 0.00 0.80 430.30
960 27.57 0.00 0.00 1.30 433.20
961 27.05 0.00 0.00 0.60 434.31
962 26.59 0.00 0.00 0.30 433.79
963 26.63 0.00 0.00 1.60 431.87
964 26.39 0.00 0.00 1.00 432.35
965 26.24 0.00 0.00 1.00 435.06
966 26.01 0.00 0.00 0.60 438.37
967 26.05 10.89 0.00 2.00 441.08
968 26.50 58.02 0.00 1.00 439.10
969 26.35 110.15 0.00 0.50 438.99
970 27.25 152.08 0.00 0.60 437.39
971 27.51 181.27 0.66 0.60 439.69
972 27.74 206.53 2.73 0.30 439.93
973 27.91 213.06 2.96 0.60 441.44
974 27.96 174.67 2.44 0.30 437.83
975 27.93 135.86 0.00 0.30 438.08
976 27.81 100.93 0.00 0.60 440.19
977 27.65 72.01 0.00 0.40 438.40
978 27.41 25.28 0.00 1.10 440.09
979 27.17 1.40 0.00 1.10 441.93
980 26.94 0.00 0.00 0.70 441.16
981 26.64 0.00 0.00 0.10 443.39
982 26.28 0.00 0.00 0.10 442.23
983 25.31 0.00 0.00 0.10 437.56
984 23.99 0.00 0.00 0.10 429.64
985 25.78 0.00 0.00 0.00 440.05
986 25.56 0.00 0.00 0.00 438.81
987 24.83 0.00 0.00 0.10 435.04
988 23.84 0.00 0.00 0.00 429.24
989 24.50 0.00 0.00 0.30 433.66
990 25.44 0.00 0.00 0.70 438.66
991 25.53 7.26 0.00 2.29 439.37
992 23.85 36.05 0.00 2.00 428.58
993 26.02 74.43 0.00 1.30 439.98
994 26.11 102.43 0.00 0.30 441.23
995 26.26 117.18 0.00 0.30 442.45
996 26.76 127.37 0.00 0.50 443.91
997 26.76 133.87 0.00 1.00 441.76
998 26.47 128.52 0.00 2.29 442.40
999 25.06 116.31 0.00 4.59 434.64
1000 26.60 89.54 0.00 6.09 443.57
1001 25.63 53.30 0.00 2.59 439.51
1002 26.77 19.52 0.00 1.60 442.24
1003 26.47 0.94 0.00 5.59 439.42
1004 25.61 0.00 0.00 2.59 434.93
1005 25.78 0.00 0.00 2.29 433.72
1006 25.77 0.00 0.00 2.29 430.14
1007 25.52 0.00 0.00 4.59 426.05
1008 25.27 0.00 0.00 2.99 422.70
1009 24.75 0.00 0.00 2.99 420.16
1010 24.22 0.00 0.00 3.39 415.45
1011 23.68 0.00 0.00 3.79 410.19
1012 23.41 0.00 0.00 4.59 406.59
1013 23.14 0.00 0.00 1.80 403.00
1014 22.95 0.00 0.00 4.19 399.97
1015 23.59 46.99 96.18 2.29 401.35
1016 25.24 290.90 596.52 0.50 388.25
1017 27.15 592.39 914.24 0.50 387.76
1018 28.99 852.50 1028.63 0.80 383.47
1019 30.64 1050.80 886.42 1.00 383.24
1020 30.28 476.02 77.99 0.50 421.99
1021 29.95 456.52 38.22 0.50 419.83
1022 29.66 439.80 33.57 1.10 421.84
1023 28.88 268.31 3.11 1.10 437.43
1024 28.24 197.25 3.33 1.60 434.84
1025 27.59 146.84 0.41 1.30 425.88
1026 26.83 48.19 0.00 0.30 430.53
1027 26.55 3.43 0.00 0.80 426.73
1028 26.27 0.00 0.00 1.10 428.09
1029 25.99 0.00 0.00 1.60 426.92
1030 25.71 0.00 0.00 2.00 421.65
1031 25.43 0.00 0.00 2.99 420.47
1032 25.15 0.00 0.00 3.39 420.93
1033 24.75 0.00 0.00 2.99 422.00
1034 24.60 0.00 0.00 1.80 421.71
1035 24.18 0.00 0.00 1.30 422.71
1036 24.31 0.00 0.00 1.10 421.61
1037 24.19 0.00 0.00 1.60 422.52
1038 24.10 0.00 0.00 1.80 423.53
1039 23.97 17.80 0.00 3.39 423.12
1040 24.95 85.57 0.00 1.60 423.91
1041 25.72 192.20 4.05 1.10 424.04
1042 26.34 248.49 6.69 0.70 428.09
1043 26.73 256.23 6.67 2.00 423.15
1044 27.61 479.25 55.39 0.40 414.09
1045 27.93 364.94 17.71 0.60 429.11
1046 28.20 405.50 36.52 0.80 427.36
1047 28.21 227.85 5.07 2.59 432.33
1048 28.12 221.63 5.99 3.79 429.35
1049 27.76 113.92 0.00 1.60 432.03
1050 27.23 11.76 0.00 2.99 441.04
1051 26.86 2.02 0.00 1.30 438.73
1052 26.44 0.00 0.00 0.30 437.48
1053 25.05 0.00 0.00 0.00 432.77
1054 25.75 0.00 0.00 0.00 434.29
1055 25.38 0.00 0.00 0.00 430.23
1056 25.01 0.00 0.00 0.30 425.78
1057 24.67 0.00 0.00 0.10 421.54
1058 24.33 0.00 0.00 0.30 417.35
1059 24.00 0.00 0.00 0.20 413.19
1060 23.83 0.00 0.00 0.30 410.11
1061 23.67 0.00 0.00 0.20 407.04
1062 23.56 0.00 0.00 0.80 404.34
1063 24.32 45.81 64.08 2.00 407.00
1064 25.69 209.92 178.58 3.79 406.94
1065 27.57 467.92 451.60 2.99 403.03
1066 29.50 704.66 606.56 5.59 399.54
1067 31.03 817.48 536.59 4.59 405.64
1068 32.30 904.60 577.71 4.59 407.51
1069 33.15 884.12 498.52 6.38 412.45
1070 33.51 745.33 321.26 4.59 417.03
1071 33.56 620.42 274.93 1.00 418.02
1072 33.13 448.57 197.70 1.80 418.47
1073 32.36 283.25 143.82 1.00 419.99
1074 31.30 105.06 89.64 1.10 424.99
1075 30.55 5.95 0.00 0.80 426.64
1076 29.80 0.00 0.00 0.70 428.10
1077 29.05 0.00 0.00 0.80 426.73
1078 28.29 0.00 0.00 1.00 423.16
1079 27.54 0.00 0.00 0.80 419.01
1080 26.79 0.00 0.00 2.59 418.10
1081 26.02 0.00 0.00 1.60 418.73
1082 25.18 0.00 0.00 2.29 416.52
1083 24.35 0.00 0.00 1.00 414.30
1084 23.90 0.00 0.00 1.60 409.42
1085 23.45 0.00 0.00 0.40 410.77
1086 23.12 0.00 0.00 1.00 410.18
1087 23.46 28.83 0.00 3.79 413.67
1088 24.52 192.60 157.71 1.60 405.29
1089 25.61 362.93 132.59 0.60 405.81
1090 26.48 465.55 119.40 1.00 405.79
1091 27.35 601.80 173.84 0.40 403.63
1092 27.91 604.48 126.40 2.00 412.05
1093 28.23 568.88 70.11 3.79 411.72
1094 28.39 534.72 91.99 2.29 411.36
1095 28.12 342.69 19.95 1.60 420.83
1096 27.49 169.15 0.15 1.00 427.87
1097 26.85 114.42 0.00 2.99 421.69
1098 26.10 11.48 0.00 2.59 427.25
1099 25.83 2.29 0.00 1.80 426.68
1100 25.56 0.00 0.00 1.10 427.45
1101 25.28 0.00 0.00 1.00 424.27
1102 24.96 0.00 0.00 0.20 426.52
1103 24.58 0.00 0.00 0.30 424.25
1104 24.44 0.00 0.00 0.80 423.46
1105 24.21 0.00 0.00 1.30 424.01
1106 24.05 0.00 0.00 0.70 422.56
1107 24.53 0.00 0.00 0.10 421.71
1108 24.52 0.00 0.00 1.10 419.90
1109 24.46 0.00 0.00 1.30 421.36
1110 24.57 0.00 0.00 1.10 420.17
1111 24.94 18.28 0.00 1.60 421.56
1112 26.11 139.57 25.59 1.10 414.77
1113 27.45 288.91 54.87 0.50 418.06
1114 28.42 351.48 33.23 0.50 426.69
1115 28.43 204.63 4.38 0.60 431.77
1116 28.51 228.66 5.27 0.40 433.44
1117 28.46 191.65 3.70 0.20 434.40
1118 28.49 216.27 2.46 0.50 434.94
1119 28.60 263.03 2.96 0.80 430.54
1120 28.52 187.95 2.27 0.60 431.82
1121 28.26 127.66 0.00 2.29 429.42
1122 27.85 53.06 0.00 2.59 428.51
1123 26.30 2.72 0.00 2.00 429.91
1124 26.97 0.00 0.00 1.30 428.31
1125 26.73 0.00 0.00 1.10 428.72
1126 26.48 0.00 0.00 1.30 431.52
1127 26.14 0.00 0.00 1.00 428.52
1128 25.80 0.00 0.00 0.70 427.09
1129 25.50 0.00 0.00 0.80 424.23
1130 25.21 0.00 0.00 1.30 422.83
1131 24.70 0.00 0.00 1.30 422.14
1132 24.78 0.00 0.00 0.70 420.70
1133 24.61 0.00 0.00 1.60 416.60
1134 24.54 0.00 0.00 2.59 420.06
1135 24.92 28.16 0.00 3.39 421.15
1136 25.73 123.14 4.99 1.60 422.33
1137 26.69 247.83 25.79 1.00 417.73
1138 28.16 498.44 168.78 1.80 406.90
1139 29.65 685.46 287.74 2.29 409.66
1140 30.36 580.21 108.81 2.29 420.68
1141 30.79 547.45 58.76 3.39 425.91
1142 30.93 453.38 36.74 2.99 432.53
1143 30.64 298.25 11.35 3.39 436.79
1144 30.19 219.43 5.66 0.80 433.64
1145 29.72 176.76 21.26 0.50 428.04
1146 28.97 17.19 0.00 0.70 444.44
1147 28.41 0.57 0.00 1.30 443.34
1148 27.85 0.00 0.00 1.60 440.52
1149 27.29 0.00 0.00 1.10 434.35
1150 26.73 0.00 0.00 1.60 429.71
1151 26.17 0.00 0.00 1.80 426.37
1152 25.61 0.00 0.00 2.00 421.41
1153 25.03 0.00 0.00 1.60 419.16
1154 24.39 0.00 0.00 3.79 415.75
1155 23.75 0.00 0.00 1.10 408.71
1156 23.41 0.00 0.00 0.60 403.71
1157 23.06 0.00 0.00 0.40 400.70
1158 22.82 0.00 0.00 0.40 399.45
1159 23.53 46.64 95.30 0.30 399.61
1160 25.06 236.93 404.38 1.00 395.76
1161 26.81 469.66 514.71 0.80 395.66
1162 28.60 696.54 623.60 0.10 390.27
1163 30.16 848.33 616.48 0.20 392.41
1164 31.32 897.52 540.39 0.10 397.73
1165 32.11 889.07 527.96 0.10 400.62
1166 32.57 833.86 534.17 0.10 402.47
1167 32.76 746.67 548.54 0.10 402.15
1168 32.36 504.54 327.39 0.40 408.14
1169 31.51 306.48 287.93 0.20 409.87
1170 30.31 98.97 100.24 0.30 416.98
1171 29.58 5.01 0.00 0.10 414.76
1172 28.86 0.00 0.00 0.10 414.58
1173 28.13 0.00 0.00 0.70 411.48
1174 27.40 0.00 0.00 0.50 411.27
1175 26.67 0.00 0.00 0.30 410.91
1176 25.95 0.00 0.00 0.80 408.35
1177 25.47 0.00 0.00 0.40 408.99
1178 24.98 0.00 0.00 0.10 404.88
1179 24.48 0.00 0.00 1.10 401.53
1180 24.22 0.00 0.00 1.80 397.41
1181 23.96 0.00 0.00 0.50 397.30
1182 23.78 0.00 0.00 1.00 399.71
1183 24.30 40.75 56.44 2.59 402.01
1184 26.04 304.53 581.26 0.50 382.93
1185 27.22 440.56 363.79 0.10 395.48
1186 28.31 594.61 316.85 0.20 399.66
1187 28.68 491.37 75.68 0.30 413.76
1188 29.24 639.26 159.82 0.40 407.96
1189 29.11 384.36 27.59 0.60 422.93
1190 28.74 292.58 3.84 1.30 423.51
1191 28.12 162.35 0.52 0.80 426.98
1192 27.59 151.20 0.00 0.40 424.21
1193 27.03 89.89 0.00 0.40 425.54
1194 26.43 25.38 0.00 0.10 426.91
1195 26.21 1.73 0.00 0.20 427.92
1196 25.97 0.00 0.00 0.40 430.28
1197 25.70 0.00 0.00 1.10 428.95
1198 25.51 0.00 0.00 2.00 428.78
1199 25.20 0.00 0.00 5.09 429.35
1200 24.75 0.00 0.00 2.59 430.69
1201 22.99 0.00 0.00 1.60 422.68
1202 24.46 0.00 0.00 0.80 430.56
1203 24.01 0.00 0.00 0.60 427.39
1204 24.13 0.00 0.00 1.10 425.65
1205 24.43 0.00 0.00 0.30 425.17
1206 24.49 0.00 0.00 0.30 427.71
1207 24.65 9.15 0.00 0.70 430.05
1208 24.94 45.85 0.00 1.80 430.20
1209 25.29 86.40 0.00 2.29 431.21
1210 25.60 125.18 0.00 3.79 432.98
1211 25.90 161.22 0.35 1.80 431.93
1212 26.15 179.39 1.86 4.19 434.72
1213 26.30 171.15 1.56 2.00 433.25
1214 26.41 169.61 1.37 2.99 433.61
1215 26.32 134.76 0.00 3.39 437.55
1216 26.33 95.17 0.00 3.79 438.05
1217 26.16 61.46 0.00 1.30 437.67
1218 25.86 20.51 0.00 1.00 440.73
1219 25.59 1.11 0.00 1.60 439.84
1220 25.83 0.00 0.00 1.30 437.64
1221 25.77 0.00 0.00 1.30 439.06
1222 25.69 0.00 0.00 3.39 440.38
1223 25.64 0.00 0.00 1.30 440.17
1224 24.79 0.00 0.00 0.80 435.12
1225 24.55 0.00 0.00 0.50 433.55
1226 24.05 0.00 0.00 1.30 430.39
1227 25.17 0.00 0.00 1.00 437.19
1228 25.63 0.00 0.00 1.10 440.13
1229 25.52 0.00 0.00 0.80 439.45
1230 26.09 0.00 0.00 0.30 443.09
1231 26.38 8.13 0.00 0.60 444.17
1232 26.73 36.17 0.00 2.00 445.91
1233 27.09 71.66 0.00 1.10 447.21
1234 27.36 110.33 0.00 0.60 447.88
1235 27.74 128.24 0.00 0.20 450.57
1236 27.71 150.93 0.56 0.00 450.15
1237 28.00 154.86 0.79 0.30 450.66
1238 28.36 137.93 0.00 0.40 450.48
1239 28.38 121.83 0.00 1.80 450.18
1240 28.21 87.49 0.00 3.39 451.73
1241 28.19 62.50 0.00 2.99 445.80
1242 27.71 24.85 0.00 1.80 446.70
1243 27.89 1.06 0.00 2.59 444.62
1244 27.70 0.00 0.00 2.29 445.47
1245 27.47 0.00 0.00 2.29 442.54
1246 27.24 0.00 0.00 1.60 440.24
1247 27.01 0.00 0.00 0.80 438.28
1248 26.78 0.00 0.00 0.70 433.16
1249 26.47 0.00 0.00 0.20 430.95
1250 26.15 0.00 0.00 0.50 429.73
1251 25.82 0.00 0.00 2.00 427.01
1252 25.66 0.00 0.00 5.09 424.48
1253 25.49 0.00 0.00 1.60 422.01
1254 25.37 0.00 0.00 2.59 415.67
1255 26.00 37.94 29.86 1.00 414.40
1256 28.13 288.82 479.78 0.70 400.11
1257 28.37 207.39 32.98 0.40 430.73
1258 29.54 456.15 122.63 1.30 418.84
1259 29.32 196.68 7.29 0.50 446.12
1260 29.77 417.44 34.82 0.30 437.34
1261 30.19 475.67 23.78 1.10 437.06
1262 30.52 407.95 36.50 2.00 440.28
1263 30.92 508.58 126.45 2.29 421.43
1264 31.07 423.69 166.69 2.99 415.08
1265 30.10 145.72 0.38 2.00 441.38
1266 29.81 30.41 0.00 2.00 453.07
1267 29.16 0.61 0.00 2.29 447.14
1268 28.52 0.00 0.00 0.60 441.82
1269 27.87 0.00 0.00 1.30 436.19
1270 27.22 0.00 0.00 1.10 429.62
1271 26.58 0.00 0.00 0.30 424.44
1272 25.93 0.00 0.00 0.30 421.51
1273 25.36 0.00 0.00 0.50 419.15
1274 24.85 0.00 0.00 0.80 416.94
1275 24.34 0.00 0.00 0.30 412.83
1276 24.12 0.00 0.00 0.80 410.52
1277 23.90 0.00 0.00 1.60 408.48
1278 23.78 0.00 0.00 2.99 406.17
1279 24.48 45.99 86.56 2.29 408.03
1280 26.16 279.49 526.29 1.10 397.64
1281 27.97 542.57 795.94 1.10 398.75
1282 29.72 774.71 867.30 1.10 396.94
1283 31.26 946.18 877.81 2.00 397.13
1284 32.54 1045.13 873.88 2.29 396.97
1285 33.52 1064.51 871.00 2.00 395.43
1286 34.15 998.11 867.41 2.99 397.75
1287 34.44 860.60 865.18 4.59 399.56
1288 34.33 651.89 823.60 3.79 401.78
1289 33.71 399.52 718.81 2.59 408.05
1290 32.71 145.53 477.05 1.10 416.83
1291 32.03 5.20 0.00 0.20 414.36
1292 31.34 0.00 0.00 0.00 419.70
1293 30.66 0.00 0.00 0.20 415.26
1294 29.97 0.00 0.00 0.20 416.26
1295 29.29 0.00 0.00 0.30 415.54
1296 28.60 0.00 0.00 0.60 412.01
1297 27.59 0.00 0.00 0.10 408.86
1298 26.58 0.00 0.00 0.20 406.86
1299 25.58 0.00 0.00 0.80 405.74
1300 25.08 0.00 0.00 2.00 402.17
1301 24.58 0.00 0.00 0.60 402.02
1302 24.25 0.00 0.00 0.40 400.66
1303 24.98 56.34 205.45 0.70 403.34
1304 26.49 288.45 651.53 0.30 396.90
1305 28.19 565.87 860.59 0.10 394.13
1306 29.83 811.79 963.19 0.30 389.71
1307 31.30 994.90 988.49 0.30 390.22
1308 32.50 1100.11 949.17 0.10 393.55
1309 33.32 1074.74 821.16 0.70 401.69
1310 33.56 846.83 525.18 1.80 410.38
1311 33.57 716.30 439.38 2.29 409.87
1312 32.60 275.33 59.29 2.29 432.87
1313 31.96 351.05 394.79 1.00 409.94
1314 31.02 125.35 318.26 2.29 416.69
1315 30.29 5.58 0.00 4.59 415.35
1316 29.56 0.00 0.00 2.29 416.86
1317 28.82 0.00 0.00 1.00 412.51
1318 28.09 0.00 0.00 0.60 410.04
1319 27.36 0.00 0.00 0.40 408.39
1320 26.63 0.00 0.00 0.50 405.14
1321 25.88 0.00 0.00 1.80 405.17
1322 25.04 0.00 0.00 1.80 403.11
1323 24.21 0.00 0.00 2.99 400.59
1324 23.75 0.00 0.00 1.80 397.35
1325 23.29 0.00 0.00 1.80 394.74
1326 22.96 0.00 0.00 1.00 395.54
1327 23.62 45.01 77.97 0.30 400.42
1328 25.19 244.28 393.71 0.10 395.00
1329 26.73 437.24 393.52 0.50 396.86
1330 28.25 629.60 416.30 0.40 396.07
1331 29.47 731.70 342.15 1.30 399.87
1332 30.50 819.00 391.48 0.40 400.60
1333 31.30 857.85 466.60 0.30 400.41
1334 31.78 806.89 440.29 0.50 402.55
1335 32.13 805.15 638.20 0.70 396.80
1336 32.03 590.68 594.49 0.50 400.59
1337 31.31 348.02 452.49 0.60 406.02
1338 30.13 108.92 162.78 0.30 417.12
1339 29.40 4.63 0.00 0.20 416.67
1340 28.67 0.00 0.00 1.30 419.12
1341 27.94 0.00 0.00 1.30 420.58
1342 27.22 0.00 0.00 1.80 422.93
1343 26.49 0.00 0.00 1.30 423.32
1344 25.76 0.00 0.00 2.00 425.14
1345 25.42 0.00 0.00 2.29 425.28
1346 25.05 0.00 0.00 2.00 425.77
1347 24.68 0.00 0.00 2.59 425.57
1348 24.48 0.00 0.00 1.60 425.93
1349 24.28 0.00 0.00 1.00 425.56
1350 24.14 0.00 0.00 1.00 423.25
1351 24.25 12.81 0.00 1.80 427.41
1352 24.75 75.46 0.00 3.39 426.63
1353 25.25 180.30 1.94 1.80 424.81
1354 25.87 222.91 5.49 4.19 428.61
1355 26.17 230.34 1.90 5.09 429.47
1356 26.46 275.18 6.77 2.59 427.52
1357 26.51 213.86 4.83 3.79 430.81
1358 26.51 175.43 1.63 7.18 428.83
1359 26.41 150.44 0.07 9.28 432.29
1360 26.04 116.13 0.00 5.59 433.97
1361 25.95 100.27 0.00 4.59 429.36
1362 25.74 44.19 0.00 4.19 427.80
1363 25.54 1.65 0.00 3.79 428.40
1364 25.22 0.00 0.00 3.79 427.75
1365 24.40 0.00 0.00 2.99 423.65
1366 24.53 0.00 0.00 1.60 423.86
1367 24.16 0.00 0.00 2.29 420.90
1368 22.78 0.00 0.00 2.99 411.99
1369 24.25 0.00 0.00 2.29 420.16
1370 24.19 0.00 0.00 4.19 417.78
1371 24.13 0.00 0.00 6.09 417.39
1372 24.11 0.00 0.00 0.60 417.42
1373 24.10 0.00 0.00 2.99 416.49
1374 24.10 0.00 0.00 7.18 415.95
1375 24.65 30.81 0.00 7.18 418.89
1376 25.31 104.01 0.00 5.59 420.86
1377 26.29 234.50 13.42 3.39 418.07
1378 27.50 400.52 41.53 2.99 417.73
1379 28.58 501.58 69.03 2.59 412.37
1380 29.41 532.42 38.03 3.79 416.22
1381 30.19 609.42 116.47 2.99 414.28
1382 30.81 621.34 167.96 2.29 411.71
1383 30.62 419.57 41.71 0.70 431.63
1384 30.35 196.79 4.85 0.30 447.39
1385 29.77 126.94 0.00 1.00 445.19
1386 29.03 12.82 0.00 1.80 452.99
1387 28.52 2.25 0.00 1.10 448.35
1388 27.92 0.00 0.00 2.59 443.13
1389 27.51 0.00 0.00 2.00 442.59
1390 27.00 0.00 0.00 1.10 440.25
1391 26.50 0.00 0.00 1.30 438.54
1392 25.99 0.00 0.00 1.10 435.35
1393 25.34 0.00 0.00 1.60 430.81
1394 24.62 0.00 0.00 1.30 424.92
1395 23.90 0.00 0.00 0.60 419.07
1396 23.51 0.00 0.00 0.70 415.28
1397 23.11 0.00 0.00 0.80 411.51
1398 22.82 0.00 0.00 1.30 408.44
1399 23.14 31.58 0.00 1.80 410.17
1400 24.01 187.84 135.28 1.00 405.20
1401 24.84 333.07 89.73 0.30 405.45
1402 25.53 434.33 87.49 0.00 407.75
1403 26.07 498.95 78.19 0.10 410.21
1404 26.34 466.76 34.20 0.30 416.00
1405 26.50 512.54 44.62 0.40 415.09
1406 26.61 410.44 26.08 0.60 414.26
1407 26.43 313.02 14.88 0.10 418.63
1408 25.72 118.22 0.00 0.30 430.85
1409 25.24 64.20 0.00 0.20 431.83
1410 24.69 12.70 0.00 0.40 433.31
1411 24.39 1.51 0.00 0.30 427.22
1412 24.06 0.00 0.00 0.20 425.71
1413 23.46 0.00 0.00 0.70 421.99
1414 22.68 0.00 0.00 1.00 415.02
1415 23.07 0.00 0.00 0.80 415.38
1416 22.74 0.00 0.00 0.70 411.28
1417 22.70 0.00 0.00 0.90 408.62
1418 22.60 0.00 0.00 0.80 405.99
1419 22.50 0.00 0.00 1.10 403.38
1420 22.39 0.00 0.00 0.90 400.73
1421 22.29 0.00 0.00 0.30 398.09
1422 22.18 0.00 0.00 0.30 395.45
1423 22.72 46.54 88.22 0.30 396.75
1424 24.04 251.43 422.34 0.20 393.56
1425 25.53 490.74 485.93 0.40 386.33
1426 25.81 375.19 66.62 0.60 401.97
1427 25.97 389.42 19.63 0.80 399.79
1428 26.00 371.10 37.62 0.80 406.06
1429 27.00 875.61 431.84 0.80 384.76
1430 27.39 686.37 250.16 0.90 392.28
1431 27.66 683.30 370.68 0.90 386.25
1432 27.91 723.67 833.61 0.90 370.08
1433 27.69 441.38 796.02 0.90 376.32
1434 26.92 158.29 509.14 0.90 386.05
1435 26.33 6.20 0.00 0.60 386.63
1436 25.75 0.00 0.00 0.30 391.20
1437 25.16 0.00 0.00 0.40 390.26
1438 24.42 0.00 0.00 0.30 394.58
1439 23.95 0.00 0.00 0.20 397.09
1440 23.34 0.00 0.00 0.20 395.10
1441 23.37 0.00 0.00 0.30 401.03
1442 23.37 0.00 0.00 0.10 403.88
1443 23.36 0.00 0.00 0.20 402.50
1444 23.37 0.00 0.00 0.30 400.64
1445 23.37 0.00 0.00 0.30 404.97
1446 23.38 0.00 0.00 0.20 407.26
1447 23.77 22.97 0.00 0.20 412.35
1448 24.54 116.23 0.86 0.10 406.17
1449 25.39 224.41 10.68 0.40 408.39
1450 26.31 344.89 21.30 0.40 399.18
1451 27.01 389.05 19.53 0.60 400.17
1452 27.81 511.07 66.87 0.80 399.30
1453 28.15 403.91 30.47 0.80 409.60
1454 27.97 230.08 4.72 0.90 418.29
1455 27.86 237.09 5.62 0.80 418.73
1456 27.23 58.39 0.00 0.90 436.53
1457 26.62 110.69 0.00 0.80 427.67
1458 26.49 42.03 0.00 0.80 425.90
1459 26.27 2.10 0.00 0.60 425.56
1460 25.92 0.00 0.00 0.40 426.00
1461 25.78 0.00 0.00 0.60 429.14
1462 25.53 0.00 0.00 0.80 427.13
1463 25.29 0.00 0.00 0.80 425.68
1464 25.05 0.00 0.00 0.80 423.97
1465 24.13 0.00 0.00 0.60 420.82
1466 24.15 0.00 0.00 0.30 419.57
1467 23.88 0.00 0.00 0.40 419.40
1468 23.79 0.00 0.00 0.30 420.90
1469 23.59 0.00 0.00 0.40 417.93
1470 23.45 0.00 0.00 0.40 418.98
1471 23.68 18.93 0.00 0.40 419.29
1472 24.36 99.51 0.00 0.60 415.83
1473 24.85 155.85 0.00 0.30 414.49
1474 25.44 250.75 6.80 0.20 413.86
1475 25.95 288.82 1.80 0.20 410.72
1476 26.36 325.15 8.25 0.20 411.98
1477 26.56 286.40 7.14 0.20 414.74
1478 26.74 304.91 4.81 0.20 410.23
1479 26.80 264.45 3.01 0.20 406.90
1480 26.87 280.67 18.60 0.30 402.40
1481 26.66 155.31 4.88 0.60 405.69
1482 26.16 17.81 0.00 0.40 419.16
1483 25.81 1.22 0.00 0.60 417.32
1484 25.47 0.00 0.00 0.40 419.53
1485 25.12 0.00 0.00 0.40 415.59
1486 24.77 0.00 0.00 0.40 414.78
1487 24.42 0.00 0.00 0.30 411.80
1488 24.07 0.00 0.00 0.40 411.76
1489 23.86 0.00 0.00 0.30 414.01
1490 23.43 0.00 0.00 0.30 410.11
1491 23.01 0.00 0.00 0.60 407.01
1492 22.69 0.00 0.00 0.60 403.09
1493 22.37 0.00 0.00 0.30 399.19
1494 22.08 0.00 0.00 0.10 395.54
1495 22.46 48.36 99.98 0.20 395.92
1496 23.87 314.30 669.76 0.30 385.07
1497 25.32 590.19 940.72 0.40 383.90
1498 26.66 825.59 977.12 0.80 378.80
1499 27.79 993.08 974.97 0.90 375.77
1500 28.67 1092.43 972.71 1.31 376.60
1501 29.26 1104.47 959.37 1.51 380.50
1502 29.54 1032.78 953.66 1.71 383.40
1503 29.51 887.56 941.85 1.71 385.38
1504 29.11 673.02 907.24 1.71 382.12
1505 28.25 414.86 819.02 1.31 386.56
1506 27.05 150.28 569.08 1.51 391.30
1507 26.37 3.86 0.00 1.10 391.59
1508 25.68 0.00 0.00 1.10 394.87
1509 25.00 0.00 0.00 0.90 389.83
1510 24.32 0.00 0.00 0.80 390.19
1511 23.64 0.00 0.00 0.80 389.71
1512 22.95 0.00 0.00 0.90 395.04
1513 23.30 0.00 0.00 1.10 400.49
1514 23.67 0.00 0.00 1.10 403.00
1515 24.05 0.00 0.00 1.10 407.50
1516 24.26 0.00 0.00 1.10 412.51
1517 24.46 0.00 0.00 1.31 415.68
1518 24.61 0.00 0.00 1.51 419.27
1519 24.92 12.16 0.00 1.31 421.87
1520 25.46 57.69 0.00 1.10 424.14
1521 25.78 89.03 0.00 1.10 429.11
1522 26.53 167.11 1.30 0.90 427.74
1523 26.95 206.69 1.02 0.80 431.08
1524 27.46 219.76 3.17 1.10 430.90
1525 28.01 253.45 6.25 0.80 432.31
1526 28.39 254.03 5.99 0.90 433.90
1527 28.66 249.97 2.11 1.10 429.25
1528 28.73 183.19 2.31 0.90 433.03
1529 28.56 111.87 0.00 1.31 430.71
1530 28.21 41.22 0.00 1.31 434.50
1531 27.98 1.21 0.00 0.90 440.35
1532 27.80 0.00 0.00 0.80 439.10
1533 26.23 0.00 0.00 0.90 438.33
1534 26.91 0.00 0.00 1.10 439.28
1535 26.98 0.00 0.00 0.90 439.04
1536 26.94 0.00 0.00 0.80 437.62
1537 24.94 0.00 0.00 0.60 433.98
1538 25.77 0.00 0.00 0.60 439.41
1539 25.87 0.00 0.00 0.80 440.66
1540 25.74 0.00 0.00 0.80 440.51
1541 25.71 0.00 0.00 0.60 439.87
1542 25.70 0.00 0.00 0.40 441.57
1543 25.74 5.43 0.00 0.30 442.44
1544 25.82 26.18 0.00 0.40 442.19
1545 25.92 49.11 0.00 0.40 441.21
1546 25.94 68.88 0.00 0.80 441.17
1547 25.89 84.40 0.00 0.60 440.65
1548 26.05 91.75 0.00 0.80 441.74
1549 26.13 96.80 0.00 0.60 442.00
1550 26.10 94.36 0.00 0.40 441.64
1551 26.17 77.45 0.00 0.40 442.44
1552 25.92 59.05 0.00 0.40 442.17
1553 25.46 36.15 0.00 0.40 439.59
1554 23.99 13.25 0.00 0.60 431.41
1555 25.64 0.45 0.00 0.60 433.44
1556 24.58 0.00 0.00 0.60 431.03
1557 24.04 0.00 0.00 0.80 425.52
1558 24.67 0.00 0.00 0.90 425.59
1559 24.56 0.00 0.00 1.10 424.15
1560 24.74 0.00 0.00 1.31 421.83
1561 24.44 0.00 0.00 0.90 418.75
1562 23.93 0.00 0.00 0.80 414.13
1563 23.43 0.00 0.00 1.51 408.99
1564 23.09 0.00 0.00 1.31 404.91
1565 22.75 0.00 0.00 0.60 400.85
1566 22.47 0.00 0.00 0.30 397.16
1567 22.91 47.94 92.47 0.30 397.89
1568 24.30 291.56 560.04 0.40 389.22
1569 25.78 553.25 822.48 0.60 388.54
1570 27.16 782.99 867.52 0.80 386.26
1571 28.35 948.33 862.79 0.80 381.19
1572 29.29 1042.97 850.68 1.10 385.05
1573 29.93 1054.33 832.55 1.10 384.59
1574 30.27 996.51 863.92 1.51 387.44
1575 30.31 861.96 880.01 1.31 388.36
1576 29.98 658.78 871.51 1.31 389.83
1577 29.17 404.62 787.04 1.31 389.06
1578 27.99 144.91 545.06 1.31 394.45
1579 27.15 3.55 0.00 1.10 396.05
1580 26.30 0.00 0.00 0.80 395.79
1581 25.45 0.00 0.00 0.60 395.47
1582 24.60 0.00 0.00 0.40 395.45
1583 23.75 0.00 0.00 0.30 392.90
1584 22.90 0.00 0.00 0.40 393.90
1585 22.89 0.00 0.00 0.40 393.68
1586 22.88 0.00 0.00 0.20 394.04
1587 22.88 0.00 0.00 0.40 400.66
1588 22.88 0.00 0.00 0.40 401.23
1589 22.88 0.00 0.00 0.10 402.89
1590 22.88 0.00 0.00 0.30 407.86
1591 23.50 31.16 0.00 0.40 409.74
1592 24.80 162.44 65.70 0.60 404.63
1593 25.54 250.09 17.69 0.80 419.30
1594 26.47 298.48 12.72 0.80 419.95
1595 26.90 270.00 7.34 0.90 423.06
1596 27.64 440.60 40.01 0.90 419.47
1597 28.88 665.15 169.34 0.90 402.39
1598 30.07 785.17 378.36 1.10 396.68
1599 30.93 749.61 539.99 1.31 397.82
1600 31.49 689.29 806.84 1.10 396.32
1601 31.54 459.37 914.34 1.10 397.24
1602 30.79 164.42 665.15 0.90 406.31
1603 30.34 3.47 0.00 0.80 409.64
1604 29.89 0.00 0.00 0.40 413.78
1605 29.44 0.00 0.00 0.40 415.82
1606 29.00 0.00 0.00 0.30 417.33
1607 28.55 0.00 0.00 0.30 419.00
1608 28.10 0.00 0.00 0.30 419.45
1609 27.63 0.00 0.00 0.60 416.85
1610 27.15 0.00 0.00 0.60 417.68
1611 26.66 0.00 0.00 0.60 420.50
1612 26.41 0.00 0.00 0.60 421.00
1613 26.15 0.00 0.00 0.40 422.66
1614 25.98 0.00 0.00 0.60 428.70
1615 26.13 13.63 0.00 0.60 433.96
1616 26.46 82.34 0.00 0.60 435.91
1617 26.58 189.46 3.17 0.80 431.88
1618 26.49 308.22 14.26 0.60 428.89
1619 27.78 311.29 11.04 0.60 434.89
1620 28.08 286.44 7.11 0.40 432.79
1621 28.24 264.04 6.56 0.40 433.12
1622 28.33 211.80 2.41 0.40 436.12
1623 28.05 120.20 0.00 0.30 440.20
1624 27.83 55.13 0.00 0.30 443.67
1625 27.49 33.84 0.00 0.40 442.11
1626 27.27 25.94 0.00 0.40 437.47
1627 26.87 0.82 0.00 0.30 437.04
1628 26.47 0.00 0.00 0.30 432.54
1629 26.08 0.00 0.00 0.20 428.22
1630 25.68 0.00 0.00 0.20 424.79
1631 25.28 0.00 0.00 0.20 420.73
1632 24.89 0.00 0.00 0.20 415.21
1633 24.54 0.00 0.00 0.10 414.62
1634 24.13 0.00 0.00 0.10 410.00
1635 23.72 0.00 0.00 0.60 405.42
1636 23.48 0.00 0.00 0.40 404.45
1637 23.25 0.00 0.00 0.10 400.97
1638 23.07 0.00 0.00 0.10 397.86
1639 23.74 56.47 184.18 0.20 399.31
1640 25.08 274.23 574.00 0.20 393.08
1641 26.43 495.14 566.48 0.40 394.15
1642 27.96 771.87 690.53 0.40 385.31
1643 28.54 646.73 216.49 0.60 402.66
1644 28.97 677.92 190.93 0.40 401.63
1645 29.46 785.10 297.49 0.60 396.40
1646 29.77 757.98 308.17 0.80 401.23
1647 28.80 187.21 5.44 0.80 428.83
1648 27.59 98.13 0.00 0.60 439.72
1649 27.19 218.07 82.79 0.60 416.10
1650 26.67 159.47 379.71 0.60 392.63
1651 26.39 4.20 0.00 0.60 395.70
1652 26.11 0.00 0.00 0.60 399.97
1653 25.83 0.00 0.00 0.40 399.72
1654 25.56 0.00 0.00 0.30 403.68
1655 25.28 0.00 0.00 0.30 406.51
1656 24.97 0.00 0.00 0.30 411.18
1657 23.11 0.00 0.00 0.60 404.19
1658 24.45 0.00 0.00 0.60 414.89
1659 24.18 0.00 0.00 0.40 416.21
1660 24.88 0.00 0.00 0.80 423.54
1661 24.67 0.00 0.00 0.40 425.25
1662 24.79 0.00 0.00 0.40 428.53
1663 25.36 12.32 0.00 0.40 432.81
1664 25.82 60.47 0.00 0.40 430.33
1665 26.38 126.85 0.00 0.60 426.87
1666 26.74 163.07 1.27 0.60 430.42
1667 27.04 212.61 1.66 0.40 432.58
1668 27.50 190.68 3.71 0.40 432.39
1669 27.58 184.17 2.14 0.30 433.40
1670 27.79 193.33 2.30 0.20 433.61
1671 27.94 179.06 0.55 0.30 433.89
1672 27.89 124.16 0.00 0.30 434.98
1673 27.66 71.72 0.00 0.30 435.19
1674 27.25 23.83 0.00 0.20 436.23
1675 27.07 0.75 0.00 0.00 432.40
1676 26.71 0.00 0.00 0.00 427.34
1677 26.40 0.00 0.00 0.10 427.15
1678 25.98 0.00 0.00 0.00 419.22
1679 25.73 0.00 0.00 0.00 419.36
1680 25.39 0.00 0.00 0.00 415.51
1681 24.96 0.00 0.00 0.00 414.37
1682 24.35 0.00 0.00 0.00 413.17
1683 23.74 0.00 0.00 0.00 409.43
1684 23.34 0.00 0.00 0.00 405.79
1685 22.95 0.00 0.00 0.00 401.65
1686 22.63 0.00 0.00 0.00 397.98
1687 23.10 49.40 98.06 0.00 399.10
1688 24.46 286.35 516.24 0.00 391.59
1689 25.94 549.12 778.75 0.00 385.10
1690 27.35 780.93 851.77 0.00 382.09
1691 28.56 947.37 854.92 0.00 380.71
1692 29.50 1038.16 835.71 0.00 382.68
1693 30.14 1046.73 814.21 0.00 384.41
1694 30.46 977.01 814.41 0.10 387.55
1695 30.46 831.28 797.18 0.10 389.71
1696 30.06 623.42 747.23 0.10 389.25
1697 29.20 372.10 649.88 0.00 389.96
1698 28.00 126.55 429.75 0.00 398.37
1699 27.34 2.61 0.00 0.00 401.50
1700 26.68 0.00 0.00 0.00 404.48
1701 26.01 0.00 0.00 0.00 403.14
1702 25.35 0.00 0.00 0.00 405.11
1703 24.69 0.00 0.00 0.00 409.40
1704 24.03 0.00 0.00 0.00 407.75
1705 24.22 0.00 0.00 0.20 412.77
1706 24.40 0.00 0.00 0.20 415.89
1707 24.59 0.00 0.00 0.10 416.85
1708 24.68 0.00 0.00 0.10 416.46
1709 24.77 0.00 0.00 0.00 419.89
1710 24.84 0.00 0.00 0.00 423.18
1711 25.16 15.88 0.00 0.00 427.03
1712 25.69 84.27 0.00 0.20 427.00
1713 26.74 178.42 1.59 0.30 427.38
1714 27.32 207.09 2.27 0.20 431.44
1715 27.69 210.91 1.64 0.20 435.24
1716 28.09 256.66 6.29 0.20 443.13
1717 28.32 239.58 3.68 0.40 441.02
1718 28.19 219.64 3.04 0.60 448.07
1719 28.48 189.97 1.06 0.40 445.71
1720 28.50 186.59 1.21 0.40 441.31
1721 28.25 100.65 0.00 0.40 443.88
1722 27.87 40.24 0.00 0.30 442.67
1723 27.72 0.94 0.00 0.40 445.58
1724 26.62 0.00 0.00 0.40 440.59
1725 27.21 0.00 0.00 0.20 444.24
1726 27.52 0.00 0.00 0.30 442.96
1727 27.38 0.00 0.00 0.30 444.94
1728 27.38 0.00 0.00 0.20 445.52
1729 26.58 0.00 0.00 0.20 441.86
1730 26.16 0.00 0.00 0.30 440.11
1731 26.92 0.00 0.00 0.30 444.87
1732 27.12 0.00 0.00 0.30 445.47
1733 27.04 0.00 0.00 0.30 445.36
1734 27.08 0.00 0.00 0.30 446.06
1735 26.98 11.37 0.00 0.30 446.91
1736 27.55 57.31 0.00 0.20 447.15
1737 28.14 112.21 0.00 0.20 449.36
1738 28.51 147.95 0.00 0.40 451.94
1739 28.89 164.30 0.45 0.80 453.37
1740 29.18 193.19 2.43 0.80 451.98
1741 29.36 194.66 2.51 0.80 449.77
1742 29.08 188.09 2.13 0.90 450.01
1743 27.57 154.24 0.15 1.10 447.88
1744 28.96 120.47 0.00 1.10 450.76
1745 29.25 75.25 0.00 1.10 450.65
1746 29.10 29.24 0.00 1.10 449.59
1747 28.56 0.60 0.00 1.10 445.00
1748 28.30 0.00 0.00 2.01 437.95
1749 28.12 0.00 0.00 2.01 436.18
1750 27.79 0.00 0.00 1.71 435.19
1751 27.45 0.00 0.00 1.71 433.41
1752 27.11 0.00 0.00 1.71 430.33
1753 26.72 0.00 0.00 0.90 428.26
1754 26.31 0.00 0.00 0.90 424.85
1755 25.90 0.00 0.00 1.31 421.73
1756 25.69 0.00 0.00 1.51 418.65
1757 25.48 0.00 0.00 0.60 415.59
1758 25.34 0.00 0.00 0.60 412.94
1759 26.10 53.25 104.80 0.60 416.07
1760 28.32 358.04 706.65 0.60 397.13
1761 30.59 672.93 982.91 0.80 397.53
1762 32.53 896.56 1029.81 1.10 393.22
1763 34.21 1073.06 897.49 1.51 395.16
1764 34.07 580.73 119.94 1.71 426.64
1765 33.76 521.51 48.01 2.21 429.64
1766 33.29 446.40 24.13 2.61 431.86
1767 32.72 374.86 23.60 2.61 429.13
1768 32.09 303.64 27.54 3.11 428.64
1769 31.29 179.91 17.30 3.11 425.78
1770 30.39 66.95 11.77 2.61 428.41
1771 30.00 1.61 0.00 2.01 428.58
1772 29.62 0.00 0.00 1.71 426.74
1773 29.24 0.00 0.00 1.51 427.48
1774 28.86 0.00 0.00 1.51 425.00
1775 28.43 0.00 0.00 1.31 432.11
1776 27.95 0.00 0.00 0.90 429.86
1777 27.74 0.00 0.00 1.10 429.37
1778 27.37 0.00 0.00 1.10 427.81
1779 26.96 0.00 0.00 0.80 428.85
1780 26.90 0.00 0.00 0.80 432.20
1781 26.71 0.00 0.00 0.60 434.48
1782 26.58 0.00 0.00 0.60 435.73
1783 26.83 17.35 0.00 0.60 438.20
1784 27.10 54.78 0.00 0.40 437.29
1785 27.57 204.50 9.04 0.60 432.60
1786 28.67 277.52 10.39 0.90 432.43
1787 29.39 375.03 22.83 0.90 429.12
1788 29.62 281.16 6.33 0.90 435.37
1789 29.95 358.54 17.06 0.90 431.29
1790 30.20 367.38 13.53 0.80 430.31
1791 30.34 334.54 15.82 0.60 432.26
1792 30.22 216.39 7.70 0.60 435.75
1793 29.79 82.56 0.00 0.60 444.94
1794 29.32 37.11 0.00 0.80 441.45
1795 29.08 1.06 0.00 0.60 442.58
1796 28.83 0.00 0.00 0.80 442.75
1797 28.59 0.00 0.00 0.60 441.98
1798 28.34 0.00 0.00 0.40 442.68
1799 28.10 0.00 0.00 0.60 448.36
1800 27.85 0.00 0.00 0.80 448.98
1801 27.70 0.00 0.00 1.10 447.15
1802 27.62 0.00 0.00 1.71 447.92
1803 27.46 0.00 0.00 1.71 445.99
1804 27.38 0.00 0.00 1.51 445.66
1805 26.68 0.00 0.00 1.71 442.47
1806 27.12 0.00 0.00 1.31 445.54
1807 27.67 15.04 0.00 1.31 449.27
1808 28.32 85.23 0.00 1.51 447.55
1809 28.80 128.33 0.00 1.71 452.11
1810 29.12 142.59 0.00 2.01 455.60
1811 29.58 216.80 2.41 1.71 449.32
1812 30.15 301.03 4.02 1.71 447.74
1813 30.68 348.17 11.19 2.01 441.36
1814 31.07 341.78 20.68 2.01 441.13
1815 31.26 282.38 11.76 2.01 449.43
1816 31.27 207.46 4.44 2.01 450.25
1817 31.13 151.09 4.14 1.71 442.87
1818 30.79 63.29 14.73 1.51 442.47
1819 30.09 1.12 0.00 1.31 443.42
1820 29.66 0.00 0.00 1.31 440.73
1821 29.10 0.00 0.00 1.10 437.34
1822 28.54 0.00 0.00 1.31 435.08
1823 27.98 0.00 0.00 1.51 427.54
1824 27.42 0.00 0.00 1.51 423.82
1825 26.74 0.00 0.00 0.90 420.56
1826 26.02 0.00 0.00 0.90 416.24
1827 25.30 0.00 0.00 1.71 410.31
1828 24.92 0.00 0.00 1.71 407.79
1829 24.54 0.00 0.00 1.10 404.55
1830 24.27 0.00 0.00 0.80 395.48
1831 25.10 56.63 166.02 0.90 393.73
1832 26.55 249.22 351.48 1.10 393.19
1833 27.48 361.71 177.49 1.51 408.69
1834 29.48 720.76 538.64 1.51 384.15
1835 30.57 711.64 290.35 1.71 391.36
1836 32.14 1047.32 775.76 2.01 380.13
1837 32.94 905.40 514.85 2.61 389.79
1838 33.31 790.17 421.82 3.92 394.11
1839 32.93 490.95 118.99 3.52 407.10
1840 32.25 352.38 84.28 3.11 406.89
1841 31.45 256.74 180.35 3.11 401.84
1842 30.50 125.30 294.57 2.61 393.56
1843 29.93 2.38 0.00 2.61 394.62
1844 29.36 0.00 0.00 2.01 399.96
1845 28.80 0.00 0.00 2.01 402.78
1846 28.20 0.00 0.00 2.21 417.09
1847 27.67 0.00 0.00 2.21 419.61
1848 27.10 0.00 0.00 2.01 418.43
1849 26.75 0.00 0.00 2.61 418.59
1850 26.37 0.00 0.00 3.11 418.51
1851 25.91 0.00 0.00 3.11 414.52
1852 25.74 0.00 0.00 3.11 416.32
1853 25.46 0.00 0.00 2.61 416.63
1854 23.72 0.00 0.00 2.61 418.49
1855 24.85 15.85 0.00 2.21 426.48
1856 25.76 78.25 0.00 2.21 425.50
1857 26.44 139.51 0.00 2.61 423.09
1858 26.79 181.26 0.49 2.61 425.59
1859 27.03 198.00 2.34 2.61 428.08
1860 27.24 221.49 3.24 2.61 429.02
1861 27.37 217.97 3.19 2.21 430.15
1862 27.39 201.91 2.56 2.61 430.49
1863 27.45 196.64 0.78 2.61 427.09
1864 27.33 147.34 0.00 2.61 430.09
1865 27.19 94.54 0.00 2.61 423.99
1866 26.89 30.92 0.00 2.61 425.04
1867 26.73 0.52 0.00 3.11 429.45
1868 26.38 0.00 0.00 3.52 438.26
1869 26.08 0.00 0.00 3.11 438.39
1870 26.16 0.00 0.00 3.11 437.88
1871 25.63 0.00 0.00 2.01 435.72
1872 25.81 0.00 0.00 2.01 435.89
1873 25.96 0.00 0.00 1.71 431.01
1874 25.96 0.00 0.00 1.51 437.03
1875 26.06 0.00 0.00 1.71 437.36
1876 26.11 0.00 0.00 1.71 439.31
1877 26.14 0.00 0.00 1.71 439.57
1878 26.15 0.00 0.00 2.01 439.79
1879 26.43 14.77 0.00 2.01 441.64
1880 27.04 82.32 0.00 2.01 438.70
1881 27.83 180.96 2.36 2.01 437.36
1882 28.41 219.31 1.52 1.71 443.02
1883 28.86 249.62 3.59 1.51 439.92
1884 29.23 268.76 4.18 1.71 441.29
1885 29.46 256.38 6.34 1.71 446.72
1886 29.36 209.10 4.38 2.01 453.74
1887 29.36 168.95 0.40 1.71 455.67
1888 29.27 114.36 0.00 1.71 457.69
1889 28.96 82.63 0.00 1.51 454.61
1890 28.67 28.35 0.00 1.71 454.47
1891 28.46 0.51 0.00 2.21 452.93
1892 28.25 0.00 0.00 2.61 451.39
1893 27.81 0.00 0.00 2.61 449.46
1894 27.49 0.00 0.00 2.61 447.19
1895 27.06 0.00 0.00 2.61 444.27
1896 26.06 0.00 0.00 2.21 438.17
1897 27.18 0.00 0.00 2.61 444.66
1898 26.12 0.00 0.00 2.21 437.70
1899 26.66 0.00 0.00 2.21 440.97
1900 26.42 0.00 0.00 2.21 438.16
1901 26.35 0.00 0.00 2.61 437.51
1902 26.29 0.00 0.00 3.11 438.04
1903 26.60 19.75 0.00 2.61 439.85
1904 27.16 90.24 0.00 2.61 439.44
1905 27.70 155.17 0.00 2.61 442.40
1906 28.27 231.17 1.78 2.61 444.27
1907 28.57 218.13 4.58 2.61 449.60
1908 28.76 218.92 2.70 3.11 445.64
1909 29.28 381.00 27.18 3.92 438.01
1910 29.52 310.83 9.80 3.52 441.78
1911 29.62 268.82 10.48 3.52 441.23
1912 29.58 200.82 4.29 3.92 443.18
1913 29.31 113.92 0.00 3.92 444.61
1914 28.91 35.85 0.00 4.22 446.42
1915 28.44 0.65 0.00 4.72 446.49
1916 28.30 0.00 0.00 4.72 449.60
1917 27.71 0.00 0.00 4.72 445.94
1918 27.64 0.00 0.00 4.72 441.63
1919 27.38 0.00 0.00 4.72 444.00
1920 27.09 0.00 0.00 5.72 444.15
1921 26.85 0.00 0.00 7.33 441.67
1922 26.53 0.00 0.00 7.33 439.86
1923 26.01 0.00 0.00 7.33 437.85
1924 26.36 0.00 0.00 5.72 440.38
1925 26.26 0.00 0.00 7.33 439.98
1926 26.20 0.00 0.00 4.72 439.80
1927 26.46 15.27 0.00 5.72 441.70
1928 26.96 75.23 0.00 4.22 440.58
1929 27.75 189.84 3.84 4.22 439.33
1930 28.35 237.07 2.42 4.72 441.24
1931 29.06 344.79 12.54 5.72 434.48
1932 29.69 399.48 14.93 5.72 434.76
1933 29.93 338.09 15.66 5.72 447.00
1934 30.27 357.87 12.90 4.72 439.38
1935 30.39 304.77 14.87 3.92 440.00
1936 30.34 230.21 8.66 3.92 438.71
1937 29.90 72.38 0.00 3.11 445.99
1938 29.39 9.35 0.00 2.61 446.97
1939 28.86 0.48 0.00 2.21 442.54
1940 28.33 0.00 0.00 2.61 438.70
1941 27.80 0.00 0.00 2.61 435.32
1942 27.27 0.00 0.00 2.61 433.36
1943 26.74 0.00 0.00 2.01 429.85
1944 26.22 0.00 0.00 2.01 426.11
1945 25.64 0.00 0.00 1.51 424.48
1946 24.94 0.00 0.00 1.71 417.89
1947 24.24 0.00 0.00 2.21 412.49
1948 23.82 0.00 0.00 2.61 408.82
1949 23.41 0.00 0.00 2.01 402.74
1950 23.09 0.00 0.00 2.61 400.47
1951 23.74 56.09 151.18 3.11 399.93
1952 25.24 292.00 507.53 3.11 390.88
1953 26.81 541.35 734.72 3.92 388.45
1954 28.27 753.73 744.91 4.22 386.63
1955 29.53 909.57 732.96 3.92 389.80
1956 30.50 985.45 682.20 4.72 388.25
1957 31.14 980.13 633.00 4.72 390.89
1958 31.47 911.31 643.83 5.72 396.56
1959 31.50 782.52 685.44 4.72 399.04
1960 31.12 582.87 663.72 3.92 399.90
1961 30.25 336.99 556.06 3.52 404.93
1962 29.06 107.14 313.23 3.52 414.60
1963 28.22 1.11 0.00 3.52 409.78
1964 27.38 0.00 0.00 3.11 410.11
1965 26.55 0.00 0.00 2.61 407.89
1966 25.71 0.00 0.00 2.21 404.81
1967 24.87 0.00 0.00 2.01 401.51
1968 24.04 0.00 0.00 2.01 400.58
1969 23.83 0.00 0.00 2.01 397.43
1970 23.52 0.00 0.00 1.71 396.07
1971 23.21 0.00 0.00 2.21 395.95
1972 23.01 0.00 0.00 2.61 394.81
1973 22.81 0.00 0.00 1.71 394.11
1974 22.64 0.00 0.00 1.71 396.78
1975 23.36 55.21 105.47 1.71 399.94
1976 25.10 303.30 563.20 1.71 389.29
1977 26.93 570.41 823.06 2.01 387.22
1978 28.64 798.38 891.71 2.01 383.29
1979 30.13 966.09 907.09 3.11 386.78
1980 31.31 1057.82 903.67 3.52 389.30
1981 32.15 1067.79 901.70 3.52 389.94
1982 32.61 993.23 902.14 3.11 386.00
1983 32.70 837.00 872.02 3.52 390.88
1984 32.29 617.14 794.55 3.11 392.52
1985 31.35 358.43 676.74 3.11 396.72
1986 30.03 111.03 418.14 3.11 400.41
1987 29.19 0.98 0.00 2.61 399.85
1988 28.34 0.00 0.00 2.01 403.33
1989 27.50 0.00 0.00 1.71 401.71
1990 26.66 0.00 0.00 1.71 400.26
1991 25.82 0.00 0.00 1.51 393.58
1992 24.97 0.00 0.00 1.31 391.40
1993 24.61 0.00 0.00 1.31 392.64
1994 24.14 0.00 0.00 1.31 393.18
1995 23.68 0.00 0.00 1.71 394.50
1996 23.39 0.00 0.00 1.51 390.11
1997 23.11 0.00 0.00 0.90 390.35
1998 22.89 0.00 0.00 1.10 392.87
1999 23.58 53.96 76.01 0.90 395.60
2000 24.95 254.17 402.17 0.90 389.89
2001 26.33 463.16 416.42 1.31 395.79
2002 27.78 669.24 512.51 1.51 386.81
2003 28.97 798.32 541.38 2.21 387.84
2004 29.88 860.51 505.17 3.11 391.72
2005 30.46 840.29 429.14 3.11 394.18
2006 30.83 818.99 531.67 3.52 389.75
2007 30.90 700.89 496.02 3.92 392.44
2008 30.67 552.24 591.19 3.92 390.71
2009 29.95 332.56 519.85 3.52 394.35
2010 28.87 105.71 376.62 4.22 401.31
2011 28.12 0.89 0.00 2.61 400.35
2012 27.37 0.00 0.00 2.21 402.32
2013 26.62 0.00 0.00 2.01 401.41
2014 25.87 0.00 0.00 1.71 400.58
2015 25.12 0.00 0.00 1.51 396.27
2016 24.37 0.00 0.00 1.51 394.35
2017 24.10 0.00 0.00 1.31 394.65
2018 23.78 0.00 0.00 0.90 392.79
2019 23.47 0.00 0.00 1.31 395.02
2020 23.28 0.00 0.00 1.71 397.40
2021 23.09 0.00 0.00 1.31 396.03
2022 22.95 0.00 0.00 1.10 396.91
2023 23.88 59.92 162.61 1.10 402.74
2024 25.36 247.79 346.54 0.90 403.47
2025 26.95 455.15 401.18 1.10 406.75
2026 28.65 682.87 550.59 1.31 404.43
2027 29.91 762.72 427.46 1.71 405.47
2028 31.08 890.60 513.20 2.01 404.67
2029 31.77 834.14 415.35 2.21 407.15
2030 32.13 763.28 380.21 2.01 406.10
2031 32.14 623.37 309.61 2.21 403.26
2032 31.65 433.91 213.12 2.61 404.66
2033 30.84 278.34 299.91 2.01 407.14
2034 29.74 97.64 299.75 1.71 408.60
2035 29.25 0.85 0.00 1.51 407.79
2036 28.73 0.00 0.00 1.10 420.94
2037 28.26 0.00 0.00 1.10 423.54
2038 27.77 0.00 0.00 0.80 422.48
2039 27.27 0.00 0.00 0.90 421.42
2040 26.71 0.00 0.00 0.90 418.39
2041 26.55 0.00 0.00 0.90 420.91
2042 26.32 0.00 0.00 0.90 421.46
2043 26.09 0.00 0.00 0.90 423.88
2044 25.97 0.00 0.00 1.10 424.76
2045 25.86 0.00 0.00 1.10 427.28
2046 25.78 0.00 0.00 1.10 428.28
2047 25.87 14.01 0.00 1.10 426.93
2048 26.19 70.81 0.00 1.10 428.92
2049 26.89 135.93 0.00 1.31 426.53
2050 27.62 264.97 9.45 1.10 424.77
2051 28.27 334.79 21.00 1.10 422.52
2052 28.80 374.14 18.89 1.31 423.81
2053 29.39 472.22 49.82 1.31 418.77
2054 29.49 291.18 3.84 1.31 425.37
2055 29.51 259.62 8.38 1.31 425.99
2056 29.11 91.83 0.00 0.90 431.48
2057 28.65 47.11 0.00 1.10 443.96
2058 27.63 27.57 0.00 0.90 437.79
2059 27.99 0.27 0.00 1.10 436.52
2060 27.79 0.00 0.00 0.90 442.41
2061 27.55 0.00 0.00 0.80 439.80
2062 27.32 0.00 0.00 0.80 438.90
2063 27.08 0.00 0.00 0.60 440.57
2064 26.77 0.00 0.00 0.90 435.15
2065 26.62 0.00 0.00 0.80 440.07
2066 26.37 0.00 0.00 0.40 440.89
2067 26.08 0.00 0.00 0.40 437.98
2068 25.99 0.00 0.00 0.30 438.58
2069 25.85 0.00 0.00 0.30 437.78
2070 25.75 0.00 0.00 0.30 437.21
2071 25.49 15.72 0.00 0.20 435.64
2072 26.78 110.44 0.00 0.20 430.24
2073 27.62 215.56 9.19 0.10 429.67
2074 28.05 219.71 4.62 0.10 435.07
2075 28.83 375.57 23.10 0.10 423.62
2076 29.54 444.40 42.11 0.20 420.73
2077 29.52 232.17 5.06 0.20 431.32
2078 29.51 241.27 5.54 0.20 428.05
2079 29.53 255.38 2.88 0.20 426.11
2080 29.46 220.63 7.49 0.20 425.34
2081 29.24 158.46 10.63 0.20 424.06
2082 28.76 39.11 0.00 0.20 430.35
2083 28.43 0.47 0.00 0.20 430.41
2084 28.10 0.00 0.00 0.20 434.26
2085 27.74 0.00 0.00 0.20 433.86
2086 27.44 0.00 0.00 0.30 437.12
2087 27.02 0.00 0.00 0.20 430.71
2088 26.60 0.00 0.00 0.30 429.49
2089 26.53 0.00 0.00 0.30 426.39
2090 26.29 0.00 0.00 0.30 431.44
2091 25.99 0.00 0.00 0.40 430.62
2092 26.02 0.00 0.00 0.40 435.37
2093 25.68 0.00 0.00 0.30 433.39
2094 25.73 0.00 0.00 0.20 432.79
2095 26.14 21.52 0.00 0.30 436.66
2096 26.88 119.77 0.15 0.30 429.63
2097 27.67 227.82 11.89 0.30 432.50
2098 28.22 269.60 9.99 0.30 433.35
2099 28.60 284.39 6.96 0.40 438.88
2100 28.81 273.87 6.77 0.30 443.12
2101 28.84 218.34 5.06 0.20 446.12
2102 28.82 199.34 2.47 0.30 450.20
2103 28.75 182.04 0.87 0.20 448.15
2104 28.48 99.09 0.00 0.10 451.79
2105 28.17 66.17 0.00 0.10 448.57
2106 27.83 25.49 0.00 0.10 446.18
2107 27.52 0.19 0.00 0.10 444.22
2108 27.20 0.00 0.00 0.10 440.52
2109 26.89 0.00 0.00 0.20 439.53
2110 26.58 0.00 0.00 0.20 440.96
2111 25.27 0.00 0.00 0.20 433.58
2112 25.57 0.00 0.00 0.20 435.50
2113 25.70 0.00 0.00 0.30 436.30
2114 24.52 0.00 0.00 0.30 428.76
2115 25.05 0.00 0.00 0.30 431.04
2116 24.84 0.00 0.00 0.30 429.66
2117 24.55 0.00 0.00 0.30 428.89
2118 24.77 0.00 0.00 0.30 429.18
2119 24.98 17.39 0.00 0.30 430.50
2120 25.63 93.43 0.00 0.40 429.40
2121 26.44 215.69 12.04 0.60 428.04
2122 26.84 214.27 1.81 0.40 435.06
2123 27.25 283.90 6.94 0.30 432.11
2124 27.69 324.69 10.25 0.20 430.86
2125 27.82 255.13 3.36 0.30 434.65
2126 27.71 171.22 1.29 0.20 439.66
2127 27.66 182.42 0.88 0.20 438.76
2128 27.57 164.81 0.03 0.20 437.38
2129 27.32 96.28 0.00 0.40 440.56
2130 26.95 19.70 0.00 0.40 446.06
2131 26.58 0.19 0.00 0.40 441.69
2132 26.20 0.00 0.00 0.30 435.93
2133 25.83 0.00 0.00 0.20 433.77
2134 25.45 0.00 0.00 0.10 430.22
2135 25.07 0.00 0.00 0.10 427.01
2136 24.70 0.00 0.00 0.20 422.85
2137 24.35 0.00 0.00 0.00 416.31
2138 23.90 0.00 0.00 0.00 412.78
2139 23.41 0.00 0.00 0.40 408.05
2140 23.09 0.00 0.00 0.60 404.33
2141 22.76 0.00 0.00 0.20 400.63
2142 22.49 0.00 0.00 0.20 397.28
2143 23.05 56.90 142.67 0.20 398.95
2144 24.35 288.74 538.04 0.20 394.53
2145 25.68 530.14 677.76 0.30 395.56
2146 26.93 739.13 694.64 0.40 392.48
2147 28.00 893.77 693.25 0.80 394.49
2148 28.83 972.75 666.80 1.10 390.74
2149 29.38 978.37 661.83 1.31 391.80
2150 29.67 920.74 716.46 1.51 391.38
2151 29.67 789.11 760.37 1.71 390.63
2152 29.28 581.90 732.89 1.71 390.01
2153 28.46 341.29 649.78 1.51 392.96
2154 27.33 105.50 418.82 2.01 396.76
2155 26.61 0.00 0.00 1.71 401.90
2156 25.89 0.00 0.00 1.51 401.91
2157 25.16 0.00 0.00 1.31 401.18
2158 24.44 0.00 0.00 1.10 401.45
2159 23.72 0.00 0.00 1.10 398.24
2160 23.00 0.00 0.00 1.10 397.92
2161 23.44 0.00 0.00 0.71 405.19
2162 23.48 0.00 0.00 0.51 408.32
2163 23.53 0.00 0.00 0.51 408.86
2164 23.54 0.00 0.00 0.51 411.49
2165 23.55 0.00 0.00 0.51 408.68
2166 23.54 0.00 0.00 0.51 409.11
2167 24.15 30.86 0.00 0.51 413.85
2168 24.08 26.58 0.00 0.91 428.13
2169 27.84 576.35 578.60 0.51 389.03
2170 29.40 517.58 342.76 0.51 409.13
2171 29.01 200.34 7.94 0.71 432.96
2172 29.15 319.62 4.34 0.71 425.00
2173 29.17 292.65 6.62 0.51 424.91
2174 29.74 511.50 101.58 0.41 409.59
2175 29.45 198.64 14.20 0.20 423.95
2176 29.76 458.79 278.46 0.10 401.47
2177 29.66 292.46 363.69 0.10 396.46
2178 29.01 110.08 301.56 0.10 407.52
2179 28.59 0.00 0.00 0.20 412.89
2180 28.33 0.00 0.00 0.20 417.03
2181 27.92 0.00 0.00 0.20 413.79
2182 27.62 0.00 0.00 0.20 417.67
2183 27.08 0.00 0.00 0.41 413.65
2184 26.38 0.00 0.00 0.41 415.42
2185 26.69 0.00 0.00 0.41 419.45
2186 26.46 0.00 0.00 0.41 420.59
2187 25.90 0.00 0.00 0.41 419.62
2188 25.36 0.00 0.00 0.51 418.80
2189 25.96 0.00 0.00 0.91 421.78
2190 25.84 0.00 0.00 0.91 423.53
2191 26.18 14.97 0.00 0.91 431.50
2192 26.79 88.85 0.00 0.91 426.11
2193 27.33 153.19 0.00 0.91 428.73
2194 27.86 210.76 0.91 0.91 422.13
2195 28.27 239.77 3.39 0.91 424.60
2196 28.66 284.75 7.06 0.91 424.91
2197 28.69 254.17 6.23 1.11 437.49
2198 27.18 219.20 4.73 1.11 436.17
2199 28.40 163.19 0.44 1.11 443.21
2200 28.74 145.26 0.00 1.11 439.14
2201 28.54 85.61 0.00 1.42 438.92
2202 28.13 29.33 0.00 1.42 439.22
2203 27.65 0.00 0.00 1.11 435.79
2204 27.37 0.00 0.00 1.11 438.20
2205 26.95 0.00 0.00 1.11 435.70
2206 26.53 0.00 0.00 1.42 433.97
2207 26.11 0.00 0.00 1.72 432.97
2208 25.45 0.00 0.00 1.72 430.85
2209 25.28 0.00 0.00 1.72 427.63
2210 24.79 0.00 0.00 1.72 426.45
2211 24.43 0.00 0.00 2.23 425.79
2212 24.20 0.00 0.00 2.23 425.68
2213 23.96 0.00 0.00 2.74 424.25
2214 23.79 0.00 0.00 2.23 423.23
2215 23.64 19.65 0.00 1.72 422.32
2216 24.55 92.02 0.00 1.72 423.17
2217 25.21 194.95 4.72 2.23 423.13
2218 25.62 223.57 2.06 1.72 426.08
2219 25.98 313.00 10.25 1.72 426.80
2220 26.34 313.63 7.91 1.72 428.33
2221 26.60 281.07 6.97 2.23 428.16
2222 26.58 232.91 5.22 1.72 433.81
2223 26.51 205.22 0.86 2.23 433.00
2224 26.36 141.00 0.00 1.42 430.60
2225 25.71 62.09 0.00 1.42 436.73
2226 25.39 17.88 0.00 1.42 436.99
2227 24.73 0.00 0.00 1.72 431.76
2228 23.64 0.00 0.00 2.23 424.27
2229 24.97 0.00 0.00 2.23 431.29
2230 24.77 0.00 0.00 2.23 428.97
2231 24.56 0.00 0.00 2.23 426.66
2232 24.35 0.00 0.00 1.72 424.36
2233 24.32 0.00 0.00 2.23 423.22
2234 24.32 0.00 0.00 2.23 422.20
2235 24.31 0.00 0.00 2.23 421.18
2236 24.32 0.00 0.00 2.74 420.25
2237 24.33 0.00 0.00 2.23 419.32
2238 24.34 0.00 0.00 2.23 418.41
2239 24.99 37.90 0.00 2.23 421.99
2240 26.61 228.73 212.15 2.23 408.91
2241 27.79 342.63 118.72 2.23 411.11
2242 28.57 434.50 97.91 1.72 423.12
2243 29.24 402.34 29.15 1.42 430.50
2244 29.63 431.70 27.79 0.91 433.07
2245 30.42 607.46 131.60 1.11 412.56
2246 30.46 367.31 29.95 1.11 425.75
2247 30.10 235.53 2.38 1.42 429.23
2248 29.72 204.38 6.96 1.11 423.73
2249 28.37 25.46 0.00 1.42 448.07
2250 28.18 10.63 0.00 1.42 444.67
2251 27.90 0.00 0.00 1.72 440.74
2252 27.51 0.00 0.00 1.42 436.49
2253 27.12 0.00 0.00 1.42 431.55
2254 26.72 0.00 0.00 1.42 427.87
2255 26.33 0.00 0.00 2.23 426.51
2256 25.94 0.00 0.00 1.72 421.94
2257 25.45 0.00 0.00 1.11 419.60
2258 24.86 0.00 0.00 1.11 417.54
2259 24.26 0.00 0.00 1.72 411.45
2260 23.90 0.00 0.00 1.72 408.35
2261 23.55 0.00 0.00 0.71 402.27
2262 23.27 0.00 0.00 0.71 398.53
2263 24.09 60.70 168.88 0.51 400.35
2264 25.32 234.89 274.68 0.51 402.01
2265 26.96 489.98 497.61 0.91 393.35
2266 28.49 688.18 561.68 1.11 388.81
2267 29.71 799.95 490.30 1.42 396.13
2268 30.73 899.34 544.98 2.23 397.53
2269 31.37 868.83 523.87 3.34 399.81
2270 31.69 802.78 536.18 3.34 405.62
2271 31.71 681.91 525.20 4.15 408.46
2272 31.32 507.22 476.89 5.37 407.73
2273 30.45 285.06 409.28 3.34 409.62
2274 29.25 76.78 187.55 2.74 419.17
2275 28.75 0.00 0.00 1.72 423.12
2276 28.25 0.00 0.00 1.42 422.79
2277 27.74 0.00 0.00 1.11 422.00
2278 27.24 0.00 0.00 0.91 421.74
2279 26.74 0.00 0.00 1.11 420.79
2280 26.23 0.00 0.00 1.11 421.16
2281 26.27 0.00 0.00 1.42 416.52
2282 26.29 0.00 0.00 1.11 422.64
2283 26.37 0.00 0.00 0.91 432.61
2284 26.25 0.00 0.00 0.91 437.16
2285 26.33 0.00 0.00 0.71 439.65
2286 26.41 0.00 0.00 0.71 442.11
2287 26.61 10.44 0.00 0.71 445.36
2288 27.04 47.28 0.00 0.51 446.09
2289 27.41 83.63 0.00 0.41 447.85
2290 27.67 113.49 0.00 0.51 449.33
2291 27.76 124.00 0.00 0.41 451.51
2292 28.02 137.01 0.00 0.20 449.76
2293 27.96 142.52 0.29 0.41 449.54
2294 26.81 121.86 0.00 0.41 446.06
2295 26.51 117.83 0.00 0.41 443.20
2296 27.52 85.98 0.00 0.20 446.81
2297 28.22 49.55 0.00 0.20 447.47
2298 26.91 16.37 0.00 0.41 446.00
2299 27.39 0.00 0.00 0.41 447.79
2300 25.66 0.00 0.00 0.51 439.97
2301 27.09 0.00 0.00 0.51 447.47
2302 26.91 0.00 0.00 0.41 447.80
2303 26.19 0.00 0.00 0.51 443.51
2304 26.10 0.00 0.00 0.41 441.65
2305 26.19 0.00 0.00 0.41 443.06
2306 25.61 0.00 0.00 0.20 437.99
2307 25.04 0.00 0.00 0.10 436.91
2308 24.72 0.00 0.00 0.10 435.09
2309 24.41 0.00 0.00 0.10 433.28
2310 24.18 0.00 0.00 0.20 432.04
2311 24.25 7.48 0.00 0.20 432.71
2312 24.70 68.21 0.00 0.20 428.83
2313 25.15 127.81 0.00 0.20 425.91
2314 25.57 182.69 1.03 0.41 425.26
2315 26.44 375.52 20.42 0.51 412.55
2316 26.83 313.96 4.24 0.51 420.44
2317 26.91 233.34 5.05 0.51 429.17
2318 27.42 473.66 72.45 0.41 417.63
2319 27.71 390.26 34.21 0.41 416.60
2320 27.78 315.21 70.78 0.20 421.27
2321 27.63 210.29 94.86 0.10 419.12
2322 27.16 63.85 70.71 0.10 422.52
2323 26.78 0.00 0.00 0.10 425.59
2324 26.30 0.00 0.00 0.10 426.72
2325 25.46 0.00 0.00 0.20 422.88
2326 25.98 0.00 0.00 0.20 427.67
2327 25.91 0.00 0.00 0.20 427.68
2328 25.64 0.00 0.00 0.10 427.16
2329 25.63 0.00 0.00 0.10 424.91
2330 25.68 0.00 0.00 0.10 430.67
2331 25.76 0.00 0.00 0.10 433.66
2332 25.78 0.00 0.00 0.10 435.23
2333 25.77 0.00 0.00 0.20 435.44
2334 25.80 0.00 0.00 0.20 438.38
2335 26.06 12.99 0.00 0.41 441.54
2336 26.42 49.57 0.00 0.20 440.96
2337 26.75 95.40 0.00 0.20 440.64
2338 27.15 149.22 0.02 0.20 440.69
2339 26.95 160.70 0.42 0.41 441.46
2340 27.62 157.74 1.07 0.20 443.51
2341 27.88 158.71 1.12 0.20 438.89
2342 27.18 147.48 0.44 0.20 441.69
2343 27.60 130.01 0.00 0.41 443.37
2344 27.80 98.43 0.00 0.51 443.09
2345 27.91 61.90 0.00 0.51 439.43
2346 27.65 16.96 0.00 0.51 442.70
2347 27.07 0.00 0.00 0.41 441.01
2348 25.13 0.00 0.00 0.41 432.37
2349 26.42 0.00 0.00 0.41 432.84
2350 25.22 0.00 0.00 0.41 428.23
2351 26.09 0.00 0.00 0.41 425.32
2352 25.96 0.00 0.00 0.51 422.16
2353 25.50 0.00 0.00 0.10 425.75
2354 24.89 0.00 0.00 0.10 420.57
2355 24.28 0.00 0.00 0.41 415.15
2356 23.92 0.00 0.00 0.20 411.31
2357 23.56 0.00 0.00 0.00 407.49
2358 23.28 0.00 0.00 0.00 404.21
2359 23.97 56.17 112.88 0.00 406.86
2360 24.74 180.02 65.22 0.00 411.16
2361 25.52 305.08 73.03 0.10 413.39
2362 26.44 469.48 135.58 0.10 406.19
2363 27.70 731.67 339.40 0.41 394.37
2364 28.75 834.30 468.05 0.51 395.08
2365 29.54 874.70 517.85 0.51 393.84
2366 29.99 804.55 530.85 0.20 397.36
2367 30.16 710.92 590.44 0.41 398.04
2368 29.87 479.09 386.81 0.41 401.97
2369 29.25 315.48 564.60 0.20 401.96
2370 28.25 87.17 357.21 0.41 410.40
2371 27.65 0.00 0.00 0.10 412.71
2372 27.04 0.00 0.00 0.10 415.62
2373 26.44 0.00 0.00 0.00 415.90
2374 25.83 0.00 0.00 0.00 417.51
2375 25.23 0.00 0.00 0.00 419.57
2376 24.62 0.00 0.00 0.00 419.54
2377 24.57 0.00 0.00 0.20 421.69
2378 24.59 0.00 0.00 0.20 424.34
2379 24.61 0.00 0.00 0.10 427.02
2380 24.66 0.00 0.00 0.20 429.88
2381 24.71 0.00 0.00 0.20 432.38
2382 24.77 0.00 0.00 0.20 431.14
2383 24.96 5.95 0.00 0.41 434.56
2384 25.23 26.77 0.00 0.41 432.98
2385 25.50 47.94 0.00 0.41 432.20
2386 25.63 65.83 0.00 0.20 431.51
2387 25.99 78.61 0.00 0.20 432.38
2388 26.30 142.71 1.89 0.10 428.70
2389 29.35 1177.53 776.82 0.20 374.40
2390 31.21 999.90 930.74 0.10 382.01
2391 32.26 798.38 718.55 0.10 388.31
2392 31.67 272.12 55.27 0.10 431.05
2393 31.45 136.58 6.53 0.41 448.99
2394 30.82 55.85 70.15 0.71 441.58
2395 30.36 0.00 0.00 0.71 437.78
2396 29.90 0.00 0.00 0.91 433.99
2397 29.45 0.00 0.00 0.91 430.22
2398 28.99 0.00 0.00 0.91 426.46
2399 28.53 0.00 0.00 0.91 422.73
2400 28.07 0.00 0.00 1.11 419.01
2401 27.23 0.00 0.00 0.91 412.98
2402 26.29 0.00 0.00 0.71 407.20
2403 25.35 0.00 0.00 1.11 403.24
2404 24.83 0.00 0.00 1.11 398.84
2405 24.31 0.00 0.00 0.71 394.84
2406 23.94 0.00 0.00 0.71 391.99
2407 24.97 71.30 272.93 0.91 397.75
2408 26.91 328.14 709.87 0.91 392.57
2409 28.93 600.16 876.61 1.11 393.89
2410 30.61 780.37 753.82 1.42 392.46
2411 31.57 778.74 432.63 2.74 399.79
2412 31.70 598.37 151.66 3.34 414.92
2413 32.33 846.27 439.56 4.15 402.18
2414 33.02 972.62 837.77 3.34 396.95
2415 33.32 847.82 890.63 6.59 399.77
2416 32.94 541.34 587.29 5.37 409.83
2417 32.14 349.14 731.51 6.59 406.26
2418 30.89 96.15 451.76 4.15 414.80
2419 30.30 0.00 0.00 4.15 420.39
2420 29.72 0.00 0.00 3.34 423.18
2421 29.13 0.00 0.00 3.34 424.93
2422 28.54 0.00 0.00 2.74 423.64
2423 27.96 0.00 0.00 1.72 423.51
2424 27.37 0.00 0.00 1.72 424.14
2425 27.25 0.00 0.00 2.23 426.49
2426 27.15 0.00 0.00 2.74 427.37
2427 27.05 0.00 0.00 2.74 430.72
2428 27.00 0.00 0.00 2.74 432.94
2429 26.84 0.00 0.00 2.74 435.04
2430 26.69 0.00 0.00 2.74 437.26
2431 27.10 25.34 0.00 2.74 442.13
2432 28.18 110.54 0.00 2.74 443.45
2433 28.74 146.51 0.00 2.74 450.28
2434 29.07 161.85 0.45 2.74 454.70
2435 29.07 99.47 0.00 2.74 460.54
2436 29.10 127.21 0.00 2.74 459.38
2437 29.40 256.89 5.68 2.74 449.13
2438 29.53 312.97 21.28 2.23 449.35
2439 29.42 370.87 35.90 2.74 441.66
2440 30.71 349.97 129.28 3.34 438.10
2441 30.95 257.11 273.18 3.34 433.11
2442 30.56 46.05 21.64 2.74 450.79
2443 29.99 0.00 0.00 3.34 448.72
2444 29.50 0.00 0.00 4.15 446.80
2445 28.97 0.00 0.00 4.15 443.88
2446 28.43 0.00 0.00 4.15 439.60
2447 27.90 0.00 0.00 4.15 435.34
2448 27.37 0.00 0.00 4.15 431.10
2449 26.77 0.00 0.00 2.74 426.47
2450 26.12 0.00 0.00 2.23 421.59
2451 25.48 0.00 0.00 3.34 416.73
2452 25.14 0.00 0.00 2.23 413.76
2453 24.79 0.00 0.00 0.91 410.79
2454 24.55 0.00 0.00 0.91 408.78
2455 25.45 63.39 139.56 1.42 413.71
2456 27.37 324.79 620.48 1.11 401.98
2457 29.30 591.70 862.32 1.42 396.14
2458 31.16 834.16 974.46 1.42 393.01
2459 32.79 1012.82 857.24 1.72 395.35
2460 32.83 599.77 155.39 2.23 421.67
2461 32.78 568.79 81.62 2.23 420.22
2462 32.44 477.85 42.35 3.34 427.44
2463 31.79 346.62 24.29 4.15 430.49
2464 31.10 281.66 30.76 4.15 428.80
2465 30.22 146.93 11.84 5.37 431.61
2466 29.24 40.22 0.00 4.15 435.22
2467 28.81 0.00 0.00 3.34 438.05
2468 28.38 0.00 0.00 2.23 434.47
2469 27.89 0.00 0.00 1.72 434.58
2470 27.51 0.00 0.00 2.23 435.71
2471 27.07 0.00 0.00 1.72 432.45
2472 26.64 0.00 0.00 2.74 429.98
2473 26.42 0.00 0.00 3.34 431.36
2474 26.19 0.00 0.00 3.34 425.68
2475 26.00 0.00 0.00 2.74 427.81
2476 25.90 0.00 0.00 2.74 424.32
2477 25.80 0.00 0.00 2.74 424.41
2478 25.74 0.00 0.00 2.23 423.73
2479 26.28 31.35 0.00 1.72 425.59
2480 26.83 94.51 0.00 1.72 421.61
2481 28.62 375.76 196.55 1.42 408.35
2482 30.66 641.03 432.25 1.42 400.65
2483 32.38 788.22 473.85 1.42 400.35
2484 32.48 498.60 68.73 1.42 434.09
2485 32.80 471.82 55.76 1.72 447.84
2486 31.88 145.34 1.10 1.72 463.37
2487 31.67 301.70 28.55 1.72 448.76
2488 31.82 421.69 247.79 1.72 418.11
2489 31.60 286.34 434.05 1.42 408.58
2490 30.87 65.72 200.61 1.11 418.33
2491 30.27 0.00 0.00 1.11 421.86
2492 29.68 0.00 0.00 1.42 420.19
2493 29.08 0.00 0.00 1.11 415.07
2494 28.48 0.00 0.00 1.11 417.51
2495 27.89 0.00 0.00 1.11 414.85
2496 27.29 0.00 0.00 1.11 412.17
2497 26.64 0.00 0.00 0.71 410.87
2498 25.97 0.00 0.00 0.51 407.14
2499 25.29 0.00 0.00 1.11 403.99
2500 24.93 0.00 0.00 1.11 405.20
2501 24.58 0.00 0.00 0.51 402.99
2502 24.33 0.00 0.00 0.51 407.13
2503 25.29 62.68 176.03 0.41 408.86
2504 27.01 283.68 493.60 0.71 404.04
2505 28.76 511.31 597.09 0.91 404.90
2506 30.38 704.49 647.56 1.11 403.72
2507 31.77 839.54 604.90 1.72 405.58
2508 32.90 918.97 582.26 2.23 408.29
2509 33.68 912.89 623.74 2.23 406.56
2510 34.11 838.85 597.02 2.23 408.61
2511 34.21 709.86 619.31 2.74 407.51
2512 33.79 500.15 547.48 2.23 408.45
2513 32.90 277.92 439.78 1.72 411.10
2514 31.67 63.14 178.78 1.72 423.74
2515 31.09 0.00 0.00 1.11 428.66
2516 30.51 0.00 0.00 0.71 426.02
2517 29.93 0.00 0.00 0.71 424.57
2518 29.35 0.00 0.00 0.51 424.07
2519 28.77 0.00 0.00 0.51 424.39
2520 28.19 0.00 0.00 0.51 422.17
2521 27.78 0.00 0.00 0.91 421.78
2522 27.35 0.00 0.00 0.71 418.36
2523 26.92 0.00 0.00 0.71 418.42
2524 26.70 0.00 0.00 0.91 415.70
2525 26.48 0.00 0.00 0.91 414.13
2526 26.33 0.00 0.00 0.91 410.97
2527 27.15 45.51 30.98 0.71 416.42
2528 28.77 225.33 160.57 0.71 408.65
2529 30.45 415.76 247.60 0.71 411.55
2530 29.84 96.19 0.00 0.71 439.28
2531 30.50 390.21 23.89 0.91 437.16
2532 30.95 396.16 22.89 0.71 442.92
2533 31.38 480.93 60.79 0.71 440.60
2534 32.44 682.19 255.98 0.91 416.08
2535 33.37 807.17 800.69 0.91 395.55
2536 33.63 544.29 672.14 0.51 404.32
2537 33.38 325.18 723.21 0.41 404.81
2538 32.55 83.12 388.33 0.51 410.05
2539 31.73 0.00 0.00 0.51 417.53
2540 30.91 0.00 0.00 0.51 415.53
2541 30.08 0.00 0.00 0.41 414.75
2542 29.26 0.00 0.00 0.51 414.53
2543 28.43 0.00 0.00 0.71 409.85
2544 27.61 0.00 0.00 1.11 407.85
2545 26.85 0.00 0.00 0.51 405.10
2546 25.96 0.00 0.00 0.71 401.52
2547 25.08 0.00 0.00 0.91 398.72
2548 24.58 0.00 0.00 0.71 395.71
2549 24.08 0.00 0.00 0.20 396.69
2550 23.71 0.00 0.00 0.20 397.24
2551 24.55 63.56 182.85 0.20 398.31
2552 26.19 297.15 549.61 0.10 388.73
2553 27.83 530.20 679.42 0.41 390.09
2554 29.35 733.27 705.45 0.20 386.34
2555 30.65 876.15 695.32 0.71 385.69
2556 31.66 948.49 677.19 1.11 388.20
2557 32.35 948.01 674.98 1.11 392.66
2558 32.71 883.14 716.51 1.11 392.49
2559 32.72 736.12 712.09 1.11 394.88
2560 32.25 532.24 670.72 1.11 397.59
2561 31.29 293.66 540.30 0.91 401.63
2562 29.98 62.90 172.79 0.91 416.90
2563 29.26 0.00 0.00 0.71 419.04
2564 28.54 0.00 0.00 0.51 420.07
2565 27.82 0.00 0.00 0.41 419.53
2566 27.09 0.00 0.00 0.20 419.67
2567 26.37 0.00 0.00 0.20 416.32
2568 25.65 0.00 0.00 0.41 417.35
2569 25.49 0.00 0.00 0.71 418.85
2570 25.36 0.00 0.00 0.51 418.03
2571 25.23 0.00 0.00 0.51 423.35
2572 25.17 0.00 0.00 0.51 426.84
2573 25.11 0.00 0.00 0.51 431.31
2574 25.08 0.00 0.00 0.51 433.70
2575 25.39 16.43 0.00 0.71 436.61
2576 25.65 43.93 0.00 0.91 435.57
2577 26.47 168.40 1.22 1.11 427.68
2578 26.57 95.07 0.00 1.42 432.48
2579 27.58 364.34 33.06 1.42 417.11
2580 28.82 559.10 106.41 1.11 413.26
2581 29.83 607.29 148.69 0.91 413.51
2582 30.12 387.16 23.55 0.71 426.42
2583 30.17 296.67 13.59 0.91 430.48
2584 29.98 209.03 7.48 0.71 431.68
2585 29.20 96.84 0.00 0.51 443.62
2586 28.09 12.06 0.00 0.51 447.21
2587 28.38 0.00 0.00 0.51 445.84
2588 28.05 0.00 0.00 0.51 446.17
2589 27.54 0.00 0.00 0.41 443.02
2590 26.98 0.00 0.00 0.41 435.58
2591 26.68 0.00 0.00 0.51 433.54
2592 26.26 0.00 0.00 0.71 429.34
2593 25.74 0.00 0.00 0.91 428.26
2594 24.88 0.00 0.00 0.91 421.96
2595 24.42 0.00 0.00 1.11 415.35
2596 24.27 0.00 0.00 1.11 415.10
2597 23.96 0.00 0.00 1.11 414.17
2598 23.74 0.00 0.00 1.42 412.37
2599 24.27 42.98 10.17 1.42 413.17
2600 25.26 197.05 94.32 1.42 403.95
2601 26.07 310.19 80.05 1.72 406.74
2602 26.57 345.52 25.56 1.72 402.18
2603 27.22 482.69 72.82 1.72 400.19
2604 27.74 525.40 81.85 1.72 399.50
2605 27.83 385.98 30.78 1.72 407.51
2606 27.70 293.63 9.64 1.42 412.06
2607 26.69 240.51 6.19 1.42 422.99
2608 26.78 74.86 0.00 1.11 432.75
2609 26.26 25.85 0.00 0.91 432.67
2610 25.74 19.59 0.00 0.91 424.06
2611 25.52 0.00 0.00 0.91 422.94
2612 25.24 0.00 0.00 0.91 422.97
2613 24.96 0.00 0.00 0.91 420.46
2614 24.68 0.00 0.00 0.91 420.04
2615 24.41 0.00 0.00 0.91 419.01
2616 24.13 0.00 0.00 1.11 418.06
2617 23.96 0.00 0.00 1.11 419.38
2618 23.94 0.00 0.00 0.91 421.31
2619 23.83 0.00 0.00 1.42 417.51
2620 23.81 0.00 0.00 1.72 421.67
2621 23.77 0.00 0.00 1.72 422.02
2622 23.74 0.00 0.00 1.42 420.81
2623 23.99 12.52 0.00 1.42 423.26
2624 26.46 267.06 262.65 1.72 397.68
2625 25.47 53.59 0.00 2.23 429.78
2626 26.98 338.65 46.27 2.23 416.47
2627 26.53 77.91 0.00 2.74 433.41
2628 26.77 177.75 6.26 1.72 429.43
2629 28.51 782.23 333.97 1.72 405.50
2630 29.72 741.93 397.22 1.72 395.38
2631 29.94 404.31 75.24 1.42 407.27
2632 29.61 215.84 35.04 1.42 417.28
2633 29.69 332.56 589.46 1.42 387.04
2634 29.08 84.72 352.83 1.42 399.84
2635 28.59 0.00 0.00 1.11 400.48
2636 28.10 0.00 0.00 1.11 399.00
2637 27.61 0.00 0.00 1.42 399.88
2638 27.12 0.00 0.00 1.42 399.01
2639 26.63 0.00 0.00 1.72 398.59
2640 26.14 0.00 0.00 1.42 397.60
2641 25.62 0.00 0.00 0.91 395.80
2642 25.04 0.00 0.00 0.71 394.19
2643 24.46 0.00 0.00 1.42 396.15
2644 24.14 0.00 0.00 1.42 398.47
2645 23.83 0.00 0.00 0.41 399.21
2646 23.59 0.00 0.00 0.41 397.98
2647 24.34 59.32 150.19 0.51 403.19
2648 25.61 254.04 293.42 0.51 396.94
2649 25.89 232.85 30.42 0.71 415.88
2650 27.09 551.80 269.93 0.91 398.24
2651 28.06 652.36 246.54 1.42 399.30
2652 28.90 745.21 315.82 1.42 397.70
2653 29.41 711.79 291.14 2.23 397.86
2654 29.70 661.04 270.34 2.23 394.89
2655 29.46 411.82 82.23 2.23 404.48
2656 28.68 163.10 0.23 2.74 416.43
2657 27.90 101.17 0.00 2.74 414.28
2658 27.06 6.12 0.00 2.23 424.36
2659 26.63 0.00 0.00 1.72 435.55
2660 26.15 0.00 0.00 1.11 432.07
2661 25.89 0.00 0.00 0.91 429.96
2662 25.53 0.00 0.00 0.91 430.70
2663 25.14 0.00 0.00 0.71 427.77
2664 24.76 0.00 0.00 0.51 426.84
2665 22.66 0.00 0.00 0.91 420.74
2666 23.66 0.00 0.00 0.91 422.20
2667 24.30 0.00 0.00 0.91 422.31
2668 24.30 0.00 0.00 1.11 421.62
2669 23.91 0.00 0.00 0.91 422.55
2670 24.05 0.00 0.00 0.91 422.99
2671 24.57 18.52 0.00 1.11 422.45
2672 25.11 81.80 0.00 1.11 420.35
2673 25.61 130.37 0.00 1.42 421.91
2674 26.07 174.39 0.43 1.11 423.32
2675 26.33 176.82 1.03 0.71 425.94
2676 26.60 209.11 4.58 0.71 426.49
2677 26.73 184.20 2.14 0.51 424.93
2678 26.81 180.70 0.73 0.41 421.88
2679 26.86 171.20 2.41 0.41 422.80
2680 26.78 124.80 0.00 0.41 423.84
2681 26.49 80.83 0.00 0.41 427.73
2682 25.71 20.48 0.00 0.41 428.68
2683 25.85 0.00 0.00 0.51 426.62
2684 25.45 0.00 0.00 0.71 429.55
2685 25.50 0.00 0.00 0.41 428.01
2686 25.23 0.00 0.00 0.41 427.68
2687 24.97 0.00 0.00 0.51 424.94
2688 24.70 0.00 0.00 0.51 422.66
2689 24.39 0.00 0.00 0.20 415.99
2690 24.23 0.00 0.00 0.10 418.32
2691 23.99 0.00 0.00 0.10 417.90
2692 23.87 0.00 0.00 0.10 415.73
2693 23.09 0.00 0.00 0.20 412.65
2694 23.66 0.00 0.00 0.20 415.39
2695 24.21 31.12 0.00 0.20 417.08
2696 24.17 27.96 0.00 0.20 424.54
2697 24.81 137.46 0.00 0.41 416.29
2698 26.01 336.00 27.43 0.20 410.69
2699 26.93 390.99 25.38 0.41 405.63
2700 27.58 413.36 18.47 0.20 420.64
2701 28.04 449.29 24.45 0.10 421.40
2702 28.51 430.99 29.96 0.10 423.48
2703 28.66 331.29 20.53 0.10 413.59
2704 28.65 280.12 35.96 0.10 409.21
2705 28.06 164.34 44.48 0.20 421.96
2706 27.70 37.96 0.00 0.41 419.68
2707 27.29 0.00 0.00 0.20 420.79
2708 26.88 0.00 0.00 0.20 422.70
2709 26.47 0.00 0.00 0.20 417.27
2710 26.06 0.00 0.00 0.20 412.98
2711 25.64 0.00 0.00 0.20 410.93
2712 25.23 0.00 0.00 0.20 405.96
2713 24.86 0.00 0.00 0.10 405.10
2714 24.31 0.00 0.00 0.00 398.79
2715 23.76 0.00 0.00 0.41 394.10
2716 23.40 0.00 0.00 0.51 393.05
2717 23.03 0.00 0.00 0.10 391.44
2718 22.72 0.00 0.00 0.10 388.01
2719 23.38 66.67 210.33 0.10 394.96
2720 24.70 307.12 608.01 0.20 384.53
2721 26.02 547.82 762.44 0.51 385.40
2722 27.21 748.59 784.87 0.71 383.85
2723 28.22 895.06 795.37 1.11 386.01
2724 28.98 962.77 772.64 1.42 386.52
2725 29.47 965.11 786.14 1.72 389.00
2726 29.67 888.20 790.59 1.72 393.88
2727 29.59 742.05 790.94 1.72 390.99
2728 29.10 536.92 759.43 2.23 392.83
2729 28.20 294.93 518.39 2.23 399.94
2730 27.01 59.26 167.19 1.72 410.29
2731 26.33 0.00 0.00 1.11 410.36
2732 25.65 0.00 0.00 0.91 405.75
2733 24.97 0.00 0.00 1.11 403.95
2734 24.29 0.00 0.00 0.71 401.83
2735 23.61 0.00 0.00 0.51 401.25
2736 22.93 0.00 0.00 0.51 400.28
2737 23.13 0.00 0.00 0.51 400.57
2738 23.35 0.00 0.00 0.71 401.54
2739 23.57 0.00 0.00 0.71 404.43
2740 23.69 0.00 0.00 0.51 408.93
2741 23.81 0.00 0.00 0.71 410.16
2742 23.89 0.00 0.00 0.51 410.90
2743 24.54 34.38 0.00 0.51 417.69
2744 25.39 114.32 0.00 0.51 420.59
2745 25.61 99.24 0.00 0.51 425.24
2746 26.14 185.04 4.43 0.41 421.03
2747 27.18 364.01 20.07 0.51 414.74
2748 27.73 320.47 14.99 0.51 421.92
2749 28.24 358.16 12.79 0.51 422.85
2750 28.54 322.38 12.04 0.51 421.96
2751 28.56 223.98 3.07 0.71 427.44
2752 28.42 189.92 4.67 0.71 431.58
2753 27.94 76.91 0.00 0.51 435.01
2754 27.50 12.08 0.00 0.51 438.32
2755 27.32 0.00 0.00 0.41 433.34
2756 25.91 0.00 0.00 0.41 439.24
2757 26.75 0.00 0.00 0.51 438.73
2758 26.26 0.00 0.00 0.51 439.17
2759 26.27 0.00 0.00 0.41 439.63
2760 26.25 0.00 0.00 0.41 438.96
2761 26.10 0.00 0.00 0.41 440.44
2762 25.74 0.00 0.00 0.51 436.90
2763 24.44 0.00 0.00 0.51 429.80
2764 25.14 0.00 0.00 0.51 433.52
2765 24.82 0.00 0.00 0.71 431.25
2766 25.00 0.00 0.00 0.71 430.68
2767 25.45 20.03 0.00 0.71 433.74
2768 25.53 27.03 0.00 0.51 438.15
2769 26.14 141.62 0.00 0.51 429.65
2770 26.93 266.34 9.15 0.51 424.34
2771 27.64 340.55 14.51 0.41 425.11
2772 28.37 442.57 34.37 0.20 423.66
2773 28.83 413.83 27.72 0.41 423.83
2774 28.97 304.25 11.15 0.41 431.13
2775 28.83 198.24 2.04 0.20 432.53
2776 28.44 89.56 0.00 0.41 439.58
2777 28.12 87.99 0.00 0.10 430.42
2778 27.66 23.50 0.00 0.10 436.16
2779 27.25 0.00 0.00 0.10 432.76
2780 27.01 0.00 0.00 0.20 435.08
2781 26.66 0.00 0.00 0.10 430.11
2782 26.30 0.00 0.00 0.20 429.53
2783 25.95 0.00 0.00 0.20 428.77
2784 25.60 0.00 0.00 0.10 425.50
2785 25.23 0.00 0.00 0.10 420.42
2786 24.90 0.00 0.00 0.10 420.93
2787 24.56 0.00 0.00 0.00 417.89
2788 24.41 0.00 0.00 0.00 416.00
2789 24.25 0.00 0.00 0.10 414.11
2790 24.16 0.00 0.00 0.00 411.79
2791 24.90 52.23 71.60 0.00 414.22
2792 26.62 298.83 444.98 0.00 397.63
2793 27.39 360.56 166.74 0.00 414.14
2794 28.23 453.11 123.10 0.10 415.58
2795 29.92 888.07 682.59 0.10 387.85
2796 30.72 747.82 303.21 0.10 401.77
2797 29.72 246.27 12.00 0.10 441.47
2798 28.99 90.26 0.00 0.10 448.18
2799 28.31 97.87 0.00 0.00 442.25
2800 28.02 221.45 50.73 0.00 426.73
2801 28.04 340.62 610.26 0.00 391.78
2802 27.55 78.50 396.94 0.00 402.28
2803 27.24 0.00 0.00 0.10 403.92
2804 26.94 0.00 0.00 0.20 408.11
2805 26.63 0.00 0.00 0.20 406.87
2806 26.32 0.00 0.00 0.41 408.73
2807 26.01 0.00 0.00 0.41 407.43
2808 25.71 0.00 0.00 0.51 409.69
2809 25.26 0.00 0.00 0.20 412.55
2810 24.77 0.00 0.00 0.41 415.01
2811 24.29 0.00 0.00 0.71 414.18
2812 24.02 0.00 0.00 0.91 417.33
2813 23.76 0.00 0.00 0.41 420.79
2814 23.57 0.00 0.00 0.41 423.12
2815 23.62 6.73 0.00 0.41 427.77
2816 23.80 29.26 0.00 0.41 428.11
2817 23.94 51.08 0.00 0.51 430.99
2818 27.62 925.50 688.60 0.51 382.07
2819 27.02 82.16 0.00 0.91 440.02
2820 26.95 208.35 17.70 1.11 435.46
2821 29.20 1182.17 755.98 1.11 381.32
2822 30.49 994.14 1013.24 1.42 390.39
2823 31.33 913.75 836.98 1.11 386.94
2824 31.15 438.23 331.20 1.42 412.81
2825 30.83 373.95 695.10 1.11 392.28
2826 29.87 79.56 413.10 0.71 409.24
2827 29.40 0.00 0.00 0.51 415.11
2828 28.93 0.00 0.00 0.20 415.82
2829 28.46 0.00 0.00 0.20 417.58
2830 27.99 0.00 0.00 0.10 418.00
2831 27.52 0.00 0.00 0.10 416.45
2832 27.04 0.00 0.00 0.10 417.22
2833 26.74 0.00 0.00 0.20 420.09
2834 26.46 0.00 0.00 0.20 422.86
2835 26.04 0.00 0.00 0.20 420.22
2836 25.95 0.00 0.00 0.10 420.32
2837 25.82 0.00 0.00 0.10 423.62
2838 25.65 0.00 0.00 0.10 425.54
2839 25.45 16.04 0.00 0.10 430.18
2840 25.85 55.60 0.00 0.10 429.82
2841 26.22 95.69 0.00 0.20 432.63
2842 26.59 141.58 0.00 0.10 432.24
2843 27.07 176.90 0.67 0.20 430.40
2844 26.61 185.26 2.16 0.10 431.48
2845 27.25 180.59 2.00 0.20 433.85
2846 25.50 156.31 0.34 0.10 434.21
2847 26.43 126.54 0.00 0.10 438.15
2848 27.23 90.59 0.00 0.10 434.36
2849 27.14 53.39 0.00 0.10 437.72
2850 26.99 13.70 0.00 0.10 439.66
2851 26.66 0.00 0.00 0.10 437.88
2852 26.34 0.00 0.00 0.10 436.56
2853 26.01 0.00 0.00 0.10 431.98
2854 25.69 0.00 0.00 0.10 427.43
2855 25.37 0.00 0.00 0.00 422.91
2856 25.04 0.00 0.00 0.00 418.43
2857 24.70 0.00 0.00 0.00 413.90
2858 24.34 0.00 0.00 0.00 409.26
2859 23.98 0.00 0.00 0.10 404.65
2860 23.79 0.00 0.00 0.10 403.36
2861 23.59 0.00 0.00 0.00 399.81
2862 23.46 0.00 0.00 0.00 396.63
2863 24.49 84.74 407.74 0.00 398.18
2864 26.18 361.06 836.25 0.10 390.01
2865 27.86 632.19 956.25 0.10 392.86
2866 29.39 858.86 1000.80 0.20 388.75
2867 30.58 971.32 825.50 0.41 392.99
2868 29.86 385.40 46.59 0.71 432.58
2869 29.24 383.79 46.44 0.51 434.78
2870 30.18 853.62 601.66 0.41 401.99
2871 28.94 61.52 0.00 0.41 452.75
2872 27.96 44.76 0.00 0.20 449.94
2873 27.09 24.91 0.00 0.41 448.48
2874 26.35 17.68 0.00 0.20 439.03
2875 26.28 0.00 0.00 0.10 438.72
2876 26.20 0.00 0.00 0.00 441.47
2877 26.13 0.00 0.00 0.00 441.25
2878 26.06 0.00 0.00 0.00 440.01
2879 25.99 0.00 0.00 0.00 437.02
2880 25.92 0.00 0.00 0.00 437.02
2881 25.60 0.00 0.00 0.10 433.96
2882 25.64 0.00 0.00 0.10 436.91
2883 25.68 0.00 0.00 0.20 435.59
2884 25.54 0.00 0.00 0.20 435.54
2885 25.72 0.00 0.00 0.20 431.97
2886 25.84 0.00 0.00 0.20 434.56
2887 26.06 12.96 0.00 0.10 433.28
2888 25.82 46.73 0.00 0.20 433.08
2889 24.85 93.70 0.00 0.20 431.81
2890 26.20 110.28 0.00 0.20 435.83
2891 25.84 146.17 0.15 0.20 435.95
2892 26.55 172.77 1.72 0.20 439.25
2893 27.90 165.76 1.43 0.20 438.79
2894 27.71 165.59 0.49 0.20 440.94
2895 28.06 131.77 0.00 0.30 441.55
2896 27.62 95.41 0.00 0.50 443.75
2897 25.96 50.88 0.00 0.50 439.73
2898 27.44 11.68 0.00 0.70 446.82
2899 27.32 0.00 0.00 0.70 445.43
2900 26.46 0.00 0.00 0.90 442.88
2901 26.62 0.00 0.00 0.90 443.18
2902 26.53 0.00 0.00 0.70 438.59
2903 26.46 0.00 0.00 0.70 440.54
2904 26.21 0.00 0.00 0.90 438.14
2905 25.83 0.00 0.00 0.90 434.89
2906 25.42 0.00 0.00 0.90 431.51
2907 25.01 0.00 0.00 1.21 428.14
2908 24.79 0.00 0.00 0.90 426.00
2909 24.58 0.00 0.00 0.70 423.86
2910 24.42 0.00 0.00 0.70 422.14
2911 24.96 35.09 0.00 0.90 424.73
2912 26.30 207.69 159.78 0.70 416.64
2913 26.70 201.24 14.32 0.70 428.27
2914 27.52 359.64 38.41 0.90 422.05
2915 28.73 590.06 186.67 0.90 413.75
2916 30.05 789.43 452.68 0.90 407.01
2917 30.60 616.15 208.51 0.90 417.77
2918 30.11 262.25 12.93 0.90 437.58
2919 30.33 463.77 153.87 1.21 420.43
2920 30.39 420.02 228.38 1.51 412.58
2921 29.46 25.99 0.00 2.01 448.94
2922 28.65 12.37 0.00 2.01 442.92
2923 28.27 0.00 0.00 2.01 445.04
2924 27.87 0.00 0.00 2.01 446.88
2925 27.51 0.00 0.00 1.51 446.26
2926 26.98 0.00 0.00 2.01 438.98
2927 26.70 0.00 0.00 2.71 437.04
2928 26.37 0.00 0.00 3.92 438.36
2929 26.10 0.00 0.00 3.92 434.47
2930 25.83 0.00 0.00 2.71 433.24
2931 25.49 0.00 0.00 3.92 428.17
2932 25.42 0.00 0.00 2.71 428.96
2933 25.28 0.00 0.00 2.71 427.25
2934 25.18 0.00 0.00 2.71 425.83
2935 25.79 37.63 0.00 3.92 426.71
2936 26.02 67.98 0.00 2.71 431.69
2937 26.76 190.58 6.11 2.71 421.12
2938 27.52 298.32 18.56 2.71 423.28
2939 28.67 496.46 102.79 2.01 409.13
2940 28.38 111.93 0.00 2.71 432.97
2941 28.65 321.29 31.29 2.01 421.97
2942 29.54 658.83 249.53 1.51 399.38
2943 29.46 248.23 16.44 1.51 422.23
2944 29.07 198.36 6.16 2.01 432.81
2945 28.86 106.65 0.00 1.51 421.83
2946 28.34 26.47 0.00 1.51 426.64
2947 27.64 0.00 0.00 2.01 433.69
2948 27.59 0.00 0.00 2.01 432.31
2949 27.19 0.00 0.00 2.71 425.68
2950 26.83 0.00 0.00 2.01 425.46
2951 25.57 0.00 0.00 2.01 418.83
2952 25.96 0.00 0.00 1.21 415.01
2953 25.72 0.00 0.00 1.51 416.03
2954 25.33 0.00 0.00 1.51 413.85
2955 24.94 0.00 0.00 2.01 410.35
2956 24.72 0.00 0.00 2.01 410.55
2957 24.50 0.00 0.00 2.01 409.34
2958 24.34 0.00 0.00 2.71 408.67
2959 25.39 60.78 166.62 2.71 413.47
2960 26.73 214.55 138.84 2.01 408.51
2961 27.74 323.47 113.19 1.51 415.53
2962 28.43 348.01 26.07 2.01 413.55
2963 29.04 420.54 29.20 2.01 412.10
2964 29.32 380.01 22.48 2.01 414.99
2965 29.44 355.27 27.02 2.71 415.10
2966 29.91 530.27 142.87 2.71 403.83
2967 30.40 596.86 345.61 2.71 394.73
2968 30.72 557.14 753.67 2.01 387.55
2969 30.61 356.23 820.27 2.01 386.64
2970 29.80 78.10 424.74 2.01 399.84
2971 29.28 0.00 0.00 2.71 399.52
2972 28.75 0.00 0.00 2.01 395.77
2973 28.23 0.00 0.00 2.01 395.53
2974 27.71 0.00 0.00 2.01 395.74
2975 27.18 0.00 0.00 2.01 396.14
2976 26.66 0.00 0.00 2.01 395.97
2977 26.35 0.00 0.00 1.51 399.25
2978 26.06 0.00 0.00 1.21 402.96
2979 25.77 0.00 0.00 1.51 403.90
2980 25.64 0.00 0.00 1.51 405.48
2981 25.50 0.00 0.00 1.51 407.92
2982 25.41 0.00 0.00 1.51 412.82
2983 26.11 44.51 24.71 2.01 415.88
2984 26.26 61.13 0.00 1.21 428.90
2985 26.89 173.42 2.38 1.51 424.27
2986 28.12 408.14 81.46 1.51 407.94
2987 29.40 584.06 184.40 1.51 404.47
2988 30.45 658.15 234.83 2.71 407.74
2989 31.06 588.86 153.05 2.71 410.47
2990 31.53 597.30 212.50 2.01 410.28
2991 31.53 397.34 85.40 2.71 431.72
2992 30.62 46.22 0.00 2.71 460.88
2993 29.95 127.03 17.44 3.92 442.86
2994 29.49 21.47 0.00 3.92 445.95
2995 29.01 0.00 0.00 2.71 441.44
2996 28.53 0.00 0.00 2.71 436.96
2997 28.05 0.00 0.00 2.71 434.66
2998 27.57 0.00 0.00 2.01 432.10
2999 27.09 0.00 0.00 2.71 427.68
3000 26.61 0.00 0.00 2.01 423.22
3001 26.05 0.00 0.00 0.90 420.49
3002 25.49 0.00 0.00 0.90 418.29
3003 24.94 0.00 0.00 2.01 414.66
3004 24.67 0.00 0.00 2.01 410.72
3005 24.39 0.00 0.00 0.90 407.80
3006 24.22 0.00 0.00 0.70 408.50
3007 25.19 65.53 203.41 0.70 410.67
3008 27.06 319.28 609.81 0.90 395.87
3009 28.84 553.23 822.60 1.21 398.30
3010 30.44 746.91 834.72 1.51 396.49
3011 31.82 887.65 840.27 2.01 395.74
3012 32.94 965.18 859.26 2.71 395.20
3013 33.73 964.31 867.82 2.01 397.77
3014 34.19 883.84 862.82 2.01 398.03
3015 34.30 736.80 859.53 2.71 402.60
3016 33.94 533.00 829.74 2.71 404.52
3017 33.12 295.71 602.22 2.71 405.68
3018 31.92 52.03 101.05 2.01 419.23
3019 31.22 0.00 0.00 1.21 419.87
3020 30.52 0.00 0.00 0.70 415.69
3021 29.83 0.00 0.00 0.70 413.75
3022 29.13 0.00 0.00 0.90 414.07
3023 28.43 0.00 0.00 0.90 413.16
3024 27.73 0.00 0.00 1.51 409.89
3025 26.98 0.00 0.00 0.90 408.79
3026 26.12 0.00 0.00 0.70 407.77
3027 25.26 0.00 0.00 0.90 403.67
3028 24.78 0.00 0.00 1.21 403.08
3029 24.29 0.00 0.00 0.50 403.08
3030 23.93 0.00 0.00 0.30 398.83
3031 24.55 50.83 46.45 0.50 402.21
3032 25.49 196.10 99.21 0.70 399.28
3033 26.68 395.88 235.02 1.21 397.60
3034 27.86 573.15 302.92 1.51 394.54
3035 29.64 963.06 858.79 2.01 378.54
3036 30.72 936.59 737.91 2.71 385.15
3037 31.78 1088.89 978.70 3.92 379.22
3038 32.39 1001.40 1017.41 5.22 381.26
3039 32.58 836.04 941.14 6.83 382.97
3040 32.14 536.48 774.99 5.22 390.92
3041 31.30 324.87 782.05 5.22 389.06
3042 30.06 71.41 359.29 3.92 398.21
3043 29.38 0.00 0.00 2.71 400.72
3044 28.69 0.00 0.00 1.51 399.38
3045 28.01 0.00 0.00 1.21 400.18
3046 27.32 0.00 0.00 0.90 400.63
3047 26.64 0.00 0.00 0.90 400.46
3048 25.96 0.00 0.00 0.90 398.91
3049 25.79 0.00 0.00 0.90 401.31
3050 25.63 0.00 0.00 0.90 402.02
3051 25.46 0.00 0.00 1.51 404.36
3052 25.38 0.00 0.00 1.51 406.56
3053 25.30 0.00 0.00 0.70 407.10
3054 25.24 0.00 0.00 0.70 410.49
3055 25.95 38.02 0.00 0.50 413.86
3056 26.51 97.96 0.00 0.50 419.57
3057 27.38 208.33 11.72 0.70 419.38
3058 28.56 374.58 47.81 0.70 423.76
3059 29.76 495.97 98.29 0.90 411.21
3060 30.77 567.24 102.22 1.21 410.07
3061 31.58 605.27 176.38 1.21 406.24
3062 31.90 478.79 98.86 1.21 415.56
3063 32.57 679.35 565.88 1.51 398.01
3064 32.91 576.64 831.47 2.01 393.60
3065 32.69 337.79 786.41 2.71 391.50
3066 31.80 68.42 314.24 2.71 407.90
3067 31.26 0.00 0.00 2.01 411.93
3068 30.72 0.00 0.00 1.21 410.97
3069 30.18 0.00 0.00 0.90 413.39
3070 29.63 0.00 0.00 0.90 415.18
3071 29.09 0.00 0.00 0.70 415.71
3072 28.55 0.00 0.00 0.70 416.66
3073 28.00 0.00 0.00 0.90 418.53
3074 27.41 0.00 0.00 0.90 417.20
3075 26.82 0.00 0.00 0.90 420.19
3076 26.50 0.00 0.00 0.90 422.68
3077 26.18 0.00 0.00 0.90 423.07
3078 25.95 0.00 0.00 0.90 424.14
3079 26.17 17.11 0.00 0.90 430.38
3080 25.79 27.21 0.00 0.70 438.53
3081 27.14 214.67 14.09 0.70 424.30
3082 27.69 244.63 9.57 0.70 428.13
3083 28.58 395.94 29.42 0.70 426.38
3084 29.53 554.18 125.27 0.70 409.16
3085 30.35 625.69 208.25 0.70 402.60
3086 30.35 321.11 15.53 0.70 417.96
3087 30.08 272.64 11.45 0.90 430.60
3088 30.09 270.07 66.24 0.90 418.67
3089 29.99 275.33 429.14 0.70 400.44
3090 29.37 41.49 41.89 0.70 420.59
3091 29.06 0.00 0.00 0.50 425.69
3092 28.76 0.00 0.00 0.50 422.37
3093 28.45 0.00 0.00 0.50 425.30
3094 28.14 0.00 0.00 0.20 424.81
3095 27.83 0.00 0.00 0.30 424.82
3096 27.52 0.00 0.00 0.50 425.20
3097 27.46 0.00 0.00 0.70 427.00
3098 27.31 0.00 0.00 0.70 428.20
3099 27.09 0.00 0.00 0.70 430.89
3100 27.13 0.00 0.00 0.70 432.17
3101 26.68 0.00 0.00 0.50 430.32
3102 25.33 0.00 0.00 0.30 425.65
3103 26.73 23.43 0.00 0.30 432.66
3104 27.90 89.35 0.00 0.50 437.01
3105 28.93 177.26 2.47 0.30 436.89
3106 29.53 260.71 8.67 0.30 438.31
3107 29.95 281.80 9.21 0.30 442.40
3108 30.35 265.94 6.39 0.30 447.13
3109 30.52 257.99 6.12 0.30 448.69
3110 30.57 192.25 1.27 0.50 439.27
3111 30.46 155.50 0.54 0.30 430.78
3112 30.19 101.78 0.00 0.50 444.97
3113 29.80 25.10 0.00 0.70 456.07
3114 29.05 12.76 0.00 0.50 451.09
3115 29.18 0.00 0.00 0.30 446.96
3116 28.67 0.00 0.00 0.30 441.88
3117 28.50 0.00 0.00 0.50 442.16
3118 28.16 0.00 0.00 0.50 438.20
3119 27.82 0.00 0.00 0.50 434.27
3120 27.48 0.00 0.00 0.70 430.36
3121 26.77 0.00 0.00 0.20 424.18
3122 25.97 0.00 0.00 0.20 417.53
3123 25.18 0.00 0.00 0.50 413.57
3124 24.74 0.00 0.00 0.50 410.35
3125 24.30 0.00 0.00 0.20 407.48
3126 23.98 0.00 0.00 0.20 406.75
3127 24.90 64.17 173.03 0.20 406.66
3128 26.33 256.84 402.60 0.20 402.31
3129 27.83 464.48 485.05 0.30 400.54
3130 29.24 642.43 536.43 0.30 396.95
3131 30.51 788.43 593.13 0.70 399.61
3132 31.49 849.12 609.06 0.90 402.30
3133 32.13 832.00 584.57 0.90 404.83
3134 32.48 779.51 573.17 1.21 404.63
3135 32.53 664.87 646.68 1.51 404.22
3136 32.14 476.51 631.05 1.21 408.01
3137 31.26 257.09 533.84 1.51 412.95
3138 30.06 49.90 124.19 1.21 423.73
3139 29.55 0.00 0.00 0.70 423.31
3140 29.03 0.00 0.00 0.30 424.86
3141 28.51 0.00 0.00 0.20 426.35
3142 28.00 0.00 0.00 0.20 429.10
3143 27.48 0.00 0.00 0.20 425.98
3144 26.96 0.00 0.00 0.10 425.14
3145 26.85 0.00 0.00 0.20 426.65
3146 26.73 0.00 0.00 0.20 430.16
3147 26.60 0.00 0.00 0.20 430.68
3148 26.53 0.00 0.00 0.10 432.22
3149 26.46 0.00 0.00 0.10 433.01
3150 26.40 0.00 0.00 0.10 438.69
3151 26.83 24.40 0.00 0.10 442.82
3152 27.37 105.65 0.00 0.10 438.85
3153 27.57 307.00 92.88 0.20 427.57
3154 28.82 239.86 9.08 0.20 442.72
3155 29.52 305.77 11.75 0.20 442.08
3156 29.95 249.34 3.13 0.20 446.33
3157 30.28 324.43 16.03 0.20 443.49
3158 30.25 224.37 2.25 0.30 450.19
3159 30.17 226.70 5.93 0.30 446.09
3160 30.03 223.44 19.34 0.30 441.35
3161 30.09 161.56 78.96 0.70 434.13
3162 29.59 31.31 0.00 0.70 438.26
3163 29.21 0.00 0.00 0.70 440.04
3164 28.84 0.00 0.00 0.70 436.38
3165 28.47 0.00 0.00 0.90 438.40
3166 28.07 0.00 0.00 1.21 440.33
3167 27.72 0.00 0.00 1.21 439.22
3168 27.35 0.00 0.00 1.21 436.65
3169 27.07 0.00 0.00 0.90 434.69
3170 26.77 0.00 0.00 0.90 432.56
3171 26.46 0.00 0.00 0.90 430.43
3172 26.29 0.00 0.00 0.70 429.19
3173 26.13 0.00 0.00 0.90 427.95
3174 26.01 0.00 0.00 0.90 427.01
3175 26.62 44.05 17.33 1.21 430.71
3176 27.73 199.12 111.60 0.70 421.88
3177 28.66 316.85 96.40 0.90 424.55
3178 28.86 268.34 13.46 0.90 437.30
3179 29.16 365.84 18.98 1.21 438.01
3180 29.54 361.23 14.13 1.21 435.98
3181 29.76 330.04 16.68 1.21 432.95
3182 29.52 208.48 1.94 1.21 444.29
3183 29.36 204.47 4.49 1.21 436.14
3184 29.05 140.35 0.00 1.21 437.45
3185 28.58 50.46 0.00 1.21 442.73
3186 28.13 21.33 0.00 1.21 434.75
3187 27.82 0.00 0.00 1.21 437.79
3188 27.48 0.00 0.00 0.90 440.09
3189 27.62 0.00 0.00 1.21 439.77
3190 27.40 0.00 0.00 1.21 433.10
3191 26.77 0.00 0.00 1.21 433.07
3192 25.85 0.00 0.00 1.51 431.38
3193 25.46 0.00 0.00 2.01 430.30
3194 26.82 0.00 0.00 2.71 431.78
3195 26.59 0.00 0.00 1.51 434.09
3196 27.03 0.00 0.00 1.51 436.04
3197 27.04 0.00 0.00 0.90 437.98
3198 27.05 0.00 0.00 0.90 439.16
3199 27.48 25.96 0.00 0.70 439.94
3200 28.01 91.36 0.00 0.70 434.94
3201 28.44 136.38 0.00 0.70 437.79
3202 29.20 270.87 10.70 0.70 435.30
3203 29.72 318.27 12.46 0.70 438.33
3204 30.40 394.74 26.89 0.70 439.23
3205 30.68 308.52 20.71 0.50 432.80
3206 30.59 186.55 1.46 0.50 438.45
3207 30.44 155.87 0.44 0.30 441.77
3208 30.09 83.76 0.00 0.50 453.34
3209 29.67 25.39 0.00 0.20 456.53
3210 29.27 13.46 0.00 0.20 452.18
3211 29.08 0.00 0.00 0.30 451.87
3212 28.72 0.00 0.00 0.50 446.59
3213 27.76 0.00 0.00 0.50 446.50
3214 27.97 0.00 0.00 0.50 445.79
3215 27.51 0.00 0.00 0.90 444.03
3216 27.51 0.00 0.00 0.90 441.61
3217 27.07 0.00 0.00 0.70 438.77
3218 26.69 0.00 0.00 0.90 436.60
3219 26.31 0.00 0.00 0.90 433.21
3220 26.14 0.00 0.00 0.90 431.23
3221 25.98 0.00 0.00 0.90 429.25
3222 25.89 0.00 0.00 1.21 427.73
3223 26.37 42.14 17.23 1.21 429.87
3224 27.24 200.64 155.27 1.51 421.56
3225 28.67 524.67 656.54 1.51 404.53
3226 29.79 671.85 563.63 1.51 401.11
3227 31.21 1023.49 766.94 2.01 387.88
3228 30.16 113.12 0.00 1.51 443.71
3229 29.42 110.17 0.00 1.51 441.62
3230 28.90 122.05 0.00 2.01 441.25
3231 28.57 153.56 0.32 2.01 437.10
3232 28.39 224.67 20.70 2.01 429.68
3233 28.12 78.20 0.00 2.01 434.02
3234 27.76 31.99 0.00 1.51 430.35
3235 27.62 0.00 0.00 1.51 424.01
3236 27.46 0.00 0.00 1.51 425.42
3237 27.30 0.00 0.00 1.21 425.01
3238 27.13 0.00 0.00 1.21 422.87
3239 26.64 0.00 0.00 1.21 424.29
3240 26.69 0.00 0.00 0.90 421.58
3241 26.38 0.00 0.00 0.70 426.10
3242 25.89 0.00 0.00 0.70 425.00
3243 25.40 0.00 0.00 1.21 423.10
3244 25.13 0.00 0.00 1.21 421.07
3245 24.85 0.00 0.00 0.30 419.11
3246 24.65 0.00 0.00 0.30 417.81
3247 25.34 43.78 27.38 0.30 420.76
3248 26.69 206.28 132.42 0.30 411.82
3249 27.88 343.43 115.38 0.70 414.32
3250 28.76 416.55 90.66 0.90 411.86
3251 29.34 435.47 76.66 1.51 415.65
3252 30.88 848.05 546.03 1.51 398.87
3253 31.24 549.89 132.72 2.01 419.44
3254 31.32 474.89 95.08 2.01 424.17
3255 31.37 471.15 181.08 3.92 415.27
3256 31.29 415.52 335.68 3.92 414.88
3257 30.92 308.23 584.89 2.71 402.03
3258 29.97 46.01 86.29 2.71 426.58
3259 29.57 0.00 0.00 2.71 427.69
3260 29.18 0.00 0.00 2.01 424.66
3261 28.79 0.00 0.00 1.21 423.33
3262 28.39 0.00 0.00 1.21 425.48
3263 28.00 0.00 0.00 0.90 422.87
3264 27.61 0.00 0.00 0.90 421.75
3265 27.52 0.00 0.00 1.21 417.70
3266 27.47 0.00 0.00 0.90 421.17
3267 27.42 0.00 0.00 0.90 422.64
3268 27.41 0.00 0.00 1.21 424.92
3269 27.40 0.00 0.00 1.51 432.11
3270 27.40 0.00 0.00 2.01 432.68
3271 28.19 51.64 80.47 2.01 432.28
3272 30.20 325.04 583.66 1.51 414.16
3273 31.30 410.01 271.75 1.51 422.54
3274 31.74 372.75 51.12 1.21 435.34
3275 32.51 545.21 156.83 1.21 431.70
3276 32.11 436.04 79.21 0.90 445.53
3277 32.09 219.71 4.35 0.70 459.36
3278 31.89 226.04 2.28 0.70 457.38
3279 31.46 131.52 0.00 0.70 460.32
3280 31.24 186.37 6.72 0.90 449.47
3281 30.90 107.20 0.00 0.90 448.39
3282 30.42 18.70 0.00 0.70 452.66
3283 29.99 0.00 0.00 0.90 447.87
3284 29.55 0.00 0.00 0.90 442.97
3285 29.15 0.00 0.00 0.90 441.53
3286 28.72 0.00 0.00 0.90 436.81
3287 28.30 0.00 0.00 0.70 432.13
3288 27.88 0.00 0.00 0.70 427.47
3289 27.13 0.00 0.00 0.30 423.22
3290 26.32 0.00 0.00 0.30 417.03
3291 25.50 0.00 0.00 0.90 409.67
3292 25.06 0.00 0.00 1.21 406.73
3293 24.62 0.00 0.00 0.50 401.62
3294 24.31 0.00 0.00 0.30 397.27
3295 25.36 77.18 262.93 0.30 396.02
3296 26.62 259.10 387.07 0.30 395.68
3297 27.72 410.68 323.88 0.50 401.63
3298 28.54 491.55 204.56 0.70 402.65
3299 30.11 872.26 723.97 1.51 387.50
3300 30.57 641.19 280.65 1.51 406.67
3301 30.63 521.82 109.43 2.71 413.79
3302 30.69 538.32 160.38 2.71 412.45
3303 30.11 288.01 32.35 3.92 426.18
3304 29.69 317.01 124.33 2.71 413.60
3305 29.10 207.47 257.29 2.71 410.28
3306 28.24 36.77 18.29 2.01 424.06
3307 27.81 0.00 0.00 1.51 428.26
3308 27.38 0.00 0.00 0.90 427.37
3309 26.95 0.00 0.00 0.50 427.08
3310 26.51 0.00 0.00 0.50 425.32
3311 26.08 0.00 0.00 0.50 421.95
3312 25.65 0.00 0.00 0.50 422.30
3313 25.55 0.00 0.00 0.70 422.31
3314 25.46 0.00 0.00 0.90 419.55
3315 25.37 0.00 0.00 1.21 420.00
3316 25.34 0.00 0.00 1.21 419.78
3317 25.30 0.00 0.00 1.51 424.56
3318 25.28 0.00 0.00 1.21 426.43
3319 25.93 36.25 0.00 1.21 429.63
3320 25.82 22.44 0.00 1.51 444.17
3321 26.57 155.28 0.00 0.90 435.35
3322 26.83 126.05 0.00 0.90 441.12
3323 26.95 116.78 0.00 0.90 444.14
3324 27.90 411.27 65.25 0.70 428.21
3325 28.91 538.35 122.41 0.90 420.78
3326 29.58 502.01 122.36 0.90 423.74
3327 29.74 310.88 27.65 0.90 430.74
3328 29.59 204.76 9.58 0.70 438.79
3329 29.24 114.03 2.78 0.70 436.63
3330 28.72 28.06 0.00 0.90 436.06
3331 28.51 0.00 0.00 0.90 435.78
3332 27.77 0.00 0.00 0.70 435.36
3333 27.81 0.00 0.00 0.70 433.56
3334 27.46 0.00 0.00 0.70 432.45
3335 26.23 0.00 0.00 0.90 431.63
3336 26.79 0.00 0.00 0.70 433.43
3337 26.58 0.00 0.00 0.70 430.15
3338 26.33 0.00 0.00 0.70 433.62
3339 25.40 0.00 0.00 0.70 430.87
3340 25.58 0.00 0.00 0.50 427.05
3341 25.60 0.00 0.00 0.50 431.26
3342 25.41 0.00 0.00 0.50 428.40
3343 25.58 6.54 0.00 0.30 433.30
3344 25.98 52.79 0.00 0.20 427.43
3345 26.30 91.98 0.00 0.50 428.68
3346 26.93 187.34 1.62 0.50 417.54
3347 27.61 278.29 11.08 0.30 419.47
3348 27.77 180.49 2.80 0.30 433.15
3349 28.42 396.66 41.07 0.20 423.55
3350 28.84 365.26 43.08 0.30 423.97
3351 29.60 587.34 394.53 0.30 401.54
3352 30.15 553.18 766.06 0.20 393.37
3353 30.18 293.76 662.46 0.30 398.07
3354 29.66 66.51 312.55 0.50 408.58
3355 29.25 0.00 0.00 0.30 410.68
3356 28.84 0.00 0.00 0.30 409.55
3357 28.42 0.00 0.00 0.30 410.84
3358 28.01 0.00 0.00 0.50 410.89
3359 27.60 0.00 0.00 0.50 410.81
3360 27.19 0.00 0.00 0.50 414.02
3361 26.80 0.00 0.00 0.30 412.17
3362 26.39 0.00 0.00 0.30 412.64
3363 25.99 0.00 0.00 0.30 415.59
3364 25.77 0.00 0.00 0.30 420.11
3365 25.56 0.00 0.00 0.20 422.30
3366 25.41 0.00 0.00 0.20 424.16
3367 25.87 29.02 0.00 0.20 429.96
3368 26.02 76.22 0.00 0.20 435.52
3369 26.14 45.60 0.00 0.20 441.76
3370 25.72 185.76 8.86 0.20 431.54
3371 27.47 437.78 48.21 0.10 425.26
3372 28.49 393.91 28.04 0.10 429.14
3373 28.84 353.69 14.06 0.00 431.64
3374 28.86 306.17 12.59 0.00 434.60
3375 28.77 163.64 3.16 0.10 442.82
3376 29.01 321.53 149.61 0.10 421.12
3377 28.88 192.06 178.52 0.10 415.34
3378 28.40 27.94 0.00 0.10 426.93
3379 27.92 0.00 0.00 0.10 423.26
3380 27.44 0.00 0.00 0.00 419.84
3381 26.95 0.00 0.00 0.00 419.10
3382 26.47 0.00 0.00 0.00 417.74
3383 25.93 0.00 0.00 0.10 419.96
3384 25.51 0.00 0.00 0.10 423.41
3385 25.13 0.00 0.00 0.10 421.47
3386 24.72 0.00 0.00 0.10 417.74
3387 24.32 0.00 0.00 0.10 416.49
3388 24.10 0.00 0.00 0.10 415.39
3389 23.89 0.00 0.00 0.10 411.98
3390 23.74 0.00 0.00 0.10 412.27
3391 24.46 43.41 30.55 0.00 412.84
3392 25.05 114.09 0.00 0.10 409.74
3393 25.58 173.90 2.09 0.10 410.42
3394 26.12 241.74 7.45 0.10 408.67
3395 26.26 190.47 3.69 0.10 414.46
3396 26.85 377.25 34.86 0.10 417.92
3397 27.59 528.03 118.93 0.10 413.12
3398 28.38 570.88 228.79 0.20 398.11
3399 29.14 686.33 651.32 0.20 384.20
3400 29.54 570.23 882.28 0.10 379.08
3401 29.40 305.56 744.10 0.10 385.09
3402 28.69 66.84 339.90 0.10 394.48
3403 28.26 0.00 0.00 0.10 398.50
3404 27.83 0.00 0.00 0.10 401.42
3405 27.40 0.00 0.00 0.10 405.15
3406 26.96 0.00 0.00 0.10 404.78
3407 26.53 0.00 0.00 0.10 406.28
3408 26.10 0.00 0.00 0.10 407.48
3409 25.78 0.00 0.00 0.00 412.04
3410 25.45 0.00 0.00 0.00 408.65
3411 25.13 0.00 0.00 0.00 410.77
3412 24.97 0.00 0.00 0.00 415.29
3413 24.80 0.00 0.00 0.00 419.00
3414 24.69 0.00 0.00 0.00 422.45
3415 24.87 10.94 0.00 0.00 425.89
3416 24.83 25.58 0.00 0.00 429.11
3417 26.34 282.30 76.21 0.00 410.72
3418 26.37 124.91 0.00 0.00 428.65
3419 27.18 334.47 18.32 0.00 421.09
3420 27.96 447.43 44.96 0.00 407.38
3421 28.64 515.37 106.27 0.00 417.58
3422 29.18 505.43 129.91 0.00 404.94
3423 28.94 201.85 12.68 0.00 418.92
3424 28.90 256.98 42.89 0.00 408.12
3425 28.59 147.17 56.81 0.00 408.69
3426 28.05 23.59 0.00 0.00 417.94
3427 27.64 0.00 0.00 0.00 419.20
3428 27.23 0.00 0.00 0.00 421.45
3429 26.82 0.00 0.00 0.00 414.87
3430 26.41 0.00 0.00 0.00 412.00
3431 25.25 0.00 0.00 0.00 417.22
3432 25.32 0.00 0.00 0.00 417.05
3433 25.20 0.00 0.00 0.00 416.67
3434 24.77 0.00 0.00 0.00 412.73
3435 24.35 0.00 0.00 0.00 411.13
3436 24.12 0.00 0.00 0.00 409.03
3437 23.89 0.00 0.00 0.00 405.46
3438 23.73 0.00 0.00 0.10 405.34
3439 24.28 43.88 24.98 0.10 406.70
3440 25.04 170.85 66.56 0.10 402.70
3441 26.11 346.31 171.06 0.10 392.22
3442 25.99 167.96 4.65 0.10 422.90
3443 26.28 291.70 12.52 0.20 407.64
3444 26.13 191.58 7.43 0.20 424.88
3445 27.22 747.83 390.11 0.20 384.99
3446 27.72 600.64 258.97 0.20 392.05
3447 27.72 340.80 67.89 0.20 406.28
3448 26.68 80.83 0.00 0.20 433.66
3449 26.39 24.07 0.00 0.30 434.34
3450 26.05 21.92 0.00 0.30 423.03
3451 25.74 0.00 0.00 0.30 422.19
3452 25.43 0.00 0.00 0.50 418.96
3453 25.12 0.00 0.00 0.50 417.57
3454 24.81 0.00 0.00 0.50 414.40
3455 24.50 0.00 0.00 0.50 415.61
3456 24.19 0.00 0.00 0.50 413.53
3457 24.03 0.00 0.00 0.20 410.46
3458 23.74 0.00 0.00 0.20 408.91
3459 23.46 0.00 0.00 0.50 405.89
3460 23.26 0.00 0.00 0.50 401.48
3461 23.05 0.00 0.00 0.20 400.12
3462 22.88 0.00 0.00 0.20 400.59
3463 23.54 60.57 186.74 0.30 399.34
3464 24.80 272.62 528.36 0.50 391.22
3465 26.08 491.14 656.20 0.70 388.09
3466 27.28 683.17 719.92 1.21 388.45
3467 28.29 812.47 712.68 2.71 389.37
3468 29.06 873.27 690.91 3.92 391.73
3469 29.55 863.58 671.61 5.22 392.47
3470 29.77 793.34 685.39 3.92 393.76
3471 29.71 647.15 653.59 3.92 396.58
3472 29.26 460.88 614.41 2.71 398.10
3473 28.43 243.99 453.24 2.71 404.19
3474 27.35 47.37 106.64 2.01 411.52
3475 26.71 0.00 0.00 1.51 410.73
3476 26.07 0.00 0.00 1.21 410.40
3477 25.43 0.00 0.00 0.90 411.08
3478 24.79 0.00 0.00 0.50 410.04
3479 24.15 0.00 0.00 0.50 408.16
3480 23.51 0.00 0.00 0.20 406.05
3481 23.46 0.00 0.00 0.20 405.97
3482 23.38 0.00 0.00 0.20 405.68
3483 23.29 0.00 0.00 0.50 405.38
3484 23.23 0.00 0.00 0.50 405.23
3485 23.17 0.00 0.00 0.20 405.09
3486 23.12 0.00 0.00 0.20 404.99
3487 23.80 51.19 91.38 0.30 409.37
3488 25.06 237.53 316.98 0.50 404.53
3489 27.13 600.00 727.66 0.50 389.40
3490 28.35 657.44 571.20 0.70 397.56
3491 28.97 621.10 262.67 1.21 404.94
3492 29.47 666.09 263.34 1.51 406.55
3493 29.75 631.92 224.09 1.51 409.17
3494 29.58 448.19 81.73 1.51 421.04
3495 29.04 298.10 24.47 2.71 422.62
3496 28.53 263.66 60.91 2.71 415.30
3497 27.74 96.24 0.00 2.01 422.89
3498 26.97 44.58 80.48 1.51 408.52
3499 26.57 0.00 0.00 0.90 408.00
3500 26.18 0.00 0.00 0.30 407.73
3501 25.78 0.00 0.00 0.30 405.65
3502 25.38 0.00 0.00 0.20 403.15
3503 24.98 0.00 0.00 0.10 403.78
3504 24.58 0.00 0.00 0.20 400.59
3505 24.36 0.00 0.00 0.20 399.01
3506 24.02 0.00 0.00 0.20 397.60
3507 23.68 0.00 0.00 0.50 396.71
3508 23.46 0.00 0.00 0.70 399.56
3509 23.24 0.00 0.00 0.30 398.31
3510 23.05 0.00 0.00 0.20 398.39
3511 23.79 59.94 185.13 0.20 401.34
3512 25.34 293.57 561.96 0.30 391.76
3513 26.88 524.63 812.25 0.50 392.13
3514 28.29 721.56 860.57 0.70 387.51
3515 29.49 860.77 874.71 0.90 390.16
3516 30.42 929.57 875.93 1.51 391.76
3517 31.04 924.75 872.81 1.51 395.32
3518 31.34 848.14 869.34 1.51 396.80
3519 31.32 702.17 850.90 1.21 397.54
3520 30.85 502.68 803.69 1.21 398.22
3521 29.93 268.91 532.68 0.90 400.80
3522 28.71 47.63 88.67 1.21 416.63
3523 28.12 0.00 0.00 0.90 420.88
3524 27.54 0.00 0.00 0.30 417.00
3525 26.96 0.00 0.00 0.70 414.97
3526 26.37 0.00 0.00 0.30 416.45
3527 25.79 0.00 0.00 0.20 417.88
3528 25.21 0.00 0.00 0.10 420.70
3529 25.16 0.00 0.00 0.30 418.23
3530 25.12 0.00 0.00 0.20 420.32
3531 25.09 0.00 0.00 0.20 423.31
3532 25.08 0.00 0.00 0.20 425.49
3533 25.06 0.00 0.00 0.20 427.83
3534 25.08 0.00 0.00 0.20 430.32
3535 25.34 19.69 0.00 0.20 432.56
3536 25.88 82.69 0.00 0.10 432.43
3537 26.56 179.92 3.26 0.20 431.82
3538 27.13 296.59 16.96 0.10 431.49
3539 28.02 384.95 27.06 0.20 431.87
3540 28.30 313.20 13.37 0.20 441.31
3541 28.00 215.42 2.22 0.20 445.85
3542 27.95 144.88 0.15 0.20 449.67
3543 28.06 137.33 0.00 0.20 449.13
3544 27.11 107.71 0.00 0.20 443.47
3545 25.72 44.42 0.00 0.20 438.74
3546 27.16 14.42 0.00 0.20 445.55
3547 26.99 0.00 0.00 0.20 443.48
3548 26.70 0.00 0.00 0.20 440.78
3549 26.41 0.00 0.00 0.20 437.54
3550 26.12 0.00 0.00 0.20 433.22
3551 25.83 0.00 0.00 0.20 429.35
3552 25.54 0.00 0.00 0.30 425.32
3553 25.15 0.00 0.00 0.20 422.08
3554 24.63 0.00 0.00 0.10 419.80
3555 24.11 0.00 0.00 0.20 415.26
3556 23.78 0.00 0.00 0.20 411.95
3557 23.45 0.00 0.00 0.10 409.87
3558 23.19 0.00 0.00 0.10 406.57
3559 23.70 49.97 85.44 0.20 407.98
3560 24.99 269.52 447.63 0.20 392.66
3561 26.03 432.48 445.33 0.30 396.00
3562 27.00 591.13 441.77 0.50 393.26
3563 28.04 790.09 598.12 0.70 392.31
3564 29.05 956.09 870.69 0.90 388.08
3565 29.80 995.27 994.45 1.21 383.52
3566 30.20 913.71 983.45 1.21 386.19
3567 30.26 758.99 962.64 1.21 388.07
3568 29.91 543.67 910.71 1.21 390.40
3569 29.10 292.75 742.12 0.90 394.11
3570 27.99 66.93 343.07 0.90 397.59
3571 27.27 0.00 0.00 0.50 399.61
3572 26.54 0.00 0.00 0.30 399.28
3573 25.82 0.00 0.00 0.20 399.28
3574 25.09 0.00 0.00 0.20 400.38
3575 24.37 0.00 0.00 0.20 396.86
3576 23.65 0.00 0.00 0.20 398.86
3577 23.57 0.00 0.00 0.20 399.84
3578 23.50 0.00 0.00 0.30 402.63
3579 23.43 0.00 0.00 0.20 403.68
3580 23.40 0.00 0.00 0.30 407.45
3581 23.36 0.00 0.00 0.50 409.06
3582 23.34 0.00 0.00 0.50 412.46
3583 23.44 5.39 0.00 0.50 414.97
3584 23.32 21.65 0.00 0.50 418.65
3585 23.68 39.05 0.00 0.70 418.36
3586 23.78 53.81 0.00 0.90 417.91
3587 23.96 64.26 0.00 0.70 418.95
3588 24.95 368.24 66.06 0.90 406.60
3589 27.00 912.21 734.53 0.90 374.09
3590 28.45 875.67 764.45 0.90 377.69
3591 28.33 227.58 22.91 0.50 419.66
3592 28.74 520.90 676.71 0.50 388.56
3593 28.67 280.41 669.60 0.50 393.67
3594 28.06 61.37 269.16 0.50 403.21
3595 27.85 0.00 0.00 0.70 409.73
3596 27.63 0.00 0.00 0.70 410.80
3597 27.42 0.00 0.00 0.70 410.36
3598 27.21 0.00 0.00 0.90 412.62
3599 26.99 0.00 0.00 0.90 412.82
3600 26.78 0.00 0.00 0.70 412.10
3601 26.56 0.00 0.00 0.50 413.02
3602 26.34 0.00 0.00 0.30 417.88
3603 26.11 0.00 0.00 0.30 420.29
3604 26.00 0.00 0.00 0.30 425.47
3605 25.86 0.00 0.00 0.30 428.72
3606 25.71 0.00 0.00 0.50 431.75
3607 25.86 17.09 0.00 0.70 437.90
3608 26.33 71.58 0.00 0.50 435.20
3609 26.56 116.95 0.00 0.30 439.24
3610 27.07 135.28 0.00 0.20 441.20
3611 27.09 192.30 1.24 0.30 441.64
3612 27.59 164.90 0.82 0.30 445.60
3613 27.71 164.91 0.82 0.30 446.85
3614 27.26 206.84 1.48 0.20 441.42
3615 27.49 184.41 2.83 0.20 442.43
3616 27.91 165.37 1.55 0.20 441.39
3617 27.71 74.78 0.00 0.10 444.72
3618 27.31 14.70 0.00 0.10 447.33
3619 25.94 0.00 0.00 0.10 437.86
3620 24.83 0.00 0.00 0.10 429.62
3621 25.59 0.00 0.00 0.10 432.96
3622 26.02 0.00 0.00 0.10 433.66
3623 25.71 0.00 0.00 0.10 431.47
3624 25.33 0.00 0.00 0.10 428.01
3625 25.24 0.00 0.00 0.00 426.02
3626 24.77 0.00 0.00 0.00 421.98
3627 24.30 0.00 0.00 0.00 417.97
3628 24.04 0.00 0.00 0.00 415.26
3629 23.78 0.00 0.00 0.00 412.57
3630 23.59 0.00 0.00 0.00 410.31
3631 24.27 43.82 44.54 0.00 413.44
3632 26.19 280.45 516.70 0.00 394.02
3633 28.09 512.55 683.47 0.00 387.60
3634 29.02 514.64 243.62 0.10 395.19
3635 28.22 115.67 0.00 0.10 422.91
3636 27.89 205.56 8.72 0.20 431.17
3637 28.62 593.49 198.98 0.20 400.11
3638 29.51 778.84 601.91 0.20 390.73
3639 30.05 700.41 827.23 0.20 390.88
3640 30.14 498.88 779.09 0.20 393.70
3641 29.67 266.00 636.78 0.20 396.82
3642 28.79 61.42 280.66 0.20 404.25
3643 28.35 0.00 0.00 0.20 409.04
3644 27.91 0.00 0.00 0.10 409.66
3645 27.47 0.00 0.00 0.10 411.47
3646 27.04 0.00 0.00 0.10 412.50
3647 26.60 0.00 0.00 0.10 414.22
3648 26.16 0.00 0.00 0.10 414.52
3649 25.98 0.00 0.00 0.10 419.48
3650 25.84 0.00 0.00 0.20 422.06
3651 25.70 0.00 0.00 0.10 424.98
3652 24.99 0.00 0.00 0.20 428.04
3653 25.46 0.00 0.00 0.10 430.35
3654 25.33 0.00 0.00 0.10 436.33
3655 25.66 6.11 0.00 0.10 435.76
3656 25.98 40.62 0.00 0.10 435.04
3657 26.19 44.07 0.00 0.00 437.54
3658 26.38 61.05 0.00 0.00 438.80
3659 26.55 73.11 0.00 0.00 438.54
3660 26.98 178.40 6.08 0.00 432.07
3661 28.60 677.13 271.28 0.00 400.31
3662 29.32 458.82 102.49 0.00 413.46
3663 30.37 692.70 690.61 0.00 395.18
3664 30.95 550.98 870.59 0.00 394.47
3665 31.01 295.14 692.32 0.00 405.53
3666 30.50 68.48 344.32 0.00 416.19
3667 30.06 0.00 0.00 0.00 416.28
3668 29.61 0.00 0.00 0.00 415.41
3669 29.17 0.00 0.00 0.10 416.36
3670 28.73 0.00 0.00 0.10 419.00
3671 28.28 0.00 0.00 0.10 419.91
3672 27.84 0.00 0.00 0.10 417.75
3673 27.23 0.00 0.00 0.20 414.45
3674 26.59 0.00 0.00 0.20 417.13
3675 25.95 0.00 0.00 0.20 417.47
3676 25.61 0.00 0.00 0.20 417.15
3677 25.27 0.00 0.00 0.30 417.96
3678 25.04 0.00 0.00 0.20 420.89
3679 25.44 35.43 0.00 0.30 424.52
3680 26.44 203.21 187.64 0.30 412.70
3681 27.52 389.94 286.97 0.30 408.05
3682 28.14 423.88 125.49 0.30 412.09
3683 28.48 413.79 37.48 0.20 418.11
3684 28.85 490.70 84.67 0.30 414.54
3685 28.78 316.52 13.95 0.30 427.70
3686 28.75 324.95 15.90 0.30 424.33
3687 28.41 197.26 2.05 0.30 433.22
3688 27.96 112.98 0.00 0.30 434.34
3689 27.42 26.29 0.00 0.20 438.93
3690 26.94 14.06 0.00 0.30 433.67
3691 26.50 0.00 0.00 0.20 437.39
3692 26.04 0.00 0.00 0.30 436.19
3693 25.67 0.00 0.00 0.30 431.79
3694 25.05 0.00 0.00 0.20 431.32
3695 24.77 0.00 0.00 0.20 426.83
3696 23.76 0.00 0.00 0.20 424.64
3697 24.30 0.00 0.00 0.00 428.04
3698 24.01 0.00 0.00 0.00 426.18
3699 23.72 0.00 0.00 0.20 424.32
3700 23.54 0.00 0.00 0.20 422.03
3701 23.37 0.00 0.00 0.00 421.37
3702 23.23 0.00 0.00 0.00 418.92
3703 23.39 16.13 0.00 0.00 418.24
3704 23.39 24.68 0.00 0.00 423.50
3705 23.87 135.49 0.00 0.10 413.06
3706 26.40 790.90 643.65 0.10 375.63
3707 28.33 943.03 997.98 0.20 366.76
3708 29.78 1020.76 1010.15 0.30 368.62
3709 30.79 1018.89 1009.95 0.30 373.59
3710 31.39 937.54 997.74 0.30 374.89
3711 31.59 782.18 975.78 0.51 376.11
3712 31.34 551.35 918.05 0.51 379.45
3713 30.59 309.55 790.97 0.41 380.24
3714 29.47 68.24 353.56 0.41 386.01
3715 28.79 0.00 0.00 0.30 393.15
3716 28.11 0.00 0.00 0.20 394.39
3717 27.43 0.00 0.00 0.20 396.64
3718 26.75 0.00 0.00 0.20 396.17
3719 26.08 0.00 0.00 0.20 391.26
3720 25.40 0.00 0.00 0.20 391.60
3721 25.03 0.00 0.00 0.20 389.23
3722 24.56 0.00 0.00 0.10 387.11
3723 24.09 0.00 0.00 0.30 386.84
3724 23.80 0.00 0.00 0.20 389.11
3725 23.52 0.00 0.00 0.10 383.83
3726 23.30 0.00 0.00 0.10 385.55
3727 24.07 63.71 272.76 0.10 388.41
3728 25.21 244.80 440.37 0.10 387.12
3729 26.30 414.47 361.54 0.20 384.52
3730 26.71 387.50 93.52 0.30 391.76
3731 28.02 793.59 596.76 0.30 374.20
3732 28.77 748.08 451.18 0.41 384.42
3733 29.29 760.19 476.55 0.30 385.51
3734 29.70 782.99 648.19 0.30 381.42
3735 29.78 644.22 671.46 0.51 385.20
3736 29.55 479.12 709.35 0.51 383.03
3737 28.92 280.27 641.28 0.41 383.40
3738 27.95 65.41 307.22 0.51 392.09
3739 27.32 0.00 0.00 0.30 392.63
3740 26.68 0.00 0.00 0.20 391.06
3741 26.04 0.00 0.00 0.20 390.61
3742 25.41 0.00 0.00 0.10 391.23
3743 24.77 0.00 0.00 0.10 389.88
3744 24.13 0.00 0.00 0.10 388.63
3745 23.97 0.00 0.00 0.10 387.62
3746 23.80 0.00 0.00 0.20 386.83
3747 23.63 0.00 0.00 0.30 385.07
3748 23.54 0.00 0.00 0.30 386.47
3749 23.45 0.00 0.00 0.10 393.61
3750 23.39 0.00 0.00 0.00 395.44
3751 24.34 56.92 179.92 0.00 400.53
3752 26.05 260.88 547.80 0.10 393.50
3753 27.82 475.87 664.76 0.20 394.24
3754 29.46 655.63 684.13 0.30 391.40
3755 30.93 802.06 740.56 0.41 389.38
3756 32.07 861.96 712.89 0.41 390.63
3757 32.89 863.42 724.05 0.41 394.20
3758 33.32 777.19 674.35 0.51 396.43
3759 33.41 642.62 667.37 0.51 395.37
3760 32.97 451.81 613.45 0.51 398.65
3761 32.06 235.50 452.67 0.41 404.28
3762 30.84 48.46 122.78 0.30 416.12
3763 30.18 0.00 0.00 0.30 422.20
3764 29.52 0.00 0.00 0.20 421.86
3765 28.86 0.00 0.00 0.20 419.75
3766 28.20 0.00 0.00 0.10 417.64
3767 27.54 0.00 0.00 0.10 414.56
3768 26.87 0.00 0.00 0.10 413.60
3769 26.26 0.00 0.00 0.20 409.92
3770 25.53 0.00 0.00 0.10 407.22
3771 24.81 0.00 0.00 0.30 406.72
3772 24.39 0.00 0.00 0.30 406.38
3773 23.98 0.00 0.00 0.10 406.90
3774 23.66 0.00 0.00 0.10 407.14
3775 24.18 45.78 67.97 0.00 410.20
3776 25.52 257.23 479.85 0.10 395.75
3777 26.59 407.92 348.25 0.10 399.60
3778 27.88 644.83 582.84 0.20 389.21
3779 29.09 820.20 752.95 0.30 386.46
3780 29.93 851.33 642.11 0.41 391.05
3781 30.64 922.02 836.53 0.41 387.71
3782 31.09 891.11 913.43 0.61 383.17
3783 31.14 709.52 853.05 0.81 389.20
3784 30.84 530.95 848.93 0.61 388.64
3785 30.05 286.58 703.28 0.81 392.90
3786 28.95 65.90 327.05 0.61 400.30
3787 28.21 0.00 0.00 0.61 399.73
3788 27.47 0.00 0.00 0.61 398.14
3789 26.73 0.00 0.00 0.61 397.45
3790 25.99 0.00 0.00 0.61 393.59
3791 25.25 0.00 0.00 0.61 393.36
3792 24.51 0.00 0.00 0.61 391.79
3793 24.29 0.00 0.00 0.51 392.14
3794 24.03 0.00 0.00 0.51 393.34
3795 23.78 0.00 0.00 0.81 394.10
3796 23.64 0.00 0.00 0.81 392.65
3797 23.50 0.00 0.00 0.41 391.88
3798 23.40 0.00 0.00 0.30 390.41
3799 24.30 56.49 180.96 0.30 397.70
3800 26.09 279.44 545.79 0.41 385.37
3801 27.92 509.01 809.72 0.41 383.34
3802 29.62 703.95 858.65 0.61 381.26
3803 31.09 844.81 879.04 1.01 384.27
3804 32.25 914.83 880.61 1.62 384.39
3805 33.06 909.79 871.59 2.13 384.21
3806 33.51 836.20 867.84 2.84 385.12
3807 33.60 695.93 854.15 3.65 387.97
3808 33.19 501.82 812.36 3.65 391.36
3809 32.26 270.99 542.07 3.65 399.64
3810 30.98 51.07 111.39 3.65 409.35
3811 30.26 0.00 0.00 2.13 415.79
3812 29.54 0.00 0.00 1.62 414.08
3813 28.82 0.00 0.00 1.62 411.03
3814 28.10 0.00 0.00 1.62 407.83
3815 27.38 0.00 0.00 1.62 405.99
3816 26.66 0.00 0.00 1.32 408.67
3817 26.08 0.00 0.00 0.81 408.39
3818 25.45 0.00 0.00 0.81 408.56
3819 24.82 0.00 0.00 1.32 404.16
3820 24.48 0.00 0.00 1.01 402.81
3821 24.14 0.00 0.00 0.51 403.06
3822 23.90 0.00 0.00 0.51 404.36
3823 24.61 46.42 77.51 0.51 408.89
3824 25.40 149.98 55.47 0.41 411.77
3825 26.10 236.81 21.52 0.81 410.42
3826 26.83 335.21 40.75 1.01 407.06
3827 27.97 560.74 211.15 1.32 399.65
3828 29.00 663.66 270.11 1.62 399.81
3829 30.03 798.64 545.12 2.13 392.83
3830 30.69 749.30 580.88 2.13 393.01
3831 30.74 493.84 260.19 2.13 404.13
3832 30.74 476.62 615.96 2.13 394.79
3833 30.27 282.79 660.22 1.62 393.22
3834 29.38 67.63 326.08 2.13 401.54
3835 28.84 0.00 0.00 1.32 406.12
3836 28.30 0.00 0.00 1.01 407.29
3837 27.77 0.00 0.00 1.01 408.55
3838 27.23 0.00 0.00 0.81 408.02
3839 26.69 0.00 0.00 0.61 409.83
3840 26.16 0.00 0.00 0.51 408.41
3841 25.85 0.00 0.00 0.61 407.46
3842 25.49 0.00 0.00 0.61 408.29
3843 25.13 0.00 0.00 0.61 409.09
3844 24.93 0.00 0.00 0.61 411.00
3845 24.72 0.00 0.00 0.61 414.64
3846 24.57 0.00 0.00 0.61 418.10
3847 25.13 35.92 5.65 0.81 418.32
3848 26.35 185.42 119.37 0.81 411.08
3849 27.63 345.03 142.92 0.81 409.51
3850 28.92 505.92 253.79 0.61 401.34
3851 29.23 374.42 30.40 0.51 418.60
3852 29.74 485.33 84.32 0.61 415.17
3853 30.21 535.12 125.67 0.61 413.62
3854 29.90 389.35 35.85 0.81 433.95
3855 30.24 412.39 112.73 0.81 426.67
3856 29.94 296.06 114.81 0.81 426.65
3857 29.80 286.43 545.70 0.61 397.99
3858 29.07 68.19 299.28 0.51 407.39
3859 28.73 0.00 0.00 0.61 411.41
3860 28.40 0.00 0.00 0.51 412.67
3861 28.06 0.00 0.00 0.51 412.55
3862 27.73 0.00 0.00 0.51 414.58
3863 27.39 0.00 0.00 0.61 415.54
3864 27.06 0.00 0.00 0.51 414.16
3865 26.98 0.00 0.00 0.61 410.69
3866 26.93 0.00 0.00 0.61 415.35
3867 26.88 0.00 0.00 0.61 419.57
3868 26.87 0.00 0.00 0.81 418.63
3869 26.86 0.00 0.00 0.81 422.91
3870 26.87 0.00 0.00 0.61 422.52
3871 27.69 48.46 64.02 0.61 426.99
3872 29.12 219.71 304.72 0.51 422.22
3873 30.20 327.01 148.19 0.51 423.87
3874 31.09 413.80 111.92 0.51 431.78
3875 32.16 563.99 218.43 0.51 423.10
3876 32.28 344.95 30.16 0.61 441.58
3877 32.99 611.99 215.31 0.51 421.39
3878 33.57 628.20 319.77 0.61 419.69
3879 33.91 565.96 393.11 0.51 420.66
3880 33.44 255.98 64.12 0.51 446.03
3881 32.37 43.10 0.00 0.61 464.51
3882 31.84 5.97 0.00 0.61 467.66
3883 31.20 0.00 0.00 0.61 460.87
3884 30.56 0.00 0.00 0.61 453.83
3885 29.91 0.00 0.00 0.81 446.98
3886 29.27 0.00 0.00 0.81 441.65
3887 28.62 0.00 0.00 0.81 433.51
3888 27.98 0.00 0.00 0.51 426.88
3889 27.18 0.00 0.00 0.30 422.98
3890 26.28 0.00 0.00 0.20 421.49
3891 25.39 0.00 0.00 0.41 415.66
3892 24.90 0.00 0.00 0.41 412.65
3893 24.40 0.00 0.00 0.20 406.71
3894 24.04 0.00 0.00 0.10 401.56
3895 24.82 64.66 274.33 0.20 402.44
3896 26.12 270.42 587.88 0.20 396.95
3897 27.37 464.42 600.77 0.20 397.32
3898 28.77 707.59 806.56 0.30 387.99
3899 29.83 804.23 754.11 0.30 395.65
3900 30.59 839.28 620.16 0.30 395.48
3901 31.20 888.62 741.45 0.30 390.07
3902 31.32 703.87 488.97 0.41 396.68
3903 31.03 515.70 279.93 0.51 403.71
3904 30.34 321.09 142.77 0.51 411.05
3905 29.49 198.69 166.35 0.61 408.85
3906 28.48 44.64 48.39 0.51 417.17
3907 28.00 0.00 0.00 0.51 417.26
3908 27.52 0.00 0.00 0.41 415.26
3909 27.04 0.00 0.00 0.30 414.55
3910 26.56 0.00 0.00 0.30 410.92
3911 26.08 0.00 0.00 0.30 408.24
3912 25.60 0.00 0.00 0.30 406.13
3913 25.57 0.00 0.00 0.20 405.77
3914 25.64 0.00 0.00 0.20 403.88
3915 25.71 0.00 0.00 0.30 401.60
3916 25.79 0.00 0.00 0.30 401.11
3917 25.88 0.00 0.00 0.20 396.09
3918 25.97 0.00 0.00 0.10 394.58
3919 26.93 73.48 394.36 0.10 398.11
3920 28.39 305.78 743.60 0.10 386.62
3921 29.94 562.46 770.25 0.20 384.66
3922 30.69 535.53 299.38 0.20 401.07
3923 32.12 938.80 848.54 0.30 382.38
3924 33.26 1020.10 758.52 0.41 384.40
3925 32.44 248.02 26.25 0.30 434.18
3926 31.55 123.73 0.00 0.51 440.78
3927 30.73 60.70 0.00 0.61 438.35
3928 30.07 43.73 0.00 0.61 435.14
3929 29.50 23.85 0.00 0.61 436.54
3930 29.02 5.49 0.00 0.61 435.66
3931 28.84 0.00 0.00 0.41 435.75
3932 28.56 0.00 0.00 0.30 443.40
3933 28.46 0.00 0.00 0.30 441.14
3934 28.30 0.00 0.00 0.20 442.12
3935 28.12 0.00 0.00 0.30 439.33
3936 27.95 0.00 0.00 0.30 436.54
3937 27.28 0.00 0.00 0.20 430.92
3938 26.57 0.00 0.00 0.10 426.00
3939 25.86 0.00 0.00 0.20 421.93
3940 25.49 0.00 0.00 0.20 421.18
3941 25.12 0.00 0.00 0.00 420.25
3942 24.86 0.00 0.00 0.00 417.70
3943 25.38 41.19 29.14 0.00 418.66
3944 26.12 155.66 59.61 0.00 412.61
3945 27.02 306.02 117.09 0.10 412.22
3946 28.24 536.53 322.95 0.20 401.61
3947 29.36 685.74 465.43 0.30 397.59
3948 30.10 689.30 318.24 0.30 399.92
3949 30.32 537.59 129.54 0.41 411.78
3950 30.40 490.84 110.30 0.41 409.83
3951 30.27 392.53 100.20 0.30 414.30
3952 29.69 193.43 14.56 0.30 425.08
3953 28.85 22.20 0.00 0.30 441.94
3954 28.15 22.87 0.00 0.30 432.43
3955 27.70 0.00 0.00 0.30 430.29
3956 27.25 0.00 0.00 0.20 426.24
3957 26.80 0.00 0.00 0.20 422.69
3958 26.35 0.00 0.00 0.20 417.25
3959 25.75 0.00 0.00 0.10 418.18
3960 25.41 0.00 0.00 0.10 416.88
3961 25.18 0.00 0.00 0.10 421.06
3962 24.92 0.00 0.00 0.10 418.13
3963 24.67 0.00 0.00 0.30 415.57
3964 24.54 0.00 0.00 0.30 413.66
3965 24.42 0.00 0.00 0.20 411.75
3966 24.34 0.00 0.00 0.20 410.13
3967 25.13 47.55 63.90 0.20 413.46
3968 26.26 183.39 122.40 0.30 410.27
3969 27.19 284.52 73.52 0.41 410.63
3970 27.85 330.90 40.23 0.51 410.54
3971 28.88 520.50 162.29 0.61 401.97
3972 29.82 613.28 219.50 0.81 400.10
3973 30.92 793.97 525.31 0.81 391.62
3974 31.75 799.80 716.74 1.32 391.56
3975 32.11 635.83 579.47 1.62 395.41
3976 31.70 316.91 134.63 2.13 412.95
3977 31.02 184.65 106.54 1.62 411.08
3978 30.14 44.69 50.32 2.13 416.85
3979 29.58 0.00 0.00 1.62 419.68
3980 29.02 0.00 0.00 1.01 417.06
3981 28.46 0.00 0.00 1.01 418.14
3982 27.90 0.00 0.00 1.32 416.49
3983 27.34 0.00 0.00 0.81 417.59
3984 26.78 0.00 0.00 0.81 414.71
3985 26.18 0.00 0.00 1.32 412.47
3986 25.53 0.00 0.00 1.01 409.94
3987 24.87 0.00 0.00 1.01 410.44
3988 24.52 0.00 0.00 1.01 405.48
3989 24.16 0.00 0.00 0.81 404.70
3990 23.91 0.00 0.00 0.61 404.96
3991 24.32 37.11 19.19 0.81 405.45
3992 24.75 116.45 7.47 0.81 409.96
3993 25.56 286.23 90.56 0.81 399.55
3994 26.68 526.20 285.50 0.81 388.30
3995 26.64 245.49 11.68 1.01 411.65
3996 26.88 383.09 25.06 1.01 407.07
3997 27.21 481.76 83.56 1.32 402.19
3998 27.34 418.55 81.91 1.32 404.79
3999 27.69 607.26 502.28 1.32 384.95
4000 27.22 158.53 1.11 1.62 424.42
4001 26.51 48.21 0.00 1.62 429.28
4002 26.03 6.90 0.00 1.62 432.98
4003 25.24 0.00 0.00 2.84 429.92
4004 25.36 0.00 0.00 2.13 430.49
4005 24.98 0.00 0.00 2.13 427.99
4006 24.61 0.00 0.00 2.84 423.77
4007 24.24 0.00 0.00 2.84 422.56
4008 23.87 0.00 0.00 2.84 418.77
4009 23.75 0.00 0.00 1.01 415.63
4010 23.61 0.00 0.00 1.01 410.72
4011 23.48 0.00 0.00 2.13 408.45
4012 23.40 0.00 0.00 2.13 407.06
4013 23.32 0.00 0.00 1.01 405.15
4014 23.26 0.00 0.00 1.01 398.52
4015 23.94 41.27 49.77 0.81 394.25
4016 25.45 221.10 332.71 0.81 386.35
4017 27.22 445.14 483.00 0.81 384.42
4018 27.81 379.28 93.32 1.01 399.75
4019 27.79 287.75 12.93 1.32 424.17
4020 28.34 458.29 42.95 2.13 404.73
4021 28.66 443.15 37.51 3.65 405.04
4022 29.00 498.54 149.00 4.56 400.70
4023 29.64 691.94 694.18 4.56 383.90
4024 29.58 373.66 250.66 4.56 401.11
4025 28.75 155.40 78.99 3.65 425.21
4026 28.23 70.70 196.94 2.84 397.77
4027 27.76 0.00 0.00 1.62 393.75
4028 27.29 0.00 0.00 1.01 393.93
4029 26.82 0.00 0.00 1.01 395.85
4030 26.35 0.00 0.00 1.01 394.44
4031 25.88 0.00 0.00 0.81 391.34
4032 25.40 0.00 0.00 0.81 392.63
4033 25.03 0.00 0.00 0.81 387.95
4034 24.54 0.00 0.00 0.51 385.17
4035 24.05 0.00 0.00 0.81 384.81
4036 23.75 0.00 0.00 1.01 382.87
4037 23.45 0.00 0.00 0.61 385.65
4038 23.21 0.00 0.00 0.51 392.39
4039 23.79 51.98 156.63 0.51 397.04
4040 24.83 222.92 381.96 0.61 394.91
4041 26.12 448.12 584.34 1.01 389.62
4042 27.37 644.16 615.03 1.01 386.07
4043 27.97 605.09 273.59 1.32 396.25
4044 28.68 759.95 473.64 2.13 392.10
4045 28.84 600.13 202.26 2.13 405.41
4046 28.97 620.77 297.52 1.62 402.45
4047 28.70 436.69 161.51 2.13 406.32
4048 28.54 468.04 529.82 2.84 394.94
4049 28.02 295.03 691.79 1.62 393.08
4050 27.14 71.87 372.00 2.13 399.31
4051 26.67 0.00 0.00 1.32 406.10
4052 26.20 0.00 0.00 1.01 405.01
4053 25.73 0.00 0.00 1.01 404.26
4054 25.26 0.00 0.00 0.81 403.26
4055 24.79 0.00 0.00 1.01 406.33
4056 24.32 0.00 0.00 1.62 408.51
4057 24.42 0.00 0.00 2.84 412.92
4058 24.53 0.00 0.00 3.65 413.38
4059 24.65 0.00 0.00 3.65 417.26
4060 24.71 0.00 0.00 3.65 418.10
4061 24.78 0.00 0.00 3.65 423.76
4062 24.83 0.00 0.00 2.84 427.36
4063 25.12 15.85 0.00 3.65 432.26
4064 25.21 30.37 0.00 2.13 436.00
4065 25.98 151.11 0.00 2.13 428.19
4066 26.76 233.42 7.05 2.84 424.41
4067 27.41 291.60 11.14 2.13 425.99
4068 27.80 275.20 3.31 1.62 427.84
4069 28.19 317.53 12.53 1.62 426.20
4070 28.53 338.77 18.76 2.84 422.67
4071 28.65 258.35 14.30 2.13 427.62
4072 28.17 42.75 0.00 2.13 447.25
4073 27.86 70.21 0.00 2.84 435.53
4074 27.40 21.38 0.00 2.84 437.21
4075 27.42 0.00 0.00 2.13 435.30
4076 27.15 0.00 0.00 1.62 437.06
4077 26.95 0.00 0.00 2.13 436.12
4078 26.30 0.00 0.00 1.62 436.02
4079 27.19 0.00 0.00 1.62 433.60
4080 27.10 0.00 0.00 2.13 432.52
4081 26.94 0.00 0.00 1.62 440.67
4082 26.64 0.00 0.00 2.13 441.04
4083 25.69 0.00 0.00 1.62 438.62
4084 24.84 0.00 0.00 2.13 433.43
4085 26.16 0.00 0.00 1.32 437.89
4086 26.56 0.00 0.00 1.32 437.03
4087 26.80 6.72 0.00 1.01 437.45
4088 26.95 27.77 0.00 1.32 434.68
4089 26.90 52.97 0.00 1.32 439.89
4090 27.19 67.74 0.00 1.62 436.25
4091 26.61 84.28 0.00 1.32 435.95
4092 27.46 94.17 0.00 1.32 436.72
4093 27.17 105.39 0.00 1.32 437.79
4094 27.40 98.10 0.00 1.01 439.29
4095 27.69 82.39 0.00 1.01 437.64
4096 27.67 65.50 0.00 1.32 437.20
4097 27.64 34.00 0.00 1.32 438.18
4098 27.52 8.58 0.00 1.32 438.53
4099 27.34 0.00 0.00 1.32 435.65
4100 27.17 0.00 0.00 1.62 432.17
4101 26.85 0.00 0.00 1.32 428.48
4102 26.81 0.00 0.00 1.32 430.96
4103 26.64 0.00 0.00 1.01 429.10
4104 26.39 0.00 0.00 0.81 421.63
4105 25.91 0.00 0.00 0.41 420.34
4106 25.28 0.00 0.00 0.41 414.49
4107 24.64 0.00 0.00 0.81 410.52
4108 24.28 0.00 0.00 0.81 407.54
4109 23.91 0.00 0.00 0.30 405.44
4110 23.64 0.00 0.00 0.30 403.79
4111 24.34 50.05 144.58 0.41 406.11
4112 25.77 242.13 508.03 0.51 402.34
4113 27.33 461.21 654.29 0.81 399.75
4114 28.77 637.81 673.64 1.01 393.76
4115 29.99 763.80 657.67 1.32 396.31
4116 30.87 799.03 555.53 1.62 399.38
4117 31.49 808.32 602.69 2.13 400.80
4118 31.86 770.87 650.07 1.62 400.31
4119 31.89 634.09 637.06 2.13 403.92
4120 31.51 466.80 650.57 2.13 408.28
4121 30.69 260.78 532.77 1.62 410.63
4122 29.53 55.42 173.24 2.13 423.28
4123 29.30 0.00 0.00 1.62 430.03
4124 29.07 0.00 0.00 1.32 433.23
4125 28.85 0.00 0.00 1.62 432.59
4126 28.62 0.00 0.00 1.01 436.61
4127 28.39 0.00 0.00 1.01 436.07
4128 28.16 0.00 0.00 0.81 438.28
4129 28.36 0.00 0.00 1.01 440.52
4130 28.59 0.00 0.00 1.32 440.84
4131 28.82 0.00 0.00 1.32 444.50
4132 28.94 0.00 0.00 1.62 450.04
4133 29.00 0.00 0.00 2.13 452.25
4134 29.06 0.00 0.00 2.13 453.85
4135 29.39 10.82 0.00 1.62 455.81
4136 29.85 51.18 0.00 1.32 454.50
4137 30.22 85.24 0.00 1.01 455.77
4138 30.56 127.77 0.00 1.01 454.90
4139 30.96 139.01 0.00 1.01 458.21
4140 31.27 167.10 0.57 1.01 456.12
4141 31.45 159.95 0.46 1.01 457.80
4142 31.64 141.00 0.03 1.01 459.66
4143 31.66 107.66 0.00 0.81 452.24
4144 31.60 85.50 0.00 0.81 449.44
4145 31.44 49.62 0.00 0.81 452.33
4146 31.04 12.80 0.00 0.61 458.81
4147 30.57 0.00 0.00 0.81 459.43
4148 30.50 0.00 0.00 0.81 458.97
4149 29.98 0.00 0.00 0.81 457.14
4150 29.01 0.00 0.00 0.61 456.10
4151 30.03 0.00 0.00 0.81 456.34
4152 29.90 0.00 0.00 0.61 455.35
4153 29.70 0.00 0.00 0.61 453.62
4154 29.45 0.00 0.00 0.51 453.52
4155 29.15 0.00 0.00 0.61 456.38
4156 28.99 0.00 0.00 0.61 457.51
4157 28.82 0.00 0.00 0.51 456.94
4158 28.70 0.00 0.00 0.61 455.90
4159 28.73 11.89 0.00 0.61 456.59
4160 28.91 52.38 0.00 0.61 455.27
4161 29.57 138.54 0.00 0.61 448.01
4162 29.90 143.39 0.00 0.81 450.32
4163 30.12 167.50 0.72 0.81 444.79
4164 30.41 227.05 1.90 0.81 443.90
4165 30.63 235.88 1.34 1.01 442.98
4166 30.78 231.95 1.90 1.01 441.03
4167 30.89 227.37 6.53 0.81 439.55
4168 30.84 143.32 0.00 0.81 444.66
4169 30.62 68.73 0.00 1.01 449.69
4170 30.32 14.40 0.00 1.32 451.72
4171 29.99 0.00 0.00 1.32 451.78
4172 28.51 0.00 0.00 1.32 452.00
4173 29.37 0.00 0.00 1.01 446.21
4174 28.59 0.00 0.00 1.32 448.37
4175 28.48 0.00 0.00 1.32 449.53
4176 28.34 0.00 0.00 1.32 445.45
4177 28.29 0.00 0.00 1.62 446.20
4178 28.08 0.00 0.00 1.62 444.86
4179 27.87 0.00 0.00 2.13 443.94
4180 27.78 0.00 0.00 2.13 442.46
4181 27.68 0.00 0.00 2.84 440.73
4182 27.63 0.00 0.00 2.13 439.75
4183 28.03 29.54 0.00 2.84 440.10
4184 28.65 122.64 24.81 3.65 433.02
4185 30.11 412.42 377.38 4.56 414.58
4186 31.06 476.14 237.20 5.78 425.96
4187 31.33 356.43 26.48 5.78 428.70
4188 31.71 450.65 46.50 5.78 427.52
4189 31.81 349.68 18.68 4.56 434.71
4190 31.30 120.18 0.00 4.56 442.55
4191 30.99 152.85 0.25 2.84 435.33
4192 30.47 42.48 0.00 2.84 456.52
4193 30.12 47.94 0.00 2.13 440.45
4194 29.75 23.10 0.00 1.62 436.09
4195 29.35 0.00 0.00 2.13 442.55
4196 29.05 0.00 0.00 2.13 440.81
4197 27.87 0.00 0.00 2.13 441.87
4198 28.10 0.00 0.00 2.84 443.99
4199 27.92 0.00 0.00 2.84 444.48
4200 27.67 0.00 0.00 2.13 439.88
4201 27.37 0.00 0.00 2.13 443.51
4202 26.73 0.00 0.00 1.62 437.32
4203 26.47 0.00 0.00 2.13 438.89
4204 26.24 0.00 0.00 1.32 438.05
4205 25.91 0.00 0.00 1.01 432.06
4206 25.85 0.00 0.00 1.62 434.88
4207 26.07 16.04 0.00 2.13 437.59
4208 26.72 104.02 0.00 2.13 428.14
4209 27.07 142.30 0.00 2.13 434.50
4210 27.88 298.64 27.35 1.62 427.94
4211 27.59 225.78 9.73 1.62 438.74
4212 29.04 515.62 121.80 1.32 420.46
4213 29.92 628.91 265.53 1.01 409.68
4214 30.04 351.72 41.49 1.01 425.83
4215 30.39 503.00 272.80 1.32 411.94
4216 30.12 212.40 23.94 1.32 429.04
4217 29.75 154.21 61.83 1.62 426.86
4218 29.18 31.17 0.00 1.62 435.80
4219 28.85 0.00 0.00 2.13 439.37
4220 28.51 0.00 0.00 1.32 439.92
4221 28.18 0.00 0.00 1.01 439.58
4222 27.84 0.00 0.00 1.32 435.50
4223 27.51 0.00 0.00 1.01 433.82
4224 27.17 0.00 0.00 1.01 433.49
4225 26.94 0.00 0.00 0.61 431.76
4226 26.70 0.00 0.00 0.41 434.05
4227 26.47 0.00 0.00 0.81 432.17
4228 26.29 0.00 0.00 1.01 427.98
4229 26.23 0.00 0.00 0.41 428.34
4230 26.15 0.00 0.00 0.61 427.46
4231 26.67 32.74 0.18 0.61 430.35
4232 27.45 131.00 27.24 0.61 431.82
4233 29.01 376.98 300.85 1.01 418.79
4234 30.55 568.39 428.38 1.01 410.76
4235 31.30 512.72 157.46 1.32 418.01
4236 31.99 587.12 187.65 1.62 414.55
4237 33.03 823.55 535.42 2.84 401.18
4238 33.24 542.24 188.21 2.84 419.57
4239 33.24 445.95 133.59 3.65 423.40
4240 32.91 327.89 161.76 3.65 425.38
4241 31.93 34.84 0.00 3.65 453.17
4242 31.04 5.64 0.00 3.65 460.23
4243 30.62 0.00 0.00 1.62 462.75
4244 30.20 0.00 0.00 1.62 456.09
4245 29.78 0.00 0.00 1.32 454.22
4246 29.36 0.00 0.00 1.32 447.97
4247 28.94 0.00 0.00 1.32 445.70
4248 28.52 0.00 0.00 1.01 443.05
4249 28.11 0.00 0.00 1.32 437.94
4250 27.73 0.00 0.00 2.13 433.98
4251 27.35 0.00 0.00 1.62 427.70
4252 27.17 0.00 0.00 1.62 426.25
4253 26.99 0.00 0.00 1.32 425.81
4254 26.89 0.00 0.00 1.32 426.16
4255 27.45 43.30 79.69 1.32 423.59
4256 28.90 275.73 533.41 1.62 405.91
4257 29.77 363.52 265.49 1.62 416.39
4258 30.81 558.14 391.05 2.13 408.37
4259 31.45 560.12 223.33 2.13 413.44
4260 32.12 672.12 304.15 2.13 407.88
4261 32.65 695.07 329.41 2.84 404.22
4262 32.39 365.00 47.33 2.84 437.40
4263 31.55 54.84 0.00 2.84 464.75
4264 30.73 39.72 0.00 2.84 459.68
4265 29.81 21.95 0.00 2.84 457.99
4266 29.69 5.55 0.00 2.84 454.29
4267 29.21 0.00 0.00 2.84 448.86
4268 28.73 0.00 0.00 2.84 443.48
4269 28.26 0.00 0.00 2.13 438.13
4270 27.78 0.00 0.00 2.13 435.20
4271 27.30 0.00 0.00 1.62 430.33
4272 26.83 0.00 0.00 2.13 425.86
4273 26.22 0.00 0.00 1.62 422.26
4274 25.46 0.00 0.00 1.32 418.85
4275 24.71 0.00 0.00 2.13 414.38
4276 24.26 0.00 0.00 2.13 405.93
4277 23.81 0.00 0.00 1.01 400.13
4278 23.47 0.00 0.00 1.32 393.94
4279 23.90 49.18 149.51 1.01 388.73
4280 24.88 240.86 527.16 1.01 380.38
4281 25.98 463.54 682.00 1.32 379.15
4282 26.98 641.16 696.97 1.62 379.89
4283 27.82 769.21 681.60 2.84 378.95
4284 28.45 826.96 635.98 3.65 383.20
4285 28.88 838.64 662.04 4.56 384.14
4286 29.06 771.08 655.92 5.78 389.24
4287 28.99 628.98 612.79 5.78 393.72
4288 28.55 435.66 493.03 5.78 399.52
4289 27.82 238.66 404.60 3.65 402.64
4290 26.87 55.91 160.53 3.65 410.12
4291 26.22 0.00 0.00 2.13 408.51
4292 25.56 0.00 0.00 1.62 403.25
4293 24.91 0.00 0.00 1.62 402.82
4294 24.25 0.00 0.00 1.32 400.36
4295 23.60 0.00 0.00 0.81 397.82
4296 22.94 0.00 0.00 0.61 396.60
4297 22.99 0.00 0.00 0.41 397.53
4298 23.04 0.00 0.00 0.51 396.26
4299 23.10 0.00 0.00 0.81 395.19
4300 23.14 0.00 0.00 0.61 391.71
4301 23.17 0.00 0.00 0.30 389.61
4302 23.20 0.00 0.00 0.30 388.35
4303 24.05 46.48 122.09 0.30 389.93
4304 25.65 224.26 427.21 0.30 387.63
4305 27.38 424.73 522.92 0.41 385.67
4306 29.06 605.17 571.63 0.51 384.53
4307 30.53 731.80 603.00 0.61 389.20
4308 31.72 802.54 592.45 0.81 389.59
4309 32.63 821.80 609.74 1.01 387.19
4310 33.15 752.17 598.27 0.81 388.17
4311 33.34 639.29 637.43 1.01 388.08
4312 33.05 457.78 597.53 0.81 391.08
4313 32.23 249.77 462.41 0.61 394.13
4314 31.07 57.96 195.70 0.81 400.56
4315 30.45 0.00 0.00 0.61 408.20
4316 29.82 0.00 0.00 0.41 409.32
4317 29.20 0.00 0.00 0.30 407.48
4318 28.58 0.00 0.00 0.41 407.05
4319 27.96 0.00 0.00 0.30 407.19
4320 27.33 0.00 0.00 0.41 406.27
4321 26.64 0.00 0.00 0.41 408.47
4322 25.86 0.00 0.00 0.30 407.17
4323 25.08 0.00 0.00 0.81 407.65
4324 24.65 0.00 0.00 0.61 405.25
4325 24.22 0.00 0.00 0.41 404.16
4326 23.90 0.00 0.00 0.41 402.98
4327 24.50 44.92 73.18 0.51 405.74
4328 25.59 199.63 289.07 0.61 401.62
4329 26.81 380.97 359.17 1.01 400.17
4330 28.04 556.44 406.44 1.32 395.60
4331 28.85 589.56 272.52 1.32 403.78
4332 29.42 613.95 223.00 1.32 403.81
4333 30.34 862.92 674.24 1.62 390.04
4334 30.93 820.16 790.98 2.13 390.91
4335 31.18 709.34 836.89 2.13 390.69
4336 31.05 511.28 763.05 2.13 390.21
4337 30.38 280.49 584.45 1.62 393.60
4338 29.37 73.51 295.03 1.32 400.52
4339 28.85 0.00 0.00 0.61 404.16
4340 28.32 0.00 0.00 0.41 404.92
4341 27.80 0.00 0.00 0.30 403.24
4342 27.28 0.00 0.00 0.30 401.01
4343 26.75 0.00 0.00 0.30 397.48
4344 26.23 0.00 0.00 0.30 398.23
4345 26.03 0.00 0.00 0.10 406.40
4346 25.95 0.00 0.00 0.10 403.14
4347 25.86 0.00 0.00 0.30 407.26
4348 25.84 0.00 0.00 0.20 407.38
4349 25.82 0.00 0.00 0.00 408.95
4350 25.81 0.00 0.00 0.00 408.32
4351 26.58 46.56 126.03 0.00 410.32
4352 28.11 234.65 496.58 0.10 405.71
4353 29.71 438.10 560.96 0.10 404.20
4354 31.24 615.64 603.22 0.30 397.75
4355 32.63 762.45 658.97 0.60 398.77
4356 33.76 833.78 654.43 1.19 399.69
4357 34.59 840.23 662.06 1.19 401.78
4358 35.12 785.83 697.47 1.19 400.26
4359 35.33 669.28 735.50 1.69 402.23
4360 35.08 479.60 662.21 1.69 404.63
4361 34.37 264.40 523.41 1.69 410.35
4362 33.31 59.41 206.87 1.19 420.15
4363 32.71 0.00 0.00 1.19 422.77
4364 32.10 0.00 0.00 0.70 423.39
4365 31.50 0.00 0.00 0.70 421.56
4366 30.89 0.00 0.00 0.70 421.84
4367 30.29 0.00 0.00 0.70 421.04
4368 29.68 0.00 0.00 0.70 420.75
4369 28.92 0.00 0.00 0.60 416.10
4370 28.10 0.00 0.00 0.40 414.14
4371 27.27 0.00 0.00 0.70 414.69
4372 26.83 0.00 0.00 0.70 413.56
4373 26.38 0.00 0.00 0.30 411.48
4374 26.07 0.00 0.00 0.30 413.12
4375 26.65 47.43 103.02 0.40 417.66
4376 28.28 294.59 650.91 0.40 404.43
4377 29.97 554.71 918.94 0.70 404.28
4378 31.50 764.70 968.23 1.00 398.49
4379 32.65 857.54 759.13 1.49 397.69
4380 32.71 556.05 163.82 1.99 423.29
4381 32.81 594.91 187.04 1.99 415.25
4382 32.73 519.60 155.63 1.99 418.92
4383 32.34 396.12 90.13 2.39 426.93
4384 31.71 267.45 50.19 2.39 430.09
4385 30.89 123.14 8.70 1.99 438.51
4386 30.02 38.90 12.93 1.99 434.74
4387 29.48 0.00 0.00 1.49 433.30
4388 28.94 0.00 0.00 0.70 427.16
4389 28.39 0.00 0.00 1.00 424.80
4390 27.85 0.00 0.00 1.00 421.97
4391 27.31 0.00 0.00 1.00 418.29
4392 26.76 0.00 0.00 0.70 414.84
4393 26.52 0.00 0.00 1.19 414.04
4394 26.25 0.00 0.00 0.60 411.62
4395 25.97 0.00 0.00 1.19 407.94
4396 25.82 0.00 0.00 1.00 407.27
4397 25.67 0.00 0.00 0.60 406.53
4398 25.56 0.00 0.00 0.60 403.89
4399 26.33 45.83 121.08 0.60 403.79
4400 27.92 232.86 490.26 0.70 399.22
4401 29.53 421.70 484.47 1.19 395.95
4402 31.01 579.09 496.07 1.19 397.11
4403 32.31 703.91 500.67 1.69 399.67
4404 32.71 543.52 136.43 1.69 418.58
4405 33.02 559.00 149.56 2.39 418.08
4406 33.45 651.09 343.08 2.69 407.73
4407 33.70 614.13 512.83 2.99 403.73
4408 33.82 566.72 767.55 3.48 397.31
4409 33.32 318.15 776.40 2.99 401.05
4410 32.33 85.51 472.90 2.99 409.53
4411 31.66 0.00 0.00 2.39 412.40
4412 30.98 0.00 0.00 1.99 414.37
4413 30.30 0.00 0.00 1.99 411.68
4414 29.62 0.00 0.00 1.69 412.06
4415 28.94 0.00 0.00 1.49 410.21
4416 28.26 0.00 0.00 1.19 409.26
4417 27.73 0.00 0.00 1.49 411.49
4418 27.14 0.00 0.00 1.49 412.01
4419 26.56 0.00 0.00 1.99 412.49
4420 26.25 0.00 0.00 1.69 412.70
4421 25.94 0.00 0.00 1.19 414.01
4422 25.71 0.00 0.00 1.19 411.42
4423 26.35 45.16 86.65 1.19 411.09
4424 28.15 288.16 644.37 1.69 394.60
4425 29.91 525.58 898.65 2.39 394.55
4426 31.90 822.55 963.71 1.99 387.22
4427 33.44 945.39 804.79 2.69 390.79
4428 33.55 585.00 199.65 2.99 416.46
4429 33.63 591.57 161.05 3.48 416.75
4430 33.65 576.05 225.09 3.48 413.70
4431 33.48 505.03 231.50 4.38 411.54
4432 32.89 330.08 111.61 3.88 417.44
4433 32.07 187.58 103.51 3.48 421.13
4434 31.08 50.83 60.62 2.99 426.69
4435 30.40 0.00 0.00 2.69 428.48
4436 29.71 0.00 0.00 2.39 422.44
4437 29.03 0.00 0.00 2.39 415.25
4438 28.35 0.00 0.00 1.99 412.40
4439 27.67 0.00 0.00 1.99 408.96
4440 26.98 0.00 0.00 1.99 404.92
4441 26.51 0.00 0.00 1.99 402.08
4442 26.01 0.00 0.00 1.49 398.14
4443 25.50 0.00 0.00 2.69 395.25
4444 25.23 0.00 0.00 2.39 395.40
4445 24.96 0.00 0.00 1.49 392.92
4446 24.77 0.00 0.00 1.19 388.94
4447 25.48 46.26 128.20 1.19 393.33
4448 26.89 224.99 445.41 1.49 386.66
4449 28.46 434.53 580.90 1.69 384.72
4450 29.94 611.86 607.59 1.49 384.83
4451 31.07 688.26 479.86 1.69 388.28
4452 32.01 767.41 520.11 2.69 386.14
4453 32.69 771.03 517.76 2.99 388.03
4454 33.09 719.37 541.83 3.48 388.60
4455 33.20 618.76 550.88 4.38 389.46
4456 32.94 459.31 547.78 5.48 388.29
4457 32.22 257.28 482.04 5.48 394.38
4458 31.16 62.13 208.01 4.38 405.50
4459 30.47 0.00 0.00 3.48 409.98
4460 29.78 0.00 0.00 2.69 407.64
4461 29.09 0.00 0.00 2.69 409.18
4462 28.40 0.00 0.00 2.99 407.31
4463 27.71 0.00 0.00 2.99 403.38
4464 27.02 0.00 0.00 2.69 404.12
4465 26.50 0.00 0.00 2.69 402.12
4466 25.93 0.00 0.00 2.39 399.54
4467 25.36 0.00 0.00 2.69 400.17
4468 25.04 0.00 0.00 2.39 398.09
4469 24.73 0.00 0.00 1.49 395.42
4470 24.51 0.00 0.00 1.19 393.88
4471 25.16 43.95 96.07 1.49 396.74
4472 26.79 252.87 501.21 1.49 383.50
4473 28.48 472.91 740.61 1.19 384.12
4474 30.05 661.39 771.70 1.49 379.32
4475 31.43 801.01 784.42 1.49 381.05
4476 32.52 872.54 774.09 1.99 384.84
4477 33.30 879.17 778.69 1.99 387.72
4478 33.74 815.92 783.70 2.39 388.02
4479 33.84 683.38 767.85 1.99 391.79
4480 33.49 502.86 747.98 1.99 391.93
4481 32.67 289.31 631.53 1.69 394.84
4482 31.46 59.81 183.16 1.19 413.54
4483 30.90 0.00 0.00 0.70 419.71
4484 30.34 0.00 0.00 0.40 417.68
4485 29.79 0.00 0.00 0.40 418.22
4486 29.23 0.00 0.00 0.30 419.34
4487 28.67 0.00 0.00 0.20 422.02
4488 28.11 0.00 0.00 0.30 424.55
4489 27.80 0.00 0.00 0.40 421.28
4490 27.49 0.00 0.00 0.40 420.86
4491 27.17 0.00 0.00 0.20 419.90
4492 27.01 0.00 0.00 0.30 419.30
4493 26.85 0.00 0.00 0.20 419.39
4494 26.74 0.00 0.00 0.30 423.99
4495 27.22 33.51 12.39 0.20 423.44
4496 28.32 189.60 205.87 0.30 417.54
4497 29.43 345.68 175.18 0.40 421.21
4498 30.26 424.80 145.98 0.30 422.01
4499 30.73 415.85 47.97 0.20 430.25
4500 31.43 582.53 177.85 0.20 422.38
4501 31.20 430.61 37.19 0.30 440.66
4502 31.91 507.87 138.25 0.20 423.77
4503 31.71 343.39 68.54 0.40 442.02
4504 31.10 87.06 0.00 0.30 457.50
4505 30.48 26.28 0.00 0.30 458.39
4506 29.85 16.65 0.00 0.30 451.73
4507 29.52 0.00 0.00 0.40 450.22
4508 29.16 0.00 0.00 0.60 444.07
4509 28.80 0.00 0.00 0.70 439.78
4510 28.44 0.00 0.00 0.70 438.44
4511 28.08 0.00 0.00 0.60 439.43
4512 27.71 0.00 0.00 0.60 438.97
4513 27.35 0.00 0.00 0.60 437.91
4514 26.96 0.00 0.00 0.60 434.15
4515 26.64 0.00 0.00 0.60 431.86
4516 26.44 0.00 0.00 0.60 429.27
4517 26.24 0.00 0.00 0.60 426.70
4518 26.09 0.00 0.00 0.70 424.48
4519 26.64 35.50 33.69 0.70 426.68
4520 28.83 301.76 574.58 0.30 407.70
4521 30.63 499.43 657.53 0.30 412.50
4522 30.30 276.43 32.07 0.20 443.82
4523 30.12 222.28 5.18 0.30 449.07
4524 28.96 156.12 0.76 0.40 452.61
4525 29.16 152.88 0.53 0.40 447.88
4526 28.54 96.04 0.00 0.40 450.37
4527 29.09 350.04 124.09 0.60 432.52
4528 30.13 611.22 722.97 0.70 398.76
4529 30.18 307.62 732.88 0.70 409.25
4530 29.70 85.26 460.03 0.70 418.91
4531 29.16 0.00 0.00 0.60 417.78
4532 28.62 0.00 0.00 0.40 418.03
4533 28.08 0.00 0.00 0.30 416.69
4534 27.54 0.00 0.00 0.40 415.81
4535 27.00 0.00 0.00 0.30 412.39
4536 26.45 0.00 0.00 0.30 411.03
4537 26.09 0.00 0.00 0.10 409.26
4538 25.71 0.00 0.00 0.00 406.62
4539 25.32 0.00 0.00 0.40 406.34
4540 25.12 0.00 0.00 0.70 405.78
4541 24.91 0.00 0.00 0.30 402.14
4542 24.76 0.00 0.00 0.30 402.74
4543 25.48 44.78 116.17 0.40 404.26
4544 27.09 243.28 454.12 0.70 400.72
4545 28.80 461.34 691.70 1.00 399.35
4546 30.45 656.79 752.31 1.19 392.98
4547 31.88 791.34 746.22 1.69 397.00
4548 33.00 857.92 717.05 1.99 401.60
4549 33.78 849.91 671.23 2.39 405.74
4550 34.21 779.11 648.97 1.99 406.11
4551 34.32 660.55 674.38 1.99 407.38
4552 33.99 484.06 657.83 1.99 412.74
4553 33.18 275.37 533.46 1.69 415.15
4554 32.01 61.81 196.28 1.49 427.94
4555 31.32 0.00 0.00 1.00 431.00
4556 30.63 0.00 0.00 1.00 428.63
4557 29.95 0.00 0.00 0.70 427.80
4558 29.26 0.00 0.00 0.40 425.63
4559 28.57 0.00 0.00 0.40 424.16
4560 27.89 0.00 0.00 0.40 424.09
4561 27.32 0.00 0.00 0.30 424.35
4562 26.68 0.00 0.00 0.30 423.66
4563 26.04 0.00 0.00 0.40 419.64
4564 25.69 0.00 0.00 0.40 417.40
4565 25.34 0.00 0.00 0.10 415.17
4566 25.08 0.00 0.00 0.20 413.53
4567 25.65 42.28 84.68 0.10 417.03
4568 26.87 212.05 338.75 0.10 414.92
4569 28.74 511.16 733.96 0.30 398.71
4570 30.07 623.56 566.54 0.40 404.55
4571 30.68 570.68 235.43 1.00 418.62
4572 31.14 602.46 195.33 1.00 420.78
4573 31.35 555.59 137.36 1.00 422.12
4574 31.40 510.26 134.60 1.19 422.67
4575 31.38 481.42 185.33 1.00 418.05
4576 30.98 331.45 107.56 1.19 420.63
4577 30.30 184.17 93.83 0.70 423.55
4578 29.45 58.19 156.82 0.70 425.42
4579 29.08 0.00 0.00 0.40 427.41
4580 28.71 0.00 0.00 0.20 430.28
4581 28.34 0.00 0.00 0.10 428.16
4582 27.96 0.00 0.00 0.00 429.17
4583 27.59 0.00 0.00 0.10 427.72
4584 27.19 0.00 0.00 0.10 427.77
4585 27.14 0.00 0.00 0.30 428.13
4586 27.01 0.00 0.00 0.30 428.65
4587 27.25 0.00 0.00 0.30 429.82
4588 27.29 0.00 0.00 0.10 427.04
4589 27.34 0.00 0.00 0.20 426.69
4590 27.39 0.00 0.00 0.10 428.42
4591 27.94 33.54 14.06 0.10 425.98
4592 28.53 104.93 1.76 0.20 430.62
4593 29.57 268.46 76.12 0.40 426.96
4594 30.88 473.95 233.61 0.60 411.29
4595 32.64 796.05 638.94 0.40 396.25
4596 33.03 469.24 127.73 0.60 424.21
4597 33.99 780.14 427.98 0.60 405.57
4598 33.60 276.42 19.16 0.60 435.51
4599 32.77 79.72 0.00 0.70 448.59
4600 32.47 222.92 26.54 1.00 429.96
4601 32.15 185.37 125.69 1.00 422.07
4602 31.53 8.25 0.00 1.00 449.61
4603 31.10 0.00 0.00 1.19 448.16
4604 30.67 0.00 0.00 1.69 443.17
4605 30.24 0.00 0.00 1.99 440.28
4606 29.82 0.00 0.00 1.99 436.59
4607 29.39 0.00 0.00 2.69 432.17
4608 28.96 0.00 0.00 2.69 427.02
4609 28.24 0.00 0.00 2.39 421.91
4610 27.47 0.00 0.00 1.99 415.56
4611 26.69 0.00 0.00 2.99 412.59
4612 26.28 0.00 0.00 2.99 410.45
4613 25.86 0.00 0.00 1.99 408.47
4614 25.56 0.00 0.00 1.99 408.82
4615 26.06 41.13 73.96 1.69 408.17
4616 27.61 277.66 625.61 2.39 392.64
4617 29.38 561.54 920.85 2.99 387.52
4618 30.98 782.92 972.04 3.48 382.84
4619 32.41 965.31 804.33 4.38 382.92
4620 32.18 478.57 86.17 3.88 416.02
4621 32.23 551.41 135.51 4.38 412.62
4622 31.95 446.35 79.58 4.38 418.54
4623 31.61 403.99 90.91 5.48 416.33
4624 30.98 253.57 25.34 4.38 427.82
4625 30.23 146.87 21.13 5.48 425.66
4626 29.40 41.50 9.51 5.48 429.86
4627 28.97 0.00 0.00 3.88 428.67
4628 28.54 0.00 0.00 2.99 426.40
4629 28.11 0.00 0.00 2.99 424.73
4630 27.68 0.00 0.00 2.99 423.28
4631 27.25 0.00 0.00 2.99 420.59
4632 26.82 0.00 0.00 3.48 418.68
4633 26.60 0.00 0.00 8.26 419.57
4634 26.51 0.00 0.00 5.48 416.53
4635 26.41 0.00 0.00 5.48 419.05
4636 26.35 0.00 0.00 5.48 418.48
4637 26.29 0.00 0.00 5.48 417.92
4638 25.96 0.00 0.00 5.48 416.03
4639 26.76 30.80 0.00 4.38 420.42
4640 27.64 140.36 47.53 3.88 418.75
4641 28.78 298.84 99.42 3.48 418.86
4642 29.77 401.63 94.49 3.48 409.21
4643 30.66 493.86 113.19 2.69 412.69
4644 31.42 554.36 122.40 2.69 413.30
4645 32.01 573.45 153.26 2.69 413.72
4646 32.33 508.49 133.81 3.48 415.32
4647 32.34 375.00 72.05 3.88 420.89
4648 31.94 218.62 16.30 3.48 427.99
4649 31.27 79.92 0.00 3.88 437.88
4650 30.55 6.90 0.00 3.88 449.11
4651 30.03 0.00 0.00 3.88 443.64
4652 29.52 0.00 0.00 3.88 440.63
4653 29.00 0.00 0.00 3.88 440.33
4654 28.49 0.00 0.00 2.99 438.72
4655 27.97 0.00 0.00 2.99 433.01
4656 27.45 0.00 0.00 2.69 428.46
4657 26.86 0.00 0.00 1.99 424.27
4658 26.22 0.00 0.00 2.39 420.27
4659 25.57 0.00 0.00 2.99 414.38
4660 25.22 0.00 0.00 2.99 413.53
4661 24.86 0.00 0.00 1.69 408.65
4662 24.61 0.00 0.00 1.49 409.96
4663 25.24 43.95 82.72 1.69 408.98
4664 26.73 242.64 452.51 1.49 399.17
4665 28.31 459.37 679.05 1.69 398.83
4666 29.82 650.23 702.26 1.69 397.30
4667 30.96 733.45 564.12 2.39 400.95
4668 31.81 773.45 490.80 2.99 403.61
4669 32.37 762.57 488.53 2.39 405.60
4670 32.69 718.63 519.70 1.99 405.25
4671 32.74 607.85 506.51 1.99 407.00
4672 32.32 419.00 383.39 1.69 409.94
4673 31.54 240.46 353.89 1.49 412.19
4674 30.50 67.82 250.62 1.49 420.53
4675 29.96 0.00 0.00 1.00 424.70
4676 29.43 0.00 0.00 0.60 425.91
4677 28.89 0.00 0.00 0.40 426.32
4678 28.35 0.00 0.00 0.40 427.27
4679 27.82 0.00 0.00 0.30 423.19
4680 27.28 0.00 0.00 0.30 420.22
4681 27.02 0.00 0.00 0.40 418.43
4682 26.77 0.00 0.00 0.60 417.47
4683 26.51 0.00 0.00 0.60 421.48
4684 26.39 0.00 0.00 0.60 421.94
4685 26.26 0.00 0.00 0.40 421.66
4686 26.18 0.00 0.00 0.60 418.86
4687 26.22 7.79 0.00 0.40 429.90
4688 26.12 25.06 0.00 0.40 433.73
4689 27.07 120.53 0.00 0.30 427.63
4690 27.68 204.13 13.89 0.40 427.93
4691 29.28 543.96 208.69 0.30 416.96
4692 30.18 496.26 89.69 0.30 411.74
4693 31.07 597.33 200.06 0.30 403.34
4694 30.63 72.33 0.00 0.30 434.56
4695 31.02 464.56 184.52 0.30 404.62
4696 31.60 619.39 726.74 0.20 381.00
4697 31.42 242.80 296.62 0.30 402.69
4698 30.81 53.35 84.88 0.20 418.20
4699 30.30 0.00 0.00 0.20 418.89
4700 29.80 0.00 0.00 0.10 421.30
4701 29.29 0.00 0.00 0.20 418.67
4702 28.79 0.00 0.00 0.20 418.52
4703 28.28 0.00 0.00 0.30 414.26
4704 27.78 0.00 0.00 0.20 417.93
4705 27.25 0.00 0.00 0.30 414.53
4706 26.69 0.00 0.00 0.30 413.81
4707 26.13 0.00 0.00 0.10 410.63
4708 25.83 0.00 0.00 0.00 411.22
4709 25.53 0.00 0.00 0.10 412.48
4710 25.33 0.00 0.00 0.10 411.99
4711 25.70 25.64 0.00 0.20 414.28
4712 26.12 83.07 0.00 0.20 418.32
4713 26.56 143.80 0.00 0.10 418.10
4714 27.19 274.49 18.87 0.00 419.19
4715 27.62 259.25 9.85 0.00 426.32
4716 28.37 442.87 40.68 0.00 414.13
4717 29.04 520.41 101.61 0.00 408.31
4718 29.31 487.21 94.95 0.00 421.81
4719 29.62 406.23 80.33 0.00 424.88
4720 29.14 302.97 88.99 0.00 426.45
4721 29.49 238.70 277.26 0.00 417.80
4722 29.02 95.54 310.38 0.00 398.25
4723 28.46 0.00 0.00 0.00 401.43
4724 27.89 0.00 0.00 0.00 402.08
4725 27.33 0.00 0.00 0.00 398.88
4726 26.77 0.00 0.00 0.00 397.70
4727 26.20 0.00 0.00 0.00 395.43
4728 25.64 0.00 0.00 0.10 392.92
4729 25.23 0.00 0.00 0.00 396.61
4730 24.78 0.00 0.00 0.00 394.06
4731 24.34 0.00 0.00 0.30 393.85
4732 24.10 0.00 0.00 0.20 395.64
4733 23.86 0.00 0.00 0.00 396.91
4734 23.69 0.00 0.00 0.00 401.92
4735 24.39 43.99 110.67 0.00 403.90
4736 25.81 219.40 417.38 0.10 397.54
4737 27.11 373.68 321.23 0.30 403.80
4738 28.47 548.44 389.16 0.30 398.14
4739 29.65 663.53 403.81 0.60 398.04
4740 30.58 718.18 361.58 1.00 396.62
4741 31.35 767.41 465.73 1.00 395.64
4742 31.88 743.23 530.86 1.00 394.67
4743 32.08 640.63 569.97 1.19 394.93
4744 31.89 464.67 547.80 1.19 398.83
4745 31.27 290.93 506.34 1.49 398.92
4746 30.28 87.62 315.63 1.69 401.65
4747 29.62 0.00 0.00 1.00 405.33
4748 28.96 0.00 0.00 0.70 406.37
4749 28.31 0.00 0.00 0.60 405.06
4750 27.65 0.00 0.00 0.60 402.11
4751 26.99 0.00 0.00 0.40 401.72
4752 26.33 0.00 0.00 0.60 400.25
4753 25.83 0.00 0.00 0.60 400.08
4754 25.31 0.00 0.00 0.40 396.98
4755 24.79 0.00 0.00 0.70 397.15
4756 24.52 0.00 0.00 1.19 398.08
4757 24.25 0.00 0.00 0.40 395.44
4758 24.07 0.00 0.00 0.30 396.70
4759 24.80 52.85 187.85 0.20 398.95
4760 26.06 235.69 518.01 0.20 394.84
4761 27.62 481.32 711.29 0.60 388.80
4762 29.16 699.86 839.98 0.70 384.13
4763 30.41 818.27 723.48 1.19 385.37
4764 31.07 749.46 432.01 1.69 394.59
4765 31.16 557.95 175.67 1.69 405.42
4766 31.48 701.92 415.97 1.99 394.90
4767 30.76 272.31 24.82 2.39 414.55
4768 30.13 247.07 28.47 2.39 412.85
4769 29.31 110.05 0.00 1.99 419.67
4770 28.49 41.03 4.06 1.69 415.75
4771 27.99 0.00 0.00 1.49 415.21
4772 27.50 0.00 0.00 0.70 411.21
4773 27.00 0.00 0.00 0.70 409.71
4774 26.50 0.00 0.00 0.70 408.50
4775 26.01 0.00 0.00 0.60 409.28
4776 25.51 0.00 0.00 0.60 407.24
4777 25.08 0.00 0.00 0.40 406.52
4778 24.62 0.00 0.00 0.30 402.61
4779 24.15 0.00 0.00 0.60 398.56
4780 23.90 0.00 0.00 0.60 395.54
4781 23.65 0.00 0.00 0.30 396.39
4782 23.46 0.00 0.00 0.30 393.81
4783 24.12 42.21 85.56 0.40 393.33
4784 25.61 228.84 427.51 0.30 389.55
4785 27.31 454.08 637.15 0.30 385.32
4786 28.91 641.11 672.93 0.40 382.96
4787 30.33 785.85 694.84 0.60 384.06
4788 31.46 859.11 681.66 0.70 383.68
4789 32.28 869.62 692.39 0.70 390.38
4790 32.78 815.41 723.59 0.70 395.86
4791 32.92 683.56 708.73 1.00 395.82
4792 32.61 500.69 679.38 1.19 396.98
4793 31.80 285.09 565.94 1.19 399.73
4794 30.64 80.03 335.65 1.00 408.05
4795 30.07 0.00 0.00 0.70 411.04
4796 29.49 0.00 0.00 0.70 414.48
4797 28.92 0.00 0.00 0.70 414.58
4798 28.34 0.00 0.00 0.70 415.34
4799 27.76 0.00 0.00 0.60 415.79
4800 27.19 0.00 0.00 0.40 414.31
4801 26.80 0.00 0.00 0.30 412.19
4802 26.43 0.00 0.00 0.10 411.38
4803 26.06 0.00 0.00 0.30 412.34
4804 25.88 0.00 0.00 0.40 412.50
4805 25.70 0.00 0.00 0.10 409.14
4806 25.59 0.00 0.00 0.10 409.09
4807 26.07 31.01 0.00 0.00 408.25
4808 26.09 32.32 0.00 0.00 421.90
4809 26.96 203.50 21.91 0.10 412.25
4810 28.35 454.33 180.72 0.40 398.49
4811 29.41 530.55 183.47 0.60 399.70
4812 31.25 981.01 829.60 0.70 379.22
4813 31.92 677.93 298.45 1.19 396.49
4814 32.37 651.79 310.69 1.69 398.21
4815 32.34 427.98 116.43 1.69 410.82
4816 31.74 203.11 9.90 1.69 422.49
4817 31.10 134.39 12.69 1.99 419.85
4818 30.31 16.23 0.00 1.49 433.63
4819 29.75 0.00 0.00 1.00 430.63
4820 29.19 0.00 0.00 0.60 429.66
4821 28.62 0.00 0.00 0.70 426.07
4822 27.99 0.00 0.00 0.70 433.75
4823 27.50 0.00 0.00 0.70 432.71
4824 26.94 0.00 0.00 0.70 427.77
4825 26.30 0.00 0.00 1.00 422.41
4826 25.63 0.00 0.00 0.70 416.84
4827 24.95 0.00 0.00 0.60 411.31
4828 24.59 0.00 0.00 0.60 407.75
4829 24.23 0.00 0.00 0.70 405.20
4830 23.98 0.00 0.00 1.00 404.81
4831 24.44 35.50 18.45 1.19 403.94
4832 25.37 173.73 120.54 1.19 399.10
4833 26.30 313.23 109.26 1.49 398.41
4834 27.33 477.24 217.07 1.19 390.43
4835 27.89 463.19 96.62 1.00 399.25
4836 28.33 501.16 89.71 1.19 398.36
4837 28.83 594.85 189.64 1.49 396.10
4838 29.16 578.44 204.47 1.49 395.22
4839 29.33 524.21 255.03 1.19 392.75
4840 28.98 280.17 67.17 1.49 405.96
4841 28.14 72.79 0.00 1.19 433.92
4842 27.47 7.36 0.00 1.19 440.20
4843 27.04 0.00 0.00 1.19 435.30
4844 26.58 0.00 0.00 1.00 430.29
4845 26.13 0.00 0.00 0.70 425.31
4846 25.68 0.00 0.00 0.70 420.38
4847 25.22 0.00 0.00 0.60 415.48
4848 24.77 0.00 0.00 0.60 410.61
4849 24.51 0.00 0.00 0.60 406.99
4850 24.27 0.00 0.00 0.40 408.15
4851 24.03 0.00 0.00 0.40 408.65
4852 23.91 0.00 0.00 0.40 403.58
4853 23.80 0.00 0.00 0.30 399.69
4854 23.73 0.00 0.00 0.30 401.24
4855 24.31 42.97 90.24 0.40 399.60
4856 25.94 288.00 566.89 0.60 386.31
4857 27.29 470.15 613.21 1.00 387.86
4858 28.05 496.37 250.28 1.00 393.83
4859 29.13 728.34 516.61 0.70 387.69
4860 29.64 631.77 225.14 1.00 397.26
4861 29.76 496.24 106.21 1.00 409.43
4862 28.97 161.30 3.58 1.00 427.78
4863 28.12 63.59 0.00 1.00 430.89
4864 27.73 196.49 7.85 0.70 416.82
4865 27.32 147.88 17.92 0.70 411.36
4866 26.79 45.89 15.48 1.00 410.51
4867 26.56 0.00 0.00 0.70 410.66
4868 26.33 0.00 0.00 1.19 411.89
4869 26.10 0.00 0.00 1.19 411.37
4870 25.87 0.00 0.00 1.19 415.40
4871 25.61 0.00 0.00 1.19 421.27
4872 25.25 0.00 0.00 1.69 417.90
4873 23.29 0.00 0.00 1.69 414.44
4874 23.93 0.00 0.00 1.99 413.67
4875 23.89 0.00 0.00 2.39 413.65
4876 23.88 0.00 0.00 2.39 413.50
4877 24.02 0.00 0.00 2.39 413.23
4878 23.84 0.00 0.00 2.39 416.87
4879 24.30 18.61 0.00 1.69 414.03
4880 24.35 72.60 0.00 1.49 415.50
4881 24.93 155.89 0.33 1.49 414.11
4882 25.56 212.97 2.88 1.49 414.25
4883 26.28 352.00 20.45 1.49 411.99
4884 26.62 372.51 16.79 1.49 414.60
4885 27.18 417.83 24.04 1.19 415.46
4886 27.40 392.33 27.59 1.49 416.75
4887 27.46 228.83 8.07 1.69 416.42
4888 27.09 91.57 0.00 1.69 424.91
4889 26.69 42.50 0.00 1.69 428.47
4890 26.28 7.20 0.00 1.69 428.10
4891 25.88 0.00 0.00 2.39 428.20
4892 25.58 0.00 0.00 2.69 424.32
4893 25.28 0.00 0.00 2.39 420.51
4894 25.01 0.00 0.00 2.39 420.25
4895 24.69 0.00 0.00 1.69 419.01
4896 24.37 0.00 0.00 1.69 417.61
4897 24.07 0.00 0.00 1.19 413.98
4898 23.63 0.00 0.00 1.19 410.58
4899 23.20 0.00 0.00 1.69 407.95
4900 22.91 0.00 0.00 1.49 405.22
4901 22.63 0.00 0.00 0.70 401.59
4902 22.40 0.00 0.00 1.00 398.29
4903 22.78 40.65 69.04 1.00 398.71
4904 23.70 209.10 347.43 1.19 395.19
4905 24.72 399.61 406.12 1.00 393.30
4906 25.79 601.21 541.20 1.19 386.48
4907 26.64 709.31 488.88 1.49 387.61
4908 27.27 756.87 479.68 1.49 388.62
4909 27.75 793.89 529.21 1.69 387.21
4910 28.01 750.77 551.26 1.69 384.51
4911 28.02 625.74 520.70 1.99 385.97
4912 27.78 490.07 624.43 1.99 388.38
4913 27.17 286.47 550.44 1.69 393.00
4914 26.28 83.74 351.33 1.69 397.63
4915 25.70 0.00 0.00 1.19 398.31
4916 25.13 0.00 0.00 1.00 401.65
4917 24.55 0.00 0.00 1.00 400.01
4918 23.97 0.00 0.00 1.00 399.32
4919 23.39 0.00 0.00 0.60 397.98
4920 22.81 0.00 0.00 0.70 393.09
4921 22.84 0.00 0.00 1.00 396.42
4922 22.92 0.00 0.00 0.40 395.30
4923 22.99 0.00 0.00 0.40 393.01
4924 23.05 0.00 0.00 0.30 396.20
4925 23.11 0.00 0.00 0.30 396.72
4926 23.16 0.00 0.00 0.30 397.18
4927 23.62 30.01 0.00 0.30 400.51
4928 24.88 205.77 295.68 0.40 386.91
4929 26.27 411.17 391.72 0.60 382.32
4930 27.99 701.25 704.56 0.60 375.69
4931 28.45 487.68 126.03 0.40 398.29
4932 28.37 342.24 26.94 0.30 423.23
4933 28.42 380.25 35.66 0.30 425.45
4934 27.87 139.40 0.18 0.40 424.62
4935 27.14 54.01 0.00 0.40 437.14
4936 26.59 39.45 0.00 0.40 430.13
4937 26.24 121.02 2.57 0.60 420.54
4938 25.73 68.52 102.34 0.70 412.22
4939 25.62 0.00 0.00 0.70 411.29
4940 25.22 0.00 0.00 0.70 410.94
4941 24.53 0.00 0.00 1.00 405.34
4942 25.11 0.00 0.00 1.19 405.26
4943 25.03 0.00 0.00 1.00 408.26
4944 24.85 0.00 0.00 1.00 405.69
4945 24.46 0.00 0.00 0.60 405.48
4946 23.97 0.00 0.00 0.60 403.70
4947 23.47 0.00 0.00 1.19 401.67
4948 23.17 0.00 0.00 1.19 399.77
4949 22.87 0.00 0.00 0.60 397.88
4950 22.64 0.00 0.00 0.70 396.38
4951 23.09 43.15 66.12 0.60 399.04
4952 23.99 198.21 285.59 0.60 395.98
4953 25.10 403.08 397.38 1.19 391.38
4954 26.28 614.28 571.34 1.49 384.71
4955 27.27 735.98 560.94 1.49 388.60
4956 28.07 819.11 604.04 1.69 391.18
4957 28.65 845.25 584.36 1.69 390.57
4958 28.96 779.84 606.90 2.39 389.63
4959 29.00 651.94 566.03 2.39 390.55
4960 28.69 472.01 517.62 2.69 396.24
4961 27.98 253.61 361.92 2.39 403.34
4962 27.04 74.77 279.10 1.99 409.13
4963 26.41 0.00 0.00 1.49 407.01
4964 25.78 0.00 0.00 0.60 403.36
4965 25.15 0.00 0.00 0.40 402.76
4966 24.51 0.00 0.00 0.30 402.02
4967 23.88 0.00 0.00 0.20 397.08
4968 23.25 0.00 0.00 0.30 397.30
4969 23.13 0.00 0.00 0.10 396.15
4970 22.92 0.00 0.00 0.00 396.39
4971 22.72 0.00 0.00 0.40 394.77
4972 22.58 0.00 0.00 0.30 393.91
4973 22.43 0.00 0.00 0.10 391.77
4974 22.31 0.00 0.00 0.00 393.51
4975 22.85 44.40 108.73 0.00 395.91
4976 24.17 244.69 443.21 0.00 389.79
4977 25.65 477.01 707.29 0.10 387.23
4978 27.06 681.38 783.82 0.30 382.97
4979 28.28 827.69 796.51 0.30 382.61
4980 29.25 902.44 782.15 0.60 384.41
4981 29.92 906.73 770.94 0.70 382.92
4982 30.29 839.10 759.55 1.00 386.55
4983 30.34 701.69 731.76 1.19 387.98
4984 29.98 508.92 663.91 1.00 390.29
4985 29.18 283.67 531.21 1.00 395.16
4986 28.09 78.94 306.93 0.70 400.70
4987 27.43 0.00 0.00 0.60 400.25
4988 26.76 0.00 0.00 0.30 398.49
4989 26.10 0.00 0.00 0.20 396.47
4990 25.43 0.00 0.00 0.20 395.24
4991 24.77 0.00 0.00 0.10 391.13
4992 24.10 0.00 0.00 0.20 390.02
4993 23.84 0.00 0.00 0.20 388.29
4994 23.45 0.00 0.00 0.00 388.95
4995 23.06 0.00 0.00 0.20 385.53
4996 22.81 0.00 0.00 0.30 383.46
4997 22.55 0.00 0.00 0.10 386.59
4998 22.34 0.00 0.00 0.00 387.63
4999 22.77 43.51 90.23 0.00 390.46
5000 23.94 247.31 453.90 0.00 379.72
5001 25.24 480.61 717.85 0.20 378.71
5002 26.50 690.17 809.40 0.20 374.12
5003 27.60 843.52 839.46 0.40 371.69
5004 28.46 925.11 844.32 0.60 372.56
5005 29.07 941.31 866.59 0.70 374.65
5006 29.40 882.65 882.48 1.19 375.43
5007 29.43 736.99 845.70 1.19 380.95
5008 29.07 537.48 767.80 1.19 384.74
5009 28.29 302.03 596.20 1.00 387.59
5010 27.24 87.59 369.00 1.00 396.16
5011 26.54 0.00 0.00 0.60 397.92
5012 25.85 0.00 0.00 0.30 395.34
5013 25.15 0.00 0.00 0.20 397.48
5014 24.46 0.00 0.00 0.20 397.73
5015 23.77 0.00 0.00 0.20 394.86
5016 23.07 0.00 0.00 0.20 395.53
5017 22.98 0.00 0.00 0.30 394.73
5018 22.84 0.00 0.00 0.30 395.18
5019 22.69 0.00 0.00 0.60 395.30
5020 22.60 0.00 0.00 0.70 396.14
5021 22.50 0.00 0.00 0.30 396.02
5022 22.42 0.00 0.00 0.20 396.08
5023 23.05 43.32 88.56 0.10 399.80
5024 24.42 223.90 417.30 0.10 391.63
5025 25.98 440.61 557.47 0.10 389.42
5026 27.46 626.56 579.03 0.30 383.81
5027 28.73 752.58 585.31 0.60 387.71
5028 29.76 831.28 618.72 0.70 389.11
5029 30.55 858.78 605.68 0.70 392.68
5030 31.00 792.50 599.83 1.00 396.28
5031 31.11 668.32 598.21 1.00 400.43
5032 30.81 485.70 583.14 0.70 402.75
5033 30.02 268.87 443.37 1.00 406.38
5034 28.92 73.47 210.17 0.60 412.45
5035 28.47 0.00 0.00 0.40 415.04
5036 28.02 0.00 0.00 0.30 413.42
5037 27.57 0.00 0.00 0.20 411.13
5038 27.13 0.00 0.00 0.10 411.55
5039 26.68 0.00 0.00 0.00 410.06
5040 26.23 0.00 0.00 0.00 409.85
5041 26.03 0.00 0.00 0.00 405.15
5042 25.82 0.00 0.00 0.00 404.59
5043 25.62 0.00 0.00 0.10 403.72
5044 25.51 0.00 0.00 0.30 400.33
5045 25.41 0.00 0.00 0.40 397.96
5046 25.33 0.00 0.00 0.40 401.90
5047 26.17 53.89 208.00 0.40 401.04
5048 27.83 265.27 488.22 0.60 394.31
5049 27.87 168.94 4.35 0.40 421.94
5050 27.48 224.47 7.91 0.40 428.90
5051 29.13 504.96 138.85 0.30 419.50
5052 29.13 246.82 11.83 0.40 429.55
5053 28.75 75.73 0.00 0.30 438.35
5054 30.04 882.48 694.02 0.40 388.33
5055 30.36 486.40 187.16 0.40 408.99
5056 29.87 143.10 0.00 0.30 434.28
5057 29.49 149.93 34.43 0.30 420.85
5058 28.86 7.01 0.00 0.30 441.48
5059 28.52 0.00 0.00 0.60 439.77
5060 28.15 0.00 0.00 0.60 443.26
5061 27.63 0.00 0.00 0.70 442.75
5062 27.39 0.00 0.00 1.00 436.99
5063 27.11 0.00 0.00 1.00 437.32
5064 26.82 0.00 0.00 1.19 435.40
5065 26.53 0.00 0.00 1.19 439.21
5066 26.21 0.00 0.00 1.19 434.41
5067 25.89 0.00 0.00 1.49 432.16
5068 25.72 0.00 0.00 1.19 429.68
5069 25.56 0.00 0.00 1.00 429.25
5070 25.45 0.00 0.00 0.70 428.88
5071 25.69 17.95 0.00 0.70 427.88
5072 25.66 19.62 0.00 0.70 437.22
5073 26.23 130.13 0.00 0.70 430.51
5074 26.97 247.22 11.38 1.00 420.30
5075 27.97 440.84 72.81 0.70 410.99
5076 28.72 475.25 38.01 1.00 415.20
5077 29.33 511.13 96.80 0.70 415.64
5078 29.37 328.44 16.50 0.60 433.51
5079 29.24 216.62 5.61 0.60 437.91
5080 29.01 158.66 0.01 0.60 432.51
5081 28.72 130.62 5.13 1.00 428.50
5082 28.15 35.60 0.00 1.00 436.89
5083 27.79 0.00 0.00 1.49 435.75
5084 27.55 0.00 0.00 1.19 433.67
5085 27.02 0.00 0.00 1.00 430.64
5086 26.54 0.00 0.00 0.70 427.27
5087 25.62 0.00 0.00 1.00 424.53
5088 26.18 0.00 0.00 0.70 422.56
5089 25.78 0.00 0.00 0.30 422.49
5090 25.47 0.00 0.00 0.30 419.43
5091 25.17 0.00 0.00 0.50 415.66
5092 25.01 0.00 0.00 0.50 413.88
5093 24.85 0.00 0.00 0.30 411.61
5094 24.73 0.00 0.00 0.20 407.45
5095 25.45 44.23 92.74 0.20 404.29
5096 27.00 232.25 411.03 0.30 398.55
5097 28.76 456.32 616.16 0.30 402.26
5098 30.44 650.92 650.15 0.50 409.04
5099 31.93 798.96 670.53 0.50 396.94
5100 33.14 877.92 669.70 0.69 386.09
5101 34.04 894.67 699.30 0.50 386.53
5102 34.57 828.43 693.78 0.50 386.48
5103 34.74 697.57 691.47 0.69 385.46
5104 34.48 525.22 718.98 0.69 387.17
5105 33.68 298.65 560.29 0.69 393.64
5106 32.51 87.55 326.05 0.50 401.29
5107 31.85 0.00 0.00 0.20 407.25
5108 31.18 0.00 0.00 0.20 407.01
5109 30.52 0.00 0.00 0.10 413.48
5110 29.86 0.00 0.00 0.00 410.47
5111 29.20 0.00 0.00 0.10 407.58
5112 28.54 0.00 0.00 0.00 408.01
5113 27.98 0.00 0.00 0.00 405.28
5114 27.40 0.00 0.00 0.10 407.49
5115 26.82 0.00 0.00 0.10 403.93
5116 26.52 0.00 0.00 0.10 403.14
5117 26.22 0.00 0.00 0.00 402.34
5118 26.01 0.00 0.00 0.00 406.96
5119 26.44 30.37 0.00 0.00 409.03
5120 26.84 88.79 0.00 0.10 419.99
5121 27.70 248.21 26.53 0.10 417.35
5122 28.57 357.57 49.81 0.10 405.70
5123 29.80 614.59 268.54 0.20 394.68
5124 31.14 827.67 566.89 0.30 386.73
5125 31.67 629.59 219.98 0.30 398.85
5126 31.92 548.78 154.02 0.40 401.64
5127 32.20 601.04 344.26 0.50 392.75
5128 31.45 210.53 20.20 0.69 430.18
5129 31.13 204.43 151.87 0.69 407.38
5130 30.31 7.31 0.00 0.79 429.97
5131 29.81 0.00 0.00 0.69 432.43
5132 29.32 0.00 0.00 0.50 429.85
5133 28.82 0.00 0.00 0.40 425.67
5134 28.33 0.00 0.00 0.40 428.52
5135 27.83 0.00 0.00 0.30 422.52
5136 27.33 0.00 0.00 0.20 415.28
5137 26.93 0.00 0.00 0.20 415.69
5138 26.52 0.00 0.00 0.10 413.04
5139 26.11 0.00 0.00 0.30 410.92
5140 25.77 0.00 0.00 0.10 413.64
5141 25.70 0.00 0.00 0.00 417.77
5142 25.57 0.00 0.00 0.10 416.61
5143 26.08 34.81 14.69 0.00 418.75
5144 27.16 183.13 130.09 0.10 411.05
5145 28.32 347.95 154.69 0.20 404.76
5146 29.62 546.33 327.63 0.30 396.28
5147 30.69 643.88 317.94 0.50 395.64
5148 31.56 709.98 344.74 0.50 397.39
5149 32.16 700.38 303.90 0.50 397.63
5150 32.47 619.93 247.47 0.50 400.88
5151 32.42 455.02 131.73 0.69 402.72
5152 31.80 221.90 16.60 0.69 413.87
5153 30.96 74.67 0.00 0.50 422.06
5154 30.13 7.21 0.00 0.40 431.42
5155 29.53 0.00 0.00 0.40 430.56
5156 28.93 0.00 0.00 0.20 427.68
5157 28.33 0.00 0.00 0.20 424.53
5158 27.73 0.00 0.00 0.20 422.62
5159 27.14 0.00 0.00 0.20 418.23
5160 26.54 0.00 0.00 0.20 415.96
5161 25.94 0.00 0.00 0.20 413.56
5162 25.29 0.00 0.00 0.20 410.06
5163 24.63 0.00 0.00 0.40 405.36
5164 24.27 0.00 0.00 0.40 405.63
5165 23.91 0.00 0.00 0.20 405.27
5166 23.66 0.00 0.00 0.20 403.44
5167 24.32 45.34 96.45 0.10 404.19
5168 25.89 250.70 443.92 0.10 394.02
5169 27.61 485.87 703.68 0.20 391.54
5170 29.27 692.78 779.35 0.20 386.38
5171 30.72 845.19 805.33 0.40 390.45
5172 31.90 931.88 824.37 0.50 392.96
5173 32.73 935.64 812.90 0.50 396.34
5174 33.21 865.69 800.17 0.69 396.77
5175 33.32 727.05 780.01 0.69 400.24
5176 32.97 535.77 735.36 0.69 402.65
5177 32.10 301.26 594.99 0.79 409.21
5178 30.89 87.23 361.15 0.69 417.36
5179 30.31 0.00 0.00 0.50 422.06
5180 29.73 0.00 0.00 0.40 422.08
5181 29.15 0.00 0.00 0.40 421.37
5182 28.57 0.00 0.00 0.40 419.88
5183 27.99 0.00 0.00 0.40 418.38
5184 27.40 0.00 0.00 0.40 421.11
5185 27.11 0.00 0.00 0.69 420.09
5186 26.82 0.00 0.00 0.79 421.55
5187 26.53 0.00 0.00 0.79 425.25
5188 26.39 0.00 0.00 0.99 425.50
5189 26.25 0.00 0.00 1.09 429.60
5190 26.16 0.00 0.00 0.99 431.29
5191 26.50 25.55 0.00 0.99 434.98
5192 27.37 177.60 136.57 0.79 423.49
5193 28.32 336.12 157.77 0.99 426.54
5194 28.49 307.00 25.67 0.79 438.09
5195 29.55 448.55 74.32 0.69 431.64
5196 30.12 531.27 111.90 0.69 430.28
5197 30.13 324.81 22.65 0.69 442.54
5198 30.07 257.86 6.98 0.79 448.75
5199 29.66 120.25 0.00 0.79 452.17
5200 29.14 60.58 0.00 0.99 452.72
5201 28.86 98.04 0.00 0.79 445.90
5202 28.37 8.00 0.00 0.79 456.39
5203 28.02 0.00 0.00 0.69 453.98
5204 27.60 0.00 0.00 0.79 449.09
5205 27.17 0.00 0.00 0.79 444.23
5206 26.75 0.00 0.00 0.79 439.41
5207 26.33 0.00 0.00 0.99 434.62
5208 25.91 0.00 0.00 1.09 429.87
5209 25.45 0.00 0.00 0.79 424.88
5210 24.95 0.00 0.00 0.69 419.70
5211 24.45 0.00 0.00 1.09 414.57
5212 24.18 0.00 0.00 1.09 410.90
5213 23.91 0.00 0.00 0.79 405.55
5214 23.72 0.00 0.00 0.69 398.48
5215 24.42 45.25 92.97 0.69 399.26
5216 25.83 224.00 382.59 0.79 394.45
5217 27.41 433.84 479.07 0.99 393.84
5218 28.81 587.67 424.71 0.79 390.52
5219 30.03 711.66 471.49 1.09 394.19
5220 30.95 752.19 428.61 1.09 394.56
5221 31.62 765.47 427.16 1.09 399.09
5222 32.18 795.58 571.75 1.29 394.08
5223 32.39 675.17 585.56 1.29 397.59
5224 32.17 486.68 540.52 1.29 403.84
5225 31.47 281.45 469.48 1.29 406.46
5226 30.43 88.77 288.56 1.29 410.94
5227 29.74 0.00 0.00 0.99 416.30
5228 29.05 0.00 0.00 0.99 411.68
5229 28.36 0.00 0.00 0.79 406.19
5230 27.67 0.00 0.00 0.79 402.66
5231 26.98 0.00 0.00 0.79 400.33
5232 26.29 0.00 0.00 0.99 399.48
5233 25.77 0.00 0.00 0.79 402.30
5234 25.21 0.00 0.00 0.99 397.35
5235 24.64 0.00 0.00 1.09 397.10
5236 24.34 0.00 0.00 0.99 394.75
5237 24.04 0.00 0.00 0.50 393.34
5238 23.82 0.00 0.00 0.69 394.90
5239 24.52 46.45 101.90 0.50 395.71
5240 26.05 241.87 480.64 0.50 388.48
5241 27.70 462.87 609.56 0.99 388.51
5242 29.27 653.14 624.38 0.99 385.86
5243 30.63 789.29 605.77 1.49 385.68
5244 31.70 856.38 634.33 1.88 387.33
5245 32.47 860.85 625.95 2.28 386.21
5246 32.92 804.65 590.75 1.88 386.24
5247 33.06 693.53 634.80 1.68 389.26
5248 32.73 496.24 591.36 1.88 391.85
5249 31.96 293.09 529.04 1.68 396.12
5250 30.84 89.08 290.40 1.68 399.38
5251 30.15 0.00 0.00 1.49 407.99
5252 29.47 0.00 0.00 1.09 405.47
5253 28.78 0.00 0.00 0.79 405.33
5254 28.10 0.00 0.00 0.79 409.52
5255 27.41 0.00 0.00 0.79 407.79
5256 26.72 0.00 0.00 0.99 403.81
5257 26.24 0.00 0.00 0.99 399.47
5258 25.77 0.00 0.00 0.79 399.45
5259 25.30 0.00 0.00 0.99 397.99
5260 25.06 0.00 0.00 1.09 396.47
5261 24.83 0.00 0.00 0.99 400.02
5262 24.68 0.00 0.00 0.79 403.06
5263 25.27 36.62 20.66 0.79 403.06
5264 25.67 86.65 0.00 1.09 417.24
5265 26.20 160.46 0.14 1.29 417.91
5266 26.66 208.13 14.37 1.68 413.34
5267 28.21 606.45 262.83 2.28 395.48
5268 29.43 677.90 288.24 3.17 398.92
5269 30.86 923.46 688.90 3.17 387.51
5270 32.05 980.57 919.41 2.77 382.02
5271 32.55 743.17 724.78 2.77 388.14
5272 32.34 410.51 268.54 2.77 401.38
5273 31.82 266.76 359.17 2.28 400.02
5274 30.92 60.63 102.68 2.28 415.77
5275 30.25 0.00 0.00 1.88 420.26
5276 29.57 0.00 0.00 1.29 417.54
5277 28.90 0.00 0.00 1.29 413.72
5278 28.22 0.00 0.00 0.99 414.97
5279 27.55 0.00 0.00 0.79 413.60
5280 26.87 0.00 0.00 0.79 410.56
5281 26.16 0.00 0.00 0.99 408.42
5282 25.39 0.00 0.00 0.69 405.81
5283 24.62 0.00 0.00 1.29 404.61
5284 24.20 0.00 0.00 1.49 404.24
5285 23.79 0.00 0.00 0.99 401.94
5286 23.49 0.00 0.00 0.99 401.27
5287 24.18 48.40 124.15 0.99 401.26
5288 25.72 255.46 515.69 0.99 393.17
5289 27.30 471.98 624.99 1.29 388.47
5290 28.77 654.13 603.47 1.49 381.32
5291 29.99 771.03 577.47 2.28 384.24
5292 30.99 852.38 613.25 3.17 384.92
5293 31.67 844.77 581.52 3.17 387.33
5294 32.02 770.20 536.02 3.76 388.05
5295 32.07 643.89 499.84 3.76 389.75
5296 31.71 474.57 487.69 3.76 391.34
5297 30.97 293.70 548.45 3.76 390.45
5298 29.89 82.51 327.22 3.76 399.97
5299 29.13 0.00 0.00 3.17 403.83
5300 28.37 0.00 0.00 2.77 405.53
5301 27.60 0.00 0.00 2.28 397.61
5302 26.84 0.00 0.00 2.77 395.10
5303 26.08 0.00 0.00 2.28 390.76
5304 25.32 0.00 0.00 2.28 392.29
5305 24.84 0.00 0.00 2.77 391.98
5306 24.31 0.00 0.00 2.28 392.96
5307 23.78 0.00 0.00 3.17 390.62
5308 23.50 0.00 0.00 3.76 390.29
5309 23.21 0.00 0.00 2.28 390.44
5310 23.00 0.00 0.00 1.88 392.39
5311 23.56 41.29 50.80 1.88 393.79
5312 25.03 251.31 405.85 1.88 381.65
5313 25.73 300.28 104.28 2.77 397.91
5314 27.00 560.89 299.86 2.77 388.03
5315 28.64 872.53 717.00 3.17 380.18
5316 28.93 544.28 134.42 3.76 402.02
5317 29.50 724.05 323.61 4.55 390.98
5318 30.04 794.05 534.80 5.54 382.31
5319 30.16 615.31 385.14 4.55 387.27
5320 29.59 307.44 88.27 5.54 403.23
5321 28.74 144.69 23.72 4.55 411.22
5322 27.88 69.91 144.38 4.55 399.85
5323 27.42 0.00 0.00 3.17 403.91
5324 26.96 0.00 0.00 2.28 404.79
5325 26.49 0.00 0.00 2.28 406.22
5326 26.03 0.00 0.00 1.68 407.15
5327 25.57 0.00 0.00 1.68 411.85
5328 25.10 0.00 0.00 1.68 414.77
5329 24.47 0.00 0.00 2.28 415.82
5330 24.46 0.00 0.00 1.88 415.67
5331 24.28 0.00 0.00 2.28 415.05
5332 24.19 0.00 0.00 2.28 416.04
5333 24.08 0.00 0.00 1.88 415.58
5334 24.02 0.00 0.00 1.88 417.04
5335 24.46 24.51 0.00 2.28 421.74
5336 25.03 91.51 0.00 1.88 423.59
5337 25.03 58.52 0.00 1.88 434.06
5338 25.05 62.86 0.00 1.68 435.26
5339 25.32 139.41 0.06 1.49 426.40
5340 25.82 250.68 5.40 1.88 421.69
5341 26.79 501.15 81.02 1.68 409.00
5342 27.67 576.54 173.71 1.49 401.91
5343 28.07 422.65 91.68 1.68 408.67
5344 28.38 420.85 288.73 1.68 398.96
5345 28.32 232.28 161.16 1.68 403.47
5346 27.87 66.66 160.45 1.68 408.54
5347 27.54 0.00 0.00 1.49 408.12
5348 27.20 0.00 0.00 2.28 402.98
5349 26.87 0.00 0.00 2.28 400.32
5350 26.53 0.00 0.00 2.28 399.56
5351 26.19 0.00 0.00 1.88 398.82
5352 25.86 0.00 0.00 1.88 394.15
5353 25.53 0.00 0.00 1.68 389.37
5354 25.14 0.00 0.00 1.88 391.40
5355 24.76 0.00 0.00 1.68 391.81
5356 24.54 0.00 0.00 1.49 393.57
5357 24.32 0.00 0.00 1.68 390.20
5358 24.16 0.00 0.00 1.88 394.95
5359 25.29 68.70 348.65 1.68 398.30
5360 27.07 281.61 504.96 1.68 398.93
5361 27.14 205.80 42.01 1.88 427.14
5362 26.92 132.57 0.00 2.28 432.58
5363 27.79 498.67 115.34 1.88 421.10
5364 28.24 343.53 25.21 1.88 428.23
5365 28.80 504.28 94.21 1.88 419.15
5366 28.69 263.19 13.11 2.28 429.57
5367 28.76 350.72 55.64 2.28 420.89
5368 28.98 449.13 339.45 2.28 405.65
5369 29.05 389.44 701.54 2.28 393.32
5370 28.51 114.82 561.02 1.88 399.57
5371 28.05 0.00 0.00 2.28 402.12
5372 27.59 0.00 0.00 1.49 400.04
5373 27.12 0.00 0.00 1.49 400.59
5374 26.66 0.00 0.00 1.49 401.30
5375 26.20 0.00 0.00 1.29 400.00
5376 25.74 0.00 0.00 1.49 401.91
5377 25.53 0.00 0.00 1.29 405.19
5378 25.29 0.00 0.00 1.09 407.65
5379 25.06 0.00 0.00 1.29 413.75
5380 24.93 0.00 0.00 1.29 414.69
5381 24.80 0.00 0.00 1.49 415.80
5382 24.71 0.00 0.00 1.68 417.38
5383 25.21 30.54 0.00 1.49 419.26
5384 25.83 106.77 0.00 1.49 422.71
5385 26.72 228.60 15.01 1.29 417.71
5386 27.80 381.20 64.63 0.99 413.63
5387 28.33 420.58 31.36 0.69 423.64
5388 29.27 487.08 53.92 0.69 411.75
5389 29.48 374.31 30.58 0.69 420.61
5390 29.93 510.82 104.99 1.09 412.01
5391 30.20 467.50 125.20 1.09 409.50
5392 30.13 319.74 95.97 1.09 413.81
5393 29.72 182.09 82.99 1.09 422.24
5394 29.18 103.63 300.34 1.09 405.26
5395 28.80 0.00 0.00 0.99 413.30
5396 28.41 0.00 0.00 0.99 415.41
5397 28.02 0.00 0.00 0.99 413.43
5398 27.61 0.00 0.00 0.79 418.47
5399 27.25 0.00 0.00 0.79 421.71
5400 26.80 0.00 0.00 0.69 418.44
5401 25.83 0.00 0.00 0.79 416.92
5402 26.28 0.00 0.00 0.99 421.65
5403 25.97 0.00 0.00 0.99 420.91
5404 25.79 0.00 0.00 0.99 420.05
5405 25.60 0.00 0.00 0.99 422.32
5406 25.55 0.00 0.00 0.99 425.16
5407 25.95 28.09 0.00 0.79 429.69
5408 26.40 94.76 0.00 0.69 430.06
5409 26.42 64.09 0.00 0.79 433.63
5410 27.21 281.56 16.61 0.69 419.93
5411 27.72 295.30 10.24 0.50 423.72
5412 28.10 316.47 18.41 0.50 423.72
5413 28.41 336.49 16.71 0.40 422.66
5414 28.75 395.71 24.16 0.40 421.09
5415 28.79 277.87 10.81 0.20 432.12
5416 28.58 169.82 2.13 0.50 434.47
5417 28.16 49.62 0.00 0.50 443.29
5418 27.58 8.35 0.00 0.79 450.25
5419 27.50 0.00 0.00 0.69 445.89
5420 27.24 0.00 0.00 0.50 445.04
5421 26.87 0.00 0.00 0.50 444.17
5422 26.56 0.00 0.00 0.50 444.07
5423 26.12 0.00 0.00 0.50 441.78
5424 26.09 0.00 0.00 0.50 439.83
5425 25.90 0.00 0.00 0.40 438.02
5426 25.48 0.00 0.00 0.50 435.90
5427 25.52 0.00 0.00 0.50 435.51
5428 25.36 0.00 0.00 0.50 432.77
5429 25.25 0.00 0.00 0.30 432.63
5430 25.15 0.00 0.00 0.30 431.42
5431 25.45 18.31 0.00 0.40 432.71
5432 26.32 126.09 18.33 0.30 426.92
5433 28.47 435.83 358.50 0.40 409.35
5434 29.00 320.64 44.01 0.30 423.52
5435 29.57 394.22 25.43 0.20 423.65
5436 29.81 348.10 25.66 0.20 428.36
5437 29.70 242.46 5.21 0.20 433.23
5438 29.73 297.74 10.72 0.20 428.68
5439 29.63 232.99 10.59 0.30 431.24
5440 29.85 408.94 279.02 0.40 407.41
5441 29.78 268.82 360.57 0.40 406.47
5442 29.29 95.17 270.59 0.50 404.51
5443 28.68 0.00 0.00 0.40 410.62
5444 28.07 0.00 0.00 0.30 409.04
5445 27.46 0.00 0.00 0.30 405.40
5446 26.86 0.00 0.00 0.30 404.21
5447 26.25 0.00 0.00 0.20 401.03
5448 25.64 0.00 0.00 0.20 398.83
5449 25.16 0.00 0.00 0.10 397.53
5450 24.67 0.00 0.00 0.10 397.52
5451 24.19 0.00 0.00 0.20 394.72
5452 23.95 0.00 0.00 0.20 393.41
5453 23.70 0.00 0.00 0.10 394.81
5454 23.54 0.00 0.00 0.10 394.90
5455 24.40 65.53 284.54 0.20 398.98
5456 25.90 294.68 658.49 0.20 396.68
5457 27.54 556.99 849.79 0.40 395.52
5458 29.11 784.55 950.95 0.50 391.41
5459 30.49 949.41 973.95 0.79 393.28
5460 31.59 1038.12 873.12 1.09 393.87
5461 31.05 327.72 36.82 1.29 436.16
5462 31.70 969.69 735.98 1.09 396.86
5463 30.94 319.00 72.75 1.29 426.42
5464 29.72 49.18 0.00 1.49 438.52
5465 28.69 27.85 0.00 1.29 433.34
5466 27.79 7.92 0.00 1.09 426.86
5467 27.48 0.00 0.00 0.79 431.30
5468 27.17 0.00 0.00 0.69 431.70
5469 26.86 0.00 0.00 0.69 428.58
5470 26.55 0.00 0.00 0.69 422.88
5471 26.24 0.00 0.00 0.50 419.93
5472 25.93 0.00 0.00 0.69 417.52
5473 25.65 0.00 0.00 0.50 414.62
5474 25.34 0.00 0.00 0.69 409.51
5475 24.92 0.00 0.00 1.09 410.16
5476 24.86 0.00 0.00 1.09 411.90
5477 24.69 0.00 0.00 0.79 408.24
5478 24.57 0.00 0.00 0.79 404.97
5479 25.21 43.08 32.49 0.99 407.32
5480 26.11 162.97 72.83 0.99 406.76
5481 27.96 466.62 486.38 1.49 380.90
5482 29.49 626.34 483.57 1.68 378.53
5483 30.56 677.66 320.94 2.28 379.73
5484 31.58 799.15 474.93 2.28 381.06
5485 31.96 648.05 215.73 2.77 392.83
5486 32.00 522.31 111.39 3.17 399.19
5487 31.96 486.81 172.31 3.17 395.76
5488 31.40 291.34 54.64 3.17 401.68
5489 30.56 130.99 8.05 3.76 413.54
5490 29.58 7.00 0.00 3.17 431.06
5491 29.24 0.00 0.00 2.77 436.13
5492 28.90 0.00 0.00 1.68 435.04
5493 28.57 0.00 0.00 1.68 434.61
5494 28.23 0.00 0.00 1.49 438.21
5495 27.89 0.00 0.00 1.29 431.50
5496 27.55 0.00 0.00 1.09 428.81
5497 27.33 0.00 0.00 1.09 423.85
5498 27.13 0.00 0.00 1.29 420.84
5499 26.92 0.00 0.00 1.29 417.29
5500 26.82 0.00 0.00 1.49 414.70
5501 26.72 0.00 0.00 1.49 413.54
5502 26.62 0.00 0.00 1.88 419.42
5503 27.15 36.01 2.35 1.88 419.36
5504 28.21 147.87 34.36 1.88 422.16
5505 28.63 165.91 16.13 2.28 423.18
5506 28.36 54.85 0.00 2.77 443.72
5507 29.08 308.58 22.95 3.17 419.72
5508 29.90 453.84 55.87 2.77 429.17
5509 30.75 523.89 68.12 2.77 415.27
5510 31.24 469.82 72.22 1.88 420.34
5511 31.67 499.30 189.26 1.88 413.72
5512 31.73 325.82 107.61 1.68 419.49
5513 30.99 133.77 10.70 1.88 443.20
5514 30.86 86.64 209.79 1.88 426.20
5515 30.30 0.00 0.00 1.88 411.14
5516 29.74 0.00 0.00 2.28 409.15
5517 29.18 0.00 0.00 2.28 409.63
5518 28.62 0.00 0.00 2.77 409.44
5519 28.06 0.00 0.00 2.28 407.44
5520 27.49 0.00 0.00 2.77 403.97
5521 26.89 0.00 0.00 2.77 402.00
5522 26.24 0.00 0.00 2.77 398.46
5523 25.59 0.00 0.00 4.55 399.72
5524 25.25 0.00 0.00 3.76 398.92
5525 24.91 0.00 0.00 2.28 400.79
5526 24.66 0.00 0.00 2.28 401.53
5527 25.44 52.29 139.67 2.28 402.36
5528 26.89 243.24 387.04 2.28 399.69
5529 28.48 461.68 510.48 2.28 399.58
5530 29.97 643.31 521.83 3.17 396.21
5531 31.29 786.54 534.25 3.76 397.89
5532 32.41 880.53 625.65 3.76 402.55
5533 33.20 885.35 624.70 5.54 398.90
5534 33.72 849.32 648.08 5.54 397.54
5535 33.84 694.36 613.93 7.33 398.85
5536 33.49 495.49 535.79 5.54 404.21
5537 32.65 268.27 404.92 7.33 411.59
5538 31.50 72.59 228.27 7.33 420.52
5539 30.77 0.00 0.00 5.54 418.99
5540 30.03 0.00 0.00 3.17 413.62
5541 29.29 0.00 0.00 3.17 407.77
5542 28.56 0.00 0.00 3.17 407.09
5543 27.82 0.00 0.00 2.77 401.67
5544 27.08 0.00 0.00 3.76 399.43
5545 26.55 0.00 0.00 2.77 398.09
5546 25.97 0.00 0.00 2.77 398.07
5547 25.40 0.00 0.00 3.76 395.98
5548 25.09 0.00 0.00 2.77 396.31
5549 24.78 0.00 0.00 1.88 395.52
5550 24.57 0.00 0.00 2.28 391.50
5551 25.38 54.54 130.81 2.28 396.15
5552 26.74 232.77 341.09 2.28 394.17
5553 28.29 446.46 426.89 2.28 388.65
5554 29.97 684.37 593.86 2.77 384.30
5555 31.37 812.56 590.88 3.76 383.77
5556 32.42 860.65 554.91 4.55 385.57
5557 33.21 886.40 597.75 4.55 382.92
5558 33.55 765.26 474.91 3.76 386.13
5559 33.62 655.86 516.59 5.54 388.76
5560 33.23 467.42 422.35 4.55 390.97
5561 32.36 243.30 256.39 3.76 398.00
5562 31.24 73.32 241.10 2.77 398.47
5563 30.58 0.00 0.00 1.49 402.08
5564 29.92 0.00 0.00 1.49 403.66
5565 29.26 0.00 0.00 1.29 403.08
5566 28.60 0.00 0.00 0.99 402.60
5567 27.94 0.00 0.00 0.69 402.75
5568 27.27 0.00 0.00 0.79 401.41
5569 26.81 0.00 0.00 0.79 399.13
5570 26.31 0.00 0.00 0.79 394.03
5571 25.82 0.00 0.00 0.99 394.95
5572 25.55 0.00 0.00 1.09 398.53
5573 25.29 0.00 0.00 0.69 397.93
5574 25.10 0.00 0.00 0.79 396.72
5575 25.93 53.35 130.44 0.79 401.37
5576 27.36 233.53 338.01 0.79 397.32
5577 28.97 448.50 443.92 0.99 399.47
5578 30.41 610.31 408.96 1.09 398.20
5579 31.59 712.15 365.97 1.29 399.19
5580 32.71 836.71 509.65 1.29 396.27
5581 33.67 911.86 593.38 1.49 391.86
5582 34.11 780.63 496.14 1.68 395.54
5583 34.25 664.53 563.18 1.88 394.70
5584 33.96 491.50 520.34 2.28 389.21
5585 33.23 292.03 509.83 2.28 392.04
5586 32.13 83.43 345.29 1.68 401.33
5587 31.39 0.00 0.00 1.29 406.58
5588 30.65 0.00 0.00 0.99 405.41
5589 29.91 0.00 0.00 0.99 401.67
5590 29.16 0.00 0.00 0.50 403.41
5591 28.42 0.00 0.00 0.50 402.49
5592 27.68 0.00 0.00 0.30 399.75
5593 27.09 0.00 0.00 0.30 396.38
5594 26.45 0.00 0.00 0.50 394.86
5595 25.81 0.00 0.00 0.50 394.58
5596 25.47 0.00 0.00 0.50 392.26
5597 25.12 0.00 0.00 0.20 392.52
5598 24.88 0.00 0.00 0.20 395.60
5599 25.69 55.26 158.12 0.10 401.39
5600 27.18 252.09 410.07 0.20 397.76
5601 28.85 485.49 594.04 0.40 395.89
5602 30.41 675.90 585.68 0.50 395.23
5603 31.69 793.96 562.35 0.40 397.41
5604 32.72 866.14 579.14 0.50 401.23
5605 33.44 868.11 574.79 0.50 402.39
5606 33.80 778.08 490.32 0.40 403.74
5607 33.88 673.79 554.94 0.50 403.49
5608 33.52 488.34 499.98 0.69 409.15
5609 32.65 253.21 322.16 0.50 412.93
5610 31.50 67.40 166.10 0.50 421.44
5611 30.84 0.00 0.00 0.50 423.39
5612 30.18 0.00 0.00 0.30 422.37
5613 29.53 0.00 0.00 0.30 419.15
5614 28.87 0.00 0.00 0.30 416.97
5615 28.21 0.00 0.00 0.20 412.39
5616 27.55 0.00 0.00 0.30 412.17
5617 27.13 0.00 0.00 0.40 416.43
5618 26.70 0.00 0.00 0.40 414.80
5619 26.26 0.00 0.00 0.50 416.65
5620 26.03 0.00 0.00 0.50 414.59
5621 25.80 0.00 0.00 0.30 415.19
5622 25.64 0.00 0.00 0.40 415.29
5623 26.42 55.05 105.50 0.40 419.94
5624 28.16 295.81 549.80 0.50 406.87
5625 29.88 532.66 751.63 0.79 404.31
5626 31.59 769.44 819.71 0.99 396.52
5627 33.18 965.36 818.33 0.99 393.36
5628 33.22 546.01 119.50 1.09 424.05
5629 33.15 515.50 61.27 1.49 427.03
5630 32.99 505.88 91.12 1.68 439.28
5631 32.74 411.67 84.72 2.28 426.24
5632 32.08 253.64 21.72 2.77 425.44
5633 31.28 142.05 9.86 1.88 424.95
5634 30.42 46.62 25.19 1.68 423.25
5635 29.80 0.00 0.00 1.09 428.93
5636 29.19 0.00 0.00 1.29 427.49
5637 28.58 0.00 0.00 1.29 422.93
5638 27.97 0.00 0.00 1.49 420.18
5639 27.35 0.00 0.00 1.29 419.51
5640 26.74 0.00 0.00 1.49 419.03
5641 26.23 0.00 0.00 1.68 419.61
5642 25.69 0.00 0.00 1.29 418.98
5643 25.14 0.00 0.00 1.88 416.18
5644 24.85 0.00 0.00 2.28 413.57
5645 24.56 0.00 0.00 1.29 410.98
5646 24.35 0.00 0.00 1.29 408.92
5647 25.22 56.86 153.69 1.29 412.55
5648 27.01 283.90 480.17 1.49 402.56
5649 28.88 527.41 735.52 1.68 396.06
5650 30.59 724.42 740.78 1.68 395.75
5651 32.08 873.67 751.50 2.77 399.10
5652 33.26 947.31 732.36 2.77 402.45
5653 34.11 956.44 751.16 2.77 403.19
5654 34.59 880.99 743.63 3.76 401.98
5655 34.70 742.05 750.38 4.55 406.45
5656 34.33 543.73 727.95 4.55 409.12
5657 33.42 305.36 597.73 4.55 411.89
5658 32.16 83.46 352.82 4.55 422.81
5659 31.38 0.00 0.00 3.76 428.17
5660 30.61 0.00 0.00 2.28 424.98
5661 29.84 0.00 0.00 1.88 423.26
5662 29.06 0.00 0.00 1.49 417.37
5663 28.29 0.00 0.00 1.49 417.22
5664 27.52 0.00 0.00 1.49 415.38
5665 26.93 0.00 0.00 1.29 411.49
5666 26.30 0.00 0.00 1.29 408.28
5667 25.67 0.00 0.00 1.68 407.78
5668 25.34 0.00 0.00 1.49 407.63
5669 25.00 0.00 0.00 1.09 406.63
5670 24.76 0.00 0.00 1.09 405.58
5671 25.62 57.54 155.79 1.09 409.38
5672 27.37 284.34 545.19 1.29 396.54
5673 29.18 521.95 692.75 1.49 396.87
5674 30.89 732.26 760.08 1.68 391.63
5675 32.37 879.12 761.86 2.28 387.35
5676 33.54 954.87 749.99 1.88 388.01
5677 34.37 959.07 753.53 1.88 390.17
5678 34.84 887.54 761.13 1.68 390.37
5679 34.94 745.20 758.56 1.68 389.60
5680 34.56 544.47 729.82 1.49 392.84
5681 33.65 305.34 569.23 1.29 402.02
5682 32.36 67.25 201.69 0.99 417.09
5683 31.60 0.00 0.00 0.79 418.14
5684 30.83 0.00 0.00 0.79 418.60
5685 30.07 0.00 0.00 0.69 417.87
5686 29.31 0.00 0.00 0.50 415.12
5687 28.55 0.00 0.00 0.50 413.40
5688 27.79 0.00 0.00 0.69 414.02
5689 27.25 0.00 0.00 0.50 414.08
5690 26.67 0.00 0.00 0.50 412.48
5691 26.08 0.00 0.00 0.79 410.34
5692 25.76 0.00 0.00 0.99 407.51
5693 25.44 0.00 0.00 0.50 405.24
5694 25.22 0.00 0.00 0.69 406.09
5695 26.12 59.82 173.98 0.69 405.57
5696 27.77 273.12 487.63 0.69 400.57
5697 29.43 488.23 555.64 0.79 398.52
5698 30.96 671.14 550.70 1.09 393.14
5699 32.20 778.97 495.32 1.09 398.14
5700 33.23 862.11 557.46 1.29 399.49
5701 34.01 886.75 572.58 1.68 403.65
5702 34.49 837.18 585.31 1.29 403.36
5703 34.57 682.31 567.49 1.49 409.90
5704 34.25 516.17 628.83 1.29 414.83
5705 33.42 288.28 513.07 1.29 421.72
5706 32.23 68.73 235.04 1.09 427.16
5707 31.56 0.00 0.00 0.79 426.89
5708 30.90 0.00 0.00 0.69 424.80
5709 30.24 0.00 0.00 0.50 421.67
5710 29.57 0.00 0.00 0.50 420.46
5711 28.91 0.00 0.00 0.50 419.00
5712 28.24 0.00 0.00 0.50 417.27
5713 27.82 0.00 0.00 0.50 410.08
5714 27.38 0.00 0.00 0.50 408.32
5715 26.95 0.00 0.00 0.50 405.84
5716 26.73 0.00 0.00 0.50 401.42
5717 26.51 0.00 0.00 0.20 399.09
5718 26.36 0.00 0.00 0.20 405.46
5719 27.58 85.00 400.88 0.20 408.85
5720 29.23 314.86 609.11 0.20 409.15
5721 30.09 378.88 209.88 0.30 422.71
5722 30.86 475.53 142.26 0.30 421.30
5723 32.33 823.41 530.30 0.40 405.00
5724 32.41 452.89 84.38 0.30 426.88
5725 33.42 916.62 546.51 0.20 403.72
5726 34.23 947.42 820.89 0.30 401.62
5727 34.35 624.67 371.97 0.40 414.15
5728 33.43 189.69 8.71 0.50 440.33
5729 32.33 31.26 0.00 0.40 455.02
5730 31.39 24.12 0.00 0.50 448.07
5731 30.93 0.00 0.00 0.20 440.11
5732 30.47 0.00 0.00 0.10 439.37
5733 30.01 0.00 0.00 0.10 433.47
5734 29.55 0.00 0.00 0.10 431.80
5735 29.08 0.00 0.00 0.10 433.90
5736 28.62 0.00 0.00 0.10 431.34
5737 28.20 0.00 0.00 0.10 423.76
5738 27.76 0.00 0.00 0.00 417.88
5739 27.32 0.00 0.00 0.00 415.16
5740 27.09 0.00 0.00 0.00 410.49
5741 26.86 0.00 0.00 0.00 408.23
5742 26.70 0.00 0.00 0.00 405.96
5743 27.93 75.04 322.74 0.00 408.47
5744 30.05 331.26 588.68 0.00 396.55
5745 30.06 214.49 35.38 0.10 437.47
5746 31.33 508.16 221.13 0.10 409.73
5747 31.43 318.48 23.69 0.10 424.94
5748 31.86 448.98 34.85 0.30 418.69
5749 32.10 428.62 60.42 0.40 420.97
5750 33.11 823.89 514.75 0.69 398.41
5751 34.05 910.92 909.55 0.79 388.73
5752 34.39 669.95 958.32 0.69 393.26
5753 34.03 341.10 768.35 0.50 402.39
5754 33.13 91.74 468.46 0.50 410.64
5755 32.37 0.00 0.00 0.30 410.53
5756 31.60 0.00 0.00 0.20 406.65
5757 30.84 0.00 0.00 0.20 407.82
5758 30.07 0.00 0.00 0.20 406.47
5759 29.31 0.00 0.00 0.20 405.16
5760 28.54 0.00 0.00 0.20 405.94
5761 27.88 0.00 0.00 0.10 404.88
5762 27.21 0.00 0.00 0.10 403.15
5763 26.54 0.00 0.00 0.40 400.44
5764 26.21 0.00 0.00 0.40 400.72
5765 25.87 0.00 0.00 0.20 401.13
5766 25.64 0.00 0.00 0.20 403.21
5767 26.51 61.17 129.57 0.20 408.47
5768 28.33 315.25 594.76 0.20 392.92
5769 30.14 566.33 841.02 0.30 394.85
5770 31.80 779.30 879.21 0.30 388.62
5771 33.23 929.07 882.13 0.30 388.92
5772 34.37 1007.73 878.53 0.30 389.72
5773 35.18 1009.66 879.40 0.40 394.85
5774 35.65 933.51 882.43 0.40 400.94
5775 35.78 786.60 880.71 0.50 406.65
5776 35.45 577.40 850.32 0.40 411.46
5777 34.62 326.73 610.08 0.50 411.68
5778 33.39 65.62 143.82 0.69 426.46
5779 32.59 0.00 0.00 0.50 429.01
5780 31.78 0.00 0.00 0.20 425.86
5781 30.98 0.00 0.00 0.20 426.02
5782 30.17 0.00 0.00 0.10 426.47
5783 29.37 0.00 0.00 0.10 425.08
5784 28.56 0.00 0.00 0.10 422.90
5785 27.80 0.00 0.00 0.10 423.03
5786 26.98 0.00 0.00 0.10 421.67
5787 26.17 0.00 0.00 0.20 419.76
5788 25.73 0.00 0.00 0.20 416.97
5789 25.30 0.00 0.00 0.10 414.19
5790 24.99 0.00 0.00 0.10 412.20
5791 25.85 62.21 133.45 0.10 417.42
5792 27.73 325.45 630.22 0.10 403.03
5793 29.58 583.23 884.65 0.10 397.97
5794 31.28 800.69 924.16 0.10 392.28
5795 32.72 952.51 929.92 0.20 393.94
5796 33.86 1031.35 927.22 0.40 396.02
5797 34.66 1032.16 926.51 0.40 396.03
5798 35.10 954.68 928.00 0.40 399.09
5799 35.18 800.72 913.76 0.50 401.88
5800 34.79 587.10 879.08 0.50 401.78
5801 33.87 331.57 631.26 0.40 406.12
5802 32.55 64.63 137.66 0.30 423.98
5803 31.93 0.00 0.00 0.20 427.66
5804 31.32 0.00 0.00 0.20 425.91
5805 30.71 0.00 0.00 0.20 427.44
5806 30.10 0.00 0.00 0.20 425.30
5807 29.49 0.00 0.00 0.20 424.64
5808 28.87 0.00 0.00 0.20 422.18
5809 28.51 0.00 0.00 0.10 424.82
5810 28.17 0.00 0.00 0.10 421.48
5811 27.84 0.00 0.00 0.20 418.52
5812 27.69 0.00 0.00 0.20 415.77
5813 27.54 0.00 0.00 0.10 413.85
5814 27.45 0.00 0.00 0.00 413.53
5815 28.27 59.21 107.78 0.00 416.43
5816 30.10 327.59 631.39 0.00 402.64
5817 32.21 659.49 908.41 0.00 400.24
5818 34.07 891.93 1001.43 0.00 394.00
5819 35.69 1078.48 869.57 0.10 395.06
5820 35.36 506.79 108.47 0.10 434.15
5821 34.85 420.43 27.43 0.10 443.78
5822 34.46 414.38 24.49 0.10 444.37
5823 34.02 381.45 35.56 0.20 445.70
5824 33.53 272.02 32.21 0.20 442.37
5825 32.85 155.54 24.23 0.20 441.89
5826 32.07 41.46 1.56 0.20 445.74
5827 31.44 0.00 0.00 0.20 445.66
5828 30.81 0.00 0.00 0.10 441.32
5829 30.19 0.00 0.00 0.10 437.01
5830 29.56 0.00 0.00 0.10 432.10
5831 28.93 0.00 0.00 0.00 429.38
5832 28.30 0.00 0.00 0.00 426.87
5833 27.94 0.00 0.00 0.30 399.70
5834 27.09 0.00 0.00 0.30 399.04
5835 26.24 0.00 0.00 0.40 396.91
5836 25.78 0.00 0.00 0.40 394.00
5837 25.32 0.00 0.00 0.20 390.32
5838 25.00 0.00 0.00 0.10 393.85
5839 25.92 64.07 185.18 0.10 396.14
5840 27.58 287.57 508.00 0.10 388.99
5841 29.27 518.07 629.96 0.10 387.17
5842 30.85 714.85 644.21 0.30 380.79
5843 32.18 848.99 613.10 0.30 383.49
5844 33.22 915.88 582.93 0.50 389.48
5845 33.94 915.85 582.22 0.50 389.42
5846 34.34 850.79 616.23 0.50 392.28
5847 34.40 709.92 626.41 0.60 397.17
5848 33.99 517.57 616.15 0.60 399.33
5849 33.11 292.89 529.92 0.70 401.71
5850 31.87 64.45 184.85 0.70 412.96
5851 31.07 0.00 0.00 0.40 418.38
5852 30.28 0.00 0.00 0.40 417.01
5853 29.48 0.00 0.00 0.40 418.57
5854 28.68 0.00 0.00 0.20 415.34
5855 27.89 0.00 0.00 0.20 412.94
5856 27.09 0.00 0.00 0.30 411.48
5857 26.60 0.00 0.00 0.20 409.49
5858 26.04 0.00 0.00 0.10 406.83
5859 25.48 0.00 0.00 0.30 405.33
5860 25.17 0.00 0.00 0.30 406.57
5861 24.85 0.00 0.00 0.10 406.43
5862 24.61 0.00 0.00 0.10 406.93
5863 25.51 60.29 143.67 0.10 406.80
5864 27.30 288.46 460.24 0.10 397.21
5865 29.24 546.74 595.21 0.30 395.31
5866 29.96 495.32 187.00 0.40 411.44
5867 31.41 814.17 487.32 0.40 399.57
5868 31.32 437.93 63.02 0.60 419.93
5869 31.75 657.43 201.55 0.50 406.37
5870 31.96 613.79 192.54 0.50 407.43
5871 32.15 637.85 426.79 0.60 399.17
5872 32.05 495.15 522.64 0.50 392.90
5873 31.35 258.17 357.13 0.50 399.11
5874 30.30 58.77 80.02 0.30 410.22
5875 29.87 0.00 0.00 0.30 414.97
5876 29.44 0.00 0.00 0.10 416.29
5877 29.01 0.00 0.00 0.10 416.32
5878 28.59 0.00 0.00 0.10 420.00
5879 28.16 0.00 0.00 0.10 419.84
5880 27.73 0.00 0.00 0.10 423.24
5881 27.67 0.00 0.00 0.20 419.75
5882 27.64 0.00 0.00 0.30 419.77
5883 27.61 0.00 0.00 0.20 421.69
5884 27.61 0.00 0.00 0.10 422.95
5885 27.61 0.00 0.00 0.10 420.05
5886 27.62 0.00 0.00 0.10 421.97
5887 28.34 54.23 80.16 0.10 427.46
5888 29.28 150.57 21.09 0.10 431.56
5889 30.40 312.59 85.60 0.20 418.32
5890 30.99 317.62 34.95 0.40 422.38
5891 32.83 789.99 473.56 0.30 402.23
5892 33.75 666.77 211.31 0.40 413.85
5893 34.64 768.33 338.13 0.30 413.57
5894 34.67 461.36 43.73 0.40 444.18
5895 34.25 300.21 16.97 0.20 454.48
5896 33.43 80.62 0.00 0.30 467.70
5897 33.00 191.96 110.01 0.30 444.25
5898 32.28 32.99 0.00 0.40 446.11
5899 31.93 0.00 0.00 0.40 438.40
5900 31.58 0.00 0.00 0.40 436.73
5901 31.23 0.00 0.00 0.40 434.92
5902 30.88 0.00 0.00 0.30 433.77
5903 30.53 0.00 0.00 0.40 429.20
5904 29.71 0.00 0.00 0.30 440.11
5905 29.69 0.00 0.00 0.10 439.53
5906 29.18 0.00 0.00 0.10 435.54
5907 28.65 0.00 0.00 0.30 427.83
5908 28.41 0.00 0.00 0.40 433.57
5909 28.15 0.00 0.00 0.20 433.50
5910 27.96 0.00 0.00 0.30 434.26
5911 28.82 55.73 110.74 0.30 433.88
5912 28.94 65.08 0.00 0.40 447.50
5913 28.85 48.81 0.00 0.60 452.74
5914 28.79 138.23 0.00 0.80 452.05
5915 31.01 629.58 316.86 1.00 425.93
5916 31.43 388.29 43.88 1.20 445.07
5917 32.73 724.40 334.98 1.00 422.60
5918 33.68 755.70 457.82 1.00 418.85
5919 34.67 891.05 809.27 1.00 404.75
5920 34.71 446.05 316.11 0.90 426.26
5921 34.55 362.44 698.71 0.80 411.49
5922 33.78 89.60 466.07 0.70 424.92
5923 33.29 0.00 0.00 0.50 433.97
5924 32.79 0.00 0.00 0.40 434.26
5925 32.30 0.00 0.00 0.40 437.08
5926 31.80 0.00 0.00 0.40 435.74
5927 31.31 0.00 0.00 0.40 438.36
5928 30.82 0.00 0.00 0.40 436.83
5929 30.41 0.00 0.00 0.60 439.40
5930 30.00 0.00 0.00 0.80 442.14
5931 29.59 0.00 0.00 0.80 444.58
5932 29.38 0.00 0.00 0.70 446.28
5933 29.17 0.00 0.00 0.70 446.67
5934 29.03 0.00 0.00 0.70 450.22
5935 29.26 14.98 0.00 0.80 451.42
5936 29.34 25.53 0.00 0.80 454.52
5937 30.82 318.81 94.58 0.80 437.33
5938 32.55 534.44 242.33 0.80 425.48
5939 32.91 377.06 34.30 0.90 450.06
5940 33.28 365.48 12.79 0.90 453.18
5941 33.52 367.87 23.27 0.90 446.64
5942 33.52 307.39 29.87 1.00 455.78
5943 33.99 538.87 259.63 1.00 427.79
5944 34.23 475.06 393.87 0.90 418.27
5945 33.72 148.09 29.85 0.90 452.56
5946 33.16 53.40 83.76 0.90 448.72
5947 32.42 0.00 0.00 0.90 446.79
5948 31.02 0.00 0.00 1.00 442.58
5949 30.88 0.00 0.00 1.00 441.30
5950 30.07 0.00 0.00 1.00 435.81
5951 29.56 0.00 0.00 0.90 428.67
5952 29.03 0.00 0.00 1.00 428.55
5953 28.37 0.00 0.00 0.80 425.66
5954 27.67 0.00 0.00 0.80 422.71
5955 26.98 0.00 0.00 1.20 420.46
5956 26.61 0.00 0.00 1.20 416.92
5957 26.24 0.00 0.00 0.70 415.42
5958 25.98 0.00 0.00 0.60 411.01
5959 26.95 68.60 209.65 0.70 413.42
5960 28.25 250.47 290.57 0.70 410.57
5961 29.88 499.56 477.56 0.90 411.20
5962 31.60 750.62 675.89 1.00 395.30
5963 32.90 849.35 624.61 1.50 390.27
5964 33.83 876.73 523.94 2.11 393.62
5965 34.46 871.16 520.05 2.11 393.12
5966 34.67 728.36 373.64 2.11 399.19
5967 34.45 548.62 254.09 2.31 404.41
5968 33.71 325.28 96.28 2.31 408.68
5969 32.77 180.41 61.10 2.11 411.42
5970 31.71 48.69 34.25 2.11 416.32
5971 31.06 0.00 0.00 1.60 424.72
5972 30.41 0.00 0.00 1.20 426.60
5973 29.76 0.00 0.00 1.00 425.09
5974 29.11 0.00 0.00 0.70 423.20
5975 28.47 0.00 0.00 0.70 421.46
5976 27.82 0.00 0.00 0.80 418.78
5977 27.36 0.00 0.00 0.70 415.02
5978 26.85 0.00 0.00 0.80 409.17
5979 26.34 0.00 0.00 1.00 407.15
5980 26.05 0.00 0.00 1.20 407.67
5981 25.77 0.00 0.00 0.80 403.43
5982 25.56 0.00 0.00 0.70 407.39
5983 26.58 64.40 145.52 0.70 407.66
5984 27.63 197.32 94.54 0.90 410.24
5985 29.07 400.15 214.82 1.20 407.89
5986 30.07 473.18 133.40 1.30 410.18
5987 30.34 448.99 61.69 1.50 431.05
5988 30.69 400.72 32.71 1.60 439.85
5989 31.39 630.44 164.96 1.60 414.52
5990 31.97 675.39 308.62 1.60 411.26
5991 32.45 704.25 593.01 1.80 401.53
5992 32.44 470.26 406.54 1.80 407.03
5993 32.06 320.72 586.25 1.80 405.13
5994 31.17 80.61 278.98 1.50 410.56
5995 30.69 0.00 0.00 1.30 413.40
5996 30.21 0.00 0.00 1.20 412.33
5997 29.74 0.00 0.00 1.20 412.13
5998 29.26 0.00 0.00 1.30 414.83
5999 28.78 0.00 0.00 1.20 417.40
6000 28.30 0.00 0.00 1.00 417.20
6001 28.10 0.00 0.00 1.00 417.27
6002 27.90 0.00 0.00 0.70 416.44
6003 27.71 0.00 0.00 1.00 419.14
6004 27.62 0.00 0.00 1.20 421.17
6005 27.54 0.00 0.00 0.80 419.26
6006 27.48 0.00 0.00 0.80 424.42
6007 28.47 61.81 69.32 0.90 431.12
6008 30.00 253.68 301.26 0.90 424.67
6009 31.53 445.79 330.49 1.00 425.70
6010 33.05 636.64 388.02 1.30 417.10
6011 34.63 844.66 593.29 1.80 410.82
6012 35.80 887.59 533.02 2.11 415.25
6013 36.49 821.28 448.21 2.11 418.29
6014 36.89 759.79 482.14 2.11 420.45
6015 36.98 634.14 439.14 2.11 426.55
6016 36.64 463.50 421.90 1.60 430.35
6017 35.81 233.91 264.86 1.60 437.75
6018 34.73 59.74 151.72 1.50 444.01
6019 34.12 0.00 0.00 1.30 446.01
6020 33.50 0.00 0.00 1.20 444.59
6021 32.88 0.00 0.00 1.30 441.06
6022 32.26 0.00 0.00 1.20 439.56
6023 31.64 0.00 0.00 1.00 435.64
6024 31.03 0.00 0.00 1.20 435.90
6025 30.34 0.00 0.00 1.30 428.97
6026 29.58 0.00 0.00 1.00 428.23
6027 28.83 0.00 0.00 1.30 427.17
6028 28.42 0.00 0.00 1.30 428.11
6029 28.02 0.00 0.00 0.90 427.18
6030 27.72 0.00 0.00 1.00 424.04
6031 28.92 84.07 217.72 0.80 428.85
6032 30.56 310.89 488.95 0.80 422.78
6033 32.33 564.91 675.77 1.00 419.58
6034 33.82 736.40 610.32 1.00 417.76
6035 34.93 815.51 536.97 1.20 420.94
6036 35.53 765.89 318.44 1.30 425.44
6037 35.77 686.14 224.12 1.30 428.99
6038 35.86 648.92 196.74 1.50 426.12
6039 35.79 573.58 287.33 1.60 426.08
6040 35.21 375.33 171.90 1.60 430.40
6041 34.31 196.02 90.52 1.60 435.75
6042 33.25 50.24 49.49 1.30 436.89
6043 32.53 0.00 0.00 1.20 440.26
6044 31.81 0.00 0.00 1.00 437.70
6045 31.10 0.00 0.00 0.80 433.72
6046 30.38 0.00 0.00 0.90 431.65
6047 29.66 0.00 0.00 0.90 429.62
6048 28.95 0.00 0.00 0.90 425.97
6049 28.47 0.00 0.00 0.90 428.17
6050 28.11 0.00 0.00 0.80 428.48
6051 27.66 0.00 0.00 1.00 422.03
6052 27.46 0.00 0.00 1.00 422.75
6053 26.96 0.00 0.00 0.70 416.94
6054 27.08 0.00 0.00 0.70 417.30
6055 28.34 77.11 119.40 0.60 423.35
6056 28.79 132.97 5.09 0.70 432.54
6057 30.13 348.56 118.65 0.80 427.13
6058 31.49 516.72 182.47 1.20 421.17
6059 32.20 488.52 83.17 1.50 431.13
6060 32.62 471.48 76.99 1.80 435.01
6061 33.74 817.09 390.18 1.80 417.25
6062 34.03 552.59 157.46 2.31 430.07
6063 34.48 680.82 536.65 2.11 415.92
6064 34.41 436.57 315.63 2.31 420.96
6065 34.00 299.10 468.44 2.11 417.47
6066 33.12 72.44 189.21 2.11 426.98
6067 32.29 0.00 0.00 1.80 429.88
6068 31.47 0.00 0.00 1.60 426.83
6069 30.64 0.00 0.00 1.30 426.82
6070 29.81 0.00 0.00 1.20 422.43
6071 28.99 0.00 0.00 1.00 417.85
6072 28.16 0.00 0.00 1.00 414.31
6073 27.42 0.00 0.00 1.00 416.37
6074 26.63 0.00 0.00 1.00 416.51
6075 25.84 0.00 0.00 1.50 414.51
6076 25.41 0.00 0.00 1.50 417.16
6077 24.99 0.00 0.00 1.00 416.19
6078 24.69 0.00 0.00 0.90 417.69
6079 25.30 43.81 0.00 0.90 419.88
6080 26.27 186.51 64.94 0.80 416.66
6081 27.67 393.85 174.60 0.90 409.17
6082 28.68 489.14 145.03 1.00 411.88
6083 29.85 685.31 304.81 1.30 403.03
6084 30.98 827.95 445.62 1.50 396.71
6085 31.48 695.75 234.51 1.60 405.62
6086 31.68 609.07 202.83 2.11 410.15
6087 31.97 699.18 579.05 2.51 400.44
6088 31.79 465.96 397.62 2.31 406.95
6089 31.04 210.61 155.53 2.11 417.22
6090 30.03 36.55 0.00 2.11 427.35
6091 29.38 0.00 0.00 1.80 424.51
6092 28.72 0.00 0.00 1.30 418.66
6093 28.06 0.00 0.00 1.50 414.28
6094 27.41 0.00 0.00 1.30 411.37
6095 26.75 0.00 0.00 1.30 408.16
6096 26.10 0.00 0.00 1.30 404.85
6097 25.70 0.00 0.00 1.30 403.72
6098 25.25 0.00 0.00 1.20 402.15
6099 24.80 0.00 0.00 1.60 397.16
6100 24.55 0.00 0.00 1.80 397.29
6101 24.30 0.00 0.00 1.20 396.40
6102 24.11 0.00 0.00 1.00 392.70
6103 25.46 86.35 298.09 1.00 394.12
6104 27.54 350.40 569.94 1.00 386.90
6105 28.63 430.53 275.27 1.20 400.03
6106 30.41 742.70 586.87 1.20 383.96
6107 32.07 931.87 707.48 1.50 384.10
6108 32.40 651.36 205.46 1.60 403.08
6109 31.76 383.96 41.87 1.60 419.15
6110 31.80 539.12 123.78 1.80 410.79
6111 31.92 570.25 271.59 2.31 403.93
6112 31.87 520.91 566.98 2.11 394.69
6113 31.11 239.17 296.57 2.11 406.32
6114 30.05 57.09 121.53 2.11 410.07
6115 29.45 0.00 0.00 1.60 416.62
6116 28.86 0.00 0.00 1.30 416.33
6117 28.26 0.00 0.00 1.30 417.55
6118 27.67 0.00 0.00 1.30 420.72
6119 27.07 0.00 0.00 1.00 417.69
6120 26.48 0.00 0.00 0.90 417.09
6121 26.15 0.00 0.00 0.90 419.10
6122 25.82 0.00 0.00 0.80 417.08
6123 25.48 0.00 0.00 1.20 416.57
6124 25.31 0.00 0.00 1.50 421.63
6125 25.15 0.00 0.00 1.20 419.35
6126 25.03 0.00 0.00 1.20 423.90
6127 25.79 45.85 0.00 1.30 426.85
6128 26.83 164.93 18.30 1.20 427.53
6129 27.36 198.35 6.01 1.50 435.38
6130 28.47 395.79 42.97 1.60 424.69
6131 29.50 500.74 85.37 1.80 421.78
6132 31.15 838.54 416.18 2.31 404.77
6133 32.07 734.38 287.78 2.31 409.82
6134 32.69 698.71 315.75 2.51 412.96
6135 33.29 766.67 722.44 2.51 403.66
6136 33.55 636.89 908.22 2.51 398.24
6137 33.15 348.53 776.59 2.31 403.46
6138 32.16 83.10 423.11 2.31 413.10
6139 31.49 0.00 0.00 2.11 418.36
6140 30.81 0.00 0.00 1.80 418.12
6141 30.13 0.00 0.00 1.60 419.85
6142 29.46 0.00 0.00 1.50 422.69
6143 28.78 0.00 0.00 1.50 419.16
6144 28.10 0.00 0.00 1.50 419.52
6145 27.45 0.00 0.00 1.50 421.44
6146 26.75 0.00 0.00 1.80 422.66
6147 26.06 0.00 0.00 1.60 420.71
6148 25.68 0.00 0.00 1.80 423.34
6149 25.31 0.00 0.00 2.11 424.20
6150 25.05 0.00 0.00 2.11 431.49
6151 25.11 8.04 0.00 2.11 432.54
6152 26.22 181.36 59.70 2.31 416.93
6153 27.74 431.48 255.22 2.31 405.35
6154 28.98 584.72 273.80 2.11 404.05
6155 29.87 642.98 231.06 2.51 408.49
6156 29.76 390.00 29.75 2.31 434.92
6157 29.56 324.22 21.25 2.11 437.40
6158 29.61 481.85 82.10 1.80 430.01
6159 29.14 365.28 30.94 2.11 430.41
6160 29.33 216.51 12.83 2.11 433.81
6161 28.66 84.61 0.00 2.11 437.18
6162 28.07 20.05 0.00 1.60 436.41
6163 27.48 0.00 0.00 1.60 432.74
6164 26.99 0.00 0.00 1.80 433.27
6165 26.45 0.00 0.00 1.60 429.91
6166 25.91 0.00 0.00 1.60 426.56
6167 25.38 0.00 0.00 1.60 423.21
6168 24.84 0.00 0.00 1.60 419.88
6169 24.53 0.00 0.00 1.00 417.97
6170 24.16 0.00 0.00 1.00 415.69
6171 23.78 0.00 0.00 1.30 413.41
6172 23.57 0.00 0.00 1.50 412.09
6173 23.35 0.00 0.00 0.90 410.78
6174 23.19 0.00 0.00 0.90 401.34
6175 23.50 25.55 0.00 0.80 404.88
6176 24.89 224.32 144.42 0.80 387.37
6177 26.11 388.20 167.94 1.00 388.37
6178 27.83 700.61 496.47 1.20 375.62
6179 28.30 515.65 107.96 1.30 391.79
6180 28.10 327.69 30.90 1.80 417.82
6181 28.87 746.76 257.36 2.11 388.48
6182 29.24 652.66 264.22 2.31 392.22
6183 29.56 686.62 550.23 2.51 383.10
6184 29.54 499.12 528.13 2.71 383.04
6185 28.75 156.21 47.89 2.91 405.13
6186 27.74 66.40 177.44 2.71 407.04
6187 27.34 0.00 0.00 2.11 408.82
6188 26.78 0.00 0.00 1.80 405.97
6189 26.23 0.00 0.00 1.80 403.12
6190 25.67 0.00 0.00 2.11 400.95
6191 25.11 0.00 0.00 2.11 403.65
6192 24.55 0.00 0.00 2.51 405.23
6193 24.29 0.00 0.00 2.51 403.02
6194 23.96 0.00 0.00 2.71 399.24
6195 23.62 0.00 0.00 3.01 396.62
6196 23.42 0.00 0.00 3.01 397.82
6197 23.23 0.00 0.00 2.71 393.25
6198 23.07 0.00 0.00 2.91 394.73
6199 24.08 71.56 84.79 2.71 398.11
6200 25.38 254.76 164.04 2.91 394.54
6201 26.57 413.92 174.44 3.11 399.11
6202 27.65 552.09 214.67 3.31 396.81
6203 28.79 726.83 331.46 3.31 393.77
6204 29.53 727.94 204.83 3.51 402.53
6205 29.99 702.36 182.89 3.91 401.49
6206 30.31 697.17 312.76 4.41 397.93
6207 30.35 585.29 323.81 4.41 397.45
6208 29.99 412.08 271.36 4.81 402.33
6209 29.38 280.12 449.14 3.91 398.39
6210 28.40 65.09 168.84 3.51 408.99
6211 27.86 0.00 0.00 3.01 409.29
6212 27.33 0.00 0.00 2.71 406.95
6213 26.80 0.00 0.00 2.71 407.42
6214 26.26 0.00 0.00 2.51 406.35
6215 25.73 0.00 0.00 2.51 405.98
6216 25.20 0.00 0.00 2.31 403.82
6217 25.00 0.00 0.00 2.31 403.03
6218 24.82 0.00 0.00 2.11 402.07
6219 24.63 0.00 0.00 2.71 405.44
6220 24.56 0.00 0.00 2.91 405.53
6221 24.48 0.00 0.00 2.31 403.22
6222 24.43 0.21 0.00 2.31 405.25
6223 25.77 91.71 215.18 2.51 410.82
6224 26.65 210.47 94.73 2.71 418.08
6225 27.57 338.65 93.63 3.11 419.26
6226 29.26 675.26 450.74 3.31 399.10
6227 30.76 843.09 555.03 3.91 397.00
6228 32.12 988.88 658.72 4.41 398.94
6229 32.46 677.49 240.71 5.31 418.25
6230 32.09 433.27 54.38 5.31 443.32
6231 31.33 263.32 9.52 5.31 448.01
6232 30.73 209.81 7.86 5.31 431.17
6233 29.59 98.25 0.00 5.31 444.47
6234 29.12 40.39 14.27 5.31 431.96
6235 28.80 0.00 0.00 4.41 429.36
6236 28.48 0.00 0.00 3.91 425.60
6237 28.16 0.00 0.00 3.91 424.16
6238 27.84 0.00 0.00 3.51 423.34
6239 27.53 0.00 0.00 3.51 418.63
6240 27.21 0.00 0.00 3.51 418.12
6241 26.78 0.00 0.00 3.11 415.50
6242 26.30 0.00 0.00 3.11 413.75
6243 25.83 0.00 0.00 3.91 411.90
6244 25.57 0.00 0.00 4.41 408.70
6245 25.31 0.00 0.00 3.31 406.61
6246 25.12 0.52 0.00 3.51 404.60
6247 26.54 99.57 217.22 3.31 403.80
6248 28.22 332.22 481.58 3.51 397.99
6249 30.06 598.43 663.13 4.41 391.29
6250 31.56 763.54 661.48 4.41 385.22
6251 32.73 859.24 531.03 5.31 391.23
6252 32.62 514.99 101.75 6.82 413.41
6253 32.54 520.13 65.73 5.31 411.71
6254 32.26 452.30 30.87 5.31 409.69
6255 31.91 411.96 80.95 6.82 404.79
6256 31.42 328.93 105.19 6.82 405.25
6257 30.63 163.08 43.30 6.82 406.75
6258 29.70 37.42 0.00 9.02 415.84
6259 29.30 0.00 0.00 5.31 417.21
6260 28.90 0.00 0.00 4.41 416.67
6261 28.50 0.00 0.00 4.41 419.49
6262 28.10 0.00 0.00 3.91 418.45
6263 27.58 0.00 0.00 3.51 428.48
6264 27.31 0.00 0.00 3.51 431.31
6265 26.53 0.00 0.00 3.91 432.29
6266 26.93 0.00 0.00 3.91 432.26
6267 26.56 0.00 0.00 3.51 437.91
6268 26.40 0.00 0.00 3.51 434.98
6269 26.63 0.00 0.00 3.91 435.83
6270 26.53 0.11 0.00 3.51 431.74
6271 26.86 20.36 0.00 3.51 432.54
6272 27.27 69.23 0.00 3.11 435.05
6273 27.46 117.59 0.00 3.11 432.76
6274 27.88 158.31 0.25 3.01 434.41
6275 27.03 191.16 2.28 3.01 436.26
6276 28.41 175.25 3.02 3.11 438.91
6277 28.53 190.07 2.41 3.11 438.72
6278 28.57 180.73 1.87 2.91 438.67
6279 28.36 168.44 0.53 3.01 439.87
6280 28.69 141.52 0.00 3.01 436.95
6281 28.53 66.76 0.00 3.01 439.06
6282 28.31 13.41 0.00 2.91 441.06
6283 27.94 0.00 0.00 2.71 436.67
6284 27.61 0.00 0.00 2.51 436.20
6285 27.27 0.00 0.00 2.51 434.72
6286 26.92 0.00 0.00 2.31 431.37
6287 26.57 0.00 0.00 2.51 426.59
6288 26.22 0.00 0.00 2.51 422.77
6289 25.68 0.00 0.00 1.60 418.53
6290 25.06 0.00 0.00 1.50 412.66
6291 24.44 0.00 0.00 1.80 408.59
6292 24.09 0.00 0.00 1.60 406.30
6293 23.73 0.00 0.00 1.20 403.27
6294 23.47 0.67 0.00 1.20 395.11
6295 24.74 92.38 237.21 1.30 396.11
6296 26.28 316.32 471.76 1.30 390.85
6297 27.96 568.04 647.56 1.30 386.70
6298 29.42 749.39 608.15 1.60 383.68
6299 30.53 841.49 552.69 1.80 383.56
6300 31.41 907.91 557.29 1.80 382.38
6301 31.99 898.82 558.88 1.60 386.51
6302 32.25 815.76 578.97 1.60 391.64
6303 32.24 687.61 569.95 1.80 388.55
6304 31.70 470.61 462.94 2.11 392.91
6305 30.77 254.95 397.23 2.11 398.13
6306 29.57 54.66 144.93 2.11 406.55
6307 28.82 0.00 0.00 1.60 407.74
6308 28.08 0.00 0.00 1.30 407.28
6309 27.33 0.00 0.00 1.20 401.78
6310 26.59 0.00 0.00 0.80 400.05
6311 25.84 0.00 0.00 0.80 401.74
6312 25.10 0.00 0.00 1.00 398.26
6313 24.75 0.00 0.00 1.20 399.67
6314 24.38 0.00 0.00 0.80 398.17
6315 24.01 0.00 0.00 1.00 396.29
6316 23.82 0.00 0.00 1.20 394.54
6317 23.64 0.00 0.00 0.80 393.60
6318 23.51 1.16 0.00 0.90 392.81
6319 25.21 113.74 262.22 0.90 393.43
6320 24.48 29.09 0.00 1.00 431.60
6321 26.00 358.82 122.49 1.20 410.79
6322 28.44 816.06 697.35 1.30 383.93
6323 30.50 1017.24 873.64 1.50 383.05
6324 31.28 781.36 320.73 1.60 401.49
6325 31.62 683.87 246.75 1.50 411.23
6326 30.76 277.26 13.85 1.80 427.59
6327 30.13 292.82 26.30 1.80 419.41
6328 30.38 587.62 713.62 2.11 388.15
6329 29.93 309.08 593.89 1.60 393.46
6330 29.02 57.89 127.66 1.20 409.93
6331 28.49 0.00 0.00 1.00 407.80
6332 27.95 0.00 0.00 0.80 407.15
6333 27.42 0.00 0.00 0.70 409.77
6334 26.89 0.00 0.00 0.50 409.68
6335 26.36 0.00 0.00 0.40 407.27
6336 25.82 0.00 0.00 0.40 406.01
6337 25.35 0.00 0.00 0.40 403.60
6338 24.80 0.00 0.00 0.40 401.68
6339 24.26 0.00 0.00 0.70 400.35
6340 23.95 0.00 0.00 0.70 402.27
6341 23.65 0.00 0.00 0.40 400.14
6342 23.42 1.07 0.00 0.40 398.50
6343 24.87 100.62 303.60 0.40 405.36
6344 26.40 313.81 460.58 0.40 400.38
6345 27.98 535.60 524.57 0.40 400.48
6346 29.43 721.93 578.50 0.50 397.42
6347 30.70 860.14 602.55 0.60 398.59
6348 31.68 928.30 588.16 0.80 398.81
6349 32.31 898.96 557.46 0.80 401.98
6350 32.61 819.12 584.51 0.70 402.66
6351 32.59 680.13 583.06 0.80 407.29
6352 32.12 492.17 562.37 0.70 410.65
6353 31.17 257.07 416.30 0.60 413.66
6354 29.93 52.38 109.47 0.50 422.54
6355 29.21 0.00 0.00 0.40 423.72
6356 28.48 0.00 0.00 0.10 420.39
6357 27.76 0.00 0.00 0.10 417.43
6358 27.03 0.00 0.00 0.10 417.37
6359 26.30 0.00 0.00 0.10 412.00
6360 25.58 0.00 0.00 0.10 411.06
6361 25.19 0.00 0.00 0.10 406.47
6362 24.76 0.00 0.00 0.10 404.58
6363 24.34 0.00 0.00 0.30 401.09
6364 24.11 0.00 0.00 0.40 397.45
6365 23.88 0.00 0.00 0.20 396.45
6366 23.72 1.25 0.00 0.10 397.48
6367 25.45 108.47 381.01 0.10 401.70
6368 27.35 345.80 605.44 0.10 400.29
6369 29.23 581.99 690.34 0.20 402.27
6370 30.95 775.94 686.13 0.20 395.97
6371 32.41 913.86 678.38 0.40 395.39
6372 33.57 984.51 676.48 0.40 394.31
6373 34.37 977.36 688.62 0.40 394.53
6374 34.76 877.86 645.22 0.40 397.25
6375 34.76 710.90 628.84 0.30 396.31
6376 34.20 505.88 623.10 0.30 397.52
6377 33.13 267.27 434.81 0.20 401.60
6378 31.75 50.80 98.07 0.20 412.77
6379 30.94 0.00 0.00 0.10 417.75
6380 30.13 0.00 0.00 0.10 419.00
6381 29.33 0.00 0.00 0.00 413.33
6382 28.52 0.00 0.00 0.00 409.46
6383 27.71 0.00 0.00 0.00 407.93
6384 26.90 0.00 0.00 0.00 403.21
6385 26.25 0.00 0.00 0.00 403.18
6386 25.50 0.00 0.00 0.00 400.79
6387 24.76 0.00 0.00 0.00 397.01
6388 24.34 0.00 0.00 0.00 395.75
6389 23.92 0.00 0.00 0.00 392.32
6390 23.61 1.30 0.00 0.00 393.75
6391 24.67 85.21 95.97 0.00 395.38
6392 25.97 291.13 333.19 0.00 389.79
6393 27.44 533.22 514.19 0.00 386.92
6394 28.73 713.18 528.97 0.00 383.24
6395 29.45 705.08 308.37 0.00 393.72
6396 30.14 814.99 371.48 0.00 390.85
6397 30.61 811.48 388.04 0.10 388.22
6398 30.88 778.99 495.70 0.10 382.27
6399 30.92 682.60 547.70 0.10 383.72
6400 30.36 397.99 248.25 0.10 393.37
6401 29.45 187.45 95.43 0.10 400.27
6402 28.41 48.58 52.97 0.10 404.69
6403 27.73 0.00 0.00 0.10 407.27
6404 27.06 0.00 0.00 0.10 402.61
6405 26.38 0.00 0.00 0.10 401.29
6406 25.71 0.00 0.00 0.00 397.49
6407 25.04 0.00 0.00 0.10 392.17
6408 24.36 0.00 0.00 0.10 392.63
6409 24.13 0.00 0.00 0.10 392.53
6410 23.86 0.00 0.00 0.00 388.72
6411 23.60 0.00 0.00 0.10 386.32
6412 23.45 0.00 0.00 0.10 386.05
6413 23.30 0.00 0.00 0.00 383.85
6414 23.19 1.55 0.00 0.00 380.70
6415 24.92 110.22 316.69 0.00 385.64
6416 26.75 343.44 550.15 0.00 381.90
6417 28.60 581.08 673.24 0.10 382.39
6418 30.30 777.69 680.36 0.10 378.41
6419 31.72 907.65 650.15 0.10 376.64
6420 32.83 972.50 633.17 0.30 381.50
6421 33.55 947.23 596.16 0.40 384.95
6422 33.92 866.63 626.48 0.60 386.37
6423 33.94 715.19 629.11 0.60 389.11
6424 33.36 492.38 552.27 0.70 395.98
6425 32.28 250.08 359.95 0.80 402.72
6426 30.92 48.90 86.38 0.70 414.69
6427 30.19 0.00 0.00 0.40 417.63
6428 29.45 0.00 0.00 0.40 417.77
6429 28.71 0.00 0.00 0.20 417.29
6430 27.97 0.00 0.00 0.20 410.46
6431 27.23 0.00 0.00 0.10 409.39
6432 26.49 0.00 0.00 0.10 408.06
6433 25.92 0.00 0.00 0.10 405.16
6434 25.30 0.00 0.00 0.00 400.86
6435 24.67 0.00 0.00 0.10 395.80
6436 24.34 0.00 0.00 0.10 393.46
6437 24.00 0.00 0.00 0.10 391.88
6438 23.75 1.65 0.00 0.10 394.51
6439 25.45 111.22 313.89 0.10 396.15
6440 27.19 338.20 514.96 0.10 394.51
6441 28.87 554.14 566.65 0.40 394.83
6442 30.41 735.64 593.52 0.40 389.29
6443 31.67 853.50 580.37 0.40 391.49
6444 32.65 910.10 551.86 0.40 392.37
6445 33.36 921.30 592.31 0.50 391.82
6446 33.72 843.47 633.57 0.50 392.43
6447 33.75 705.72 654.91 0.50 389.96
6448 33.25 495.80 575.10 0.60 390.87
6449 32.26 265.18 477.87 0.70 394.64
6450 30.95 51.23 108.62 0.50 403.56
6451 30.21 0.00 0.00 0.50 406.83
6452 29.46 0.00 0.00 0.40 406.00
6453 28.72 0.00 0.00 0.40 406.23
6454 27.98 0.00 0.00 0.40 407.47
6455 27.24 0.00 0.00 0.40 411.76
6456 26.49 0.00 0.00 0.40 411.26
6457 26.01 0.00 0.00 0.30 407.59
6458 25.49 0.00 0.00 0.10 409.09
6459 24.97 0.00 0.00 0.40 411.31
6460 24.69 0.00 0.00 0.40 407.16
6461 24.41 0.00 0.00 0.10 405.14
6462 24.20 1.82 0.00 0.10 406.20
6463 25.48 79.09 63.84 0.10 409.06
6464 26.75 236.36 95.84 0.00 409.95
6465 27.92 374.59 115.25 0.10 412.15
6466 29.16 536.60 172.51 0.10 405.36
6467 30.20 631.16 146.62 0.30 405.65
6468 30.81 605.76 123.70 0.40 411.50
6469 31.50 719.47 260.68 0.40 405.67
6470 32.39 897.96 662.88 0.40 388.79
6471 32.98 852.53 908.02 0.40 384.84
6472 33.08 633.72 964.51 0.50 384.52
6473 32.49 342.51 800.44 0.50 385.87
6474 31.35 72.82 363.30 0.40 394.67
6475 30.69 0.00 0.00 0.20 403.21
6476 30.03 0.00 0.00 0.10 403.56
6477 29.37 0.00 0.00 0.10 407.56
6478 28.71 0.00 0.00 0.10 413.75
6479 28.04 0.00 0.00 0.00 414.14
6480 27.38 0.00 0.00 0.00 412.32
6481 26.92 0.00 0.00 0.10 410.32
6482 26.47 0.00 0.00 0.10 411.12
6483 26.03 0.00 0.00 0.10 410.51
6484 25.79 0.00 0.00 0.10 421.70
6485 25.60 0.00 0.00 0.10 427.48
6486 25.35 0.71 0.00 0.20 432.76
6487 25.57 9.09 0.00 0.30 436.80
6488 25.81 28.15 0.00 0.30 436.20
6489 25.94 48.06 0.00 0.30 434.81
6490 26.15 64.66 0.00 0.20 432.87
6491 26.36 159.15 1.55 0.20 433.43
6492 26.95 401.00 44.25 0.20 421.85
6493 28.81 674.63 201.27 0.30 413.27
6494 29.83 688.84 267.22 0.40 405.43
6495 30.86 824.18 820.40 0.50 390.35
6496 31.30 579.20 763.25 0.40 393.47
6497 31.11 264.03 440.43 0.40 407.20
6498 30.50 64.83 234.64 0.50 411.27
6499 29.92 0.00 0.00 0.60 413.17
6500 29.33 0.00 0.00 0.50 411.34
6501 28.75 0.00 0.00 0.60 405.95
6502 28.17 0.00 0.00 0.50 403.98
6503 27.59 0.00 0.00 0.50 398.43
6504 27.01 0.00 0.00 0.40 399.05
6505 26.34 0.00 0.00 0.20 397.72
6506 25.66 0.00 0.00 0.20 394.13
6507 24.98 0.00 0.00 0.40 394.28
6508 24.64 0.00 0.00 0.40 391.95
6509 24.30 0.00 0.00 0.20 388.08
6510 24.07 2.83 0.00 0.20 386.07
6511 25.67 127.00 435.16 0.10 391.15
6512 27.31 387.24 731.53 0.10 388.63
6513 28.99 654.41 867.66 0.20 388.59
6514 30.52 875.48 950.08 0.30 382.71
6515 31.82 1027.11 969.43 0.50 385.10
6516 32.83 1098.27 968.05 0.60 386.07
6517 33.53 1084.88 881.79 0.50 387.57
6518 33.19 625.75 301.36 0.50 410.09
6519 31.93 209.68 7.37 0.70 429.52
6520 30.97 232.48 32.98 0.70 422.24
6521 29.77 21.84 0.00 0.70 441.91
6522 28.77 19.01 0.00 0.70 432.06
6523 28.28 0.00 0.00 0.50 436.26
6524 27.78 0.00 0.00 0.50 431.39
6525 27.29 0.00 0.00 0.50 425.90
6526 26.79 0.00 0.00 0.40 422.95
6527 26.30 0.00 0.00 0.40 420.87
6528 25.80 0.00 0.00 0.40 417.07
6529 25.33 0.00 0.00 0.30 417.62
6530 24.74 0.00 0.00 0.40 417.75
6531 24.16 0.00 0.00 0.70 413.69
6532 23.80 0.00 0.00 0.60 408.19
6533 23.45 0.00 0.00 0.40 410.08
6534 23.18 2.01 0.00 0.40 407.08
6535 23.92 63.98 7.12 0.30 408.28
6536 24.88 223.76 90.70 0.40 402.24
6537 26.21 467.73 269.55 0.50 397.69
6538 27.55 684.40 418.26 0.60 394.23
6539 28.92 915.22 601.94 0.70 387.96
6540 29.43 748.23 328.34 0.80 398.82
6541 30.21 987.30 655.46 0.90 384.25
6542 30.86 1040.47 949.90 0.90 377.84
6543 31.07 858.32 1004.46 0.90 380.45
6544 30.83 609.46 949.73 0.80 381.16
6545 30.01 322.48 764.72 0.80 385.48
6546 28.83 69.33 319.16 0.60 396.14
6547 28.08 0.00 0.00 0.50 400.33
6548 27.34 0.00 0.00 0.50 396.92
6549 26.59 0.00 0.00 0.40 395.43
6550 25.85 0.00 0.00 0.40 393.42
6551 25.10 0.00 0.00 0.20 393.29
6552 24.35 0.00 0.00 0.10 390.66
6553 23.79 0.00 0.00 0.20 395.02
6554 23.47 0.00 0.00 0.60 393.17
6555 23.15 0.00 0.00 1.30 391.33
6556 22.92 0.00 0.00 0.60 390.04
6557 22.70 0.00 0.00 0.30 388.75
6558 22.50 2.61 0.00 0.30 387.64
6559 24.01 128.75 471.73 0.10 396.76
6560 25.48 380.35 721.24 0.30 392.96
6561 26.95 631.26 820.98 1.30 391.00
6562 28.26 833.27 835.82 2.80 388.75
6563 29.36 973.86 839.46 3.10 393.00
6564 30.19 1042.96 838.51 0.80 393.17
6565 30.71 1023.46 826.10 0.40 390.54
6566 30.91 924.95 816.67 0.50 391.61
6567 30.80 760.09 807.45 1.30 389.29
6568 30.21 534.86 741.84 3.70 391.21
6569 29.20 278.40 488.06 2.00 395.92
6570 27.92 47.96 89.52 0.90 407.13
6571 27.17 0.00 0.00 0.50 408.54
6572 26.43 0.00 0.00 0.20 407.30
6573 25.68 0.00 0.00 0.10 404.90
6574 24.94 0.00 0.00 0.30 401.35
6575 24.19 0.00 0.00 0.20 396.06
6576 23.45 0.00 0.00 0.90 393.12
6577 23.35 0.00 0.00 1.50 393.66
6578 23.18 0.00 0.00 0.60 391.16
6579 23.00 0.00 0.00 2.50 392.91
6580 22.87 0.00 0.00 2.80 393.32
6581 22.75 0.00 0.00 0.40 393.41
6582 22.64 2.71 0.00 0.20 389.99
6583 24.29 119.63 348.57 0.10 396.42
6584 25.92 356.28 590.57 0.20 393.21
6585 27.62 605.70 703.91 0.10 392.08
6586 29.16 805.95 739.69 0.40 386.20
6587 30.46 947.97 754.31 0.80 386.05
6588 31.48 1022.56 775.51 2.80 389.02
6589 32.16 1009.02 781.83 3.40 392.16
6590 32.47 911.85 775.44 3.70 396.49
6591 32.43 744.15 753.99 4.80 398.31
6592 31.85 522.30 695.65 4.00 402.02
6593 30.79 268.62 498.09 2.30 407.47
6594 29.45 47.65 88.91 1.70 414.56
6595 28.76 0.00 0.00 0.50 416.41
6596 28.07 0.00 0.00 0.50 413.59
6597 27.38 0.00 0.00 0.60 411.94
6598 26.69 0.00 0.00 0.30 406.84
6599 26.00 0.00 0.00 0.20 404.55
6600 25.31 0.00 0.00 0.60 402.40
6601 25.00 0.00 0.00 0.80 399.58
6602 24.67 0.00 0.00 1.50 395.44
6603 24.34 0.00 0.00 2.00 392.51
6604 24.17 0.00 0.00 0.60 394.38
6605 23.99 0.00 0.00 1.50 391.48
6606 23.87 2.67 0.00 1.10 391.80
6607 25.94 149.86 569.80 0.60 400.19
6608 27.93 438.24 743.93 0.40 391.78
6609 28.94 514.97 370.61 1.70 407.86
6610 29.97 668.74 366.65 0.30 405.91
6611 30.31 569.15 125.12 1.30 416.57
6612 30.37 502.14 43.11 0.80 423.64
6613 30.48 537.30 80.32 0.20 424.00
6614 29.79 258.02 6.91 0.80 435.61
6615 29.34 309.17 15.00 2.00 433.21
6616 28.92 247.86 17.76 0.60 424.97
6617 28.03 112.09 0.00 0.40 437.96
6618 27.52 37.68 16.52 0.30 426.02
6619 27.09 0.00 0.00 2.00 421.33
6620 26.66 0.00 0.00 2.80 418.65
6621 26.22 0.00 0.00 0.80 414.69
6622 25.79 0.00 0.00 0.30 410.78
6623 25.36 0.00 0.00 0.20 403.61
6624 24.93 0.00 0.00 0.30 400.59
6625 24.58 0.00 0.00 0.60 398.95
6626 24.13 0.00 0.00 0.60 400.76
6627 23.68 0.00 0.00 0.60 398.39
6628 23.41 0.00 0.00 0.90 397.71
6629 23.13 0.00 0.00 0.10 393.45
6630 22.91 3.11 0.00 0.30 392.35
6631 24.57 128.97 437.84 0.40 394.38
6632 26.13 372.05 652.59 0.80 394.14
6633 27.70 616.99 750.92 0.20 393.05
6634 29.08 808.83 740.96 0.30 390.05
6635 30.25 947.32 746.04 2.50 390.50
6636 31.14 1008.39 726.18 1.30 389.42
6637 31.72 996.49 740.77 1.70 394.28
6638 31.97 905.76 757.16 2.80 393.23
6639 31.89 738.16 737.64 1.70 394.92
6640 31.31 522.54 715.62 0.60 397.39
6641 30.29 273.85 477.95 1.50 399.71
6642 28.98 46.77 85.28 2.00 409.77
6643 28.22 0.00 0.00 0.50 414.66
6644 27.45 0.00 0.00 0.20 413.23
6645 26.68 0.00 0.00 0.10 410.14
6646 25.92 0.00 0.00 0.10 407.20
6647 25.15 0.00 0.00 0.20 403.66
6648 24.39 0.00 0.00 0.20 400.25
6649 24.13 0.00 0.00 1.50 398.55
6650 23.81 0.00 0.00 3.40 397.70
6651 23.49 0.00 0.00 4.40 395.75
6652 23.29 0.00 0.00 4.00 392.84
6653 23.09 0.00 0.00 0.80 392.74
6654 22.94 3.30 0.00 1.50 391.04
6655 24.63 116.77 296.46 0.50 396.01
6656 26.21 334.13 460.72 2.50 392.74
6657 27.90 575.59 608.35 2.30 391.56
6658 29.44 768.54 643.82 0.30 384.04
6659 30.76 909.10 623.33 0.30 389.22
6660 31.79 976.38 624.88 0.60 391.32
6661 32.45 951.21 601.85 0.50 390.19
6662 32.75 858.24 610.48 0.30 390.74
6663 32.69 690.31 578.70 0.90 393.61
6664 32.11 488.97 558.92 0.80 395.33
6665 31.08 254.95 437.81 0.80 397.79
6666 29.76 46.88 89.43 0.90 408.42
6667 29.20 0.00 0.00 2.00 408.07
6668 28.64 0.00 0.00 0.90 404.27
6669 28.09 0.00 0.00 0.80 403.59
6670 27.53 0.00 0.00 0.20 398.73
6671 26.97 0.00 0.00 0.10 396.45
6672 26.41 0.00 0.00 0.00 397.40
6673 26.19 0.00 0.00 0.20 399.92
6674 25.99 0.00 0.00 0.20 399.15
6675 25.78 0.00 0.00 0.90 396.70
6676 25.69 0.00 0.00 3.40 396.98
6677 25.60 0.00 0.00 0.50 396.41
6678 25.54 3.35 0.00 1.50 396.26
6679 27.38 116.98 318.40 1.10 399.26
6680 29.21 350.24 509.52 0.90 395.61
6681 31.12 600.20 664.02 0.80 394.79
6682 32.81 786.39 659.72 2.30 388.99
6683 34.25 921.06 655.96 3.40 392.53
6684 35.38 984.04 646.42 2.30 396.38
6685 36.11 948.45 594.96 2.80 397.37
6686 36.49 858.07 611.22 2.30 402.31
6687 36.53 710.90 636.55 1.10 402.09
6688 35.98 483.33 570.02 0.50 404.03
6689 34.97 246.19 396.38 1.70 407.35
6690 33.68 45.40 78.40 0.80 415.23
6691 32.84 0.00 0.00 1.10 418.31
6692 32.00 0.00 0.00 0.00 415.45
6693 31.16 0.00 0.00 0.20 411.05
6694 30.32 0.00 0.00 0.10 409.57
6695 29.49 0.00 0.00 0.20 411.82
6696 28.65 0.00 0.00 0.50 407.27
6697 27.73 0.00 0.00 0.60 399.31
6698 26.72 0.00 0.00 0.80 397.95
6699 25.71 0.00 0.00 3.40 395.18
6700 25.16 0.00 0.00 4.00 393.26
6701 24.61 0.00 0.00 2.00 387.16
6702 24.22 3.70 0.00 0.50 389.96
6703 25.98 124.93 379.82 0.50 394.26
6704 27.66 363.68 592.67 0.60 391.71
6705 29.40 615.54 714.10 0.90 391.51
6706 30.98 818.74 763.82 1.30 385.29
6707 32.28 952.13 754.66 1.70 384.05
6708 33.26 1009.42 726.11 1.30 388.89
6709 33.90 988.27 714.42 1.70 390.02
6710 34.18 897.70 734.19 1.30 393.21
6711 34.12 737.53 743.00 2.00 392.12
6712 33.49 507.97 656.22 3.40 395.88
6713 32.41 266.25 508.42 2.30 399.82
6714 31.03 46.36 87.30 2.50 415.25
6715 30.26 0.00 0.00 2.50 416.04
6716 29.49 0.00 0.00 1.30 409.96
6717 28.73 0.00 0.00 1.10 408.47
6718 27.96 0.00 0.00 1.50 405.59
6719 27.20 0.00 0.00 0.40 402.42
6720 26.43 0.00 0.00 0.30 399.83
6721 26.09 0.00 0.00 0.60 395.43
6722 25.76 0.00 0.00 0.30 392.47
6723 25.43 0.00 0.00 0.50 389.43
6724 25.27 0.00 0.00 1.30 387.73
6725 25.10 0.00 0.00 1.50 388.17
6726 25.00 4.01 0.00 3.10 389.62
6727 27.09 136.82 466.55 1.10 396.52
6728 29.01 389.43 715.76 0.90 393.28
6729 30.93 639.24 814.11 3.70 394.11
6730 32.64 836.65 820.82 3.10 390.16
6731 34.08 972.95 819.91 3.10 392.54
6732 35.22 1039.70 820.95 4.00 393.07
6733 35.98 1017.78 809.97 3.10 397.45
6734 36.37 920.97 812.96 5.81 399.57
6735 36.39 753.38 801.42 5.81 398.91
6736 35.85 531.47 765.86 8.91 399.33
6737 34.80 274.17 497.43 5.00 403.48
6738 33.43 46.28 88.44 4.40 411.41
6739 32.57 0.00 0.00 3.70 412.78
6740 31.70 0.00 0.00 5.00 411.92
6741 30.84 0.00 0.00 2.00 408.15
6742 29.98 0.00 0.00 0.40 408.17
6743 29.11 0.00 0.00 2.30 402.55
6744 28.25 0.00 0.00 2.50 398.46
6745 27.35 0.00 0.00 1.30 396.20
6746 26.29 0.00 0.00 1.70 391.68
6747 25.23 0.00 0.00 1.50 389.07
6748 24.62 0.00 0.00 0.60 385.13
6749 24.01 0.00 0.00 0.50 384.97
6750 23.55 4.74 0.00 0.60 384.85
6751 25.16 135.01 377.30 0.10 387.94
6752 26.67 389.36 656.60 0.20 383.71
6753 28.21 649.23 820.55 0.30 386.14
6754 29.60 863.50 897.58 0.30 380.70
6755 30.75 1008.97 837.55 0.90 382.46
6756 31.19 880.81 492.29 3.10 390.65
6757 31.29 795.99 354.44 3.10 397.29
6758 31.20 722.04 324.98 3.70 401.05
6759 31.19 781.11 781.21 2.30 391.58
6760 30.70 543.86 767.61 1.70 394.52
6761 29.72 277.26 562.48 4.40 399.50
6762 28.47 55.51 197.31 2.50 407.82
6763 27.84 0.00 0.00 2.30 409.02
6764 27.21 0.00 0.00 1.50 409.23
6765 26.58 0.00 0.00 1.50 409.06
6766 25.95 0.00 0.00 0.90 408.60
6767 25.32 0.00 0.00 0.80 408.49
6768 24.69 0.00 0.00 1.30 408.99
6769 24.85 0.00 0.00 1.50 413.73
6770 25.06 0.00 0.00 2.00 415.10
6771 25.26 0.00 0.00 2.00 417.73
6772 25.39 0.00 0.00 2.00 419.28
6773 25.51 0.00 0.00 1.50 424.47
6774 25.62 1.23 0.00 0.90 426.11
6775 25.83 9.92 0.00 2.00 436.06
6776 26.37 71.62 0.00 3.10 434.15
6777 27.85 291.78 30.11 2.80 422.07
6778 28.70 326.39 14.39 1.70 429.86
6779 29.42 361.37 18.99 1.50 427.94
6780 30.27 520.67 48.99 0.80 432.48
6781 30.78 464.42 34.65 2.80 438.40
6782 30.70 341.38 13.10 1.70 446.69
6783 30.78 277.78 13.63 1.10 447.92
6784 30.29 69.96 0.00 0.50 455.26
6785 29.48 87.68 0.00 0.40 445.87
6786 28.31 17.38 0.00 0.30 447.20
6787 28.91 0.00 0.00 0.00 443.14
6788 28.67 0.00 0.00 0.10 442.80
6789 28.28 0.00 0.00 0.10 439.29
6790 27.90 0.00 0.00 0.30 432.63
6791 27.51 0.00 0.00 0.10 429.15
6792 27.13 0.00 0.00 1.10 427.66
6793 26.50 0.00 0.00 0.30 421.38
6794 25.85 0.00 0.00 0.10 418.23
6795 25.19 0.00 0.00 0.30 414.60
6796 24.84 0.00 0.00 0.60 413.02
6797 24.49 0.00 0.00 0.30 409.32
6798 24.25 4.05 0.00 0.40 405.36
6799 25.64 111.97 219.97 0.60 407.86
6800 27.15 356.51 467.41 0.60 399.00
6801 28.91 656.07 791.87 2.00 394.67
6802 30.31 828.73 737.30 1.30 390.77
6803 31.64 1023.46 842.04 1.10 390.09
6804 31.42 546.27 91.55 1.10 417.46
6805 31.15 509.17 33.20 0.50 417.78
6806 30.72 431.09 27.37 0.90 420.17
6807 30.23 369.95 31.28 0.80 420.76
6808 29.43 195.08 4.72 1.50 437.18
6809 28.63 100.26 0.00 1.10 424.02
6810 27.80 23.37 0.00 1.50 420.53
6811 27.52 0.00 0.00 1.10 420.19
6812 27.23 0.00 0.00 0.50 419.35
6813 26.95 0.00 0.00 1.50 415.43
6814 26.66 0.00 0.00 4.00 411.82
6815 26.37 0.00 0.00 4.00 410.24
6816 26.09 0.00 0.00 2.80 403.94
6817 25.98 0.00 0.00 3.40 403.60
6818 25.92 0.00 0.00 2.00 402.98
6819 25.86 0.00 0.00 4.40 399.00
6820 25.86 0.00 0.00 3.10 396.88
6821 25.86 0.00 0.00 0.60 394.55
6822 25.88 4.95 0.00 1.10 391.59
6823 28.04 152.95 474.66 1.70 396.88
6824 30.01 429.45 762.45 3.70 393.61
6825 31.98 708.57 922.28 6.81 389.51
6826 33.64 896.38 964.87 5.81 394.54
6827 35.20 1089.48 917.18 4.40 393.81
6828 34.73 522.38 101.17 4.80 422.82
6829 34.05 413.46 24.24 1.70 426.11
6830 33.45 374.76 17.05 2.00 425.47
6831 32.97 367.83 40.22 2.00 417.01
6832 32.57 356.55 156.74 1.50 408.46
6833 31.87 177.13 93.64 1.30 407.00
6834 31.02 36.41 11.30 0.80 409.71
6835 30.49 0.00 0.00 0.60 407.77
6836 29.95 0.00 0.00 0.30 408.00
6837 29.42 0.00 0.00 0.20 408.68
6838 28.88 0.00 0.00 0.30 411.48
6839 28.34 0.00 0.00 0.30 410.09
6840 27.81 0.00 0.00 2.30 407.44
6841 27.00 0.00 0.00 1.50 403.01
6842 26.11 0.00 0.00 1.10 402.36
6843 25.22 0.00 0.00 4.40 399.46
6844 24.74 0.00 0.00 1.30 399.26
6845 24.26 0.00 0.00 0.40 395.61
6846 23.91 4.31 0.00 0.10 397.69
6847 25.34 99.17 116.63 0.10 401.00
6848 26.86 310.99 291.04 0.30 397.30
6849 28.56 555.67 465.09 0.30 398.89
6850 29.29 535.59 160.67 0.50 404.24
6851 30.04 647.12 204.84 0.50 406.66
6852 31.22 927.72 545.72 0.30 398.25
6853 32.20 1004.81 733.78 0.60 393.48
6854 32.89 984.63 862.76 0.30 387.62
6855 32.90 686.17 550.94 0.10 398.86
6856 32.52 519.94 686.75 0.00 392.99
6857 31.63 284.23 600.69 0.00 399.29
6858 30.40 56.11 214.50 0.10 409.14
6859 29.76 0.00 0.00 0.00 417.63
6860 29.13 0.00 0.00 0.00 420.95
6861 28.49 0.00 0.00 0.30 422.15
6862 27.86 0.00 0.00 0.30 422.50
6863 27.22 0.00 0.00 0.00 420.71
6864 26.59 0.00 0.00 0.10 420.41
6865 26.33 0.00 0.00 0.10 421.42
6866 26.06 0.00 0.00 0.10 424.82
6867 25.80 0.00 0.00 1.10 426.44
6868 25.67 0.00 0.00 1.70 429.67
6869 25.54 0.00 0.00 1.10 435.55
6870 25.45 1.96 0.00 1.10 439.68
6871 25.64 11.90 0.00 1.10 442.48
6872 25.80 33.18 0.00 0.80 437.18
6873 27.30 312.06 63.37 0.90 421.76
6874 29.35 649.74 300.53 0.90 410.49
6875 29.94 442.59 69.71 1.50 428.66
6876 31.29 811.10 320.12 2.00 413.90
6877 31.97 685.00 246.52 0.90 421.52
6878 33.15 1028.90 773.58 0.30 399.45
6879 33.13 489.70 168.62 1.50 423.56
6880 32.59 307.87 87.87 1.50 441.17
6881 31.70 89.73 0.00 0.90 440.51
6882 30.76 11.97 0.00 0.90 436.86
6883 30.57 0.00 0.00 0.60 439.36
6884 30.38 0.00 0.00 0.10 440.49
6885 30.19 0.00 0.00 0.10 443.07
6886 30.00 0.00 0.00 0.10 443.02
6887 29.81 0.00 0.00 0.00 439.44
6888 29.47 0.00 0.00 0.00 445.30
6889 29.19 0.00 0.00 0.00 451.26
6890 28.56 0.00 0.00 0.00 448.16
6891 28.95 0.00 0.00 0.10 446.94
6892 28.96 0.00 0.00 0.10 447.72
6893 28.92 0.00 0.00 0.40 450.32
6894 28.87 2.50 0.00 0.90 446.07
6895 29.69 54.86 0.00 2.30 444.55
6896 31.01 205.91 27.83 1.30 440.29
6897 32.08 327.06 47.90 2.30 434.25
6898 32.23 229.69 9.68 2.80 449.47
6899 33.40 561.73 115.56 1.30 434.73
6900 34.33 617.54 130.77 0.90 431.29
6901 34.48 394.63 30.57 1.30 442.89
6902 34.01 199.94 4.31 0.80 448.78
6903 33.67 216.52 15.07 1.70 458.42
6904 33.81 348.95 163.00 2.00 425.84
6905 33.74 285.45 523.78 1.30 408.51
6906 33.17 55.57 208.20 1.30 414.72
6907 32.43 0.00 0.00 0.50 414.28
6908 31.70 0.00 0.00 2.00 411.10
6909 30.97 0.00 0.00 2.30 409.72
6910 30.24 0.00 0.00 1.50 408.43
6911 29.51 0.00 0.00 2.00 403.49
6912 28.78 0.00 0.00 0.60 401.65
6913 27.82 0.00 0.00 1.30 397.42
6914 26.77 0.00 0.00 2.00 392.53
6915 25.71 0.00 0.00 2.30 388.06
6916 25.14 0.00 0.00 2.00 383.57
6917 24.56 0.00 0.00 1.70 382.56
6918 24.14 5.41 0.00 2.00 382.62
6919 26.43 159.42 547.84 2.30 387.13
6920 28.17 404.07 700.80 3.40 385.13
6921 29.78 622.32 707.35 4.00 386.41
6922 31.38 850.36 823.22 0.80 382.91
6923 32.68 972.86 792.44 1.10 383.65
6924 33.57 996.79 649.22 0.90 383.57
6925 34.27 1042.93 836.10 0.90 386.94
6926 34.65 976.42 921.96 0.40 387.14
6927 34.69 832.93 999.56 1.30 385.88
6928 34.14 584.75 941.04 3.10 387.79
6929 33.01 301.90 716.91 8.91 391.35
6930 31.54 58.99 192.48 6.81 401.78
6931 30.72 0.00 0.00 2.80 405.25
6932 29.90 0.00 0.00 2.30 404.81
6933 29.08 0.00 0.00 3.40 406.42
6934 28.26 0.00 0.00 2.50 405.78
6935 27.43 0.00 0.00 2.50 401.73
6936 26.61 0.00 0.00 2.50 401.03
6937 26.27 0.00 0.00 1.30 401.26
6938 25.91 0.00 0.00 0.50 401.81
6939 25.55 0.00 0.00 3.40 399.74
6940 25.36 0.00 0.00 2.80 398.89
6941 25.17 0.00 0.00 0.50 400.02
6942 25.04 5.31 0.00 1.10 403.03
6943 26.73 108.11 126.41 1.70 407.30
6944 28.30 308.68 299.27 0.50 405.69
6945 29.94 523.36 378.17 0.90 404.68
6946 31.69 760.78 578.96 2.00 396.01
6947 33.09 873.86 593.84 3.10 399.53
6948 34.13 915.96 534.58 3.10 404.25
6949 34.71 845.63 474.46 2.50 407.82
6950 35.00 773.98 464.29 1.10 406.22
6951 34.84 590.50 347.40 2.30 410.08
6952 34.29 434.29 393.62 2.80 410.08
6953 33.28 202.86 167.58 2.00 419.61
6954 32.06 39.52 44.82 0.60 424.55
6955 31.26 0.00 0.00 0.60 428.11
6956 30.46 0.00 0.00 0.90 426.29
6957 29.66 0.00 0.00 0.10 416.71
6958 28.86 0.00 0.00 0.00 415.18
6959 28.05 0.00 0.00 0.00 416.06
6960 27.25 0.00 0.00 0.00 412.72
6961 26.52 0.00 0.00 0.30 411.48
6962 25.69 0.00 0.00 0.90 407.73
6963 24.87 0.00 0.00 1.30 404.56
6964 24.40 0.00 0.00 0.90 401.60
6965 23.94 0.00 0.00 0.30 399.53
6966 23.60 4.19 0.00 0.50 400.39
6967 24.94 103.03 133.96 0.20 404.96
6968 26.85 389.87 517.89 0.30 391.43
6969 27.29 367.47 100.31 0.60 414.40
6970 26.87 268.57 17.24 0.90 426.53
6971 26.42 78.17 0.00 0.60 434.49
6972 26.64 347.85 23.21 0.60 420.87
6973 26.99 482.60 81.92 2.00 413.84
6974 27.64 718.11 326.51 2.00 399.28
6975 28.00 635.22 431.73 1.30 396.06
6976 28.10 518.61 651.05 0.30 390.14
6977 27.79 295.01 636.36 0.80 389.62
6978 27.05 57.44 241.44 1.10 396.82
6979 26.51 0.00 0.00 5.00 401.13
6980 25.98 0.00 0.00 2.00 401.95
6981 25.44 0.00 0.00 2.30 401.87
6982 24.90 0.00 0.00 1.30 401.73
6983 24.36 0.00 0.00 0.90 400.70
6984 23.82 0.00 0.00 0.80 399.43
6985 23.75 0.00 0.00 0.80 404.22
6986 23.72 0.00 0.00 0.40 406.66
6987 23.68 0.00 0.00 0.20 411.66
6988 23.67 0.00 0.00 0.30 413.04
6989 23.67 0.00 0.00 0.20 413.98
6990 23.68 3.10 0.00 0.10 416.75
6991 23.91 12.73 0.00 0.50 420.39
6992 24.11 76.59 0.00 1.30 422.37
6993 25.28 192.17 4.36 1.30 414.91
6994 26.87 483.18 104.91 2.50 397.08
6995 28.43 669.22 228.63 1.70 393.14
6996 29.52 682.27 147.63 2.30 397.98
6997 30.15 611.79 134.86 1.30 399.06
6998 30.31 503.24 86.38 0.90 416.75
6999 30.70 549.11 268.59 1.50 395.01
7000 30.22 235.24 30.60 2.00 407.07
7001 29.40 74.15 0.00 2.00 429.70
7002 28.67 18.01 0.00 2.80 419.47
7003 28.26 0.00 0.00 2.00 416.19
7004 27.85 0.00 0.00 1.10 415.12
7005 27.44 0.00 0.00 0.30 410.22
7006 27.04 0.00 0.00 0.00 407.46
7007 26.63 0.00 0.00 0.00 406.25
7008 26.22 0.00 0.00 0.00 407.93
7009 25.66 0.00 0.00 0.60 405.42
7010 24.97 0.00 0.00 0.30 402.24
7011 24.28 0.00 0.00 0.90 399.00
7012 23.87 0.00 0.00 1.70 391.50
7013 23.46 0.00 0.00 0.50 387.74
7014 23.14 5.49 0.00 0.10 386.73
7015 24.41 127.78 227.18 0.00 394.93
7016 25.63 373.58 470.32 0.10 387.60
7017 26.85 622.03 637.37 0.10 385.01
7018 27.62 702.87 448.06 0.10 388.34
7019 28.28 816.07 505.60 1.30 392.17
7020 28.79 876.58 486.87 0.30 390.45
7021 28.85 711.88 248.84 0.50 400.86
7022 28.73 612.55 186.03 0.80 402.98
7023 28.32 472.47 131.30 3.40 406.94
7024 27.64 292.20 61.37 3.40 415.10
7025 26.78 132.34 14.42 2.00 420.23
7026 25.88 31.57 0.00 0.80 415.96
7027 25.31 0.00 0.00 0.00 416.61
7028 24.75 0.00 0.00 0.00 412.52
7029 24.18 0.00 0.00 0.00 410.03
7030 23.61 0.00 0.00 0.00 407.75
7031 23.04 0.00 0.00 0.20 401.93
7032 22.47 0.00 0.00 1.50 398.73
7033 22.53 0.00 0.00 0.50 396.91
7034 22.57 0.00 0.00 1.70 396.37
7035 22.60 0.00 0.00 2.80 394.57
7036 22.61 0.00 0.00 2.00 392.39
7037 22.61 0.00 0.00 1.10 389.82
7038 22.60 5.76 0.00 1.50 387.95
7039 24.49 134.00 227.45 0.80 396.22
7040 26.13 365.82 470.18 0.80 391.76
7041 27.80 606.31 636.99 0.90 391.23
7042 29.37 812.04 700.09 0.90 391.02
7043 30.58 913.84 575.52 1.10 392.95
7044 30.61 591.37 110.79 2.30 413.60
7045 30.58 572.66 79.72 3.40 413.07
7046 30.29 485.86 73.55 4.40 415.24
7047 29.74 368.89 30.73 6.81 418.00
7048 28.98 239.60 17.47 5.30 414.10
7049 28.06 111.30 0.56 4.80 415.87
7050 27.12 23.15 0.00 2.50 414.45
7051 26.96 0.00 0.00 2.80 419.08
7052 26.81 0.00 0.00 3.40 419.29
7053 26.66 0.00 0.00 3.40 419.58
7054 26.51 0.00 0.00 2.50 421.05
7055 26.36 0.00 0.00 2.50 421.11
7056 26.21 0.00 0.00 2.00 418.74
7057 26.18 0.00 0.00 2.30 424.65
7058 26.07 0.00 0.00 1.30 423.45
7059 26.16 0.00 0.00 0.90 424.86
7060 25.87 0.00 0.00 1.30 426.50
7061 26.21 0.00 0.00 1.70 425.88
7062 26.27 1.88 0.00 1.70 430.08
7063 26.90 34.20 0.00 1.70 434.56
7064 27.87 140.98 0.00 0.60 429.16
7065 28.11 125.72 0.00 0.50 437.63
7066 27.94 59.72 0.00 0.10 443.21
7067 28.39 212.83 9.37 0.10 437.43
7068 29.50 486.78 54.99 0.10 429.62
7069 30.20 476.23 47.52 0.10 434.07
7070 30.85 457.60 43.56 0.10 421.39
7071 30.89 377.73 34.02 0.30 435.34
7072 30.27 302.08 71.54 0.30 434.79
7073 30.97 178.50 106.24 0.50 435.48
7074 30.40 33.00 1.19 0.40 439.35
7075 30.08 0.00 0.00 0.40 436.87
7076 29.77 0.00 0.00 0.30 434.40
7077 29.45 0.00 0.00 0.10 431.94
7078 29.14 0.00 0.00 0.10 429.58
7079 28.82 0.00 0.00 1.10 427.57
7080 28.50 0.00 0.00 0.50 429.16
7081 28.13 0.00 0.00 0.20 428.93
7082 27.72 0.00 0.00 0.80 427.45
7083 27.30 0.00 0.00 1.50 421.46
7084 27.08 0.00 0.00 1.10 420.36
7085 26.85 0.00 0.00 0.20 420.71
7086 26.68 4.14 0.00 0.20 423.68
7087 28.21 108.91 153.27 0.40 424.32
7088 30.09 375.31 475.64 0.80 413.58
7089 31.15 472.03 252.83 2.30 423.37
7090 31.57 445.12 53.91 1.70 427.27
7091 31.62 418.52 28.47 1.30 445.41
7092 31.86 524.02 72.29 1.50 444.58
7093 31.29 353.54 24.37 1.30 451.44
7094 31.41 259.54 6.88 2.30 452.83
7095 31.51 402.47 79.38 3.70 439.48
7096 31.05 203.56 9.53 5.30 441.16
7097 30.56 154.61 68.54 2.00 434.57
7098 29.88 26.06 0.00 3.10 439.28
7099 29.49 0.00 0.00 2.00 439.77
7100 29.10 0.00 0.00 2.50 439.79
7101 28.69 0.00 0.00 1.50 437.80
7102 28.32 0.00 0.00 6.81 441.55
7103 27.93 0.00 0.00 3.10 436.94
7104 27.54 0.00 0.00 2.80 436.85
7105 27.36 0.00 0.00 1.50 437.94
7106 27.18 0.00 0.00 0.40 435.79
7107 27.01 0.00 0.00 0.80 433.26
7108 26.94 0.00 0.00 0.30 431.41
7109 26.86 0.00 0.00 0.80 432.38
7110 26.81 1.97 0.00 0.50 431.48
7111 27.65 57.64 0.00 0.60 433.64
7112 28.94 237.10 86.11 0.10 421.41
7113 30.59 492.97 285.95 0.90 414.26
7114 31.91 632.31 289.25 1.50 411.61
7115 32.81 665.63 230.45 0.20 418.06
7116 32.86 447.63 41.75 1.30 446.03
7117 33.21 565.70 102.13 2.50 425.99
7118 32.78 320.85 13.89 1.70 451.00
7119 32.20 176.81 1.03 0.20 443.12
7120 31.45 144.57 0.00 0.80 453.25
7121 31.14 155.12 78.40 0.50 426.63
7122 30.55 50.94 129.04 0.60 415.50
7123 30.12 0.00 0.00 1.50 420.95
7124 29.69 0.00 0.00 2.30 422.17
7125 29.26 0.00 0.00 0.90 421.21
7126 28.83 0.00 0.00 0.40 418.39
7127 27.89 0.00 0.00 0.30 419.56
7128 27.97 0.00 0.00 0.40 419.68
7129 27.46 0.00 0.00 0.10 419.19
7130 26.95 0.00 0.00 0.60 417.93
7131 26.44 0.00 0.00 0.40 416.16
7132 26.19 0.00 0.00 0.20 417.44
7133 25.94 0.00 0.00 0.20 417.88
7134 25.78 1.62 0.00 0.90 418.14
7135 26.94 101.49 80.74 0.80 423.16
7136 27.75 242.32 104.60 0.30 418.94
7137 29.86 727.11 790.17 0.20 391.51
7138 30.95 738.81 518.51 0.30 398.43
7139 31.60 738.42 316.91 1.30 403.81
7140 31.79 605.68 141.08 1.70 415.29
7141 31.30 345.16 33.61 1.30 428.94
7142 31.22 464.25 78.07 1.10 419.54
7143 30.29 61.61 0.00 0.50 443.84
7144 29.52 42.91 0.00 0.60 443.21
7145 28.85 21.82 0.00 0.10 442.77
7146 28.26 4.21 0.00 1.50 441.02
7147 27.91 0.00 0.00 0.90 438.97
7148 27.52 0.00 0.00 1.70 442.64
7149 26.79 0.00 0.00 3.40 439.82
7150 26.86 0.00 0.00 1.50 436.93
7151 26.54 0.00 0.00 1.50 436.12
7152 26.07 0.00 0.00 0.80 431.10
7153 25.82 0.00 0.00 2.00 431.54
7154 25.44 0.00 0.00 1.30 428.45
7155 25.05 0.00 0.00 2.80 425.29
7156 24.74 0.00 0.00 3.70 420.93
7157 24.63 0.00 0.00 1.70 425.36
7158 24.51 3.11 0.00 0.30 427.23
7159 25.21 43.25 0.00 0.30 430.05
7160 25.62 93.62 0.00 0.50 432.68
7161 25.52 53.78 0.00 0.30 441.63
7162 25.53 70.47 0.00 0.30 437.98
7163 27.47 650.76 242.10 0.30 409.43
7164 28.92 714.31 235.11 0.30 410.28
7165 30.18 806.55 380.68 0.20 409.53
7166 31.16 825.52 549.32 0.80 405.84
7167 31.93 835.15 917.67 0.10 395.12
7168 32.13 580.66 876.64 1.30 399.40
7169 31.67 294.47 667.72 1.50 408.39
7170 30.73 56.66 242.43 0.80 418.08
7171 30.50 0.00 0.00 0.80 423.14
7172 30.27 0.00 0.00 0.40 426.77
7173 30.04 0.00 0.00 0.50 428.30
7174 29.81 0.00 0.00 0.90 429.21
7175 29.58 0.00 0.00 0.20 432.13
7176 29.35 0.00 0.00 0.30 432.38
7177 29.09 0.00 0.00 0.10 436.79
7178 28.80 0.00 0.00 0.20 441.95
7179 28.83 0.00 0.00 0.00 441.77
7180 28.74 0.00 0.00 0.20 444.15
7181 28.72 0.00 0.00 0.30 448.18
7182 28.67 1.91 0.00 0.20 450.00
7183 29.41 47.24 0.00 1.10 456.69
7184 29.63 83.87 0.00 3.10 457.34
7185 30.16 169.77 0.31 1.10 453.87
7186 30.93 271.98 9.09 1.70 448.21
7187 30.99 212.62 2.41 0.80 458.65
7188 31.47 279.42 6.92 0.20 453.75
7189 31.57 280.99 6.90 1.10 454.54
7190 31.89 300.96 10.03 1.10 453.18
7191 31.96 228.61 6.13 0.80 448.94
7192 31.74 140.13 0.00 1.10 457.14
7193 31.22 93.26 0.00 2.50 455.29
7194 30.35 14.23 0.00 1.30 457.35
7195 30.35 0.00 0.00 0.80 460.96
7196 29.17 0.00 0.00 0.60 458.54
7197 29.43 0.00 0.00 0.90 459.23
7198 29.27 0.00 0.00 0.80 455.89
7199 28.48 0.00 0.00 0.80 453.24
7200 26.63 0.00 0.00 2.80 441.73
7201 28.22 0.00 0.00 4.00 448.72
7202 27.76 0.00 0.00 2.80 448.32
7203 27.30 0.00 0.00 1.30 445.28
7204 27.05 0.00 0.00 0.60 443.59
7205 26.80 0.00 0.00 0.20 441.89
7206 26.62 3.83 0.00 2.30 440.65
7207 27.16 41.46 0.00 2.50 444.02
7208 29.06 320.50 278.03 1.30 425.38
7209 29.97 385.81 114.78 0.80 433.44
7210 30.62 446.72 84.03 0.10 433.83
7211 29.98 85.48 0.00 0.30 451.57
7212 30.24 417.37 49.34 2.30 438.45
7213 30.79 568.75 105.81 2.00 432.38
7214 30.77 370.78 20.70 2.30 441.62
7215 30.38 222.44 8.04 0.30 447.81
7216 29.93 202.07 6.69 0.30 446.53
7217 28.96 101.11 0.00 1.10 445.15
7218 29.16 3.95 0.00 0.10 459.01
7219 28.84 0.00 0.00 0.00 455.77
7220 28.58 0.00 0.00 0.50 455.53
7221 28.29 0.00 0.00 0.20 454.25
7222 28.00 0.00 0.00 0.10 447.79
7223 27.71 0.00 0.00 0.10 447.77
7224 27.42 0.00 0.00 0.80 445.69
7225 27.20 0.00 0.00 0.40 445.14
7226 27.17 0.00 0.00 0.20 446.72
7227 26.99 0.00 0.00 0.60 445.98
7228 27.20 0.00 0.00 0.60 446.76
7229 27.17 0.00 0.00 0.40 444.03
7230 27.19 2.63 0.00 0.90 444.72
7231 27.69 39.28 0.00 0.60 441.50
7232 28.32 121.96 0.00 0.50 437.25
7233 29.19 269.00 19.81 0.40 432.29
7234 30.28 464.25 90.14 0.30 420.11
7235 31.01 498.28 76.49 0.30 436.81
7236 31.25 358.18 24.50 0.90 438.36
7237 31.25 313.84 4.23 0.90 450.01
7238 30.94 163.41 0.77 0.10 455.99
7239 30.50 111.01 0.00 1.50 455.61
7240 29.85 56.97 0.00 1.30 459.00
7241 29.34 32.53 0.00 2.50 456.75
7242 28.03 11.50 0.00 0.80 453.24
7243 28.50 0.00 0.00 1.30 450.43
7244 28.67 0.00 0.00 0.40 446.09
7245 28.57 0.00 0.00 1.10 446.08
7246 28.30 0.00 0.00 0.90 441.17
7247 28.02 0.00 0.00 1.50 435.97
7248 27.75 0.00 0.00 0.50 434.63
7249 27.33 0.00 0.00 0.30 429.39
7250 26.88 0.00 0.00 0.40 427.06
7251 26.42 0.00 0.00 0.80 423.06
7252 26.17 0.00 0.00 1.10 417.11
7253 25.92 0.00 0.00 0.30 413.17
7254 25.74 6.78 0.00 0.10 412.57
7255 27.69 130.02 270.28 0.30 411.11
7256 29.20 331.83 360.58 2.50 408.32
7257 30.59 509.64 343.65 4.40 408.31
7258 31.79 647.24 321.71 4.40 408.10
7259 33.12 853.52 543.11 4.40 405.29
7260 34.17 919.45 554.55 2.30 406.78
7261 34.74 844.80 481.73 4.80 409.23
7262 35.07 797.78 526.80 5.81 409.58
7263 34.94 598.52 370.05 6.81 415.57
7264 34.23 372.32 202.29 5.30 421.19
7265 33.16 166.30 81.60 5.30 427.01
7266 31.97 36.05 16.82 5.81 426.68
7267 31.50 0.00 0.00 4.40 427.65
7268 31.03 0.00 0.00 2.30 428.60
7269 30.56 0.00 0.00 2.00 428.13
7270 30.09 0.00 0.00 0.80 426.46
7271 29.62 0.00 0.00 0.60 426.62
7272 29.16 0.00 0.00 0.60 424.16
7273 28.89 0.00 0.00 0.30 422.93
7274 28.65 0.00 0.00 0.20 419.13
7275 28.40 0.00 0.00 1.10 417.38
7276 28.29 0.00 0.00 3.40 416.43
7277 28.18 0.00 0.00 1.30 414.74
7278 28.11 7.25 0.00 1.10 416.25
7279 30.16 150.82 330.21 1.30 422.64
7280 31.91 406.96 595.85 1.50 415.90
7281 33.60 650.34 761.64 0.50 414.60
7282 35.04 825.60 755.71 0.30 411.95
7283 36.34 984.74 767.59 0.90 413.57
7284 36.20 562.31 106.83 0.80 440.97
7285 35.92 503.64 48.91 2.00 440.88
7286 35.43 408.28 25.20 1.50 441.68
7287 34.79 302.65 14.39 1.50 443.39
7288 34.01 209.68 10.61 1.30 456.77
7289 33.27 108.04 0.00 0.30 449.19
7290 32.45 21.81 0.00 0.90 447.15
7291 31.98 0.00 0.00 1.10 447.26
7292 31.51 0.00 0.00 0.20 445.05
7293 31.04 0.00 0.00 0.20 443.93
7294 30.57 0.00 0.00 0.00 443.73
7295 30.10 0.00 0.00 0.00 438.92
7296 29.63 0.00 0.00 0.00 432.75
7297 29.49 0.00 0.00 0.10 434.12
7298 28.91 0.00 0.00 0.10 430.41
7299 28.32 0.00 0.00 0.10 427.47
7300 28.02 0.00 0.00 0.10 427.02
7301 27.72 0.00 0.00 0.10 422.44
7302 27.51 3.01 0.00 0.10 421.09
7303 29.43 145.49 242.79 0.10 425.57
7304 31.03 389.23 487.06 0.10 420.21
7305 30.64 207.93 15.42 0.10 451.31
7306 32.12 667.29 335.05 0.10 423.83
7307 32.17 513.82 83.37 0.10 441.23
7308 32.60 512.19 48.02 0.10 443.73
7309 32.79 421.35 26.58 0.10 442.04
7310 32.78 431.58 60.43 0.10 445.91
7311 31.83 54.41 0.00 0.10 467.84
7312 30.05 45.47 0.00 0.10 463.54
7313 30.70 147.45 62.38 0.00 440.61
7314 30.14 37.49 22.52 0.00 436.03
7315 29.62 0.00 0.00 0.10 431.90
7316 29.10 0.00 0.00 0.00 428.09
7317 28.59 0.00 0.00 0.00 423.71
7318 28.07 0.00 0.00 0.00 419.65
7319 27.55 0.00 0.00 0.00 415.62
7320 27.03 0.00 0.00 0.10 411.58
7321 26.63 0.00 0.00 0.00 409.52
7322 26.20 0.00 0.00 0.00 407.14
7323 25.77 0.00 0.00 0.00 401.21
7324 25.55 0.00 0.00 0.00 400.40
7325 25.32 0.00 0.00 0.00 400.04
7326 25.16 5.93 0.00 0.00 398.98
7327 27.49 143.74 315.48 0.00 407.94
7328 29.08 341.85 373.49 0.00 410.77
7329 29.87 391.65 130.19 0.00 423.94
7330 31.85 783.01 539.79 0.00 407.54
7331 32.98 767.51 376.17 0.00 415.03
7332 33.70 759.04 287.61 0.10 417.77
7333 34.20 755.20 320.44 0.10 418.96
7334 34.38 664.42 275.82 0.10 426.19
7335 33.73 375.65 47.81 0.10 440.26
7336 33.10 335.01 150.77 0.10 433.56
7337 32.37 254.98 410.55 0.10 417.57
7338 31.27 44.16 90.74 0.10 428.61
7339 30.61 0.00 0.00 0.00 431.39
7340 29.95 0.00 0.00 0.00 428.14
7341 29.29 0.00 0.00 0.00 424.73
7342 28.62 0.00 0.00 0.00 425.43
7343 27.96 0.00 0.00 0.00 421.45
7344 27.30 0.00 0.00 0.00 420.05
7345 26.76 0.00 0.00 0.00 418.26
7346 26.20 0.00 0.00 0.00 418.82
7347 25.63 0.00 0.00 0.00 417.91
7348 25.33 0.00 0.00 0.10 416.84
7349 25.03 0.00 0.00 0.10 416.31
7350 24.82 5.73 0.00 0.00 416.59
7351 26.06 91.59 60.67 0.10 422.21
7352 28.07 385.80 463.87 0.00 406.98
7353 29.63 580.24 539.43 0.00 411.27
7354 30.15 512.42 136.53 0.00 423.77
7355 30.82 642.89 202.16 0.00 423.47
7356 31.45 728.80 201.10 0.00 421.93
7357 31.77 669.65 204.57 0.00 421.75
7358 31.73 513.06 98.79 0.10 427.12
7359 31.13 300.28 31.21 0.10 432.52
7360 30.03 37.92 0.00 0.10 443.61
7361 29.08 18.87 0.00 0.10 443.40
7362 28.23 3.72 0.00 0.10 448.13
7363 27.57 0.00 0.00 0.10 445.05
7364 27.60 0.00 0.00 0.10 439.21
7365 27.24 0.00 0.00 0.10 434.64
7366 27.06 0.00 0.00 0.10 434.93
7367 26.76 0.00 0.00 0.10 431.61
7368 26.46 0.00 0.00 0.10 428.86
7369 26.32 0.00 0.00 0.10 425.92
7370 26.17 0.00 0.00 0.10 423.85
7371 26.02 0.00 0.00 0.10 420.86
7372 25.94 0.00 0.00 0.10 417.44
7373 25.86 0.00 0.00 0.10 413.12
7374 25.81 7.20 0.00 0.10 411.29
7375 28.10 133.60 257.27 0.10 414.46
7376 29.17 257.96 136.22 0.10 419.13
7377 31.58 617.52 627.73 0.10 405.46
7378 33.42 764.05 555.04 0.10 405.78
7379 33.73 533.92 112.52 0.20 423.62
7380 34.28 656.14 172.69 0.30 417.03
7381 34.69 662.36 196.56 0.51 419.99
7382 35.08 701.42 302.47 0.51 416.48
7383 34.39 330.31 45.71 0.71 434.86
7384 33.94 367.21 215.72 0.71 421.57
7385 33.25 244.09 406.15 0.51 415.82
7386 32.18 46.85 116.23 0.30 421.23
7387 31.52 0.00 0.00 0.30 425.01
7388 30.86 0.00 0.00 0.20 421.65
7389 30.19 0.00 0.00 0.20 423.66
7390 29.53 0.00 0.00 0.20 421.85
7391 28.86 0.00 0.00 0.20 422.73
7392 28.20 0.00 0.00 0.20 420.66
7393 27.56 0.00 0.00 0.20 422.41
7394 26.92 0.00 0.00 0.10 422.23
7395 26.28 0.00 0.00 0.30 424.04
7396 25.95 0.00 0.00 0.20 428.02
7397 25.63 0.00 0.00 0.10 426.26
7398 25.41 2.42 0.00 0.10 428.28
7399 25.66 17.99 0.00 0.10 428.78
7400 27.70 305.18 260.24 0.20 402.56
7401 29.13 463.64 227.13 0.20 407.58
7402 30.14 546.01 177.76 0.30 406.14
7403 30.86 590.81 111.41 0.40 411.90
7404 31.49 650.93 196.72 0.71 407.84
7405 32.67 1010.08 760.22 0.91 394.58
7406 33.00 699.05 299.62 0.91 410.94
7407 32.16 229.06 17.99 0.91 434.76
7408 31.41 194.95 5.27 0.51 433.15
7409 30.61 113.41 2.06 0.51 433.33
7410 29.77 23.73 0.00 0.71 431.63
7411 29.24 0.00 0.00 0.71 432.95
7412 28.69 0.00 0.00 0.40 437.11
7413 28.01 0.00 0.00 0.40 432.95
7414 27.60 0.00 0.00 0.30 432.10
7415 27.12 0.00 0.00 0.30 430.76
7416 26.59 0.00 0.00 0.30 428.76
7417 26.10 0.00 0.00 0.30 426.56
7418 25.56 0.00 0.00 0.20 424.96
7419 25.03 0.00 0.00 0.30 424.80
7420 24.74 0.00 0.00 0.30 422.90
7421 24.45 0.00 0.00 0.10 419.93
7422 24.25 4.61 0.00 0.20 419.59
7423 25.11 57.13 0.00 0.20 421.24
7424 25.91 163.20 10.56 0.20 420.65
7425 28.34 576.10 499.51 0.20 398.11
7426 29.72 620.75 272.55 0.30 407.59
7427 31.01 773.51 385.79 0.30 407.77
7428 31.89 785.61 334.23 0.40 413.42
7429 32.40 741.26 289.31 0.40 418.34
7430 32.32 519.99 105.43 0.51 422.26
7431 32.20 503.35 179.46 0.71 415.05
7432 31.74 370.06 222.69 0.91 413.60
7433 30.49 20.29 0.00 0.71 446.66
7434 29.45 26.12 0.00 0.51 431.03
7435 29.05 0.00 0.00 0.30 432.65
7436 28.65 0.00 0.00 0.20 428.70
7437 28.26 0.00 0.00 0.20 427.68
7438 27.86 0.00 0.00 0.20 423.68
7439 27.46 0.00 0.00 0.30 424.61
7440 27.06 0.00 0.00 0.30 424.64
7441 26.87 0.00 0.00 0.30 418.55
7442 26.66 0.00 0.00 0.30 418.54
7443 26.46 0.00 0.00 0.71 418.11
7444 26.35 0.00 0.00 0.51 417.83
7445 26.24 0.00 0.00 0.30 418.24
7446 26.17 6.30 0.00 0.30 421.49
7447 27.89 105.04 122.61 0.30 427.92
7448 30.11 373.95 472.91 0.30 416.30
7449 32.56 686.14 802.64 0.30 412.99
7450 34.20 787.94 625.31 0.51 413.79
7451 35.57 905.58 564.28 0.71 417.88
7452 35.28 513.27 101.11 0.91 445.12
7453 34.09 268.76 13.36 1.21 455.17
7454 34.06 514.47 110.76 1.21 434.83
7455 34.09 530.49 238.83 1.21 423.64
7456 33.89 453.22 445.39 1.41 415.39
7457 33.26 271.14 484.85 1.21 413.88
7458 32.19 42.93 76.79 1.21 427.63
7459 31.73 0.00 0.00 0.91 430.82
7460 31.26 0.00 0.00 0.71 431.52
7461 30.80 0.00 0.00 0.71 429.21
7462 30.34 0.00 0.00 0.91 433.51
7463 29.87 0.00 0.00 0.71 433.35
7464 29.41 0.00 0.00 0.51 429.94
7465 28.99 0.00 0.00 0.51 428.66
7466 28.58 0.00 0.00 0.51 427.06
7467 28.16 0.00 0.00 0.91 426.23
7468 27.94 0.00 0.00 1.21 428.75
7469 27.73 0.00 0.00 0.40 428.33
7470 27.59 4.80 0.00 0.40 430.40
7471 28.71 64.24 0.00 0.51 436.23
7472 29.40 170.43 9.97 0.51 440.37
7473 30.50 275.74 16.62 0.40 441.65
7474 31.63 419.27 38.87 0.51 442.28
7475 32.89 581.05 137.68 0.51 428.82
7476 33.82 622.18 146.13 0.71 421.85
7477 34.52 635.88 169.51 1.21 424.29
7478 35.18 696.17 322.45 1.41 416.51
7479 35.42 562.12 301.31 1.82 419.83
7480 35.42 449.94 434.98 1.82 415.57
7481 34.91 263.53 448.43 1.41 414.50
7482 33.92 35.50 17.07 1.41 432.00
7483 32.98 0.00 0.00 1.41 431.15
7484 32.05 0.00 0.00 1.21 430.09
7485 31.11 0.00 0.00 0.91 425.88
7486 30.17 0.00 0.00 0.91 424.29
7487 29.24 0.00 0.00 0.91 419.75
7488 28.30 0.00 0.00 0.71 416.66
7489 27.40 0.00 0.00 0.71 414.43
7490 26.33 0.00 0.00 0.51 407.62
7491 25.27 0.00 0.00 0.71 402.16
7492 24.66 0.00 0.00 0.51 399.84
7493 24.05 0.00 0.00 0.30 396.54
7494 23.58 7.58 0.00 0.30 395.42
7495 25.23 135.83 353.15 0.30 400.24
7496 26.64 371.87 549.83 0.51 394.15
7497 28.06 610.26 679.78 0.71 393.40
7498 29.33 805.24 730.34 1.41 390.65
7499 30.33 917.30 677.48 1.82 390.69
7500 31.06 969.15 659.02 2.12 395.58
7501 31.48 937.19 630.44 2.53 394.08
7502 31.60 850.03 657.48 1.82 395.43
7503 31.43 693.69 671.15 2.12 395.86
7504 30.77 476.88 619.53 2.53 395.64
7505 29.71 237.93 412.52 2.53 398.09
7506 28.43 43.63 82.58 1.82 407.37
7507 27.58 0.00 0.00 1.82 407.34
7508 26.73 0.00 0.00 1.21 405.56
7509 25.88 0.00 0.00 0.91 402.57
7510 25.03 0.00 0.00 0.71 400.16
7511 24.18 0.00 0.00 0.51 399.82
7512 23.34 0.00 0.00 0.51 396.05
7513 23.26 0.00 0.00 0.71 395.89
7514 23.11 0.00 0.00 0.71 396.68
7515 22.97 0.00 0.00 1.21 395.52
7516 22.86 0.00 0.00 1.21 394.36
7517 22.75 0.00 0.00 0.51 392.68
7518 22.66 7.59 0.00 0.71 394.86
7519 24.58 116.79 172.31 0.51 402.20
7520 26.55 354.53 404.36 0.71 396.13
7521 26.71 276.70 37.92 1.21 417.48
7522 28.14 600.49 264.35 1.41 402.99
7523 28.97 601.32 163.51 1.82 412.28
7524 29.02 429.72 63.43 1.82 425.30
7525 30.67 1103.71 923.14 1.82 390.94
7526 31.70 1011.15 984.07 2.12 392.31
7527 31.98 742.41 780.71 2.12 400.29
7528 31.89 577.69 907.13 2.53 395.10
7529 31.08 298.71 722.26 2.12 399.99
7530 29.81 60.08 207.98 1.62 407.93
7531 29.37 0.00 0.00 1.21 414.52
7532 28.92 0.00 0.00 0.71 413.67
7533 28.48 0.00 0.00 0.40 412.28
7534 28.04 0.00 0.00 0.30 412.85
7535 27.60 0.00 0.00 0.30 414.59
7536 27.15 0.00 0.00 0.30 415.37
7537 26.96 0.00 0.00 0.51 420.43
7538 26.81 0.00 0.00 0.71 424.51
7539 24.93 0.00 0.00 0.71 424.40
7540 26.59 0.00 0.00 0.71 429.01
7541 26.68 0.00 0.00 0.51 430.87
7542 26.07 1.35 0.00 0.71 435.65
7543 27.05 24.43 0.00 0.71 436.99
7544 27.16 62.41 0.00 0.51 439.09
7545 27.65 104.92 0.00 0.71 438.07
7546 28.00 132.21 0.00 0.71 440.21
7547 28.12 152.22 0.55 0.71 440.87
7548 28.41 163.04 1.17 0.71 442.54
7549 28.53 157.76 0.89 0.71 438.80
7550 28.58 138.07 0.00 0.91 437.80
7551 28.52 98.68 0.00 0.91 440.56
7552 28.41 71.82 0.00 0.71 441.49
7553 28.21 33.15 0.00 0.51 440.61
7554 27.94 7.34 0.00 0.51 443.91
7555 27.72 0.00 0.00 0.51 442.09
7556 27.14 0.00 0.00 0.51 441.29
7557 26.35 0.00 0.00 0.51 437.22
7558 26.72 0.00 0.00 0.51 437.50
7559 26.61 0.00 0.00 0.71 433.25
7560 26.06 0.00 0.00 1.41 432.56
7561 25.52 0.00 0.00 1.21 433.91
7562 25.30 0.00 0.00 1.21 434.21
7563 23.84 0.00 0.00 0.91 424.70
7564 24.86 0.00 0.00 1.21 424.12
7565 24.68 0.00 0.00 1.21 425.24
7566 24.54 2.23 0.00 1.21 424.39
7567 24.99 39.87 0.00 1.21 423.83
7568 25.38 82.42 0.00 1.41 427.29
7569 26.29 227.45 9.42 1.41 423.79
7570 26.40 154.86 0.56 1.41 429.93
7571 26.69 220.33 4.68 0.91 427.92
7572 26.79 196.24 2.08 0.91 424.94
7573 27.08 294.04 3.88 1.21 418.76
7574 27.31 311.37 10.93 1.21 415.08
7575 27.39 254.43 8.73 1.41 419.40
7576 27.36 199.12 6.28 1.62 418.79
7577 27.10 101.60 0.00 1.41 420.28
7578 26.43 17.32 0.00 1.41 431.43
7579 26.29 0.00 0.00 1.41 427.83
7580 25.90 0.00 0.00 1.82 425.90
7581 25.51 0.00 0.00 1.82 423.95
7582 25.12 0.00 0.00 1.82 417.76
7583 24.72 0.00 0.00 1.82 411.68
7584 24.33 0.00 0.00 2.12 409.58
7585 24.09 0.00 0.00 1.21 407.45
7586 23.75 0.00 0.00 1.41 404.58
7587 23.41 0.00 0.00 2.12 402.45
7588 23.19 0.00 0.00 2.12 396.08
7589 22.97 0.00 0.00 1.21 391.19
7590 22.79 6.00 0.00 1.21 391.34
7591 24.26 106.11 121.91 0.91 394.66
7592 25.72 315.75 300.85 1.21 387.33
7593 27.33 556.82 510.01 1.41 387.66
7594 28.61 699.82 473.33 1.62 386.58
7595 29.76 841.70 551.30 2.53 385.71
7596 30.47 830.48 438.28 2.53 394.29
7597 31.02 865.48 538.19 3.03 392.40
7598 31.25 775.52 530.86 3.03 396.65
7599 31.17 640.35 528.28 3.43 395.68
7600 30.57 424.19 388.43 4.34 400.90
7601 29.57 210.10 296.90 3.43 407.54
7602 28.36 42.05 41.59 3.43 416.74
7603 27.78 0.00 0.00 2.73 416.02
7604 27.19 0.00 0.00 1.82 416.15
7605 26.61 0.00 0.00 1.82 412.61
7606 26.03 0.00 0.00 1.21 412.10
7607 25.44 0.00 0.00 1.21 408.15
7608 24.86 0.00 0.00 0.91 405.34
7609 24.75 0.00 0.00 1.41 403.61
7610 24.63 0.00 0.00 0.91 404.40
7611 24.52 0.00 0.00 0.91 402.60
7612 24.46 0.00 0.00 0.91 403.16
7613 24.40 0.00 0.00 1.21 403.29
7614 24.36 3.84 0.00 0.91 405.49
7615 26.36 126.76 218.32 0.91 415.40
7616 27.75 303.28 263.12 1.21 417.80
7617 28.60 375.95 111.96 1.21 429.82
7618 29.59 520.62 154.60 1.21 425.31
7619 29.82 416.59 42.55 1.21 436.71
7620 30.08 470.38 25.49 0.91 435.34
7621 29.19 407.39 35.36 0.91 441.58
7622 29.17 69.57 0.00 0.91 454.09
7623 28.44 209.62 12.82 0.71 442.68
7624 28.50 250.83 45.03 0.91 431.71
7625 28.37 202.83 211.08 0.71 421.07
7626 27.77 37.26 25.28 0.91 427.60
7627 27.52 0.00 0.00 0.71 428.58
7628 27.28 0.00 0.00 0.91 424.94
7629 27.03 0.00 0.00 0.91 425.80
7630 26.54 0.00 0.00 1.21 427.25
7631 26.51 0.00 0.00 0.91 424.48
7632 26.29 0.00 0.00 1.21 424.71
7633 26.06 0.00 0.00 1.21 423.67
7634 25.84 0.00 0.00 0.91 423.17
7635 25.62 0.00 0.00 1.21 421.89
7636 25.52 0.00 0.00 1.21 421.33
7637 25.41 0.00 0.00 1.41 419.85
7638 25.35 2.03 0.00 1.62 420.05
7639 26.59 85.80 34.29 1.41 423.61
7640 27.73 242.91 82.08 1.21 422.48
7641 28.77 379.18 107.77 0.91 419.96
7642 29.40 416.67 39.55 0.91 429.55
7643 29.85 490.84 67.46 1.21 431.26
7644 30.48 500.50 46.72 1.21 423.90
7645 30.11 404.82 24.53 0.91 439.85
7646 30.25 287.49 9.73 1.21 445.14
7647 29.93 211.77 6.58 0.91 445.40
7648 29.31 38.18 0.00 1.21 453.82
7649 28.70 24.56 0.00 0.91 449.55
7650 28.15 5.84 0.00 0.91 446.42
7651 27.74 0.00 0.00 0.91 443.83
7652 27.33 0.00 0.00 0.91 439.67
7653 26.85 0.00 0.00 0.91 436.48
7654 26.46 0.00 0.00 0.91 432.97
7655 25.80 0.00 0.00 0.71 432.51
7656 24.48 0.00 0.00 0.71 426.85
7657 25.21 0.00 0.00 0.30 427.73
7658 24.68 0.00 0.00 0.40 422.36
7659 24.22 0.00 0.00 0.40 422.99
7660 23.96 0.00 0.00 0.40 421.76
7661 23.69 0.00 0.00 0.20 419.24
7662 23.51 2.04 0.00 0.20 417.48
7663 24.19 49.06 0.00 0.30 418.94
7664 24.83 114.06 0.00 0.30 420.52
7665 25.01 118.72 0.00 0.51 424.23
7666 25.56 232.12 9.57 0.71 418.15
7667 27.16 607.12 201.35 1.21 404.04
7668 28.59 743.76 308.02 1.62 400.12
7669 29.31 618.30 159.97 1.82 406.76
7670 30.05 720.89 347.24 1.62 399.69
7671 30.74 782.74 822.07 1.82 388.36
7672 30.88 542.56 736.09 1.82 395.29
7673 30.39 276.14 524.60 1.62 402.10
7674 29.45 56.79 189.86 1.82 411.75
7675 28.93 0.00 0.00 1.21 414.32
7676 28.41 0.00 0.00 0.91 411.41
7677 27.89 0.00 0.00 0.91 409.25
7678 27.37 0.00 0.00 0.91 411.34
7679 26.85 0.00 0.00 0.91 409.89
7680 26.34 0.00 0.00 1.21 408.05
7681 25.96 0.00 0.00 1.41 405.35
7682 25.52 0.00 0.00 1.21 404.45
7683 25.09 0.00 0.00 1.41 402.18
7684 24.84 0.00 0.00 1.41 401.68
7685 24.59 0.00 0.00 1.62 400.83
7686 24.40 4.31 0.00 1.41 400.00
7687 26.79 144.25 339.69 1.41 406.28
7688 28.33 331.94 369.35 1.41 407.19
7689 30.49 630.83 663.67 1.41 406.34
7690 30.82 461.07 105.64 1.41 420.39
7691 30.94 443.60 37.87 1.41 425.14
7692 30.85 406.91 23.79 1.62 440.79
7693 30.49 342.57 16.59 1.41 444.89
7694 30.40 415.45 28.16 1.21 437.87
7695 29.83 363.38 32.73 0.71 436.29
7696 30.08 298.15 93.34 0.71 432.17
7697 29.72 267.34 449.01 0.71 404.35
7698 28.89 55.55 193.09 0.71 407.21
7699 28.24 0.00 0.00 0.51 409.42
7700 27.59 0.00 0.00 0.71 406.71
7701 26.94 0.00 0.00 0.51 405.37
7702 26.29 0.00 0.00 0.30 402.11
7703 25.64 0.00 0.00 0.40 403.39
7704 24.98 0.00 0.00 0.40 407.31
7705 24.63 0.00 0.00 0.20 407.90
7706 24.32 0.00 0.00 0.20 406.87
7707 24.01 0.00 0.00 0.30 407.91
7708 23.88 0.00 0.00 0.30 405.00
7709 23.74 0.00 0.00 0.20 405.87
7710 23.66 3.73 0.00 0.20 407.15
7711 24.46 56.84 0.00 0.20 408.29
7712 25.88 265.37 170.21 0.30 394.95
7713 27.86 601.10 618.87 0.40 384.75
7714 29.59 817.66 794.47 0.40 384.29
7715 30.99 945.98 740.12 0.51 382.42
7716 31.58 786.52 352.76 0.71 391.32
7717 31.83 688.23 283.59 0.91 397.16
7718 30.56 130.17 0.00 0.91 425.54
7719 29.31 57.38 0.00 1.21 439.59
7720 28.92 260.15 52.95 1.41 428.78
7721 28.21 83.30 0.00 1.21 426.35
7722 27.48 17.60 0.00 0.91 420.83
7723 27.20 0.00 0.00 0.51 425.44
7724 26.92 0.00 0.00 0.40 425.32
7725 26.64 0.00 0.00 0.40 423.39
7726 26.36 0.00 0.00 0.51 422.84
7727 26.03 0.00 0.00 0.30 425.28
7728 25.50 0.00 0.00 0.30 425.76
7729 25.32 0.00 0.00 0.40 425.47
7730 24.79 0.00 0.00 0.40 419.90
7731 24.31 0.00 0.00 0.40 417.17
7732 24.05 0.00 0.00 0.30 415.44
7733 23.63 0.00 0.00 0.30 412.07
7734 23.60 3.19 0.00 0.30 415.58
7735 24.32 44.15 0.00 0.30 417.36
7736 24.48 70.33 0.00 0.30 420.65
7737 24.00 50.10 0.00 0.40 427.05
7738 26.65 575.61 260.20 0.40 402.14
7739 28.15 634.16 208.47 0.30 397.86
7740 29.45 740.26 306.76 0.30 397.02
7741 29.87 566.67 113.75 0.30 419.77
7742 30.32 573.98 163.24 0.30 405.10
7743 30.31 413.61 90.24 0.30 409.36
7744 30.18 372.22 202.49 0.30 404.47
7745 29.72 239.26 342.91 0.30 401.12
7746 28.83 32.24 0.00 0.30 419.17
7747 28.26 0.00 0.00 0.30 422.55
7748 27.70 0.00 0.00 0.40 416.66
7749 27.14 0.00 0.00 0.40 413.80
7750 26.58 0.00 0.00 0.51 410.62
7751 26.02 0.00 0.00 0.51 405.97
7752 25.46 0.00 0.00 0.51 402.12
7753 25.03 0.00 0.00 0.30 398.84
7754 24.44 0.00 0.00 0.30 396.82
7755 23.85 0.00 0.00 0.71 393.31
7756 23.48 0.00 0.00 0.71 392.34
7757 23.11 0.00 0.00 0.30 390.87
7758 22.81 6.85 0.00 0.30 392.36
7759 24.45 135.91 357.91 0.20 396.34
7760 25.79 361.62 568.44 0.20 391.81
7761 27.14 589.58 653.92 0.30 392.21
7762 28.36 779.27 692.21 0.30 389.95
7763 29.36 905.57 685.00 0.71 392.72
7764 30.06 941.83 620.10 0.71 394.88
7765 30.47 918.41 608.75 0.51 395.55
7766 30.57 816.17 614.42 1.21 398.51
7767 30.42 684.90 650.40 0.91 394.99
7768 29.83 488.70 641.24 0.91 397.56
7769 28.83 248.71 442.86 0.91 400.11
7770 27.59 47.58 101.68 0.71 407.28
7771 26.82 0.00 0.00 0.40 407.88
7772 26.05 0.00 0.00 0.30 407.55
7773 25.28 0.00 0.00 0.30 401.97
7774 24.51 0.00 0.00 0.30 400.65
7775 23.74 0.00 0.00 0.30 394.72
7776 22.97 0.00 0.00 0.20 391.35
7777 22.96 0.00 0.00 0.20 389.59
7778 22.83 0.00 0.00 0.20 388.61
7779 22.71 0.00 0.00 0.30 387.28
7780 22.59 0.00 0.00 0.51 386.19
7781 22.47 0.00 0.00 0.30 386.23
7782 22.35 7.05 0.00 0.30 387.69
7783 24.07 125.41 318.12 0.30 393.36
7784 25.71 364.43 567.70 0.20 386.88
7785 27.10 553.58 552.18 0.30 391.16
7786 28.41 736.25 583.39 0.51 389.19
7787 29.37 811.56 523.21 1.21 393.22
7788 29.91 788.61 357.62 0.91 396.82
7789 30.11 711.01 213.59 1.21 403.70
7790 30.09 633.62 242.08 1.62 402.93
7791 30.11 666.31 553.10 1.62 395.75
7792 29.54 415.60 355.19 2.12 399.01
7793 28.64 230.86 342.17 2.12 399.43
7794 27.51 53.66 151.50 2.53 404.96
7795 26.92 0.00 0.00 2.12 407.68
7796 26.34 0.00 0.00 1.82 405.69
7797 25.75 0.00 0.00 1.82 405.66
7798 25.16 0.00 0.00 2.12 405.84
7799 24.57 0.00 0.00 2.12 405.23
7800 23.99 0.00 0.00 1.82 401.44
7801 23.93 0.00 0.00 3.03 402.31
7802 23.87 0.00 0.00 3.43 406.19
7803 23.81 0.00 0.00 3.03 409.39
7804 23.77 0.00 0.00 3.43 411.53
7805 23.74 0.00 0.00 3.03 412.11
7806 23.71 2.10 0.00 2.73 417.50
7807 24.24 48.63 0.00 3.03 423.08
7808 25.05 112.38 0.00 3.43 422.32
7809 25.66 177.30 1.34 3.43 423.47
7810 26.26 245.48 1.33 3.03 423.49
7811 26.74 271.91 2.47 3.43 428.61
7812 26.98 255.47 3.83 4.34 430.12
7813 27.15 251.34 3.70 3.43 431.43
7814 27.19 225.41 1.15 4.34 431.53
7815 27.02 177.27 1.71 4.34 430.66
7816 27.00 153.16 0.00 3.43 429.16
7817 26.70 85.78 0.00 4.34 432.76
7818 26.21 17.63 0.00 3.43 437.72
7819 25.26 0.00 0.00 4.34 432.89
7820 24.06 0.00 0.00 3.43 426.09
7821 24.92 0.00 0.00 3.43 431.50
7822 24.84 0.00 0.00 5.45 431.41
7823 24.65 0.00 0.00 4.34 429.73
7824 24.31 0.00 0.00 4.34 425.91
7825 24.14 0.00 0.00 3.43 426.77
7826 23.88 0.00 0.00 4.34 426.03
7827 23.48 0.00 0.00 4.34 423.90
7828 23.47 0.00 0.00 3.43 425.06
7829 23.03 0.00 0.00 4.34 422.64
7830 23.19 2.91 0.00 4.34 424.07
7831 23.50 19.53 0.00 3.43 426.41
7832 23.77 57.70 0.00 3.03 425.44
7833 24.48 163.94 0.00 3.03 423.25
7834 24.91 186.86 4.81 2.73 426.28
7835 26.57 602.41 173.00 2.53 404.74
7836 27.23 447.28 45.99 2.53 416.24
7837 27.72 458.18 45.97 2.12 414.87
7838 27.21 422.96 34.87 2.53 420.60
7839 28.54 592.78 330.69 2.53 408.69
7840 28.87 537.53 729.32 1.82 389.50
7841 28.71 297.43 632.02 1.82 390.85
7842 28.01 65.34 273.12 1.82 399.48
7843 27.52 0.00 0.00 1.82 399.49
7844 27.02 0.00 0.00 2.12 396.00
7845 26.53 0.00 0.00 2.12 393.97
7846 26.04 0.00 0.00 1.82 391.34
7847 25.55 0.00 0.00 2.12 393.10
7848 25.05 0.00 0.00 2.12 390.42
7849 24.69 0.00 0.00 1.62 388.54
7850 24.20 0.00 0.00 1.41 386.96
7851 23.72 0.00 0.00 2.12 386.53
7852 23.41 0.00 0.00 2.73 387.88
7853 23.11 0.00 0.00 2.12 386.06
7854 22.87 5.02 0.00 1.82 385.41
7855 24.54 117.96 276.30 1.82 393.06
7856 26.09 336.45 415.87 2.12 392.81
7857 26.53 338.79 84.25 3.03 408.77
7858 27.79 626.73 316.80 3.43 396.83
7859 29.11 826.26 504.41 4.34 391.66
7860 29.84 786.94 363.39 7.37 395.55
7861 29.97 619.12 165.49 6.06 403.30
7862 29.86 527.19 116.90 7.37 405.62
7863 29.71 515.45 199.67 7.37 403.23
7864 29.22 380.47 215.40 6.06 405.24
7865 28.56 278.71 478.08 6.06 399.14
7866 27.49 47.13 87.17 5.45 413.67
7867 27.21 0.00 0.00 4.34 415.77
7868 26.93 0.00 0.00 3.43 417.74
7869 26.65 0.00 0.00 3.43 420.31
7870 26.37 0.00 0.00 4.34 420.93
7871 26.10 0.00 0.00 3.43 424.98
7872 25.82 0.00 0.00 3.43 427.88
7873 26.13 0.00 0.00 4.34 430.59
7874 26.44 0.00 0.00 3.43 436.06
7875 26.80 0.00 0.00 2.53 439.21
7876 27.02 0.00 0.00 2.73 442.22
7877 27.21 0.00 0.00 2.53 444.11
7878 27.35 0.56 0.00 2.73 446.29
7879 27.70 11.84 0.00 3.43 446.01
7880 26.82 30.45 0.00 5.45 444.54
7881 28.20 49.27 0.00 4.34 446.25
7882 28.43 65.79 0.00 4.34 447.46
7883 28.42 79.25 0.00 4.34 450.24
7884 28.92 81.39 0.00 3.03 450.45
7885 28.92 84.29 0.00 3.43 450.24
7886 29.14 78.80 0.00 3.03 451.55
7887 29.12 59.01 0.00 3.03 452.00
7888 28.66 42.17 0.00 2.73 452.37
7889 27.08 23.15 0.00 2.53 445.43
7890 28.76 4.93 0.00 2.12 451.30
7891 28.60 0.00 0.00 2.53 453.13
7892 28.47 0.00 0.00 2.53 452.02
7893 28.25 0.00 0.00 2.53 450.33
7894 27.74 0.00 0.00 2.12 448.18
7895 26.83 0.00 0.00 1.82 444.51
7896 27.77 0.00 0.00 1.82 446.52
7897 27.80 0.00 0.00 1.21 446.51
7898 27.17 0.00 0.00 1.21 443.55
7899 26.53 0.00 0.00 1.41 441.95
7900 26.21 0.00 0.00 1.21 439.88
7901 25.90 0.00 0.00 0.51 435.39
7902 25.68 1.89 0.00 0.51 436.46
7903 26.04 20.82 0.00 0.40 438.44
7904 26.48 72.68 0.00 0.51 437.54
7905 26.48 47.03 0.00 1.21 439.18
7906 27.22 220.11 8.20 1.41 429.03
7907 28.94 598.44 171.74 1.62 408.30
7908 30.47 736.87 311.30 1.82 406.13
7909 31.88 866.21 553.80 2.53 400.75
7910 33.13 957.45 859.77 2.12 395.02
7911 33.74 763.20 857.41 2.53 399.19
7912 33.83 526.94 733.76 2.53 406.20
7913 33.26 261.41 486.09 2.12 416.59
7914 32.26 43.15 50.58 1.82 430.31
7915 31.51 0.00 0.00 1.41 433.12
7916 30.76 0.00 0.00 0.91 425.14
7917 30.02 0.00 0.00 1.21 420.19
7918 29.27 0.00 0.00 0.71 416.55
7919 28.52 0.00 0.00 0.51 414.63
7920 27.77 0.00 0.00 0.40 413.18
7921 27.01 0.00 0.00 0.40 408.75
7922 26.21 0.00 0.00 0.30 403.51
7923 25.41 0.00 0.00 0.71 399.86
7924 24.99 0.00 0.00 0.71 396.76
7925 24.57 0.00 0.00 0.40 394.20
7926 24.27 5.31 0.00 0.30 393.07
7927 26.13 150.13 503.73 0.20 397.70
7928 27.62 391.22 762.55 0.30 394.45
7929 29.20 655.08 896.20 0.30 392.09
7930 30.78 912.36 1037.41 0.40 386.78
7931 31.98 1016.43 856.79 0.71 390.19
7932 31.85 599.49 156.85 0.71 413.66
7933 31.45 503.88 76.58 0.71 420.94
7934 30.76 362.75 17.81 0.71 423.27
7935 29.96 257.59 7.94 0.91 424.05
7936 29.15 184.55 2.90 0.71 425.34
7937 28.23 53.67 0.00 0.71 429.05
7938 27.39 18.97 0.00 0.51 426.69
7939 27.23 0.00 0.00 0.51 428.73
7940 27.06 0.00 0.00 0.40 427.95
7941 26.90 0.00 0.00 0.71 426.73
7942 26.74 0.00 0.00 0.71 423.39
7943 26.54 0.00 0.00 0.40 426.56
7944 26.41 0.00 0.00 0.51 429.64
7945 25.80 0.00 0.00 0.71 426.75
7946 26.36 0.00 0.00 0.51 424.15
7947 26.48 0.00 0.00 0.40 422.67
7948 26.55 0.00 0.00 0.40 424.62
7949 26.57 0.00 0.00 0.40 425.75
7950 26.58 3.16 0.00 0.30 427.25
7951 28.13 77.40 28.32 0.51 432.56
7952 29.78 241.48 101.67 0.51 428.76
7953 31.21 374.13 126.14 1.21 436.31
7954 31.68 324.61 19.12 1.41 435.86
7955 31.78 295.54 8.45 1.41 453.17
7956 32.58 489.31 64.58 1.21 444.39
7957 32.83 376.82 29.41 1.41 444.32
7958 33.12 518.25 109.37 1.41 440.74
7959 33.59 446.55 112.54 1.41 435.14
7960 33.69 397.41 249.49 1.41 417.42
7961 33.51 294.53 579.45 1.21 407.84
7962 32.72 67.63 246.69 1.21 415.52
7963 31.90 0.00 0.00 1.21 416.90
7964 31.09 0.00 0.00 1.41 412.15
7965 30.28 0.00 0.00 0.91 410.30
7966 29.46 0.00 0.00 0.91 407.32
7967 28.65 0.00 0.00 0.91 405.17
7968 27.84 0.00 0.00 0.91 400.53
7969 27.01 0.00 0.00 0.51 399.18
7970 26.09 0.00 0.00 0.30 397.03
7971 25.17 0.00 0.00 0.51 395.66
7972 24.66 0.00 0.00 0.51 393.45
7973 24.16 0.00 0.00 0.30 394.34
7974 23.79 5.61 0.00 0.30 394.11
7975 25.23 127.54 358.20 0.40 398.02
7976 26.23 310.07 338.38 0.30 396.34
7977 27.59 584.01 648.36 0.30 393.82
7978 28.76 760.47 661.62 0.40 393.52
7979 29.91 962.22 778.94 1.21 386.72
7980 29.83 555.89 116.76 1.62 411.06
7981 29.48 485.82 47.16 2.12 426.01
7982 29.06 385.25 20.62 2.53 416.14
7983 28.48 306.46 16.14 2.53 413.92
7984 27.99 305.99 88.34 2.73 409.64
7985 27.26 129.96 8.49 3.03 417.01
7986 26.45 28.24 0.00 3.03 418.27
7987 25.93 0.00 0.00 2.73 416.93
7988 25.41 0.00 0.00 2.53 415.20
7989 24.88 0.00 0.00 2.12 413.22
7990 24.36 0.00 0.00 1.82 409.47
7991 23.84 0.00 0.00 1.82 404.41
7992 23.31 0.00 0.00 2.12 400.01
7993 23.24 0.00 0.00 1.62 397.08
7994 23.13 0.00 0.00 1.21 394.51
7995 23.01 0.00 0.00 1.82 389.20
7996 22.93 0.00 0.00 1.62 388.89
7997 22.85 0.00 0.00 0.91 386.86
7998 22.79 4.94 0.00 0.91 387.19
7999 24.79 124.06 324.94 1.21 393.40
8000 26.53 341.25 502.30 0.91 391.61
8001 28.33 567.50 652.75 1.41 395.39
8002 29.97 752.60 658.49 1.62 393.25
8003 31.36 882.03 656.26 1.82 394.86
8004 32.44 943.99 658.47 2.12 394.25
8005 33.16 925.85 646.85 2.12 396.70
8006 33.51 836.88 630.04 1.82 394.11
8007 33.42 655.73 548.04 2.12 397.71
8008 32.75 447.30 455.34 2.53 399.43
8009 31.66 233.24 351.43 2.73 401.17
8010 30.32 53.44 137.35 3.03 410.18
8011 29.54 0.00 0.00 2.12 413.13
8012 28.77 0.00 0.00 1.82 411.89
8013 27.99 0.00 0.00 2.53 409.24
8014 27.22 0.00 0.00 2.53 407.67
8015 26.45 0.00 0.00 2.12 411.11
8016 25.67 0.00 0.00 1.82 413.14
8017 24.71 0.00 0.00 0.50 410.73
8018 24.11 0.00 0.00 0.40 414.14
8019 23.51 0.00 0.00 0.30 411.40
8020 23.19 0.00 0.00 0.30 413.31
8021 22.88 0.00 0.00 0.30 412.94
8022 22.65 2.14 0.00 0.20 413.82
8023 22.77 10.65 0.00 0.20 417.96
8024 25.05 305.16 233.10 0.20 391.08
8025 25.73 303.92 44.03 0.20 407.71
8026 26.67 443.89 92.99 0.20 394.11
8027 27.11 469.52 43.99 0.30 410.28
8028 28.26 699.56 259.31 0.30 391.65
8029 28.90 671.76 234.00 0.30 396.19
8030 28.89 424.51 60.43 0.20 410.96
8031 29.15 582.40 305.77 0.10 394.71
8032 28.43 174.68 2.48 0.20 419.84
8033 27.58 69.27 0.00 0.20 423.09
8034 26.82 44.93 67.34 0.20 407.63
8035 26.33 0.00 0.00 0.20 406.01
8036 25.84 0.00 0.00 0.20 405.99
8037 25.35 0.00 0.00 0.20 403.92
8038 24.86 0.00 0.00 0.20 402.37
8039 24.37 0.00 0.00 0.30 401.93
8040 23.88 0.00 0.00 0.20 398.84
8041 23.53 0.00 0.00 0.20 392.94
8042 23.14 0.00 0.00 0.10 388.47
8043 22.75 0.00 0.00 0.10 385.96
8044 22.53 0.00 0.00 0.20 385.02
8045 22.31 0.00 0.00 0.00 384.51
8046 22.15 3.99 0.00 0.00 388.40
8047 24.09 117.15 283.94 0.00 397.33
8048 25.90 336.53 503.70 0.10 392.98
8049 27.15 456.20 273.93 0.20 401.79
8050 28.74 689.40 517.38 0.20 393.39
8051 30.01 786.10 471.90 0.30 396.06
8052 30.61 708.01 266.81 0.50 402.66
8053 31.02 701.14 271.47 0.40 404.97
8054 31.44 761.40 491.83 0.40 397.25
8055 31.53 640.72 478.75 0.50 398.04
8056 30.78 334.06 123.95 0.50 412.59
8057 29.72 165.48 70.69 0.30 413.64
8058 28.56 54.43 106.61 0.30 407.82
8059 28.00 0.00 0.00 0.20 406.43
8060 27.44 0.00 0.00 0.20 404.65
8061 26.88 0.00 0.00 0.20 403.01
8062 26.32 0.00 0.00 0.30 403.04
8063 25.75 0.00 0.00 0.20 402.74
8064 25.19 0.00 0.00 0.20 396.55
8065 24.85 0.00 0.00 0.10 400.77
8066 24.52 0.00 0.00 0.00 402.74
8067 24.20 0.00 0.00 0.20 400.67
8068 24.04 0.00 0.00 0.20 401.98
8069 23.88 0.00 0.00 0.00 399.59
8070 23.79 4.27 0.00 0.10 401.29
8071 25.16 90.06 85.41 0.10 402.75
8072 26.18 224.11 96.70 0.20 401.08
8073 27.91 499.63 360.17 0.20 393.86
8074 29.95 809.79 770.24 0.20 382.63
8075 31.53 925.39 810.35 0.30 387.11
8076 32.69 967.30 701.75 0.40 391.70
8077 33.25 839.73 523.63 0.50 402.80
8078 33.23 610.01 229.87 0.70 412.19
8079 32.25 268.98 20.43 0.70 429.83
8080 30.99 82.66 0.00 0.60 439.86
8081 29.91 58.42 0.00 0.50 435.05
8082 28.94 26.09 0.00 0.50 430.87
8083 28.61 0.00 0.00 0.30 432.94
8084 28.29 0.00 0.00 0.30 429.68
8085 27.96 0.00 0.00 0.20 428.07
8086 27.64 0.00 0.00 0.20 429.74
8087 27.32 0.00 0.00 0.10 431.01
8088 26.99 0.00 0.00 0.10 427.46
8089 26.59 0.00 0.00 0.20 423.84
8090 25.73 0.00 0.00 0.20 426.95
8091 25.65 0.00 0.00 0.10 422.08
8092 25.64 0.00 0.00 0.10 422.23
8093 25.37 0.00 0.00 0.10 419.13
8094 25.31 2.17 0.00 0.10 418.40
8095 26.21 70.19 12.04 0.10 420.76
8096 27.03 187.39 24.88 0.10 423.29
8097 27.68 277.05 48.51 0.10 424.72
8098 29.73 810.67 646.87 0.30 394.79
8099 30.55 646.84 246.06 0.20 413.93
8100 31.01 608.68 146.79 0.20 424.13
8101 31.30 577.81 128.39 0.10 427.24
8102 30.73 239.52 10.55 0.20 441.30
8103 29.85 54.76 0.00 0.20 450.12
8104 29.11 38.50 0.00 0.10 447.42
8105 28.47 20.35 0.00 0.20 443.76
8106 27.92 4.90 0.00 0.10 439.74
8107 27.69 0.00 0.00 0.10 439.19
8108 27.47 0.00 0.00 0.00 433.10
8109 27.25 0.00 0.00 0.10 428.61
8110 27.03 0.00 0.00 0.10 422.01
8111 26.81 0.00 0.00 0.10 419.69
8112 26.59 0.00 0.00 0.10 415.13
8113 26.23 0.00 0.00 0.10 425.06
8114 25.95 0.00 0.00 0.10 425.10
8115 25.62 0.00 0.00 0.10 425.23
8116 25.45 0.00 0.00 0.10 421.68
8117 25.16 0.00 0.00 0.20 417.19
8118 25.16 1.80 0.00 0.20 419.38
8119 26.29 65.78 13.45 0.20 422.13
8120 26.28 66.16 0.00 0.20 436.29
8121 26.96 202.96 5.69 0.30 428.16
8122 27.16 146.28 0.00 0.30 434.47
8123 27.46 203.66 1.44 0.30 430.44
8124 27.52 161.60 1.42 0.50 435.44
8125 27.93 312.64 20.25 0.30 427.65
8126 28.32 352.98 18.72 0.30 424.11
8127 28.82 455.50 129.37 0.30 415.53
8128 29.08 377.58 194.84 0.30 412.04
8129 28.59 117.35 0.00 0.40 433.20
8130 28.20 32.43 0.00 0.40 432.94
8131 27.66 0.00 0.00 0.50 438.85
8132 27.49 0.00 0.00 0.70 438.40
8133 26.69 0.00 0.00 0.70 438.72
8134 26.45 0.00 0.00 0.80 438.20
8135 25.68 0.00 0.00 0.70 434.33
8136 24.38 0.00 0.00 1.00 427.52
8137 25.68 0.00 0.00 1.00 435.40
8138 25.15 0.00 0.00 0.80 434.02
8139 25.13 0.00 0.00 1.00 434.89
8140 25.00 0.00 0.00 1.20 435.07
8141 24.87 0.00 0.00 1.40 435.25
8142 24.79 1.66 0.00 1.71 435.76
8143 25.00 10.52 0.00 2.01 438.20
8144 25.17 30.58 0.00 2.01 437.48
8145 25.34 51.51 0.00 2.01 438.09
8146 25.63 69.07 0.00 2.01 439.63
8147 25.80 81.24 0.00 2.41 434.21
8148 26.69 323.96 30.65 2.01 422.48
8149 28.20 652.62 240.85 2.41 408.01
8150 29.91 891.74 698.16 2.01 393.31
8151 31.05 798.95 893.73 2.01 394.77
8152 31.52 567.03 776.98 1.40 398.65
8153 31.42 304.19 577.63 1.00 408.31
8154 30.66 50.02 79.29 1.00 426.76
8155 30.32 0.00 0.00 1.00 433.39
8156 29.98 0.00 0.00 1.00 435.23
8157 29.64 0.00 0.00 1.20 434.37
8158 29.30 0.00 0.00 1.20 431.76
8159 28.96 0.00 0.00 1.00 431.18
8160 28.62 0.00 0.00 1.00 435.01
8161 28.18 0.00 0.00 1.00 435.14
8162 27.71 0.00 0.00 1.20 435.22
8163 27.24 0.00 0.00 1.40 435.96
8164 27.00 0.00 0.00 1.00 434.58
8165 26.75 0.00 0.00 1.40 435.19
8166 26.58 1.34 0.00 1.71 437.54
8167 27.24 44.87 0.00 1.40 441.92
8168 27.74 116.05 0.00 1.40 442.30
8169 28.70 287.61 37.15 1.20 431.69
8170 29.53 343.28 24.99 1.20 431.35
8171 30.64 564.36 145.22 1.20 419.63
8172 30.78 334.71 32.44 1.00 435.81
8173 31.23 496.17 73.58 1.00 427.11
8174 31.29 358.35 17.10 1.00 432.67
8175 31.12 268.27 9.48 0.80 437.22
8176 30.87 227.45 23.34 0.80 432.43
8177 30.17 21.40 0.00 0.70 447.10
8178 29.52 18.44 0.00 0.70 448.78
8179 28.72 0.00 0.00 0.80 445.89
8180 27.64 0.00 0.00 1.00 442.61
8181 28.20 0.00 0.00 0.80 439.58
8182 27.70 0.00 0.00 0.60 440.82
8183 27.49 0.00 0.00 0.60 436.81
8184 27.16 0.00 0.00 0.50 436.73
8185 26.70 0.00 0.00 0.40 431.38
8186 26.49 0.00 0.00 0.40 429.43
8187 26.26 0.00 0.00 0.50 428.24
8188 26.20 0.00 0.00 0.60 426.60
8189 26.06 0.00 0.00 0.60 424.09
8190 25.97 1.04 0.00 0.30 424.52
8191 27.10 71.86 41.82 0.40 427.53
8192 27.78 165.02 17.03 0.40 425.71
8193 28.38 223.48 8.21 0.30 429.00
8194 29.11 339.15 24.03 0.30 424.36
8195 29.32 266.93 12.92 0.30 431.16
8196 30.44 640.54 214.36 0.40 412.69
8197 31.07 563.57 116.75 0.60 419.46
8198 31.16 372.92 22.25 0.60 425.57
8199 30.85 224.45 2.85 0.60 431.63
8200 30.43 160.92 0.00 0.70 432.86
8201 29.75 21.29 0.00 0.70 445.39
8202 29.18 21.21 0.00 0.50 437.53
8203 28.81 0.00 0.00 0.50 436.66
8204 28.43 0.00 0.00 0.60 438.30
8205 28.05 0.00 0.00 0.50 435.38
8206 27.64 0.00 0.00 0.50 438.69
8207 26.44 0.00 0.00 0.50 439.49
8208 26.59 0.00 0.00 0.40 441.18
8209 26.54 0.00 0.00 0.50 437.62
8210 26.13 0.00 0.00 0.50 436.25
8211 25.73 0.00 0.00 0.40 432.72
8212 25.51 0.00 0.00 0.40 431.36
8213 25.30 0.00 0.00 0.70 430.65
8214 25.15 0.45 0.00 0.60 432.13
8215 25.20 8.08 0.00 0.70 430.16
8216 25.95 93.79 0.00 0.60 422.66
8217 26.64 181.68 0.86 1.00 418.91
8218 27.48 305.00 14.31 1.00 413.48
8219 28.21 373.20 17.76 1.00 415.17
8220 29.17 552.00 103.09 0.80 410.68
8221 29.43 371.45 28.64 0.80 422.45
8222 29.66 391.66 22.93 1.20 422.93
8223 29.31 279.27 10.93 1.00 438.43
8224 29.25 176.45 1.77 1.40 438.93
8225 28.94 142.74 19.60 1.20 431.79
8226 28.36 20.44 0.00 1.40 433.55
8227 27.90 0.00 0.00 1.40 440.22
8228 27.61 0.00 0.00 1.40 439.38
8229 27.07 0.00 0.00 1.71 440.82
8230 26.78 0.00 0.00 1.40 435.17
8231 25.28 0.00 0.00 1.71 433.66
8232 25.68 0.00 0.00 1.71 434.62
8233 25.85 0.00 0.00 1.71 434.87
8234 25.64 0.00 0.00 1.40 430.98
8235 24.14 0.00 0.00 1.40 428.31
8236 24.63 0.00 0.00 1.40 431.14
8237 23.14 0.00 0.00 1.40 422.34
8238 24.54 0.79 0.00 1.40 430.96
8239 24.52 22.59 0.00 1.20 430.79
8240 25.58 90.14 0.00 1.00 430.84
8241 26.41 169.47 0.04 1.00 428.20
8242 26.94 228.07 1.08 1.00 431.33
8243 27.48 283.47 1.74 1.00 430.21
8244 27.89 318.86 10.07 1.20 431.67
8245 28.12 290.33 4.46 1.20 432.54
8246 28.04 257.17 2.21 1.20 432.23
8247 27.94 191.24 1.45 1.20 436.91
8248 27.43 90.12 0.00 1.00 443.43
8249 27.34 43.20 0.00 1.00 442.85
8250 26.95 18.17 0.00 1.00 439.71
8251 26.55 0.00 0.00 1.20 438.61
8252 26.49 0.00 0.00 1.00 434.95
8253 26.26 0.00 0.00 1.00 436.11
8254 25.96 0.00 0.00 1.00 433.15
8255 25.71 0.00 0.00 1.00 431.61
8256 25.43 0.00 0.00 1.20 428.71
8257 25.21 0.00 0.00 1.40 426.12
8258 24.99 0.00 0.00 1.40 423.64
8259 24.78 0.00 0.00 1.20 421.17
8260 24.68 0.00 0.00 1.20 419.42
8261 24.58 0.00 0.00 1.40 417.67
8262 24.51 1.63 0.00 1.71 416.17
8263 25.53 72.12 52.62 1.71 421.37
8264 27.44 346.83 492.11 1.71 406.83
8265 28.81 502.43 425.46 1.71 410.08
8266 29.72 564.58 263.52 2.01 412.35
8267 30.37 602.53 176.75 2.41 414.00
8268 30.07 338.55 23.12 3.01 428.91
8269 30.02 385.07 22.18 2.01 426.70
8270 29.01 282.53 3.34 2.41 439.93
8271 29.07 194.80 4.47 1.71 440.56
8272 28.20 39.90 0.00 2.01 450.89
8273 27.79 21.50 0.00 2.01 448.35
8274 27.20 5.57 0.00 2.01 447.01
8275 26.91 0.00 0.00 2.41 446.35
8276 26.70 0.00 0.00 2.41 447.95
8277 26.50 0.00 0.00 3.01 447.15
8278 26.26 0.00 0.00 3.01 445.12
8279 26.02 0.00 0.00 3.01 442.18
8280 25.78 0.00 0.00 3.01 441.07
8281 25.47 0.00 0.00 2.41 438.62
8282 25.10 0.00 0.00 1.71 435.76
8283 24.73 0.00 0.00 2.41 432.92
8284 24.51 0.00 0.00 2.41 431.07
8285 24.29 0.00 0.00 1.20 429.22
8286 24.13 0.46 0.00 1.00 427.71
8287 24.57 26.08 0.00 1.00 426.08
8288 26.57 240.08 170.02 1.20 407.40
8289 29.10 535.51 522.02 1.40 398.67
8290 30.23 513.12 165.01 2.01 410.51
8291 30.84 502.18 93.23 1.71 421.53
8292 32.34 851.38 481.83 3.01 411.51
8293 32.82 638.29 193.48 2.41 421.93
8294 33.13 628.78 227.74 3.01 419.59
8295 33.08 498.52 168.31 3.71 421.15
8296 32.58 358.39 117.74 3.71 424.55
8297 31.71 209.89 126.87 4.61 425.92
8298 30.54 49.46 43.38 3.71 429.99
8299 29.93 0.00 0.00 3.71 431.85
8300 29.33 0.00 0.00 3.01 434.08
8301 28.73 0.00 0.00 2.41 433.49
8302 28.10 0.00 0.00 2.41 433.13
8303 27.52 0.00 0.00 2.01 433.48
8304 26.92 0.00 0.00 2.01 432.26
8305 26.62 0.00 0.00 3.01 429.38
8306 26.31 0.00 0.00 3.71 428.73
8307 26.00 0.00 0.00 3.01 427.28
8308 25.84 0.00 0.00 2.01 427.21
8309 25.68 0.00 0.00 2.41 427.54
8310 25.57 1.25 0.00 3.01 427.69
8311 26.41 50.94 0.00 3.01 431.70
8312 26.20 27.09 0.00 3.71 441.58
8313 26.91 175.39 2.45 4.61 435.66
8314 28.14 376.19 38.37 3.01 425.74
8315 28.60 300.53 11.94 3.01 433.51
8316 29.63 562.54 112.52 3.01 421.17
8317 29.91 535.25 71.41 3.01 432.09
8318 30.49 430.25 30.48 3.01 436.63
8319 30.66 353.78 27.29 3.01 433.91
8320 30.27 177.63 1.83 2.41 438.14
8321 29.67 68.63 0.00 2.41 442.29
8322 28.07 28.09 0.00 3.01 446.27
8323 28.57 0.00 0.00 3.71 445.71
8324 28.38 0.00 0.00 4.61 442.58
8325 28.24 0.00 0.00 4.61 445.41
8326 27.97 0.00 0.00 4.61 442.18
8327 27.63 0.00 0.00 5.42 437.42
8328 27.41 0.00 0.00 6.32 441.13
8329 27.18 0.00 0.00 6.32 436.91
8330 26.95 0.00 0.00 6.32 435.23
8331 26.73 0.00 0.00 8.33 432.80
8332 26.61 0.00 0.00 6.32 433.49
8333 26.50 0.00 0.00 5.42 432.57
8334 26.31 1.28 0.00 3.71 429.11
8335 27.05 39.14 0.00 3.71 431.27
8336 27.52 98.07 0.00 3.71 431.59
8337 28.60 273.81 32.51 4.61 417.83
8338 29.79 435.26 86.37 3.71 416.61
8339 31.06 611.31 190.35 3.71 414.73
8340 31.93 617.63 160.78 3.01 418.95
8341 32.23 475.89 63.03 3.71 429.62
8342 32.53 517.10 106.50 3.71 424.83
8343 32.44 354.59 57.83 3.71 430.97
8344 31.59 63.24 0.00 3.01 451.33
8345 30.79 22.76 0.00 3.71 451.18
8346 30.06 19.07 0.00 3.01 452.87
8347 29.58 0.00 0.00 2.41 455.52
8348 29.69 0.00 0.00 2.01 451.30
8349 29.52 0.00 0.00 2.41 454.52
8350 29.32 0.00 0.00 3.01 454.12
8351 29.12 0.00 0.00 2.41 453.66
8352 28.92 0.00 0.00 3.01 453.02
8353 28.67 0.00 0.00 2.01 447.71
8354 28.49 0.00 0.00 2.41 450.22
8355 28.10 0.00 0.00 2.01 444.87
8356 28.15 0.00 0.00 2.41 447.28
8357 28.03 0.00 0.00 2.01 445.92
8358 27.85 0.73 0.00 2.01 443.21
8359 28.71 46.97 0.00 2.41 446.86
8360 29.46 146.17 5.35 2.41 445.97
8361 29.79 277.77 26.87 2.41 441.57
8362 30.93 300.49 12.53 2.01 447.90
8363 31.63 316.57 11.66 2.01 451.22
8364 31.65 229.99 2.73 2.41 457.73
8365 31.50 188.66 1.73 2.41 459.87
8366 31.61 249.47 2.64 2.41 452.99
8367 31.60 218.54 6.11 2.41 453.28
8368 31.43 168.00 0.10 3.01 453.74
8369 31.02 86.88 0.00 2.41 456.55
8370 30.41 24.66 0.00 2.41 457.76
8371 30.12 0.00 0.00 2.41 454.15
8372 29.55 0.00 0.00 2.01 450.64
8373 27.27 0.00 0.00 2.41 443.44
8374 28.09 0.00 0.00 1.71 444.58
8375 28.13 0.00 0.00 1.71 444.35
8376 27.24 0.00 0.00 1.71 439.14
8377 27.07 0.00 0.00 2.01 437.84
8378 25.31 0.00 0.00 1.40 427.39
8379 26.33 0.00 0.00 1.40 432.71
8380 26.11 0.00 0.00 1.20 430.60
8381 25.89 0.00 0.00 1.20 428.51
8382 25.74 1.05 0.00 1.00 426.86
8383 26.54 58.08 7.04 1.20 429.68
8384 27.20 155.66 10.25 1.40 425.99
8385 27.97 274.67 25.85 1.40 423.95
8386 28.85 419.25 70.77 1.40 423.69
8387 29.52 471.14 39.97 1.40 428.55
8388 29.95 462.89 55.65 1.71 433.45
8389 29.94 306.81 6.97 2.41 429.59
8390 29.63 203.36 1.72 2.41 435.05
8391 29.27 160.64 0.36 2.41 438.18
8392 28.53 126.52 0.00 2.41 443.05
8393 28.41 58.59 0.00 2.01 442.24
8394 27.37 6.74 0.00 1.71 446.20
8395 27.38 0.00 0.00 1.40 442.93
8396 27.12 0.00 0.00 1.40 438.43
8397 26.67 0.00 0.00 1.40 433.11
8398 26.06 0.00 0.00 1.20 432.44
8399 25.81 0.00 0.00 1.00 425.59
8400 25.48 0.00 0.00 1.20 425.02
8401 25.10 0.00 0.00 1.20 422.93
8402 24.58 0.00 0.00 1.71 417.76
8403 24.27 0.00 0.00 2.01 421.69
8404 24.04 0.00 0.00 1.71 419.77
8405 23.81 0.00 0.00 1.71 415.96
8406 23.64 1.04 0.00 1.40 414.82
8407 24.60 55.79 1.35 1.20 416.80
8408 25.80 186.70 45.58 1.71 412.38
8409 28.03 489.50 388.67 2.01 399.88
8410 29.16 496.99 151.20 2.01 408.74
8411 29.57 429.68 34.05 2.41 416.35
8412 29.99 480.23 63.83 2.01 414.67
8413 30.92 722.49 361.48 1.71 404.92
8414 30.39 197.85 15.15 1.71 433.93
8415 30.75 579.98 280.21 2.01 403.71
8416 31.01 563.60 733.38 1.40 394.81
8417 30.66 312.78 557.15 1.71 398.51
8418 29.70 60.52 111.88 1.40 417.25
8419 28.95 0.00 0.00 1.71 418.58
8420 28.19 0.00 0.00 1.71 415.21
8421 27.43 0.00 0.00 1.40 414.55
8422 26.67 0.00 0.00 1.20 415.06
8423 25.92 0.00 0.00 0.80 412.69
8424 25.16 0.00 0.00 0.80 407.84
8425 24.60 0.00 0.00 0.70 407.60
8426 23.95 0.00 0.00 0.50 404.80
8427 23.29 0.00 0.00 0.80 401.72
8428 22.92 0.00 0.00 1.00 398.91
8429 22.54 0.00 0.00 0.60 396.10
8430 22.26 1.33 0.00 0.60 393.88
8431 23.64 94.22 252.69 0.60 401.67
8432 24.99 279.59 353.78 0.70 403.27
8433 26.54 505.65 494.63 1.00 401.17
8434 28.01 694.77 566.08 1.20 397.32
8435 29.23 814.86 578.64 1.71 400.60
8436 30.17 874.20 572.12 2.01 405.18
8437 30.90 916.04 615.74 2.01 403.36
8438 31.30 848.98 645.72 3.01 404.82
8439 31.30 682.09 598.65 3.01 408.02
8440 30.81 485.64 503.00 4.61 406.14
8441 29.81 241.86 260.73 4.61 412.45
8442 28.58 70.60 222.32 4.61 416.59
8443 27.81 0.00 0.00 3.01 420.24
8444 27.04 0.00 0.00 2.41 416.21
8445 26.26 0.00 0.00 2.41 414.39
8446 25.49 0.00 0.00 3.01 411.15
8447 24.72 0.00 0.00 2.01 405.93
8448 23.94 0.00 0.00 2.01 403.48
8449 23.62 0.00 0.00 2.01 399.58
8450 23.31 0.00 0.00 1.40 395.52
8451 22.99 0.00 0.00 3.01 395.81
8452 22.83 0.00 0.00 3.01 392.62
8453 22.68 0.00 0.00 1.71 390.02
8454 22.58 1.49 0.00 1.40 391.75
8455 24.13 105.29 256.60 1.20 398.01
8456 25.84 336.73 532.01 1.40 393.21
8457 27.65 589.39 715.90 2.01 393.64
8458 29.36 807.04 828.49 2.41 385.80
8459 30.84 961.92 810.09 3.01 386.71
8460 30.48 472.42 86.55 4.61 416.23
8461 30.40 520.08 82.75 5.42 416.67
8462 30.03 422.83 33.91 3.71 417.05
8463 29.22 232.82 8.98 4.61 422.52
8464 28.48 195.52 3.76 3.71 421.07
8465 27.61 105.03 0.00 3.71 430.08
8466 26.83 27.05 0.00 3.71 426.75
8467 26.52 0.00 0.00 3.01 429.50
8468 26.21 0.00 0.00 1.40 430.98
8469 25.90 0.00 0.00 1.40 428.33
8470 25.59 0.00 0.00 1.71 427.58
8471 25.28 0.00 0.00 1.20 424.83
8472 24.97 0.00 0.00 1.00 423.77
8473 24.63 0.00 0.00 1.40 419.00
8474 24.31 0.00 0.00 1.71 418.96
8475 24.00 0.00 0.00 1.71 415.87
8476 23.85 0.00 0.00 1.40 414.58
8477 23.71 0.00 0.00 1.20 412.72
8478 23.62 0.64 0.00 1.20 411.22
8479 24.46 66.76 64.42 1.40 415.46
8480 26.11 334.47 528.64 1.20 399.37
8481 27.70 587.10 713.22 1.20 396.62
8482 29.01 751.25 630.88 1.20 397.97
8483 29.20 500.63 95.56 1.40 420.42
8484 29.68 676.35 274.05 1.40 412.52
8485 29.13 288.59 14.43 1.20 433.13
8486 28.35 145.90 0.00 1.40 440.12
8487 27.65 103.40 0.00 1.40 438.96
8488 26.97 41.60 0.00 1.40 440.25
8489 26.38 23.09 0.00 1.20 440.11
8490 25.87 6.60 0.00 0.80 441.15
8491 25.76 0.00 0.00 1.20 440.82
8492 25.59 0.00 0.00 1.00 440.78
8493 25.42 0.00 0.00 1.00 439.25
8494 25.04 0.00 0.00 0.80 437.35
8495 25.31 0.00 0.00 1.20 435.87
8496 25.24 0.00 0.00 0.80 437.23
8497 24.09 0.00 0.00 0.80 429.52
8498 24.38 0.00 0.00 0.80 431.48
8499 24.36 0.00 0.00 0.80 430.06
8500 23.69 0.00 0.00 0.80 426.26
8501 24.19 0.00 0.00 1.00 428.12
8502 24.22 0.24 0.00 1.00 428.84
8503 24.56 21.88 0.00 0.80 430.58
8504 24.89 65.16 0.00 1.00 428.97
8505 25.23 109.83 0.00 0.80 426.98
8506 25.48 167.24 1.05 1.00 426.05
8507 25.85 173.03 0.76 1.00 428.75
8508 26.08 203.57 2.51 1.00 428.35
8509 26.22 195.35 2.25 1.20 431.28
8510 25.88 187.58 1.07 1.20 434.47
8511 26.07 132.00 0.00 1.00 436.65
8512 25.86 84.49 0.00 0.80 437.83
8513 25.76 51.20 0.00 0.60 436.97
8514 25.66 15.45 0.00 0.80 438.04
8515 25.31 0.00 0.00 0.70 436.53
8516 24.48 0.00 0.00 0.80 432.38
8517 23.57 0.00 0.00 0.70 427.28
8518 22.42 0.00 0.00 0.70 420.23
8519 22.10 0.00 0.00 1.00 418.42
8520 22.20 0.00 0.00 1.00 419.30
8521 22.71 0.00 0.00 1.20 422.39
8522 22.91 0.00 0.00 1.00 423.89
8523 22.91 0.00 0.00 0.80 424.14
8524 22.61 0.00 0.00 1.00 421.62
8525 22.64 0.00 0.00 1.00 422.92
8526 22.55 0.35 0.00 1.00 422.62
8527 22.70 7.72 0.00 0.80 423.84
8528 23.22 63.83 0.00 1.00 420.95
8529 23.20 39.24 0.00 1.00 425.32
8530 23.76 154.14 0.00 0.70 418.74
8531 24.40 253.54 2.73 0.70 417.53
8532 25.08 295.24 6.58 0.70 416.08
8533 25.94 460.96 55.69 0.60 409.33
8534 26.84 572.93 156.41 0.60 400.68
8535 27.59 598.76 324.80 0.70 394.51
8536 28.08 530.31 551.21 0.70 389.61
8537 27.83 206.55 133.79 0.70 407.08
8538 27.18 30.94 0.00 0.60 424.41
8539 26.80 0.00 0.00 0.70 424.30
8540 26.41 0.00 0.00 0.70 416.43
8541 26.03 0.00 0.00 0.80 416.43
8542 25.65 0.00 0.00 0.70 417.67
8543 25.27 0.00 0.00 0.70 416.66
8544 24.88 0.00 0.00 0.70 413.51
8545 24.44 0.00 0.00 0.70 410.75
8546 24.00 0.00 0.00 0.70 405.48
8547 23.56 0.00 0.00 0.70 402.95
8548 23.12 0.00 0.00 0.70 406.27
8549 23.11 0.00 0.00 0.60 402.78
8550 22.96 0.45 0.00 0.60 402.12
8551 23.89 62.21 38.45 0.40 402.86
8552 24.97 205.93 81.08 0.60 400.35
8553 26.14 367.95 147.22 0.60 393.21
8554 26.87 423.64 76.29 0.60 410.97
8555 27.77 544.97 124.67 0.60 397.97
8556 28.75 709.36 283.19 0.60 388.72
8557 29.35 670.61 228.36 0.50 392.84
8558 29.57 541.98 124.49 0.60 398.77
8559 28.96 241.01 10.01 0.60 426.35
8560 28.31 154.17 0.00 0.50 418.02
8561 27.61 91.76 0.00 0.60 417.63
8562 26.84 6.95 0.00 0.50 426.40
8563 26.41 0.00 0.00 0.60 424.28
8564 25.98 0.00 0.00 0.60 421.54
8565 25.55 0.00 0.00 0.70 414.81
8566 25.11 0.00 0.00 0.50 415.29
8567 24.68 0.00 0.00 0.50 411.83
8568 24.25 0.00 0.00 0.50 406.56
8569 23.84 0.00 0.00 0.30 403.48
8570 23.31 0.00 0.00 0.20 400.66
8571 22.78 0.00 0.00 0.40 396.18
8572 22.45 0.00 0.00 0.50 393.79
8573 22.13 0.00 0.00 0.30 390.27
8574 21.87 0.61 0.00 0.30 390.92
8575 23.07 90.21 248.78 0.30 395.57
8576 24.53 305.11 508.13 0.40 389.03
8577 26.02 528.11 632.77 0.50 389.03
8578 27.35 704.21 607.70 0.70 388.05
8579 28.51 842.19 647.41 0.60 387.20
8580 29.38 897.65 641.81 0.80 386.09
8581 29.97 901.32 652.57 0.80 390.28
8582 30.26 836.86 641.57 0.80 394.97
8583 30.21 682.99 581.10 0.80 399.25
8584 29.72 494.54 522.40 1.20 400.89
8585 28.81 282.11 444.90 1.20 404.58
8586 27.62 83.40 253.19 1.20 411.54
8587 26.84 0.00 0.00 0.70 408.22
8588 26.06 0.00 0.00 0.50 406.76
8589 25.28 0.00 0.00 0.40 401.50
8590 24.50 0.00 0.00 0.60 397.92
8591 23.72 0.00 0.00 0.40 393.61
8592 22.94 0.00 0.00 0.50 391.10
8593 22.75 0.00 0.00 0.40 390.05
8594 22.44 0.00 0.00 0.40 386.11
8595 22.13 0.00 0.00 0.70 388.74
8596 21.91 0.00 0.00 0.60 389.94
8597 21.70 0.00 0.00 0.30 388.43
8598 21.52 0.65 0.00 0.30 387.12
8599 22.75 91.82 271.16 0.50 394.31
8600 24.23 308.57 534.15 0.50 393.69
8601 25.77 539.88 679.64 0.70 394.05
8602 27.27 753.13 762.64 0.70 386.50
8603 28.48 875.54 719.22 1.20 390.49
8604 29.40 933.86 671.17 1.20 393.45
8605 29.98 917.31 626.10 1.40 397.11
8606 30.26 850.24 631.60 1.71 397.09
8607 30.19 687.45 588.72 1.71 402.33
8608 29.67 501.02 546.44 2.01 404.12
8609 28.72 281.97 411.96 1.40 408.28
8610 27.50 82.27 214.98 1.40 414.73
8611 26.73 0.48 0.00 0.70 409.43
8612 25.97 0.00 0.00 0.60 412.17
8613 25.21 0.00 0.00 0.40 409.82
8614 24.44 0.00 0.00 0.40 406.51
8615 23.68 0.00 0.00 0.30 403.21
8616 22.92 0.00 0.00 0.30 402.51
8617 22.73 0.00 0.00 0.30 401.32
8618 22.45 0.00 0.00 0.30 399.60
8619 22.18 0.00 0.00 0.60 400.34
8620 21.99 0.00 0.00 0.70 400.20
8621 21.81 0.00 0.00 0.40 399.75
8622 21.65 0.35 0.00 0.50 399.49
8623 22.37 56.30 25.79 0.50 404.62
8624 23.29 196.26 74.78 0.60 403.86
8625 24.65 426.76 279.37 0.70 396.22
8626 25.66 530.60 207.96 0.80 395.25
8627 25.84 398.82 45.46 0.80 408.78
8628 26.38 583.23 132.50 1.00 403.49
8629 27.04 726.79 318.74 1.20 396.15
8630 27.77 873.43 647.48 1.40 385.56
8631 28.18 783.19 781.79 1.40 385.54
8632 27.99 467.76 361.18 1.40 399.49
8633 27.23 207.94 112.93 1.40 410.05
8634 26.29 62.94 49.93 1.40 414.09
8635 25.70 0.55 0.00 1.00 411.47
8636 25.10 0.00 0.00 0.80 412.96
8637 24.51 0.00 0.00 0.70 409.92
8638 23.92 0.00 0.00 0.70 408.44
8639 23.32 0.00 0.00 0.60 403.78
8640 22.73 0.00 0.00 0.50 399.15
8641 22.57 0.00 0.00 0.40 397.21
8642 22.34 0.00 0.00 0.30 393.63
8643 22.12 0.00 0.00 0.50 391.75
8644 21.97 0.00 0.00 0.40 390.62
8645 21.82 0.00 0.00 0.20 388.75
8646 21.70 0.00 0.00 0.20 387.04
8647 23.30 94.67 250.82 0.10 394.07
8648 25.25 323.71 532.76 0.20 391.97
8649 27.36 578.68 722.56 0.20 391.59
8650 28.87 688.53 544.16 0.20 393.66
8651 29.94 746.46 388.54 0.30 399.95
8652 29.39 323.42 30.72 0.30 426.07
8653 29.01 334.61 32.63 0.30 425.16
8654 29.76 816.09 483.49 0.40 396.42
8655 29.32 378.39 68.54 0.50 415.25
8656 28.83 335.36 117.23 0.50 410.23
8657 28.41 333.20 525.64 0.30 390.67
8658 27.46 101.54 268.25 0.40 395.93
8659 27.07 0.72 0.00 0.30 395.30
8660 26.69 0.00 0.00 0.30 398.93
8661 26.30 0.00 0.00 0.30 402.20
8662 25.91 0.00 0.00 0.30 405.70
8663 25.52 0.00 0.00 0.30 403.96
8664 25.13 0.00 0.00 0.30 405.43
8665 25.09 0.00 0.00 0.40 407.79
8666 25.06 0.00 0.00 0.50 408.55
8667 25.02 0.00 0.00 0.60 413.76
8668 24.79 0.00 0.00 0.50 419.55
8669 25.00 0.00 0.00 0.50 423.11
8670 25.00 0.00 0.00 0.60 427.15
8671 25.47 25.40 0.00 0.60 430.91
8672 26.22 110.22 0.00 0.60 426.83
8673 26.69 147.11 0.00 0.70 431.64
8674 26.23 197.41 4.11 0.60 435.04
8675 27.70 256.28 2.20 0.70 433.93
8676 27.90 314.82 9.89 0.70 437.34
8677 28.58 289.06 7.03 0.60 437.94
8678 28.73 252.78 2.15 0.40 438.17
8679 28.67 179.78 2.06 0.40 440.13
8680 28.51 151.02 0.00 0.30 437.55
8681 28.13 85.79 0.00 0.20 437.94
8682 25.83 20.20 0.00 0.20 439.80
8683 26.79 0.18 0.00 0.20 439.66
8684 26.94 0.00 0.00 0.10 437.11
8685 26.42 0.00 0.00 0.10 438.92
8686 26.25 0.00 0.00 0.00 437.34
8687 25.47 0.00 0.00 0.00 435.51
8688 25.40 0.00 0.00 0.00 433.73
8689 25.16 0.00 0.00 0.00 432.93
8690 24.74 0.00 0.00 0.10 429.95
8691 24.32 0.00 0.00 0.10 426.98
8692 24.11 0.00 0.00 0.00 425.35
8693 23.90 0.00 0.00 0.00 423.73
8694 23.76 0.00 0.00 0.10 422.56
8695 24.16 27.90 0.00 0.10 424.78
8696 25.75 250.63 251.16 0.10 408.62
8697 26.97 397.23 211.15 0.10 410.99
8698 27.77 450.27 101.63 0.20 415.01
8699 28.67 598.76 184.86 0.10 408.91
8700 28.91 472.90 60.72 0.10 426.44
8701 29.52 634.89 211.72 0.10 408.77
8702 29.31 347.25 17.02 0.20 434.87
8703 28.66 215.52 6.87 0.10 440.12
8704 27.59 84.09 0.00 0.10 443.54
8705 27.34 25.39 0.00 0.10 443.46
8706 26.83 7.87 0.00 0.00 443.23
8707 26.41 0.09 0.00 0.00 438.00
8708 25.99 0.00 0.00 0.00 436.48
8709 25.58 0.00 0.00 0.00 430.28
8710 25.16 0.00 0.00 0.00 425.82
8711 24.75 0.00 0.00 0.00 421.03
8712 24.33 0.00 0.00 0.00 415.57
8713 23.91 0.00 0.00 0.00 412.06
8714 23.37 0.00 0.00 0.00 407.98
8715 22.82 0.00 0.00 0.00 403.17
8716 22.49 0.00 0.00 0.00 397.65
8717 22.16 0.00 0.00 0.00 391.85
8718 21.90 0.00 0.00 0.00 385.51
8719 22.94 81.57 250.09 0.00 388.28
8720 24.05 253.69 313.14 0.00 388.61
8721 25.38 472.43 436.68 0.10 386.74
8722 26.75 687.57 576.61 0.10 380.33
8723 27.97 841.59 627.24 0.20 378.61
8724 28.70 825.88 492.53 0.30 388.71
8725 29.22 838.22 540.19 0.40 390.39
8726 29.42 753.43 424.79 0.40 391.42
8727 29.32 606.89 349.45 0.50 394.26
8728 28.80 430.88 267.00 0.50 394.88
8729 27.97 258.98 281.01 0.30 394.83
8730 26.90 81.08 161.34 0.40 400.96
8731 26.19 1.06 0.00 0.30 397.30
8732 25.47 0.00 0.00 0.20 395.67
8733 24.75 0.00 0.00 0.20 396.62
8734 24.04 0.00 0.00 0.20 394.83
8735 23.32 0.00 0.00 0.10 395.17
8736 22.61 0.00 0.00 0.20 394.81
8737 22.47 0.00 0.00 0.10 392.61
8738 22.22 0.00 0.00 0.10 392.52
8739 21.96 0.00 0.00 0.20 392.34
8740 21.77 0.00 0.00 0.10 388.86
8741 21.59 0.00 0.00 0.00 389.29
8742 21.42 0.00 0.00 0.10 388.07
8743 22.34 80.98 280.05 0.00 392.54
8744 23.53 283.84 479.33 0.10 390.47
8745 24.84 515.09 636.15 0.10 389.79
8746 26.02 697.94 610.69 0.10 387.44
8747 27.07 849.88 635.83 0.20 390.85
8748 27.92 939.10 670.91 0.20 389.71
8749 28.37 871.42 565.56 0.30 392.18
8750 28.59 814.95 549.95 0.50 391.82
8751 28.51 663.37 499.43 0.60 395.09
8752 28.06 480.70 419.43 0.40 395.97
8753 27.20 250.08 175.60 0.30 401.06
8754 26.16 82.02 179.31 0.30 407.65
8755 24.98 1.09 0.00 0.20 402.45
8756 23.79 0.00 0.00 0.10 400.75
8757 22.60 0.00 0.00 0.10 397.07
8758 21.42 0.00 0.00 0.10 392.16
8759 21.79 0.00 0.00 0.00 394.45
8760 21.79 0.00 0.00 0.10 394.45
